family,chosen,d,c,val_err,test_err,top,top_c1,setting,wavelet,rule,rep,n,m,n_outliers
W-NN,W-NN:k=3,8,,0.08,0.152,88 72 103 79 111 118 114 36 113 102 71 81 117 105 86 119 78 112 116 38,88 72 103 79 111 118 114 36 113 102 71 81 117 105 86 119 78 112 116 38,simulation,db4,energy,0,50,50,0
W-QDA,W-QDA:qda,7,,0.06,0.074,88 72 103 79 111 118 114 36 113 102 71 81 117 105 86 119 78 112 116 38,88 72 103 79 111 118 114 36 113 102 71 81 117 105 86 119 78 112 116 38,simulation,db4,energy,0,50,50,0
W-CART,W-CART:cart,42,,0.06,0.138,88 72 103 79 111 118 114 36 113 102 71 81 117 105 86 119 78 112 116 38,88 72 103 79 111 118 114 36 113 102 71 81 117 105 86 119 78 112 116 38,simulation,db4,energy,0,50,50,0
ALL,W-QDA:qda,7,,0.06,0.074,88 72 103 79 111 118 114 36 113 102 71 81 117 105 86 119 78 112 116 38,88 72 103 79 111 118 114 36 113 102 71 81 117 105 86 119 78 112 116 38,simulation,db4,energy,0,50,50,0
W-NN,W-NN:k=1,3,3.0,0.14,0.288,114 111 113 76 78 79 115 117 74 82 116 75 77 109 112 80 81 83 108 118,111 79 80 112 74 77 81 116 76 109 110 117 75 113 114 78 82 115 83 108,simulation,db4,usage,0,50,50,0
W-QDA,W-QDA:qda,5,1.5,0.14,0.086,109 111 117 74 76 77 81 112 114 79 75 110 115 80 108 116 78 82 83 113,111 79 80 112 74 77 81 116 76 109 110 117 75 113 114 78 82 115 83 108,simulation,db4,usage,0,50,50,0
W-CART,W-CART:cart,32,3.0,0.04,0.108,114 111 113 76 78 79 115 117 74 82 116 75 77 109 112 80 81 83 108 118,111 79 80 112 74 77 81 116 76 109 110 117 75 113 114 78 82 115 83 108,simulation,db4,usage,0,50,50,0
ALL,W-CART:cart,32,3.0,0.04,0.108,114 111 113 76 78 79 115 117 74 82 116 75 77 109 112 80 81 83 108 118,111 79 80 112 74 77 81 116 76 109 110 117 75 113 114 78 82 115 83 108,simulation,db4,usage,0,50,50,0
W-NN,W-NN:k=1,18,,0.08,0.156,115 82 114 78 81 110 80 111 77 75 109 38 74 79 76 113 116 86 112 39,115 82 114 78 81 110 80 111 77 75 109 38 74 79 76 113 116 86 112 39,simulation,db4,energy,1,50,50,0
W-QDA,W-QDA:qda,6,,0.14,0.144,115 82 114 78 81 110 80 111 77 75 109 38 74 79 76 113 116 86 112 39,115 82 114 78 81 110 80 111 77 75 109 38 74 79 76 113 116 86 112 39,simulation,db4,energy,1,50,50,0
W-CART,W-CART:cart,22,,0.1,0.116,115 82 114 78 81 110 80 111 77 75 109 38 74 79 76 113 116 86 112 39,115 82 114 78 81 110 80 111 77 75 109 38 74 79 76 113 116 86 112 39,simulation,db4,energy,1,50,50,0
ALL,W-NN:k=1,18,,0.08,0.156,115 82 114 78 81 110 80 111 77 75 109 38 74 79 76 113 116 86 112 39,115 82 114 78 81 110 80 111 77 75 109 38 74 79 76 113 116 86 112 39,simulation,db4,energy,1,50,50,0
W-NN,W-NN:k=1,32,0.5,0.04,0.154,113 78 79 111 80 110 114 76 77 81 84 112 75 82 83 107 109 115 116 225,77 78 79 111 75 113 114 76 109 110 115 82 112 81 73 74 83 108 80 84,simulation,db4,usage,1,50,50,0
W-QDA,W-QDA:qda,6,2.0,0.16,0.11,77 78 75 76 110 74 80 109 115 81 111 113 114 117 73 112 79 108 116 118,77 78 79 111 75 113 114 76 109 110 115 82 112 81 73 74 83 108 80 84,simulation,db4,usage,1,50,50,0
W-CART,W-CART:cart,23,3.0,0.1,0.116,77 76 115 75 78 109 110 117 74 80 111 73 79 114 116 81 112 113 82 85,77 78 79 111 75 113 114 76 109 110 115 82 112 81 73 74 83 108 80 84,simulation,db4,usage,1,50,50,0
ALL,W-NN:k=1,32,0.5,0.04,0.154,113 78 79 111 80 110 114 76 77 81 84 112 75 82 83 107 109 115 116 225,77 78 79 111 75 113 114 76 109 110 115 82 112 81 73 74 83 108 80 84,simulation,db4,usage,1,50,50,0
W-NN,W-NN:k=1,12,,0.1,0.104,72 110 119 106 118 81 84 76 40 83 120 114 77 108 73 115 117 107 71 116,72 110 119 106 118 81 84 76 40 83 120 114 77 108 73 115 117 107 71 116,simulation,db4,energy,2,50,50,0
W-QDA,W-QDA:qda,17,,0.04,0.038,72 110 119 106 118 81 84 76 40 83 120 114 77 108 73 115 117 107 71 116,72 110 119 106 118 81 84 76 40 83 120 114 77 108 73 115 117 107 71 116,simulation,db4,energy,2,50,50,0
W-CART,W-CART:cart,17,,0.08,0.118,72 110 119 106 118 81 84 76 40 83 120 114 77 108 73 115 117 107 71 116,72 110 119 106 118 81 84 76 40 83 120 114 77 108 73 115 117 107 71 116,simulation,db4,energy,2,50,50,0
ALL,W-QDA:qda,17,,0.04,0.038,72 110 119 106 118 81 84 76 40 83 120 114 77 108 73 115 117 107 71 116,72 110 119 106 118 81 84 76 40 83 120 114 77 108 73 115 117 107 71 116,simulation,db4,energy,2,50,50,0
W-NN,W-NN:k=3,21,1.0,0.06,0.158,115 75 76 77 78 109 80 116 81 111 114 79 83 108 112 73 74 84 85 106,115 75 76 77 78 109 80 116 81 111 114 79 83 108 112 73 74 84 85 106,simulation,db4,usage,2,50,50,0
W-QDA,W-QDA:qda,23,0.5,0.02,0.068,115 76 77 75 74 78 80 81 113 116 114 111 112 117 82 109 85 79 83 84,115 75 76 77 78 109 80 116 81 111 114 79 83 108 112 73 74 84 85 106,simulation,db4,usage,2,50,50,0
W-CART,W-CART:cart,10,1.0,0.04,0.156,115 75 76 77 78 109 80 116 81 111 114 79 83 108 112 73 74 84 85 106,115 75 76 77 78 109 80 116 81 111 114 79 83 108 112 73 74 84 85 106,simulation,db4,usage,2,50,50,0
ALL,W-QDA:qda,23,0.5,0.02,0.068,115 76 77 75 74 78 80 81 113 116 114 111 112 117 82 109 85 79 83 84,115 75 76 77 78 109 80 116 81 111 114 79 83 108 112 73 74 84 85 106,simulation,db4,usage,2,50,50,0
W-NN,W-NN:k=1,5,,0.06,0.136,79 103 82 118 104 87 108 86 81 36 107 83 106 102 105 119 112 84 73 113,79 103 82 118 104 87 108 86 81 36 107 83 106 102 105 119 112 84 73 113,simulation,db4,energy,3,50,50,0
W-QDA,W-QDA:qda,6,,0.04,0.062,79 103 82 118 104 87 108 86 81 36 107 83 106 102 105 119 112 84 73 113,79 103 82 118 104 87 108 86 81 36 107 83 106 102 105 119 112 84 73 113,simulation,db4,energy,3,50,50,0
W-CART,W-CART:cart,7,,0.02,0.138,79 103 82 118 104 87 108 86 81 36 107 83 106 102 105 119 112 84 73 113,79 103 82 118 104 87 108 86 81 36 107 83 106 102 105 119 112 84 73 113,simulation,db4,energy,3,50,50,0
ALL,W-CART:cart,7,,0.02,0.138,79 103 82 118 104 87 108 86 81 36 107 83 106 102 105 119 112 84 73 113,79 103 82 118 104 87 108 86 81 36 107 83 106 102 105 119 112 84 73 113,simulation,db4,energy,3,50,50,0
W-NN,W-NN:k=5,12,0.5,0.04,0.166,111 80 109 83 84 110 78 108 112 113 114 79 85 86 77 81 106 107 76 82,84 110 108 109 78 80 83 81 86 115 85 107 111 112 114 79 82 113 77 87,simulation,db4,usage,3,50,50,0
W-QDA,W-QDA:qda,3,3.0,0.02,0.076,86 81 85 108 82 84 112 113 105 106 110 79 80 83 107 77 78 116 75 87,84 110 108 109 78 80 83 81 86 115 85 107 111 112 114 79 82 113 77 87,simulation,db4,usage,3,50,50,0
W-CART,W-CART:cart,5,3.0,0.04,0.096,86 81 85 108 82 84 112 113 105 106 110 79 80 83 107 77 78 116 75 87,84 110 108 109 78 80 83 81 86 115 85 107 111 112 114 79 82 113 77 87,simulation,db4,usage,3,50,50,0
ALL,W-QDA:qda,3,3.0,0.02,0.076,86 81 85 108 82 84 112 113 105 106 110 79 80 83 107 77 78 116 75 87,84 110 108 109 78 80 83 81 86 115 85 107 111 112 114 79 82 113 77 87,simulation,db4,usage,3,50,50,0
W-NN,W-NN:k=3,11,,0.04,0.158,86 39 111 107 112 116 106 114 110 55 76 58 87 75 74 79 38 82 81 37,86 39 111 107 112 116 106 114 110 55 76 58 87 75 74 79 38 82 81 37,simulation,db4,energy,4,50,50,0
W-QDA,W-QDA:qda,6,,0.02,0.068,86 39 111 107 112 116 106 114 110 55 76 58 87 75 74 79 38 82 81 37,86 39 111 107 112 116 106 114 110 55 76 58 87 75 74 79 38 82 81 37,simulation,db4,energy,4,50,50,0
W-CART,W-CART:cart,19,,0.08,0.112,86 39 111 107 112 116 106 114 110 55 76 58 87 75 74 79 38 82 81 37,86 39 111 107 112 116 106 114 110 55 76 58 87 75 74 79 38 82 81 37,simulation,db4,energy,4,50,50,0
ALL,W-QDA:qda,6,,0.02,0.068,86 39 111 107 112 116 106 114 110 55 76 58 87 75 74 79 38 82 81 37,86 39 111 107 112 116 106 114 110 55 76 58 87 75 74 79 38 82 81 37,simulation,db4,energy,4,50,50,0
W-NN,W-NN:k=5,22,3.0,0.04,0.116,79 80 112 114 78 106 75 77 81 84 110 71 107 109 113 116 117 118 76 83,80 78 79 81 77 112 114 110 113 76 115 75 84 116 82 83 109 111 106 74,simulation,db4,usage,4,50,50,0
W-QDA,W-QDA:qda,14,3.0,0.02,0.076,79 80 112 114 78 106 75 77 81 84 110 71 107 109 113 116 117 118 76 83,80 78 79 81 77 112 114 110 113 76 115 75 84 116 82 83 109 111 106 74,simulation,db4,usage,4,50,50,0
W-CART,W-CART:cart,13,0.5,0.08,0.168,78 79 110 113 114 77 80 81 76 112 82 111 75 109 83 115 116 155 157 74,80 78 79 81 77 112 114 110 113 76 115 75 84 116 82 83 109 111 106 74,simulation,db4,usage,4,50,50,0
ALL,W-QDA:qda,14,3.0,0.02,0.076,79 80 112 114 78 106 75 77 81 84 110 71 107 109 113 116 117 118 76 83,80 78 79 81 77 112 114 110 113 76 115 75 84 116 82 83 109 111 106 74,simulation,db4,usage,4,50,50,0
W-NN,W-NN:k=1,46,,0.02,0.134,86 112 109 211 79 82 80 159 105 83 108 78 43 117 115 166 74 72 118 52,86 112 109 211 79 82 80 159 105 83 108 78 43 117 115 166 74 72 118 52,simulation,db4,energy,5,50,50,0
W-QDA,W-QDA:qda,16,,0.04,0.088,86 112 109 211 79 82 80 159 105 83 108 78 43 117 115 166 74 72 118 52,86 112 109 211 79 82 80 159 105 83 108 78 43 117 115 166 74 72 118 52,simulation,db4,energy,5,50,50,0
W-CART,W-CART:cart,63,,0.08,0.154,86 112 109 211 79 82 80 159 105 83 108 78 43 117 115 166 74 72 118 52,86 112 109 211 79 82 80 159 105 83 108 78 43 117 115 166 74 72 118 52,simulation,db4,energy,5,50,50,0
ALL,W-NN:k=1,46,,0.02,0.134,86 112 109 211 79 82 80 159 105 83 108 78 43 117 115 166 74 72 118 52,86 112 109 211 79 82 80 159 105 83 108 78 43 117 115 166 74 72 118 52,simulation,db4,energy,5,50,50,0
W-NN,W-NN:k=3,23,3.0,0.04,0.146,76 75 78 116 108 109 113 114 117 73 79 80 110 118 81 82 83 85 86 105,75 116 78 109 112 115 117 74 76 80 83 114 79 108 77 85 107 111 82 84,simulation,db4,usage,5,50,50,0
W-QDA,W-QDA:qda,20,1.0,0.02,0.1,75 116 78 109 112 115 117 74 76 80 83 114 79 108 77 85 107 111 82 84,75 116 78 109 112 115 117 74 76 80 83 114 79 108 77 85 107 111 82 84,simulation,db4,usage,5,50,50,0
W-CART,W-CART:cart,6,0.5,0.02,0.196,75 76 78 80 114 74 77 79 82 83 108 109 110 111 116 117 85 112 115 118,75 116 78 109 112 115 117 74 76 80 83 114 79 108 77 85 107 111 82 84,simulation,db4,usage,5,50,50,0
ALL,W-CART:cart,6,0.5,0.02,0.196,75 76 78 80 114 74 77 79 82 83 108 109 110 111 116 117 85 112 115 118,75 116 78 109 112 115 117 74 76 80 83 114 79 108 77 85 107 111 82 84,simulation,db4,usage,5,50,50,0
W-NN,W-NN:k=1,3,,0.14,0.11,82 105 85 42 86 41 110 104 77 83 164 54 87 78 52 81 113 106 80 116,82 105 85 42 86 41 110 104 77 83 164 54 87 78 52 81 113 106 80 116,simulation,db4,energy,6,50,50,0
W-QDA,W-QDA:qda,3,,0.06,0.052,82 105 85 42 86 41 110 104 77 83 164 54 87 78 52 81 113 106 80 116,82 105 85 42 86 41 110 104 77 83 164 54 87 78 52 81 113 106 80 116,simulation,db4,energy,6,50,50,0
W-CART,W-CART:cart,8,,0.12,0.084,82 105 85 42 86 41 110 104 77 83 164 54 87 78 52 81 113 106 80 116,82 105 85 42 86 41 110 104 77 83 164 54 87 78 52 81 113 106 80 116,simulation,db4,energy,6,50,50,0
ALL,W-QDA:qda,3,,0.06,0.052,82 105 85 42 86 41 110 104 77 83 164 54 87 78 52 81 113 106 80 116,82 105 85 42 86 41 110 104 77 83 164 54 87 78 52 81 113 106 80 116,simulation,db4,energy,6,50,50,0
W-NN,W-NN:k=3,2,3.0,0.08,0.094,83 86 105 80 81 104 106 108 82 85 87 84 109 79 107 112 76 88 103 113,80 81 83 108 111 82 107 109 79 84 110 86 105 85 112 113 78 87 106 103,simulation,db4,usage,6,50,50,0
W-QDA,W-QDA:qda,2,3.0,0.06,0.08,83 86 105 80 81 104 106 108 82 85 87 84 109 79 107 112 76 88 103 113,80 81 83 108 111 82 107 109 79 84 110 86 105 85 112 113 78 87 106 103,simulation,db4,usage,6,50,50,0
W-CART,W-CART:cart,19,1.5,0.06,0.138,80 81 83 82 111 86 107 108 109 79 84 85 105 106 112 87 110 103 113 78,80 81 83 108 111 82 107 109 79 84 110 86 105 85 112 113 78 87 106 103,simulation,db4,usage,6,50,50,0
ALL,W-QDA:qda,2,3.0,0.06,0.08,83 86 105 80 81 104 106 108 82 85 87 84 109 79 107 112 76 88 103 113,80 81 83 108 111 82 107 109 79 84 110 86 105 85 112 113 78 87 106 103,simulation,db4,usage,6,50,50,0
W-NN,W-NN:k=5,3,,0.1,0.128,115 86 75 72 104 59 76 81 88 119 151 209 80 118 73 116 37 110 52 84,115 86 75 72 104 59 76 81 88 119 151 209 80 118 73 116 37 110 52 84,simulation,db4,energy,7,50,50,0
W-QDA,W-QDA:qda,20,,0.02,0.028,115 86 75 72 104 59 76 81 88 119 151 209 80 118 73 116 37 110 52 84,115 86 75 72 104 59 76 81 88 119 151 209 80 118 73 116 37 110 52 84,simulation,db4,energy,7,50,50,0
W-CART,W-CART:cart,47,,0.1,0.136,115 86 75 72 104 59 76 81 88 119 151 209 80 118 73 116 37 110 52 84,115 86 75 72 104 59 76 81 88 119 151 209 80 118 73 116 37 110 52 84,simulation,db4,energy,7,50,50,0
ALL,W-QDA:qda,20,,0.02,0.028,115 86 75 72 104 59 76 81 88 119 151 209 80 118 73 116 37 110 52 84,115 86 75 72 104 59 76 81 88 119 151 209 80 118 73 116 37 110 52 84,simulation,db4,energy,7,50,50,0
W-NN,W-NN:k=9,7,2.0,0.06,0.11,84 80 83 107 115 75 77 81 82 74 79 104 106 108 114 72 78 85 109 110,80 84 75 81 107 79 82 111 113 115 78 85 106 109 112 83 108 110 116 74,simulation,db4,usage,7,50,50,0
W-QDA,W-QDA:qda,19,1.5,0.02,0.032,84 75 80 115 83 107 78 82 104 110 113 114 72 74 77 79 81 86 106 108,80 84 75 81 107 79 82 111 113 115 78 85 106 109 112 83 108 110 116 74,simulation,db4,usage,7,50,50,0
W-CART,W-CART:cart,21,2.0,0.1,0.122,84 80 83 107 115 75 77 81 82 74 79 104 106 108 114 72 78 85 109 110,80 84 75 81 107 79 82 111 113 115 78 85 106 109 112 83 108 110 116 74,simulation,db4,usage,7,50,50,0
ALL,W-QDA:qda,19,1.5,0.02,0.032,84 75 80 115 83 107 78 82 104 110 113 114 72 74 77 79 81 86 106 108,80 84 75 81 107 79 82 111 113 115 78 85 106 109 112 83 108 110 116 74,simulation,db4,usage,7,50,50,0
W-NN,W-NN:k=3,1,,0.06,0.154,87 104 119 114 81 116 77 105 79 86 78 76 37 38 112 110 73 111 109 121,87 104 119 114 81 116 77 105 79 86 78 76 37 38 112 110 73 111 109 121,simulation,db4,energy,8,50,50,0
W-QDA,W-QDA:qda,3,,0.02,0.072,87 104 119 114 81 116 77 105 79 86 78 76 37 38 112 110 73 111 109 121,87 104 119 114 81 116 77 105 79 86 78 76 37 38 112 110 73 111 109 121,simulation,db4,energy,8,50,50,0
W-CART,W-CART:cart,2,,0.04,0.126,87 104 119 114 81 116 77 105 79 86 78 76 37 38 112 110 73 111 109 121,87 104 119 114 81 116 77 105 79 86 78 76 37 38 112 110 73 111 109 121,simulation,db4,energy,8,50,50,0
ALL,W-QDA:qda,3,,0.02,0.072,87 104 119 114 81 116 77 105 79 86 78 76 37 38 112 110 73 111 109 121,87 104 119 114 81 116 77 105 79 86 78 76 37 38 112 110 73 111 109 121,simulation,db4,energy,8,50,50,0
W-NN,W-NN:k=1,27,3.0,0.08,0.196,114 78 81 113 118 76 77 79 80 83 112 74 82 84 107 108 109 111 115 117,113 114 112 76 77 81 115 79 80 75 109 110 74 78 82 108 111 116 73 84,simulation,db4,usage,8,50,50,0
W-QDA,W-QDA:qda,10,3.0,0.02,0.102,114 78 81 113 118 76 77 79 80 83 112 74 82 84 107 108 109 111 115 117,113 114 112 76 77 81 115 79 80 75 109 110 74 78 82 108 111 116 73 84,simulation,db4,usage,8,50,50,0
W-CART,W-CART:cart,20,0.5,0.02,0.096,112 114 115 76 113 79 77 81 116 78 75 80 110 111 109 74 82 158 227 73,113 114 112 76 77 81 115 79 80 75 109 110 74 78 82 108 111 116 73 84,simulation,db4,usage,8,50,50,0
ALL,W-QDA:qda,10,3.0,0.02,0.102,114 78 81 113 118 76 77 79 80 83 112 74 82 84 107 108 109 111 115 117,113 114 112 76 77 81 115 79 80 75 109 110 74 78 82 108 111 116 73 84,simulation,db4,usage,8,50,50,0
W-NN,W-NN:k=1,14,,0.0,0.188,80 112 79 111 224 39 77 78 114 110 73 115 113 88 223 75 116 225 40 76,80 112 79 111 224 39 77 78 114 110 73 115 113 88 223 75 116 225 40 76,simulation,db4,energy,9,50,50,0
W-QDA,W-QDA:qda,14,,0.1,0.14,80 112 79 111 224 39 77 78 114 110 73 115 113 88 223 75 116 225 40 76,80 112 79 111 224 39 77 78 114 110 73 115 113 88 223 75 116 225 40 76,simulation,db4,energy,9,50,50,0
W-CART,W-CART:cart,11,,0.14,0.166,80 112 79 111 224 39 77 78 114 110 73 115 113 88 223 75 116 225 40 76,80 112 79 111 224 39 77 78 114 110 73 115 113 88 223 75 116 225 40 76,simulation,db4,energy,9,50,50,0
ALL,W-NN:k=1,14,,0.0,0.188,80 112 79 111 224 39 77 78 114 110 73 115 113 88 223 75 116 225 40 76,80 112 79 111 224 39 77 78 114 110 73 115 113 88 223 75 116 225 40 76,simulation,db4,energy,9,50,50,0
W-NN,W-NN:k=1,12,3.0,0.06,0.21,111 112 80 113 79 81 110 114 115 76 77 78 116 75 83 109 82 107 108 73,81 112 79 111 78 80 110 109 113 76 77 116 114 115 83 75 82 117 118 74,simulation,db4,usage,9,50,50,0
W-QDA,W-QDA:qda,12,0.5,0.12,0.194,79 112 80 81 111 109 110 113 78 108 114 115 227 76 77 116 75 107 223 83,81 112 79 111 78 80 110 109 113 76 77 116 114 115 83 75 82 117 118 74,simulation,db4,usage,9,50,50,0
W-CART,W-CART:cart,19,1.0,0.08,0.156,81 112 79 111 78 80 110 109 113 76 77 116 114 115 83 75 82 117 118 74,81 112 79 111 78 80 110 109 113 76 77 116 114 115 83 75 82 117 118 74,simulation,db4,usage,9,50,50,0
ALL,W-NN:k=1,12,3.0,0.06,0.21,111 112 80 113 79 81 110 114 115 76 77 78 116 75 83 109 82 107 108 73,81 112 79 111 78 80 110 109 113 76 77 116 114 115 83 75 82 117 118 74,simulation,db4,usage,9,50,50,0
W-NN,W-NN:k=5,18,,0.04,0.162,116 51 110 82 150 72 151 108 109 106 107 81 117 83 43 40 42 73 105 111,116 51 110 82 150 72 151 108 109 106 107 81 117 83 43 40 42 73 105 111,simulation,db4,energy,10,50,50,0
W-QDA,W-QDA:qda,10,,0.02,0.086,116 51 110 82 150 72 151 108 109 106 107 81 117 83 43 40 42 73 105 111,116 51 110 82 150 72 151 108 109 106 107 81 117 83 43 40 42 73 105 111,simulation,db4,energy,10,50,50,0
W-CART,W-CART:cart,15,,0.1,0.128,116 51 110 82 150 72 151 108 109 106 107 81 117 83 43 40 42 73 105 111,116 51 110 82 150 72 151 108 109 106 107 81 117 83 43 40 42 73 105 111,simulation,db4,energy,10,50,50,0
ALL,W-QDA:qda,10,,0.02,0.086,116 51 110 82 150 72 151 108 109 106 107 81 117 83 43 40 42 73 105 111,116 51 110 82 150 72 151 108 109 106 107 81 117 83 43 40 42 73 105 111,simulation,db4,energy,10,50,50,0
W-NN,W-NN:k=5,1,1.5,0.06,0.234,83 106 109 108 107 82 84 110 104 115 81 85 105 111 112 76 78 86 113 77,109 108 111 83 106 110 82 81 107 104 112 115 84 113 85 76 77 78 80 87,simulation,db4,usage,10,50,50,0
W-QDA,W-QDA:qda,1,2.0,0.02,0.152,106 107 83 84 109 82 108 104 110 81 105 111 115 76 85 113 78 79 77 87,109 108 111 83 106 110 82 81 107 104 112 115 84 113 85 76 77 78 80 87,simulation,db4,usage,10,50,50,0
W-CART,W-CART:cart,10,2.0,0.02,0.152,106 107 83 84 109 82 108 104 110 81 105 111 115 76 85 113 78 79 77 87,109 108 111 83 106 110 82 81 107 104 112 115 84 113 85 76 77 78 80 87,simulation,db4,usage,10,50,50,0
ALL,W-QDA:qda,1,2.0,0.02,0.152,106 107 83 84 109 82 108 104 110 81 105 111 115 76 85 113 78 79 77 87,109 108 111 83 106 110 82 81 107 104 112 115 84 113 85 76 77 78 80 87,simulation,db4,usage,10,50,50,0
W-NN,W-NN:k=3,2,,0.04,0.114,118 72 82 117 73 83 38 75 107 116 115 218 114 119 109 84 74 88 89 36,118 72 82 117 73 83 38 75 107 116 115 218 114 119 109 84 74 88 89 36,simulation,db4,energy,11,50,50,0
W-QDA,W-QDA:qda,9,,0.02,0.034,118 72 82 117 73 83 38 75 107 116 115 218 114 119 109 84 74 88 89 36,118 72 82 117 73 83 38 75 107 116 115 218 114 119 109 84 74 88 89 36,simulation,db4,energy,11,50,50,0
W-CART,W-CART:cart,42,,0.06,0.124,118 72 82 117 73 83 38 75 107 116 115 218 114 119 109 84 74 88 89 36,118 72 82 117 73 83 38 75 107 116 115 218 114 119 109 84 74 88 89 36,simulation,db4,energy,11,50,50,0
ALL,W-QDA:qda,9,,0.02,0.034,118 72 82 117 73 83 38 75 107 116 115 218 114 119 109 84 74 88 89 36,118 72 82 117 73 83 38 75 107 116 115 218 114 119 109 84 74 88 89 36,simulation,db4,energy,11,50,50,0
W-NN,W-NN:k=9,1,3.0,0.04,0.206,116 76 78 85 117 118 75 79 114 115 82 86 110 113 77 107 111 112 72 74,76 80 115 79 113 75 77 78 82 108 109 112 81 111 114 110 116 117 107 84,simulation,db4,usage,11,50,50,0
W-QDA,W-QDA:qda,8,0.5,0.04,0.112,76 80 81 82 115 108 109 114 75 113 77 78 83 84 107 111 112 79 110 116,76 80 115 79 113 75 77 78 82 108 109 112 81 111 114 110 116 117 107 84,simulation,db4,usage,11,50,50,0
W-CART,W-CART:cart,38,1.5,0.06,0.124,76 80 115 78 79 113 117 75 77 82 108 111 112 114 116 109 81 85 110 72,76 80 115 79 113 75 77 78 82 108 109 112 81 111 114 110 116 117 107 84,simulation,db4,usage,11,50,50,0
ALL,W-NN:k=9,1,3.0,0.04,0.206,116 76 78 85 117 118 75 79 114 115 82 86 110 113 77 107 111 112 72 74,76 80 115 79 113 75 77 78 82 108 109 112 81 111 114 110 116 117 107 84,simulation,db4,usage,11,50,50,0
W-NN,W-NN:k=5,6,,0.1,0.148,80 77 73 85 74 106 116 110 72 112 81 75 119 115 229 118 79 83 52 117,80 77 73 85 74 106 116 110 72 112 81 75 119 115 229 118 79 83 52 117,simulation,db4,energy,12,50,50,0
W-QDA,W-QDA:qda,4,,0.04,0.074,80 77 73 85 74 106 116 110 72 112 81 75 119 115 229 118 79 83 52 117,80 77 73 85 74 106 116 110 72 112 81 75 119 115 229 118 79 83 52 117,simulation,db4,energy,12,50,50,0
W-CART,W-CART:cart,6,,0.1,0.134,80 77 73 85 74 106 116 110 72 112 81 75 119 115 229 118 79 83 52 117,80 77 73 85 74 106 116 110 72 112 81 75 119 115 229 118 79 83 52 117,simulation,db4,energy,12,50,50,0
ALL,W-QDA:qda,4,,0.04,0.074,80 77 73 85 74 106 116 110 72 112 81 75 119 115 229 118 79 83 52 117,80 77 73 85 74 106 116 110 72 112 81 75 119 115 229 118 79 83 52 117,simulation,db4,energy,12,50,50,0
W-NN,W-NN:k=1,5,3.0,0.06,0.116,115 116 85 75 82 114 117 119 72 73 118 77 109 110 112 74 83 84 106 113,79 116 115 76 80 113 114 75 81 83 109 112 77 78 82 85 106 107 117 73,simulation,db4,usage,12,50,50,0
W-QDA,W-QDA:qda,11,2.0,0.0,0.076,116 115 109 75 83 114 79 82 85 112 117 72 74 76 80 81 107 108 118 119,79 116 115 76 80 113 114 75 81 83 109 112 77 78 82 85 106 107 117 73,simulation,db4,usage,12,50,50,0
W-CART,W-CART:cart,54,3.0,0.14,0.194,115 116 85 75 82 114 117 119 72 73 118 77 109 110 112 74 83 84 106 113,79 116 115 76 80 113 114 75 81 83 109 112 77 78 82 85 106 107 117 73,simulation,db4,usage,12,50,50,0
ALL,W-QDA:qda,11,2.0,0.0,0.076,116 115 109 75 83 114 79 82 85 112 117 72 74 76 80 81 107 108 118 119,79 116 115 76 80 113 114 75 81 83 109 112 77 78 82 85 106 107 117 73,simulation,db4,usage,12,50,50,0
W-NN,W-NN:k=1,56,,0.06,0.174,107 84 85 169 104 106 78 53 118 75 77 26 74 120 72 52 119 38 76 117,107 84 85 169 104 106 78 53 118 75 77 26 74 120 72 52 119 38 76 117,simulation,db4,energy,13,50,50,0
W-QDA,W-QDA:qda,20,,0.04,0.058,107 84 85 169 104 106 78 53 118 75 77 26 74 120 72 52 119 38 76 117,107 84 85 169 104 106 78 53 118 75 77 26 74 120 72 52 119 38 76 117,simulation,db4,energy,13,50,50,0
W-CART,W-CART:cart,46,,0.04,0.096,107 84 85 169 104 106 78 53 118 75 77 26 74 120 72 52 119 38 76 117,107 84 85 169 104 106 78 53 118 75 77 26 74 120 72 52 119 38 76 117,simulation,db4,energy,13,50,50,0
ALL,W-QDA:qda,20,,0.04,0.058,107 84 85 169 104 106 78 53 118 75 77 26 74 120 72 52 119 38 76 117,107 84 85 169 104 106 78 53 118 75 77 26 74 120 72 52 119 38 76 117,simulation,db4,energy,13,50,50,0
W-NN,W-NN:k=1,3,1.5,0.1,0.286,79 76 77 112 78 117 75 111 110 113 74 84 114 83 80 81 107 109 115 116,75 112 76 77 78 79 111 80 115 108 110 113 116 81 114 117 74 83 84 109,simulation,db4,usage,13,50,50,0
W-QDA,W-QDA:qda,14,2.0,0.1,0.1,79 77 76 78 112 113 117 111 110 83 84 74 75 107 114 81 104 105 109 116,75 112 76 77 78 79 111 80 115 108 110 113 116 81 114 117 74 83 84 109,simulation,db4,usage,13,50,50,0
W-CART,W-CART:cart,15,3.0,0.04,0.104,79 77 76 78 113 117 75 83 111 114 74 110 112 80 105 119 72 73 82 104,75 112 76 77 78 79 111 80 115 108 110 113 116 81 114 117 74 83 84 109,simulation,db4,usage,13,50,50,0
ALL,W-CART:cart,15,3.0,0.04,0.104,79 77 76 78 113 117 75 83 111 114 74 110 112 80 105 119 72 73 82 104,75 112 76 77 78 79 111 80 115 108 110 113 116 81 114 117 74 83 84 109,simulation,db4,usage,13,50,50,0
W-NN,W-NN:k=7,3,,0.08,0.126,78 107 116 74 103 71 112 113 106 108 119 118 84 120 109 53 86 73 226 225,78 107 116 74 103 71 112 113 106 108 119 118 84 120 109 53 86 73 226 225,simulation,db4,energy,14,50,50,0
W-QDA,W-QDA:qda,5,,0.06,0.06,78 107 116 74 103 71 112 113 106 108 119 118 84 120 109 53 86 73 226 225,78 107 116 74 103 71 112 113 106 108 119 118 84 120 109 53 86 73 226 225,simulation,db4,energy,14,50,50,0
W-CART,W-CART:cart,13,,0.08,0.114,78 107 116 74 103 71 112 113 106 108 119 118 84 120 109 53 86 73 226 225,78 107 116 74 103 71 112 113 106 108 119 118 84 120 109 53 86 73 226 225,simulation,db4,energy,14,50,50,0
ALL,W-QDA:qda,5,,0.06,0.06,78 107 116 74 103 71 112 113 106 108 119 118 84 120 109 53 86 73 226 225,78 107 116 74 103 71 112 113 106 108 119 118 84 120 109 53 86 73 226 225,simulation,db4,energy,14,50,50,0
W-NN,W-NN:k=1,25,1.5,0.02,0.12,78 82 112 84 108 113 73 74 83 116 106 107 76 110 111 117 77 105 109 115,74 82 75 78 83 110 112 113 73 77 108 111 116 76 81 84 107 114 118 85,simulation,db4,usage,14,50,50,0
W-QDA,W-QDA:qda,12,1.0,0.0,0.044,74 82 75 78 83 110 112 113 73 77 108 111 116 76 81 84 107 114 118 85,74 82 75 78 83 110 112 113 73 77 108 111 116 76 81 84 107 114 118 85,simulation,db4,usage,14,50,50,0
W-CART,W-CART:cart,9,1.0,0.04,0.114,74 82 75 78 83 110 112 113 73 77 108 111 116 76 81 84 107 114 118 85,74 82 75 78 83 110 112 113 73 77 108 111 116 76 81 84 107 114 118 85,simulation,db4,usage,14,50,50,0
ALL,W-QDA:qda,12,1.0,0.0,0.044,74 82 75 78 83 110 112 113 73 77 108 111 116 76 81 84 107 114 118 85,74 82 75 78 83 110 112 113 73 77 108 111 116 76 81 84 107 114 118 85,simulation,db4,usage,14,50,50,0
W-NN,W-NN:k=1,13,,0.1,0.166,110 115 81 163 162 109 40 221 77 52 84 107 82 83 108 76 41 106 87 75,110 115 81 163 162 109 40 221 77 52 84 107 82 83 108 76 41 106 87 75,simulation,db4,energy,15,50,50,0
W-QDA,W-QDA:qda,2,,0.24,0.192,110 115 81 163 162 109 40 221 77 52 84 107 82 83 108 76 41 106 87 75,110 115 81 163 162 109 40 221 77 52 84 107 82 83 108 76 41 106 87 75,simulation,db4,energy,15,50,50,0
W-CART,W-CART:cart,12,,0.08,0.128,110 115 81 163 162 109 40 221 77 52 84 107 82 83 108 76 41 106 87 75,110 115 81 163 162 109 40 221 77 52 84 107 82 83 108 76 41 106 87 75,simulation,db4,energy,15,50,50,0
ALL,W-CART:cart,12,,0.08,0.128,110 115 81 163 162 109 40 221 77 52 84 107 82 83 108 76 41 106 87 75,110 115 81 163 162 109 40 221 77 52 84 107 82 83 108 76 41 106 87 75,simulation,db4,energy,15,50,50,0
W-NN,W-NN:k=1,35,3.0,0.06,0.158,109 83 108 110 111 107 81 78 82 84 85 106 79 80 86 87 105 112 115 77,110 109 80 82 84 108 111 79 83 107 112 77 78 81 105 106 114 163 85 86,simulation,db4,usage,15,50,50,0
W-QDA,W-QDA:qda,6,2.0,0.14,0.174,109 108 111 78 82 83 107 110 81 86 79 84 85 104 106 112 80 114 105 74,110 109 80 82 84 108 111 79 83 107 112 77 78 81 105 106 114 163 85 86,simulation,db4,usage,15,50,50,0
W-CART,W-CART:cart,15,2.0,0.04,0.13,109 108 111 78 82 83 107 110 81 86 79 84 85 104 106 112 80 114 105 74,110 109 80 82 84 108 111 79 83 107 112 77 78 81 105 106 114 163 85 86,simulation,db4,usage,15,50,50,0
ALL,W-CART:cart,15,2.0,0.04,0.13,109 108 111 78 82 83 107 110 81 86 79 84 85 104 106 112 80 114 105 74,110 109 80 82 84 108 111 79 83 107 112 77 78 81 105 106 114 163 85 86,simulation,db4,usage,15,50,50,0
W-NN,W-NN:k=1,64,,0.06,0.176,117 114 37 235 115 108 80 111 18 79 104 112 36 74 109 75 82 116 83 107,117 114 37 235 115 108 80 111 18 79 104 112 36 74 109 75 82 116 83 107,simulation,db4,energy,16,50,50,0
W-QDA,W-QDA:qda,19,,0.0,0.052,117 114 37 235 115 108 80 111 18 79 104 112 36 74 109 75 82 116 83 107,117 114 37 235 115 108 80 111 18 79 104 112 36 74 109 75 82 116 83 107,simulation,db4,energy,16,50,50,0
W-CART,W-CART:cart,36,,0.06,0.108,117 114 37 235 115 108 80 111 18 79 104 112 36 74 109 75 82 116 83 107,117 114 37 235 115 108 80 111 18 79 104 112 36 74 109 75 82 116 83 107,simulation,db4,energy,16,50,50,0
ALL,W-QDA:qda,19,,0.0,0.052,117 114 37 235 115 108 80 111 18 79 104 112 36 74 109 75 82 116 83 107,117 114 37 235 115 108 80 111 18 79 104 112 36 74 109 75 82 116 83 107,simulation,db4,energy,16,50,50,0
W-NN,W-NN:k=3,48,1.5,0.02,0.206,81 111 117 78 79 113 115 82 110 112 73 75 76 80 116 74 108 109 114 77,78 111 112 77 79 81 110 115 76 80 82 113 116 117 74 108 109 114 75 73,simulation,db4,usage,16,50,50,0
W-QDA,W-QDA:qda,21,0.5,0.02,0.096,112 78 114 79 81 111 113 77 110 80 109 76 82 115 83 116 74 75 107 108,78 111 112 77 79 81 110 115 76 80 82 113 116 117 74 108 109 114 75 73,simulation,db4,usage,16,50,50,0
W-CART,W-CART:cart,20,3.0,0.04,0.102,115 116 79 75 80 81 110 113 117 78 111 114 74 76 82 106 77 109 112 118,78 111 112 77 79 81 110 115 76 80 82 113 116 117 74 108 109 114 75 73,simulation,db4,usage,16,50,50,0
ALL,W-QDA:qda,21,0.5,0.02,0.096,112 78 114 79 81 111 113 77 110 80 109 76 82 115 83 116 74 75 107 108,78 111 112 77 79 81 110 115 76 80 82 113 116 117 74 108 109 114 75 73,simulation,db4,usage,16,50,50,0
W-NN,W-NN:k=3,16,,0.12,0.194,116 111 39 110 106 105 80 108 81 117 82 40 112 75 79 74 84 71 119 36,116 111 39 110 106 105 80 108 81 117 82 40 112 75 79 74 84 71 119 36,simulation,db4,energy,17,50,50,0
W-QDA,W-QDA:qda,17,,0.04,0.05,116 111 39 110 106 105 80 108 81 117 82 40 112 75 79 74 84 71 119 36,116 111 39 110 106 105 80 108 81 117 82 40 112 75 79 74 84 71 119 36,simulation,db4,energy,17,50,50,0
W-CART,W-CART:cart,19,,0.04,0.088,116 111 39 110 106 105 80 108 81 117 82 40 112 75 79 74 84 71 119 36,116 111 39 110 106 105 80 108 81 117 82 40 112 75 79 74 84 71 119 36,simulation,db4,energy,17,50,50,0
ALL,W-QDA:qda,17,,0.04,0.05,116 111 39 110 106 105 80 108 81 117 82 40 112 75 79 74 84 71 119 36,116 111 39 110 106 105 80 108 81 117 82 40 112 75 79 74 84 71 119 36,simulation,db4,energy,17,50,50,0
W-NN,W-NN:k=1,2,3.0,0.1,0.098,75 117 118 77 116 80 110 115 76 109 113 114 74 79 82 108 57 73 106 111,79 80 112 78 81 108 110 111 117 76 77 75 113 114 116 109 118 73 82 83,simulation,db4,usage,17,50,50,0
W-QDA,W-QDA:qda,2,3.0,0.02,0.084,75 117 118 77 116 80 110 115 76 109 113 114 74 79 82 108 57 73 106 111,79 80 112 78 81 108 110 111 117 76 77 75 113 114 116 109 118 73 82 83,simulation,db4,usage,17,50,50,0
W-CART,W-CART:cart,22,3.0,0.04,0.088,75 117 118 77 116 80 110 115 76 109 113 114 74 79 82 108 57 73 106 111,79 80 112 78 81 108 110 111 117 76 77 75 113 114 116 109 118 73 82 83,simulation,db4,usage,17,50,50,0
ALL,W-QDA:qda,2,3.0,0.02,0.084,75 117 118 77 116 80 110 115 76 109 113 114 74 79 82 108 57 73 106 111,79 80 112 78 81 108 110 111 117 76 77 75 113 114 116 109 118 73 82 83,simulation,db4,usage,17,50,50,0
W-NN,W-NN:k=5,3,,0.06,0.146,73 54 83 72 119 116 117 79 115 118 74 88 107 108 53 75 111 39 81 103,73 54 83 72 119 116 117 79 115 118 74 88 107 108 53 75 111 39 81 103,simulation,db4,energy,18,50,50,0
W-QDA,W-QDA:qda,20,,0.06,0.07,73 54 83 72 119 116 117 79 115 118 74 88 107 108 53 75 111 39 81 103,73 54 83 72 119 116 117 79 115 118 74 88 107 108 53 75 111 39 81 103,simulation,db4,energy,18,50,50,0
W-CART,W-CART:cart,36,,0.18,0.142,73 54 83 72 119 116 117 79 115 118 74 88 107 108 53 75 111 39 81 103,73 54 83 72 119 116 117 79 115 118 74 88 107 108 53 75 111 39 81 103,simulation,db4,energy,18,50,50,0
ALL,W-NN:k=5,3,,0.06,0.146,73 54 83 72 119 116 117 79 115 118 74 88 107 108 53 75 111 39 81 103,73 54 83 72 119 116 117 79 115 118 74 88 107 108 53 75 111 39 81 103,simulation,db4,energy,18,50,50,0
W-NN,W-NN:k=5,14,1.5,0.1,0.176,112 114 113 80 110 111 75 78 82 83 106 116 74 76 77 79 81 107 118 84,111 112 113 79 110 114 78 81 77 80 116 106 75 82 107 83 108 118 73 74,simulation,db4,usage,18,50,50,0
W-QDA,W-QDA:qda,15,1.5,0.02,0.058,112 114 113 80 110 111 75 78 82 83 106 116 74 76 77 79 81 107 118 84,111 112 113 79 110 114 78 81 77 80 116 106 75 82 107 83 108 118 73 74,simulation,db4,usage,18,50,50,0
W-CART,W-CART:cart,34,0.5,0.1,0.122,112 111 79 113 80 81 110 77 82 114 115 78 117 76 106 116 83 108 75 107,111 112 113 79 110 114 78 81 77 80 116 106 75 82 107 83 108 118 73 74,simulation,db4,usage,18,50,50,0
ALL,W-QDA:qda,15,1.5,0.02,0.058,112 114 113 80 110 111 75 78 82 83 106 116 74 76 77 79 81 107 118 84,111 112 113 79 110 114 78 81 77 80 116 106 75 82 107 83 108 118 73 74,simulation,db4,usage,18,50,50,0
W-NN,W-NN:k=1,4,,0.06,0.122,102 88 87 107 84 179 83 104 103 115 178 75 85 114 101 105 108 89 37 106,102 88 87 107 84 179 83 104 103 115 178 75 85 114 101 105 108 89 37 106,simulation,db4,energy,19,50,50,0
W-QDA,W-QDA:qda,3,,0.06,0.104,102 88 87 107 84 179 83 104 103 115 178 75 85 114 101 105 108 89 37 106,102 88 87 107 84 179 83 104 103 115 178 75 85 114 101 105 108 89 37 106,simulation,db4,energy,19,50,50,0
W-CART,W-CART:cart,5,,0.12,0.202,102 88 87 107 84 179 83 104 103 115 178 75 85 114 101 105 108 89 37 106,102 88 87 107 84 179 83 104 103 115 178 75 85 114 101 105 108 89 37 106,simulation,db4,energy,19,50,50,0
ALL,W-QDA:qda,3,,0.06,0.104,102 88 87 107 84 179 83 104 103 115 178 75 85 114 101 105 108 89 37 106,102 88 87 107 84 179 83 104 103 115 178 75 85 114 101 105 108 89 37 106,simulation,db4,energy,19,50,50,0
W-NN,W-NN:k=1,58,2.0,0.06,0.15,79 81 108 80 84 85 87 105 106 107 110 83 104 111 75 77 86 88 78 116,79 81 85 107 108 83 78 80 105 110 112 115 76 77 84 106 111 82 86 113,simulation,db4,usage,19,50,50,0
W-QDA,W-QDA:qda,7,1.5,0.06,0.12,79 81 108 76 80 84 110 111 77 78 106 107 85 87 105 109 82 83 86 104,79 81 85 107 108 83 78 80 105 110 112 115 76 77 84 106 111 82 86 113,simulation,db4,usage,19,50,50,0
W-CART,W-CART:cart,7,2.0,0.1,0.186,79 81 108 80 84 85 87 105 106 107 110 83 104 111 75 77 86 88 78 116,79 81 85 107 108 83 78 80 105 110 112 115 76 77 84 106 111 82 86 113,simulation,db4,usage,19,50,50,0
ALL,W-QDA:qda,7,1.5,0.06,0.12,79 81 108 76 80 84 110 111 77 78 106 107 85 87 105 109 82 83 86 104,79 81 85 107 108 83 78 80 105 110 112 115 76 77 84 106 111 82 86 113,simulation,db4,usage,19,50,50,0
W-NN,W-NN:k=1,33,,0.02,0.158,55 160 75 108 86 81 110 73 72 104 85 111 119 161 74 106 105 76 118 120,55 160 75 108 86 81 110 73 72 104 85 111 119 161 74 106 105 76 118 120,simulation,db4,energy,20,50,50,0
W-QDA,W-QDA:qda,15,,0.02,0.038,55 160 75 108 86 81 110 73 72 104 85 111 119 161 74 106 105 76 118 120,55 160 75 108 86 81 110 73 72 104 85 111 119 161 74 106 105 76 118 120,simulation,db4,energy,20,50,50,0
W-CART,W-CART:cart,22,,0.0,0.124,55 160 75 108 86 81 110 73 72 104 85 111 119 161 74 106 105 76 118 120,55 160 75 108 86 81 110 73 72 104 85 111 119 161 74 106 105 76 118 120,simulation,db4,energy,20,50,50,0
ALL,W-CART:cart,22,,0.0,0.124,55 160 75 108 86 81 110 73 72 104 85 111 119 161 74 106 105 76 118 120,55 160 75 108 86 81 110 73 72 104 85 111 119 161 74 106 105 76 118 120,simulation,db4,energy,20,50,50,0
W-NN,W-NN:k=1,3,3.0,0.04,0.104,85 76 117 72 78 79 86 116 119 75 77 81 105 106 107 108 112 118 82 104,111 80 75 79 109 110 112 116 78 76 81 85 108 83 107 113 115 74 82 84,simulation,db4,usage,20,50,50,0
W-QDA,W-QDA:qda,3,3.0,0.0,0.07,85 76 117 72 78 79 86 116 119 75 77 81 105 106 107 108 112 118 82 104,111 80 75 79 109 110 112 116 78 76 81 85 108 83 107 113 115 74 82 84,simulation,db4,usage,20,50,50,0
W-CART,W-CART:cart,21,3.0,0.0,0.128,85 76 117 72 78 79 86 116 119 75 77 81 105 106 107 108 112 118 82 104,111 80 75 79 109 110 112 116 78 76 81 85 108 83 107 113 115 74 82 84,simulation,db4,usage,20,50,50,0
ALL,W-QDA:qda,3,3.0,0.0,0.07,85 76 117 72 78 79 86 116 119 75 77 81 105 106 107 108 112 118 82 104,111 80 75 79 109 110 112 116 78 76 81 85 108 83 107 113 115 74 82 84,simulation,db4,usage,20,50,50,0
W-NN,W-NN:k=3,1,,0.04,0.15,103 106 42 105 115 53 113 111 112 107 108 87 76 82 85 104 110 114 73 86,103 106 42 105 115 53 113 111 112 107 108 87 76 82 85 104 110 114 73 86,simulation,db4,energy,21,50,50,0
W-QDA,W-QDA:qda,2,,0.04,0.064,103 106 42 105 115 53 113 111 112 107 108 87 76 82 85 104 110 114 73 86,103 106 42 105 115 53 113 111 112 107 108 87 76 82 85 104 110 114 73 86,simulation,db4,energy,21,50,50,0
W-CART,W-CART:cart,1,,0.08,0.192,103 106 42 105 115 53 113 111 112 107 108 87 76 82 85 104 110 114 73 86,103 106 42 105 115 53 113 111 112 107 108 87 76 82 85 104 110 114 73 86,simulation,db4,energy,21,50,50,0
ALL,W-NN:k=3,1,,0.04,0.15,103 106 42 105 115 53 113 111 112 107 108 87 76 82 85 104 110 114 73 86,103 106 42 105 115 53 113 111 112 107 108 87 76 82 85 104 110 114 73 86,simulation,db4,energy,21,50,50,0
W-NN,W-NN:k=1,3,3.0,0.08,0.11,78 105 107 104 106 111 79 81 82 110 114 83 108 77 85 103 109 112 74 76,107 77 84 108 79 80 106 110 111 112 76 78 81 82 83 105 109 114 113 116,simulation,db4,usage,21,50,50,0
W-QDA,W-QDA:qda,10,3.0,0.02,0.052,78 105 107 104 106 111 79 81 82 110 114 83 108 77 85 103 109 112 74 76,107 77 84 108 79 80 106 110 111 112 76 78 81 82 83 105 109 114 113 116,simulation,db4,usage,21,50,50,0
W-CART,W-CART:cart,11,2.0,0.08,0.118,108 107 81 82 78 83 106 111 79 84 104 77 105 112 85 87 110 113 114 76,107 77 84 108 79 80 106 110 111 112 76 78 81 82 83 105 109 114 113 116,simulation,db4,usage,21,50,50,0
ALL,W-QDA:qda,10,3.0,0.02,0.052,78 105 107 104 106 111 79 81 82 110 114 83 108 77 85 103 109 112 74 76,107 77 84 108 79 80 106 110 111 112 76 78 81 82 83 105 109 114 113 116,simulation,db4,usage,21,50,50,0
W-NN,W-NN:k=1,25,,0.02,0.104,105 112 116 44 79 74 84 117 115 71 106 119 72 73 120 102 85 75 35 118,105 112 116 44 79 74 84 117 115 71 106 119 72 73 120 102 85 75 35 118,simulation,db4,energy,22,50,50,0
W-QDA,W-QDA:qda,7,,0.02,0.048,105 112 116 44 79 74 84 117 115 71 106 119 72 73 120 102 85 75 35 118,105 112 116 44 79 74 84 117 115 71 106 119 72 73 120 102 85 75 35 118,simulation,db4,energy,22,50,50,0
W-CART,W-CART:cart,7,,0.04,0.108,105 112 116 44 79 74 84 117 115 71 106 119 72 73 120 102 85 75 35 118,105 112 116 44 79 74 84 117 115 71 106 119 72 73 120 102 85 75 35 118,simulation,db4,energy,22,50,50,0
ALL,W-QDA:qda,7,,0.02,0.048,105 112 116 44 79 74 84 117 115 71 106 119 72 73 120 102 85 75 35 118,105 112 116 44 79 74 84 117 115 71 106 119 72 73 120 102 85 75 35 118,simulation,db4,energy,22,50,50,0
W-NN,W-NN:k=1,54,1.5,0.04,0.112,73 115 118 117 72 74 76 77 116 71 75 78 79 112 114 120 121 113 70 84,76 112 115 118 73 114 116 117 72 77 74 79 78 113 70 75 108 110 119 120,simulation,db4,usage,22,50,50,0
W-QDA,W-QDA:qda,2,1.5,0.08,0.116,73 115 118 117 72 74 76 77 116 71 75 78 79 112 114 120 121 113 70 84,76 112 115 118 73 114 116 117 72 77 74 79 78 113 70 75 108 110 119 120,simulation,db4,usage,22,50,50,0
W-CART,W-CART:cart,8,2.0,0.04,0.114,115 117 72 73 74 118 76 77 78 114 116 71 75 120 121 112 113 119 70 84,76 112 115 118 73 114 116 117 72 77 74 79 78 113 70 75 108 110 119 120,simulation,db4,usage,22,50,50,0
ALL,W-CART:cart,8,2.0,0.04,0.114,115 117 72 73 74 118 76 77 78 114 116 71 75 120 121 112 113 119 70 84,76 112 115 118 73 114 116 117 72 77 74 79 78 113 70 75 108 110 119 120,simulation,db4,usage,22,50,50,0
W-NN,W-NN:k=3,13,,0.04,0.088,58 37 83 76 82 117 77 113 80 75 79 87 104 81 108 116 74 115 114 78,58 37 83 76 82 117 77 113 80 75 79 87 104 81 108 116 74 115 114 78,simulation,db4,energy,23,50,50,0
W-QDA,W-QDA:qda,13,,0.02,0.078,58 37 83 76 82 117 77 113 80 75 79 87 104 81 108 116 74 115 114 78,58 37 83 76 82 117 77 113 80 75 79 87 104 81 108 116 74 115 114 78,simulation,db4,energy,23,50,50,0
W-CART,W-CART:cart,42,,0.14,0.184,58 37 83 76 82 117 77 113 80 75 79 87 104 81 108 116 74 115 114 78,58 37 83 76 82 117 77 113 80 75 79 87 104 81 108 116 74 115 114 78,simulation,db4,energy,23,50,50,0
ALL,W-QDA:qda,13,,0.02,0.078,58 37 83 76 82 117 77 113 80 75 79 87 104 81 108 116 74 115 114 78,58 37 83 76 82 117 77 113 80 75 79 87 104 81 108 116 74 115 114 78,simulation,db4,energy,23,50,50,0
W-NN,W-NN:k=3,14,1.0,0.06,0.112,111 112 79 109 113 81 76 77 114 80 82 83 84 110 107 108 78 115 75 106,111 112 79 109 113 81 76 77 114 80 82 83 84 110 107 108 78 115 75 106,simulation,db4,usage,23,50,50,0
W-QDA,W-QDA:qda,15,1.0,0.04,0.084,111 112 79 109 113 81 76 77 114 80 82 83 84 110 107 108 78 115 75 106,111 112 79 109 113 81 76 77 114 80 82 83 84 110 107 108 78 115 75 106,simulation,db4,usage,23,50,50,0
W-CART,W-CART:cart,10,1.5,0.1,0.128,79 112 81 109 108 77 80 83 84 107 111 114 82 110 113 115 75 76 78 106,111 112 79 109 113 81 76 77 114 80 82 83 84 110 107 108 78 115 75 106,simulation,db4,usage,23,50,50,0
ALL,W-QDA:qda,15,1.0,0.04,0.084,111 112 79 109 113 81 76 77 114 80 82 83 84 110 107 108 78 115 75 106,111 112 79 109 113 81 76 77 114 80 82 83 84 110 107 108 78 115 75 106,simulation,db4,usage,23,50,50,0
W-NN,W-NN:k=1,45,,0.08,0.178,165 82 170 340 106 20 330 85 54 427 42 218 437 109 40 213 108 110 84 107,165 82 170 340 106 20 330 85 54 427 42 218 437 109 40 213 108 110 84 107,simulation,db4,energy,24,50,50,0
W-QDA,W-QDA:qda,8,,0.04,0.09,165 82 170 340 106 20 330 85 54 427 42 218 437 109 40 213 108 110 84 107,165 82 170 340 106 20 330 85 54 427 42 218 437 109 40 213 108 110 84 107,simulation,db4,energy,24,50,50,0
W-CART,W-CART:cart,58,,0.08,0.158,165 82 170 340 106 20 330 85 54 427 42 218 437 109 40 213 108 110 84 107,165 82 170 340 106 20 330 85 54 427 42 218 437 109 40 213 108 110 84 107,simulation,db4,energy,24,50,50,0
ALL,W-QDA:qda,8,,0.04,0.09,165 82 170 340 106 20 330 85 54 427 42 218 437 109 40 213 108 110 84 107,165 82 170 340 106 20 330 85 54 427 42 218 437 109 40 213 108 110 84 107,simulation,db4,energy,24,50,50,0
W-NN,W-NN:k=1,58,2.0,0.08,0.146,77 78 109 76 110 81 108 111 113 115 74 75 79 80 106 107 84 114 73 85,109 80 81 110 79 108 111 77 112 78 82 113 114 84 107 75 76 116 106 74,simulation,db4,usage,24,50,50,0
W-QDA,W-QDA:qda,16,0.5,0.0,0.102,79 112 109 111 81 110 108 78 80 83 113 114 75 82 84 163 76 77 107 159,109 80 81 110 79 108 111 77 112 78 82 113 114 84 107 75 76 116 106 74,simulation,db4,usage,24,50,50,0
W-CART,W-CART:cart,29,1.5,0.04,0.098,109 77 80 78 81 110 113 108 111 75 76 79 82 84 114 106 107 74 83 112,109 80 81 110 79 108 111 77 112 78 82 113 114 84 107 75 76 116 106 74,simulation,db4,usage,24,50,50,0
ALL,W-QDA:qda,16,0.5,0.0,0.102,79 112 109 111 81 110 108 78 80 83 113 114 75 82 84 163 76 77 107 159,109 80 81 110 79 108 111 77 112 78 82 113 114 84 107 75 76 116 106 74,simulation,db4,usage,24,50,50,0
W-NN,W-NN:k=3,25,,0.1,0.144,78 79 73 118 112 114 113 76 56 77 57 80 55 116 81 110 115 88 58 87,78 79 73 118 112 114 113 76 56 77 57 80 55 116 81 110 115 88 58 87,simulation,db4,energy,25,50,50,0
W-QDA,W-QDA:qda,4,,0.06,0.07,78 79 73 118 112 114 113 76 56 77 57 80 55 116 81 110 115 88 58 87,78 79 73 118 112 114 113 76 56 77 57 80 55 116 81 110 115 88 58 87,simulation,db4,energy,25,50,50,0
W-CART,W-CART:cart,8,,0.12,0.14,78 79 73 118 112 114 113 76 56 77 57 80 55 116 81 110 115 88 58 87,78 79 73 118 112 114 113 76 56 77 57 80 55 116 81 110 115 88 58 87,simulation,db4,energy,25,50,50,0
ALL,W-QDA:qda,4,,0.06,0.07,78 79 73 118 112 114 113 76 56 77 57 80 55 116 81 110 115 88 58 87,78 79 73 118 112 114 113 76 56 77 57 80 55 116 81 110 115 88 58 87,simulation,db4,energy,25,50,50,0
W-NN,W-NN:k=1,6,3.0,0.12,0.16,76 79 110 78 80 114 77 116 115 75 81 113 111 112 109 82 84 108 117 55,77 78 114 75 115 76 79 81 80 112 116 111 113 74 109 108 110 73 107 84,simulation,db4,usage,25,50,50,0
W-QDA,W-QDA:qda,6,1.0,0.16,0.196,77 78 114 75 115 76 79 81 80 112 116 111 113 74 109 108 110 73 107 84,77 78 114 75 115 76 79 81 80 112 116 111 113 74 109 108 110 73 107 84,simulation,db4,usage,25,50,50,0
W-CART,W-CART:cart,50,3.0,0.12,0.124,76 79 110 78 80 114 77 116 115 75 81 113 111 112 109 82 84 108 117 55,77 78 114 75 115 76 79 81 80 112 116 111 113 74 109 108 110 73 107 84,simulation,db4,usage,25,50,50,0
ALL,W-NN:k=1,6,3.0,0.12,0.16,76 79 110 78 80 114 77 116 115 75 81 113 111 112 109 82 84 108 117 55,77 78 114 75 115 76 79 81 80 112 116 111 113 74 109 108 110 73 107 84,simulation,db4,usage,25,50,50,0
W-NN,W-NN:k=3,1,,0.1,0.188,72 240 143 144 111 120 119 79 76 112 113 75 43 115 116 78 36 114 77 38,72 240 143 144 111 120 119 79 76 112 113 75 43 115 116 78 36 114 77 38,simulation,db4,energy,26,50,50,0
W-QDA,W-QDA:qda,9,,0.02,0.056,72 240 143 144 111 120 119 79 76 112 113 75 43 115 116 78 36 114 77 38,72 240 143 144 111 120 119 79 76 112 113 75 43 115 116 78 36 114 77 38,simulation,db4,energy,26,50,50,0
W-CART,W-CART:cart,13,,0.08,0.122,72 240 143 144 111 120 119 79 76 112 113 75 43 115 116 78 36 114 77 38,72 240 143 144 111 120 119 79 76 112 113 75 43 115 116 78 36 114 77 38,simulation,db4,energy,26,50,50,0
ALL,W-QDA:qda,9,,0.02,0.056,72 240 143 144 111 120 119 79 76 112 113 75 43 115 116 78 36 114 77 38,72 240 143 144 111 120 119 79 76 112 113 75 43 115 116 78 36 114 77 38,simulation,db4,energy,26,50,50,0
W-NN,W-NN:k=1,6,3.0,0.1,0.178,77 116 113 114 76 72 75 115 78 79 110 73 74 80 81 111 112 109 71 117,77 113 78 116 117 80 112 115 75 79 114 73 76 111 72 74 81 118 119 109,simulation,db4,usage,26,50,50,0
W-QDA,W-QDA:qda,5,1.0,0.06,0.11,77 113 78 116 117 80 112 115 75 79 114 73 76 111 72 74 81 118 119 109,77 113 78 116 117 80 112 115 75 79 114 73 76 111 72 74 81 118 119 109,simulation,db4,usage,26,50,50,0
W-CART,W-CART:cart,6,3.0,0.02,0.088,77 116 113 114 76 72 75 115 78 79 110 73 74 80 81 111 112 109 71 117,77 113 78 116 117 80 112 115 75 79 114 73 76 111 72 74 81 118 119 109,simulation,db4,usage,26,50,50,0
ALL,W-CART:cart,6,3.0,0.02,0.088,77 116 113 114 76 72 75 115 78 79 110 73 74 80 81 111 112 109 71 117,77 113 78 116 117 80 112 115 75 79 114 73 76 111 72 74 81 118 119 109,simulation,db4,usage,26,50,50,0
W-NN,W-NN:k=5,8,,0.04,0.106,77 114 78 117 107 106 42 85 112 76 105 37 75 115 113 74 227 118 111 84,77 114 78 117 107 106 42 85 112 76 105 37 75 115 113 74 227 118 111 84,simulation,db4,energy,27,50,50,0
W-QDA,W-QDA:qda,8,,0.02,0.062,77 114 78 117 107 106 42 85 112 76 105 37 75 115 113 74 227 118 111 84,77 114 78 117 107 106 42 85 112 76 105 37 75 115 113 74 227 118 111 84,simulation,db4,energy,27,50,50,0
W-CART,W-CART:cart,58,,0.04,0.116,77 114 78 117 107 106 42 85 112 76 105 37 75 115 113 74 227 118 111 84,77 114 78 117 107 106 42 85 112 76 105 37 75 115 113 74 227 118 111 84,simulation,db4,energy,27,50,50,0
ALL,W-QDA:qda,8,,0.02,0.062,77 114 78 117 107 106 42 85 112 76 105 37 75 115 113 74 227 118 111 84,77 114 78 117 107 106 42 85 112 76 105 37 75 115 113 74 227 118 111 84,simulation,db4,energy,27,50,50,0
W-NN,W-NN:k=1,36,0.5,0.02,0.146,80 108 76 81 111 113 114 79 112 107 109 110 115 77 82 83 78 219 84 165,79 80 108 109 114 75 81 110 112 76 82 107 111 115 77 83 113 117 74 105,simulation,db4,usage,27,50,50,0
W-QDA,W-QDA:qda,7,1.5,0.06,0.08,80 109 79 77 83 107 112 114 115 74 75 78 113 108 110 116 76 106 111 117,79 80 108 109 114 75 81 110 112 76 82 107 111 115 77 83 113 117 74 105,simulation,db4,usage,27,50,50,0
W-CART,W-CART:cart,23,3.0,0.04,0.118,75 107 114 76 79 115 112 78 106 113 73 74 77 80 81 85 105 108 109 111,79 80 108 109 114 75 81 110 112 76 82 107 111 115 77 83 113 117 74 105,simulation,db4,usage,27,50,50,0
ALL,W-NN:k=1,36,0.5,0.02,0.146,80 108 76 81 111 113 114 79 112 107 109 110 115 77 82 83 78 219 84 165,79 80 108 109 114 75 81 110 112 76 82 107 111 115 77 83 113 117 74 105,simulation,db4,usage,27,50,50,0
W-NN,W-NN:k=3,45,,0.06,0.102,111 112 78 80 110 82 79 159 160 81 76 87 113 73 114 56 74 77 116 119,111 112 78 80 110 82 79 159 160 81 76 87 113 73 114 56 74 77 116 119,simulation,db4,energy,28,50,50,0
W-QDA,W-QDA:qda,14,,0.04,0.084,111 112 78 80 110 82 79 159 160 81 76 87 113 73 114 56 74 77 116 119,111 112 78 80 110 82 79 159 160 81 76 87 113 73 114 56 74 77 116 119,simulation,db4,energy,28,50,50,0
W-CART,W-CART:cart,14,,0.06,0.116,111 112 78 80 110 82 79 159 160 81 76 87 113 73 114 56 74 77 116 119,111 112 78 80 110 82 79 159 160 81 76 87 113 73 114 56 74 77 116 119,simulation,db4,energy,28,50,50,0
ALL,W-QDA:qda,14,,0.04,0.084,111 112 78 80 110 82 79 159 160 81 76 87 113 73 114 56 74 77 116 119,111 112 78 80 110 82 79 159 160 81 76 87 113 73 114 56 74 77 116 119,simulation,db4,energy,28,50,50,0
W-NN,W-NN:k=7,27,1.0,0.02,0.168,108 112 109 114 77 110 111 78 80 82 113 76 79 81 84 106 105 75 116 83,108 112 109 114 77 110 111 78 80 82 113 76 79 81 84 106 105 75 116 83,simulation,db4,usage,28,50,50,0
W-QDA,W-QDA:qda,13,3.0,0.02,0.058,82 81 105 80 116 78 106 108 110 111 117 73 83 84 86 87 104 112 114 85,108 112 109 114 77 110 111 78 80 82 113 76 79 81 84 106 105 75 116 83,simulation,db4,usage,28,50,50,0
W-CART,W-CART:cart,18,0.5,0.04,0.132,79 78 113 111 112 114 75 108 109 80 82 77 110 76 115 81 83 84 106 107,108 112 109 114 77 110 111 78 80 82 113 76 79 81 84 106 105 75 116 83,simulation,db4,usage,28,50,50,0
ALL,W-QDA:qda,13,3.0,0.02,0.058,82 81 105 80 116 78 106 108 110 111 117 73 83 84 86 87 104 112 114 85,108 112 109 114 77 110 111 78 80 82 113 76 79 81 84 106 105 75 116 83,simulation,db4,usage,28,50,50,0
W-NN,W-NN:k=1,3,,0.08,0.126,87 103 108 104 55 82 176 114 79 75 53 167 85 43 115 74 107 52 51 77,87 103 108 104 55 82 176 114 79 75 53 167 85 43 115 74 107 52 51 77,simulation,db4,energy,29,50,50,0
W-QDA,W-QDA:qda,3,,0.02,0.072,87 103 108 104 55 82 176 114 79 75 53 167 85 43 115 74 107 52 51 77,87 103 108 104 55 82 176 114 79 75 53 167 85 43 115 74 107 52 51 77,simulation,db4,energy,29,50,50,0
W-CART,W-CART:cart,32,,0.04,0.128,87 103 108 104 55 82 176 114 79 75 53 167 85 43 115 74 107 52 51 77,87 103 108 104 55 82 176 114 79 75 53 167 85 43 115 74 107 52 51 77,simulation,db4,energy,29,50,50,0
ALL,W-QDA:qda,3,,0.02,0.072,87 103 108 104 55 82 176 114 79 75 53 167 85 43 115 74 107 52 51 77,87 103 108 104 55 82 176 114 79 75 53 167 85 43 115 74 107 52 51 77,simulation,db4,energy,29,50,50,0
W-NN,W-NN:k=1,13,0.5,0.04,0.118,81 110 108 76 83 109 114 77 79 82 112 78 106 107 113 75 84 111 115 80,109 77 108 112 76 78 81 82 110 114 79 83 113 107 80 111 84 115 117 75,simulation,db4,usage,29,50,50,0
W-QDA,W-QDA:qda,9,3.0,0.1,0.076,78 77 82 109 110 112 107 74 75 76 79 81 84 85 104 108 117 80 83 106,109 77 108 112 76 78 81 82 110 114 79 83 113 107 80 111 84 115 117 75,simulation,db4,usage,29,50,50,0
W-CART,W-CART:cart,25,1.0,0.02,0.104,109 77 108 112 76 78 81 82 110 114 79 83 113 107 80 111 84 115 117 75,109 77 108 112 76 78 81 82 110 114 79 83 113 107 80 111 84 115 117 75,simulation,db4,usage,29,50,50,0
ALL,W-CART:cart,25,1.0,0.02,0.104,109 77 108 112 76 78 81 82 110 114 79 83 113 107 80 111 84 115 117 75,109 77 108 112 76 78 81 82 110 114 79 83 113 107 80 111 84 115 117 75,simulation,db4,usage,29,50,50,0
W-NN,W-NN:k=3,1,,0.04,0.14,72 109 83 107 82 81 73 71 77 114 76 113 85 119 108 57 117 116 115 84,72 109 83 107 82 81 73 71 77 114 76 113 85 119 108 57 117 116 115 84,simulation,db4,energy,30,50,50,0
W-QDA,W-QDA:qda,10,,0.0,0.048,72 109 83 107 82 81 73 71 77 114 76 113 85 119 108 57 117 116 115 84,72 109 83 107 82 81 73 71 77 114 76 113 85 119 108 57 117 116 115 84,simulation,db4,energy,30,50,50,0
W-CART,W-CART:cart,58,,0.1,0.25,72 109 83 107 82 81 73 71 77 114 76 113 85 119 108 57 117 116 115 84,72 109 83 107 82 81 73 71 77 114 76 113 85 119 108 57 117 116 115 84,simulation,db4,energy,30,50,50,0
ALL,W-QDA:qda,10,,0.0,0.048,72 109 83 107 82 81 73 71 77 114 76 113 85 119 108 57 117 116 115 84,72 109 83 107 82 81 73 71 77 114 76 113 85 119 108 57 117 116 115 84,simulation,db4,energy,30,50,50,0
W-NN,W-NN:k=1,53,3.0,0.06,0.196,83 111 82 109 77 81 113 74 108 76 107 75 78 110 114 115 80 106 112 116,113 79 81 82 111 114 80 109 112 115 110 76 78 75 116 77 83 107 108 84,simulation,db4,usage,30,50,50,0
W-QDA,W-QDA:qda,8,3.0,0.06,0.12,83 111 82 109 77 81 113 74 108 76 107 75 78 110 114 115 80 106 112 116,113 79 81 82 111 114 80 109 112 115 110 76 78 75 116 77 83 107 108 84,simulation,db4,usage,30,50,50,0
W-CART,W-CART:cart,64,0.5,0.08,0.11,79 114 111 112 113 81 82 80 76 115 75 77 109 110 78 163 108 116 229 73,113 79 81 82 111 114 80 109 112 115 110 76 78 75 116 77 83 107 108 84,simulation,db4,usage,30,50,50,0
ALL,W-QDA:qda,8,3.0,0.06,0.12,83 111 82 109 77 81 113 74 108 76 107 75 78 110 114 115 80 106 112 116,113 79 81 82 111 114 80 109 112 115 110 76 78 75 116 77 83 107 108 84,simulation,db4,usage,30,50,50,0
W-NN,W-NN:k=5,6,,0.1,0.166,141 43 103 44 75 121 242 74 120 70 140 119 116 76 102 118 78 77 110 111,141 43 103 44 75 121 242 74 120 70 140 119 116 76 102 118 78 77 110 111,simulation,db4,energy,31,50,50,0
W-QDA,W-QDA:qda,23,,0.04,0.046,141 43 103 44 75 121 242 74 120 70 140 119 116 76 102 118 78 77 110 111,141 43 103 44 75 121 242 74 120 70 140 119 116 76 102 118 78 77 110 111,simulation,db4,energy,31,50,50,0
W-CART,W-CART:cart,6,,0.1,0.1,141 43 103 44 75 121 242 74 120 70 140 119 116 76 102 118 78 77 110 111,141 43 103 44 75 121 242 74 120 70 140 119 116 76 102 118 78 77 110 111,simulation,db4,energy,31,50,50,0
ALL,W-QDA:qda,23,,0.04,0.046,141 43 103 44 75 121 242 74 120 70 140 119 116 76 102 118 78 77 110 111,141 43 103 44 75 121 242 74 120 70 140 119 116 76 102 118 78 77 110 111,simulation,db4,energy,31,50,50,0
W-NN,W-NN:k=5,7,0.5,0.04,0.136,82 81 83 113 76 79 85 106 109 110 112 114 115 74 75 107 108 111 116 77,78 82 77 83 113 114 116 107 111 115 109 112 76 79 81 84 80 110 74 75,simulation,db4,usage,31,50,50,0
W-QDA,W-QDA:qda,18,3.0,0.0,0.052,113 114 83 76 84 115 79 110 75 80 81 106 111 112 116 78 103 107 108 109,78 82 77 83 113 114 116 107 111 115 109 112 76 79 81 84 80 110 74 75,simulation,db4,usage,31,50,50,0
W-CART,W-CART:cart,52,0.5,0.04,0.108,82 81 83 113 76 79 85 106 109 110 112 114 115 74 75 107 108 111 116 77,78 82 77 83 113 114 116 107 111 115 109 112 76 79 81 84 80 110 74 75,simulation,db4,usage,31,50,50,0
ALL,W-QDA:qda,18,3.0,0.0,0.052,113 114 83 76 84 115 79 110 75 80 81 106 111 112 116 78 103 107 108 109,78 82 77 83 113 114 116 107 111 115 109 112 76 79 81 84 80 110 74 75,simulation,db4,usage,31,50,50,0
W-NN,W-NN:k=3,19,,0.06,0.112,120 82 71 81 38 83 35 113 110 80 109 114 79 111 108 119 51 87 116 88,120 82 71 81 38 83 35 113 110 80 109 114 79 111 108 119 51 87 116 88,simulation,db4,energy,32,50,50,0
W-QDA,W-QDA:qda,14,,0.04,0.054,120 82 71 81 38 83 35 113 110 80 109 114 79 111 108 119 51 87 116 88,120 82 71 81 38 83 35 113 110 80 109 114 79 111 108 119 51 87 116 88,simulation,db4,energy,32,50,50,0
W-CART,W-CART:cart,30,,0.04,0.098,120 82 71 81 38 83 35 113 110 80 109 114 79 111 108 119 51 87 116 88,120 82 71 81 38 83 35 113 110 80 109 114 79 111 108 119 51 87 116 88,simulation,db4,energy,32,50,50,0
ALL,W-QDA:qda,14,,0.04,0.054,120 82 71 81 38 83 35 113 110 80 109 114 79 111 108 119 51 87 116 88,120 82 71 81 38 83 35 113 110 80 109 114 79 111 108 119 51 87 116 88,simulation,db4,energy,32,50,50,0
W-NN,W-NN:k=1,12,1.0,0.06,0.124,80 109 111 79 110 113 114 77 83 81 82 84 108 112 74 107 76 78 75 85,80 109 111 79 110 113 114 77 83 81 82 84 108 112 74 107 76 78 75 85,simulation,db4,usage,32,50,50,0
W-QDA,W-QDA:qda,12,3.0,0.0,0.05,113 81 82 109 112 80 115 74 107 108 114 85 110 75 79 83 84 111 116 117,80 109 111 79 110 113 114 77 83 81 82 84 108 112 74 107 76 78 75 85,simulation,db4,usage,32,50,50,0
W-CART,W-CART:cart,17,1.5,0.02,0.126,109 111 110 114 80 113 79 82 81 83 107 108 112 74 77 84 85 116 75 76,80 109 111 79 110 113 114 77 83 81 82 84 108 112 74 107 76 78 75 85,simulation,db4,usage,32,50,50,0
ALL,W-QDA:qda,12,3.0,0.0,0.05,113 81 82 109 112 80 115 74 107 108 114 85 110 75 79 83 84 111 116 117,80 109 111 79 110 113 114 77 83 81 82 84 108 112 74 107 76 78 75 85,simulation,db4,usage,32,50,50,0
W-NN,W-NN:k=3,56,,0.12,0.164,71 59 119 116 106 115 114 108 75 103 107 78 72 105 112 104 117 109 76 111,71 59 119 116 106 115 114 108 75 103 107 78 72 105 112 104 117 109 76 111,simulation,db4,energy,33,50,50,0
W-QDA,W-QDA:qda,15,,0.0,0.042,71 59 119 116 106 115 114 108 75 103 107 78 72 105 112 104 117 109 76 111,71 59 119 116 106 115 114 108 75 103 107 78 72 105 112 104 117 109 76 111,simulation,db4,energy,33,50,50,0
W-CART,W-CART:cart,11,,0.08,0.112,71 59 119 116 106 115 114 108 75 103 107 78 72 105 112 104 117 109 76 111,71 59 119 116 106 115 114 108 75 103 107 78 72 105 112 104 117 109 76 111,simulation,db4,energy,33,50,50,0
ALL,W-QDA:qda,15,,0.0,0.042,71 59 119 116 106 115 114 108 75 103 107 78 72 105 112 104 117 109 76 111,71 59 119 116 106 115 114 108 75 103 107 78 72 105 112 104 117 109 76 111,simulation,db4,energy,33,50,50,0
W-NN,W-NN:k=5,2,1.5,0.08,0.148,108 85 106 81 84 107 109 111 112 82 114 115 75 78 80 83 116 104 110 74,108 112 81 85 107 111 82 84 106 80 109 75 104 110 114 115 78 83 86 116,simulation,db4,usage,33,50,50,0
W-QDA,W-QDA:qda,14,3.0,0.04,0.08,85 106 84 108 114 115 107 75 78 81 103 76 77 104 111 116 105 112 72 73,108 112 81 85 107 111 82 84 106 80 109 75 104 110 114 115 78 83 86 116,simulation,db4,usage,33,50,50,0
W-CART,W-CART:cart,8,3.0,0.08,0.144,85 106 84 108 114 115 107 75 78 81 103 76 77 104 111 116 105 112 72 73,108 112 81 85 107 111 82 84 106 80 109 75 104 110 114 115 78 83 86 116,simulation,db4,usage,33,50,50,0
ALL,W-QDA:qda,14,3.0,0.04,0.08,85 106 84 108 114 115 107 75 78 81 103 76 77 104 111 116 105 112 72 73,108 112 81 85 107 111 82 84 106 80 109 75 104 110 114 115 78 83 86 116,simulation,db4,usage,33,50,50,0
W-NN,W-NN:k=3,3,,0.1,0.164,115 75 103 114 88 104 105 106 87 76 102 111 78 118 117 116 81 110 84 82,115 75 103 114 88 104 105 106 87 76 102 111 78 118 117 116 81 110 84 82,simulation,db4,energy,34,50,50,0
W-QDA,W-QDA:qda,7,,0.02,0.04,115 75 103 114 88 104 105 106 87 76 102 111 78 118 117 116 81 110 84 82,115 75 103 114 88 104 105 106 87 76 102 111 78 118 117 116 81 110 84 82,simulation,db4,energy,34,50,50,0
W-CART,W-CART:cart,15,,0.1,0.16,115 75 103 114 88 104 105 106 87 76 102 111 78 118 117 116 81 110 84 82,115 75 103 114 88 104 105 106 87 76 102 111 78 118 117 116 81 110 84 82,simulation,db4,energy,34,50,50,0
ALL,W-QDA:qda,7,,0.02,0.04,115 75 103 114 88 104 105 106 87 76 102 111 78 118 117 116 81 110 84 82,115 75 103 114 88 104 105 106 87 76 102 111 78 118 117 116 81 110 84 82,simulation,db4,energy,34,50,50,0
W-NN,W-NN:k=1,5,3.0,0.04,0.114,105 75 115 86 117 76 77 104 114 116 119 103 73 82 84 88 118 74 107 72,76 77 114 112 78 115 116 75 74 113 73 108 110 117 80 106 107 119 81 104,simulation,db4,usage,34,50,50,0
W-QDA,W-QDA:qda,4,3.0,0.02,0.03,105 75 115 86 117 76 77 104 114 116 119 103 73 82 84 88 118 74 107 72,76 77 114 112 78 115 116 75 74 113 73 108 110 117 80 106 107 119 81 104,simulation,db4,usage,34,50,50,0
W-CART,W-CART:cart,30,0.5,0.06,0.184,113 114 115 76 77 78 112 75 116 80 84 111 73 74 81 106 110 117 231 82,76 77 114 112 78 115 116 75 74 113 73 108 110 117 80 106 107 119 81 104,simulation,db4,usage,34,50,50,0
ALL,W-QDA:qda,4,3.0,0.02,0.03,105 75 115 86 117 76 77 104 114 116 119 103 73 82 84 88 118 74 107 72,76 77 114 112 78 115 116 75 74 113 73 108 110 117 80 106 107 119 81 104,simulation,db4,usage,34,50,50,0
W-NN,W-NN:k=7,9,,0.1,0.244,79 112 107 78 84 81 117 108 71 111 55 116 106 73 80 120 39 118 119 86,79 112 107 78 84 81 117 108 71 111 55 116 106 73 80 120 39 118 119 86,simulation,db4,energy,35,50,50,0
W-QDA,W-QDA:qda,16,,0.02,0.056,79 112 107 78 84 81 117 108 71 111 55 116 106 73 80 120 39 118 119 86,79 112 107 78 84 81 117 108 71 111 55 116 106 73 80 120 39 118 119 86,simulation,db4,energy,35,50,50,0
W-CART,W-CART:cart,13,,0.06,0.156,79 112 107 78 84 81 117 108 71 111 55 116 106 73 80 120 39 118 119 86,79 112 107 78 84 81 117 108 71 111 55 116 106 73 80 120 39 118 119 86,simulation,db4,energy,35,50,50,0
ALL,W-QDA:qda,16,,0.02,0.056,79 112 107 78 84 81 117 108 71 111 55 116 106 73 80 120 39 118 119 86,79 112 107 78 84 81 117 108 71 111 55 116 106 73 80 120 39 118 119 86,simulation,db4,energy,35,50,50,0
W-NN,W-NN:k=15,8,1.5,0.08,0.24,112 79 110 76 83 111 113 78 80 114 116 81 108 109 84 117 75 107 115 82,112 108 79 83 110 113 76 78 80 82 109 111 116 84 114 117 81 74 77 85,simulation,db4,usage,35,50,50,0
W-QDA,W-QDA:qda,13,3.0,0.04,0.072,79 84 108 110 113 78 80 83 112 119 74 76 77 85 107 111 117 75 104 105,112 108 79 83 110 113 76 78 80 82 109 111 116 84 114 117 81 74 77 85,simulation,db4,usage,35,50,50,0
W-CART,W-CART:cart,34,2.0,0.06,0.132,79 112 83 78 110 111 113 76 80 81 108 116 75 84 107 109 117 74 85 106,112 108 79 83 110 113 76 78 80 82 109 111 116 84 114 117 81 74 77 85,simulation,db4,usage,35,50,50,0
ALL,W-QDA:qda,13,3.0,0.04,0.072,79 84 108 110 113 78 80 83 112 119 74 76 77 85 107 111 117 75 104 105,112 108 79 83 110 113 76 78 80 82 109 111 116 84 114 117 81 74 77 85,simulation,db4,usage,35,50,50,0
W-NN,W-NN:k=1,7,,0.12,0.14,223 80 88 51 40 111 106 84 53 102 83 87 116 52 108 85 107 82 81 109,223 80 88 51 40 111 106 84 53 102 83 87 116 52 108 85 107 82 81 109,simulation,db4,energy,36,50,50,0
W-QDA,W-QDA:qda,4,,0.02,0.13,223 80 88 51 40 111 106 84 53 102 83 87 116 52 108 85 107 82 81 109,223 80 88 51 40 111 106 84 53 102 83 87 116 52 108 85 107 82 81 109,simulation,db4,energy,36,50,50,0
W-CART,W-CART:cart,22,,0.04,0.106,223 80 88 51 40 111 106 84 53 102 83 87 116 52 108 85 107 82 81 109,223 80 88 51 40 111 106 84 53 102 83 87 116 52 108 85 107 82 81 109,simulation,db4,energy,36,50,50,0
ALL,W-QDA:qda,4,,0.02,0.13,223 80 88 51 40 111 106 84 53 102 83 87 116 52 108 85 107 82 81 109,223 80 88 51 40 111 106 84 53 102 83 87 116 52 108 85 107 82 81 109,simulation,db4,energy,36,50,50,0
W-NN,W-NN:k=1,29,3.0,0.06,0.132,107 108 84 113 81 82 85 106 79 109 112 116 80 83 111 74 86 87 104 110,111 110 82 80 108 109 84 107 85 106 113 76 83 105 78 81 112 115 86 114,simulation,db4,usage,36,50,50,0
W-QDA,W-QDA:qda,3,2.0,0.14,0.106,110 84 106 108 111 80 81 85 107 109 113 79 82 83 112 115 76 74 75 86,111 110 82 80 108 109 84 107 85 106 113 76 83 105 78 81 112 115 86 114,simulation,db4,usage,36,50,50,0
W-CART,W-CART:cart,15,0.5,0.04,0.138,111 80 81 109 82 83 79 108 110 78 106 113 84 105 77 107 115 75 85 86,111 110 82 80 108 109 84 107 85 106 113 76 83 105 78 81 112 115 86 114,simulation,db4,usage,36,50,50,0
ALL,W-CART:cart,15,0.5,0.04,0.138,111 80 81 109 82 83 79 108 110 78 106 113 84 105 77 107 115 75 85 86,111 110 82 80 108 109 84 107 85 106 113 76 83 105 78 81 112 115 86 114,simulation,db4,usage,36,50,50,0
W-NN,W-NN:k=3,4,,0.02,0.126,82 147 117 118 109 80 107 110 85 105 86 108 72 148 73 84 53 119 77 104,82 147 117 118 109 80 107 110 85 105 86 108 72 148 73 84 53 119 77 104,simulation,db4,energy,37,50,50,0
W-QDA,W-QDA:qda,8,,0.0,0.064,82 147 117 118 109 80 107 110 85 105 86 108 72 148 73 84 53 119 77 104,82 147 117 118 109 80 107 110 85 105 86 108 72 148 73 84 53 119 77 104,simulation,db4,energy,37,50,50,0
W-CART,W-CART:cart,4,,0.04,0.104,82 147 117 118 109 80 107 110 85 105 86 108 72 148 73 84 53 119 77 104,82 147 117 118 109 80 107 110 85 105 86 108 72 148 73 84 53 119 77 104,simulation,db4,energy,37,50,50,0
ALL,W-QDA:qda,8,,0.0,0.064,82 147 117 118 109 80 107 110 85 105 86 108 72 148 73 84 53 119 77 104,82 147 117 118 109 80 107 110 85 105 86 108 72 148 73 84 53 119 77 104,simulation,db4,energy,37,50,50,0
W-NN,W-NN:k=1,4,2.0,0.04,0.12,81 111 115 74 75 78 107 109 116 80 110 113 117 108 114 85 118 119 72 73,110 111 114 74 75 112 115 78 81 83 108 80 73 76 107 109 113 116 117 119,simulation,db4,usage,37,50,50,0
W-QDA,W-QDA:qda,9,0.5,0.02,0.072,80 83 109 110 114 111 75 81 84 108 112 113 115 74 76 77 117 234 72 78,110 111 114 74 75 112 115 78 81 83 108 80 73 76 107 109 113 116 117 119,simulation,db4,usage,37,50,50,0
W-CART,W-CART:cart,19,1.5,0.02,0.118,110 75 78 114 74 81 107 108 109 111 115 80 82 116 117 73 84 113 79 83,110 111 114 74 75 112 115 78 81 83 108 80 73 76 107 109 113 116 117 119,simulation,db4,usage,37,50,50,0
ALL,W-QDA:qda,9,0.5,0.02,0.072,80 83 109 110 114 111 75 81 84 108 112 113 115 74 76 77 117 234 72 78,110 111 114 74 75 112 115 78 81 83 108 80 73 76 107 109 113 116 117 119,simulation,db4,usage,37,50,50,0
W-NN,W-NN:k=1,8,,0.02,0.06,116 121 70 103 115 75 87 117 36 111 73 79 102 81 80 78 88 37 57 76,116 121 70 103 115 75 87 117 36 111 73 79 102 81 80 78 88 37 57 76,simulation,db4,energy,38,50,50,0
W-QDA,W-QDA:qda,8,,0.06,0.048,116 121 70 103 115 75 87 117 36 111 73 79 102 81 80 78 88 37 57 76,116 121 70 103 115 75 87 117 36 111 73 79 102 81 80 78 88 37 57 76,simulation,db4,energy,38,50,50,0
W-CART,W-CART:cart,26,,0.04,0.168,116 121 70 103 115 75 87 117 36 111 73 79 102 81 80 78 88 37 57 76,116 121 70 103 115 75 87 117 36 111 73 79 102 81 80 78 88 37 57 76,simulation,db4,energy,38,50,50,0
ALL,W-NN:k=1,8,,0.02,0.06,116 121 70 103 115 75 87 117 36 111 73 79 102 81 80 78 88 37 57 76,116 121 70 103 115 75 87 117 36 111 73 79 102 81 80 78 88 37 57 76,simulation,db4,energy,38,50,50,0
W-NN,W-NN:k=3,9,3.0,0.06,0.172,111 112 110 76 77 80 82 75 78 79 81 84 113 114 115 116 109 117 83 105,77 114 76 75 78 113 115 79 110 81 111 112 116 82 83 108 73 80 84 117,simulation,db4,usage,38,50,50,0
W-QDA,W-QDA:qda,9,3.0,0.02,0.084,111 112 110 76 77 80 82 75 78 79 81 84 113 114 115 116 109 117 83 105,77 114 76 75 78 113 115 79 110 81 111 112 116 82 83 108 73 80 84 117,simulation,db4,usage,38,50,50,0
W-CART,W-CART:cart,5,0.5,0.12,0.144,114 113 77 116 76 78 110 111 115 75 74 79 80 81 82 112 83 108 117 73,77 114 76 75 78 113 115 79 110 81 111 112 116 82 83 108 73 80 84 117,simulation,db4,usage,38,50,50,0
ALL,W-QDA:qda,9,3.0,0.02,0.084,111 112 110 76 77 80 82 75 78 79 81 84 113 114 115 116 109 117 83 105,77 114 76 75 78 113 115 79 110 81 111 112 116 82 83 108 73 80 84 117,simulation,db4,usage,38,50,50,0
W-NN,W-NN:k=3,2,,0.02,0.15,77 106 105 86 115 74 113 172 107 85 114 108 84 75 83 171 104 73 212 118,77 106 105 86 115 74 113 172 107 85 114 108 84 75 83 171 104 73 212 118,simulation,db4,energy,39,50,50,0
W-QDA,W-QDA:qda,3,,0.02,0.078,77 106 105 86 115 74 113 172 107 85 114 108 84 75 83 171 104 73 212 118,77 106 105 86 115 74 113 172 107 85 114 108 84 75 83 171 104 73 212 118,simulation,db4,energy,39,50,50,0
W-CART,W-CART:cart,4,,0.06,0.12,77 106 105 86 115 74 113 172 107 85 114 108 84 75 83 171 104 73 212 118,77 106 105 86 115 74 113 172 107 85 114 108 84 75 83 171 104 73 212 118,simulation,db4,energy,39,50,50,0
ALL,W-NN:k=3,2,,0.02,0.15,77 106 105 86 115 74 113 172 107 85 114 108 84 75 83 171 104 73 212 118,77 106 105 86 115 74 113 172 107 85 114 108 84 75 83 171 104 73 212 118,simulation,db4,energy,39,50,50,0
W-NN,W-NN:k=9,7,1.0,0.04,0.1,78 76 80 114 77 83 107 109 110 111 112 115 113 116 79 82 74 81 85 86,78 76 80 114 77 83 107 109 110 111 112 115 113 116 79 82 74 81 85 86,simulation,db4,usage,39,50,50,0
W-QDA,W-QDA:qda,9,1.0,0.0,0.11,78 76 80 114 77 83 107 109 110 111 112 115 113 116 79 82 74 81 85 86,78 76 80 114 77 83 107 109 110 111 112 115 113 116 79 82 74 81 85 86,simulation,db4,usage,39,50,50,0
W-CART,W-CART:cart,2,3.0,0.14,0.114,74 76 110 75 85 115 79 80 105 106 113 114 117 78 82 112 118 107 116 77,78 76 80 114 77 83 107 109 110 111 112 115 113 116 79 82 74 81 85 86,simulation,db4,usage,39,50,50,0
ALL,W-QDA:qda,9,1.0,0.0,0.11,78 76 80 114 77 83 107 109 110 111 112 115 113 116 79 82 74 81 85 86,78 76 80 114 77 83 107 109 110 111 112 115 113 116 79 82 74 81 85 86,simulation,db4,usage,39,50,50,0
W-NN,W-NN:k=1,26,,0.06,0.062,41 216 108 82 58 85 166 37 54 107 106 73 217 109 87 86 103 55 88 75,41 216 108 82 58 85 166 37 54 107 106 73 217 109 87 86 103 55 88 75,simulation,db4,energy,40,50,50,0
W-QDA,W-QDA:qda,3,,0.1,0.148,41 216 108 82 58 85 166 37 54 107 106 73 217 109 87 86 103 55 88 75,41 216 108 82 58 85 166 37 54 107 106 73 217 109 87 86 103 55 88 75,simulation,db4,energy,40,50,50,0
W-CART,W-CART:cart,24,,0.08,0.12,41 216 108 82 58 85 166 37 54 107 106 73 217 109 87 86 103 55 88 75,41 216 108 82 58 85 166 37 54 107 106 73 217 109 87 86 103 55 88 75,simulation,db4,energy,40,50,50,0
ALL,W-NN:k=1,26,,0.06,0.062,41 216 108 82 58 85 166 37 54 107 106 73 217 109 87 86 103 55 88 75,41 216 108 82 58 85 166 37 54 107 106 73 217 109 87 86 103 55 88 75,simulation,db4,energy,40,50,50,0
W-NN,W-NN:k=1,2,3.0,0.06,0.112,82 75 81 108 73 85 107 111 106 110 77 78 80 84 87 114 74 76 104 109,76 115 82 111 77 79 80 81 107 112 75 78 110 113 106 114 73 84 85 87,simulation,db4,usage,40,50,50,0
W-QDA,W-QDA:qda,13,0.5,0.04,0.1,78 82 114 76 77 79 111 115 75 80 81 108 113 85 110 112 109 116 83 104,76 115 82 111 77 79 80 81 107 112 75 78 110 113 106 114 73 84 85 87,simulation,db4,usage,40,50,50,0
W-CART,W-CART:cart,7,1.5,0.08,0.12,76 78 79 82 110 111 73 75 77 81 85 107 108 112 115 74 80 104 106 113,76 115 82 111 77 79 80 81 107 112 75 78 110 113 106 114 73 84 85 87,simulation,db4,usage,40,50,50,0
ALL,W-QDA:qda,13,0.5,0.04,0.1,78 82 114 76 77 79 111 115 75 80 81 108 113 85 110 112 109 116 83 104,76 115 82 111 77 79 80 81 107 112 75 78 110 113 106 114 73 84 85 87,simulation,db4,usage,40,50,50,0
W-NN,W-NN:k=1,7,,0.06,0.14,113 81 80 112 115 84 77 86 76 111 110 82 108 116 85 103 78 79 109 107,113 81 80 112 115 84 77 86 76 111 110 82 108 116 85 103 78 79 109 107,simulation,db4,energy,41,50,50,0
W-QDA,W-QDA:qda,17,,0.0,0.07,113 81 80 112 115 84 77 86 76 111 110 82 108 116 85 103 78 79 109 107,113 81 80 112 115 84 77 86 76 111 110 82 108 116 85 103 78 79 109 107,simulation,db4,energy,41,50,50,0
W-CART,W-CART:cart,6,,0.08,0.19,113 81 80 112 115 84 77 86 76 111 110 82 108 116 85 103 78 79 109 107,113 81 80 112 115 84 77 86 76 111 110 82 108 116 85 103 78 79 109 107,simulation,db4,energy,41,50,50,0
ALL,W-QDA:qda,17,,0.0,0.07,113 81 80 112 115 84 77 86 76 111 110 82 108 116 85 103 78 79 109 107,113 81 80 112 115 84 77 86 76 111 110 82 108 116 85 103 78 79 109 107,simulation,db4,energy,41,50,50,0
W-NN,W-NN:k=5,6,2.0,0.04,0.226,80 109 110 76 79 83 108 112 113 77 114 78 81 82 107 111 117 74 75 84,80 81 110 77 79 108 78 83 109 112 84 107 113 114 115 223 75 76 82 111,simulation,db4,usage,41,50,50,0
W-QDA,W-QDA:qda,15,1.0,0.0,0.066,80 81 110 77 79 108 78 83 109 112 84 107 113 114 115 223 75 76 82 111,80 81 110 77 79 108 78 83 109 112 84 107 113 114 115 223 75 76 82 111,simulation,db4,usage,41,50,50,0
W-CART,W-CART:cart,12,1.0,0.04,0.14,80 81 110 77 79 108 78 83 109 112 84 107 113 114 115 223 75 76 82 111,80 81 110 77 79 108 78 83 109 112 84 107 113 114 115 223 75 76 82 111,simulation,db4,usage,41,50,50,0
ALL,W-QDA:qda,15,1.0,0.0,0.066,80 81 110 77 79 108 78 83 109 112 84 107 113 114 115 223 75 76 82 111,80 81 110 77 79 108 78 83 109 112 84 107 113 114 115 223 75 76 82 111,simulation,db4,usage,41,50,50,0
W-NN,W-NN:k=7,40,,0.04,0.21,87 104 105 86 43 103 118 58 51 85 88 75 37 117 110 73 84 119 102 76,87 104 105 86 43 103 118 58 51 85 88 75 37 117 110 73 84 119 102 76,simulation,db4,energy,42,50,50,0
W-QDA,W-QDA:qda,16,,0.0,0.044,87 104 105 86 43 103 118 58 51 85 88 75 37 117 110 73 84 119 102 76,87 104 105 86 43 103 118 58 51 85 88 75 37 117 110 73 84 119 102 76,simulation,db4,energy,42,50,50,0
W-CART,W-CART:cart,4,,0.08,0.124,87 104 105 86 43 103 118 58 51 85 88 75 37 117 110 73 84 119 102 76,87 104 105 86 43 103 118 58 51 85 88 75 37 117 110 73 84 119 102 76,simulation,db4,energy,42,50,50,0
ALL,W-QDA:qda,16,,0.0,0.044,87 104 105 86 43 103 118 58 51 85 88 75 37 117 110 73 84 119 102 76,87 104 105 86 43 103 118 58 51 85 88 75 37 117 110 73 84 119 102 76,simulation,db4,energy,42,50,50,0
W-NN,W-NN:k=1,10,0.5,0.04,0.132,78 112 114 77 80 116 76 79 82 83 109 111 81 115 75 85 113 108 110 117,80 112 82 113 115 116 76 75 83 111 77 79 81 84 110 118 78 106 109 114,simulation,db4,usage,42,50,50,0
W-QDA,W-QDA:qda,12,3.0,0.0,0.036,113 116 118 73 74 75 77 87 117 84 85 105 106 71 72 82 83 86 88 119,80 112 82 113 115 116 76 75 83 111 77 79 81 84 110 118 78 106 109 114,simulation,db4,usage,42,50,50,0
W-CART,W-CART:cart,8,1.0,0.04,0.158,80 112 82 113 115 116 76 75 83 111 77 79 81 84 110 118 78 106 109 114,80 112 82 113 115 116 76 75 83 111 77 79 81 84 110 118 78 106 109 114,simulation,db4,usage,42,50,50,0
ALL,W-QDA:qda,12,3.0,0.0,0.036,113 116 118 73 74 75 77 87 117 84 85 105 106 71 72 82 83 86 88 119,80 112 82 113 115 116 76 75 83 111 77 79 81 84 110 118 78 106 109 114,simulation,db4,usage,42,50,50,0
W-NN,W-NN:k=1,12,,0.06,0.112,89 117 43 114 111 107 75 85 116 88 78 118 73 81 79 104 106 72 113 115,89 117 43 114 111 107 75 85 116 88 78 118 73 81 79 104 106 72 113 115,simulation,db4,energy,43,50,50,0
W-QDA,W-QDA:qda,7,,0.02,0.072,89 117 43 114 111 107 75 85 116 88 78 118 73 81 79 104 106 72 113 115,89 117 43 114 111 107 75 85 116 88 78 118 73 81 79 104 106 72 113 115,simulation,db4,energy,43,50,50,0
W-CART,W-CART:cart,8,,0.04,0.094,89 117 43 114 111 107 75 85 116 88 78 118 73 81 79 104 106 72 113 115,89 117 43 114 111 107 75 85 116 88 78 118 73 81 79 104 106 72 113 115,simulation,db4,energy,43,50,50,0
ALL,W-QDA:qda,7,,0.02,0.072,89 117 43 114 111 107 75 85 116 88 78 118 73 81 79 104 106 72 113 115,89 117 43 114 111 107 75 85 116 88 78 118 73 81 79 104 106 72 113 115,simulation,db4,energy,43,50,50,0
W-NN,W-NN:k=7,1,2.0,0.08,0.108,117 76 78 73 74 114 115 116 110 118 72 75 77 79 107 113 108 111 119 84,78 79 117 76 114 115 116 113 74 72 110 118 73 77 75 80 109 112 82 111,simulation,db4,usage,43,50,50,0
W-QDA,W-QDA:qda,15,3.0,0.06,0.072,73 116 74 114 76 78 115 117 107 113 72 75 77 105 108 118 119 71 79 84,78 79 117 76 114 115 116 113 74 72 110 118 73 77 75 80 109 112 82 111,simulation,db4,usage,43,50,50,0
W-CART,W-CART:cart,47,1.5,0.06,0.094,116 117 76 74 78 79 113 114 77 115 72 73 75 110 118 107 81 109 112 119,78 79 117 76 114 115 116 113 74 72 110 118 73 77 75 80 109 112 82 111,simulation,db4,usage,43,50,50,0
ALL,W-QDA:qda,15,3.0,0.06,0.072,73 116 74 114 76 78 115 117 107 113 72 75 77 105 108 118 119 71 79 84,78 79 117 76 114 115 116 113 74 72 110 118 73 77 75 80 109 112 82 111,simulation,db4,usage,43,50,50,0
W-NN,W-NN:k=3,8,,0.1,0.126,104 86 40 72 75 73 38 114 78 85 58 103 112 41 54 84 70 76 117 115,104 86 40 72 75 73 38 114 78 85 58 103 112 41 54 84 70 76 117 115,simulation,db4,energy,44,50,50,0
W-QDA,W-QDA:qda,5,,0.08,0.072,104 86 40 72 75 73 38 114 78 85 58 103 112 41 54 84 70 76 117 115,104 86 40 72 75 73 38 114 78 85 58 103 112 41 54 84 70 76 117 115,simulation,db4,energy,44,50,50,0
W-CART,W-CART:cart,30,,0.06,0.11,104 86 40 72 75 73 38 114 78 85 58 103 112 41 54 84 70 76 117 115,104 86 40 72 75 73 38 114 78 85 58 103 112 41 54 84 70 76 117 115,simulation,db4,energy,44,50,50,0
ALL,W-CART:cart,30,,0.06,0.11,104 86 40 72 75 73 38 114 78 85 58 103 112 41 54 84 70 76 117 115,104 86 40 72 75 73 38 114 78 85 58 103 112 41 54 84 70 76 117 115,simulation,db4,energy,44,50,50,0
W-NN,W-NN:k=7,3,0.5,0.06,0.226,113 108 110 79 81 83 109 111 78 80 114 115 116 77 82 112 107 117 85 225,113 78 79 114 115 110 108 111 112 80 81 83 107 75 82 84 109 72 73 77,simulation,db4,usage,44,50,50,0
W-QDA,W-QDA:qda,7,0.5,0.08,0.168,113 108 110 79 81 83 109 111 78 80 114 115 116 77 82 112 107 117 85 225,113 78 79 114 115 110 108 111 112 80 81 83 107 75 82 84 109 72 73 77,simulation,db4,usage,44,50,50,0
W-CART,W-CART:cart,18,0.5,0.08,0.146,113 108 110 79 81 83 109 111 78 80 114 115 116 77 82 112 107 117 85 225,113 78 79 114 115 110 108 111 112 80 81 83 107 75 82 84 109 72 73 77,simulation,db4,usage,44,50,50,0
ALL,W-NN:k=7,3,0.5,0.06,0.226,113 108 110 79 81 83 109 111 78 80 114 115 116 77 82 112 107 117 85 225,113 78 79 114 115 110 108 111 112 80 81 83 107 75 82 84 109 72 73 77,simulation,db4,usage,44,50,50,0
W-NN,W-NN:k=3,1,,0.04,0.122,73 118 117 119 71 74 72 36 120 84 116 37 58 237 105 85 113 87 108 107,73 118 117 119 71 74 72 36 120 84 116 37 58 237 105 85 113 87 108 107,simulation,db4,energy,45,50,50,0
W-QDA,W-QDA:qda,3,,0.0,0.088,73 118 117 119 71 74 72 36 120 84 116 37 58 237 105 85 113 87 108 107,73 118 117 119 71 74 72 36 120 84 116 37 58 237 105 85 113 87 108 107,simulation,db4,energy,45,50,50,0
W-CART,W-CART:cart,34,,0.0,0.166,73 118 117 119 71 74 72 36 120 84 116 37 58 237 105 85 113 87 108 107,73 118 117 119 71 74 72 36 120 84 116 37 58 237 105 85 113 87 108 107,simulation,db4,energy,45,50,50,0
ALL,W-QDA:qda,3,,0.0,0.088,73 118 117 119 71 74 72 36 120 84 116 37 58 237 105 85 113 87 108 107,73 118 117 119 71 74 72 36 120 84 116 37 58 237 105 85 113 87 108 107,simulation,db4,energy,45,50,50,0
W-NN,W-NN:k=3,51,2.0,0.02,0.13,73 74 72 109 113 114 118 119 80 85 111 112 116 117 81 82 106 120 107 71,111 73 112 72 74 84 114 116 119 76 82 85 110 113 115 117 118 75 80 108,simulation,db4,usage,45,50,50,0
W-QDA,W-QDA:qda,3,3.0,0.0,0.092,73 118 116 74 113 117 119 72 81 85 109 120 75 106 71 78 80 82 83 84,111 73 112 72 74 84 114 116 119 76 82 85 110 113 115 117 118 75 80 108,simulation,db4,usage,45,50,50,0
W-CART,W-CART:cart,2,1.0,0.0,0.138,111 73 112 72 74 84 114 116 119 76 82 85 110 113 115 117 118 75 80 108,111 73 112 72 74 84 114 116 119 76 82 85 110 113 115 117 118 75 80 108,simulation,db4,usage,45,50,50,0
ALL,W-CART:cart,2,1.0,0.0,0.138,111 73 112 72 74 84 114 116 119 76 82 85 110 113 115 117 118 75 80 108,111 73 112 72 74 84 114 116 119 76 82 85 110 113 115 117 118 75 80 108,simulation,db4,usage,45,50,50,0
W-NN,W-NN:k=5,3,,0.04,0.12,104 75 35 108 85 106 71 83 107 88 76 58 84 109 115 120 82 117 114 74,104 75 35 108 85 106 71 83 107 88 76 58 84 109 115 120 82 117 114 74,simulation,db4,energy,46,50,50,0
W-QDA,W-QDA:qda,6,,0.02,0.038,104 75 35 108 85 106 71 83 107 88 76 58 84 109 115 120 82 117 114 74,104 75 35 108 85 106 71 83 107 88 76 58 84 109 115 120 82 117 114 74,simulation,db4,energy,46,50,50,0
W-CART,W-CART:cart,1,,0.08,0.114,104 75 35 108 85 106 71 83 107 88 76 58 84 109 115 120 82 117 114 74,104 75 35 108 85 106 71 83 107 88 76 58 84 109 115 120 82 117 114 74,simulation,db4,energy,46,50,50,0
ALL,W-QDA:qda,6,,0.02,0.038,104 75 35 108 85 106 71 83 107 88 76 58 84 109 115 120 82 117 114 74,104 75 35 108 85 106 71 83 107 88 76 58 84 109 115 120 82 117 114 74,simulation,db4,energy,46,50,50,0
W-NN,W-NN:k=3,7,1.0,0.02,0.134,77 79 80 84 112 78 107 109 110 81 83 105 108 111 113 76 115 116 82 85,77 79 80 84 112 78 107 109 110 81 83 105 108 111 113 76 115 116 82 85,simulation,db4,usage,46,50,50,0
W-QDA,W-QDA:qda,9,2.0,0.04,0.03,78 82 79 84 104 105 112 113 75 77 85 106 107 108 110 109 114 76 111 74,77 79 80 84 112 78 107 109 110 81 83 105 108 111 113 76 115 116 82 85,simulation,db4,usage,46,50,50,0
W-CART,W-CART:cart,1,3.0,0.08,0.114,104 84 85 106 76 105 74 78 81 109 111 112 114 77 108 110 113 115 75 83,77 79 80 84 112 78 107 109 110 81 83 105 108 111 113 76 115 116 82 85,simulation,db4,usage,46,50,50,0
ALL,W-NN:k=3,7,1.0,0.02,0.134,77 79 80 84 112 78 107 109 110 81 83 105 108 111 113 76 115 116 82 85,77 79 80 84 112 78 107 109 110 81 83 105 108 111 113 76 115 116 82 85,simulation,db4,usage,46,50,50,0
W-NN,W-NN:k=1,2,,0.06,0.13,72 108 82 238 109 84 88 87 86 239 83 105 71 55 76 53 51 114 81 107,72 108 82 238 109 84 88 87 86 239 83 105 71 55 76 53 51 114 81 107,simulation,db4,energy,47,50,50,0
W-QDA,W-QDA:qda,8,,0.0,0.032,72 108 82 238 109 84 88 87 86 239 83 105 71 55 76 53 51 114 81 107,72 108 82 238 109 84 88 87 86 239 83 105 71 55 76 53 51 114 81 107,simulation,db4,energy,47,50,50,0
W-CART,W-CART:cart,42,,0.06,0.086,72 108 82 238 109 84 88 87 86 239 83 105 71 55 76 53 51 114 81 107,72 108 82 238 109 84 88 87 86 239 83 105 71 55 76 53 51 114 81 107,simulation,db4,energy,47,50,50,0
ALL,W-QDA:qda,8,,0.0,0.032,72 108 82 238 109 84 88 87 86 239 83 105 71 55 76 53 51 114 81 107,72 108 82 238 109 84 88 87 86 239 83 105 71 55 76 53 51 114 81 107,simulation,db4,energy,47,50,50,0
W-NN,W-NN:k=1,3,0.5,0.06,0.148,78 83 108 109 110 111 79 80 82 84 81 85 86 105 107 113 74 75 87 106,110 84 111 107 79 81 82 108 109 80 85 83 86 105 76 78 113 75 106 116,simulation,db4,usage,47,50,50,0
W-QDA,W-QDA:qda,10,2.0,0.0,0.104,82 84 107 108 81 105 76 83 85 109 86 87 104 106 78 80 114 115 116 118,110 84 111 107 79 81 82 108 109 80 85 83 86 105 76 78 113 75 106 116,simulation,db4,usage,47,50,50,0
W-CART,W-CART:cart,17,3.0,0.02,0.12,107 82 84 87 105 86 109 106 108 76 116 75 83 85 110 114 118 72 73 77,110 84 111 107 79 81 82 108 109 80 85 83 86 105 76 78 113 75 106 116,simulation,db4,usage,47,50,50,0
ALL,W-QDA:qda,10,2.0,0.0,0.104,82 84 107 108 81 105 76 83 85 109 86 87 104 106 78 80 114 115 116 118,110 84 111 107 79 81 82 108 109 80 85 83 86 105 76 78 113 75 106 116,simulation,db4,usage,47,50,50,0
W-NN,W-NN:k=5,2,,0.06,0.158,85 114 71 117 38 72 106 119 118 60 75 73 76 115 116 74 36 120 107 111,85 114 71 117 38 72 106 119 118 60 75 73 76 115 116 74 36 120 107 111,simulation,db4,energy,48,50,50,0
W-QDA,W-QDA:qda,3,,0.0,0.104,85 114 71 117 38 72 106 119 118 60 75 73 76 115 116 74 36 120 107 111,85 114 71 117 38 72 106 119 118 60 75 73 76 115 116 74 36 120 107 111,simulation,db4,energy,48,50,50,0
W-CART,W-CART:cart,7,,0.02,0.114,85 114 71 117 38 72 106 119 118 60 75 73 76 115 116 74 36 120 107 111,85 114 71 117 38 72 106 119 118 60 75 73 76 115 116 74 36 120 107 111,simulation,db4,energy,48,50,50,0
ALL,W-QDA:qda,3,,0.0,0.104,85 114 71 117 38 72 106 119 118 60 75 73 76 115 116 74 36 120 107 111,85 114 71 117 38 72 106 119 118 60 75 73 76 115 116 74 36 120 107 111,simulation,db4,energy,48,50,50,0
W-NN,W-NN:k=3,4,0.5,0.04,0.2,115 112 78 76 116 113 75 80 73 74 77 79 114 118 82 108 109 110 117 81,116 112 115 75 76 114 117 74 78 72 73 80 110 113 119 106 107 108 109 77,simulation,db4,usage,48,50,50,0
W-QDA,W-QDA:qda,4,1.5,0.02,0.122,116 76 112 73 75 114 117 72 74 78 80 107 108 109 113 83 106 119 77 85,116 112 115 75 76 114 117 74 78 72 73 80 110 113 119 106 107 108 109 77,simulation,db4,usage,48,50,50,0
W-CART,W-CART:cart,5,1.5,0.02,0.134,116 76 112 73 75 114 117 72 74 78 80 107 108 109 113 83 106 119 77 85,116 112 115 75 76 114 117 74 78 72 73 80 110 113 119 106 107 108 109 77,simulation,db4,usage,48,50,50,0
ALL,W-QDA:qda,4,1.5,0.02,0.122,116 76 112 73 75 114 117 72 74 78 80 107 108 109 113 83 106 119 77 85,116 112 115 75 76 114 117 74 78 72 73 80 110 113 119 106 107 108 109 77,simulation,db4,usage,48,50,50,0
W-NN,W-NN:k=3,39,,0.04,0.166,115 73 72 119 88 118 59 114 85 106 117 111 74 89 116 58 77 75 79 83,115 73 72 119 88 118 59 114 85 106 117 111 74 89 116 58 77 75 79 83,simulation,db4,energy,49,50,50,0
W-QDA,W-QDA:qda,11,,0.0,0.048,115 73 72 119 88 118 59 114 85 106 117 111 74 89 116 58 77 75 79 83,115 73 72 119 88 118 59 114 85 106 117 111 74 89 116 58 77 75 79 83,simulation,db4,energy,49,50,50,0
W-CART,W-CART:cart,15,,0.04,0.078,115 73 72 119 88 118 59 114 85 106 117 111 74 89 116 58 77 75 79 83,115 73 72 119 88 118 59 114 85 106 117 111 74 89 116 58 77 75 79 83,simulation,db4,energy,49,50,50,0
ALL,W-QDA:qda,11,,0.0,0.048,115 73 72 119 88 118 59 114 85 106 117 111 74 89 116 58 77 75 79 83,115 73 72 119 88 118 59 114 85 106 117 111 74 89 116 58 77 75 79 83,simulation,db4,energy,49,50,50,0
W-NN,W-NN:k=3,48,2.0,0.04,0.17,74 75 115 114 77 73 76 116 72 107 113 117 118 119 78 80 82 79 83 84,115 114 73 75 113 118 76 77 111 74 78 83 116 80 84 110 81 112 71 79,simulation,db4,usage,49,50,50,0
W-QDA,W-QDA:qda,3,1.0,0.08,0.088,115 114 73 75 113 118 76 77 111 74 78 83 116 80 84 110 81 112 71 79,115 114 73 75 113 118 76 77 111 74 78 83 116 80 84 110 81 112 71 79,simulation,db4,usage,49,50,50,0
W-CART,W-CART:cart,23,3.0,0.04,0.082,74 75 114 116 72 76 115 73 77 82 83 118 79 109 110 117 119 120 78 81,115 114 73 75 113 118 76 77 111 74 78 83 116 80 84 110 81 112 71 79,simulation,db4,usage,49,50,50,0
ALL,W-CART:cart,23,3.0,0.04,0.082,74 75 114 116 72 76 115 73 77 82 83 118 79 109 110 117 119 120 78 81,115 114 73 75 113 118 76 77 111 74 78 83 116 80 84 110 81 112 71 79,simulation,db4,usage,49,50,50,0
W-NN,W-NN:k=3,50,,0.12,0.18,109 165 106 81 77 110 107 112 82 41 83 54 78 75 114 79 72 218 71 80,109 165 106 81 77 110 107 112 82 41 83 54 78 75 114 79 72 218 71 80,simulation,db4,energy,50,50,50,0
W-QDA,W-QDA:qda,5,,0.08,0.108,109 165 106 81 77 110 107 112 82 41 83 54 78 75 114 79 72 218 71 80,109 165 106 81 77 110 107 112 82 41 83 54 78 75 114 79 72 218 71 80,simulation,db4,energy,50,50,50,0
W-CART,W-CART:cart,3,,0.1,0.128,109 165 106 81 77 110 107 112 82 41 83 54 78 75 114 79 72 218 71 80,109 165 106 81 77 110 107 112 82 41 83 54 78 75 114 79 72 218 71 80,simulation,db4,energy,50,50,50,0
ALL,W-QDA:qda,5,,0.08,0.108,109 165 106 81 77 110 107 112 82 41 83 54 78 75 114 79 72 218 71 80,109 165 106 81 77 110 107 112 82 41 83 54 78 75 114 79 72 218 71 80,simulation,db4,energy,50,50,50,0
W-NN,W-NN:k=1,17,3.0,0.06,0.154,112 78 77 108 113 115 75 81 110 114 116 117 80 82 83 109 73 74 76 79,112 77 76 110 113 115 74 81 73 75 78 111 114 80 108 109 79 82 72 116,simulation,db4,usage,50,50,50,0
W-QDA,W-QDA:qda,9,1.0,0.06,0.08,112 77 76 110 113 115 74 81 73 75 78 111 114 80 108 109 79 82 72 116,112 77 76 110 113 115 74 81 73 75 78 111 114 80 108 109 79 82 72 116,simulation,db4,usage,50,50,50,0
W-CART,W-CART:cart,9,1.0,0.06,0.152,112 77 76 110 113 115 74 81 73 75 78 111 114 80 108 109 79 82 72 116,112 77 76 110 113 115 74 81 73 75 78 111 114 80 108 109 79 82 72 116,simulation,db4,usage,50,50,50,0
ALL,W-QDA:qda,9,1.0,0.06,0.08,112 77 76 110 113 115 74 81 73 75 78 111 114 80 108 109 79 82 72 116,112 77 76 110 113 115 74 81 73 75 78 111 114 80 108 109 79 82 72 116,simulation,db4,usage,50,50,50,0
W-NN,W-NN:k=5,9,,0.04,0.084,106 118 145 84 72 42 38 104 114 120 115 78 113 110 238 112 107 119 35 111,106 118 145 84 72 42 38 104 114 120 115 78 113 110 238 112 107 119 35 111,simulation,db4,energy,51,50,50,0
W-QDA,W-QDA:qda,3,,0.04,0.1,106 118 145 84 72 42 38 104 114 120 115 78 113 110 238 112 107 119 35 111,106 118 145 84 72 42 38 104 114 120 115 78 113 110 238 112 107 119 35 111,simulation,db4,energy,51,50,50,0
W-CART,W-CART:cart,10,,0.04,0.162,106 118 145 84 72 42 38 104 114 120 115 78 113 110 238 112 107 119 35 111,106 118 145 84 72 42 38 104 114 120 115 78 113 110 238 112 107 119 35 111,simulation,db4,energy,51,50,50,0
ALL,W-QDA:qda,3,,0.04,0.1,106 118 145 84 72 42 38 104 114 120 115 78 113 110 238 112 107 119 35 111,106 118 145 84 72 42 38 104 114 120 115 78 113 110 238 112 107 119 35 111,simulation,db4,energy,51,50,50,0
W-NN,W-NN:k=1,21,1.5,0.04,0.186,77 111 78 113 76 79 114 74 109 110 116 118 80 81 82 84 117 83 107 75,79 78 111 113 77 81 116 82 110 76 84 109 112 114 80 83 74 75 107 115,simulation,db4,usage,51,50,50,0
W-QDA,W-QDA:qda,8,3.0,0.04,0.076,74 82 113 116 79 110 114 76 77 80 83 109 112 111 75 78 73 84 85 115,79 78 111 113 77 81 116 82 110 76 84 109 112 114 80 83 74 75 107 115,simulation,db4,usage,51,50,50,0
W-CART,W-CART:cart,16,3.0,0.08,0.134,74 82 113 116 79 110 114 76 77 80 83 109 112 111 75 78 73 84 85 115,79 78 111 113 77 81 116 82 110 76 84 109 112 114 80 83 74 75 107 115,simulation,db4,usage,51,50,50,0
ALL,W-QDA:qda,8,3.0,0.04,0.076,74 82 113 116 79 110 114 76 77 80 83 109 112 111 75 78 73 84 85 115,79 78 111 113 77 81 116 82 110 76 84 109 112 114 80 83 74 75 107 115,simulation,db4,usage,51,50,50,0
W-NN,W-NN:k=3,62,,0.06,0.182,84 80 107 83 116 81 57 216 110 115 75 106 118 72 113 108 119 112 145 82,84 80 107 83 116 81 57 216 110 115 75 106 118 72 113 108 119 112 145 82,simulation,db4,energy,52,50,50,0
W-QDA,W-QDA:qda,12,,0.04,0.052,84 80 107 83 116 81 57 216 110 115 75 106 118 72 113 108 119 112 145 82,84 80 107 83 116 81 57 216 110 115 75 106 118 72 113 108 119 112 145 82,simulation,db4,energy,52,50,50,0
W-CART,W-CART:cart,35,,0.12,0.148,84 80 107 83 116 81 57 216 110 115 75 106 118 72 113 108 119 112 145 82,84 80 107 83 116 81 57 216 110 115 75 106 118 72 113 108 119 112 145 82,simulation,db4,energy,52,50,50,0
ALL,W-QDA:qda,12,,0.04,0.052,84 80 107 83 116 81 57 216 110 115 75 106 118 72 113 108 119 112 145 82,84 80 107 83 116 81 57 216 110 115 75 106 118 72 113 108 119 112 145 82,simulation,db4,energy,52,50,50,0
W-NN,W-NN:k=1,11,3.0,0.04,0.098,75 83 84 82 78 80 107 111 114 72 79 112 113 74 77 108 110 81 85 106,114 75 78 79 80 112 115 76 81 111 77 82 110 83 84 85 108 113 116 74,simulation,db4,usage,52,50,50,0
W-QDA,W-QDA:qda,20,2.0,0.0,0.06,75 80 83 84 77 78 110 112 113 114 115 79 85 108 111 74 76 81 82 106,114 75 78 79 80 112 115 76 81 111 77 82 110 83 84 85 108 113 116 74,simulation,db4,usage,52,50,50,0
W-CART,W-CART:cart,10,3.0,0.04,0.048,75 83 84 82 78 80 107 111 114 72 79 112 113 74 77 108 110 81 85 106,114 75 78 79 80 112 115 76 81 111 77 82 110 83 84 85 108 113 116 74,simulation,db4,usage,52,50,50,0
ALL,W-QDA:qda,20,2.0,0.0,0.06,75 80 83 84 77 78 110 112 113 114 115 79 85 108 111 74 76 81 82 106,114 75 78 79 80 112 115 76 81 111 77 82 110 83 84 85 108 113 116 74,simulation,db4,usage,52,50,50,0
W-NN,W-NN:k=1,9,,0.06,0.21,53 113 106 56 151 78 115 156 88 77 110 155 109 55 83 107 84 111 108 112,53 113 106 56 151 78 115 156 88 77 110 155 109 55 83 107 84 111 108 112,simulation,db4,energy,53,50,50,0
W-QDA,W-QDA:qda,14,,0.04,0.072,53 113 106 56 151 78 115 156 88 77 110 155 109 55 83 107 84 111 108 112,53 113 106 56 151 78 115 156 88 77 110 155 109 55 83 107 84 111 108 112,simulation,db4,energy,53,50,50,0
W-CART,W-CART:cart,18,,0.04,0.164,53 113 106 56 151 78 115 156 88 77 110 155 109 55 83 107 84 111 108 112,53 113 106 56 151 78 115 156 88 77 110 155 109 55 83 107 84 111 108 112,simulation,db4,energy,53,50,50,0
ALL,W-QDA:qda,14,,0.04,0.072,53 113 106 56 151 78 115 156 88 77 110 155 109 55 83 107 84 111 108 112,53 113 106 56 151 78 115 156 88 77 110 155 109 55 83 107 84 111 108 112,simulation,db4,energy,53,50,50,0
W-NN,W-NN:k=5,5,2.0,0.06,0.198,79 82 112 107 81 109 80 83 106 110 84 108 111 78 85 113 86 87 76 77,82 79 80 81 109 112 110 83 111 113 78 108 84 86 107 77 106 76 105 114,simulation,db4,usage,53,50,50,0
W-QDA,W-QDA:qda,8,2.0,0.06,0.124,79 82 112 107 81 109 80 83 106 110 84 108 111 78 85 113 86 87 76 77,82 79 80 81 109 112 110 83 111 113 78 108 84 86 107 77 106 76 105 114,simulation,db4,usage,53,50,50,0
W-CART,W-CART:cart,17,1.5,0.02,0.12,82 112 79 80 81 83 109 110 111 107 84 113 106 108 78 86 85 114 77 87,82 79 80 81 109 112 110 83 111 113 78 108 84 86 107 77 106 76 105 114,simulation,db4,usage,53,50,50,0
ALL,W-CART:cart,17,1.5,0.02,0.12,82 112 79 80 81 83 109 110 111 107 84 113 106 108 78 86 85 114 77 87,82 79 80 81 109 112 110 83 111 113 78 108 84 86 107 77 106 76 105 114,simulation,db4,usage,53,50,50,0
W-NN,W-NN:k=1,44,,0.16,0.21,81 109 83 108 110 82 219 87 220 107 103 53 84 102 40 76 79 85 112 80,81 109 83 108 110 82 219 87 220 107 103 53 84 102 40 76 79 85 112 80,simulation,db4,energy,54,50,50,0
W-QDA,W-QDA:qda,4,,0.22,0.162,81 109 83 108 110 82 219 87 220 107 103 53 84 102 40 76 79 85 112 80,81 109 83 108 110 82 219 87 220 107 103 53 84 102 40 76 79 85 112 80,simulation,db4,energy,54,50,50,0
W-CART,W-CART:cart,8,,0.12,0.132,81 109 83 108 110 82 219 87 220 107 103 53 84 102 40 76 79 85 112 80,81 109 83 108 110 82 219 87 220 107 103 53 84 102 40 76 79 85 112 80,simulation,db4,energy,54,50,50,0
ALL,W-CART:cart,8,,0.12,0.132,81 109 83 108 110 82 219 87 220 107 103 53 84 102 40 76 79 85 112 80,81 109 83 108 110 82 219 87 220 107 103 53 84 102 40 76 79 85 112 80,simulation,db4,energy,54,50,50,0
W-NN,W-NN:k=3,28,2.0,0.06,0.13,81 109 82 83 110 78 79 85 107 108 84 112 113 114 76 80 111 106 77 115,81 110 109 79 83 108 112 78 82 111 113 80 84 85 106 114 115 76 107 105,simulation,db4,usage,54,50,50,0
W-QDA,W-QDA:qda,2,3.0,0.22,0.21,82 83 81 110 80 109 84 108 111 107 113 78 79 85 106 114 112 115 75 77,81 110 109 79 83 108 112 78 82 111 113 80 84 85 106 114 115 76 107 105,simulation,db4,usage,54,50,50,0
W-CART,W-CART:cart,25,0.5,0.1,0.12,81 110 109 79 80 82 112 113 83 85 108 111 106 107 114 84 86 78 105 115,81 110 109 79 83 108 112 78 82 111 113 80 84 85 106 114 115 76 107 105,simulation,db4,usage,54,50,50,0
ALL,W-NN:k=3,28,2.0,0.06,0.13,81 109 82 83 110 78 79 85 107 108 84 112 113 114 76 80 111 106 77 115,81 110 109 79 83 108 112 78 82 111 113 80 84 85 106 114 115 76 107 105,simulation,db4,usage,54,50,50,0
W-NN,W-NN:k=1,39,,0.1,0.172,79 107 112 84 108 116 109 106 110 82 83 85 54 111 80 53 168 75 114 113,79 107 112 84 108 116 109 106 110 82 83 85 54 111 80 53 168 75 114 113,simulation,db4,energy,55,50,50,0
W-QDA,W-QDA:qda,7,,0.08,0.074,79 107 112 84 108 116 109 106 110 82 83 85 54 111 80 53 168 75 114 113,79 107 112 84 108 116 109 106 110 82 83 85 54 111 80 53 168 75 114 113,simulation,db4,energy,55,50,50,0
W-CART,W-CART:cart,34,,0.1,0.176,79 107 112 84 108 116 109 106 110 82 83 85 54 111 80 53 168 75 114 113,79 107 112 84 108 116 109 106 110 82 83 85 54 111 80 53 168 75 114 113,simulation,db4,energy,55,50,50,0
ALL,W-QDA:qda,7,,0.08,0.074,79 107 112 84 108 116 109 106 110 82 83 85 54 111 80 53 168 75 114 113,79 107 112 84 108 116 109 106 110 82 83 85 54 111 80 53 168 75 114 113,simulation,db4,energy,55,50,50,0
W-NN,W-NN:k=1,8,3.0,0.06,0.178,83 107 106 108 105 109 87 110 81 82 84 86 114 79 85 112 80 111 77 104,82 84 108 109 110 106 83 107 113 81 85 105 112 77 78 218 79 80 111 86,simulation,db4,usage,55,50,50,0
W-QDA,W-QDA:qda,5,3.0,0.08,0.12,83 107 106 108 105 109 87 110 81 82 84 86 114 79 85 112 80 111 77 104,82 84 108 109 110 106 83 107 113 81 85 105 112 77 78 218 79 80 111 86,simulation,db4,usage,55,50,50,0
W-CART,W-CART:cart,5,3.0,0.1,0.178,83 107 106 108 105 109 87 110 81 82 84 86 114 79 85 112 80 111 77 104,82 84 108 109 110 106 83 107 113 81 85 105 112 77 78 218 79 80 111 86,simulation,db4,usage,55,50,50,0
ALL,W-NN:k=1,8,3.0,0.06,0.178,83 107 106 108 105 109 87 110 81 82 84 86 114 79 85 112 80 111 77 104,82 84 108 109 110 106 83 107 113 81 85 105 112 77 78 218 79 80 111 86,simulation,db4,usage,55,50,50,0
W-NN,W-NN:k=3,54,,0.1,0.16,110 80 71 73 86 72 111 78 42 74 79 75 117 104 77 113 103 102 239 116,110 80 71 73 86 72 111 78 42 74 79 75 117 104 77 113 103 102 239 116,simulation,db4,energy,56,50,50,0
W-QDA,W-QDA:qda,14,,0.0,0.036,110 80 71 73 86 72 111 78 42 74 79 75 117 104 77 113 103 102 239 116,110 80 71 73 86 72 111 78 42 74 79 75 117 104 77 113 103 102 239 116,simulation,db4,energy,56,50,50,0
W-CART,W-CART:cart,31,,0.04,0.136,110 80 71 73 86 72 111 78 42 74 79 75 117 104 77 113 103 102 239 116,110 80 71 73 86 72 111 78 42 74 79 75 117 104 77 113 103 102 239 116,simulation,db4,energy,56,50,50,0
ALL,W-QDA:qda,14,,0.0,0.036,110 80 71 73 86 72 111 78 42 74 79 75 117 104 77 113 103 102 239 116,110 80 71 73 86 72 111 78 42 74 79 75 117 104 77 113 103 102 239 116,simulation,db4,energy,56,50,50,0
W-NN,W-NN:k=3,20,2.0,0.0,0.092,109 81 107 74 77 82 80 83 85 79 106 110 111 112 73 75 86 114 78 84,110 79 80 109 111 77 81 82 112 114 74 107 78 83 106 75 113 73 84 105,simulation,db4,usage,56,50,50,0
W-QDA,W-QDA:qda,6,2.0,0.0,0.06,109 81 107 74 77 82 80 83 85 79 106 110 111 112 73 75 86 114 78 84,110 79 80 109 111 77 81 82 112 114 74 107 78 83 106 75 113 73 84 105,simulation,db4,usage,56,50,50,0
W-CART,W-CART:cart,14,1.5,0.04,0.15,77 81 109 110 79 80 107 82 106 111 112 74 78 83 73 85 108 75 86 87,110 79 80 109 111 77 81 82 112 114 74 107 78 83 106 75 113 73 84 105,simulation,db4,usage,56,50,50,0
ALL,W-QDA:qda,6,2.0,0.0,0.06,109 81 107 74 77 82 80 83 85 79 106 110 111 112 73 75 86 114 78 84,110 79 80 109 111 77 81 82 112 114 74 107 78 83 106 75 113 73 84 105,simulation,db4,usage,56,50,50,0
W-NN,W-NN:k=1,13,,0.04,0.112,116 76 37 117 115 75 55 74 52 43 112 42 106 113 111 105 87 73 118 114,116 76 37 117 115 75 55 74 52 43 112 42 106 113 111 105 87 73 118 114,simulation,db4,energy,57,50,50,0
W-QDA,W-QDA:qda,13,,0.12,0.1,116 76 37 117 115 75 55 74 52 43 112 42 106 113 111 105 87 73 118 114,116 76 37 117 115 75 55 74 52 43 112 42 106 113 111 105 87 73 118 114,simulation,db4,energy,57,50,50,0
W-CART,W-CART:cart,4,,0.1,0.148,116 76 37 117 115 75 55 74 52 43 112 42 106 113 111 105 87 73 118 114,116 76 37 117 115 75 55 74 52 43 112 42 106 113 111 105 87 73 118 114,simulation,db4,energy,57,50,50,0
ALL,W-NN:k=1,13,,0.04,0.112,116 76 37 117 115 75 55 74 52 43 112 42 106 113 111 105 87 73 118 114,116 76 37 117 115 75 55 74 52 43 112 42 106 113 111 105 87 73 118 114,simulation,db4,energy,57,50,50,0
W-NN,W-NN:k=3,41,1.5,0.02,0.156,116 115 75 117 113 74 112 73 77 111 118 80 107 109 114 108 110 76 78 79,115 114 111 116 74 73 76 78 79 113 75 80 112 117 110 118 77 107 108 109,simulation,db4,usage,57,50,50,0
W-QDA,W-QDA:qda,13,3.0,0.06,0.11,116 117 73 74 75 115 112 113 118 76 105 106 109 79 111 114 119 77 78 85,115 114 111 116 74 73 76 78 79 113 75 80 112 117 110 118 77 107 108 109,simulation,db4,usage,57,50,50,0
W-CART,W-CART:cart,5,1.5,0.1,0.13,116 115 75 117 113 74 112 73 77 111 118 80 107 109 114 108 110 76 78 79,115 114 111 116 74 73 76 78 79 113 75 80 112 117 110 118 77 107 108 109,simulation,db4,usage,57,50,50,0
ALL,W-NN:k=3,41,1.5,0.02,0.156,116 115 75 117 113 74 112 73 77 111 118 80 107 109 114 108 110 76 78 79,115 114 111 116 74 73 76 78 79 113 75 80 112 117 110 118 77 107 108 109,simulation,db4,usage,57,50,50,0
W-NN,W-NN:k=1,43,,0.06,0.15,83 75 82 109 110 107 53 74 80 81 76 42 115 106 84 112 111 108 54 40,83 75 82 109 110 107 53 74 80 81 76 42 115 106 84 112 111 108 54 40,simulation,db4,energy,58,50,50,0
W-QDA,W-QDA:qda,3,,0.04,0.106,83 75 82 109 110 107 53 74 80 81 76 42 115 106 84 112 111 108 54 40,83 75 82 109 110 107 53 74 80 81 76 42 115 106 84 112 111 108 54 40,simulation,db4,energy,58,50,50,0
W-CART,W-CART:cart,2,,0.12,0.118,83 75 82 109 110 107 53 74 80 81 76 42 115 106 84 112 111 108 54 40,83 75 82 109 110 107 53 74 80 81 76 42 115 106 84 112 111 108 54 40,simulation,db4,energy,58,50,50,0
ALL,W-QDA:qda,3,,0.04,0.106,83 75 82 109 110 107 53 74 80 81 76 42 115 106 84 112 111 108 54 40,83 75 82 109 110 107 53 74 80 81 76 42 115 106 84 112 111 108 54 40,simulation,db4,energy,58,50,50,0
W-NN,W-NN:k=1,37,3.0,0.02,0.142,80 82 110 83 109 75 106 76 84 85 108 74 111 112 113 116 53 79 81 105,113 110 79 80 82 81 109 112 83 76 78 84 111 114 107 77 86 106 108 115,simulation,db4,usage,58,50,50,0
W-QDA,W-QDA:qda,20,0.5,0.0,0.066,113 81 110 112 79 80 109 82 83 114 78 84 111 115 76 77 107 74 116 157,113 110 79 80 82 81 109 112 83 76 78 84 111 114 107 77 86 106 108 115,simulation,db4,usage,58,50,50,0
W-CART,W-CART:cart,8,3.0,0.06,0.108,80 82 110 83 109 75 106 76 84 85 108 74 111 112 113 116 53 79 81 105,113 110 79 80 82 81 109 112 83 76 78 84 111 114 107 77 86 106 108 115,simulation,db4,usage,58,50,50,0
ALL,W-QDA:qda,20,0.5,0.0,0.066,113 81 110 112 79 80 109 82 83 114 78 84 111 115 76 77 107 74 116 157,113 110 79 80 82 81 109 112 83 76 78 84 111 114 107 77 86 106 108 115,simulation,db4,usage,58,50,50,0
W-NN,W-NN:k=1,24,,0.08,0.138,145 88 103 87 119 59 104 89 83 80 112 36 107 79 111 81 86 51 78 84,145 88 103 87 119 59 104 89 83 80 112 36 107 79 111 81 86 51 78 84,simulation,db4,energy,59,50,50,0
W-QDA,W-QDA:qda,13,,0.0,0.054,145 88 103 87 119 59 104 89 83 80 112 36 107 79 111 81 86 51 78 84,145 88 103 87 119 59 104 89 83 80 112 36 107 79 111 81 86 51 78 84,simulation,db4,energy,59,50,50,0
W-CART,W-CART:cart,45,,0.06,0.174,145 88 103 87 119 59 104 89 83 80 112 36 107 79 111 81 86 51 78 84,145 88 103 87 119 59 104 89 83 80 112 36 107 79 111 81 86 51 78 84,simulation,db4,energy,59,50,50,0
ALL,W-QDA:qda,13,,0.0,0.054,145 88 103 87 119 59 104 89 83 80 112 36 107 79 111 81 86 51 78 84,145 88 103 87 119 59 104 89 83 80 112 36 107 79 111 81 86 51 78 84,simulation,db4,energy,59,50,50,0
W-NN,W-NN:k=1,4,3.0,0.06,0.166,86 87 110 79 83 80 81 84 85 88 103 107 109 111 112 104 108 76 78 82,80 81 106 108 110 86 87 105 79 83 85 104 107 109 111 112 113 78 82 77,simulation,db4,usage,59,50,50,0
W-QDA,W-QDA:qda,8,0.5,0.04,0.118,106 80 109 86 104 87 105 110 79 81 108 111 112 82 83 85 84 107 78 88,80 81 106 108 110 86 87 105 79 83 85 104 107 109 111 112 113 78 82 77,simulation,db4,usage,59,50,50,0
W-CART,W-CART:cart,5,0.5,0.08,0.102,106 80 109 86 104 87 105 110 79 81 108 111 112 82 83 85 84 107 78 88,80 81 106 108 110 86 87 105 79 83 85 104 107 109 111 112 113 78 82 77,simulation,db4,usage,59,50,50,0
ALL,W-QDA:qda,8,0.5,0.04,0.118,106 80 109 86 104 87 105 110 79 81 108 111 112 82 83 85 84 107 78 88,80 81 106 108 110 86 87 105 79 83 85 104 107 109 111 112 113 78 82 77,simulation,db4,usage,59,50,50,0
W-NN,W-NN:k=3,15,,0.06,0.12,241 70 118 83 154 141 106 229 74 120 107 116 84 81 105 155 85 242 121 80,241 70 118 83 154 141 106 229 74 120 107 116 84 81 105 155 85 242 121 80,simulation,db4,energy,60,50,50,0
W-QDA,W-QDA:qda,7,,0.02,0.062,241 70 118 83 154 141 106 229 74 120 107 116 84 81 105 155 85 242 121 80,241 70 118 83 154 141 106 229 74 120 107 116 84 81 105 155 85 242 121 80,simulation,db4,energy,60,50,50,0
W-CART,W-CART:cart,4,,0.06,0.128,241 70 118 83 154 141 106 229 74 120 107 116 84 81 105 155 85 242 121 80,241 70 118 83 154 141 106 229 74 120 107 116 84 81 105 155 85 242 121 80,simulation,db4,energy,60,50,50,0
ALL,W-QDA:qda,7,,0.02,0.062,241 70 118 83 154 141 106 229 74 120 107 116 84 81 105 155 85 242 121 80,241 70 118 83 154 141 106 229 74 120 107 116 84 81 105 155 85 242 121 80,simulation,db4,energy,60,50,50,0
W-NN,W-NN:k=1,7,2.0,0.06,0.146,82 107 81 85 106 83 113 114 84 108 109 115 76 78 79 80 105 111 103 112,82 83 108 81 107 84 111 80 85 79 78 112 114 115 106 109 110 113 105 76,simulation,db4,usage,60,50,50,0
W-QDA,W-QDA:qda,14,3.0,0.04,0.048,85 107 82 113 105 80 106 83 84 114 112 115 117 118 76 81 103 108 109 73,82 83 108 81 107 84 111 80 85 79 78 112 114 115 106 109 110 113 105 76,simulation,db4,usage,60,50,50,0
W-CART,W-CART:cart,9,0.5,0.08,0.128,81 82 84 108 107 112 83 85 110 80 111 106 78 217 115 164 79 105 109 113,82 83 108 81 107 84 111 80 85 79 78 112 114 115 106 109 110 113 105 76,simulation,db4,usage,60,50,50,0
ALL,W-QDA:qda,14,3.0,0.04,0.048,85 107 82 113 105 80 106 83 84 114 112 115 117 118 76 81 103 108 109 73,82 83 108 81 107 84 111 80 85 79 78 112 114 115 106 109 110 113 105 76,simulation,db4,usage,60,50,50,0
W-NN,W-NN:k=7,3,,0.08,0.132,71 120 75 77 116 76 114 104 112 118 74 87 82 40 111 117 72 113 119 73,71 120 75 77 116 76 114 104 112 118 74 87 82 40 111 117 72 113 119 73,simulation,db4,energy,61,50,50,0
W-QDA,W-QDA:qda,4,,0.04,0.052,71 120 75 77 116 76 114 104 112 118 74 87 82 40 111 117 72 113 119 73,71 120 75 77 116 76 114 104 112 118 74 87 82 40 111 117 72 113 119 73,simulation,db4,energy,61,50,50,0
W-CART,W-CART:cart,3,,0.1,0.132,71 120 75 77 116 76 114 104 112 118 74 87 82 40 111 117 72 113 119 73,71 120 75 77 116 76 114 104 112 118 74 87 82 40 111 117 72 113 119 73,simulation,db4,energy,61,50,50,0
ALL,W-QDA:qda,4,,0.04,0.052,71 120 75 77 116 76 114 104 112 118 74 87 82 40 111 117 72 113 119 73,71 120 75 77 116 76 114 104 112 118 74 87 82 40 111 117 72 113 119 73,simulation,db4,energy,61,50,50,0
W-NN,W-NN:k=1,11,1.0,0.04,0.148,112 83 116 113 78 79 82 114 77 107 109 117 74 81 108 115 75 76 111 73,112 83 116 113 78 79 82 114 77 107 109 117 74 81 108 115 75 76 111 73,simulation,db4,usage,61,50,50,0
W-QDA,W-QDA:qda,2,1.5,0.02,0.126,83 114 113 77 109 116 117 75 78 82 107 112 73 74 76 79 110 111 115 84,112 83 116 113 78 79 82 114 77 107 109 117 74 81 108 115 75 76 111 73,simulation,db4,usage,61,50,50,0
W-CART,W-CART:cart,6,1.5,0.06,0.182,83 114 113 77 109 116 117 75 78 82 107 112 73 74 76 79 110 111 115 84,112 83 116 113 78 79 82 114 77 107 109 117 74 81 108 115 75 76 111 73,simulation,db4,usage,61,50,50,0
ALL,W-QDA:qda,2,1.5,0.02,0.126,83 114 113 77 109 116 117 75 78 82 107 112 73 74 76 79 110 111 115 84,112 83 116 113 78 79 82 114 77 107 109 117 74 81 108 115 75 76 111 73,simulation,db4,usage,61,50,50,0
W-NN,W-NN:k=1,8,,0.06,0.17,109 110 54 83 119 87 84 85 81 107 105 78 89 112 103 104 80 72 108 53,109 110 54 83 119 87 84 85 81 107 105 78 89 112 103 104 80 72 108 53,simulation,db4,energy,62,50,50,0
W-QDA,W-QDA:qda,10,,0.02,0.078,109 110 54 83 119 87 84 85 81 107 105 78 89 112 103 104 80 72 108 53,109 110 54 83 119 87 84 85 81 107 105 78 89 112 103 104 80 72 108 53,simulation,db4,energy,62,50,50,0
W-CART,W-CART:cart,25,,0.02,0.1,109 110 54 83 119 87 84 85 81 107 105 78 89 112 103 104 80 72 108 53,109 110 54 83 119 87 84 85 81 107 105 78 89 112 103 104 80 72 108 53,simulation,db4,energy,62,50,50,0
ALL,W-QDA:qda,10,,0.02,0.078,109 110 54 83 119 87 84 85 81 107 105 78 89 112 103 104 80 72 108 53,109 110 54 83 119 87 84 85 81 107 105 78 89 112 103 104 80 72 108 53,simulation,db4,energy,62,50,50,0
W-NN,W-NN:k=5,2,1.0,0.06,0.182,108 107 109 79 80 83 112 78 81 82 84 110 106 85 105 114 77 76 111 115,108 107 109 79 80 83 112 78 81 82 84 110 106 85 105 114 77 76 111 115,simulation,db4,usage,62,50,50,0
W-QDA,W-QDA:qda,7,3.0,0.02,0.096,108 80 81 84 85 109 107 112 78 106 79 105 110 111 77 82 83 116 103 114,108 107 109 79 80 83 112 78 81 82 84 110 106 85 105 114 77 76 111 115,simulation,db4,usage,62,50,50,0
W-CART,W-CART:cart,14,3.0,0.02,0.126,108 80 81 84 85 109 107 112 78 106 79 105 110 111 77 82 83 116 103 114,108 107 109 79 80 83 112 78 81 82 84 110 106 85 105 114 77 76 111 115,simulation,db4,usage,62,50,50,0
ALL,W-QDA:qda,7,3.0,0.02,0.096,108 80 81 84 85 109 107 112 78 106 79 105 110 111 77 82 83 116 103 114,108 107 109 79 80 83 112 78 81 82 84 110 106 85 105 114 77 76 111 115,simulation,db4,usage,62,50,50,0
W-NN,W-NN:k=3,42,,0.06,0.16,113 77 119 162 72 81 71 221 112 155 56 118 117 111 105 55 87 240 79 52,113 77 119 162 72 81 71 221 112 155 56 118 117 111 105 55 87 240 79 52,simulation,db4,energy,63,50,50,0
W-QDA,W-QDA:qda,3,,0.04,0.096,113 77 119 162 72 81 71 221 112 155 56 118 117 111 105 55 87 240 79 52,113 77 119 162 72 81 71 221 112 155 56 118 117 111 105 55 87 240 79 52,simulation,db4,energy,63,50,50,0
W-CART,W-CART:cart,57,,0.06,0.152,113 77 119 162 72 81 71 221 112 155 56 118 117 111 105 55 87 240 79 52,113 77 119 162 72 81 71 221 112 155 56 118 117 111 105 55 87 240 79 52,simulation,db4,energy,63,50,50,0
ALL,W-QDA:qda,3,,0.04,0.096,113 77 119 162 72 81 71 221 112 155 56 118 117 111 105 55 87 240 79 52,113 77 119 162 72 81 71 221 112 155 56 118 117 111 105 55 87 240 79 52,simulation,db4,energy,63,50,50,0
W-NN,W-NN:k=7,4,3.0,0.02,0.076,106 115 116 73 117 74 77 72 78 111 113 75 87 112 114 118 119 76 85 104,113 114 110 115 72 111 112 77 78 109 116 117 74 75 80 81 82 73 76 118,simulation,db4,usage,63,50,50,0
W-QDA,W-QDA:qda,2,3.0,0.02,0.108,106 115 116 73 117 74 77 72 78 111 113 75 87 112 114 118 119 76 85 104,113 114 110 115 72 111 112 77 78 109 116 117 74 75 80 81 82 73 76 118,simulation,db4,usage,63,50,50,0
W-CART,W-CART:cart,5,3.0,0.02,0.168,106 115 116 73 117 74 77 72 78 111 113 75 87 112 114 118 119 76 85 104,113 114 110 115 72 111 112 77 78 109 116 117 74 75 80 81 82 73 76 118,simulation,db4,usage,63,50,50,0
ALL,W-QDA:qda,2,3.0,0.02,0.108,106 115 116 73 117 74 77 72 78 111 113 75 87 112 114 118 119 76 85 104,113 114 110 115 72 111 112 77 78 109 116 117 74 75 80 81 82 73 76 118,simulation,db4,usage,63,50,50,0
W-NN,W-NN:k=1,22,,0.06,0.158,40 221 110 80 81 27 51 88 103 75 114 87 113 76 115 116 54 74 82 44,40 221 110 80 81 27 51 88 103 75 114 87 113 76 115 116 54 74 82 44,simulation,db4,energy,64,50,50,0
W-QDA,W-QDA:qda,14,,0.04,0.076,40 221 110 80 81 27 51 88 103 75 114 87 113 76 115 116 54 74 82 44,40 221 110 80 81 27 51 88 103 75 114 87 113 76 115 116 54 74 82 44,simulation,db4,energy,64,50,50,0
W-CART,W-CART:cart,23,,0.14,0.162,40 221 110 80 81 27 51 88 103 75 114 87 113 76 115 116 54 74 82 44,40 221 110 80 81 27 51 88 103 75 114 87 113 76 115 116 54 74 82 44,simulation,db4,energy,64,50,50,0
ALL,W-QDA:qda,14,,0.04,0.076,40 221 110 80 81 27 51 88 103 75 114 87 113 76 115 116 54 74 82 44,40 221 110 80 81 27 51 88 103 75 114 87 113 76 115 116 54 74 82 44,simulation,db4,energy,64,50,50,0
W-NN,W-NN:k=3,54,0.5,0.06,0.184,79 80 110 78 109 112 77 82 84 114 115 83 111 113 222 223 76 81 107 108,80 109 82 83 111 114 78 84 112 76 108 110 113 115 75 79 81 107 116 77,simulation,db4,usage,64,50,50,0
W-QDA,W-QDA:qda,6,3.0,0.02,0.07,76 113 82 107 114 104 111 108 112 116 81 106 109 115 74 78 80 84 87 103,80 109 82 83 111 114 78 84 112 76 108 110 113 115 75 79 81 107 116 77,simulation,db4,usage,64,50,50,0
W-CART,W-CART:cart,18,2.0,0.02,0.112,114 76 113 81 109 111 115 116 82 107 108 80 83 104 106 84 105 112 75 77,80 109 82 83 111 114 78 84 112 76 108 110 113 115 75 79 81 107 116 77,simulation,db4,usage,64,50,50,0
ALL,W-QDA:qda,6,3.0,0.02,0.07,76 113 82 107 114 104 111 108 112 116 81 106 109 115 74 78 80 84 87 103,80 109 82 83 111 114 78 84 112 76 108 110 113 115 75 79 81 107 116 77,simulation,db4,usage,64,50,50,0
W-NN,W-NN:k=3,5,,0.14,0.192,107 141 41 109 83 17 84 108 54 82 75 110 105 114 70 242 115 76 77 81,107 141 41 109 83 17 84 108 54 82 75 110 105 114 70 242 115 76 77 81,simulation,db4,energy,65,50,50,0
W-QDA,W-QDA:qda,11,,0.12,0.094,107 141 41 109 83 17 84 108 54 82 75 110 105 114 70 242 115 76 77 81,107 141 41 109 83 17 84 108 54 82 75 110 105 114 70 242 115 76 77 81,simulation,db4,energy,65,50,50,0
W-CART,W-CART:cart,34,,0.1,0.136,107 141 41 109 83 17 84 108 54 82 75 110 105 114 70 242 115 76 77 81,107 141 41 109 83 17 84 108 54 82 75 110 105 114 70 242 115 76 77 81,simulation,db4,energy,65,50,50,0
ALL,W-CART:cart,34,,0.1,0.136,107 141 41 109 83 17 84 108 54 82 75 110 105 114 70 242 115 76 77 81,107 141 41 109 83 17 84 108 54 82 75 110 105 114 70 242 115 76 77 81,simulation,db4,energy,65,50,50,0
W-NN,W-NN:k=3,1,0.5,0.08,0.21,84 111 82 83 80 81 110 112 107 79 106 108 113 85 109 77 105 115 216 217,82 81 83 107 108 111 80 84 109 110 112 106 113 77 79 105 76 114 85 115,simulation,db4,usage,65,50,50,0
W-QDA,W-QDA:qda,9,0.5,0.12,0.194,84 111 82 83 80 81 110 112 107 79 106 108 113 85 109 77 105 115 216 217,82 81 83 107 108 111 80 84 109 110 112 106 113 77 79 105 76 114 85 115,simulation,db4,usage,65,50,50,0
W-CART,W-CART:cart,51,1.5,0.06,0.108,81 82 83 107 80 111 108 106 109 113 84 112 110 105 79 77 85 114 86 87,82 81 83 107 108 111 80 84 109 110 112 106 113 77 79 105 76 114 85 115,simulation,db4,usage,65,50,50,0
ALL,W-CART:cart,51,1.5,0.06,0.108,81 82 83 107 80 111 108 106 109 113 84 112 110 105 79 77 85 114 86 87,82 81 83 107 108 111 80 84 109 110 112 106 113 77 79 105 76 114 85 115,simulation,db4,usage,65,50,50,0
W-NN,W-NN:k=1,4,,0.06,0.152,163 110 74 115 76 55 58 27 78 116 109 117 75 112 106 81 214 220 86 169,163 110 74 115 76 55 58 27 78 116 109 117 75 112 106 81 214 220 86 169,simulation,db4,energy,66,50,50,0
W-QDA,W-QDA:qda,6,,0.02,0.096,163 110 74 115 76 55 58 27 78 116 109 117 75 112 106 81 214 220 86 169,163 110 74 115 76 55 58 27 78 116 109 117 75 112 106 81 214 220 86 169,simulation,db4,energy,66,50,50,0
W-CART,W-CART:cart,5,,0.06,0.198,163 110 74 115 76 55 58 27 78 116 109 117 75 112 106 81 214 220 86 169,163 110 74 115 76 55 58 27 78 116 109 117 75 112 106 81 214 220 86 169,simulation,db4,energy,66,50,50,0
ALL,W-QDA:qda,6,,0.02,0.096,163 110 74 115 76 55 58 27 78 116 109 117 75 112 106 81 214 220 86 169,163 110 74 115 76 55 58 27 78 116 109 117 75 112 106 81 214 220 86 169,simulation,db4,energy,66,50,50,0
W-NN,W-NN:k=1,24,3.0,0.0,0.11,76 105 116 77 78 85 106 75 83 84 115 117 74 79 104 114 80 81 86 103,75 83 116 74 76 80 108 78 84 107 111 114 117 77 81 85 115 154 106 109,simulation,db4,usage,66,50,50,0
W-QDA,W-QDA:qda,15,0.5,0.0,0.04,76 77 80 115 75 79 81 83 108 112 82 84 109 113 116 155 74 78 107 111,75 83 116 74 76 80 108 78 84 107 111 114 117 77 81 85 115 154 106 109,simulation,db4,usage,66,50,50,0
W-CART,W-CART:cart,6,1.0,0.04,0.102,75 83 116 74 76 80 108 78 84 107 111 114 117 77 81 85 115 154 106 109,75 83 116 74 76 80 108 78 84 107 111 114 117 77 81 85 115 154 106 109,simulation,db4,usage,66,50,50,0
ALL,W-QDA:qda,15,0.5,0.0,0.04,76 77 80 115 75 79 81 83 108 112 82 84 109 113 116 155 74 78 107 111,75 83 116 74 76 80 108 78 84 107 111 114 117 77 81 85 115 154 106 109,simulation,db4,usage,66,50,50,0
W-NN,W-NN:k=1,8,,0.06,0.068,81 109 58 103 106 36 76 105 84 119 85 86 89 87 82 108 110 75 52 104,81 109 58 103 106 36 76 105 84 119 85 86 89 87 82 108 110 75 52 104,simulation,db4,energy,67,50,50,0
W-QDA,W-QDA:qda,7,,0.06,0.076,81 109 58 103 106 36 76 105 84 119 85 86 89 87 82 108 110 75 52 104,81 109 58 103 106 36 76 105 84 119 85 86 89 87 82 108 110 75 52 104,simulation,db4,energy,67,50,50,0
W-CART,W-CART:cart,4,,0.06,0.12,81 109 58 103 106 36 76 105 84 119 85 86 89 87 82 108 110 75 52 104,81 109 58 103 106 36 76 105 84 119 85 86 89 87 82 108 110 75 52 104,simulation,db4,energy,67,50,50,0
ALL,W-CART:cart,4,,0.06,0.12,81 109 58 103 106 36 76 105 84 119 85 86 89 87 82 108 110 75 52 104,81 109 58 103 106 36 76 105 84 119 85 86 89 87 82 108 110 75 52 104,simulation,db4,energy,67,50,50,0
W-NN,W-NN:k=1,7,3.0,0.02,0.108,105 86 108 84 87 104 107 110 109 77 82 83 85 106 89 73 81 88 102 76,84 108 86 110 82 107 109 85 106 104 105 83 87 80 81 88 103 77 79 111,simulation,db4,usage,67,50,50,0
W-QDA,W-QDA:qda,1,3.0,0.02,0.098,105 86 108 84 87 104 107 110 109 77 82 83 85 106 89 73 81 88 102 76,84 108 86 110 82 107 109 85 106 104 105 83 87 80 81 88 103 77 79 111,simulation,db4,usage,67,50,50,0
W-CART,W-CART:cart,10,1.5,0.04,0.146,84 86 108 82 85 107 109 83 87 104 105 106 110 88 77 81 89 103 112 78,84 108 86 110 82 107 109 85 106 104 105 83 87 80 81 88 103 77 79 111,simulation,db4,usage,67,50,50,0
ALL,W-QDA:qda,1,3.0,0.02,0.098,105 86 108 84 87 104 107 110 109 77 82 83 85 106 89 73 81 88 102 76,84 108 86 110 82 107 109 85 106 104 105 83 87 80 81 88 103 77 79 111,simulation,db4,usage,67,50,50,0
W-NN,W-NN:k=3,3,,0.04,0.128,110 73 87 80 81 109 53 41 111 106 86 108 105 82 107 120 42 117 103 119,110 73 87 80 81 109 53 41 111 106 86 108 105 82 107 120 42 117 103 119,simulation,db4,energy,68,50,50,0
W-QDA,W-QDA:qda,3,,0.02,0.078,110 73 87 80 81 109 53 41 111 106 86 108 105 82 107 120 42 117 103 119,110 73 87 80 81 109 53 41 111 106 86 108 105 82 107 120 42 117 103 119,simulation,db4,energy,68,50,50,0
W-CART,W-CART:cart,7,,0.06,0.188,110 73 87 80 81 109 53 41 111 106 86 108 105 82 107 120 42 117 103 119,110 73 87 80 81 109 53 41 111 106 86 108 105 82 107 120 42 117 103 119,simulation,db4,energy,68,50,50,0
ALL,W-QDA:qda,3,,0.02,0.078,110 73 87 80 81 109 53 41 111 106 86 108 105 82 107 120 42 117 103 119,110 73 87 80 81 109 53 41 111 106 86 108 105 82 107 120 42 117 103 119,simulation,db4,energy,68,50,50,0
W-NN,W-NN:k=1,7,3.0,0.0,0.106,84 110 109 106 82 83 105 107 81 111 103 104 112 85 86 80 88 108 113 77,106 84 109 82 105 107 108 81 83 111 110 80 87 85 112 113 88 104 79 103,simulation,db4,usage,68,50,50,0
W-QDA,W-QDA:qda,1,1.0,0.06,0.082,106 84 109 82 105 107 108 81 83 111 110 80 87 85 112 113 88 104 79 103,106 84 109 82 105 107 108 81 83 111 110 80 87 85 112 113 88 104 79 103,simulation,db4,usage,68,50,50,0
W-CART,W-CART:cart,26,0.5,0.04,0.112,109 80 81 108 111 85 106 110 82 105 107 79 83 84 112 104 113 163 164 218,106 84 109 82 105 107 108 81 83 111 110 80 87 85 112 113 88 104 79 103,simulation,db4,usage,68,50,50,0
ALL,W-NN:k=1,7,3.0,0.0,0.106,84 110 109 106 82 83 105 107 81 111 103 104 112 85 86 80 88 108 113 77,106 84 109 82 105 107 108 81 83 111 110 80 87 85 112 113 88 104 79 103,simulation,db4,usage,68,50,50,0
W-NN,W-NN:k=1,62,,0.12,0.204,79 84 224 107 81 39 112 53 78 114 108 113 109 80 115 225 82 83 75 52,79 84 224 107 81 39 112 53 78 114 108 113 109 80 115 225 82 83 75 52,simulation,db4,energy,69,50,50,0
W-QDA,W-QDA:qda,4,,0.06,0.132,79 84 224 107 81 39 112 53 78 114 108 113 109 80 115 225 82 83 75 52,79 84 224 107 81 39 112 53 78 114 108 113 109 80 115 225 82 83 75 52,simulation,db4,energy,69,50,50,0
W-CART,W-CART:cart,55,,0.08,0.126,79 84 224 107 81 39 112 53 78 114 108 113 109 80 115 225 82 83 75 52,79 84 224 107 81 39 112 53 78 114 108 113 109 80 115 225 82 83 75 52,simulation,db4,energy,69,50,50,0
ALL,W-QDA:qda,4,,0.06,0.132,79 84 224 107 81 39 112 53 78 114 108 113 109 80 115 225 82 83 75 52,79 84 224 107 81 39 112 53 78 114 108 113 109 80 115 225 82 83 75 52,simulation,db4,energy,69,50,50,0
W-NN,W-NN:k=1,14,1.0,0.08,0.112,78 112 76 108 109 77 75 79 81 107 115 116 80 111 113 114 83 85 159 74,78 112 76 108 109 77 75 79 81 107 115 116 80 111 113 114 83 85 159 74,simulation,db4,usage,69,50,50,0
W-QDA,W-QDA:qda,23,2.0,0.06,0.122,112 77 78 108 76 113 75 107 114 80 81 83 111 115 109 79 116 82 85 110,78 112 76 108 109 77 75 79 81 107 115 116 80 111 113 114 83 85 159 74,simulation,db4,usage,69,50,50,0
W-CART,W-CART:cart,19,3.0,0.06,0.098,77 112 113 108 114 75 81 107 111 76 78 79 82 83 80 84 110 115 118 109,78 112 76 108 109 77 75 79 81 107 115 116 80 111 113 114 83 85 159 74,simulation,db4,usage,69,50,50,0
ALL,W-CART:cart,19,3.0,0.06,0.098,77 112 113 108 114 75 81 107 111 76 78 79 82 83 80 84 110 115 118 109,78 112 76 108 109 77 75 79 81 107 115 116 80 111 113 114 83 85 159 74,simulation,db4,usage,69,50,50,0
W-NN,W-NN:k=5,3,,0.08,0.116,119 86 104 106 109 72 105 42 117 73 118 103 115 107 116 85 108 75 88 111,119 86 104 106 109 72 105 42 117 73 118 103 115 107 116 85 108 75 88 111,simulation,db4,energy,70,50,50,0
W-QDA,W-QDA:qda,13,,0.02,0.026,119 86 104 106 109 72 105 42 117 73 118 103 115 107 116 85 108 75 88 111,119 86 104 106 109 72 105 42 117 73 118 103 115 107 116 85 108 75 88 111,simulation,db4,energy,70,50,50,0
W-CART,W-CART:cart,21,,0.1,0.102,119 86 104 106 109 72 105 42 117 73 118 103 115 107 116 85 108 75 88 111,119 86 104 106 109 72 105 42 117 73 118 103 115 107 116 85 108 75 88 111,simulation,db4,energy,70,50,50,0
ALL,W-QDA:qda,13,,0.02,0.026,119 86 104 106 109 72 105 42 117 73 118 103 115 107 116 85 108 75 88 111,119 86 104 106 109 72 105 42 117 73 118 103 115 107 116 85 108 75 88 111,simulation,db4,energy,70,50,50,0
W-NN,W-NN:k=1,4,1.5,0.06,0.152,108 106 82 105 107 83 110 111 76 80 81 75 77 79 84 86 104 109 113 118,82 106 107 108 109 110 80 111 81 77 84 85 105 78 83 112 75 76 86 113,simulation,db4,usage,70,50,50,0
W-QDA,W-QDA:qda,14,3.0,0.0,0.026,108 106 75 104 109 105 111 82 83 117 76 81 85 78 84 86 107 112 114 116,82 106 107 108 109 110 80 111 81 77 84 85 105 78 83 112 75 76 86 113,simulation,db4,usage,70,50,50,0
W-CART,W-CART:cart,14,1.0,0.08,0.09,82 106 107 108 109 110 80 111 81 77 84 85 105 78 83 112 75 76 86 113,82 106 107 108 109 110 80 111 81 77 84 85 105 78 83 112 75 76 86 113,simulation,db4,usage,70,50,50,0
ALL,W-QDA:qda,14,3.0,0.0,0.026,108 106 75 104 109 105 111 82 83 117 76 81 85 78 84 86 107 112 114 116,82 106 107 108 109 110 80 111 81 77 84 85 105 78 83 112 75 76 86 113,simulation,db4,usage,70,50,50,0
W-NN,W-NN:k=3,2,,0.08,0.14,51 88 74 70 117 109 111 243 75 52 116 76 73 40 71 234 79 78 80 81,51 88 74 70 117 109 111 243 75 52 116 76 73 40 71 234 79 78 80 81,simulation,db4,energy,71,50,50,0
W-QDA,W-QDA:qda,5,,0.02,0.066,51 88 74 70 117 109 111 243 75 52 116 76 73 40 71 234 79 78 80 81,51 88 74 70 117 109 111 243 75 52 116 76 73 40 71 234 79 78 80 81,simulation,db4,energy,71,50,50,0
W-CART,W-CART:cart,26,,0.06,0.116,51 88 74 70 117 109 111 243 75 52 116 76 73 40 71 234 79 78 80 81,51 88 74 70 117 109 111 243 75 52 116 76 73 40 71 234 79 78 80 81,simulation,db4,energy,71,50,50,0
ALL,W-QDA:qda,5,,0.02,0.066,51 88 74 70 117 109 111 243 75 52 116 76 73 40 71 234 79 78 80 81,51 88 74 70 117 109 111 243 75 52 116 76 73 40 71 234 79 78 80 81,simulation,db4,energy,71,50,50,0
W-NN,W-NN:k=1,29,1.5,0.08,0.134,77 79 74 76 111 112 78 108 110 113 116 80 81 115 75 83 114 82 107 117,77 112 76 113 79 81 111 74 110 115 116 78 80 83 108 114 75 82 107 84,simulation,db4,usage,71,50,50,0
W-QDA,W-QDA:qda,4,1.5,0.06,0.118,77 79 74 76 111 112 78 108 110 113 116 80 81 115 75 83 114 82 107 117,77 112 76 113 79 81 111 74 110 115 116 78 80 83 108 114 75 82 107 84,simulation,db4,usage,71,50,50,0
W-CART,W-CART:cart,28,1.5,0.04,0.092,77 79 74 76 111 112 78 108 110 113 116 80 81 115 75 83 114 82 107 117,77 112 76 113 79 81 111 74 110 115 116 78 80 83 108 114 75 82 107 84,simulation,db4,usage,71,50,50,0
ALL,W-CART:cart,28,1.5,0.04,0.092,77 79 74 76 111 112 78 108 110 113 116 80 81 115 75 83 114 82 107 117,77 112 76 113 79 81 111 74 110 115 116 78 80 83 108 114 75 82 107 84,simulation,db4,usage,71,50,50,0
W-NN,W-NN:k=1,34,,0.12,0.122,71 75 118 116 117 109 119 107 59 84 36 83 106 105 72 85 104 70 81 120,71 75 118 116 117 109 119 107 59 84 36 83 106 105 72 85 104 70 81 120,simulation,db4,energy,72,50,50,0
W-QDA,W-QDA:qda,6,,0.02,0.056,71 75 118 116 117 109 119 107 59 84 36 83 106 105 72 85 104 70 81 120,71 75 118 116 117 109 119 107 59 84 36 83 106 105 72 85 104 70 81 120,simulation,db4,energy,72,50,50,0
W-CART,W-CART:cart,40,,0.06,0.116,71 75 118 116 117 109 119 107 59 84 36 83 106 105 72 85 104 70 81 120,71 75 118 116 117 109 119 107 59 84 36 83 106 105 72 85 104 70 81 120,simulation,db4,energy,72,50,50,0
ALL,W-QDA:qda,6,,0.02,0.056,71 75 118 116 117 109 119 107 59 84 36 83 106 105 72 85 104 70 81 120,71 75 118 116 117 109 119 107 59 84 36 83 106 105 72 85 104 70 81 120,simulation,db4,energy,72,50,50,0
W-NN,W-NN:k=5,2,1.5,0.06,0.102,106 85 81 82 83 104 108 84 105 107 73 110 111 78 87 109 112 77 113 114,106 108 110 82 83 85 107 81 84 104 109 168 169 73 76 78 105 112 166 170,simulation,db4,usage,72,50,50,0
W-QDA,W-QDA:qda,1,1.0,0.1,0.122,106 108 110 82 83 85 107 81 84 104 109 168 169 73 76 78 105 112 166 170,106 108 110 82 83 85 107 81 84 104 109 168 169 73 76 78 105 112 166 170,simulation,db4,usage,72,50,50,0
W-CART,W-CART:cart,36,3.0,0.06,0.116,85 106 81 110 84 107 83 104 111 82 105 108 118 119 72 73 78 86 109 112,106 108 110 82 83 85 107 81 84 104 109 168 169 73 76 78 105 112 166 170,simulation,db4,usage,72,50,50,0
ALL,W-NN:k=5,2,1.5,0.06,0.102,106 85 81 82 83 104 108 84 105 107 73 110 111 78 87 109 112 77 113 114,106 108 110 82 83 85 107 81 84 104 109 168 169 73 76 78 105 112 166 170,simulation,db4,usage,72,50,50,0
W-NN,W-NN:k=5,24,,0.04,0.118,226 116 37 112 79 117 39 157 81 84 71 83 82 115 74 118 225 110 108 89,226 116 37 112 79 117 39 157 81 84 71 83 82 115 74 118 225 110 108 89,simulation,db4,energy,73,50,50,0
W-QDA,W-QDA:qda,14,,0.02,0.082,226 116 37 112 79 117 39 157 81 84 71 83 82 115 74 118 225 110 108 89,226 116 37 112 79 117 39 157 81 84 71 83 82 115 74 118 225 110 108 89,simulation,db4,energy,73,50,50,0
W-CART,W-CART:cart,11,,0.06,0.112,226 116 37 112 79 117 39 157 81 84 71 83 82 115 74 118 225 110 108 89,226 116 37 112 79 117 39 157 81 84 71 83 82 115 74 118 225 110 108 89,simulation,db4,energy,73,50,50,0
ALL,W-QDA:qda,14,,0.02,0.082,226 116 37 112 79 117 39 157 81 84 71 83 82 115 74 118 225 110 108 89,226 116 37 112 79 117 39 157 81 84 71 83 82 115 74 118 225 110 108 89,simulation,db4,energy,73,50,50,0
W-NN,W-NN:k=1,4,1.5,0.02,0.142,82 81 107 79 106 113 114 115 83 84 105 111 117 75 76 86 108 110 74 77,79 113 81 82 83 107 114 76 77 78 84 106 115 75 105 110 111 112 117 80,simulation,db4,usage,73,50,50,0
W-QDA,W-QDA:qda,6,1.5,0.06,0.106,82 81 107 79 106 113 114 115 83 84 105 111 117 75 76 86 108 110 74 77,79 113 81 82 83 107 114 76 77 78 84 106 115 75 105 110 111 112 117 80,simulation,db4,usage,73,50,50,0
W-CART,W-CART:cart,3,3.0,0.06,0.08,81 83 105 106 107 110 84 108 117 82 85 115 104 109 114 118 74 78 75 80,79 113 81 82 83 107 114 76 77 78 84 106 115 75 105 110 111 112 117 80,simulation,db4,usage,73,50,50,0
ALL,W-NN:k=1,4,1.5,0.02,0.142,82 81 107 79 106 113 114 115 83 84 105 111 117 75 76 86 108 110 74 77,79 113 81 82 83 107 114 76 77 78 84 106 115 75 105 110 111 112 117 80,simulation,db4,usage,73,50,50,0
W-NN,W-NN:k=1,8,,0.06,0.092,88 108 57 82 103 75 102 107 81 116 71 110 109 115 83 114 76 72 152 77,88 108 57 82 103 75 102 107 81 116 71 110 109 115 83 114 76 72 152 77,simulation,db4,energy,74,50,50,0
W-QDA,W-QDA:qda,21,,0.02,0.022,88 108 57 82 103 75 102 107 81 116 71 110 109 115 83 114 76 72 152 77,88 108 57 82 103 75 102 107 81 116 71 110 109 115 83 114 76 72 152 77,simulation,db4,energy,74,50,50,0
W-CART,W-CART:cart,8,,0.06,0.11,88 108 57 82 103 75 102 107 81 116 71 110 109 115 83 114 76 72 152 77,88 108 57 82 103 75 102 107 81 116 71 110 109 115 83 114 76 72 152 77,simulation,db4,energy,74,50,50,0
ALL,W-QDA:qda,21,,0.02,0.022,88 108 57 82 103 75 102 107 81 116 71 110 109 115 83 114 76 72 152 77,88 108 57 82 103 75 102 107 81 116 71 110 109 115 83 114 76 72 152 77,simulation,db4,energy,74,50,50,0
W-NN,W-NN:k=3,11,1.5,0.0,0.164,84 78 83 80 81 82 105 106 112 79 85 108 110 117 107 109 111 113 116 87,84 78 110 81 108 112 80 83 106 109 114 79 105 77 82 85 107 113 75 111,simulation,db4,usage,74,50,50,0
W-QDA,W-QDA:qda,12,0.5,0.02,0.064,109 110 114 81 78 84 108 112 80 107 113 77 85 79 83 105 111 76 82 106,84 78 110 81 108 112 80 83 106 109 114 79 105 77 82 85 107 113 75 111,simulation,db4,usage,74,50,50,0
W-CART,W-CART:cart,62,1.0,0.08,0.128,84 78 110 81 108 112 80 83 106 109 114 79 105 77 82 85 107 113 75 111,84 78 110 81 108 112 80 83 106 109 114 79 105 77 82 85 107 113 75 111,simulation,db4,usage,74,50,50,0
ALL,W-NN:k=3,11,1.5,0.0,0.164,84 78 83 80 81 82 105 106 112 79 85 108 110 117 107 109 111 113 116 87,84 78 110 81 108 112 80 83 106 109 114 79 105 77 82 85 107 113 75 111,simulation,db4,usage,74,50,50,0
W-NN,W-NN:k=1,14,,0.08,0.134,107 108 111 116 83 109 74 84 106 110 115 82 117 39 85 75 78 76 54 73,107 108 111 116 83 109 74 84 106 110 115 82 117 39 85 75 78 76 54 73,simulation,db4,energy,75,50,50,0
W-QDA,W-QDA:qda,8,,0.04,0.096,107 108 111 116 83 109 74 84 106 110 115 82 117 39 85 75 78 76 54 73,107 108 111 116 83 109 74 84 106 110 115 82 117 39 85 75 78 76 54 73,simulation,db4,energy,75,50,50,0
W-CART,W-CART:cart,42,,0.06,0.138,107 108 111 116 83 109 74 84 106 110 115 82 117 39 85 75 78 76 54 73,107 108 111 116 83 109 74 84 106 110 115 82 117 39 85 75 78 76 54 73,simulation,db4,energy,75,50,50,0
ALL,W-QDA:qda,8,,0.04,0.096,107 108 111 116 83 109 74 84 106 110 115 82 117 39 85 75 78 76 54 73,107 108 111 116 83 109 74 84 106 110 115 82 117 39 85 75 78 76 54 73,simulation,db4,energy,75,50,50,0
W-NN,W-NN:k=1,16,2.0,0.12,0.188,80 78 79 109 112 114 83 108 110 111 113 115 77 107 75 76 116 73 82 117,109 112 79 80 82 110 111 114 76 77 78 83 75 108 115 113 81 107 117 74,simulation,db4,usage,75,50,50,0
W-QDA,W-QDA:qda,18,0.5,0.02,0.092,111 80 82 83 110 77 109 79 108 114 78 112 113 115 75 76 81 84 107 163,109 112 79 80 82 110 111 114 76 77 78 83 75 108 115 113 81 107 117 74,simulation,db4,usage,75,50,50,0
W-CART,W-CART:cart,37,1.0,0.06,0.138,109 112 79 80 82 110 111 114 76 77 78 83 75 108 115 113 81 107 117 74,109 112 79 80 82 110 111 114 76 77 78 83 75 108 115 113 81 107 117 74,simulation,db4,usage,75,50,50,0
ALL,W-QDA:qda,18,0.5,0.02,0.092,111 80 82 83 110 77 109 79 108 114 78 112 113 115 75 76 81 84 107 163,109 112 79 80 82 110 111 114 76 77 78 83 75 108 115 113 81 107 117 74,simulation,db4,usage,75,50,50,0
W-NN,W-NN:k=1,3,,0.04,0.128,84 78 106 112 113 53 85 111 71 119 82 70 77 83 80 213 79 107 226 108,84 78 106 112 113 53 85 111 71 119 82 70 77 83 80 213 79 107 226 108,simulation,db4,energy,76,50,50,0
W-QDA,W-QDA:qda,9,,0.02,0.05,84 78 106 112 113 53 85 111 71 119 82 70 77 83 80 213 79 107 226 108,84 78 106 112 113 53 85 111 71 119 82 70 77 83 80 213 79 107 226 108,simulation,db4,energy,76,50,50,0
W-CART,W-CART:cart,24,,0.06,0.126,84 78 106 112 113 53 85 111 71 119 82 70 77 83 80 213 79 107 226 108,84 78 106 112 113 53 85 111 71 119 82 70 77 83 80 213 79 107 226 108,simulation,db4,energy,76,50,50,0
ALL,W-QDA:qda,9,,0.02,0.05,84 78 106 112 113 53 85 111 71 119 82 70 77 83 80 213 79 107 226 108,84 78 106 112 113 53 85 111 71 119 82 70 77 83 80 213 79 107 226 108,simulation,db4,energy,76,50,50,0
W-NN,W-NN:k=1,16,0.5,0.08,0.17,111 82 109 112 113 77 79 80 83 78 84 108 110 81 75 106 115 74 85 114,111 112 78 80 82 110 113 77 79 108 81 83 109 75 114 85 115 84 106 74,simulation,db4,usage,76,50,50,0
W-QDA,W-QDA:qda,21,3.0,0.04,0.066,112 78 82 111 113 77 79 80 110 114 83 84 109 76 106 108 85 115 105 107,111 112 78 80 82 110 113 77 79 108 81 83 109 75 114 85 115 84 106 74,simulation,db4,usage,76,50,50,0
W-CART,W-CART:cart,32,3.0,0.06,0.126,112 78 82 111 113 77 79 80 110 114 83 84 109 76 106 108 85 115 105 107,111 112 78 80 82 110 113 77 79 108 81 83 109 75 114 85 115 84 106 74,simulation,db4,usage,76,50,50,0
ALL,W-QDA:qda,21,3.0,0.04,0.066,112 78 82 111 113 77 79 80 110 114 83 84 109 76 106 108 85 115 105 107,111 112 78 80 82 110 113 77 79 108 81 83 109 75 114 85 115 84 106 74,simulation,db4,usage,76,50,50,0
W-NN,W-NN:k=5,18,,0.08,0.104,110 161 40 81 443 323 162 324 80 109 79 111 83 82 119 106 74 115 58 72,110 161 40 81 443 323 162 324 80 109 79 111 83 82 119 106 74 115 58 72,simulation,db4,energy,77,50,50,0
W-QDA,W-QDA:qda,19,,0.12,0.136,110 161 40 81 443 323 162 324 80 109 79 111 83 82 119 106 74 115 58 72,110 161 40 81 443 323 162 324 80 109 79 111 83 82 119 106 74 115 58 72,simulation,db4,energy,77,50,50,0
W-CART,W-CART:cart,18,,0.1,0.104,110 161 40 81 443 323 162 324 80 109 79 111 83 82 119 106 74 115 58 72,110 161 40 81 443 323 162 324 80 109 79 111 83 82 119 106 74 115 58 72,simulation,db4,energy,77,50,50,0
ALL,W-NN:k=5,18,,0.08,0.104,110 161 40 81 443 323 162 324 80 109 79 111 83 82 119 106 74 115 58 72,110 161 40 81 443 323 162 324 80 109 79 111 83 82 119 106 74 115 58 72,simulation,db4,energy,77,50,50,0
W-NN,W-NN:k=1,10,3.0,0.04,0.106,109 76 110 77 114 81 83 106 115 74 75 79 80 82 84 111 113 116 72 73,77 109 110 114 76 112 113 78 79 80 83 81 107 111 115 74 82 108 75 85,simulation,db4,usage,77,50,50,0
W-QDA,W-QDA:qda,11,3.0,0.04,0.054,109 76 110 77 114 81 83 106 115 74 75 79 80 82 84 111 113 116 72 73,77 109 110 114 76 112 113 78 79 80 83 81 107 111 115 74 82 108 75 85,simulation,db4,usage,77,50,50,0
W-CART,W-CART:cart,21,3.0,0.06,0.118,109 76 110 77 114 81 83 106 115 74 75 79 80 82 84 111 113 116 72 73,77 109 110 114 76 112 113 78 79 80 83 81 107 111 115 74 82 108 75 85,simulation,db4,usage,77,50,50,0
ALL,W-NN:k=1,10,3.0,0.04,0.106,109 76 110 77 114 81 83 106 115 74 75 79 80 82 84 111 113 116 72 73,77 109 110 114 76 112 113 78 79 80 83 81 107 111 115 74 82 108 75 85,simulation,db4,usage,77,50,50,0
W-NN,W-NN:k=1,2,,0.08,0.162,106 81 109 110 170 80 111 85 107 55 108 84 40 54 112 113 41 53 39 76,106 81 109 110 170 80 111 85 107 55 108 84 40 54 112 113 41 53 39 76,simulation,db4,energy,78,50,50,0
W-QDA,W-QDA:qda,2,,0.08,0.132,106 81 109 110 170 80 111 85 107 55 108 84 40 54 112 113 41 53 39 76,106 81 109 110 170 80 111 85 107 55 108 84 40 54 112 113 41 53 39 76,simulation,db4,energy,78,50,50,0
W-CART,W-CART:cart,8,,0.1,0.126,106 81 109 110 170 80 111 85 107 55 108 84 40 54 112 113 41 53 39 76,106 81 109 110 170 80 111 85 107 55 108 84 40 54 112 113 41 53 39 76,simulation,db4,energy,78,50,50,0
ALL,W-NN:k=1,2,,0.08,0.162,106 81 109 110 170 80 111 85 107 55 108 84 40 54 112 113 41 53 39 76,106 81 109 110 170 80 111 85 107 55 108 84 40 54 112 113 41 53 39 76,simulation,db4,energy,78,50,50,0
W-NN,W-NN:k=1,53,1.0,0.06,0.16,80 81 83 108 109 79 110 112 84 107 111 113 82 106 114 78 85 104 105 116,80 81 83 108 109 79 110 112 84 107 111 113 82 106 114 78 85 104 105 116,simulation,db4,usage,78,50,50,0
W-QDA,W-QDA:qda,14,3.0,0.04,0.058,106 81 83 107 110 84 111 80 85 112 116 113 114 76 108 117 104 105 109 115,80 81 83 108 109 79 110 112 84 107 111 113 82 106 114 78 85 104 105 116,simulation,db4,usage,78,50,50,0
W-CART,W-CART:cart,7,1.5,0.08,0.19,108 80 112 81 83 110 107 111 84 109 113 85 106 79 114 116 82 104 105 76,80 81 83 108 109 79 110 112 84 107 111 113 82 106 114 78 85 104 105 116,simulation,db4,usage,78,50,50,0
ALL,W-QDA:qda,14,3.0,0.04,0.058,106 81 83 107 110 84 111 80 85 112 116 113 114 76 108 117 104 105 109 115,80 81 83 108 109 79 110 112 84 107 111 113 82 106 114 78 85 104 105 116,simulation,db4,usage,78,50,50,0
W-NN,W-NN:k=9,1,,0.06,0.152,120 81 82 116 71 35 75 110 117 109 111 83 74 114 70 108 58 54 77 80,120 81 82 116 71 35 75 110 117 109 111 83 74 114 70 108 58 54 77 80,simulation,db4,energy,79,50,50,0
W-QDA,W-QDA:qda,12,,0.04,0.052,120 81 82 116 71 35 75 110 117 109 111 83 74 114 70 108 58 54 77 80,120 81 82 116 71 35 75 110 117 109 111 83 74 114 70 108 58 54 77 80,simulation,db4,energy,79,50,50,0
W-CART,W-CART:cart,14,,0.06,0.096,120 81 82 116 71 35 75 110 117 109 111 83 74 114 70 108 58 54 77 80,120 81 82 116 71 35 75 110 117 109 111 83 74 114 70 108 58 54 77 80,simulation,db4,energy,79,50,50,0
ALL,W-QDA:qda,12,,0.04,0.052,120 81 82 116 71 35 75 110 117 109 111 83 74 114 70 108 58 54 77 80,120 81 82 116 71 35 75 110 117 109 111 83 74 114 70 108 58 54 77 80,simulation,db4,energy,79,50,50,0
W-NN,W-NN:k=1,29,3.0,0.08,0.13,77 112 116 117 76 79 81 83 109 110 115 118 80 82 84 114 78 111 75 107,80 78 77 112 79 82 81 110 111 114 116 76 83 113 115 84 74 109 117 108,simulation,db4,usage,79,50,50,0
W-QDA,W-QDA:qda,7,2.0,0.04,0.108,76 77 112 81 115 78 83 110 116 74 80 117 79 82 109 111 118 75 84 113,80 78 77 112 79 82 81 110 111 114 116 76 83 113 115 84 74 109 117 108,simulation,db4,usage,79,50,50,0
W-CART,W-CART:cart,17,2.0,0.08,0.118,76 77 112 81 115 78 83 110 116 74 80 117 79 82 109 111 118 75 84 113,80 78 77 112 79 82 81 110 111 114 116 76 83 113 115 84 74 109 117 108,simulation,db4,usage,79,50,50,0
ALL,W-QDA:qda,7,2.0,0.04,0.108,76 77 112 81 115 78 83 110 116 74 80 117 79 82 109 111 118 75 84 113,80 78 77 112 79 82 81 110 111 114 116 76 83 113 115 84 74 109 117 108,simulation,db4,usage,79,50,50,0
W-NN,W-NN:k=1,8,,0.08,0.126,114 115 80 72 76 55 154 118 105 113 74 117 106 84 116 78 104 121 107 153,114 115 80 72 76 55 154 118 105 113 74 117 106 84 116 78 104 121 107 153,simulation,db4,energy,80,50,50,0
W-QDA,W-QDA:qda,14,,0.02,0.052,114 115 80 72 76 55 154 118 105 113 74 117 106 84 116 78 104 121 107 153,114 115 80 72 76 55 154 118 105 113 74 117 106 84 116 78 104 121 107 153,simulation,db4,energy,80,50,50,0
W-CART,W-CART:cart,63,,0.04,0.152,114 115 80 72 76 55 154 118 105 113 74 117 106 84 116 78 104 121 107 153,114 115 80 72 76 55 154 118 105 113 74 117 106 84 116 78 104 121 107 153,simulation,db4,energy,80,50,50,0
ALL,W-QDA:qda,14,,0.02,0.052,114 115 80 72 76 55 154 118 105 113 74 117 106 84 116 78 104 121 107 153,114 115 80 72 76 55 154 118 105 113 74 117 106 84 116 78 104 121 107 153,simulation,db4,energy,80,50,50,0
W-NN,W-NN:k=1,6,1.0,0.04,0.204,113 114 76 77 78 83 115 75 116 74 79 107 111 112 117 72 80 109 73 81,113 114 76 77 78 83 115 75 116 74 79 107 111 112 117 72 80 109 73 81,simulation,db4,usage,80,50,50,0
W-QDA,W-QDA:qda,15,2.0,0.02,0.074,78 114 79 115 116 74 75 77 113 72 76 117 84 107 108 109 110 112 81 111,113 114 76 77 78 83 115 75 116 74 79 107 111 112 117 72 80 109 73 81,simulation,db4,usage,80,50,50,0
W-CART,W-CART:cart,6,3.0,0.04,0.13,78 79 115 74 116 117 76 114 112 113 72 77 81 83 84 73 75 107 111 80,113 114 76 77 78 83 115 75 116 74 79 107 111 112 117 72 80 109 73 81,simulation,db4,usage,80,50,50,0
ALL,W-QDA:qda,15,2.0,0.02,0.074,78 114 79 115 116 74 75 77 113 72 76 117 84 107 108 109 110 112 81 111,113 114 76 77 78 83 115 75 116 74 79 107 111 112 117 72 80 109 73 81,simulation,db4,usage,80,50,50,0
W-NN,W-NN:k=5,38,,0.04,0.206,114 77 117 75 58 41 109 82 79 80 113 108 110 112 76 111 118 81 52 116,114 77 117 75 58 41 109 82 79 80 113 108 110 112 76 111 118 81 52 116,simulation,db4,energy,81,50,50,0
W-QDA,W-QDA:qda,3,,0.04,0.084,114 77 117 75 58 41 109 82 79 80 113 108 110 112 76 111 118 81 52 116,114 77 117 75 58 41 109 82 79 80 113 108 110 112 76 111 118 81 52 116,simulation,db4,energy,81,50,50,0
W-CART,W-CART:cart,30,,0.04,0.144,114 77 117 75 58 41 109 82 79 80 113 108 110 112 76 111 118 81 52 116,114 77 117 75 58 41 109 82 79 80 113 108 110 112 76 111 118 81 52 116,simulation,db4,energy,81,50,50,0
ALL,W-QDA:qda,3,,0.04,0.084,114 77 117 75 58 41 109 82 79 80 113 108 110 112 76 111 118 81 52 116,114 77 117 75 58 41 109 82 79 80 113 108 110 112 76 111 118 81 52 116,simulation,db4,energy,81,50,50,0
W-NN,W-NN:k=1,23,2.0,0.02,0.146,113 77 109 110 112 78 81 82 76 108 114 75 115 79 111 80 83 74 116 117,81 80 76 110 114 77 79 108 111 113 82 109 112 78 116 115 75 83 74 107,simulation,db4,usage,81,50,50,0
W-QDA,W-QDA:qda,17,0.5,0.02,0.062,81 77 82 110 80 109 111 112 78 114 79 108 76 113 107 116 74 75 83 115,81 80 76 110 114 77 79 108 111 113 82 109 112 78 116 115 75 83 74 107,simulation,db4,usage,81,50,50,0
W-CART,W-CART:cart,26,1.5,0.04,0.132,113 109 112 76 78 80 82 108 110 111 114 77 81 79 75 116 115 74 83 107,81 80 76 110 114 77 79 108 111 113 82 109 112 78 116 115 75 83 74 107,simulation,db4,usage,81,50,50,0
ALL,W-QDA:qda,17,0.5,0.02,0.062,81 77 82 110 80 109 111 112 78 114 79 108 76 113 107 116 74 75 83 115,81 80 76 110 114 77 79 108 111 113 82 109 112 78 116 115 75 83 74 107,simulation,db4,usage,81,50,50,0
W-NN,W-NN:k=3,5,,0.02,0.194,117 234 58 296 73 235 14 297 110 148 81 74 86 59 118 111 116 82 470 80,117 234 58 296 73 235 14 297 110 148 81 74 86 59 118 111 116 82 470 80,simulation,db4,energy,82,50,50,0
W-QDA,W-QDA:qda,23,,0.02,0.062,117 234 58 296 73 235 14 297 110 148 81 74 86 59 118 111 116 82 470 80,117 234 58 296 73 235 14 297 110 148 81 74 86 59 118 111 116 82 470 80,simulation,db4,energy,82,50,50,0
W-CART,W-CART:cart,2,,0.06,0.128,117 234 58 296 73 235 14 297 110 148 81 74 86 59 118 111 116 82 470 80,117 234 58 296 73 235 14 297 110 148 81 74 86 59 118 111 116 82 470 80,simulation,db4,energy,82,50,50,0
ALL,W-NN:k=3,5,,0.02,0.194,117 234 58 296 73 235 14 297 110 148 81 74 86 59 118 111 116 82 470 80,117 234 58 296 73 235 14 297 110 148 81 74 86 59 118 111 116 82 470 80,simulation,db4,energy,82,50,50,0
W-NN,W-NN:k=1,14,2.0,0.04,0.156,81 111 110 112 80 73 109 113 116 85 108 78 82 83 107 115 117 79 84 114,112 82 80 109 110 111 81 79 108 113 117 78 83 106 116 84 107 114 75 77,simulation,db4,usage,82,50,50,0
W-QDA,W-QDA:qda,11,2.0,0.0,0.082,81 111 110 112 80 73 109 113 116 85 108 78 82 83 107 115 117 79 84 114,112 82 80 109 110 111 81 79 108 113 117 78 83 106 116 84 107 114 75 77,simulation,db4,usage,82,50,50,0
W-CART,W-CART:cart,37,1.0,0.02,0.128,112 82 80 109 110 111 81 79 108 113 117 78 83 106 116 84 107 114 75 77,112 82 80 109 110 111 81 79 108 113 117 78 83 106 116 84 107 114 75 77,simulation,db4,usage,82,50,50,0
ALL,W-QDA:qda,11,2.0,0.0,0.082,81 111 110 112 80 73 109 113 116 85 108 78 82 83 107 115 117 79 84 114,112 82 80 109 110 111 81 79 108 113 117 78 83 106 116 84 107 114 75 77,simulation,db4,usage,82,50,50,0
W-NN,W-NN:k=1,54,,0.1,0.15,75 117 73 74 118 72 116 76 114 71 119 43 37 115 106 77 58 85 112 232,75 117 73 74 118 72 116 76 114 71 119 43 37 115 106 77 58 85 112 232,simulation,db4,energy,83,50,50,0
W-QDA,W-QDA:qda,3,,0.16,0.072,75 117 73 74 118 72 116 76 114 71 119 43 37 115 106 77 58 85 112 232,75 117 73 74 118 72 116 76 114 71 119 43 37 115 106 77 58 85 112 232,simulation,db4,energy,83,50,50,0
W-CART,W-CART:cart,21,,0.1,0.108,75 117 73 74 118 72 116 76 114 71 119 43 37 115 106 77 58 85 112 232,75 117 73 74 118 72 116 76 114 71 119 43 37 115 106 77 58 85 112 232,simulation,db4,energy,83,50,50,0
ALL,W-CART:cart,21,,0.1,0.108,75 117 73 74 118 72 116 76 114 71 119 43 37 115 106 77 58 85 112 232,75 117 73 74 118 72 116 76 114 71 119 43 37 115 106 77 58 85 112 232,simulation,db4,energy,83,50,50,0
W-NN,W-NN:k=1,47,3.0,0.08,0.188,73 74 76 72 75 77 118 115 114 112 116 117 111 119 78 113 71 79 109 84,74 115 78 114 75 81 116 77 112 117 76 110 73 79 82 118 71 72 113 119,simulation,db4,usage,83,50,50,0
W-QDA,W-QDA:qda,1,3.0,0.14,0.108,73 74 76 72 75 77 118 115 114 112 116 117 111 119 78 113 71 79 109 84,74 115 78 114 75 81 116 77 112 117 76 110 73 79 82 118 71 72 113 119,simulation,db4,usage,83,50,50,0
W-CART,W-CART:cart,34,1.5,0.08,0.104,74 115 116 75 76 77 78 73 112 114 71 118 72 81 117 119 79 80 82 111,74 115 78 114 75 81 116 77 112 117 76 110 73 79 82 118 71 72 113 119,simulation,db4,usage,83,50,50,0
ALL,W-CART:cart,34,1.5,0.08,0.104,74 115 116 75 76 77 78 73 112 114 71 118 72 81 117 119 79 80 82 111,74 115 78 114 75 81 116 77 112 117 76 110 73 79 82 118 71 72 113 119,simulation,db4,usage,83,50,50,0
W-NN,W-NN:k=1,12,,0.04,0.078,115 116 113 114 39 75 38 104 37 107 108 105 103 43 84 117 121 70 83 76,115 116 113 114 39 75 38 104 37 107 108 105 103 43 84 117 121 70 83 76,simulation,db4,energy,84,50,50,0
W-QDA,W-QDA:qda,20,,0.08,0.062,115 116 113 114 39 75 38 104 37 107 108 105 103 43 84 117 121 70 83 76,115 116 113 114 39 75 38 104 37 107 108 105 103 43 84 117 121 70 83 76,simulation,db4,energy,84,50,50,0
W-CART,W-CART:cart,13,,0.06,0.134,115 116 113 114 39 75 38 104 37 107 108 105 103 43 84 117 121 70 83 76,115 116 113 114 39 75 38 104 37 107 108 105 103 43 84 117 121 70 83 76,simulation,db4,energy,84,50,50,0
ALL,W-NN:k=1,12,,0.04,0.078,115 116 113 114 39 75 38 104 37 107 108 105 103 43 84 117 121 70 83 76,115 116 113 114 39 75 38 104 37 107 108 105 103 43 84 117 121 70 83 76,simulation,db4,energy,84,50,50,0
W-NN,W-NN:k=3,7,2.0,0.04,0.098,83 116 84 77 106 80 81 82 85 104 105 114 76 107 115 74 79 87 108 110,77 81 83 108 113 114 76 78 80 84 79 82 85 86 106 110 112 87 104 105,simulation,db4,usage,84,50,50,0
W-QDA,W-QDA:qda,6,2.0,0.0,0.064,83 116 84 77 106 80 81 82 85 104 105 114 76 107 115 74 79 87 108 110,77 81 83 108 113 114 76 78 80 84 79 82 85 86 106 110 112 87 104 105,simulation,db4,usage,84,50,50,0
W-CART,W-CART:cart,8,3.0,0.04,0.124,83 116 82 84 81 104 105 115 77 106 107 88 103 108 110 114 78 79 85 87,77 81 83 108 113 114 76 78 80 84 79 82 85 86 106 110 112 87 104 105,simulation,db4,usage,84,50,50,0
ALL,W-QDA:qda,6,2.0,0.0,0.064,83 116 84 77 106 80 81 82 85 104 105 114 76 107 115 74 79 87 108 110,77 81 83 108 113 114 76 78 80 84 79 82 85 86 106 110 112 87 104 105,simulation,db4,usage,84,50,50,0
W-NN,W-NN:k=1,3,,0.06,0.138,83 84 113 81 108 82 76 77 105 88 103 109 86 75 107 80 114 115 116 106,83 84 113 81 108 82 76 77 105 88 103 109 86 75 107 80 114 115 116 106,simulation,db4,energy,85,50,50,0
W-QDA,W-QDA:qda,14,,0.02,0.06,83 84 113 81 108 82 76 77 105 88 103 109 86 75 107 80 114 115 116 106,83 84 113 81 108 82 76 77 105 88 103 109 86 75 107 80 114 115 116 106,simulation,db4,energy,85,50,50,0
W-CART,W-CART:cart,3,,0.04,0.15,83 84 113 81 108 82 76 77 105 88 103 109 86 75 107 80 114 115 116 106,83 84 113 81 108 82 76 77 105 88 103 109 86 75 107 80 114 115 116 106,simulation,db4,energy,85,50,50,0
ALL,W-QDA:qda,14,,0.02,0.06,83 84 113 81 108 82 76 77 105 88 103 109 86 75 107 80 114 115 116 106,83 84 113 81 108 82 76 77 105 88 103 109 86 75 107 80 114 115 116 106,simulation,db4,energy,85,50,50,0
W-NN,W-NN:k=1,8,3.0,0.0,0.132,83 108 84 109 79 80 107 75 77 78 82 112 115 81 106 113 116 117 110 111,79 83 112 107 108 80 84 109 113 77 81 82 106 105 111 114 78 110 85 75,simulation,db4,usage,85,50,50,0
W-QDA,W-QDA:qda,14,3.0,0.06,0.088,83 108 84 109 79 80 107 75 77 78 82 112 115 81 106 113 116 117 110 111,79 83 112 107 108 80 84 109 113 77 81 82 106 105 111 114 78 110 85 75,simulation,db4,usage,85,50,50,0
W-CART,W-CART:cart,5,3.0,0.04,0.134,83 108 84 109 79 80 107 75 77 78 82 112 115 81 106 113 116 117 110 111,79 83 112 107 108 80 84 109 113 77 81 82 106 105 111 114 78 110 85 75,simulation,db4,usage,85,50,50,0
ALL,W-NN:k=1,8,3.0,0.0,0.132,83 108 84 109 79 80 107 75 77 78 82 112 115 81 106 113 116 117 110 111,79 83 112 107 108 80 84 109 113 77 81 82 106 105 111 114 78 110 85 75,simulation,db4,usage,85,50,50,0
W-NN,W-NN:k=1,16,,0.08,0.12,81 110 107 84 72 106 82 108 111 85 83 79 70 109 113 118 112 120 71 78,81 110 107 84 72 106 82 108 111 85 83 79 70 109 113 118 112 120 71 78,simulation,db4,energy,86,50,50,0
W-QDA,W-QDA:qda,6,,0.06,0.08,81 110 107 84 72 106 82 108 111 85 83 79 70 109 113 118 112 120 71 78,81 110 107 84 72 106 82 108 111 85 83 79 70 109 113 118 112 120 71 78,simulation,db4,energy,86,50,50,0
W-CART,W-CART:cart,23,,0.08,0.146,81 110 107 84 72 106 82 108 111 85 83 79 70 109 113 118 112 120 71 78,81 110 107 84 72 106 82 108 111 85 83 79 70 109 113 118 112 120 71 78,simulation,db4,energy,86,50,50,0
ALL,W-QDA:qda,6,,0.06,0.08,81 110 107 84 72 106 82 108 111 85 83 79 70 109 113 118 112 120 71 78,81 110 107 84 72 106 82 108 111 85 83 79 70 109 113 118 112 120 71 78,simulation,db4,energy,86,50,50,0
W-NN,W-NN:k=3,22,3.0,0.1,0.134,79 107 112 106 81 108 109 84 115 78 80 82 83 85 105 110 111 113 73 76,108 111 82 109 78 79 81 107 112 76 84 110 83 106 75 77 85 113 115 80,simulation,db4,usage,86,50,50,0
W-QDA,W-QDA:qda,4,3.0,0.08,0.116,79 107 112 106 81 108 109 84 115 78 80 82 83 85 105 110 111 113 73 76,108 111 82 109 78 79 81 107 112 76 84 110 83 106 75 77 85 113 115 80,simulation,db4,usage,86,50,50,0
W-CART,W-CART:cart,4,3.0,0.06,0.166,79 107 112 106 81 108 109 84 115 78 80 82 83 85 105 110 111 113 73 76,108 111 82 109 78 79 81 107 112 76 84 110 83 106 75 77 85 113 115 80,simulation,db4,usage,86,50,50,0
ALL,W-CART:cart,4,3.0,0.06,0.166,79 107 112 106 81 108 109 84 115 78 80 82 83 85 105 110 111 113 73 76,108 111 82 109 78 79 81 107 112 76 84 110 83 106 75 77 85 113 115 80,simulation,db4,usage,86,50,50,0
W-NN,W-NN:k=3,2,,0.1,0.106,87 104 114 37 109 116 76 52 113 77 108 115 117 120 72 86 71 88 154 107,87 104 114 37 109 116 76 52 113 77 108 115 117 120 72 86 71 88 154 107,simulation,db4,energy,87,50,50,0
W-QDA,W-QDA:qda,8,,0.02,0.038,87 104 114 37 109 116 76 52 113 77 108 115 117 120 72 86 71 88 154 107,87 104 114 37 109 116 76 52 113 77 108 115 117 120 72 86 71 88 154 107,simulation,db4,energy,87,50,50,0
W-CART,W-CART:cart,16,,0.04,0.106,87 104 114 37 109 116 76 52 113 77 108 115 117 120 72 86 71 88 154 107,87 104 114 37 109 116 76 52 113 77 108 115 117 120 72 86 71 88 154 107,simulation,db4,energy,87,50,50,0
ALL,W-QDA:qda,8,,0.02,0.038,87 104 114 37 109 116 76 52 113 77 108 115 117 120 72 86 71 88 154 107,87 104 114 37 109 116 76 52 113 77 108 115 117 120 72 86 71 88 154 107,simulation,db4,energy,87,50,50,0
W-NN,W-NN:k=3,1,2.0,0.08,0.16,75 113 74 109 112 114 79 80 108 116 76 77 111 73 110 115 78 81 83 117,78 79 115 74 76 80 111 112 113 75 109 114 77 81 116 72 73 108 110 82,simulation,db4,usage,87,50,50,0
W-QDA,W-QDA:qda,3,3.0,0.06,0.092,113 109 73 74 110 115 75 77 83 112 116 76 78 80 108 111 114 72 79 81,78 79 115 74 76 80 111 112 113 75 109 114 77 81 116 72 73 108 110 82,simulation,db4,usage,87,50,50,0
W-CART,W-CART:cart,23,3.0,0.02,0.112,113 109 73 74 110 115 75 77 83 112 116 76 78 80 108 111 114 72 79 81,78 79 115 74 76 80 111 112 113 75 109 114 77 81 116 72 73 108 110 82,simulation,db4,usage,87,50,50,0
ALL,W-CART:cart,23,3.0,0.02,0.112,113 109 73 74 110 115 75 77 83 112 116 76 78 80 108 111 114 72 79 81,78 79 115 74 76 80 111 112 113 75 109 114 77 81 116 72 73 108 110 82,simulation,db4,usage,87,50,50,0
W-NN,W-NN:k=5,7,,0.04,0.08,84 116 107 106 75 74 71 115 70 59 109 85 60 83 214 72 53 114 108 79,84 116 107 106 75 74 71 115 70 59 109 85 60 83 214 72 53 114 108 79,simulation,db4,energy,88,50,50,0
W-QDA,W-QDA:qda,9,,0.02,0.028,84 116 107 106 75 74 71 115 70 59 109 85 60 83 214 72 53 114 108 79,84 116 107 106 75 74 71 115 70 59 109 85 60 83 214 72 53 114 108 79,simulation,db4,energy,88,50,50,0
W-CART,W-CART:cart,27,,0.08,0.126,84 116 107 106 75 74 71 115 70 59 109 85 60 83 214 72 53 114 108 79,84 116 107 106 75 74 71 115 70 59 109 85 60 83 214 72 53 114 108 79,simulation,db4,energy,88,50,50,0
ALL,W-QDA:qda,9,,0.02,0.028,84 116 107 106 75 74 71 115 70 59 109 85 60 83 214 72 53 114 108 79,84 116 107 106 75 74 71 115 70 59 109 85 60 83 214 72 53 114 108 79,simulation,db4,energy,88,50,50,0
W-NN,W-NN:k=1,6,2.0,0.04,0.162,79 84 78 109 74 75 82 83 106 107 113 85 105 111 115 116 73 76 77 80,83 79 108 113 78 81 111 116 77 80 85 109 112 114 74 75 106 84 105 107,simulation,db4,usage,88,50,50,0
W-QDA,W-QDA:qda,7,2.0,0.02,0.058,79 84 78 109 74 75 82 83 106 107 113 85 105 111 115 116 73 76 77 80,83 79 108 113 78 81 111 116 77 80 85 109 112 114 74 75 106 84 105 107,simulation,db4,usage,88,50,50,0
W-CART,W-CART:cart,6,2.0,0.06,0.12,79 84 78 109 74 75 82 83 106 107 113 85 105 111 115 116 73 76 77 80,83 79 108 113 78 81 111 116 77 80 85 109 112 114 74 75 106 84 105 107,simulation,db4,usage,88,50,50,0
ALL,W-QDA:qda,7,2.0,0.02,0.058,79 84 78 109 74 75 82 83 106 107 113 85 105 111 115 116 73 76 77 80,83 79 108 113 78 81 111 116 77 80 85 109 112 114 74 75 106 84 105 107,simulation,db4,usage,88,50,50,0
W-NN,W-NN:k=7,1,,0.08,0.128,117 118 74 77 78 113 73 227 75 114 72 228 115 116 148 80 88 35 147 82,117 118 74 77 78 113 73 227 75 114 72 228 115 116 148 80 88 35 147 82,simulation,db4,energy,89,50,50,0
W-QDA,W-QDA:qda,1,,0.1,0.12,117 118 74 77 78 113 73 227 75 114 72 228 115 116 148 80 88 35 147 82,117 118 74 77 78 113 73 227 75 114 72 228 115 116 148 80 88 35 147 82,simulation,db4,energy,89,50,50,0
W-CART,W-CART:cart,2,,0.12,0.114,117 118 74 77 78 113 73 227 75 114 72 228 115 116 148 80 88 35 147 82,117 118 74 77 78 113 73 227 75 114 72 228 115 116 148 80 88 35 147 82,simulation,db4,energy,89,50,50,0
ALL,W-NN:k=7,1,,0.08,0.128,117 118 74 77 78 113 73 227 75 114 72 228 115 116 148 80 88 35 147 82,117 118 74 77 78 113 73 227 75 114 72 228 115 116 148 80 88 35 147 82,simulation,db4,energy,89,50,50,0
W-NN,W-NN:k=1,6,3.0,0.04,0.106,117 73 74 72 118 116 150 75 80 108 113 115 77 86 114 76 84 105 111 88,114 72 73 76 74 115 117 118 75 80 149 150 151 81 113 116 79 109 111 234,simulation,db4,usage,89,50,50,0
W-QDA,W-QDA:qda,2,0.5,0.06,0.084,115 72 114 75 76 73 74 77 80 110 111 112 113 117 118 83 150 233 81 108,114 72 73 76 74 115 117 118 75 80 149 150 151 81 113 116 79 109 111 234,simulation,db4,usage,89,50,50,0
W-CART,W-CART:cart,2,1.5,0.1,0.112,72 73 74 114 117 76 115 118 149 116 75 150 234 237 79 113 77 80 84 151,114 72 73 76 74 115 117 118 75 80 149 150 151 81 113 116 79 109 111 234,simulation,db4,usage,89,50,50,0
ALL,W-NN:k=1,6,3.0,0.04,0.106,117 73 74 72 118 116 150 75 80 108 113 115 77 86 114 76 84 105 111 88,114 72 73 76 74 115 117 118 75 80 149 150 151 81 113 116 79 109 111 234,simulation,db4,usage,89,50,50,0
W-NN,W-NN:k=3,3,,0.06,0.14,58 103 74 75 116 77 113 78 121 112 108 40 70 37 76 120 119 87 82 84,58 103 74 75 116 77 113 78 121 112 108 40 70 37 76 120 119 87 82 84,simulation,db4,energy,90,50,50,0
W-QDA,W-QDA:qda,4,,0.04,0.074,58 103 74 75 116 77 113 78 121 112 108 40 70 37 76 120 119 87 82 84,58 103 74 75 116 77 113 78 121 112 108 40 70 37 76 120 119 87 82 84,simulation,db4,energy,90,50,50,0
W-CART,W-CART:cart,54,,0.08,0.126,58 103 74 75 116 77 113 78 121 112 108 40 70 37 76 120 119 87 82 84,58 103 74 75 116 77 113 78 121 112 108 40 70 37 76 120 119 87 82 84,simulation,db4,energy,90,50,50,0
ALL,W-QDA:qda,4,,0.04,0.074,58 103 74 75 116 77 113 78 121 112 108 40 70 37 76 120 119 87 82 84,58 103 74 75 116 77 113 78 121 112 108 40 70 37 76 120 119 87 82 84,simulation,db4,energy,90,50,50,0
W-NN,W-NN:k=5,11,1.0,0.06,0.124,115 75 76 77 78 79 81 82 108 111 114 109 112 80 113 116 107 110 73 84,115 75 76 77 78 79 81 82 108 111 114 109 112 80 113 116 107 110 73 84,simulation,db4,usage,90,50,50,0
W-QDA,W-QDA:qda,8,3.0,0.02,0.088,76 82 79 78 109 111 119 80 84 106 74 81 85 104 107 113 116 117 118 72,115 75 76 77 78 79 81 82 108 111 114 109 112 80 113 116 107 110 73 84,simulation,db4,usage,90,50,50,0
W-CART,W-CART:cart,22,1.5,0.08,0.126,76 75 77 78 79 114 82 108 109 115 73 81 83 111 116 118 119 80 107 72,115 75 76 77 78 79 81 82 108 111 114 109 112 80 113 116 107 110 73 84,simulation,db4,usage,90,50,50,0
ALL,W-QDA:qda,8,3.0,0.02,0.088,76 82 79 78 109 111 119 80 84 106 74 81 85 104 107 113 116 117 118 72,115 75 76 77 78 79 81 82 108 111 114 109 112 80 113 116 107 110 73 84,simulation,db4,usage,90,50,50,0
W-NN,W-NN:k=5,2,,0.16,0.142,84 107 108 80 111 83 79 110 40 169 43 113 78 109 81 222 41 114 106 76,84 107 108 80 111 83 79 110 40 169 43 113 78 109 81 222 41 114 106 76,simulation,db4,energy,91,50,50,0
W-QDA,W-QDA:qda,5,,0.12,0.142,84 107 108 80 111 83 79 110 40 169 43 113 78 109 81 222 41 114 106 76,84 107 108 80 111 83 79 110 40 169 43 113 78 109 81 222 41 114 106 76,simulation,db4,energy,91,50,50,0
W-CART,W-CART:cart,39,,0.08,0.156,84 107 108 80 111 83 79 110 40 169 43 113 78 109 81 222 41 114 106 76,84 107 108 80 111 83 79 110 40 169 43 113 78 109 81 222 41 114 106 76,simulation,db4,energy,91,50,50,0
ALL,W-CART:cart,39,,0.08,0.156,84 107 108 80 111 83 79 110 40 169 43 113 78 109 81 222 41 114 106 76,84 107 108 80 111 83 79 110 40 169 43 113 78 109 81 222 41 114 106 76,simulation,db4,energy,91,50,50,0
W-NN,W-NN:k=3,15,3.0,0.08,0.09,108 80 81 79 111 109 115 77 106 110 83 107 112 114 117 76 85 113 116 78,79 78 108 110 111 80 81 109 113 77 114 82 84 85 83 107 115 76 75 106,simulation,db4,usage,91,50,50,0
W-QDA,W-QDA:qda,9,3.0,0.1,0.122,108 80 81 79 111 109 115 77 106 110 83 107 112 114 117 76 85 113 116 78,79 78 108 110 111 80 81 109 113 77 114 82 84 85 83 107 115 76 75 106,simulation,db4,usage,91,50,50,0
W-CART,W-CART:cart,13,1.5,0.08,0.188,79 108 80 109 113 78 81 110 111 77 83 84 85 107 82 112 115 106 114 76,79 78 108 110 111 80 81 109 113 77 114 82 84 85 83 107 115 76 75 106,simulation,db4,usage,91,50,50,0
ALL,W-CART:cart,13,1.5,0.08,0.188,79 108 80 109 113 78 81 110 111 77 83 84 85 107 82 112 115 106 114 76,79 78 108 110 111 80 81 109 113 77 114 82 84 85 83 107 115 76 75 106,simulation,db4,usage,91,50,50,0
W-NN,W-NN:k=5,7,,0.08,0.15,109 81 82 77 117 84 113 114 76 37 85 105 112 73 108 86 80 78 116 83,109 81 82 77 117 84 113 114 76 37 85 105 112 73 108 86 80 78 116 83,simulation,db4,energy,92,50,50,0
W-QDA,W-QDA:qda,16,,0.0,0.032,109 81 82 77 117 84 113 114 76 37 85 105 112 73 108 86 80 78 116 83,109 81 82 77 117 84 113 114 76 37 85 105 112 73 108 86 80 78 116 83,simulation,db4,energy,92,50,50,0
W-CART,W-CART:cart,7,,0.1,0.166,109 81 82 77 117 84 113 114 76 37 85 105 112 73 108 86 80 78 116 83,109 81 82 77 117 84 113 114 76 37 85 105 112 73 108 86 80 78 116 83,simulation,db4,energy,92,50,50,0
ALL,W-QDA:qda,16,,0.0,0.032,109 81 82 77 117 84 113 114 76 37 85 105 112 73 108 86 80 78 116 83,109 81 82 77 117 84 113 114 76 37 85 105 112 73 108 86 80 78 116 83,simulation,db4,energy,92,50,50,0
W-NN,W-NN:k=1,5,0.5,0.12,0.162,80 75 81 111 115 77 79 82 76 108 110 114 116 74 78 109 112 113 83 107,81 82 77 110 112 79 111 114 80 109 78 113 116 76 75 108 115 85 86 105,simulation,db4,usage,92,50,50,0
W-QDA,W-QDA:qda,13,2.0,0.08,0.106,79 111 112 114 81 76 82 110 113 80 77 78 85 108 109 115 75 107 83 84,81 82 77 110 112 79 111 114 80 109 78 113 116 76 75 108 115 85 86 105,simulation,db4,usage,92,50,50,0
W-CART,W-CART:cart,23,0.5,0.04,0.112,80 75 81 111 115 77 79 82 76 108 110 114 116 74 78 109 112 113 83 107,81 82 77 110 112 79 111 114 80 109 78 113 116 76 75 108 115 85 86 105,simulation,db4,usage,92,50,50,0
ALL,W-CART:cart,23,0.5,0.04,0.112,80 75 81 111 115 77 79 82 76 108 110 114 116 74 78 109 112 113 83 107,81 82 77 110 112 79 111 114 80 109 78 113 116 76 75 108 115 85 86 105,simulation,db4,usage,92,50,50,0
W-NN,W-NN:k=1,9,,0.04,0.11,88 72 116 114 57 109 76 84 78 74 82 87 81 85 115 104 83 118 75 117,88 72 116 114 57 109 76 84 78 74 82 87 81 85 115 104 83 118 75 117,simulation,db4,energy,93,50,50,0
W-QDA,W-QDA:qda,20,,0.06,0.088,88 72 116 114 57 109 76 84 78 74 82 87 81 85 115 104 83 118 75 117,88 72 116 114 57 109 76 84 78 74 82 87 81 85 115 104 83 118 75 117,simulation,db4,energy,93,50,50,0
W-CART,W-CART:cart,27,,0.1,0.112,88 72 116 114 57 109 76 84 78 74 82 87 81 85 115 104 83 118 75 117,88 72 116 114 57 109 76 84 78 74 82 87 81 85 115 104 83 118 75 117,simulation,db4,energy,93,50,50,0
ALL,W-NN:k=1,9,,0.04,0.11,88 72 116 114 57 109 76 84 78 74 82 87 81 85 115 104 83 118 75 117,88 72 116 114 57 109 76 84 78 74 82 87 81 85 115 104 83 118 75 117,simulation,db4,energy,93,50,50,0
W-NN,W-NN:k=1,6,3.0,0.06,0.13,116 74 75 115 76 81 84 72 73 78 105 112 114 117 77 118 80 107 111 83,115 77 114 116 74 75 76 78 79 80 81 112 73 113 117 118 84 111 151 152,simulation,db4,usage,93,50,50,0
W-QDA,W-QDA:qda,9,3.0,0.08,0.052,116 74 75 115 76 81 84 72 73 78 105 112 114 117 77 118 80 107 111 83,115 77 114 116 74 75 76 78 79 80 81 112 73 113 117 118 84 111 151 152,simulation,db4,usage,93,50,50,0
W-CART,W-CART:cart,4,1.5,0.08,0.088,115 116 74 73 76 114 75 78 112 117 77 79 81 84 113 80 85 109 111 72,115 77 114 116 74 75 76 78 79 80 81 112 73 113 117 118 84 111 151 152,simulation,db4,usage,93,50,50,0
ALL,W-NN:k=1,6,3.0,0.06,0.13,116 74 75 115 76 81 84 72 73 78 105 112 114 117 77 118 80 107 111 83,115 77 114 116 74 75 76 78 79 80 81 112 73 113 117 118 84 111 151 152,simulation,db4,usage,93,50,50,0
W-NN,W-NN:k=1,4,,0.02,0.162,117 73 72 110 51 78 77 84 44 113 85 115 74 103 118 112 43 81 86 53,117 73 72 110 51 78 77 84 44 113 85 115 74 103 118 112 43 81 86 53,simulation,db4,energy,94,50,50,0
W-QDA,W-QDA:qda,7,,0.0,0.052,117 73 72 110 51 78 77 84 44 113 85 115 74 103 118 112 43 81 86 53,117 73 72 110 51 78 77 84 44 113 85 115 74 103 118 112 43 81 86 53,simulation,db4,energy,94,50,50,0
W-CART,W-CART:cart,1,,0.04,0.148,117 73 72 110 51 78 77 84 44 113 85 115 74 103 118 112 43 81 86 53,117 73 72 110 51 78 77 84 44 113 85 115 74 103 118 112 43 81 86 53,simulation,db4,energy,94,50,50,0
ALL,W-QDA:qda,7,,0.0,0.052,117 73 72 110 51 78 77 84 44 113 85 115 74 103 118 112 43 81 86 53,117 73 72 110 51 78 77 84 44 113 85 115 74 103 118 112 43 81 86 53,simulation,db4,energy,94,50,50,0
W-NN,W-NN:k=7,17,3.0,0.06,0.26,106 78 79 108 109 77 85 105 113 115 80 84 111 72 110 74 81 82 83 86,79 108 81 106 107 78 112 80 86 113 116 75 84 85 109 82 105 110 115 117,simulation,db4,usage,94,50,50,0
W-QDA,W-QDA:qda,18,3.0,0.02,0.078,106 78 79 108 109 77 85 105 113 115 80 84 111 72 110 74 81 82 83 86,79 108 81 106 107 78 112 80 86 113 116 75 84 85 109 82 105 110 115 117,simulation,db4,usage,94,50,50,0
W-CART,W-CART:cart,8,3.0,0.12,0.13,106 78 79 108 109 77 85 105 113 115 80 84 111 72 110 74 81 82 83 86,79 108 81 106 107 78 112 80 86 113 116 75 84 85 109 82 105 110 115 117,simulation,db4,usage,94,50,50,0
ALL,W-QDA:qda,18,3.0,0.02,0.078,106 78 79 108 109 77 85 105 113 115 80 84 111 72 110 74 81 82 83 86,79 108 81 106 107 78 112 80 86 113 116 75 84 85 109 82 105 110 115 117,simulation,db4,usage,94,50,50,0
W-NN,W-NN:k=1,6,,0.04,0.134,83 70 71 108 107 116 114 60 41 84 118 117 74 72 85 115 119 76 54 82,83 70 71 108 107 116 114 60 41 84 118 117 74 72 85 115 119 76 54 82,simulation,db4,energy,95,50,50,0
W-QDA,W-QDA:qda,16,,0.04,0.032,83 70 71 108 107 116 114 60 41 84 118 117 74 72 85 115 119 76 54 82,83 70 71 108 107 116 114 60 41 84 118 117 74 72 85 115 119 76 54 82,simulation,db4,energy,95,50,50,0
W-CART,W-CART:cart,40,,0.08,0.166,83 70 71 108 107 116 114 60 41 84 118 117 74 72 85 115 119 76 54 82,83 70 71 108 107 116 114 60 41 84 118 117 74 72 85 115 119 76 54 82,simulation,db4,energy,95,50,50,0
ALL,W-NN:k=1,6,,0.04,0.134,83 70 71 108 107 116 114 60 41 84 118 117 74 72 85 115 119 76 54 82,83 70 71 108 107 116 114 60 41 84 118 117 74 72 85 115 119 76 54 82,simulation,db4,energy,95,50,50,0
W-NN,W-NN:k=5,10,3.0,0.02,0.078,74 84 83 116 82 85 106 115 117 73 105 118 76 78 107 79 104 77 109 112,114 83 82 108 74 77 107 78 84 106 109 110 117 72 80 81 85 115 116 76,simulation,db4,usage,95,50,50,0
W-QDA,W-QDA:qda,13,2.0,0.0,0.026,83 114 74 78 107 115 82 116 84 106 108 117 75 77 85 73 76 79 104 109,114 83 82 108 74 77 107 78 84 106 109 110 117 72 80 81 85 115 116 76,simulation,db4,usage,95,50,50,0
W-CART,W-CART:cart,11,3.0,0.08,0.166,74 84 83 116 82 85 106 115 117 73 105 118 76 78 107 79 104 77 109 112,114 83 82 108 74 77 107 78 84 106 109 110 117 72 80 81 85 115 116 76,simulation,db4,usage,95,50,50,0
ALL,W-QDA:qda,13,2.0,0.0,0.026,83 114 74 78 107 115 82 116 84 106 108 117 75 77 85 73 76 79 104 109,114 83 82 108 74 77 107 78 84 106 109 110 117 72 80 81 85 115 116 76,simulation,db4,usage,95,50,50,0
W-NN,W-NN:k=3,6,,0.08,0.124,107 87 51 84 72 115 88 108 59 116 86 114 119 113 103 83 110 77 82 118,107 87 51 84 72 115 88 108 59 116 86 114 119 113 103 83 110 77 82 118,simulation,db4,energy,96,50,50,0
W-QDA,W-QDA:qda,8,,0.0,0.04,107 87 51 84 72 115 88 108 59 116 86 114 119 113 103 83 110 77 82 118,107 87 51 84 72 115 88 108 59 116 86 114 119 113 103 83 110 77 82 118,simulation,db4,energy,96,50,50,0
W-CART,W-CART:cart,5,,0.04,0.092,107 87 51 84 72 115 88 108 59 116 86 114 119 113 103 83 110 77 82 118,107 87 51 84 72 115 88 108 59 116 86 114 119 113 103 83 110 77 82 118,simulation,db4,energy,96,50,50,0
ALL,W-QDA:qda,8,,0.0,0.04,107 87 51 84 72 115 88 108 59 116 86 114 119 113 103 83 110 77 82 118,107 87 51 84 72 115 88 108 59 116 86 114 119 113 103 83 110 77 82 118,simulation,db4,energy,96,50,50,0
W-NN,W-NN:k=9,4,0.5,0.02,0.23,79 109 76 114 115 116 75 82 113 77 78 108 81 107 110 83 117 80 112 118,75 79 114 115 80 81 112 113 76 77 108 110 116 74 82 107 109 117 73 111,simulation,db4,usage,96,50,50,0
W-QDA,W-QDA:qda,3,1.0,0.04,0.166,75 79 114 115 80 81 112 113 76 77 108 110 116 74 82 107 109 117 73 111,75 79 114 115 80 81 112 113 76 77 108 110 116 74 82 107 109 117 73 111,simulation,db4,usage,96,50,50,0
W-CART,W-CART:cart,25,1.5,0.04,0.11,75 79 112 115 80 81 114 116 74 108 110 113 117 76 78 82 84 111 73 109,75 79 114 115 80 81 112 113 76 77 108 110 116 74 82 107 109 117 73 111,simulation,db4,usage,96,50,50,0
ALL,W-NN:k=9,4,0.5,0.02,0.23,79 109 76 114 115 116 75 82 113 77 78 108 81 107 110 83 117 80 112 118,75 79 114 115 80 81 112 113 76 77 108 110 116 74 82 107 109 117 73 111,simulation,db4,usage,96,50,50,0
W-NN,W-NN:k=1,5,,0.06,0.076,106 85 119 73 118 76 71 36 120 116 84 114 72 117 88 115 59 75 107 74,106 85 119 73 118 76 71 36 120 116 84 114 72 117 88 115 59 75 107 74,simulation,db4,energy,97,50,50,0
W-QDA,W-QDA:qda,7,,0.02,0.034,106 85 119 73 118 76 71 36 120 116 84 114 72 117 88 115 59 75 107 74,106 85 119 73 118 76 71 36 120 116 84 114 72 117 88 115 59 75 107 74,simulation,db4,energy,97,50,50,0
W-CART,W-CART:cart,7,,0.14,0.116,106 85 119 73 118 76 71 36 120 116 84 114 72 117 88 115 59 75 107 74,106 85 119 73 118 76 71 36 120 116 84 114 72 117 88 115 59 75 107 74,simulation,db4,energy,97,50,50,0
ALL,W-QDA:qda,7,,0.02,0.034,106 85 119 73 118 76 71 36 120 116 84 114 72 117 88 115 59 75 107 74,106 85 119 73 118 76 71 36 120 116 84 114 72 117 88 115 59 75 107 74,simulation,db4,energy,97,50,50,0
W-NN,W-NN:k=1,4,3.0,0.06,0.138,76 115 74 114 116 73 75 118 119 77 78 111 117 72 79 80 113 71 57 58,112 74 78 75 115 116 76 80 111 113 114 117 119 73 77 79 72 120 81 82,simulation,db4,usage,97,50,50,0
W-QDA,W-QDA:qda,2,1.0,0.06,0.168,112 74 78 75 115 116 76 80 111 113 114 117 119 73 77 79 72 120 81 82,112 74 78 75 115 116 76 80 111 113 114 117 119 73 77 79 72 120 81 82,simulation,db4,usage,97,50,50,0
W-CART,W-CART:cart,1,2.0,0.08,0.126,74 76 78 114 115 116 75 119 79 73 77 111 112 72 80 113 117 120 118 71,112 74 78 75 115 116 76 80 111 113 114 117 119 73 77 79 72 120 81 82,simulation,db4,usage,97,50,50,0
ALL,W-QDA:qda,2,1.0,0.06,0.168,112 74 78 75 115 116 76 80 111 113 114 117 119 73 77 79 72 120 81 82,112 74 78 75 115 116 76 80 111 113 114 117 119 73 77 79 72 120 81 82,simulation,db4,usage,97,50,50,0
W-NN,W-NN:k=1,5,,0.16,0.134,78 113 116 117 107 114 38 71 73 79 109 84 72 110 118 81 106 112 74 119,78 113 116 117 107 114 38 71 73 79 109 84 72 110 118 81 106 112 74 119,simulation,db4,energy,98,50,50,0
W-QDA,W-QDA:qda,8,,0.0,0.08,78 113 116 117 107 114 38 71 73 79 109 84 72 110 118 81 106 112 74 119,78 113 116 117 107 114 38 71 73 79 109 84 72 110 118 81 106 112 74 119,simulation,db4,energy,98,50,50,0
W-CART,W-CART:cart,7,,0.04,0.11,78 113 116 117 107 114 38 71 73 79 109 84 72 110 118 81 106 112 74 119,78 113 116 117 107 114 38 71 73 79 109 84 72 110 118 81 106 112 74 119,simulation,db4,energy,98,50,50,0
ALL,W-QDA:qda,8,,0.0,0.08,78 113 116 117 107 114 38 71 73 79 109 84 72 110 118 81 106 112 74 119,78 113 116 117 107 114 38 71 73 79 109 84 72 110 118 81 106 112 74 119,simulation,db4,energy,98,50,50,0
W-NN,W-NN:k=1,24,0.5,0.1,0.162,76 77 116 78 79 111 113 80 75 109 112 114 115 110 74 81 158 226 230 117,77 113 78 76 111 109 116 80 114 115 75 79 81 110 112 74 83 84 117 73,simulation,db4,usage,98,50,50,0
W-QDA,W-QDA:qda,3,0.5,0.1,0.118,76 77 116 78 79 111 113 80 75 109 112 114 115 110 74 81 158 226 230 117,77 113 78 76 111 109 116 80 114 115 75 79 81 110 112 74 83 84 117 73,simulation,db4,usage,98,50,50,0
W-CART,W-CART:cart,23,2.0,0.02,0.106,77 78 113 76 112 115 116 109 111 117 79 110 114 81 71 80 73 75 72 106,77 113 78 76 111 109 116 80 114 115 75 79 81 110 112 74 83 84 117 73,simulation,db4,usage,98,50,50,0
ALL,W-CART:cart,23,2.0,0.02,0.106,77 78 113 76 112 115 116 109 111 117 79 110 114 81 71 80 73 75 72 106,77 113 78 76 111 109 116 80 114 115 75 79 81 110 112 74 83 84 117 73,simulation,db4,usage,98,50,50,0
W-NN,W-NN:k=1,5,,0.12,0.126,240 143 118 72 71 70 102 120 119 89 78 144 76 73 35 113 239 79 74 56,240 143 118 72 71 70 102 120 119 89 78 144 76 73 35 113 239 79 74 56,simulation,db4,energy,99,50,50,0
W-QDA,W-QDA:qda,7,,0.06,0.07,240 143 118 72 71 70 102 120 119 89 78 144 76 73 35 113 239 79 74 56,240 143 118 72 71 70 102 120 119 89 78 144 76 73 35 113 239 79 74 56,simulation,db4,energy,99,50,50,0
W-CART,W-CART:cart,19,,0.1,0.108,240 143 118 72 71 70 102 120 119 89 78 144 76 73 35 113 239 79 74 56,240 143 118 72 71 70 102 120 119 89 78 144 76 73 35 113 239 79 74 56,simulation,db4,energy,99,50,50,0
ALL,W-QDA:qda,7,,0.06,0.07,240 143 118 72 71 70 102 120 119 89 78 144 76 73 35 113 239 79 74 56,240 143 118 72 71 70 102 120 119 89 78 144 76 73 35 113 239 79 74 56,simulation,db4,energy,99,50,50,0
W-NN,W-NN:k=3,4,2.0,0.08,0.094,77 78 72 83 113 119 112 114 118 71 73 76 79 116 82 110 111 117 75 81,77 113 78 114 117 79 82 112 76 80 119 72 75 83 109 71 73 108 115 116,simulation,db4,usage,99,50,50,0
W-QDA,W-QDA:qda,13,3.0,0.04,0.054,78 119 76 77 83 72 79 118 73 82 112 116 81 110 113 114 75 84 117 71,77 113 78 114 117 79 82 112 76 80 119 72 75 83 109 71 73 108 115 116,simulation,db4,usage,99,50,50,0
W-CART,W-CART:cart,31,3.0,0.08,0.114,78 119 76 77 83 72 79 118 73 82 112 116 81 110 113 114 75 84 117 71,77 113 78 114 117 79 82 112 76 80 119 72 75 83 109 71 73 108 115 116,simulation,db4,usage,99,50,50,0
ALL,W-QDA:qda,13,3.0,0.04,0.054,78 119 76 77 83 72 79 118 73 82 112 116 81 110 113 114 75 84 117 71,77 113 78 114 117 79 82 112 76 80 119 72 75 83 109 71 73 108 115 116,simulation,db4,usage,99,50,50,0
W-NN,W-NN:k=3,1,,0.08,0.136,105 52 211 6 53 210 12 212 13 1 25 106 26 0 54 14 104 51 107 88,105 52 211 6 53 210 12 212 13 1 25 106 26 0 54 14 104 51 107 88,simulation,db4,energy,0,50,50,1
W-QDA,W-QDA:qda,3,,0.12,0.13,105 52 211 6 53 210 12 212 13 1 25 106 26 0 54 14 104 51 107 88,105 52 211 6 53 210 12 212 13 1 25 106 26 0 54 14 104 51 107 88,simulation,db4,energy,0,50,50,1
W-CART,W-CART:cart,5,,0.08,0.14,105 52 211 6 53 210 12 212 13 1 25 106 26 0 54 14 104 51 107 88,105 52 211 6 53 210 12 212 13 1 25 106 26 0 54 14 104 51 107 88,simulation,db4,energy,0,50,50,1
ALL,W-NN:k=3,1,,0.08,0.136,105 52 211 6 53 210 12 212 13 1 25 106 26 0 54 14 104 51 107 88,105 52 211 6 53 210 12 212 13 1 25 106 26 0 54 14 104 51 107 88,simulation,db4,energy,0,50,50,1
W-NN,W-NN:k=1,3,3.0,0.14,0.288,114 111 113 76 78 79 115 117 82 116 74 75 77 109 112 80 81 83 108 118,111 79 80 112 77 81 74 76 109 110 116 113 114 117 75 78 82 115 83 107,simulation,db4,usage,0,50,50,1
W-QDA,W-QDA:qda,4,1.5,0.16,0.094,109 111 117 76 77 81 112 114 74 79 110 115 75 80 108 116 78 82 83 113,111 79 80 112 77 81 74 76 109 110 116 113 114 117 75 78 82 115 83 107,simulation,db4,usage,0,50,50,1
W-CART,W-CART:cart,25,1.5,0.06,0.132,109 111 117 76 77 81 112 114 74 79 110 115 75 80 108 116 78 82 83 113,111 79 80 112 77 81 74 76 109 110 116 113 114 117 75 78 82 115 83 107,simulation,db4,usage,0,50,50,1
ALL,W-CART:cart,25,1.5,0.06,0.132,109 111 117 76 77 81 112 114 74 79 110 115 75 80 108 116 78 82 83 113,111 79 80 112 77 81 74 76 109 110 116 113 114 117 75 78 82 115 83 107,simulation,db4,usage,0,50,50,1
W-NN,W-NN:k=1,39,,0.08,0.14,220 27 55 54 109 221 13 56 7 14 111 222 1 0 3 26 6 110 28 443,220 27 55 54 109 221 13 56 7 14 111 222 1 0 3 26 6 110 28 443,simulation,db4,energy,1,50,50,1
W-QDA,W-QDA:qda,11,,0.18,0.27,220 27 55 54 109 221 13 56 7 14 111 222 1 0 3 26 6 110 28 443,220 27 55 54 109 221 13 56 7 14 111 222 1 0 3 26 6 110 28 443,simulation,db4,energy,1,50,50,1
W-CART,W-CART:cart,44,,0.1,0.116,220 27 55 54 109 221 13 56 7 14 111 222 1 0 3 26 6 110 28 443,220 27 55 54 109 221 13 56 7 14 111 222 1 0 3 26 6 110 28 443,simulation,db4,energy,1,50,50,1
ALL,W-NN:k=1,39,,0.08,0.14,220 27 55 54 109 221 13 56 7 14 111 222 1 0 3 26 6 110 28 443,220 27 55 54 109 221 13 56 7 14 111 222 1 0 3 26 6 110 28 443,simulation,db4,energy,1,50,50,1
W-NN,W-NN:k=1,15,1.0,0.06,0.174,77 78 111 79 75 109 110 113 114 76 115 82 112 81 73 74 80 83 108 116,77 78 111 79 75 109 110 113 114 76 115 82 112 81 73 74 80 83 108 116,simulation,db4,usage,1,50,50,1
W-QDA,W-QDA:qda,8,1.5,0.14,0.12,77 78 111 113 75 76 109 110 112 114 74 79 115 80 81 73 82 108 116 117,77 78 111 79 75 109 110 113 114 76 115 82 112 81 73 74 80 83 108 116,simulation,db4,usage,1,50,50,1
W-CART,W-CART:cart,27,3.0,0.1,0.116,77 76 109 115 75 78 110 117 74 80 111 73 79 114 116 81 112 113 82 118,77 78 111 79 75 109 110 113 114 76 115 82 112 81 73 74 80 83 108 116,simulation,db4,usage,1,50,50,1
ALL,W-NN:k=1,15,1.0,0.06,0.174,77 78 111 79 75 109 110 113 114 76 115 82 112 81 73 74 80 83 108 116,77 78 111 79 75 109 110 113 114 76 115 82 112 81 73 74 80 83 108 116,simulation,db4,usage,1,50,50,1
W-NN,W-NN:k=3,25,,0.04,0.122,44 178 88 5 89 10 11 357 21 90 2 356 177 45 43 179 0 358 12 180,44 178 88 5 89 10 11 357 21 90 2 356 177 45 43 179 0 358 12 180,simulation,db4,energy,2,50,50,1
W-QDA,W-QDA:qda,8,,0.02,0.112,44 178 88 5 89 10 11 357 21 90 2 356 177 45 43 179 0 358 12 180,44 178 88 5 89 10 11 357 21 90 2 356 177 45 43 179 0 358 12 180,simulation,db4,energy,2,50,50,1
W-CART,W-CART:cart,48,,0.04,0.11,44 178 88 5 89 10 11 357 21 90 2 356 177 45 43 179 0 358 12 180,44 178 88 5 89 10 11 357 21 90 2 356 177 45 43 179 0 358 12 180,simulation,db4,energy,2,50,50,1
ALL,W-QDA:qda,8,,0.02,0.112,44 178 88 5 89 10 11 357 21 90 2 356 177 45 43 179 0 358 12 180,44 178 88 5 89 10 11 357 21 90 2 356 177 45 43 179 0 358 12 180,simulation,db4,energy,2,50,50,1
W-NN,W-NN:k=3,5,2.0,0.08,0.232,109 113 75 77 80 107 108 110 117 76 79 83 111 73 78 81 114 115 119 39,115 75 76 77 78 109 116 80 81 114 111 73 74 79 83 108 112 113 117 84,simulation,db4,usage,2,50,50,1
W-QDA,W-QDA:qda,19,0.5,0.02,0.048,115 76 75 77 74 78 116 80 81 113 114 117 111 112 82 109 85 73 79 83,115 75 76 77 78 109 116 80 81 114 111 73 74 79 83 108 112 113 117 84,simulation,db4,usage,2,50,50,1
W-CART,W-CART:cart,10,1.0,0.04,0.18,115 75 76 77 78 109 116 80 81 114 111 73 74 79 83 108 112 113 117 84,115 75 76 77 78 109 116 80 81 114 111 73 74 79 83 108 112 113 117 84,simulation,db4,usage,2,50,50,1
ALL,W-QDA:qda,19,0.5,0.02,0.048,115 76 75 77 74 78 116 80 81 113 114 117 111 112 82 109 85 73 79 83,115 75 76 77 78 109 116 80 81 114 111 73 74 79 83 108 112 113 117 84,simulation,db4,usage,2,50,50,1
W-NN,W-NN:k=7,3,,0.1,0.256,76 152 38 19 9 153 304 4 77 37 75 18 39 303 1 20 0 305 5 79,76 152 38 19 9 153 304 4 77 37 75 18 39 303 1 20 0 305 5 79,simulation,db4,energy,3,50,50,1
W-QDA,W-QDA:qda,13,,0.16,0.158,76 152 38 19 9 153 304 4 77 37 75 18 39 303 1 20 0 305 5 79,76 152 38 19 9 153 304 4 77 37 75 18 39 303 1 20 0 305 5 79,simulation,db4,energy,3,50,50,1
W-CART,W-CART:cart,32,,0.02,0.122,76 152 38 19 9 153 304 4 77 37 75 18 39 303 1 20 0 305 5 79,76 152 38 19 9 153 304 4 77 37 75 18 39 303 1 20 0 305 5 79,simulation,db4,energy,3,50,50,1
ALL,W-CART:cart,32,,0.02,0.122,76 152 38 19 9 153 304 4 77 37 75 18 39 303 1 20 0 305 5 79,76 152 38 19 9 153 304 4 77 37 75 18 39 303 1 20 0 305 5 79,simulation,db4,energy,3,50,50,1
W-NN,W-NN:k=7,8,1.0,0.0,0.162,84 109 110 78 108 80 83 115 81 86 111 112 114 77 79 82 85 107 113 76,84 109 110 78 108 80 83 115 81 86 111 112 114 77 79 82 85 107 113 76,simulation,db4,usage,3,50,50,1
W-QDA,W-QDA:qda,2,3.0,0.04,0.096,81 86 108 82 85 112 113 84 105 106 110 77 79 80 107 75 78 83 116 76,84 109 110 78 108 80 83 115 81 86 111 112 114 77 79 82 85 107 113 76,simulation,db4,usage,3,50,50,1
W-CART,W-CART:cart,4,3.0,0.04,0.096,81 86 108 82 85 112 113 84 105 106 110 77 79 80 107 75 78 83 116 76,84 109 110 78 108 80 83 115 81 86 111 112 114 77 79 82 85 107 113 76,simulation,db4,usage,3,50,50,1
ALL,W-NN:k=7,8,1.0,0.0,0.162,84 109 110 78 108 80 83 115 81 86 111 112 114 77 79 82 85 107 113 76,84 109 110 78 108 80 83 115 81 86 111 112 114 77 79 82 85 107 113 76,simulation,db4,usage,3,50,50,1
W-NN,W-NN:k=3,4,,0.1,0.148,107 53 215 27 54 6 214 216 13 26 1 108 0 55 28 7 52 106 109 432,107 53 215 27 54 6 214 216 13 26 1 108 0 55 28 7 52 106 109 432,simulation,db4,energy,4,50,50,1
W-QDA,W-QDA:qda,9,,0.08,0.182,107 53 215 27 54 6 214 216 13 26 1 108 0 55 28 7 52 106 109 432,107 53 215 27 54 6 214 216 13 26 1 108 0 55 28 7 52 106 109 432,simulation,db4,energy,4,50,50,1
W-CART,W-CART:cart,40,,0.08,0.13,107 53 215 27 54 6 214 216 13 26 1 108 0 55 28 7 52 106 109 432,107 53 215 27 54 6 214 216 13 26 1 108 0 55 28 7 52 106 109 432,simulation,db4,energy,4,50,50,1
ALL,W-QDA:qda,9,,0.08,0.182,107 53 215 27 54 6 214 216 13 26 1 108 0 55 28 7 52 106 109 432,107 53 215 27 54 6 214 216 13 26 1 108 0 55 28 7 52 106 109 432,simulation,db4,energy,4,50,50,1
W-NN,W-NN:k=5,21,3.0,0.04,0.162,80 112 114 79 106 77 78 81 84 107 110 75 109 113 118 71 83 85 108 111,80 78 79 81 77 112 110 113 114 76 84 109 115 75 82 106 111 116 83 107,simulation,db4,usage,4,50,50,1
W-QDA,W-QDA:qda,15,3.0,0.0,0.048,80 112 114 79 106 77 78 81 84 107 110 75 109 113 118 71 83 85 108 111,80 78 79 81 77 112 110 113 114 76 84 109 115 75 82 106 111 116 83 107,simulation,db4,usage,4,50,50,1
W-CART,W-CART:cart,15,0.5,0.06,0.16,78 79 113 81 110 114 77 80 76 112 82 109 111 75 83 115 108 84 107 116,80 78 79 81 77 112 110 113 114 76 84 109 115 75 82 106 111 116 83 107,simulation,db4,usage,4,50,50,1
ALL,W-QDA:qda,15,3.0,0.0,0.048,80 112 114 79 106 77 78 81 84 107 110 75 109 113 118 71 83 85 108 111,80 78 79 81 77 112 110 113 114 76 84 109 115 75 82 106 111 116 83 107,simulation,db4,usage,4,50,50,1
W-NN,W-NN:k=3,54,,0.06,0.144,64 129 65 31 16 8 15 259 4 63 2 258 7 128 1 66 32 130 0 17,64 129 65 31 16 8 15 259 4 63 2 258 7 128 1 66 32 130 0 17,simulation,db4,energy,5,50,50,1
W-QDA,W-QDA:qda,5,,0.32,0.408,64 129 65 31 16 8 15 259 4 63 2 258 7 128 1 66 32 130 0 17,64 129 65 31 16 8 15 259 4 63 2 258 7 128 1 66 32 130 0 17,simulation,db4,energy,5,50,50,1
W-CART,W-CART:cart,57,,0.1,0.094,64 129 65 31 16 8 15 259 4 63 2 258 7 128 1 66 32 130 0 17,64 129 65 31 16 8 15 259 4 63 2 258 7 128 1 66 32 130 0 17,simulation,db4,energy,5,50,50,1
ALL,W-NN:k=3,54,,0.06,0.144,64 129 65 31 16 8 15 259 4 63 2 258 7 128 1 66 32 130 0 17,64 129 65 31 16 8 15 259 4 63 2 258 7 128 1 66 32 130 0 17,simulation,db4,energy,5,50,50,1
W-NN,W-NN:k=1,4,3.0,0.04,0.122,76 75 78 108 109 116 73 79 80 110 113 114 117 81 82 83 85 86 105 111,75 116 109 78 83 112 115 117 74 76 80 108 114 79 85 107 77 82 84 110,simulation,db4,usage,5,50,50,1
W-QDA,W-QDA:qda,7,3.0,0.0,0.074,76 75 78 108 109 116 73 79 80 110 113 114 117 81 82 83 85 86 105 111,75 116 109 78 83 112 115 117 74 76 80 108 114 79 85 107 77 82 84 110,simulation,db4,usage,5,50,50,1
W-CART,W-CART:cart,8,0.5,0.02,0.196,75 76 78 80 83 108 114 74 77 79 82 85 109 110 111 116 117 84 112 115,75 116 109 78 83 112 115 117 74 76 80 108 114 79 85 107 77 82 84 110,simulation,db4,usage,5,50,50,1
ALL,W-QDA:qda,7,3.0,0.0,0.074,76 75 78 108 109 116 73 79 80 110 113 114 117 81 82 83 85 86 105 111,75 116 109 78 83 112 115 117 74 76 80 108 114 79 85 107 77 82 84 110,simulation,db4,usage,5,50,50,1
W-NN,W-NN:k=3,37,,0.14,0.114,122 245 30 60 7 61 246 490 489 14 3 62 0 491 29 31 2 4 8 123,122 245 30 60 7 61 246 490 489 14 3 62 0 491 29 31 2 4 8 123,simulation,db4,energy,6,50,50,1
W-QDA,W-QDA:qda,7,,0.2,0.18,122 245 30 60 7 61 246 490 489 14 3 62 0 491 29 31 2 4 8 123,122 245 30 60 7 61 246 490 489 14 3 62 0 491 29 31 2 4 8 123,simulation,db4,energy,6,50,50,1
W-CART,W-CART:cart,42,,0.12,0.084,122 245 30 60 7 61 246 490 489 14 3 62 0 491 29 31 2 4 8 123,122 245 30 60 7 61 246 490 489 14 3 62 0 491 29 31 2 4 8 123,simulation,db4,energy,6,50,50,1
ALL,W-CART:cart,42,,0.12,0.084,122 245 30 60 7 61 246 490 489 14 3 62 0 491 29 31 2 4 8 123,122 245 30 60 7 61 246 490 489 14 3 62 0 491 29 31 2 4 8 123,simulation,db4,energy,6,50,50,1
W-NN,W-NN:k=3,2,3.0,0.08,0.094,83 86 105 80 81 104 106 108 82 85 87 84 109 107 79 88 103 112 113 76,80 81 83 108 82 107 109 111 84 110 79 86 105 85 112 113 78 87 106 103,simulation,db4,usage,6,50,50,1
W-QDA,W-QDA:qda,2,3.0,0.06,0.08,83 86 105 80 81 104 106 108 82 85 87 84 109 107 79 88 103 112 113 76,80 81 83 108 82 107 109 111 84 110 79 86 105 85 112 113 78 87 106 103,simulation,db4,usage,6,50,50,1
W-CART,W-CART:cart,19,1.5,0.06,0.138,80 81 83 82 86 107 108 111 109 84 85 105 106 79 87 110 112 103 113 88,80 81 83 108 82 107 109 111 84 110 79 86 105 85 112 113 78 87 106 103,simulation,db4,usage,6,50,50,1
ALL,W-QDA:qda,2,3.0,0.06,0.08,83 86 105 80 81 104 106 108 82 85 87 84 109 107 79 88 103 112 113 76,80 81 83 108 82 107 109 111 84 110 79 86 105 85 112 113 78 87 106 103,simulation,db4,usage,6,50,50,1
W-NN,W-NN:k=3,36,,0.04,0.114,64 31 16 128 8 63 15 4 65 259 258 2 129 130 7 1 17 0 127 260,64 31 16 128 8 63 15 4 65 259 258 2 129 130 7 1 17 0 127 260,simulation,db4,energy,7,50,50,1
W-QDA,W-QDA:qda,18,,0.32,0.42,64 31 16 128 8 63 15 4 65 259 258 2 129 130 7 1 17 0 127 260,64 31 16 128 8 63 15 4 65 259 258 2 129 130 7 1 17 0 127 260,simulation,db4,energy,7,50,50,1
W-CART,W-CART:cart,60,,0.14,0.126,64 31 16 128 8 63 15 4 65 259 258 2 129 130 7 1 17 0 127 260,64 31 16 128 8 63 15 4 65 259 258 2 129 130 7 1 17 0 127 260,simulation,db4,energy,7,50,50,1
ALL,W-NN:k=3,36,,0.04,0.114,64 31 16 128 8 63 15 4 65 259 258 2 129 130 7 1 17 0 127 260,64 31 16 128 8 63 15 4 65 259 258 2 129 130 7 1 17 0 127 260,simulation,db4,energy,7,50,50,1
W-NN,W-NN:k=3,6,3.0,0.06,0.098,84 104 107 108 115 73 75 77 81 118 76 79 80 82 83 106 109 113 72 85,80 84 81 107 75 79 82 111 85 106 109 112 113 115 78 83 108 110 104 116,simulation,db4,usage,7,50,50,1
W-QDA,W-QDA:qda,21,1.5,0.02,0.032,84 75 80 83 107 115 82 104 110 78 79 81 86 106 108 113 114 72 73 74,80 84 81 107 75 79 82 111 85 106 109 112 113 115 78 83 108 110 104 116,simulation,db4,usage,7,50,50,1
W-CART,W-CART:cart,13,3.0,0.1,0.14,84 104 107 108 115 73 75 77 81 118 76 79 80 82 83 106 109 113 72 85,80 84 81 107 75 79 82 111 85 106 109 112 113 115 78 83 108 110 104 116,simulation,db4,usage,7,50,50,1
ALL,W-QDA:qda,21,1.5,0.02,0.032,84 75 80 83 107 115 82 104 110 78 79 81 86 106 108 113 114 72 73 74,80 84 81 107 75 79 82 111 85 106 109 112 113 115 78 83 108 110 104 116,simulation,db4,usage,7,50,50,1
W-NN,W-NN:k=1,10,,0.1,0.128,74 148 37 18 147 4 296 295 149 75 8 38 1 9 297 0 36 73 10 294,74 148 37 18 147 4 296 295 149 75 8 38 1 9 297 0 36 73 10 294,simulation,db4,energy,8,50,50,1
W-QDA,W-QDA:qda,3,,0.02,0.096,74 148 37 18 147 4 296 295 149 75 8 38 1 9 297 0 36 73 10 294,74 148 37 18 147 4 296 295 149 75 8 38 1 9 297 0 36 73 10 294,simulation,db4,energy,8,50,50,1
W-CART,W-CART:cart,27,,0.04,0.126,74 148 37 18 147 4 296 295 149 75 8 38 1 9 297 0 36 73 10 294,74 148 37 18 147 4 296 295 149 75 8 38 1 9 297 0 36 73 10 294,simulation,db4,energy,8,50,50,1
ALL,W-QDA:qda,3,,0.02,0.096,74 148 37 18 147 4 296 295 149 75 8 38 1 9 297 0 36 73 10 294,74 148 37 18 147 4 296 295 149 75 8 38 1 9 297 0 36 73 10 294,simulation,db4,energy,8,50,50,1
W-NN,W-NN:k=3,25,3.0,0.12,0.142,114 78 81 113 74 76 77 79 80 83 112 118 82 84 107 108 109 111 115 117,112 113 114 77 81 76 79 115 80 75 109 110 74 82 108 111 73 78 116 84,simulation,db4,usage,8,50,50,1
W-QDA,W-QDA:qda,16,3.0,0.04,0.1,114 78 81 113 74 76 77 79 80 83 112 118 82 84 107 108 109 111 115 117,112 113 114 77 81 76 79 115 80 75 109 110 74 82 108 111 73 78 116 84,simulation,db4,usage,8,50,50,1
W-CART,W-CART:cart,9,2.0,0.04,0.098,113 114 77 76 79 81 75 80 73 110 111 78 82 83 109 112 74 108 115 84,112 113 114 77 81 76 79 115 80 75 109 110 74 82 108 111 73 78 116 84,simulation,db4,usage,8,50,50,1
ALL,W-CART:cart,9,2.0,0.04,0.098,113 114 77 76 79 81 75 80 73 110 111 78 82 83 109 112 74 108 115 84,112 113 114 77 81 76 79 115 80 75 109 110 74 82 108 111 73 78 116 84,simulation,db4,usage,8,50,50,1
W-NN,W-NN:k=1,47,,0.04,0.192,185 93 186 11 46 92 22 23 372 94 187 5 371 0 6 373 45 3 24 2,185 93 186 11 46 92 22 23 372 94 187 5 371 0 6 373 45 3 24 2,simulation,db4,energy,9,50,50,1
W-QDA,W-QDA:qda,15,,0.34,0.404,185 93 186 11 46 92 22 23 372 94 187 5 371 0 6 373 45 3 24 2,185 93 186 11 46 92 22 23 372 94 187 5 371 0 6 373 45 3 24 2,simulation,db4,energy,9,50,50,1
W-CART,W-CART:cart,45,,0.14,0.166,185 93 186 11 46 92 22 23 372 94 187 5 371 0 6 373 45 3 24 2,185 93 186 11 46 92 22 23 372 94 187 5 371 0 6 373 45 3 24 2,simulation,db4,energy,9,50,50,1
ALL,W-NN:k=1,47,,0.04,0.192,185 93 186 11 46 92 22 23 372 94 187 5 371 0 6 373 45 3 24 2,185 93 186 11 46 92 22 23 372 94 187 5 371 0 6 373 45 3 24 2,simulation,db4,energy,9,50,50,1
W-NN,W-NN:k=1,12,3.0,0.06,0.21,111 112 79 80 113 81 110 114 115 76 77 78 116 75 82 83 109 107 73 74,81 112 79 111 78 80 110 109 113 76 77 116 114 115 83 75 82 117 118 74,simulation,db4,usage,9,50,50,1
W-QDA,W-QDA:qda,20,1.5,0.1,0.132,81 79 111 112 80 110 78 115 76 77 114 116 75 109 113 82 117 83 107 106,81 112 79 111 78 80 110 109 113 76 77 116 114 115 83 75 82 117 118 74,simulation,db4,usage,9,50,50,1
W-CART,W-CART:cart,19,1.0,0.08,0.156,81 112 79 111 78 80 110 109 113 76 77 116 114 115 83 75 82 117 118 74,81 112 79 111 78 80 110 109 113 76 77 116 114 115 83 75 82 117 118 74,simulation,db4,usage,9,50,50,1
ALL,W-NN:k=1,12,3.0,0.06,0.21,111 112 79 80 113 81 110 114 115 76 77 78 116 75 82 83 109 107 73 74,81 112 79 111 78 80 110 109 113 76 77 116 114 115 83 75 82 117 118 74,simulation,db4,usage,9,50,50,1
W-NN,W-NN:k=1,8,,0.0,0.098,106 26 213 52 6 212 214 53 1 12 54 107 0 27 25 105 108 7 428 14,106 26 213 52 6 212 214 53 1 12 54 107 0 27 25 105 108 7 428 14,simulation,db4,energy,10,50,50,1
W-QDA,W-QDA:qda,4,,0.0,0.082,106 26 213 52 6 212 214 53 1 12 54 107 0 27 25 105 108 7 428 14,106 26 213 52 6 212 214 53 1 12 54 107 0 27 25 105 108 7 428 14,simulation,db4,energy,10,50,50,1
W-CART,W-CART:cart,4,,0.08,0.13,106 26 213 52 6 212 214 53 1 12 54 107 0 27 25 105 108 7 428 14,106 26 213 52 6 212 214 53 1 12 54 107 0 27 25 105 108 7 428 14,simulation,db4,energy,10,50,50,1
ALL,W-QDA:qda,4,,0.0,0.082,106 26 213 52 6 212 214 53 1 12 54 107 0 27 25 105 108 7 428 14,106 26 213 52 6 212 214 53 1 12 54 107 0 27 25 105 108 7 428 14,simulation,db4,energy,10,50,50,1
W-NN,W-NN:k=3,3,2.0,0.06,0.13,106 107 84 83 109 82 104 108 110 81 105 111 115 76 85 79 113 78 87 88,109 108 111 106 83 110 82 107 81 84 104 112 115 113 85 105 116 75 76 77,simulation,db4,usage,10,50,50,1
W-QDA,W-QDA:qda,3,2.0,0.02,0.11,106 107 84 83 109 82 104 108 110 81 105 111 115 76 85 79 113 78 87 88,109 108 111 106 83 110 82 107 81 84 104 112 115 113 85 105 116 75 76 77,simulation,db4,usage,10,50,50,1
W-CART,W-CART:cart,7,2.0,0.02,0.138,106 107 84 83 109 82 104 108 110 81 105 111 115 76 85 79 113 78 87 88,109 108 111 106 83 110 82 107 81 84 104 112 115 113 85 105 116 75 76 77,simulation,db4,usage,10,50,50,1
ALL,W-QDA:qda,3,2.0,0.02,0.11,106 107 84 83 109 82 104 108 110 81 105 111 115 76 85 79 113 78 87 88,109 108 111 106 83 110 82 107 81 84 104 112 115 113 85 105 116 75 76 77,simulation,db4,usage,10,50,50,1
W-NN,W-NN:k=3,24,,0.04,0.11,46 93 186 11 92 185 22 94 187 5 23 6 0 3 24 2 10 12 1 45,46 93 186 11 92 185 22 94 187 5 23 6 0 3 24 2 10 12 1 45,simulation,db4,energy,11,50,50,1
W-QDA,W-QDA:qda,17,,0.26,0.378,46 93 186 11 92 185 22 94 187 5 23 6 0 3 24 2 10 12 1 45,46 93 186 11 92 185 22 94 187 5 23 6 0 3 24 2 10 12 1 45,simulation,db4,energy,11,50,50,1
W-CART,W-CART:cart,38,,0.08,0.138,46 93 186 11 92 185 22 94 187 5 23 6 0 3 24 2 10 12 1 45,46 93 186 11 92 185 22 94 187 5 23 6 0 3 24 2 10 12 1 45,simulation,db4,energy,11,50,50,1
ALL,W-NN:k=3,24,,0.04,0.11,46 93 186 11 92 185 22 94 187 5 23 6 0 3 24 2 10 12 1 45,46 93 186 11 92 185 22 94 187 5 23 6 0 3 24 2 10 12 1 45,simulation,db4,energy,11,50,50,1
W-NN,W-NN:k=3,3,0.5,0.06,0.22,76 80 81 82 115 108 109 114 75 83 113 77 78 84 107 111 112 79 110 116,76 80 115 79 112 113 75 77 78 82 108 109 81 111 114 107 110 116 117 84,simulation,db4,usage,11,50,50,1
W-QDA,W-QDA:qda,8,0.5,0.04,0.112,76 80 81 82 115 108 109 114 75 83 113 77 78 84 107 111 112 79 110 116,76 80 115 79 112 113 75 77 78 82 108 109 81 111 114 107 110 116 117 84,simulation,db4,usage,11,50,50,1
W-CART,W-CART:cart,38,1.5,0.06,0.124,76 80 115 78 79 108 111 112 113 117 75 77 82 109 114 116 81 85 84 106,76 80 115 79 112 113 75 77 78 82 108 109 81 111 114 107 110 116 117 84,simulation,db4,usage,11,50,50,1
ALL,W-QDA:qda,8,0.5,0.04,0.112,76 80 81 82 115 108 109 114 75 83 113 77 78 84 107 111 112 79 110 116,76 80 115 79 112 113 75 77 78 82 108 109 81 111 114 107 110 116 117 84,simulation,db4,usage,11,50,50,1
W-NN,W-NN:k=3,33,,0.14,0.164,67 33 34 17 271 68 134 135 270 8 1 2 7 272 66 4 35 0 69 18,67 33 34 17 271 68 134 135 270 8 1 2 7 272 66 4 35 0 69 18,simulation,db4,energy,12,50,50,1
W-QDA,W-QDA:qda,23,,0.28,0.354,67 33 34 17 271 68 134 135 270 8 1 2 7 272 66 4 35 0 69 18,67 33 34 17 271 68 134 135 270 8 1 2 7 272 66 4 35 0 69 18,simulation,db4,energy,12,50,50,1
W-CART,W-CART:cart,33,,0.1,0.15,67 33 34 17 271 68 134 135 270 8 1 2 7 272 66 4 35 0 69 18,67 33 34 17 271 68 134 135 270 8 1 2 7 272 66 4 35 0 69 18,simulation,db4,energy,12,50,50,1
ALL,W-CART:cart,33,,0.1,0.15,67 33 34 17 271 68 134 135 270 8 1 2 7 272 66 4 35 0 69 18,67 33 34 17 271 68 134 135 270 8 1 2 7 272 66 4 35 0 69 18,simulation,db4,energy,12,50,50,1
W-NN,W-NN:k=5,15,1.5,0.06,0.118,114 116 79 115 76 112 75 83 109 80 82 113 77 85 107 110 117 119 72 73,79 116 115 76 80 113 114 75 112 77 78 81 83 109 117 73 82 85 106 107,simulation,db4,usage,12,50,50,1
W-QDA,W-QDA:qda,10,2.0,0.0,0.072,116 115 75 109 114 79 83 82 112 117 72 74 76 80 81 85 118 119 73 107,79 116 115 76 80 113 114 75 112 77 78 81 83 109 117 73 82 85 106 107,simulation,db4,usage,12,50,50,1
W-CART,W-CART:cart,54,3.0,0.14,0.2,115 116 85 75 114 117 119 72 73 82 118 77 110 112 74 109 113 79 80 81,79 116 115 76 80 113 114 75 112 77 78 81 83 109 117 73 82 85 106 107,simulation,db4,usage,12,50,50,1
ALL,W-QDA:qda,10,2.0,0.0,0.072,116 115 75 109 114 79 83 82 112 117 72 74 76 80 81 85 118 119 73 107,79 116 115 76 80 113 114 75 112 77 78 81 83 109 117 73 82 85 106 107,simulation,db4,usage,12,50,50,1
W-NN,W-NN:k=5,32,,0.02,0.166,35 70 71 17 285 141 142 284 9 18 72 1 4 286 34 8 0 36 2 19,35 70 71 17 285 141 142 284 9 18 72 1 4 286 34 8 0 36 2 19,simulation,db4,energy,13,50,50,1
W-QDA,W-QDA:qda,11,,0.06,0.098,35 70 71 17 285 141 142 284 9 18 72 1 4 286 34 8 0 36 2 19,35 70 71 17 285 141 142 284 9 18 72 1 4 286 34 8 0 36 2 19,simulation,db4,energy,13,50,50,1
W-CART,W-CART:cart,38,,0.06,0.162,35 70 71 17 285 141 142 284 9 18 72 1 4 286 34 8 0 36 2 19,35 70 71 17 285 141 142 284 9 18 72 1 4 286 34 8 0 36 2 19,simulation,db4,energy,13,50,50,1
ALL,W-NN:k=5,32,,0.02,0.166,35 70 71 17 285 141 142 284 9 18 72 1 4 286 34 8 0 36 2 19,35 70 71 17 285 141 142 284 9 18 72 1 4 286 34 8 0 36 2 19,simulation,db4,energy,13,50,50,1
W-NN,W-NN:k=1,3,1.5,0.1,0.286,79 76 77 78 112 75 111 117 110 84 113 74 83 114 80 81 107 109 115 116,75 112 76 77 79 78 80 111 108 110 115 81 113 116 83 114 117 74 84 109,simulation,db4,usage,13,50,50,1
W-QDA,W-QDA:qda,18,2.0,0.08,0.084,79 77 76 78 111 112 113 117 110 83 84 74 75 107 81 104 105 109 114 116,75 112 76 77 79 78 80 111 108 110 115 81 113 116 83 114 117 74 84 109,simulation,db4,usage,13,50,50,1
W-CART,W-CART:cart,16,3.0,0.04,0.104,79 77 76 78 113 117 75 83 111 114 74 110 112 72 80 105 73 82 104 107,75 112 76 77 79 78 80 111 108 110 115 81 113 116 83 114 117 74 84 109,simulation,db4,usage,13,50,50,1
ALL,W-CART:cart,16,3.0,0.04,0.104,79 77 76 78 113 117 75 83 111 114 74 110 112 72 80 105 73 82 104 107,75 112 76 77 79 78 80 111 108 110 115 81 113 116 83 114 117 74 84 109,simulation,db4,usage,13,50,50,1
W-NN,W-NN:k=9,34,,0.12,0.204,252 31 253 62 63 125 15 126 506 254 505 32 4 8 2 0 507 30 1 7,252 31 253 62 63 125 15 126 506 254 505 32 4 8 2 0 507 30 1 7,simulation,db4,energy,14,50,50,1
W-QDA,W-QDA:qda,12,,0.26,0.326,252 31 253 62 63 125 15 126 506 254 505 32 4 8 2 0 507 30 1 7,252 31 253 62 63 125 15 126 506 254 505 32 4 8 2 0 507 30 1 7,simulation,db4,energy,14,50,50,1
W-CART,W-CART:cart,47,,0.08,0.11,252 31 253 62 63 125 15 126 506 254 505 32 4 8 2 0 507 30 1 7,252 31 253 62 63 125 15 126 506 254 505 32 4 8 2 0 507 30 1 7,simulation,db4,energy,14,50,50,1
ALL,W-CART:cart,47,,0.08,0.11,252 31 253 62 63 125 15 126 506 254 505 32 4 8 2 0 507 30 1 7,252 31 253 62 63 125 15 126 506 254 505 32 4 8 2 0 507 30 1 7,simulation,db4,energy,14,50,50,1
W-NN,W-NN:k=1,24,0.5,0.02,0.136,75 111 112 114 74 82 110 113 78 118 73 77 80 84 108 172 76 83 85 116,74 82 75 78 77 83 110 112 113 73 84 108 111 116 76 81 106 107 114 118,simulation,db4,usage,14,50,50,1
W-QDA,W-QDA:qda,13,1.0,0.02,0.038,74 82 75 78 77 83 110 112 113 73 84 108 111 116 76 81 106 107 114 118,74 82 75 78 77 83 110 112 113 73 84 108 111 116 76 81 106 107 114 118,simulation,db4,usage,14,50,50,1
W-CART,W-CART:cart,8,1.5,0.04,0.11,78 82 84 112 73 74 108 113 83 106 107 116 76 77 105 109 110 111 117 86,74 82 75 78 77 83 110 112 113 73 84 108 111 116 76 81 106 107 114 118,simulation,db4,usage,14,50,50,1
ALL,W-QDA:qda,13,1.0,0.02,0.038,74 82 75 78 77 83 110 112 113 73 84 108 111 116 76 81 106 107 114 118,74 82 75 78 77 83 110 112 113 73 84 108 111 116 76 81 106 107 114 118,simulation,db4,usage,14,50,50,1
W-NN,W-NN:k=3,37,,0.16,0.228,79 159 40 80 20 39 10 319 5 2 318 158 81 41 160 0 78 320 21 1,79 159 40 80 20 39 10 319 5 2 318 158 81 41 160 0 78 320 21 1,simulation,db4,energy,15,50,50,1
W-QDA,W-QDA:qda,4,,0.42,0.436,79 159 40 80 20 39 10 319 5 2 318 158 81 41 160 0 78 320 21 1,79 159 40 80 20 39 10 319 5 2 318 158 81 41 160 0 78 320 21 1,simulation,db4,energy,15,50,50,1
W-CART,W-CART:cart,49,,0.12,0.142,79 159 40 80 20 39 10 319 5 2 318 158 81 41 160 0 78 320 21 1,79 159 40 80 20 39 10 319 5 2 318 158 81 41 160 0 78 320 21 1,simulation,db4,energy,15,50,50,1
ALL,W-CART:cart,49,,0.12,0.142,79 159 40 80 20 39 10 319 5 2 318 158 81 41 160 0 78 320 21 1,79 159 40 80 20 39 10 319 5 2 318 158 81 41 160 0 78 320 21 1,simulation,db4,energy,15,50,50,1
W-NN,W-NN:k=1,36,3.0,0.1,0.168,109 111 83 107 108 110 81 78 79 84 85 80 82 106 105 86 87 112 115 77,109 110 80 82 111 78 79 84 107 108 81 83 112 77 105 106 113 114 163 85,simulation,db4,usage,15,50,50,1
W-QDA,W-QDA:qda,5,2.0,0.14,0.174,109 78 111 107 108 82 83 110 81 79 84 86 80 85 104 106 112 105 114 74,109 110 80 82 111 78 79 84 107 108 81 83 112 77 105 106 113 114 163 85,simulation,db4,usage,15,50,50,1
W-CART,W-CART:cart,12,3.0,0.04,0.116,109 111 83 107 108 110 81 78 79 84 85 80 82 106 105 86 87 112 115 77,109 110 80 82 111 78 79 84 107 108 81 83 112 77 105 106 113 114 163 85,simulation,db4,usage,15,50,50,1
ALL,W-CART:cart,12,3.0,0.04,0.116,109 111 83 107 108 110 81 78 79 84 85 80 82 106 105 86 87 112 115 77,109 110 80 82 111 78 79 84 107 108 81 83 112 77 105 106 113 114 163 85,simulation,db4,usage,15,50,50,1
W-NN,W-NN:k=1,28,,0.06,0.162,244 30 61 60 121 245 7 62 14 3 123 246 0 29 15 2 31 122 8 4,244 30 61 60 121 245 7 62 14 3 123 246 0 29 15 2 31 122 8 4,simulation,db4,energy,16,50,50,1
W-QDA,W-QDA:qda,5,,0.1,0.16,244 30 61 60 121 245 7 62 14 3 123 246 0 29 15 2 31 122 8 4,244 30 61 60 121 245 7 62 14 3 123 246 0 29 15 2 31 122 8 4,simulation,db4,energy,16,50,50,1
W-CART,W-CART:cart,53,,0.08,0.148,244 30 61 60 121 245 7 62 14 3 123 246 0 29 15 2 31 122 8 4,244 30 61 60 121 245 7 62 14 3 123 246 0 29 15 2 31 122 8 4,simulation,db4,energy,16,50,50,1
ALL,W-NN:k=1,28,,0.06,0.162,244 30 61 60 121 245 7 62 14 3 123 246 0 29 15 2 31 122 8 4,244 30 61 60 121 245 7 62 14 3 123 246 0 29 15 2 31 122 8 4,simulation,db4,energy,16,50,50,1
W-NN,W-NN:k=3,47,1.5,0.02,0.2,81 111 78 79 113 117 82 110 112 115 80 73 74 75 76 108 109 116 77 114,78 111 112 77 79 81 110 115 80 82 113 76 108 109 116 117 74 114 75 73,simulation,db4,usage,16,50,50,1
W-QDA,W-QDA:qda,21,3.0,0.0,0.054,115 116 79 80 81 110 113 75 78 111 114 117 74 82 106 76 77 109 112 84,78 111 112 77 79 81 110 115 80 82 113 76 108 109 116 117 74 114 75 73,simulation,db4,usage,16,50,50,1
W-CART,W-CART:cart,21,3.0,0.06,0.108,115 116 79 80 81 110 113 75 78 111 114 117 74 82 106 76 77 109 112 84,78 111 112 77 79 81 110 115 80 82 113 76 108 109 116 117 74 114 75 73,simulation,db4,usage,16,50,50,1
ALL,W-QDA:qda,21,3.0,0.0,0.054,115 116 79 80 81 110 113 75 78 111 114 117 74 82 106 76 77 109 112 84,78 111 112 77 79 81 110 115 80 82 113 76 108 109 116 117 74 114 75 73,simulation,db4,usage,16,50,50,1
W-NN,W-NN:k=1,25,,0.12,0.132,89 44 45 5 359 90 178 179 358 10 22 11 2 360 88 46 0 91 21 12,89 44 45 5 359 90 178 179 358 10 22 11 2 360 88 46 0 91 21 12,simulation,db4,energy,17,50,50,1
W-QDA,W-QDA:qda,7,,0.12,0.144,89 44 45 5 359 90 178 179 358 10 22 11 2 360 88 46 0 91 21 12,89 44 45 5 359 90 178 179 358 10 22 11 2 360 88 46 0 91 21 12,simulation,db4,energy,17,50,50,1
W-CART,W-CART:cart,48,,0.04,0.088,89 44 45 5 359 90 178 179 358 10 22 11 2 360 88 46 0 91 21 12,89 44 45 5 359 90 178 179 358 10 22 11 2 360 88 46 0 91 21 12,simulation,db4,energy,17,50,50,1
ALL,W-CART:cart,48,,0.04,0.088,89 44 45 5 359 90 178 179 358 10 22 11 2 360 88 46 0 91 21 12,89 44 45 5 359 90 178 179 358 10 22 11 2 360 88 46 0 91 21 12,simulation,db4,energy,17,50,50,1
W-NN,W-NN:k=1,2,3.0,0.1,0.098,75 117 118 77 116 80 115 76 109 110 113 114 74 79 82 57 73 108 111 119,79 80 112 78 117 76 77 81 108 110 111 75 113 114 116 109 118 73 82 83,simulation,db4,usage,17,50,50,1
W-QDA,W-QDA:qda,2,3.0,0.02,0.084,75 117 118 77 116 80 115 76 109 110 113 114 74 79 82 57 73 108 111 119,79 80 112 78 117 76 77 81 108 110 111 75 113 114 116 109 118 73 82 83,simulation,db4,usage,17,50,50,1
W-CART,W-CART:cart,23,1.5,0.04,0.088,80 77 75 78 79 116 76 81 111 114 117 109 110 113 118 108 112 115 119 82,79 80 112 78 117 76 77 81 108 110 111 75 113 114 116 109 118 73 82 83,simulation,db4,usage,17,50,50,1
ALL,W-QDA:qda,2,3.0,0.02,0.084,75 117 118 77 116 80 115 76 109 110 113 114 74 79 82 57 73 108 111 119,79 80 112 78 117 76 77 81 108 110 111 75 113 114 116 109 118 73 82 83,simulation,db4,usage,17,50,50,1
W-NN,W-NN:k=3,58,,0.14,0.184,116 232 58 29 231 14 464 463 3 233 117 59 465 6 28 30 0 7 57 115,116 232 58 29 231 14 464 463 3 233 117 59 465 6 28 30 0 7 57 115,simulation,db4,energy,18,50,50,1
W-QDA,W-QDA:qda,12,,0.18,0.116,116 232 58 29 231 14 464 463 3 233 117 59 465 6 28 30 0 7 57 115,116 232 58 29 231 14 464 463 3 233 117 59 465 6 28 30 0 7 57 115,simulation,db4,energy,18,50,50,1
W-CART,W-CART:cart,41,,0.2,0.15,116 232 58 29 231 14 464 463 3 233 117 59 465 6 28 30 0 7 57 115,116 232 58 29 231 14 464 463 3 233 117 59 465 6 28 30 0 7 57 115,simulation,db4,energy,18,50,50,1
ALL,W-NN:k=3,58,,0.14,0.184,116 232 58 29 231 14 464 463 3 233 117 59 465 6 28 30 0 7 57 115,116 232 58 29 231 14 464 463 3 233 117 59 465 6 28 30 0 7 57 115,simulation,db4,energy,18,50,50,1
W-NN,W-NN:k=3,21,1.5,0.1,0.15,112 114 113 80 110 111 116 75 78 82 83 74 76 77 79 81 106 118 84 107,111 112 113 110 79 114 78 81 116 77 80 75 82 106 83 107 115 118 73 74,simulation,db4,usage,18,50,50,1
W-QDA,W-QDA:qda,13,3.0,0.04,0.044,111 83 108 116 117 119 81 84 118 70 73 76 106 107 112 113 121 72 74 75,111 112 113 110 79 114 78 81 116 77 80 75 82 106 83 107 115 118 73 74,simulation,db4,usage,18,50,50,1
W-CART,W-CART:cart,12,3.0,0.16,0.134,111 83 108 116 117 119 81 84 118 70 73 76 106 107 112 113 121 72 74 75,111 112 113 110 79 114 78 81 116 77 80 75 82 106 83 107 115 118 73 74,simulation,db4,usage,18,50,50,1
ALL,W-QDA:qda,13,3.0,0.04,0.044,111 83 108 116 117 119 81 84 118 70 73 76 106 107 112 113 121 72 74 75,111 112 113 110 79 114 78 81 116 77 80 75 82 106 83 107 115 118 73 74,simulation,db4,usage,18,50,50,1
W-NN,W-NN:k=1,30,,0.06,0.126,126 252 63 31 15 253 504 127 62 125 32 503 4 8 2 0 7 505 1 3,126 252 63 31 15 253 504 127 62 125 32 503 4 8 2 0 7 505 1 3,simulation,db4,energy,19,50,50,1
W-QDA,W-QDA:qda,9,,0.34,0.34,126 252 63 31 15 253 504 127 62 125 32 503 4 8 2 0 7 505 1 3,126 252 63 31 15 253 504 127 62 125 32 503 4 8 2 0 7 505 1 3,simulation,db4,energy,19,50,50,1
W-CART,W-CART:cart,57,,0.14,0.108,126 252 63 31 15 253 504 127 62 125 32 503 4 8 2 0 7 505 1 3,126 252 63 31 15 253 504 127 62 125 32 503 4 8 2 0 7 505 1 3,simulation,db4,energy,19,50,50,1
ALL,W-NN:k=1,30,,0.06,0.126,126 252 63 31 15 253 504 127 62 125 32 503 4 8 2 0 7 505 1 3,126 252 63 31 15 253 504 127 62 125 32 503 4 8 2 0 7 505 1 3,simulation,db4,energy,19,50,50,1
W-NN,W-NN:k=7,16,1.0,0.06,0.116,81 79 85 107 108 83 105 110 78 80 84 106 111 112 115 76 77 82 86 113,81 79 85 107 108 83 105 110 78 80 84 106 111 112 115 76 77 82 86 113,simulation,db4,usage,19,50,50,1
W-QDA,W-QDA:qda,18,3.0,0.06,0.068,84 81 85 105 106 108 79 86 87 88 103 104 116 75 83 107 110 76 109 112,81 79 85 107 108 83 105 110 78 80 84 106 111 112 115 76 77 82 86 113,simulation,db4,usage,19,50,50,1
W-CART,W-CART:cart,7,2.0,0.1,0.186,79 81 108 80 84 85 87 105 106 107 110 83 104 111 86 88 75 77 78 82,81 79 85 107 108 83 105 110 78 80 84 106 111 112 115 76 77 82 86 113,simulation,db4,usage,19,50,50,1
ALL,W-NN:k=7,16,1.0,0.06,0.116,81 79 85 107 108 83 105 110 78 80 84 106 111 112 115 76 77 82 86 113,81 79 85 107 108 83 105 110 78 80 84 106 111 112 115 76 77 82 86 113,simulation,db4,usage,19,50,50,1
W-NN,W-NN:k=1,64,,0.02,0.146,109 219 55 110 13 54 27 439 438 218 7 111 1 56 6 220 0 108 14 440,109 219 55 110 13 54 27 439 438 218 7 111 1 56 6 220 0 108 14 440,simulation,db4,energy,20,50,50,1
W-QDA,W-QDA:qda,18,,0.14,0.23,109 219 55 110 13 54 27 439 438 218 7 111 1 56 6 220 0 108 14 440,109 219 55 110 13 54 27 439 438 218 7 111 1 56 6 220 0 108 14 440,simulation,db4,energy,20,50,50,1
W-CART,W-CART:cart,49,,0.0,0.132,109 219 55 110 13 54 27 439 438 218 7 111 1 56 6 220 0 108 14 440,109 219 55 110 13 54 27 439 438 218 7 111 1 56 6 220 0 108 14 440,simulation,db4,energy,20,50,50,1
ALL,W-CART:cart,49,,0.0,0.132,109 219 55 110 13 54 27 439 438 218 7 111 1 56 6 220 0 108 14 440,109 219 55 110 13 54 27 439 438 218 7 111 1 56 6 220 0 108 14 440,simulation,db4,energy,20,50,50,1
W-NN,W-NN:k=1,3,3.0,0.04,0.104,85 76 117 72 78 79 116 119 75 77 81 86 107 108 112 118 82 105 106 110,111 80 109 110 75 79 112 116 78 108 76 81 83 85 113 115 74 82 107 117,simulation,db4,usage,20,50,50,1
W-QDA,W-QDA:qda,3,3.0,0.0,0.07,85 76 117 72 78 79 116 119 75 77 81 86 107 108 112 118 82 105 106 110,111 80 109 110 75 79 112 116 78 108 76 81 83 85 113 115 74 82 107 117,simulation,db4,usage,20,50,50,1
W-CART,W-CART:cart,8,1.5,0.04,0.136,109 108 111 78 110 116 75 76 112 77 79 80 81 82 72 85 105 117 74 113,111 80 109 110 75 79 112 116 78 108 76 81 83 85 113 115 74 82 107 117,simulation,db4,usage,20,50,50,1
ALL,W-QDA:qda,3,3.0,0.0,0.07,85 76 117 72 78 79 116 119 75 77 81 86 107 108 112 118 82 105 106 110,111 80 109 110 75 79 112 116 78 108 76 81 83 85 113 115 74 82 107 117,simulation,db4,usage,20,50,50,1
W-NN,W-NN:k=1,5,,0.08,0.136,21 43 85 86 42 345 10 171 172 344 2 87 44 346 11 0 4 20 343 5,21 43 85 86 42 345 10 171 172 344 2 87 44 346 11 0 4 20 343 5,simulation,db4,energy,21,50,50,1
W-QDA,W-QDA:qda,12,,0.12,0.096,21 43 85 86 42 345 10 171 172 344 2 87 44 346 11 0 4 20 343 5,21 43 85 86 42 345 10 171 172 344 2 87 44 346 11 0 4 20 343 5,simulation,db4,energy,21,50,50,1
W-CART,W-CART:cart,5,,0.1,0.138,21 43 85 86 42 345 10 171 172 344 2 87 44 346 11 0 4 20 343 5,21 43 85 86 42 345 10 171 172 344 2 87 44 346 11 0 4 20 343 5,simulation,db4,energy,21,50,50,1
ALL,W-NN:k=1,5,,0.08,0.136,21 43 85 86 42 345 10 171 172 344 2 87 44 346 11 0 4 20 343 5,21 43 85 86 42 345 10 171 172 344 2 87 44 346 11 0 4 20 343 5,simulation,db4,energy,21,50,50,1
W-NN,W-NN:k=1,30,1.5,0.06,0.146,106 108 79 82 107 111 112 78 81 84 114 77 80 83 113 105 110 76 104 116,107 77 84 108 76 79 80 106 110 111 112 78 81 82 83 114 105 109 116 113,simulation,db4,usage,21,50,50,1
W-QDA,W-QDA:qda,8,3.0,0.02,0.072,78 105 107 111 79 104 106 110 114 81 82 77 83 85 108 112 74 76 86 103,107 77 84 108 76 79 80 106 110 111 112 78 81 82 83 114 105 109 116 113,simulation,db4,usage,21,50,50,1
W-CART,W-CART:cart,4,3.0,0.08,0.114,78 105 107 111 79 104 106 110 114 81 82 77 83 85 108 112 74 76 86 103,107 77 84 108 76 79 80 106 110 111 112 78 81 82 83 114 105 109 116 113,simulation,db4,usage,21,50,50,1
ALL,W-QDA:qda,8,3.0,0.02,0.072,78 105 107 111 79 104 106 110 114 81 82 77 83 85 108 112 74 76 86 103,107 77 84 108 76 79 80 106 110 111 112 78 81 82 83 114 105 109 116 113,simulation,db4,usage,21,50,50,1
W-NN,W-NN:k=7,28,,0.08,0.122,156 19 39 38 77 157 9 40 5 10 79 158 1 0 2 18 4 20 78 315,156 19 39 38 77 157 9 40 5 10 79 158 1 0 2 18 4 20 78 315,simulation,db4,energy,22,50,50,1
W-QDA,W-QDA:qda,8,,0.28,0.242,156 19 39 38 77 157 9 40 5 10 79 158 1 0 2 18 4 20 78 315,156 19 39 38 77 157 9 40 5 10 79 158 1 0 2 18 4 20 78 315,simulation,db4,energy,22,50,50,1
W-CART,W-CART:cart,57,,0.08,0.098,156 19 39 38 77 157 9 40 5 10 79 158 1 0 2 18 4 20 78 315,156 19 39 38 77 157 9 40 5 10 79 158 1 0 2 18 4 20 78 315,simulation,db4,energy,22,50,50,1
ALL,W-NN:k=7,28,,0.08,0.122,156 19 39 38 77 157 9 40 5 10 79 158 1 0 2 18 4 20 78 315,156 19 39 38 77 157 9 40 5 10 79 158 1 0 2 18 4 20 78 315,simulation,db4,energy,22,50,50,1
W-NN,W-NN:k=1,4,1.5,0.04,0.1,73 115 118 77 117 72 74 76 79 116 71 75 78 112 114 120 121 113 70 84,76 112 115 118 73 77 114 116 117 72 79 74 78 108 113 70 75 110 119 120,simulation,db4,usage,22,50,50,1
W-QDA,W-QDA:qda,2,1.5,0.08,0.116,73 115 118 77 117 72 74 76 79 116 71 75 78 112 114 120 121 113 70 84,76 112 115 118 73 77 114 116 117 72 79 74 78 108 113 70 75 110 119 120,simulation,db4,usage,22,50,50,1
W-CART,W-CART:cart,5,1.5,0.04,0.114,73 115 118 77 117 72 74 76 79 116 71 75 78 112 114 120 121 113 70 84,76 112 115 118 73 77 114 116 117 72 79 74 78 108 113 70 75 110 119 120,simulation,db4,usage,22,50,50,1
ALL,W-NN:k=1,4,1.5,0.04,0.1,73 115 118 77 117 72 74 76 79 116 71 75 78 112 114 120 121 113 70 84,76 112 115 118 73 77 114 116 117 72 79 74 78 108 113 70 75 110 119 120,simulation,db4,usage,22,50,50,1
W-NN,W-NN:k=5,33,,0.06,0.08,49 199 99 198 398 25 24 397 50 200 12 1 5 3 98 399 6 0 48 26,49 199 99 198 398 25 24 397 50 200 12 1 5 3 98 399 6 0 48 26,simulation,db4,energy,23,50,50,1
W-QDA,W-QDA:qda,9,,0.22,0.258,49 199 99 198 398 25 24 397 50 200 12 1 5 3 98 399 6 0 48 26,49 199 99 198 398 25 24 397 50 200 12 1 5 3 98 399 6 0 48 26,simulation,db4,energy,23,50,50,1
W-CART,W-CART:cart,44,,0.18,0.208,49 199 99 198 398 25 24 397 50 200 12 1 5 3 98 399 6 0 48 26,49 199 99 198 398 25 24 397 50 200 12 1 5 3 98 399 6 0 48 26,simulation,db4,energy,23,50,50,1
ALL,W-NN:k=5,33,,0.06,0.08,49 199 99 198 398 25 24 397 50 200 12 1 5 3 98 399 6 0 48 26,49 199 99 198 398 25 24 397 50 200 12 1 5 3 98 399 6 0 48 26,simulation,db4,energy,23,50,50,1
W-NN,W-NN:k=3,14,1.0,0.06,0.112,111 79 112 109 113 77 81 114 76 80 82 83 84 110 78 107 108 115 75 85,111 79 112 109 113 77 81 114 76 80 82 83 84 110 78 107 108 115 75 85,simulation,db4,usage,23,50,50,1
W-QDA,W-QDA:qda,16,1.5,0.04,0.064,79 109 112 81 77 108 114 80 83 84 107 111 115 82 110 113 75 76 78 85,111 79 112 109 113 77 81 114 76 80 82 83 84 110 78 107 108 115 75 85,simulation,db4,usage,23,50,50,1
W-CART,W-CART:cart,10,1.5,0.08,0.148,79 109 112 81 77 108 114 80 83 84 107 111 115 82 110 113 75 76 78 85,111 79 112 109 113 77 81 114 76 80 82 83 84 110 78 107 108 115 75 85,simulation,db4,usage,23,50,50,1
ALL,W-QDA:qda,16,1.5,0.04,0.064,79 109 112 81 77 108 114 80 83 84 107 111 115 82 110 113 75 76 78 85,111 79 112 109 113 77 81 114 76 80 82 83 84 110 78 107 108 115 75 85,simulation,db4,usage,23,50,50,1
W-NN,W-NN:k=1,3,,0.06,0.124,42 171 85 10 170 342 341 2 43 172 20 84 343 0 41 11 4 44 9 340,42 171 85 10 170 342 341 2 43 172 20 84 343 0 41 11 4 44 9 340,simulation,db4,energy,24,50,50,1
W-QDA,W-QDA:qda,10,,0.02,0.07,42 171 85 10 170 342 341 2 43 172 20 84 343 0 41 11 4 44 9 340,42 171 85 10 170 342 341 2 43 172 20 84 343 0 41 11 4 44 9 340,simulation,db4,energy,24,50,50,1
W-CART,W-CART:cart,61,,0.08,0.184,42 171 85 10 170 342 341 2 43 172 20 84 343 0 41 11 4 44 9 340,42 171 85 10 170 342 341 2 43 172 20 84 343 0 41 11 4 44 9 340,simulation,db4,energy,24,50,50,1
ALL,W-QDA:qda,10,,0.02,0.07,42 171 85 10 170 342 341 2 43 172 20 84 343 0 41 11 4 44 9 340,42 171 85 10 170 342 341 2 43 172 20 84 343 0 41 11 4 44 9 340,simulation,db4,energy,24,50,50,1
W-NN,W-NN:k=3,34,0.5,0.08,0.218,112 79 109 111 81 110 78 108 80 113 114 75 82 83 84 76 77 159 163 230,109 80 81 110 111 77 79 108 112 78 82 113 114 84 75 76 107 116 74 106,simulation,db4,usage,24,50,50,1
W-QDA,W-QDA:qda,15,0.5,0.04,0.128,112 79 109 111 81 110 78 108 80 113 114 75 82 83 84 76 77 159 163 230,109 80 81 110 111 77 79 108 112 78 82 113 114 84 75 76 107 116 74 106,simulation,db4,usage,24,50,50,1
W-CART,W-CART:cart,32,0.5,0.04,0.12,112 79 109 111 81 110 78 108 80 113 114 75 82 83 84 76 77 159 163 230,109 80 81 110 111 77 79 108 112 78 82 113 114 84 75 76 107 116 74 106,simulation,db4,usage,24,50,50,1
ALL,W-QDA:qda,15,0.5,0.04,0.128,112 79 109 111 81 110 78 108 80 113 114 75 82 83 84 76 77 159 163 230,109 80 81 110 111 77 79 108 112 78 82 113 114 84 75 76 107 116 74 106,simulation,db4,usage,24,50,50,1
W-NN,W-NN:k=1,31,,0.12,0.144,81 40 41 327 82 162 163 326 9 2 20 5 10 4 328 80 42 0 83 19,81 40 41 327 82 162 163 326 9 2 20 5 10 4 328 80 42 0 83 19,simulation,db4,energy,25,50,50,1
W-QDA,W-QDA:qda,17,,0.34,0.336,81 40 41 327 82 162 163 326 9 2 20 5 10 4 328 80 42 0 83 19,81 40 41 327 82 162 163 326 9 2 20 5 10 4 328 80 42 0 83 19,simulation,db4,energy,25,50,50,1
W-CART,W-CART:cart,56,,0.14,0.134,81 40 41 327 82 162 163 326 9 2 20 5 10 4 328 80 42 0 83 19,81 40 41 327 82 162 163 326 9 2 20 5 10 4 328 80 42 0 83 19,simulation,db4,energy,25,50,50,1
ALL,W-NN:k=1,31,,0.12,0.144,81 40 41 327 82 162 163 326 9 2 20 5 10 4 328 80 42 0 83 19,81 40 41 327 82 162 163 326 9 2 20 5 10 4 328 80 42 0 83 19,simulation,db4,energy,25,50,50,1
W-NN,W-NN:k=1,39,2.0,0.08,0.142,76 78 79 114 77 81 113 115 116 80 110 111 112 75 108 109 74 82 83 84,78 77 81 114 75 79 115 76 80 112 111 113 116 109 74 108 110 107 73 82,simulation,db4,usage,25,50,50,1
W-QDA,W-QDA:qda,8,1.0,0.18,0.2,78 77 81 114 75 79 115 76 80 112 111 113 116 109 74 108 110 107 73 82,78 77 81 114 75 79 115 76 80 112 111 113 116 109 74 108 110 107 73 82,simulation,db4,usage,25,50,50,1
W-CART,W-CART:cart,12,3.0,0.12,0.176,76 79 110 78 80 114 77 81 116 75 113 115 111 112 109 82 84 108 55 56,78 77 81 114 75 79 115 76 80 112 111 113 116 109 74 108 110 107 73 82,simulation,db4,usage,25,50,50,1
ALL,W-NN:k=1,39,2.0,0.08,0.142,76 78 79 114 77 81 113 115 116 80 110 111 112 75 108 109 74 82 83 84,78 77 81 114 75 79 115 76 80 112 111 113 116 109 74 108 110 107 73 82,simulation,db4,usage,25,50,50,1
W-NN,W-NN:k=15,2,,0.2,0.268,114 229 28 56 57 230 458 3 6 7 457 13 58 0 459 27 29 1 4 15,114 229 28 56 57 230 458 3 6 7 457 13 58 0 459 27 29 1 4 15,simulation,db4,energy,26,50,50,1
W-QDA,W-QDA:qda,11,,0.14,0.232,114 229 28 56 57 230 458 3 6 7 457 13 58 0 459 27 29 1 4 15,114 229 28 56 57 230 458 3 6 7 457 13 58 0 459 27 29 1 4 15,simulation,db4,energy,26,50,50,1
W-CART,W-CART:cart,56,,0.12,0.128,114 229 28 56 57 230 458 3 6 7 457 13 58 0 459 27 29 1 4 15,114 229 28 56 57 230 458 3 6 7 457 13 58 0 459 27 29 1 4 15,simulation,db4,energy,26,50,50,1
ALL,W-CART:cart,56,,0.12,0.128,114 229 28 56 57 230 458 3 6 7 457 13 58 0 459 27 29 1 4 15,114 229 28 56 57 230 458 3 6 7 457 13 58 0 459 27 29 1 4 15,simulation,db4,energy,26,50,50,1
W-NN,W-NN:k=1,7,3.0,0.12,0.188,77 113 114 116 76 115 72 75 78 79 110 73 74 80 81 111 112 109 117 71,77 113 115 78 116 117 80 112 75 79 114 73 76 111 72 74 81 109 118 119,simulation,db4,usage,26,50,50,1
W-QDA,W-QDA:qda,7,3.0,0.06,0.126,77 113 114 116 76 115 72 75 78 79 110 73 74 80 81 111 112 109 117 71,77 113 115 78 116 117 80 112 75 79 114 73 76 111 72 74 81 109 118 119,simulation,db4,usage,26,50,50,1
W-CART,W-CART:cart,21,3.0,0.04,0.1,77 113 114 116 76 115 72 75 78 79 110 73 74 80 81 111 112 109 117 71,77 113 115 78 116 117 80 112 75 79 114 73 76 111 72 74 81 109 118 119,simulation,db4,usage,26,50,50,1
ALL,W-CART:cart,21,3.0,0.04,0.1,77 113 114 116 76 115 72 75 78 79 110 73 74 80 81 111 112 109 117 71,77 113 115 78 116 117 80 112 75 79 114 73 76 111 72 74 81 109 118 119,simulation,db4,usage,26,50,50,1
W-NN,W-NN:k=3,41,,0.08,0.15,511 128 64 256 32 16 255 8 1022 129 257 65 4 1023 33 2 31 63 1 17,511 128 64 256 32 16 255 8 1022 129 257 65 4 1023 33 2 31 63 1 17,simulation,db4,energy,27,50,50,1
W-QDA,W-QDA:qda,13,,0.34,0.482,511 128 64 256 32 16 255 8 1022 129 257 65 4 1023 33 2 31 63 1 17,511 128 64 256 32 16 255 8 1022 129 257 65 4 1023 33 2 31 63 1 17,simulation,db4,energy,27,50,50,1
W-CART,W-CART:cart,37,,0.16,0.172,511 128 64 256 32 16 255 8 1022 129 257 65 4 1023 33 2 31 63 1 17,511 128 64 256 32 16 255 8 1022 129 257 65 4 1023 33 2 31 63 1 17,simulation,db4,energy,27,50,50,1
ALL,W-NN:k=3,41,,0.08,0.15,511 128 64 256 32 16 255 8 1022 129 257 65 4 1023 33 2 31 63 1 17,511 128 64 256 32 16 255 8 1022 129 257 65 4 1023 33 2 31 63 1 17,simulation,db4,energy,27,50,50,1
W-NN,W-NN:k=9,2,3.0,0.04,0.086,75 107 114 76 79 115 112 78 113 73 74 77 80 81 85 106 108 109 111 116,79 80 108 114 75 81 109 110 112 76 111 115 77 82 107 113 117 74 83 116,simulation,db4,usage,27,50,50,1
W-QDA,W-QDA:qda,21,0.5,0.06,0.154,80 108 76 111 113 114 79 81 112 110 115 77 107 109 78 82 83 219 75 84,79 80 108 114 75 81 109 110 112 76 111 115 77 82 107 113 117 74 83 116,simulation,db4,usage,27,50,50,1
W-CART,W-CART:cart,61,2.0,0.02,0.128,75 79 80 115 74 77 78 107 109 114 76 106 111 116 108 112 113 117 81 82,79 80 108 114 75 81 109 110 112 76 111 115 77 82 107 113 117 74 83 116,simulation,db4,usage,27,50,50,1
ALL,W-CART:cart,61,2.0,0.02,0.128,75 79 80 115 74 77 78 107 109 114 76 106 111 116 108 112 113 117 81 82,79 80 108 114 75 81 109 110 112 76 111 115 77 82 107 113 117 74 83 116,simulation,db4,usage,27,50,50,1
W-NN,W-NN:k=7,48,,0.06,0.134,112 225 28 27 55 14 224 13 226 7 3 56 6 113 29 57 0 15 1 111,112 225 28 27 55 14 224 13 226 7 3 56 6 113 29 57 0 15 1 111,simulation,db4,energy,28,50,50,1
W-QDA,W-QDA:qda,23,,0.32,0.308,112 225 28 27 55 14 224 13 226 7 3 56 6 113 29 57 0 15 1 111,112 225 28 27 55 14 224 13 226 7 3 56 6 113 29 57 0 15 1 111,simulation,db4,energy,28,50,50,1
W-CART,W-CART:cart,41,,0.06,0.116,112 225 28 27 55 14 224 13 226 7 3 56 6 113 29 57 0 15 1 111,112 225 28 27 55 14 224 13 226 7 3 56 6 113 29 57 0 15 1 111,simulation,db4,energy,28,50,50,1
ALL,W-CART:cart,41,,0.06,0.116,112 225 28 27 55 14 224 13 226 7 3 56 6 113 29 57 0 15 1 111,112 225 28 27 55 14 224 13 226 7 3 56 6 113 29 57 0 15 1 111,simulation,db4,energy,28,50,50,1
W-NN,W-NN:k=7,27,1.0,0.02,0.168,112 108 114 77 109 111 110 113 78 80 82 106 76 79 81 84 105 75 115 116,112 108 114 77 109 111 110 113 78 80 82 106 76 79 81 84 105 75 115 116,simulation,db4,usage,28,50,50,1
W-QDA,W-QDA:qda,10,3.0,0.02,0.044,82 105 81 116 80 106 112 117 73 78 83 84 86 87 104 108 110 111 85 102,112 108 114 77 109 111 110 113 78 80 82 106 76 79 81 84 105 75 115 116,simulation,db4,usage,28,50,50,1
W-CART,W-CART:cart,46,1.5,0.04,0.142,77 82 108 113 114 109 110 111 112 78 80 84 104 105 106 75 76 79 81 83,112 108 114 77 109 111 110 113 78 80 82 106 76 79 81 84 105 75 115 116,simulation,db4,usage,28,50,50,1
ALL,W-QDA:qda,10,3.0,0.02,0.044,82 105 81 116 80 106 112 117 73 78 83 84 86 87 104 108 110 111 85 102,112 108 114 77 109 111 110 113 78 80 82 106 76 79 81 84 105 75 115 116,simulation,db4,usage,28,50,50,1
W-NN,W-NN:k=1,24,,0.08,0.162,21 43 85 86 42 345 10 171 172 344 2 87 44 346 11 0 4 20 343 5,21 43 85 86 42 345 10 171 172 344 2 87 44 346 11 0 4 20 343 5,simulation,db4,energy,29,50,50,1
W-QDA,W-QDA:qda,8,,0.08,0.058,21 43 85 86 42 345 10 171 172 344 2 87 44 346 11 0 4 20 343 5,21 43 85 86 42 345 10 171 172 344 2 87 44 346 11 0 4 20 343 5,simulation,db4,energy,29,50,50,1
W-CART,W-CART:cart,63,,0.06,0.126,21 43 85 86 42 345 10 171 172 344 2 87 44 346 11 0 4 20 343 5,21 43 85 86 42 345 10 171 172 344 2 87 44 346 11 0 4 20 343 5,simulation,db4,energy,29,50,50,1
ALL,W-CART:cart,63,,0.06,0.126,21 43 85 86 42 345 10 171 172 344 2 87 44 346 11 0 4 20 343 5,21 43 85 86 42 345 10 171 172 344 2 87 44 346 11 0 4 20 343 5,simulation,db4,energy,29,50,50,1
W-NN,W-NN:k=3,7,0.5,0.06,0.118,81 110 108 76 83 109 114 77 79 82 107 112 78 106 113 75 84 115 80 111,109 77 108 112 76 78 81 82 110 114 79 83 107 113 80 111 115 84 86 87,simulation,db4,usage,29,50,50,1
W-QDA,W-QDA:qda,4,3.0,0.08,0.128,77 78 82 107 109 110 112 74 75 85 76 84 104 108 117 79 80 81 86 87,109 77 108 112 76 78 81 82 110 114 79 83 107 113 80 111 115 84 86 87,simulation,db4,usage,29,50,50,1
W-CART,W-CART:cart,24,3.0,0.02,0.104,77 78 82 107 109 110 112 74 75 85 76 84 104 108 117 79 80 81 86 87,109 77 108 112 76 78 81 82 110 114 79 83 107 113 80 111 115 84 86 87,simulation,db4,usage,29,50,50,1
ALL,W-CART:cart,24,3.0,0.02,0.104,77 78 82 107 109 110 112 74 75 85 76 84 104 108 117 79 80 81 86 87,109 77 108 112 76 78 81 82 110 114 79 83 107 113 80 111 115 84 86 87,simulation,db4,usage,29,50,50,1
W-NN,W-NN:k=3,37,,0.06,0.098,47 95 190 23 94 189 96 191 12 24 6 11 3 0 1 25 13 46 48 7,47 95 190 23 94 189 96 191 12 24 6 11 3 0 1 25 13 46 48 7,simulation,db4,energy,30,50,50,1
W-QDA,W-QDA:qda,14,,0.48,0.428,47 95 190 23 94 189 96 191 12 24 6 11 3 0 1 25 13 46 48 7,47 95 190 23 94 189 96 191 12 24 6 11 3 0 1 25 13 46 48 7,simulation,db4,energy,30,50,50,1
W-CART,W-CART:cart,62,,0.1,0.118,47 95 190 23 94 189 96 191 12 24 6 11 3 0 1 25 13 46 48 7,47 95 190 23 94 189 96 191 12 24 6 11 3 0 1 25 13 46 48 7,simulation,db4,energy,30,50,50,1
ALL,W-NN:k=3,37,,0.06,0.098,47 95 190 23 94 189 96 191 12 24 6 11 3 0 1 25 13 46 48 7,47 95 190 23 94 189 96 191 12 24 6 11 3 0 1 25 13 46 48 7,simulation,db4,energy,30,50,50,1
W-NN,W-NN:k=1,53,3.0,0.06,0.196,83 111 82 77 109 113 74 81 76 108 75 78 107 114 115 80 110 112 116 117,113 79 81 82 111 80 114 115 109 112 76 110 75 78 116 77 83 107 108 117,simulation,db4,usage,30,50,50,1
W-QDA,W-QDA:qda,22,1.0,0.04,0.06,113 79 81 82 111 80 114 115 109 112 76 110 75 78 116 77 83 107 108 117,113 79 81 82 111 80 114 115 109 112 76 110 75 78 116 77 83 107 108 117,simulation,db4,usage,30,50,50,1
W-CART,W-CART:cart,24,1.0,0.1,0.176,113 79 81 82 111 80 114 115 109 112 76 110 75 78 116 77 83 107 108 117,113 79 81 82 111 80 114 115 109 112 76 110 75 78 116 77 83 107 108 117,simulation,db4,usage,30,50,50,1
ALL,W-QDA:qda,22,1.0,0.04,0.06,113 79 81 82 111 80 114 115 109 112 76 110 75 78 116 77 83 107 108 117,113 79 81 82 111 80 114 115 109 112 76 110 75 78 116 77 83 107 108 117,simulation,db4,usage,30,50,50,1
W-NN,W-NN:k=1,35,,0.1,0.132,72 145 73 17 18 4 9 8 291 35 1 290 144 74 36 146 71 0 19 292,72 145 73 17 18 4 9 8 291 35 1 290 144 74 36 146 71 0 19 292,simulation,db4,energy,31,50,50,1
W-QDA,W-QDA:qda,5,,0.06,0.078,72 145 73 17 18 4 9 8 291 35 1 290 144 74 36 146 71 0 19 292,72 145 73 17 18 4 9 8 291 35 1 290 144 74 36 146 71 0 19 292,simulation,db4,energy,31,50,50,1
W-CART,W-CART:cart,51,,0.08,0.134,72 145 73 17 18 4 9 8 291 35 1 290 144 74 36 146 71 0 19 292,72 145 73 17 18 4 9 8 291 35 1 290 144 74 36 146 71 0 19 292,simulation,db4,energy,31,50,50,1
ALL,W-QDA:qda,5,,0.06,0.078,72 145 73 17 18 4 9 8 291 35 1 290 144 74 36 146 71 0 19 292,72 145 73 17 18 4 9 8 291 35 1 290 144 74 36 146 71 0 19 292,simulation,db4,energy,31,50,50,1
W-NN,W-NN:k=9,5,3.0,0.06,0.128,113 114 83 84 76 79 115 110 80 81 106 111 112 75 78 103 107 108 109 116,78 82 83 113 77 107 111 114 116 109 112 115 79 81 84 76 80 110 74 85,simulation,db4,usage,31,50,50,1
W-QDA,W-QDA:qda,15,3.0,0.02,0.064,113 114 83 84 76 79 115 110 80 81 106 111 112 75 78 103 107 108 109 116,78 82 83 113 77 107 111 114 116 109 112 115 79 81 84 76 80 110 74 85,simulation,db4,usage,31,50,50,1
W-CART,W-CART:cart,46,0.5,0.04,0.108,82 81 83 113 79 85 106 109 110 112 74 75 76 107 108 111 114 115 78 84,78 82 83 113 77 107 111 114 116 109 112 115 79 81 84 76 80 110 74 85,simulation,db4,usage,31,50,50,1
ALL,W-QDA:qda,15,3.0,0.02,0.064,113 114 83 84 76 79 115 110 80 81 106 111 112 75 78 103 107 108 109 116,78 82 83 113 77 107 111 114 116 109 112 115 79 81 84 76 80 110 74 85,simulation,db4,usage,31,50,50,1
W-NN,W-NN:k=3,1,,0.08,0.138,103 51 206 52 26 13 6 104 415 414 1 208 207 25 0 416 53 102 27 105,103 51 206 52 26 13 6 104 415 414 1 208 207 25 0 416 53 102 27 105,simulation,db4,energy,32,50,50,1
W-QDA,W-QDA:qda,5,,0.04,0.066,103 51 206 52 26 13 6 104 415 414 1 208 207 25 0 416 53 102 27 105,103 51 206 52 26 13 6 104 415 414 1 208 207 25 0 416 53 102 27 105,simulation,db4,energy,32,50,50,1
W-CART,W-CART:cart,33,,0.06,0.1,103 51 206 52 26 13 6 104 415 414 1 208 207 25 0 416 53 102 27 105,103 51 206 52 26 13 6 104 415 414 1 208 207 25 0 416 53 102 27 105,simulation,db4,energy,32,50,50,1
ALL,W-QDA:qda,5,,0.04,0.066,103 51 206 52 26 13 6 104 415 414 1 208 207 25 0 416 53 102 27 105,103 51 206 52 26 13 6 104 415 414 1 208 207 25 0 416 53 102 27 105,simulation,db4,energy,32,50,50,1
W-NN,W-NN:k=3,13,2.0,0.06,0.094,109 113 80 114 79 81 84 83 107 111 112 116 74 78 82 85 108 110 115 117,80 109 111 79 110 113 114 77 83 81 82 108 84 112 74 107 76 78 75 116,simulation,db4,usage,32,50,50,1
W-QDA,W-QDA:qda,12,3.0,0.0,0.05,113 81 82 109 112 80 115 74 107 108 114 85 110 75 79 83 84 111 116 117,80 109 111 79 110 113 114 77 83 81 82 108 84 112 74 107 76 78 75 116,simulation,db4,usage,32,50,50,1
W-CART,W-CART:cart,17,1.5,0.02,0.126,109 111 110 114 80 113 79 82 81 83 107 108 112 74 77 84 116 75 85 76,80 109 111 79 110 113 114 77 83 81 82 108 84 112 74 107 76 78 75 116,simulation,db4,usage,32,50,50,1
ALL,W-QDA:qda,12,3.0,0.0,0.05,113 81 82 109 112 80 115 74 107 108 114 85 110 75 79 83 84 111 116 117,80 109 111 79 110 113 114 77 83 81 82 108 84 112 74 107 76 78 75 116,simulation,db4,usage,32,50,50,1
W-NN,W-NN:k=1,33,,0.08,0.108,26 53 105 106 52 6 425 211 212 424 107 54 12 1 426 0 13 25 14 423,26 53 105 106 52 6 425 211 212 424 107 54 12 1 426 0 13 25 14 423,simulation,db4,energy,33,50,50,1
W-QDA,W-QDA:qda,13,,0.04,0.158,26 53 105 106 52 6 425 211 212 424 107 54 12 1 426 0 13 25 14 423,26 53 105 106 52 6 425 211 212 424 107 54 12 1 426 0 13 25 14 423,simulation,db4,energy,33,50,50,1
W-CART,W-CART:cart,3,,0.08,0.15,26 53 105 106 52 6 425 211 212 424 107 54 12 1 426 0 13 25 14 423,26 53 105 106 52 6 425 211 212 424 107 54 12 1 426 0 13 25 14 423,simulation,db4,energy,33,50,50,1
ALL,W-QDA:qda,13,,0.04,0.158,26 53 105 106 52 6 425 211 212 424 107 54 12 1 426 0 13 25 14 423,26 53 105 106 52 6 425 211 212 424 107 54 12 1 426 0 13 25 14 423,simulation,db4,energy,33,50,50,1
W-NN,W-NN:k=5,42,0.5,0.04,0.152,82 80 84 107 111 108 112 81 77 78 85 110 114 106 109 113 86 75 79 83,112 81 108 107 111 82 85 106 80 84 109 75 110 114 115 78 86 104 116 74,simulation,db4,usage,33,50,50,1
W-QDA,W-QDA:qda,14,3.0,0.04,0.064,85 106 108 114 115 84 107 75 78 81 76 77 103 111 116 104 105 112 72 73,112 81 108 107 111 82 85 106 80 84 109 75 110 114 115 78 86 104 116 74,simulation,db4,usage,33,50,50,1
W-CART,W-CART:cart,16,3.0,0.08,0.106,85 106 108 114 115 84 107 75 78 81 76 77 103 111 116 104 105 112 72 73,112 81 108 107 111 82 85 106 80 84 109 75 110 114 115 78 86 104 116 74,simulation,db4,usage,33,50,50,1
ALL,W-QDA:qda,14,3.0,0.04,0.064,85 106 108 114 115 84 107 75 78 81 76 77 103 111 116 104 105 112 72 73,112 81 108 107 111 82 85 106 80 84 109 75 110 114 115 78 86 104 116 74,simulation,db4,usage,33,50,50,1
W-NN,W-NN:k=5,2,,0.02,0.136,85 42 10 43 343 86 170 171 342 2 21 344 84 44 87 0 11 20 4 115,85 42 10 43 343 86 170 171 342 2 21 344 84 44 87 0 11 20 4 115,simulation,db4,energy,34,50,50,1
W-QDA,W-QDA:qda,2,,0.02,0.108,85 42 10 43 343 86 170 171 342 2 21 344 84 44 87 0 11 20 4 115,85 42 10 43 343 86 170 171 342 2 21 344 84 44 87 0 11 20 4 115,simulation,db4,energy,34,50,50,1
W-CART,W-CART:cart,3,,0.08,0.142,85 42 10 43 343 86 170 171 342 2 21 344 84 44 87 0 11 20 4 115,85 42 10 43 343 86 170 171 342 2 21 344 84 44 87 0 11 20 4 115,simulation,db4,energy,34,50,50,1
ALL,W-NN:k=5,2,,0.02,0.136,85 42 10 43 343 86 170 171 342 2 21 344 84 44 87 0 11 20 4 115,85 42 10 43 343 86 170 171 342 2 21 344 84 44 87 0 11 20 4 115,simulation,db4,energy,34,50,50,1
W-NN,W-NN:k=1,5,3.0,0.04,0.114,75 105 115 86 117 76 104 116 119 77 103 114 73 88 118 74 82 84 72 87,76 77 114 112 116 78 115 75 74 73 110 113 117 108 119 80 106 107 81 84,simulation,db4,usage,34,50,50,1
W-QDA,W-QDA:qda,5,3.0,0.0,0.036,75 105 115 86 117 76 104 116 119 77 103 114 73 88 118 74 82 84 72 87,76 77 114 112 116 78 115 75 74 73 110 113 117 108 119 80 106 107 81 84,simulation,db4,usage,34,50,50,1
W-CART,W-CART:cart,22,0.5,0.06,0.184,113 114 115 76 77 78 112 75 116 84 73 74 80 111 117 81 106 110 231 82,76 77 114 112 116 78 115 75 74 73 110 113 117 108 119 80 106 107 81 84,simulation,db4,usage,34,50,50,1
ALL,W-QDA:qda,5,3.0,0.0,0.036,75 105 115 86 117 76 104 116 119 77 103 114 73 88 118 74 82 84 72 87,76 77 114 112 116 78 115 75 74 73 110 113 117 108 119 80 106 107 81 84,simulation,db4,usage,34,50,50,1
W-NN,W-NN:k=3,6,,0.1,0.178,213 107 26 214 53 106 6 428 215 427 108 27 1 12 0 52 429 25 7 426,213 107 26 214 53 106 6 428 215 427 108 27 1 12 0 52 429 25 7 426,simulation,db4,energy,35,50,50,1
W-QDA,W-QDA:qda,4,,0.06,0.1,213 107 26 214 53 106 6 428 215 427 108 27 1 12 0 52 429 25 7 426,213 107 26 214 53 106 6 428 215 427 108 27 1 12 0 52 429 25 7 426,simulation,db4,energy,35,50,50,1
W-CART,W-CART:cart,50,,0.16,0.21,213 107 26 214 53 106 6 428 215 427 108 27 1 12 0 52 429 25 7 426,213 107 26 214 53 106 6 428 215 427 108 27 1 12 0 52 429 25 7 426,simulation,db4,energy,35,50,50,1
ALL,W-QDA:qda,4,,0.06,0.1,213 107 26 214 53 106 6 428 215 427 108 27 1 12 0 52 429 25 7 426,213 107 26 214 53 106 6 428 215 427 108 27 1 12 0 52 429 25 7 426,simulation,db4,energy,35,50,50,1
W-NN,W-NN:k=15,8,1.5,0.08,0.24,112 79 110 76 83 111 113 78 80 108 114 116 81 109 117 84 107 75 115 74,108 112 79 83 110 113 76 78 80 82 109 111 116 117 84 114 74 81 77 85,simulation,db4,usage,35,50,50,1
W-QDA,W-QDA:qda,13,3.0,0.02,0.068,79 108 78 84 110 113 80 83 112 119 74 76 77 85 107 117 75 105 106 111,108 112 79 83 110 113 76 78 80 82 109 111 116 117 84 114 74 81 77 85,simulation,db4,usage,35,50,50,1
W-CART,W-CART:cart,32,1.5,0.06,0.132,112 79 110 76 83 111 113 78 80 108 114 116 81 109 117 84 107 75 115 74,108 112 79 83 110 113 76 78 80 82 109 111 116 117 84 114 74 81 77 85,simulation,db4,usage,35,50,50,1
ALL,W-QDA:qda,13,3.0,0.02,0.068,79 108 78 84 110 113 80 83 112 119 74 76 77 85 107 117 75 105 106 111,108 112 79 83 110 113 76 78 80 82 109 111 116 117 84 114 74 81 77 85,simulation,db4,usage,35,50,50,1
W-NN,W-NN:k=1,45,,0.1,0.134,123 247 62 124 31 61 15 7 495 494 246 125 63 248 3 0 122 496 16 2,123 247 62 124 31 61 15 7 495 494 246 125 63 248 3 0 122 496 16 2,simulation,db4,energy,36,50,50,1
W-QDA,W-QDA:qda,18,,0.2,0.25,123 247 62 124 31 61 15 7 495 494 246 125 63 248 3 0 122 496 16 2,123 247 62 124 31 61 15 7 495 494 246 125 63 248 3 0 122 496 16 2,simulation,db4,energy,36,50,50,1
W-CART,W-CART:cart,45,,0.08,0.126,123 247 62 124 31 61 15 7 495 494 246 125 63 248 3 0 122 496 16 2,123 247 62 124 31 61 15 7 495 494 246 125 63 248 3 0 122 496 16 2,simulation,db4,energy,36,50,50,1
ALL,W-CART:cart,45,,0.08,0.126,123 247 62 124 31 61 15 7 495 494 246 125 63 248 3 0 122 496 16 2,123 247 62 124 31 61 15 7 495 494 246 125 63 248 3 0 122 496 16 2,simulation,db4,energy,36,50,50,1
W-NN,W-NN:k=1,28,3.0,0.06,0.136,107 108 84 85 106 113 81 82 116 79 83 109 112 74 80 86 87 104 111 75,111 110 82 80 84 108 109 85 106 107 105 113 76 83 78 81 86 112 115 114,simulation,db4,usage,36,50,50,1
W-QDA,W-QDA:qda,3,2.0,0.14,0.106,110 84 106 108 111 85 107 80 81 109 83 113 115 79 82 112 74 75 76 86,111 110 82 80 84 108 109 85 106 107 105 113 76 83 78 81 86 112 115 114,simulation,db4,usage,36,50,50,1
W-CART,W-CART:cart,14,3.0,0.04,0.09,107 108 84 85 106 113 81 82 116 79 83 109 112 74 80 86 87 104 111 75,111 110 82 80 84 108 109 85 106 107 105 113 76 83 78 81 86 112 115 114,simulation,db4,usage,36,50,50,1
ALL,W-CART:cart,14,3.0,0.04,0.09,107 108 84 85 106 113 81 82 116 79 83 109 112 74 80 86 87 104 111 75,111 110 82 80 84 108 109 85 106 107 105 113 76 83 78 81 86 112 115 114,simulation,db4,usage,36,50,50,1
W-NN,W-NN:k=1,32,,0.04,0.108,62 125 124 15 249 30 126 501 500 7 250 251 31 4 0 502 2 61 63 16,62 125 124 15 249 30 126 501 500 7 250 251 31 4 0 502 2 61 63 16,simulation,db4,energy,37,50,50,1
W-QDA,W-QDA:qda,9,,0.16,0.28,62 125 124 15 249 30 126 501 500 7 250 251 31 4 0 502 2 61 63 16,62 125 124 15 249 30 126 501 500 7 250 251 31 4 0 502 2 61 63 16,simulation,db4,energy,37,50,50,1
W-CART,W-CART:cart,37,,0.04,0.104,62 125 124 15 249 30 126 501 500 7 250 251 31 4 0 502 2 61 63 16,62 125 124 15 249 30 126 501 500 7 250 251 31 4 0 502 2 61 63 16,simulation,db4,energy,37,50,50,1
ALL,W-NN:k=1,32,,0.04,0.108,62 125 124 15 249 30 126 501 500 7 250 251 31 4 0 502 2 61 63 16,62 125 124 15 249 30 126 501 500 7 250 251 31 4 0 502 2 61 63 16,simulation,db4,energy,37,50,50,1
W-NN,W-NN:k=1,3,2.0,0.0,0.11,81 115 74 107 111 116 75 78 109 117 80 108 110 113 85 114 118 119 72 73,110 111 114 74 75 112 115 78 81 83 108 73 80 107 116 117 119 76 109 113,simulation,db4,usage,37,50,50,1
W-QDA,W-QDA:qda,7,1.5,0.02,0.088,110 74 75 78 81 107 108 114 109 111 115 116 117 73 80 82 84 85 105 113,110 111 114 74 75 112 115 78 81 83 108 73 80 107 116 117 119 76 109 113,simulation,db4,usage,37,50,50,1
W-CART,W-CART:cart,12,3.0,0.02,0.124,111 74 107 118 75 114 115 116 117 76 78 85 86 113 72 73 77 80 81 82,110 111 114 74 75 112 115 78 81 83 108 73 80 107 116 117 119 76 109 113,simulation,db4,usage,37,50,50,1
ALL,W-NN:k=1,3,2.0,0.0,0.11,81 115 74 107 111 116 75 78 109 117 80 108 110 113 85 114 118 119 72 73,110 111 114 74 75 112 115 78 81 83 108 73 80 107 116 117 119 76 109 113,simulation,db4,usage,37,50,50,1
W-NN,W-NN:k=1,26,,0.08,0.188,79 39 40 20 319 80 158 10 159 318 5 2 320 78 41 0 81 21 1 19,79 39 40 20 319 80 158 10 159 318 5 2 320 78 41 0 81 21 1 19,simulation,db4,energy,38,50,50,1
W-QDA,W-QDA:qda,20,,0.32,0.348,79 39 40 20 319 80 158 10 159 318 5 2 320 78 41 0 81 21 1 19,79 39 40 20 319 80 158 10 159 318 5 2 320 78 41 0 81 21 1 19,simulation,db4,energy,38,50,50,1
W-CART,W-CART:cart,29,,0.12,0.13,79 39 40 20 319 80 158 10 159 318 5 2 320 78 41 0 81 21 1 19,79 39 40 20 319 80 158 10 159 318 5 2 320 78 41 0 81 21 1 19,simulation,db4,energy,38,50,50,1
ALL,W-NN:k=1,26,,0.08,0.188,79 39 40 20 319 80 158 10 159 318 5 2 320 78 41 0 81 21 1 19,79 39 40 20 319 80 158 10 159 318 5 2 320 78 41 0 81 21 1 19,simulation,db4,energy,38,50,50,1
W-NN,W-NN:k=3,9,3.0,0.06,0.174,111 112 80 110 76 77 82 75 78 79 81 113 114 115 84 116 109 117 108 74,77 114 76 78 75 79 113 115 81 110 111 112 116 80 73 82 83 108 117 84,simulation,db4,usage,38,50,50,1
W-QDA,W-QDA:qda,13,2.0,0.08,0.096,76 78 111 77 110 112 81 82 75 80 113 114 116 79 83 115 117 84 85 109,77 114 76 78 75 79 113 115 81 110 111 112 116 80 73 82 83 108 117 84,simulation,db4,usage,38,50,50,1
W-CART,W-CART:cart,6,0.5,0.12,0.144,114 113 77 78 116 76 110 111 115 75 81 74 79 80 82 112 117 73 83 108,77 114 76 78 75 79 113 115 81 110 111 112 116 80 73 82 83 108 117 84,simulation,db4,usage,38,50,50,1
ALL,W-NN:k=3,9,3.0,0.06,0.174,111 112 80 110 76 77 82 75 78 79 81 113 114 115 84 116 109 117 108 74,77 114 76 78 75 79 113 115 81 110 111 112 116 80 73 82 83 108 117 84,simulation,db4,usage,38,50,50,1
W-NN,W-NN:k=1,3,,0.06,0.15,36 72 73 4 293 145 146 9 8 292 17 74 1 294 35 37 0 18 10 19,36 72 73 4 293 145 146 9 8 292 17 74 1 294 35 37 0 18 10 19,simulation,db4,energy,39,50,50,1
W-QDA,W-QDA:qda,4,,0.02,0.092,36 72 73 4 293 145 146 9 8 292 17 74 1 294 35 37 0 18 10 19,36 72 73 4 293 145 146 9 8 292 17 74 1 294 35 37 0 18 10 19,simulation,db4,energy,39,50,50,1
W-CART,W-CART:cart,33,,0.12,0.116,36 72 73 4 293 145 146 9 8 292 17 74 1 294 35 37 0 18 10 19,36 72 73 4 293 145 146 9 8 292 17 74 1 294 35 37 0 18 10 19,simulation,db4,energy,39,50,50,1
ALL,W-QDA:qda,4,,0.02,0.092,36 72 73 4 293 145 146 9 8 292 17 74 1 294 35 37 0 18 10 19,36 72 73 4 293 145 146 9 8 292 17 74 1 294 35 37 0 18 10 19,simulation,db4,energy,39,50,50,1
W-NN,W-NN:k=3,15,1.5,0.04,0.126,76 110 114 78 115 80 74 113 79 85 106 109 111 112 116 81 82 83 86 105,78 76 80 114 83 107 109 110 111 77 112 113 115 82 116 74 79 81 85 86,simulation,db4,usage,39,50,50,1
W-QDA,W-QDA:qda,12,2.0,0.02,0.064,76 110 114 113 80 74 78 82 85 111 81 86 106 115 117 79 105 107 109 112,78 76 80 114 83 107 109 110 111 77 112 113 115 82 116 74 79 81 85 86,simulation,db4,usage,39,50,50,1
W-CART,W-CART:cart,12,2.0,0.08,0.116,76 110 114 113 80 74 78 82 85 111 81 86 106 115 117 79 105 107 109 112,78 76 80 114 83 107 109 110 111 77 112 113 115 82 116 74 79 81 85 86,simulation,db4,usage,39,50,50,1
ALL,W-QDA:qda,12,2.0,0.02,0.064,76 110 114 113 80 74 78 82 85 111 81 86 106 115 117 79 105 107 109 112,78 76 80 114 83 107 109 110 111 77 112 113 115 82 116 74 79 81 85 86,simulation,db4,usage,39,50,50,1
W-NN,W-NN:k=1,62,,0.02,0.084,59 238 239 29 118 30 15 119 3 60 478 240 477 7 58 0 479 31 120 61,59 238 239 29 118 30 15 119 3 60 478 240 477 7 58 0 479 31 120 61,simulation,db4,energy,40,50,50,1
W-QDA,W-QDA:qda,13,,0.12,0.182,59 238 239 29 118 30 15 119 3 60 478 240 477 7 58 0 479 31 120 61,59 238 239 29 118 30 15 119 3 60 478 240 477 7 58 0 479 31 120 61,simulation,db4,energy,40,50,50,1
W-CART,W-CART:cart,62,,0.12,0.144,59 238 239 29 118 30 15 119 3 60 478 240 477 7 58 0 479 31 120 61,59 238 239 29 118 30 15 119 3 60 478 240 477 7 58 0 479 31 120 61,simulation,db4,energy,40,50,50,1
ALL,W-NN:k=1,62,,0.02,0.084,59 238 239 29 118 30 15 119 3 60 478 240 477 7 58 0 479 31 120 61,59 238 239 29 118 30 15 119 3 60 478 240 477 7 58 0 479 31 120 61,simulation,db4,energy,40,50,50,1
W-NN,W-NN:k=1,2,3.0,0.06,0.112,82 75 81 73 108 111 85 107 110 77 78 80 84 106 114 118 119 74 76 87,76 115 111 77 79 80 82 112 75 78 81 107 110 113 114 73 106 118 74 83,simulation,db4,usage,40,50,50,1
W-QDA,W-QDA:qda,13,0.5,0.04,0.1,78 114 76 77 82 115 75 79 111 80 81 113 108 110 112 85 116 109 117 83,76 115 111 77 79 80 82 112 75 78 81 107 110 113 114 73 106 118 74 83,simulation,db4,usage,40,50,50,1
W-CART,W-CART:cart,7,1.5,0.08,0.12,76 78 79 82 110 111 73 75 77 81 112 115 118 74 80 85 107 108 113 114,76 115 111 77 79 80 82 112 75 78 81 107 110 113 114 73 106 118 74 83,simulation,db4,usage,40,50,50,1
ALL,W-QDA:qda,13,0.5,0.04,0.1,78 114 76 77 82 115 75 79 111 80 81 113 108 110 112 85 116 109 117 83,76 115 111 77 79 80 82 112 75 78 81 107 110 113 114 73 106 118 74 83,simulation,db4,usage,40,50,50,1
W-NN,W-NN:k=1,31,,0.1,0.148,94 188 47 23 187 11 376 375 189 95 48 377 6 12 3 5 0 1 46 93,94 188 47 23 187 11 376 375 189 95 48 377 6 12 3 5 0 1 46 93,simulation,db4,energy,41,50,50,1
W-QDA,W-QDA:qda,12,,0.38,0.474,94 188 47 23 187 11 376 375 189 95 48 377 6 12 3 5 0 1 46 93,94 188 47 23 187 11 376 375 189 95 48 377 6 12 3 5 0 1 46 93,simulation,db4,energy,41,50,50,1
W-CART,W-CART:cart,30,,0.1,0.226,94 188 47 23 187 11 376 375 189 95 48 377 6 12 3 5 0 1 46 93,94 188 47 23 187 11 376 375 189 95 48 377 6 12 3 5 0 1 46 93,simulation,db4,energy,41,50,50,1
ALL,W-CART:cart,30,,0.1,0.226,94 188 47 23 187 11 376 375 189 95 48 377 6 12 3 5 0 1 46 93,94 188 47 23 187 11 376 375 189 95 48 377 6 12 3 5 0 1 46 93,simulation,db4,energy,41,50,50,1
W-NN,W-NN:k=1,9,1.5,0.02,0.132,110 80 75 77 83 108 76 79 107 109 112 113 114 115 81 82 84 106 111 116,80 81 108 110 77 79 78 83 84 107 109 112 114 75 113 115 221 223 76 82,simulation,db4,usage,41,50,50,1
W-QDA,W-QDA:qda,11,1.5,0.0,0.066,110 80 75 77 83 108 76 79 107 109 112 113 114 115 81 82 84 106 111 116,80 81 108 110 77 79 78 83 84 107 109 112 114 75 113 115 221 223 76 82,simulation,db4,usage,41,50,50,1
W-CART,W-CART:cart,10,1.0,0.04,0.138,80 81 108 110 77 79 78 83 84 107 109 112 114 75 113 115 221 223 76 82,80 81 108 110 77 79 78 83 84 107 109 112 114 75 113 115 221 223 76 82,simulation,db4,usage,41,50,50,1
ALL,W-QDA:qda,11,1.5,0.0,0.066,110 80 75 77 83 108 76 79 107 109 112 113 114 115 81 82 84 106 111 116,80 81 108 110 77 79 78 83 84 107 109 112 114 75 113 115 221 223 76 82,simulation,db4,usage,41,50,50,1
W-NN,W-NN:k=1,61,,0.12,0.164,219 110 220 55 27 13 109 440 221 111 439 56 7 1 6 14 0 441 3 438,219 110 220 55 27 13 109 440 221 111 439 56 7 1 6 14 0 441 3 438,simulation,db4,energy,42,50,50,1
W-QDA,W-QDA:qda,9,,0.34,0.504,219 110 220 55 27 13 109 440 221 111 439 56 7 1 6 14 0 441 3 438,219 110 220 55 27 13 109 440 221 111 439 56 7 1 6 14 0 441 3 438,simulation,db4,energy,42,50,50,1
W-CART,W-CART:cart,34,,0.06,0.134,219 110 220 55 27 13 109 440 221 111 439 56 7 1 6 14 0 441 3 438,219 110 220 55 27 13 109 440 221 111 439 56 7 1 6 14 0 441 3 438,simulation,db4,energy,42,50,50,1
ALL,W-CART:cart,34,,0.06,0.134,219 110 220 55 27 13 109 440 221 111 439 56 7 1 6 14 0 441 3 438,219 110 220 55 27 13 109 440 221 111 439 56 7 1 6 14 0 441 3 438,simulation,db4,energy,42,50,50,1
W-NN,W-NN:k=1,21,0.5,0.04,0.118,112 114 78 77 80 83 109 111 116 76 79 81 82 85 115 75 108 110 113 84,80 82 112 113 115 116 76 83 111 75 81 84 110 77 79 106 108 109 114 118,simulation,db4,usage,42,50,50,1
W-QDA,W-QDA:qda,12,3.0,0.0,0.036,118 75 87 113 116 117 73 74 77 84 85 105 106 71 72 82 83 86 88 111,80 82 112 113 115 116 76 83 111 75 81 84 110 77 79 106 108 109 114 118,simulation,db4,usage,42,50,50,1
W-CART,W-CART:cart,10,1.0,0.06,0.156,80 82 112 113 115 116 76 83 111 75 81 84 110 77 79 106 108 109 114 118,80 82 112 113 115 116 76 83 111 75 81 84 110 77 79 106 108 109 114 118,simulation,db4,usage,42,50,50,1
ALL,W-QDA:qda,12,3.0,0.0,0.036,118 75 87 113 116 117 73 74 77 84 85 105 106 71 72 82 83 86 88 111,80 82 112 113 115 116 76 83 111 75 81 84 110 77 79 106 108 109 114 118,simulation,db4,usage,42,50,50,1
W-NN,W-NN:k=3,63,,0.1,0.186,99 49 198 50 25 12 100 399 398 1 199 3 200 5 24 6 0 98 51 400,99 49 198 50 25 12 100 399 398 1 199 3 200 5 24 6 0 98 51 400,simulation,db4,energy,43,50,50,1
W-QDA,W-QDA:qda,17,,0.28,0.284,99 49 198 50 25 12 100 399 398 1 199 3 200 5 24 6 0 98 51 400,99 49 198 50 25 12 100 399 398 1 199 3 200 5 24 6 0 98 51 400,simulation,db4,energy,43,50,50,1
W-CART,W-CART:cart,34,,0.06,0.126,99 49 198 50 25 12 100 399 398 1 199 3 200 5 24 6 0 98 51 400,99 49 198 50 25 12 100 399 398 1 199 3 200 5 24 6 0 98 51 400,simulation,db4,energy,43,50,50,1
ALL,W-CART:cart,34,,0.06,0.126,99 49 198 50 25 12 100 399 398 1 199 3 200 5 24 6 0 98 51 400,99 49 198 50 25 12 100 399 398 1 199 3 200 5 24 6 0 98 51 400,simulation,db4,energy,43,50,50,1
W-NN,W-NN:k=3,43,2.0,0.06,0.154,117 73 74 76 78 114 115 116 72 107 110 113 118 75 77 79 108 84 86 109,78 79 117 76 114 115 116 74 113 72 73 110 118 77 109 75 80 112 82 107,simulation,db4,usage,43,50,50,1
W-QDA,W-QDA:qda,10,2.0,0.06,0.098,117 73 74 76 78 114 115 116 72 107 110 113 118 75 77 79 108 84 86 109,78 79 117 76 114 115 116 74 113 72 73 110 118 77 109 75 80 112 82 107,simulation,db4,usage,43,50,50,1
W-CART,W-CART:cart,4,2.0,0.08,0.086,117 73 74 76 78 114 115 116 72 107 110 113 118 75 77 79 108 84 86 109,78 79 117 76 114 115 116 74 113 72 73 110 118 77 109 75 80 112 82 107,simulation,db4,usage,43,50,50,1
ALL,W-QDA:qda,10,2.0,0.06,0.098,117 73 74 76 78 114 115 116 72 107 110 113 118 75 77 79 108 84 86 109,78 79 117 76 114 115 116 74 113 72 73 110 118 77 109 75 80 112 82 107,simulation,db4,usage,43,50,50,1
W-NN,W-NN:k=3,26,,0.1,0.18,126 252 63 31 251 15 504 503 253 127 32 505 4 8 2 7 0 1 62 125,126 252 63 31 251 15 504 503 253 127 32 505 4 8 2 7 0 1 62 125,simulation,db4,energy,44,50,50,1
W-QDA,W-QDA:qda,10,,0.36,0.404,126 252 63 31 251 15 504 503 253 127 32 505 4 8 2 7 0 1 62 125,126 252 63 31 251 15 504 503 253 127 32 505 4 8 2 7 0 1 62 125,simulation,db4,energy,44,50,50,1
W-CART,W-CART:cart,58,,0.06,0.11,126 252 63 31 251 15 504 503 253 127 32 505 4 8 2 7 0 1 62 125,126 252 63 31 251 15 504 503 253 127 32 505 4 8 2 7 0 1 62 125,simulation,db4,energy,44,50,50,1
ALL,W-CART:cart,58,,0.06,0.11,126 252 63 31 251 15 504 503 253 127 32 505 4 8 2 7 0 1 62 125,126 252 63 31 251 15 504 503 253 127 32 505 4 8 2 7 0 1 62 125,simulation,db4,energy,44,50,50,1
W-NN,W-NN:k=7,3,0.5,0.06,0.226,113 108 110 79 81 83 109 111 78 80 114 115 77 82 112 116 107 85 117 225,113 78 79 114 115 110 108 111 112 80 81 83 107 75 82 84 109 77 72 73,simulation,db4,usage,44,50,50,1
W-QDA,W-QDA:qda,7,0.5,0.08,0.168,113 108 110 79 81 83 109 111 78 80 114 115 77 82 112 116 107 85 117 225,113 78 79 114 115 110 108 111 112 80 81 83 107 75 82 84 109 77 72 73,simulation,db4,usage,44,50,50,1
W-CART,W-CART:cart,12,1.5,0.06,0.152,113 115 78 79 114 81 83 110 112 77 80 117 73 75 84 111 72 82 107 108,113 78 79 114 115 110 108 111 112 80 81 83 107 75 82 84 109 77 72 73,simulation,db4,usage,44,50,50,1
ALL,W-NN:k=7,3,0.5,0.06,0.226,113 108 110 79 81 83 109 111 78 80 114 115 77 82 112 116 107 85 117 225,113 78 79 114 115 110 108 111 112 80 81 83 107 75 82 84 109 77 72 73,simulation,db4,usage,44,50,50,1
W-NN,W-NN:k=9,3,,0.1,0.194,229 115 28 230 57 114 3 116 460 231 459 6 7 29 13 0 461 56 27 113,229 115 28 230 57 114 3 116 460 231 459 6 7 29 13 0 461 56 27 113,simulation,db4,energy,45,50,50,1
W-QDA,W-QDA:qda,8,,0.1,0.148,229 115 28 230 57 114 3 116 460 231 459 6 7 29 13 0 461 56 27 113,229 115 28 230 57 114 3 116 460 231 459 6 7 29 13 0 461 56 27 113,simulation,db4,energy,45,50,50,1
W-CART,W-CART:cart,26,,0.02,0.116,229 115 28 230 57 114 3 116 460 231 459 6 7 29 13 0 461 56 27 113,229 115 28 230 57 114 3 116 460 231 459 6 7 29 13 0 461 56 27 113,simulation,db4,energy,45,50,50,1
ALL,W-CART:cart,26,,0.02,0.116,229 115 28 230 57 114 3 116 460 231 459 6 7 29 13 0 461 56 27 113,229 115 28 230 57 114 3 116 460 231 459 6 7 29 13 0 461 56 27 113,simulation,db4,energy,45,50,50,1
W-NN,W-NN:k=1,5,2.0,0.02,0.118,73 72 74 109 114 119 85 113 116 117 118 80 81 82 106 111 112 120 107 71,111 73 72 112 74 84 114 116 82 85 113 115 117 119 76 108 109 110 118 75,simulation,db4,usage,45,50,50,1
W-QDA,W-QDA:qda,2,3.0,0.0,0.096,73 116 118 117 119 72 74 81 85 109 113 120 106 71 75 80 82 83 84 107,111 73 72 112 74 84 114 116 82 85 113 115 117 119 76 108 109 110 118 75,simulation,db4,usage,45,50,50,1
W-CART,W-CART:cart,2,1.0,0.0,0.138,111 73 72 112 74 84 114 116 82 85 113 115 117 119 76 108 109 110 118 75,111 73 72 112 74 84 114 116 82 85 113 115 117 119 76 108 109 110 118 75,simulation,db4,usage,45,50,50,1
ALL,W-CART:cart,2,1.0,0.0,0.138,111 73 72 112 74 84 114 116 82 85 113 115 117 119 76 108 109 110 118 75,111 73 72 112 74 84 114 116 82 85 113 115 117 119 76 108 109 110 118 75,simulation,db4,usage,45,50,50,1
W-NN,W-NN:k=7,31,,0.06,0.164,100 50 99 25 49 12 199 24 101 401 400 51 1 200 201 3 26 5 0 402,100 50 99 25 49 12 199 24 101 401 400 51 1 200 201 3 26 5 0 402,simulation,db4,energy,46,50,50,1
W-QDA,W-QDA:qda,13,,0.26,0.284,100 50 99 25 49 12 199 24 101 401 400 51 1 200 201 3 26 5 0 402,100 50 99 25 49 12 199 24 101 401 400 51 1 200 201 3 26 5 0 402,simulation,db4,energy,46,50,50,1
W-CART,W-CART:cart,28,,0.08,0.114,100 50 99 25 49 12 199 24 101 401 400 51 1 200 201 3 26 5 0 402,100 50 99 25 49 12 199 24 101 401 400 51 1 200 201 3 26 5 0 402,simulation,db4,energy,46,50,50,1
ALL,W-NN:k=7,31,,0.06,0.164,100 50 99 25 49 12 199 24 101 401 400 51 1 200 201 3 26 5 0 402,100 50 99 25 49 12 199 24 101 401 400 51 1 200 201 3 26 5 0 402,simulation,db4,energy,46,50,50,1
W-NN,W-NN:k=3,7,1.0,0.02,0.134,77 79 80 84 112 78 107 109 110 81 83 105 108 111 113 76 82 85 104 106,77 79 80 84 112 78 107 109 110 81 83 105 108 111 113 76 82 85 104 106,simulation,db4,usage,46,50,50,1
W-QDA,W-QDA:qda,1,3.0,0.08,0.1,104 84 85 106 105 76 78 81 109 111 112 114 74 77 108 110 113 83 115 75,77 79 80 84 112 78 107 109 110 81 83 105 108 111 113 76 82 85 104 106,simulation,db4,usage,46,50,50,1
W-CART,W-CART:cart,1,3.0,0.08,0.114,104 84 85 106 105 76 78 81 109 111 112 114 74 77 108 110 113 83 115 75,77 79 80 84 112 78 107 109 110 81 83 105 108 111 113 76 82 85 104 106,simulation,db4,usage,46,50,50,1
ALL,W-NN:k=3,7,1.0,0.02,0.134,77 79 80 84 112 78 107 109 110 81 83 105 108 111 113 76 82 85 104 106,77 79 80 84 112 78 107 109 110 81 83 105 108 111 113 76 82 85 104 106,simulation,db4,usage,46,50,50,1
W-NN,W-NN:k=3,39,,0.0,0.058,37 150 151 18 4 74 19 75 38 302 301 152 1 9 36 0 303 20 8 76,37 150 151 18 4 74 19 75 38 302 301 152 1 9 36 0 303 20 8 76,simulation,db4,energy,47,50,50,1
W-QDA,W-QDA:qda,2,,0.02,0.124,37 150 151 18 4 74 19 75 38 302 301 152 1 9 36 0 303 20 8 76,37 150 151 18 4 74 19 75 38 302 301 152 1 9 36 0 303 20 8 76,simulation,db4,energy,47,50,50,1
W-CART,W-CART:cart,30,,0.08,0.098,37 150 151 18 4 74 19 75 38 302 301 152 1 9 36 0 303 20 8 76,37 150 151 18 4 74 19 75 38 302 301 152 1 9 36 0 303 20 8 76,simulation,db4,energy,47,50,50,1
ALL,W-NN:k=3,39,,0.0,0.058,37 150 151 18 4 74 19 75 38 302 301 152 1 9 36 0 303 20 8 76,37 150 151 18 4 74 19 75 38 302 301 152 1 9 36 0 303 20 8 76,simulation,db4,energy,47,50,50,1
W-NN,W-NN:k=1,43,3.0,0.08,0.14,107 82 84 87 105 86 109 106 108 75 76 83 85 110 114 116 78 88 118 72,110 84 107 111 81 82 108 109 79 80 85 83 86 105 75 76 113 78 106 117,simulation,db4,usage,47,50,50,1
W-QDA,W-QDA:qda,10,2.0,0.0,0.106,82 84 107 108 81 105 83 85 109 76 86 87 104 106 75 80 78 110 113 114,110 84 107 111 81 82 108 109 79 80 85 83 86 105 75 76 113 78 106 117,simulation,db4,usage,47,50,50,1
W-CART,W-CART:cart,19,3.0,0.02,0.1,107 82 84 87 105 86 109 106 108 75 76 83 85 110 114 116 78 88 118 72,110 84 107 111 81 82 108 109 79 80 85 83 86 105 75 76 113 78 106 117,simulation,db4,usage,47,50,50,1
ALL,W-QDA:qda,10,2.0,0.0,0.106,82 84 107 108 81 105 83 85 109 76 86 87 104 106 75 80 78 110 113 114,110 84 107 111 81 82 108 109 79 80 85 83 86 105 75 76 113 78 106 117,simulation,db4,usage,47,50,50,1
W-NN,W-NN:k=1,33,,0.06,0.164,54 218 13 108 219 26 55 6 53 1 110 220 7 0 14 12 3 28 56 109,54 218 13 108 219 26 55 6 53 1 110 220 7 0 14 12 3 28 56 109,simulation,db4,energy,48,50,50,1
W-QDA,W-QDA:qda,13,,0.22,0.256,54 218 13 108 219 26 55 6 53 1 110 220 7 0 14 12 3 28 56 109,54 218 13 108 219 26 55 6 53 1 110 220 7 0 14 12 3 28 56 109,simulation,db4,energy,48,50,50,1
W-CART,W-CART:cart,45,,0.04,0.16,54 218 13 108 219 26 55 6 53 1 110 220 7 0 14 12 3 28 56 109,54 218 13 108 219 26 55 6 53 1 110 220 7 0 14 12 3 28 56 109,simulation,db4,energy,48,50,50,1
ALL,W-CART:cart,45,,0.04,0.16,54 218 13 108 219 26 55 6 53 1 110 220 7 0 14 12 3 28 56 109,54 218 13 108 219 26 55 6 53 1 110 220 7 0 14 12 3 28 56 109,simulation,db4,energy,48,50,50,1
W-NN,W-NN:k=3,4,0.5,0.04,0.2,115 112 78 76 116 113 75 80 73 74 77 79 82 108 109 110 114 118 117 81,116 112 115 75 76 114 78 117 74 110 72 73 80 106 107 108 109 113 119 82,simulation,db4,usage,48,50,50,1
W-QDA,W-QDA:qda,5,1.5,0.02,0.124,116 76 112 73 75 78 107 108 114 117 72 74 80 83 106 109 113 85 110 119,116 112 115 75 76 114 78 117 74 110 72 73 80 106 107 108 109 113 119 82,simulation,db4,usage,48,50,50,1
W-CART,W-CART:cart,5,1.5,0.02,0.134,116 76 112 73 75 78 107 108 114 117 72 74 80 83 106 109 113 85 110 119,116 112 115 75 76 114 78 117 74 110 72 73 80 106 107 108 109 113 119 82,simulation,db4,usage,48,50,50,1
ALL,W-QDA:qda,5,1.5,0.02,0.124,116 76 112 73 75 78 107 108 114 117 72 74 80 83 106 109 113 85 110 119,116 112 115 75 76 114 78 117 74 110 72 73 80 106 107 108 109 113 119 82,simulation,db4,usage,48,50,50,1
W-NN,W-NN:k=3,61,,0.06,0.168,89 178 44 5 11 21 10 179 356 90 22 88 2 355 0 357 23 12 3 115,89 178 44 5 11 21 10 179 356 90 22 88 2 355 0 357 23 12 3 115,simulation,db4,energy,49,50,50,1
W-QDA,W-QDA:qda,12,,0.16,0.222,89 178 44 5 11 21 10 179 356 90 22 88 2 355 0 357 23 12 3 115,89 178 44 5 11 21 10 179 356 90 22 88 2 355 0 357 23 12 3 115,simulation,db4,energy,49,50,50,1
W-CART,W-CART:cart,36,,0.04,0.08,89 178 44 5 11 21 10 179 356 90 22 88 2 355 0 357 23 12 3 115,89 178 44 5 11 21 10 179 356 90 22 88 2 355 0 357 23 12 3 115,simulation,db4,energy,49,50,50,1
ALL,W-CART:cart,36,,0.04,0.08,89 178 44 5 11 21 10 179 356 90 22 88 2 355 0 357 23 12 3 115,89 178 44 5 11 21 10 179 356 90 22 88 2 355 0 357 23 12 3 115,simulation,db4,energy,49,50,50,1
W-NN,W-NN:k=3,43,1.5,0.04,0.132,114 78 111 115 116 74 75 77 118 73 76 110 83 84 113 79 80 81 119 72,115 114 73 75 77 111 113 118 76 78 83 116 74 80 84 110 81 112 71 79,simulation,db4,usage,49,50,50,1
W-QDA,W-QDA:qda,3,1.0,0.08,0.088,115 114 73 75 77 111 113 118 76 78 83 116 74 80 84 110 81 112 71 79,115 114 73 75 77 111 113 118 76 78 83 116 74 80 84 110 81 112 71 79,simulation,db4,usage,49,50,50,1
W-CART,W-CART:cart,26,3.0,0.04,0.084,74 116 72 75 76 114 73 77 115 82 83 79 118 109 110 119 120 78 81 85,115 114 73 75 77 111 113 118 76 78 83 116 74 80 84 110 81 112 71 79,simulation,db4,usage,49,50,50,1
ALL,W-CART:cart,26,3.0,0.04,0.084,74 116 72 75 76 114 73 77 115 82 83 79 118 109 110 119 120 78 81 85,115 114 73 75 77 111 113 118 76 78 83 116 74 80 84 110 81 112 71 79,simulation,db4,usage,49,50,50,1
W-NN,W-NN:k=1,40,,0.12,0.18,124 15 30 31 248 61 125 7 499 498 249 250 16 0 123 500 4 2 63 3,124 15 30 31 248 61 125 7 499 498 249 250 16 0 123 500 4 2 63 3,simulation,db4,energy,50,50,50,1
W-QDA,W-QDA:qda,15,,0.22,0.378,124 15 30 31 248 61 125 7 499 498 249 250 16 0 123 500 4 2 63 3,124 15 30 31 248 61 125 7 499 498 249 250 16 0 123 500 4 2 63 3,simulation,db4,energy,50,50,50,1
W-CART,W-CART:cart,41,,0.18,0.276,124 15 30 31 248 61 125 7 499 498 249 250 16 0 123 500 4 2 63 3,124 15 30 31 248 61 125 7 499 498 249 250 16 0 123 500 4 2 63 3,simulation,db4,energy,50,50,50,1
ALL,W-NN:k=1,40,,0.12,0.18,124 15 30 31 248 61 125 7 499 498 249 250 16 0 123 500 4 2 63 3,124 15 30 31 248 61 125 7 499 498 249 250 16 0 123 500 4 2 63 3,simulation,db4,energy,50,50,50,1
W-NN,W-NN:k=1,17,0.5,0.04,0.126,79 80 111 112 114 78 82 113 115 77 81 108 110 74 76 73 84 109 117 224,112 77 76 110 113 115 73 74 81 114 75 78 111 80 108 109 72 79 82 117,simulation,db4,usage,50,50,50,1
W-QDA,W-QDA:qda,17,3.0,0.02,0.062,112 78 113 115 75 77 108 114 116 81 110 117 73 74 80 82 83 109 72 76,112 77 76 110 113 115 73 74 81 114 75 78 111 80 108 109 72 79 82 117,simulation,db4,usage,50,50,50,1
W-CART,W-CART:cart,8,1.0,0.06,0.152,112 77 76 110 113 115 73 74 81 114 75 78 111 80 108 109 72 79 82 117,112 77 76 110 113 115 73 74 81 114 75 78 111 80 108 109 72 79 82 117,simulation,db4,usage,50,50,50,1
ALL,W-QDA:qda,17,3.0,0.02,0.062,112 78 113 115 75 77 108 114 116 81 110 117 73 74 80 82 83 109 72 76,112 77 76 110 113 115 73 74 81 114 75 78 111 80 108 109 72 79 82 117,simulation,db4,usage,50,50,50,1
W-NN,W-NN:k=3,6,,0.08,0.118,84 10 20 21 339 85 168 169 41 338 2 340 83 22 0 4 86 43 9 337,84 10 20 21 339 85 168 169 41 338 2 340 83 22 0 4 86 43 9 337,simulation,db4,energy,51,50,50,1
W-QDA,W-QDA:qda,10,,0.04,0.068,84 10 20 21 339 85 168 169 41 338 2 340 83 22 0 4 86 43 9 337,84 10 20 21 339 85 168 169 41 338 2 340 83 22 0 4 86 43 9 337,simulation,db4,energy,51,50,50,1
W-CART,W-CART:cart,17,,0.1,0.096,84 10 20 21 339 85 168 169 41 338 2 340 83 22 0 4 86 43 9 337,84 10 20 21 339 85 168 169 41 338 2 340 83 22 0 4 86 43 9 337,simulation,db4,energy,51,50,50,1
ALL,W-QDA:qda,10,,0.04,0.068,84 10 20 21 339 85 168 169 41 338 2 340 83 22 0 4 86 43 9 337,84 10 20 21 339 85 168 169 41 338 2 340 83 22 0 4 86 43 9 337,simulation,db4,energy,51,50,50,1
W-NN,W-NN:k=1,22,1.0,0.04,0.17,79 113 77 78 111 116 81 76 82 84 110 114 80 83 109 112 74 75 115 117,79 113 77 78 111 116 81 76 82 84 110 114 80 83 109 112 74 75 115 117,simulation,db4,usage,51,50,50,1
W-QDA,W-QDA:qda,7,3.0,0.06,0.08,74 113 116 79 82 114 76 77 80 110 112 83 109 111 75 78 73 84 85 115,79 113 77 78 111 116 81 76 82 84 110 114 80 83 109 112 74 75 115 117,simulation,db4,usage,51,50,50,1
W-CART,W-CART:cart,14,3.0,0.08,0.124,74 113 116 79 82 114 76 77 80 110 112 83 109 111 75 78 73 84 85 115,79 113 77 78 111 116 81 76 82 84 110 114 80 83 109 112 74 75 115 117,simulation,db4,usage,51,50,50,1
ALL,W-NN:k=1,22,1.0,0.04,0.17,79 113 77 78 111 116 81 76 82 84 110 114 80 83 109 112 74 75 115 117,79 113 77 78 111 116 81 76 82 84 110 114 80 83 109 112 74 75 115 117,simulation,db4,usage,51,50,50,1
W-NN,W-NN:k=1,46,,0.1,0.188,208 52 51 26 103 25 209 13 6 12 1 53 105 210 27 0 14 3 104 2,208 52 51 26 103 25 209 13 6 12 1 53 105 210 27 0 14 3 104 2,simulation,db4,energy,52,50,50,1
W-QDA,W-QDA:qda,17,,0.08,0.138,208 52 51 26 103 25 209 13 6 12 1 53 105 210 27 0 14 3 104 2,208 52 51 26 103 25 209 13 6 12 1 53 105 210 27 0 14 3 104 2,simulation,db4,energy,52,50,50,1
W-CART,W-CART:cart,60,,0.12,0.152,208 52 51 26 103 25 209 13 6 12 1 53 105 210 27 0 14 3 104 2,208 52 51 26 103 25 209 13 6 12 1 53 105 210 27 0 14 3 104 2,simulation,db4,energy,52,50,50,1
ALL,W-QDA:qda,17,,0.08,0.138,208 52 51 26 103 25 209 13 6 12 1 53 105 210 27 0 14 3 104 2,208 52 51 26 103 25 209 13 6 12 1 53 105 210 27 0 14 3 104 2,simulation,db4,energy,52,50,50,1
W-NN,W-NN:k=1,30,2.0,0.04,0.152,75 80 83 84 113 77 78 85 108 110 112 114 115 79 82 106 107 111 74 76,80 114 75 78 79 112 115 76 81 111 77 82 83 84 85 108 110 113 116 74,simulation,db4,usage,52,50,50,1
W-QDA,W-QDA:qda,18,1.5,0.02,0.062,114 80 75 81 113 77 78 84 115 82 83 108 112 76 79 74 85 105 107 110,80 114 75 78 79 112 115 76 81 111 77 82 83 84 85 108 110 113 116 74,simulation,db4,usage,52,50,50,1
W-CART,W-CART:cart,11,3.0,0.04,0.052,75 83 84 82 80 107 78 111 113 114 72 79 108 110 112 74 77 81 85 106,80 114 75 78 79 112 115 76 81 111 77 82 83 84 85 108 110 113 116 74,simulation,db4,usage,52,50,50,1
ALL,W-QDA:qda,18,1.5,0.02,0.062,114 80 75 81 113 77 78 84 115 82 83 108 112 76 79 74 85 105 107 110,80 114 75 78 79 112 115 76 81 111 77 82 83 84 85 108 110 113 116 74,simulation,db4,usage,52,50,50,1
W-NN,W-NN:k=3,3,,0.14,0.21,60 243 121 242 7 486 14 485 15 61 244 29 3 120 487 0 59 8 62 2,60 243 121 242 7 486 14 485 15 61 244 29 3 120 487 0 59 8 62 2,simulation,db4,energy,53,50,50,1
W-QDA,W-QDA:qda,17,,0.1,0.132,60 243 121 242 7 486 14 485 15 61 244 29 3 120 487 0 59 8 62 2,60 243 121 242 7 486 14 485 15 61 244 29 3 120 487 0 59 8 62 2,simulation,db4,energy,53,50,50,1
W-CART,W-CART:cart,37,,0.04,0.128,60 243 121 242 7 486 14 485 15 61 244 29 3 120 487 0 59 8 62 2,60 243 121 242 7 486 14 485 15 61 244 29 3 120 487 0 59 8 62 2,simulation,db4,energy,53,50,50,1
ALL,W-CART:cart,37,,0.04,0.128,60 243 121 242 7 486 14 485 15 61 244 29 3 120 487 0 59 8 62 2,60 243 121 242 7 486 14 485 15 61 244 29 3 120 487 0 59 8 62 2,simulation,db4,energy,53,50,50,1
W-NN,W-NN:k=5,5,2.0,0.06,0.198,79 82 112 107 81 109 80 83 106 110 108 78 84 111 85 113 86 87 76 77,82 79 80 81 109 112 110 83 111 78 108 113 77 84 86 107 76 106 105 114,simulation,db4,usage,53,50,50,1
W-QDA,W-QDA:qda,7,3.0,0.06,0.098,112 107 79 81 82 106 108 109 111 83 80 84 110 78 86 113 85 87 104 105,82 79 80 81 109 112 110 83 111 78 108 113 77 84 86 107 76 106 105 114,simulation,db4,usage,53,50,50,1
W-CART,W-CART:cart,16,3.0,0.02,0.12,112 107 79 81 82 106 108 109 111 83 80 84 110 78 86 113 85 87 104 105,82 79 80 81 109 112 110 83 111 78 108 113 77 84 86 107 76 106 105 114,simulation,db4,usage,53,50,50,1
ALL,W-CART:cart,16,3.0,0.02,0.12,112 107 79 81 82 106 108 109 111 83 80 84 110 78 86 113 85 87 104 105,82 79 80 81 109 112 110 83 111 78 108 113 77 84 86 107 76 106 105 114,simulation,db4,usage,53,50,50,1
W-NN,W-NN:k=3,11,,0.06,0.216,89 179 45 90 5 44 22 359 10 11 2 358 178 91 46 180 0 88 360 21,89 179 45 90 5 44 22 359 10 11 2 358 178 91 46 180 0 88 360 21,simulation,db4,energy,54,50,50,1
W-QDA,W-QDA:qda,1,,0.12,0.176,89 179 45 90 5 44 22 359 10 11 2 358 178 91 46 180 0 88 360 21,89 179 45 90 5 44 22 359 10 11 2 358 178 91 46 180 0 88 360 21,simulation,db4,energy,54,50,50,1
W-CART,W-CART:cart,53,,0.14,0.1,89 179 45 90 5 44 22 359 10 11 2 358 178 91 46 180 0 88 360 21,89 179 45 90 5 44 22 359 10 11 2 358 178 91 46 180 0 88 360 21,simulation,db4,energy,54,50,50,1
ALL,W-NN:k=3,11,,0.06,0.216,89 179 45 90 5 44 22 359 10 11 2 358 178 91 46 180 0 88 360 21,89 179 45 90 5 44 22 359 10 11 2 358 178 91 46 180 0 88 360 21,simulation,db4,energy,54,50,50,1
W-NN,W-NN:k=3,24,1.5,0.08,0.126,81 110 82 79 83 109 78 85 106 108 111 113 84 107 76 80 112 114 115 77,81 110 109 79 83 108 112 78 82 111 113 80 84 85 106 107 114 115 76 105,simulation,db4,usage,54,50,50,1
W-QDA,W-QDA:qda,2,3.0,0.22,0.21,82 83 81 110 80 109 84 107 108 111 113 106 78 79 85 114 112 115 75 77,81 110 109 79 83 108 112 78 82 111 113 80 84 85 106 107 114 115 76 105,simulation,db4,usage,54,50,50,1
W-CART,W-CART:cart,25,0.5,0.1,0.12,81 110 109 79 80 82 112 113 83 85 108 111 107 106 114 84 86 168 78 105,81 110 109 79 83 108 112 78 82 111 113 80 84 85 106 107 114 115 76 105,simulation,db4,usage,54,50,50,1
ALL,W-NN:k=3,24,1.5,0.08,0.126,81 110 82 79 83 109 78 85 106 108 111 113 84 107 76 80 112 114 115 77,81 110 109 79 83 108 112 78 82 111 113 80 84 85 106 107 114 115 76 105,simulation,db4,usage,54,50,50,1
W-NN,W-NN:k=1,56,,0.1,0.136,48 194 96 195 11 12 6 23 5 49 3 1 47 98 196 0 13 25 50 7,48 194 96 195 11 12 6 23 5 49 3 1 47 98 196 0 13 25 50 7,simulation,db4,energy,55,50,50,1
W-QDA,W-QDA:qda,12,,0.38,0.404,48 194 96 195 11 12 6 23 5 49 3 1 47 98 196 0 13 25 50 7,48 194 96 195 11 12 6 23 5 49 3 1 47 98 196 0 13 25 50 7,simulation,db4,energy,55,50,50,1
W-CART,W-CART:cart,33,,0.12,0.168,48 194 96 195 11 12 6 23 5 49 3 1 47 98 196 0 13 25 50 7,48 194 96 195 11 12 6 23 5 49 3 1 47 98 196 0 13 25 50 7,simulation,db4,energy,55,50,50,1
ALL,W-NN:k=1,56,,0.1,0.136,48 194 96 195 11 12 6 23 5 49 3 1 47 98 196 0 13 25 50 7,48 194 96 195 11 12 6 23 5 49 3 1 47 98 196 0 13 25 50 7,simulation,db4,energy,55,50,50,1
W-NN,W-NN:k=1,41,2.0,0.08,0.154,107 108 82 83 110 84 106 81 109 80 105 77 85 111 113 87 114 86 112 78,82 108 109 110 84 106 83 107 113 81 112 85 105 77 78 218 79 80 111 86,simulation,db4,usage,55,50,50,1
W-QDA,W-QDA:qda,6,3.0,0.1,0.142,83 107 108 106 109 105 110 81 82 84 87 86 114 79 112 80 85 111 77 113,82 108 109 110 84 106 83 107 113 81 112 85 105 77 78 218 79 80 111 86,simulation,db4,usage,55,50,50,1
W-CART,W-CART:cart,4,3.0,0.1,0.178,83 107 108 106 109 105 110 81 82 84 87 86 114 79 112 80 85 111 77 113,82 108 109 110 84 106 83 107 113 81 112 85 105 77 78 218 79 80 111 86,simulation,db4,usage,55,50,50,1
ALL,W-NN:k=1,41,2.0,0.08,0.154,107 108 82 83 110 84 106 81 109 80 105 77 85 111 113 87 114 86 112 78,82 108 109 110 84 106 83 107 113 81 112 85 105 77 78 218 79 80 111 86,simulation,db4,usage,55,50,50,1
W-NN,W-NN:k=1,55,,0.12,0.13,111 55 223 28 56 14 222 224 7 27 3 112 0 1 57 29 15 110 113 54,111 55 223 28 56 14 222 224 7 27 3 112 0 1 57 29 15 110 113 54,simulation,db4,energy,56,50,50,1
W-QDA,W-QDA:qda,22,,0.28,0.314,111 55 223 28 56 14 222 224 7 27 3 112 0 1 57 29 15 110 113 54,111 55 223 28 56 14 222 224 7 27 3 112 0 1 57 29 15 110 113 54,simulation,db4,energy,56,50,50,1
W-CART,W-CART:cart,61,,0.04,0.136,111 55 223 28 56 14 222 224 7 27 3 112 0 1 57 29 15 110 113 54,111 55 223 28 56 14 222 224 7 27 3 112 0 1 57 29 15 110 113 54,simulation,db4,energy,56,50,50,1
ALL,W-CART:cart,61,,0.04,0.136,111 55 223 28 56 14 222 224 7 27 3 112 0 1 57 29 15 110 113 54,111 55 223 28 56 14 222 224 7 27 3 112 0 1 57 29 15 110 113 54,simulation,db4,energy,56,50,50,1
W-NN,W-NN:k=3,19,2.0,0.02,0.094,109 81 74 77 107 80 82 112 79 83 85 110 111 73 75 106 114 78 86 116,110 111 112 77 79 80 109 81 82 114 74 78 107 75 83 106 113 73 116 84,simulation,db4,usage,56,50,50,1
W-QDA,W-QDA:qda,13,3.0,0.0,0.03,77 80 81 109 116 82 83 74 75 85 103 107 110 115 79 84 104 106 113 114,110 111 112 77 79 80 109 81 82 114 74 78 107 75 83 106 113 73 116 84,simulation,db4,usage,56,50,50,1
W-CART,W-CART:cart,17,1.0,0.04,0.15,110 111 112 77 79 80 109 81 82 114 74 78 107 75 83 106 113 73 116 84,110 111 112 77 79 80 109 81 82 114 74 78 107 75 83 106 113 73 116 84,simulation,db4,usage,56,50,50,1
ALL,W-QDA:qda,13,3.0,0.0,0.03,77 80 81 109 116 82 83 74 75 85 103 107 110 115 79 84 104 106 113 114,110 111 112 77 79 80 109 81 82 114 74 78 107 75 83 106 113 73 116 84,simulation,db4,usage,56,50,50,1
W-NN,W-NN:k=1,44,,0.1,0.184,135 68 136 34 17 67 8 272 69 137 271 1 2 35 7 0 18 273 4 3,135 68 136 34 17 67 8 272 69 137 271 1 2 35 7 0 18 273 4 3,simulation,db4,energy,57,50,50,1
W-QDA,W-QDA:qda,9,,0.3,0.292,135 68 136 34 17 67 8 272 69 137 271 1 2 35 7 0 18 273 4 3,135 68 136 34 17 67 8 272 69 137 271 1 2 35 7 0 18 273 4 3,simulation,db4,energy,57,50,50,1
W-CART,W-CART:cart,32,,0.1,0.148,135 68 136 34 17 67 8 272 69 137 271 1 2 35 7 0 18 273 4 3,135 68 136 34 17 67 8 272 69 137 271 1 2 35 7 0 18 273 4 3,simulation,db4,energy,57,50,50,1
ALL,W-CART:cart,32,,0.1,0.148,135 68 136 34 17 67 8 272 69 137 271 1 2 35 7 0 18 273 4 3,135 68 136 34 17 67 8 272 69 137 271 1 2 35 7 0 18 273 4 3,simulation,db4,energy,57,50,50,1
W-NN,W-NN:k=1,5,1.5,0.06,0.136,116 75 115 117 113 74 73 77 112 118 111 114 80 107 109 79 108 110 76 78,115 114 74 111 116 73 79 113 75 76 78 117 80 112 118 110 77 107 108 109,simulation,db4,usage,57,50,50,1
W-QDA,W-QDA:qda,14,3.0,0.08,0.124,116 117 73 74 75 115 113 118 76 112 79 105 106 109 114 119 77 111 72 78,115 114 74 111 116 73 79 113 75 76 78 117 80 112 118 110 77 107 108 109,simulation,db4,usage,57,50,50,1
W-CART,W-CART:cart,5,2.0,0.1,0.11,116 117 115 75 73 74 113 118 77 111 76 80 112 114 119 79 82 106 109 105,115 114 74 111 116 73 79 113 75 76 78 117 80 112 118 110 77 107 108 109,simulation,db4,usage,57,50,50,1
ALL,W-NN:k=1,5,1.5,0.06,0.136,116 75 115 117 113 74 73 77 112 118 111 114 80 107 109 79 108 110 76 78,115 114 74 111 116 73 79 113 75 76 78 117 80 112 118 110 77 107 108 109,simulation,db4,usage,57,50,50,1
W-NN,W-NN:k=1,61,,0.08,0.176,94 47 23 93 46 187 11 95 377 376 48 188 189 6 12 3 0 378 5 1,94 47 23 93 46 187 11 95 377 376 48 188 189 6 12 3 0 378 5 1,simulation,db4,energy,58,50,50,1
W-QDA,W-QDA:qda,17,,0.42,0.444,94 47 23 93 46 187 11 95 377 376 48 188 189 6 12 3 0 378 5 1,94 47 23 93 46 187 11 95 377 376 48 188 189 6 12 3 0 378 5 1,simulation,db4,energy,58,50,50,1
W-CART,W-CART:cart,55,,0.12,0.128,94 47 23 93 46 187 11 95 377 376 48 188 189 6 12 3 0 378 5 1,94 47 23 93 46 187 11 95 377 376 48 188 189 6 12 3 0 378 5 1,simulation,db4,energy,58,50,50,1
ALL,W-NN:k=1,61,,0.08,0.176,94 47 23 93 46 187 11 95 377 376 48 188 189 6 12 3 0 378 5 1,94 47 23 93 46 187 11 95 377 376 48 188 189 6 12 3 0 378 5 1,simulation,db4,energy,58,50,50,1
W-NN,W-NN:k=1,37,3.0,0.02,0.142,80 82 110 83 106 109 75 84 108 76 85 74 81 111 112 113 116 53 79 105,113 110 79 80 82 81 109 112 83 84 76 78 111 114 107 108 77 86 106 115,simulation,db4,usage,58,50,50,1
W-QDA,W-QDA:qda,20,0.5,0.0,0.066,113 81 110 112 79 80 109 82 83 114 78 84 111 115 76 77 107 74 116 157,113 110 79 80 82 81 109 112 83 84 76 78 111 114 107 108 77 86 106 115,simulation,db4,usage,58,50,50,1
W-CART,W-CART:cart,5,3.0,0.06,0.108,80 82 110 83 106 109 75 84 108 76 85 74 81 111 112 113 116 53 79 105,113 110 79 80 82 81 109 112 83 84 76 78 111 114 107 108 77 86 106 115,simulation,db4,usage,58,50,50,1
ALL,W-QDA:qda,20,0.5,0.0,0.066,113 81 110 112 79 80 109 82 83 114 78 84 111 115 76 77 107 74 116 157,113 110 79 80 82 81 109 112 83 84 76 78 111 114 107 108 77 86 106 115,simulation,db4,usage,58,50,50,1
W-NN,W-NN:k=1,35,,0.1,0.128,41 83 82 20 165 2 84 21 333 332 4 166 167 5 0 334 9 40 42 10,41 83 82 20 165 2 84 21 333 332 4 166 167 5 0 334 9 40 42 10,simulation,db4,energy,59,50,50,1
W-QDA,W-QDA:qda,8,,0.08,0.126,41 83 82 20 165 2 84 21 333 332 4 166 167 5 0 334 9 40 42 10,41 83 82 20 165 2 84 21 333 332 4 166 167 5 0 334 9 40 42 10,simulation,db4,energy,59,50,50,1
W-CART,W-CART:cart,45,,0.08,0.12,41 83 82 20 165 2 84 21 333 332 4 166 167 5 0 334 9 40 42 10,41 83 82 20 165 2 84 21 333 332 4 166 167 5 0 334 9 40 42 10,simulation,db4,energy,59,50,50,1
ALL,W-QDA:qda,8,,0.08,0.126,41 83 82 20 165 2 84 21 333 332 4 166 167 5 0 334 9 40 42 10,41 83 82 20 165 2 84 21 333 332 4 166 167 5 0 334 9 40 42 10,simulation,db4,energy,59,50,50,1
W-NN,W-NN:k=3,2,0.5,0.08,0.174,106 80 109 86 104 81 82 87 105 110 79 83 85 108 111 112 84 107 76 78,80 81 106 108 110 83 86 87 104 105 79 85 82 107 109 111 113 112 77 78,simulation,db4,usage,59,50,50,1
W-QDA,W-QDA:qda,6,0.5,0.04,0.084,106 80 109 86 104 81 82 87 105 110 79 83 85 108 111 112 84 107 76 78,80 81 106 108 110 83 86 87 104 105 79 85 82 107 109 111 113 112 77 78,simulation,db4,usage,59,50,50,1
W-CART,W-CART:cart,5,0.5,0.08,0.102,106 80 109 86 104 81 82 87 105 110 79 83 85 108 111 112 84 107 76 78,80 81 106 108 110 83 86 87 104 105 79 85 82 107 109 111 113 112 77 78,simulation,db4,usage,59,50,50,1
ALL,W-QDA:qda,6,0.5,0.04,0.084,106 80 109 86 104 81 82 87 105 110 79 83 85 108 111 112 84 107 76 78,80 81 106 108 110 83 86 87 104 105 79 85 82 107 109 111 113 112 77 78,simulation,db4,usage,59,50,50,1
W-NN,W-NN:k=3,52,,0.06,0.106,96 193 24 23 47 12 192 11 194 6 48 3 5 1 97 25 49 0 13 7,96 193 24 23 47 12 192 11 194 6 48 3 5 1 97 25 49 0 13 7,simulation,db4,energy,60,50,50,1
W-QDA,W-QDA:qda,17,,0.42,0.484,96 193 24 23 47 12 192 11 194 6 48 3 5 1 97 25 49 0 13 7,96 193 24 23 47 12 192 11 194 6 48 3 5 1 97 25 49 0 13 7,simulation,db4,energy,60,50,50,1
W-CART,W-CART:cart,55,,0.1,0.128,96 193 24 23 47 12 192 11 194 6 48 3 5 1 97 25 49 0 13 7,96 193 24 23 47 12 192 11 194 6 48 3 5 1 97 25 49 0 13 7,simulation,db4,energy,60,50,50,1
ALL,W-NN:k=3,52,,0.06,0.106,96 193 24 23 47 12 192 11 194 6 48 3 5 1 97 25 49 0 13 7,96 193 24 23 47 12 192 11 194 6 48 3 5 1 97 25 49 0 13 7,simulation,db4,energy,60,50,50,1
W-NN,W-NN:k=1,7,2.0,0.06,0.146,82 107 81 85 106 83 113 114 84 108 109 115 76 78 79 80 105 111 103 112,82 83 108 81 107 84 111 80 85 79 78 112 114 106 109 110 113 115 105 76,simulation,db4,usage,60,50,50,1
W-QDA,W-QDA:qda,2,3.0,0.06,0.094,85 107 82 113 105 80 106 83 84 114 112 115 76 81 103 108 109 117 118 73,82 83 108 81 107 84 111 80 85 79 78 112 114 106 109 110 113 115 105 76,simulation,db4,usage,60,50,50,1
W-CART,W-CART:cart,9,0.5,0.08,0.128,81 82 84 108 107 112 83 85 110 80 111 106 78 217 164 79 105 109 113 115,82 83 108 81 107 84 111 80 85 79 78 112 114 106 109 110 113 115 105 76,simulation,db4,usage,60,50,50,1
ALL,W-QDA:qda,2,3.0,0.06,0.094,85 107 82 113 105 80 106 83 84 114 112 115 76 81 103 108 109 117 118 73,82 83 108 81 107 84 111 80 85 79 78 112 114 106 109 110 113 115 105 76,simulation,db4,usage,60,50,50,1
W-NN,W-NN:k=1,39,,0.06,0.104,252 31 253 62 63 125 15 126 506 254 505 32 4 8 2 0 507 30 1 7,252 31 253 62 63 125 15 126 506 254 505 32 4 8 2 0 507 30 1 7,simulation,db4,energy,61,50,50,1
W-QDA,W-QDA:qda,16,,0.38,0.494,252 31 253 62 63 125 15 126 506 254 505 32 4 8 2 0 507 30 1 7,252 31 253 62 63 125 15 126 506 254 505 32 4 8 2 0 507 30 1 7,simulation,db4,energy,61,50,50,1
W-CART,W-CART:cart,41,,0.1,0.118,252 31 253 62 63 125 15 126 506 254 505 32 4 8 2 0 507 30 1 7,252 31 253 62 63 125 15 126 506 254 505 32 4 8 2 0 507 30 1 7,simulation,db4,energy,61,50,50,1
ALL,W-NN:k=1,39,,0.06,0.104,252 31 253 62 63 125 15 126 506 254 505 32 4 8 2 0 507 30 1 7,252 31 253 62 63 125 15 126 506 254 505 32 4 8 2 0 507 30 1 7,simulation,db4,energy,61,50,50,1
W-NN,W-NN:k=3,2,1.5,0.06,0.186,83 114 113 77 109 116 117 75 78 82 107 112 73 74 76 79 110 111 115 84,112 83 116 113 78 79 82 114 77 109 117 74 81 107 108 115 75 76 111 73,simulation,db4,usage,61,50,50,1
W-QDA,W-QDA:qda,2,1.5,0.02,0.126,83 114 113 77 109 116 117 75 78 82 107 112 73 74 76 79 110 111 115 84,112 83 116 113 78 79 82 114 77 109 117 74 81 107 108 115 75 76 111 73,simulation,db4,usage,61,50,50,1
W-CART,W-CART:cart,6,1.5,0.06,0.182,83 114 113 77 109 116 117 75 78 82 107 112 73 74 76 79 110 111 115 84,112 83 116 113 78 79 82 114 77 109 117 74 81 107 108 115 75 76 111 73,simulation,db4,usage,61,50,50,1
ALL,W-QDA:qda,2,1.5,0.02,0.126,83 114 113 77 109 116 117 75 78 82 107 112 73 74 76 79 110 111 115 84,112 83 116 113 78 79 82 114 77 109 117 74 81 107 108 115 75 76 111 73,simulation,db4,usage,61,50,50,1
W-NN,W-NN:k=1,7,,0.08,0.11,207 103 104 52 26 208 13 6 51 1 105 53 209 0 27 102 14 3 12 2,207 103 104 52 26 208 13 6 51 1 105 53 209 0 27 102 14 3 12 2,simulation,db4,energy,62,50,50,1
W-QDA,W-QDA:qda,4,,0.06,0.07,207 103 104 52 26 208 13 6 51 1 105 53 209 0 27 102 14 3 12 2,207 103 104 52 26 208 13 6 51 1 105 53 209 0 27 102 14 3 12 2,simulation,db4,energy,62,50,50,1
W-CART,W-CART:cart,26,,0.1,0.15,207 103 104 52 26 208 13 6 51 1 105 53 209 0 27 102 14 3 12 2,207 103 104 52 26 208 13 6 51 1 105 53 209 0 27 102 14 3 12 2,simulation,db4,energy,62,50,50,1
ALL,W-QDA:qda,4,,0.06,0.07,207 103 104 52 26 208 13 6 51 1 105 53 209 0 27 102 14 3 12 2,207 103 104 52 26 208 13 6 51 1 105 53 209 0 27 102 14 3 12 2,simulation,db4,energy,62,50,50,1
W-NN,W-NN:k=5,2,1.0,0.06,0.182,108 107 83 109 78 79 80 112 81 84 82 106 110 105 85 114 77 76 111 115,108 107 83 109 78 79 80 112 81 84 82 106 110 105 85 114 77 76 111 115,simulation,db4,usage,62,50,50,1
W-QDA,W-QDA:qda,3,3.0,0.02,0.09,108 84 85 80 81 107 109 112 78 105 106 111 77 79 82 83 103 110 116 53,108 107 83 109 78 79 80 112 81 84 82 106 110 105 85 114 77 76 111 115,simulation,db4,usage,62,50,50,1
W-CART,W-CART:cart,8,2.0,0.06,0.142,109 80 83 107 112 81 105 108 78 84 79 82 85 110 77 106 104 111 114 103,108 107 83 109 78 79 80 112 81 84 82 106 110 105 85 114 77 76 111 115,simulation,db4,usage,62,50,50,1
ALL,W-QDA:qda,3,3.0,0.02,0.09,108 84 85 80 81 107 109 112 78 105 106 111 77 79 82 83 103 110 116 53,108 107 83 109 78 79 80 112 81 84 82 106 110 105 85 114 77 76 111 115,simulation,db4,usage,62,50,50,1
W-NN,W-NN:k=1,40,,0.04,0.114,82 41 20 164 81 40 163 83 2 165 5 4 9 42 10 0 1 11 6 330,82 41 20 164 81 40 163 83 2 165 5 4 9 42 10 0 1 11 6 330,simulation,db4,energy,63,50,50,1
W-QDA,W-QDA:qda,18,,0.22,0.262,82 41 20 164 81 40 163 83 2 165 5 4 9 42 10 0 1 11 6 330,82 41 20 164 81 40 163 83 2 165 5 4 9 42 10 0 1 11 6 330,simulation,db4,energy,63,50,50,1
W-CART,W-CART:cart,52,,0.06,0.146,82 41 20 164 81 40 163 83 2 165 5 4 9 42 10 0 1 11 6 330,82 41 20 164 81 40 163 83 2 165 5 4 9 42 10 0 1 11 6 330,simulation,db4,energy,63,50,50,1
ALL,W-NN:k=1,40,,0.04,0.114,82 41 20 164 81 40 163 83 2 165 5 4 9 42 10 0 1 11 6 330,82 41 20 164 81 40 163 83 2 165 5 4 9 42 10 0 1 11 6 330,simulation,db4,energy,63,50,50,1
W-NN,W-NN:k=7,4,3.0,0.02,0.076,106 115 116 73 117 72 74 77 111 78 113 75 87 112 119 83 85 104 105 108,113 114 110 112 115 72 81 82 109 111 77 78 80 116 117 74 75 73 76 79,simulation,db4,usage,63,50,50,1
W-QDA,W-QDA:qda,2,3.0,0.02,0.108,106 115 116 73 117 72 74 77 111 78 113 75 87 112 119 83 85 104 105 108,113 114 110 112 115 72 81 82 109 111 77 78 80 116 117 74 75 73 76 79,simulation,db4,usage,63,50,50,1
W-CART,W-CART:cart,5,3.0,0.02,0.168,106 115 116 73 117 72 74 77 111 78 113 75 87 112 119 83 85 104 105 108,113 114 110 112 115 72 81 82 109 111 77 78 80 116 117 74 75 73 76 79,simulation,db4,usage,63,50,50,1
ALL,W-QDA:qda,2,3.0,0.02,0.108,106 115 116 73 117 72 74 77 111 78 113 75 87 112 119 83 85 104 105 108,113 114 110 112 115 72 81 82 109 111 77 78 80 116 117 74 75 73 76 79,simulation,db4,usage,63,50,50,1
W-NN,W-NN:k=1,17,,0.1,0.112,86 173 21 87 347 2 42 10 11 346 172 22 88 43 174 0 85 348 5 20,86 173 21 87 347 2 42 10 11 346 172 22 88 43 174 0 85 348 5 20,simulation,db4,energy,64,50,50,1
W-QDA,W-QDA:qda,7,,0.06,0.088,86 173 21 87 347 2 42 10 11 346 172 22 88 43 174 0 85 348 5 20,86 173 21 87 347 2 42 10 11 346 172 22 88 43 174 0 85 348 5 20,simulation,db4,energy,64,50,50,1
W-CART,W-CART:cart,51,,0.14,0.178,86 173 21 87 347 2 42 10 11 346 172 22 88 43 174 0 85 348 5 20,86 173 21 87 347 2 42 10 11 346 172 22 88 43 174 0 85 348 5 20,simulation,db4,energy,64,50,50,1
ALL,W-QDA:qda,7,,0.06,0.088,86 173 21 87 347 2 42 10 11 346 172 22 88 43 174 0 85 348 5 20,86 173 21 87 347 2 42 10 11 346 172 22 88 43 174 0 85 348 5 20,simulation,db4,energy,64,50,50,1
W-NN,W-NN:k=3,54,0.5,0.06,0.178,79 80 110 78 109 112 77 82 84 114 115 83 111 113 222 223 76 81 107 108,80 82 109 83 111 114 78 84 112 115 76 108 110 113 75 79 81 107 116 77,simulation,db4,usage,64,50,50,1
W-QDA,W-QDA:qda,6,3.0,0.02,0.07,76 82 113 107 114 104 111 81 87 108 112 115 116 74 103 106 109 110 73 75,80 82 109 83 111 114 78 84 112 115 76 108 110 113 75 79 81 107 116 77,simulation,db4,usage,64,50,50,1
W-CART,W-CART:cart,18,2.0,0.02,0.112,114 76 113 115 81 109 111 116 82 107 108 80 83 104 106 75 84 87 105 112,80 82 109 83 111 114 78 84 112 115 76 108 110 113 75 79 81 107 116 77,simulation,db4,usage,64,50,50,1
ALL,W-QDA:qda,6,3.0,0.02,0.07,76 82 113 107 114 104 111 81 87 108 112 115 116 74 103 106 109 110 73 75,80 82 109 83 111 114 78 84 112 115 76 108 110 113 75 79 81 107 116 77,simulation,db4,usage,64,50,50,1
W-NN,W-NN:k=1,45,,0.06,0.186,56 226 112 227 13 14 3 7 27 6 57 55 114 228 0 15 1 29 58 4,56 226 112 227 13 14 3 7 27 6 57 55 114 228 0 15 1 29 58 4,simulation,db4,energy,65,50,50,1
W-QDA,W-QDA:qda,17,,0.28,0.36,56 226 112 227 13 14 3 7 27 6 57 55 114 228 0 15 1 29 58 4,56 226 112 227 13 14 3 7 27 6 57 55 114 228 0 15 1 29 58 4,simulation,db4,energy,65,50,50,1
W-CART,W-CART:cart,38,,0.14,0.274,56 226 112 227 13 14 3 7 27 6 57 55 114 228 0 15 1 29 58 4,56 226 112 227 13 14 3 7 27 6 57 55 114 228 0 15 1 29 58 4,simulation,db4,energy,65,50,50,1
ALL,W-NN:k=1,45,,0.06,0.186,56 226 112 227 13 14 3 7 27 6 57 55 114 228 0 15 1 29 58 4,56 226 112 227 13 14 3 7 27 6 57 55 114 228 0 15 1 29 58 4,simulation,db4,energy,65,50,50,1
W-NN,W-NN:k=1,5,0.5,0.12,0.22,83 84 111 82 112 80 81 107 110 106 108 113 79 85 109 77 105 216 114 115,82 83 81 107 108 84 109 111 112 80 106 110 113 77 79 105 114 76 85 166,simulation,db4,usage,65,50,50,1
W-QDA,W-QDA:qda,2,0.5,0.14,0.168,83 84 111 82 112 80 81 107 110 106 108 113 79 85 109 77 105 216 114 115,82 83 81 107 108 84 109 111 112 80 106 110 113 77 79 105 114 76 85 166,simulation,db4,usage,65,50,50,1
W-CART,W-CART:cart,53,2.0,0.1,0.096,81 82 107 83 109 108 110 111 80 105 113 79 106 112 84 85 86 53 78 115,82 83 81 107 108 84 109 111 112 80 106 110 113 77 79 105 114 76 85 166,simulation,db4,usage,65,50,50,1
ALL,W-CART:cart,53,2.0,0.1,0.096,81 82 107 83 109 108 110 111 80 105 113 79 106 112 84 85 86 53 78 115,82 83 81 107 108 84 109 111 112 80 106 110 113 77 79 105 114 76 85 166,simulation,db4,usage,65,50,50,1
W-NN,W-NN:k=3,4,,0.08,0.228,169 84 10 41 21 168 42 20 338 337 2 170 83 43 339 22 0 4 5 9,169 84 10 41 21 168 42 20 338 337 2 170 83 43 339 22 0 4 5 9,simulation,db4,energy,66,50,50,1
W-QDA,W-QDA:qda,7,,0.06,0.094,169 84 10 41 21 168 42 20 338 337 2 170 83 43 339 22 0 4 5 9,169 84 10 41 21 168 42 20 338 337 2 170 83 43 339 22 0 4 5 9,simulation,db4,energy,66,50,50,1
W-CART,W-CART:cart,2,,0.12,0.198,169 84 10 41 21 168 42 20 338 337 2 170 83 43 339 22 0 4 5 9,169 84 10 41 21 168 42 20 338 337 2 170 83 43 339 22 0 4 5 9,simulation,db4,energy,66,50,50,1
ALL,W-QDA:qda,7,,0.06,0.094,169 84 10 41 21 168 42 20 338 337 2 170 83 43 339 22 0 4 5 9,169 84 10 41 21 168 42 20 338 337 2 170 83 43 339 22 0 4 5 9,simulation,db4,energy,66,50,50,1
W-NN,W-NN:k=1,26,1.5,0.0,0.112,76 116 75 83 77 78 84 115 74 80 108 114 117 73 105 79 85 86 106 107,75 83 116 76 74 78 80 84 107 108 114 117 77 111 115 81 85 154 73 106,simulation,db4,usage,66,50,50,1
W-QDA,W-QDA:qda,13,0.5,0.0,0.058,77 76 80 115 75 79 83 81 84 108 112 116 82 109 113 117 155 74 78 107,75 83 116 76 74 78 80 84 107 108 114 117 77 111 115 81 85 154 73 106,simulation,db4,usage,66,50,50,1
W-CART,W-CART:cart,5,1.0,0.04,0.13,75 83 116 76 74 78 80 84 107 108 114 117 77 111 115 81 85 154 73 106,75 83 116 76 74 78 80 84 107 108 114 117 77 111 115 81 85 154 73 106,simulation,db4,usage,66,50,50,1
ALL,W-QDA:qda,13,0.5,0.0,0.058,77 76 80 115 75 79 83 81 84 108 112 116 82 109 113 117 155 74 78 107,75 83 116 76 74 78 80 84 107 108 114 117 77 111 115 81 85 154 73 106,simulation,db4,usage,66,50,50,1
W-NN,W-NN:k=1,40,,0.08,0.08,109 218 54 13 217 436 26 435 27 219 110 6 437 1 0 7 28 108 12 14,109 218 54 13 217 436 26 435 27 219 110 6 437 1 0 7 28 108 12 14,simulation,db4,energy,67,50,50,1
W-QDA,W-QDA:qda,9,,0.18,0.184,109 218 54 13 217 436 26 435 27 219 110 6 437 1 0 7 28 108 12 14,109 218 54 13 217 436 26 435 27 219 110 6 437 1 0 7 28 108 12 14,simulation,db4,energy,67,50,50,1
W-CART,W-CART:cart,60,,0.08,0.194,109 218 54 13 217 436 26 435 27 219 110 6 437 1 0 7 28 108 12 14,109 218 54 13 217 436 26 435 27 219 110 6 437 1 0 7 28 108 12 14,simulation,db4,energy,67,50,50,1
ALL,W-NN:k=1,40,,0.08,0.08,109 218 54 13 217 436 26 435 27 219 110 6 437 1 0 7 28 108 12 14,109 218 54 13 217 436 26 435 27 219 110 6 437 1 0 7 28 108 12 14,simulation,db4,energy,67,50,50,1
W-NN,W-NN:k=3,1,3.0,0.04,0.128,105 86 108 84 107 110 87 104 109 77 82 83 85 106 73 81 89 76 88 102,108 84 110 109 82 86 107 85 106 105 83 104 80 87 81 77 79 88 103 111,simulation,db4,usage,67,50,50,1
W-QDA,W-QDA:qda,1,3.0,0.02,0.098,105 86 108 84 107 110 87 104 109 77 82 83 85 106 73 81 89 76 88 102,108 84 110 109 82 86 107 85 106 105 83 104 80 87 81 77 79 88 103 111,simulation,db4,usage,67,50,50,1
W-CART,W-CART:cart,19,0.5,0.02,0.086,82 107 110 108 84 109 80 83 106 111 79 85 81 86 113 168 87 104 112 167,108 84 110 109 82 86 107 85 106 105 83 104 80 87 81 77 79 88 103 111,simulation,db4,usage,67,50,50,1
ALL,W-QDA:qda,1,3.0,0.02,0.098,105 86 108 84 107 110 87 104 109 77 82 83 85 106 73 81 89 76 88 102,108 84 110 109 82 86 107 85 106 105 83 104 80 87 81 77 79 88 103 111,simulation,db4,usage,67,50,50,1
W-NN,W-NN:k=7,26,,0.06,0.178,82 164 41 20 163 328 327 2 165 83 9 5 4 42 10 329 0 40 81 1,82 164 41 20 163 328 327 2 165 83 9 5 4 42 10 329 0 40 81 1,simulation,db4,energy,68,50,50,1
W-QDA,W-QDA:qda,5,,0.24,0.208,82 164 41 20 163 328 327 2 165 83 9 5 4 42 10 329 0 40 81 1,82 164 41 20 163 328 327 2 165 83 9 5 4 42 10 329 0 40 81 1,simulation,db4,energy,68,50,50,1
W-CART,W-CART:cart,49,,0.06,0.154,82 164 41 20 163 328 327 2 165 83 9 5 4 42 10 329 0 40 81 1,82 164 41 20 163 328 327 2 165 83 9 5 4 42 10 329 0 40 81 1,simulation,db4,energy,68,50,50,1
ALL,W-NN:k=7,26,,0.06,0.178,82 164 41 20 163 328 327 2 165 83 9 5 4 42 10 329 0 40 81 1,82 164 41 20 163 328 327 2 165 83 9 5 4 42 10 329 0 40 81 1,simulation,db4,energy,68,50,50,1
W-NN,W-NN:k=1,7,3.0,0.0,0.106,84 110 109 82 83 106 105 107 111 81 103 112 104 80 85 86 88 113 77 102,106 82 84 109 81 83 105 107 108 111 110 80 87 112 113 85 79 88 104 77,simulation,db4,usage,68,50,50,1
W-QDA,W-QDA:qda,2,1.0,0.04,0.084,106 82 84 109 81 83 105 107 108 111 110 80 87 112 113 85 79 88 104 77,106 82 84 109 81 83 105 107 108 111 110 80 87 112 113 85 79 88 104 77,simulation,db4,usage,68,50,50,1
W-CART,W-CART:cart,43,1.5,0.02,0.104,81 84 109 83 107 108 82 105 111 85 110 112 113 80 87 106 114 103 77 86,106 82 84 109 81 83 105 107 108 111 110 80 87 112 113 85 79 88 104 77,simulation,db4,usage,68,50,50,1
ALL,W-NN:k=1,7,3.0,0.0,0.106,84 110 109 82 83 106 105 107 111 81 103 112 104 80 85 86 88 113 77 102,106 82 84 109 81 83 105 107 108 111 110 80 87 112 113 85 79 88 104 77,simulation,db4,usage,68,50,50,1
W-NN,W-NN:k=1,39,,0.22,0.248,82 165 20 40 41 166 330 2 4 5 329 9 42 0 331 19 21 1 6 83,82 165 20 40 41 166 330 2 4 5 329 9 42 0 331 19 21 1 6 83,simulation,db4,energy,69,50,50,1
W-QDA,W-QDA:qda,5,,0.26,0.236,82 165 20 40 41 166 330 2 4 5 329 9 42 0 331 19 21 1 6 83,82 165 20 40 41 166 330 2 4 5 329 9 42 0 331 19 21 1 6 83,simulation,db4,energy,69,50,50,1
W-CART,W-CART:cart,44,,0.1,0.116,82 165 20 40 41 166 330 2 4 5 329 9 42 0 331 19 21 1 6 83,82 165 20 40 41 166 330 2 4 5 329 9 42 0 331 19 21 1 6 83,simulation,db4,energy,69,50,50,1
ALL,W-CART:cart,44,,0.1,0.116,82 165 20 40 41 166 330 2 4 5 329 9 42 0 331 19 21 1 6 83,82 165 20 40 41 166 330 2 4 5 329 9 42 0 331 19 21 1 6 83,simulation,db4,energy,69,50,50,1
W-NN,W-NN:k=1,15,1.0,0.06,0.132,78 108 109 112 76 77 81 107 75 79 83 111 115 116 80 113 114 85 159 82,78 108 109 112 76 77 81 107 75 79 83 111 115 116 80 113 114 85 159 82,simulation,db4,usage,69,50,50,1
W-QDA,W-QDA:qda,23,2.0,0.06,0.124,112 77 78 108 76 107 113 75 81 83 111 114 80 109 115 82 79 85 110 116,78 108 109 112 76 77 81 107 75 79 83 111 115 116 80 113 114 85 159 82,simulation,db4,usage,69,50,50,1
W-CART,W-CART:cart,19,3.0,0.06,0.074,77 108 112 113 114 81 82 107 111 75 83 76 78 79 80 84 110 115 118 109,78 108 109 112 76 77 81 107 75 79 83 111 115 116 80 113 114 85 159 82,simulation,db4,usage,69,50,50,1
ALL,W-NN:k=1,15,1.0,0.06,0.132,78 108 109 112 76 77 81 107 75 79 83 111 115 116 80 113 114 85 159 82,78 108 109 112 76 77 81 107 75 79 83 111 115 116 80 113 114 85 159 82,simulation,db4,usage,69,50,50,1
W-NN,W-NN:k=1,25,,0.08,0.114,70 140 35 17 8 141 280 71 34 69 36 1 279 9 2 0 281 7 3 72,70 140 35 17 8 141 280 71 34 69 36 1 279 9 2 0 281 7 3 72,simulation,db4,energy,70,50,50,1
W-QDA,W-QDA:qda,23,,0.08,0.082,70 140 35 17 8 141 280 71 34 69 36 1 279 9 2 0 281 7 3 72,70 140 35 17 8 141 280 71 34 69 36 1 279 9 2 0 281 7 3 72,simulation,db4,energy,70,50,50,1
W-CART,W-CART:cart,25,,0.12,0.13,70 140 35 17 8 141 280 71 34 69 36 1 279 9 2 0 281 7 3 72,70 140 35 17 8 141 280 71 34 69 36 1 279 9 2 0 281 7 3 72,simulation,db4,energy,70,50,50,1
ALL,W-QDA:qda,23,,0.08,0.082,70 140 35 17 8 141 280 71 34 69 36 1 279 9 2 0 281 7 3 72,70 140 35 17 8 141 280 71 34 69 36 1 279 9 2 0 281 7 3 72,simulation,db4,energy,70,50,50,1
W-NN,W-NN:k=9,17,2.0,0.06,0.242,108 106 76 82 83 107 75 105 111 80 104 109 78 112 117 118 77 81 84 85,82 110 80 106 107 108 109 111 77 81 78 84 85 105 112 75 76 83 113 115,simulation,db4,usage,70,50,50,1
W-QDA,W-QDA:qda,13,3.0,0.0,0.028,108 106 75 104 109 105 111 117 76 81 82 83 78 85 107 112 114 116 73 84,82 110 80 106 107 108 109 111 77 81 78 84 85 105 112 75 76 83 113 115,simulation,db4,usage,70,50,50,1
W-CART,W-CART:cart,13,1.0,0.08,0.09,82 110 80 106 107 108 109 111 77 81 78 84 85 105 112 75 76 83 113 115,82 110 80 106 107 108 109 111 77 81 78 84 85 105 112 75 76 83 113 115,simulation,db4,usage,70,50,50,1
ALL,W-QDA:qda,13,3.0,0.0,0.028,108 106 75 104 109 105 111 117 76 81 82 83 78 85 107 112 114 116 73 84,82 110 80 106 107 108 109 111 77 81 78 84 85 105 112 75 76 83 113 115,simulation,db4,usage,70,50,50,1
W-NN,W-NN:k=3,41,,0.08,0.158,98 197 24 48 49 198 394 5 6 3 1 393 11 50 0 395 23 25 2 7,98 197 24 48 49 198 394 5 6 3 1 393 11 50 0 395 23 25 2 7,simulation,db4,energy,71,50,50,1
W-QDA,W-QDA:qda,14,,0.36,0.388,98 197 24 48 49 198 394 5 6 3 1 393 11 50 0 395 23 25 2 7,98 197 24 48 49 198 394 5 6 3 1 393 11 50 0 395 23 25 2 7,simulation,db4,energy,71,50,50,1
W-CART,W-CART:cart,60,,0.08,0.108,98 197 24 48 49 198 394 5 6 3 1 393 11 50 0 395 23 25 2 7,98 197 24 48 49 198 394 5 6 3 1 393 11 50 0 395 23 25 2 7,simulation,db4,energy,71,50,50,1
ALL,W-NN:k=3,41,,0.08,0.158,98 197 24 48 49 198 394 5 6 3 1 393 11 50 0 395 23 25 2 7,98 197 24 48 49 198 394 5 6 3 1 393 11 50 0 395 23 25 2 7,simulation,db4,energy,71,50,50,1
W-NN,W-NN:k=3,19,3.0,0.06,0.144,79 111 74 76 112 77 83 109 113 75 80 81 108 114 115 116 107 84 85 117,77 112 76 113 74 79 81 111 108 110 115 116 78 80 83 107 114 75 82 84,simulation,db4,usage,71,50,50,1
W-QDA,W-QDA:qda,5,1.0,0.02,0.114,77 112 76 113 74 79 81 111 108 110 115 116 78 80 83 107 114 75 82 84,77 112 76 113 74 79 81 111 108 110 115 116 78 80 83 107 114 75 82 84,simulation,db4,usage,71,50,50,1
W-CART,W-CART:cart,26,1.5,0.04,0.092,77 74 79 76 108 111 112 78 110 113 116 80 81 83 114 115 75 107 82 117,77 112 76 113 74 79 81 111 108 110 115 116 78 80 83 107 114 75 82 84,simulation,db4,usage,71,50,50,1
ALL,W-QDA:qda,5,1.0,0.02,0.114,77 112 76 113 74 79 81 111 108 110 115 116 78 80 83 107 114 75 82 84,77 112 76 113 74 79 81 111 108 110 115 116 78 80 83 107 114 75 82 84,simulation,db4,usage,71,50,50,1
W-NN,W-NN:k=3,8,,0.06,0.146,152 153 37 38 9 19 18 75 76 4 306 305 154 39 1 20 0 307 5 77,152 153 37 38 9 19 18 75 76 4 306 305 154 39 1 20 0 307 5 77,simulation,db4,energy,72,50,50,1
W-QDA,W-QDA:qda,8,,0.04,0.166,152 153 37 38 9 19 18 75 76 4 306 305 154 39 1 20 0 307 5 77,152 153 37 38 9 19 18 75 76 4 306 305 154 39 1 20 0 307 5 77,simulation,db4,energy,72,50,50,1
W-CART,W-CART:cart,27,,0.06,0.252,152 153 37 38 9 19 18 75 76 4 306 305 154 39 1 20 0 307 5 77,152 153 37 38 9 19 18 75 76 4 306 305 154 39 1 20 0 307 5 77,simulation,db4,energy,72,50,50,1
ALL,W-QDA:qda,8,,0.04,0.166,152 153 37 38 9 19 18 75 76 4 306 305 154 39 1 20 0 307 5 77,152 153 37 38 9 19 18 75 76 4 306 305 154 39 1 20 0 307 5 77,simulation,db4,energy,72,50,50,1
W-NN,W-NN:k=5,2,1.5,0.06,0.102,85 106 81 82 83 104 84 108 73 105 107 110 77 78 87 109 111 76 112 79,106 108 82 110 83 85 81 84 104 107 109 73 76 78 168 169 77 105 112 166,simulation,db4,usage,72,50,50,1
W-QDA,W-QDA:qda,1,1.0,0.1,0.122,106 108 82 110 83 85 81 84 104 107 109 73 76 78 168 169 77 105 112 166,106 108 82 110 83 85 81 84 104 107 109 73 76 78 168 169 77 105 112 166,simulation,db4,usage,72,50,50,1
W-CART,W-CART:cart,33,3.0,0.06,0.116,85 81 106 84 110 83 104 107 82 105 111 118 119 72 73 75 76 78 86 108,106 108 82 110 83 85 81 84 104 107 109 73 76 78 168 169 77 105 112 166,simulation,db4,usage,72,50,50,1
ALL,W-NN:k=5,2,1.5,0.06,0.102,85 106 81 82 83 104 84 108 73 105 107 110 77 78 87 109 111 76 112 79,106 108 82 110 83 85 81 84 104 107 109 73 76 78 168 169 77 105 112 166,simulation,db4,usage,72,50,50,1
W-NN,W-NN:k=1,9,,0.14,0.158,139 70 140 35 17 8 69 280 71 141 279 1 36 2 9 0 281 7 3 278,139 70 140 35 17 8 69 280 71 141 279 1 36 2 9 0 281 7 3 278,simulation,db4,energy,73,50,50,1
W-QDA,W-QDA:qda,10,,0.12,0.15,139 70 140 35 17 8 69 280 71 141 279 1 36 2 9 0 281 7 3 278,139 70 140 35 17 8 69 280 71 141 279 1 36 2 9 0 281 7 3 278,simulation,db4,energy,73,50,50,1
W-CART,W-CART:cart,51,,0.12,0.09,139 70 140 35 17 8 69 280 71 141 279 1 36 2 9 0 281 7 3 278,139 70 140 35 17 8 69 280 71 141 279 1 36 2 9 0 281 7 3 278,simulation,db4,energy,73,50,50,1
ALL,W-QDA:qda,10,,0.12,0.15,139 70 140 35 17 8 69 280 71 141 279 1 36 2 9 0 281 7 3 278,139 70 140 35 17 8 69 280 71 141 279 1 36 2 9 0 281 7 3 278,simulation,db4,energy,73,50,50,1
W-NN,W-NN:k=1,4,1.5,0.02,0.142,82 81 79 107 113 114 115 106 83 84 105 111 117 75 76 108 110 74 77 86,113 79 81 82 114 76 77 78 83 107 84 115 75 106 111 112 117 105 108 110,simulation,db4,usage,73,50,50,1
W-QDA,W-QDA:qda,8,2.0,0.04,0.1,81 82 114 83 84 105 111 115 106 107 108 110 109 76 78 79 117 74 75 80,113 79 81 82 114 76 77 78 83 107 84 115 75 106 111 112 117 105 108 110,simulation,db4,usage,73,50,50,1
W-CART,W-CART:cart,16,0.5,0.06,0.108,78 79 113 76 111 80 112 114 77 81 82 84 109 115 117 75 83 107 108 105,113 79 81 82 114 76 77 78 83 107 84 115 75 106 111 112 117 105 108 110,simulation,db4,usage,73,50,50,1
ALL,W-NN:k=1,4,1.5,0.02,0.142,82 81 79 107 113 114 115 106 83 84 105 111 117 75 76 108 110 74 77 86,113 79 81 82 114 76 77 78 83 107 84 115 75 106 111 112 117 105 108 110,simulation,db4,usage,73,50,50,1
W-NN,W-NN:k=1,25,,0.12,0.084,36 71 72 35 18 9 289 17 143 4 144 288 73 8 37 1 290 19 0 10,36 71 72 35 18 9 289 17 143 4 144 288 73 8 37 1 290 19 0 10,simulation,db4,energy,74,50,50,1
W-QDA,W-QDA:qda,9,,0.12,0.14,36 71 72 35 18 9 289 17 143 4 144 288 73 8 37 1 290 19 0 10,36 71 72 35 18 9 289 17 143 4 144 288 73 8 37 1 290 19 0 10,simulation,db4,energy,74,50,50,1
W-CART,W-CART:cart,60,,0.16,0.124,36 71 72 35 18 9 289 17 143 4 144 288 73 8 37 1 290 19 0 10,36 71 72 35 18 9 289 17 143 4 144 288 73 8 37 1 290 19 0 10,simulation,db4,energy,74,50,50,1
ALL,W-QDA:qda,9,,0.12,0.14,36 71 72 35 18 9 289 17 143 4 144 288 73 8 37 1 290 19 0 10,36 71 72 35 18 9 289 17 143 4 144 288 73 8 37 1 290 19 0 10,simulation,db4,energy,74,50,50,1
W-NN,W-NN:k=3,11,1.5,0.0,0.164,84 78 82 83 105 80 81 106 112 79 85 108 117 110 113 116 87 88 107 109,84 78 110 112 81 108 79 80 83 105 106 109 114 82 85 113 75 77 107 116,simulation,db4,usage,74,50,50,1
W-QDA,W-QDA:qda,11,3.0,0.02,0.04,105 72 82 88 110 75 77 83 106 108 114 116 84 107 112 76 78 80 85 86,84 78 110 112 81 108 79 80 83 105 106 109 114 82 85 113 75 77 107 116,simulation,db4,usage,74,50,50,1
W-CART,W-CART:cart,42,2.0,0.08,0.12,82 105 108 83 84 112 78 88 106 114 72 80 87 110 111 75 103 113 117 77,84 78 110 112 81 108 79 80 83 105 106 109 114 82 85 113 75 77 107 116,simulation,db4,usage,74,50,50,1
ALL,W-NN:k=3,11,1.5,0.0,0.164,84 78 82 83 105 80 81 106 112 79 85 108 117 110 113 116 87 88 107 109,84 78 110 112 81 108 79 80 83 105 106 109 114 82 85 113 75 77 107 116,simulation,db4,usage,74,50,50,1
W-NN,W-NN:k=1,37,,0.1,0.204,76 152 38 19 151 9 304 303 4 153 77 39 1 305 18 20 0 5 37 75,76 152 38 19 151 9 304 303 4 153 77 39 1 305 18 20 0 5 37 75,simulation,db4,energy,75,50,50,1
W-QDA,W-QDA:qda,5,,0.1,0.146,76 152 38 19 151 9 304 303 4 153 77 39 1 305 18 20 0 5 37 75,76 152 38 19 151 9 304 303 4 153 77 39 1 305 18 20 0 5 37 75,simulation,db4,energy,75,50,50,1
W-CART,W-CART:cart,44,,0.14,0.18,76 152 38 19 151 9 304 303 4 153 77 39 1 305 18 20 0 5 37 75,76 152 38 19 151 9 304 303 4 153 77 39 1 305 18 20 0 5 37 75,simulation,db4,energy,75,50,50,1
ALL,W-QDA:qda,5,,0.1,0.146,76 152 38 19 151 9 304 303 4 153 77 39 1 305 18 20 0 5 37 75,76 152 38 19 151 9 304 303 4 153 77 39 1 305 18 20 0 5 37 75,simulation,db4,energy,75,50,50,1
W-NN,W-NN:k=1,10,3.0,0.12,0.182,112 78 79 80 107 110 113 114 77 116 75 83 109 111 115 74 108 76 84 117,109 112 79 80 82 110 111 114 76 77 78 83 75 108 115 81 113 107 117 84,simulation,db4,usage,75,50,50,1
W-QDA,W-QDA:qda,22,3.0,0.04,0.096,112 78 79 80 107 110 113 114 77 116 75 83 109 111 115 74 108 76 84 117,109 112 79 80 82 110 111 114 76 77 78 83 75 108 115 81 113 107 117 84,simulation,db4,usage,75,50,50,1
W-CART,W-CART:cart,37,3.0,0.06,0.146,112 78 79 80 107 110 113 114 77 116 75 83 109 111 115 74 108 76 84 117,109 112 79 80 82 110 111 114 76 77 78 83 75 108 115 81 113 107 117 84,simulation,db4,usage,75,50,50,1
ALL,W-QDA:qda,22,3.0,0.04,0.096,112 78 79 80 107 110 113 114 77 116 75 83 109 111 115 74 108 76 84 117,109 112 79 80 82 110 111 114 76 77 78 83 75 108 115 81 113 107 117 84,simulation,db4,usage,75,50,50,1
W-NN,W-NN:k=3,38,,0.04,0.234,121 243 61 122 7 60 30 487 14 15 3 486 242 123 62 244 0 120 488 29,121 243 61 122 7 60 30 487 14 15 3 486 242 123 62 244 0 120 488 29,simulation,db4,energy,76,50,50,1
W-QDA,W-QDA:qda,6,,0.18,0.186,121 243 61 122 7 60 30 487 14 15 3 486 242 123 62 244 0 120 488 29,121 243 61 122 7 60 30 487 14 15 3 486 242 123 62 244 0 120 488 29,simulation,db4,energy,76,50,50,1
W-CART,W-CART:cart,59,,0.08,0.114,121 243 61 122 7 60 30 487 14 15 3 486 242 123 62 244 0 120 488 29,121 243 61 122 7 60 30 487 14 15 3 486 242 123 62 244 0 120 488 29,simulation,db4,energy,76,50,50,1
ALL,W-NN:k=3,38,,0.04,0.234,121 243 61 122 7 60 30 487 14 15 3 486 242 123 62 244 0 120 488 29,121 243 61 122 7 60 30 487 14 15 3 486 242 123 62 244 0 120 488 29,simulation,db4,energy,76,50,50,1
W-NN,W-NN:k=1,48,3.0,0.06,0.176,112 78 82 111 113 77 79 80 110 114 83 84 109 76 106 108 85 115 107 118,111 112 78 80 82 110 113 77 79 108 81 83 109 75 114 115 85 106 74 84,simulation,db4,usage,76,50,50,1
W-QDA,W-QDA:qda,21,3.0,0.04,0.076,112 78 82 111 113 77 79 80 110 114 83 84 109 76 106 108 85 115 107 118,111 112 78 80 82 110 113 77 79 108 81 83 109 75 114 115 85 106 74 84,simulation,db4,usage,76,50,50,1
W-CART,W-CART:cart,36,3.0,0.06,0.126,112 78 82 111 113 77 79 80 110 114 83 84 109 76 106 108 85 115 107 118,111 112 78 80 82 110 113 77 79 108 81 83 109 75 114 115 85 106 74 84,simulation,db4,usage,76,50,50,1
ALL,W-QDA:qda,21,3.0,0.04,0.076,112 78 82 111 113 77 79 80 110 114 83 84 109 76 106 108 85 115 107 118,111 112 78 80 82 110 113 77 79 108 81 83 109 75 114 115 85 106 74 84,simulation,db4,usage,76,50,50,1
W-NN,W-NN:k=3,3,,0.08,0.148,143 72 144 36 18 71 9 4 288 73 145 287 1 37 0 19 289 8 10 2,143 72 144 36 18 71 9 4 288 73 145 287 1 37 0 19 289 8 10 2,simulation,db4,energy,77,50,50,1
W-QDA,W-QDA:qda,11,,0.06,0.12,143 72 144 36 18 71 9 4 288 73 145 287 1 37 0 19 289 8 10 2,143 72 144 36 18 71 9 4 288 73 145 287 1 37 0 19 289 8 10 2,simulation,db4,energy,77,50,50,1
W-CART,W-CART:cart,12,,0.1,0.138,143 72 144 36 18 71 9 4 288 73 145 287 1 37 0 19 289 8 10 2,143 72 144 36 18 71 9 4 288 73 145 287 1 37 0 19 289 8 10 2,simulation,db4,energy,77,50,50,1
ALL,W-QDA:qda,11,,0.06,0.12,143 72 144 36 18 71 9 4 288 73 145 287 1 37 0 19 289 8 10 2,143 72 144 36 18 71 9 4 288 73 145 287 1 37 0 19 289 8 10 2,simulation,db4,energy,77,50,50,1
W-NN,W-NN:k=1,18,2.0,0.04,0.11,77 110 76 80 78 81 82 83 107 108 109 115 74 114 73 79 84 111 113 116,77 114 76 109 110 113 112 80 83 78 79 81 107 115 74 82 111 75 108 116,simulation,db4,usage,77,50,50,1
W-QDA,W-QDA:qda,12,3.0,0.08,0.074,76 109 110 77 114 81 83 115 72 73 74 75 79 80 82 84 106 111 113 116,77 114 76 109 110 113 112 80 83 78 79 81 107 115 74 82 111 75 108 116,simulation,db4,usage,77,50,50,1
W-CART,W-CART:cart,13,3.0,0.06,0.118,76 109 110 77 114 81 83 115 72 73 74 75 79 80 82 84 106 111 113 116,77 114 76 109 110 113 112 80 83 78 79 81 107 115 74 82 111 75 108 116,simulation,db4,usage,77,50,50,1
ALL,W-NN:k=1,18,2.0,0.04,0.11,77 110 76 80 78 81 82 83 107 108 109 115 74 114 73 79 84 111 113 116,77 114 76 109 110 113 112 80 83 78 79 81 107 115 74 82 111 75 108 116,simulation,db4,usage,77,50,50,1
W-NN,W-NN:k=3,50,,0.08,0.168,116 232 58 29 14 233 464 3 117 57 115 28 59 463 6 30 0 465 7 1,116 232 58 29 14 233 464 3 117 57 115 28 59 463 6 30 0 465 7 1,simulation,db4,energy,78,50,50,1
W-QDA,W-QDA:qda,16,,0.16,0.258,116 232 58 29 14 233 464 3 117 57 115 28 59 463 6 30 0 465 7 1,116 232 58 29 14 233 464 3 117 57 115 28 59 463 6 30 0 465 7 1,simulation,db4,energy,78,50,50,1
W-CART,W-CART:cart,1,,0.1,0.152,116 232 58 29 14 233 464 3 117 57 115 28 59 463 6 30 0 465 7 1,116 232 58 29 14 233 464 3 117 57 115 28 59 463 6 30 0 465 7 1,simulation,db4,energy,78,50,50,1
ALL,W-NN:k=3,50,,0.08,0.168,116 232 58 29 14 233 464 3 117 57 115 28 59 463 6 30 0 465 7 1,116 232 58 29 14 233 464 3 117 57 115 28 59 463 6 30 0 465 7 1,simulation,db4,energy,78,50,50,1
W-NN,W-NN:k=1,16,3.0,0.06,0.13,106 81 83 107 110 84 85 111 112 116 80 117 76 113 114 104 108 109 115 86,80 81 83 108 109 79 110 112 84 107 111 113 82 106 114 78 104 116 85 105,simulation,db4,usage,78,50,50,1
W-QDA,W-QDA:qda,16,3.0,0.0,0.038,106 81 83 107 110 84 85 111 112 116 80 117 76 113 114 104 108 109 115 86,80 81 83 108 109 79 110 112 84 107 111 113 82 106 114 78 104 116 85 105,simulation,db4,usage,78,50,50,1
W-CART,W-CART:cart,14,3.0,0.06,0.148,106 81 83 107 110 84 85 111 112 116 80 117 76 113 114 104 108 109 115 86,80 81 83 108 109 79 110 112 84 107 111 113 82 106 114 78 104 116 85 105,simulation,db4,usage,78,50,50,1
ALL,W-QDA:qda,16,3.0,0.0,0.038,106 81 83 107 110 84 85 111 112 116 80 117 76 113 114 104 108 109 115 86,80 81 83 108 109 79 110 112 84 107 111 113 82 106 114 78 104 116 85 105,simulation,db4,usage,78,50,50,1
W-NN,W-NN:k=7,1,,0.1,0.206,233 117 234 14 58 116 28 29 3 468 235 467 118 0 469 57 30 6 13 15,233 117 234 14 58 116 28 29 3 468 235 467 118 0 469 57 30 6 13 15,simulation,db4,energy,79,50,50,1
W-QDA,W-QDA:qda,5,,0.04,0.086,233 117 234 14 58 116 28 29 3 468 235 467 118 0 469 57 30 6 13 15,233 117 234 14 58 116 28 29 3 468 235 467 118 0 469 57 30 6 13 15,simulation,db4,energy,79,50,50,1
W-CART,W-CART:cart,15,,0.12,0.166,233 117 234 14 58 116 28 29 3 468 235 467 118 0 469 57 30 6 13 15,233 117 234 14 58 116 28 29 3 468 235 467 118 0 469 57 30 6 13 15,simulation,db4,energy,79,50,50,1
ALL,W-QDA:qda,5,,0.04,0.086,233 117 234 14 58 116 28 29 3 468 235 467 118 0 469 57 30 6 13 15,233 117 234 14 58 116 28 29 3 468 235 467 118 0 469 57 30 6 13 15,simulation,db4,energy,79,50,50,1
W-NN,W-NN:k=1,26,3.0,0.08,0.142,112 116 117 77 79 76 81 83 109 110 115 118 80 82 84 114 78 111 107 73,80 78 77 82 112 79 81 110 111 114 116 83 113 115 76 84 109 117 74 108,simulation,db4,usage,79,50,50,1
W-QDA,W-QDA:qda,8,3.0,0.04,0.062,112 116 117 77 79 76 81 83 109 110 115 118 80 82 84 114 78 111 107 73,80 78 77 82 112 79 81 110 111 114 116 83 113 115 76 84 109 117 74 108,simulation,db4,usage,79,50,50,1
W-CART,W-CART:cart,24,3.0,0.08,0.126,112 116 117 77 79 76 81 83 109 110 115 118 80 82 84 114 78 111 107 73,80 78 77 82 112 79 81 110 111 114 116 83 113 115 76 84 109 117 74 108,simulation,db4,usage,79,50,50,1
ALL,W-QDA:qda,8,3.0,0.04,0.062,112 116 117 77 79 76 81 83 109 110 115 118 80 82 84 114 78 111 107 73,80 78 77 82 112 79 81 110 111 114 116 83 113 115 76 84 109 117 74 108,simulation,db4,usage,79,50,50,1
W-NN,W-NN:k=1,39,,0.08,0.112,195 98 196 49 24 97 11 6 392 99 197 5 391 3 12 1 50 0 393 13,195 98 196 49 24 97 11 6 392 99 197 5 391 3 12 1 50 0 393 13,simulation,db4,energy,80,50,50,1
W-QDA,W-QDA:qda,10,,0.28,0.284,195 98 196 49 24 97 11 6 392 99 197 5 391 3 12 1 50 0 393 13,195 98 196 49 24 97 11 6 392 99 197 5 391 3 12 1 50 0 393 13,simulation,db4,energy,80,50,50,1
W-CART,W-CART:cart,54,,0.06,0.124,195 98 196 49 24 97 11 6 392 99 197 5 391 3 12 1 50 0 393 13,195 98 196 49 24 97 11 6 392 99 197 5 391 3 12 1 50 0 393 13,simulation,db4,energy,80,50,50,1
ALL,W-CART:cart,54,,0.06,0.124,195 98 196 49 24 97 11 6 392 99 197 5 391 3 12 1 50 0 393 13,195 98 196 49 24 97 11 6 392 99 197 5 391 3 12 1 50 0 393 13,simulation,db4,energy,80,50,50,1
W-NN,W-NN:k=1,13,0.5,0.06,0.164,112 77 113 114 78 79 80 83 109 76 111 115 116 81 110 117 73 74 75 82,113 114 76 77 78 115 83 74 75 111 116 72 79 80 107 112 117 73 109 81,simulation,db4,usage,80,50,50,1
W-QDA,W-QDA:qda,15,2.0,0.02,0.074,78 114 115 79 116 74 75 72 77 113 117 76 107 84 108 109 110 111 112 73,113 114 76 77 78 115 83 74 75 111 116 72 79 80 107 112 117 73 109 81,simulation,db4,usage,80,50,50,1
W-CART,W-CART:cart,6,3.0,0.04,0.13,78 115 74 79 116 117 76 114 72 112 113 73 75 77 81 83 84 107 111 80,113 114 76 77 78 115 83 74 75 111 116 72 79 80 107 112 117 73 109 81,simulation,db4,usage,80,50,50,1
ALL,W-QDA:qda,15,2.0,0.02,0.074,78 114 115 79 116 74 75 72 77 113 117 76 107 84 108 109 110 111 112 73,113 114 76 77 78 115 83 74 75 111 116 72 79 80 107 112 117 73 109 81,simulation,db4,usage,80,50,50,1
W-NN,W-NN:k=1,11,,0.12,0.2,34 138 8 68 139 16 35 1 2 33 70 140 0 7 9 3 15 36 18 69,34 138 8 68 139 16 35 1 2 33 70 140 0 7 9 3 15 36 18 69,simulation,db4,energy,81,50,50,1
W-QDA,W-QDA:qda,11,,0.08,0.132,34 138 8 68 139 16 35 1 2 33 70 140 0 7 9 3 15 36 18 69,34 138 8 68 139 16 35 1 2 33 70 140 0 7 9 3 15 36 18 69,simulation,db4,energy,81,50,50,1
W-CART,W-CART:cart,63,,0.06,0.174,34 138 8 68 139 16 35 1 2 33 70 140 0 7 9 3 15 36 18 69,34 138 8 68 139 16 35 1 2 33 70 140 0 7 9 3 15 36 18 69,simulation,db4,energy,81,50,50,1
ALL,W-CART:cart,63,,0.06,0.174,34 138 8 68 139 16 35 1 2 33 70 140 0 7 9 3 15 36 18 69,34 138 8 68 139 16 35 1 2 33 70 140 0 7 9 3 15 36 18 69,simulation,db4,energy,81,50,50,1
W-NN,W-NN:k=1,23,2.0,0.02,0.146,109 113 77 110 112 78 81 82 76 108 114 75 115 79 111 80 83 74 116 117,81 80 76 110 114 77 79 108 109 111 113 82 112 78 116 75 83 115 74 107,simulation,db4,usage,81,50,50,1
W-QDA,W-QDA:qda,17,0.5,0.02,0.11,81 77 82 110 80 109 111 112 78 114 79 108 76 113 116 74 83 107 75 115,81 80 76 110 114 77 79 108 109 111 113 82 112 78 116 75 83 115 74 107,simulation,db4,usage,81,50,50,1
W-CART,W-CART:cart,26,1.5,0.04,0.134,109 113 112 76 78 80 82 108 110 111 114 77 81 79 75 116 74 83 115 107,81 80 76 110 114 77 79 108 109 111 113 82 112 78 116 75 83 115 74 107,simulation,db4,usage,81,50,50,1
ALL,W-QDA:qda,17,0.5,0.02,0.11,81 77 82 110 80 109 111 112 78 114 79 108 76 113 116 74 83 107 75 115,81 80 76 110 114 77 79 108 109 111 113 82 112 78 116 75 83 115 74 107,simulation,db4,usage,81,50,50,1
W-NN,W-NN:k=1,42,,0.04,0.17,78 19 315 79 156 157 38 314 9 10 5 316 20 77 2 1 0 80 18 40,78 19 315 79 156 157 38 314 9 10 5 316 20 77 2 1 0 80 18 40,simulation,db4,energy,82,50,50,1
W-QDA,W-QDA:qda,17,,0.34,0.384,78 19 315 79 156 157 38 314 9 10 5 316 20 77 2 1 0 80 18 40,78 19 315 79 156 157 38 314 9 10 5 316 20 77 2 1 0 80 18 40,simulation,db4,energy,82,50,50,1
W-CART,W-CART:cart,45,,0.08,0.126,78 19 315 79 156 157 38 314 9 10 5 316 20 77 2 1 0 80 18 40,78 19 315 79 156 157 38 314 9 10 5 316 20 77 2 1 0 80 18 40,simulation,db4,energy,82,50,50,1
ALL,W-NN:k=1,42,,0.04,0.17,78 19 315 79 156 157 38 314 9 10 5 316 20 77 2 1 0 80 18 40,78 19 315 79 156 157 38 314 9 10 5 316 20 77 2 1 0 80 18 40,simulation,db4,energy,82,50,50,1
W-NN,W-NN:k=1,10,3.0,0.04,0.138,111 110 73 109 112 113 83 85 117 78 79 108 114 115 116 77 81 84 87 104,112 80 82 109 110 111 79 81 78 106 108 113 117 83 116 77 84 107 114 75,simulation,db4,usage,82,50,50,1
W-QDA,W-QDA:qda,7,2.0,0.0,0.088,81 110 111 80 112 73 85 109 113 116 78 108 115 79 82 83 107 117 74 77,112 80 82 109 110 111 79 81 78 106 108 113 117 83 116 77 84 107 114 75,simulation,db4,usage,82,50,50,1
W-CART,W-CART:cart,35,2.0,0.02,0.132,81 110 111 80 112 73 85 109 113 116 78 108 115 79 82 83 107 117 74 77,112 80 82 109 110 111 79 81 78 106 108 113 117 83 116 77 84 107 114 75,simulation,db4,usage,82,50,50,1
ALL,W-QDA:qda,7,2.0,0.0,0.088,81 110 111 80 112 73 85 109 113 116 78 108 115 79 82 83 107 117 74 77,112 80 82 109 110 111 79 81 78 106 108 113 117 83 116 77 84 107 114 75,simulation,db4,usage,82,50,50,1
W-NN,W-NN:k=1,4,,0.16,0.16,149 75 18 150 37 74 4 300 151 76 299 19 1 8 0 301 36 17 73 5,149 75 18 150 37 74 4 300 151 76 299 19 1 8 0 301 36 17 73 5,simulation,db4,energy,83,50,50,1
W-QDA,W-QDA:qda,5,,0.12,0.066,149 75 18 150 37 74 4 300 151 76 299 19 1 8 0 301 36 17 73 5,149 75 18 150 37 74 4 300 151 76 299 19 1 8 0 301 36 17 73 5,simulation,db4,energy,83,50,50,1
W-CART,W-CART:cart,58,,0.08,0.104,149 75 18 150 37 74 4 300 151 76 299 19 1 8 0 301 36 17 73 5,149 75 18 150 37 74 4 300 151 76 299 19 1 8 0 301 36 17 73 5,simulation,db4,energy,83,50,50,1
ALL,W-CART:cart,58,,0.08,0.104,149 75 18 150 37 74 4 300 151 76 299 19 1 8 0 301 36 17 73 5,149 75 18 150 37 74 4 300 151 76 299 19 1 8 0 301 36 17 73 5,simulation,db4,energy,83,50,50,1
W-NN,W-NN:k=1,47,3.0,0.08,0.172,74 76 73 75 72 77 118 114 115 112 117 111 116 78 113 119 79 109 71 84,74 115 75 78 81 114 116 76 77 110 112 117 73 79 82 113 118 71 72 80,simulation,db4,usage,83,50,50,1
W-QDA,W-QDA:qda,2,1.0,0.14,0.128,74 115 75 78 81 114 116 76 77 110 112 117 73 79 82 113 118 71 72 80,74 115 75 78 81 114 116 76 77 110 112 117 73 79 82 113 118 71 72 80,simulation,db4,usage,83,50,50,1
W-CART,W-CART:cart,44,1.0,0.08,0.104,74 115 75 78 81 114 116 76 77 110 112 117 73 79 82 113 118 71 72 80,74 115 75 78 81 114 116 76 77 110 112 117 73 79 82 113 118 71 72 80,simulation,db4,usage,83,50,50,1
ALL,W-CART:cart,44,1.0,0.08,0.104,74 115 75 78 81 114 116 76 77 110 112 117 73 79 82 113 118 71 72 80,74 115 75 78 81 114 116 76 77 110 112 117 73 79 82 113 118 71 72 80,simulation,db4,usage,83,50,50,1
W-NN,W-NN:k=3,3,,0.12,0.186,115 231 58 116 29 57 14 463 3 462 6 230 117 59 232 7 0 464 114 30,115 231 58 116 29 57 14 463 3 462 6 230 117 59 232 7 0 464 114 30,simulation,db4,energy,84,50,50,1
W-QDA,W-QDA:qda,4,,0.12,0.1,115 231 58 116 29 57 14 463 3 462 6 230 117 59 232 7 0 464 114 30,115 231 58 116 29 57 14 463 3 462 6 230 117 59 232 7 0 464 114 30,simulation,db4,energy,84,50,50,1
W-CART,W-CART:cart,42,,0.04,0.128,115 231 58 116 29 57 14 463 3 462 6 230 117 59 232 7 0 464 114 30,115 231 58 116 29 57 14 463 3 462 6 230 117 59 232 7 0 464 114 30,simulation,db4,energy,84,50,50,1
ALL,W-CART:cart,42,,0.04,0.128,115 231 58 116 29 57 14 463 3 462 6 230 117 59 232 7 0 464 114 30,115 231 58 116 29 57 14 463 3 462 6 230 117 59 232 7 0 464 114 30,simulation,db4,energy,84,50,50,1
W-NN,W-NN:k=1,15,0.5,0.02,0.148,112 80 81 113 79 77 110 111 82 84 114 83 76 78 85 86 107 108 104 105,77 81 83 114 84 108 113 76 78 80 82 85 86 106 112 79 87 104 105 107,simulation,db4,usage,84,50,50,1
W-QDA,W-QDA:qda,4,2.0,0.02,0.056,83 116 84 106 77 81 82 85 104 105 114 115 80 107 76 87 108 74 79 110,77 81 83 114 84 108 113 76 78 80 82 85 86 106 112 79 87 104 105 107,simulation,db4,usage,84,50,50,1
W-CART,W-CART:cart,8,3.0,0.04,0.124,83 116 82 84 115 81 104 105 106 107 77 88 103 108 85 87 110 114 78 79,77 81 83 114 84 108 113 76 78 80 82 85 86 106 112 79 87 104 105 107,simulation,db4,usage,84,50,50,1
ALL,W-QDA:qda,4,2.0,0.02,0.056,83 116 84 106 77 81 82 85 104 105 114 115 80 107 76 87 108 74 79 110,77 81 83 114 84 108 113 76 78 80 82 85 86 106 112 79 87 104 105 107,simulation,db4,usage,84,50,50,1
W-NN,W-NN:k=3,28,,0.1,0.172,77 155 39 78 9 38 19 311 310 154 79 5 40 1 4 156 76 0 10 312,77 155 39 78 9 38 19 311 310 154 79 5 40 1 4 156 76 0 10 312,simulation,db4,energy,85,50,50,1
W-QDA,W-QDA:qda,6,,0.28,0.338,77 155 39 78 9 38 19 311 310 154 79 5 40 1 4 156 76 0 10 312,77 155 39 78 9 38 19 311 310 154 79 5 40 1 4 156 76 0 10 312,simulation,db4,energy,85,50,50,1
W-CART,W-CART:cart,28,,0.04,0.154,77 155 39 78 9 38 19 311 310 154 79 5 40 1 4 156 76 0 10 312,77 155 39 78 9 38 19 311 310 154 79 5 40 1 4 156 76 0 10 312,simulation,db4,energy,85,50,50,1
ALL,W-CART:cart,28,,0.04,0.154,77 155 39 78 9 38 19 311 310 154 79 5 40 1 4 156 76 0 10 312,77 155 39 78 9 38 19 311 310 154 79 5 40 1 4 156 76 0 10 312,simulation,db4,energy,85,50,50,1
W-NN,W-NN:k=1,5,1.5,0.04,0.162,79 108 83 106 109 77 80 82 84 107 111 113 115 81 110 114 75 112 105 116,79 112 83 108 77 80 107 109 113 81 82 84 78 106 111 114 105 110 75 76,simulation,db4,usage,85,50,50,1
W-QDA,W-QDA:qda,13,3.0,0.08,0.106,83 108 109 79 80 84 107 77 78 75 82 112 115 81 113 116 117 106 110 111,79 112 83 108 77 80 107 109 113 81 82 84 78 106 111 114 105 110 75 76,simulation,db4,usage,85,50,50,1
W-CART,W-CART:cart,9,3.0,0.04,0.146,83 108 109 79 80 84 107 77 78 75 82 112 115 81 113 116 117 106 110 111,79 112 83 108 77 80 107 109 113 81 82 84 78 106 111 114 105 110 75 76,simulation,db4,usage,85,50,50,1
ALL,W-NN:k=1,5,1.5,0.04,0.162,79 108 83 106 109 77 80 82 84 107 111 113 115 81 110 114 75 112 105 116,79 112 83 108 77 80 107 109 113 81 82 84 78 106 111 114 105 110 75 76,simulation,db4,usage,85,50,50,1
W-NN,W-NN:k=1,32,,0.1,0.164,124 15 30 31 248 61 125 7 499 498 249 250 16 0 123 500 4 2 63 3,124 15 30 31 248 61 125 7 499 498 249 250 16 0 123 500 4 2 63 3,simulation,db4,energy,86,50,50,1
W-QDA,W-QDA:qda,11,,0.32,0.286,124 15 30 31 248 61 125 7 499 498 249 250 16 0 123 500 4 2 63 3,124 15 30 31 248 61 125 7 499 498 249 250 16 0 123 500 4 2 63 3,simulation,db4,energy,86,50,50,1
W-CART,W-CART:cart,60,,0.08,0.146,124 15 30 31 248 61 125 7 499 498 249 250 16 0 123 500 4 2 63 3,124 15 30 31 248 61 125 7 499 498 249 250 16 0 123 500 4 2 63 3,simulation,db4,energy,86,50,50,1
ALL,W-CART:cart,60,,0.08,0.146,124 15 30 31 248 61 125 7 499 498 249 250 16 0 123 500 4 2 63 3,124 15 30 31 248 61 125 7 499 498 249 250 16 0 123 500 4 2 63 3,simulation,db4,energy,86,50,50,1
W-NN,W-NN:k=1,3,2.0,0.14,0.202,81 79 108 107 109 78 83 84 106 112 105 110 111 76 77 82 113 115 80 85,108 111 82 109 78 79 81 107 112 76 84 110 83 106 85 75 77 86 105 113,simulation,db4,usage,86,50,50,1
W-QDA,W-QDA:qda,3,3.0,0.08,0.116,79 107 106 112 81 108 109 84 80 82 83 85 105 110 111 115 76 78 113 73,108 111 82 109 78 79 81 107 112 76 84 110 83 106 85 75 77 86 105 113,simulation,db4,usage,86,50,50,1
W-CART,W-CART:cart,4,3.0,0.06,0.166,79 107 106 112 81 108 109 84 80 82 83 85 105 110 111 115 76 78 113 73,108 111 82 109 78 79 81 107 112 76 84 110 83 106 85 75 77 86 105 113,simulation,db4,usage,86,50,50,1
ALL,W-CART:cart,4,3.0,0.06,0.166,79 107 106 112 81 108 109 84 80 82 83 85 105 110 111 115 76 78 113 73,108 111 82 109 78 79 81 107 112 76 84 110 83 106 85 75 77 86 105 113,simulation,db4,usage,86,50,50,1
W-NN,W-NN:k=3,41,,0.1,0.122,228 28 57 113 56 114 457 3 7 6 115 58 13 456 227 229 0 458 14 27,228 28 57 113 56 114 457 3 7 6 115 58 13 456 227 229 0 458 14 27,simulation,db4,energy,87,50,50,1
W-QDA,W-QDA:qda,16,,0.22,0.148,228 28 57 113 56 114 457 3 7 6 115 58 13 456 227 229 0 458 14 27,228 28 57 113 56 114 457 3 7 6 115 58 13 456 227 229 0 458 14 27,simulation,db4,energy,87,50,50,1
W-CART,W-CART:cart,48,,0.06,0.13,228 28 57 113 56 114 457 3 7 6 115 58 13 456 227 229 0 458 14 27,228 28 57 113 56 114 457 3 7 6 115 58 13 456 227 229 0 458 14 27,simulation,db4,energy,87,50,50,1
ALL,W-CART:cart,48,,0.06,0.13,228 28 57 113 56 114 457 3 7 6 115 58 13 456 227 229 0 458 14 27,228 28 57 113 56 114 457 3 7 6 115 58 13 456 227 229 0 458 14 27,simulation,db4,energy,87,50,50,1
W-NN,W-NN:k=1,58,1.5,0.08,0.148,109 113 114 115 79 112 74 78 80 75 76 77 111 81 108 110 82 116 117 72,78 115 79 113 76 80 111 112 114 74 75 109 77 81 116 108 110 72 73 82,simulation,db4,usage,87,50,50,1
W-QDA,W-QDA:qda,6,3.0,0.02,0.058,113 109 74 110 115 73 75 77 83 112 114 116 76 78 80 108 111 79 72 81,78 115 79 113 76 80 111 112 114 74 75 109 77 81 116 108 110 72 73 82,simulation,db4,usage,87,50,50,1
W-CART,W-CART:cart,23,3.0,0.02,0.112,113 109 74 110 115 73 75 77 83 112 114 116 76 78 80 108 111 79 72 81,78 115 79 113 76 80 111 112 114 74 75 109 77 81 116 108 110 72 73 82,simulation,db4,usage,87,50,50,1
ALL,W-QDA:qda,6,3.0,0.02,0.058,113 109 74 110 115 73 75 77 83 112 114 116 76 78 80 108 111 79 72 81,78 115 79 113 76 80 111 112 114 74 75 109 77 81 116 108 110 72 73 82,simulation,db4,usage,87,50,50,1
W-NN,W-NN:k=1,48,,0.04,0.134,102 25 411 103 204 205 50 410 12 13 1 412 26 101 0 3 104 24 6 52,102 25 411 103 204 205 50 410 12 13 1 412 26 101 0 3 104 24 6 52,simulation,db4,energy,88,50,50,1
W-QDA,W-QDA:qda,7,,0.12,0.176,102 25 411 103 204 205 50 410 12 13 1 412 26 101 0 3 104 24 6 52,102 25 411 103 204 205 50 410 12 13 1 412 26 101 0 3 104 24 6 52,simulation,db4,energy,88,50,50,1
W-CART,W-CART:cart,53,,0.08,0.132,102 25 411 103 204 205 50 410 12 13 1 412 26 101 0 3 104 24 6 52,102 25 411 103 204 205 50 410 12 13 1 412 26 101 0 3 104 24 6 52,simulation,db4,energy,88,50,50,1
ALL,W-NN:k=1,48,,0.04,0.134,102 25 411 103 204 205 50 410 12 13 1 412 26 101 0 3 104 24 6 52,102 25 411 103 204 205 50 410 12 13 1 412 26 101 0 3 104 24 6 52,simulation,db4,energy,88,50,50,1
W-NN,W-NN:k=1,3,3.0,0.08,0.1,84 107 75 83 109 78 79 80 82 76 81 105 108 74 111 112 113 72 85 86,83 108 78 79 81 113 80 85 109 111 114 116 77 106 112 74 75 84 105 107,simulation,db4,usage,88,50,50,1
W-QDA,W-QDA:qda,9,2.0,0.02,0.072,79 84 78 109 82 83 106 107 74 75 85 105 111 113 80 81 108 115 116 73,83 108 78 79 81 113 80 85 109 111 114 116 77 106 112 74 75 84 105 107,simulation,db4,usage,88,50,50,1
W-CART,W-CART:cart,17,1.0,0.06,0.148,83 108 78 79 81 113 80 85 109 111 114 116 77 106 112 74 75 84 105 107,83 108 78 79 81 113 80 85 109 111 114 116 77 106 112 74 75 84 105 107,simulation,db4,usage,88,50,50,1
ALL,W-QDA:qda,9,2.0,0.02,0.072,79 84 78 109 82 83 106 107 74 75 85 105 111 113 80 81 108 115 116 73,83 108 78 79 81 113 80 85 109 111 114 116 77 106 112 74 75 84 105 107,simulation,db4,usage,88,50,50,1
W-NN,W-NN:k=1,21,,0.08,0.154,120 241 121 29 30 7 15 14 483 59 3 482 240 122 60 242 0 31 484 119,120 241 121 29 30 7 15 14 483 59 3 482 240 122 60 242 0 31 484 119,simulation,db4,energy,89,50,50,1
W-QDA,W-QDA:qda,11,,0.08,0.164,120 241 121 29 30 7 15 14 483 59 3 482 240 122 60 242 0 31 484 119,120 241 121 29 30 7 15 14 483 59 3 482 240 122 60 242 0 31 484 119,simulation,db4,energy,89,50,50,1
W-CART,W-CART:cart,56,,0.12,0.19,120 241 121 29 30 7 15 14 483 59 3 482 240 122 60 242 0 31 484 119,120 241 121 29 30 7 15 14 483 59 3 482 240 122 60 242 0 31 484 119,simulation,db4,energy,89,50,50,1
ALL,W-QDA:qda,11,,0.08,0.164,120 241 121 29 30 7 15 14 483 59 3 482 240 122 60 242 0 31 484 119,120 241 121 29 30 7 15 14 483 59 3 482 240 122 60 242 0 31 484 119,simulation,db4,energy,89,50,50,1
W-NN,W-NN:k=1,6,3.0,0.04,0.106,117 73 74 72 116 118 75 80 108 113 115 150 77 86 114 76 84 105 111 88,114 72 73 76 74 115 117 80 118 75 81 113 149 150 151 79 109 111 116 234,simulation,db4,usage,89,50,50,1
W-QDA,W-QDA:qda,2,0.5,0.06,0.084,115 72 114 75 76 77 80 73 74 110 111 112 113 83 117 118 81 108 150 233,114 72 73 76 74 115 117 80 118 75 81 113 149 150 151 79 109 111 116 234,simulation,db4,usage,89,50,50,1
W-CART,W-CART:cart,2,2.0,0.1,0.114,117 73 118 74 114 115 72 149 76 150 234 75 79 108 113 119 84 110 116 77,114 72 73 76 74 115 117 80 118 75 81 113 149 150 151 79 109 111 116 234,simulation,db4,usage,89,50,50,1
ALL,W-NN:k=1,6,3.0,0.04,0.106,117 73 74 72 116 118 75 80 108 113 115 150 77 86 114 76 84 105 111 88,114 72 73 76 74 115 117 80 118 75 81 113 149 150 151 79 109 111 116 234,simulation,db4,usage,89,50,50,1
W-NN,W-NN:k=3,3,,0.08,0.166,18 37 73 74 36 4 297 147 148 296 75 38 8 1 298 0 9 17 10 295,18 37 73 74 36 4 297 147 148 296 75 38 8 1 298 0 9 17 10 295,simulation,db4,energy,90,50,50,1
W-QDA,W-QDA:qda,4,,0.14,0.136,18 37 73 74 36 4 297 147 148 296 75 38 8 1 298 0 9 17 10 295,18 37 73 74 36 4 297 147 148 296 75 38 8 1 298 0 9 17 10 295,simulation,db4,energy,90,50,50,1
W-CART,W-CART:cart,60,,0.08,0.134,18 37 73 74 36 4 297 147 148 296 75 38 8 1 298 0 9 17 10 295,18 37 73 74 36 4 297 147 148 296 75 38 8 1 298 0 9 17 10 295,simulation,db4,energy,90,50,50,1
ALL,W-NN:k=3,3,,0.08,0.166,18 37 73 74 36 4 297 147 148 296 75 38 8 1 298 0 9 17 10 295,18 37 73 74 36 4 297 147 148 296 75 38 8 1 298 0 9 17 10 295,simulation,db4,energy,90,50,50,1
W-NN,W-NN:k=5,11,1.0,0.06,0.128,75 115 76 77 78 79 114 81 82 108 111 80 109 112 113 116 73 107 110 118,75 115 76 77 78 79 114 81 82 108 111 80 109 112 113 116 73 107 110 118,simulation,db4,usage,90,50,50,1
W-QDA,W-QDA:qda,11,3.0,0.04,0.054,76 79 82 78 111 119 74 80 109 75 84 106 113 116 117 118 72 73 77 81,75 115 76 77 78 79 114 81 82 108 111 80 109 112 113 116 73 107 110 118,simulation,db4,usage,90,50,50,1
W-CART,W-CART:cart,18,3.0,0.08,0.118,76 79 82 78 111 119 74 80 109 75 84 106 113 116 117 118 72 73 77 81,75 115 76 77 78 79 114 81 82 108 111 80 109 112 113 116 73 107 110 118,simulation,db4,usage,90,50,50,1
ALL,W-QDA:qda,11,3.0,0.04,0.054,76 79 82 78 111 119 74 80 109 75 84 106 113 116 117 118 72 73 77 81,75 115 76 77 78 79 114 81 82 108 111 80 109 112 113 116 73 107 110 118,simulation,db4,usage,90,50,50,1
W-NN,W-NN:k=3,47,,0.06,0.152,60 121 120 241 7 15 14 29 122 485 484 3 242 243 30 0 486 59 8 61,60 121 120 241 7 15 14 29 122 485 484 3 242 243 30 0 486 59 8 61,simulation,db4,energy,91,50,50,1
W-QDA,W-QDA:qda,4,,0.16,0.186,60 121 120 241 7 15 14 29 122 485 484 3 242 243 30 0 486 59 8 61,60 121 120 241 7 15 14 29 122 485 484 3 242 243 30 0 486 59 8 61,simulation,db4,energy,91,50,50,1
W-CART,W-CART:cart,5,,0.1,0.182,60 121 120 241 7 15 14 29 122 485 484 3 242 243 30 0 486 59 8 61,60 121 120 241 7 15 14 29 122 485 484 3 242 243 30 0 486 59 8 61,simulation,db4,energy,91,50,50,1
ALL,W-NN:k=3,47,,0.06,0.152,60 121 120 241 7 15 14 29 122 485 484 3 242 243 30 0 486 59 8 61,60 121 120 241 7 15 14 29 122 485 484 3 242 243 30 0 486 59 8 61,simulation,db4,energy,91,50,50,1
W-NN,W-NN:k=3,15,3.0,0.08,0.086,108 80 81 79 111 115 77 109 110 106 112 114 117 76 83 107 113 116 78 85,79 78 108 110 111 80 81 109 113 114 77 82 84 85 115 83 107 76 75 112,simulation,db4,usage,91,50,50,1
W-QDA,W-QDA:qda,14,3.0,0.1,0.108,108 80 81 79 111 115 77 109 110 106 112 114 117 76 83 107 113 116 78 85,79 78 108 110 111 80 81 109 113 114 77 82 84 85 115 83 107 76 75 112,simulation,db4,usage,91,50,50,1
W-CART,W-CART:cart,13,1.5,0.08,0.188,79 108 80 109 113 77 78 81 110 111 83 84 85 107 112 115 82 114 76 106,79 78 108 110 111 80 81 109 113 114 77 82 84 85 115 83 107 76 75 112,simulation,db4,usage,91,50,50,1
ALL,W-CART:cart,13,1.5,0.08,0.188,79 108 80 109 113 77 78 81 110 111 83 84 85 107 112 115 82 114 76 106,79 78 108 110 111 80 81 109 113 114 77 82 84 85 115 83 107 76 75 112,simulation,db4,usage,91,50,50,1
W-NN,W-NN:k=7,3,,0.16,0.23,90 181 22 91 5 363 44 362 180 23 2 92 45 10 182 0 89 364 21 3,90 181 22 91 5 363 44 362 180 23 2 92 45 10 182 0 89 364 21 3,simulation,db4,energy,92,50,50,1
W-QDA,W-QDA:qda,21,,0.26,0.396,90 181 22 91 5 363 44 362 180 23 2 92 45 10 182 0 89 364 21 3,90 181 22 91 5 363 44 362 180 23 2 92 45 10 182 0 89 364 21 3,simulation,db4,energy,92,50,50,1
W-CART,W-CART:cart,36,,0.1,0.124,90 181 22 91 5 363 44 362 180 23 2 92 45 10 182 0 89 364 21 3,90 181 22 91 5 363 44 362 180 23 2 92 45 10 182 0 89 364 21 3,simulation,db4,energy,92,50,50,1
ALL,W-CART:cart,36,,0.1,0.124,90 181 22 91 5 363 44 362 180 23 2 92 45 10 182 0 89 364 21 3,90 181 22 91 5 363 44 362 180 23 2 92 45 10 182 0 89 364 21 3,simulation,db4,energy,92,50,50,1
W-NN,W-NN:k=1,54,2.0,0.1,0.194,111 112 79 81 114 110 76 82 113 78 80 85 108 109 77 107 115 75 83 84,81 82 110 77 111 112 79 109 114 78 80 113 116 76 75 108 85 115 86 105,simulation,db4,usage,92,50,50,1
W-QDA,W-QDA:qda,17,1.0,0.04,0.068,81 82 110 77 111 112 79 109 114 78 80 113 116 76 75 108 85 115 86 105,81 82 110 77 111 112 79 109 114 78 80 113 116 76 75 108 85 115 86 105,simulation,db4,usage,92,50,50,1
W-CART,W-CART:cart,23,0.5,0.04,0.112,80 111 75 81 115 77 79 82 110 76 108 114 116 74 78 109 112 113 83 107,81 82 110 77 111 112 79 109 114 78 80 113 116 76 75 108 85 115 86 105,simulation,db4,usage,92,50,50,1
ALL,W-QDA:qda,17,1.0,0.04,0.068,81 82 110 77 111 112 79 109 114 78 80 113 116 76 75 108 85 115 86 105,81 82 110 77 111 112 79 109 114 78 80 113 116 76 75 108 85 115 86 105,simulation,db4,usage,92,50,50,1
W-NN,W-NN:k=1,28,,0.08,0.118,212 26 53 52 105 213 6 54 1 12 214 107 0 25 13 27 106 14 7 427,212 26 53 52 105 213 6 54 1 12 214 107 0 25 13 27 106 14 7 427,simulation,db4,energy,93,50,50,1
W-QDA,W-QDA:qda,18,,0.06,0.084,212 26 53 52 105 213 6 54 1 12 214 107 0 25 13 27 106 14 7 427,212 26 53 52 105 213 6 54 1 12 214 107 0 25 13 27 106 14 7 427,simulation,db4,energy,93,50,50,1
W-CART,W-CART:cart,17,,0.1,0.112,212 26 53 52 105 213 6 54 1 12 214 107 0 25 13 27 106 14 7 427,212 26 53 52 105 213 6 54 1 12 214 107 0 25 13 27 106 14 7 427,simulation,db4,energy,93,50,50,1
ALL,W-QDA:qda,18,,0.06,0.084,212 26 53 52 105 213 6 54 1 12 214 107 0 25 13 27 106 14 7 427,212 26 53 52 105 213 6 54 1 12 214 107 0 25 13 27 106 14 7 427,simulation,db4,energy,93,50,50,1
W-NN,W-NN:k=3,3,3.0,0.08,0.13,116 74 75 115 76 84 105 72 73 78 81 112 114 117 77 118 80 83 107 111,115 77 114 116 74 75 76 78 112 73 79 80 81 113 117 118 84 151 152 72,simulation,db4,usage,93,50,50,1
W-QDA,W-QDA:qda,6,3.0,0.08,0.07,116 74 75 115 76 84 105 72 73 78 81 112 114 117 77 118 80 83 107 111,115 77 114 116 74 75 76 78 112 73 79 80 81 113 117 118 84 151 152 72,simulation,db4,usage,93,50,50,1
W-CART,W-CART:cart,4,1.5,0.08,0.088,115 116 74 73 76 114 75 78 112 117 77 84 113 79 81 85 72 80 105 109,115 77 114 116 74 75 76 78 112 73 79 80 81 113 117 118 84 151 152 72,simulation,db4,usage,93,50,50,1
ALL,W-NN:k=3,3,3.0,0.08,0.13,116 74 75 115 76 84 105 72 73 78 81 112 114 117 77 118 80 83 107 111,115 77 114 116 74 75 76 78 112 73 79 80 81 113 117 118 84 151 152 72,simulation,db4,usage,93,50,50,1
W-NN,W-NN:k=3,24,,0.08,0.17,121 242 60 241 7 484 29 15 14 483 30 243 122 3 485 0 31 8 120 2,121 242 60 241 7 484 29 15 14 483 30 243 122 3 485 0 31 8 120 2,simulation,db4,energy,94,50,50,1
W-QDA,W-QDA:qda,7,,0.1,0.118,121 242 60 241 7 484 29 15 14 483 30 243 122 3 485 0 31 8 120 2,121 242 60 241 7 484 29 15 14 483 30 243 122 3 485 0 31 8 120 2,simulation,db4,energy,94,50,50,1
W-CART,W-CART:cart,36,,0.0,0.086,121 242 60 241 7 484 29 15 14 483 30 243 122 3 485 0 31 8 120 2,121 242 60 241 7 484 29 15 14 483 30 243 122 3 485 0 31 8 120 2,simulation,db4,energy,94,50,50,1
ALL,W-CART:cart,36,,0.0,0.086,121 242 60 241 7 484 29 15 14 483 30 243 122 3 485 0 31 8 120 2,121 242 60 241 7 484 29 15 14 483 30 243 122 3 485 0 31 8 120 2,simulation,db4,energy,94,50,50,1
W-NN,W-NN:k=7,17,3.0,0.06,0.26,106 78 79 108 109 77 85 105 113 115 80 84 110 111 72 74 81 82 83 86,108 79 81 106 107 78 86 112 80 84 85 109 113 116 75 82 105 87 110 115,simulation,db4,usage,94,50,50,1
W-QDA,W-QDA:qda,11,2.0,0.02,0.07,85 106 107 81 105 109 84 115 78 108 75 77 80 82 110 112 79 111 113 116,108 79 81 106 107 78 86 112 80 84 85 109 113 116 75 82 105 87 110 115,simulation,db4,usage,94,50,50,1
W-CART,W-CART:cart,7,1.0,0.12,0.108,108 79 81 106 107 78 86 112 80 84 85 109 113 116 75 82 105 87 110 115,108 79 81 106 107 78 86 112 80 84 85 109 113 116 75 82 105 87 110 115,simulation,db4,usage,94,50,50,1
ALL,W-QDA:qda,11,2.0,0.02,0.07,85 106 107 81 105 109 84 115 78 108 75 77 80 82 110 112 79 111 113 116,108 79 81 106 107 78 86 112 80 84 85 109 113 116 75 82 105 87 110 115,simulation,db4,usage,94,50,50,1
W-NN,W-NN:k=5,61,,0.04,0.11,103 206 51 25 207 412 104 13 102 26 1 12 411 6 0 413 3 2 14 27,103 206 51 25 207 412 104 13 102 26 1 12 411 6 0 413 3 2 14 27,simulation,db4,energy,95,50,50,1
W-QDA,W-QDA:qda,12,,0.1,0.212,103 206 51 25 207 412 104 13 102 26 1 12 411 6 0 413 3 2 14 27,103 206 51 25 207 412 104 13 102 26 1 12 411 6 0 413 3 2 14 27,simulation,db4,energy,95,50,50,1
W-CART,W-CART:cart,23,,0.08,0.166,103 206 51 25 207 412 104 13 102 26 1 12 411 6 0 413 3 2 14 27,103 206 51 25 207 412 104 13 102 26 1 12 411 6 0 413 3 2 14 27,simulation,db4,energy,95,50,50,1
ALL,W-NN:k=5,61,,0.04,0.11,103 206 51 25 207 412 104 13 102 26 1 12 411 6 0 413 3 2 14 27,103 206 51 25 207 412 104 13 102 26 1 12 411 6 0 413 3 2 14 27,simulation,db4,energy,95,50,50,1
W-NN,W-NN:k=3,11,3.0,0.0,0.09,74 84 83 116 82 85 106 115 117 105 73 76 78 104 107 118 79 77 109 112,114 83 82 108 77 74 107 78 84 106 109 110 80 81 85 115 116 117 72 76,simulation,db4,usage,95,50,50,1
W-QDA,W-QDA:qda,15,2.0,0.0,0.028,83 114 74 78 107 115 82 116 84 106 108 117 75 77 85 104 76 79 109 72,114 83 82 108 77 74 107 78 84 106 109 110 80 81 85 115 116 117 72 76,simulation,db4,usage,95,50,50,1
W-CART,W-CART:cart,10,3.0,0.08,0.168,74 84 83 116 82 85 106 115 117 105 73 76 78 104 107 118 79 77 109 112,114 83 82 108 77 74 107 78 84 106 109 110 80 81 85 115 116 117 72 76,simulation,db4,usage,95,50,50,1
ALL,W-NN:k=3,11,3.0,0.0,0.09,74 84 83 116 82 85 106 115 117 105 73 76 78 104 107 118 79 77 109 112,114 83 82 108 77 74 107 78 84 106 109 110 80 81 85 115 116 117 72 76,simulation,db4,usage,95,50,50,1
W-NN,W-NN:k=1,5,,0.06,0.182,204 25 205 50 51 101 12 102 410 206 409 1 52 13 3 0 411 24 103 2,204 25 205 50 51 101 12 102 410 206 409 1 52 13 3 0 411 24 103 2,simulation,db4,energy,96,50,50,1
W-QDA,W-QDA:qda,12,,0.1,0.184,204 25 205 50 51 101 12 102 410 206 409 1 52 13 3 0 411 24 103 2,204 25 205 50 51 101 12 102 410 206 409 1 52 13 3 0 411 24 103 2,simulation,db4,energy,96,50,50,1
W-CART,W-CART:cart,35,,0.04,0.102,204 25 205 50 51 101 12 102 410 206 409 1 52 13 3 0 411 24 103 2,204 25 205 50 51 101 12 102 410 206 409 1 52 13 3 0 411 24 103 2,simulation,db4,energy,96,50,50,1
ALL,W-CART:cart,35,,0.04,0.102,204 25 205 50 51 101 12 102 410 206 409 1 52 13 3 0 411 24 103 2,204 25 205 50 51 101 12 102 410 206 409 1 52 13 3 0 411 24 103 2,simulation,db4,energy,96,50,50,1
W-NN,W-NN:k=9,4,0.5,0.02,0.23,79 109 76 114 115 116 75 82 108 113 77 78 107 110 81 83 117 80 112 118,75 79 114 115 80 81 108 110 112 113 76 77 82 107 109 116 74 117 73 83,simulation,db4,usage,96,50,50,1
W-QDA,W-QDA:qda,7,1.5,0.02,0.106,75 79 112 115 80 81 108 110 114 116 74 82 84 113 117 76 78 109 111 73,75 79 114 115 80 81 108 110 112 113 76 77 82 107 109 116 74 117 73 83,simulation,db4,usage,96,50,50,1
W-CART,W-CART:cart,24,1.5,0.04,0.11,75 79 112 115 80 81 108 110 114 116 74 82 84 113 117 76 78 109 111 73,75 79 114 115 80 81 108 110 112 113 76 77 82 107 109 116 74 117 73 83,simulation,db4,usage,96,50,50,1
ALL,W-NN:k=9,4,0.5,0.02,0.23,79 109 76 114 115 116 75 82 108 113 77 78 107 110 81 83 117 80 112 118,75 79 114 115 80 81 108 110 112 113 76 77 82 107 109 116 74 117 73 83,simulation,db4,usage,96,50,50,1
W-NN,W-NN:k=9,46,,0.2,0.228,108 54 216 27 107 13 53 215 6 109 217 26 55 1 28 0 7 434 2 865,108 54 216 27 107 13 53 215 6 109 217 26 55 1 28 0 7 434 2 865,simulation,db4,energy,97,50,50,1
W-QDA,W-QDA:qda,13,,0.14,0.216,108 54 216 27 107 13 53 215 6 109 217 26 55 1 28 0 7 434 2 865,108 54 216 27 107 13 53 215 6 109 217 26 55 1 28 0 7 434 2 865,simulation,db4,energy,97,50,50,1
W-CART,W-CART:cart,59,,0.1,0.126,108 54 216 27 107 13 53 215 6 109 217 26 55 1 28 0 7 434 2 865,108 54 216 27 107 13 53 215 6 109 217 26 55 1 28 0 7 434 2 865,simulation,db4,energy,97,50,50,1
ALL,W-CART:cart,59,,0.1,0.126,108 54 216 27 107 13 53 215 6 109 217 26 55 1 28 0 7 434 2 865,108 54 216 27 107 13 53 215 6 109 217 26 55 1 28 0 7 434 2 865,simulation,db4,energy,97,50,50,1
W-NN,W-NN:k=1,4,3.0,0.06,0.138,76 74 115 114 116 73 75 118 77 78 119 111 117 72 79 80 113 71 108 57,112 74 78 75 80 111 115 116 76 113 114 117 73 79 119 77 72 81 82 120,simulation,db4,usage,97,50,50,1
W-QDA,W-QDA:qda,2,1.0,0.06,0.168,112 74 78 75 80 111 115 116 76 113 114 117 73 79 119 77 72 81 82 120,112 74 78 75 80 111 115 116 76 113 114 117 73 79 119 77 72 81 82 120,simulation,db4,usage,97,50,50,1
W-CART,W-CART:cart,1,2.0,0.08,0.126,74 78 76 114 115 116 75 79 119 73 111 112 72 77 80 113 117 120 71 118,112 74 78 75 80 111 115 116 76 113 114 117 73 79 119 77 72 81 82 120,simulation,db4,usage,97,50,50,1
ALL,W-QDA:qda,2,1.0,0.06,0.168,112 74 78 75 80 111 115 116 76 113 114 117 73 79 119 77 72 81 82 120,112 74 78 75 80 111 115 116 76 113 114 117 73 79 119 77 72 81 82 120,simulation,db4,usage,97,50,50,1
W-NN,W-NN:k=1,22,,0.08,0.188,60 242 120 7 121 14 15 485 29 122 3 484 241 61 59 243 0 486 8 244,60 242 120 7 121 14 15 485 29 122 3 484 241 61 59 243 0 486 8 244,simulation,db4,energy,98,50,50,1
W-QDA,W-QDA:qda,3,,0.08,0.134,60 242 120 7 121 14 15 485 29 122 3 484 241 61 59 243 0 486 8 244,60 242 120 7 121 14 15 485 29 122 3 484 241 61 59 243 0 486 8 244,simulation,db4,energy,98,50,50,1
W-CART,W-CART:cart,30,,0.04,0.128,60 242 120 7 121 14 15 485 29 122 3 484 241 61 59 243 0 486 8 244,60 242 120 7 121 14 15 485 29 122 3 484 241 61 59 243 0 486 8 244,simulation,db4,energy,98,50,50,1
ALL,W-CART:cart,30,,0.04,0.128,60 242 120 7 121 14 15 485 29 122 3 484 241 61 59 243 0 486 8 244,60 242 120 7 121 14 15 485 29 122 3 484 241 61 59 243 0 486 8 244,simulation,db4,energy,98,50,50,1
W-NN,W-NN:k=1,23,0.5,0.1,0.162,76 77 116 78 79 111 113 80 115 75 109 110 112 114 81 226 230 74 158 108,77 113 78 111 76 80 109 115 116 79 81 110 112 114 75 74 83 84 117 73,simulation,db4,usage,98,50,50,1
W-QDA,W-QDA:qda,10,0.5,0.08,0.136,76 77 116 78 79 111 113 80 115 75 109 110 112 114 81 226 230 74 158 108,77 113 78 111 76 80 109 115 116 79 81 110 112 114 75 74 83 84 117 73,simulation,db4,usage,98,50,50,1
W-CART,W-CART:cart,13,3.0,0.06,0.118,78 116 77 110 112 79 76 81 111 113 114 117 71 72 80 109 115 73 118 82,77 113 78 111 76 80 109 115 116 79 81 110 112 114 75 74 83 84 117 73,simulation,db4,usage,98,50,50,1
ALL,W-CART:cart,13,3.0,0.06,0.118,78 116 77 110 112 79 76 81 111 113 114 117 71 72 80 109 115 73 118 82,77 113 78 111 76 80 109 115 116 79 81 110 112 114 75 74 83 84 117 73,simulation,db4,usage,98,50,50,1
W-NN,W-NN:k=5,34,,0.1,0.114,181 90 22 91 182 5 45 44 92 23 2 183 10 0 21 89 3 6 24 365,181 90 22 91 182 5 45 44 92 23 2 183 10 0 21 89 3 6 24 365,simulation,db4,energy,99,50,50,1
W-QDA,W-QDA:qda,17,,0.16,0.222,181 90 22 91 182 5 45 44 92 23 2 183 10 0 21 89 3 6 24 365,181 90 22 91 182 5 45 44 92 23 2 183 10 0 21 89 3 6 24 365,simulation,db4,energy,99,50,50,1
W-CART,W-CART:cart,33,,0.1,0.166,181 90 22 91 182 5 45 44 92 23 2 183 10 0 21 89 3 6 24 365,181 90 22 91 182 5 45 44 92 23 2 183 10 0 21 89 3 6 24 365,simulation,db4,energy,99,50,50,1
ALL,W-CART:cart,33,,0.1,0.166,181 90 22 91 182 5 45 44 92 23 2 183 10 0 21 89 3 6 24 365,181 90 22 91 182 5 45 44 92 23 2 183 10 0 21 89 3 6 24 365,simulation,db4,energy,99,50,50,1
W-NN,W-NN:k=3,24,0.5,0.06,0.114,77 79 113 78 80 75 82 110 111 112 114 109 115 117 76 108 159 73 81 84,77 113 78 82 114 117 79 80 112 76 83 109 119 72 75 108 71 73 81 84,simulation,db4,usage,99,50,50,1
W-QDA,W-QDA:qda,3,3.0,0.06,0.076,78 83 119 76 77 79 72 82 118 73 81 110 112 113 116 75 84 114 107 109,77 113 78 82 114 117 79 80 112 76 83 109 119 72 75 108 71 73 81 84,simulation,db4,usage,99,50,50,1
W-CART,W-CART:cart,30,3.0,0.08,0.114,78 83 119 76 77 79 72 82 118 73 81 110 112 113 116 75 84 114 107 109,77 113 78 82 114 117 79 80 112 76 83 109 119 72 75 108 71 73 81 84,simulation,db4,usage,99,50,50,1
ALL,W-QDA:qda,3,3.0,0.06,0.076,78 83 119 76 77 79 72 82 118 73 81 110 112 113 116 75 84 114 107 109,77 113 78 82 114 117 79 80 112 76 83 109 119 72 75 108 71 73 81 84,simulation,db4,usage,99,50,50,1
W-NN,W-NN:k=1,7,,0.12,0.158,33 65 130 232 66 32 58 67 115 57 16 29 14 129 28 116 269 260 8 31,33 65 130 232 66 32 58 67 115 57 16 29 14 129 28 116 269 260 8 31,simulation,db4,energy,0,50,50,3
W-QDA,W-QDA:qda,7,,0.1,0.104,33 65 130 232 66 32 58 67 115 57 16 29 14 129 28 116 269 260 8 31,33 65 130 232 66 32 58 67 115 57 16 29 14 129 28 116 269 260 8 31,simulation,db4,energy,0,50,50,3
W-CART,W-CART:cart,16,,0.1,0.182,33 65 130 232 66 32 58 67 115 57 16 29 14 129 28 116 269 260 8 31,33 65 130 232 66 32 58 67 115 57 16 29 14 129 28 116 269 260 8 31,simulation,db4,energy,0,50,50,3
ALL,W-QDA:qda,7,,0.1,0.104,33 65 130 232 66 32 58 67 115 57 16 29 14 129 28 116 269 260 8 31,33 65 130 232 66 32 58 67 115 57 16 29 14 129 28 116 269 260 8 31,simulation,db4,energy,0,50,50,3
W-NN,W-NN:k=1,3,3.0,0.14,0.29,114 111 113 78 79 115 116 117 76 74 77 82 112 75 80 109 81 83 108 38,111 77 79 80 112 116 81 74 76 109 110 113 117 75 114 115 82 78 83 108,simulation,db4,usage,0,50,50,3
W-QDA,W-QDA:qda,8,3.0,0.14,0.176,114 111 113 78 79 115 116 117 76 74 77 82 112 75 80 109 81 83 108 38,111 77 79 80 112 116 81 74 76 109 110 113 117 75 114 115 82 78 83 108,simulation,db4,usage,0,50,50,3
W-CART,W-CART:cart,32,1.0,0.04,0.15,111 77 79 80 112 116 81 74 76 109 110 113 117 75 114 115 82 78 83 108,111 77 79 80 112 116 81 74 76 109 110 113 117 75 114 115 82 78 83 108,simulation,db4,usage,0,50,50,3
ALL,W-CART:cart,32,1.0,0.04,0.15,111 77 79 80 112 116 81 74 76 109 110 113 117 75 114 115 82 78 83 108,111 77 79 80 112 116 81 74 76 109 110 113 117 75 114 115 82 78 83 108,simulation,db4,usage,0,50,50,3
W-NN,W-NN:k=1,4,,0.12,0.128,104 58 81 234 163 14 41 116 82 25 26 235 6 105 13 419 40 208 20 209,104 58 81 234 163 14 41 116 82 25 26 235 6 105 13 419 40 208 20 209,simulation,db4,energy,1,50,50,3
W-QDA,W-QDA:qda,16,,0.04,0.052,104 58 81 234 163 14 41 116 82 25 26 235 6 105 13 419 40 208 20 209,104 58 81 234 163 14 41 116 82 25 26 235 6 105 13 419 40 208 20 209,simulation,db4,energy,1,50,50,3
W-CART,W-CART:cart,4,,0.12,0.142,104 58 81 234 163 14 41 116 82 25 26 235 6 105 13 419 40 208 20 209,104 58 81 234 163 14 41 116 82 25 26 235 6 105 13 419 40 208 20 209,simulation,db4,energy,1,50,50,3
ALL,W-QDA:qda,16,,0.04,0.052,104 58 81 234 163 14 41 116 82 25 26 235 6 105 13 419 40 208 20 209,104 58 81 234 163 14 41 116 82 25 26 235 6 105 13 419 40 208 20 209,simulation,db4,energy,1,50,50,3
W-NN,W-NN:k=1,15,1.0,0.06,0.174,77 78 75 79 111 113 114 76 110 115 82 109 112 81 73 74 80 116 83 108,77 78 75 79 111 113 114 76 110 115 82 109 112 81 73 74 80 116 83 108,simulation,db4,usage,1,50,50,3
W-QDA,W-QDA:qda,7,2.0,0.16,0.106,77 78 75 76 110 80 74 115 81 109 114 113 117 118 73 111 112 116 79 36,77 78 75 79 111 113 114 76 110 115 82 109 112 81 73 74 80 116 83 108,simulation,db4,usage,1,50,50,3
W-CART,W-CART:cart,6,1.5,0.1,0.192,77 78 113 75 76 114 110 111 112 74 79 80 109 115 81 116 73 82 117 36,77 78 75 79 111 113 114 76 110 115 82 109 112 81 73 74 80 116 83 108,simulation,db4,usage,1,50,50,3
ALL,W-NN:k=1,15,1.0,0.06,0.174,77 78 75 79 111 113 114 76 110 115 82 109 112 81 73 74 80 116 83 108,77 78 75 79 111 113 114 76 110 115 82 109 112 81 73 74 80 116 83 108,simulation,db4,usage,1,50,50,3
W-NN,W-NN:k=5,25,,0.04,0.13,34 195 103 51 207 97 68 69 98 49 8 24 196 277 26 137 1 6 52 138,34 195 103 51 207 97 68 69 98 49 8 24 196 277 26 137 1 6 52 138,simulation,db4,energy,2,50,50,3
W-QDA,W-QDA:qda,18,,0.12,0.142,34 195 103 51 207 97 68 69 98 49 8 24 196 277 26 137 1 6 52 138,34 195 103 51 207 97 68 69 98 49 8 24 196 277 26 137 1 6 52 138,simulation,db4,energy,2,50,50,3
W-CART,W-CART:cart,52,,0.1,0.216,34 195 103 51 207 97 68 69 98 49 8 24 196 277 26 137 1 6 52 138,34 195 103 51 207 97 68 69 98 49 8 24 196 277 26 137 1 6 52 138,simulation,db4,energy,2,50,50,3
ALL,W-NN:k=5,25,,0.04,0.13,34 195 103 51 207 97 68 69 98 49 8 24 196 277 26 137 1 6 52 138,34 195 103 51 207 97 68 69 98 49 8 24 196 277 26 137 1 6 52 138,simulation,db4,energy,2,50,50,3
W-NN,W-NN:k=3,28,1.0,0.06,0.194,78 109 115 80 75 76 77 81 116 111 112 114 79 83 84 108 85 106 107 110,78 109 115 80 75 76 77 81 116 111 112 114 79 83 84 108 85 106 107 110,simulation,db4,usage,2,50,50,3
W-QDA,W-QDA:qda,23,0.5,0.02,0.068,115 76 77 75 80 81 113 74 112 116 78 111 114 82 109 84 85 117 79 83,78 109 115 80 75 76 77 81 116 111 112 114 79 83 84 108 85 106 107 110,simulation,db4,usage,2,50,50,3
W-CART,W-CART:cart,20,1.5,0.02,0.096,77 109 81 114 115 79 108 112 113 76 78 80 106 107 110 111 116 74 75 83,78 109 115 80 75 76 77 81 116 111 112 114 79 83 84 108 85 106 107 110,simulation,db4,usage,2,50,50,3
ALL,W-CART:cart,20,1.5,0.02,0.096,77 109 81 114 115 79 108 112 113 76 78 80 106 107 110 111 116 74 75 83,78 109 115 80 75 76 77 81 116 111 112 114 79 83 84 108 85 106 107 110,simulation,db4,usage,2,50,50,3
W-NN,W-NN:k=1,9,,0.14,0.146,111 18 37 46 73 91 74 92 36 45 23 55 11 56 28 4 369 447 297 112,111 18 37 46 73 91 74 92 36 45 23 55 11 56 28 4 369 447 297 112,simulation,db4,energy,3,50,50,3
W-QDA,W-QDA:qda,16,,0.16,0.158,111 18 37 46 73 91 74 92 36 45 23 55 11 56 28 4 369 447 297 112,111 18 37 46 73 91 74 92 36 45 23 55 11 56 28 4 369 447 297 112,simulation,db4,energy,3,50,50,3
W-CART,W-CART:cart,20,,0.08,0.118,111 18 37 46 73 91 74 92 36 45 23 55 11 56 28 4 369 447 297 112,111 18 37 46 73 91 74 92 36 45 23 55 11 56 28 4 369 447 297 112,simulation,db4,energy,3,50,50,3
ALL,W-CART:cart,20,,0.08,0.118,111 18 37 46 73 91 74 92 36 45 23 55 11 56 28 4 369 447 297 112,111 18 37 46 73 91 74 92 36 45 23 55 11 56 28 4 369 447 297 112,simulation,db4,energy,3,50,50,3
W-NN,W-NN:k=7,8,1.0,0.02,0.136,110 84 108 109 115 78 80 83 112 81 85 86 111 107 113 114 79 82 116 75,110 84 108 109 115 78 80 83 112 81 85 86 111 107 113 114 79 82 116 75,simulation,db4,usage,3,50,50,3
W-QDA,W-QDA:qda,2,3.0,0.02,0.088,85 86 108 112 113 81 82 84 105 110 75 77 78 79 83 106 107 80 109 114,110 84 108 109 115 78 80 83 112 81 85 86 111 107 113 114 79 82 116 75,simulation,db4,usage,3,50,50,3
W-CART,W-CART:cart,4,3.0,0.02,0.116,85 86 108 112 113 81 82 84 105 110 75 77 78 79 83 106 107 80 109 114,110 84 108 109 115 78 80 83 112 81 85 86 111 107 113 114 79 82 116 75,simulation,db4,usage,3,50,50,3
ALL,W-QDA:qda,2,3.0,0.02,0.088,85 86 108 112 113 81 82 84 105 110 75 77 78 79 83 106 107 80 109 114,110 84 108 109 115 78 80 83 112 81 85 86 111 107 113 114 79 82 116 75,simulation,db4,usage,3,50,50,3
W-NN,W-NN:k=3,4,,0.06,0.148,57 115 148 173 21 18 149 230 86 36 28 42 37 114 172 43 4 346 73 10,57 115 148 173 21 18 149 230 86 36 28 42 37 114 172 43 4 346 73 10,simulation,db4,energy,4,50,50,3
W-QDA,W-QDA:qda,13,,0.04,0.054,57 115 148 173 21 18 149 230 86 36 28 42 37 114 172 43 4 346 73 10,57 115 148 173 21 18 149 230 86 36 28 42 37 114 172 43 4 346 73 10,simulation,db4,energy,4,50,50,3
W-CART,W-CART:cart,62,,0.08,0.176,57 115 148 173 21 18 149 230 86 36 28 42 37 114 172 43 4 346 73 10,57 115 148 173 21 18 149 230 86 36 28 42 37 114 172 43 4 346 73 10,simulation,db4,energy,4,50,50,3
ALL,W-QDA:qda,13,,0.04,0.054,57 115 148 173 21 18 149 230 86 36 28 42 37 114 172 43 4 346 73 10,57 115 148 173 21 18 149 230 86 36 28 42 37 114 172 43 4 346 73 10,simulation,db4,energy,4,50,50,3
W-NN,W-NN:k=1,14,2.0,0.08,0.144,78 79 114 112 80 77 113 116 81 84 110 75 76 107 115 83 109 117 73 106,80 78 79 77 81 112 114 113 110 115 75 76 116 82 83 84 109 111 74 117,simulation,db4,usage,4,50,50,3
W-QDA,W-QDA:qda,16,1.5,0.02,0.048,78 79 112 114 80 113 77 81 110 115 116 84 109 75 106 107 117 73 74 76,80 78 79 77 81 112 114 113 110 115 75 76 116 82 83 84 109 111 74 117,simulation,db4,usage,4,50,50,3
W-CART,W-CART:cart,13,0.5,0.06,0.156,78 79 114 80 77 110 113 76 81 112 75 82 111 115 109 83 116 74 155 157,80 78 79 77 81 112 114 113 110 115 75 76 116 82 83 84 109 111 74 117,simulation,db4,usage,4,50,50,3
ALL,W-QDA:qda,16,1.5,0.02,0.048,78 79 112 114 80 113 77 81 110 115 116 84 109 75 106 107 117 73 74 76,80 78 79 77 81 112 114 113 110 115 75 76 116 82 83 84 109 111 74 117,simulation,db4,usage,4,50,50,3
W-NN,W-NN:k=3,2,,0.14,0.2,90 172 224 181 21 22 43 56 85 111 42 55 28 91 27 10 5 112 86 14,90 172 224 181 21 22 43 56 85 111 42 55 28 91 27 10 5 112 86 14,simulation,db4,energy,5,50,50,3
W-QDA,W-QDA:qda,20,,0.26,0.252,90 172 224 181 21 22 43 56 85 111 42 55 28 91 27 10 5 112 86 14,90 172 224 181 21 22 43 56 85 111 42 55 28 91 27 10 5 112 86 14,simulation,db4,energy,5,50,50,3
W-CART,W-CART:cart,31,,0.08,0.206,90 172 224 181 21 22 43 56 85 111 42 55 28 91 27 10 5 112 86 14,90 172 224 181 21 22 43 56 85 111 42 55 28 91 27 10 5 112 86 14,simulation,db4,energy,5,50,50,3
ALL,W-CART:cart,31,,0.08,0.206,90 172 224 181 21 22 43 56 85 111 42 55 28 91 27 10 5 112 86 14,90 172 224 181 21 22 43 56 85 111 42 55 28 91 27 10 5 112 86 14,simulation,db4,energy,5,50,50,3
W-NN,W-NN:k=1,4,3.0,0.04,0.122,76 75 78 108 109 113 114 85 86 110 111 116 117 79 80 81 82 83 105 73,112 75 83 109 116 74 78 80 85 108 111 76 107 114 115 117 79 84 77 82,simulation,db4,usage,5,50,50,3
W-QDA,W-QDA:qda,6,1.0,0.04,0.092,112 75 83 109 116 74 78 80 85 108 111 76 107 114 115 117 79 84 77 82,112 75 83 109 116 74 78 80 85 108 111 76 107 114 115 117 79 84 77 82,simulation,db4,usage,5,50,50,3
W-CART,W-CART:cart,7,1.0,0.02,0.188,112 75 83 109 116 74 78 80 85 108 111 76 107 114 115 117 79 84 77 82,112 75 83 109 116 74 78 80 85 108 111 76 107 114 115 117 79 84 77 82,simulation,db4,usage,5,50,50,3
ALL,W-CART:cart,7,1.0,0.02,0.188,112 75 83 109 116 74 78 80 85 108 111 76 107 114 115 117 79 84 77 82,112 75 83 109 116 74 78 80 85 108 111 76 107 114 115 117 79 84 77 82,simulation,db4,usage,5,50,50,3
W-NN,W-NN:k=3,8,,0.14,0.184,68 205 136 160 103 34 25 40 206 79 39 20 17 51 102 8 19 80 10 1,68 205 136 160 103 34 25 40 206 79 39 20 17 51 102 8 19 80 10 1,simulation,db4,energy,6,50,50,3
W-QDA,W-QDA:qda,10,,0.08,0.094,68 205 136 160 103 34 25 40 206 79 39 20 17 51 102 8 19 80 10 1,68 205 136 160 103 34 25 40 206 79 39 20 17 51 102 8 19 80 10 1,simulation,db4,energy,6,50,50,3
W-CART,W-CART:cart,13,,0.04,0.142,68 205 136 160 103 34 25 40 206 79 39 20 17 51 102 8 19 80 10 1,68 205 136 160 103 34 25 40 206 79 39 20 17 51 102 8 19 80 10 1,simulation,db4,energy,6,50,50,3
ALL,W-CART:cart,13,,0.04,0.142,68 205 136 160 103 34 25 40 206 79 39 20 17 51 102 8 19 80 10 1,68 205 136 160 103 34 25 40 206 79 39 20 17 51 102 8 19 80 10 1,simulation,db4,energy,6,50,50,3
W-NN,W-NN:k=9,2,3.0,0.08,0.212,80 83 81 86 104 105 108 106 79 82 85 87 109 76 84 112 113 114 77 78,80 81 83 111 82 108 79 107 109 110 113 78 84 112 86 105 85 87 219 103,simulation,db4,usage,6,50,50,3
W-QDA,W-QDA:qda,4,3.0,0.06,0.074,80 83 81 86 104 105 108 106 79 82 85 87 109 76 84 112 113 114 77 78,80 81 83 111 82 108 79 107 109 110 113 78 84 112 86 105 85 87 219 103,simulation,db4,usage,6,50,50,3
W-CART,W-CART:cart,18,1.5,0.06,0.138,81 80 111 82 83 79 107 108 86 112 84 109 110 113 78 85 87 103 105 106,80 81 83 111 82 108 79 107 109 110 113 78 84 112 86 105 85 87 219 103,simulation,db4,usage,6,50,50,3
ALL,W-QDA:qda,4,3.0,0.06,0.074,80 83 81 86 104 105 108 106 79 82 85 87 109 76 84 112 113 114 77 78,80 81 83 111 82 108 79 107 109 110 113 78 84 112 86 105 85 87 219 103,simulation,db4,usage,6,50,50,3
W-NN,W-NN:k=3,5,,0.02,0.172,106 100 39 158 26 159 12 25 24 212 6 403 52 101 19 200 78 201 20 49,106 100 39 158 26 159 12 25 24 212 6 403 52 101 19 200 78 201 20 49,simulation,db4,energy,7,50,50,3
W-QDA,W-QDA:qda,23,,0.36,0.396,106 100 39 158 26 159 12 25 24 212 6 403 52 101 19 200 78 201 20 49,106 100 39 158 26 159 12 25 24 212 6 403 52 101 19 200 78 201 20 49,simulation,db4,energy,7,50,50,3
W-CART,W-CART:cart,5,,0.12,0.17,106 100 39 158 26 159 12 25 24 212 6 403 52 101 19 200 78 201 20 49,106 100 39 158 26 159 12 25 24 212 6 403 52 101 19 200 78 201 20 49,simulation,db4,energy,7,50,50,3
ALL,W-NN:k=3,5,,0.02,0.172,106 100 39 158 26 159 12 25 24 212 6 403 52 101 19 200 78 201 20 49,106 100 39 158 26 159 12 25 24 212 6 403 52 101 19 200 78 201 20 49,simulation,db4,energy,7,50,50,3
W-NN,W-NN:k=1,15,3.0,0.1,0.17,107 84 104 108 79 81 106 115 73 80 82 83 109 113 118 72 75 76 77 85,80 84 107 81 82 106 111 79 85 108 109 75 83 110 78 104 112 113 115 86,simulation,db4,usage,7,50,50,3
W-QDA,W-QDA:qda,16,3.0,0.06,0.046,107 84 104 108 79 81 106 115 73 80 82 83 109 113 118 72 75 76 77 85,80 84 107 81 82 106 111 79 85 108 109 75 83 110 78 104 112 113 115 86,simulation,db4,usage,7,50,50,3
W-CART,W-CART:cart,14,2.0,0.1,0.122,84 107 83 80 79 81 82 106 104 108 85 109 110 115 75 77 105 111 72 74,80 84 107 81 82 106 111 79 85 108 109 75 83 110 78 104 112 113 115 86,simulation,db4,usage,7,50,50,3
ALL,W-QDA:qda,16,3.0,0.06,0.046,107 84 104 108 79 81 106 115 73 80 82 83 109 113 118 72 75 76 77 85,80 84 107 81 82 106 111 79 85 108 109 75 83 110 78 104 112 113 115 86,simulation,db4,usage,7,50,50,3
W-NN,W-NN:k=3,7,,0.18,0.26,112 240 45 182 225 183 60 59 30 119 113 14 29 7 27 241 15 28 22 3,112 240 45 182 225 183 60 59 30 119 113 14 29 7 27 241 15 28 22 3,simulation,db4,energy,8,50,50,3
W-QDA,W-QDA:qda,13,,0.08,0.116,112 240 45 182 225 183 60 59 30 119 113 14 29 7 27 241 15 28 22 3,112 240 45 182 225 183 60 59 30 119 113 14 29 7 27 241 15 28 22 3,simulation,db4,energy,8,50,50,3
W-CART,W-CART:cart,62,,0.04,0.126,112 240 45 182 225 183 60 59 30 119 113 14 29 7 27 241 15 28 22 3,112 240 45 182 225 183 60 59 30 119 113 14 29 7 27 241 15 28 22 3,simulation,db4,energy,8,50,50,3
ALL,W-CART:cart,62,,0.04,0.126,112 240 45 182 225 183 60 59 30 119 113 14 29 7 27 241 15 28 22 3,112 240 45 182 225 183 60 59 30 119 113 14 29 7 27 241 15 28 22 3,simulation,db4,energy,8,50,50,3
W-NN,W-NN:k=1,40,0.5,0.08,0.168,112 114 113 115 76 77 79 81 80 109 110 111 116 78 82 75 158 74 83 108,112 113 114 81 77 79 80 76 109 115 110 111 82 108 75 74 78 84 107 116,simulation,db4,usage,8,50,50,3
W-QDA,W-QDA:qda,14,2.0,0.04,0.068,113 114 77 76 79 81 80 111 110 82 83 109 112 73 75 78 108 74 84 115,112 113 114 81 77 79 80 76 109 115 110 111 82 108 75 74 78 84 107 116,simulation,db4,usage,8,50,50,3
W-CART,W-CART:cart,18,0.5,0.08,0.2,112 114 113 115 76 77 79 81 80 109 110 111 116 78 82 75 158 74 83 108,112 113 114 81 77 79 80 76 109 115 110 111 82 108 75 74 78 84 107 116,simulation,db4,usage,8,50,50,3
ALL,W-QDA:qda,14,2.0,0.04,0.068,113 114 77 76 79 81 80 111 110 82 83 109 112 73 75 78 108 74 84 115,112 113 114 81 77 79 80 76 109 115 110 111 82 108 75 74 78 84 107 116,simulation,db4,usage,8,50,50,3
W-NN,W-NN:k=3,15,,0.16,0.278,38 77 94 188 204 25 47 51 101 154 50 9 23 187 76 11 12 102 376 153,38 77 94 188 204 25 47 51 101 154 50 9 23 187 76 11 12 102 376 153,simulation,db4,energy,9,50,50,3
W-QDA,W-QDA:qda,15,,0.12,0.15,38 77 94 188 204 25 47 51 101 154 50 9 23 187 76 11 12 102 376 153,38 77 94 188 204 25 47 51 101 154 50 9 23 187 76 11 12 102 376 153,simulation,db4,energy,9,50,50,3
W-CART,W-CART:cart,56,,0.24,0.292,38 77 94 188 204 25 47 51 101 154 50 9 23 187 76 11 12 102 376 153,38 77 94 188 204 25 47 51 101 154 50 9 23 187 76 11 12 102 376 153,simulation,db4,energy,9,50,50,3
ALL,W-QDA:qda,15,,0.12,0.15,38 77 94 188 204 25 47 51 101 154 50 9 23 187 76 11 12 102 376 153,38 77 94 188 204 25 47 51 101 154 50 9 23 187 76 11 12 102 376 153,simulation,db4,energy,9,50,50,3
W-NN,W-NN:k=1,11,1.5,0.06,0.194,81 79 111 112 78 80 110 76 77 115 114 116 75 109 113 82 83 107 117 118,81 112 78 79 111 80 110 109 76 77 113 116 83 114 115 75 82 74 117 118,simulation,db4,usage,9,50,50,3
W-QDA,W-QDA:qda,13,1.0,0.08,0.126,81 112 78 79 111 80 110 109 76 77 113 116 83 114 115 75 82 74 117 118,81 112 78 79 111 80 110 109 76 77 113 116 83 114 115 75 82 74 117 118,simulation,db4,usage,9,50,50,3
W-CART,W-CART:cart,12,1.0,0.04,0.152,81 112 78 79 111 80 110 109 76 77 113 116 83 114 115 75 82 74 117 118,81 112 78 79 111 80 110 109 76 77 113 116 83 114 115 75 82 74 117 118,simulation,db4,usage,9,50,50,3
ALL,W-CART:cart,12,1.0,0.04,0.152,81 112 78 79 111 80 110 109 76 77 113 116 83 114 115 75 82 74 117 118,81 112 78 79 111 80 110 109 76 77 113 116 83 114 115 75 82 74 117 118,simulation,db4,usage,9,50,50,3
W-NN,W-NN:k=1,5,,0.06,0.136,107 235 122 244 118 61 236 59 30 14 53 243 54 29 117 27 7 431 488 108,107 235 122 244 118 61 236 59 30 14 53 243 54 29 117 27 7 431 488 108,simulation,db4,energy,10,50,50,3
W-QDA,W-QDA:qda,15,,0.0,0.064,107 235 122 244 118 61 236 59 30 14 53 243 54 29 117 27 7 431 488 108,107 235 122 244 118 61 236 59 30 14 53 243 54 29 117 27 7 431 488 108,simulation,db4,energy,10,50,50,3
W-CART,W-CART:cart,35,,0.08,0.146,107 235 122 244 118 61 236 59 30 14 53 243 54 29 117 27 7 431 488 108,107 235 122 244 118 61 236 59 30 14 53 243 54 29 117 27 7 431 488 108,simulation,db4,energy,10,50,50,3
ALL,W-QDA:qda,15,,0.0,0.064,107 235 122 244 118 61 236 59 30 14 53 243 54 29 117 27 7 431 488 108,107 235 122 244 118 61 236 59 30 14 53 243 54 29 117 27 7 431 488 108,simulation,db4,energy,10,50,50,3
W-NN,W-NN:k=1,5,3.0,0.04,0.156,106 84 107 83 104 108 110 82 109 87 81 85 105 111 42 73 86 88 113 115,109 108 106 111 83 110 81 82 107 104 84 115 112 113 85 116 77 78 76 79,simulation,db4,usage,10,50,50,3
W-QDA,W-QDA:qda,3,2.0,0.02,0.11,106 107 84 109 83 108 82 104 110 81 105 111 113 115 76 85 78 79 87 88,109 108 106 111 83 110 81 82 107 104 84 115 112 113 85 116 77 78 76 79,simulation,db4,usage,10,50,50,3
W-CART,W-CART:cart,9,3.0,0.04,0.154,106 84 107 83 104 108 110 82 109 87 81 85 105 111 42 73 86 88 113 115,109 108 106 111 83 110 81 82 107 104 84 115 112 113 85 116 77 78 76 79,simulation,db4,usage,10,50,50,3
ALL,W-QDA:qda,3,2.0,0.02,0.11,106 107 84 109 83 108 82 104 110 81 105 111 113 115 76 85 78 79 87 88,109 108 106 111 83 110 81 82 107 104 84 115 112 113 85 116 77 78 76 79,simulation,db4,usage,10,50,50,3
W-NN,W-NN:k=5,1,,0.08,0.158,120 38 111 55 223 77 76 9 29 30 7 153 240 14 15 59 28 56 446 224,120 38 111 55 223 77 76 9 29 30 7 153 240 14 15 59 28 56 446 224,simulation,db4,energy,11,50,50,3
W-QDA,W-QDA:qda,9,,0.4,0.268,120 38 111 55 223 77 76 9 29 30 7 153 240 14 15 59 28 56 446 224,120 38 111 55 223 77 76 9 29 30 7 153 240 14 15 59 28 56 446 224,simulation,db4,energy,11,50,50,3
W-CART,W-CART:cart,7,,0.14,0.162,120 38 111 55 223 77 76 9 29 30 7 153 240 14 15 59 28 56 446 224,120 38 111 55 223 77 76 9 29 30 7 153 240 14 15 59 28 56 446 224,simulation,db4,energy,11,50,50,3
ALL,W-NN:k=5,1,,0.08,0.158,120 38 111 55 223 77 76 9 29 30 7 153 240 14 15 59 28 56 446 224,120 38 111 55 223 77 76 9 29 30 7 153 240 14 15 59 28 56 446 224,simulation,db4,energy,11,50,50,3
W-NN,W-NN:k=3,3,0.5,0.06,0.22,76 80 81 82 108 115 75 109 113 114 77 78 107 111 112 79 83 84 110 116,76 80 113 115 77 78 79 108 112 75 82 109 111 81 114 116 117 107 110 84,simulation,db4,usage,11,50,50,3
W-QDA,W-QDA:qda,6,0.5,0.06,0.11,76 80 81 82 108 115 75 109 113 114 77 78 107 111 112 79 83 84 110 116,76 80 113 115 77 78 79 108 112 75 82 109 111 81 114 116 117 107 110 84,simulation,db4,usage,11,50,50,3
W-CART,W-CART:cart,36,1.0,0.06,0.124,76 80 113 115 77 78 79 108 112 75 82 109 111 81 114 116 117 107 110 84,76 80 113 115 77 78 79 108 112 75 82 109 111 81 114 116 117 107 110 84,simulation,db4,usage,11,50,50,3
ALL,W-NN:k=3,3,0.5,0.06,0.22,76 80 81 82 108 115 75 109 113 114 77 78 107 111 112 79 83 84 110 116,76 80 113 115 77 78 79 108 112 75 82 109 111 81 114 116 117 107 110 84,simulation,db4,usage,11,50,50,3
W-NN,W-NN:k=1,1,,0.12,0.158,74 56 49 99 226 18 227 198 24 98 148 4 36 3 112 13 197 1 14 6,74 56 49 99 226 18 227 198 24 98 148 4 36 3 112 13 197 1 14 6,simulation,db4,energy,12,50,50,3
W-QDA,W-QDA:qda,1,,0.12,0.152,74 56 49 99 226 18 227 198 24 98 148 4 36 3 112 13 197 1 14 6,74 56 49 99 226 18 227 198 24 98 148 4 36 3 112 13 197 1 14 6,simulation,db4,energy,12,50,50,3
W-CART,W-CART:cart,59,,0.08,0.142,74 56 49 99 226 18 227 198 24 98 148 4 36 3 112 13 197 1 14 6,74 56 49 99 226 18 227 198 24 98 148 4 36 3 112 13 197 1 14 6,simulation,db4,energy,12,50,50,3
ALL,W-CART:cart,59,,0.08,0.142,74 56 49 99 226 18 227 198 24 98 148 4 36 3 112 13 197 1 14 6,74 56 49 99 226 18 227 198 24 98 148 4 36 3 112 13 197 1 14 6,simulation,db4,energy,12,50,50,3
W-NN,W-NN:k=1,10,2.0,0.08,0.154,116 115 75 83 109 114 74 76 79 82 85 117 72 73 107 108 112 113 118 119,116 76 79 113 115 75 114 73 77 80 83 85 106 107 109 112 117 81 82 84,simulation,db4,usage,12,50,50,3
W-QDA,W-QDA:qda,11,3.0,0.02,0.036,115 116 85 75 72 114 117 119 73 77 82 118 74 109 113 83 84 106 108 110,116 76 79 113 115 75 114 73 77 80 83 85 106 107 109 112 117 81 82 84,simulation,db4,usage,12,50,50,3
W-CART,W-CART:cart,42,3.0,0.14,0.202,115 116 85 75 72 114 117 119 73 77 82 118 74 109 113 83 84 106 108 110,116 76 79 113 115 75 114 73 77 80 83 85 106 107 109 112 117 81 82 84,simulation,db4,usage,12,50,50,3
ALL,W-QDA:qda,11,3.0,0.02,0.036,115 116 85 75 72 114 117 119 73 77 82 118 74 109 113 83 84 106 108 110,116 76 79 113 115 75 114 73 77 80 83 85 106 107 109 112 117 81 82 84,simulation,db4,usage,12,50,50,3
W-NN,W-NN:k=1,50,,0.06,0.126,93 115 57 231 104 187 52 103 26 47 51 94 11 207 6 13 29 46 3 23,93 115 57 231 104 187 52 103 26 47 51 94 11 207 6 13 29 46 3 23,simulation,db4,energy,13,50,50,3
W-QDA,W-QDA:qda,9,,0.02,0.06,93 115 57 231 104 187 52 103 26 47 51 94 11 207 6 13 29 46 3 23,93 115 57 231 104 187 52 103 26 47 51 94 11 207 6 13 29 46 3 23,simulation,db4,energy,13,50,50,3
W-CART,W-CART:cart,28,,0.06,0.11,93 115 57 231 104 187 52 103 26 47 51 94 11 207 6 13 29 46 3 23,93 115 57 231 104 187 52 103 26 47 51 94 11 207 6 13 29 46 3 23,simulation,db4,energy,13,50,50,3
ALL,W-QDA:qda,9,,0.02,0.06,93 115 57 231 104 187 52 103 26 47 51 94 11 207 6 13 29 46 3 23,93 115 57 231 104 187 52 103 26 47 51 94 11 207 6 13 29 46 3 23,simulation,db4,energy,13,50,50,3
W-NN,W-NN:k=1,59,3.0,0.06,0.2,77 79 76 113 78 117 114 83 111 74 75 105 110 112 115 80 104 116 119 72,75 112 77 76 78 79 111 115 80 113 116 117 108 110 114 74 81 83 84 109,simulation,db4,usage,13,50,50,3
W-QDA,W-QDA:qda,15,2.0,0.08,0.104,79 77 113 112 117 76 78 111 83 84 110 74 75 104 105 107 114 81 115 116,75 112 77 76 78 79 111 115 80 113 116 117 108 110 114 74 81 83 84 109,simulation,db4,usage,13,50,50,3
W-CART,W-CART:cart,12,3.0,0.04,0.104,77 79 76 113 78 117 114 83 111 74 75 105 110 112 115 80 104 116 119 72,75 112 77 76 78 79 111 115 80 113 116 117 108 110 114 74 81 83 84 109,simulation,db4,usage,13,50,50,3
ALL,W-CART:cart,12,3.0,0.04,0.104,77 79 76 113 78 117 114 83 111 74 75 105 110 112 115 80 104 116 119 72,75 112 77 76 78 79 111 115 80 113 116 117 108 110 114 74 81 83 84 109,simulation,db4,usage,13,50,50,3
W-NN,W-NN:k=3,5,,0.14,0.166,47 107 121 242 215 94 60 95 54 108 241 23 27 7 6 381 484 53 29 189,47 107 121 242 215 94 60 95 54 108 241 23 27 7 6 381 484 53 29 189,simulation,db4,energy,14,50,50,3
W-QDA,W-QDA:qda,13,,0.1,0.068,47 107 121 242 215 94 60 95 54 108 241 23 27 7 6 381 484 53 29 189,47 107 121 242 215 94 60 95 54 108 241 23 27 7 6 381 484 53 29 189,simulation,db4,energy,14,50,50,3
W-CART,W-CART:cart,10,,0.2,0.226,47 107 121 242 215 94 60 95 54 108 241 23 27 7 6 381 484 53 29 189,47 107 121 242 215 94 60 95 54 108 241 23 27 7 6 381 484 53 29 189,simulation,db4,energy,14,50,50,3
ALL,W-QDA:qda,13,,0.1,0.068,47 107 121 242 215 94 60 95 54 108 241 23 27 7 6 381 484 53 29 189,47 107 121 242 215 94 60 95 54 108 241 23 27 7 6 381 484 53 29 189,simulation,db4,energy,14,50,50,3
W-NN,W-NN:k=1,3,2.0,0.0,0.096,74 116 107 78 83 73 82 84 106 108 113 76 114 117 118 70 109 112 115 77,74 75 82 116 73 78 83 113 76 108 110 112 114 117 118 77 107 111 81 84,simulation,db4,usage,14,50,50,3
W-QDA,W-QDA:qda,5,1.0,0.0,0.044,74 75 82 116 73 78 83 113 76 108 110 112 114 117 118 77 107 111 81 84,74 75 82 116 73 78 83 113 76 108 110 112 114 117 118 77 107 111 81 84,simulation,db4,usage,14,50,50,3
W-CART,W-CART:cart,8,2.0,0.06,0.158,74 116 107 78 83 73 82 84 106 108 113 76 114 117 118 70 109 112 115 77,74 75 82 116 73 78 83 113 76 108 110 112 114 117 118 77 107 111 81 84,simulation,db4,usage,14,50,50,3
ALL,W-NN:k=1,3,2.0,0.0,0.096,74 116 107 78 83 73 82 84 106 108 113 76 114 117 118 70 109 112 115 77,74 75 82 116 73 78 83 113 76 108 110 112 114 117 118 77 107 111 81 84,simulation,db4,usage,14,50,50,3
W-NN,W-NN:k=1,5,,0.1,0.15,110 124 106 249 213 27 26 15 107 125 30 31 6 443 111 220 54 221 7 442,110 124 106 249 213 27 26 15 107 125 30 31 6 443 111 220 54 221 7 442,simulation,db4,energy,15,50,50,3
W-QDA,W-QDA:qda,7,,0.08,0.094,110 124 106 249 213 27 26 15 107 125 30 31 6 443 111 220 54 221 7 442,110 124 106 249 213 27 26 15 107 125 30 31 6 443 111 220 54 221 7 442,simulation,db4,energy,15,50,50,3
W-CART,W-CART:cart,8,,0.12,0.208,110 124 106 249 213 27 26 15 107 125 30 31 6 443 111 220 54 221 7 442,110 124 106 249 213 27 26 15 107 125 30 31 6 443 111 220 54 221 7 442,simulation,db4,energy,15,50,50,3
ALL,W-QDA:qda,7,,0.08,0.094,110 124 106 249 213 27 26 15 107 125 30 31 6 443 111 220 54 221 7 442,110 124 106 249 213 27 26 15 107 125 30 31 6 443 111 220 54 221 7 442,simulation,db4,energy,15,50,50,3
W-NN,W-NN:k=1,9,0.5,0.1,0.18,110 109 80 111 112 106 107 82 84 83 77 79 81 108 163 165 78 105 114 215,110 109 80 82 111 84 106 108 112 77 79 83 107 78 81 105 114 215 85 113,simulation,db4,usage,15,50,50,3
W-QDA,W-QDA:qda,6,1.0,0.16,0.148,110 109 80 82 111 84 106 108 112 77 79 83 107 78 81 105 114 215 85 113,110 109 80 82 111 84 106 108 112 77 79 83 107 78 81 105 114 215 85 113,simulation,db4,usage,15,50,50,3
W-CART,W-CART:cart,18,3.0,0.08,0.172,107 110 111 83 109 81 106 108 78 85 79 80 82 84 86 87 105 112 115 77,110 109 80 82 111 84 106 108 112 77 79 83 107 78 81 105 114 215 85 113,simulation,db4,usage,15,50,50,3
ALL,W-CART:cart,18,3.0,0.08,0.172,107 110 111 83 109 81 106 108 78 85 79 80 82 84 86 87 105 112 115 77,110 109 80 82 111 84 106 108 112 77 79 83 107 78 81 105 114 215 85 113,simulation,db4,usage,15,50,50,3
W-NN,W-NN:k=5,1,,0.06,0.12,73 48 36 96 71 72 97 18 35 4 37 9 17 289 389 295 74 8 146 143,73 48 36 96 71 72 97 18 35 4 37 9 17 289 389 295 74 8 146 143,simulation,db4,energy,16,50,50,3
W-QDA,W-QDA:qda,12,,0.38,0.392,73 48 36 96 71 72 97 18 35 4 37 9 17 289 389 295 74 8 146 143,73 48 36 96 71 72 97 18 35 4 37 9 17 289 389 295 74 8 146 143,simulation,db4,energy,16,50,50,3
W-CART,W-CART:cart,4,,0.06,0.116,73 48 36 96 71 72 97 18 35 4 37 9 17 289 389 295 74 8 146 143,73 48 36 96 71 72 97 18 35 4 37 9 17 289 389 295 74 8 146 143,simulation,db4,energy,16,50,50,3
ALL,W-NN:k=5,1,,0.06,0.12,73 48 36 96 71 72 97 18 35 4 37 9 17 289 389 295 74 8 146 143,73 48 36 96 71 72 97 18 35 4 37 9 17 289 389 295 74 8 146 143,simulation,db4,energy,16,50,50,3
W-NN,W-NN:k=1,51,3.0,0.02,0.204,115 116 79 75 80 81 113 117 74 78 110 111 114 73 76 77 82 112 118 72,78 111 112 77 79 115 81 110 74 76 80 113 116 117 73 75 114 82 108 109,simulation,db4,usage,16,50,50,3
W-QDA,W-QDA:qda,5,2.0,0.06,0.068,115 75 78 82 117 73 81 114 76 79 80 112 113 116 74 111 72 110 77 109,78 111 112 77 79 115 81 110 74 76 80 113 116 117 73 75 114 82 108 109,simulation,db4,usage,16,50,50,3
W-CART,W-CART:cart,44,0.5,0.0,0.084,112 78 114 79 113 77 111 76 80 81 110 115 74 109 116 75 82 72 73 83,78 111 112 77 79 115 81 110 74 76 80 113 116 117 73 75 114 82 108 109,simulation,db4,usage,16,50,50,3
ALL,W-CART:cart,44,0.5,0.0,0.084,112 78 114 79 113 77 111 76 80 81 110 115 74 109 116 75 82 72 73 83,78 111 112 77 79 115 81 110 74 76 80 113 116 117 73 75 114 82 108 109,simulation,db4,usage,16,50,50,3
W-NN,W-NN:k=1,3,,0.14,0.29,122 44 176 178 30 179 43 22 5 87 11 21 244 177 10 7 60 88 45 89,122 44 176 178 30 179 43 22 5 87 11 21 244 177 10 7 60 88 45 89,simulation,db4,energy,17,50,50,3
W-QDA,W-QDA:qda,18,,0.14,0.228,122 44 176 178 30 179 43 22 5 87 11 21 244 177 10 7 60 88 45 89,122 44 176 178 30 179 43 22 5 87 11 21 244 177 10 7 60 88 45 89,simulation,db4,energy,17,50,50,3
W-CART,W-CART:cart,56,,0.08,0.142,122 44 176 178 30 179 43 22 5 87 11 21 244 177 10 7 60 88 45 89,122 44 176 178 30 179 43 22 5 87 11 21 244 177 10 7 60 88 45 89,simulation,db4,energy,17,50,50,3
ALL,W-CART:cart,56,,0.08,0.142,122 44 176 178 30 179 43 22 5 87 11 21 244 177 10 7 60 88 45 89,122 44 176 178 30 179 43 22 5 87 11 21 244 177 10 7 60 88 45 89,simulation,db4,energy,17,50,50,3
W-NN,W-NN:k=3,1,3.0,0.08,0.106,117 75 77 118 80 109 110 115 116 108 113 76 79 82 106 114 71 74 78 84,79 80 78 112 81 108 110 111 77 117 76 113 75 114 116 83 84 109 82 85,simulation,db4,usage,17,50,50,3
W-QDA,W-QDA:qda,2,3.0,0.02,0.084,117 75 77 118 80 109 110 115 116 108 113 76 79 82 106 114 71 74 78 84,79 80 78 112 81 108 110 111 77 117 76 113 75 114 116 83 84 109 82 85,simulation,db4,usage,17,50,50,3
W-CART,W-CART:cart,26,2.0,0.04,0.088,77 76 80 116 117 75 81 109 110 114 118 78 111 113 115 79 82 84 108 112,79 80 78 112 81 108 110 111 77 117 76 113 75 114 116 83 84 109 82 85,simulation,db4,usage,17,50,50,3
ALL,W-QDA:qda,2,3.0,0.02,0.084,117 75 77 118 80 109 110 115 116 108 113 76 79 82 106 114 71 74 78 84,79 80 78 112 81 108 110 111 77 117 76 113 75 114 116 83 84 109 82 85,simulation,db4,usage,17,50,50,3
W-NN,W-NN:k=1,61,,0.12,0.142,125 251 62 153 20 41 81 76 82 9 40 37 15 19 152 38 18 4 306 329,125 251 62 153 20 41 81 76 82 9 40 37 15 19 152 38 18 4 306 329,simulation,db4,energy,18,50,50,3
W-QDA,W-QDA:qda,13,,0.16,0.152,125 251 62 153 20 41 81 76 82 9 40 37 15 19 152 38 18 4 306 329,125 251 62 153 20 41 81 76 82 9 40 37 15 19 152 38 18 4 306 329,simulation,db4,energy,18,50,50,3
W-CART,W-CART:cart,24,,0.2,0.292,125 251 62 153 20 41 81 76 82 9 40 37 15 19 152 38 18 4 306 329,125 251 62 153 20 41 81 76 82 9 40 37 15 19 152 38 18 4 306 329,simulation,db4,energy,18,50,50,3
ALL,W-NN:k=1,61,,0.12,0.142,125 251 62 153 20 41 81 76 82 9 40 37 15 19 152 38 18 4 306 329,125 251 62 153 20 41 81 76 82 9 40 37 15 19 152 38 18 4 306 329,simulation,db4,energy,18,50,50,3
W-NN,W-NN:k=3,15,1.5,0.12,0.196,112 114 80 75 81 82 110 111 113 116 76 78 79 83 74 77 106 118 107 119,112 111 113 79 81 110 114 78 80 116 75 77 82 106 76 83 107 118 73 74,simulation,db4,usage,18,50,50,3
W-QDA,W-QDA:qda,18,3.0,0.04,0.072,81 83 108 111 116 119 76 107 113 117 118 70 73 74 75 80 82 84 106 112,112 111 113 79 81 110 114 78 80 116 75 77 82 106 76 83 107 118 73 74,simulation,db4,usage,18,50,50,3
W-CART,W-CART:cart,12,3.0,0.16,0.134,81 83 108 111 116 119 76 107 113 117 118 70 73 74 75 80 82 84 106 112,112 111 113 79 81 110 114 78 80 116 75 77 82 106 76 83 107 118 73 74,simulation,db4,usage,18,50,50,3
ALL,W-QDA:qda,18,3.0,0.04,0.072,81 83 108 111 116 119 76 107 113 117 118 70 73 74 75 80 82 84 106 112,112 111 113 79 81 110 114 78 80 116 75 77 82 106 76 83 107 118 73 74,simulation,db4,usage,18,50,50,3
W-NN,W-NN:k=5,5,,0.06,0.098,85 92 171 69 42 184 138 46 34 8 10 23 137 11 276 2 16 43 275 185,85 92 171 69 42 184 138 46 34 8 10 23 137 11 276 2 16 43 275 185,simulation,db4,energy,19,50,50,3
W-QDA,W-QDA:qda,10,,0.22,0.162,85 92 171 69 42 184 138 46 34 8 10 23 137 11 276 2 16 43 275 185,85 92 171 69 42 184 138 46 34 8 10 23 137 11 276 2 16 43 275 185,simulation,db4,energy,19,50,50,3
W-CART,W-CART:cart,18,,0.12,0.114,85 92 171 69 42 184 138 46 34 8 10 23 137 11 276 2 16 43 275 185,85 92 171 69 42 184 138 46 34 8 10 23 137 11 276 2 16 43 275 185,simulation,db4,energy,19,50,50,3
ALL,W-NN:k=5,5,,0.06,0.098,85 92 171 69 42 184 138 46 34 8 10 23 137 11 276 2 16 43 275 185,85 92 171 69 42 184 138 46 34 8 10 23 137 11 276 2 16 43 275 185,simulation,db4,energy,19,50,50,3
W-NN,W-NN:k=1,40,3.0,0.06,0.14,81 84 85 79 104 105 106 108 86 87 88 103 75 83 107 109 110 112 116 76,81 85 79 107 108 83 78 105 112 80 84 86 106 110 115 76 77 82 104 111,simulation,db4,usage,19,50,50,3
W-QDA,W-QDA:qda,7,3.0,0.1,0.1,81 84 85 79 104 105 106 108 86 87 88 103 75 83 107 109 110 112 116 76,81 85 79 107 108 83 78 105 112 80 84 86 106 110 115 76 77 82 104 111,simulation,db4,usage,19,50,50,3
W-CART,W-CART:cart,14,1.5,0.08,0.184,79 81 108 80 84 76 78 85 106 107 110 111 77 87 104 105 109 82 83 86,81 85 79 107 108 83 78 105 112 80 84 86 106 110 115 76 77 82 104 111,simulation,db4,usage,19,50,50,3
ALL,W-NN:k=1,40,3.0,0.06,0.14,81 84 85 79 104 105 106 108 86 87 88 103 75 83 107 109 110 112 116 76,81 85 79 107 108 83 78 105 112 80 84 86 106 110 115 76 77 82 104 111,simulation,db4,usage,19,50,50,3
W-NN,W-NN:k=1,23,,0.1,0.164,71 119 142 238 90 35 45 22 59 89 29 17 44 237 179 5 476 475 284 143,71 119 142 238 90 35 45 22 59 89 29 17 44 237 179 5 476 475 284 143,simulation,db4,energy,20,50,50,3
W-QDA,W-QDA:qda,6,,0.06,0.082,71 119 142 238 90 35 45 22 59 89 29 17 44 237 179 5 476 475 284 143,71 119 142 238 90 35 45 22 59 89 29 17 44 237 179 5 476 475 284 143,simulation,db4,energy,20,50,50,3
W-CART,W-CART:cart,2,,0.08,0.174,71 119 142 238 90 35 45 22 59 89 29 17 44 237 179 5 476 475 284 143,71 119 142 238 90 35 45 22 59 89 29 17 44 237 179 5 476 475 284 143,simulation,db4,energy,20,50,50,3
ALL,W-QDA:qda,6,,0.06,0.082,71 119 142 238 90 35 45 22 59 89 29 17 44 237 179 5 476 475 284 143,71 119 142 238 90 35 45 22 59 89 29 17 44 237 179 5 476 475 284 143,simulation,db4,energy,20,50,50,3
W-NN,W-NN:k=3,3,2.0,0.06,0.13,116 75 72 78 106 109 119 76 79 85 105 118 77 82 111 112 117 80 86 104,80 111 75 110 79 109 116 112 74 76 78 115 118 81 83 85 108 113 117 72,simulation,db4,usage,20,50,50,3
W-QDA,W-QDA:qda,4,3.0,0.0,0.102,117 119 72 76 85 116 106 118 75 77 78 79 86 105 112 74 104 107 108 114,80 111 75 110 79 109 116 112 74 76 78 115 118 81 83 85 108 113 117 72,simulation,db4,usage,20,50,50,3
W-CART,W-CART:cart,25,3.0,0.04,0.162,117 119 72 76 85 116 106 118 75 77 78 79 86 105 112 74 104 107 108 114,80 111 75 110 79 109 116 112 74 76 78 115 118 81 83 85 108 113 117 72,simulation,db4,usage,20,50,50,3
ALL,W-QDA:qda,4,3.0,0.0,0.102,117 119 72 76 85 116 106 118 75 77 78 79 86 105 112 74 104 107 108 114,80 111 75 110 79 109 116 112 74 76 78 115 118 81 83 85 108 113 117 72,simulation,db4,usage,20,50,50,3
W-NN,W-NN:k=1,4,,0.02,0.136,74 42 78 156 171 18 39 85 19 10 170 9 4 75 342 299 148 149 36 2,74 42 78 156 171 18 39 85 19 10 170 9 4 75 342 299 148 149 36 2,simulation,db4,energy,21,50,50,3
W-QDA,W-QDA:qda,5,,0.1,0.088,74 42 78 156 171 18 39 85 19 10 170 9 4 75 342 299 148 149 36 2,74 42 78 156 171 18 39 85 19 10 170 9 4 75 342 299 148 149 36 2,simulation,db4,energy,21,50,50,3
W-CART,W-CART:cart,3,,0.14,0.122,74 42 78 156 171 18 39 85 19 10 170 9 4 75 342 299 148 149 36 2,74 42 78 156 171 18 39 85 19 10 170 9 4 75 342 299 148 149 36 2,simulation,db4,energy,21,50,50,3
ALL,W-NN:k=1,4,,0.02,0.136,74 42 78 156 171 18 39 85 19 10 170 9 4 75 342 299 148 149 36 2,74 42 78 156 171 18 39 85 19 10 170 9 4 75 342 299 148 149 36 2,simulation,db4,energy,21,50,50,3
W-NN,W-NN:k=1,3,0.5,0.08,0.21,77 80 107 109 81 82 108 79 84 111 83 106 85 105 110 114 76 78 112 86,84 107 77 108 79 106 111 76 78 80 81 82 83 110 112 105 109 114 104 113,simulation,db4,usage,21,50,50,3
W-QDA,W-QDA:qda,7,3.0,0.02,0.076,78 79 105 107 104 106 110 111 81 82 85 83 108 114 74 77 84 86 103 109,84 107 77 108 79 106 111 76 78 80 81 82 83 110 112 105 109 114 104 113,simulation,db4,usage,21,50,50,3
W-CART,W-CART:cart,19,3.0,0.04,0.118,78 79 105 107 104 106 110 111 81 82 85 83 108 114 74 77 84 86 103 109,84 107 77 108 79 106 111 76 78 80 81 82 83 110 112 105 109 114 104 113,simulation,db4,usage,21,50,50,3
ALL,W-QDA:qda,7,3.0,0.02,0.076,78 79 105 107 104 106 110 111 81 82 85 83 108 114 74 77 84 86 103 109,84 107 77 108 79 106 111 76 78 80 81 82 83 110 112 105 109 114 104 113,simulation,db4,usage,21,50,50,3
W-NN,W-NN:k=1,24,,0.08,0.134,35 142 62 250 70 143 17 15 124 18 9 251 4 1 36 0 34 72 30 144,35 142 62 250 70 143 17 15 124 18 9 251 4 1 36 0 34 72 30 144,simulation,db4,energy,22,50,50,3
W-QDA,W-QDA:qda,10,,0.1,0.146,35 142 62 250 70 143 17 15 124 18 9 251 4 1 36 0 34 72 30 144,35 142 62 250 70 143 17 15 124 18 9 251 4 1 36 0 34 72 30 144,simulation,db4,energy,22,50,50,3
W-CART,W-CART:cart,33,,0.04,0.152,35 142 62 250 70 143 17 15 124 18 9 251 4 1 36 0 34 72 30 144,35 142 62 250 70 143 17 15 124 18 9 251 4 1 36 0 34 72 30 144,simulation,db4,energy,22,50,50,3
ALL,W-CART:cart,33,,0.04,0.152,35 142 62 250 70 143 17 15 124 18 9 251 4 1 36 0 34 72 30 144,35 142 62 250 70 143 17 15 124 18 9 251 4 1 36 0 34 72 30 144,simulation,db4,energy,22,50,50,3
W-NN,W-NN:k=1,6,2.0,0.04,0.13,72 115 117 73 74 77 118 70 75 76 78 114 116 112 120 121 71 113 84 119,76 112 115 72 114 118 73 116 117 77 79 70 74 78 108 113 75 110 71 111,simulation,db4,usage,22,50,50,3
W-QDA,W-QDA:qda,3,1.5,0.08,0.112,115 72 73 118 117 74 76 77 116 75 70 78 79 112 114 121 71 113 120 111,76 112 115 72 114 118 73 116 117 77 79 70 74 78 108 113 75 110 71 111,simulation,db4,usage,22,50,50,3
W-CART,W-CART:cart,3,1.5,0.06,0.114,115 72 73 118 117 74 76 77 116 75 70 78 79 112 114 121 71 113 120 111,76 112 115 72 114 118 73 116 117 77 79 70 74 78 108 113 75 110 71 111,simulation,db4,usage,22,50,50,3
ALL,W-NN:k=1,6,2.0,0.04,0.13,72 115 117 73 74 77 118 70 75 76 78 114 116 112 120 121 71 113 84 119,76 112 115 72 114 118 73 116 117 77 79 70 74 78 108 113 75 110 71 111,simulation,db4,usage,22,50,50,3
W-NN,W-NN:k=1,52,,0.1,0.196,112 122 44 245 179 225 30 89 178 60 7 113 27 14 5 28 358 61 3 10,112 122 44 245 179 225 30 89 178 60 7 113 27 14 5 28 358 61 3 10,simulation,db4,energy,23,50,50,3
W-QDA,W-QDA:qda,12,,0.04,0.136,112 122 44 245 179 225 30 89 178 60 7 113 27 14 5 28 358 61 3 10,112 122 44 245 179 225 30 89 178 60 7 113 27 14 5 28 358 61 3 10,simulation,db4,energy,23,50,50,3
W-CART,W-CART:cart,35,,0.02,0.18,112 122 44 245 179 225 30 89 178 60 7 113 27 14 5 28 358 61 3 10,112 122 44 245 179 225 30 89 178 60 7 113 27 14 5 28 358 61 3 10,simulation,db4,energy,23,50,50,3
ALL,W-CART:cart,35,,0.02,0.18,112 122 44 245 179 225 30 89 178 60 7 113 27 14 5 28 358 61 3 10,112 122 44 245 179 225 30 89 178 60 7 113 27 14 5 28 358 61 3 10,simulation,db4,energy,23,50,50,3
W-NN,W-NN:k=3,13,0.5,0.08,0.112,111 112 79 80 81 76 82 107 109 113 114 77 83 108 78 115 106 110 84 75,111 112 79 109 113 81 114 76 77 84 80 82 83 107 110 78 108 115 75 106,simulation,db4,usage,23,50,50,3
W-QDA,W-QDA:qda,15,1.5,0.02,0.074,112 79 81 108 109 84 107 114 77 80 82 83 111 113 110 115 78 106 116 118,111 112 79 109 113 81 114 76 77 84 80 82 83 107 110 78 108 115 75 106,simulation,db4,usage,23,50,50,3
W-CART,W-CART:cart,19,2.0,0.06,0.112,112 107 80 108 109 114 79 81 82 84 78 110 115 116 75 77 113 83 106 111,111 112 79 109 113 81 114 76 77 84 80 82 83 107 110 78 108 115 75 106,simulation,db4,usage,23,50,50,3
ALL,W-QDA:qda,15,1.5,0.02,0.074,112 79 81 108 109 84 107 114 77 80 82 83 111 113 110 115 78 106 116 118,111 112 79 109 113 81 114 76 77 84 80 82 83 107 110 78 108 115 75 106,simulation,db4,usage,23,50,50,3
W-NN,W-NN:k=5,1,,0.16,0.274,90 124 201 248 22 101 62 202 12 31 50 100 15 5 24 363 91 180 25 181,90 124 201 248 22 101 62 202 12 31 50 100 15 5 24 363 91 180 25 181,simulation,db4,energy,24,50,50,3
W-QDA,W-QDA:qda,21,,0.16,0.256,90 124 201 248 22 101 62 202 12 31 50 100 15 5 24 363 91 180 25 181,90 124 201 248 22 101 62 202 12 31 50 100 15 5 24 363 91 180 25 181,simulation,db4,energy,24,50,50,3
W-CART,W-CART:cart,33,,0.1,0.25,90 124 201 248 22 101 62 202 12 31 50 100 15 5 24 363 91 180 25 181,90 124 201 248 22 101 62 202 12 31 50 100 15 5 24 363 91 180 25 181,simulation,db4,energy,24,50,50,3
ALL,W-CART:cart,33,,0.1,0.25,90 124 201 248 22 101 62 202 12 31 50 100 15 5 24 363 91 180 25 181,90 124 201 248 22 101 62 202 12 31 50 100 15 5 24 363 91 180 25 181,simulation,db4,energy,24,50,50,3
W-NN,W-NN:k=3,9,3.0,0.08,0.228,76 77 84 78 75 109 110 113 115 74 107 111 73 106 108 112 114 116 79 85,109 80 81 112 79 108 110 77 111 113 114 78 82 84 107 116 75 76 106 74,simulation,db4,usage,24,50,50,3
W-QDA,W-QDA:qda,15,0.5,0.02,0.122,112 79 109 111 81 108 110 78 80 113 83 114 75 82 84 76 77 107 159 163,109 80 81 112 79 108 110 77 111 113 114 78 82 84 107 116 75 76 106 74,simulation,db4,usage,24,50,50,3
W-CART,W-CART:cart,31,3.0,0.04,0.13,76 77 84 78 75 109 110 113 115 74 107 111 73 106 108 112 114 116 79 85,109 80 81 112 79 108 110 77 111 113 114 78 82 84 107 116 75 76 106 74,simulation,db4,usage,24,50,50,3
ALL,W-QDA:qda,15,0.5,0.02,0.122,112 79 109 111 81 108 110 78 80 113 83 114 75 82 84 76 77 107 159 163,109 80 81 112 79 108 110 77 111 113 114 78 82 84 107 116 75 76 106 74,simulation,db4,usage,24,50,50,3
W-NN,W-NN:k=1,3,,0.2,0.266,81 112 71 35 225 143 40 28 27 9 162 55 41 18 14 36 4 224 142 2,81 112 71 35 225 143 40 28 27 9 162 55 41 18 14 36 4 224 142 2,simulation,db4,energy,25,50,50,3
W-QDA,W-QDA:qda,9,,0.22,0.23,81 112 71 35 225 143 40 28 27 9 162 55 41 18 14 36 4 224 142 2,81 112 71 35 225 143 40 28 27 9 162 55 41 18 14 36 4 224 142 2,simulation,db4,energy,25,50,50,3
W-CART,W-CART:cart,64,,0.12,0.144,81 112 71 35 225 143 40 28 27 9 162 55 41 18 14 36 4 224 142 2,81 112 71 35 225 143 40 28 27 9 162 55 41 18 14 36 4 224 142 2,simulation,db4,energy,25,50,50,3
ALL,W-CART:cart,64,,0.12,0.144,81 112 71 35 225 143 40 28 27 9 162 55 41 18 14 36 4 224 142 2,81 112 71 35 225 143 40 28 27 9 162 55 41 18 14 36 4 224 142 2,simulation,db4,energy,25,50,50,3
W-NN,W-NN:k=1,4,3.0,0.12,0.184,76 79 110 114 77 78 80 116 75 81 112 113 115 111 109 82 84 55 56 108,78 114 77 75 76 79 81 112 115 80 111 113 116 74 109 110 108 73 85 107,simulation,db4,usage,25,50,50,3
W-QDA,W-QDA:qda,5,1.0,0.12,0.194,78 114 77 75 76 79 81 112 115 80 111 113 116 74 109 110 108 73 85 107,78 114 77 75 76 79 81 112 115 80 111 113 116 74 109 110 108 73 85 107,simulation,db4,usage,25,50,50,3
W-CART,W-CART:cart,10,1.0,0.12,0.202,78 114 77 75 76 79 81 112 115 80 111 113 116 74 109 110 108 73 85 107,78 114 77 75 76 79 81 112 115 80 111 113 116 74 109 110 108 73 85 107,simulation,db4,usage,25,50,50,3
ALL,W-NN:k=1,4,3.0,0.12,0.184,76 79 110 114 77 78 80 116 75 81 112 113 115 111 109 82 84 55 56 108,78 114 77 75 76 79 81 112 115 80 111 113 116 74 109 110 108 73 85 107,simulation,db4,usage,25,50,50,3
W-NN,W-NN:k=1,3,,0.1,0.226,87 159 213 26 80 160 106 40 43 52 212 20 79 53 174 44 22 6 426 5,87 159 213 26 80 160 106 40 43 52 212 20 79 53 174 44 22 6 426 5,simulation,db4,energy,26,50,50,3
W-QDA,W-QDA:qda,7,,0.04,0.05,87 159 213 26 80 160 106 40 43 52 212 20 79 53 174 44 22 6 426 5,87 159 213 26 80 160 106 40 43 52 212 20 79 53 174 44 22 6 426 5,simulation,db4,energy,26,50,50,3
W-CART,W-CART:cart,1,,0.12,0.168,87 159 213 26 80 160 106 40 43 52 212 20 79 53 174 44 22 6 426 5,87 159 213 26 80 160 106 40 43 52 212 20 79 53 174 44 22 6 426 5,simulation,db4,energy,26,50,50,3
ALL,W-QDA:qda,7,,0.04,0.05,87 159 213 26 80 160 106 40 43 52 212 20 79 53 174 44 22 6 426 5,87 159 213 26 80 160 106 40 43 52 212 20 79 53 174 44 22 6 426 5,simulation,db4,energy,26,50,50,3
W-NN,W-NN:k=1,6,3.0,0.1,0.178,77 113 116 76 114 72 78 79 115 75 110 73 74 80 81 111 112 109 117 71,113 77 78 115 116 117 80 112 75 79 114 73 76 72 74 81 111 109 118 119,simulation,db4,usage,26,50,50,3
W-QDA,W-QDA:qda,7,2.0,0.06,0.094,77 113 76 80 115 116 72 74 78 79 114 75 112 81 110 111 73 109 117 119,113 77 78 115 116 117 80 112 75 79 114 73 76 72 74 81 111 109 118 119,simulation,db4,usage,26,50,50,3
W-CART,W-CART:cart,6,3.0,0.02,0.088,77 113 116 76 114 72 78 79 115 75 110 73 74 80 81 111 112 109 117 71,113 77 78 115 116 117 80 112 75 79 114 73 76 72 74 81 111 109 118 119,simulation,db4,usage,26,50,50,3
ALL,W-CART:cart,6,3.0,0.02,0.088,77 113 116 76 114 72 78 79 115 75 110 73 74 80 81 111 112 109 117 71,113 77 78 115 116 117 80 112 75 79 114 73 76 72 74 81 111 109 118 119,simulation,db4,usage,26,50,50,3
W-NN,W-NN:k=3,59,,0.1,0.166,122 89 117 44 234 179 58 30 14 244 5 7 60 3 28 45 10 180 235 358,122 89 117 44 234 179 58 30 14 244 5 7 60 3 28 45 10 180 235 358,simulation,db4,energy,27,50,50,3
W-QDA,W-QDA:qda,4,,0.12,0.17,122 89 117 44 234 179 58 30 14 244 5 7 60 3 28 45 10 180 235 358,122 89 117 44 234 179 58 30 14 244 5 7 60 3 28 45 10 180 235 358,simulation,db4,energy,27,50,50,3
W-CART,W-CART:cart,7,,0.2,0.184,122 89 117 44 234 179 58 30 14 244 5 7 60 3 28 45 10 180 235 358,122 89 117 44 234 179 58 30 14 244 5 7 60 3 28 45 10 180 235 358,simulation,db4,energy,27,50,50,3
ALL,W-NN:k=3,59,,0.1,0.166,122 89 117 44 234 179 58 30 14 244 5 7 60 3 28 45 10 180 235 358,122 89 117 44 234 179 58 30 14 244 5 7 60 3 28 45 10 180 235 358,simulation,db4,energy,27,50,50,3
W-NN,W-NN:k=9,2,3.0,0.04,0.086,75 107 114 79 76 112 115 78 113 116 77 80 81 85 111 117 73 74 86 106,79 80 108 112 114 75 109 110 76 81 111 113 115 117 77 82 107 116 74 78,simulation,db4,usage,27,50,50,3
W-QDA,W-QDA:qda,2,3.0,0.08,0.082,75 107 114 79 76 112 115 78 113 116 77 80 81 85 111 117 73 74 86 106,79 80 108 112 114 75 109 110 76 81 111 113 115 117 77 82 107 116 74 78,simulation,db4,usage,27,50,50,3
W-CART,W-CART:cart,21,3.0,0.04,0.114,75 107 114 79 76 112 115 78 113 116 77 80 81 85 111 117 73 74 86 106,79 80 108 112 114 75 109 110 76 81 111 113 115 117 77 82 107 116 74 78,simulation,db4,usage,27,50,50,3
ALL,W-NN:k=9,2,3.0,0.04,0.086,75 107 114 79 76 112 115 78 113 116 77 80 81 85 111 117 73 74 86 106,79 80 108 112 114 75 109 110 76 81 111 113 115 117 77 82 107 116 74 78,simulation,db4,usage,27,50,50,3
W-NN,W-NN:k=1,8,,0.16,0.144,66 231 80 115 16 40 160 116 58 20 79 29 132 232 39 32 10 14 3 159,66 231 80 115 16 40 160 116 58 20 79 29 132 232 39 32 10 14 3 159,simulation,db4,energy,28,50,50,3
W-QDA,W-QDA:qda,13,,0.18,0.23,66 231 80 115 16 40 160 116 58 20 79 29 132 232 39 32 10 14 3 159,66 231 80 115 16 40 160 116 58 20 79 29 132 232 39 32 10 14 3 159,simulation,db4,energy,28,50,50,3
W-CART,W-CART:cart,4,,0.16,0.188,66 231 80 115 16 40 160 116 58 20 79 29 132 232 39 32 10 14 3 159,66 231 80 115 16 40 160 116 58 20 79 29 132 232 39 32 10 14 3 159,simulation,db4,energy,28,50,50,3
ALL,W-CART:cart,4,,0.16,0.188,66 231 80 115 16 40 160 116 58 20 79 29 132 232 39 32 10 14 3 159,66 231 80 115 16 40 160 116 58 20 79 29 132 232 39 32 10 14 3 159,simulation,db4,energy,28,50,50,3
W-NN,W-NN:k=3,31,1.5,0.04,0.104,77 82 108 114 109 110 113 78 79 80 111 112 75 81 84 104 105 106 116 76,108 112 114 77 109 80 110 111 78 79 81 82 106 113 76 84 105 115 116 75,simulation,db4,usage,28,50,50,3
W-QDA,W-QDA:qda,12,3.0,0.02,0.042,82 116 81 105 80 106 117 78 86 87 108 73 83 84 85 102 103 104 110 111,108 112 114 77 109 80 110 111 78 79 81 82 106 113 76 84 105 115 116 75,simulation,db4,usage,28,50,50,3
W-CART,W-CART:cart,44,1.5,0.04,0.136,77 82 108 114 109 110 113 78 79 80 111 112 75 81 84 104 105 106 116 76,108 112 114 77 109 80 110 111 78 79 81 82 106 113 76 84 105 115 116 75,simulation,db4,usage,28,50,50,3
ALL,W-QDA:qda,12,3.0,0.02,0.042,82 116 81 105 80 106 117 78 86 87 108 73 83 84 85 102 103 104 110 111,108 112 114 77 109 80 110 111 78 79 81 82 106 113 76 84 105 115 116 75,simulation,db4,usage,28,50,50,3
W-NN,W-NN:k=5,52,,0.04,0.11,232 204 84 25 42 168 51 58 57 50 29 21 14 115 101 83 10 28 233 205,232 204 84 25 42 168 51 58 57 50 29 21 14 115 101 83 10 28 233 205,simulation,db4,energy,29,50,50,3
W-QDA,W-QDA:qda,13,,0.06,0.064,232 204 84 25 42 168 51 58 57 50 29 21 14 115 101 83 10 28 233 205,232 204 84 25 42 168 51 58 57 50 29 21 14 115 101 83 10 28 233 205,simulation,db4,energy,29,50,50,3
W-CART,W-CART:cart,22,,0.06,0.138,232 204 84 25 42 168 51 58 57 50 29 21 14 115 101 83 10 28 233 205,232 204 84 25 42 168 51 58 57 50 29 21 14 115 101 83 10 28 233 205,simulation,db4,energy,29,50,50,3
ALL,W-NN:k=5,52,,0.04,0.11,232 204 84 25 42 168 51 58 57 50 29 21 14 115 101 83 10 28 233 205,232 204 84 25 42 168 51 58 57 50 29 21 14 115 101 83 10 28 233 205,simulation,db4,energy,29,50,50,3
W-NN,W-NN:k=7,4,1.0,0.08,0.154,109 77 108 112 76 78 81 79 82 83 107 110 114 113 80 115 84 111 117 87,109 77 108 112 76 78 81 79 82 83 107 110 114 113 80 115 84 111 117 87,simulation,db4,usage,29,50,50,3
W-QDA,W-QDA:qda,5,3.0,0.06,0.118,77 78 107 109 112 82 110 74 75 84 85 104 108 115 76 79 80 106 114 117,109 77 108 112 76 78 81 79 82 83 107 110 114 113 80 115 84 111 117 87,simulation,db4,usage,29,50,50,3
W-CART,W-CART:cart,23,0.5,0.04,0.116,110 81 83 108 76 79 82 109 114 77 107 112 78 106 113 115 75 84 80 111,109 77 108 112 76 78 81 79 82 83 107 110 114 113 80 115 84 111 117 87,simulation,db4,usage,29,50,50,3
ALL,W-CART:cart,23,0.5,0.04,0.116,110 81 83 108 76 79 82 109 114 77 107 112 78 106 113 115 75 84 80 111,109 77 108 112 76 78 81 79 82 83 107 110 114 113 80 115 84 111 117 87,simulation,db4,usage,29,50,50,3
W-NN,W-NN:k=5,52,,0.08,0.23,244 125 32 65 62 251 30 15 130 61 60 121 64 7 245 8 63 31 4 129,244 125 32 65 62 251 30 15 130 61 60 121 64 7 245 8 63 31 4 129,simulation,db4,energy,30,50,50,3
W-QDA,W-QDA:qda,12,,0.1,0.19,244 125 32 65 62 251 30 15 130 61 60 121 64 7 245 8 63 31 4 129,244 125 32 65 62 251 30 15 130 61 60 121 64 7 245 8 63 31 4 129,simulation,db4,energy,30,50,50,3
W-CART,W-CART:cart,48,,0.06,0.15,244 125 32 65 62 251 30 15 130 61 60 121 64 7 245 8 63 31 4 129,244 125 32 65 62 251 30 15 130 61 60 121 64 7 245 8 63 31 4 129,simulation,db4,energy,30,50,50,3
ALL,W-CART:cart,48,,0.06,0.15,244 125 32 65 62 251 30 15 130 61 60 121 64 7 245 8 63 31 4 129,244 125 32 65 62 251 30 15 130 61 60 121 64 7 245 8 63 31 4 129,simulation,db4,energy,30,50,50,3
W-NN,W-NN:k=1,6,3.0,0.08,0.13,83 111 82 109 74 77 81 108 113 107 76 114 73 75 80 84 106 110 115 117,113 81 82 111 79 109 114 80 115 110 112 75 76 78 116 83 77 84 107 108,simulation,db4,usage,30,50,50,3
W-QDA,W-QDA:qda,14,3.0,0.04,0.048,83 111 82 109 74 77 81 108 113 107 76 114 73 75 80 84 106 110 115 117,113 81 82 111 79 109 114 80 115 110 112 75 76 78 116 83 77 84 107 108,simulation,db4,usage,30,50,50,3
W-CART,W-CART:cart,58,0.5,0.08,0.11,79 114 111 81 112 113 82 80 109 115 75 76 77 110 78 163 73 108 116 229,113 81 82 111 79 109 114 80 115 110 112 75 76 78 116 83 77 84 107 108,simulation,db4,usage,30,50,50,3
ALL,W-QDA:qda,14,3.0,0.04,0.048,83 111 82 109 74 77 81 108 113 107 76 114 73 75 80 84 106 110 115 117,113 81 82 111 79 109 114 80 115 110 112 75 76 78 116 83 77 84 107 108,simulation,db4,usage,30,50,50,3
W-NN,W-NN:k=3,3,,0.08,0.182,51 48 171 97 86 102 172 103 96 43 25 21 10 85 193 413 12 205 11 6,51 48 171 97 86 102 172 103 96 43 25 21 10 85 193 413 12 205 11 6,simulation,db4,energy,31,50,50,3
W-QDA,W-QDA:qda,6,,0.04,0.082,51 48 171 97 86 102 172 103 96 43 25 21 10 85 193 413 12 205 11 6,51 48 171 97 86 102 172 103 96 43 25 21 10 85 193 413 12 205 11 6,simulation,db4,energy,31,50,50,3
W-CART,W-CART:cart,9,,0.14,0.196,51 48 171 97 86 102 172 103 96 43 25 21 10 85 193 413 12 205 11 6,51 48 171 97 86 102 172 103 96 43 25 21 10 85 193 413 12 205 11 6,simulation,db4,energy,31,50,50,3
ALL,W-QDA:qda,6,,0.04,0.082,51 48 171 97 86 102 172 103 96 43 25 21 10 85 193 413 12 205 11 6,51 48 171 97 86 102 172 103 96 43 25 21 10 85 193 413 12 205 11 6,simulation,db4,energy,31,50,50,3
W-NN,W-NN:k=9,6,0.5,0.04,0.142,82 81 83 85 114 76 106 113 74 79 84 109 110 112 115 75 77 105 107 108,82 114 77 78 83 107 113 116 84 111 115 76 79 81 109 112 74 80 85 110,simulation,db4,usage,31,50,50,3
W-QDA,W-QDA:qda,12,3.0,0.02,0.066,113 114 76 83 84 79 115 103 111 75 78 86 110 116 80 81 106 117 74 104,82 114 77 78 83 107 113 116 84 111 115 76 79 81 109 112 74 80 85 110,simulation,db4,usage,31,50,50,3
W-CART,W-CART:cart,48,0.5,0.08,0.144,82 81 83 85 114 76 106 113 74 79 84 109 110 112 115 75 77 105 107 108,82 114 77 78 83 107 113 116 84 111 115 76 79 81 109 112 74 80 85 110,simulation,db4,usage,31,50,50,3
ALL,W-QDA:qda,12,3.0,0.02,0.066,113 114 76 83 84 79 115 103 111 75 78 86 110 116 80 81 106 117 74 104,82 114 77 78 83 107 113 116 84 111 115 76 79 81 109 112 74 80 85 110,simulation,db4,usage,31,50,50,3
W-NN,W-NN:k=1,3,,0.1,0.184,54 107 92 214 184 219 53 46 109 26 13 23 218 6 11 438 108 437 185 368,54 107 92 214 184 219 53 46 109 26 13 23 218 6 11 438 108 437 185 368,simulation,db4,energy,32,50,50,3
W-QDA,W-QDA:qda,7,,0.04,0.064,54 107 92 214 184 219 53 46 109 26 13 23 218 6 11 438 108 437 185 368,54 107 92 214 184 219 53 46 109 26 13 23 218 6 11 438 108 437 185 368,simulation,db4,energy,32,50,50,3
W-CART,W-CART:cart,42,,0.04,0.098,54 107 92 214 184 219 53 46 109 26 13 23 218 6 11 438 108 437 185 368,54 107 92 214 184 219 53 46 109 26 13 23 218 6 11 438 108 437 185 368,simulation,db4,energy,32,50,50,3
ALL,W-QDA:qda,7,,0.04,0.064,54 107 92 214 184 219 53 46 109 26 13 23 218 6 11 438 108 437 185 368,54 107 92 214 184 219 53 46 109 26 13 23 218 6 11 438 108 437 185 368,simulation,db4,energy,32,50,50,3
W-NN,W-NN:k=1,23,1.5,0.06,0.134,109 111 110 79 80 113 114 82 107 108 83 112 77 81 74 84 85 106 116 75,109 80 79 111 108 110 113 83 114 77 81 82 84 112 107 74 76 78 75 85,simulation,db4,usage,32,50,50,3
W-QDA,W-QDA:qda,20,1.0,0.0,0.056,109 80 79 111 108 110 113 83 114 77 81 82 84 112 107 74 76 78 75 85,109 80 79 111 108 110 113 83 114 77 81 82 84 112 107 74 76 78 75 85,simulation,db4,usage,32,50,50,3
W-CART,W-CART:cart,13,3.0,0.02,0.13,109 113 82 112 81 107 108 115 74 80 114 84 85 75 77 79 83 87 105 110,109 80 79 111 108 110 113 83 114 77 81 82 84 112 107 74 76 78 75 85,simulation,db4,usage,32,50,50,3
ALL,W-QDA:qda,20,1.0,0.0,0.056,109 80 79 111 108 110 113 83 114 77 81 82 84 112 107 74 76 78 75 85,109 80 79 111 108 110 113 83 114 77 81 82 84 112 107 74 76 78 75 85,simulation,db4,usage,32,50,50,3
W-NN,W-NN:k=3,1,,0.2,0.228,90 115 32 130 22 131 57 58 180 29 5 463 116 44 230 64 231 3 15 462,90 115 32 130 22 131 57 58 180 29 5 463 116 44 230 64 231 3 15 462,simulation,db4,energy,33,50,50,3
W-QDA,W-QDA:qda,21,,0.08,0.144,90 115 32 130 22 131 57 58 180 29 5 463 116 44 230 64 231 3 15 462,90 115 32 130 22 131 57 58 180 29 5 463 116 44 230 64 231 3 15 462,simulation,db4,energy,33,50,50,3
W-CART,W-CART:cart,63,,0.16,0.208,90 115 32 130 22 131 57 58 180 29 5 463 116 44 230 64 231 3 15 462,90 115 32 130 22 131 57 58 180 29 5 463 116 44 230 64 231 3 15 462,simulation,db4,energy,33,50,50,3
ALL,W-QDA:qda,21,,0.08,0.144,90 115 32 130 22 131 57 58 180 29 5 463 116 44 230 64 231 3 15 462,90 115 32 130 22 131 57 58 180 29 5 463 116 44 230 64 231 3 15 462,simulation,db4,energy,33,50,50,3
W-NN,W-NN:k=5,38,0.5,0.06,0.166,80 82 84 111 112 107 114 77 78 81 108 85 110 113 75 109 86 106 115 117,112 81 108 111 75 80 82 85 107 84 106 109 114 115 116 74 78 104 110 113,simulation,db4,usage,33,50,50,3
W-QDA,W-QDA:qda,7,3.0,0.04,0.054,85 106 108 114 115 75 84 76 77 78 81 107 116 103 111 72 73 104 112 74,112 81 108 111 75 80 82 85 107 84 106 109 114 115 116 74 78 104 110 113,simulation,db4,usage,33,50,50,3
W-CART,W-CART:cart,7,2.0,0.08,0.126,108 85 106 107 115 75 114 81 111 76 82 84 109 112 116 74 77 78 83 104,112 81 108 111 75 80 82 85 107 84 106 109 114 115 116 74 78 104 110 113,simulation,db4,usage,33,50,50,3
ALL,W-QDA:qda,7,3.0,0.04,0.054,85 106 108 114 115 75 84 76 77 78 81 107 116 103 111 72 73 104 112 74,112 81 108 111 75 80 82 85 107 84 106 109 114 115 116 74 78 104 110 113,simulation,db4,usage,33,50,50,3
W-NN,W-NN:k=1,58,,0.1,0.164,57 55 192 111 230 193 110 114 47 48 24 27 28 221 23 3 115 12 95 6,57 55 192 111 230 193 110 114 47 48 24 27 28 221 23 3 115 12 95 6,simulation,db4,energy,34,50,50,3
W-QDA,W-QDA:qda,17,,0.18,0.21,57 55 192 111 230 193 110 114 47 48 24 27 28 221 23 3 115 12 95 6,57 55 192 111 230 193 110 114 47 48 24 27 28 221 23 3 115 12 95 6,simulation,db4,energy,34,50,50,3
W-CART,W-CART:cart,56,,0.12,0.174,57 55 192 111 230 193 110 114 47 48 24 27 28 221 23 3 115 12 95 6,57 55 192 111 230 193 110 114 47 48 24 27 28 221 23 3 115 12 95 6,simulation,db4,energy,34,50,50,3
ALL,W-NN:k=1,58,,0.1,0.164,57 55 192 111 230 193 110 114 47 48 24 27 28 221 23 3 115 12 95 6,57 55 192 111 230 193 110 114 47 48 24 27 28 221 23 3 115 12 95 6,simulation,db4,energy,34,50,50,3
W-NN,W-NN:k=1,30,2.0,0.04,0.118,116 75 115 77 114 73 74 76 104 105 117 86 119 78 82 84 106 112 81 88,76 114 77 112 78 115 116 75 110 74 113 73 80 108 111 117 81 107 119 83,simulation,db4,usage,34,50,50,3
W-QDA,W-QDA:qda,13,3.0,0.0,0.018,115 75 105 116 77 86 114 117 119 76 104 82 84 73 74 103 107 118 81 88,76 114 77 112 78 115 116 75 110 74 113 73 80 108 111 117 81 107 119 83,simulation,db4,usage,34,50,50,3
W-CART,W-CART:cart,30,0.5,0.06,0.184,113 114 115 78 112 76 77 75 116 111 80 110 81 231 73 74 82 109 117 230,76 114 77 112 78 115 116 75 110 74 113 73 80 108 111 117 81 107 119 83,simulation,db4,usage,34,50,50,3
ALL,W-QDA:qda,13,3.0,0.0,0.018,115 75 105 116 77 86 114 117 119 76 104 82 84 73 74 103 107 118 81 88,76 114 77 112 78 115 116 75 110 74 113 73 80 108 111 117 81 107 119 83,simulation,db4,usage,34,50,50,3
W-NN,W-NN:k=1,14,,0.14,0.2,140 114 121 242 228 60 17 57 35 28 34 69 7 141 3 14 8 15 29 243,140 114 121 242 228 60 17 57 35 28 34 69 7 141 3 14 8 15 29 243,simulation,db4,energy,35,50,50,3
W-QDA,W-QDA:qda,9,,0.06,0.086,140 114 121 242 228 60 17 57 35 28 34 69 7 141 3 14 8 15 29 243,140 114 121 242 228 60 17 57 35 28 34 69 7 141 3 14 8 15 29 243,simulation,db4,energy,35,50,50,3
W-CART,W-CART:cart,64,,0.1,0.192,140 114 121 242 228 60 17 57 35 28 34 69 7 141 3 14 8 15 29 243,140 114 121 242 228 60 17 57 35 28 34 69 7 141 3 14 8 15 29 243,simulation,db4,energy,35,50,50,3
ALL,W-QDA:qda,9,,0.06,0.086,140 114 121 242 228 60 17 57 35 28 34 69 7 141 3 14 8 15 29 243,140 114 121 242 228 60 17 57 35 28 34 69 7 141 3 14 8 15 29 243,simulation,db4,energy,35,50,50,3
W-NN,W-NN:k=1,22,3.0,0.08,0.108,79 113 84 108 78 80 110 112 83 107 111 115 119 74 75 76 77 116 117 81,112 108 79 83 110 113 76 78 80 111 82 84 109 114 116 81 115 117 77 74,simulation,db4,usage,35,50,50,3
W-QDA,W-QDA:qda,22,3.0,0.04,0.074,79 113 84 108 78 80 110 112 83 107 111 115 119 74 75 76 77 116 117 81,112 108 79 83 110 113 76 78 80 111 82 84 109 114 116 81 115 117 77 74,simulation,db4,usage,35,50,50,3
W-CART,W-CART:cart,53,3.0,0.06,0.128,79 113 84 108 78 80 110 112 83 107 111 115 119 74 75 76 77 116 117 81,112 108 79 83 110 113 76 78 80 111 82 84 109 114 116 81 115 117 77 74,simulation,db4,usage,35,50,50,3
ALL,W-QDA:qda,22,3.0,0.04,0.074,79 113 84 108 78 80 110 112 83 107 111 115 119 74 75 76 77 116 117 81,112 108 79 83 110 113 76 78 80 111 82 84 109 114 116 81 115 117 77 74,simulation,db4,usage,35,50,50,3
W-NN,W-NN:k=1,11,,0.26,0.208,112 135 225 68 36 71 136 72 34 17 35 18 28 55 27 67 8 14 9 289,112 135 225 68 36 71 136 72 34 17 35 18 28 55 27 67 8 14 9 289,simulation,db4,energy,36,50,50,3
W-QDA,W-QDA:qda,8,,0.1,0.054,112 135 225 68 36 71 136 72 34 17 35 18 28 55 27 67 8 14 9 289,112 135 225 68 36 71 136 72 34 17 35 18 28 55 27 67 8 14 9 289,simulation,db4,energy,36,50,50,3
W-CART,W-CART:cart,54,,0.08,0.186,112 135 225 68 36 71 136 72 34 17 35 18 28 55 27 67 8 14 9 289,112 135 225 68 36 71 136 72 34 17 35 18 28 55 27 67 8 14 9 289,simulation,db4,energy,36,50,50,3
ALL,W-CART:cart,54,,0.08,0.186,112 135 225 68 36 71 136 72 34 17 35 18 28 55 27 67 8 14 9 289,112 135 225 68 36 71 136 72 34 17 35 18 28 55 27 67 8 14 9 289,simulation,db4,energy,36,50,50,3
W-NN,W-NN:k=3,35,3.0,0.06,0.15,107 108 84 82 85 106 81 83 112 113 79 86 87 109 116 74 80 104 105 110,111 110 82 84 107 80 106 108 109 83 85 105 113 112 76 81 115 78 86 114,simulation,db4,usage,36,50,50,3
W-QDA,W-QDA:qda,3,2.0,0.14,0.104,84 110 106 108 85 107 111 81 109 80 82 83 112 79 105 113 115 74 76 86,111 110 82 84 107 80 106 108 109 83 85 105 113 112 76 81 115 78 86 114,simulation,db4,usage,36,50,50,3
W-CART,W-CART:cart,14,0.5,0.04,0.136,111 81 80 109 82 83 106 79 84 108 110 113 78 105 107 77 85 86 112 115,111 110 82 84 107 80 106 108 109 83 85 105 113 112 76 81 115 78 86 114,simulation,db4,usage,36,50,50,3
ALL,W-CART:cart,14,0.5,0.04,0.136,111 81 80 109 82 83 106 79 84 108 110 113 78 105 107 77 85 86 112 115,111 110 82 84 107 80 106 108 109 83 85 105 113 112 76 81 115 78 86 114,simulation,db4,usage,36,50,50,3
W-NN,W-NN:k=1,38,,0.0,0.1,219 48 116 194 232 109 58 195 110 55 29 13 14 220 27 3 6 96 11 233,219 48 116 194 232 109 58 195 110 55 29 13 14 220 27 3 6 96 11 233,simulation,db4,energy,37,50,50,3
W-QDA,W-QDA:qda,10,,0.04,0.096,219 48 116 194 232 109 58 195 110 55 29 13 14 220 27 3 6 96 11 233,219 48 116 194 232 109 58 195 110 55 29 13 14 220 27 3 6 96 11 233,simulation,db4,energy,37,50,50,3
W-CART,W-CART:cart,23,,0.04,0.126,219 48 116 194 232 109 58 195 110 55 29 13 14 220 27 3 6 96 11 233,219 48 116 194 232 109 58 195 110 55 29 13 14 220 27 3 6 96 11 233,simulation,db4,energy,37,50,50,3
ALL,W-NN:k=1,38,,0.0,0.1,219 48 116 194 232 109 58 195 110 55 29 13 14 220 27 3 6 96 11 233,219 48 116 194 232 109 58 195 110 55 29 13 14 220 27 3 6 96 11 233,simulation,db4,energy,37,50,50,3
W-NN,W-NN:k=1,14,2.0,0.0,0.1,81 107 109 111 115 116 108 110 117 74 75 78 85 113 80 86 119 72 82 104,108 110 111 114 115 74 75 83 112 78 81 107 109 80 116 117 72 73 76 79,simulation,db4,usage,37,50,50,3
W-QDA,W-QDA:qda,21,2.0,0.02,0.068,81 107 109 111 115 116 108 110 117 74 75 78 85 113 80 86 119 72 82 104,108 110 111 114 115 74 75 83 112 78 81 107 109 80 116 117 72 73 76 79,simulation,db4,usage,37,50,50,3
W-CART,W-CART:cart,7,3.0,0.04,0.134,111 107 118 74 85 86 116 117 72 75 113 114 115 76 78 80 82 108 109 110,108 110 111 114 115 74 75 83 112 78 81 107 109 80 116 117 72 73 76 79,simulation,db4,usage,37,50,50,3
ALL,W-NN:k=1,14,2.0,0.0,0.1,81 107 109 111 115 116 108 110 117 74 75 78 85 113 80 86 119 72 82 104,108 110 111 114 115 74 75 83 112 78 81 107 109 80 116 117 72 73 76 79,simulation,db4,usage,37,50,50,3
W-NN,W-NN:k=9,8,,0.16,0.274,33 38 77 195 67 98 196 66 154 49 9 16 76 24 97 133 1 18 153 4,33 38 77 195 67 98 196 66 154 49 9 16 76 24 97 133 1 18 153 4,simulation,db4,energy,38,50,50,3
W-QDA,W-QDA:qda,14,,0.26,0.248,33 38 77 195 67 98 196 66 154 49 9 16 76 24 97 133 1 18 153 4,33 38 77 195 67 98 196 66 154 49 9 16 76 24 97 133 1 18 153 4,simulation,db4,energy,38,50,50,3
W-CART,W-CART:cart,61,,0.12,0.132,33 38 77 195 67 98 196 66 154 49 9 16 76 24 97 133 1 18 153 4,33 38 77 195 67 98 196 66 154 49 9 16 76 24 97 133 1 18 153 4,simulation,db4,energy,38,50,50,3
ALL,W-CART:cart,61,,0.12,0.132,33 38 77 195 67 98 196 66 154 49 9 16 76 24 97 133 1 18 153 4,33 38 77 195 67 98 196 66 154 49 9 16 76 24 97 133 1 18 153 4,simulation,db4,energy,38,50,50,3
W-NN,W-NN:k=1,9,3.0,0.06,0.148,112 76 77 111 78 80 82 110 75 79 81 113 114 115 116 84 117 109 74 83,77 76 114 78 75 113 115 79 81 110 112 116 111 73 80 82 117 74 83 108,simulation,db4,usage,38,50,50,3
W-QDA,W-QDA:qda,13,0.5,0.12,0.136,114 77 76 78 113 116 115 75 110 111 79 81 112 74 80 117 73 82 154 163,77 76 114 78 75 113 115 79 81 110 112 116 111 73 80 82 117 74 83 108,simulation,db4,usage,38,50,50,3
W-CART,W-CART:cart,17,1.0,0.08,0.106,77 76 114 78 75 113 115 79 81 110 112 116 111 73 80 82 117 74 83 108,77 76 114 78 75 113 115 79 81 110 112 116 111 73 80 82 117 74 83 108,simulation,db4,usage,38,50,50,3
ALL,W-NN:k=1,9,3.0,0.06,0.148,112 76 77 111 78 80 82 110 75 79 81 113 114 115 116 84 117 109 74 83,77 76 114 78 75 113 115 79 81 110 112 116 111 73 80 82 117 74 83 108,simulation,db4,usage,38,50,50,3
W-NN,W-NN:k=1,2,,0.1,0.118,116 70 126 253 31 17 141 14 62 28 29 232 34 57 8 63 3 15 140 254,116 70 126 253 31 17 141 14 62 28 29 232 34 57 8 63 3 15 140 254,simulation,db4,energy,39,50,50,3
W-QDA,W-QDA:qda,8,,0.08,0.112,116 70 126 253 31 17 141 14 62 28 29 232 34 57 8 63 3 15 140 254,116 70 126 253 31 17 141 14 62 28 29 232 34 57 8 63 3 15 140 254,simulation,db4,energy,39,50,50,3
W-CART,W-CART:cart,1,,0.18,0.19,116 70 126 253 31 17 141 14 62 28 29 232 34 57 8 63 3 15 140 254,116 70 126 253 31 17 141 14 62 28 29 232 34 57 8 63 3 15 140 254,simulation,db4,energy,39,50,50,3
ALL,W-QDA:qda,8,,0.08,0.112,116 70 126 253 31 17 141 14 62 28 29 232 34 57 8 63 3 15 140 254,116 70 126 253 31 17 141 14 62 28 29 232 34 57 8 63 3 15 140 254,simulation,db4,energy,39,50,50,3
W-NN,W-NN:k=7,5,3.0,0.04,0.106,76 85 110 74 117 75 114 79 80 105 106 113 115 118 78 82 112 116 77 86,78 80 76 114 83 107 109 110 111 112 115 116 77 79 82 81 113 74 85 86,simulation,db4,usage,39,50,50,3
W-QDA,W-QDA:qda,10,3.0,0.0,0.066,76 85 110 74 117 75 114 79 80 105 106 113 115 118 78 82 112 116 77 86,78 80 76 114 83 107 109 110 111 112 115 116 77 79 82 81 113 74 85 86,simulation,db4,usage,39,50,50,3
W-CART,W-CART:cart,33,3.0,0.02,0.098,76 85 110 74 117 75 114 79 80 105 106 113 115 118 78 82 112 116 77 86,78 80 76 114 83 107 109 110 111 112 115 116 77 79 82 81 113 74 85 86,simulation,db4,usage,39,50,50,3
ALL,W-QDA:qda,10,3.0,0.0,0.066,76 85 110 74 117 75 114 79 80 105 106 113 115 118 78 82 112 116 77 86,78 80 76 114 83 107 109 110 111 112 115 116 77 79 82 81 113 74 85 86,simulation,db4,usage,39,50,50,3
W-NN,W-NN:k=1,64,,0.28,0.312,62 112 250 225 156 19 39 251 77 38 15 28 55 27 14 78 9 124 56 7,62 112 250 225 156 19 39 251 77 38 15 28 55 27 14 78 9 124 56 7,simulation,db4,energy,40,50,50,3
W-QDA,W-QDA:qda,13,,0.2,0.278,62 112 250 225 156 19 39 251 77 38 15 28 55 27 14 78 9 124 56 7,62 112 250 225 156 19 39 251 77 38 15 28 55 27 14 78 9 124 56 7,simulation,db4,energy,40,50,50,3
W-CART,W-CART:cart,18,,0.22,0.27,62 112 250 225 156 19 39 251 77 38 15 28 55 27 14 78 9 124 56 7,62 112 250 225 156 19 39 251 77 38 15 28 55 27 14 78 9 124 56 7,simulation,db4,energy,40,50,50,3
ALL,W-QDA:qda,13,,0.2,0.278,62 112 250 225 156 19 39 251 77 38 15 28 55 27 14 78 9 124 56 7,62 112 250 225 156 19 39 251 77 38 15 28 55 27 14 78 9 124 56 7,simulation,db4,energy,40,50,50,3
W-NN,W-NN:k=1,4,2.0,0.06,0.088,78 75 106 107 111 112 76 77 85 104 108 115 74 79 81 82 84 109 110 73,112 76 77 115 79 80 82 111 78 81 106 107 113 75 85 87 110 104 114 73,simulation,db4,usage,40,50,50,3
W-QDA,W-QDA:qda,8,1.5,0.08,0.142,76 78 79 112 77 85 111 82 104 106 107 108 110 115 73 74 75 80 81 86,112 76 77 115 79 80 82 111 78 81 106 107 113 75 85 87 110 104 114 73,simulation,db4,usage,40,50,50,3
W-CART,W-CART:cart,7,2.0,0.08,0.12,78 75 106 107 111 112 76 77 85 104 108 115 74 79 81 82 84 109 110 73,112 76 77 115 79 80 82 111 78 81 106 107 113 75 85 87 110 104 114 73,simulation,db4,usage,40,50,50,3
ALL,W-NN:k=1,4,2.0,0.06,0.088,78 75 106 107 111 112 76 77 85 104 108 115 74 79 81 82 84 109 110 73,112 76 77 115 79 80 82 111 78 81 106 107 113 75 85 87 110 104 114 73,simulation,db4,usage,40,50,50,3
W-NN,W-NN:k=3,9,,0.0,0.116,87 75 89 44 179 43 37 175 151 5 11 22 19 38 45 4 2 150 10 21,87 75 89 44 179 43 37 175 151 5 11 22 19 38 45 4 2 150 10 21,simulation,db4,energy,41,50,50,3
W-QDA,W-QDA:qda,10,,0.04,0.112,87 75 89 44 179 43 37 175 151 5 11 22 19 38 45 4 2 150 10 21,87 75 89 44 179 43 37 175 151 5 11 22 19 38 45 4 2 150 10 21,simulation,db4,energy,41,50,50,3
W-CART,W-CART:cart,8,,0.1,0.17,87 75 89 44 179 43 37 175 151 5 11 22 19 38 45 4 2 150 10 21,87 75 89 44 179 43 37 175 151 5 11 22 19 38 45 4 2 150 10 21,simulation,db4,energy,41,50,50,3
ALL,W-NN:k=3,9,,0.0,0.116,87 75 89 44 179 43 37 175 151 5 11 22 19 38 45 4 2 150 10 21,87 75 89 44 179 43 37 175 151 5 11 22 19 38 45 4 2 150 10 21,simulation,db4,energy,41,50,50,3
W-NN,W-NN:k=1,14,0.5,0.02,0.196,111 80 77 108 79 81 224 78 109 110 112 113 82 107 221 75 76 83 114 84,77 80 78 81 110 75 79 108 109 112 76 113 114 115 116 83 223 82 84 107,simulation,db4,usage,41,50,50,3
W-QDA,W-QDA:qda,14,3.0,0.02,0.078,79 112 113 77 78 111 74 75 76 84 114 80 83 108 73 82 86 109 116 103,77 80 78 81 110 75 79 108 109 112 76 113 114 115 116 83 223 82 84 107,simulation,db4,usage,41,50,50,3
W-CART,W-CART:cart,7,3.0,0.1,0.168,79 112 113 77 78 111 74 75 76 84 114 80 83 108 73 82 86 109 116 103,77 80 78 81 110 75 79 108 109 112 76 113 114 115 116 83 223 82 84 107,simulation,db4,usage,41,50,50,3
ALL,W-NN:k=1,14,0.5,0.02,0.196,111 80 77 108 79 81 224 78 109 110 112 113 82 107 221 75 76 83 114 84,77 80 78 81 110 75 79 108 109 112 76 113 114 115 116 83 223 82 84 107,simulation,db4,usage,41,50,50,3
W-NN,W-NN:k=3,5,,0.1,0.112,117 73 104 208 147 58 52 235 14 37 26 207 74 4 416 59 13 36 18 6,117 73 104 208 147 58 52 235 14 37 26 207 74 4 416 59 13 36 18 6,simulation,db4,energy,42,50,50,3
W-QDA,W-QDA:qda,5,,0.06,0.068,117 73 104 208 147 58 52 235 14 37 26 207 74 4 416 59 13 36 18 6,117 73 104 208 147 58 52 235 14 37 26 207 74 4 416 59 13 36 18 6,simulation,db4,energy,42,50,50,3
W-CART,W-CART:cart,8,,0.12,0.19,117 73 104 208 147 58 52 235 14 37 26 207 74 4 416 59 13 36 18 6,117 73 104 208 147 58 52 235 14 37 26 207 74 4 416 59 13 36 18 6,simulation,db4,energy,42,50,50,3
ALL,W-QDA:qda,5,,0.06,0.068,117 73 104 208 147 58 52 235 14 37 26 207 74 4 416 59 13 36 18 6,117 73 104 208 147 58 52 235 14 37 26 207 74 4 416 59 13 36 18 6,simulation,db4,energy,42,50,50,3
W-NN,W-NN:k=1,13,0.5,0.04,0.134,78 112 76 77 80 114 116 75 79 82 83 109 111 115 81 113 85 117 74 104,80 112 113 115 116 75 76 82 83 74 77 111 118 73 79 81 84 88 104 110,simulation,db4,usage,42,50,50,3
W-QDA,W-QDA:qda,14,3.0,0.0,0.03,73 74 75 87 113 116 117 118 77 85 105 72 84 86 88 106 71 82 83 104,80 112 113 115 116 75 76 82 83 74 77 111 118 73 79 81 84 88 104 110,simulation,db4,usage,42,50,50,3
W-CART,W-CART:cart,7,1.0,0.04,0.15,80 112 113 115 116 75 76 82 83 74 77 111 118 73 79 81 84 88 104 110,80 112 113 115 116 75 76 82 83 74 77 111 118 73 79 81 84 88 104 110,simulation,db4,usage,42,50,50,3
ALL,W-QDA:qda,14,3.0,0.0,0.03,73 74 75 87 113 116 117 118 77 85 105 72 84 86 88 106 71 82 83 104,80 112 113 115 116 75 76 82 83 74 77 111 118 73 79 81 84 88 104 110,simulation,db4,usage,42,50,50,3
W-NN,W-NN:k=3,63,,0.06,0.108,80 57 116 115 232 58 114 29 28 19 20 14 229 160 3 10 39 233 464 9,80 57 116 115 232 58 114 29 28 19 20 14 229 160 3 10 39 233 464 9,simulation,db4,energy,43,50,50,3
W-QDA,W-QDA:qda,8,,0.04,0.092,80 57 116 115 232 58 114 29 28 19 20 14 229 160 3 10 39 233 464 9,80 57 116 115 232 58 114 29 28 19 20 14 229 160 3 10 39 233 464 9,simulation,db4,energy,43,50,50,3
W-CART,W-CART:cart,61,,0.04,0.1,80 57 116 115 232 58 114 29 28 19 20 14 229 160 3 10 39 233 464 9,80 57 116 115 232 58 114 29 28 19 20 14 229 160 3 10 39 233 464 9,simulation,db4,energy,43,50,50,3
ALL,W-QDA:qda,8,,0.04,0.092,80 57 116 115 232 58 114 29 28 19 20 14 229 160 3 10 39 233 464 9,80 57 116 115 232 58 114 29 28 19 20 14 229 160 3 10 39 233 464 9,simulation,db4,energy,43,50,50,3
W-NN,W-NN:k=1,3,2.0,0.04,0.12,117 115 116 78 114 73 74 76 79 118 107 110 72 75 113 77 84 86 108 105,79 115 114 116 117 78 76 74 113 72 110 118 73 80 82 77 109 112 75 81,simulation,db4,usage,43,50,50,3
W-QDA,W-QDA:qda,5,1.0,0.06,0.12,79 115 114 116 117 78 76 74 113 72 110 118 73 80 82 77 109 112 75 81,79 115 114 116 117 78 76 74 113 72 110 118 73 80 82 77 109 112 75 81,simulation,db4,usage,43,50,50,3
W-CART,W-CART:cart,10,1.0,0.08,0.124,79 115 114 116 117 78 76 74 113 72 110 118 73 80 82 77 109 112 75 81,79 115 114 116 117 78 76 74 113 72 110 118 73 80 82 77 109 112 75 81,simulation,db4,usage,43,50,50,3
ALL,W-NN:k=1,3,2.0,0.04,0.12,117 115 116 78 114 73 74 76 79 118 107 110 72 75 113 77 84 86 108 105,79 115 114 116 117 78 76 74 113 72 110 118 73 80 82 77 109 112 75 81,simulation,db4,usage,43,50,50,3
W-NN,W-NN:k=1,2,,0.14,0.156,73 38 65 130 77 36 32 76 9 147 4 129 8 153 37 260 31 18 1 15,73 38 65 130 77 36 32 76 9 147 4 129 8 153 37 260 31 18 1 15,simulation,db4,energy,44,50,50,3
W-QDA,W-QDA:qda,10,,0.08,0.112,73 38 65 130 77 36 32 76 9 147 4 129 8 153 37 260 31 18 1 15,73 38 65 130 77 36 32 76 9 147 4 129 8 153 37 260 31 18 1 15,simulation,db4,energy,44,50,50,3
W-CART,W-CART:cart,2,,0.16,0.124,73 38 65 130 77 36 32 76 9 147 4 129 8 153 37 260 31 18 1 15,73 38 65 130 77 36 32 76 9 147 4 129 8 153 37 260 31 18 1 15,simulation,db4,energy,44,50,50,3
ALL,W-QDA:qda,10,,0.08,0.112,73 38 65 130 77 36 32 76 9 147 4 129 8 153 37 260 31 18 1 15,73 38 65 130 77 36 32 76 9 147 4 129 8 153 37 260 31 18 1 15,simulation,db4,energy,44,50,50,3
W-NN,W-NN:k=3,8,1.0,0.08,0.124,78 113 115 79 108 110 114 107 111 75 83 84 112 72 73 77 80 81 109 82,78 113 115 79 108 110 114 107 111 75 83 84 112 72 73 77 80 81 109 82,simulation,db4,usage,44,50,50,3
W-QDA,W-QDA:qda,6,0.5,0.06,0.162,113 79 108 110 81 109 111 78 83 77 80 107 114 115 116 82 112 117 75 84,78 113 115 79 108 110 114 107 111 75 83 84 112 72 73 77 80 81 109 82,simulation,db4,usage,44,50,50,3
W-CART,W-CART:cart,19,0.5,0.06,0.152,113 79 108 110 81 109 111 78 83 77 80 107 114 115 116 82 112 117 75 84,78 113 115 79 108 110 114 107 111 75 83 84 112 72 73 77 80 81 109 82,simulation,db4,usage,44,50,50,3
ALL,W-QDA:qda,6,0.5,0.06,0.162,113 79 108 110 81 109 111 78 83 77 80 107 114 115 116 82 112 117 75 84,78 113 115 79 108 110 114 107 111 75 83 84 112 72 73 77 80 81 109 82,simulation,db4,usage,44,50,50,3
W-NN,W-NN:k=1,45,,0.06,0.198,74 117 234 173 149 21 18 58 86 14 42 75 233 172 43 4 468 346 28 10,74 117 234 173 149 21 18 58 86 14 42 75 233 172 43 4 468 346 28 10,simulation,db4,energy,45,50,50,3
W-QDA,W-QDA:qda,13,,0.0,0.046,74 117 234 173 149 21 18 58 86 14 42 75 233 172 43 4 468 346 28 10,74 117 234 173 149 21 18 58 86 14 42 75 233 172 43 4 468 346 28 10,simulation,db4,energy,45,50,50,3
W-CART,W-CART:cart,4,,0.06,0.164,74 117 234 173 149 21 18 58 86 14 42 75 233 172 43 4 468 346 28 10,74 117 234 173 149 21 18 58 86 14 42 75 233 172 43 4 468 346 28 10,simulation,db4,energy,45,50,50,3
ALL,W-QDA:qda,13,,0.0,0.046,74 117 234 173 149 21 18 58 86 14 42 75 233 172 43 4 468 346 28 10,74 117 234 173 149 21 18 58 86 14 42 75 233 172 43 4 468 346 28 10,simulation,db4,energy,45,50,50,3
W-NN,W-NN:k=3,1,1.5,0.04,0.122,73 85 74 111 114 118 72 83 109 116 75 82 112 113 117 81 84 106 115 119,111 112 73 74 84 85 114 116 72 82 110 118 76 108 109 113 115 117 75 80,simulation,db4,usage,45,50,50,3
W-QDA,W-QDA:qda,3,3.0,0.0,0.09,73 118 116 85 117 74 81 109 113 119 72 75 106 120 80 82 83 84 107 108,111 112 73 74 84 85 114 116 72 82 110 118 76 108 109 113 115 117 75 80,simulation,db4,usage,45,50,50,3
W-CART,W-CART:cart,3,1.0,0.0,0.138,111 112 73 74 84 85 114 116 72 82 110 118 76 108 109 113 115 117 75 80,111 112 73 74 84 85 114 116 72 82 110 118 76 108 109 113 115 117 75 80,simulation,db4,usage,45,50,50,3
ALL,W-CART:cart,3,1.0,0.0,0.138,111 112 73 74 84 85 114 116 72 82 110 118 76 108 109 113 115 117 75 80,111 112 73 74 84 85 114 116 72 82 110 118 76 108 109 113 115 117 75 80,simulation,db4,usage,45,50,50,3
W-NN,W-NN:k=1,64,,0.04,0.21,91 41 137 166 68 45 69 8 82 182 46 16 23 167 138 20 2 5 17 34,91 41 137 166 68 45 69 8 82 182 46 16 23 167 138 20 2 5 17 34,simulation,db4,energy,46,50,50,3
W-QDA,W-QDA:qda,4,,0.1,0.136,91 41 137 166 68 45 69 8 82 182 46 16 23 167 138 20 2 5 17 34,91 41 137 166 68 45 69 8 82 182 46 16 23 167 138 20 2 5 17 34,simulation,db4,energy,46,50,50,3
W-CART,W-CART:cart,64,,0.08,0.114,91 41 137 166 68 45 69 8 82 182 46 16 23 167 138 20 2 5 17 34,91 41 137 166 68 45 69 8 82 182 46 16 23 167 138 20 2 5 17 34,simulation,db4,energy,46,50,50,3
ALL,W-NN:k=1,64,,0.04,0.21,91 41 137 166 68 45 69 8 82 182 46 16 23 167 138 20 2 5 17 34,91 41 137 166 68 45 69 8 82 182 46 16 23 167 138 20 2 5 17 34,simulation,db4,energy,46,50,50,3
W-NN,W-NN:k=3,3,3.0,0.02,0.096,104 76 84 74 78 85 105 106 111 112 114 77 81 110 113 115 75 109 116 87,77 79 112 78 80 84 107 110 113 76 83 105 109 111 115 116 81 108 114 75,simulation,db4,usage,46,50,50,3
W-QDA,W-QDA:qda,5,3.0,0.02,0.048,104 76 84 74 78 85 105 106 111 112 114 77 81 110 113 115 75 109 116 87,77 79 112 78 80 84 107 110 113 76 83 105 109 111 115 116 81 108 114 75,simulation,db4,usage,46,50,50,3
W-CART,W-CART:cart,1,3.0,0.08,0.114,104 76 84 74 78 85 105 106 111 112 114 77 81 110 113 115 75 109 116 87,77 79 112 78 80 84 107 110 113 76 83 105 109 111 115 116 81 108 114 75,simulation,db4,usage,46,50,50,3
ALL,W-NN:k=3,3,3.0,0.02,0.096,104 76 84 74 78 85 105 106 111 112 114 77 81 110 113 115 75 109 116 87,77 79 112 78 80 84 107 110 113 76 83 105 109 111 115 116 81 108 114 75,simulation,db4,usage,46,50,50,3
W-NN,W-NN:k=3,1,,0.04,0.144,119 70 173 87 35 21 17 174 140 59 69 43 60 86 30 8 34 479 120 238,119 70 173 87 35 21 17 174 140 59 69 43 60 86 30 8 34 479 120 238,simulation,db4,energy,47,50,50,3
W-QDA,W-QDA:qda,15,,0.02,0.05,119 70 173 87 35 21 17 174 140 59 69 43 60 86 30 8 34 479 120 238,119 70 173 87 35 21 17 174 140 59 69 43 60 86 30 8 34 479 120 238,simulation,db4,energy,47,50,50,3
W-CART,W-CART:cart,48,,0.06,0.158,119 70 173 87 35 21 17 174 140 59 69 43 60 86 30 8 34 479 120 238,119 70 173 87 35 21 17 174 140 59 69 43 60 86 30 8 34 479 120 238,simulation,db4,energy,47,50,50,3
ALL,W-QDA:qda,15,,0.02,0.05,119 70 173 87 35 21 17 174 140 59 69 43 60 86 30 8 34 479 120 238,119 70 173 87 35 21 17 174 140 59 69 43 60 86 30 8 34 479 120 238,simulation,db4,energy,47,50,50,3
W-NN,W-NN:k=1,45,2.0,0.06,0.154,84 82 105 87 107 108 76 81 85 86 104 106 71 118 119 78 83 88 109 114,110 84 111 85 79 81 86 107 80 82 108 109 76 78 105 113 75 83 87 106,simulation,db4,usage,47,50,50,3
W-QDA,W-QDA:qda,7,2.0,0.0,0.048,84 82 105 87 107 108 76 81 85 86 104 106 71 118 119 78 83 88 109 114,110 84 111 85 79 81 86 107 80 82 108 109 76 78 105 113 75 83 87 106,simulation,db4,usage,47,50,50,3
W-CART,W-CART:cart,15,2.0,0.04,0.084,84 82 105 87 107 108 76 81 85 86 104 106 71 118 119 78 83 88 109 114,110 84 111 85 79 81 86 107 80 82 108 109 76 78 105 113 75 83 87 106,simulation,db4,usage,47,50,50,3
ALL,W-QDA:qda,7,2.0,0.0,0.048,84 82 105 87 107 108 76 81 85 86 104 106 71 118 119 78 83 88 109 114,110 84 111 85 79 81 86 107 80 82 108 109 76 78 105 113 75 83 87 106,simulation,db4,usage,47,50,50,3
W-NN,W-NN:k=1,4,,0.08,0.186,76 157 71 19 35 143 78 9 79 18 158 77 307 152 37 4 39 36 153 1,76 157 71 19 35 143 78 9 79 18 158 77 307 152 37 4 39 36 153 1,simulation,db4,energy,48,50,50,3
W-QDA,W-QDA:qda,6,,0.0,0.076,76 157 71 19 35 143 78 9 79 18 158 77 307 152 37 4 39 36 153 1,76 157 71 19 35 143 78 9 79 18 158 77 307 152 37 4 39 36 153 1,simulation,db4,energy,48,50,50,3
W-CART,W-CART:cart,4,,0.02,0.144,76 157 71 19 35 143 78 9 79 18 158 77 307 152 37 4 39 36 153 1,76 157 71 19 35 143 78 9 79 18 158 77 307 152 37 4 39 36 153 1,simulation,db4,energy,48,50,50,3
ALL,W-QDA:qda,6,,0.0,0.076,76 157 71 19 35 143 78 9 79 18 158 77 307 152 37 4 39 36 153 1,76 157 71 19 35 143 78 9 79 18 158 77 307 152 37 4 39 36 153 1,simulation,db4,energy,48,50,50,3
W-NN,W-NN:k=3,4,0.5,0.04,0.202,78 115 112 76 79 116 75 77 80 113 73 74 82 114 118 81 108 109 110 117,116 75 76 78 112 115 114 72 107 117 74 80 83 84 106 119 73 77 79 85,simulation,db4,usage,48,50,50,3
W-QDA,W-QDA:qda,8,1.5,0.0,0.068,76 116 78 107 112 73 75 83 106 72 77 80 85 114 117 71 74 84 108 109,116 75 76 78 112 115 114 72 107 117 74 80 83 84 106 119 73 77 79 85,simulation,db4,usage,48,50,50,3
W-CART,W-CART:cart,4,3.0,0.04,0.176,76 117 74 71 72 73 106 118 119 107 115 120 75 79 83 84 108 116 80 81,116 75 76 78 112 115 114 72 107 117 74 80 83 84 106 119 73 77 79 85,simulation,db4,usage,48,50,50,3
ALL,W-QDA:qda,8,1.5,0.0,0.068,76 116 78 107 112 73 75 83 106 72 77 80 85 114 117 71 74 84 108 109,116 75 76 78 112 115 114 72 107 117 74 80 83 84 106 119 73 77 79 85,simulation,db4,usage,48,50,50,3
W-NN,W-NN:k=1,2,,0.08,0.12,86 241 129 21 121 65 242 130 173 32 60 15 120 64 7 42 31 29 8 2,86 241 129 21 121 65 242 130 173 32 60 15 120 64 7 42 31 29 8 2,simulation,db4,energy,49,50,50,3
W-QDA,W-QDA:qda,15,,0.12,0.116,86 241 129 21 121 65 242 130 173 32 60 15 120 64 7 42 31 29 8 2,86 241 129 21 121 65 242 130 173 32 60 15 120 64 7 42 31 29 8 2,simulation,db4,energy,49,50,50,3
W-CART,W-CART:cart,53,,0.08,0.11,86 241 129 21 121 65 242 130 173 32 60 15 120 64 7 42 31 29 8 2,86 241 129 21 121 65 242 130 173 32 60 15 120 64 7 42 31 29 8 2,simulation,db4,energy,49,50,50,3
ALL,W-NN:k=1,2,,0.08,0.12,86 241 129 21 121 65 242 130 173 32 60 15 120 64 7 42 31 29 8 2,86 241 129 21 121 65 242 130 173 32 60 15 120 64 7 42 31 29 8 2,simulation,db4,energy,49,50,50,3
W-NN,W-NN:k=3,52,1.5,0.02,0.176,114 74 111 115 75 77 78 116 118 76 110 73 83 84 113 79 80 81 117 82,115 113 114 73 75 77 111 118 74 76 83 78 80 84 110 116 81 112 79 107,simulation,db4,usage,49,50,50,3
W-QDA,W-QDA:qda,3,1.5,0.06,0.126,114 74 111 115 75 77 78 116 118 76 110 73 83 84 113 79 80 81 117 82,115 113 114 73 75 77 111 118 74 76 83 78 80 84 110 116 81 112 79 107,simulation,db4,usage,49,50,50,3
W-CART,W-CART:cart,25,1.0,0.04,0.082,115 113 114 73 75 77 111 118 74 76 83 78 80 84 110 116 81 112 79 107,115 113 114 73 75 77 111 118 74 76 83 78 80 84 110 116 81 112 79 107,simulation,db4,usage,49,50,50,3
ALL,W-NN:k=3,52,1.5,0.02,0.176,114 74 111 115 75 77 78 116 118 76 110 73 83 84 113 79 80 81 117 82,115 113 114 73 75 77 111 118 74 76 83 78 80 84 110 116 81 112 79 107,simulation,db4,usage,49,50,50,3
W-NN,W-NN:k=3,2,,0.02,0.13,100 117 235 224 56 14 111 55 12 28 59 118 24 25 3 27 112 403 29 101,100 117 235 224 56 14 111 55 12 28 59 118 24 25 3 27 112 403 29 101,simulation,db4,energy,50,50,50,3
W-QDA,W-QDA:qda,20,,0.18,0.1,100 117 235 224 56 14 111 55 12 28 59 118 24 25 3 27 112 403 29 101,100 117 235 224 56 14 111 55 12 28 59 118 24 25 3 27 112 403 29 101,simulation,db4,energy,50,50,50,3
W-CART,W-CART:cart,5,,0.06,0.166,100 117 235 224 56 14 111 55 12 28 59 118 24 25 3 27 112 403 29 101,100 117 235 224 56 14 111 55 12 28 59 118 24 25 3 27 112 403 29 101,simulation,db4,energy,50,50,50,3
ALL,W-NN:k=3,2,,0.02,0.13,100 117 235 224 56 14 111 55 12 28 59 118 24 25 3 27 112 403 29 101,100 117 235 224 56 14 111 55 12 28 59 118 24 25 3 27 112 403 29 101,simulation,db4,energy,50,50,50,3
W-NN,W-NN:k=1,14,1.5,0.08,0.13,112 115 75 81 113 77 108 114 74 76 78 111 117 73 110 116 72 79 80 82,112 77 113 115 74 76 110 111 73 75 81 114 78 72 79 80 82 108 109 116,simulation,db4,usage,50,50,50,3
W-QDA,W-QDA:qda,11,1.5,0.06,0.084,112 115 75 81 113 77 108 114 74 76 78 111 117 73 110 116 72 79 80 82,112 77 113 115 74 76 110 111 73 75 81 114 78 72 79 80 82 108 109 116,simulation,db4,usage,50,50,50,3
W-CART,W-CART:cart,9,1.0,0.08,0.158,112 77 113 115 74 76 110 111 73 75 81 114 78 72 79 80 82 108 109 116,112 77 113 115 74 76 110 111 73 75 81 114 78 72 79 80 82 108 109 116,simulation,db4,usage,50,50,50,3
ALL,W-QDA:qda,11,1.5,0.06,0.084,112 115 75 81 113 77 108 114 74 76 78 111 117 73 110 116 72 79 80 82,112 77 113 115 74 76 110 111 73 75 81 114 78 72 79 80 82 108 109 116,simulation,db4,usage,50,50,50,3
W-NN,W-NN:k=1,11,,0.16,0.144,83 64 128 212 26 41 53 32 167 105 52 16 6 106 21 42 256 2 127 8,83 64 128 212 26 41 53 32 167 105 52 16 6 106 21 42 256 2 127 8,simulation,db4,energy,51,50,50,3
W-QDA,W-QDA:qda,14,,0.02,0.078,83 64 128 212 26 41 53 32 167 105 52 16 6 106 21 42 256 2 127 8,83 64 128 212 26 41 53 32 167 105 52 16 6 106 21 42 256 2 127 8,simulation,db4,energy,51,50,50,3
W-CART,W-CART:cart,63,,0.08,0.122,83 64 128 212 26 41 53 32 167 105 52 16 6 106 21 42 256 2 127 8,83 64 128 212 26 41 53 32 167 105 52 16 6 106 21 42 256 2 127 8,simulation,db4,energy,51,50,50,3
ALL,W-QDA:qda,14,,0.02,0.078,83 64 128 212 26 41 53 32 167 105 52 16 6 106 21 42 256 2 127 8,83 64 128 212 26 41 53 32 167 105 52 16 6 106 21 42 256 2 127 8,simulation,db4,energy,51,50,50,3
W-NN,W-NN:k=1,15,1.5,0.04,0.166,77 78 111 113 76 79 80 109 114 116 118 74 84 117 82 83 107 110 81 75,78 79 113 77 111 82 116 76 80 81 84 112 83 109 110 114 107 115 117 74,simulation,db4,usage,51,50,50,3
W-QDA,W-QDA:qda,6,3.0,0.04,0.064,74 113 116 80 82 110 76 79 83 109 112 114 77 111 75 78 84 73 85 107,78 79 113 77 111 82 116 76 80 81 84 112 83 109 110 114 107 115 117 74,simulation,db4,usage,51,50,50,3
W-CART,W-CART:cart,14,3.0,0.08,0.124,74 113 116 80 82 110 76 79 83 109 112 114 77 111 75 78 84 73 85 107,78 79 113 77 111 82 116 76 80 81 84 112 83 109 110 114 107 115 117 74,simulation,db4,usage,51,50,50,3
ALL,W-QDA:qda,6,3.0,0.04,0.064,74 113 116 80 82 110 76 79 83 109 112 114 77 111 75 78 84 73 85 107,78 79 113 77 111 82 116 76 80 81 84 112 83 109 110 114 107 115 117 74,simulation,db4,usage,51,50,50,3
W-NN,W-NN:k=1,14,,0.18,0.174,126 78 173 157 253 19 87 31 21 174 127 43 38 86 2 39 9 10 158 314,126 78 173 157 253 19 87 31 21 174 127 43 38 86 2 39 9 10 158 314,simulation,db4,energy,52,50,50,3
W-QDA,W-QDA:qda,13,,0.12,0.084,126 78 173 157 253 19 87 31 21 174 127 43 38 86 2 39 9 10 158 314,126 78 173 157 253 19 87 31 21 174 127 43 38 86 2 39 9 10 158 314,simulation,db4,energy,52,50,50,3
W-CART,W-CART:cart,30,,0.12,0.18,126 78 173 157 253 19 87 31 21 174 127 43 38 86 2 39 9 10 158 314,126 78 173 157 253 19 87 31 21 174 127 43 38 86 2 39 9 10 158 314,simulation,db4,energy,52,50,50,3
ALL,W-QDA:qda,13,,0.12,0.084,126 78 173 157 253 19 87 31 21 174 127 43 38 86 2 39 9 10 158 314,126 78 173 157 253 19 87 31 21 174 127 43 38 86 2 39 9 10 158 314,simulation,db4,energy,52,50,50,3
W-NN,W-NN:k=1,32,1.0,0.02,0.202,79 78 80 114 75 112 76 110 111 115 77 81 74 82 83 85 113 84 108 109,79 78 80 114 75 112 76 110 111 115 77 81 74 82 83 85 113 84 108 109,simulation,db4,usage,52,50,50,3
W-QDA,W-QDA:qda,21,2.0,0.0,0.068,80 75 78 83 84 110 77 112 113 115 74 79 82 108 111 114 76 81 85 117,79 78 80 114 75 112 76 110 111 115 77 81 74 82 83 85 113 84 108 109,simulation,db4,usage,52,50,50,3
W-CART,W-CART:cart,8,3.0,0.04,0.048,75 78 82 83 84 80 111 72 74 79 107 108 110 112 113 114 77 81 109 116,79 78 80 114 75 112 76 110 111 115 77 81 74 82 83 85 113 84 108 109,simulation,db4,usage,52,50,50,3
ALL,W-QDA:qda,21,2.0,0.0,0.068,80 75 78 83 84 110 77 112 113 115 74 79 82 108 111 114 76 81 85 117,79 78 80 114 75 112 76 110 111 115 77 81 74 82 83 85 113 84 108 109,simulation,db4,usage,52,50,50,3
W-NN,W-NN:k=1,9,,0.06,0.094,70 124 17 29 62 59 117 118 248 58 31 15 123 140 61 473 14 34 235 3,70 124 17 29 62 59 117 118 248 58 31 15 123 140 61 473 14 34 235 3,simulation,db4,energy,53,50,50,3
W-QDA,W-QDA:qda,10,,0.04,0.126,70 124 17 29 62 59 117 118 248 58 31 15 123 140 61 473 14 34 235 3,70 124 17 29 62 59 117 118 248 58 31 15 123 140 61 473 14 34 235 3,simulation,db4,energy,53,50,50,3
W-CART,W-CART:cart,6,,0.14,0.166,70 124 17 29 62 59 117 118 248 58 31 15 123 140 61 473 14 34 235 3,70 124 17 29 62 59 117 118 248 58 31 15 123 140 61 473 14 34 235 3,simulation,db4,energy,53,50,50,3
ALL,W-QDA:qda,10,,0.04,0.126,70 124 17 29 62 59 117 118 248 58 31 15 123 140 61 473 14 34 235 3,70 124 17 29 62 59 117 118 248 58 31 15 123 140 61 473 14 34 235 3,simulation,db4,energy,53,50,50,3
W-NN,W-NN:k=1,1,3.0,0.06,0.21,106 107 112 79 81 82 109 80 83 108 111 84 110 78 85 86 113 87 104 105,82 79 109 80 81 112 110 83 78 111 108 113 84 86 107 76 77 106 105 114,simulation,db4,usage,53,50,50,3
W-QDA,W-QDA:qda,8,2.0,0.06,0.124,82 79 107 112 80 81 109 83 106 110 78 84 108 85 86 111 87 113 76 77,82 79 109 80 81 112 110 83 78 111 108 113 84 86 107 76 77 106 105 114,simulation,db4,usage,53,50,50,3
W-CART,W-CART:cart,16,1.5,0.02,0.12,82 81 83 109 112 79 80 110 107 111 84 106 113 78 108 86 114 77 85 87,82 79 109 80 81 112 110 83 78 111 108 113 84 86 107 76 77 106 105 114,simulation,db4,usage,53,50,50,3
ALL,W-CART:cart,16,1.5,0.02,0.12,82 81 83 109 112 79 80 110 107 111 84 106 113 78 108 86 114 77 85 87,82 79 109 80 81 112 110 83 78 111 108 113 84 86 107 76 77 106 105 114,simulation,db4,usage,53,50,50,3
W-NN,W-NN:k=1,21,,0.16,0.174,101 111 213 106 26 50 107 12 55 56 202 28 51 214 6 447 112 222 14 223,101 111 213 106 26 50 107 12 55 56 202 28 51 214 6 447 112 222 14 223,simulation,db4,energy,54,50,50,3
W-QDA,W-QDA:qda,4,,0.16,0.084,101 111 213 106 26 50 107 12 55 56 202 28 51 214 6 447 112 222 14 223,101 111 213 106 26 50 107 12 55 56 202 28 51 214 6 447 112 222 14 223,simulation,db4,energy,54,50,50,3
W-CART,W-CART:cart,44,,0.16,0.192,101 111 213 106 26 50 107 12 55 56 202 28 51 214 6 447 112 222 14 223,101 111 213 106 26 50 107 12 55 56 202 28 51 214 6 447 112 222 14 223,simulation,db4,energy,54,50,50,3
ALL,W-QDA:qda,4,,0.16,0.084,101 111 213 106 26 50 107 12 55 56 202 28 51 214 6 447 112 222 14 223,101 111 213 106 26 50 107 12 55 56 202 28 51 214 6 447 112 222 14 223,simulation,db4,energy,54,50,50,3
W-NN,W-NN:k=3,22,1.0,0.1,0.158,110 81 108 109 79 112 111 113 78 82 83 80 85 106 107 84 114 115 76 105,110 81 108 109 79 112 111 113 78 82 83 80 85 106 107 84 114 115 76 105,simulation,db4,usage,54,50,50,3
W-QDA,W-QDA:qda,2,3.0,0.22,0.21,82 83 108 109 110 80 81 107 111 84 79 106 85 113 78 112 114 115 75 86,110 81 108 109 79 112 111 113 78 82 83 80 85 106 107 84 114 115 76 105,simulation,db4,usage,54,50,50,3
W-CART,W-CART:cart,9,1.5,0.14,0.102,110 81 79 82 108 109 106 83 85 111 78 107 113 80 84 112 114 76 115 77,110 81 108 109 79 112 111 113 78 82 83 80 85 106 107 84 114 115 76 105,simulation,db4,usage,54,50,50,3
ALL,W-NN:k=3,22,1.0,0.1,0.158,110 81 108 109 79 112 111 113 78 82 83 80 85 106 107 84 114 115 76 105,110 81 108 109 79 112 111 113 78 82 83 80 85 106 107 84 114 115 76 105,simulation,db4,usage,54,50,50,3
W-NN,W-NN:k=3,3,,0.06,0.12,103 64 84 42 83 129 21 41 51 10 16 52 31 167 63 26 8 415 2 104,103 64 84 42 83 129 21 41 51 10 16 52 31 167 63 26 8 415 2 104,simulation,db4,energy,55,50,50,3
W-QDA,W-QDA:qda,4,,0.06,0.092,103 64 84 42 83 129 21 41 51 10 16 52 31 167 63 26 8 415 2 104,103 64 84 42 83 129 21 41 51 10 16 52 31 167 63 26 8 415 2 104,simulation,db4,energy,55,50,50,3
W-CART,W-CART:cart,4,,0.08,0.114,103 64 84 42 83 129 21 41 51 10 16 52 31 167 63 26 8 415 2 104,103 64 84 42 83 129 21 41 51 10 16 52 31 167 63 26 8 415 2 104,simulation,db4,energy,55,50,50,3
ALL,W-NN:k=3,3,,0.06,0.12,103 64 84 42 83 129 21 41 51 10 16 52 31 167 63 26 8 415 2 104,103 64 84 42 83 129 21 41 51 10 16 52 31 167 63 26 8 415 2 104,simulation,db4,energy,55,50,50,3
W-NN,W-NN:k=7,1,2.0,0.12,0.23,83 107 108 82 84 110 81 105 106 80 85 109 77 111 87 113 86 112 114 78,110 82 84 108 109 83 106 81 85 105 107 112 113 77 78 79 80 111 218 86,simulation,db4,usage,55,50,50,3
W-QDA,W-QDA:qda,5,3.0,0.08,0.118,83 107 108 84 105 106 109 110 81 82 87 86 79 85 112 114 80 111 77 104,110 82 84 108 109 83 106 81 85 105 107 112 113 77 78 79 80 111 218 86,simulation,db4,usage,55,50,50,3
W-CART,W-CART:cart,50,3.0,0.1,0.138,83 107 108 84 105 106 109 110 81 82 87 86 79 85 112 114 80 111 77 104,110 82 84 108 109 83 106 81 85 105 107 112 113 77 78 79 80 111 218 86,simulation,db4,usage,55,50,50,3
ALL,W-QDA:qda,5,3.0,0.08,0.118,83 107 108 84 105 106 109 110 81 82 87 86 79 85 112 114 80 111 77 104,110 82 84 108 109 83 106 81 85 105 107 112 113 77 78 79 80 111 218 86,simulation,db4,usage,55,50,50,3
W-NN,W-NN:k=1,40,,0.02,0.166,119 252 145 31 72 59 63 62 35 18 125 144 15 36 17 238 30 60 4 253,119 252 145 31 72 59 63 62 35 18 125 144 15 36 17 238 30 60 4 253,simulation,db4,energy,56,50,50,3
W-QDA,W-QDA:qda,10,,0.08,0.152,119 252 145 31 72 59 63 62 35 18 125 144 15 36 17 238 30 60 4 253,119 252 145 31 72 59 63 62 35 18 125 144 15 36 17 238 30 60 4 253,simulation,db4,energy,56,50,50,3
W-CART,W-CART:cart,45,,0.08,0.15,119 252 145 31 72 59 63 62 35 18 125 144 15 36 17 238 30 60 4 253,119 252 145 31 72 59 63 62 35 18 125 144 15 36 17 238 30 60 4 253,simulation,db4,energy,56,50,50,3
ALL,W-NN:k=1,40,,0.02,0.166,119 252 145 31 72 59 63 62 35 18 125 144 15 36 17 238 30 60 4 253,119 252 145 31 72 59 63 62 35 18 125 144 15 36 17 238 30 60 4 253,simulation,db4,energy,56,50,50,3
W-NN,W-NN:k=3,16,2.0,0.02,0.098,109 74 81 77 82 107 75 73 80 83 85 106 110 111 79 86 112 114 116 76,110 77 79 80 109 111 74 81 82 112 114 78 107 73 75 83 106 113 116 118,simulation,db4,usage,56,50,50,3
W-QDA,W-QDA:qda,6,2.0,0.0,0.054,109 74 81 77 82 107 75 73 80 83 85 106 110 111 79 86 112 114 116 76,110 77 79 80 109 111 74 81 82 112 114 78 107 73 75 83 106 113 116 118,simulation,db4,usage,56,50,50,3
W-CART,W-CART:cart,8,3.0,0.04,0.084,77 109 116 75 80 81 82 72 74 83 85 103 104 106 115 73 76 79 107 110,110 77 79 80 109 111 74 81 82 112 114 78 107 73 75 83 106 113 116 118,simulation,db4,usage,56,50,50,3
ALL,W-QDA:qda,6,2.0,0.0,0.054,109 74 81 77 82 107 75 73 80 83 85 106 110 111 79 86 112 114 116 76,110 77 79 80 109 111 74 81 82 112 114 78 107 73 75 83 106 113 116 118,simulation,db4,usage,56,50,50,3
W-NN,W-NN:k=3,4,,0.12,0.114,69 34 74 70 148 138 17 35 8 37 18 139 4 1 36 16 149 296 276 71,69 34 74 70 148 138 17 35 8 37 18 139 4 1 36 16 149 296 276 71,simulation,db4,energy,57,50,50,3
W-QDA,W-QDA:qda,2,,0.12,0.202,69 34 74 70 148 138 17 35 8 37 18 139 4 1 36 16 149 296 276 71,69 34 74 70 148 138 17 35 8 37 18 139 4 1 36 16 149 296 276 71,simulation,db4,energy,57,50,50,3
W-CART,W-CART:cart,2,,0.16,0.272,69 34 74 70 148 138 17 35 8 37 18 139 4 1 36 16 149 296 276 71,69 34 74 70 148 138 17 35 8 37 18 139 4 1 36 16 149 296 276 71,simulation,db4,energy,57,50,50,3
ALL,W-QDA:qda,2,,0.12,0.202,69 34 74 70 148 138 17 35 8 37 18 139 4 1 36 16 149 296 276 71,69 34 74 70 148 138 17 35 8 37 18 139 4 1 36 16 149 296 276 71,simulation,db4,energy,57,50,50,3
W-NN,W-NN:k=1,22,2.0,0.04,0.144,116 115 117 75 73 74 111 113 77 80 112 118 76 82 109 106 114 79 81 85,114 115 111 74 116 73 76 113 75 78 79 80 112 110 117 109 118 77 107 108,simulation,db4,usage,57,50,50,3
W-QDA,W-QDA:qda,12,3.0,0.06,0.104,116 73 117 74 75 115 109 112 113 76 105 106 111 118 79 85 114 77 78 108,114 115 111 74 116 73 76 113 75 78 79 80 112 110 117 109 118 77 107 108,simulation,db4,usage,57,50,50,3
W-CART,W-CART:cart,3,3.0,0.08,0.118,116 73 117 74 75 115 109 112 113 76 105 106 111 118 79 85 114 77 78 108,114 115 111 74 116 73 76 113 75 78 79 80 112 110 117 109 118 77 107 108,simulation,db4,usage,57,50,50,3
ALL,W-NN:k=1,22,2.0,0.04,0.144,116 115 117 75 73 74 111 113 77 80 112 118 76 82 109 106 114 79 81 85,114 115 111 74 116 73 76 113 75 78 79 80 112 110 117 109 118 77 107 108,simulation,db4,usage,57,50,50,3
W-NN,W-NN:k=1,6,,0.02,0.102,89 200 117 234 179 58 50 49 14 25 12 45 99 90 233 5 24 201 468 44,89 200 117 234 179 58 50 49 14 25 12 45 99 90 233 5 24 201 468 44,simulation,db4,energy,58,50,50,3
W-QDA,W-QDA:qda,6,,0.02,0.056,89 200 117 234 179 58 50 49 14 25 12 45 99 90 233 5 24 201 468 44,89 200 117 234 179 58 50 49 14 25 12 45 99 90 233 5 24 201 468 44,simulation,db4,energy,58,50,50,3
W-CART,W-CART:cart,58,,0.1,0.246,89 200 117 234 179 58 50 49 14 25 12 45 99 90 233 5 24 201 468 44,89 200 117 234 179 58 50 49 14 25 12 45 99 90 233 5 24 201 468 44,simulation,db4,energy,58,50,50,3
ALL,W-NN:k=1,6,,0.02,0.102,89 200 117 234 179 58 50 49 14 25 12 45 99 90 233 5 24 201 468 44,89 200 117 234 179 58 50 49 14 25 12 45 99 90 233 5 24 201 468 44,simulation,db4,energy,58,50,50,3
W-NN,W-NN:k=1,51,1.0,0.0,0.16,113 110 79 80 82 81 109 83 84 112 76 78 111 107 108 114 85 86 106 115,113 110 79 80 82 81 109 83 84 112 76 78 111 107 108 114 85 86 106 115,simulation,db4,usage,58,50,50,3
W-QDA,W-QDA:qda,19,0.5,0.04,0.064,113 81 110 79 112 80 109 82 83 84 114 78 111 115 76 107 77 116 74 85,113 110 79 80 82 81 109 83 84 112 76 78 111 107 108 114 85 86 106 115,simulation,db4,usage,58,50,50,3
W-CART,W-CART:cart,5,3.0,0.06,0.112,80 82 106 110 83 84 109 85 108 75 81 112 53 76 105 111 113 74 79 104,113 110 79 80 82 81 109 83 84 112 76 78 111 107 108 114 85 86 106 115,simulation,db4,usage,58,50,50,3
ALL,W-NN:k=1,51,1.0,0.0,0.16,113 110 79 80 82 81 109 83 84 112 76 78 111 107 108 114 85 86 106 115,113 110 79 80 82 81 109 83 84 112 76 78 111 107 108 114 85 86 106 115,simulation,db4,usage,58,50,50,3
W-NN,W-NN:k=3,3,,0.08,0.166,123 59 119 156 19 39 238 61 77 38 29 118 246 62 31 15 78 7 9 237,123 59 119 156 19 39 238 61 77 38 29 118 246 62 31 15 78 7 9 237,simulation,db4,energy,59,50,50,3
W-QDA,W-QDA:qda,4,,0.02,0.14,123 59 119 156 19 39 238 61 77 38 29 118 246 62 31 15 78 7 9 237,123 59 119 156 19 39 238 61 77 38 29 118 246 62 31 15 78 7 9 237,simulation,db4,energy,59,50,50,3
W-CART,W-CART:cart,8,,0.16,0.226,123 59 119 156 19 39 238 61 77 38 29 118 246 62 31 15 78 7 9 237,123 59 119 156 19 39 238 61 77 38 29 118 246 62 31 15 78 7 9 237,simulation,db4,energy,59,50,50,3
ALL,W-QDA:qda,4,,0.02,0.14,123 59 119 156 19 39 238 61 77 38 29 118 246 62 31 15 78 7 9 237,123 59 119 156 19 39 238 61 77 38 29 118 246 62 31 15 78 7 9 237,simulation,db4,energy,59,50,50,3
W-NN,W-NN:k=1,4,3.0,0.06,0.166,79 110 86 87 80 83 81 84 109 111 112 78 85 88 103 107 82 108 76 104,80 81 110 106 108 79 83 86 87 105 109 85 104 111 112 78 82 107 113 77,simulation,db4,usage,59,50,50,3
W-QDA,W-QDA:qda,5,0.5,0.04,0.098,106 109 80 86 104 110 79 87 105 112 81 82 83 108 111 85 78 84 107 113,80 81 110 106 108 79 83 86 87 105 109 85 104 111 112 78 82 107 113 77,simulation,db4,usage,59,50,50,3
W-CART,W-CART:cart,5,0.5,0.08,0.102,106 109 80 86 104 110 79 87 105 112 81 82 83 108 111 85 78 84 107 113,80 81 110 106 108 79 83 86 87 105 109 85 104 111 112 78 82 107 113 77,simulation,db4,usage,59,50,50,3
ALL,W-QDA:qda,5,0.5,0.04,0.098,106 109 80 86 104 110 79 87 105 112 81 82 83 108 111 85 78 84 107 113,80 81 110 106 108 79 83 86 87 105 109 85 104 111 112 78 82 107 113 77,simulation,db4,usage,59,50,50,3
W-NN,W-NN:k=3,4,,0.14,0.234,77 124 155 38 112 56 62 111 248 28 31 9 55 123 15 223 61 7 14 39,77 124 155 38 112 56 62 111 248 28 31 9 55 123 15 223 61 7 14 39,simulation,db4,energy,60,50,50,3
W-QDA,W-QDA:qda,4,,0.16,0.246,77 124 155 38 112 56 62 111 248 28 31 9 55 123 15 223 61 7 14 39,77 124 155 38 112 56 62 111 248 28 31 9 55 123 15 223 61 7 14 39,simulation,db4,energy,60,50,50,3
W-CART,W-CART:cart,4,,0.14,0.268,77 124 155 38 112 56 62 111 248 28 31 9 55 123 15 223 61 7 14 39,77 124 155 38 112 56 62 111 248 28 31 9 55 123 15 223 61 7 14 39,simulation,db4,energy,60,50,50,3
ALL,W-NN:k=3,4,,0.14,0.234,77 124 155 38 112 56 62 111 248 28 31 9 55 123 15 223 61 7 14 39,77 124 155 38 112 56 62 111 248 28 31 9 55 123 15 223 61 7 14 39,simulation,db4,energy,60,50,50,3
W-NN,W-NN:k=1,3,3.0,0.06,0.114,85 107 113 82 105 106 80 83 84 112 114 117 118 81 103 108 109 111 115 73,82 83 81 108 111 107 84 79 80 85 112 78 113 114 106 109 110 115 105 77,simulation,db4,usage,60,50,50,3
W-QDA,W-QDA:qda,2,3.0,0.06,0.094,85 107 113 82 105 106 80 83 84 112 114 117 118 81 103 108 109 111 115 73,82 83 81 108 111 107 84 79 80 85 112 78 113 114 106 109 110 115 105 77,simulation,db4,usage,60,50,50,3
W-CART,W-CART:cart,11,0.5,0.08,0.128,81 112 82 84 108 83 107 110 111 80 85 106 78 79 113 164 217 77 115 162,82 83 81 108 111 107 84 79 80 85 112 78 113 114 106 109 110 115 105 77,simulation,db4,usage,60,50,50,3
ALL,W-QDA:qda,2,3.0,0.06,0.094,85 107 113 82 105 106 80 83 84 112 114 117 118 81 103 108 109 111 115 73,82 83 81 108 111 107 84 79 80 85 112 78 113 114 106 109 110 115 105 77,simulation,db4,usage,60,50,50,3
W-NN,W-NN:k=7,1,,0.14,0.184,75 89 178 104 208 44 151 52 38 26 76 207 19 5 416 37 13 11 21 9,75 89 178 104 208 44 151 52 38 26 76 207 19 5 416 37 13 11 21 9,simulation,db4,energy,61,50,50,3
W-QDA,W-QDA:qda,10,,0.06,0.076,75 89 178 104 208 44 151 52 38 26 76 207 19 5 416 37 13 11 21 9,75 89 178 104 208 44 151 52 38 26 76 207 19 5 416 37 13 11 21 9,simulation,db4,energy,61,50,50,3
W-CART,W-CART:cart,34,,0.12,0.164,75 89 178 104 208 44 151 52 38 26 76 207 19 5 416 37 13 11 21 9,75 89 178 104 208 44 151 52 38 26 76 207 19 5 416 37 13 11 21 9,simulation,db4,energy,61,50,50,3
ALL,W-QDA:qda,10,,0.06,0.076,75 89 178 104 208 44 151 52 38 26 76 207 19 5 416 37 13 11 21 9,75 89 178 104 208 44 151 52 38 26 76 207 19 5 416 37 13 11 21 9,simulation,db4,energy,61,50,50,3
W-NN,W-NN:k=1,15,3.0,0.04,0.152,76 114 77 79 112 113 82 111 75 78 107 110 115 117 83 105 108 116 72 74,112 116 113 77 78 79 82 83 114 74 107 117 75 76 115 81 109 111 73 108,simulation,db4,usage,61,50,50,3
W-QDA,W-QDA:qda,17,3.0,0.08,0.124,76 114 77 79 112 113 82 111 75 78 107 110 115 117 83 105 108 116 72 74,112 116 113 77 78 79 82 83 114 74 107 117 75 76 115 81 109 111 73 108,simulation,db4,usage,61,50,50,3
W-CART,W-CART:cart,10,0.5,0.08,0.11,111 112 78 79 113 74 114 82 107 116 76 77 81 75 80 83 108 109 115 117,112 116 113 77 78 79 82 83 114 74 107 117 75 76 115 81 109 111 73 108,simulation,db4,usage,61,50,50,3
ALL,W-NN:k=1,15,3.0,0.04,0.152,76 114 77 79 112 113 82 111 75 78 107 110 115 117 83 105 108 116 72 74,112 116 113 77 78 79 82 83 114 74 107 117 75 76 115 81 109 111 73 108,simulation,db4,usage,61,50,50,3
W-NN,W-NN:k=1,6,,0.08,0.162,108 159 120 240 217 79 60 80 40 13 30 109 239 20 26 160 27 480 15 10,108 159 120 240 217 79 60 80 40 13 30 109 239 20 26 160 27 480 15 10,simulation,db4,energy,62,50,50,3
W-QDA,W-QDA:qda,5,,0.08,0.154,108 159 120 240 217 79 60 80 40 13 30 109 239 20 26 160 27 480 15 10,108 159 120 240 217 79 60 80 40 13 30 109 239 20 26 160 27 480 15 10,simulation,db4,energy,62,50,50,3
W-CART,W-CART:cart,52,,0.06,0.148,108 159 120 240 217 79 60 80 40 13 30 109 239 20 26 160 27 480 15 10,108 159 120 240 217 79 60 80 40 13 30 109 239 20 26 160 27 480 15 10,simulation,db4,energy,62,50,50,3
ALL,W-CART:cart,52,,0.06,0.148,108 159 120 240 217 79 60 80 40 13 30 109 239 20 26 160 27 480 15 10,108 159 120 240 217 79 60 80 40 13 30 109 239 20 26 160 27 480 15 10,simulation,db4,energy,62,50,50,3
W-NN,W-NN:k=3,3,1.0,0.04,0.166,108 107 79 109 80 78 81 82 110 112 83 84 106 85 105 111 114 77 115 76,108 107 79 109 80 78 81 82 110 112 83 84 106 85 105 111 114 77 115 76,simulation,db4,usage,62,50,50,3
W-QDA,W-QDA:qda,9,3.0,0.02,0.104,108 81 84 109 80 85 78 79 106 107 110 111 112 82 83 105 53 116 77 103,108 107 79 109 80 78 81 82 110 112 83 84 106 85 105 111 114 77 115 76,simulation,db4,usage,62,50,50,3
W-CART,W-CART:cart,11,2.0,0.06,0.156,109 80 83 107 81 108 112 79 82 84 105 110 78 85 106 111 77 104 86 114,108 107 79 109 80 78 81 82 110 112 83 84 106 85 105 111 114 77 115 76,simulation,db4,usage,62,50,50,3
ALL,W-QDA:qda,9,3.0,0.02,0.104,108 81 84 109 80 85 78 79 106 107 110 111 112 82 83 105 53 116 77 103,108 107 79 109 80 78 81 82 110 112 83 84 106 85 105 111 114 77 115 76,simulation,db4,usage,62,50,50,3
W-NN,W-NN:k=1,7,,0.1,0.236,54 218 216 61 123 13 53 246 30 27 108 107 122 26 7 219 217 6 245 55,54 218 216 61 123 13 53 246 30 27 108 107 122 26 7 219 217 6 245 55,simulation,db4,energy,63,50,50,3
W-QDA,W-QDA:qda,12,,0.18,0.202,54 218 216 61 123 13 53 246 30 27 108 107 122 26 7 219 217 6 245 55,54 218 216 61 123 13 53 246 30 27 108 107 122 26 7 219 217 6 245 55,simulation,db4,energy,63,50,50,3
W-CART,W-CART:cart,15,,0.14,0.168,54 218 216 61 123 13 53 246 30 27 108 107 122 26 7 219 217 6 245 55,54 218 216 61 123 13 53 246 30 27 108 107 122 26 7 219 217 6 245 55,simulation,db4,energy,63,50,50,3
ALL,W-NN:k=1,7,,0.1,0.236,54 218 216 61 123 13 53 246 30 27 108 107 122 26 7 219 217 6 245 55,54 218 216 61 123 13 53 246 30 27 108 107 122 26 7 219 217 6 245 55,simulation,db4,energy,63,50,50,3
W-NN,W-NN:k=5,3,3.0,0.02,0.118,106 116 73 115 117 74 77 72 78 111 87 113 75 76 105 112 114 118 119 71,113 110 114 72 109 78 111 112 115 117 77 73 74 75 76 80 81 82 105 116,simulation,db4,usage,63,50,50,3
W-QDA,W-QDA:qda,4,1.5,0.02,0.108,113 115 117 73 74 77 78 81 110 112 114 116 105 106 107 109 118 119 71 75,113 110 114 72 109 78 111 112 115 117 77 73 74 75 76 80 81 82 105 116,simulation,db4,usage,63,50,50,3
W-CART,W-CART:cart,3,3.0,0.04,0.112,106 116 73 115 117 74 77 72 78 111 87 113 75 76 105 112 114 118 119 71,113 110 114 72 109 78 111 112 115 117 77 73 74 75 76 80 81 82 105 116,simulation,db4,usage,63,50,50,3
ALL,W-NN:k=5,3,3.0,0.02,0.118,106 116 73 115 117 74 77 72 78 111 87 113 75 76 105 112 114 118 119 71,113 110 114 72 109 78 111 112 115 117 77 73 74 75 76 80 81 82 105 116,simulation,db4,usage,63,50,50,3
W-NN,W-NN:k=1,13,,0.2,0.288,56 226 97 243 194 48 122 244 61 112 7 30 121 14 227 3 6 12 23 13,56 226 97 243 194 48 122 244 61 112 7 30 121 14 227 3 6 12 23 13,simulation,db4,energy,64,50,50,3
W-QDA,W-QDA:qda,19,,0.2,0.26,56 226 97 243 194 48 122 244 61 112 7 30 121 14 227 3 6 12 23 13,56 226 97 243 194 48 122 244 61 112 7 30 121 14 227 3 6 12 23 13,simulation,db4,energy,64,50,50,3
W-CART,W-CART:cart,47,,0.16,0.262,56 226 97 243 194 48 122 244 61 112 7 30 121 14 227 3 6 12 23 13,56 226 97 243 194 48 122 244 61 112 7 30 121 14 227 3 6 12 23 13,simulation,db4,energy,64,50,50,3
ALL,W-CART:cart,47,,0.16,0.262,56 226 97 243 194 48 122 244 61 112 7 30 121 14 227 3 6 12 23 13,56 226 97 243 194 48 122 244 61 112 7 30 121 14 227 3 6 12 23 13,simulation,db4,energy,64,50,50,3
W-NN,W-NN:k=3,54,0.5,0.06,0.206,79 110 78 80 112 114 113 115 77 84 109 76 82 83 111 225 107 108 222 223,114 78 80 83 109 111 112 113 76 82 84 115 75 107 108 110 116 77 79 227,simulation,db4,usage,64,50,50,3
W-QDA,W-QDA:qda,14,0.5,0.04,0.104,79 110 78 80 112 114 113 115 77 84 109 76 82 83 111 225 107 108 222 223,114 78 80 83 109 111 112 113 76 82 84 115 75 107 108 110 116 77 79 227,simulation,db4,usage,64,50,50,3
W-CART,W-CART:cart,14,3.0,0.1,0.15,76 113 107 112 114 104 111 82 106 108 116 81 115 73 74 78 85 87 103 105,114 78 80 83 109 111 112 113 76 82 84 115 75 107 108 110 116 77 79 227,simulation,db4,usage,64,50,50,3
ALL,W-QDA:qda,14,0.5,0.04,0.104,79 110 78 80 112 114 113 115 77 84 109 76 82 83 111 225 107 108 222 223,114 78 80 83 109 111 112 113 76 82 84 115 75 107 108 110 116 77 79 227,simulation,db4,usage,64,50,50,3
W-NN,W-NN:k=3,26,,0.06,0.09,125 58 117 212 251 62 26 213 234 52 14 53 15 116 6 105 63 28 233 252,125 58 117 212 251 62 26 213 234 52 14 53 15 116 6 105 63 28 233 252,simulation,db4,energy,65,50,50,3
W-QDA,W-QDA:qda,12,,0.06,0.078,125 58 117 212 251 62 26 213 234 52 14 53 15 116 6 105 63 28 233 252,125 58 117 212 251 62 26 213 234 52 14 53 15 116 6 105 63 28 233 252,simulation,db4,energy,65,50,50,3
W-CART,W-CART:cart,15,,0.08,0.196,125 58 117 212 251 62 26 213 234 52 14 53 15 116 6 105 63 28 233 252,125 58 117 212 251 62 26 213 234 52 14 53 15 116 6 105 63 28 233 252,simulation,db4,energy,65,50,50,3
ALL,W-QDA:qda,12,,0.06,0.078,125 58 117 212 251 62 26 213 234 52 14 53 15 116 6 105 63 28 233 252,125 58 117 212 251 62 26 213 234 52 14 53 15 116 6 105 63 28 233 252,simulation,db4,energy,65,50,50,3
W-NN,W-NN:k=3,1,0.5,0.08,0.21,84 111 82 83 80 81 106 107 110 112 79 85 108 113 77 105 109 115 217 76,82 81 83 107 111 84 106 108 77 80 109 110 112 113 105 76 79 85 114 115,simulation,db4,usage,65,50,50,3
W-QDA,W-QDA:qda,5,3.0,0.08,0.108,107 82 81 108 105 109 83 80 106 86 110 111 113 75 85 114 41 84 87 112,82 81 83 107 111 84 106 108 77 80 109 110 112 113 105 76 79 85 114 115,simulation,db4,usage,65,50,50,3
W-CART,W-CART:cart,5,3.0,0.12,0.188,107 82 81 108 105 109 83 80 106 86 110 111 113 75 85 114 41 84 87 112,82 81 83 107 111 84 106 108 77 80 109 110 112 113 105 76 79 85 114 115,simulation,db4,usage,65,50,50,3
ALL,W-NN:k=3,1,0.5,0.08,0.21,84 111 82 83 80 81 106 107 110 112 79 85 108 113 77 105 109 115 217 76,82 81 83 107 111 84 106 108 77 80 109 110 112 113 105 76 79 85 114 115,simulation,db4,usage,65,50,50,3
W-NN,W-NN:k=1,4,,0.06,0.082,119 42 85 102 51 25 84 101 59 10 50 238 169 203 60 30 12 15 2 3,119 42 85 102 51 25 84 101 59 10 50 238 169 203 60 30 12 15 2 3,simulation,db4,energy,66,50,50,3
W-QDA,W-QDA:qda,4,,0.06,0.058,119 42 85 102 51 25 84 101 59 10 50 238 169 203 60 30 12 15 2 3,119 42 85 102 51 25 84 101 59 10 50 238 169 203 60 30 12 15 2 3,simulation,db4,energy,66,50,50,3
W-CART,W-CART:cart,3,,0.1,0.12,119 42 85 102 51 25 84 101 59 10 50 238 169 203 60 30 12 15 2 3,119 42 85 102 51 25 84 101 59 10 50 238 169 203 60 30 12 15 2 3,simulation,db4,energy,66,50,50,3
ALL,W-NN:k=1,4,,0.06,0.082,119 42 85 102 51 25 84 101 59 10 50 238 169 203 60 30 12 15 2 3,119 42 85 102 51 25 84 101 59 10 50 238 169 203 60 30 12 15 2 3,simulation,db4,energy,66,50,50,3
W-NN,W-NN:k=1,25,2.0,0.0,0.094,76 77 116 114 117 75 78 84 106 74 79 80 83 85 105 115 108 109 110 73,75 116 83 76 78 80 84 74 107 108 111 114 117 77 85 115 154 81 106 109,simulation,db4,usage,66,50,50,3
W-QDA,W-QDA:qda,16,0.5,0.0,0.06,77 80 76 79 75 83 112 115 81 84 108 109 116 78 82 111 113 117 155 230,75 116 83 76 78 80 84 74 107 108 111 114 117 77 85 115 154 81 106 109,simulation,db4,usage,66,50,50,3
W-CART,W-CART:cart,7,3.0,0.06,0.154,116 76 77 78 75 84 85 105 106 115 117 79 114 74 83 86 103 104 111 80,75 116 83 76 78 80 84 74 107 108 111 114 117 77 85 115 154 81 106 109,simulation,db4,usage,66,50,50,3
ALL,W-QDA:qda,16,0.5,0.0,0.06,77 80 76 79 75 83 112 115 81 84 108 109 116 78 82 111 113 117 155 230,75 116 83 76 78 80 84 74 107 108 111 114 117 77 85 115 154 81 106 109,simulation,db4,usage,66,50,50,3
W-NN,W-NN:k=5,10,,0.08,0.134,107 137 189 94 68 23 69 95 8 53 54 27 16 138 190 6 431 108 17 214,107 137 189 94 68 23 69 95 8 53 54 27 16 138 190 6 431 108 17 214,simulation,db4,energy,67,50,50,3
W-QDA,W-QDA:qda,10,,0.06,0.088,107 137 189 94 68 23 69 95 8 53 54 27 16 138 190 6 431 108 17 214,107 137 189 94 68 23 69 95 8 53 54 27 16 138 190 6 431 108 17 214,simulation,db4,energy,67,50,50,3
W-CART,W-CART:cart,28,,0.12,0.244,107 137 189 94 68 23 69 95 8 53 54 27 16 138 190 6 431 108 17 214,107 137 189 94 68 23 69 95 8 53 54 27 16 138 190 6 431 108 17 214,simulation,db4,energy,67,50,50,3
ALL,W-QDA:qda,10,,0.06,0.088,107 137 189 94 68 23 69 95 8 53 54 27 16 138 190 6 431 108 17 214,107 137 189 94 68 23 69 95 8 53 54 27 16 138 190 6 431 108 17 214,simulation,db4,energy,67,50,50,3
W-NN,W-NN:k=1,7,3.0,0.04,0.11,108 86 105 87 104 107 84 109 110 82 77 83 85 73 89 106 53 76 81 88,108 82 84 86 107 109 110 106 85 104 105 80 83 87 81 103 77 79 88 111,simulation,db4,usage,67,50,50,3
W-QDA,W-QDA:qda,2,2.0,0.04,0.092,86 108 84 82 109 104 105 107 85 87 110 83 88 106 81 76 89 103 168 73,108 82 84 86 107 109 110 106 85 104 105 80 83 87 81 103 77 79 88 111,simulation,db4,usage,67,50,50,3
W-CART,W-CART:cart,9,3.0,0.04,0.082,108 86 105 87 104 107 84 109 110 82 77 83 85 73 89 106 53 76 81 88,108 82 84 86 107 109 110 106 85 104 105 80 83 87 81 103 77 79 88 111,simulation,db4,usage,67,50,50,3
ALL,W-QDA:qda,2,2.0,0.04,0.092,86 108 84 82 109 104 105 107 85 87 110 83 88 106 81 76 89 103 168 73,108 82 84 86 107 109 110 106 85 104 105 80 83 87 81 103 77 79 88 111,simulation,db4,usage,67,50,50,3
W-NN,W-NN:k=1,4,,0.02,0.11,213 90 224 106 45 26 22 225 180 107 55 56 28 89 27 6 214 5 44 14,213 90 224 106 45 26 22 225 180 107 55 56 28 89 27 6 214 5 44 14,simulation,db4,energy,68,50,50,3
W-QDA,W-QDA:qda,9,,0.04,0.104,213 90 224 106 45 26 22 225 180 107 55 56 28 89 27 6 214 5 44 14,213 90 224 106 45 26 22 225 180 107 55 56 28 89 27 6 214 5 44 14,simulation,db4,energy,68,50,50,3
W-CART,W-CART:cart,64,,0.04,0.144,213 90 224 106 45 26 22 225 180 107 55 56 28 89 27 6 214 5 44 14,213 90 224 106 45 26 22 225 180 107 55 56 28 89 27 6 214 5 44 14,simulation,db4,energy,68,50,50,3
ALL,W-NN:k=1,4,,0.02,0.11,213 90 224 106 45 26 22 225 180 107 55 56 28 89 27 6 214 5 44 14,213 90 224 106 45 26 22 225 180 107 55 56 28 89 27 6 214 5 44 14,simulation,db4,energy,68,50,50,3
W-NN,W-NN:k=1,5,3.0,0.02,0.098,84 106 110 109 105 107 82 111 83 86 103 104 112 81 85 108 87 88 113 77,106 107 84 105 108 109 82 111 81 83 110 80 85 87 112 113 88 78 79 104,simulation,db4,usage,68,50,50,3
W-QDA,W-QDA:qda,2,1.0,0.06,0.082,106 107 84 105 108 109 82 111 81 83 110 80 85 87 112 113 88 78 79 104,106 107 84 105 108 109 82 111 81 83 110 80 85 87 112 113 88 78 79 104,simulation,db4,usage,68,50,50,3
W-CART,W-CART:cart,22,1.0,0.04,0.126,106 107 84 105 108 109 82 111 81 83 110 80 85 87 112 113 88 78 79 104,106 107 84 105 108 109 82 111 81 83 110 80 85 87 112 113 88 78 79 104,simulation,db4,usage,68,50,50,3
ALL,W-NN:k=1,5,3.0,0.02,0.098,84 106 110 109 105 107 82 111 83 86 103 104 112 81 85 108 87 88 113 77,106 107 84 105 108 109 82 111 81 83 110 80 85 87 112 113 88 78 79 104,simulation,db4,usage,68,50,50,3
W-NN,W-NN:k=1,4,,0.06,0.144,106 62 115 231 26 124 125 213 15 58 116 29 52 6 501 57 249 14 250 3,106 62 115 231 26 124 125 213 15 58 116 29 52 6 501 57 249 14 250 3,simulation,db4,energy,69,50,50,3
W-QDA,W-QDA:qda,12,,0.0,0.042,106 62 115 231 26 124 125 213 15 58 116 29 52 6 501 57 249 14 250 3,106 62 115 231 26 124 125 213 15 58 116 29 52 6 501 57 249 14 250 3,simulation,db4,energy,69,50,50,3
W-CART,W-CART:cart,8,,0.08,0.11,106 62 115 231 26 124 125 213 15 58 116 29 52 6 501 57 249 14 250 3,106 62 115 231 26 124 125 213 15 58 116 29 52 6 501 57 249 14 250 3,simulation,db4,energy,69,50,50,3
ALL,W-QDA:qda,12,,0.0,0.042,106 62 115 231 26 124 125 213 15 58 116 29 52 6 501 57 249 14 250 3,106 62 115 231 26 124 125 213 15 58 116 29 52 6 501 57 249 14 250 3,simulation,db4,energy,69,50,50,3
W-NN,W-NN:k=1,13,1.0,0.08,0.11,78 108 112 109 76 77 107 115 79 81 111 116 75 80 113 114 83 159 85 106,78 108 112 109 76 77 107 115 79 81 111 116 75 80 113 114 83 159 85 106,simulation,db4,usage,69,50,50,3
W-QDA,W-QDA:qda,10,3.0,0.12,0.136,77 112 113 108 114 81 111 75 107 76 78 79 80 82 83 110 115 84 109 118,78 108 112 109 76 77 107 115 79 81 111 116 75 80 113 114 83 159 85 106,simulation,db4,usage,69,50,50,3
W-CART,W-CART:cart,18,1.5,0.1,0.116,78 108 112 77 107 114 115 76 79 80 81 111 83 109 113 75 85 106 110 116,78 108 112 109 76 77 107 115 79 81 111 116 75 80 113 114 83 159 85 106,simulation,db4,usage,69,50,50,3
ALL,W-NN:k=1,13,1.0,0.08,0.11,78 108 112 109 76 77 107 115 79 81 111 116 75 80 113 114 83 159 85 106,78 108 112 109 76 77 107 115 79 81 111 116 75 80 113 114 83 159 85 106,simulation,db4,usage,69,50,50,3
W-NN,W-NN:k=1,11,,0.1,0.12,235 145 22 118 45 89 72 236 90 59 44 35 18 144 29 117 14 36 17 5,235 145 22 118 45 89 72 236 90 59 44 35 18 144 29 117 14 36 17 5,simulation,db4,energy,70,50,50,3
W-QDA,W-QDA:qda,14,,0.02,0.082,235 145 22 118 45 89 72 236 90 59 44 35 18 144 29 117 14 36 17 5,235 145 22 118 45 89 72 236 90 59 44 35 18 144 29 117 14 36 17 5,simulation,db4,energy,70,50,50,3
W-CART,W-CART:cart,40,,0.06,0.126,235 145 22 118 45 89 72 236 90 59 44 35 18 144 29 117 14 36 17 5,235 145 22 118 45 89 72 236 90 59 44 35 18 144 29 117 14 36 17 5,simulation,db4,energy,70,50,50,3
ALL,W-QDA:qda,14,,0.02,0.082,235 145 22 118 45 89 72 236 90 59 44 35 18 144 29 117 14 36 17 5,235 145 22 118 45 89 72 236 90 59 44 35 18 144 29 117 14 36 17 5,simulation,db4,energy,70,50,50,3
W-NN,W-NN:k=1,12,2.0,0.06,0.128,108 106 76 82 83 107 75 105 109 111 118 104 112 117 78 80 81 119 74 77,82 106 107 108 110 80 109 111 77 81 78 84 85 105 112 75 76 83 113 115,simulation,db4,usage,70,50,50,3
W-QDA,W-QDA:qda,20,1.5,0.0,0.06,108 106 107 82 105 76 81 83 109 110 111 118 75 77 79 80 112 113 117 78,82 106 107 108 110 80 109 111 77 81 78 84 85 105 112 75 76 83 113 115,simulation,db4,usage,70,50,50,3
W-CART,W-CART:cart,13,1.0,0.08,0.09,82 106 107 108 110 80 109 111 77 81 78 84 85 105 112 75 76 83 113 115,82 106 107 108 110 80 109 111 77 81 78 84 85 105 112 75 76 83 113 115,simulation,db4,usage,70,50,50,3
ALL,W-QDA:qda,20,1.5,0.0,0.06,108 106 107 82 105 76 81 83 109 110 111 118 75 77 79 80 112 113 117 78,82 106 107 108 110 80 109 111 77 81 78 84 85 105 112 75 76 83 113 115,simulation,db4,usage,70,50,50,3
W-NN,W-NN:k=3,6,,0.04,0.15,47 44 89 178 88 190 87 94 22 11 177 5 43 21 23 175 95 10 356 12,47 44 89 178 88 190 87 94 22 11 177 5 43 21 23 175 95 10 356 12,simulation,db4,energy,71,50,50,3
W-QDA,W-QDA:qda,7,,0.02,0.092,47 44 89 178 88 190 87 94 22 11 177 5 43 21 23 175 95 10 356 12,47 44 89 178 88 190 87 94 22 11 177 5 43 21 23 175 95 10 356 12,simulation,db4,energy,71,50,50,3
W-CART,W-CART:cart,8,,0.1,0.19,47 44 89 178 88 190 87 94 22 11 177 5 43 21 23 175 95 10 356 12,47 44 89 178 88 190 87 94 22 11 177 5 43 21 23 175 95 10 356 12,simulation,db4,energy,71,50,50,3
ALL,W-QDA:qda,7,,0.02,0.092,47 44 89 178 88 190 87 94 22 11 177 5 43 21 23 175 95 10 356 12,47 44 89 178 88 190 87 94 22 11 177 5 43 21 23 175 95 10 356 12,simulation,db4,energy,71,50,50,3
W-NN,W-NN:k=1,26,1.5,0.08,0.156,77 74 79 76 110 112 116 78 111 113 75 81 108 115 80 114 117 83 82 107,77 76 112 113 74 79 81 110 111 116 115 78 114 75 80 83 108 117 82 107,simulation,db4,usage,71,50,50,3
W-QDA,W-QDA:qda,5,1.0,0.02,0.114,77 76 112 113 74 79 81 110 111 116 115 78 114 75 80 83 108 117 82 107,77 76 112 113 74 79 81 110 111 116 115 78 114 75 80 83 108 117 82 107,simulation,db4,usage,71,50,50,3
W-CART,W-CART:cart,15,3.0,0.08,0.204,79 111 76 74 112 77 113 115 116 75 109 80 81 83 114 117 108 78 84 107,77 76 112 113 74 79 81 110 111 116 115 78 114 75 80 83 108 117 82 107,simulation,db4,usage,71,50,50,3
ALL,W-QDA:qda,5,1.0,0.02,0.114,77 76 112 113 74 79 81 110 111 116 115 78 114 75 80 83 108 117 82 107,77 76 112 113 74 79 81 110 111 116 115 78 114 75 80 83 108 117 82 107,simulation,db4,usage,71,50,50,3
W-NN,W-NN:k=1,58,,0.1,0.124,71 185 107 35 143 214 93 186 53 26 11 213 46 92 6 22 428 18 36 23,71 185 107 35 143 214 93 186 53 26 11 213 46 92 6 22 428 18 36 23,simulation,db4,energy,72,50,50,3
W-QDA,W-QDA:qda,6,,0.12,0.108,71 185 107 35 143 214 93 186 53 26 11 213 46 92 6 22 428 18 36 23,71 185 107 35 143 214 93 186 53 26 11 213 46 92 6 22 428 18 36 23,simulation,db4,energy,72,50,50,3
W-CART,W-CART:cart,55,,0.12,0.132,71 185 107 35 143 214 93 186 53 26 11 213 46 92 6 22 428 18 36 23,71 185 107 35 143 214 93 186 53 26 11 213 46 92 6 22 428 18 36 23,simulation,db4,energy,72,50,50,3
ALL,W-NN:k=1,58,,0.1,0.124,71 185 107 35 143 214 93 186 53 26 11 213 46 92 6 22 428 18 36 23,71 185 107 35 143 214 93 186 53 26 11 213 46 92 6 22 428 18 36 23,simulation,db4,energy,72,50,50,3
W-NN,W-NN:k=5,2,1.5,0.06,0.102,106 85 81 82 83 104 107 108 84 73 105 110 87 109 111 78 112 76 77 79,106 108 82 107 110 83 85 81 84 104 109 73 166 168 169 170 76 78 105 165,simulation,db4,usage,72,50,50,3
W-QDA,W-QDA:qda,1,2.0,0.12,0.13,85 81 106 107 83 104 108 82 105 73 84 109 112 110 111 78 86 113 117 170,106 108 82 107 110 83 85 81 84 104 109 73 166 168 169 170 76 78 105 165,simulation,db4,usage,72,50,50,3
W-CART,W-CART:cart,31,1.0,0.08,0.118,106 108 82 107 110 83 85 81 84 104 109 73 166 168 169 170 76 78 105 165,106 108 82 107 110 83 85 81 84 104 109 73 166 168 169 170 76 78 105 165,simulation,db4,usage,72,50,50,3
ALL,W-NN:k=5,2,1.5,0.06,0.102,106 85 81 82 83 104 107 108 84 73 105 110 87 109 111 78 112 76 77 79,106 108 82 107 110 83 85 81 84 104 109 73 166 168 169 170 76 78 105 165,simulation,db4,usage,72,50,50,3
W-NN,W-NN:k=3,11,,0.12,0.172,102 32 152 130 25 38 37 19 9 75 64 18 153 131 411 4 103 204 1 205,102 32 152 130 25 38 37 19 9 75 64 18 153 131 411 4 103 204 1 205,simulation,db4,energy,73,50,50,3
W-QDA,W-QDA:qda,17,,0.12,0.134,102 32 152 130 25 38 37 19 9 75 64 18 153 131 411 4 103 204 1 205,102 32 152 130 25 38 37 19 9 75 64 18 153 131 411 4 103 204 1 205,simulation,db4,energy,73,50,50,3
W-CART,W-CART:cart,38,,0.12,0.104,102 32 152 130 25 38 37 19 9 75 64 18 153 131 411 4 103 204 1 205,102 32 152 130 25 38 37 19 9 75 64 18 153 131 411 4 103 204 1 205,simulation,db4,energy,73,50,50,3
ALL,W-NN:k=3,11,,0.12,0.172,102 32 152 130 25 38 37 19 9 75 64 18 153 131 411 4 103 204 1 205,102 32 152 130 25 38 37 19 9 75 64 18 153 131 411 4 103 204 1 205,simulation,db4,energy,73,50,50,3
W-NN,W-NN:k=5,6,2.0,0.04,0.14,114 81 82 115 111 83 84 105 107 108 109 110 75 76 79 106 117 74 77 78,113 76 77 79 114 81 82 75 78 115 83 107 117 84 111 112 116 74 106 108,simulation,db4,usage,73,50,50,3
W-QDA,W-QDA:qda,9,1.5,0.02,0.074,82 81 114 115 79 107 113 75 117 76 77 106 111 74 83 84 105 108 110 86,113 76 77 79 114 81 82 75 78 115 83 107 117 84 111 112 116 74 106 108,simulation,db4,usage,73,50,50,3
W-CART,W-CART:cart,8,2.0,0.06,0.07,114 81 82 115 111 83 84 105 107 108 109 110 75 76 79 106 117 74 77 78,113 76 77 79 114 81 82 75 78 115 83 107 117 84 111 112 116 74 106 108,simulation,db4,usage,73,50,50,3
ALL,W-QDA:qda,9,1.5,0.02,0.074,82 81 114 115 79 107 113 75 117 76 77 106 111 74 83 84 105 108 110 86,113 76 77 79 114 81 82 75 78 115 83 107 117 84 111 112 116 74 106 108,simulation,db4,usage,73,50,50,3
W-NN,W-NN:k=3,4,,0.06,0.132,85 245 171 89 42 178 123 30 44 246 10 177 61 122 5 21 356 2 7 11,85 245 171 89 42 178 123 30 44 246 10 177 61 122 5 21 356 2 7 11,simulation,db4,energy,74,50,50,3
W-QDA,W-QDA:qda,10,,0.12,0.108,85 245 171 89 42 178 123 30 44 246 10 177 61 122 5 21 356 2 7 11,85 245 171 89 42 178 123 30 44 246 10 177 61 122 5 21 356 2 7 11,simulation,db4,energy,74,50,50,3
W-CART,W-CART:cart,4,,0.08,0.14,85 245 171 89 42 178 123 30 44 246 10 177 61 122 5 21 356 2 7 11,85 245 171 89 42 178 123 30 44 246 10 177 61 122 5 21 356 2 7 11,simulation,db4,energy,74,50,50,3
ALL,W-NN:k=3,4,,0.06,0.132,85 245 171 89 42 178 123 30 44 246 10 177 61 122 5 21 356 2 7 11,85 245 171 89 42 178 123 30 44 246 10 177 61 122 5 21 356 2 7 11,simulation,db4,energy,74,50,50,3
W-NN,W-NN:k=1,7,1.5,0.02,0.126,84 82 83 105 78 81 85 106 112 80 108 79 88 110 87 107 109 111 117 103,84 110 78 81 108 112 83 85 105 106 109 79 80 82 107 114 77 88 111 113,simulation,db4,usage,74,50,50,3
W-QDA,W-QDA:qda,18,2.0,0.04,0.054,82 105 108 83 84 112 88 106 78 87 110 111 80 85 103 114 72 77 81 107,84 110 78 81 108 112 83 85 105 106 109 79 80 82 107 114 77 88 111 113,simulation,db4,usage,74,50,50,3
W-CART,W-CART:cart,6,3.0,0.08,0.142,105 82 88 110 77 83 106 108 72 84 85 107 112 114 116 75 80 86 87 103,84 110 78 81 108 112 83 85 105 106 109 79 80 82 107 114 77 88 111 113,simulation,db4,usage,74,50,50,3
ALL,W-NN:k=1,7,1.5,0.02,0.126,84 82 83 105 78 81 85 106 112 80 108 79 88 110 87 107 109 111 117 103,84 110 78 81 108 112 83 85 105 106 109 79 80 82 107 114 77 88 111 113,simulation,db4,usage,74,50,50,3
W-NN,W-NN:k=1,28,,0.2,0.354,49 90 198 180 112 224 45 56 199 22 28 223 5 448 24 14 98 25 3 447,49 90 198 180 112 224 45 56 199 22 28 223 5 448 24 14 98 25 3 447,simulation,db4,energy,75,50,50,3
W-QDA,W-QDA:qda,7,,0.14,0.238,49 90 198 180 112 224 45 56 199 22 28 223 5 448 24 14 98 25 3 447,49 90 198 180 112 224 45 56 199 22 28 223 5 448 24 14 98 25 3 447,simulation,db4,energy,75,50,50,3
W-CART,W-CART:cart,53,,0.18,0.258,49 90 198 180 112 224 45 56 199 22 28 223 5 448 24 14 98 25 3 447,49 90 198 180 112 224 45 56 199 22 28 223 5 448 24 14 98 25 3 447,simulation,db4,energy,75,50,50,3
ALL,W-QDA:qda,7,,0.14,0.238,49 90 198 180 112 224 45 56 199 22 28 223 5 448 24 14 98 25 3 447,49 90 198 180 112 224 45 56 199 22 28 223 5 448 24 14 98 25 3 447,simulation,db4,energy,75,50,50,3
W-NN,W-NN:k=1,8,3.0,0.12,0.198,112 113 78 79 80 107 110 116 114 115 75 83 74 77 108 109 111 117 76 81,112 79 82 83 109 110 111 114 76 77 78 80 115 75 81 113 108 117 85 107,simulation,db4,usage,75,50,50,3
W-QDA,W-QDA:qda,20,1.0,0.02,0.1,112 79 82 83 109 110 111 114 76 77 78 80 115 75 81 113 108 117 85 107,112 79 82 83 109 110 111 114 76 77 78 80 115 75 81 113 108 117 85 107,simulation,db4,usage,75,50,50,3
W-CART,W-CART:cart,31,1.5,0.06,0.12,78 110 112 80 79 107 108 111 113 75 76 77 82 83 84 109 115 81 114 117,112 79 82 83 109 110 111 114 76 77 78 80 115 75 81 113 108 117 85 107,simulation,db4,usage,75,50,50,3
ALL,W-QDA:qda,20,1.0,0.02,0.1,112 79 82 83 109 110 111 114 76 77 78 80 115 75 81 113 108 117 85 107,112 79 82 83 109 110 111 114 76 77 78 80 115 75 81 113 108 117 85 107,simulation,db4,usage,75,50,50,3
W-NN,W-NN:k=3,5,,0.1,0.18,54 61 84 168 123 218 42 122 108 13 30 21 167 245 10 7 109 336 2 335,54 61 84 168 123 218 42 122 108 13 30 21 167 245 10 7 109 336 2 335,simulation,db4,energy,76,50,50,3
W-QDA,W-QDA:qda,18,,0.04,0.162,54 61 84 168 123 218 42 122 108 13 30 21 167 245 10 7 109 336 2 335,54 61 84 168 123 218 42 122 108 13 30 21 167 245 10 7 109 336 2 335,simulation,db4,energy,76,50,50,3
W-CART,W-CART:cart,25,,0.08,0.132,54 61 84 168 123 218 42 122 108 13 30 21 167 245 10 7 109 336 2 335,54 61 84 168 123 218 42 122 108 13 30 21 167 245 10 7 109 336 2 335,simulation,db4,energy,76,50,50,3
ALL,W-QDA:qda,18,,0.04,0.162,54 61 84 168 123 218 42 122 108 13 30 21 167 245 10 7 109 336 2 335,54 61 84 168 123 218 42 122 108 13 30 21 167 245 10 7 109 336 2 335,simulation,db4,energy,76,50,50,3
W-NN,W-NN:k=1,16,0.5,0.08,0.162,82 111 83 109 80 84 108 110 112 113 77 79 78 81 106 75 85 115 165 74,82 80 111 112 78 108 110 83 109 113 77 79 81 85 75 84 106 114 115 160,simulation,db4,usage,76,50,50,3
W-QDA,W-QDA:qda,19,1.0,0.06,0.126,82 80 111 112 78 108 110 83 109 113 77 79 81 85 75 84 106 114 115 160,82 80 111 112 78 108 110 83 109 113 77 79 81 85 75 84 106 114 115 160,simulation,db4,usage,76,50,50,3
W-CART,W-CART:cart,26,3.0,0.06,0.126,82 112 78 110 111 113 84 77 79 80 83 108 109 85 106 114 76 105 107 115,82 80 111 112 78 108 110 83 109 113 77 79 81 85 75 84 106 114 115 160,simulation,db4,usage,76,50,50,3
ALL,W-QDA:qda,19,1.0,0.06,0.126,82 80 111 112 78 108 110 83 109 113 77 79 81 85 75 84 106 114 115 160,82 80 111 112 78 108 110 83 109 113 77 79 81 85 75 84 106 114 115 160,simulation,db4,usage,76,50,50,3
W-NN,W-NN:k=1,43,,0.16,0.186,249 54 218 124 42 83 219 84 125 15 41 21 13 10 30 250 337 20 31 167,249 54 218 124 42 83 219 84 125 15 41 21 13 10 30 250 337 20 31 167,simulation,db4,energy,77,50,50,3
W-QDA,W-QDA:qda,13,,0.14,0.122,249 54 218 124 42 83 219 84 125 15 41 21 13 10 30 250 337 20 31 167,249 54 218 124 42 83 219 84 125 15 41 21 13 10 30 250 337 20 31 167,simulation,db4,energy,77,50,50,3
W-CART,W-CART:cart,8,,0.24,0.176,249 54 218 124 42 83 219 84 125 15 41 21 13 10 30 250 337 20 31 167,249 54 218 124 42 83 219 84 125 15 41 21 13 10 30 250 337 20 31 167,simulation,db4,energy,77,50,50,3
ALL,W-QDA:qda,13,,0.14,0.122,249 54 218 124 42 83 219 84 125 15 41 21 13 10 30 250 337 20 31 167,249 54 218 124 42 83 219 84 125 15 41 21 13 10 30 250 337 20 31 167,simulation,db4,energy,77,50,50,3
W-NN,W-NN:k=1,11,3.0,0.08,0.148,109 76 77 110 75 83 84 114 115 74 79 81 106 111 116 72 73 80 82 105,77 109 110 76 114 112 113 80 83 78 79 74 81 85 107 75 108 111 115 116,simulation,db4,usage,77,50,50,3
W-QDA,W-QDA:qda,18,3.0,0.02,0.066,109 76 77 110 75 83 84 114 115 74 79 81 106 111 116 72 73 80 82 105,77 109 110 76 114 112 113 80 83 78 79 74 81 85 107 75 108 111 115 116,simulation,db4,usage,77,50,50,3
W-CART,W-CART:cart,18,3.0,0.06,0.118,109 76 77 110 75 83 84 114 115 74 79 81 106 111 116 72 73 80 82 105,77 109 110 76 114 112 113 80 83 78 79 74 81 85 107 75 108 111 115 116,simulation,db4,usage,77,50,50,3
ALL,W-QDA:qda,18,3.0,0.02,0.066,109 76 77 110 75 83 84 114 115 74 79 81 106 111 116 72 73 80 82 105,77 109 110 76 114 112 113 80 83 78 79 74 81 85 107 75 108 111 115 116,simulation,db4,usage,77,50,50,3
W-NN,W-NN:k=1,50,,0.06,0.166,36 146 74 66 37 33 18 16 148 132 4 147 72 73 65 8 32 9 1 131,36 146 74 66 37 33 18 16 148 132 4 147 72 73 65 8 32 9 1 131,simulation,db4,energy,78,50,50,3
W-QDA,W-QDA:qda,2,,0.04,0.164,36 146 74 66 37 33 18 16 148 132 4 147 72 73 65 8 32 9 1 131,36 146 74 66 37 33 18 16 148 132 4 147 72 73 65 8 32 9 1 131,simulation,db4,energy,78,50,50,3
W-CART,W-CART:cart,43,,0.1,0.144,36 146 74 66 37 33 18 16 148 132 4 147 72 73 65 8 32 9 1 131,36 146 74 66 37 33 18 16 148 132 4 147 72 73 65 8 32 9 1 131,simulation,db4,energy,78,50,50,3
ALL,W-QDA:qda,2,,0.04,0.164,36 146 74 66 37 33 18 16 148 132 4 147 72 73 65 8 32 9 1 131,36 146 74 66 37 33 18 16 148 132 4 147 72 73 65 8 32 9 1 131,simulation,db4,energy,78,50,50,3
W-NN,W-NN:k=1,29,3.0,0.06,0.158,106 83 107 81 84 110 85 116 80 108 111 113 104 105 112 114 76 82 86 87,80 109 83 107 108 79 81 84 110 112 111 106 113 82 85 104 105 114 116 86,simulation,db4,usage,78,50,50,3
W-QDA,W-QDA:qda,6,3.0,0.06,0.098,106 83 107 81 84 110 85 116 80 108 111 113 104 105 112 114 76 82 86 87,80 109 83 107 108 79 81 84 110 112 111 106 113 82 85 104 105 114 116 86,simulation,db4,usage,78,50,50,3
W-CART,W-CART:cart,18,1.0,0.06,0.17,80 109 83 107 108 79 81 84 110 112 111 106 113 82 85 104 105 114 116 86,80 109 83 107 108 79 81 84 110 112 111 106 113 82 85 104 105 114 116 86,simulation,db4,usage,78,50,50,3
ALL,W-QDA:qda,6,3.0,0.06,0.098,106 83 107 81 84 110 85 116 80 108 111 113 104 105 112 114 76 82 86 87,80 109 83 107 108 79 81 84 110 112 111 106 113 82 85 104 105 114 116 86,simulation,db4,usage,78,50,50,3
W-NN,W-NN:k=5,4,,0.06,0.118,91 69 138 233 34 116 8 14 57 29 45 232 46 58 28 23 466 367 92 182,91 69 138 233 34 116 8 14 57 29 45 232 46 58 28 23 466 367 92 182,simulation,db4,energy,79,50,50,3
W-QDA,W-QDA:qda,2,,0.12,0.22,91 69 138 233 34 116 8 14 57 29 45 232 46 58 28 23 466 367 92 182,91 69 138 233 34 116 8 14 57 29 45 232 46 58 28 23 466 367 92 182,simulation,db4,energy,79,50,50,3
W-CART,W-CART:cart,14,,0.04,0.156,91 69 138 233 34 116 8 14 57 29 45 232 46 58 28 23 466 367 92 182,91 69 138 233 34 116 8 14 57 29 45 232 46 58 28 23 466 367 92 182,simulation,db4,energy,79,50,50,3
ALL,W-CART:cart,14,,0.04,0.156,91 69 138 233 34 116 8 14 57 29 45 232 46 58 28 23 466 367 92 182,91 69 138 233 34 116 8 14 57 29 45 232 46 58 28 23 466 367 92 182,simulation,db4,energy,79,50,50,3
W-NN,W-NN:k=1,22,0.5,0.06,0.132,79 80 110 113 77 78 111 114 76 81 112 82 83 108 157 109 115 116 84 119,80 78 77 79 82 112 81 110 111 114 116 76 83 84 115 113 117 108 109 118,simulation,db4,usage,79,50,50,3
W-QDA,W-QDA:qda,16,2.0,0.04,0.054,76 77 112 115 78 81 74 83 110 116 117 80 118 79 82 84 109 111 107 108,80 78 77 79 82 112 81 110 111 114 116 76 83 84 115 113 117 108 109 118,simulation,db4,usage,79,50,50,3
W-CART,W-CART:cart,32,1.5,0.08,0.126,80 82 77 112 78 81 110 115 116 76 111 114 84 117 74 83 107 113 118 79,80 78 77 79 82 112 81 110 111 114 116 76 83 84 115 113 117 108 109 118,simulation,db4,usage,79,50,50,3
ALL,W-QDA:qda,16,2.0,0.04,0.054,76 77 112 115 78 81 74 83 110 116 117 80 118 79 82 84 109 111 107 108,80 78 77 79 82 112 81 110 111 114 116 76 83 84 115 113 117 108 109 118,simulation,db4,usage,79,50,50,3
W-NN,W-NN:k=1,18,,0.2,0.28,46 164 127 254 186 20 63 165 31 92 40 11 41 253 93 508 2 81 4 507,46 164 127 254 186 20 63 165 31 92 40 11 41 253 93 508 2 81 4 507,simulation,db4,energy,80,50,50,3
W-QDA,W-QDA:qda,18,,0.2,0.208,46 164 127 254 186 20 63 165 31 92 40 11 41 253 93 508 2 81 4 507,46 164 127 254 186 20 63 165 31 92 40 11 41 253 93 508 2 81 4 507,simulation,db4,energy,80,50,50,3
W-CART,W-CART:cart,58,,0.16,0.238,46 164 127 254 186 20 63 165 31 92 40 11 41 253 93 508 2 81 4 507,46 164 127 254 186 20 63 165 31 92 40 11 41 253 93 508 2 81 4 507,simulation,db4,energy,80,50,50,3
ALL,W-CART:cart,58,,0.16,0.238,46 164 127 254 186 20 63 165 31 92 40 11 41 253 93 508 2 81 4 507,46 164 127 254 186 20 63 165 31 92 40 11 41 253 93 508 2 81 4 507,simulation,db4,energy,80,50,50,3
W-NN,W-NN:k=1,6,1.0,0.04,0.204,113 114 76 77 78 83 115 75 116 74 79 107 111 112 117 72 80 81 109 73,113 114 76 77 78 83 115 75 116 74 79 107 111 112 117 72 80 81 109 73,simulation,db4,usage,80,50,50,3
W-QDA,W-QDA:qda,19,2.0,0.02,0.088,78 114 115 79 116 74 75 77 113 72 76 117 81 82 84 107 108 109 110 112,113 114 76 77 78 83 115 75 116 74 79 107 111 112 117 72 80 81 109 73,simulation,db4,usage,80,50,50,3
W-CART,W-CART:cart,8,3.0,0.04,0.13,78 115 74 79 116 76 114 117 113 112 72 77 81 83 84 75 111 73 82 107,113 114 76 77 78 83 115 75 116 74 79 107 111 112 117 72 80 81 109 73,simulation,db4,usage,80,50,50,3
ALL,W-QDA:qda,19,2.0,0.02,0.088,78 114 115 79 116 74 75 77 113 72 76 117 81 82 84 107 108 109 110 112,113 114 76 77 78 83 115 75 116 74 79 107 111 112 117 72 80 81 109 73,simulation,db4,usage,80,50,50,3
W-NN,W-NN:k=1,8,,0.18,0.308,61 123 245 78 30 156 122 39 246 19 7 9 124 31 492 157 312 247 79 493,61 123 245 78 30 156 122 39 246 19 7 9 124 31 492 157 312 247 79 493,simulation,db4,energy,81,50,50,3
W-QDA,W-QDA:qda,8,,0.06,0.134,61 123 245 78 30 156 122 39 246 19 7 9 124 31 492 157 312 247 79 493,61 123 245 78 30 156 122 39 246 19 7 9 124 31 492 157 312 247 79 493,simulation,db4,energy,81,50,50,3
W-CART,W-CART:cart,54,,0.1,0.102,61 123 245 78 30 156 122 39 246 19 7 9 124 31 492 157 312 247 79 493,61 123 245 78 30 156 122 39 246 19 7 9 124 31 492 157 312 247 79 493,simulation,db4,energy,81,50,50,3
ALL,W-QDA:qda,8,,0.06,0.134,61 123 245 78 30 156 122 39 246 19 7 9 124 31 492 157 312 247 79 493,61 123 245 78 30 156 122 39 246 19 7 9 124 31 492 157 312 247 79 493,simulation,db4,energy,81,50,50,3
W-NN,W-NN:k=1,27,1.5,0.0,0.096,78 109 113 79 80 81 82 108 110 111 112 76 77 114 75 83 116 74 107 115,79 81 80 76 77 108 110 111 114 78 82 109 113 112 83 116 75 107 115 74,simulation,db4,usage,81,50,50,3
W-QDA,W-QDA:qda,22,0.5,0.0,0.062,77 81 79 80 82 110 78 109 111 112 108 114 76 83 107 113 75 116 74 115,79 81 80 76 77 108 110 111 114 78 82 109 113 112 83 116 75 107 115 74,simulation,db4,usage,81,50,50,3
W-CART,W-CART:cart,35,0.5,0.04,0.164,77 81 79 80 82 110 78 109 111 112 108 114 76 83 107 113 75 116 74 115,79 81 80 76 77 108 110 111 114 78 82 109 113 112 83 116 75 107 115 74,simulation,db4,usage,81,50,50,3
ALL,W-QDA:qda,22,0.5,0.0,0.062,77 81 79 80 82 110 78 109 111 112 108 114 76 83 107 113 75 116 74 115,79 81 80 76 77 108 110 111 114 78 82 109 113 112 83 116 75 107 115 74,simulation,db4,usage,81,50,50,3
W-NN,W-NN:k=3,8,,0.12,0.256,176 90 160 22 45 44 161 180 43 5 39 40 20 10 89 87 21 11 19 177,176 90 160 22 45 44 161 180 43 5 39 40 20 10 89 87 21 11 19 177,simulation,db4,energy,82,50,50,3
W-QDA,W-QDA:qda,16,,0.12,0.294,176 90 160 22 45 44 161 180 43 5 39 40 20 10 89 87 21 11 19 177,176 90 160 22 45 44 161 180 43 5 39 40 20 10 89 87 21 11 19 177,simulation,db4,energy,82,50,50,3
W-CART,W-CART:cart,5,,0.1,0.258,176 90 160 22 45 44 161 180 43 5 39 40 20 10 89 87 21 11 19 177,176 90 160 22 45 44 161 180 43 5 39 40 20 10 89 87 21 11 19 177,simulation,db4,energy,82,50,50,3
ALL,W-CART:cart,5,,0.1,0.258,176 90 160 22 45 44 161 180 43 5 39 40 20 10 89 87 21 11 19 177,176 90 160 22 45 44 161 180 43 5 39 40 20 10 89 87 21 11 19 177,simulation,db4,energy,82,50,50,3
W-NN,W-NN:k=3,10,2.0,0.02,0.15,81 111 80 110 112 109 116 73 79 82 83 85 107 108 113 84 78 106 115 117,112 80 82 111 79 81 109 110 83 108 84 106 113 117 78 107 116 85 114 75,simulation,db4,usage,82,50,50,3
W-QDA,W-QDA:qda,11,1.5,0.0,0.118,81 110 111 82 80 112 83 84 113 116 85 108 109 78 106 107 114 73 75 79,112 80 82 111 79 81 109 110 83 108 84 106 113 117 78 107 116 85 114 75,simulation,db4,usage,82,50,50,3
W-CART,W-CART:cart,37,3.0,0.02,0.128,111 109 83 110 79 108 112 113 73 80 84 85 116 81 87 106 107 114 117 78,112 80 82 111 79 81 109 110 83 108 84 106 113 117 78 107 116 85 114 75,simulation,db4,usage,82,50,50,3
ALL,W-QDA:qda,11,1.5,0.0,0.118,81 110 111 82 80 112 83 84 113 116 85 108 109 78 106 107 114 73 75 79,112 80 82 111 79 81 109 110 83 108 84 106 113 117 78 107 116 85 114 75,simulation,db4,usage,82,50,50,3
W-NN,W-NN:k=1,5,,0.16,0.134,167 83 175 41 87 84 168 42 88 21 44 22 2 10 176 5 11 334 43 20,167 83 175 41 87 84 168 42 88 21 44 22 2 10 176 5 11 334 43 20,simulation,db4,energy,83,50,50,3
W-QDA,W-QDA:qda,14,,0.08,0.09,167 83 175 41 87 84 168 42 88 21 44 22 2 10 176 5 11 334 43 20,167 83 175 41 87 84 168 42 88 21 44 22 2 10 176 5 11 334 43 20,simulation,db4,energy,83,50,50,3
W-CART,W-CART:cart,24,,0.14,0.09,167 83 175 41 87 84 168 42 88 21 44 22 2 10 176 5 11 334 43 20,167 83 175 41 87 84 168 42 88 21 44 22 2 10 176 5 11 334 43 20,simulation,db4,energy,83,50,50,3
ALL,W-QDA:qda,14,,0.08,0.09,167 83 175 41 87 84 168 42 88 21 44 22 2 10 176 5 11 334 43 20,167 83 175 41 87 84 168 42 88 21 44 22 2 10 176 5 11 334 43 20,simulation,db4,energy,83,50,50,3
W-NN,W-NN:k=1,47,3.0,0.1,0.194,73 74 76 75 77 72 115 118 114 112 116 117 78 111 113 119 79 71 83 38,115 74 75 78 114 116 77 76 81 112 117 73 79 82 110 118 71 72 113 119,simulation,db4,usage,83,50,50,3
W-QDA,W-QDA:qda,1,3.0,0.14,0.108,73 74 76 75 77 72 115 118 114 112 116 117 78 111 113 119 79 71 83 38,115 74 75 78 114 116 77 76 81 112 117 73 79 82 110 118 71 72 113 119,simulation,db4,usage,83,50,50,3
W-CART,W-CART:cart,9,3.0,0.08,0.132,73 74 76 75 77 72 115 118 114 112 116 117 78 111 113 119 79 71 83 38,115 74 75 78 114 116 77 76 81 112 117 73 79 82 110 118 71 72 113 119,simulation,db4,usage,83,50,50,3
ALL,W-CART:cart,9,3.0,0.08,0.132,73 74 76 75 77 72 115 118 114 112 116 117 78 111 113 119 79 71 83 38,115 74 75 78 114 116 77 76 81 112 117 73 79 82 110 118 71 72 113 119,simulation,db4,usage,83,50,50,3
W-NN,W-NN:k=1,8,,0.16,0.182,58 114 161 234 229 28 81 162 116 14 115 40 80 3 19 117 10 20 9 459,58 114 161 234 229 28 81 162 116 14 115 40 80 3 19 117 10 20 9 459,simulation,db4,energy,84,50,50,3
W-QDA,W-QDA:qda,22,,0.18,0.13,58 114 161 234 229 28 81 162 116 14 115 40 80 3 19 117 10 20 9 459,58 114 161 234 229 28 81 162 116 14 115 40 80 3 19 117 10 20 9 459,simulation,db4,energy,84,50,50,3
W-CART,W-CART:cart,48,,0.12,0.192,58 114 161 234 229 28 81 162 116 14 115 40 80 3 19 117 10 20 9 459,58 114 161 234 229 28 81 162 116 14 115 40 80 3 19 117 10 20 9 459,simulation,db4,energy,84,50,50,3
ALL,W-CART:cart,48,,0.12,0.192,58 114 161 234 229 28 81 162 116 14 115 40 80 3 19 117 10 20 9 459,58 114 161 234 229 28 81 162 116 14 115 40 80 3 19 117 10 20 9 459,simulation,db4,energy,84,50,50,3
W-NN,W-NN:k=7,16,1.0,0.02,0.118,77 113 114 76 81 78 79 83 112 116 80 108 115 82 84 86 85 104 106 110,77 113 114 76 81 78 79 83 112 116 80 108 115 82 84 86 85 104 106 110,simulation,db4,usage,84,50,50,3
W-QDA,W-QDA:qda,15,3.0,0.02,0.072,116 83 115 82 77 81 84 104 114 105 78 79 88 103 106 107 117 87 108 110,77 113 114 76 81 78 79 83 112 116 80 108 115 82 84 86 85 104 106 110,simulation,db4,usage,84,50,50,3
W-CART,W-CART:cart,11,3.0,0.04,0.13,116 83 115 82 77 81 84 104 114 105 78 79 88 103 106 107 117 87 108 110,77 113 114 76 81 78 79 83 112 116 80 108 115 82 84 86 85 104 106 110,simulation,db4,usage,84,50,50,3
ALL,W-QDA:qda,15,3.0,0.02,0.072,116 83 115 82 77 81 84 104 114 105 78 79 88 103 106 107 117 87 108 110,77 113 114 76 81 78 79 83 112 116 80 108 115 82 84 86 85 104 106 110,simulation,db4,usage,84,50,50,3
W-NN,W-NN:k=1,49,,0.02,0.178,122 245 30 63 244 255 61 123 127 7 254 246 510 31 16 60 8 509 488 32,122 245 30 63 244 255 61 123 127 7 254 246 510 31 16 60 8 509 488 32,simulation,db4,energy,85,50,50,3
W-QDA,W-QDA:qda,16,,0.12,0.222,122 245 30 63 244 255 61 123 127 7 254 246 510 31 16 60 8 509 488 32,122 245 30 63 244 255 61 123 127 7 254 246 510 31 16 60 8 509 488 32,simulation,db4,energy,85,50,50,3
W-CART,W-CART:cart,62,,0.04,0.122,122 245 30 63 244 255 61 123 127 7 254 246 510 31 16 60 8 509 488 32,122 245 30 63 244 255 61 123 127 7 254 246 510 31 16 60 8 509 488 32,simulation,db4,energy,85,50,50,3
ALL,W-NN:k=1,49,,0.02,0.178,122 245 30 63 244 255 61 123 127 7 254 246 510 31 16 60 8 509 488 32,122 245 30 63 244 255 61 123 127 7 254 246 510 31 16 60 8 509 488 32,simulation,db4,energy,85,50,50,3
W-NN,W-NN:k=1,5,2.0,0.02,0.166,79 82 83 84 106 109 80 108 81 107 111 105 110 112 115 77 85 113 114 116,83 79 107 108 84 109 82 106 112 80 105 81 110 111 113 77 85 114 78 86,simulation,db4,usage,85,50,50,3
W-QDA,W-QDA:qda,3,1.5,0.08,0.114,83 106 108 79 84 109 82 107 80 81 110 111 105 77 85 112 113 114 115 75,83 79 107 108 84 109 82 106 112 80 105 81 110 111 113 77 85 114 78 86,simulation,db4,usage,85,50,50,3
W-CART,W-CART:cart,5,1.5,0.04,0.154,83 106 108 79 84 109 82 107 80 81 110 111 105 77 85 112 113 114 115 75,83 79 107 108 84 109 82 106 112 80 105 81 110 111 113 77 85 114 78 86,simulation,db4,usage,85,50,50,3
ALL,W-NN:k=1,5,2.0,0.02,0.166,79 82 83 84 106 109 80 108 81 107 111 105 110 112 115 77 85 113 114 116,83 79 107 108 84 109 82 106 112 80 105 81 110 111 113 77 85 114 78 86,simulation,db4,usage,85,50,50,3
W-NN,W-NN:k=1,44,,0.06,0.134,126 251 63 105 31 210 125 52 252 15 62 505 504 6 13 127 25 12 420 211,126 251 63 105 31 210 125 52 252 15 62 505 504 6 13 127 25 12 420 211,simulation,db4,energy,86,50,50,3
W-QDA,W-QDA:qda,12,,0.02,0.102,126 251 63 105 31 210 125 52 252 15 62 505 504 6 13 127 25 12 420 211,126 251 63 105 31 210 125 52 252 15 62 505 504 6 13 127 25 12 420 211,simulation,db4,energy,86,50,50,3
W-CART,W-CART:cart,48,,0.1,0.144,126 251 63 105 31 210 125 52 252 15 62 505 504 6 13 127 25 12 420 211,126 251 63 105 31 210 125 52 252 15 62 505 504 6 13 127 25 12 420 211,simulation,db4,energy,86,50,50,3
ALL,W-QDA:qda,12,,0.02,0.102,126 251 63 105 31 210 125 52 252 15 62 505 504 6 13 127 25 12 420 211,126 251 63 105 31 210 125 52 252 15 62 505 504 6 13 127 25 12 420 211,simulation,db4,energy,86,50,50,3
W-NN,W-NN:k=3,22,3.0,0.1,0.134,112 79 106 107 81 115 78 105 108 113 73 76 84 109 110 111 72 77 80 82,108 111 82 78 79 109 112 76 81 107 75 77 84 106 115 110 113 114 83 105,simulation,db4,usage,86,50,50,3
W-QDA,W-QDA:qda,7,3.0,0.02,0.114,112 79 106 107 81 115 78 105 108 113 73 76 84 109 110 111 72 77 80 82,108 111 82 78 79 109 112 76 81 107 75 77 84 106 115 110 113 114 83 105,simulation,db4,usage,86,50,50,3
W-CART,W-CART:cart,4,3.0,0.06,0.18,112 79 106 107 81 115 78 105 108 113 73 76 84 109 110 111 72 77 80 82,108 111 82 78 79 109 112 76 81 107 75 77 84 106 115 110 113 114 83 105,simulation,db4,usage,86,50,50,3
ALL,W-QDA:qda,7,3.0,0.02,0.114,112 79 106 107 81 115 78 105 108 113 73 76 84 109 110 111 72 77 80 82,108 111 82 78 79 109 112 76 81 107 75 77 84 106 115 110 113 114 83 105,simulation,db4,usage,86,50,50,3
W-NN,W-NN:k=1,39,,0.12,0.228,79 71 44 178 35 179 143 39 40 10 5 20 18 319 36 80 158 88 159 9,79 71 44 178 35 179 143 39 40 10 5 20 18 319 36 80 158 88 159 9,simulation,db4,energy,87,50,50,3
W-QDA,W-QDA:qda,18,,0.08,0.106,79 71 44 178 35 179 143 39 40 10 5 20 18 319 36 80 158 88 159 9,79 71 44 178 35 179 143 39 40 10 5 20 18 319 36 80 158 88 159 9,simulation,db4,energy,87,50,50,3
W-CART,W-CART:cart,43,,0.04,0.176,79 71 44 178 35 179 143 39 40 10 5 20 18 319 36 80 158 88 159 9,79 71 44 178 35 179 143 39 40 10 5 20 18 319 36 80 158 88 159 9,simulation,db4,energy,87,50,50,3
ALL,W-CART:cart,43,,0.04,0.176,79 71 44 178 35 179 143 39 40 10 5 20 18 319 36 80 158 88 159 9,79 71 44 178 35 179 143 39 40 10 5 20 18 319 36 80 158 88 159 9,simulation,db4,energy,87,50,50,3
W-NN,W-NN:k=3,1,2.0,0.08,0.16,75 113 74 112 114 109 76 79 80 108 116 77 115 81 111 73 78 83 110 117,78 79 115 80 113 74 75 76 111 112 114 109 77 81 116 72 73 82 108 110,simulation,db4,usage,87,50,50,3
W-QDA,W-QDA:qda,4,3.0,0.06,0.082,113 74 109 115 73 77 110 75 76 83 112 114 116 78 80 108 111 72 79 82,78 79 115 80 113 74 75 76 111 112 114 109 77 81 116 72 73 82 108 110,simulation,db4,usage,87,50,50,3
W-CART,W-CART:cart,31,1.0,0.02,0.108,78 79 115 80 113 74 75 76 111 112 114 109 77 81 116 72 73 82 108 110,78 79 115 80 113 74 75 76 111 112 114 109 77 81 116 72 73 82 108 110,simulation,db4,usage,87,50,50,3
ALL,W-CART:cart,31,1.0,0.02,0.108,78 79 115 80 113 74 75 76 111 112 114 109 77 81 116 72 73 82 108 110,78 79 115 80 113 74 75 76 111 112 114 109 77 81 116 72 73 82 108 110,simulation,db4,usage,87,50,50,3
W-NN,W-NN:k=1,7,,0.04,0.102,47 95 171 99 198 86 24 49 172 43 190 23 197 94 21 10 85 396 189 395,47 95 171 99 198 86 24 49 172 43 190 23 197 94 21 10 85 396 189 395,simulation,db4,energy,88,50,50,3
W-QDA,W-QDA:qda,23,,0.28,0.346,47 95 171 99 198 86 24 49 172 43 190 23 197 94 21 10 85 396 189 395,47 95 171 99 198 86 24 49 172 43 190 23 197 94 21 10 85 396 189 395,simulation,db4,energy,88,50,50,3
W-CART,W-CART:cart,62,,0.16,0.128,47 95 171 99 198 86 24 49 172 43 190 23 197 94 21 10 85 396 189 395,47 95 171 99 198 86 24 49 172 43 190 23 197 94 21 10 85 396 189 395,simulation,db4,energy,88,50,50,3
ALL,W-NN:k=1,7,,0.04,0.102,47 95 171 99 198 86 24 49 172 43 190 23 197 94 21 10 85 396 189 395,47 95 171 99 198 86 24 49 172 43 190 23 197 94 21 10 85 396 189 395,simulation,db4,energy,88,50,50,3
W-NN,W-NN:k=1,3,3.0,0.08,0.1,84 107 75 83 109 78 79 80 81 82 105 74 85 86 108 113 73 76 111 112,83 79 108 78 81 85 111 113 77 80 109 116 84 106 110 112 114 75 86 105,simulation,db4,usage,88,50,50,3
W-QDA,W-QDA:qda,17,2.0,0.02,0.04,79 84 78 85 109 82 83 106 107 113 74 75 81 105 111 115 73 77 80 108,83 79 108 78 81 85 111 113 77 80 109 116 84 106 110 112 114 75 86 105,simulation,db4,usage,88,50,50,3
W-CART,W-CART:cart,12,2.0,0.06,0.124,79 84 78 85 109 82 83 106 107 113 74 75 81 105 111 115 73 77 80 108,83 79 108 78 81 85 111 113 77 80 109 116 84 106 110 112 114 75 86 105,simulation,db4,usage,88,50,50,3
ALL,W-QDA:qda,17,2.0,0.02,0.04,79 84 78 85 109 82 83 106 107 113 74 75 81 105 111 115 73 77 80 108,83 79 108 78 81 85 111 113 77 80 109 116 84 106 110 112 114 75 86 105,simulation,db4,usage,88,50,50,3
W-NN,W-NN:k=1,19,,0.02,0.094,96 87 74 148 37 43 18 23 24 11 174 192 44 22 4 12 47 5 149 296,96 87 74 148 37 43 18 23 24 11 174 192 44 22 4 12 47 5 149 296,simulation,db4,energy,89,50,50,3
W-QDA,W-QDA:qda,6,,0.04,0.058,96 87 74 148 37 43 18 23 24 11 174 192 44 22 4 12 47 5 149 296,96 87 74 148 37 43 18 23 24 11 174 192 44 22 4 12 47 5 149 296,simulation,db4,energy,89,50,50,3
W-CART,W-CART:cart,11,,0.14,0.106,96 87 74 148 37 43 18 23 24 11 174 192 44 22 4 12 47 5 149 296,96 87 74 148 37 43 18 23 24 11 174 192 44 22 4 12 47 5 149 296,simulation,db4,energy,89,50,50,3
ALL,W-NN:k=1,19,,0.02,0.094,96 87 74 148 37 43 18 23 24 11 174 192 44 22 4 12 47 5 149 296,96 87 74 148 37 43 18 23 24 11 174 192 44 22 4 12 47 5 149 296,simulation,db4,energy,89,50,50,3
W-NN,W-NN:k=1,9,3.0,0.04,0.128,117 73 74 118 72 75 150 86 108 116 77 80 84 88 105 113 114 115 76 87,73 114 72 76 74 115 117 118 75 149 150 80 151 81 113 116 148 233 86 109,simulation,db4,usage,89,50,50,3
W-QDA,W-QDA:qda,2,1.0,0.04,0.096,73 114 72 76 74 115 117 118 75 149 150 80 151 81 113 116 148 233 86 109,73 114 72 76 74 115 117 118 75 149 150 80 151 81 113 116 148 233 86 109,simulation,db4,usage,89,50,50,3
W-CART,W-CART:cart,35,1.0,0.04,0.122,73 114 72 76 74 115 117 118 75 149 150 80 151 81 113 116 148 233 86 109,73 114 72 76 74 115 117 118 75 149 150 80 151 81 113 116 148 233 86 109,simulation,db4,usage,89,50,50,3
ALL,W-QDA:qda,2,1.0,0.04,0.096,73 114 72 76 74 115 117 118 75 149 150 80 151 81 113 116 148 233 86 109,73 114 72 76 74 115 117 118 75 149 150 80 151 81 113 116 148 233 86 109,simulation,db4,usage,89,50,50,3
W-NN,W-NN:k=1,5,,0.04,0.128,52 42 85 176 105 177 104 170 10 43 44 22 21 84 209 11 6 2 5 87,52 42 85 176 105 177 104 170 10 43 44 22 21 84 209 11 6 2 5 87,simulation,db4,energy,90,50,50,3
W-QDA,W-QDA:qda,11,,0.04,0.08,52 42 85 176 105 177 104 170 10 43 44 22 21 84 209 11 6 2 5 87,52 42 85 176 105 177 104 170 10 43 44 22 21 84 209 11 6 2 5 87,simulation,db4,energy,90,50,50,3
W-CART,W-CART:cart,35,,0.12,0.118,52 42 85 176 105 177 104 170 10 43 44 22 21 84 209 11 6 2 5 87,52 42 85 176 105 177 104 170 10 43 44 22 21 84 209 11 6 2 5 87,simulation,db4,energy,90,50,50,3
ALL,W-NN:k=1,5,,0.04,0.128,52 42 85 176 105 177 104 170 10 43 44 22 21 84 209 11 6 2 5 87,52 42 85 176 105 177 104 170 10 43 44 22 21 84 209 11 6 2 5 87,simulation,db4,energy,90,50,50,3
W-NN,W-NN:k=5,11,1.0,0.06,0.13,115 75 76 77 78 79 114 111 81 82 108 112 80 109 113 116 110 73 84 107,115 75 76 77 78 79 114 111 81 82 108 112 80 109 113 116 110 73 84 107,simulation,db4,usage,90,50,50,3
W-QDA,W-QDA:qda,9,3.0,0.02,0.056,76 82 78 79 84 109 111 119 74 80 81 104 106 113 116 117 75 77 85 86,115 75 76 77 78 79 114 111 81 82 108 112 80 109 113 116 110 73 84 107,simulation,db4,usage,90,50,50,3
W-CART,W-CART:cart,9,2.0,0.08,0.1,75 76 78 77 79 115 81 73 82 111 114 116 119 74 109 72 80 84 104 107,115 75 76 77 78 79 114 111 81 82 108 112 80 109 113 116 110 73 84 107,simulation,db4,usage,90,50,50,3
ALL,W-QDA:qda,9,3.0,0.02,0.056,76 82 78 79 84 109 111 119 74 80 81 104 106 113 116 117 75 77 85 86,115 75 76 77 78 79 114 111 81 82 108 112 80 109 113 116 110 73 84 107,simulation,db4,usage,90,50,50,3
W-NN,W-NN:k=1,6,,0.18,0.196,96 39 116 79 193 232 58 158 19 29 24 78 47 23 14 12 3 48 6 157,96 39 116 79 193 232 58 158 19 29 24 78 47 23 14 12 3 48 6 157,simulation,db4,energy,91,50,50,3
W-QDA,W-QDA:qda,17,,0.06,0.18,96 39 116 79 193 232 58 158 19 29 24 78 47 23 14 12 3 48 6 157,96 39 116 79 193 232 58 158 19 29 24 78 47 23 14 12 3 48 6 157,simulation,db4,energy,91,50,50,3
W-CART,W-CART:cart,46,,0.1,0.136,96 39 116 79 193 232 58 158 19 29 24 78 47 23 14 12 3 48 6 157,96 39 116 79 193 232 58 158 19 29 24 78 47 23 14 12 3 48 6 157,simulation,db4,energy,91,50,50,3
ALL,W-QDA:qda,17,,0.06,0.18,96 39 116 79 193 232 58 158 19 29 24 78 47 23 14 12 3 48 6 157,96 39 116 79 193 232 58 158 19 29 24 78 47 23 14 12 3 48 6 157,simulation,db4,energy,91,50,50,3
W-NN,W-NN:k=3,32,1.5,0.1,0.118,79 80 108 109 78 81 110 111 113 77 83 84 85 107 82 86 106 112 115 114,79 78 108 110 80 81 109 111 113 77 82 84 85 114 83 107 115 106 76 86,simulation,db4,usage,91,50,50,3
W-QDA,W-QDA:qda,12,3.0,0.1,0.126,108 80 81 79 111 109 117 106 107 110 115 77 83 85 116 112 113 114 76 78,79 78 108 110 80 81 109 111 113 77 82 84 85 114 83 107 115 106 76 86,simulation,db4,usage,91,50,50,3
W-CART,W-CART:cart,16,1.5,0.06,0.162,79 80 108 109 78 81 110 111 113 77 83 84 85 107 82 86 106 112 115 114,79 78 108 110 80 81 109 111 113 77 82 84 85 114 83 107 115 106 76 86,simulation,db4,usage,91,50,50,3
ALL,W-CART:cart,16,1.5,0.06,0.162,79 80 108 109 78 81 110 111 113 77 83 84 85 107 82 86 106 112 115 114,79 78 108 110 80 81 109 111 113 77 82 84 85 114 83 107 115 106 76 86,simulation,db4,usage,91,50,50,3
W-NN,W-NN:k=3,3,,0.14,0.198,124 39 73 146 36 78 79 249 15 19 31 30 61 4 9 317 157 17 158 8,124 39 73 146 36 78 79 249 15 19 31 30 61 4 9 317 157 17 158 8,simulation,db4,energy,92,50,50,3
W-QDA,W-QDA:qda,9,,0.06,0.084,124 39 73 146 36 78 79 249 15 19 31 30 61 4 9 317 157 17 158 8,124 39 73 146 36 78 79 249 15 19 31 30 61 4 9 317 157 17 158 8,simulation,db4,energy,92,50,50,3
W-CART,W-CART:cart,59,,0.1,0.146,124 39 73 146 36 78 79 249 15 19 31 30 61 4 9 317 157 17 158 8,124 39 73 146 36 78 79 249 15 19 31 30 61 4 9 317 157 17 158 8,simulation,db4,energy,92,50,50,3
ALL,W-QDA:qda,9,,0.06,0.084,124 39 73 146 36 78 79 249 15 19 31 30 61 4 9 317 157 17 158 8,124 39 73 146 36 78 79 249 15 19 31 30 61 4 9 317 157 17 158 8,simulation,db4,energy,92,50,50,3
W-NN,W-NN:k=1,5,0.5,0.12,0.156,80 81 75 111 115 77 79 78 82 110 116 74 76 108 114 109 112 113 83 107,81 82 110 77 78 79 111 112 114 80 109 116 113 75 76 115 108 85 74 86,simulation,db4,usage,92,50,50,3
W-QDA,W-QDA:qda,12,2.0,0.04,0.118,79 111 112 114 81 78 76 80 82 110 113 85 115 77 107 108 109 75 84 116,81 82 110 77 78 79 111 112 114 80 109 116 113 75 76 115 108 85 74 86,simulation,db4,usage,92,50,50,3
W-CART,W-CART:cart,23,0.5,0.04,0.114,80 81 75 111 115 77 79 78 82 110 116 74 76 108 114 109 112 113 83 107,81 82 110 77 78 79 111 112 114 80 109 116 113 75 76 115 108 85 74 86,simulation,db4,usage,92,50,50,3
ALL,W-QDA:qda,12,2.0,0.04,0.118,79 111 112 114 81 78 76 80 82 110 113 85 115 77 107 108 109 75 84 116,81 82 110 77 78 79 111 112 114 80 109 116 113 75 76 115 108 85 74 86,simulation,db4,usage,92,50,50,3
W-NN,W-NN:k=1,8,,0.06,0.098,209 71 142 65 130 35 104 32 105 17 129 25 8 210 6 260 31 13 26 1,209 71 142 65 130 35 104 32 105 17 129 25 8 210 6 260 31 13 26 1,simulation,db4,energy,93,50,50,3
W-QDA,W-QDA:qda,9,,0.1,0.074,209 71 142 65 130 35 104 32 105 17 129 25 8 210 6 260 31 13 26 1,209 71 142 65 130 35 104 32 105 17 129 25 8 210 6 260 31 13 26 1,simulation,db4,energy,93,50,50,3
W-CART,W-CART:cart,7,,0.1,0.15,209 71 142 65 130 35 104 32 105 17 129 25 8 210 6 260 31 13 26 1,209 71 142 65 130 35 104 32 105 17 129 25 8 210 6 260 31 13 26 1,simulation,db4,energy,93,50,50,3
ALL,W-NN:k=1,8,,0.06,0.098,209 71 142 65 130 35 104 32 105 17 129 25 8 210 6 260 31 13 26 1,209 71 142 65 130 35 104 32 105 17 129 25 8 210 6 260 31 13 26 1,simulation,db4,energy,93,50,50,3
W-NN,W-NN:k=1,5,1.5,0.08,0.154,115 116 74 73 76 78 112 114 75 117 77 80 81 113 72 79 84 109 111 82,77 115 116 114 74 75 76 78 80 81 112 73 79 113 117 118 152 72 111 151,simulation,db4,usage,93,50,50,3
W-QDA,W-QDA:qda,19,3.0,0.08,0.118,116 115 74 75 76 72 78 81 112 73 77 84 105 114 117 80 111 118 107 79,77 115 116 114 74 75 76 78 80 81 112 73 79 113 117 118 152 72 111 151,simulation,db4,usage,93,50,50,3
W-CART,W-CART:cart,54,3.0,0.06,0.138,116 115 74 75 76 72 78 81 112 73 77 84 105 114 117 80 111 118 107 79,77 115 116 114 74 75 76 78 80 81 112 73 79 113 117 118 152 72 111 151,simulation,db4,usage,93,50,50,3
ALL,W-CART:cart,54,3.0,0.06,0.138,116 115 74 75 76 72 78 81 112 73 77 84 105 114 117 80 111 118 107 79,77 115 116 114 74 75 76 78 80 81 112 73 79 113 117 118 152 72 111 151,simulation,db4,usage,93,50,50,3
W-NN,W-NN:k=3,20,,0.08,0.122,59 49 99 238 44 87 239 88 198 43 24 22 98 11 5 353 175 21 29 118,59 49 99 238 44 87 239 88 198 43 24 22 98 11 5 353 175 21 29 118,simulation,db4,energy,94,50,50,3
W-QDA,W-QDA:qda,17,,0.04,0.096,59 49 99 238 44 87 239 88 198 43 24 22 98 11 5 353 175 21 29 118,59 49 99 238 44 87 239 88 198 43 24 22 98 11 5 353 175 21 29 118,simulation,db4,energy,94,50,50,3
W-CART,W-CART:cart,4,,0.08,0.192,59 49 99 238 44 87 239 88 198 43 24 22 98 11 5 353 175 21 29 118,59 49 99 238 44 87 239 88 198 43 24 22 98 11 5 353 175 21 29 118,simulation,db4,energy,94,50,50,3
ALL,W-QDA:qda,17,,0.04,0.096,59 49 99 238 44 87 239 88 198 43 24 22 98 11 5 353 175 21 29 118,59 49 99 238 44 87 239 88 198 43 24 22 98 11 5 353 175 21 29 118,simulation,db4,energy,94,50,50,3
W-NN,W-NN:k=3,35,1.0,0.04,0.112,79 108 81 106 107 78 112 80 113 116 75 84 85 86 109 110 82 111 115 117,79 108 81 106 107 78 112 80 113 116 75 84 85 86 109 110 82 111 115 117,simulation,db4,usage,94,50,50,3
W-QDA,W-QDA:qda,9,3.0,0.04,0.088,106 78 79 108 109 77 84 85 105 111 113 115 80 110 72 82 112 74 76 81,79 108 81 106 107 78 112 80 113 116 75 84 85 86 109 110 82 111 115 117,simulation,db4,usage,94,50,50,3
W-CART,W-CART:cart,61,3.0,0.06,0.164,106 78 79 108 109 77 84 85 105 111 113 115 80 110 72 82 112 74 76 81,79 108 81 106 107 78 112 80 113 116 75 84 85 86 109 110 82 111 115 117,simulation,db4,usage,94,50,50,3
ALL,W-QDA:qda,9,3.0,0.04,0.088,106 78 79 108 109 77 84 85 105 111 113 115 80 110 72 82 112 74 76 81,79 108 81 106 107 78 112 80 113 116 75 84 85 86 109 110 82 111 115 117,simulation,db4,usage,94,50,50,3
W-NN,W-NN:k=7,3,,0.12,0.162,229 118 173 114 87 59 28 29 21 174 236 115 117 43 86 3 230 14 58 57,229 118 173 114 87 59 28 29 21 174 236 115 117 43 86 3 230 14 58 57,simulation,db4,energy,95,50,50,3
W-QDA,W-QDA:qda,11,,0.08,0.042,229 118 173 114 87 59 28 29 21 174 236 115 117 43 86 3 230 14 58 57,229 118 173 114 87 59 28 29 21 174 236 115 117 43 86 3 230 14 58 57,simulation,db4,energy,95,50,50,3
W-CART,W-CART:cart,30,,0.1,0.172,229 118 173 114 87 59 28 29 21 174 236 115 117 43 86 3 230 14 58 57,229 118 173 114 87 59 28 29 21 174 236 115 117 43 86 3 230 14 58 57,simulation,db4,energy,95,50,50,3
ALL,W-QDA:qda,11,,0.08,0.042,229 118 173 114 87 59 28 29 21 174 236 115 117 43 86 3 230 14 58 57,229 118 173 114 87 59 28 29 21 174 236 115 117 43 86 3 230 14 58 57,simulation,db4,energy,95,50,50,3
W-NN,W-NN:k=3,12,3.0,0.02,0.108,84 74 116 117 83 115 82 85 106 118 73 105 76 78 79 104 107 88 109 114,114 83 82 108 74 77 107 84 85 106 109 110 115 116 117 72 78 80 81 79,simulation,db4,usage,95,50,50,3
W-QDA,W-QDA:qda,13,2.0,0.0,0.036,83 114 115 74 107 116 78 82 84 117 75 106 108 79 85 104 109 118 72 73,114 83 82 108 74 77 107 84 85 106 109 110 115 116 117 72 78 80 81 79,simulation,db4,usage,95,50,50,3
W-CART,W-CART:cart,12,0.5,0.08,0.126,78 110 77 109 114 115 83 76 80 81 82 85 108 111 74 79 106 113 73 112,114 83 82 108 74 77 107 84 85 106 109 110 115 116 117 72 78 80 81 79,simulation,db4,usage,95,50,50,3
ALL,W-QDA:qda,13,2.0,0.0,0.036,83 114 115 74 107 116 78 82 84 117 75 106 108 79 85 104 109 118 72 73,114 83 82 108 74 77 107 84 85 106 109 110 115 116 117 72 78 80 81 79,simulation,db4,usage,95,50,50,3
W-NN,W-NN:k=1,63,,0.28,0.288,111 196 187 222 55 24 94 188 197 47 48 27 49 11 23 93 97 3 444 223,111 196 187 222 55 24 94 188 197 47 48 27 49 11 23 93 97 3 444 223,simulation,db4,energy,96,50,50,3
W-QDA,W-QDA:qda,8,,0.44,0.502,111 196 187 222 55 24 94 188 197 47 48 27 49 11 23 93 97 3 444 223,111 196 187 222 55 24 94 188 197 47 48 27 49 11 23 93 97 3 444 223,simulation,db4,energy,96,50,50,3
W-CART,W-CART:cart,63,,0.06,0.108,111 196 187 222 55 24 94 188 197 47 48 27 49 11 23 93 97 3 444 223,111 196 187 222 55 24 94 188 197 47 48 27 49 11 23 93 97 3 444 223,simulation,db4,energy,96,50,50,3
ALL,W-CART:cart,63,,0.06,0.108,111 196 187 222 55 24 94 188 197 47 48 27 49 11 23 93 97 3 444 223,111 196 187 222 55 24 94 188 197 47 48 27 49 11 23 93 97 3 444 223,simulation,db4,energy,96,50,50,3
W-NN,W-NN:k=9,5,0.5,0.02,0.25,79 109 76 113 114 115 116 75 78 82 77 108 110 81 107 117 83 112 118 74,75 79 115 81 112 114 77 80 108 110 113 74 76 82 107 116 117 78 109 111,simulation,db4,usage,96,50,50,3
W-QDA,W-QDA:qda,3,1.0,0.06,0.156,75 79 115 81 112 114 77 80 108 110 113 74 76 82 107 116 117 78 109 111,75 79 115 81 112 114 77 80 108 110 113 74 76 82 107 116 117 78 109 111,simulation,db4,usage,96,50,50,3
W-CART,W-CART:cart,25,1.5,0.04,0.11,75 79 112 115 81 114 74 78 80 108 110 116 117 76 82 84 109 111 113 73,75 79 115 81 112 114 77 80 108 110 113 74 76 82 107 116 117 78 109 111,simulation,db4,usage,96,50,50,3
ALL,W-NN:k=9,5,0.5,0.02,0.25,79 109 76 113 114 115 116 75 78 82 77 108 110 81 107 117 83 112 118 74,75 79 115 81 112 114 77 80 108 110 113 74 76 82 107 116 117 78 109 111,simulation,db4,usage,96,50,50,3
W-NN,W-NN:k=1,44,,0.24,0.256,81 96 98 196 24 40 49 193 163 23 47 12 11 5 6 41 48 162 192 197,81 96 98 196 24 40 49 193 163 23 47 12 11 5 6 41 48 162 192 197,simulation,db4,energy,97,50,50,3
W-QDA,W-QDA:qda,16,,0.22,0.344,81 96 98 196 24 40 49 193 163 23 47 12 11 5 6 41 48 162 192 197,81 96 98 196 24 40 49 193 163 23 47 12 11 5 6 41 48 162 192 197,simulation,db4,energy,97,50,50,3
W-CART,W-CART:cart,63,,0.14,0.138,81 96 98 196 24 40 49 193 163 23 47 12 11 5 6 41 48 162 192 197,81 96 98 196 24 40 49 193 163 23 47 12 11 5 6 41 48 162 192 197,simulation,db4,energy,97,50,50,3
ALL,W-CART:cart,63,,0.14,0.138,81 96 98 196 24 40 49 193 163 23 47 12 11 5 6 41 48 162 192 197,81 96 98 196 24 40 49 193 163 23 47 12 11 5 6 41 48 162 192 197,simulation,db4,energy,97,50,50,3
W-NN,W-NN:k=1,2,0.5,0.04,0.146,74 113 78 111 112 115 116 80 81 114 75 117 73 76 77 82 110 72 79 120,74 112 78 115 116 75 76 80 111 114 117 113 119 73 72 77 120 71 79 81,simulation,db4,usage,97,50,50,3
W-QDA,W-QDA:qda,2,1.0,0.06,0.168,74 112 78 115 116 75 76 80 111 114 117 113 119 73 72 77 120 71 79 81,74 112 78 115 116 75 76 80 111 114 117 113 119 73 72 77 120 71 79 81,simulation,db4,usage,97,50,50,3
W-CART,W-CART:cart,1,0.5,0.08,0.126,74 113 78 111 112 115 116 80 81 114 75 117 73 76 77 82 110 72 79 120,74 112 78 115 116 75 76 80 111 114 117 113 119 73 72 77 120 71 79 81,simulation,db4,usage,97,50,50,3
ALL,W-NN:k=1,2,0.5,0.04,0.146,74 113 78 111 112 115 116 80 81 114 75 117 73 76 77 82 110 72 79 120,74 112 78 115 116 75 76 80 111 114 117 113 119 73 72 77 120 71 79 81,simulation,db4,usage,97,50,50,3
W-NN,W-NN:k=3,56,,0.06,0.16,47 179 196 24 89 94 197 95 90 48 45 49 23 5 180 22 381 189 97 11,47 179 196 24 89 94 197 95 90 48 45 49 23 5 180 22 381 189 97 11,simulation,db4,energy,98,50,50,3
W-QDA,W-QDA:qda,14,,0.14,0.224,47 179 196 24 89 94 197 95 90 48 45 49 23 5 180 22 381 189 97 11,47 179 196 24 89 94 197 95 90 48 45 49 23 5 180 22 381 189 97 11,simulation,db4,energy,98,50,50,3
W-CART,W-CART:cart,5,,0.12,0.252,47 179 196 24 89 94 197 95 90 48 45 49 23 5 180 22 381 189 97 11,47 179 196 24 89 94 197 95 90 48 45 49 23 5 180 22 381 189 97 11,simulation,db4,energy,98,50,50,3
ALL,W-NN:k=3,56,,0.06,0.16,47 179 196 24 89 94 197 95 90 48 45 49 23 5 180 22 381 189 97 11,47 179 196 24 89 94 197 95 90 48 45 49 23 5 180 22 381 189 97 11,simulation,db4,energy,98,50,50,3
W-NN,W-NN:k=1,30,0.5,0.1,0.126,76 77 116 78 79 113 111 75 80 112 114 115 109 74 110 230 81 158 226 231,77 113 78 76 111 109 114 115 116 75 79 80 110 112 81 74 83 84 117 73,simulation,db4,usage,98,50,50,3
W-QDA,W-QDA:qda,8,0.5,0.08,0.116,76 77 116 78 79 113 111 75 80 112 114 115 109 74 110 230 81 158 226 231,77 113 78 76 111 109 114 115 116 75 79 80 110 112 81 74 83 84 117 73,simulation,db4,usage,98,50,50,3
W-CART,W-CART:cart,13,3.0,0.06,0.118,78 116 77 110 112 76 79 117 71 72 81 111 113 114 80 73 109 115 118 74,77 113 78 76 111 109 114 115 116 75 79 80 110 112 81 74 83 84 117 73,simulation,db4,usage,98,50,50,3
ALL,W-CART:cart,13,3.0,0.06,0.118,78 116 77 110 112 76 79 117 71 72 81 111 113 114 80 73 109 115 118 74,77 113 78 76 111 109 114 115 116 75 79 80 110 112 81 74 83 84 117 73,simulation,db4,usage,98,50,50,3
W-NN,W-NN:k=1,10,,0.16,0.232,40 124 248 81 22 45 62 89 80 90 44 31 5 161 15 10 361 179 2 180,40 124 248 81 22 45 62 89 80 90 44 31 5 161 15 10 361 179 2 180,simulation,db4,energy,99,50,50,3
W-QDA,W-QDA:qda,17,,0.18,0.234,40 124 248 81 22 45 62 89 80 90 44 31 5 161 15 10 361 179 2 180,40 124 248 81 22 45 62 89 80 90 44 31 5 161 15 10 361 179 2 180,simulation,db4,energy,99,50,50,3
W-CART,W-CART:cart,16,,0.12,0.194,40 124 248 81 22 45 62 89 80 90 44 31 5 161 15 10 361 179 2 180,40 124 248 81 22 45 62 89 80 90 44 31 5 161 15 10 361 179 2 180,simulation,db4,energy,99,50,50,3
ALL,W-CART:cart,16,,0.12,0.194,40 124 248 81 22 45 62 89 80 90 44 31 5 161 15 10 361 179 2 180,40 124 248 81 22 45 62 89 80 90 44 31 5 161 15 10 361 179 2 180,simulation,db4,energy,99,50,50,3
W-NN,W-NN:k=1,9,3.0,0.08,0.1,78 83 76 77 79 82 119 81 112 110 113 72 73 114 116 118 84 75 107 109,77 82 113 78 79 114 80 112 117 76 83 109 75 108 81 84 119 72 110 111,simulation,db4,usage,99,50,50,3
W-QDA,W-QDA:qda,10,3.0,0.02,0.058,78 83 76 77 79 82 119 81 112 110 113 72 73 114 116 118 84 75 107 109,77 82 113 78 79 114 80 112 117 76 83 109 75 108 81 84 119 72 110 111,simulation,db4,usage,99,50,50,3
W-CART,W-CART:cart,28,2.0,0.08,0.174,77 78 83 112 113 72 82 114 119 76 79 81 110 111 116 118 71 73 75 80,77 82 113 78 79 114 80 112 117 76 83 109 75 108 81 84 119 72 110 111,simulation,db4,usage,99,50,50,3
ALL,W-QDA:qda,10,3.0,0.02,0.058,78 83 76 77 79 82 119 81 112 110 113 72 73 114 116 118 84 75 107 109,77 82 113 78 79 114 80 112 117 76 83 109 75 108 81 84 119 72 110 111,simulation,db4,usage,99,50,50,3
W-NN,W-NN:k=5,11,,0.1,0.166,54 36 146 103 206 124 51 76 38 62 108 109 123 75 13 25 9 37 19 31,54 36 146 103 206 124 51 76 38 62 108 109 123 75 13 25 9 37 19 31,simulation,db4,energy,0,50,50,5
W-QDA,W-QDA:qda,11,,0.06,0.068,54 36 146 103 206 124 51 76 38 62 108 109 123 75 13 25 9 37 19 31,54 36 146 103 206 124 51 76 38 62 108 109 123 75 13 25 9 37 19 31,simulation,db4,energy,0,50,50,5
W-CART,W-CART:cart,48,,0.1,0.172,54 36 146 103 206 124 51 76 38 62 108 109 123 75 13 25 9 37 19 31,54 36 146 103 206 124 51 76 38 62 108 109 123 75 13 25 9 37 19 31,simulation,db4,energy,0,50,50,5
ALL,W-QDA:qda,11,,0.06,0.068,54 36 146 103 206 124 51 76 38 62 108 109 123 75 13 25 9 37 19 31,54 36 146 103 206 124 51 76 38 62 108 109 123 75 13 25 9 37 19 31,simulation,db4,energy,0,50,50,5
W-NN,W-NN:k=1,5,0.5,0.14,0.178,111 113 74 76 79 80 78 109 110 112 115 81 82 75 77 83 108 114 116 117,111 74 77 79 80 110 112 76 81 109 116 75 117 113 114 115 82 83 108 73,simulation,db4,usage,0,50,50,5
W-QDA,W-QDA:qda,4,3.0,0.12,0.128,79 117 111 114 76 77 78 112 113 115 74 75 82 109 116 80 108 37 71 72,111 74 77 79 80 110 112 76 81 109 116 75 117 113 114 115 82 83 108 73,simulation,db4,usage,0,50,50,5
W-CART,W-CART:cart,26,1.5,0.06,0.154,109 111 74 76 77 81 112 117 79 110 114 75 108 115 78 80 82 83 116 113,111 74 77 79 80 110 112 76 81 109 116 75 117 113 114 115 82 83 108 73,simulation,db4,usage,0,50,50,5
ALL,W-CART:cart,26,1.5,0.06,0.154,109 111 74 76 77 81 112 117 79 110 114 75 108 115 78 80 82 83 116 113,111 74 77 79 80 110 112 76 81 109 116 75 117 113 114 115 82 83 108 73,simulation,db4,usage,0,50,50,5
W-NN,W-NN:k=1,58,,0.14,0.248,76 58 37 110 75 220 234 40 18 55 79 74 116 19 9 80 39 14 20 27,76 58 37 110 75 220 234 40 18 55 79 74 116 19 9 80 39 14 20 27,simulation,db4,energy,1,50,50,5
W-QDA,W-QDA:qda,6,,0.18,0.148,76 58 37 110 75 220 234 40 18 55 79 74 116 19 9 80 39 14 20 27,76 58 37 110 75 220 234 40 18 55 79 74 116 19 9 80 39 14 20 27,simulation,db4,energy,1,50,50,5
W-CART,W-CART:cart,5,,0.12,0.184,76 58 37 110 75 220 234 40 18 55 79 74 116 19 9 80 39 14 20 27,76 58 37 110 75 220 234 40 18 55 79 74 116 19 9 80 39 14 20 27,simulation,db4,energy,1,50,50,5
ALL,W-CART:cart,5,,0.12,0.184,76 58 37 110 75 220 234 40 18 55 79 74 116 19 9 80 39 14 20 27,76 58 37 110 75 220 234 40 18 55 79 74 116 19 9 80 39 14 20 27,simulation,db4,energy,1,50,50,5
W-NN,W-NN:k=1,35,1.5,0.04,0.18,77 76 75 78 113 114 74 110 111 79 109 112 115 80 37 73 116 117 36 81,77 75 76 78 79 114 110 111 113 115 109 74 112 73 81 82 116 80 83 108,simulation,db4,usage,1,50,50,5
W-QDA,W-QDA:qda,8,3.0,0.18,0.12,76 77 75 110 115 117 74 78 111 114 116 73 79 80 109 118 37 81 85 113,77 75 76 78 79 114 110 111 113 115 109 74 112 73 81 82 116 80 83 108,simulation,db4,usage,1,50,50,5
W-CART,W-CART:cart,24,3.0,0.1,0.116,76 77 75 110 115 117 74 78 111 114 116 73 79 80 109 118 37 81 85 113,77 75 76 78 79 114 110 111 113 115 109 74 112 73 81 82 116 80 83 108,simulation,db4,usage,1,50,50,5
ALL,W-NN:k=1,35,1.5,0.04,0.18,77 76 75 78 113 114 74 110 111 79 109 112 115 80 37 73 116 117 36 81,77 75 76 78 79 114 110 111 113 115 109 74 112 73 81 82 116 80 83 108,simulation,db4,usage,1,50,50,5
W-NN,W-NN:k=3,41,,0.04,0.11,46 86 70 196 45 91 186 141 173 24 21 17 92 22 11 182 49 48 87 97,46 86 70 196 45 91 186 141 173 24 21 17 92 22 11 182 49 48 87 97,simulation,db4,energy,2,50,50,5
W-QDA,W-QDA:qda,12,,0.02,0.084,46 86 70 196 45 91 186 141 173 24 21 17 92 22 11 182 49 48 87 97,46 86 70 196 45 91 186 141 173 24 21 17 92 22 11 182 49 48 87 97,simulation,db4,energy,2,50,50,5
W-CART,W-CART:cart,29,,0.14,0.108,46 86 70 196 45 91 186 141 173 24 21 17 92 22 11 182 49 48 87 97,46 86 70 196 45 91 186 141 173 24 21 17 92 22 11 182 49 48 87 97,simulation,db4,energy,2,50,50,5
ALL,W-QDA:qda,12,,0.02,0.084,46 86 70 196 45 91 186 141 173 24 21 17 92 22 11 182 49 48 87 97,46 86 70 196 45 91 186 141 173 24 21 17 92 22 11 182 49 48 87 97,simulation,db4,energy,2,50,50,5
W-NN,W-NN:k=3,5,2.0,0.08,0.232,109 113 75 77 80 117 76 79 73 78 111 114 115 119 72 74 81 83 110 112,75 76 77 78 115 116 80 81 109 114 73 74 111 113 117 79 112 118 71 72,simulation,db4,usage,2,50,50,5
W-QDA,W-QDA:qda,7,2.0,0.02,0.07,109 113 75 77 80 117 76 79 73 78 111 114 115 119 72 74 81 83 110 112,75 76 77 78 115 116 80 81 109 114 73 74 111 113 117 79 112 118 71 72,simulation,db4,usage,2,50,50,5
W-CART,W-CART:cart,12,1.0,0.0,0.106,75 76 77 78 115 116 80 81 109 114 73 74 111 113 117 79 112 118 71 72,75 76 77 78 115 116 80 81 109 114 73 74 111 113 117 79 112 118 71 72,simulation,db4,usage,2,50,50,5
ALL,W-CART:cart,12,1.0,0.0,0.106,75 76 77 78 115 116 80 81 109 114 73 74 111 113 117 79 112 118 71 72,75 76 77 78 115 116 80 81 109 114 73 74 111 113 117 79 112 118 71 72,simulation,db4,usage,2,50,50,5
W-NN,W-NN:k=1,4,,0.04,0.084,86 83 104 21 167 208 41 173 217 25 51 52 26 13 101 102 108 42 53 50,86 83 104 21 167 208 41 173 217 25 51 52 26 13 101 102 108 42 53 50,simulation,db4,energy,3,50,50,5
W-QDA,W-QDA:qda,6,,0.04,0.06,86 83 104 21 167 208 41 173 217 25 51 52 26 13 101 102 108 42 53 50,86 83 104 21 167 208 41 173 217 25 51 52 26 13 101 102 108 42 53 50,simulation,db4,energy,3,50,50,5
W-CART,W-CART:cart,25,,0.04,0.09,86 83 104 21 167 208 41 173 217 25 51 52 26 13 101 102 108 42 53 50,86 83 104 21 167 208 41 173 217 25 51 52 26 13 101 102 108 42 53 50,simulation,db4,energy,3,50,50,5
ALL,W-NN:k=1,4,,0.04,0.084,86 83 104 21 167 208 41 173 217 25 51 52 26 13 101 102 108 42 53 50,86 83 104 21 167 208 41 173 217 25 51 52 26 13 101 102 108 42 53 50,simulation,db4,energy,3,50,50,5
W-NN,W-NN:k=7,7,1.0,0.04,0.134,84 115 80 108 110 78 83 85 86 109 81 112 107 114 79 87 111 113 116 76,84 115 80 108 110 78 83 85 86 109 81 112 107 114 79 87 111 113 116 76,simulation,db4,usage,3,50,50,5
W-QDA,W-QDA:qda,5,3.0,0.02,0.074,81 86 85 105 113 82 108 112 80 83 84 107 77 78 79 106 114 116 75 76,84 115 80 108 110 78 83 85 86 109 81 112 107 114 79 87 111 113 116 76,simulation,db4,usage,3,50,50,5
W-CART,W-CART:cart,8,1.0,0.06,0.106,84 115 80 108 110 78 83 85 86 109 81 112 107 114 79 87 111 113 116 76,84 115 80 108 110 78 83 85 86 109 81 112 107 114 79 87 111 113 116 76,simulation,db4,usage,3,50,50,5
ALL,W-QDA:qda,5,3.0,0.02,0.074,81 86 85 105 113 82 108 112 80 83 84 107 77 78 79 106 114 116 75 76,84 115 80 108 110 78 83 85 86 109 81 112 107 114 79 87 111 113 116 76,simulation,db4,usage,3,50,50,5
W-NN,W-NN:k=1,4,,0.1,0.16,74 94 33 100 141 135 18 17 23 71 50 142 67 200 25 12 35 134 99 70,74 94 33 100 141 135 18 17 23 71 50 142 67 200 25 12 35 134 99 70,simulation,db4,energy,4,50,50,5
W-QDA,W-QDA:qda,17,,0.1,0.116,74 94 33 100 141 135 18 17 23 71 50 142 67 200 25 12 35 134 99 70,74 94 33 100 141 135 18 17 23 71 50 142 67 200 25 12 35 134 99 70,simulation,db4,energy,4,50,50,5
W-CART,W-CART:cart,4,,0.12,0.156,74 94 33 100 141 135 18 17 23 71 50 142 67 200 25 12 35 134 99 70,74 94 33 100 141 135 18 17 23 71 50 142 67 200 25 12 35 134 99 70,simulation,db4,energy,4,50,50,5
ALL,W-NN:k=1,4,,0.1,0.16,74 94 33 100 141 135 18 17 23 71 50 142 67 200 25 12 35 134 99 70,74 94 33 100 141 135 18 17 23 71 50 142 67 200 25 12 35 134 99 70,simulation,db4,energy,4,50,50,5
W-NN,W-NN:k=1,15,2.0,0.06,0.13,78 79 114 112 110 75 77 80 81 84 113 76 83 107 115 116 106 109 70 72,78 79 80 81 77 112 110 114 75 76 113 83 115 82 84 109 111 116 74 106,simulation,db4,usage,4,50,50,5
W-QDA,W-QDA:qda,16,3.0,0.0,0.066,79 80 75 78 110 112 71 77 81 106 114 111 116 70 74 76 83 84 85 107,78 79 80 81 77 112 110 114 75 76 113 83 115 82 84 109 111 116 74 106,simulation,db4,usage,4,50,50,5
W-CART,W-CART:cart,7,3.0,0.08,0.194,79 80 75 78 110 112 71 77 81 106 114 111 116 70 74 76 83 84 85 107,78 79 80 81 77 112 110 114 75 76 113 83 115 82 84 109 111 116 74 106,simulation,db4,usage,4,50,50,5
ALL,W-QDA:qda,16,3.0,0.0,0.066,79 80 75 78 110 112 71 77 81 106 114 111 116 70 74 76 83 84 85 107,78 79 80 81 77 112 110 114 75 76 113 83 115 82 84 109 111 116 74 106,simulation,db4,usage,4,50,50,5
W-NN,W-NN:k=1,16,,0.06,0.164,69 102 164 108 216 193 25 20 54 96 205 41 40 47 24 27 81 13 34 8,69 102 164 108 216 193 25 20 54 96 205 41 40 47 24 27 81 13 34 8,simulation,db4,energy,5,50,50,5
W-QDA,W-QDA:qda,20,,0.16,0.168,69 102 164 108 216 193 25 20 54 96 205 41 40 47 24 27 81 13 34 8,69 102 164 108 216 193 25 20 54 96 205 41 40 47 24 27 81 13 34 8,simulation,db4,energy,5,50,50,5
W-CART,W-CART:cart,2,,0.18,0.256,69 102 164 108 216 193 25 20 54 96 205 41 40 47 24 27 81 13 34 8,69 102 164 108 216 193 25 20 54 96 205 41 40 47 24 27 81 13 34 8,simulation,db4,energy,5,50,50,5
ALL,W-NN:k=1,16,,0.06,0.164,69 102 164 108 216 193 25 20 54 96 205 41 40 47 24 27 81 13 34 8,69 102 164 108 216 193 25 20 54 96 205 41 40 47 24 27 81 13 34 8,simulation,db4,energy,5,50,50,5
W-NN,W-NN:k=1,9,2.0,0.02,0.094,83 117 75 76 79 108 109 78 85 112 114 74 80 81 84 104 105 110 111 113,83 109 75 107 108 116 78 79 80 85 112 74 105 111 115 117 76 81 82 84,simulation,db4,usage,5,50,50,5
W-QDA,W-QDA:qda,22,0.5,0.02,0.08,108 80 82 83 109 75 76 78 79 85 110 84 107 111 114 165 74 77 112 116,83 109 75 107 108 116 78 79 80 85 112 74 105 111 115 117 76 81 82 84,simulation,db4,usage,5,50,50,5
W-CART,W-CART:cart,12,1.0,0.02,0.198,83 109 75 107 108 116 78 79 80 85 112 74 105 111 115 117 76 81 82 84,83 109 75 107 108 116 78 79 80 85 112 74 105 111 115 117 76 81 82 84,simulation,db4,usage,5,50,50,5
ALL,W-NN:k=1,9,2.0,0.02,0.094,83 117 75 76 79 108 109 78 85 112 114 74 80 81 84 104 105 110 111 113,83 109 75 107 108 116 78 79 80 85 112 74 105 111 115 117 76 81 82 84,simulation,db4,usage,5,50,50,5
W-NN,W-NN:k=5,12,,0.12,0.168,45 182 153 112 204 76 25 26 56 53 51 105 106 224 101 77 52 50 9 28,45 182 153 112 204 76 25 26 56 53 51 105 106 224 101 77 52 50 9 28,simulation,db4,energy,6,50,50,5
W-QDA,W-QDA:qda,14,,0.1,0.096,45 182 153 112 204 76 25 26 56 53 51 105 106 224 101 77 52 50 9 28,45 182 153 112 204 76 25 26 56 53 51 105 106 224 101 77 52 50 9 28,simulation,db4,energy,6,50,50,5
W-CART,W-CART:cart,6,,0.2,0.276,45 182 153 112 204 76 25 26 56 53 51 105 106 224 101 77 52 50 9 28,45 182 153 112 204 76 25 26 56 53 51 105 106 224 101 77 52 50 9 28,simulation,db4,energy,6,50,50,5
ALL,W-QDA:qda,14,,0.1,0.096,45 182 153 112 204 76 25 26 56 53 51 105 106 224 101 77 52 50 9 28,45 182 153 112 204 76 25 26 56 53 51 105 106 224 101 77 52 50 9 28,simulation,db4,energy,6,50,50,5
W-NN,W-NN:k=3,2,3.0,0.08,0.094,83 86 80 81 104 105 82 106 108 87 109 76 78 85 112 113 77 79 84 103,80 111 83 81 107 82 108 109 110 112 113 78 79 84 86 105 85 106 76 77,simulation,db4,usage,6,50,50,5
W-QDA,W-QDA:qda,11,1.5,0.04,0.068,111 80 81 83 82 107 86 112 79 108 78 85 105 106 109 110 113 84 87 103,80 111 83 81 107 82 108 109 110 112 113 78 79 84 86 105 85 106 76 77,simulation,db4,usage,6,50,50,5
W-CART,W-CART:cart,2,3.0,0.12,0.094,83 86 80 81 104 105 82 106 108 87 109 76 78 85 112 113 77 79 84 103,80 111 83 81 107 82 108 109 110 112 113 78 79 84 86 105 85 106 76 77,simulation,db4,usage,6,50,50,5
ALL,W-QDA:qda,11,1.5,0.04,0.068,111 80 81 83 82 107 86 112 79 108 78 85 105 106 109 110 113 84 87 103,80 111 83 81 107 82 108 109 110 112 113 78 79 84 86 105 85 106 76 77,simulation,db4,usage,6,50,50,5
W-NN,W-NN:k=1,47,,0.2,0.294,53 110 124 39 158 235 221 214 249 27 118 159 236 59 106 15 14 125 111 29,53 110 124 39 158 235 221 214 249 27 118 159 236 59 106 15 14 125 111 29,simulation,db4,energy,7,50,50,5
W-QDA,W-QDA:qda,15,,0.1,0.074,53 110 124 39 158 235 221 214 249 27 118 159 236 59 106 15 14 125 111 29,53 110 124 39 158 235 221 214 249 27 118 159 236 59 106 15 14 125 111 29,simulation,db4,energy,7,50,50,5
W-CART,W-CART:cart,15,,0.12,0.11,53 110 124 39 158 235 221 214 249 27 118 159 236 59 106 15 14 125 111 29,53 110 124 39 158 235 221 214 249 27 118 159 236 59 106 15 14 125 111 29,simulation,db4,energy,7,50,50,5
ALL,W-QDA:qda,15,,0.1,0.074,53 110 124 39 158 235 221 214 249 27 118 159 236 59 106 15 14 125 111 29,53 110 124 39 158 235 221 214 249 27 118 159 236 59 106 15 14 125 111 29,simulation,db4,energy,7,50,50,5
W-NN,W-NN:k=9,7,1.5,0.06,0.152,84 80 107 75 83 115 79 110 78 82 106 108 112 113 81 104 109 111 114 72,80 84 107 79 81 111 75 82 109 112 78 106 108 110 115 83 85 113 116 74,simulation,db4,usage,7,50,50,5
W-QDA,W-QDA:qda,13,3.0,0.0,0.032,84 107 108 115 73 79 75 77 81 83 104 106 113 118 76 80 82 109 110 112,80 84 107 79 81 111 75 82 109 112 78 106 108 110 115 83 85 113 116 74,simulation,db4,usage,7,50,50,5
W-CART,W-CART:cart,5,3.0,0.1,0.1,84 107 108 115 73 79 75 77 81 83 104 106 113 118 76 80 82 109 110 112,80 84 107 79 81 111 75 82 109 112 78 106 108 110 115 83 85 113 116 74,simulation,db4,usage,7,50,50,5
ALL,W-QDA:qda,13,3.0,0.0,0.032,84 107 108 115 73 79 75 77 81 83 104 106 113 118 76 80 82 109 110 112,80 84 107 79 81 111 75 82 109 112 78 106 108 110 115 83 85 113 116 74,simulation,db4,usage,7,50,50,5
W-NN,W-NN:k=3,20,,0.06,0.118,115 66 148 43 41 83 174 133 18 16 57 175 231 166 37 36 20 4 73 82,115 66 148 43 41 83 174 133 18 16 57 175 231 166 37 36 20 4 73 82,simulation,db4,energy,8,50,50,5
W-QDA,W-QDA:qda,13,,0.0,0.06,115 66 148 43 41 83 174 133 18 16 57 175 231 166 37 36 20 4 73 82,115 66 148 43 41 83 174 133 18 16 57 175 231 166 37 36 20 4 73 82,simulation,db4,energy,8,50,50,5
W-CART,W-CART:cart,13,,0.1,0.156,115 66 148 43 41 83 174 133 18 16 57 175 231 166 37 36 20 4 73 82,115 66 148 43 41 83 174 133 18 16 57 175 231 166 37 36 20 4 73 82,simulation,db4,energy,8,50,50,5
ALL,W-QDA:qda,13,,0.0,0.06,115 66 148 43 41 83 174 133 18 16 57 175 231 166 37 36 20 4 73 82,115 66 148 43 41 83 174 133 18 16 57 175 231 166 37 36 20 4 73 82,simulation,db4,energy,8,50,50,5
W-NN,W-NN:k=3,24,3.0,0.1,0.128,83 80 81 84 79 82 107 108 109 112 113 114 73 78 86 111 76 77 118 74,113 114 81 112 79 80 109 115 76 77 82 108 75 110 111 74 78 84 107 73,simulation,db4,usage,8,50,50,5
W-QDA,W-QDA:qda,14,2.0,0.02,0.062,113 114 79 81 77 80 83 76 82 109 110 73 75 108 111 84 78 115 86 107,113 114 81 112 79 80 109 115 76 77 82 108 75 110 111 74 78 84 107 73,simulation,db4,usage,8,50,50,5
W-CART,W-CART:cart,13,0.5,0.12,0.138,112 79 113 114 115 81 76 82 110 116 75 77 109 111 78 80 83 108 74 158,113 114 81 112 79 80 109 115 76 77 82 108 75 110 111 74 78 84 107 73,simulation,db4,usage,8,50,50,5
ALL,W-QDA:qda,14,2.0,0.02,0.062,113 114 79 81 77 80 83 76 82 109 110 73 75 108 111 84 78 115 86 107,113 114 81 112 79 80 109 115 76 77 82 108 75 110 111 74 78 84 107 73,simulation,db4,usage,8,50,50,5
W-NN,W-NN:k=1,8,,0.12,0.158,89 244 46 103 206 187 51 106 30 26 53 93 105 44 61 25 60 11 121 52,89 244 46 103 206 187 51 106 30 26 53 93 105 44 61 25 60 11 121 52,simulation,db4,energy,9,50,50,5
W-QDA,W-QDA:qda,19,,0.1,0.142,89 244 46 103 206 187 51 106 30 26 53 93 105 44 61 25 60 11 121 52,89 244 46 103 206 187 51 106 30 26 53 93 105 44 61 25 60 11 121 52,simulation,db4,energy,9,50,50,5
W-CART,W-CART:cart,27,,0.12,0.196,89 244 46 103 206 187 51 106 30 26 53 93 105 44 61 25 60 11 121 52,89 244 46 103 206 187 51 106 30 26 53 93 105 44 61 25 60 11 121 52,simulation,db4,energy,9,50,50,5
ALL,W-QDA:qda,19,,0.1,0.142,89 244 46 103 206 187 51 106 30 26 53 93 105 44 61 25 60 11 121 52,89 244 46 103 206 187 51 106 30 26 53 93 105 44 61 25 60 11 121 52,simulation,db4,energy,9,50,50,5
W-NN,W-NN:k=1,12,3.0,0.06,0.21,111 112 79 80 81 113 115 110 114 78 76 77 109 83 107 116 75 82 108 85,81 112 79 109 111 78 80 110 113 77 83 76 114 116 107 115 82 75 106 74,simulation,db4,usage,9,50,50,5
W-QDA,W-QDA:qda,12,1.0,0.12,0.174,81 112 79 109 111 78 80 110 113 77 83 76 114 116 107 115 82 75 106 74,81 112 79 109 111 78 80 110 113 77 83 76 114 116 107 115 82 75 106 74,simulation,db4,usage,9,50,50,5
W-CART,W-CART:cart,27,1.5,0.04,0.164,81 79 111 80 112 110 78 109 76 77 114 115 116 107 113 75 82 83 106 108,81 112 79 109 111 78 80 110 113 77 83 76 114 116 107 115 82 75 106 74,simulation,db4,usage,9,50,50,5
ALL,W-CART:cart,27,1.5,0.04,0.164,81 79 111 80 112 110 78 109 76 77 114 115 116 107 113 75 82 83 106 108,81 112 79 109 111 78 80 110 113 77 83 76 114 116 107 115 82 75 106 74,simulation,db4,usage,9,50,50,5
W-NN,W-NN:k=1,19,,0.16,0.23,67 126 44 68 178 34 201 31 33 17 136 179 100 253 8 12 49 25 200 50,67 126 44 68 178 34 201 31 33 17 136 179 100 253 8 12 49 25 200 50,simulation,db4,energy,10,50,50,5
W-QDA,W-QDA:qda,8,,0.14,0.204,67 126 44 68 178 34 201 31 33 17 136 179 100 253 8 12 49 25 200 50,67 126 44 68 178 34 201 31 33 17 136 179 100 253 8 12 49 25 200 50,simulation,db4,energy,10,50,50,5
W-CART,W-CART:cart,41,,0.18,0.258,67 126 44 68 178 34 201 31 33 17 136 179 100 253 8 12 49 25 200 50,67 126 44 68 178 34 201 31 33 17 136 179 100 253 8 12 49 25 200 50,simulation,db4,energy,10,50,50,5
ALL,W-QDA:qda,8,,0.14,0.204,67 126 44 68 178 34 201 31 33 17 136 179 100 253 8 12 49 25 200 50,67 126 44 68 178 34 201 31 33 17 136 179 100 253 8 12 49 25 200 50,simulation,db4,energy,10,50,50,5
W-NN,W-NN:k=5,1,1.5,0.06,0.234,83 106 109 82 108 107 110 84 115 78 81 85 104 105 111 112 76 113 77 86,109 111 83 108 110 82 106 81 107 115 85 104 112 113 78 84 77 105 116 76,simulation,db4,usage,10,50,50,5
W-QDA,W-QDA:qda,1,2.0,0.02,0.152,106 83 82 107 84 109 108 81 104 105 110 115 111 76 78 85 113 77 79 88,109 111 83 108 110 82 106 81 107 115 85 104 112 113 78 84 77 105 116 76,simulation,db4,usage,10,50,50,5
W-CART,W-CART:cart,8,3.0,0.02,0.14,106 83 82 84 107 109 110 104 108 81 85 115 73 87 88 105 111 116 74 75,109 111 83 108 110 82 106 81 107 115 85 104 112 113 78 84 77 105 116 76,simulation,db4,usage,10,50,50,5
ALL,W-QDA:qda,1,2.0,0.02,0.152,106 83 82 107 84 109 108 81 104 105 110 115 111 76 78 85 113 77 79 88,109 111 83 108 110 82 106 81 107 115 85 104 112 113 78 84 77 105 116 76,simulation,db4,usage,10,50,50,5
W-NN,W-NN:k=7,2,,0.12,0.228,95 108 87 43 68 175 136 184 34 46 217 91 45 11 23 13 47 22 17 135,95 108 87 43 68 175 136 184 34 46 217 91 45 11 23 13 47 22 17 135,simulation,db4,energy,11,50,50,5
W-QDA,W-QDA:qda,19,,0.08,0.078,95 108 87 43 68 175 136 184 34 46 217 91 45 11 23 13 47 22 17 135,95 108 87 43 68 175 136 184 34 46 217 91 45 11 23 13 47 22 17 135,simulation,db4,energy,11,50,50,5
W-CART,W-CART:cart,6,,0.14,0.066,95 108 87 43 68 175 136 184 34 46 217 91 45 11 23 13 47 22 17 135,95 108 87 43 68 175 136 184 34 46 217 91 45 11 23 13 47 22 17 135,simulation,db4,energy,11,50,50,5
ALL,W-QDA:qda,19,,0.08,0.078,95 108 87 43 68 175 136 184 34 46 217 91 45 11 23 13 47 22 17 135,95 108 87 43 68 175 136 184 34 46 217 91 45 11 23 13 47 22 17 135,simulation,db4,energy,11,50,50,5
W-NN,W-NN:k=9,1,3.0,0.04,0.206,116 76 117 118 75 78 114 115 79 113 77 72 74 82 85 110 111 112 73 80,115 76 75 78 79 80 113 77 112 108 109 111 114 116 117 82 110 118 74 81,simulation,db4,usage,11,50,50,5
W-QDA,W-QDA:qda,11,0.5,0.06,0.124,76 115 114 80 75 78 81 82 108 109 77 111 112 113 116 79 83 107 110 117,115 76 75 78 79 80 113 77 112 108 109 111 114 116 117 82 110 118 74 81,simulation,db4,usage,11,50,50,5
W-CART,W-CART:cart,14,1.0,0.06,0.19,115 76 75 78 79 80 113 77 112 108 109 111 114 116 117 82 110 118 74 81,115 76 75 78 79 80 113 77 112 108 109 111 114 116 117 82 110 118 74 81,simulation,db4,usage,11,50,50,5
ALL,W-NN:k=9,1,3.0,0.04,0.206,116 76 117 118 75 78 114 115 79 113 77 72 74 82 85 110 111 112 73 80,115 76 75 78 79 80 113 77 112 108 109 111 114 116 117 82 110 118 74 81,simulation,db4,usage,11,50,50,5
W-NN,W-NN:k=1,4,,0.22,0.18,38 140 127 73 76 17 9 255 36 63 146 154 75 35 34 37 8 4 19 18,38 140 127 73 76 17 9 255 36 63 146 154 75 35 34 37 8 4 19 18,simulation,db4,energy,12,50,50,5
W-QDA,W-QDA:qda,12,,0.02,0.102,38 140 127 73 76 17 9 255 36 63 146 154 75 35 34 37 8 4 19 18,38 140 127 73 76 17 9 255 36 63 146 154 75 35 34 37 8 4 19 18,simulation,db4,energy,12,50,50,5
W-CART,W-CART:cart,12,,0.12,0.252,38 140 127 73 76 17 9 255 36 63 146 154 75 35 34 37 8 4 19 18,38 140 127 73 76 17 9 255 36 63 146 154 75 35 34 37 8 4 19 18,simulation,db4,energy,12,50,50,5
ALL,W-QDA:qda,12,,0.02,0.102,38 140 127 73 76 17 9 255 36 63 146 154 75 35 34 37 8 4 19 18,38 140 127 73 76 17 9 255 36 63 146 154 75 35 34 37 8 4 19 18,simulation,db4,energy,12,50,50,5
W-NN,W-NN:k=5,2,1.0,0.1,0.186,76 116 79 113 115 75 77 83 106 114 73 78 80 82 85 107 109 112 117 118,76 116 79 113 115 75 77 83 106 114 73 78 80 82 85 107 109 112 117 118,simulation,db4,usage,12,50,50,5
W-QDA,W-QDA:qda,9,3.0,0.02,0.044,115 116 85 72 75 119 73 77 117 82 114 118 74 76 108 109 81 83 84 106,76 116 79 113 115 75 77 83 106 114 73 78 80 82 85 107 109 112 117 118,simulation,db4,usage,12,50,50,5
W-CART,W-CART:cart,48,2.0,0.14,0.216,116 115 75 76 83 109 114 72 79 82 85 117 119 73 74 107 108 112 118 77,76 116 79 113 115 75 77 83 106 114 73 78 80 82 85 107 109 112 117 118,simulation,db4,usage,12,50,50,5
ALL,W-QDA:qda,9,3.0,0.02,0.044,115 116 85 72 75 119 73 77 117 82 114 118 74 76 108 109 81 83 84 106,76 116 79 113 115 75 77 83 106 114 73 78 80 82 85 107 109 112 117 118,simulation,db4,usage,12,50,50,5
W-NN,W-NN:k=1,21,,0.06,0.224,116 100 191 201 217 50 200 12 233 101 95 109 24 202 218 25 96 13 48 14,116 100 191 201 217 50 200 12 233 101 95 109 24 202 218 25 96 13 48 14,simulation,db4,energy,13,50,50,5
W-QDA,W-QDA:qda,16,,0.06,0.096,116 100 191 201 217 50 200 12 233 101 95 109 24 202 218 25 96 13 48 14,116 100 191 201 217 50 200 12 233 101 95 109 24 202 218 25 96 13 48 14,simulation,db4,energy,13,50,50,5
W-CART,W-CART:cart,12,,0.08,0.186,116 100 191 201 217 50 200 12 233 101 95 109 24 202 218 25 96 13 48 14,116 100 191 201 217 50 200 12 233 101 95 109 24 202 218 25 96 13 48 14,simulation,db4,energy,13,50,50,5
ALL,W-QDA:qda,16,,0.06,0.096,116 100 191 201 217 50 200 12 233 101 95 109 24 202 218 25 96 13 48 14,116 100 191 201 217 50 200 12 233 101 95 109 24 202 218 25 96 13 48 14,simulation,db4,energy,13,50,50,5
W-NN,W-NN:k=1,30,1.5,0.08,0.226,79 112 117 76 77 75 78 113 84 110 111 114 74 115 83 107 116 118 109 73,75 112 77 115 76 78 79 111 80 113 116 117 108 110 114 74 81 83 84 109,simulation,db4,usage,13,50,50,5
W-QDA,W-QDA:qda,14,2.0,0.12,0.118,79 117 77 112 113 76 78 84 110 111 74 75 83 107 114 115 116 118 104 105,75 112 77 115 76 78 79 111 80 113 116 117 108 110 114 74 81 83 84 109,simulation,db4,usage,13,50,50,5
W-CART,W-CART:cart,20,3.0,0.04,0.104,77 79 76 117 113 78 75 114 74 83 110 111 112 116 115 118 119 72 73 105,75 112 77 115 76 78 79 111 80 113 116 117 108 110 114 74 81 83 84 109,simulation,db4,usage,13,50,50,5
ALL,W-CART:cart,20,3.0,0.04,0.104,77 79 76 117 113 78 75 114 74 83 110 111 112 116 115 118 119 72 73 105,75 112 77 115 76 78 79 111 80 113 116 117 108 110 114 74 81 83 84 109,simulation,db4,usage,13,50,50,5
W-NN,W-NN:k=1,7,,0.04,0.104,82 74 57 189 247 20 18 94 124 23 114 248 115 62 149 165 95 31 28 4,82 74 57 189 247 20 18 94 124 23 114 248 115 62 149 165 95 31 28 4,simulation,db4,energy,14,50,50,5
W-QDA,W-QDA:qda,2,,0.06,0.098,82 74 57 189 247 20 18 94 124 23 114 248 115 62 149 165 95 31 28 4,82 74 57 189 247 20 18 94 124 23 114 248 115 62 149 165 95 31 28 4,simulation,db4,energy,14,50,50,5
W-CART,W-CART:cart,8,,0.06,0.11,82 74 57 189 247 20 18 94 124 23 114 248 115 62 149 165 95 31 28 4,82 74 57 189 247 20 18 94 124 23 114 248 115 62 149 165 95 31 28 4,simulation,db4,energy,14,50,50,5
ALL,W-NN:k=1,7,,0.04,0.104,82 74 57 189 247 20 18 94 124 23 114 248 115 62 149 165 95 31 28 4,82 74 57 189 247 20 18 94 124 23 114 248 115 62 149 165 95 31 28 4,simulation,db4,energy,14,50,50,5
W-NN,W-NN:k=3,4,1.0,0.04,0.076,74 82 75 83 73 76 78 110 116 81 111 112 113 84 108 114 77 107 115 117,74 82 75 83 73 76 78 110 116 81 111 112 113 84 108 114 77 107 115 117,simulation,db4,usage,14,50,50,5
W-QDA,W-QDA:qda,5,1.0,0.0,0.05,74 82 75 83 73 76 78 110 116 81 111 112 113 84 108 114 77 107 115 117,74 82 75 83 73 76 78 110 116 81 111 112 113 84 108 114 77 107 115 117,simulation,db4,usage,14,50,50,5
W-CART,W-CART:cart,2,1.0,0.06,0.194,74 82 75 83 73 76 78 110 116 81 111 112 113 84 108 114 77 107 115 117,74 82 75 83 73 76 78 110 116 81 111 112 113 84 108 114 77 107 115 117,simulation,db4,usage,14,50,50,5
ALL,W-QDA:qda,5,1.0,0.0,0.05,74 82 75 83 73 76 78 110 116 81 111 112 113 84 108 114 77 107 115 117,74 82 75 83 73 76 78 110 116 81 111 112 113 84 108 114 77 107 115 117,simulation,db4,usage,14,50,50,5
W-NN,W-NN:k=1,10,,0.12,0.182,125 112 97 38 154 58 235 48 14 117 225 195 9 15 28 76 62 234 63 3,125 112 97 38 154 58 235 48 14 117 225 195 9 15 28 76 62 234 63 3,simulation,db4,energy,15,50,50,5
W-QDA,W-QDA:qda,16,,0.14,0.19,125 112 97 38 154 58 235 48 14 117 225 195 9 15 28 76 62 234 63 3,125 112 97 38 154 58 235 48 14 117 225 195 9 15 28 76 62 234 63 3,simulation,db4,energy,15,50,50,5
W-CART,W-CART:cart,34,,0.16,0.196,125 112 97 38 154 58 235 48 14 117 225 195 9 15 28 76 62 234 63 3,125 112 97 38 154 58 235 48 14 117 225 195 9 15 28 76 62 234 63 3,simulation,db4,energy,15,50,50,5
ALL,W-NN:k=1,10,,0.12,0.182,125 112 97 38 154 58 235 48 14 117 225 195 9 15 28 76 62 234 63 3,125 112 97 38 154 58 235 48 14 117 225 195 9 15 28 76 62 234 63 3,simulation,db4,energy,15,50,50,5
W-NN,W-NN:k=1,11,0.5,0.08,0.174,110 111 112 80 109 84 107 82 163 165 77 81 83 106 78 79 108 114 105 169,110 111 109 112 80 82 79 84 108 77 78 81 83 105 107 106 114 163 86 113,simulation,db4,usage,15,50,50,5
W-QDA,W-QDA:qda,6,0.5,0.18,0.186,110 111 112 80 109 84 107 82 163 165 77 81 83 106 78 79 108 114 105 169,110 111 109 112 80 82 79 84 108 77 78 81 83 105 107 106 114 163 86 113,simulation,db4,usage,15,50,50,5
W-CART,W-CART:cart,17,1.5,0.04,0.128,82 110 111 81 83 108 109 78 79 80 107 112 86 105 77 104 106 84 85 114,110 111 109 112 80 82 79 84 108 77 78 81 83 105 107 106 114 163 86 113,simulation,db4,usage,15,50,50,5
ALL,W-CART:cart,17,1.5,0.04,0.128,82 110 111 81 83 108 109 78 79 80 107 112 86 105 77 104 106 84 85 114,110 111 109 112 80 82 79 84 108 77 78 81 83 105 107 106 114 163 86 113,simulation,db4,usage,15,50,50,5
W-NN,W-NN:k=3,7,,0.28,0.414,93 40 248 191 136 95 46 80 81 187 34 62 96 61 33 48 11 31 17 15,93 40 248 191 136 95 46 80 81 187 34 62 96 61 33 48 11 31 17 15,simulation,db4,energy,16,50,50,5
W-QDA,W-QDA:qda,12,,0.22,0.226,93 40 248 191 136 95 46 80 81 187 34 62 96 61 33 48 11 31 17 15,93 40 248 191 136 95 46 80 81 187 34 62 96 61 33 48 11 31 17 15,simulation,db4,energy,16,50,50,5
W-CART,W-CART:cart,51,,0.24,0.402,93 40 248 191 136 95 46 80 81 187 34 62 96 61 33 48 11 31 17 15,93 40 248 191 136 95 46 80 81 187 34 62 96 61 33 48 11 31 17 15,simulation,db4,energy,16,50,50,5
ALL,W-QDA:qda,12,,0.22,0.226,93 40 248 191 136 95 46 80 81 187 34 62 96 61 33 48 11 31 17 15,93 40 248 191 136 95 46 80 81 187 34 62 96 61 33 48 11 31 17 15,simulation,db4,energy,16,50,50,5
W-NN,W-NN:k=1,50,3.0,0.04,0.208,115 116 75 79 80 81 76 82 110 111 113 117 74 78 114 106 112 118 119 77,78 111 112 77 79 81 115 76 80 110 113 116 117 74 82 114 75 118 73 108,simulation,db4,usage,16,50,50,5
W-QDA,W-QDA:qda,8,1.5,0.04,0.122,81 111 117 78 79 113 115 75 76 80 82 112 73 110 116 74 114 77 109 108,78 111 112 77 79 81 115 76 80 110 113 116 117 74 82 114 75 118 73 108,simulation,db4,usage,16,50,50,5
W-CART,W-CART:cart,18,2.0,0.04,0.128,115 75 81 82 76 78 117 80 112 114 79 111 113 116 73 110 74 118 77 83,78 111 112 77 79 81 115 76 80 110 113 116 117 74 82 114 75 118 73 108,simulation,db4,usage,16,50,50,5
ALL,W-QDA:qda,8,1.5,0.04,0.122,81 111 117 78 79 113 115 75 76 80 82 112 73 110 116 74 114 77 109 108,78 111 112 77 79 81 115 76 80 110 113 116 117 74 82 114 75 118 73 108,simulation,db4,usage,16,50,50,5
W-NN,W-NN:k=3,1,,0.08,0.132,105 56 42 226 89 125 171 250 178 52 44 62 227 85 211 10 15 170 249 177,105 56 42 226 89 125 171 250 178 52 44 62 227 85 211 10 15 170 249 177,simulation,db4,energy,17,50,50,5
W-QDA,W-QDA:qda,12,,0.14,0.212,105 56 42 226 89 125 171 250 178 52 44 62 227 85 211 10 15 170 249 177,105 56 42 226 89 125 171 250 178 52 44 62 227 85 211 10 15 170 249 177,simulation,db4,energy,17,50,50,5
W-CART,W-CART:cart,10,,0.12,0.198,105 56 42 226 89 125 171 250 178 52 44 62 227 85 211 10 15 170 249 177,105 56 42 226 89 125 171 250 178 52 44 62 227 85 211 10 15 170 249 177,simulation,db4,energy,17,50,50,5
ALL,W-NN:k=3,1,,0.08,0.132,105 56 42 226 89 125 171 250 178 52 44 62 227 85 211 10 15 170 249 177,105 56 42 226 89 125 171 250 178 52 44 62 227 85 211 10 15 170 249 177,simulation,db4,energy,17,50,50,5
W-NN,W-NN:k=1,13,1.5,0.1,0.17,80 77 79 75 78 81 108 111 114 115 116 76 84 109 110 117 83 112 113 82,79 80 112 78 81 110 108 111 117 76 77 113 114 75 109 116 84 115 82 83,simulation,db4,usage,17,50,50,5
W-QDA,W-QDA:qda,7,1.5,0.04,0.106,80 77 79 75 78 81 108 111 114 115 116 76 84 109 110 117 83 112 113 82,79 80 112 78 81 110 108 111 117 76 77 113 114 75 109 116 84 115 82 83,simulation,db4,usage,17,50,50,5
W-CART,W-CART:cart,24,2.0,0.04,0.088,77 115 76 80 116 109 114 75 81 108 110 117 118 78 79 111 113 84 112 119,79 80 112 78 81 110 108 111 117 76 77 113 114 75 109 116 84 115 82 83,simulation,db4,usage,17,50,50,5
ALL,W-QDA:qda,7,1.5,0.04,0.106,80 77 79 75 78 81 108 111 114 115 116 76 84 109 110 117 83 112 113 82,79 80 112 78 81 110 108 111 117 76 77 113 114 75 109 116 84 115 82 83,simulation,db4,usage,17,50,50,5
W-NN,W-NN:k=3,7,,0.08,0.182,44 33 37 73 120 151 147 60 88 66 75 89 67 240 4 30 74 150 119 18,44 33 37 73 120 151 147 60 88 66 75 89 67 240 4 30 74 150 119 18,simulation,db4,energy,18,50,50,5
W-QDA,W-QDA:qda,10,,0.18,0.08,44 33 37 73 120 151 147 60 88 66 75 89 67 240 4 30 74 150 119 18,44 33 37 73 120 151 147 60 88 66 75 89 67 240 4 30 74 150 119 18,simulation,db4,energy,18,50,50,5
W-CART,W-CART:cart,9,,0.22,0.156,44 33 37 73 120 151 147 60 88 66 75 89 67 240 4 30 74 150 119 18,44 33 37 73 120 151 147 60 88 66 75 89 67 240 4 30 74 150 119 18,simulation,db4,energy,18,50,50,5
ALL,W-NN:k=3,7,,0.08,0.182,44 33 37 73 120 151 147 60 88 66 75 89 67 240 4 30 74 150 119 18,44 33 37 73 120 151 147 60 88 66 75 89 67 240 4 30 74 150 119 18,simulation,db4,energy,18,50,50,5
W-NN,W-NN:k=1,3,3.0,0.1,0.106,119 108 73 83 84 106 111 117 118 121 70 74 76 81 82 107 116 72 75 114,111 112 110 113 79 81 106 114 116 73 74 75 77 78 80 107 120 82 83 108,simulation,db4,usage,18,50,50,5
W-QDA,W-QDA:qda,9,2.0,0.02,0.068,119 74 82 114 118 73 80 83 106 107 108 111 112 121 75 76 81 116 117 70,111 112 110 113 79 81 106 114 116 73 74 75 77 78 80 107 120 82 83 108,simulation,db4,usage,18,50,50,5
W-CART,W-CART:cart,5,2.0,0.12,0.126,119 74 82 114 118 73 80 83 106 107 108 111 112 121 75 76 81 116 117 70,111 112 110 113 79 81 106 114 116 73 74 75 77 78 80 107 120 82 83 108,simulation,db4,usage,18,50,50,5
ALL,W-QDA:qda,9,2.0,0.02,0.068,119 74 82 114 118 73 80 83 106 107 108 111 112 121 75 76 81 116 117 70,111 112 110 113 79 81 106 114 116 73 74 75 77 78 80 107 120 82 83 108,simulation,db4,usage,18,50,50,5
W-NN,W-NN:k=1,7,,0.16,0.134,68 58 108 76 195 217 152 98 38 116 196 117 49 137 13 8 14 19 27 53,68 58 108 76 195 217 152 98 38 116 196 117 49 137 13 8 14 19 27 53,simulation,db4,energy,19,50,50,5
W-QDA,W-QDA:qda,7,,0.14,0.102,68 58 108 76 195 217 152 98 38 116 196 117 49 137 13 8 14 19 27 53,68 58 108 76 195 217 152 98 38 116 196 117 49 137 13 8 14 19 27 53,simulation,db4,energy,19,50,50,5
W-CART,W-CART:cart,17,,0.14,0.118,68 58 108 76 195 217 152 98 38 116 196 117 49 137 13 8 14 19 27 53,68 58 108 76 195 217 152 98 38 116 196 117 49 137 13 8 14 19 27 53,simulation,db4,energy,19,50,50,5
ALL,W-QDA:qda,7,,0.14,0.102,68 58 108 76 195 217 152 98 38 116 196 117 49 137 13 8 14 19 27 53,68 58 108 76 195 217 152 98 38 116 196 117 49 137 13 8 14 19 27 53,simulation,db4,energy,19,50,50,5
W-NN,W-NN:k=1,59,2.0,0.08,0.158,108 79 84 85 87 105 106 81 83 104 80 86 88 107 110 78 103 111 75 77,108 79 81 83 85 107 110 84 86 105 106 78 80 104 77 82 87 88 111 112,simulation,db4,usage,19,50,50,5
W-QDA,W-QDA:qda,3,0.5,0.1,0.146,82 83 106 107 108 110 79 81 84 104 168 77 78 80 87 105 172 85 86 109,108 79 81 83 85 107 110 84 86 105 106 78 80 104 77 82 87 88 111 112,simulation,db4,usage,19,50,50,5
W-CART,W-CART:cart,5,2.0,0.1,0.192,108 79 84 85 87 105 106 81 83 104 80 86 88 107 110 78 103 111 75 77,108 79 81 83 85 107 110 84 86 105 106 78 80 104 77 82 87 88 111 112,simulation,db4,usage,19,50,50,5
ALL,W-NN:k=1,59,2.0,0.08,0.158,108 79 84 85 87 105 106 81 83 104 80 86 88 107 110 78 103 111 75 77,108 79 81 83 85 107 110 84 86 105 106 78 80 104 77 82 87 88 111 112,simulation,db4,usage,19,50,50,5
W-NN,W-NN:k=5,6,,0.08,0.172,114 74 28 40 19 81 18 39 77 80 78 38 459 115 228 9 229 4 56 458,114 74 28 40 19 81 18 39 77 80 78 38 459 115 228 9 229 4 56 458,simulation,db4,energy,20,50,50,5
W-QDA,W-QDA:qda,3,,0.08,0.166,114 74 28 40 19 81 18 39 77 80 78 38 459 115 228 9 229 4 56 458,114 74 28 40 19 81 18 39 77 80 78 38 459 115 228 9 229 4 56 458,simulation,db4,energy,20,50,50,5
W-CART,W-CART:cart,60,,0.0,0.136,114 74 28 40 19 81 18 39 77 80 78 38 459 115 228 9 229 4 56 458,114 74 28 40 19 81 18 39 77 80 78 38 459 115 228 9 229 4 56 458,simulation,db4,energy,20,50,50,5
ALL,W-CART:cart,60,,0.0,0.136,114 74 28 40 19 81 18 39 77 80 78 38 459 115 228 9 229 4 56 458,114 74 28 40 19 81 18 39 77 80 78 38 459 115 228 9 229 4 56 458,simulation,db4,energy,20,50,50,5
W-NN,W-NN:k=7,46,0.5,0.06,0.238,80 79 109 111 112 116 75 77 83 110 113 115 76 81 114 117 78 108 107 162,79 80 111 75 110 116 78 112 76 109 113 115 81 108 74 77 82 83 85 107,simulation,db4,usage,20,50,50,5
W-QDA,W-QDA:qda,15,3.0,0.0,0.066,72 76 78 79 81 75 77 82 85 108 116 117 119 112 114 115 118 74 86 110,79 80 111 75 110 116 78 112 76 109 113 115 81 108 74 77 82 83 85 107,simulation,db4,usage,20,50,50,5
W-CART,W-CART:cart,14,3.0,0.0,0.09,72 76 78 79 81 75 77 82 85 108 116 117 119 112 114 115 118 74 86 110,79 80 111 75 110 116 78 112 76 109 113 115 81 108 74 77 82 83 85 107,simulation,db4,usage,20,50,50,5
ALL,W-CART:cart,14,3.0,0.0,0.09,72 76 78 79 81 75 77 82 85 108 116 117 119 112 114 115 118 74 86 110,79 80 111 75 110 116 78 112 76 109 113 115 81 108 74 77 82 83 85 107,simulation,db4,usage,20,50,50,5
W-NN,W-NN:k=3,5,,0.08,0.188,57 125 175 70 241 251 230 87 35 17 120 140 15 114 88 44 59 29 30 63,57 125 175 70 241 251 230 87 35 17 120 140 15 114 88 44 59 29 30 63,simulation,db4,energy,21,50,50,5
W-QDA,W-QDA:qda,15,,0.0,0.078,57 125 175 70 241 251 230 87 35 17 120 140 15 114 88 44 59 29 30 63,57 125 175 70 241 251 230 87 35 17 120 140 15 114 88 44 59 29 30 63,simulation,db4,energy,21,50,50,5
W-CART,W-CART:cart,3,,0.12,0.272,57 125 175 70 241 251 230 87 35 17 120 140 15 114 88 44 59 29 30 63,57 125 175 70 241 251 230 87 35 17 120 140 15 114 88 44 59 29 30 63,simulation,db4,energy,21,50,50,5
ALL,W-QDA:qda,15,,0.0,0.078,57 125 175 70 241 251 230 87 35 17 120 140 15 114 88 44 59 29 30 63,57 125 175 70 241 251 230 87 35 17 120 140 15 114 88 44 59 29 30 63,simulation,db4,energy,21,50,50,5
W-NN,W-NN:k=1,10,0.5,0.06,0.154,109 81 107 111 79 80 77 82 108 114 83 84 106 85 105 110 112 116 78 86,107 77 79 84 108 112 80 81 106 110 111 114 76 78 82 83 105 109 116 113,simulation,db4,usage,21,50,50,5
W-QDA,W-QDA:qda,11,3.0,0.02,0.062,78 105 107 114 79 81 111 104 106 110 112 82 83 85 108 77 109 74 76 86,107 77 79 84 108 112 80 81 106 110 111 114 76 78 82 83 105 109 116 113,simulation,db4,usage,21,50,50,5
W-CART,W-CART:cart,21,0.5,0.04,0.102,109 81 107 111 79 80 77 82 108 114 83 84 106 85 105 110 112 116 78 86,107 77 79 84 108 112 80 81 106 110 111 114 76 78 82 83 105 109 116 113,simulation,db4,usage,21,50,50,5
ALL,W-QDA:qda,11,3.0,0.02,0.062,78 105 107 114 79 81 111 104 106 110 112 82 83 85 108 77 109 74 76 86,107 77 79 84 108 112 80 81 106 110 111 114 76 78 82 83 105 109 116 113,simulation,db4,usage,21,50,50,5
W-NN,W-NN:k=1,11,,0.06,0.12,123 35 213 63 255 71 106 17 61 34 26 67 127 70 68 247 107 8 33 16,123 35 213 63 255 71 106 17 61 34 26 67 127 70 68 247 107 8 33 16,simulation,db4,energy,22,50,50,5
W-QDA,W-QDA:qda,11,,0.12,0.074,123 35 213 63 255 71 106 17 61 34 26 67 127 70 68 247 107 8 33 16,123 35 213 63 255 71 106 17 61 34 26 67 127 70 68 247 107 8 33 16,simulation,db4,energy,22,50,50,5
W-CART,W-CART:cart,3,,0.16,0.19,123 35 213 63 255 71 106 17 61 34 26 67 127 70 68 247 107 8 33 16,123 35 213 63 255 71 106 17 61 34 26 67 127 70 68 247 107 8 33 16,simulation,db4,energy,22,50,50,5
ALL,W-NN:k=1,11,,0.06,0.12,123 35 213 63 255 71 106 17 61 34 26 67 127 70 68 247 107 8 33 16,123 35 213 63 255 71 106 17 61 34 26 67 127 70 68 247 107 8 33 16,simulation,db4,energy,22,50,50,5
W-NN,W-NN:k=1,2,1.5,0.04,0.13,73 77 115 118 72 117 74 76 116 71 78 79 112 114 120 75 113 121 70 111,76 112 77 115 116 118 72 73 114 117 79 74 113 70 78 108 71 75 110 120,simulation,db4,usage,22,50,50,5
W-QDA,W-QDA:qda,4,2.0,0.08,0.114,72 115 117 73 74 77 76 78 118 71 114 116 120 75 112 113 121 69 70 79,76 112 77 115 116 118 72 73 114 117 79 74 113 70 78 108 71 75 110 120,simulation,db4,usage,22,50,50,5
W-CART,W-CART:cart,1,1.5,0.06,0.144,73 77 115 118 72 117 74 76 116 71 78 79 112 114 120 75 113 121 70 111,76 112 77 115 116 118 72 73 114 117 79 74 113 70 78 108 71 75 110 120,simulation,db4,usage,22,50,50,5
ALL,W-NN:k=1,2,1.5,0.04,0.13,73 77 115 118 72 117 74 76 116 71 78 79 112 114 120 75 113 121 70 111,76 112 77 115 116 118 72 73 114 117 79 74 113 70 78 108 71 75 110 120,simulation,db4,usage,22,50,50,5
W-NN,W-NN:k=1,6,,0.06,0.202,61 43 223 174 246 141 92 184 111 70 17 46 71 112 56 23 11 86 122 28,61 43 223 174 246 141 92 184 111 70 17 46 71 112 56 23 11 86 122 28,simulation,db4,energy,23,50,50,5
W-QDA,W-QDA:qda,15,,0.0,0.114,61 43 223 174 246 141 92 184 111 70 17 46 71 112 56 23 11 86 122 28,61 43 223 174 246 141 92 184 111 70 17 46 71 112 56 23 11 86 122 28,simulation,db4,energy,23,50,50,5
W-CART,W-CART:cart,4,,0.02,0.14,61 43 223 174 246 141 92 184 111 70 17 46 71 112 56 23 11 86 122 28,61 43 223 174 246 141 92 184 111 70 17 46 71 112 56 23 11 86 122 28,simulation,db4,energy,23,50,50,5
ALL,W-QDA:qda,15,,0.0,0.114,61 43 223 174 246 141 92 184 111 70 17 46 71 112 56 23 11 86 122 28,61 43 223 174 246 141 92 184 111 70 17 46 71 112 56 23 11 86 122 28,simulation,db4,energy,23,50,50,5
W-NN,W-NN:k=5,1,2.0,0.06,0.156,107 80 108 109 112 79 82 84 110 81 83 106 111 113 114 115 77 78 86 75,111 112 113 109 110 79 81 77 80 82 83 107 76 84 108 114 106 78 115 85,simulation,db4,usage,23,50,50,5
W-QDA,W-QDA:qda,20,3.0,0.0,0.056,82 108 81 109 113 84 107 112 77 79 80 85 88 106 110 111 86 87 105 75,111 112 113 109 110 79 81 77 80 82 83 107 76 84 108 114 106 78 115 85,simulation,db4,usage,23,50,50,5
W-CART,W-CART:cart,7,3.0,0.08,0.16,82 108 81 109 113 84 107 112 77 79 80 85 88 106 110 111 86 87 105 75,111 112 113 109 110 79 81 77 80 82 83 107 76 84 108 114 106 78 115 85,simulation,db4,usage,23,50,50,5
ALL,W-QDA:qda,20,3.0,0.0,0.056,82 108 81 109 113 84 107 112 77 79 80 85 88 106 110 111 86 87 105 75,111 112 113 109 110 79 81 77 80 82 83 107 76 84 108 114 106 78 115 85,simulation,db4,usage,23,50,50,5
W-NN,W-NN:k=3,9,,0.06,0.134,121 87 66 216 239 60 133 120 16 240 54 53 7 30 27 13 61 107 43 67,121 87 66 216 239 60 133 120 16 240 54 53 7 30 27 13 61 107 43 67,simulation,db4,energy,24,50,50,5
W-QDA,W-QDA:qda,4,,0.08,0.164,121 87 66 216 239 60 133 120 16 240 54 53 7 30 27 13 61 107 43 67,121 87 66 216 239 60 133 120 16 240 54 53 7 30 27 13 61 107 43 67,simulation,db4,energy,24,50,50,5
W-CART,W-CART:cart,8,,0.1,0.126,121 87 66 216 239 60 133 120 16 240 54 53 7 30 27 13 61 107 43 67,121 87 66 216 239 60 133 120 16 240 54 53 7 30 27 13 61 107 43 67,simulation,db4,energy,24,50,50,5
ALL,W-NN:k=3,9,,0.06,0.134,121 87 66 216 239 60 133 120 16 240 54 53 7 30 27 13 61 107 43 67,121 87 66 216 239 60 133 120 16 240 54 53 7 30 27 13 61 107 43 67,simulation,db4,energy,24,50,50,5
W-NN,W-NN:k=1,49,3.0,0.06,0.146,77 76 78 109 111 115 75 84 107 108 110 113 74 73 81 114 79 80 106 112,109 80 108 81 110 111 77 79 78 112 113 114 82 75 76 107 116 84 115 74,simulation,db4,usage,24,50,50,5
W-QDA,W-QDA:qda,17,1.5,0.08,0.114,77 109 80 78 81 110 111 113 108 75 76 79 107 114 82 84 106 115 74 83,109 80 108 81 110 111 77 79 78 112 113 114 82 75 76 107 116 84 115 74,simulation,db4,usage,24,50,50,5
W-CART,W-CART:cart,22,2.0,0.06,0.122,77 78 109 76 110 111 115 80 107 108 113 74 75 79 81 106 114 72 73 84,109 80 108 81 110 111 77 79 78 112 113 114 82 75 76 107 116 84 115 74,simulation,db4,usage,24,50,50,5
ALL,W-CART:cart,22,2.0,0.06,0.122,77 78 109 76 110 111 115 80 107 108 113 74 75 79 81 106 114 72 73 84,109 80 108 81 110 111 77 79 78 112 113 114 82 75 76 107 116 84 115 74,simulation,db4,usage,24,50,50,5
W-NN,W-NN:k=3,6,,0.04,0.088,103 67 97 18 36 72 74 195 37 33 73 71 135 51 4 49 35 17 98 1,103 67 97 18 36 72 74 195 37 33 73 71 135 51 4 49 35 17 98 1,simulation,db4,energy,25,50,50,5
W-QDA,W-QDA:qda,7,,0.1,0.058,103 67 97 18 36 72 74 195 37 33 73 71 135 51 4 49 35 17 98 1,103 67 97 18 36 72 74 195 37 33 73 71 135 51 4 49 35 17 98 1,simulation,db4,energy,25,50,50,5
W-CART,W-CART:cart,53,,0.14,0.172,103 67 97 18 36 72 74 195 37 33 73 71 135 51 4 49 35 17 98 1,103 67 97 18 36 72 74 195 37 33 73 71 135 51 4 49 35 17 98 1,simulation,db4,energy,25,50,50,5
ALL,W-NN:k=3,6,,0.04,0.088,103 67 97 18 36 72 74 195 37 33 73 71 135 51 4 49 35 17 98 1,103 67 97 18 36 72 74 195 37 33 73 71 135 51 4 49 35 17 98 1,simulation,db4,energy,25,50,50,5
W-NN,W-NN:k=1,35,1.0,0.06,0.126,78 75 77 81 114 76 79 115 80 112 111 113 74 116 108 109 110 73 85 84,78 75 77 81 114 76 79 115 80 112 111 113 74 116 108 109 110 73 85 84,simulation,db4,usage,25,50,50,5
W-QDA,W-QDA:qda,6,1.0,0.12,0.194,78 75 77 81 114 76 79 115 80 112 111 113 74 116 108 109 110 73 85 84,78 75 77 81 114 76 79 115 80 112 111 113 74 116 108 109 110 73 85 84,simulation,db4,usage,25,50,50,5
W-CART,W-CART:cart,17,0.5,0.1,0.18,111 75 113 114 112 115 116 152 76 77 78 80 81 79 73 74 109 82 156 110,78 75 77 81 114 76 79 115 80 112 111 113 74 116 108 109 110 73 85 84,simulation,db4,usage,25,50,50,5
ALL,W-NN:k=1,35,1.0,0.06,0.126,78 75 77 81 114 76 79 115 80 112 111 113 74 116 108 109 110 73 85 84,78 75 77 81 114 76 79 115 80 112 111 113 74 116 108 109 110 73 85 84,simulation,db4,usage,25,50,50,5
W-NN,W-NN:k=1,5,,0.18,0.232,183 51 91 45 103 77 154 208 52 102 38 46 25 92 26 23 9 184 5 182,183 51 91 45 103 77 154 208 52 102 38 46 25 92 26 23 9 184 5 182,simulation,db4,energy,26,50,50,5
W-QDA,W-QDA:qda,12,,0.36,0.396,183 51 91 45 103 77 154 208 52 102 38 46 25 92 26 23 9 184 5 182,183 51 91 45 103 77 154 208 52 102 38 46 25 92 26 23 9 184 5 182,simulation,db4,energy,26,50,50,5
W-CART,W-CART:cart,46,,0.2,0.216,183 51 91 45 103 77 154 208 52 102 38 46 25 92 26 23 9 184 5 182,183 51 91 45 103 77 154 208 52 102 38 46 25 92 26 23 9 184 5 182,simulation,db4,energy,26,50,50,5
ALL,W-NN:k=1,5,,0.18,0.232,183 51 91 45 103 77 154 208 52 102 38 46 25 92 26 23 9 184 5 182,183 51 91 45 103 77 154 208 52 102 38 46 25 92 26 23 9 184 5 182,simulation,db4,energy,26,50,50,5
W-NN,W-NN:k=5,8,3.0,0.18,0.262,77 113 114 116 75 76 78 110 115 79 72 73 80 81 112 74 109 111 83 117,77 78 113 112 80 115 116 117 79 75 76 114 73 81 111 72 74 109 118 107,simulation,db4,usage,26,50,50,5
W-QDA,W-QDA:qda,8,3.0,0.22,0.176,77 113 114 116 75 76 78 110 115 79 72 73 80 81 112 74 109 111 83 117,77 78 113 112 80 115 116 117 79 75 76 114 73 81 111 72 74 109 118 107,simulation,db4,usage,26,50,50,5
W-CART,W-CART:cart,16,1.0,0.04,0.1,77 78 113 112 80 115 116 117 79 75 76 114 73 81 111 72 74 109 118 107,77 78 113 112 80 115 116 117 79 75 76 114 73 81 111 72 74 109 118 107,simulation,db4,usage,26,50,50,5
ALL,W-CART:cart,16,1.0,0.04,0.1,77 78 113 112 80 115 116 117 79 75 76 114 73 81 111 72 74 109 118 107,77 78 113 112 80 115 116 117 79 75 76 114 73 81 111 72 74 109 118 107,simulation,db4,usage,26,50,50,5
W-NN,W-NN:k=3,19,,0.06,0.088,92 185 232 107 72 215 53 144 11 93 36 58 22 57 23 29 14 18 115 143,92 185 232 107 72 215 53 144 11 93 36 58 22 57 23 29 14 18 115 143,simulation,db4,energy,27,50,50,5
W-QDA,W-QDA:qda,14,,0.04,0.082,92 185 232 107 72 215 53 144 11 93 36 58 22 57 23 29 14 18 115 143,92 185 232 107 72 215 53 144 11 93 36 58 22 57 23 29 14 18 115 143,simulation,db4,energy,27,50,50,5
W-CART,W-CART:cart,58,,0.1,0.202,92 185 232 107 72 215 53 144 11 93 36 58 22 57 23 29 14 18 115 143,92 185 232 107 72 215 53 144 11 93 36 58 22 57 23 29 14 18 115 143,simulation,db4,energy,27,50,50,5
ALL,W-QDA:qda,14,,0.04,0.082,92 185 232 107 72 215 53 144 11 93 36 58 22 57 23 29 14 18 115 143,92 185 232 107 72 215 53 144 11 93 36 58 22 57 23 29 14 18 115 143,simulation,db4,energy,27,50,50,5
W-NN,W-NN:k=3,5,2.0,0.02,0.11,107 80 106 115 75 77 79 109 74 76 78 82 111 114 117 81 84 108 113 116,79 80 108 81 82 109 114 75 76 83 107 111 112 115 77 110 117 84 105 106,simulation,db4,usage,27,50,50,5
W-QDA,W-QDA:qda,13,3.0,0.04,0.082,107 75 76 114 115 79 81 85 106 109 112 80 108 113 117 72 73 77 78 84,79 80 108 81 82 109 114 75 76 83 107 111 112 115 77 110 117 84 105 106,simulation,db4,usage,27,50,50,5
W-CART,W-CART:cart,21,3.0,0.04,0.116,107 75 76 114 115 79 81 85 106 109 112 80 108 113 117 72 73 77 78 84,79 80 108 81 82 109 114 75 76 83 107 111 112 115 77 110 117 84 105 106,simulation,db4,usage,27,50,50,5
ALL,W-NN:k=3,5,2.0,0.02,0.11,107 80 106 115 75 77 79 109 74 76 78 82 111 114 117 81 84 108 113 116,79 80 108 81 82 109 114 75 76 83 107 111 112 115 77 110 117 84 105 106,simulation,db4,usage,27,50,50,5
W-NN,W-NN:k=1,41,,0.06,0.058,115 104 26 107 209 109 218 214 118 29 59 57 13 53 54 117 58 231 6 14,115 104 26 107 209 109 218 214 118 29 59 57 13 53 54 117 58 231 6 14,simulation,db4,energy,28,50,50,5
W-QDA,W-QDA:qda,3,,0.06,0.136,115 104 26 107 209 109 218 214 118 29 59 57 13 53 54 117 58 231 6 14,115 104 26 107 209 109 218 214 118 29 59 57 13 53 54 117 58 231 6 14,simulation,db4,energy,28,50,50,5
W-CART,W-CART:cart,8,,0.06,0.146,115 104 26 107 209 109 218 214 118 29 59 57 13 53 54 117 58 231 6 14,115 104 26 107 209 109 218 214 118 29 59 57 13 53 54 117 58 231 6 14,simulation,db4,energy,28,50,50,5
ALL,W-QDA:qda,3,,0.06,0.136,115 104 26 107 209 109 218 214 118 29 59 57 13 53 54 117 58 231 6 14,115 104 26 107 209 109 218 214 118 29 59 57 13 53 54 117 58 231 6 14,simulation,db4,energy,28,50,50,5
W-NN,W-NN:k=1,9,2.0,0.06,0.162,109 82 108 80 110 111 116 75 89 104 105 117 76 77 78 81 83 84 85 106,108 109 110 112 111 114 77 80 82 105 106 81 84 116 78 79 113 115 76 85,simulation,db4,usage,28,50,50,5
W-QDA,W-QDA:qda,10,2.0,0.0,0.042,109 82 108 80 110 111 116 75 89 104 105 117 76 77 78 81 83 84 85 106,108 109 110 112 111 114 77 80 82 105 106 81 84 116 78 79 113 115 76 85,simulation,db4,usage,28,50,50,5
W-CART,W-CART:cart,54,2.0,0.06,0.174,109 82 108 80 110 111 116 75 89 104 105 117 76 77 78 81 83 84 85 106,108 109 110 112 111 114 77 80 82 105 106 81 84 116 78 79 113 115 76 85,simulation,db4,usage,28,50,50,5
ALL,W-QDA:qda,10,2.0,0.0,0.042,109 82 108 80 110 111 116 75 89 104 105 117 76 77 78 81 83 84 85 106,108 109 110 112 111 114 77 80 82 105 106 81 84 116 78 79 113 115 76 85,simulation,db4,usage,28,50,50,5
W-NN,W-NN:k=3,7,,0.16,0.216,102 69 122 88 25 30 19 39 77 78 38 8 34 35 21 204 5 22 7 9,102 69 122 88 25 30 19 39 77 78 38 8 34 35 21 204 5 22 7 9,simulation,db4,energy,29,50,50,5
W-QDA,W-QDA:qda,14,,0.04,0.072,102 69 122 88 25 30 19 39 77 78 38 8 34 35 21 204 5 22 7 9,102 69 122 88 25 30 19 39 77 78 38 8 34 35 21 204 5 22 7 9,simulation,db4,energy,29,50,50,5
W-CART,W-CART:cart,2,,0.2,0.222,102 69 122 88 25 30 19 39 77 78 38 8 34 35 21 204 5 22 7 9,102 69 122 88 25 30 19 39 77 78 38 8 34 35 21 204 5 22 7 9,simulation,db4,energy,29,50,50,5
ALL,W-QDA:qda,14,,0.04,0.072,102 69 122 88 25 30 19 39 77 78 38 8 34 35 21 204 5 22 7 9,102 69 122 88 25 30 19 39 77 78 38 8 34 35 21 204 5 22 7 9,simulation,db4,energy,29,50,50,5
W-NN,W-NN:k=1,15,2.0,0.04,0.16,109 108 77 112 78 79 81 82 114 83 107 111 74 76 110 115 84 106 75 113,109 77 78 108 112 76 82 81 114 79 83 110 107 113 80 111 84 115 75 87,simulation,db4,usage,29,50,50,5
W-QDA,W-QDA:qda,11,3.0,0.06,0.108,78 77 82 107 109 110 112 74 75 79 108 81 84 85 117 76 80 83 104 106,109 77 78 108 112 76 82 81 114 79 83 110 107 113 80 111 84 115 75 87,simulation,db4,usage,29,50,50,5
W-CART,W-CART:cart,18,3.0,0.02,0.104,78 77 82 107 109 110 112 74 75 79 108 81 84 85 117 76 80 83 104 106,109 77 78 108 112 76 82 81 114 79 83 110 107 113 80 111 84 115 75 87,simulation,db4,usage,29,50,50,5
ALL,W-CART:cart,18,3.0,0.02,0.104,78 77 82 107 109 110 112 74 75 79 108 81 84 85 117 76 80 83 104 106,109 77 78 108 112 76 82 81 114 79 83 110 107 113 80 111 84 115 75 87,simulation,db4,usage,29,50,50,5
W-NN,W-NN:k=1,6,,0.06,0.136,51 67 241 206 76 115 57 153 231 135 120 121 29 9 34 102 19 68 37 18,51 67 241 206 76 115 57 153 231 135 120 121 29 9 34 102 19 68 37 18,simulation,db4,energy,30,50,50,5
W-QDA,W-QDA:qda,11,,0.02,0.06,51 67 241 206 76 115 57 153 231 135 120 121 29 9 34 102 19 68 37 18,51 67 241 206 76 115 57 153 231 135 120 121 29 9 34 102 19 68 37 18,simulation,db4,energy,30,50,50,5
W-CART,W-CART:cart,5,,0.1,0.14,51 67 241 206 76 115 57 153 231 135 120 121 29 9 34 102 19 68 37 18,51 67 241 206 76 115 57 153 231 135 120 121 29 9 34 102 19 68 37 18,simulation,db4,energy,30,50,50,5
ALL,W-QDA:qda,11,,0.02,0.06,51 67 241 206 76 115 57 153 231 135 120 121 29 9 34 102 19 68 37 18,51 67 241 206 76 115 57 153 231 135 120 121 29 9 34 102 19 68 37 18,simulation,db4,energy,30,50,50,5
W-NN,W-NN:k=1,49,1.5,0.1,0.216,113 81 82 79 112 76 111 78 115 80 109 110 77 107 114 116 75 83 84 74,113 79 81 82 80 111 76 109 112 115 110 114 78 116 75 77 83 107 108 84,simulation,db4,usage,30,50,50,5
W-QDA,W-QDA:qda,20,1.5,0.02,0.08,113 81 82 79 112 76 111 78 115 80 109 110 77 107 114 116 75 83 84 74,113 79 81 82 80 111 76 109 112 115 110 114 78 116 75 77 83 107 108 84,simulation,db4,usage,30,50,50,5
W-CART,W-CART:cart,38,1.0,0.1,0.104,113 79 81 82 80 111 76 109 112 115 110 114 78 116 75 77 83 107 108 84,113 79 81 82 80 111 76 109 112 115 110 114 78 116 75 77 83 107 108 84,simulation,db4,usage,30,50,50,5
ALL,W-QDA:qda,20,1.5,0.02,0.08,113 81 82 79 112 76 111 78 115 80 109 110 77 107 114 116 75 83 84 74,113 79 81 82 80 111 76 109 112 115 110 114 78 116 75 77 83 107 108 84,simulation,db4,usage,30,50,50,5
W-NN,W-NN:k=1,5,,0.08,0.11,52 104 195 237 74 148 210 119 98 29 103 37 238 196 49 51 6 26 18 13,52 104 195 237 74 148 210 119 98 29 103 37 238 196 49 51 6 26 18 13,simulation,db4,energy,31,50,50,5
W-QDA,W-QDA:qda,16,,0.06,0.05,52 104 195 237 74 148 210 119 98 29 103 37 238 196 49 51 6 26 18 13,52 104 195 237 74 148 210 119 98 29 103 37 238 196 49 51 6 26 18 13,simulation,db4,energy,31,50,50,5
W-CART,W-CART:cart,8,,0.1,0.098,52 104 195 237 74 148 210 119 98 29 103 37 238 196 49 51 6 26 18 13,52 104 195 237 74 148 210 119 98 29 103 37 238 196 49 51 6 26 18 13,simulation,db4,energy,31,50,50,5
ALL,W-QDA:qda,16,,0.06,0.05,52 104 195 237 74 148 210 119 98 29 103 37 238 196 49 51 6 26 18 13,52 104 195 237 74 148 210 119 98 29 103 37 238 196 49 51 6 26 18 13,simulation,db4,energy,31,50,50,5
W-NN,W-NN:k=5,10,2.0,0.04,0.148,114 83 76 116 84 113 78 79 106 107 108 111 115 75 104 110 80 81 82 105,114 77 78 82 83 107 113 116 76 111 115 84 74 75 81 106 109 112 117 79,simulation,db4,usage,31,50,50,5
W-QDA,W-QDA:qda,10,3.0,0.02,0.056,114 76 83 113 84 115 103 106 111 74 75 80 104 110 116 119 78 79 82 86,114 77 78 82 83 107 113 116 76 111 115 84 74 75 81 106 109 112 117 79,simulation,db4,usage,31,50,50,5
W-CART,W-CART:cart,42,0.5,0.04,0.108,82 76 106 74 114 75 81 83 85 105 113 115 77 79 84 107 108 109 110 111,114 77 78 82 83 107 113 116 76 111 115 84 74 75 81 106 109 112 117 79,simulation,db4,usage,31,50,50,5
ALL,W-QDA:qda,10,3.0,0.02,0.056,114 76 83 113 84 115 103 106 111 74 75 80 104 110 116 119 78 79 82 86,114 77 78 82 83 107 113 116 76 111 115 84 74 75 81 106 109 112 117 79,simulation,db4,usage,31,50,50,5
W-NN,W-NN:k=7,24,,0.1,0.296,120 119 60 90 47 121 95 59 181 22 241 242 30 239 190 15 29 7 23 94,120 119 60 90 47 121 95 59 181 22 241 242 30 239 190 15 29 7 23 94,simulation,db4,energy,32,50,50,5
W-QDA,W-QDA:qda,4,,0.12,0.116,120 119 60 90 47 121 95 59 181 22 241 242 30 239 190 15 29 7 23 94,120 119 60 90 47 121 95 59 181 22 241 242 30 239 190 15 29 7 23 94,simulation,db4,energy,32,50,50,5
W-CART,W-CART:cart,4,,0.16,0.164,120 119 60 90 47 121 95 59 181 22 241 242 30 239 190 15 29 7 23 94,120 119 60 90 47 121 95 59 181 22 241 242 30 239 190 15 29 7 23 94,simulation,db4,energy,32,50,50,5
ALL,W-NN:k=7,24,,0.1,0.296,120 119 60 90 47 121 95 59 181 22 241 242 30 239 190 15 29 7 23 94,120 119 60 90 47 121 95 59 181 22 241 242 30 239 190 15 29 7 23 94,simulation,db4,energy,32,50,50,5
W-NN,W-NN:k=1,12,1.0,0.08,0.17,80 79 109 111 110 83 113 77 81 82 108 114 84 78 112 74 107 76 85 226,80 79 109 111 110 83 113 77 81 82 108 114 84 78 112 74 107 76 85 226,simulation,db4,usage,32,50,50,5
W-QDA,W-QDA:qda,12,3.0,0.0,0.05,113 81 82 109 80 112 115 107 108 114 74 85 110 77 79 83 84 87 75 76,80 79 109 111 110 83 113 77 81 82 108 114 84 78 112 74 107 76 85 226,simulation,db4,usage,32,50,50,5
W-CART,W-CART:cart,17,3.0,0.02,0.13,113 81 82 109 80 112 115 107 108 114 74 85 110 77 79 83 84 87 75 76,80 79 109 111 110 83 113 77 81 82 108 114 84 78 112 74 107 76 85 226,simulation,db4,usage,32,50,50,5
ALL,W-QDA:qda,12,3.0,0.0,0.05,113 81 82 109 80 112 115 107 108 114 74 85 110 77 79 83 84 87 75 76,80 79 109 111 110 83 113 77 81 82 108 114 84 78 112 74 107 76 85 226,simulation,db4,usage,32,50,50,5
W-NN,W-NN:k=1,18,,0.12,0.136,51 84 87 60 121 43 68 175 136 169 102 34 103 242 10 17 135 85 120 21,51 84 87 60 121 43 68 175 136 169 102 34 103 242 10 17 135 85 120 21,simulation,db4,energy,33,50,50,5
W-QDA,W-QDA:qda,19,,0.02,0.056,51 84 87 60 121 43 68 175 136 169 102 34 103 242 10 17 135 85 120 21,51 84 87 60 121 43 68 175 136 169 102 34 103 242 10 17 135 85 120 21,simulation,db4,energy,33,50,50,5
W-CART,W-CART:cart,3,,0.14,0.116,51 84 87 60 121 43 68 175 136 169 102 34 103 242 10 17 135 85 120 21,51 84 87 60 121 43 68 175 136 169 102 34 103 242 10 17 135 85 120 21,simulation,db4,energy,33,50,50,5
ALL,W-QDA:qda,19,,0.02,0.056,51 84 87 60 121 43 68 175 136 169 102 34 103 242 10 17 135 85 120 21,51 84 87 60 121 43 68 175 136 169 102 34 103 242 10 17 135 85 120 21,simulation,db4,energy,33,50,50,5
W-NN,W-NN:k=5,29,2.0,0.06,0.12,108 85 107 106 115 75 81 82 84 111 109 114 76 83 112 116 74 78 104 110,112 81 108 85 111 80 82 84 107 75 106 109 110 115 86 114 116 74 78 83,simulation,db4,usage,33,50,50,5
W-QDA,W-QDA:qda,7,3.0,0.06,0.064,85 106 108 115 84 114 75 78 81 107 76 77 111 116 103 104 110 112 72 73,112 81 108 85 111 80 82 84 107 75 106 109 110 115 86 114 116 74 78 83,simulation,db4,usage,33,50,50,5
W-CART,W-CART:cart,27,3.0,0.1,0.144,85 106 108 115 84 114 75 78 81 107 76 77 111 116 103 104 110 112 72 73,112 81 108 85 111 80 82 84 107 75 106 109 110 115 86 114 116 74 78 83,simulation,db4,usage,33,50,50,5
ALL,W-QDA:qda,7,3.0,0.06,0.064,85 106 108 115 84 114 75 78 81 107 76 77 111 116 103 104 110 112 72 73,112 81 108 85 111 80 82 84 107 75 106 109 110 115 86 114 116 74 78 83,simulation,db4,usage,33,50,50,5
W-NN,W-NN:k=5,13,,0.06,0.112,252 105 74 88 211 149 52 140 18 31 17 44 35 176 69 63 62 34 36 22,252 105 74 88 211 149 52 140 18 31 17 44 35 176 69 63 62 34 36 22,simulation,db4,energy,34,50,50,5
W-QDA,W-QDA:qda,7,,0.0,0.038,252 105 74 88 211 149 52 140 18 31 17 44 35 176 69 63 62 34 36 22,252 105 74 88 211 149 52 140 18 31 17 44 35 176 69 63 62 34 36 22,simulation,db4,energy,34,50,50,5
W-CART,W-CART:cart,43,,0.08,0.138,252 105 74 88 211 149 52 140 18 31 17 44 35 176 69 63 62 34 36 22,252 105 74 88 211 149 52 140 18 31 17 44 35 176 69 63 62 34 36 22,simulation,db4,energy,34,50,50,5
ALL,W-QDA:qda,7,,0.0,0.038,252 105 74 88 211 149 52 140 18 31 17 44 35 176 69 63 62 34 36 22,252 105 74 88 211 149 52 140 18 31 17 44 35 176 69 63 62 34 36 22,simulation,db4,energy,34,50,50,5
W-NN,W-NN:k=1,25,1.0,0.04,0.09,76 77 114 75 78 112 115 116 74 110 113 73 80 117 81 106 107 108 111 119,76 77 114 75 78 112 115 116 74 110 113 73 80 117 81 106 107 108 111 119,simulation,db4,usage,34,50,50,5
W-QDA,W-QDA:qda,5,3.0,0.02,0.036,105 75 115 77 86 114 116 117 119 76 104 74 82 84 88 103 71 73 89 118,76 77 114 75 78 112 115 116 74 110 113 73 80 117 81 106 107 108 111 119,simulation,db4,usage,34,50,50,5
W-CART,W-CART:cart,27,3.0,0.08,0.132,105 75 115 77 86 114 116 117 119 76 104 74 82 84 88 103 71 73 89 118,76 77 114 75 78 112 115 116 74 110 113 73 80 117 81 106 107 108 111 119,simulation,db4,usage,34,50,50,5
ALL,W-QDA:qda,5,3.0,0.02,0.036,105 75 115 77 86 114 116 117 119 76 104 74 82 84 88 103 71 73 89 118,76 77 114 75 78 112 115 116 74 110 113 73 80 117 81 106 107 108 111 119,simulation,db4,usage,34,50,50,5
W-NN,W-NN:k=1,26,,0.02,0.138,70 49 215 17 71 141 142 66 132 99 107 35 33 98 108 54 16 24 131 27,70 49 215 17 71 141 142 66 132 99 107 35 33 98 108 54 16 24 131 27,simulation,db4,energy,35,50,50,5
W-QDA,W-QDA:qda,22,,0.06,0.154,70 49 215 17 71 141 142 66 132 99 107 35 33 98 108 54 16 24 131 27,70 49 215 17 71 141 142 66 132 99 107 35 33 98 108 54 16 24 131 27,simulation,db4,energy,35,50,50,5
W-CART,W-CART:cart,18,,0.12,0.24,70 49 215 17 71 141 142 66 132 99 107 35 33 98 108 54 16 24 131 27,70 49 215 17 71 141 142 66 132 99 107 35 33 98 108 54 16 24 131 27,simulation,db4,energy,35,50,50,5
ALL,W-NN:k=1,26,,0.02,0.138,70 49 215 17 71 141 142 66 132 99 107 35 33 98 108 54 16 24 131 27,70 49 215 17 71 141 142 66 132 99 107 35 33 98 108 54 16 24 131 27,simulation,db4,energy,35,50,50,5
W-NN,W-NN:k=15,8,1.5,0.08,0.238,112 79 110 111 113 76 78 83 116 80 114 81 108 109 117 75 84 115 82 107,112 108 79 110 113 83 76 78 82 111 116 80 109 77 84 114 117 74 81 75,simulation,db4,usage,35,50,50,5
W-QDA,W-QDA:qda,16,3.0,0.02,0.076,79 84 113 78 80 108 110 112 76 77 111 119 74 83 107 117 118 71 72 75,112 108 79 110 113 83 76 78 82 111 116 80 109 77 84 114 117 74 81 75,simulation,db4,usage,35,50,50,5
W-CART,W-CART:cart,2,3.0,0.1,0.204,79 84 113 78 80 108 110 112 76 77 111 119 74 83 107 117 118 71 72 75,112 108 79 110 113 83 76 78 82 111 116 80 109 77 84 114 117 74 81 75,simulation,db4,usage,35,50,50,5
ALL,W-QDA:qda,16,3.0,0.02,0.076,79 84 113 78 80 108 110 112 76 77 111 119 74 83 107 117 118 71 72 75,112 108 79 110 113 83 76 78 82 111 116 80 109 77 84 114 117 74 81 75,simulation,db4,usage,35,50,50,5
W-NN,W-NN:k=1,43,,0.04,0.144,35 59 103 238 89 178 145 44 207 72 70 71 17 18 52 118 144 104 9 36,35 59 103 238 89 178 145 44 207 72 70 71 17 18 52 118 144 104 9 36,simulation,db4,energy,36,50,50,5
W-QDA,W-QDA:qda,14,,0.06,0.048,35 59 103 238 89 178 145 44 207 72 70 71 17 18 52 118 144 104 9 36,35 59 103 238 89 178 145 44 207 72 70 71 17 18 52 118 144 104 9 36,simulation,db4,energy,36,50,50,5
W-CART,W-CART:cart,3,,0.14,0.194,35 59 103 238 89 178 145 44 207 72 70 71 17 18 52 118 144 104 9 36,35 59 103 238 89 178 145 44 207 72 70 71 17 18 52 118 144 104 9 36,simulation,db4,energy,36,50,50,5
ALL,W-NN:k=1,43,,0.04,0.144,35 59 103 238 89 178 145 44 207 72 70 71 17 18 52 118 144 104 9 36,35 59 103 238 89 178 145 44 207 72 70 71 17 18 52 118 144 104 9 36,simulation,db4,energy,36,50,50,5
W-NN,W-NN:k=7,44,1.0,0.08,0.194,111 82 110 84 105 106 107 80 108 109 85 76 83 113 78 81 86 104 114 115,111 82 110 84 105 106 107 80 108 109 85 76 83 113 78 81 86 104 114 115,simulation,db4,usage,36,50,50,5
W-QDA,W-QDA:qda,3,3.0,0.14,0.106,107 108 84 85 82 106 113 83 79 81 104 109 112 74 86 87 116 80 105 110,111 82 110 84 105 106 107 80 108 109 85 76 83 113 78 81 86 104 114 115,simulation,db4,usage,36,50,50,5
W-CART,W-CART:cart,16,3.0,0.02,0.12,107 108 84 85 82 106 113 83 79 81 104 109 112 74 86 87 116 80 105 110,111 82 110 84 105 106 107 80 108 109 85 76 83 113 78 81 86 104 114 115,simulation,db4,usage,36,50,50,5
ALL,W-CART:cart,16,3.0,0.02,0.12,107 108 84 85 82 106 113 83 79 81 104 109 112 74 86 87 116 80 105 110,111 82 110 84 105 106 107 80 108 109 85 76 83 113 78 81 86 104 114 115,simulation,db4,usage,36,50,50,5
W-NN,W-NN:k=1,4,,0.06,0.17,109 72 86 82 110 55 54 20 21 27 13 165 219 17 4 18 144 218 40 9,109 72 86 82 110 55 54 20 21 27 13 165 219 17 4 18 144 218 40 9,simulation,db4,energy,37,50,50,5
W-QDA,W-QDA:qda,6,,0.02,0.082,109 72 86 82 110 55 54 20 21 27 13 165 219 17 4 18 144 218 40 9,109 72 86 82 110 55 54 20 21 27 13 165 219 17 4 18 144 218 40 9,simulation,db4,energy,37,50,50,5
W-CART,W-CART:cart,38,,0.04,0.1,109 72 86 82 110 55 54 20 21 27 13 165 219 17 4 18 144 218 40 9,109 72 86 82 110 55 54 20 21 27 13 165 219 17 4 18 144 218 40 9,simulation,db4,energy,37,50,50,5
ALL,W-QDA:qda,6,,0.02,0.082,109 72 86 82 110 55 54 20 21 27 13 165 219 17 4 18 144 218 40 9,109 72 86 82 110 55 54 20 21 27 13 165 219 17 4 18 144 218 40 9,simulation,db4,energy,37,50,50,5
W-NN,W-NN:k=1,7,1.0,0.02,0.096,110 111 74 114 75 83 115 73 78 108 112 72 76 81 117 119 71 80 84 109,110 111 74 114 75 83 115 73 78 108 112 72 76 81 117 119 71 80 84 109,simulation,db4,usage,37,50,50,5
W-QDA,W-QDA:qda,4,2.0,0.08,0.172,110 116 74 109 111 115 117 72 75 78 81 85 86 113 80 107 108 114 118 119,110 111 74 114 75 83 115 73 78 108 112 72 76 81 117 119 71 80 84 109,simulation,db4,usage,37,50,50,5
W-CART,W-CART:cart,3,2.0,0.04,0.134,110 116 74 109 111 115 117 72 75 78 81 85 86 113 80 107 108 114 118 119,110 111 74 114 75 83 115 73 78 108 112 72 76 81 117 119 71 80 84 109,simulation,db4,usage,37,50,50,5
ALL,W-NN:k=1,7,1.0,0.02,0.096,110 111 74 114 75 83 115 73 78 108 112 72 76 81 117 119 71 80 84 109,110 111 74 114 75 83 115 73 78 108 112 72 76 81 117 119 71 80 84 109,simulation,db4,usage,37,50,50,5
W-NN,W-NN:k=1,55,,0.1,0.134,48 96 51 133 97 23 192 188 47 67 16 102 134 103 93 46 12 24 193 25,48 96 51 133 97 23 192 188 47 67 16 102 134 103 93 46 12 24 193 25,simulation,db4,energy,38,50,50,5
W-QDA,W-QDA:qda,13,,0.26,0.342,48 96 51 133 97 23 192 188 47 67 16 102 134 103 93 46 12 24 193 25,48 96 51 133 97 23 192 188 47 67 16 102 134 103 93 46 12 24 193 25,simulation,db4,energy,38,50,50,5
W-CART,W-CART:cart,15,,0.14,0.18,48 96 51 133 97 23 192 188 47 67 16 102 134 103 93 46 12 24 193 25,48 96 51 133 97 23 192 188 47 67 16 102 134 103 93 46 12 24 193 25,simulation,db4,energy,38,50,50,5
ALL,W-NN:k=1,55,,0.1,0.134,48 96 51 133 97 23 192 188 47 67 16 102 134 103 93 46 12 24 193 25,48 96 51 133 97 23 192 188 47 67 16 102 134 103 93 46 12 24 193 25,simulation,db4,energy,38,50,50,5
W-NN,W-NN:k=3,9,3.0,0.06,0.172,111 112 80 82 110 76 77 78 75 79 81 113 114 115 84 116 108 109 117 118,114 76 77 113 75 115 78 79 110 111 116 81 112 73 80 82 83 108 117 84,simulation,db4,usage,38,50,50,5
W-QDA,W-QDA:qda,9,3.0,0.02,0.084,111 112 80 82 110 76 77 78 75 79 81 113 114 115 84 116 108 109 117 118,114 76 77 113 75 115 78 79 110 111 116 81 112 73 80 82 83 108 117 84,simulation,db4,usage,38,50,50,5
W-CART,W-CART:cart,13,2.0,0.1,0.146,76 111 78 112 77 81 110 82 113 75 80 114 116 83 115 117 79 74 84 85,114 76 77 113 75 115 78 79 110 111 116 81 112 73 80 82 83 108 117 84,simulation,db4,usage,38,50,50,5
ALL,W-QDA:qda,9,3.0,0.02,0.084,111 112 80 82 110 76 77 78 75 79 81 113 114 115 84 116 108 109 117 118,114 76 77 113 75 115 78 79 110 111 116 81 112 73 80 82 83 108 117 84,simulation,db4,usage,38,50,50,5
W-NN,W-NN:k=5,5,,0.08,0.206,67 41 61 123 88 176 112 83 56 44 111 82 246 30 28 20 22 55 33 7,67 41 61 123 88 176 112 83 56 44 111 82 246 30 28 20 22 55 33 7,simulation,db4,energy,39,50,50,5
W-QDA,W-QDA:qda,6,,0.02,0.102,67 41 61 123 88 176 112 83 56 44 111 82 246 30 28 20 22 55 33 7,67 41 61 123 88 176 112 83 56 44 111 82 246 30 28 20 22 55 33 7,simulation,db4,energy,39,50,50,5
W-CART,W-CART:cart,11,,0.06,0.164,67 41 61 123 88 176 112 83 56 44 111 82 246 30 28 20 22 55 33 7,67 41 61 123 88 176 112 83 56 44 111 82 246 30 28 20 22 55 33 7,simulation,db4,energy,39,50,50,5
ALL,W-QDA:qda,6,,0.02,0.102,67 41 61 123 88 176 112 83 56 44 111 82 246 30 28 20 22 55 33 7,67 41 61 123 88 176 112 83 56 44 111 82 246 30 28 20 22 55 33 7,simulation,db4,energy,39,50,50,5
W-NN,W-NN:k=5,9,3.0,0.04,0.082,74 110 115 75 76 85 113 80 105 112 114 117 118 78 79 82 106 84 107 116,78 76 80 83 112 114 107 110 77 109 111 113 115 116 79 82 74 81 117 85,simulation,db4,usage,39,50,50,5
W-QDA,W-QDA:qda,19,3.0,0.0,0.04,74 110 115 75 76 85 113 80 105 112 114 117 118 78 79 82 106 84 107 116,78 76 80 83 112 114 107 110 77 109 111 113 115 116 79 82 74 81 117 85,simulation,db4,usage,39,50,50,5
W-CART,W-CART:cart,7,1.0,0.12,0.14,78 76 80 83 112 114 107 110 77 109 111 113 115 116 79 82 74 81 117 85,78 76 80 83 112 114 107 110 77 109 111 113 115 116 79 82 74 81 117 85,simulation,db4,usage,39,50,50,5
ALL,W-QDA:qda,19,3.0,0.0,0.04,74 110 115 75 76 85 113 80 105 112 114 117 118 78 79 82 106 84 107 116,78 76 80 83 112 114 107 110 77 109 111 113 115 116 79 82 74 81 117 85,simulation,db4,usage,39,50,50,5
W-NN,W-NN:k=1,5,,0.14,0.086,183 122 117 84 253 58 168 235 245 30 91 127 42 31 254 92 46 14 21 60,183 122 117 84 253 58 168 235 245 30 91 127 42 31 254 92 46 14 21 60,simulation,db4,energy,40,50,50,5
W-QDA,W-QDA:qda,9,,0.04,0.052,183 122 117 84 253 58 168 235 245 30 91 127 42 31 254 92 46 14 21 60,183 122 117 84 253 58 168 235 245 30 91 127 42 31 254 92 46 14 21 60,simulation,db4,energy,40,50,50,5
W-CART,W-CART:cart,42,,0.06,0.11,183 122 117 84 253 58 168 235 245 30 91 127 42 31 254 92 46 14 21 60,183 122 117 84 253 58 168 235 245 30 91 127 42 31 254 92 46 14 21 60,simulation,db4,energy,40,50,50,5
ALL,W-QDA:qda,9,,0.04,0.052,183 122 117 84 253 58 168 235 245 30 91 127 42 31 254 92 46 14 21 60,183 122 117 84 253 58 168 235 245 30 91 127 42 31 254 92 46 14 21 60,simulation,db4,energy,40,50,50,5
W-NN,W-NN:k=1,6,2.0,0.04,0.12,78 75 82 83 85 104 106 107 108 73 74 76 81 84 87 109 111 117 79 86,82 76 79 107 111 112 115 75 80 81 85 77 78 83 84 87 106 108 110 113,simulation,db4,usage,40,50,50,5
W-QDA,W-QDA:qda,14,0.5,0.04,0.104,82 78 79 111 114 76 77 80 81 108 115 75 85 113 83 105 110 116 84 104,82 76 79 107 111 112 115 75 80 81 85 77 78 83 84 87 106 108 110 113,simulation,db4,usage,40,50,50,5
W-CART,W-CART:cart,24,1.5,0.04,0.096,76 79 82 85 78 107 108 73 75 81 86 104 106 110 111 112 116 117 118 74,82 76 79 107 111 112 115 75 80 81 85 77 78 83 84 87 106 108 110 113,simulation,db4,usage,40,50,50,5
ALL,W-NN:k=1,6,2.0,0.04,0.12,78 75 82 83 85 104 106 107 108 73 74 76 81 84 87 109 111 117 79 86,82 76 79 107 111 112 115 75 80 81 85 77 78 83 84 87 106 108 110 113,simulation,db4,usage,40,50,50,5
W-NN,W-NN:k=7,1,,0.2,0.244,76 112 56 40 136 225 81 226 9 113 80 34 33 19 17 8 27 67 14 18,76 112 56 40 136 225 81 226 9 113 80 34 33 19 17 8 27 67 14 18,simulation,db4,energy,41,50,50,5
W-QDA,W-QDA:qda,10,,0.32,0.33,76 112 56 40 136 225 81 226 9 113 80 34 33 19 17 8 27 67 14 18,76 112 56 40 136 225 81 226 9 113 80 34 33 19 17 8 27 67 14 18,simulation,db4,energy,41,50,50,5
W-CART,W-CART:cart,9,,0.22,0.264,76 112 56 40 136 225 81 226 9 113 80 34 33 19 17 8 27 67 14 18,76 112 56 40 136 225 81 226 9 113 80 34 33 19 17 8 27 67 14 18,simulation,db4,energy,41,50,50,5
ALL,W-NN:k=7,1,,0.2,0.244,76 112 56 40 136 225 81 226 9 113 80 34 33 19 17 8 27 67 14 18,76 112 56 40 136 225 81 226 9 113 80 34 33 19 17 8 27 67 14 18,simulation,db4,energy,41,50,50,5
W-NN,W-NN:k=3,19,1.0,0.04,0.17,81 80 110 77 114 78 112 79 113 76 108 111 75 82 109 115 83 84 107 116,81 80 110 77 114 78 112 79 113 76 108 111 75 82 109 115 83 84 107 116,simulation,db4,usage,41,50,50,5
W-QDA,W-QDA:qda,11,2.0,0.0,0.106,76 80 110 112 114 109 113 79 83 108 77 81 111 75 78 82 116 117 74 107,81 80 110 77 114 78 112 79 113 76 108 111 75 82 109 115 83 84 107 116,simulation,db4,usage,41,50,50,5
W-CART,W-CART:cart,11,1.5,0.12,0.172,110 76 112 114 77 80 113 75 81 111 115 79 82 83 108 109 107 116 74 78,81 80 110 77 114 78 112 79 113 76 108 111 75 82 109 115 83 84 107 116,simulation,db4,usage,41,50,50,5
ALL,W-QDA:qda,11,2.0,0.0,0.106,76 80 110 112 114 109 113 79 83 108 77 81 111 75 78 82 116 117 74 107,81 80 110 77 114 78 112 79 113 76 108 111 75 82 109 115 83 84 107 116,simulation,db4,usage,41,50,50,5
W-NN,W-NN:k=1,34,,0.1,0.166,79 78 114 37 229 28 19 57 150 115 113 39 74 56 158 18 20 40 156 227,79 78 114 37 229 28 19 57 150 115 113 39 74 56 158 18 20 40 156 227,simulation,db4,energy,42,50,50,5
W-QDA,W-QDA:qda,10,,0.2,0.196,79 78 114 37 229 28 19 57 150 115 113 39 74 56 158 18 20 40 156 227,79 78 114 37 229 28 19 57 150 115 113 39 74 56 158 18 20 40 156 227,simulation,db4,energy,42,50,50,5
W-CART,W-CART:cart,13,,0.12,0.134,79 78 114 37 229 28 19 57 150 115 113 39 74 56 158 18 20 40 156 227,79 78 114 37 229 28 19 57 150 115 113 39 74 56 158 18 20 40 156 227,simulation,db4,energy,42,50,50,5
ALL,W-NN:k=1,34,,0.1,0.166,79 78 114 37 229 28 19 57 150 115 113 39 74 56 158 18 20 40 156 227,79 78 114 37 229 28 19 57 150 115 113 39 74 56 158 18 20 40 156 227,simulation,db4,energy,42,50,50,5
W-NN,W-NN:k=1,10,0.5,0.04,0.132,80 114 78 77 112 116 79 76 82 83 115 81 109 111 113 75 85 117 228 84,80 113 115 82 116 75 76 79 83 112 78 81 84 114 77 106 109 110 111 118,simulation,db4,usage,42,50,50,5
W-QDA,W-QDA:qda,12,3.0,0.02,0.056,87 75 116 74 85 88 105 113 117 118 73 77 84 86 106 115 72 82 83 104,80 113 115 82 116 75 76 79 83 112 78 81 84 114 77 106 109 110 111 118,simulation,db4,usage,42,50,50,5
W-CART,W-CART:cart,2,3.0,0.1,0.142,87 75 116 74 85 88 105 113 117 118 73 77 84 86 106 115 72 82 83 104,80 113 115 82 116 75 76 79 83 112 78 81 84 114 77 106 109 110 111 118,simulation,db4,usage,42,50,50,5
ALL,W-QDA:qda,12,3.0,0.02,0.056,87 75 116 74 85 88 105 113 117 118 73 77 84 86 106 115 72 82 83 104,80 113 115 82 116 75 76 79 83 112 78 81 84 114 77 106 109 110 111 118,simulation,db4,usage,42,50,50,5
W-NN,W-NN:k=3,6,,0.16,0.206,81 46 53 80 105 107 186 52 211 161 163 187 214 20 6 26 11 41 40 82,81 46 53 80 105 107 186 52 211 161 163 187 214 20 6 26 11 41 40 82,simulation,db4,energy,43,50,50,5
W-QDA,W-QDA:qda,9,,0.12,0.118,81 46 53 80 105 107 186 52 211 161 163 187 214 20 6 26 11 41 40 82,81 46 53 80 105 107 186 52 211 161 163 187 214 20 6 26 11 41 40 82,simulation,db4,energy,43,50,50,5
W-CART,W-CART:cart,7,,0.1,0.172,81 46 53 80 105 107 186 52 211 161 163 187 214 20 6 26 11 41 40 82,81 46 53 80 105 107 186 52 211 161 163 187 214 20 6 26 11 41 40 82,simulation,db4,energy,43,50,50,5
ALL,W-CART:cart,7,,0.1,0.172,81 46 53 80 105 107 186 52 211 161 163 187 214 20 6 26 11 41 40 82,81 46 53 80 105 107 186 52 211 161 163 187 214 20 6 26 11 41 40 82,simulation,db4,energy,43,50,50,5
W-NN,W-NN:k=3,57,1.5,0.06,0.152,78 79 113 116 117 76 74 77 81 114 115 75 80 107 110 72 73 112 118 108,78 79 117 76 113 114 115 116 74 80 72 77 82 110 118 73 81 107 112 75,simulation,db4,usage,43,50,50,5
W-QDA,W-QDA:qda,17,0.5,0.06,0.126,77 79 80 112 76 113 82 117 74 78 81 73 75 83 107 108 114 116 109 110,78 79 117 76 113 114 115 116 74 80 72 77 82 110 118 73 81 107 112 75,simulation,db4,usage,43,50,50,5
W-CART,W-CART:cart,14,1.5,0.06,0.16,78 79 113 116 117 76 74 77 81 114 115 75 80 107 110 72 73 112 118 108,78 79 117 76 113 114 115 116 74 80 72 77 82 110 118 73 81 107 112 75,simulation,db4,usage,43,50,50,5
ALL,W-CART:cart,14,1.5,0.06,0.16,78 79 113 116 117 76 74 77 81 114 115 75 80 107 110 72 73 112 118 108,78 79 117 76 113 114 115 116 74 80 72 77 82 110 118 73 81 107 112 75,simulation,db4,usage,43,50,50,5
W-NN,W-NN:k=1,3,,0.12,0.138,47 84 77 51 94 103 190 38 155 95 23 206 10 25 9 381 102 20 12 21,47 84 77 51 94 103 190 38 155 95 23 206 10 25 9 381 102 20 12 21,simulation,db4,energy,44,50,50,5
W-QDA,W-QDA:qda,17,,0.18,0.24,47 84 77 51 94 103 190 38 155 95 23 206 10 25 9 381 102 20 12 21,47 84 77 51 94 103 190 38 155 95 23 206 10 25 9 381 102 20 12 21,simulation,db4,energy,44,50,50,5
W-CART,W-CART:cart,29,,0.12,0.122,47 84 77 51 94 103 190 38 155 95 23 206 10 25 9 381 102 20 12 21,47 84 77 51 94 103 190 38 155 95 23 206 10 25 9 381 102 20 12 21,simulation,db4,energy,44,50,50,5
ALL,W-NN:k=1,3,,0.12,0.138,47 84 77 51 94 103 190 38 155 95 23 206 10 25 9 381 102 20 12 21,47 84 77 51 94 103 190 38 155 95 23 206 10 25 9 381 102 20 12 21,simulation,db4,energy,44,50,50,5
W-NN,W-NN:k=7,3,0.5,0.06,0.226,113 108 110 79 81 83 109 111 78 80 77 82 112 114 115 85 107 116 225 84,78 79 113 110 108 114 115 81 111 112 80 83 84 107 109 77 82 75 116 117,simulation,db4,usage,44,50,50,5
W-QDA,W-QDA:qda,7,0.5,0.1,0.202,113 108 110 79 81 83 109 111 78 80 77 82 112 114 115 85 107 116 225 84,78 79 113 110 108 114 115 81 111 112 80 83 84 107 109 77 82 75 116 117,simulation,db4,usage,44,50,50,5
W-CART,W-CART:cart,13,1.5,0.06,0.152,113 78 79 81 110 114 115 77 83 112 80 84 117 107 108 111 72 73 75 82,78 79 113 110 108 114 115 81 111 112 80 83 84 107 109 77 82 75 116 117,simulation,db4,usage,44,50,50,5
ALL,W-NN:k=7,3,0.5,0.06,0.226,113 108 110 79 81 83 109 111 78 80 77 82 112 114 115 85 107 116 225 84,78 79 113 110 108 114 115 81 111 112 80 83 84 107 109 77 82 75 116 117,simulation,db4,usage,44,50,50,5
W-NN,W-NN:k=5,34,,0.12,0.216,101 61 239 216 246 72 36 120 50 217 60 247 240 71 203 30 53 13 18 54,101 61 239 216 246 72 36 120 50 217 60 247 240 71 203 30 53 13 18 54,simulation,db4,energy,45,50,50,5
W-QDA,W-QDA:qda,8,,0.04,0.072,101 61 239 216 246 72 36 120 50 217 60 247 240 71 203 30 53 13 18 54,101 61 239 216 246 72 36 120 50 217 60 247 240 71 203 30 53 13 18 54,simulation,db4,energy,45,50,50,5
W-CART,W-CART:cart,13,,0.08,0.102,101 61 239 216 246 72 36 120 50 217 60 247 240 71 203 30 53 13 18 54,101 61 239 216 246 72 36 120 50 217 60 247 240 71 203 30 53 13 18 54,simulation,db4,energy,45,50,50,5
ALL,W-QDA:qda,8,,0.04,0.072,101 61 239 216 246 72 36 120 50 217 60 247 240 71 203 30 53 13 18 54,101 61 239 216 246 72 36 120 50 217 60 247 240 71 203 30 53 13 18 54,simulation,db4,energy,45,50,50,5
W-NN,W-NN:k=1,9,1.5,0.02,0.128,73 85 109 111 72 74 83 114 82 112 113 118 119 75 79 80 81 84 106 107,111 112 73 72 84 74 82 85 108 109 110 114 80 113 118 119 78 79 81 83,simulation,db4,usage,45,50,50,5
W-QDA,W-QDA:qda,2,1.5,0.0,0.09,73 85 109 111 72 74 83 114 82 112 113 118 119 75 79 80 81 84 106 107,111 112 73 72 84 74 82 85 108 109 110 114 80 113 118 119 78 79 81 83,simulation,db4,usage,45,50,50,5
W-CART,W-CART:cart,3,1.0,0.0,0.138,111 112 73 72 84 74 82 85 108 109 110 114 80 113 118 119 78 79 81 83,111 112 73 72 84 74 82 85 108 109 110 114 80 113 118 119 78 79 81 83,simulation,db4,usage,45,50,50,5
ALL,W-QDA:qda,2,1.5,0.0,0.09,73 85 109 111 72 74 83 114 82 112 113 118 119 75 79 80 81 84 106 107,111 112 73 72 84 74 82 85 108 109 110 114 80 113 118 119 78 79 81 83,simulation,db4,usage,45,50,50,5
W-NN,W-NN:k=3,33,,0.06,0.232,42 117 199 235 119 58 238 27 59 100 55 109 84 29 200 110 85 50 14 54,42 117 199 235 119 58 238 27 59 100 55 109 84 29 200 110 85 50 14 54,simulation,db4,energy,46,50,50,5
W-QDA,W-QDA:qda,14,,0.04,0.058,42 117 199 235 119 58 238 27 59 100 55 109 84 29 200 110 85 50 14 54,42 117 199 235 119 58 238 27 59 100 55 109 84 29 200 110 85 50 14 54,simulation,db4,energy,46,50,50,5
W-CART,W-CART:cart,2,,0.14,0.192,42 117 199 235 119 58 238 27 59 100 55 109 84 29 200 110 85 50 14 54,42 117 199 235 119 58 238 27 59 100 55 109 84 29 200 110 85 50 14 54,simulation,db4,energy,46,50,50,5
ALL,W-QDA:qda,14,,0.04,0.058,42 117 199 235 119 58 238 27 59 100 55 109 84 29 200 110 85 50 14 54,42 117 199 235 119 58 238 27 59 100 55 109 84 29 200 110 85 50 14 54,simulation,db4,energy,46,50,50,5
W-NN,W-NN:k=3,2,3.0,0.04,0.102,104 84 85 106 105 109 81 111 112 76 78 83 108 110 74 77 86 87 88 107,84 77 109 107 79 80 105 110 78 81 83 85 106 108 112 82 104 111 76 86,simulation,db4,usage,46,50,50,5
W-QDA,W-QDA:qda,1,3.0,0.08,0.1,104 84 85 106 105 109 81 111 112 76 78 83 108 110 74 77 86 87 88 107,84 77 109 107 79 80 105 110 78 81 83 85 106 108 112 82 104 111 76 86,simulation,db4,usage,46,50,50,5
W-CART,W-CART:cart,1,3.0,0.08,0.114,104 84 85 106 105 109 81 111 112 76 78 83 108 110 74 77 86 87 88 107,84 77 109 107 79 80 105 110 78 81 83 85 106 108 112 82 104 111 76 86,simulation,db4,usage,46,50,50,5
ALL,W-NN:k=3,2,3.0,0.04,0.102,104 84 85 106 105 109 81 111 112 76 78 83 108 110 74 77 86 87 88 107,84 77 109 107 79 80 105 110 78 81 83 85 106 108 112 82 104 111 76 86,simulation,db4,usage,46,50,50,5
W-NN,W-NN:k=3,15,,0.22,0.226,42 49 156 67 134 99 212 170 19 26 53 33 16 98 84 105 39 38 52 10,42 49 156 67 134 99 212 170 19 26 53 33 16 98 84 105 39 38 52 10,simulation,db4,energy,47,50,50,5
W-QDA,W-QDA:qda,15,,0.04,0.12,42 49 156 67 134 99 212 170 19 26 53 33 16 98 84 105 39 38 52 10,42 49 156 67 134 99 212 170 19 26 53 33 16 98 84 105 39 38 52 10,simulation,db4,energy,47,50,50,5
W-CART,W-CART:cart,30,,0.1,0.22,42 49 156 67 134 99 212 170 19 26 53 33 16 98 84 105 39 38 52 10,42 49 156 67 134 99 212 170 19 26 53 33 16 98 84 105 39 38 52 10,simulation,db4,energy,47,50,50,5
ALL,W-QDA:qda,15,,0.04,0.12,42 49 156 67 134 99 212 170 19 26 53 33 16 98 84 105 39 38 52 10,42 49 156 67 134 99 212 170 19 26 53 33 16 98 84 105 39 38 52 10,simulation,db4,energy,47,50,50,5
W-NN,W-NN:k=1,44,2.0,0.06,0.168,84 82 105 107 106 108 81 83 85 86 109 76 87 104 78 80 110 71 103 114,110 84 111 79 107 82 85 105 108 109 80 81 83 86 76 77 78 106 113 74,simulation,db4,usage,47,50,50,5
W-QDA,W-QDA:qda,8,3.0,0.0,0.108,107 84 105 82 86 87 106 109 108 85 110 72 76 77 78 83 73 75 88 102,110 84 111 79 107 82 85 105 108 109 80 81 83 86 76 77 78 106 113 74,simulation,db4,usage,47,50,50,5
W-CART,W-CART:cart,5,2.0,0.08,0.102,84 82 105 107 106 108 81 83 85 86 109 76 87 104 78 80 110 71 103 114,110 84 111 79 107 82 85 105 108 109 80 81 83 86 76 77 78 106 113 74,simulation,db4,usage,47,50,50,5
ALL,W-QDA:qda,8,3.0,0.0,0.108,107 84 105 82 86 87 106 109 108 85 110 72 76 77 78 83 73 75 88 102,110 84 111 79 107 82 85 105 108 109 80 81 83 86 76 77 78 106 113 74,simulation,db4,usage,47,50,50,5
W-NN,W-NN:k=1,4,,0.06,0.17,34 51 67 116 206 33 135 253 31 58 68 207 126 69 8 232 62 29 252 115,34 51 67 116 206 33 135 253 31 58 68 207 126 69 8 232 62 29 252 115,simulation,db4,energy,48,50,50,5
W-QDA,W-QDA:qda,13,,0.0,0.11,34 51 67 116 206 33 135 253 31 58 68 207 126 69 8 232 62 29 252 115,34 51 67 116 206 33 135 253 31 58 68 207 126 69 8 232 62 29 252 115,simulation,db4,energy,48,50,50,5
W-CART,W-CART:cart,22,,0.1,0.22,34 51 67 116 206 33 135 253 31 58 68 207 126 69 8 232 62 29 252 115,34 51 67 116 206 33 135 253 31 58 68 207 126 69 8 232 62 29 252 115,simulation,db4,energy,48,50,50,5
ALL,W-QDA:qda,13,,0.0,0.11,34 51 67 116 206 33 135 253 31 58 68 207 126 69 8 232 62 29 252 115,34 51 67 116 206 33 135 253 31 58 68 207 126 69 8 232 62 29 252 115,simulation,db4,energy,48,50,50,5
W-NN,W-NN:k=1,15,1.5,0.02,0.124,116 76 112 107 117 72 73 75 106 109 74 83 84 85 108 113 114 119 71 77,116 115 75 76 112 117 114 72 74 107 119 73 78 84 106 110 113 80 83 85,simulation,db4,usage,48,50,50,5
W-QDA,W-QDA:qda,9,2.0,0.02,0.074,117 116 73 74 107 112 72 76 83 106 75 77 84 114 118 71 79 80 85 108,116 115 75 76 112 117 114 72 74 107 119 73 78 84 106 110 113 80 83 85,simulation,db4,usage,48,50,50,5
W-CART,W-CART:cart,8,0.5,0.04,0.16,115 112 116 78 76 113 75 118 73 74 79 80 117 77 110 114 119 107 108 109,116 115 75 76 112 117 114 72 74 107 119 73 78 84 106 110 113 80 83 85,simulation,db4,usage,48,50,50,5
ALL,W-QDA:qda,9,2.0,0.02,0.074,117 116 73 74 107 112 72 76 83 106 75 77 84 114 118 71 79 80 85 108,116 115 75 76 112 117 114 72 74 107 119 73 78 84 106 110 113 80 83 85,simulation,db4,usage,48,50,50,5
W-NN,W-NN:k=1,49,,0.08,0.172,90 240 97 22 181 180 84 48 195 168 45 42 5 60 59 91 30 21 10 179,90 240 97 22 181 180 84 48 195 168 45 42 5 60 59 91 30 21 10 179,simulation,db4,energy,49,50,50,5
W-QDA,W-QDA:qda,20,,0.12,0.184,90 240 97 22 181 180 84 48 195 168 45 42 5 60 59 91 30 21 10 179,90 240 97 22 181 180 84 48 195 168 45 42 5 60 59 91 30 21 10 179,simulation,db4,energy,49,50,50,5
W-CART,W-CART:cart,37,,0.1,0.21,90 240 97 22 181 180 84 48 195 168 45 42 5 60 59 91 30 21 10 179,90 240 97 22 181 180 84 48 195 168 45 42 5 60 59 91 30 21 10 179,simulation,db4,energy,49,50,50,5
ALL,W-NN:k=1,49,,0.08,0.172,90 240 97 22 181 180 84 48 195 168 45 42 5 60 59 91 30 21 10 179,90 240 97 22 181 180 84 48 195 168 45 42 5 60 59 91 30 21 10 179,simulation,db4,energy,49,50,50,5
W-NN,W-NN:k=3,36,2.0,0.04,0.146,74 75 114 115 72 73 77 107 76 82 84 113 119 79 83 116 71 78 80 108,114 115 83 73 75 84 113 76 77 111 118 110 74 78 79 80 81 116 107 109,simulation,db4,usage,49,50,50,5
W-QDA,W-QDA:qda,2,3.0,0.08,0.106,74 72 75 114 115 73 76 77 82 83 116 79 118 85 109 119 78 81 84 104,114 115 83 73 75 84 113 76 77 111 118 110 74 78 79 80 81 116 107 109,simulation,db4,usage,49,50,50,5
W-CART,W-CART:cart,26,0.5,0.06,0.094,115 80 75 78 111 113 114 79 83 84 112 73 81 109 110 76 116 118 77 108,114 115 83 73 75 84 113 76 77 111 118 110 74 78 79 80 81 116 107 109,simulation,db4,usage,49,50,50,5
ALL,W-NN:k=3,36,2.0,0.04,0.146,74 75 114 115 72 73 77 107 76 82 84 113 119 79 83 116 71 78 80 108,114 115 83 73 75 84 113 76 77 111 118 110 74 78 79 80 81 116 107 109,simulation,db4,usage,49,50,50,5
W-NN,W-NN:k=1,20,,0.06,0.15,66 90 71 22 88 247 35 143 16 181 44 124 248 133 62 176 31 5 91 87,66 90 71 22 88 247 35 143 16 181 44 124 248 133 62 176 31 5 91 87,simulation,db4,energy,50,50,50,5
W-QDA,W-QDA:qda,16,,0.16,0.11,66 90 71 22 88 247 35 143 16 181 44 124 248 133 62 176 31 5 91 87,66 90 71 22 88 247 35 143 16 181 44 124 248 133 62 176 31 5 91 87,simulation,db4,energy,50,50,50,5
W-CART,W-CART:cart,45,,0.1,0.18,66 90 71 22 88 247 35 143 16 181 44 124 248 133 62 176 31 5 91 87,66 90 71 22 88 247 35 143 16 181 44 124 248 133 62 176 31 5 91 87,simulation,db4,energy,50,50,50,5
ALL,W-NN:k=1,20,,0.06,0.15,66 90 71 22 88 247 35 143 16 181 44 124 248 133 62 176 31 5 91 87,66 90 71 22 88 247 35 143 16 181 44 124 248 133 62 176 31 5 91 87,simulation,db4,energy,50,50,50,5
W-NN,W-NN:k=1,14,3.0,0.06,0.16,112 78 113 77 115 108 114 116 117 75 110 80 81 73 74 76 79 82 83 109,112 77 76 113 115 73 74 78 110 75 81 114 72 79 80 111 82 108 109 116,simulation,db4,usage,50,50,50,5
W-QDA,W-QDA:qda,15,1.5,0.02,0.068,112 115 77 113 75 78 81 76 108 114 74 117 79 80 110 111 116 72 73 82,112 77 76 113 115 73 74 78 110 75 81 114 72 79 80 111 82 108 109 116,simulation,db4,usage,50,50,50,5
W-CART,W-CART:cart,9,1.0,0.06,0.16,112 77 76 113 115 73 74 78 110 75 81 114 72 79 80 111 82 108 109 116,112 77 76 113 115 73 74 78 110 75 81 114 72 79 80 111 82 108 109 116,simulation,db4,usage,50,50,50,5
ALL,W-QDA:qda,15,1.5,0.02,0.068,112 115 77 113 75 78 81 76 108 114 74 117 79 80 110 111 116 72 73 82,112 77 76 113 115 73 74 78 110 75 81 114 72 79 80 111 82 108 109 116,simulation,db4,usage,50,50,50,5
W-NN,W-NN:k=5,1,,0.1,0.126,86 78 49 79 198 39 85 21 19 159 170 42 10 199 157 20 169 2 38 172,86 78 49 79 198 39 85 21 19 159 170 42 10 199 157 20 169 2 38 172,simulation,db4,energy,51,50,50,5
W-QDA,W-QDA:qda,8,,0.08,0.086,86 78 49 79 198 39 85 21 19 159 170 42 10 199 157 20 169 2 38 172,86 78 49 79 198 39 85 21 19 159 170 42 10 199 157 20 169 2 38 172,simulation,db4,energy,51,50,50,5
W-CART,W-CART:cart,1,,0.12,0.194,86 78 49 79 198 39 85 21 19 159 170 42 10 199 157 20 169 2 38 172,86 78 49 79 198 39 85 21 19 159 170 42 10 199 157 20 169 2 38 172,simulation,db4,energy,51,50,50,5
ALL,W-QDA:qda,8,,0.08,0.086,86 78 49 79 198 39 85 21 19 159 170 42 10 199 157 20 169 2 38 172,86 78 49 79 198 39 85 21 19 159 170 42 10 199 157 20 169 2 38 172,simulation,db4,energy,51,50,50,5
W-NN,W-NN:k=1,22,0.5,0.04,0.17,78 79 77 111 81 110 83 112 113 76 80 109 114 82 84 117 108 115 116 118,79 78 113 77 111 116 76 80 81 82 84 109 110 112 114 83 115 117 118 74,simulation,db4,usage,51,50,50,5
W-QDA,W-QDA:qda,20,2.0,0.04,0.122,111 78 113 118 79 110 74 76 77 82 114 116 80 117 83 84 109 112 73 75,79 78 113 77 111 116 76 80 81 82 84 109 110 112 114 83 115 117 118 74,simulation,db4,usage,51,50,50,5
W-CART,W-CART:cart,9,3.0,0.1,0.114,74 113 82 116 76 79 110 112 114 80 83 109 111 73 77 75 78 85 115 117,79 78 113 77 111 116 76 80 81 82 84 109 110 112 114 83 115 117 118 74,simulation,db4,usage,51,50,50,5
ALL,W-QDA:qda,20,2.0,0.04,0.122,111 78 113 118 79 110 74 76 77 82 114 116 80 117 83 84 109 112 73 75,79 78 113 77 111 116 76 80 81 82 84 109 110 112 114 83 115 117 118 74,simulation,db4,usage,51,50,50,5
W-NN,W-NN:k=1,7,,0.06,0.164,67 88 172 205 135 33 176 21 153 44 103 25 173 76 206 43 42 9 37 22,67 88 172 205 135 33 176 21 153 44 103 25 173 76 206 43 42 9 37 22,simulation,db4,energy,52,50,50,5
W-QDA,W-QDA:qda,18,,0.06,0.082,67 88 172 205 135 33 176 21 153 44 103 25 173 76 206 43 42 9 37 22,67 88 172 205 135 33 176 21 153 44 103 25 173 76 206 43 42 9 37 22,simulation,db4,energy,52,50,50,5
W-CART,W-CART:cart,13,,0.1,0.166,67 88 172 205 135 33 176 21 153 44 103 25 173 76 206 43 42 9 37 22,67 88 172 205 135 33 176 21 153 44 103 25 173 76 206 43 42 9 37 22,simulation,db4,energy,52,50,50,5
ALL,W-NN:k=1,7,,0.06,0.164,67 88 172 205 135 33 176 21 153 44 103 25 173 76 206 43 42 9 37 22,67 88 172 205 135 33 176 21 153 44 103 25 173 76 206 43 42 9 37 22,simulation,db4,energy,52,50,50,5
W-NN,W-NN:k=1,9,3.0,0.0,0.116,75 83 84 78 82 72 77 80 107 111 114 74 79 108 112 113 76 85 106 110,75 114 76 78 112 79 115 80 77 111 81 85 110 113 116 74 82 83 84 108,simulation,db4,usage,52,50,50,5
W-QDA,W-QDA:qda,19,1.5,0.06,0.068,114 75 77 76 78 80 113 115 81 112 79 82 83 84 108 116 74 85 110 72,75 114 76 78 112 79 115 80 77 111 81 85 110 113 116 74 82 83 84 108,simulation,db4,usage,52,50,50,5
W-CART,W-CART:cart,49,0.5,0.02,0.086,78 75 112 114 76 79 116 80 115 77 82 110 111 113 74 81 117 109 153 158,75 114 76 78 112 79 115 80 77 111 81 85 110 113 116 74 82 83 84 108,simulation,db4,usage,52,50,50,5
ALL,W-NN:k=1,9,3.0,0.0,0.116,75 83 84 78 82 72 77 80 107 111 114 74 79 108 112 113 76 85 106 110,75 114 76 78 112 79 115 80 77 111 81 85 110 113 116 74 82 83 84 108,simulation,db4,usage,52,50,50,5
W-NN,W-NN:k=3,35,,0.04,0.188,110 44 73 62 40 125 81 178 147 36 27 179 221 250 162 15 5 124 80 4,110 44 73 62 40 125 81 178 147 36 27 179 221 250 162 15 5 124 80 4,simulation,db4,energy,53,50,50,5
W-QDA,W-QDA:qda,12,,0.06,0.112,110 44 73 62 40 125 81 178 147 36 27 179 221 250 162 15 5 124 80 4,110 44 73 62 40 125 81 178 147 36 27 179 221 250 162 15 5 124 80 4,simulation,db4,energy,53,50,50,5
W-CART,W-CART:cart,12,,0.04,0.12,110 44 73 62 40 125 81 178 147 36 27 179 221 250 162 15 5 124 80 4,110 44 73 62 40 125 81 178 147 36 27 179 221 250 162 15 5 124 80 4,simulation,db4,energy,53,50,50,5
ALL,W-CART:cart,12,,0.04,0.12,110 44 73 62 40 125 81 178 147 36 27 179 221 250 162 15 5 124 80 4,110 44 73 62 40 125 81 178 147 36 27 179 221 250 162 15 5 124 80 4,simulation,db4,energy,53,50,50,5
W-NN,W-NN:k=3,4,2.0,0.08,0.174,79 82 112 107 80 81 109 83 106 110 108 111 84 85 86 113 78 76 77 87,82 112 79 80 81 109 110 83 111 113 78 108 84 86 107 75 76 77 106 105,simulation,db4,usage,53,50,50,5
W-QDA,W-QDA:qda,6,3.0,0.08,0.1,112 82 106 107 81 108 109 111 79 80 83 84 85 86 110 113 78 75 77 105,82 112 79 80 81 109 110 83 111 113 78 108 84 86 107 75 76 77 106 105,simulation,db4,usage,53,50,50,5
W-CART,W-CART:cart,15,1.5,0.02,0.124,82 112 79 80 81 83 109 110 111 107 113 84 106 108 86 114 78 85 75 76,82 112 79 80 81 109 110 83 111 113 78 108 84 86 107 75 76 77 106 105,simulation,db4,usage,53,50,50,5
ALL,W-CART:cart,15,1.5,0.02,0.124,82 112 79 80 81 83 109 110 111 107 113 84 106 108 86 114 78 85 75 76,82 112 79 80 81 109 110 83 111 113 78 108 84 86 107 75 76 77 106 105,simulation,db4,usage,53,50,50,5
W-NN,W-NN:k=1,28,,0.18,0.122,113 56 40 83 86 81 166 41 43 21 227 112 20 162 172 10 2 85 80 13,113 56 40 83 86 81 166 41 43 21 227 112 20 162 172 10 2 85 80 13,simulation,db4,energy,54,50,50,5
W-QDA,W-QDA:qda,7,,0.16,0.122,113 56 40 83 86 81 166 41 43 21 227 112 20 162 172 10 2 85 80 13,113 56 40 83 86 81 166 41 43 21 227 112 20 162 172 10 2 85 80 13,simulation,db4,energy,54,50,50,5
W-CART,W-CART:cart,5,,0.08,0.134,113 56 40 83 86 81 166 41 43 21 227 112 20 162 172 10 2 85 80 13,113 56 40 83 86 81 166 41 43 21 227 112 20 162 172 10 2 85 80 13,simulation,db4,energy,54,50,50,5
ALL,W-CART:cart,5,,0.08,0.134,113 56 40 83 86 81 166 41 43 21 227 112 20 162 172 10 2 85 80 13,113 56 40 83 86 81 166 41 43 21 227 112 20 162 172 10 2 85 80 13,simulation,db4,energy,54,50,50,5
W-NN,W-NN:k=1,19,3.0,0.06,0.106,82 83 80 81 108 109 110 84 107 111 113 79 85 114 78 106 86 115 75 112,81 110 109 112 79 82 108 113 78 80 83 114 85 111 84 115 76 106 107 105,simulation,db4,usage,54,50,50,5
W-QDA,W-QDA:qda,7,1.5,0.2,0.108,81 110 82 83 109 79 85 78 80 106 108 111 113 114 84 107 76 112 115 77,81 110 109 112 79 82 108 113 78 80 83 114 85 111 84 115 76 106 107 105,simulation,db4,usage,54,50,50,5
W-CART,W-CART:cart,16,0.5,0.08,0.134,81 110 80 82 109 112 79 113 85 83 108 111 114 84 86 106 107 115 161 78,81 110 109 112 79 82 108 113 78 80 83 114 85 111 84 115 76 106 107 105,simulation,db4,usage,54,50,50,5
ALL,W-NN:k=1,19,3.0,0.06,0.106,82 83 80 81 108 109 110 84 107 111 113 79 85 114 78 106 86 115 75 112,81 110 109 112 79 82 108 113 78 80 83 114 85 111 84 115 76 106 107 105,simulation,db4,usage,54,50,50,5
W-NN,W-NN:k=3,10,,0.12,0.172,74 76 97 45 81 18 162 40 48 90 9 91 153 195 19 5 4 22 37 10,74 76 97 45 81 18 162 40 48 90 9 91 153 195 19 5 4 22 37 10,simulation,db4,energy,55,50,50,5
W-QDA,W-QDA:qda,13,,0.06,0.092,74 76 97 45 81 18 162 40 48 90 9 91 153 195 19 5 4 22 37 10,74 76 97 45 81 18 162 40 48 90 9 91 153 195 19 5 4 22 37 10,simulation,db4,energy,55,50,50,5
W-CART,W-CART:cart,4,,0.1,0.216,74 76 97 45 81 18 162 40 48 90 9 91 153 195 19 5 4 22 37 10,74 76 97 45 81 18 162 40 48 90 9 91 153 195 19 5 4 22 37 10,simulation,db4,energy,55,50,50,5
ALL,W-QDA:qda,13,,0.06,0.092,74 76 97 45 81 18 162 40 48 90 9 91 153 195 19 5 4 22 37 10,74 76 97 45 81 18 162 40 48 90 9 91 153 195 19 5 4 22 37 10,simulation,db4,energy,55,50,50,5
W-NN,W-NN:k=1,10,3.0,0.08,0.184,83 105 107 82 106 108 109 110 81 87 84 86 80 85 112 79 114 104 111 113,84 82 106 108 110 83 109 85 105 107 81 112 113 78 80 218 77 79 86 87,simulation,db4,usage,55,50,50,5
W-QDA,W-QDA:qda,3,3.0,0.06,0.086,83 105 107 82 106 108 109 110 81 87 84 86 80 85 112 79 114 104 111 113,84 82 106 108 110 83 109 85 105 107 81 112 113 78 80 218 77 79 86 87,simulation,db4,usage,55,50,50,5
W-CART,W-CART:cart,13,1.5,0.1,0.18,110 82 107 106 108 109 83 84 80 81 105 104 112 113 85 86 111 87 114 77,84 82 106 108 110 83 109 85 105 107 81 112 113 78 80 218 77 79 86 87,simulation,db4,usage,55,50,50,5
ALL,W-QDA:qda,3,3.0,0.06,0.086,83 105 107 82 106 108 109 110 81 87 84 86 80 85 112 79 114 104 111 113,84 82 106 108 110 83 109 85 105 107 81 112 113 78 80 218 77 79 86 87,simulation,db4,usage,55,50,50,5
W-NN,W-NN:k=1,8,,0.08,0.124,36 155 126 215 253 136 31 146 77 108 34 216 8 54 67 72 78 33 17 39,36 155 126 215 253 136 31 146 77 108 34 216 8 54 67 72 78 33 17 39,simulation,db4,energy,56,50,50,5
W-QDA,W-QDA:qda,9,,0.0,0.05,36 155 126 215 253 136 31 146 77 108 34 216 8 54 67 72 78 33 17 39,36 155 126 215 253 136 31 146 77 108 34 216 8 54 67 72 78 33 17 39,simulation,db4,energy,56,50,50,5
W-CART,W-CART:cart,11,,0.18,0.212,36 155 126 215 253 136 31 146 77 108 34 216 8 54 67 72 78 33 17 39,36 155 126 215 253 136 31 146 77 108 34 216 8 54 67 72 78 33 17 39,simulation,db4,energy,56,50,50,5
ALL,W-QDA:qda,9,,0.0,0.05,36 155 126 215 253 136 31 146 77 108 34 216 8 54 67 72 78 33 17 39,36 155 126 215 253 136 31 146 77 108 34 216 8 54 67 72 78 33 17 39,simulation,db4,energy,56,50,50,5
W-NN,W-NN:k=3,18,2.0,0.02,0.088,109 81 107 77 82 74 79 80 83 85 110 111 86 106 112 73 75 78 103 108,110 79 109 77 80 111 81 82 107 112 78 106 114 74 83 108 84 105 113 73,simulation,db4,usage,56,50,50,5
W-QDA,W-QDA:qda,16,2.0,0.02,0.046,109 81 107 77 82 74 79 80 83 85 110 111 86 106 112 73 75 78 103 108,110 79 109 77 80 111 81 82 107 112 78 106 114 74 83 108 84 105 113 73,simulation,db4,usage,56,50,50,5
W-CART,W-CART:cart,12,3.0,0.08,0.166,77 109 80 81 82 83 85 103 107 75 79 104 106 110 116 73 78 84 86 105,110 79 109 77 80 111 81 82 107 112 78 106 114 74 83 108 84 105 113 73,simulation,db4,usage,56,50,50,5
ALL,W-QDA:qda,16,2.0,0.02,0.046,109 81 107 77 82 74 79 80 83 85 110 111 86 106 112 73 75 78 103 108,110 79 109 77 80 111 81 82 107 112 78 106 114 74 83 108 84 105 113 73,simulation,db4,usage,56,50,50,5
W-NN,W-NN:k=5,61,,0.08,0.12,53 112 228 214 28 72 225 21 36 43 113 85 86 71 56 57 42 27 18 106,53 112 228 214 28 72 225 21 36 43 113 85 86 71 56 57 42 27 18 106,simulation,db4,energy,57,50,50,5
W-QDA,W-QDA:qda,13,,0.04,0.054,53 112 228 214 28 72 225 21 36 43 113 85 86 71 56 57 42 27 18 106,53 112 228 214 28 72 225 21 36 43 113 85 86 71 56 57 42 27 18 106,simulation,db4,energy,57,50,50,5
W-CART,W-CART:cart,7,,0.08,0.162,53 112 228 214 28 72 225 21 36 43 113 85 86 71 56 57 42 27 18 106,53 112 228 214 28 72 225 21 36 43 113 85 86 71 56 57 42 27 18 106,simulation,db4,energy,57,50,50,5
ALL,W-QDA:qda,13,,0.04,0.054,53 112 228 214 28 72 225 21 36 43 113 85 86 71 56 57 42 27 18 106,53 112 228 214 28 72 225 21 36 43 113 85 86 71 56 57 42 27 18 106,simulation,db4,energy,57,50,50,5
W-NN,W-NN:k=3,42,3.0,0.08,0.154,116 73 117 74 75 113 115 112 118 76 106 109 114 72 78 105 119 77 79 85,114 115 111 73 113 116 74 76 78 112 75 79 117 118 80 108 110 72 77 85,simulation,db4,usage,57,50,50,5
W-QDA,W-QDA:qda,2,3.0,0.08,0.09,116 73 117 74 75 113 115 112 118 76 106 109 114 72 78 105 119 77 79 85,114 115 111 73 113 116 74 76 78 112 75 79 117 118 80 108 110 72 77 85,simulation,db4,usage,57,50,50,5
W-CART,W-CART:cart,2,3.0,0.1,0.134,116 73 117 74 75 113 115 112 118 76 106 109 114 72 78 105 119 77 79 85,114 115 111 73 113 116 74 76 78 112 75 79 117 118 80 108 110 72 77 85,simulation,db4,usage,57,50,50,5
ALL,W-QDA:qda,2,3.0,0.08,0.09,116 73 117 74 75 113 115 112 118 76 106 109 114 72 78 105 119 77 79 85,114 115 111 73 113 116 74 76 78 112 75 79 117 118 80 108 110 72 77 85,simulation,db4,usage,57,50,50,5
W-NN,W-NN:k=1,7,,0.02,0.146,52 36 94 145 146 103 72 206 51 189 210 23 104 73 147 25 4 95 6 17,52 36 94 145 146 103 72 206 51 189 210 23 104 73 147 25 4 95 6 17,simulation,db4,energy,58,50,50,5
W-QDA,W-QDA:qda,10,,0.02,0.056,52 36 94 145 146 103 72 206 51 189 210 23 104 73 147 25 4 95 6 17,52 36 94 145 146 103 72 206 51 189 210 23 104 73 147 25 4 95 6 17,simulation,db4,energy,58,50,50,5
W-CART,W-CART:cart,58,,0.06,0.134,52 36 94 145 146 103 72 206 51 189 210 23 104 73 147 25 4 95 6 17,52 36 94 145 146 103 72 206 51 189 210 23 104 73 147 25 4 95 6 17,simulation,db4,energy,58,50,50,5
ALL,W-NN:k=1,7,,0.02,0.146,52 36 94 145 146 103 72 206 51 189 210 23 104 73 147 25 4 95 6 17,52 36 94 145 146 103 72 206 51 189 210 23 104 73 147 25 4 95 6 17,simulation,db4,energy,58,50,50,5
W-NN,W-NN:k=1,39,3.0,0.0,0.144,82 80 106 83 84 109 110 53 85 74 75 108 76 104 105 81 107 111 112 115,110 113 79 80 81 82 109 83 84 107 112 106 111 53 76 78 85 86 108 114,simulation,db4,usage,58,50,50,5
W-QDA,W-QDA:qda,19,0.5,0.04,0.052,113 81 110 79 112 80 83 109 114 82 111 78 84 107 115 105 74 76 77 106,110 113 79 80 81 82 109 83 84 107 112 106 111 53 76 78 85 86 108 114,simulation,db4,usage,58,50,50,5
W-CART,W-CART:cart,3,3.0,0.08,0.108,82 80 106 83 84 109 110 53 85 74 75 108 76 104 105 81 107 111 112 115,110 113 79 80 81 82 109 83 84 107 112 106 111 53 76 78 85 86 108 114,simulation,db4,usage,58,50,50,5
ALL,W-NN:k=1,39,3.0,0.0,0.144,82 80 106 83 84 109 110 53 85 74 75 108 76 104 105 81 107 111 112 115,110 113 79 80 81 82 109 83 84 107 112 106 111 53 76 78 85 86 108 114,simulation,db4,usage,58,50,50,5
W-NN,W-NN:k=1,40,,0.06,0.166,67 247 245 168 123 71 142 122 17 33 30 35 124 135 42 41 62 7 21 10,67 247 245 168 123 71 142 122 17 33 30 35 124 135 42 41 62 7 21 10,simulation,db4,energy,59,50,50,5
W-QDA,W-QDA:qda,10,,0.1,0.192,67 247 245 168 123 71 142 122 17 33 30 35 124 135 42 41 62 7 21 10,67 247 245 168 123 71 142 122 17 33 30 35 124 135 42 41 62 7 21 10,simulation,db4,energy,59,50,50,5
W-CART,W-CART:cart,23,,0.1,0.156,67 247 245 168 123 71 142 122 17 33 30 35 124 135 42 41 62 7 21 10,67 247 245 168 123 71 142 122 17 33 30 35 124 135 42 41 62 7 21 10,simulation,db4,energy,59,50,50,5
ALL,W-NN:k=1,40,,0.06,0.166,67 247 245 168 123 71 142 122 17 33 30 35 124 135 42 41 62 7 21 10,67 247 245 168 123 71 142 122 17 33 30 35 124 135 42 41 62 7 21 10,simulation,db4,energy,59,50,50,5
W-NN,W-NN:k=1,11,1.0,0.06,0.138,110 83 85 106 80 81 86 87 105 108 79 104 109 107 111 112 78 82 84 113,110 83 85 106 80 81 86 87 105 108 79 104 109 107 111 112 78 82 84 113,simulation,db4,usage,59,50,50,5
W-QDA,W-QDA:qda,5,0.5,0.04,0.112,106 109 86 104 110 80 85 87 105 83 111 79 82 108 112 81 84 88 89 107,110 83 85 106 80 81 86 87 105 108 79 104 109 107 111 112 78 82 84 113,simulation,db4,usage,59,50,50,5
W-CART,W-CART:cart,55,0.5,0.06,0.126,106 109 86 104 110 80 85 87 105 83 111 79 82 108 112 81 84 88 89 107,110 83 85 106 80 81 86 87 105 108 79 104 109 107 111 112 78 82 84 113,simulation,db4,usage,59,50,50,5
ALL,W-QDA:qda,5,0.5,0.04,0.112,106 109 86 104 110 80 85 87 105 83 111 79 82 108 112 81 84 88 89 107,110 83 85 106 80 81 86 87 105 108 79 104 109 107 111 112 78 82 84 113,simulation,db4,usage,59,50,50,5
W-NN,W-NN:k=15,13,,0.08,0.208,87 113 57 107 53 215 115 252 31 56 63 114 227 125 62 28 43 44 6 229,87 113 57 107 53 215 115 252 31 56 63 114 227 125 62 28 43 44 6 229,simulation,db4,energy,60,50,50,5
W-QDA,W-QDA:qda,13,,0.04,0.078,87 113 57 107 53 215 115 252 31 56 63 114 227 125 62 28 43 44 6 229,87 113 57 107 53 215 115 252 31 56 63 114 227 125 62 28 43 44 6 229,simulation,db4,energy,60,50,50,5
W-CART,W-CART:cart,47,,0.08,0.104,87 113 57 107 53 215 115 252 31 56 63 114 227 125 62 28 43 44 6 229,87 113 57 107 53 215 115 252 31 56 63 114 227 125 62 28 43 44 6 229,simulation,db4,energy,60,50,50,5
ALL,W-QDA:qda,13,,0.04,0.078,87 113 57 107 53 215 115 252 31 56 63 114 227 125 62 28 43 44 6 229,87 113 57 107 53 215 115 252 31 56 63 114 227 125 62 28 43 44 6 229,simulation,db4,energy,60,50,50,5
W-NN,W-NN:k=7,21,3.0,0.06,0.248,107 85 113 82 80 105 114 83 84 106 115 117 118 112 116 73 75 76 81 87,82 83 107 108 81 84 111 115 114 78 79 80 85 113 112 106 109 110 116 87,simulation,db4,usage,60,50,50,5
W-QDA,W-QDA:qda,2,3.0,0.04,0.102,107 85 113 82 80 105 114 83 84 106 115 117 118 112 116 73 75 76 81 87,82 83 107 108 81 84 111 115 114 78 79 80 85 113 112 106 109 110 116 87,simulation,db4,usage,60,50,50,5
W-CART,W-CART:cart,8,0.5,0.08,0.128,107 108 81 82 83 84 112 85 106 110 115 80 113 78 111 217 164 79 109 114,82 83 107 108 81 84 111 115 114 78 79 80 85 113 112 106 109 110 116 87,simulation,db4,usage,60,50,50,5
ALL,W-QDA:qda,2,3.0,0.04,0.102,107 85 113 82 80 105 114 83 84 106 115 117 118 112 116 73 75 76 81 87,82 83 107 108 81 84 111 115 114 78 79 80 85 113 112 106 109 110 116 87,simulation,db4,usage,60,50,50,5
W-NN,W-NN:k=15,1,,0.18,0.242,68 61 123 247 24 48 98 96 124 49 97 248 122 62 95 137 8 31 30 7,68 61 123 247 24 48 98 96 124 49 97 248 122 62 95 137 8 31 30 7,simulation,db4,energy,61,50,50,5
W-QDA,W-QDA:qda,13,,0.14,0.19,68 61 123 247 24 48 98 96 124 49 97 248 122 62 95 137 8 31 30 7,68 61 123 247 24 48 98 96 124 49 97 248 122 62 95 137 8 31 30 7,simulation,db4,energy,61,50,50,5
W-CART,W-CART:cart,1,,0.24,0.378,68 61 123 247 24 48 98 96 124 49 97 248 122 62 95 137 8 31 30 7,68 61 123 247 24 48 98 96 124 49 97 248 122 62 95 137 8 31 30 7,simulation,db4,energy,61,50,50,5
ALL,W-QDA:qda,13,,0.14,0.19,68 61 123 247 24 48 98 96 124 49 97 248 122 62 95 137 8 31 30 7,68 61 123 247 24 48 98 96 124 49 97 248 122 62 95 137 8 31 30 7,simulation,db4,energy,61,50,50,5
W-NN,W-NN:k=3,10,0.5,0.04,0.182,112 79 111 113 78 82 114 81 107 108 74 83 109 116 228 76 80 115 77 84,112 83 116 79 113 114 74 78 81 82 115 117 77 107 108 109 76 85 111 73,simulation,db4,usage,61,50,50,5
W-QDA,W-QDA:qda,2,1.5,0.02,0.126,83 114 113 116 117 74 77 82 107 109 112 73 75 76 78 79 110 111 115 84,112 83 116 79 113 114 74 78 81 82 115 117 77 107 108 109 76 85 111 73,simulation,db4,usage,61,50,50,5
W-CART,W-CART:cart,9,1.5,0.08,0.106,83 114 113 116 117 74 77 82 107 109 112 73 75 76 78 79 110 111 115 84,112 83 116 79 113 114 74 78 81 82 115 117 77 107 108 109 76 85 111 73,simulation,db4,usage,61,50,50,5
ALL,W-QDA:qda,2,1.5,0.02,0.126,83 114 113 116 117 74 77 82 107 109 112 73 75 76 78 79 110 111 115 84,112 83 116 79 113 114 74 78 81 82 115 117 77 107 108 109 76 85 111 73,simulation,db4,usage,61,50,50,5
W-NN,W-NN:k=1,10,,0.08,0.15,80 86 52 58 117 21 27 55 104 109 110 105 116 14 54 13 10 19 6 233,80 86 52 58 117 21 27 55 104 109 110 105 116 14 54 13 10 19 6 233,simulation,db4,energy,62,50,50,5
W-QDA,W-QDA:qda,13,,0.02,0.038,80 86 52 58 117 21 27 55 104 109 110 105 116 14 54 13 10 19 6 233,80 86 52 58 117 21 27 55 104 109 110 105 116 14 54 13 10 19 6 233,simulation,db4,energy,62,50,50,5
W-CART,W-CART:cart,15,,0.06,0.114,80 86 52 58 117 21 27 55 104 109 110 105 116 14 54 13 10 19 6 233,80 86 52 58 117 21 27 55 104 109 110 105 116 14 54 13 10 19 6 233,simulation,db4,energy,62,50,50,5
ALL,W-QDA:qda,13,,0.02,0.038,80 86 52 58 117 21 27 55 104 109 110 105 116 14 54 13 10 19 6 233,80 86 52 58 117 21 27 55 104 109 110 105 116 14 54 13 10 19 6 233,simulation,db4,energy,62,50,50,5
W-NN,W-NN:k=5,2,1.0,0.06,0.178,108 107 109 79 80 81 83 112 78 82 106 110 84 105 85 77 111 114 76 103,108 107 109 79 80 81 83 112 78 82 106 110 84 105 85 77 111 114 76 103,simulation,db4,usage,62,50,50,5
W-QDA,W-QDA:qda,7,3.0,0.02,0.096,80 81 84 85 105 109 106 107 108 111 78 79 110 112 77 87 103 104 116 82,108 107 109 79 80 81 83 112 78 82 106 110 84 105 85 77 111 114 76 103,simulation,db4,usage,62,50,50,5
W-CART,W-CART:cart,5,3.0,0.04,0.126,80 81 84 85 105 109 106 107 108 111 78 79 110 112 77 87 103 104 116 82,108 107 109 79 80 81 83 112 78 82 106 110 84 105 85 77 111 114 76 103,simulation,db4,usage,62,50,50,5
ALL,W-QDA:qda,7,3.0,0.02,0.096,80 81 84 85 105 109 106 107 108 111 78 79 110 112 77 87 103 104 116 82,108 107 109 79 80 81 83 112 78 82 106 110 84 105 85 77 111 114 76 103,simulation,db4,usage,62,50,50,5
W-NN,W-NN:k=3,52,,0.04,0.218,44 245 228 100 200 178 28 128 123 64 30 50 246 229 88 511 56 32 57 25,44 245 228 100 200 178 28 128 123 64 30 50 246 229 88 511 56 32 57 25,simulation,db4,energy,63,50,50,5
W-QDA,W-QDA:qda,6,,0.06,0.174,44 245 228 100 200 178 28 128 123 64 30 50 246 229 88 511 56 32 57 25,44 245 228 100 200 178 28 128 123 64 30 50 246 229 88 511 56 32 57 25,simulation,db4,energy,63,50,50,5
W-CART,W-CART:cart,8,,0.12,0.206,44 245 228 100 200 178 28 128 123 64 30 50 246 229 88 511 56 32 57 25,44 245 228 100 200 178 28 128 123 64 30 50 246 229 88 511 56 32 57 25,simulation,db4,energy,63,50,50,5
ALL,W-NN:k=3,52,,0.04,0.218,44 245 228 100 200 178 28 128 123 64 30 50 246 229 88 511 56 32 57 25,44 245 228 100 200 178 28 128 123 64 30 50 246 229 88 511 56 32 57 25,simulation,db4,energy,63,50,50,5
W-NN,W-NN:k=7,4,3.0,0.02,0.076,116 106 115 73 117 72 74 77 111 75 78 113 119 87 105 112 114 118 120 76,113 114 72 110 112 115 77 78 111 117 80 81 82 109 119 73 74 75 76 105,simulation,db4,usage,63,50,50,5
W-QDA,W-QDA:qda,4,3.0,0.02,0.084,116 106 115 73 117 72 74 77 111 75 78 113 119 87 105 112 114 118 120 76,113 114 72 110 112 115 77 78 111 117 80 81 82 109 119 73 74 75 76 105,simulation,db4,usage,63,50,50,5
W-CART,W-CART:cart,5,3.0,0.02,0.168,116 106 115 73 117 72 74 77 111 75 78 113 119 87 105 112 114 118 120 76,113 114 72 110 112 115 77 78 111 117 80 81 82 109 119 73 74 75 76 105,simulation,db4,usage,63,50,50,5
ALL,W-NN:k=7,4,3.0,0.02,0.076,116 106 115 73 117 72 74 77 111 75 78 113 119 87 105 112 114 118 120 76,113 114 72 110 112 115 77 78 111 117 80 81 82 109 119 73 74 75 76 105,simulation,db4,usage,63,50,50,5
W-NN,W-NN:k=1,9,,0.06,0.172,119 80 34 160 138 161 75 150 40 20 37 139 18 8 39 10 19 59 159 149,119 80 34 160 138 161 75 150 40 20 37 139 18 8 39 10 19 59 159 149,simulation,db4,energy,64,50,50,5
W-QDA,W-QDA:qda,21,,0.14,0.218,119 80 34 160 138 161 75 150 40 20 37 139 18 8 39 10 19 59 159 149,119 80 34 160 138 161 75 150 40 20 37 139 18 8 39 10 19 59 159 149,simulation,db4,energy,64,50,50,5
W-CART,W-CART:cart,22,,0.08,0.112,119 80 34 160 138 161 75 150 40 20 37 139 18 8 39 10 19 59 159 149,119 80 34 160 138 161 75 150 40 20 37 139 18 8 39 10 19 59 159 149,simulation,db4,energy,64,50,50,5
ALL,W-NN:k=1,9,,0.06,0.172,119 80 34 160 138 161 75 150 40 20 37 139 18 8 39 10 19 59 159 149,119 80 34 160 138 161 75 150 40 20 37 139 18 8 39 10 19 59 159 149,simulation,db4,energy,64,50,50,5
W-NN,W-NN:k=1,52,1.0,0.04,0.168,80 109 79 82 83 111 114 75 76 78 84 110 112 81 108 113 115 77 107 116,80 109 79 82 83 111 114 75 76 78 84 110 112 81 108 113 115 77 107 116,simulation,db4,usage,64,50,50,5
W-QDA,W-QDA:qda,7,3.0,0.04,0.076,76 113 114 80 82 104 107 111 116 112 74 75 77 78 79 81 106 108 109 73,80 109 79 82 83 111 114 75 76 78 84 110 112 81 108 113 115 77 107 116,simulation,db4,usage,64,50,50,5
W-CART,W-CART:cart,32,0.5,0.06,0.14,79 80 110 82 78 109 112 77 76 81 83 84 111 114 115 222 223 107 108 113,80 109 79 82 83 111 114 75 76 78 84 110 112 81 108 113 115 77 107 116,simulation,db4,usage,64,50,50,5
ALL,W-QDA:qda,7,3.0,0.04,0.076,76 113 114 80 82 104 107 111 116 112 74 75 77 78 79 81 106 108 109 73,80 109 79 82 83 111 114 75 76 78 84 110 112 81 108 113 115 77 107 116,simulation,db4,usage,64,50,50,5
W-NN,W-NN:k=3,50,,0.02,0.138,96 93 207 90 240 104 45 22 60 208 89 52 119 47 11 59 46 30 23 44,96 93 207 90 240 104 45 22 60 208 89 52 119 47 11 59 46 30 23 44,simulation,db4,energy,65,50,50,5
W-QDA,W-QDA:qda,16,,0.12,0.084,96 93 207 90 240 104 45 22 60 208 89 52 119 47 11 59 46 30 23 44,96 93 207 90 240 104 45 22 60 208 89 52 119 47 11 59 46 30 23 44,simulation,db4,energy,65,50,50,5
W-CART,W-CART:cart,31,,0.18,0.156,96 93 207 90 240 104 45 22 60 208 89 52 119 47 11 59 46 30 23 44,96 93 207 90 240 104 45 22 60 208 89 52 119 47 11 59 46 30 23 44,simulation,db4,energy,65,50,50,5
ALL,W-NN:k=3,50,,0.02,0.138,96 93 207 90 240 104 45 22 60 208 89 52 119 47 11 59 46 30 23 44,96 93 207 90 240 104 45 22 60 208 89 52 119 47 11 59 46 30 23 44,simulation,db4,energy,65,50,50,5
W-NN,W-NN:k=1,18,1.0,0.16,0.24,82 81 83 108 84 107 111 80 106 109 110 112 113 77 79 105 114 76 85 166,82 81 83 108 84 107 111 80 106 109 110 112 113 77 79 105 114 76 85 166,simulation,db4,usage,65,50,50,5
W-QDA,W-QDA:qda,8,3.0,0.12,0.17,82 107 81 108 109 80 83 105 110 106 111 112 85 86 113 75 79 114 41 76,82 81 83 108 84 107 111 80 106 109 110 112 113 77 79 105 114 76 85 166,simulation,db4,usage,65,50,50,5
W-CART,W-CART:cart,43,3.0,0.1,0.144,82 107 81 108 109 80 83 105 110 106 111 112 85 86 113 75 79 114 41 76,82 81 83 108 84 107 111 80 106 109 110 112 113 77 79 105 114 76 85 166,simulation,db4,usage,65,50,50,5
ALL,W-CART:cart,43,3.0,0.1,0.144,82 107 81 108 109 80 83 105 110 106 111 112 85 86 113 75 79 114 41 76,82 81 83 108 84 107 111 80 106 109 110 112 113 77 79 105 114 76 85 166,simulation,db4,usage,65,50,50,5
W-NN,W-NN:k=1,3,,0.08,0.18,51 26 106 244 220 27 208 52 206 30 53 103 245 221 212 54 102 13 25 60,51 26 106 244 220 27 208 52 206 30 53 103 245 221 212 54 102 13 25 60,simulation,db4,energy,66,50,50,5
W-QDA,W-QDA:qda,11,,0.04,0.06,51 26 106 244 220 27 208 52 206 30 53 103 245 221 212 54 102 13 25 60,51 26 106 244 220 27 208 52 206 30 53 103 245 221 212 54 102 13 25 60,simulation,db4,energy,66,50,50,5
W-CART,W-CART:cart,7,,0.12,0.174,51 26 106 244 220 27 208 52 206 30 53 103 245 221 212 54 102 13 25 60,51 26 106 244 220 27 208 52 206 30 53 103 245 221 212 54 102 13 25 60,simulation,db4,energy,66,50,50,5
ALL,W-QDA:qda,11,,0.04,0.06,51 26 106 244 220 27 208 52 206 30 53 103 245 221 212 54 102 13 25 60,51 26 106 244 220 27 208 52 206 30 53 103 245 221 212 54 102 13 25 60,simulation,db4,energy,66,50,50,5
W-NN,W-NN:k=1,22,1.5,0.02,0.09,116 75 76 77 78 115 74 80 73 114 117 79 83 84 109 105 111 85 86 103,75 116 74 76 80 114 117 77 78 83 111 115 154 73 79 84 85 107 108 109,simulation,db4,usage,66,50,50,5
W-QDA,W-QDA:qda,17,1.0,0.02,0.09,75 116 74 76 80 114 117 77 78 83 111 115 154 73 79 84 85 107 108 109,75 116 74 76 80 114 117 77 78 83 111 115 154 73 79 84 85 107 108 109,simulation,db4,usage,66,50,50,5
W-CART,W-CART:cart,4,1.0,0.04,0.13,75 116 74 76 80 114 117 77 78 83 111 115 154 73 79 84 85 107 108 109,75 116 74 76 80 114 117 77 78 83 111 115 154 73 79 84 85 107 108 109,simulation,db4,usage,66,50,50,5
ALL,W-QDA:qda,17,1.0,0.02,0.09,75 116 74 76 80 114 117 77 78 83 111 115 154 73 79 84 85 107 108 109,75 116 74 76 80 114 117 77 78 83 111 115 154 73 79 84 85 107 108 109,simulation,db4,usage,66,50,50,5
W-NN,W-NN:k=1,47,,0.02,0.132,105 109 56 67 129 134 227 33 54 65 16 13 130 113 219 52 6 226 32 64,105 109 56 67 129 134 227 33 54 65 16 13 130 113 219 52 6 226 32 64,simulation,db4,energy,67,50,50,5
W-QDA,W-QDA:qda,8,,0.22,0.304,105 109 56 67 129 134 227 33 54 65 16 13 130 113 219 52 6 226 32 64,105 109 56 67 129 134 227 33 54 65 16 13 130 113 219 52 6 226 32 64,simulation,db4,energy,67,50,50,5
W-CART,W-CART:cart,63,,0.04,0.112,105 109 56 67 129 134 227 33 54 65 16 13 130 113 219 52 6 226 32 64,105 109 56 67 129 134 227 33 54 65 16 13 130 113 219 52 6 226 32 64,simulation,db4,energy,67,50,50,5
ALL,W-NN:k=1,47,,0.02,0.132,105 109 56 67 129 134 227 33 54 65 16 13 130 113 219 52 6 226 32 64,105 109 56 67 129 134 227 33 54 65 16 13 130 113 219 52 6 226 32 64,simulation,db4,energy,67,50,50,5
W-NN,W-NN:k=1,7,3.0,0.02,0.108,105 86 108 84 87 104 107 109 110 82 85 106 77 83 81 89 52 53 88 102,108 84 110 86 107 109 106 82 85 104 105 87 80 81 83 88 103 111 112 168,simulation,db4,usage,67,50,50,5
W-QDA,W-QDA:qda,2,1.5,0.08,0.088,84 86 107 108 85 109 82 105 83 104 106 110 87 81 88 112 77 89 103 168,108 84 110 86 107 109 106 82 85 104 105 87 80 81 83 88 103 111 112 168,simulation,db4,usage,67,50,50,5
W-CART,W-CART:cart,18,1.0,0.02,0.15,108 84 110 86 107 109 106 82 85 104 105 87 80 81 83 88 103 111 112 168,108 84 110 86 107 109 106 82 85 104 105 87 80 81 83 88 103 111 112 168,simulation,db4,usage,67,50,50,5
ALL,W-NN:k=1,7,3.0,0.02,0.108,105 86 108 84 87 104 107 109 110 82 85 106 77 83 81 89 52 53 88 102,108 84 110 86 107 109 106 82 85 104 105 87 80 81 83 88 103 111 112 168,simulation,db4,usage,67,50,50,5
W-NN,W-NN:k=1,21,,0.04,0.128,40 34 212 251 138 16 133 162 26 125 139 66 80 53 126 52 63 32 8 15,40 34 212 251 138 16 133 162 26 125 139 66 80 53 126 52 63 32 8 15,simulation,db4,energy,68,50,50,5
W-QDA,W-QDA:qda,6,,0.12,0.156,40 34 212 251 138 16 133 162 26 125 139 66 80 53 126 52 63 32 8 15,40 34 212 251 138 16 133 162 26 125 139 66 80 53 126 52 63 32 8 15,simulation,db4,energy,68,50,50,5
W-CART,W-CART:cart,40,,0.2,0.22,40 34 212 251 138 16 133 162 26 125 139 66 80 53 126 52 63 32 8 15,40 34 212 251 138 16 133 162 26 125 139 66 80 53 126 52 63 32 8 15,simulation,db4,energy,68,50,50,5
ALL,W-NN:k=1,21,,0.04,0.128,40 34 212 251 138 16 133 162 26 125 139 66 80 53 126 52 63 32 8 15,40 34 212 251 138 16 133 162 26 125 139 66 80 53 126 52 63 32 8 15,simulation,db4,energy,68,50,50,5
W-NN,W-NN:k=1,6,3.0,0.0,0.124,84 110 109 82 105 106 81 83 107 111 103 104 112 80 86 88 85 108 77 79,106 109 81 82 84 105 107 111 108 80 83 110 85 87 112 113 88 163 164 78,simulation,db4,usage,68,50,50,5
W-QDA,W-QDA:qda,2,1.0,0.06,0.084,106 109 81 82 84 105 107 111 108 80 83 110 85 87 112 113 88 163 164 78,106 109 81 82 84 105 107 111 108 80 83 110 85 87 112 113 88 163 164 78,simulation,db4,usage,68,50,50,5
W-CART,W-CART:cart,21,1.0,0.04,0.11,106 109 81 82 84 105 107 111 108 80 83 110 85 87 112 113 88 163 164 78,106 109 81 82 84 105 107 111 108 80 83 110 85 87 112 113 88 163 164 78,simulation,db4,usage,68,50,50,5
ALL,W-NN:k=1,6,3.0,0.0,0.124,84 110 109 82 105 106 81 83 107 111 103 104 112 80 86 88 85 108 77 79,106 109 81 82 84 105 107 111 108 80 83 110 85 87 112 113 88 163 164 78,simulation,db4,usage,68,50,50,5
W-NN,W-NN:k=9,4,,0.04,0.124,92 88 73 84 146 177 168 36 38 42 21 22 11 75 76 9 37 19 10 43,92 88 73 84 146 177 168 36 38 42 21 22 11 75 76 9 37 19 10 43,simulation,db4,energy,69,50,50,5
W-QDA,W-QDA:qda,9,,0.0,0.064,92 88 73 84 146 177 168 36 38 42 21 22 11 75 76 9 37 19 10 43,92 88 73 84 146 177 168 36 38 42 21 22 11 75 76 9 37 19 10 43,simulation,db4,energy,69,50,50,5
W-CART,W-CART:cart,9,,0.04,0.102,92 88 73 84 146 177 168 36 38 42 21 22 11 75 76 9 37 19 10 43,92 88 73 84 146 177 168 36 38 42 21 22 11 75 76 9 37 19 10 43,simulation,db4,energy,69,50,50,5
ALL,W-QDA:qda,9,,0.0,0.064,92 88 73 84 146 177 168 36 38 42 21 22 11 75 76 9 37 19 10 43,92 88 73 84 146 177 168 36 38 42 21 22 11 75 76 9 37 19 10 43,simulation,db4,energy,69,50,50,5
W-NN,W-NN:k=1,5,1.5,0.08,0.162,78 108 112 77 83 76 79 80 107 109 81 111 113 115 85 114 75 82 84 106,78 108 112 76 109 77 79 81 83 107 75 80 116 85 111 113 115 106 110 114,simulation,db4,usage,69,50,50,5
W-QDA,W-QDA:qda,15,1.5,0.04,0.108,78 108 112 77 83 76 79 80 107 109 81 111 113 115 85 114 75 82 84 106,78 108 112 76 109 77 79 81 83 107 75 80 116 85 111 113 115 106 110 114,simulation,db4,usage,69,50,50,5
W-CART,W-CART:cart,20,3.0,0.06,0.104,77 108 112 113 107 83 84 111 79 81 82 114 75 76 78 110 80 109 115 118,78 108 112 76 109 77 79 81 83 107 75 80 116 85 111 113 115 106 110 114,simulation,db4,usage,69,50,50,5
ALL,W-QDA:qda,15,1.5,0.04,0.108,78 108 112 77 83 76 79 80 107 109 81 111 113 115 85 114 75 82 84 106,78 108 112 76 109 77 79 81 83 107 75 80 116 85 111 113 115 106 110 114,simulation,db4,usage,69,50,50,5
W-NN,W-NN:k=1,2,,0.08,0.12,107 86 111 91 182 222 172 55 45 118 27 59 43 29 117 21 22 58 53 54,107 86 111 91 182 222 172 55 45 118 27 59 43 29 117 21 22 58 53 54,simulation,db4,energy,70,50,50,5
W-QDA,W-QDA:qda,15,,0.02,0.08,107 86 111 91 182 222 172 55 45 118 27 59 43 29 117 21 22 58 53 54,107 86 111 91 182 222 172 55 45 118 27 59 43 29 117 21 22 58 53 54,simulation,db4,energy,70,50,50,5
W-CART,W-CART:cart,50,,0.1,0.134,107 86 111 91 182 222 172 55 45 118 27 59 43 29 117 21 22 58 53 54,107 86 111 91 182 222 172 55 45 118 27 59 43 29 117 21 22 58 53 54,simulation,db4,energy,70,50,50,5
ALL,W-QDA:qda,15,,0.02,0.08,107 86 111 91 182 222 172 55 45 118 27 59 43 29 117 21 22 58 53 54,107 86 111 91 182 222 172 55 45 118 27 59 43 29 117 21 22 58 53 54,simulation,db4,energy,70,50,50,5
W-NN,W-NN:k=1,5,3.0,0.08,0.108,108 106 111 75 104 105 109 107 112 117 81 82 83 85 76 84 86 87 88 110,82 107 106 108 110 111 80 109 84 85 112 77 81 78 83 86 105 75 76 87,simulation,db4,usage,70,50,50,5
W-QDA,W-QDA:qda,16,1.5,0.0,0.036,108 106 107 82 105 111 83 110 76 80 84 86 109 112 75 77 79 81 85 87,82 107 106 108 110 111 80 109 84 85 112 77 81 78 83 86 105 75 76 87,simulation,db4,usage,70,50,50,5
W-CART,W-CART:cart,12,1.0,0.08,0.112,82 107 106 108 110 111 80 109 84 85 112 77 81 78 83 86 105 75 76 87,82 107 106 108 110 111 80 109 84 85 112 77 81 78 83 86 105 75 76 87,simulation,db4,usage,70,50,50,5
ALL,W-QDA:qda,16,1.5,0.0,0.036,108 106 107 82 105 111 83 110 76 80 84 86 109 112 75 77 79 81 85 87,82 107 106 108 110 111 80 109 84 85 112 77 81 78 83 86 105 75 76 87,simulation,db4,usage,70,50,50,5
W-NN,W-NN:k=3,7,,0.12,0.182,117 63 72 216 96 48 36 58 126 217 95 127 144 235 53 13 24 54 18 27,117 63 72 216 96 48 36 58 126 217 95 127 144 235 53 13 24 54 18 27,simulation,db4,energy,71,50,50,5
W-QDA,W-QDA:qda,15,,0.08,0.094,117 63 72 216 96 48 36 58 126 217 95 127 144 235 53 13 24 54 18 27,117 63 72 216 96 48 36 58 126 217 95 127 144 235 53 13 24 54 18 27,simulation,db4,energy,71,50,50,5
W-CART,W-CART:cart,14,,0.08,0.12,117 63 72 216 96 48 36 58 126 217 95 127 144 235 53 13 24 54 18 27,117 63 72 216 96 48 36 58 126 217 95 127 144 235 53 13 24 54 18 27,simulation,db4,energy,71,50,50,5
ALL,W-CART:cart,14,,0.08,0.12,117 63 72 216 96 48 36 58 126 217 95 127 144 235 53 13 24 54 18 27,117 63 72 216 96 48 36 58 126 217 95 127 144 235 53 13 24 54 18 27,simulation,db4,energy,71,50,50,5
W-NN,W-NN:k=3,11,1.5,0.06,0.122,77 79 108 111 112 110 74 80 81 107 76 82 83 113 78 116 85 115 109 75,112 77 81 111 79 108 110 113 76 80 83 107 74 82 116 84 109 115 78 85,simulation,db4,usage,71,50,50,5
W-QDA,W-QDA:qda,6,3.0,0.08,0.106,79 111 112 76 74 77 80 83 107 108 109 113 81 84 85 78 115 116 75 82,112 77 81 111 79 108 110 113 76 80 83 107 74 82 116 84 109 115 78 85,simulation,db4,usage,71,50,50,5
W-CART,W-CART:cart,47,1.0,0.06,0.1,112 77 81 111 79 108 110 113 76 80 83 107 74 82 116 84 109 115 78 85,112 77 81 111 79 108 110 113 76 80 83 107 74 82 116 84 109 115 78 85,simulation,db4,usage,71,50,50,5
ALL,W-NN:k=3,11,1.5,0.06,0.122,77 79 108 111 112 110 74 80 81 107 76 82 83 113 78 116 85 115 109 75,112 77 81 111 79 108 110 113 76 80 83 107 74 82 116 84 109 115 78 85,simulation,db4,usage,71,50,50,5
W-NN,W-NN:k=3,3,,0.06,0.134,157 116 231 58 243 115 78 122 29 232 50 19 14 99 244 100 61 79 57 49,157 116 231 58 243 115 78 122 29 232 50 19 14 99 244 100 61 79 57 49,simulation,db4,energy,72,50,50,5
W-QDA,W-QDA:qda,9,,0.04,0.082,157 116 231 58 243 115 78 122 29 232 50 19 14 99 244 100 61 79 57 49,157 116 231 58 243 115 78 122 29 232 50 19 14 99 244 100 61 79 57 49,simulation,db4,energy,72,50,50,5
W-CART,W-CART:cart,4,,0.1,0.142,157 116 231 58 243 115 78 122 29 232 50 19 14 99 244 100 61 79 57 49,157 116 231 58 243 115 78 122 29 232 50 19 14 99 244 100 61 79 57 49,simulation,db4,energy,72,50,50,5
ALL,W-QDA:qda,9,,0.04,0.082,157 116 231 58 243 115 78 122 29 232 50 19 14 99 244 100 61 79 57 49,157 116 231 58 243 115 78 122 29 232 50 19 14 99 244 100 61 79 57 49,simulation,db4,energy,72,50,50,5
W-NN,W-NN:k=1,19,1.5,0.04,0.134,106 85 81 83 107 108 82 104 73 84 105 117 110 111 78 87 115 116 77 109,108 106 83 110 82 85 107 116 168 170 76 78 81 84 104 109 117 166 169 73,simulation,db4,usage,72,50,50,5
W-QDA,W-QDA:qda,1,1.5,0.1,0.122,106 85 81 83 107 108 82 104 73 84 105 117 110 111 78 87 115 116 77 109,108 106 83 110 82 85 107 116 168 170 76 78 81 84 104 109 117 166 169 73,simulation,db4,usage,72,50,50,5
W-CART,W-CART:cart,20,3.0,0.08,0.114,106 85 81 84 107 110 117 83 104 116 105 108 111 73 78 82 115 118 119 72,108 106 83 110 82 85 107 116 168 170 76 78 81 84 104 109 117 166 169 73,simulation,db4,usage,72,50,50,5
ALL,W-NN:k=1,19,1.5,0.04,0.134,106 85 81 83 107 108 82 104 73 84 105 117 110 111 78 87 115 116 77 109,108 106 83 110 82 85 107 116 168 170 76 78 81 84 104 109 117 166 169 73,simulation,db4,usage,72,50,50,5
W-NN,W-NN:k=7,1,,0.1,0.184,83 167 39 104 112 166 208 224 79 41 20 56 52 84 78 42 19 21 28 26,83 167 39 104 112 166 208 224 79 41 20 56 52 84 78 42 19 21 28 26,simulation,db4,energy,73,50,50,5
W-QDA,W-QDA:qda,4,,0.08,0.082,83 167 39 104 112 166 208 224 79 41 20 56 52 84 78 42 19 21 28 26,83 167 39 104 112 166 208 224 79 41 20 56 52 84 78 42 19 21 28 26,simulation,db4,energy,73,50,50,5
W-CART,W-CART:cart,4,,0.06,0.082,83 167 39 104 112 166 208 224 79 41 20 56 52 84 78 42 19 21 28 26,83 167 39 104 112 166 208 224 79 41 20 56 52 84 78 42 19 21 28 26,simulation,db4,energy,73,50,50,5
ALL,W-CART:cart,4,,0.06,0.082,83 167 39 104 112 166 208 224 79 41 20 56 52 84 78 42 19 21 28 26,83 167 39 104 112 166 208 224 79 41 20 56 52 84 78 42 19 21 28 26,simulation,db4,energy,73,50,50,5
W-NN,W-NN:k=3,15,1.0,0.02,0.128,113 79 82 77 78 83 114 76 81 84 115 107 111 75 112 117 116 74 80 105,113 79 82 77 78 83 114 76 81 84 115 107 111 75 112 117 116 74 80 105,simulation,db4,usage,73,50,50,5
W-QDA,W-QDA:qda,9,2.0,0.04,0.084,83 84 114 115 81 82 111 79 105 107 78 108 109 110 113 76 106 117 74 75,113 79 82 77 78 83 114 76 81 84 115 107 111 75 112 117 116 74 80 105,simulation,db4,usage,73,50,50,5
W-CART,W-CART:cart,12,1.5,0.06,0.12,82 113 115 79 81 107 114 83 84 111 117 75 76 77 105 106 74 78 108 110,113 79 82 77 78 83 114 76 81 84 115 107 111 75 112 117 116 74 80 105,simulation,db4,usage,73,50,50,5
ALL,W-NN:k=3,15,1.0,0.02,0.128,113 79 82 77 78 83 114 76 81 84 115 107 111 75 112 117 116 74 80 105,113 79 82 77 78 83 114 76 81 84 115 107 111 75 112 117 116 74 80 105,simulation,db4,usage,73,50,50,5
W-NN,W-NN:k=3,30,,0.02,0.11,54 63 102 127 218 184 204 148 18 51 37 219 185 254 73 25 36 45 13 31,54 63 102 127 218 184 204 148 18 51 37 219 185 254 73 25 36 45 13 31,simulation,db4,energy,74,50,50,5
W-QDA,W-QDA:qda,10,,0.08,0.1,54 63 102 127 218 184 204 148 18 51 37 219 185 254 73 25 36 45 13 31,54 63 102 127 218 184 204 148 18 51 37 219 185 254 73 25 36 45 13 31,simulation,db4,energy,74,50,50,5
W-CART,W-CART:cart,5,,0.16,0.224,54 63 102 127 218 184 204 148 18 51 37 219 185 254 73 25 36 45 13 31,54 63 102 127 218 184 204 148 18 51 37 219 185 254 73 25 36 45 13 31,simulation,db4,energy,74,50,50,5
ALL,W-NN:k=3,30,,0.02,0.11,54 63 102 127 218 184 204 148 18 51 37 219 185 254 73 25 36 45 13 31,54 63 102 127 218 184 204 148 18 51 37 219 185 254 73 25 36 45 13 31,simulation,db4,energy,74,50,50,5
W-NN,W-NN:k=1,12,1.5,0.0,0.13,84 78 82 83 85 105 106 112 81 108 109 110 79 80 87 88 103 117 77 107,110 84 109 78 108 81 85 112 79 83 105 106 77 80 82 114 75 107 113 88,simulation,db4,usage,74,50,50,5
W-QDA,W-QDA:qda,7,3.0,0.02,0.052,105 88 108 110 72 75 77 82 83 84 103 106 112 114 85 116 73 80 86 87,110 84 109 78 108 81 85 112 79 83 105 106 77 80 82 114 75 107 113 88,simulation,db4,usage,74,50,50,5
W-CART,W-CART:cart,4,3.0,0.06,0.158,105 88 108 110 72 75 77 82 83 84 103 106 112 114 85 116 73 80 86 87,110 84 109 78 108 81 85 112 79 83 105 106 77 80 82 114 75 107 113 88,simulation,db4,usage,74,50,50,5
ALL,W-NN:k=1,12,1.5,0.0,0.13,84 78 82 83 85 105 106 112 81 108 109 110 79 80 87 88 103 117 77 107,110 84 109 78 108 81 85 112 79 83 105 106 77 80 82 114 75 107 113 88,simulation,db4,usage,74,50,50,5
W-NN,W-NN:k=1,6,,0.02,0.176,100 101 185 145 118 236 203 92 12 73 59 146 93 11 25 29 51 102 235 36,100 101 185 145 118 236 203 92 12 73 59 146 93 11 25 29 51 102 235 36,simulation,db4,energy,75,50,50,5
W-QDA,W-QDA:qda,20,,0.06,0.11,100 101 185 145 118 236 203 92 12 73 59 146 93 11 25 29 51 102 235 36,100 101 185 145 118 236 203 92 12 73 59 146 93 11 25 29 51 102 235 36,simulation,db4,energy,75,50,50,5
W-CART,W-CART:cart,28,,0.1,0.132,100 101 185 145 118 236 203 92 12 73 59 146 93 11 25 29 51 102 235 36,100 101 185 145 118 236 203 92 12 73 59 146 93 11 25 29 51 102 235 36,simulation,db4,energy,75,50,50,5
ALL,W-NN:k=1,6,,0.02,0.176,100 101 185 145 118 236 203 92 12 73 59 146 93 11 25 29 51 102 235 36,100 101 185 145 118 236 203 92 12 73 59 146 93 11 25 29 51 102 235 36,simulation,db4,energy,75,50,50,5
W-NN,W-NN:k=1,6,1.0,0.18,0.22,112 78 79 109 76 77 80 110 111 114 75 82 113 115 83 108 117 74 81 116,112 78 79 109 76 77 80 110 111 114 75 82 113 115 83 108 117 74 81 116,simulation,db4,usage,75,50,50,5
W-QDA,W-QDA:qda,22,1.5,0.04,0.098,78 110 112 80 79 76 77 113 117 75 109 111 114 107 108 115 73 74 82 83,112 78 79 109 76 77 80 110 111 114 75 82 113 115 83 108 117 74 81 116,simulation,db4,usage,75,50,50,5
W-CART,W-CART:cart,25,3.0,0.04,0.106,112 78 80 110 113 114 115 116 79 77 109 111 74 75 107 117 76 83 108 73,112 78 79 109 76 77 80 110 111 114 75 82 113 115 83 108 117 74 81 116,simulation,db4,usage,75,50,50,5
ALL,W-QDA:qda,22,1.5,0.04,0.098,78 110 112 80 79 76 77 113 117 75 109 111 114 107 108 115 73 74 82 83,112 78 79 109 76 77 80 110 111 114 75 82 113 115 83 108 117 74 81 116,simulation,db4,usage,75,50,50,5
W-NN,W-NN:k=1,30,,0.14,0.146,63 81 85 40 78 170 163 156 42 48 39 95 126 10 96 127 19 47 9 24,63 81 85 40 78 170 163 156 42 48 39 95 126 10 96 127 19 47 9 24,simulation,db4,energy,76,50,50,5
W-QDA,W-QDA:qda,9,,0.06,0.096,63 81 85 40 78 170 163 156 42 48 39 95 126 10 96 127 19 47 9 24,63 81 85 40 78 170 163 156 42 48 39 95 126 10 96 127 19 47 9 24,simulation,db4,energy,76,50,50,5
W-CART,W-CART:cart,52,,0.08,0.122,63 81 85 40 78 170 163 156 42 48 39 95 126 10 96 127 19 47 9 24,63 81 85 40 78 170 163 156 42 48 39 95 126 10 96 127 19 47 9 24,simulation,db4,energy,76,50,50,5
ALL,W-QDA:qda,9,,0.06,0.096,63 81 85 40 78 170 163 156 42 48 39 95 126 10 96 127 19 47 9 24,63 81 85 40 78 170 163 156 42 48 39 95 126 10 96 127 19 47 9 24,simulation,db4,energy,76,50,50,5
W-NN,W-NN:k=1,16,0.5,0.1,0.174,111 77 79 80 82 83 109 112 113 78 84 110 108 81 106 75 85 155 156 157,82 78 111 112 80 110 113 77 79 108 83 81 109 85 75 84 114 106 160 115,simulation,db4,usage,76,50,50,5
W-QDA,W-QDA:qda,16,3.0,0.04,0.08,78 82 110 111 112 113 79 84 114 77 80 83 106 85 108 109 76 115 105 107,82 78 111 112 80 110 113 77 79 108 83 81 109 85 75 84 114 106 160 115,simulation,db4,usage,76,50,50,5
W-CART,W-CART:cart,35,2.0,0.06,0.126,82 112 77 78 110 111 79 80 113 83 84 109 114 108 76 85 106 81 115 156,82 78 111 112 80 110 113 77 79 108 83 81 109 85 75 84 114 106 160 115,simulation,db4,usage,76,50,50,5
ALL,W-QDA:qda,16,3.0,0.04,0.08,78 82 110 111 112 113 79 84 114 77 80 83 106 85 108 109 76 115 105 107,82 78 111 112 80 110 113 77 79 108 83 81 109 85 75 84 114 106 160 115,simulation,db4,usage,76,50,50,5
W-NN,W-NN:k=1,13,,0.16,0.228,49 62 128 199 201 125 38 75 99 129 100 124 76 15 25 63 12 200 37 24,49 62 128 199 201 125 38 75 99 129 100 124 76 15 25 63 12 200 37 24,simulation,db4,energy,77,50,50,5
W-QDA,W-QDA:qda,12,,0.14,0.24,49 62 128 199 201 125 38 75 99 129 100 124 76 15 25 63 12 200 37 24,49 62 128 199 201 125 38 75 99 129 100 124 76 15 25 63 12 200 37 24,simulation,db4,energy,77,50,50,5
W-CART,W-CART:cart,13,,0.08,0.134,49 62 128 199 201 125 38 75 99 129 100 124 76 15 25 63 12 200 37 24,49 62 128 199 201 125 38 75 99 129 100 124 76 15 25 63 12 200 37 24,simulation,db4,energy,77,50,50,5
ALL,W-CART:cart,13,,0.08,0.134,49 62 128 199 201 125 38 75 99 129 100 124 76 15 25 63 12 200 37 24,49 62 128 199 201 125 38 75 99 129 100 124 76 15 25 63 12 200 37 24,simulation,db4,energy,77,50,50,5
W-NN,W-NN:k=1,23,3.0,0.04,0.122,76 77 109 110 114 115 75 116 74 79 80 81 83 106 111 113 72 73 78 82,77 114 76 113 109 110 112 79 80 78 81 83 115 74 75 107 82 111 117 116,simulation,db4,usage,77,50,50,5
W-QDA,W-QDA:qda,18,3.0,0.04,0.074,76 77 109 110 114 115 75 116 74 79 80 81 83 106 111 113 72 73 78 82,77 114 76 113 109 110 112 79 80 78 81 83 115 74 75 107 82 111 117 116,simulation,db4,usage,77,50,50,5
W-CART,W-CART:cart,20,2.0,0.06,0.118,77 110 76 78 80 109 114 115 74 81 82 83 108 116 75 79 107 111 113 73,77 114 76 113 109 110 112 79 80 78 81 83 115 74 75 107 82 111 117 116,simulation,db4,usage,77,50,50,5
ALL,W-QDA:qda,18,3.0,0.04,0.074,76 77 109 110 114 115 75 116 74 79 80 81 83 106 111 113 72 73 78 82,77 114 76 113 109 110 112 79 80 78 81 83 115 74 75 107 82 111 117 116,simulation,db4,usage,77,50,50,5
W-NN,W-NN:k=1,17,,0.04,0.156,42 204 87 99 22 25 171 174 181 198 43 21 49 24 85 205 90 10 50 44,42 204 87 99 22 25 171 174 181 198 43 21 49 24 85 205 90 10 50 44,simulation,db4,energy,78,50,50,5
W-QDA,W-QDA:qda,9,,0.1,0.162,42 204 87 99 22 25 171 174 181 198 43 21 49 24 85 205 90 10 50 44,42 204 87 99 22 25 171 174 181 198 43 21 49 24 85 205 90 10 50 44,simulation,db4,energy,78,50,50,5
W-CART,W-CART:cart,16,,0.1,0.196,42 204 87 99 22 25 171 174 181 198 43 21 49 24 85 205 90 10 50 44,42 204 87 99 22 25 171 174 181 198 43 21 49 24 85 205 90 10 50 44,simulation,db4,energy,78,50,50,5
ALL,W-NN:k=1,17,,0.04,0.156,42 204 87 99 22 25 171 174 181 198 43 21 49 24 85 205 90 10 50 44,42 204 87 99 22 25 171 174 181 198 43 21 49 24 85 205 90 10 50 44,simulation,db4,energy,78,50,50,5
W-NN,W-NN:k=3,2,3.0,0.08,0.14,106 107 110 83 84 81 85 111 80 112 116 113 104 105 108 109 114 76 87 115,80 83 108 109 79 81 84 107 110 112 111 113 106 82 85 105 104 114 78 86,simulation,db4,usage,78,50,50,5
W-QDA,W-QDA:qda,3,3.0,0.06,0.116,106 107 110 83 84 81 85 111 80 112 116 113 104 105 108 109 114 76 87 115,80 83 108 109 79 81 84 107 110 112 111 113 106 82 85 105 104 114 78 86,simulation,db4,usage,78,50,50,5
W-CART,W-CART:cart,18,1.0,0.06,0.17,80 83 108 109 79 81 84 107 110 112 111 113 106 82 85 105 104 114 78 86,80 83 108 109 79 81 84 107 110 112 111 113 106 82 85 105 104 114 78 86,simulation,db4,usage,78,50,50,5
ALL,W-QDA:qda,3,3.0,0.06,0.116,106 107 110 83 84 81 85 111 80 112 116 113 104 105 108 109 114 76 87 115,80 83 108 109 79 81 84 107 110 112 111 113 106 82 85 105 104 114 78 86,simulation,db4,usage,78,50,50,5
W-NN,W-NN:k=3,18,,0.12,0.246,47 33 141 95 94 152 23 190 188 67 70 17 153 66 71 9 37 38 16 19,47 33 141 95 94 152 23 190 188 67 70 17 153 66 71 9 37 38 16 19,simulation,db4,energy,79,50,50,5
W-QDA,W-QDA:qda,16,,0.16,0.124,47 33 141 95 94 152 23 190 188 67 70 17 153 66 71 9 37 38 16 19,47 33 141 95 94 152 23 190 188 67 70 17 153 66 71 9 37 38 16 19,simulation,db4,energy,79,50,50,5
W-CART,W-CART:cart,10,,0.16,0.232,47 33 141 95 94 152 23 190 188 67 70 17 153 66 71 9 37 38 16 19,47 33 141 95 94 152 23 190 188 67 70 17 153 66 71 9 37 38 16 19,simulation,db4,energy,79,50,50,5
ALL,W-NN:k=3,18,,0.12,0.246,47 33 141 95 94 152 23 190 188 67 70 17 153 66 71 9 37 38 16 19,47 33 141 95 94 152 23 190 188 67 70 17 153 66 71 9 37 38 16 19,simulation,db4,energy,79,50,50,5
W-NN,W-NN:k=1,31,3.0,0.08,0.12,76 77 79 112 116 117 83 109 114 81 110 115 118 75 78 80 82 84 107 111,80 78 77 82 112 79 81 110 111 76 83 114 116 113 115 84 108 109 117 74,simulation,db4,usage,79,50,50,5
W-QDA,W-QDA:qda,17,2.0,0.02,0.046,76 77 112 78 81 115 83 110 74 80 116 117 79 82 107 109 111 114 118 75,80 78 77 82 112 79 81 110 111 76 83 114 116 113 115 84 108 109 117 74,simulation,db4,usage,79,50,50,5
W-CART,W-CART:cart,14,3.0,0.08,0.122,76 77 79 112 116 117 83 109 114 81 110 115 118 75 78 80 82 84 107 111,80 78 77 82 112 79 81 110 111 76 83 114 116 113 115 84 108 109 117 74,simulation,db4,usage,79,50,50,5
ALL,W-QDA:qda,17,2.0,0.02,0.046,76 77 112 78 81 115 83 110 74 80 116 117 79 82 107 109 111 114 118 75,80 78 77 82 112 79 81 110 111 76 83 114 116 113 115 84 108 109 117 74,simulation,db4,usage,79,50,50,5
W-NN,W-NN:k=1,17,,0.14,0.268,124 46 186 127 212 254 63 164 26 20 31 41 213 81 40 15 52 11 53 92,124 46 186 127 212 254 63 164 26 20 31 41 213 81 40 15 52 11 53 92,simulation,db4,energy,80,50,50,5
W-QDA,W-QDA:qda,18,,0.06,0.22,124 46 186 127 212 254 63 164 26 20 31 41 213 81 40 15 52 11 53 92,124 46 186 127 212 254 63 164 26 20 31 41 213 81 40 15 52 11 53 92,simulation,db4,energy,80,50,50,5
W-CART,W-CART:cart,18,,0.18,0.244,124 46 186 127 212 254 63 164 26 20 31 41 213 81 40 15 52 11 53 92,124 46 186 127 212 254 63 164 26 20 31 41 213 81 40 15 52 11 53 92,simulation,db4,energy,80,50,50,5
ALL,W-QDA:qda,18,,0.06,0.22,124 46 186 127 212 254 63 164 26 20 31 41 213 81 40 15 52 11 53 92,124 46 186 127 212 254 63 164 26 20 31 41 213 81 40 15 52 11 53 92,simulation,db4,energy,80,50,50,5
W-NN,W-NN:k=1,6,1.0,0.04,0.204,83 113 114 76 77 78 107 75 111 115 79 109 112 106 110 116 74 80 81 117,83 113 114 76 77 78 107 75 111 115 79 109 112 106 110 116 74 80 81 117,simulation,db4,usage,80,50,50,5
W-QDA,W-QDA:qda,18,0.5,0.02,0.096,112 83 77 114 78 109 113 79 76 80 81 82 107 111 108 110 115 116 75 84,83 113 114 76 77 78 107 75 111 115 79 109 112 106 110 116 74 80 81 117,simulation,db4,usage,80,50,50,5
W-CART,W-CART:cart,4,3.0,0.08,0.14,78 79 115 74 114 116 81 112 113 76 83 117 77 84 106 107 111 105 110 72,83 113 114 76 77 78 107 75 111 115 79 109 112 106 110 116 74 80 81 117,simulation,db4,usage,80,50,50,5
ALL,W-QDA:qda,18,0.5,0.02,0.096,112 83 77 114 78 109 113 79 76 80 81 82 107 111 108 110 115 116 75 84,83 113 114 76 77 78 107 75 111 115 79 109 112 106 110 116 74 80 81 117,simulation,db4,usage,80,50,50,5
W-NN,W-NN:k=1,5,,0.12,0.228,127 50 35 142 63 126 80 252 160 202 40 100 31 12 20 70 251 159 254 32,127 50 35 142 63 126 80 252 160 202 40 100 31 12 20 70 251 159 254 32,simulation,db4,energy,81,50,50,5
W-QDA,W-QDA:qda,16,,0.14,0.142,127 50 35 142 63 126 80 252 160 202 40 100 31 12 20 70 251 159 254 32,127 50 35 142 63 126 80 252 160 202 40 100 31 12 20 70 251 159 254 32,simulation,db4,energy,81,50,50,5
W-CART,W-CART:cart,59,,0.08,0.208,127 50 35 142 63 126 80 252 160 202 40 100 31 12 20 70 251 159 254 32,127 50 35 142 63 126 80 252 160 202 40 100 31 12 20 70 251 159 254 32,simulation,db4,energy,81,50,50,5
ALL,W-CART:cart,59,,0.08,0.208,127 50 35 142 63 126 80 252 160 202 40 100 31 12 20 70 251 159 254 32,127 50 35 142 63 126 80 252 160 202 40 100 31 12 20 70 251 159 254 32,simulation,db4,energy,81,50,50,5
W-NN,W-NN:k=1,11,1.0,0.06,0.182,79 81 80 108 76 77 109 110 111 82 113 114 112 78 83 107 115 116 75 74,79 81 80 108 76 77 109 110 111 82 113 114 112 78 83 107 115 116 75 74,simulation,db4,usage,81,50,50,5
W-QDA,W-QDA:qda,17,3.0,0.0,0.068,109 110 82 114 76 77 79 81 113 115 75 78 80 83 86 107 108 111 112 117,79 81 80 108 76 77 109 110 111 82 113 114 112 78 83 107 115 116 75 74,simulation,db4,usage,81,50,50,5
W-CART,W-CART:cart,30,0.5,0.06,0.166,81 82 79 80 109 110 77 111 112 78 108 114 76 83 107 113 116 74 75 115,79 81 80 108 76 77 109 110 111 82 113 114 112 78 83 107 115 116 75 74,simulation,db4,usage,81,50,50,5
ALL,W-QDA:qda,17,3.0,0.0,0.068,109 110 82 114 76 77 79 81 113 115 75 78 80 83 86 107 108 111 112 117,79 81 80 108 76 77 109 110 111 82 113 114 112 78 83 107 115 116 75 74,simulation,db4,usage,81,50,50,5
W-NN,W-NN:k=3,4,,0.04,0.17,123 67 84 20 39 79 165 82 169 158 41 10 19 40 2 33 61 21 164 78,123 67 84 20 39 79 165 82 169 158 41 10 19 40 2 33 61 21 164 78,simulation,db4,energy,82,50,50,5
W-QDA,W-QDA:qda,20,,0.08,0.264,123 67 84 20 39 79 165 82 169 158 41 10 19 40 2 33 61 21 164 78,123 67 84 20 39 79 165 82 169 158 41 10 19 40 2 33 61 21 164 78,simulation,db4,energy,82,50,50,5
W-CART,W-CART:cart,64,,0.08,0.2,123 67 84 20 39 79 165 82 169 158 41 10 19 40 2 33 61 21 164 78,123 67 84 20 39 79 165 82 169 158 41 10 19 40 2 33 61 21 164 78,simulation,db4,energy,82,50,50,5
ALL,W-NN:k=3,4,,0.04,0.17,123 67 84 20 39 79 165 82 169 158 41 10 19 40 2 33 61 21 164 78,123 67 84 20 39 79 165 82 169 158 41 10 19 40 2 33 61 21 164 78,simulation,db4,energy,82,50,50,5
W-NN,W-NN:k=1,17,2.0,0.08,0.14,81 111 110 80 112 82 85 109 78 84 108 113 73 79 83 107 116 115 105 106,82 112 80 81 109 110 111 78 79 83 108 84 106 113 85 107 114 116 117 77,simulation,db4,usage,82,50,50,5
W-QDA,W-QDA:qda,17,3.0,0.02,0.082,111 109 110 112 79 83 84 85 108 113 73 78 81 80 82 114 116 87 104 106,82 112 80 81 109 110 111 78 79 83 108 84 106 113 85 107 114 116 117 77,simulation,db4,usage,82,50,50,5
W-CART,W-CART:cart,42,2.0,0.02,0.128,81 111 110 80 112 82 85 109 78 84 108 113 73 79 83 107 116 115 105 106,82 112 80 81 109 110 111 78 79 83 108 84 106 113 85 107 114 116 117 77,simulation,db4,usage,82,50,50,5
ALL,W-QDA:qda,17,3.0,0.02,0.082,111 109 110 112 79 83 84 85 108 113 73 78 81 80 82 114 116 87 104 106,82 112 80 81 109 110 111 78 79 83 108 84 106 113 85 107 114 116 117 77,simulation,db4,usage,82,50,50,5
W-NN,W-NN:k=1,11,,0.1,0.142,47 34 23 51 95 103 138 73 146 188 36 139 190 8 206 94 93 46 25 145,47 34 23 51 95 103 138 73 146 188 36 139 190 8 206 94 93 46 25 145,simulation,db4,energy,83,50,50,5
W-QDA,W-QDA:qda,9,,0.14,0.052,47 34 23 51 95 103 138 73 146 188 36 139 190 8 206 94 93 46 25 145,47 34 23 51 95 103 138 73 146 188 36 139 190 8 206 94 93 46 25 145,simulation,db4,energy,83,50,50,5
W-CART,W-CART:cart,6,,0.14,0.172,47 34 23 51 95 103 138 73 146 188 36 139 190 8 206 94 93 46 25 145,47 34 23 51 95 103 138 73 146 188 36 139 190 8 206 94 93 46 25 145,simulation,db4,energy,83,50,50,5
ALL,W-NN:k=1,11,,0.1,0.142,47 34 23 51 95 103 138 73 146 188 36 139 190 8 206 94 93 46 25 145,47 34 23 51 95 103 138 73 146 188 36 139 190 8 206 94 93 46 25 145,simulation,db4,energy,83,50,50,5
W-NN,W-NN:k=1,58,3.0,0.1,0.178,73 74 76 72 75 118 77 112 114 115 117 116 78 111 113 119 71 79 109 80,74 115 78 81 75 114 116 117 77 110 112 73 76 82 72 79 118 71 119 80,simulation,db4,usage,83,50,50,5
W-QDA,W-QDA:qda,1,3.0,0.1,0.136,73 74 76 72 75 118 77 112 114 115 117 116 78 111 113 119 71 79 109 80,74 115 78 81 75 114 116 117 77 110 112 73 76 82 72 79 118 71 119 80,simulation,db4,usage,83,50,50,5
W-CART,W-CART:cart,27,3.0,0.08,0.104,73 74 76 72 75 118 77 112 114 115 117 116 78 111 113 119 71 79 109 80,74 115 78 81 75 114 116 117 77 110 112 73 76 82 72 79 118 71 119 80,simulation,db4,usage,83,50,50,5
ALL,W-CART:cart,27,3.0,0.08,0.104,73 74 76 72 75 118 77 112 114 115 117 116 78 111 113 119 71 79 109 80,74 115 78 81 75 114 116 117 77 110 112 73 76 82 72 79 118 71 119 80,simulation,db4,usage,83,50,50,5
W-NN,W-NN:k=3,5,,0.14,0.236,83 64 48 60 98 242 194 197 24 195 243 129 41 16 31 7 166 49 63 42,83 64 48 60 98 242 194 197 24 195 243 129 41 16 31 7 166 49 63 42,simulation,db4,energy,84,50,50,5
W-QDA,W-QDA:qda,19,,0.12,0.224,83 64 48 60 98 242 194 197 24 195 243 129 41 16 31 7 166 49 63 42,83 64 48 60 98 242 194 197 24 195 243 129 41 16 31 7 166 49 63 42,simulation,db4,energy,84,50,50,5
W-CART,W-CART:cart,60,,0.12,0.154,83 64 48 60 98 242 194 197 24 195 243 129 41 16 31 7 166 49 63 42,83 64 48 60 98 242 194 197 24 195 243 129 41 16 31 7 166 49 63 42,simulation,db4,energy,84,50,50,5
ALL,W-QDA:qda,19,,0.12,0.224,83 64 48 60 98 242 194 197 24 195 243 129 41 16 31 7 166 49 63 42,83 64 48 60 98 242 194 197 24 195 243 129 41 16 31 7 166 49 63 42,simulation,db4,energy,84,50,50,5
W-NN,W-NN:k=1,9,0.5,0.02,0.172,79 80 81 84 113 82 83 112 85 107 110 111 77 86 104 105 106 108 114 76,83 81 84 108 77 85 86 82 106 113 79 80 87 104 105 107 114 76 78 110,simulation,db4,usage,84,50,50,5
W-QDA,W-QDA:qda,16,3.0,0.02,0.07,83 84 82 81 104 105 107 116 106 77 108 88 103 110 115 78 79 85 86 87,83 81 84 108 77 85 86 82 106 113 79 80 87 104 105 107 114 76 78 110,simulation,db4,usage,84,50,50,5
W-CART,W-CART:cart,10,2.0,0.04,0.124,83 84 82 106 81 85 104 105 107 116 77 80 108 87 114 79 86 110 76 88,83 81 84 108 77 85 86 82 106 113 79 80 87 104 105 107 114 76 78 110,simulation,db4,usage,84,50,50,5
ALL,W-NN:k=1,9,0.5,0.02,0.172,79 80 81 84 113 82 83 112 85 107 110 111 77 86 104 105 106 108 114 76,83 81 84 108 77 85 86 82 106 113 79 80 87 104 105 107 114 76 78 110,simulation,db4,usage,84,50,50,5
W-NN,W-NN:k=1,4,,0.02,0.094,73 120 60 115 240 230 57 78 30 39 36 19 239 77 119 147 28 15 38 59,73 120 60 115 240 230 57 78 30 39 36 19 239 77 119 147 28 15 38 59,simulation,db4,energy,85,50,50,5
W-QDA,W-QDA:qda,11,,0.0,0.078,73 120 60 115 240 230 57 78 30 39 36 19 239 77 119 147 28 15 38 59,73 120 60 115 240 230 57 78 30 39 36 19 239 77 119 147 28 15 38 59,simulation,db4,energy,85,50,50,5
W-CART,W-CART:cart,1,,0.1,0.106,73 120 60 115 240 230 57 78 30 39 36 19 239 77 119 147 28 15 38 59,73 120 60 115 240 230 57 78 30 39 36 19 239 77 119 147 28 15 38 59,simulation,db4,energy,85,50,50,5
ALL,W-QDA:qda,11,,0.0,0.078,73 120 60 115 240 230 57 78 30 39 36 19 239 77 119 147 28 15 38 59,73 120 60 115 240 230 57 78 30 39 36 19 239 77 119 147 28 15 38 59,simulation,db4,energy,85,50,50,5
W-NN,W-NN:k=1,5,2.0,0.02,0.166,79 106 82 83 84 108 109 80 81 107 77 111 112 115 75 105 110 114 116 78,79 83 107 108 77 81 82 84 106 109 112 80 105 110 111 113 114 78 85 75,simulation,db4,usage,85,50,50,5
W-QDA,W-QDA:qda,5,2.0,0.06,0.106,79 106 82 83 84 108 109 80 81 107 77 111 112 115 75 105 110 114 116 78,79 83 107 108 77 81 82 84 106 109 112 80 105 110 111 113 114 78 85 75,simulation,db4,usage,85,50,50,5
W-CART,W-CART:cart,4,3.0,0.04,0.134,83 108 79 84 109 80 107 78 112 75 77 81 82 106 116 117 115 105 110 111,79 83 107 108 77 81 82 84 106 109 112 80 105 110 111 113 114 78 85 75,simulation,db4,usage,85,50,50,5
ALL,W-NN:k=1,5,2.0,0.02,0.166,79 106 82 83 84 108 109 80 81 107 77 111 112 115 75 105 110 114 116 78,79 83 107 108 77 81 82 84 106 109 112 80 105 110 111 113 114 78 85 75,simulation,db4,usage,85,50,50,5
W-NN,W-NN:k=1,4,,0.1,0.252,51 77 102 208 26 103 212 52 25 204 213 38 53 12 6 205 13 9 203 1,51 77 102 208 26 103 212 52 25 204 213 38 53 12 6 205 13 9 203 1,simulation,db4,energy,86,50,50,5
W-QDA,W-QDA:qda,7,,0.0,0.064,51 77 102 208 26 103 212 52 25 204 213 38 53 12 6 205 13 9 203 1,51 77 102 208 26 103 212 52 25 204 213 38 53 12 6 205 13 9 203 1,simulation,db4,energy,86,50,50,5
W-CART,W-CART:cart,29,,0.04,0.162,51 77 102 208 26 103 212 52 25 204 213 38 53 12 6 205 13 9 203 1,51 77 102 208 26 103 212 52 25 204 213 38 53 12 6 205 13 9 203 1,simulation,db4,energy,86,50,50,5
ALL,W-QDA:qda,7,,0.0,0.064,51 77 102 208 26 103 212 52 25 204 213 38 53 12 6 205 13 9 203 1,51 77 102 208 26 103 212 52 25 204 213 38 53 12 6 205 13 9 203 1,simulation,db4,energy,86,50,50,5
W-NN,W-NN:k=5,1,3.0,0.1,0.134,106 79 107 81 105 112 108 109 78 84 111 72 73 76 80 85 104 113 115 77,108 111 78 79 109 82 107 76 81 106 112 105 84 110 75 77 83 85 86 113,simulation,db4,usage,86,50,50,5
W-QDA,W-QDA:qda,3,3.0,0.06,0.118,106 79 107 81 105 112 108 109 78 84 111 72 73 76 80 85 104 113 115 77,108 111 78 79 109 82 107 76 81 106 112 105 84 110 75 77 83 85 86 113,simulation,db4,usage,86,50,50,5
W-CART,W-CART:cart,4,2.0,0.04,0.12,79 81 78 105 106 108 109 107 112 76 83 84 111 77 110 113 115 73 82 85,108 111 78 79 109 82 107 76 81 106 112 105 84 110 75 77 83 85 86 113,simulation,db4,usage,86,50,50,5
ALL,W-CART:cart,4,2.0,0.04,0.12,79 81 78 105 106 108 109 107 112 76 83 84 111 77 110 113 115 73 82 85,108 111 78 79 109 82 107 76 81 106 112 105 84 110 75 77 83 85 86 113,simulation,db4,usage,86,50,50,5
W-NN,W-NN:k=3,4,,0.12,0.122,60 86 242 173 225 141 196 17 21 24 49 243 112 70 97 48 55 34 28 14,60 86 242 173 225 141 196 17 21 24 49 243 112 70 97 48 55 34 28 14,simulation,db4,energy,87,50,50,5
W-QDA,W-QDA:qda,18,,0.06,0.102,60 86 242 173 225 141 196 17 21 24 49 243 112 70 97 48 55 34 28 14,60 86 242 173 225 141 196 17 21 24 49 243 112 70 97 48 55 34 28 14,simulation,db4,energy,87,50,50,5
W-CART,W-CART:cart,17,,0.06,0.174,60 86 242 173 225 141 196 17 21 24 49 243 112 70 97 48 55 34 28 14,60 86 242 173 225 141 196 17 21 24 49 243 112 70 97 48 55 34 28 14,simulation,db4,energy,87,50,50,5
ALL,W-CART:cart,17,,0.06,0.174,60 86 242 173 225 141 196 17 21 24 49 243 112 70 97 48 55 34 28 14,60 86 242 173 225 141 196 17 21 24 49 243 112 70 97 48 55 34 28 14,simulation,db4,energy,87,50,50,5
W-NN,W-NN:k=1,10,2.0,0.06,0.138,75 112 113 74 109 114 111 76 77 110 116 73 79 80 108 78 81 83 115 117,111 76 78 112 74 79 113 115 75 77 80 114 109 72 73 81 116 110 117 108,simulation,db4,usage,87,50,50,5
W-QDA,W-QDA:qda,9,3.0,0.04,0.136,113 109 110 73 74 112 72 77 83 111 115 116 75 76 78 79 86 108 114 119,111 76 78 112 74 79 113 115 75 77 80 114 109 72 73 81 116 110 117 108,simulation,db4,usage,87,50,50,5
W-CART,W-CART:cart,16,1.5,0.04,0.08,112 109 113 114 115 74 76 78 79 111 75 77 80 81 110 117 72 73 82 108,111 76 78 112 74 79 113 115 75 77 80 114 109 72 73 81 116 110 117 108,simulation,db4,usage,87,50,50,5
ALL,W-QDA:qda,9,3.0,0.04,0.136,113 109 110 73 74 112 72 77 83 111 115 116 75 76 78 79 86 108 114 119,111 76 78 112 74 79 113 115 75 77 80 114 109 72 73 81 116 110 117 108,simulation,db4,usage,87,50,50,5
W-NN,W-NN:k=3,42,,0.1,0.1,90 45 172 182 22 23 21 47 58 93 115 183 116 46 94 43 42 57 5 29,90 45 172 182 22 23 21 47 58 93 115 183 116 46 94 43 42 57 5 29,simulation,db4,energy,88,50,50,5
W-QDA,W-QDA:qda,12,,0.02,0.106,90 45 172 182 22 23 21 47 58 93 115 183 116 46 94 43 42 57 5 29,90 45 172 182 22 23 21 47 58 93 115 183 116 46 94 43 42 57 5 29,simulation,db4,energy,88,50,50,5
W-CART,W-CART:cart,27,,0.08,0.14,90 45 172 182 22 23 21 47 58 93 115 183 116 46 94 43 42 57 5 29,90 45 172 182 22 23 21 47 58 93 115 183 116 46 94 43 42 57 5 29,simulation,db4,energy,88,50,50,5
ALL,W-QDA:qda,12,,0.02,0.106,90 45 172 182 22 23 21 47 58 93 115 183 116 46 94 43 42 57 5 29,90 45 172 182 22 23 21 47 58 93 115 183 116 46 94 43 42 57 5 29,simulation,db4,energy,88,50,50,5
W-NN,W-NN:k=5,8,1.5,0.06,0.094,79 78 113 77 83 108 116 75 84 85 105 115 80 81 82 106 109 111 114 74,83 113 79 85 108 114 116 75 77 78 80 111 81 109 112 86 105 106 115 74,simulation,db4,usage,88,50,50,5
W-QDA,W-QDA:qda,8,2.0,0.02,0.048,79 84 75 78 115 74 85 106 109 113 116 77 82 83 105 107 111 76 80 114,83 113 79 85 108 114 116 75 77 78 80 111 81 109 112 86 105 106 115 74,simulation,db4,usage,88,50,50,5
W-CART,W-CART:cart,11,3.0,0.06,0.144,75 84 79 107 78 83 109 80 113 74 76 82 105 111 115 117 81 85 108 112,83 113 79 85 108 114 116 75 77 78 80 111 81 109 112 86 105 106 115 74,simulation,db4,usage,88,50,50,5
ALL,W-QDA:qda,8,2.0,0.02,0.048,79 84 75 78 115 74 85 106 109 113 116 77 82 83 105 107 111 76 80 114,83 113 79 85 108 114 116 75 77 78 80 111 81 109 112 86 105 106 115 74,simulation,db4,usage,88,50,50,5
W-NN,W-NN:k=3,17,,0.1,0.206,108 66 216 126 244 252 30 16 54 13 63 27 245 31 60 61 7 26 15 53,108 66 216 126 244 252 30 16 54 13 63 27 245 31 60 61 7 26 15 53,simulation,db4,energy,89,50,50,5
W-QDA,W-QDA:qda,12,,0.26,0.286,108 66 216 126 244 252 30 16 54 13 63 27 245 31 60 61 7 26 15 53,108 66 216 126 244 252 30 16 54 13 63 27 245 31 60 61 7 26 15 53,simulation,db4,energy,89,50,50,5
W-CART,W-CART:cart,33,,0.2,0.224,108 66 216 126 244 252 30 16 54 13 63 27 245 31 60 61 7 26 15 53,108 66 216 126 244 252 30 16 54 13 63 27 245 31 60 61 7 26 15 53,simulation,db4,energy,89,50,50,5
ALL,W-NN:k=3,17,,0.1,0.206,108 66 216 126 244 252 30 16 54 13 63 27 245 31 60 61 7 26 15 53,108 66 216 126 244 252 30 16 54 13 63 27 245 31 60 61 7 26 15 53,simulation,db4,energy,89,50,50,5
W-NN,W-NN:k=1,9,3.0,0.0,0.118,117 108 73 74 118 72 75 80 86 77 84 113 116 150 76 104 105 109 111 114,114 76 72 73 109 74 80 115 117 118 81 108 113 150 75 110 116 149 151 79,simulation,db4,usage,89,50,50,5
W-QDA,W-QDA:qda,2,0.5,0.06,0.084,115 72 114 75 110 76 80 108 73 74 77 109 111 112 113 118 81 117 150 233,114 76 72 73 109 74 80 115 117 118 81 108 113 150 75 110 116 149 151 79,simulation,db4,usage,89,50,50,5
W-CART,W-CART:cart,2,1.5,0.1,0.112,72 73 74 114 117 76 118 84 108 109 115 116 149 75 80 107 113 150 237 77,114 76 72 73 109 74 80 115 117 118 81 108 113 150 75 110 116 149 151 79,simulation,db4,usage,89,50,50,5
ALL,W-NN:k=1,9,3.0,0.0,0.118,117 108 73 74 118 72 75 80 86 77 84 113 116 150 76 104 105 109 111 114,114 76 72 73 109 74 80 115 117 118 81 108 113 150 75 110 116 149 151 79,simulation,db4,usage,89,50,50,5
W-NN,W-NN:k=1,4,,0.1,0.178,109 58 43 174 103 100 206 51 200 234 25 50 116 54 13 14 86 199 12 218,109 58 43 174 103 100 206 51 200 234 25 50 116 54 13 14 86 199 12 218,simulation,db4,energy,90,50,50,5
W-QDA,W-QDA:qda,10,,0.04,0.076,109 58 43 174 103 100 206 51 200 234 25 50 116 54 13 14 86 199 12 218,109 58 43 174 103 100 206 51 200 234 25 50 116 54 13 14 86 199 12 218,simulation,db4,energy,90,50,50,5
W-CART,W-CART:cart,6,,0.04,0.148,109 58 43 174 103 100 206 51 200 234 25 50 116 54 13 14 86 199 12 218,109 58 43 174 103 100 206 51 200 234 25 50 116 54 13 14 86 199 12 218,simulation,db4,energy,90,50,50,5
ALL,W-CART:cart,6,,0.04,0.148,109 58 43 174 103 100 206 51 200 234 25 50 116 54 13 14 86 199 12 218,109 58 43 174 103 100 206 51 200 234 25 50 116 54 13 14 86 199 12 218,simulation,db4,energy,90,50,50,5
W-NN,W-NN:k=9,11,2.0,0.04,0.062,75 76 78 77 79 115 116 73 81 82 104 109 111 114 117 119 72 74 106 107,115 75 76 77 114 78 79 108 111 116 81 82 109 110 112 113 118 73 80 107,simulation,db4,usage,90,50,50,5
W-QDA,W-QDA:qda,13,1.5,0.02,0.126,76 75 114 77 78 108 115 79 109 116 118 73 82 111 117 81 83 104 106 119,115 75 76 77 114 78 79 108 111 116 81 82 109 110 112 113 118 73 80 107,simulation,db4,usage,90,50,50,5
W-CART,W-CART:cart,24,1.5,0.06,0.122,76 75 114 77 78 108 115 79 109 116 118 73 82 111 117 81 83 104 106 119,115 75 76 77 114 78 79 108 111 116 81 82 109 110 112 113 118 73 80 107,simulation,db4,usage,90,50,50,5
ALL,W-QDA:qda,13,1.5,0.02,0.126,76 75 114 77 78 108 115 79 109 116 118 73 82 111 117 81 83 104 106 119,115 75 76 77 114 78 79 108 111 116 81 82 109 110 112 113 118 73 80 107,simulation,db4,usage,90,50,50,5
W-NN,W-NN:k=5,2,,0.08,0.152,204 85 25 40 51 50 101 162 216 54 80 107 42 10 53 13 27 12 170 205,204 85 25 40 51 50 101 162 216 54 80 107 42 10 53 13 27 12 170 205,simulation,db4,energy,91,50,50,5
W-QDA,W-QDA:qda,7,,0.04,0.08,204 85 25 40 51 50 101 162 216 54 80 107 42 10 53 13 27 12 170 205,204 85 25 40 51 50 101 162 216 54 80 107 42 10 53 13 27 12 170 205,simulation,db4,energy,91,50,50,5
W-CART,W-CART:cart,8,,0.06,0.142,204 85 25 40 51 50 101 162 216 54 80 107 42 10 53 13 27 12 170 205,204 85 25 40 51 50 101 162 216 54 80 107 42 10 53 13 27 12 170 205,simulation,db4,energy,91,50,50,5
ALL,W-QDA:qda,7,,0.04,0.08,204 85 25 40 51 50 101 162 216 54 80 107 42 10 53 13 27 12 170 205,204 85 25 40 51 50 101 162 216 54 80 107 42 10 53 13 27 12 170 205,simulation,db4,energy,91,50,50,5
W-NN,W-NN:k=3,13,2.0,0.1,0.156,79 108 109 80 81 111 113 115 78 110 77 82 83 114 85 112 117 76 84 107,79 78 108 111 77 80 81 109 110 113 114 82 115 76 84 85 75 83 107 116,simulation,db4,usage,91,50,50,5
W-QDA,W-QDA:qda,15,3.0,0.1,0.124,79 80 108 81 111 115 77 109 110 114 117 76 116 82 85 107 112 78 83 106,79 78 108 111 77 80 81 109 110 113 114 82 115 76 84 85 75 83 107 116,simulation,db4,usage,91,50,50,5
W-CART,W-CART:cart,31,3.0,0.08,0.13,79 80 108 81 111 115 77 109 110 114 117 76 116 82 85 107 112 78 83 106,79 78 108 111 77 80 81 109 110 113 114 82 115 76 84 85 75 83 107 116,simulation,db4,usage,91,50,50,5
ALL,W-CART:cart,31,3.0,0.08,0.13,79 80 108 81 111 115 77 109 110 114 117 76 116 82 85 107 112 78 83 106,79 78 108 111 77 80 81 109 110 113 114 82 115 76 84 85 75 83 107 116,simulation,db4,usage,91,50,50,5
W-NN,W-NN:k=1,1,,0.08,0.192,86 112 52 153 241 105 225 173 76 21 121 242 104 77 9 14 113 87 60 7,86 112 52 153 241 105 225 173 76 21 121 242 104 77 9 14 113 87 60 7,simulation,db4,energy,92,50,50,5
W-QDA,W-QDA:qda,14,,0.04,0.05,86 112 52 153 241 105 225 173 76 21 121 242 104 77 9 14 113 87 60 7,86 112 52 153 241 105 225 173 76 21 121 242 104 77 9 14 113 87 60 7,simulation,db4,energy,92,50,50,5
W-CART,W-CART:cart,10,,0.06,0.178,86 112 52 153 241 105 225 173 76 21 121 242 104 77 9 14 113 87 60 7,86 112 52 153 241 105 225 173 76 21 121 242 104 77 9 14 113 87 60 7,simulation,db4,energy,92,50,50,5
ALL,W-QDA:qda,14,,0.04,0.05,86 112 52 153 241 105 225 173 76 21 121 242 104 77 9 14 113 87 60 7,86 112 52 153 241 105 225 173 76 21 121 242 104 77 9 14 113 87 60 7,simulation,db4,energy,92,50,50,5
W-NN,W-NN:k=1,5,0.5,0.12,0.162,80 111 75 81 115 77 79 82 108 110 114 76 78 107 109 112 113 116 74 85,81 82 77 110 111 112 109 114 78 79 113 80 85 76 86 108 116 75 105 107,simulation,db4,usage,92,50,50,5
W-QDA,W-QDA:qda,8,3.0,0.12,0.154,112 81 111 82 108 79 109 113 114 76 78 80 110 84 107 77 85 86 105 117,81 82 77 110 111 112 109 114 78 79 113 80 85 76 86 108 116 75 105 107,simulation,db4,usage,92,50,50,5
W-CART,W-CART:cart,6,1.5,0.06,0.196,81 111 112 80 85 113 114 79 82 86 108 77 78 109 110 76 75 105 107 87,81 82 77 110 111 112 109 114 78 79 113 80 85 76 86 108 116 75 105 107,simulation,db4,usage,92,50,50,5
ALL,W-CART:cart,6,1.5,0.06,0.196,81 111 112 80 85 113 114 79 82 86 108 77 78 109 110 76 75 105 107 87,81 82 77 110 111 112 109 114 78 79 113 80 85 76 86 108 116 75 105 107,simulation,db4,usage,92,50,50,5
W-NN,W-NN:k=1,11,,0.06,0.108,110 77 179 38 155 137 221 27 90 32 16 127 8 180 68 64 45 33 63 9,110 77 179 38 155 137 221 27 90 32 16 127 8 180 68 64 45 33 63 9,simulation,db4,energy,93,50,50,5
W-QDA,W-QDA:qda,13,,0.08,0.148,110 77 179 38 155 137 221 27 90 32 16 127 8 180 68 64 45 33 63 9,110 77 179 38 155 137 221 27 90 32 16 127 8 180 68 64 45 33 63 9,simulation,db4,energy,93,50,50,5
W-CART,W-CART:cart,26,,0.18,0.166,110 77 179 38 155 137 221 27 90 32 16 127 8 180 68 64 45 33 63 9,110 77 179 38 155 137 221 27 90 32 16 127 8 180 68 64 45 33 63 9,simulation,db4,energy,93,50,50,5
ALL,W-NN:k=1,11,,0.06,0.108,110 77 179 38 155 137 221 27 90 32 16 127 8 180 68 64 45 33 63 9,110 77 179 38 155 137 221 27 90 32 16 127 8 180 68 64 45 33 63 9,simulation,db4,energy,93,50,50,5
W-NN,W-NN:k=3,3,3.0,0.08,0.132,116 74 75 76 115 84 77 78 81 105 112 117 72 73 114 118 107 111 80 83,77 78 115 76 114 116 74 75 79 112 80 81 113 118 73 111 117 84 85 109,simulation,db4,usage,93,50,50,5
W-QDA,W-QDA:qda,17,3.0,0.04,0.066,116 74 75 76 115 84 77 78 81 105 112 117 72 73 114 118 107 111 80 83,77 78 115 76 114 116 74 75 79 112 80 81 113 118 73 111 117 84 85 109,simulation,db4,usage,93,50,50,5
W-CART,W-CART:cart,8,1.5,0.08,0.092,115 116 74 76 112 78 114 73 75 77 117 84 113 79 81 85 109 111 80 118,77 78 115 76 114 116 74 75 79 112 80 81 113 118 73 111 117 84 85 109,simulation,db4,usage,93,50,50,5
ALL,W-QDA:qda,17,3.0,0.04,0.066,116 74 75 76 115 84 77 78 81 105 112 117 72 73 114 118 107 111 80 83,77 78 115 76 114 116 74 75 79 112 80 81 113 118 73 111 117 84 85 109,simulation,db4,usage,93,50,50,5
W-NN,W-NN:k=1,7,,0.06,0.09,149 167 61 104 203 246 208 83 74 52 102 18 51 204 247 84 75 42 25 26,149 167 61 104 203 246 208 83 74 52 102 18 51 204 247 84 75 42 25 26,simulation,db4,energy,94,50,50,5
W-QDA,W-QDA:qda,9,,0.04,0.098,149 167 61 104 203 246 208 83 74 52 102 18 51 204 247 84 75 42 25 26,149 167 61 104 203 246 208 83 74 52 102 18 51 204 247 84 75 42 25 26,simulation,db4,energy,94,50,50,5
W-CART,W-CART:cart,53,,0.06,0.118,149 167 61 104 203 246 208 83 74 52 102 18 51 204 247 84 75 42 25 26,149 167 61 104 203 246 208 83 74 52 102 18 51 204 247 84 75 42 25 26,simulation,db4,energy,94,50,50,5
ALL,W-QDA:qda,9,,0.04,0.098,149 167 61 104 203 246 208 83 74 52 102 18 51 204 247 84 75 42 25 26,149 167 61 104 203 246 208 83 74 52 102 18 51 204 247 84 75 42 25 26,simulation,db4,energy,94,50,50,5
W-NN,W-NN:k=1,4,2.0,0.1,0.128,107 85 84 105 106 109 112 81 108 77 115 75 78 79 80 82 110 111 113 74,79 107 108 106 81 78 80 84 85 86 112 113 82 105 75 109 110 116 77 87,simulation,db4,usage,94,50,50,5
W-QDA,W-QDA:qda,17,1.5,0.02,0.078,81 107 84 85 112 79 80 105 106 109 82 108 111 75 115 73 74 77 78 86,79 107 108 106 81 78 80 84 85 86 112 113 82 105 75 109 110 116 77 87,simulation,db4,usage,94,50,50,5
W-CART,W-CART:cart,59,3.0,0.06,0.146,106 85 78 79 105 108 109 84 77 111 113 80 82 83 112 115 74 81 86 103,79 107 108 106 81 78 80 84 85 86 112 113 82 105 75 109 110 116 77 87,simulation,db4,usage,94,50,50,5
ALL,W-QDA:qda,17,1.5,0.02,0.078,81 107 84 85 112 79 80 105 106 109 82 108 111 75 115 73 74 77 78 86,79 107 108 106 81 78 80 84 85 86 112 113 82 105 75 109 110 116 77 87,simulation,db4,usage,94,50,50,5
W-NN,W-NN:k=1,45,,0.08,0.14,72 61 89 110 246 44 179 233 55 27 116 247 220 14 57 29 232 109 17 18,72 61 89 110 246 44 179 233 55 27 116 247 220 14 57 29 232 109 17 18,simulation,db4,energy,95,50,50,5
W-QDA,W-QDA:qda,16,,0.06,0.052,72 61 89 110 246 44 179 233 55 27 116 247 220 14 57 29 232 109 17 18,72 61 89 110 246 44 179 233 55 27 116 247 220 14 57 29 232 109 17 18,simulation,db4,energy,95,50,50,5
W-CART,W-CART:cart,15,,0.14,0.114,72 61 89 110 246 44 179 233 55 27 116 247 220 14 57 29 232 109 17 18,72 61 89 110 246 44 179 233 55 27 116 247 220 14 57 29 232 109 17 18,simulation,db4,energy,95,50,50,5
ALL,W-QDA:qda,16,,0.06,0.052,72 61 89 110 246 44 179 233 55 27 116 247 220 14 57 29 232 109 17 18,72 61 89 110 246 44 179 233 55 27 116 247 220 14 57 29 232 109 17 18,simulation,db4,energy,95,50,50,5
W-NN,W-NN:k=3,10,3.0,0.0,0.074,116 74 84 115 117 83 106 73 82 85 118 76 78 105 107 72 79 77 81 104,114 83 77 82 74 108 78 106 107 110 116 80 84 109 115 117 72 79 81 85,simulation,db4,usage,95,50,50,5
W-QDA,W-QDA:qda,8,1.0,0.02,0.054,114 83 77 82 74 108 78 106 107 110 116 80 84 109 115 117 72 79 81 85,114 83 77 82 74 108 78 106 107 110 116 80 84 109 115 117 72 79 81 85,simulation,db4,usage,95,50,50,5
W-CART,W-CART:cart,14,3.0,0.08,0.166,116 74 84 115 117 83 106 73 82 85 118 76 78 105 107 72 79 77 81 104,114 83 77 82 74 108 78 106 107 110 116 80 84 109 115 117 72 79 81 85,simulation,db4,usage,95,50,50,5
ALL,W-NN:k=3,10,3.0,0.0,0.074,116 74 84 115 117 83 106 73 82 85 118 76 78 105 107 72 79 77 81 104,114 83 77 82 74 108 78 106 107 110 116 80 84 109 115 117 72 79 81 85,simulation,db4,usage,95,50,50,5
W-NN,W-NN:k=3,14,,0.04,0.068,115 104 53 47 144 190 214 106 36 26 6 35 18 71 94 57 58 25 12 29,115 104 53 47 144 190 214 106 36 26 6 35 18 71 94 57 58 25 12 29,simulation,db4,energy,96,50,50,5
W-QDA,W-QDA:qda,21,,0.02,0.066,115 104 53 47 144 190 214 106 36 26 6 35 18 71 94 57 58 25 12 29,115 104 53 47 144 190 214 106 36 26 6 35 18 71 94 57 58 25 12 29,simulation,db4,energy,96,50,50,5
W-CART,W-CART:cart,7,,0.04,0.102,115 104 53 47 144 190 214 106 36 26 6 35 18 71 94 57 58 25 12 29,115 104 53 47 144 190 214 106 36 26 6 35 18 71 94 57 58 25 12 29,simulation,db4,energy,96,50,50,5
ALL,W-QDA:qda,21,,0.02,0.066,115 104 53 47 144 190 214 106 36 26 6 35 18 71 94 57 58 25 12 29,115 104 53 47 144 190 214 106 36 26 6 35 18 71 94 57 58 25 12 29,simulation,db4,energy,96,50,50,5
W-NN,W-NN:k=7,4,0.5,0.0,0.212,79 109 114 76 113 115 116 82 107 108 75 77 78 81 110 80 83 112 117 118,79 75 114 81 108 80 112 113 115 76 82 107 110 77 109 116 73 74 78 111,simulation,db4,usage,96,50,50,5
W-QDA,W-QDA:qda,3,3.0,0.02,0.194,112 115 75 79 80 116 110 114 76 108 78 81 85 73 74 82 113 77 107 109,79 75 114 81 108 80 112 113 115 76 82 107 110 77 109 116 73 74 78 111,simulation,db4,usage,96,50,50,5
W-CART,W-CART:cart,25,3.0,0.04,0.1,112 115 75 79 80 116 110 114 76 108 78 81 85 73 74 82 113 77 107 109,79 75 114 81 108 80 112 113 115 76 82 107 110 77 109 116 73 74 78 111,simulation,db4,usage,96,50,50,5
ALL,W-NN:k=7,4,0.5,0.0,0.212,79 109 114 76 113 115 116 82 107 108 75 77 78 81 110 80 83 112 117 118,79 75 114 81 108 80 112 113 115 76 82 107 110 77 109 116 73 74 78 111,simulation,db4,usage,96,50,50,5
W-NN,W-NN:k=1,2,,0.08,0.162,173 70 78 141 118 244 17 86 30 59 39 29 21 61 19 60 117 156 121 87,173 70 78 141 118 244 17 86 30 59 39 29 21 61 19 60 117 156 121 87,simulation,db4,energy,97,50,50,5
W-QDA,W-QDA:qda,12,,0.1,0.12,173 70 78 141 118 244 17 86 30 59 39 29 21 61 19 60 117 156 121 87,173 70 78 141 118 244 17 86 30 59 39 29 21 61 19 60 117 156 121 87,simulation,db4,energy,97,50,50,5
W-CART,W-CART:cart,1,,0.12,0.206,173 70 78 141 118 244 17 86 30 59 39 29 21 61 19 60 117 156 121 87,173 70 78 141 118 244 17 86 30 59 39 29 21 61 19 60 117 156 121 87,simulation,db4,energy,97,50,50,5
ALL,W-NN:k=1,2,,0.08,0.162,173 70 78 141 118 244 17 86 30 59 39 29 21 61 19 60 117 156 121 87,173 70 78 141 118 244 17 86 30 59 39 29 21 61 19 60 117 156 121 87,simulation,db4,energy,97,50,50,5
W-NN,W-NN:k=1,5,3.0,0.06,0.118,118 76 115 74 75 114 119 73 116 117 77 78 79 58 80 86 111 113 57 71,112 74 78 80 111 115 116 117 75 114 119 72 76 79 113 71 77 118 120 73,simulation,db4,usage,97,50,50,5
W-QDA,W-QDA:qda,2,1.0,0.06,0.168,112 74 78 80 111 115 116 117 75 114 119 72 76 79 113 71 77 118 120 73,112 74 78 80 111 115 116 117 75 114 119 72 76 79 113 71 77 118 120 73,simulation,db4,usage,97,50,50,5
W-CART,W-CART:cart,2,1.0,0.08,0.124,112 74 78 80 111 115 116 117 75 114 119 72 76 79 113 71 77 118 120 73,112 74 78 80 111 115 116 117 75 114 119 72 76 79 113 71 77 118 120 73,simulation,db4,usage,97,50,50,5
ALL,W-QDA:qda,2,1.0,0.06,0.168,112 74 78 80 111 115 116 117 75 114 119 72 76 79 113 71 77 118 120 73,112 74 78 80 111 115 116 117 75 114 119 72 76 79 113 71 77 118 120 73,simulation,db4,usage,97,50,50,5
W-NN,W-NN:k=1,9,,0.08,0.134,98 69 231 253 138 34 197 144 116 24 127 31 36 8 232 254 58 71 35 18,98 69 231 253 138 34 197 144 116 24 127 31 36 8 232 254 58 71 35 18,simulation,db4,energy,98,50,50,5
W-QDA,W-QDA:qda,9,,0.02,0.068,98 69 231 253 138 34 197 144 116 24 127 31 36 8 232 254 58 71 35 18,98 69 231 253 138 34 197 144 116 24 127 31 36 8 232 254 58 71 35 18,simulation,db4,energy,98,50,50,5
W-CART,W-CART:cart,26,,0.06,0.12,98 69 231 253 138 34 197 144 116 24 127 31 36 8 232 254 58 71 35 18,98 69 231 253 138 34 197 144 116 24 127 31 36 8 232 254 58 71 35 18,simulation,db4,energy,98,50,50,5
ALL,W-QDA:qda,9,,0.02,0.068,98 69 231 253 138 34 197 144 116 24 127 31 36 8 232 254 58 71 35 18,98 69 231 253 138 34 197 144 116 24 127 31 36 8 232 254 58 71 35 18,simulation,db4,energy,98,50,50,5
W-NN,W-NN:k=3,2,0.5,0.08,0.122,116 76 77 78 79 113 111 80 109 114 115 75 110 112 81 158 226 230 74 117,77 113 78 111 76 80 109 114 116 79 110 115 81 83 112 75 84 74 117 73,simulation,db4,usage,98,50,50,5
W-QDA,W-QDA:qda,10,3.0,0.08,0.136,78 116 110 77 112 79 81 111 117 71 72 113 114 76 109 80 82 115 118 73,77 113 78 111 76 80 109 114 116 79 110 115 81 83 112 75 84 74 117 73,simulation,db4,usage,98,50,50,5
W-CART,W-CART:cart,15,1.5,0.06,0.12,78 113 77 111 115 79 109 116 76 110 112 80 81 114 73 117 83 75 107 71,77 113 78 111 76 80 109 114 116 79 110 115 81 83 112 75 84 74 117 73,simulation,db4,usage,98,50,50,5
ALL,W-CART:cart,15,1.5,0.06,0.12,78 113 77 111 115 79 109 116 76 110 112 80 81 114 73 117 83 75 107 71,77 113 78 111 76 80 109 114 116 79 110 115 81 83 112 75 84 74 117 73,simulation,db4,usage,98,50,50,5
W-NN,W-NN:k=9,3,,0.08,0.144,117 48 120 114 240 79 158 194 58 57 60 28 39 19 235 228 96 14 3 30,117 48 120 114 240 79 158 194 58 57 60 28 39 19 235 228 96 14 3 30,simulation,db4,energy,99,50,50,5
W-QDA,W-QDA:qda,17,,0.38,0.328,117 48 120 114 240 79 158 194 58 57 60 28 39 19 235 228 96 14 3 30,117 48 120 114 240 79 158 194 58 57 60 28 39 19 235 228 96 14 3 30,simulation,db4,energy,99,50,50,5
W-CART,W-CART:cart,1,,0.12,0.146,117 48 120 114 240 79 158 194 58 57 60 28 39 19 235 228 96 14 3 30,117 48 120 114 240 79 158 194 58 57 60 28 39 19 235 228 96 14 3 30,simulation,db4,energy,99,50,50,5
ALL,W-NN:k=9,3,,0.08,0.144,117 48 120 114 240 79 158 194 58 57 60 28 39 19 235 228 96 14 3 30,117 48 120 114 240 79 158 194 58 57 60 28 39 19 235 228 96 14 3 30,simulation,db4,energy,99,50,50,5
W-NN,W-NN:k=1,13,0.5,0.04,0.146,77 79 78 113 80 114 75 112 115 117 110 116 119 73 76 111 118 82 157 159,77 113 114 78 117 79 119 76 80 112 72 82 116 71 73 75 109 115 111 118,simulation,db4,usage,99,50,50,5
W-QDA,W-QDA:qda,6,3.0,0.06,0.07,119 76 77 78 72 79 116 118 73 82 83 110 112 113 114 117 75 81 115 71,77 113 114 78 117 79 119 76 80 112 72 82 116 71 73 75 109 115 111 118,simulation,db4,usage,99,50,50,5
W-CART,W-CART:cart,5,2.0,0.06,0.094,77 72 78 119 113 114 118 71 73 76 79 83 112 116 117 111 115 110 75 80,77 113 114 78 117 79 119 76 80 112 72 82 116 71 73 75 109 115 111 118,simulation,db4,usage,99,50,50,5
ALL,W-NN:k=1,13,0.5,0.04,0.146,77 79 78 113 80 114 75 112 115 117 110 116 119 73 76 111 118 82 157 159,77 113 114 78 117 79 119 76 80 112 72 82 116 71 73 75 109 115 111 118,simulation,db4,usage,99,50,50,5
