family,chosen,d,c,val_err,test_err,top,top_c1,setting,wavelet,rule,rep,n,m,n_outliers
W-NN,W-NN:k=1,10,,0.12,0.14,3 0 1 4 2 5 6 8 12 11 24 7 23 9 25 10 47 16 13 50,3 0 1 4 2 5 6 8 12 11 24 7 23 9 25 10 47 16 13 50,ecg200-raw,db4,energy,0,50,50,0
W-QDA,W-QDA:qda,10,,0.12,0.18,3 0 1 4 2 5 6 8 12 11 24 7 23 9 25 10 47 16 13 50,3 0 1 4 2 5 6 8 12 11 24 7 23 9 25 10 47 16 13 50,ecg200-raw,db4,energy,0,50,50,0
W-CART,W-CART:cart,9,,0.14,0.16,3 0 1 4 2 5 6 8 12 11 24 7 23 9 25 10 47 16 13 50,3 0 1 4 2 5 6 8 12 11 24 7 23 9 25 10 47 16 13 50,ecg200-raw,db4,energy,0,50,50,0
ALL,W-NN:k=1,10,,0.12,0.14,3 0 1 4 2 5 6 8 12 11 24 7 23 9 25 10 47 16 13 50,3 0 1 4 2 5 6 8 12 11 24 7 23 9 25 10 47 16 13 50,ecg200-raw,db4,energy,0,50,50,0
W-NN,W-NN:k=1,10,0.5,0.12,0.14,1 3 4 6 0 2 5 8 11 12 7 23 9 10 25 24 47 16 13 26,3 1 6 0 4 5 2 8 11 12 23 9 25 24 10 7 47 13 49 16,ecg200-raw,db4,usage,0,50,50,0
W-QDA,W-QDA:qda,11,0.5,0.1,0.18,1 3 4 6 0 2 5 8 11 12 7 23 9 10 25 24 47 16 13 26,3 1 6 0 4 5 2 8 11 12 23 9 25 24 10 7 47 13 49 16,ecg200-raw,db4,usage,0,50,50,0
W-CART,W-CART:cart,15,1.5,0.12,0.18,1 3 4 5 0 2 6 8 12 11 24 23 7 46 9 22 25 10 13 14,3 1 6 0 4 5 2 8 11 12 23 9 25 24 10 7 47 13 49 16,ecg200-raw,db4,usage,0,50,50,0
ALL,W-QDA:qda,11,0.5,0.1,0.18,1 3 4 6 0 2 5 8 11 12 7 23 9 10 25 24 47 16 13 26,3 1 6 0 4 5 2 8 11 12 23 9 25 24 10 7 47 13 49 16,ecg200-raw,db4,usage,0,50,50,0
W-NN,W-NN:k=3,10,,0.1,0.15,3 1 0 4 2 5 12 6 8 11 24 23 7 25 9 10 47 16 50 13,3 1 0 4 2 5 12 6 8 11 24 23 7 25 9 10 47 16 50 13,ecg200-raw,db4,energy,1,50,50,0
W-QDA,W-QDA:qda,10,,0.06,0.19,3 1 0 4 2 5 12 6 8 11 24 23 7 25 9 10 47 16 50 13,3 1 0 4 2 5 12 6 8 11 24 23 7 25 9 10 47 16 50 13,ecg200-raw,db4,energy,1,50,50,0
W-CART,W-CART:cart,10,,0.1,0.21,3 1 0 4 2 5 12 6 8 11 24 23 7 25 9 10 47 16 50 13,3 1 0 4 2 5 12 6 8 11 24 23 7 25 9 10 47 16 50 13,ecg200-raw,db4,energy,1,50,50,0
ALL,W-QDA:qda,10,,0.06,0.19,3 1 0 4 2 5 12 6 8 11 24 23 7 25 9 10 47 16 50 13,3 1 0 4 2 5 12 6 8 11 24 23 7 25 9 10 47 16 50 13,ecg200-raw,db4,energy,1,50,50,0
W-NN,W-NN:k=3,10,0.5,0.1,0.15,1 2 3 4 6 11 0 12 5 8 23 10 7 25 9 24 16 47 50 13,1 3 4 5 0 6 2 11 12 8 23 25 9 24 7 10 47 13 22 49,ecg200-raw,db4,usage,1,50,50,0
W-QDA,W-QDA:qda,10,3.0,0.02,0.19,3 4 1 5 0 2 11 12 6 7 8 9 10 13 14 15 16 17 18 19,1 3 4 5 0 6 2 11 12 8 23 25 9 24 7 10 47 13 22 49,ecg200-raw,db4,usage,1,50,50,0
W-CART,W-CART:cart,9,2.0,0.1,0.2,3 1 4 5 2 8 0 12 6 11 24 23 7 46 9 10 13 14 15 16,1 3 4 5 0 6 2 11 12 8 23 25 9 24 7 10 47 13 22 49,ecg200-raw,db4,usage,1,50,50,0
ALL,W-QDA:qda,10,3.0,0.02,0.19,3 4 1 5 0 2 11 12 6 7 8 9 10 13 14 15 16 17 18 19,1 3 4 5 0 6 2 11 12 8 23 25 9 24 7 10 47 13 22 49,ecg200-raw,db4,usage,1,50,50,0
W-NN,W-NN:k=5,16,,0.1,0.17,3 0 4 1 5 2 12 8 6 11 23 24 9 25 7 10 47 13 16 48,3 0 4 1 5 2 12 8 6 11 23 24 9 25 7 10 47 13 16 48,ecg200-raw,db4,energy,2,50,50,0
W-QDA,W-QDA:qda,11,,0.1,0.08,3 0 4 1 5 2 12 8 6 11 23 24 9 25 7 10 47 13 16 48,3 0 4 1 5 2 12 8 6 11 23 24 9 25 7 10 47 13 16 48,ecg200-raw,db4,energy,2,50,50,0
W-CART,W-CART:cart,57,,0.14,0.16,3 0 4 1 5 2 12 8 6 11 23 24 9 25 7 10 47 13 16 48,3 0 4 1 5 2 12 8 6 11 23 24 9 25 7 10 47 13 16 48,ecg200-raw,db4,energy,2,50,50,0
ALL,W-QDA:qda,11,,0.1,0.08,3 0 4 1 5 2 12 8 6 11 23 24 9 25 7 10 47 13 16 48,3 0 4 1 5 2 12 8 6 11 23 24 9 25 7 10 47 13 16 48,ecg200-raw,db4,energy,2,50,50,0
W-NN,W-NN:k=1,8,0.5,0.1,0.14,1 3 4 0 6 2 11 12 5 8 23 9 10 25 7 24 16 47 13 48,1 3 4 0 6 5 12 2 8 11 23 9 10 24 25 7 47 13 48 50,ecg200-raw,db4,usage,2,50,50,0
W-QDA,W-QDA:qda,15,1.0,0.08,0.13,1 3 4 0 6 5 12 2 8 11 23 9 10 24 25 7 47 13 48 50,1 3 4 0 6 5 12 2 8 11 23 9 10 24 25 7 47 13 48 50,ecg200-raw,db4,usage,2,50,50,0
W-CART,W-CART:cart,10,3.0,0.1,0.18,4 3 1 0 5 2 12 6 11 7 8 23 9 10 13 14 15 16 17 18,1 3 4 0 6 5 12 2 8 11 23 9 10 24 25 7 47 13 48 50,ecg200-raw,db4,usage,2,50,50,0
ALL,W-QDA:qda,15,1.0,0.08,0.13,1 3 4 0 6 5 12 2 8 11 23 9 10 24 25 7 47 13 48 50,1 3 4 0 6 5 12 2 8 11 23 9 10 24 25 7 47 13 48 50,ecg200-raw,db4,usage,2,50,50,0
W-NN,W-NN:k=3,16,,0.16,0.17,3 1 4 0 2 5 6 12 8 11 23 7 24 25 9 10 47 46 16 22,3 1 4 0 2 5 6 12 8 11 23 7 24 25 9 10 47 46 16 22,ecg200-raw,db4,energy,3,50,50,0
W-QDA,W-QDA:qda,4,,0.18,0.25,3 1 4 0 2 5 6 12 8 11 23 7 24 25 9 10 47 46 16 22,3 1 4 0 2 5 6 12 8 11 23 7 24 25 9 10 47 46 16 22,ecg200-raw,db4,energy,3,50,50,0
W-CART,W-CART:cart,16,,0.16,0.21,3 1 4 0 2 5 6 12 8 11 23 7 24 25 9 10 47 46 16 22,3 1 4 0 2 5 6 12 8 11 23 7 24 25 9 10 47 46 16 22,ecg200-raw,db4,energy,3,50,50,0
ALL,W-NN:k=3,16,,0.16,0.17,3 1 4 0 2 5 6 12 8 11 23 7 24 25 9 10 47 46 16 22,3 1 4 0 2 5 6 12 8 11 23 7 24 25 9 10 47 46 16 22,ecg200-raw,db4,energy,3,50,50,0
W-NN,W-NN:k=3,13,1.0,0.14,0.18,1 3 4 5 0 2 6 12 8 11 23 25 10 9 24 7 47 22 50 46,1 3 4 5 0 2 6 12 8 11 23 25 10 9 24 7 47 22 50 46,ecg200-raw,db4,usage,3,50,50,0
W-QDA,W-QDA:qda,10,3.0,0.14,0.14,3 4 1 2 5 0 6 12 11 23 8 7 9 10 13 14 15 16 17 18,1 3 4 5 0 2 6 12 8 11 23 25 10 9 24 7 47 22 50 46,ecg200-raw,db4,usage,3,50,50,0
W-CART,W-CART:cart,18,3.0,0.12,0.17,3 4 1 2 5 0 6 12 11 23 8 7 9 10 13 14 15 16 17 18,1 3 4 5 0 2 6 12 8 11 23 25 10 9 24 7 47 22 50 46,ecg200-raw,db4,usage,3,50,50,0
ALL,W-CART:cart,18,3.0,0.12,0.17,3 4 1 2 5 0 6 12 11 23 8 7 9 10 13 14 15 16 17 18,1 3 4 5 0 2 6 12 8 11 23 25 10 9 24 7 47 22 50 46,ecg200-raw,db4,usage,3,50,50,0
W-NN,W-NN:k=3,18,,0.08,0.18,3 1 4 0 2 5 6 12 8 11 23 24 7 25 9 47 10 13 16 46,3 1 4 0 2 5 6 12 8 11 23 24 7 25 9 47 10 13 16 46,ecg200-raw,db4,energy,4,50,50,0
W-QDA,W-QDA:qda,7,,0.14,0.16,3 1 4 0 2 5 6 12 8 11 23 24 7 25 9 47 10 13 16 46,3 1 4 0 2 5 6 12 8 11 23 24 7 25 9 47 10 13 16 46,ecg200-raw,db4,energy,4,50,50,0
W-CART,W-CART:cart,8,,0.1,0.26,3 1 4 0 2 5 6 12 8 11 23 24 7 25 9 47 10 13 16 46,3 1 4 0 2 5 6 12 8 11 23 24 7 25 9 47 10 13 16 46,ecg200-raw,db4,energy,4,50,50,0
ALL,W-NN:k=3,18,,0.08,0.18,3 1 4 0 2 5 6 12 8 11 23 24 7 25 9 47 10 13 16 46,3 1 4 0 2 5 6 12 8 11 23 24 7 25 9 47 10 13 16 46,ecg200-raw,db4,energy,4,50,50,0
W-NN,W-NN:k=3,18,1.0,0.08,0.18,1 4 3 6 5 0 2 8 12 11 23 25 10 9 24 7 47 13 22 16,1 4 3 6 5 0 2 8 12 11 23 25 10 9 24 7 47 13 22 16,ecg200-raw,db4,usage,4,50,50,0
W-QDA,W-QDA:qda,11,3.0,0.12,0.17,3 4 1 0 2 5 12 6 11 7 23 8 9 10 13 14 15 16 17 18,1 4 3 6 5 0 2 8 12 11 23 25 10 9 24 7 47 13 22 16,ecg200-raw,db4,usage,4,50,50,0
W-CART,W-CART:cart,9,1.0,0.1,0.24,1 4 3 6 5 0 2 8 12 11 23 25 10 9 24 7 47 13 22 16,1 4 3 6 5 0 2 8 12 11 23 25 10 9 24 7 47 13 22 16,ecg200-raw,db4,usage,4,50,50,0
ALL,W-NN:k=3,18,1.0,0.08,0.18,1 4 3 6 5 0 2 8 12 11 23 25 10 9 24 7 47 13 22 16,1 4 3 6 5 0 2 8 12 11 23 25 10 9 24 7 47 13 22 16,ecg200-raw,db4,usage,4,50,50,0
W-NN,W-NN:k=1,18,,0.1,0.15,3 1 0 4 2 5 12 11 8 6 23 25 24 7 9 10 47 13 22 16,3 1 0 4 2 5 12 11 8 6 23 25 24 7 9 10 47 13 22 16,ecg200-raw,db4,energy,5,50,50,0
W-QDA,W-QDA:qda,12,,0.1,0.15,3 1 0 4 2 5 12 11 8 6 23 25 24 7 9 10 47 13 22 16,3 1 0 4 2 5 12 11 8 6 23 25 24 7 9 10 47 13 22 16,ecg200-raw,db4,energy,5,50,50,0
W-CART,W-CART:cart,15,,0.1,0.17,3 1 0 4 2 5 12 11 8 6 23 25 24 7 9 10 47 13 22 16,3 1 0 4 2 5 12 11 8 6 23 25 24 7 9 10 47 13 22 16,ecg200-raw,db4,energy,5,50,50,0
ALL,W-QDA:qda,12,,0.1,0.15,3 1 0 4 2 5 12 11 8 6 23 25 24 7 9 10 47 13 22 16,3 1 0 4 2 5 12 11 8 6 23 25 24 7 9 10 47 13 22 16,ecg200-raw,db4,energy,5,50,50,0
W-NN,W-NN:k=1,15,0.5,0.08,0.16,1 3 2 4 6 11 5 0 23 12 8 10 25 7 9 24 47 13 16 50,1 3 2 4 5 0 6 11 12 23 8 25 24 10 9 47 7 22 13 50,ecg200-raw,db4,usage,5,50,50,0
W-QDA,W-QDA:qda,6,0.5,0.08,0.21,1 3 2 4 6 11 5 0 23 12 8 10 25 7 9 24 47 13 16 50,1 3 2 4 5 0 6 11 12 23 8 25 24 10 9 47 7 22 13 50,ecg200-raw,db4,usage,5,50,50,0
W-CART,W-CART:cart,11,2.0,0.08,0.16,1 3 4 2 5 0 8 12 6 11 23 7 24 47 9 10 13 14 15 16,1 3 2 4 5 0 6 11 12 23 8 25 24 10 9 47 7 22 13 50,ecg200-raw,db4,usage,5,50,50,0
ALL,W-QDA:qda,6,0.5,0.08,0.21,1 3 2 4 6 11 5 0 23 12 8 10 25 7 9 24 47 13 16 50,1 3 2 4 5 0 6 11 12 23 8 25 24 10 9 47 7 22 13 50,ecg200-raw,db4,usage,5,50,50,0
W-NN,W-NN:k=3,16,,0.16,0.12,3 0 1 4 2 5 12 8 6 11 24 23 7 25 10 9 47 16 13 22,3 0 1 4 2 5 12 8 6 11 24 23 7 25 10 9 47 16 13 22,ecg200-raw,db4,energy,6,50,50,0
W-QDA,W-QDA:qda,10,,0.12,0.13,3 0 1 4 2 5 12 8 6 11 24 23 7 25 10 9 47 16 13 22,3 0 1 4 2 5 12 8 6 11 24 23 7 25 10 9 47 16 13 22,ecg200-raw,db4,energy,6,50,50,0
W-CART,W-CART:cart,16,,0.18,0.24,3 0 1 4 2 5 12 8 6 11 24 23 7 25 10 9 47 16 13 22,3 0 1 4 2 5 12 8 6 11 24 23 7 25 10 9 47 16 13 22,ecg200-raw,db4,energy,6,50,50,0
ALL,W-QDA:qda,10,,0.12,0.13,3 0 1 4 2 5 12 8 6 11 24 23 7 25 10 9 47 16 13 22,3 0 1 4 2 5 12 8 6 11 24 23 7 25 10 9 47 16 13 22,ecg200-raw,db4,energy,6,50,50,0
W-NN,W-NN:k=5,3,0.5,0.16,0.24,1 3 6 0 4 2 5 11 7 12 8 23 10 24 25 9 16 47 26 48,3 1 6 4 0 5 2 12 11 8 25 24 23 9 10 7 47 22 50 13,ecg200-raw,db4,usage,6,50,50,0
W-QDA,W-QDA:qda,7,0.5,0.1,0.14,1 3 6 0 4 2 5 11 7 12 8 23 10 24 25 9 16 47 26 48,3 1 6 4 0 5 2 12 11 8 25 24 23 9 10 7 47 22 50 13,ecg200-raw,db4,usage,6,50,50,0
W-CART,W-CART:cart,7,0.5,0.18,0.23,1 3 6 0 4 2 5 11 7 12 8 23 10 24 25 9 16 47 26 48,3 1 6 4 0 5 2 12 11 8 25 24 23 9 10 7 47 22 50 13,ecg200-raw,db4,usage,6,50,50,0
ALL,W-QDA:qda,7,0.5,0.1,0.14,1 3 6 0 4 2 5 11 7 12 8 23 10 24 25 9 16 47 26 48,3 1 6 4 0 5 2 12 11 8 25 24 23 9 10 7 47 22 50 13,ecg200-raw,db4,usage,6,50,50,0
W-NN,W-NN:k=5,13,,0.12,0.2,3 1 4 0 2 5 6 12 8 11 23 24 25 7 9 10 47 16 22 50,3 1 4 0 2 5 6 12 8 11 23 24 25 7 9 10 47 16 22 50,ecg200-raw,db4,energy,7,50,50,0
W-QDA,W-QDA:qda,3,,0.1,0.21,3 1 4 0 2 5 6 12 8 11 23 24 25 7 9 10 47 16 22 50,3 1 4 0 2 5 6 12 8 11 23 24 25 7 9 10 47 16 22 50,ecg200-raw,db4,energy,7,50,50,0
W-CART,W-CART:cart,17,,0.1,0.16,3 1 4 0 2 5 6 12 8 11 23 24 25 7 9 10 47 16 22 50,3 1 4 0 2 5 6 12 8 11 23 24 25 7 9 10 47 16 22 50,ecg200-raw,db4,energy,7,50,50,0
ALL,W-QDA:qda,3,,0.1,0.21,3 1 4 0 2 5 6 12 8 11 23 24 25 7 9 10 47 16 22 50,3 1 4 0 2 5 6 12 8 11 23 24 25 7 9 10 47 16 22 50,ecg200-raw,db4,energy,7,50,50,0
W-NN,W-NN:k=5,13,1.0,0.12,0.2,1 3 2 6 4 5 0 12 8 11 23 25 10 24 7 9 47 22 50 13,1 3 2 6 4 5 0 12 8 11 23 25 10 24 7 9 47 22 50 13,ecg200-raw,db4,usage,7,50,50,0
W-QDA,W-QDA:qda,13,1.0,0.08,0.2,1 3 2 6 4 5 0 12 8 11 23 25 10 24 7 9 47 22 50 13,1 3 2 6 4 5 0 12 8 11 23 25 10 24 7 9 47 22 50 13,ecg200-raw,db4,usage,7,50,50,0
W-CART,W-CART:cart,19,1.0,0.08,0.14,1 3 2 6 4 5 0 12 8 11 23 25 10 24 7 9 47 22 50 13,1 3 2 6 4 5 0 12 8 11 23 25 10 24 7 9 47 22 50 13,ecg200-raw,db4,usage,7,50,50,0
ALL,W-QDA:qda,13,1.0,0.08,0.2,1 3 2 6 4 5 0 12 8 11 23 25 10 24 7 9 47 22 50 13,1 3 2 6 4 5 0 12 8 11 23 25 10 24 7 9 47 22 50 13,ecg200-raw,db4,usage,7,50,50,0
W-NN,W-NN:k=1,29,,0.14,0.09,3 1 4 0 5 2 8 6 12 11 23 24 25 7 9 10 47 16 50 13,3 1 4 0 5 2 8 6 12 11 23 24 25 7 9 10 47 16 50 13,ecg200-raw,db4,energy,8,50,50,0
W-QDA,W-QDA:qda,10,,0.12,0.19,3 1 4 0 5 2 8 6 12 11 23 24 25 7 9 10 47 16 50 13,3 1 4 0 5 2 8 6 12 11 23 24 25 7 9 10 47 16 50 13,ecg200-raw,db4,energy,8,50,50,0
W-CART,W-CART:cart,14,,0.1,0.22,3 1 4 0 5 2 8 6 12 11 23 24 25 7 9 10 47 16 50 13,3 1 4 0 5 2 8 6 12 11 23 24 25 7 9 10 47 16 50 13,ecg200-raw,db4,energy,8,50,50,0
ALL,W-CART:cart,14,,0.1,0.22,3 1 4 0 5 2 8 6 12 11 23 24 25 7 9 10 47 16 50 13,3 1 4 0 5 2 8 6 12 11 23 24 25 7 9 10 47 16 50 13,ecg200-raw,db4,energy,8,50,50,0
W-NN,W-NN:k=1,8,3.0,0.14,0.13,4 3 1 5 0 2 6 11 12 8 23 7 9 10 13 14 15 16 17 18,1 4 3 0 5 6 2 8 11 12 23 25 24 9 10 47 7 13 50 16,ecg200-raw,db4,usage,8,50,50,0
W-QDA,W-QDA:qda,10,0.5,0.12,0.19,1 4 3 6 0 5 2 8 11 12 23 10 7 9 25 24 16 47 13 17,1 4 3 0 5 6 2 8 11 12 23 25 24 9 10 47 7 13 50 16,ecg200-raw,db4,usage,8,50,50,0
W-CART,W-CART:cart,57,1.0,0.08,0.24,1 4 3 0 5 6 2 8 11 12 23 25 24 9 10 47 7 13 50 16,1 4 3 0 5 6 2 8 11 12 23 25 24 9 10 47 7 13 50 16,ecg200-raw,db4,usage,8,50,50,0
ALL,W-CART:cart,57,1.0,0.08,0.24,1 4 3 0 5 6 2 8 11 12 23 25 24 9 10 47 7 13 50 16,1 4 3 0 5 6 2 8 11 12 23 25 24 9 10 47 7 13 50 16,ecg200-raw,db4,usage,8,50,50,0
W-NN,W-NN:k=1,14,,0.12,0.17,3 0 1 4 2 5 6 8 11 12 23 24 7 25 9 10 47 13 16 22,3 0 1 4 2 5 6 8 11 12 23 24 7 25 9 10 47 13 16 22,ecg200-raw,db4,energy,9,50,50,0
W-QDA,W-QDA:qda,10,,0.16,0.11,3 0 1 4 2 5 6 8 11 12 23 24 7 25 9 10 47 13 16 22,3 0 1 4 2 5 6 8 11 12 23 24 7 25 9 10 47 13 16 22,ecg200-raw,db4,energy,9,50,50,0
W-CART,W-CART:cart,7,,0.16,0.18,3 0 1 4 2 5 6 8 11 12 23 24 7 25 9 10 47 13 16 22,3 0 1 4 2 5 6 8 11 12 23 24 7 25 9 10 47 13 16 22,ecg200-raw,db4,energy,9,50,50,0
ALL,W-NN:k=1,14,,0.12,0.17,3 0 1 4 2 5 6 8 11 12 23 24 7 25 9 10 47 13 16 22,3 0 1 4 2 5 6 8 11 12 23 24 7 25 9 10 47 13 16 22,ecg200-raw,db4,energy,9,50,50,0
W-NN,W-NN:k=1,14,1.5,0.12,0.17,1 3 4 0 5 2 8 6 11 12 24 23 7 25 47 9 22 49 10 13,1 4 3 0 5 6 2 11 8 12 9 23 24 25 10 7 47 22 13 48,ecg200-raw,db4,usage,9,50,50,0
W-QDA,W-QDA:qda,9,2.0,0.12,0.09,1 3 4 5 0 2 8 12 11 6 23 24 7 9 10 13 14 15 16 17,1 4 3 0 5 6 2 11 8 12 9 23 24 25 10 7 47 22 13 48,ecg200-raw,db4,usage,9,50,50,0
W-CART,W-CART:cart,9,0.5,0.14,0.22,1 3 0 4 2 6 11 5 12 8 10 23 25 9 7 24 47 16 13 26,1 4 3 0 5 6 2 11 8 12 9 23 24 25 10 7 47 22 13 48,ecg200-raw,db4,usage,9,50,50,0
ALL,W-QDA:qda,9,2.0,0.12,0.09,1 3 4 5 0 2 8 12 11 6 23 24 7 9 10 13 14 15 16 17,1 4 3 0 5 6 2 11 8 12 9 23 24 25 10 7 47 22 13 48,ecg200-raw,db4,usage,9,50,50,0
W-NN,W-NN:k=1,53,,0.1,0.14,3 4 0 1 5 2 6 12 8 11 23 24 7 25 9 10 47 16 13 48,3 4 0 1 5 2 6 12 8 11 23 24 7 25 9 10 47 16 13 48,ecg200-raw,db4,energy,10,50,50,0
W-QDA,W-QDA:qda,8,,0.12,0.15,3 4 0 1 5 2 6 12 8 11 23 24 7 25 9 10 47 16 13 48,3 4 0 1 5 2 6 12 8 11 23 24 7 25 9 10 47 16 13 48,ecg200-raw,db4,energy,10,50,50,0
W-CART,W-CART:cart,17,,0.14,0.24,3 4 0 1 5 2 6 12 8 11 23 24 7 25 9 10 47 16 13 48,3 4 0 1 5 2 6 12 8 11 23 24 7 25 9 10 47 16 13 48,ecg200-raw,db4,energy,10,50,50,0
ALL,W-NN:k=1,53,,0.1,0.14,3 4 0 1 5 2 6 12 8 11 23 24 7 25 9 10 47 16 13 48,3 4 0 1 5 2 6 12 8 11 23 24 7 25 9 10 47 16 13 48,ecg200-raw,db4,energy,10,50,50,0
W-NN,W-NN:k=3,13,3.0,0.1,0.15,4 3 1 5 2 0 12 11 6 7 8 23 9 10 13 14 15 16 17 18,1 3 4 5 6 2 0 11 8 12 23 25 9 10 24 7 47 48 13 22,ecg200-raw,db4,usage,10,50,50,0
W-QDA,W-QDA:qda,10,3.0,0.1,0.15,4 3 1 5 2 0 12 11 6 7 8 23 9 10 13 14 15 16 17 18,1 3 4 5 6 2 0 11 8 12 23 25 9 10 24 7 47 48 13 22,ecg200-raw,db4,usage,10,50,50,0
W-CART,W-CART:cart,15,0.5,0.14,0.22,1 3 4 6 2 11 5 0 8 25 12 23 7 9 10 24 16 47 48 13,1 3 4 5 6 2 0 11 8 12 23 25 9 10 24 7 47 48 13 22,ecg200-raw,db4,usage,10,50,50,0
ALL,W-QDA:qda,10,3.0,0.1,0.15,4 3 1 5 2 0 12 11 6 7 8 23 9 10 13 14 15 16 17 18,1 3 4 5 6 2 0 11 8 12 23 25 9 10 24 7 47 48 13 22,ecg200-raw,db4,usage,10,50,50,0
W-NN,W-NN:k=1,26,,0.12,0.22,3 4 0 1 5 2 6 12 8 11 23 24 7 25 9 10 47 13 16 46,3 4 0 1 5 2 6 12 8 11 23 24 7 25 9 10 47 13 16 46,ecg200-raw,db4,energy,11,50,50,0
W-QDA,W-QDA:qda,14,,0.1,0.15,3 4 0 1 5 2 6 12 8 11 23 24 7 25 9 10 47 13 16 46,3 4 0 1 5 2 6 12 8 11 23 24 7 25 9 10 47 13 16 46,ecg200-raw,db4,energy,11,50,50,0
W-CART,W-CART:cart,36,,0.08,0.2,3 4 0 1 5 2 6 12 8 11 23 24 7 25 9 10 47 13 16 46,3 4 0 1 5 2 6 12 8 11 23 24 7 25 9 10 47 13 16 46,ecg200-raw,db4,energy,11,50,50,0
ALL,W-CART:cart,36,,0.08,0.2,3 4 0 1 5 2 6 12 8 11 23 24 7 25 9 10 47 13 16 46,3 4 0 1 5 2 6 12 8 11 23 24 7 25 9 10 47 13 16 46,ecg200-raw,db4,energy,11,50,50,0
W-NN,W-NN:k=1,18,3.0,0.12,0.21,3 4 1 5 0 2 12 6 11 7 23 8 9 10 13 14 15 16 17 18,1 3 4 5 6 0 2 12 8 11 9 23 25 24 10 47 7 13 22 14,ecg200-raw,db4,usage,11,50,50,0
W-QDA,W-QDA:qda,8,0.5,0.04,0.18,1 3 4 6 2 5 0 11 12 8 9 25 10 23 7 24 47 16 13 17,1 3 4 5 6 0 2 12 8 11 9 23 25 24 10 47 7 13 22 14,ecg200-raw,db4,usage,11,50,50,0
W-CART,W-CART:cart,14,1.5,0.08,0.26,1 3 5 4 2 6 0 8 12 11 23 24 7 25 47 46 22 9 10 13,1 3 4 5 6 0 2 12 8 11 9 23 25 24 10 47 7 13 22 14,ecg200-raw,db4,usage,11,50,50,0
ALL,W-QDA:qda,8,0.5,0.04,0.18,1 3 4 6 2 5 0 11 12 8 9 25 10 23 7 24 47 16 13 17,1 3 4 5 6 0 2 12 8 11 9 23 25 24 10 47 7 13 22 14,ecg200-raw,db4,usage,11,50,50,0
W-NN,W-NN:k=1,12,,0.1,0.21,3 4 0 1 5 2 8 12 6 11 24 23 25 9 7 10 47 16 26 13,3 4 0 1 5 2 8 12 6 11 24 23 25 9 7 10 47 16 26 13,ecg200-raw,db4,energy,12,50,50,0
W-QDA,W-QDA:qda,13,,0.16,0.16,3 4 0 1 5 2 8 12 6 11 24 23 25 9 7 10 47 16 26 13,3 4 0 1 5 2 8 12 6 11 24 23 25 9 7 10 47 16 26 13,ecg200-raw,db4,energy,12,50,50,0
W-CART,W-CART:cart,1,,0.18,0.31,3 4 0 1 5 2 8 12 6 11 24 23 25 9 7 10 47 16 26 13,3 4 0 1 5 2 8 12 6 11 24 23 25 9 7 10 47 16 26 13,ecg200-raw,db4,energy,12,50,50,0
ALL,W-NN:k=1,12,,0.1,0.21,3 4 0 1 5 2 8 12 6 11 24 23 25 9 7 10 47 16 26 13,3 4 0 1 5 2 8 12 6 11 24 23 25 9 7 10 47 16 26 13,ecg200-raw,db4,energy,12,50,50,0
W-NN,W-NN:k=1,10,0.5,0.1,0.24,1 4 0 3 5 6 11 2 25 12 10 8 9 23 7 24 16 47 26 17,1 4 3 5 0 6 2 12 8 11 25 23 24 9 10 7 47 13 50 22,ecg200-raw,db4,usage,12,50,50,0
W-QDA,W-QDA:qda,7,3.0,0.14,0.2,4 3 1 5 0 2 12 11 6 7 8 9 10 13 14 15 16 17 18 19,1 4 3 5 0 6 2 12 8 11 25 23 24 9 10 7 47 13 50 22,ecg200-raw,db4,usage,12,50,50,0
W-CART,W-CART:cart,13,2.0,0.14,0.27,4 1 3 5 8 2 0 12 6 24 11 23 7 9 10 13 14 15 16 17,1 4 3 5 0 6 2 12 8 11 25 23 24 9 10 7 47 13 50 22,ecg200-raw,db4,usage,12,50,50,0
ALL,W-NN:k=1,10,0.5,0.1,0.24,1 4 0 3 5 6 11 2 25 12 10 8 9 23 7 24 16 47 26 17,1 4 3 5 0 6 2 12 8 11 25 23 24 9 10 7 47 13 50 22,ecg200-raw,db4,usage,12,50,50,0
W-NN,W-NN:k=1,17,,0.1,0.15,3 0 4 1 2 5 12 6 8 11 24 23 25 9 7 10 47 13 16 50,3 0 4 1 2 5 12 6 8 11 24 23 25 9 7 10 47 13 16 50,ecg200-raw,db4,energy,13,50,50,0
W-QDA,W-QDA:qda,9,,0.1,0.15,3 0 4 1 2 5 12 6 8 11 24 23 25 9 7 10 47 13 16 50,3 0 4 1 2 5 12 6 8 11 24 23 25 9 7 10 47 13 16 50,ecg200-raw,db4,energy,13,50,50,0
W-CART,W-CART:cart,9,,0.08,0.2,3 0 4 1 2 5 12 6 8 11 24 23 25 9 7 10 47 13 16 50,3 0 4 1 2 5 12 6 8 11 24 23 25 9 7 10 47 13 16 50,ecg200-raw,db4,energy,13,50,50,0
ALL,W-CART:cart,9,,0.08,0.2,3 0 4 1 2 5 12 6 8 11 24 23 25 9 7 10 47 13 16 50,3 0 4 1 2 5 12 6 8 11 24 23 25 9 7 10 47 13 16 50,ecg200-raw,db4,energy,13,50,50,0
W-NN,W-NN:k=1,10,2.0,0.1,0.16,1 3 4 5 2 8 0 12 6 24 11 23 7 9 10 13 14 15 16 17,3 1 0 4 5 6 2 12 8 11 9 23 25 24 10 47 7 13 48 22,ecg200-raw,db4,usage,13,50,50,0
W-QDA,W-QDA:qda,9,1.0,0.1,0.15,3 1 0 4 5 6 2 12 8 11 9 23 25 24 10 47 7 13 48 22,3 1 0 4 5 6 2 12 8 11 9 23 25 24 10 47 7 13 48 22,ecg200-raw,db4,usage,13,50,50,0
W-CART,W-CART:cart,7,1.5,0.08,0.22,1 3 4 5 2 0 6 12 8 11 24 23 47 7 25 10 22 26 46 9,3 1 0 4 5 6 2 12 8 11 9 23 25 24 10 47 7 13 48 22,ecg200-raw,db4,usage,13,50,50,0
ALL,W-CART:cart,7,1.5,0.08,0.22,1 3 4 5 2 0 6 12 8 11 24 23 47 7 25 10 22 26 46 9,3 1 0 4 5 6 2 12 8 11 9 23 25 24 10 47 7 13 48 22,ecg200-raw,db4,usage,13,50,50,0
W-NN,W-NN:k=1,16,,0.12,0.17,3 4 0 1 5 2 6 12 8 11 24 23 7 25 9 10 47 16 50 13,3 4 0 1 5 2 6 12 8 11 24 23 7 25 9 10 47 16 50 13,ecg200-raw,db4,energy,14,50,50,0
W-QDA,W-QDA:qda,8,,0.1,0.15,3 4 0 1 5 2 6 12 8 11 24 23 7 25 9 10 47 16 50 13,3 4 0 1 5 2 6 12 8 11 24 23 7 25 9 10 47 16 50 13,ecg200-raw,db4,energy,14,50,50,0
W-CART,W-CART:cart,29,,0.16,0.16,3 4 0 1 5 2 6 12 8 11 24 23 7 25 9 10 47 16 50 13,3 4 0 1 5 2 6 12 8 11 24 23 7 25 9 10 47 16 50 13,ecg200-raw,db4,energy,14,50,50,0
ALL,W-QDA:qda,8,,0.1,0.15,3 4 0 1 5 2 6 12 8 11 24 23 7 25 9 10 47 16 50 13,3 4 0 1 5 2 6 12 8 11 24 23 7 25 9 10 47 16 50 13,ecg200-raw,db4,energy,14,50,50,0
W-NN,W-NN:k=5,4,0.5,0.12,0.15,4 1 3 6 11 0 8 12 2 5 23 25 9 10 7 24 47 16 50 13,1 3 4 5 6 0 12 2 8 11 24 23 25 9 10 7 47 48 13 46,ecg200-raw,db4,usage,14,50,50,0
W-QDA,W-QDA:qda,7,1.0,0.06,0.16,1 3 4 5 6 0 12 2 8 11 24 23 25 9 10 7 47 48 13 46,1 3 4 5 6 0 12 2 8 11 24 23 25 9 10 7 47 48 13 46,ecg200-raw,db4,usage,14,50,50,0
W-CART,W-CART:cart,27,0.5,0.14,0.19,4 1 3 6 11 0 8 12 2 5 23 25 9 10 7 24 47 16 50 13,1 3 4 5 6 0 12 2 8 11 24 23 25 9 10 7 47 48 13 46,ecg200-raw,db4,usage,14,50,50,0
ALL,W-QDA:qda,7,1.0,0.06,0.16,1 3 4 5 6 0 12 2 8 11 24 23 25 9 10 7 47 48 13 46,1 3 4 5 6 0 12 2 8 11 24 23 25 9 10 7 47 48 13 46,ecg200-raw,db4,usage,14,50,50,0
W-NN,W-NN:k=1,2,,0.16,0.26,3 1 4 0 2 5 8 6 12 11 23 24 7 25 9 10 47 13 16 22,3 1 4 0 2 5 8 6 12 11 23 24 7 25 9 10 47 13 16 22,ecg200-raw,db4,energy,15,50,50,0
W-QDA,W-QDA:qda,4,,0.2,0.19,3 1 4 0 2 5 8 6 12 11 23 24 7 25 9 10 47 13 16 22,3 1 4 0 2 5 8 6 12 11 23 24 7 25 9 10 47 13 16 22,ecg200-raw,db4,energy,15,50,50,0
W-CART,W-CART:cart,11,,0.2,0.19,3 1 4 0 2 5 8 6 12 11 23 24 7 25 9 10 47 13 16 22,3 1 4 0 2 5 8 6 12 11 23 24 7 25 9 10 47 13 16 22,ecg200-raw,db4,energy,15,50,50,0
ALL,W-NN:k=1,2,,0.16,0.26,3 1 4 0 2 5 8 6 12 11 23 24 7 25 9 10 47 13 16 22,3 1 4 0 2 5 8 6 12 11 23 24 7 25 9 10 47 13 16 22,ecg200-raw,db4,energy,15,50,50,0
W-NN,W-NN:k=1,2,1.0,0.16,0.26,1 3 4 0 5 6 2 12 8 11 23 9 25 24 10 7 47 13 22 46,1 3 4 0 5 6 2 12 8 11 23 9 25 24 10 7 47 13 22 46,ecg200-raw,db4,usage,15,50,50,0
W-QDA,W-QDA:qda,2,3.0,0.18,0.2,3 4 1 2 5 0 6 12 11 7 8 9 10 13 14 15 16 17 18 19,1 3 4 0 5 6 2 12 8 11 23 9 25 24 10 7 47 13 22 46,ecg200-raw,db4,usage,15,50,50,0
W-CART,W-CART:cart,14,1.0,0.16,0.13,1 3 4 0 5 6 2 12 8 11 23 9 25 24 10 7 47 13 22 46,1 3 4 0 5 6 2 12 8 11 23 9 25 24 10 7 47 13 22 46,ecg200-raw,db4,usage,15,50,50,0
ALL,W-NN:k=1,2,1.0,0.16,0.26,1 3 4 0 5 6 2 12 8 11 23 9 25 24 10 7 47 13 22 46,1 3 4 0 5 6 2 12 8 11 23 9 25 24 10 7 47 13 22 46,ecg200-raw,db4,usage,15,50,50,0
W-NN,W-NN:k=1,13,,0.1,0.12,3 0 4 1 5 2 6 12 8 11 23 24 7 9 25 10 47 13 16 50,3 0 4 1 5 2 6 12 8 11 23 24 7 9 25 10 47 13 16 50,ecg200-raw,db4,energy,16,50,50,0
W-QDA,W-QDA:qda,11,,0.14,0.2,3 0 4 1 5 2 6 12 8 11 23 24 7 9 25 10 47 13 16 50,3 0 4 1 5 2 6 12 8 11 23 24 7 9 25 10 47 13 16 50,ecg200-raw,db4,energy,16,50,50,0
W-CART,W-CART:cart,42,,0.14,0.2,3 0 4 1 5 2 6 12 8 11 23 24 7 9 25 10 47 13 16 50,3 0 4 1 5 2 6 12 8 11 23 24 7 9 25 10 47 13 16 50,ecg200-raw,db4,energy,16,50,50,0
ALL,W-NN:k=1,13,,0.1,0.12,3 0 4 1 5 2 6 12 8 11 23 24 7 9 25 10 47 13 16 50,3 0 4 1 5 2 6 12 8 11 23 24 7 9 25 10 47 13 16 50,ecg200-raw,db4,energy,16,50,50,0
W-NN,W-NN:k=1,11,2.0,0.1,0.12,1 3 4 5 2 8 0 6 12 11 24 7 9 10 13 14 15 16 17 18,1 3 4 6 0 2 5 8 11 12 23 9 25 10 24 7 47 13 26 48,ecg200-raw,db4,usage,16,50,50,0
W-QDA,W-QDA:qda,14,1.0,0.08,0.2,1 3 4 6 0 2 5 8 11 12 23 9 25 10 24 7 47 13 26 48,1 3 4 6 0 2 5 8 11 12 23 9 25 10 24 7 47 13 26 48,ecg200-raw,db4,usage,16,50,50,0
W-CART,W-CART:cart,20,1.5,0.12,0.16,3 1 4 5 2 6 0 8 11 12 23 24 7 25 47 9 22 26 46 10,1 3 4 6 0 2 5 8 11 12 23 9 25 10 24 7 47 13 26 48,ecg200-raw,db4,usage,16,50,50,0
ALL,W-QDA:qda,14,1.0,0.08,0.2,1 3 4 6 0 2 5 8 11 12 23 9 25 10 24 7 47 13 26 48,1 3 4 6 0 2 5 8 11 12 23 9 25 10 24 7 47 13 26 48,ecg200-raw,db4,usage,16,50,50,0
W-NN,W-NN:k=1,12,,0.12,0.18,3 4 1 0 5 2 12 8 6 11 24 23 25 10 7 9 47 13 16 26,3 4 1 0 5 2 12 8 6 11 24 23 25 10 7 9 47 13 16 26,ecg200-raw,db4,energy,17,50,50,0
W-QDA,W-QDA:qda,8,,0.16,0.25,3 4 1 0 5 2 12 8 6 11 24 23 25 10 7 9 47 13 16 26,3 4 1 0 5 2 12 8 6 11 24 23 25 10 7 9 47 13 16 26,ecg200-raw,db4,energy,17,50,50,0
W-CART,W-CART:cart,9,,0.12,0.25,3 4 1 0 5 2 12 8 6 11 24 23 25 10 7 9 47 13 16 26,3 4 1 0 5 2 12 8 6 11 24 23 25 10 7 9 47 13 16 26,ecg200-raw,db4,energy,17,50,50,0
ALL,W-CART:cart,9,,0.12,0.25,3 4 1 0 5 2 12 8 6 11 24 23 25 10 7 9 47 13 16 26,3 4 1 0 5 2 12 8 6 11 24 23 25 10 7 9 47 13 16 26,ecg200-raw,db4,energy,17,50,50,0
W-NN,W-NN:k=1,7,1.0,0.1,0.2,1 3 4 5 2 0 6 12 8 11 23 25 10 24 9 7 47 13 48 50,1 3 4 5 2 0 6 12 8 11 23 25 10 24 9 7 47 13 48 50,ecg200-raw,db4,usage,17,50,50,0
W-QDA,W-QDA:qda,14,1.5,0.14,0.17,1 3 4 5 2 8 0 12 6 11 23 24 7 25 47 22 9 10 13 14,1 3 4 5 2 0 6 12 8 11 23 25 10 24 9 7 47 13 48 50,ecg200-raw,db4,usage,17,50,50,0
W-CART,W-CART:cart,16,1.5,0.08,0.25,1 3 4 5 2 8 0 12 6 11 23 24 7 25 47 22 9 10 13 14,1 3 4 5 2 0 6 12 8 11 23 25 10 24 9 7 47 13 48 50,ecg200-raw,db4,usage,17,50,50,0
ALL,W-CART:cart,16,1.5,0.08,0.25,1 3 4 5 2 8 0 12 6 11 23 24 7 25 47 22 9 10 13 14,1 3 4 5 2 0 6 12 8 11 23 25 10 24 9 7 47 13 48 50,ecg200-raw,db4,usage,17,50,50,0
W-NN,W-NN:k=5,14,,0.14,0.14,3 0 1 4 5 2 6 12 8 11 23 24 7 25 9 10 47 46 13 16,3 0 1 4 5 2 6 12 8 11 23 24 7 25 9 10 47 46 13 16,ecg200-raw,db4,energy,18,50,50,0
W-QDA,W-QDA:qda,4,,0.18,0.16,3 0 1 4 5 2 6 12 8 11 23 24 7 25 9 10 47 46 13 16,3 0 1 4 5 2 6 12 8 11 23 24 7 25 9 10 47 46 13 16,ecg200-raw,db4,energy,18,50,50,0
W-CART,W-CART:cart,18,,0.18,0.24,3 0 1 4 5 2 6 12 8 11 23 24 7 25 9 10 47 46 13 16,3 0 1 4 5 2 6 12 8 11 23 24 7 25 9 10 47 46 13 16,ecg200-raw,db4,energy,18,50,50,0
ALL,W-NN:k=5,14,,0.14,0.14,3 0 1 4 5 2 6 12 8 11 23 24 7 25 9 10 47 46 13 16,3 0 1 4 5 2 6 12 8 11 23 24 7 25 9 10 47 46 13 16,ecg200-raw,db4,energy,18,50,50,0
W-NN,W-NN:k=3,33,0.5,0.12,0.1,1 2 4 3 0 6 11 5 12 8 10 23 25 7 9 24 47 16 13 26,1 4 3 6 0 2 5 12 11 8 23 25 9 7 10 24 47 13 16 22,ecg200-raw,db4,usage,18,50,50,0
W-QDA,W-QDA:qda,5,0.5,0.14,0.15,1 2 4 3 0 6 11 5 12 8 10 23 25 7 9 24 47 16 13 26,1 4 3 6 0 2 5 12 11 8 23 25 9 7 10 24 47 13 16 22,ecg200-raw,db4,usage,18,50,50,0
W-CART,W-CART:cart,46,1.5,0.12,0.2,1 4 3 5 2 0 6 8 12 11 23 24 7 46 47 9 22 25 10 13,1 4 3 6 0 2 5 12 11 8 23 25 9 7 10 24 47 13 16 22,ecg200-raw,db4,usage,18,50,50,0
ALL,W-NN:k=3,33,0.5,0.12,0.1,1 2 4 3 0 6 11 5 12 8 10 23 25 7 9 24 47 16 13 26,1 4 3 6 0 2 5 12 11 8 23 25 9 7 10 24 47 13 16 22,ecg200-raw,db4,usage,18,50,50,0
W-NN,W-NN:k=5,10,,0.12,0.18,3 0 1 4 2 5 6 12 8 11 23 24 7 25 9 10 47 16 13 50,3 0 1 4 2 5 6 12 8 11 23 24 7 25 9 10 47 16 13 50,ecg200-raw,db4,energy,19,50,50,0
W-QDA,W-QDA:qda,8,,0.1,0.15,3 0 1 4 2 5 6 12 8 11 23 24 7 25 9 10 47 16 13 50,3 0 1 4 2 5 6 12 8 11 23 24 7 25 9 10 47 16 13 50,ecg200-raw,db4,energy,19,50,50,0
W-CART,W-CART:cart,8,,0.24,0.25,3 0 1 4 2 5 6 12 8 11 23 24 7 25 9 10 47 16 13 50,3 0 1 4 2 5 6 12 8 11 23 24 7 25 9 10 47 16 13 50,ecg200-raw,db4,energy,19,50,50,0
ALL,W-QDA:qda,8,,0.1,0.15,3 0 1 4 2 5 6 12 8 11 23 24 7 25 9 10 47 16 13 50,3 0 1 4 2 5 6 12 8 11 23 24 7 25 9 10 47 16 13 50,ecg200-raw,db4,energy,19,50,50,0
W-NN,W-NN:k=7,3,0.5,0.12,0.21,1 6 3 4 2 0 5 11 8 12 10 7 25 23 9 16 24 47 13 48,1 3 6 4 5 2 0 12 8 11 25 23 24 9 10 7 47 22 13 50,ecg200-raw,db4,usage,19,50,50,0
W-QDA,W-QDA:qda,5,1.0,0.1,0.22,1 3 6 4 5 2 0 12 8 11 25 23 24 9 10 7 47 22 13 50,1 3 6 4 5 2 0 12 8 11 25 23 24 9 10 7 47 22 13 50,ecg200-raw,db4,usage,19,50,50,0
W-CART,W-CART:cart,9,0.5,0.16,0.24,1 6 3 4 2 0 5 11 8 12 10 7 25 23 9 16 24 47 13 48,1 3 6 4 5 2 0 12 8 11 25 23 24 9 10 7 47 22 13 50,ecg200-raw,db4,usage,19,50,50,0
ALL,W-QDA:qda,5,1.0,0.1,0.22,1 3 6 4 5 2 0 12 8 11 25 23 24 9 10 7 47 22 13 50,1 3 6 4 5 2 0 12 8 11 25 23 24 9 10 7 47 22 13 50,ecg200-raw,db4,usage,19,50,50,0
W-NN,W-NN:k=1,9,,0.12,0.2,3 4 0 1 5 2 12 6 8 11 23 7 25 24 9 10 13 47 16 46,3 4 0 1 5 2 12 6 8 11 23 7 25 24 9 10 13 47 16 46,ecg200-raw,db4,energy,20,50,50,0
W-QDA,W-QDA:qda,13,,0.08,0.18,3 4 0 1 5 2 12 6 8 11 23 7 25 24 9 10 13 47 16 46,3 4 0 1 5 2 12 6 8 11 23 7 25 24 9 10 13 47 16 46,ecg200-raw,db4,energy,20,50,50,0
W-CART,W-CART:cart,38,,0.12,0.23,3 4 0 1 5 2 12 6 8 11 23 7 25 24 9 10 13 47 16 46,3 4 0 1 5 2 12 6 8 11 23 7 25 24 9 10 13 47 16 46,ecg200-raw,db4,energy,20,50,50,0
ALL,W-QDA:qda,13,,0.08,0.18,3 4 0 1 5 2 12 6 8 11 23 7 25 24 9 10 13 47 16 46,3 4 0 1 5 2 12 6 8 11 23 7 25 24 9 10 13 47 16 46,ecg200-raw,db4,energy,20,50,50,0
W-NN,W-NN:k=1,5,0.5,0.1,0.21,1 6 3 5 2 4 11 0 12 8 23 10 9 7 25 16 24 13 47 26,1 3 4 5 0 6 2 12 11 8 23 25 9 10 7 24 13 47 22 46,ecg200-raw,db4,usage,20,50,50,0
W-QDA,W-QDA:qda,14,2.0,0.06,0.2,4 1 3 5 2 8 12 0 6 11 7 23 24 46 9 10 13 14 15 16,1 3 4 5 0 6 2 12 11 8 23 25 9 10 7 24 13 47 22 46,ecg200-raw,db4,usage,20,50,50,0
W-CART,W-CART:cart,14,1.0,0.1,0.22,1 3 4 5 0 6 2 12 11 8 23 25 9 10 7 24 13 47 22 46,1 3 4 5 0 6 2 12 11 8 23 25 9 10 7 24 13 47 22 46,ecg200-raw,db4,usage,20,50,50,0
ALL,W-QDA:qda,14,2.0,0.06,0.2,4 1 3 5 2 8 12 0 6 11 7 23 24 46 9 10 13 14 15 16,1 3 4 5 0 6 2 12 11 8 23 25 9 10 7 24 13 47 22 46,ecg200-raw,db4,usage,20,50,50,0
W-NN,W-NN:k=1,11,,0.12,0.13,3 4 1 0 5 2 12 6 8 11 23 25 24 9 7 10 47 13 16 50,3 4 1 0 5 2 12 6 8 11 23 25 24 9 7 10 47 13 16 50,ecg200-raw,db4,energy,21,50,50,0
W-QDA,W-QDA:qda,14,,0.14,0.2,3 4 1 0 5 2 12 6 8 11 23 25 24 9 7 10 47 13 16 50,3 4 1 0 5 2 12 6 8 11 23 25 24 9 7 10 47 13 16 50,ecg200-raw,db4,energy,21,50,50,0
W-CART,W-CART:cart,52,,0.12,0.25,3 4 1 0 5 2 12 6 8 11 23 25 24 9 7 10 47 13 16 50,3 4 1 0 5 2 12 6 8 11 23 25 24 9 7 10 47 13 16 50,ecg200-raw,db4,energy,21,50,50,0
ALL,W-NN:k=1,11,,0.12,0.13,3 4 1 0 5 2 12 6 8 11 23 25 24 9 7 10 47 13 16 50,3 4 1 0 5 2 12 6 8 11 23 25 24 9 7 10 47 13 16 50,ecg200-raw,db4,energy,21,50,50,0
W-NN,W-NN:k=1,11,3.0,0.1,0.14,3 4 1 5 0 2 12 6 11 7 8 9 10 13 14 15 16 17 18 19,1 3 4 5 6 12 0 8 11 2 23 25 9 10 24 47 13 7 16 14,ecg200-raw,db4,usage,21,50,50,0
W-QDA,W-QDA:qda,6,0.5,0.1,0.19,1 6 3 4 11 0 5 12 2 8 23 10 25 9 7 47 16 24 13 50,1 3 4 5 6 12 0 8 11 2 23 25 9 10 24 47 13 7 16 14,ecg200-raw,db4,usage,21,50,50,0
W-CART,W-CART:cart,35,3.0,0.12,0.22,3 4 1 5 0 2 12 6 11 7 8 9 10 13 14 15 16 17 18 19,1 3 4 5 6 12 0 8 11 2 23 25 9 10 24 47 13 7 16 14,ecg200-raw,db4,usage,21,50,50,0
ALL,W-QDA:qda,6,0.5,0.1,0.19,1 6 3 4 11 0 5 12 2 8 23 10 25 9 7 47 16 24 13 50,1 3 4 5 6 12 0 8 11 2 23 25 9 10 24 47 13 7 16 14,ecg200-raw,db4,usage,21,50,50,0
W-NN,W-NN:k=1,15,,0.12,0.13,3 0 4 1 2 5 6 8 12 11 23 24 7 9 25 47 10 16 22 13,3 0 4 1 2 5 6 8 12 11 23 24 7 9 25 47 10 16 22 13,ecg200-raw,db4,energy,22,50,50,0
W-QDA,W-QDA:qda,10,,0.14,0.16,3 0 4 1 2 5 6 8 12 11 23 24 7 9 25 47 10 16 22 13,3 0 4 1 2 5 6 8 12 11 23 24 7 9 25 47 10 16 22 13,ecg200-raw,db4,energy,22,50,50,0
W-CART,W-CART:cart,16,,0.12,0.27,3 0 4 1 2 5 6 8 12 11 23 24 7 9 25 47 10 16 22 13,3 0 4 1 2 5 6 8 12 11 23 24 7 9 25 47 10 16 22 13,ecg200-raw,db4,energy,22,50,50,0
ALL,W-NN:k=1,15,,0.12,0.13,3 0 4 1 2 5 6 8 12 11 23 24 7 9 25 47 10 16 22 13,3 0 4 1 2 5 6 8 12 11 23 24 7 9 25 47 10 16 22 13,ecg200-raw,db4,energy,22,50,50,0
W-NN,W-NN:k=1,11,0.5,0.1,0.16,3 1 4 6 2 0 11 5 8 12 25 7 23 9 10 24 16 47 17 13,3 1 4 0 2 5 6 11 8 12 23 25 9 24 10 47 7 22 50 13,ecg200-raw,db4,usage,22,50,50,0
W-QDA,W-QDA:qda,11,0.5,0.1,0.15,3 1 4 6 2 0 11 5 8 12 25 7 23 9 10 24 16 47 17 13,3 1 4 0 2 5 6 11 8 12 23 25 9 24 10 47 7 22 50 13,ecg200-raw,db4,usage,22,50,50,0
W-CART,W-CART:cart,16,0.5,0.12,0.27,3 1 4 6 2 0 11 5 8 12 25 7 23 9 10 24 16 47 17 13,3 1 4 0 2 5 6 11 8 12 23 25 9 24 10 47 7 22 50 13,ecg200-raw,db4,usage,22,50,50,0
ALL,W-NN:k=1,11,0.5,0.1,0.16,3 1 4 6 2 0 11 5 8 12 25 7 23 9 10 24 16 47 17 13,3 1 4 0 2 5 6 11 8 12 23 25 9 24 10 47 7 22 50 13,ecg200-raw,db4,usage,22,50,50,0
W-NN,W-NN:k=1,11,,0.1,0.17,3 0 4 1 2 5 6 8 12 11 23 24 7 25 9 10 47 13 46 16,3 0 4 1 2 5 6 8 12 11 23 24 7 25 9 10 47 13 46 16,ecg200-raw,db4,energy,23,50,50,0
W-QDA,W-QDA:qda,11,,0.12,0.13,3 0 4 1 2 5 6 8 12 11 23 24 7 25 9 10 47 13 46 16,3 0 4 1 2 5 6 8 12 11 23 24 7 25 9 10 47 13 46 16,ecg200-raw,db4,energy,23,50,50,0
W-CART,W-CART:cart,34,,0.16,0.27,3 0 4 1 2 5 6 8 12 11 23 24 7 25 9 10 47 13 46 16,3 0 4 1 2 5 6 8 12 11 23 24 7 25 9 10 47 13 46 16,ecg200-raw,db4,energy,23,50,50,0
ALL,W-NN:k=1,11,,0.1,0.17,3 0 4 1 2 5 6 8 12 11 23 24 7 25 9 10 47 13 46 16,3 0 4 1 2 5 6 8 12 11 23 24 7 25 9 10 47 13 46 16,ecg200-raw,db4,energy,23,50,50,0
W-NN,W-NN:k=1,13,0.5,0.08,0.16,1 3 4 2 6 0 5 11 12 9 8 7 23 25 10 24 47 16 26 13,1 3 5 4 0 6 2 11 12 8 23 9 25 10 24 7 47 13 46 22,ecg200-raw,db4,usage,23,50,50,0
W-QDA,W-QDA:qda,13,1.0,0.1,0.12,1 3 5 4 0 6 2 11 12 8 23 9 25 10 24 7 47 13 46 22,1 3 5 4 0 6 2 11 12 8 23 9 25 10 24 7 47 13 46 22,ecg200-raw,db4,usage,23,50,50,0
W-CART,W-CART:cart,13,3.0,0.16,0.25,4 3 1 0 5 2 11 6 8 12 7 9 10 13 14 15 16 17 18 19,1 3 5 4 0 6 2 11 12 8 23 9 25 10 24 7 47 13 46 22,ecg200-raw,db4,usage,23,50,50,0
ALL,W-NN:k=1,13,0.5,0.08,0.16,1 3 4 2 6 0 5 11 12 9 8 7 23 25 10 24 47 16 26 13,1 3 5 4 0 6 2 11 12 8 23 9 25 10 24 7 47 13 46 22,ecg200-raw,db4,usage,23,50,50,0
W-NN,W-NN:k=1,24,,0.04,0.15,3 1 0 4 2 5 6 12 8 11 23 7 24 25 47 9 10 13 16 46,3 1 0 4 2 5 6 12 8 11 23 7 24 25 47 9 10 13 16 46,ecg200-raw,db4,energy,24,50,50,0
W-QDA,W-QDA:qda,4,,0.08,0.24,3 1 0 4 2 5 6 12 8 11 23 7 24 25 47 9 10 13 16 46,3 1 0 4 2 5 6 12 8 11 23 7 24 25 47 9 10 13 16 46,ecg200-raw,db4,energy,24,50,50,0
W-CART,W-CART:cart,39,,0.06,0.22,3 1 0 4 2 5 6 12 8 11 23 7 24 25 47 9 10 13 16 46,3 1 0 4 2 5 6 12 8 11 23 7 24 25 47 9 10 13 16 46,ecg200-raw,db4,energy,24,50,50,0
ALL,W-NN:k=1,24,,0.04,0.15,3 1 0 4 2 5 6 12 8 11 23 7 24 25 47 9 10 13 16 46,3 1 0 4 2 5 6 12 8 11 23 7 24 25 47 9 10 13 16 46,ecg200-raw,db4,energy,24,50,50,0
W-NN,W-NN:k=1,23,0.5,0.04,0.13,1 6 3 2 4 12 11 0 5 8 23 25 10 7 9 24 16 47 13 48,1 3 4 6 5 2 11 12 0 8 23 10 25 9 24 47 7 13 22 46,ecg200-raw,db4,usage,24,50,50,0
W-QDA,W-QDA:qda,5,1.0,0.02,0.22,1 3 4 6 5 2 11 12 0 8 23 10 25 9 24 47 7 13 22 46,1 3 4 6 5 2 11 12 0 8 23 10 25 9 24 47 7 13 22 46,ecg200-raw,db4,usage,24,50,50,0
W-CART,W-CART:cart,43,2.0,0.04,0.24,3 1 4 5 2 12 8 0 6 11 23 7 24 47 9 10 13 14 15 16,1 3 4 6 5 2 11 12 0 8 23 10 25 9 24 47 7 13 22 46,ecg200-raw,db4,usage,24,50,50,0
ALL,W-QDA:qda,5,1.0,0.02,0.22,1 3 4 6 5 2 11 12 0 8 23 10 25 9 24 47 7 13 22 46,1 3 4 6 5 2 11 12 0 8 23 10 25 9 24 47 7 13 22 46,ecg200-raw,db4,usage,24,50,50,0
W-NN,W-NN:k=3,6,,0.2,0.15,3 4 0 1 5 2 12 6 8 11 23 24 9 25 7 10 47 16 13 50,3 4 0 1 5 2 12 6 8 11 23 24 9 25 7 10 47 16 13 50,ecg200-raw,db4,energy,25,50,50,0
W-QDA,W-QDA:qda,16,,0.14,0.12,3 4 0 1 5 2 12 6 8 11 23 24 9 25 7 10 47 16 13 50,3 4 0 1 5 2 12 6 8 11 23 24 9 25 7 10 47 16 13 50,ecg200-raw,db4,energy,25,50,50,0
W-CART,W-CART:cart,13,,0.16,0.18,3 4 0 1 5 2 12 6 8 11 23 24 9 25 7 10 47 16 13 50,3 4 0 1 5 2 12 6 8 11 23 24 9 25 7 10 47 16 13 50,ecg200-raw,db4,energy,25,50,50,0
ALL,W-QDA:qda,16,,0.14,0.12,3 4 0 1 5 2 12 6 8 11 23 24 9 25 7 10 47 16 13 50,3 4 0 1 5 2 12 6 8 11 23 24 9 25 7 10 47 16 13 50,ecg200-raw,db4,energy,25,50,50,0
W-NN,W-NN:k=3,5,1.5,0.18,0.16,1 3 4 5 2 6 0 8 12 11 23 24 7 47 25 9 10 46 13 14,1 3 4 5 6 2 0 12 11 8 23 9 24 25 10 7 47 13 50 22,ecg200-raw,db4,usage,25,50,50,0
W-QDA,W-QDA:qda,15,2.0,0.12,0.14,1 4 3 5 2 8 0 6 12 11 23 24 7 46 9 10 13 14 15 16,1 3 4 5 6 2 0 12 11 8 23 9 24 25 10 7 47 13 50 22,ecg200-raw,db4,usage,25,50,50,0
W-CART,W-CART:cart,12,0.5,0.16,0.17,1 3 4 0 2 5 6 11 12 8 10 9 23 7 25 47 16 24 13 26,1 3 4 5 6 2 0 12 11 8 23 9 24 25 10 7 47 13 50 22,ecg200-raw,db4,usage,25,50,50,0
ALL,W-QDA:qda,15,2.0,0.12,0.14,1 4 3 5 2 8 0 6 12 11 23 24 7 46 9 10 13 14 15 16,1 3 4 5 6 2 0 12 11 8 23 9 24 25 10 7 47 13 50 22,ecg200-raw,db4,usage,25,50,50,0
W-NN,W-NN:k=1,17,,0.18,0.12,3 4 1 0 5 2 6 12 8 11 23 7 24 25 9 10 47 13 46 16,3 4 1 0 5 2 6 12 8 11 23 7 24 25 9 10 47 13 46 16,ecg200-raw,db4,energy,26,50,50,0
W-QDA,W-QDA:qda,11,,0.16,0.14,3 4 1 0 5 2 6 12 8 11 23 7 24 25 9 10 47 13 46 16,3 4 1 0 5 2 6 12 8 11 23 7 24 25 9 10 47 13 46 16,ecg200-raw,db4,energy,26,50,50,0
W-CART,W-CART:cart,14,,0.14,0.23,3 4 1 0 5 2 6 12 8 11 23 7 24 25 9 10 47 13 46 16,3 4 1 0 5 2 6 12 8 11 23 7 24 25 9 10 47 13 46 16,ecg200-raw,db4,energy,26,50,50,0
ALL,W-CART:cart,14,,0.14,0.23,3 4 1 0 5 2 6 12 8 11 23 7 24 25 9 10 47 13 46 16,3 4 1 0 5 2 6 12 8 11 23 7 24 25 9 10 47 13 46 16,ecg200-raw,db4,energy,26,50,50,0
W-NN,W-NN:k=1,7,0.5,0.18,0.17,1 3 0 4 6 2 12 5 11 8 10 7 9 23 25 24 47 16 13 17,1 3 4 5 0 6 2 12 8 11 9 23 10 25 7 24 47 13 22 46,ecg200-raw,db4,usage,26,50,50,0
W-QDA,W-QDA:qda,11,0.5,0.12,0.12,1 3 0 4 6 2 12 5 11 8 10 7 9 23 25 24 47 16 13 17,1 3 4 5 0 6 2 12 8 11 9 23 10 25 7 24 47 13 22 46,ecg200-raw,db4,usage,26,50,50,0
W-CART,W-CART:cart,11,3.0,0.14,0.22,4 3 1 5 0 2 6 12 7 8 23 9 10 11 13 14 15 16 17 18,1 3 4 5 0 6 2 12 8 11 9 23 10 25 7 24 47 13 22 46,ecg200-raw,db4,usage,26,50,50,0
ALL,W-QDA:qda,11,0.5,0.12,0.12,1 3 0 4 6 2 12 5 11 8 10 7 9 23 25 24 47 16 13 17,1 3 4 5 0 6 2 12 8 11 9 23 10 25 7 24 47 13 22 46,ecg200-raw,db4,usage,26,50,50,0
W-NN,W-NN:k=3,11,,0.12,0.26,3 1 4 0 2 5 6 8 12 11 24 23 7 25 47 10 9 16 13 50,3 1 4 0 2 5 6 8 12 11 24 23 7 25 47 10 9 16 13 50,ecg200-raw,db4,energy,27,50,50,0
W-QDA,W-QDA:qda,10,,0.08,0.14,3 1 4 0 2 5 6 8 12 11 24 23 7 25 47 10 9 16 13 50,3 1 4 0 2 5 6 8 12 11 24 23 7 25 47 10 9 16 13 50,ecg200-raw,db4,energy,27,50,50,0
W-CART,W-CART:cart,12,,0.14,0.22,3 1 4 0 2 5 6 8 12 11 24 23 7 25 47 10 9 16 13 50,3 1 4 0 2 5 6 8 12 11 24 23 7 25 47 10 9 16 13 50,ecg200-raw,db4,energy,27,50,50,0
ALL,W-QDA:qda,10,,0.08,0.14,3 1 4 0 2 5 6 8 12 11 24 23 7 25 47 10 9 16 13 50,3 1 4 0 2 5 6 8 12 11 24 23 7 25 47 10 9 16 13 50,ecg200-raw,db4,energy,27,50,50,0
W-NN,W-NN:k=5,25,1.5,0.1,0.21,1 3 4 2 5 0 6 8 12 11 24 23 7 25 47 22 26 46 9 10,1 3 4 2 6 5 0 11 8 12 23 24 25 7 10 9 47 50 13 22,ecg200-raw,db4,usage,27,50,50,0
W-QDA,W-QDA:qda,9,0.5,0.06,0.19,1 6 3 4 2 0 12 5 11 7 8 23 10 25 24 9 16 47 17 13,1 3 4 2 6 5 0 11 8 12 23 24 25 7 10 9 47 50 13 22,ecg200-raw,db4,usage,27,50,50,0
W-CART,W-CART:cart,5,0.5,0.1,0.22,1 6 3 4 2 0 12 5 11 7 8 23 10 25 24 9 16 47 17 13,1 3 4 2 6 5 0 11 8 12 23 24 25 7 10 9 47 50 13 22,ecg200-raw,db4,usage,27,50,50,0
ALL,W-QDA:qda,9,0.5,0.06,0.19,1 6 3 4 2 0 12 5 11 7 8 23 10 25 24 9 16 47 17 13,1 3 4 2 6 5 0 11 8 12 23 24 25 7 10 9 47 50 13 22,ecg200-raw,db4,usage,27,50,50,0
W-NN,W-NN:k=1,17,,0.04,0.17,3 4 1 0 5 2 6 8 12 11 23 24 7 25 9 10 47 16 13 22,3 4 1 0 5 2 6 8 12 11 23 24 7 25 9 10 47 16 13 22,ecg200-raw,db4,energy,28,50,50,0
W-QDA,W-QDA:qda,13,,0.08,0.13,3 4 1 0 5 2 6 8 12 11 23 24 7 25 9 10 47 16 13 22,3 4 1 0 5 2 6 8 12 11 23 24 7 25 9 10 47 16 13 22,ecg200-raw,db4,energy,28,50,50,0
W-CART,W-CART:cart,1,,0.16,0.29,3 4 1 0 5 2 6 8 12 11 23 24 7 25 9 10 47 16 13 22,3 4 1 0 5 2 6 8 12 11 23 24 7 25 9 10 47 16 13 22,ecg200-raw,db4,energy,28,50,50,0
ALL,W-NN:k=1,17,,0.04,0.17,3 4 1 0 5 2 6 8 12 11 23 24 7 25 9 10 47 16 13 22,3 4 1 0 5 2 6 8 12 11 23 24 7 25 9 10 47 16 13 22,ecg200-raw,db4,energy,28,50,50,0
W-NN,W-NN:k=1,17,1.0,0.04,0.17,3 1 6 4 5 0 12 2 8 11 23 25 10 24 9 7 47 13 22 16,3 1 6 4 5 0 12 2 8 11 23 25 10 24 9 7 47 13 22 16,ecg200-raw,db4,usage,28,50,50,0
W-QDA,W-QDA:qda,7,1.0,0.04,0.18,3 1 6 4 5 0 12 2 8 11 23 25 10 24 9 7 47 13 22 16,3 1 6 4 5 0 12 2 8 11 23 25 10 24 9 7 47 13 22 16,ecg200-raw,db4,usage,28,50,50,0
W-CART,W-CART:cart,1,1.0,0.16,0.29,3 1 6 4 5 0 12 2 8 11 23 25 10 24 9 7 47 13 22 16,3 1 6 4 5 0 12 2 8 11 23 25 10 24 9 7 47 13 22 16,ecg200-raw,db4,usage,28,50,50,0
ALL,W-QDA:qda,7,1.0,0.04,0.18,3 1 6 4 5 0 12 2 8 11 23 25 10 24 9 7 47 13 22 16,3 1 6 4 5 0 12 2 8 11 23 25 10 24 9 7 47 13 22 16,ecg200-raw,db4,usage,28,50,50,0
W-NN,W-NN:k=1,32,,0.04,0.13,3 1 4 0 5 2 6 12 8 11 23 24 7 25 9 10 47 16 46 13,3 1 4 0 5 2 6 12 8 11 23 24 7 25 9 10 47 16 46 13,ecg200-raw,db4,energy,29,50,50,0
W-QDA,W-QDA:qda,8,,0.12,0.19,3 1 4 0 5 2 6 12 8 11 23 24 7 25 9 10 47 16 46 13,3 1 4 0 5 2 6 12 8 11 23 24 7 25 9 10 47 16 46 13,ecg200-raw,db4,energy,29,50,50,0
W-CART,W-CART:cart,19,,0.06,0.22,3 1 4 0 5 2 6 12 8 11 23 24 7 25 9 10 47 16 46 13,3 1 4 0 5 2 6 12 8 11 23 24 7 25 9 10 47 16 46 13,ecg200-raw,db4,energy,29,50,50,0
ALL,W-NN:k=1,32,,0.04,0.13,3 1 4 0 5 2 6 12 8 11 23 24 7 25 9 10 47 16 46 13,3 1 4 0 5 2 6 12 8 11 23 24 7 25 9 10 47 16 46 13,ecg200-raw,db4,energy,29,50,50,0
W-NN,W-NN:k=1,29,2.0,0.04,0.14,1 4 3 5 8 2 0 12 6 11 24 7 23 46 9 10 13 14 15 16,1 3 4 6 5 2 0 12 8 11 23 9 25 24 7 10 47 13 22 50,ecg200-raw,db4,usage,29,50,50,0
W-QDA,W-QDA:qda,6,0.5,0.1,0.19,1 3 4 6 2 11 5 0 12 8 23 10 7 9 25 24 16 47 13 50,1 3 4 6 5 2 0 12 8 11 23 9 25 24 7 10 47 13 22 50,ecg200-raw,db4,usage,29,50,50,0
W-CART,W-CART:cart,19,1.5,0.04,0.18,1 3 4 5 2 6 0 8 12 11 23 24 7 47 25 46 9 10 22 13,1 3 4 6 5 2 0 12 8 11 23 9 25 24 7 10 47 13 22 50,ecg200-raw,db4,usage,29,50,50,0
ALL,W-CART:cart,19,1.5,0.04,0.18,1 3 4 5 2 6 0 8 12 11 23 24 7 47 25 46 9 10 22 13,1 3 4 6 5 2 0 12 8 11 23 9 25 24 7 10 47 13 22 50,ecg200-raw,db4,usage,29,50,50,0
W-NN,W-NN:k=1,1,,0.2,0.27,3 1 4 0 2 5 6 12 8 11 23 24 7 25 9 10 47 46 16 13,3 1 4 0 2 5 6 12 8 11 23 24 7 25 9 10 47 46 16 13,ecg200-raw,db4,energy,30,50,50,0
W-QDA,W-QDA:qda,10,,0.16,0.11,3 1 4 0 2 5 6 12 8 11 23 24 7 25 9 10 47 46 16 13,3 1 4 0 2 5 6 12 8 11 23 24 7 25 9 10 47 46 16 13,ecg200-raw,db4,energy,30,50,50,0
W-CART,W-CART:cart,63,,0.18,0.17,3 1 4 0 2 5 6 12 8 11 23 24 7 25 9 10 47 46 16 13,3 1 4 0 2 5 6 12 8 11 23 24 7 25 9 10 47 46 16 13,ecg200-raw,db4,energy,30,50,50,0
ALL,W-QDA:qda,10,,0.16,0.11,3 1 4 0 2 5 6 12 8 11 23 24 7 25 9 10 47 46 16 13,3 1 4 0 2 5 6 12 8 11 23 24 7 25 9 10 47 46 16 13,ecg200-raw,db4,energy,30,50,50,0
W-NN,W-NN:k=1,1,2.0,0.2,0.27,3 1 4 5 2 8 0 12 6 11 23 24 7 46 47 9 10 13 14 15,1 3 6 4 2 5 0 11 8 12 25 23 24 9 10 7 47 22 13 46,ecg200-raw,db4,usage,30,50,50,0
W-QDA,W-QDA:qda,10,1.0,0.16,0.11,1 3 6 4 2 5 0 11 8 12 25 23 24 9 10 7 47 22 13 46,1 3 6 4 2 5 0 11 8 12 25 23 24 9 10 7 47 22 13 46,ecg200-raw,db4,usage,30,50,50,0
W-CART,W-CART:cart,35,3.0,0.18,0.21,3 4 1 5 2 0 12 11 6 7 23 8 9 10 13 14 15 16 17 18,1 3 6 4 2 5 0 11 8 12 25 23 24 9 10 7 47 22 13 46,ecg200-raw,db4,usage,30,50,50,0
ALL,W-QDA:qda,10,1.0,0.16,0.11,1 3 6 4 2 5 0 11 8 12 25 23 24 9 10 7 47 22 13 46,1 3 6 4 2 5 0 11 8 12 25 23 24 9 10 7 47 22 13 46,ecg200-raw,db4,usage,30,50,50,0
W-NN,W-NN:k=1,34,,0.08,0.15,3 4 1 0 5 2 12 8 6 11 23 25 24 9 10 7 47 16 13 50,3 4 1 0 5 2 12 8 6 11 23 25 24 9 10 7 47 16 13 50,ecg200-raw,db4,energy,31,50,50,0
W-QDA,W-QDA:qda,10,,0.18,0.27,3 4 1 0 5 2 12 8 6 11 23 25 24 9 10 7 47 16 13 50,3 4 1 0 5 2 12 8 6 11 23 25 24 9 10 7 47 16 13 50,ecg200-raw,db4,energy,31,50,50,0
W-CART,W-CART:cart,1,,0.18,0.36,3 4 1 0 5 2 12 8 6 11 23 25 24 9 10 7 47 16 13 50,3 4 1 0 5 2 12 8 6 11 23 25 24 9 10 7 47 16 13 50,ecg200-raw,db4,energy,31,50,50,0
ALL,W-NN:k=1,34,,0.08,0.15,3 4 1 0 5 2 12 8 6 11 23 25 24 9 10 7 47 16 13 50,3 4 1 0 5 2 12 8 6 11 23 25 24 9 10 7 47 16 13 50,ecg200-raw,db4,energy,31,50,50,0
W-NN,W-NN:k=1,33,0.5,0.08,0.15,1 3 6 2 4 11 12 5 0 8 23 25 9 10 7 16 24 47 13 50,1 3 4 5 6 0 12 2 11 8 23 25 9 10 24 7 47 48 13 50,ecg200-raw,db4,usage,31,50,50,0
W-QDA,W-QDA:qda,16,3.0,0.08,0.11,4 3 1 5 0 2 12 6 8 23 7 9 10 11 13 14 15 16 17 18,1 3 4 5 6 0 12 2 11 8 23 25 9 10 24 7 47 48 13 50,ecg200-raw,db4,usage,31,50,50,0
W-CART,W-CART:cart,3,3.0,0.18,0.27,4 3 1 5 0 2 12 6 8 23 7 9 10 11 13 14 15 16 17 18,1 3 4 5 6 0 12 2 11 8 23 25 9 10 24 7 47 48 13 50,ecg200-raw,db4,usage,31,50,50,0
ALL,W-QDA:qda,16,3.0,0.08,0.11,4 3 1 5 0 2 12 6 8 23 7 9 10 11 13 14 15 16 17 18,1 3 4 5 6 0 12 2 11 8 23 25 9 10 24 7 47 48 13 50,ecg200-raw,db4,usage,31,50,50,0
W-NN,W-NN:k=3,22,,0.16,0.16,3 0 4 1 2 5 6 8 12 11 23 24 7 9 25 10 47 16 46 13,3 0 4 1 2 5 6 8 12 11 23 24 7 9 25 10 47 16 46 13,ecg200-raw,db4,energy,32,50,50,0
W-QDA,W-QDA:qda,6,,0.1,0.24,3 0 4 1 2 5 6 8 12 11 23 24 7 9 25 10 47 16 46 13,3 0 4 1 2 5 6 8 12 11 23 24 7 9 25 10 47 16 46 13,ecg200-raw,db4,energy,32,50,50,0
W-CART,W-CART:cart,15,,0.12,0.22,3 0 4 1 2 5 6 8 12 11 23 24 7 9 25 10 47 16 46 13,3 0 4 1 2 5 6 8 12 11 23 24 7 9 25 10 47 16 46 13,ecg200-raw,db4,energy,32,50,50,0
ALL,W-QDA:qda,6,,0.1,0.24,3 0 4 1 2 5 6 8 12 11 23 24 7 9 25 10 47 16 46 13,3 0 4 1 2 5 6 8 12 11 23 24 7 9 25 10 47 16 46 13,ecg200-raw,db4,energy,32,50,50,0
W-NN,W-NN:k=5,2,3.0,0.16,0.28,4 3 1 0 5 2 6 11 12 8 7 9 10 13 14 15 16 17 18 19,1 3 4 0 5 2 6 8 12 11 23 9 25 10 7 24 47 13 16 22,ecg200-raw,db4,usage,32,50,50,0
W-QDA,W-QDA:qda,5,1.0,0.08,0.25,1 3 4 0 5 2 6 8 12 11 23 9 25 10 7 24 47 13 16 22,1 3 4 0 5 2 6 8 12 11 23 9 25 10 7 24 47 13 16 22,ecg200-raw,db4,usage,32,50,50,0
W-CART,W-CART:cart,18,2.0,0.08,0.15,1 4 3 5 0 2 8 6 12 11 24 7 23 46 9 10 13 14 15 16,1 3 4 0 5 2 6 8 12 11 23 9 25 10 7 24 47 13 16 22,ecg200-raw,db4,usage,32,50,50,0
ALL,W-QDA:qda,5,1.0,0.08,0.25,1 3 4 0 5 2 6 8 12 11 23 9 25 10 7 24 47 13 16 22,1 3 4 0 5 2 6 8 12 11 23 9 25 10 7 24 47 13 16 22,ecg200-raw,db4,usage,32,50,50,0
W-NN,W-NN:k=1,21,,0.1,0.16,3 4 1 0 5 2 6 12 8 11 23 24 7 25 9 10 47 16 46 13,3 4 1 0 5 2 6 12 8 11 23 24 7 25 9 10 47 16 46 13,ecg200-raw,db4,energy,33,50,50,0
W-QDA,W-QDA:qda,10,,0.08,0.11,3 4 1 0 5 2 6 12 8 11 23 24 7 25 9 10 47 16 46 13,3 4 1 0 5 2 6 12 8 11 23 24 7 25 9 10 47 16 46 13,ecg200-raw,db4,energy,33,50,50,0
W-CART,W-CART:cart,24,,0.14,0.13,3 4 1 0 5 2 6 12 8 11 23 24 7 25 9 10 47 16 46 13,3 4 1 0 5 2 6 12 8 11 23 24 7 25 9 10 47 16 46 13,ecg200-raw,db4,energy,33,50,50,0
ALL,W-QDA:qda,10,,0.08,0.11,3 4 1 0 5 2 6 12 8 11 23 24 7 25 9 10 47 16 46 13,3 4 1 0 5 2 6 12 8 11 23 24 7 25 9 10 47 16 46 13,ecg200-raw,db4,energy,33,50,50,0
W-NN,W-NN:k=1,32,1.5,0.08,0.15,1 3 4 5 2 0 6 12 8 11 23 24 7 47 25 22 46 10 9 13,1 3 4 5 6 0 12 2 8 11 23 25 9 10 24 7 47 13 22 46,ecg200-raw,db4,usage,33,50,50,0
W-QDA,W-QDA:qda,11,0.5,0.06,0.12,1 4 0 3 6 2 5 11 8 12 25 7 10 23 9 24 16 47 13 50,1 3 4 5 6 0 12 2 8 11 23 25 9 10 24 7 47 13 22 46,ecg200-raw,db4,usage,33,50,50,0
W-CART,W-CART:cart,18,1.5,0.08,0.16,1 3 4 5 2 0 6 12 8 11 23 24 7 47 25 22 46 10 9 13,1 3 4 5 6 0 12 2 8 11 23 25 9 10 24 7 47 13 22 46,ecg200-raw,db4,usage,33,50,50,0
ALL,W-QDA:qda,11,0.5,0.06,0.12,1 4 0 3 6 2 5 11 8 12 25 7 10 23 9 24 16 47 13 50,1 3 4 5 6 0 12 2 8 11 23 25 9 10 24 7 47 13 22 46,ecg200-raw,db4,usage,33,50,50,0
W-NN,W-NN:k=1,31,,0.08,0.13,3 0 4 1 2 5 12 8 6 11 23 24 25 9 10 7 47 16 13 50,3 0 4 1 2 5 12 8 6 11 23 24 25 9 10 7 47 16 13 50,ecg200-raw,db4,energy,34,50,50,0
W-QDA,W-QDA:qda,12,,0.1,0.11,3 0 4 1 2 5 12 8 6 11 23 24 25 9 10 7 47 16 13 50,3 0 4 1 2 5 12 8 6 11 23 24 25 9 10 7 47 16 13 50,ecg200-raw,db4,energy,34,50,50,0
W-CART,W-CART:cart,30,,0.16,0.2,3 0 4 1 2 5 12 8 6 11 23 24 25 9 10 7 47 16 13 50,3 0 4 1 2 5 12 8 6 11 23 24 25 9 10 7 47 16 13 50,ecg200-raw,db4,energy,34,50,50,0
ALL,W-NN:k=1,31,,0.08,0.13,3 0 4 1 2 5 12 8 6 11 23 24 25 9 10 7 47 16 13 50,3 0 4 1 2 5 12 8 6 11 23 24 25 9 10 7 47 16 13 50,ecg200-raw,db4,energy,34,50,50,0
W-NN,W-NN:k=1,30,0.5,0.08,0.13,1 3 6 0 4 5 12 2 11 8 9 10 25 23 7 24 16 47 13 48,1 3 4 5 0 6 12 2 8 11 23 25 9 10 24 47 7 13 50 16,ecg200-raw,db4,usage,34,50,50,0
W-QDA,W-QDA:qda,12,1.5,0.1,0.11,3 1 4 5 2 0 8 12 6 11 23 24 7 47 25 9 10 13 14 15,1 3 4 5 0 6 12 2 8 11 23 25 9 10 24 47 7 13 50 16,ecg200-raw,db4,usage,34,50,50,0
W-CART,W-CART:cart,18,1.0,0.14,0.23,1 3 4 5 0 6 12 2 8 11 23 25 9 10 24 47 7 13 50 16,1 3 4 5 0 6 12 2 8 11 23 25 9 10 24 47 7 13 50 16,ecg200-raw,db4,usage,34,50,50,0
ALL,W-NN:k=1,30,0.5,0.08,0.13,1 3 6 0 4 5 12 2 11 8 9 10 25 23 7 24 16 47 13 48,1 3 4 5 0 6 12 2 8 11 23 25 9 10 24 47 7 13 50 16,ecg200-raw,db4,usage,34,50,50,0
W-NN,W-NN:k=5,7,,0.12,0.22,3 1 4 0 5 2 8 6 12 11 24 23 7 25 9 10 47 16 46 13,3 1 4 0 5 2 8 6 12 11 24 23 7 25 9 10 47 16 46 13,ecg200-raw,db4,energy,35,50,50,0
W-QDA,W-QDA:qda,4,,0.1,0.22,3 1 4 0 5 2 8 6 12 11 24 23 7 25 9 10 47 16 46 13,3 1 4 0 5 2 8 6 12 11 24 23 7 25 9 10 47 16 46 13,ecg200-raw,db4,energy,35,50,50,0
W-CART,W-CART:cart,16,,0.14,0.19,3 1 4 0 5 2 8 6 12 11 24 23 7 25 9 10 47 16 46 13,3 1 4 0 5 2 8 6 12 11 24 23 7 25 9 10 47 16 46 13,ecg200-raw,db4,energy,35,50,50,0
ALL,W-QDA:qda,4,,0.1,0.22,3 1 4 0 5 2 8 6 12 11 24 23 7 25 9 10 47 16 46 13,3 1 4 0 5 2 8 6 12 11 24 23 7 25 9 10 47 16 46 13,ecg200-raw,db4,energy,35,50,50,0
W-NN,W-NN:k=1,15,1.0,0.1,0.13,1 3 4 5 0 6 2 8 11 12 23 10 24 25 9 7 47 48 13 16,1 3 4 5 0 6 2 8 11 12 23 10 24 25 9 7 47 48 13 16,ecg200-raw,db4,usage,35,50,50,0
W-QDA,W-QDA:qda,10,2.0,0.08,0.16,3 4 1 5 0 2 8 12 6 24 11 23 7 46 9 10 13 14 15 16,1 3 4 5 0 6 2 8 11 12 23 10 24 25 9 7 47 48 13 16,ecg200-raw,db4,usage,35,50,50,0
W-CART,W-CART:cart,13,3.0,0.1,0.15,3 4 1 0 5 2 12 6 11 23 7 8 9 10 13 14 15 16 17 18,1 3 4 5 0 6 2 8 11 12 23 10 24 25 9 7 47 48 13 16,ecg200-raw,db4,usage,35,50,50,0
ALL,W-QDA:qda,10,2.0,0.08,0.16,3 4 1 5 0 2 8 12 6 24 11 23 7 46 9 10 13 14 15 16,1 3 4 5 0 6 2 8 11 12 23 10 24 25 9 7 47 48 13 16,ecg200-raw,db4,usage,35,50,50,0
W-NN,W-NN:k=1,12,,0.12,0.17,3 0 1 4 2 5 6 8 12 11 23 24 7 25 10 9 47 16 13 46,3 0 1 4 2 5 6 8 12 11 23 24 7 25 10 9 47 16 13 46,ecg200-raw,db4,energy,36,50,50,0
W-QDA,W-QDA:qda,9,,0.14,0.12,3 0 1 4 2 5 6 8 12 11 23 24 7 25 10 9 47 16 13 46,3 0 1 4 2 5 6 8 12 11 23 24 7 25 10 9 47 16 13 46,ecg200-raw,db4,energy,36,50,50,0
W-CART,W-CART:cart,14,,0.14,0.24,3 0 1 4 2 5 6 8 12 11 23 24 7 25 10 9 47 16 13 46,3 0 1 4 2 5 6 8 12 11 23 24 7 25 10 9 47 16 13 46,ecg200-raw,db4,energy,36,50,50,0
ALL,W-NN:k=1,12,,0.12,0.17,3 0 1 4 2 5 6 8 12 11 23 24 7 25 10 9 47 16 13 46,3 0 1 4 2 5 6 8 12 11 23 24 7 25 10 9 47 16 13 46,ecg200-raw,db4,energy,36,50,50,0
W-NN,W-NN:k=1,8,0.5,0.12,0.14,1 3 2 4 0 5 11 6 12 8 9 10 7 23 25 16 24 47 17 13,1 3 4 0 5 2 6 12 8 11 23 10 25 7 24 9 47 13 48 50,ecg200-raw,db4,usage,36,50,50,0
W-QDA,W-QDA:qda,8,2.0,0.14,0.12,1 3 4 5 2 0 8 12 6 11 23 24 7 46 9 10 13 14 15 16,1 3 4 0 5 2 6 12 8 11 23 10 25 7 24 9 47 13 48 50,ecg200-raw,db4,usage,36,50,50,0
W-CART,W-CART:cart,17,1.0,0.1,0.22,1 3 4 0 5 2 6 12 8 11 23 10 25 7 24 9 47 13 48 50,1 3 4 0 5 2 6 12 8 11 23 10 25 7 24 9 47 13 48 50,ecg200-raw,db4,usage,36,50,50,0
ALL,W-CART:cart,17,1.0,0.1,0.22,1 3 4 0 5 2 6 12 8 11 23 10 25 7 24 9 47 13 48 50,1 3 4 0 5 2 6 12 8 11 23 10 25 7 24 9 47 13 48 50,ecg200-raw,db4,usage,36,50,50,0
W-NN,W-NN:k=1,17,,0.08,0.11,3 4 0 1 5 2 8 6 11 12 24 23 7 25 9 10 47 13 16 26,3 4 0 1 5 2 8 6 11 12 24 23 7 25 9 10 47 13 16 26,ecg200-raw,db4,energy,37,50,50,0
W-QDA,W-QDA:qda,12,,0.1,0.2,3 4 0 1 5 2 8 6 11 12 24 23 7 25 9 10 47 13 16 26,3 4 0 1 5 2 8 6 11 12 24 23 7 25 9 10 47 13 16 26,ecg200-raw,db4,energy,37,50,50,0
W-CART,W-CART:cart,12,,0.12,0.22,3 4 0 1 5 2 8 6 11 12 24 23 7 25 9 10 47 13 16 26,3 4 0 1 5 2 8 6 11 12 24 23 7 25 9 10 47 13 16 26,ecg200-raw,db4,energy,37,50,50,0
ALL,W-NN:k=1,17,,0.08,0.11,3 4 0 1 5 2 8 6 11 12 24 23 7 25 9 10 47 13 16 26,3 4 0 1 5 2 8 6 11 12 24 23 7 25 9 10 47 13 16 26,ecg200-raw,db4,energy,37,50,50,0
W-NN,W-NN:k=1,17,1.0,0.08,0.11,1 3 4 6 5 0 11 2 8 12 25 24 23 9 10 7 47 13 22 48,1 3 4 6 5 0 11 2 8 12 25 24 23 9 10 7 47 13 22 48,ecg200-raw,db4,usage,37,50,50,0
W-QDA,W-QDA:qda,11,0.5,0.08,0.16,1 6 3 4 0 5 11 2 8 12 23 10 24 25 7 9 16 47 26 13,1 3 4 6 5 0 11 2 8 12 25 24 23 9 10 7 47 13 22 48,ecg200-raw,db4,usage,37,50,50,0
W-CART,W-CART:cart,11,1.0,0.12,0.17,1 3 4 6 5 0 11 2 8 12 25 24 23 9 10 7 47 13 22 48,1 3 4 6 5 0 11 2 8 12 25 24 23 9 10 7 47 13 22 48,ecg200-raw,db4,usage,37,50,50,0
ALL,W-QDA:qda,11,0.5,0.08,0.16,1 6 3 4 0 5 11 2 8 12 23 10 24 25 7 9 16 47 26 13,1 3 4 6 5 0 11 2 8 12 25 24 23 9 10 7 47 13 22 48,ecg200-raw,db4,usage,37,50,50,0
W-NN,W-NN:k=3,14,,0.08,0.15,3 0 1 4 2 5 6 12 8 11 23 24 7 25 9 10 47 16 13 46,3 0 1 4 2 5 6 12 8 11 23 24 7 25 9 10 47 16 13 46,ecg200-raw,db4,energy,38,50,50,0
W-QDA,W-QDA:qda,7,,0.08,0.15,3 0 1 4 2 5 6 12 8 11 23 24 7 25 9 10 47 16 13 46,3 0 1 4 2 5 6 12 8 11 23 24 7 25 9 10 47 16 13 46,ecg200-raw,db4,energy,38,50,50,0
W-CART,W-CART:cart,17,,0.18,0.14,3 0 1 4 2 5 6 12 8 11 23 24 7 25 9 10 47 16 13 46,3 0 1 4 2 5 6 12 8 11 23 24 7 25 9 10 47 16 13 46,ecg200-raw,db4,energy,38,50,50,0
ALL,W-QDA:qda,7,,0.08,0.15,3 0 1 4 2 5 6 12 8 11 23 24 7 25 9 10 47 16 13 46,3 0 1 4 2 5 6 12 8 11 23 24 7 25 9 10 47 16 13 46,ecg200-raw,db4,energy,38,50,50,0
W-NN,W-NN:k=1,20,0.5,0.06,0.14,1 3 2 6 4 0 5 11 8 12 23 25 7 9 10 24 16 47 13 26,1 3 6 4 0 5 2 12 8 11 23 25 9 24 10 7 47 13 22 46,ecg200-raw,db4,usage,38,50,50,0
W-QDA,W-QDA:qda,6,1.0,0.06,0.16,1 3 6 4 0 5 2 12 8 11 23 25 9 24 10 7 47 13 22 46,1 3 6 4 0 5 2 12 8 11 23 25 9 24 10 7 47 13 22 46,ecg200-raw,db4,usage,38,50,50,0
W-CART,W-CART:cart,4,0.5,0.12,0.22,1 3 2 6 4 0 5 11 8 12 23 25 7 9 10 24 16 47 13 26,1 3 6 4 0 5 2 12 8 11 23 25 9 24 10 7 47 13 22 46,ecg200-raw,db4,usage,38,50,50,0
ALL,W-QDA:qda,6,1.0,0.06,0.16,1 3 6 4 0 5 2 12 8 11 23 25 9 24 10 7 47 13 22 46,1 3 6 4 0 5 2 12 8 11 23 25 9 24 10 7 47 13 22 46,ecg200-raw,db4,usage,38,50,50,0
W-NN,W-NN:k=3,8,,0.14,0.18,3 1 0 4 2 5 6 8 12 11 23 24 7 25 47 9 10 16 22 50,3 1 0 4 2 5 6 8 12 11 23 24 7 25 47 9 10 16 22 50,ecg200-raw,db4,energy,39,50,50,0
W-QDA,W-QDA:qda,5,,0.14,0.19,3 1 0 4 2 5 6 8 12 11 23 24 7 25 47 9 10 16 22 50,3 1 0 4 2 5 6 8 12 11 23 24 7 25 47 9 10 16 22 50,ecg200-raw,db4,energy,39,50,50,0
W-CART,W-CART:cart,2,,0.2,0.25,3 1 0 4 2 5 6 8 12 11 23 24 7 25 47 9 10 16 22 50,3 1 0 4 2 5 6 8 12 11 23 24 7 25 47 9 10 16 22 50,ecg200-raw,db4,energy,39,50,50,0
ALL,W-QDA:qda,5,,0.14,0.19,3 1 0 4 2 5 6 8 12 11 23 24 7 25 47 9 10 16 22 50,3 1 0 4 2 5 6 8 12 11 23 24 7 25 47 9 10 16 22 50,ecg200-raw,db4,energy,39,50,50,0
W-NN,W-NN:k=1,10,0.5,0.1,0.16,1 3 6 4 2 5 0 11 8 7 12 25 10 23 24 9 47 16 13 48,1 3 4 5 6 2 0 8 12 11 23 24 25 47 7 9 10 22 50 48,ecg200-raw,db4,usage,39,50,50,0
W-QDA,W-QDA:qda,7,1.5,0.1,0.19,1 3 4 5 2 0 8 12 6 11 24 23 7 25 22 46 47 9 49 10,1 3 4 5 6 2 0 8 12 11 23 24 25 47 7 9 10 22 50 48,ecg200-raw,db4,usage,39,50,50,0
W-CART,W-CART:cart,8,1.5,0.14,0.25,1 3 4 5 2 0 8 12 6 11 24 23 7 25 22 46 47 9 49 10,1 3 4 5 6 2 0 8 12 11 23 24 25 47 7 9 10 22 50 48,ecg200-raw,db4,usage,39,50,50,0
ALL,W-QDA:qda,7,1.5,0.1,0.19,1 3 4 5 2 0 8 12 6 11 24 23 7 25 22 46 47 9 49 10,1 3 4 5 6 2 0 8 12 11 23 24 25 47 7 9 10 22 50 48,ecg200-raw,db4,usage,39,50,50,0
W-NN,W-NN:k=1,10,,0.08,0.11,3 0 4 1 5 2 8 6 12 11 24 23 9 25 10 7 47 16 22 46,3 0 4 1 5 2 8 6 12 11 24 23 9 25 10 7 47 16 22 46,ecg200-raw,db4,energy,40,50,50,0
W-QDA,W-QDA:qda,7,,0.08,0.19,3 0 4 1 5 2 8 6 12 11 24 23 9 25 10 7 47 16 22 46,3 0 4 1 5 2 8 6 12 11 24 23 9 25 10 7 47 16 22 46,ecg200-raw,db4,energy,40,50,50,0
W-CART,W-CART:cart,18,,0.08,0.2,3 0 4 1 5 2 8 6 12 11 24 23 9 25 10 7 47 16 22 46,3 0 4 1 5 2 8 6 12 11 24 23 9 25 10 7 47 16 22 46,ecg200-raw,db4,energy,40,50,50,0
ALL,W-QDA:qda,7,,0.08,0.19,3 0 4 1 5 2 8 6 12 11 24 23 9 25 10 7 47 16 22 46,3 0 4 1 5 2 8 6 12 11 24 23 9 25 10 7 47 16 22 46,ecg200-raw,db4,energy,40,50,50,0
W-NN,W-NN:k=1,7,0.5,0.08,0.12,4 1 3 6 0 2 11 5 8 12 9 10 23 25 7 47 24 16 13 17,1 3 4 6 0 5 2 8 11 12 23 9 24 10 25 7 47 22 16 49,ecg200-raw,db4,usage,40,50,50,0
W-QDA,W-QDA:qda,7,0.5,0.08,0.13,4 1 3 6 0 2 11 5 8 12 9 10 23 25 7 47 24 16 13 17,1 3 4 6 0 5 2 8 11 12 23 9 24 10 25 7 47 22 16 49,ecg200-raw,db4,usage,40,50,50,0
W-CART,W-CART:cart,21,0.5,0.06,0.18,4 1 3 6 0 2 11 5 8 12 9 10 23 25 7 47 24 16 13 17,1 3 4 6 0 5 2 8 11 12 23 9 24 10 25 7 47 22 16 49,ecg200-raw,db4,usage,40,50,50,0
ALL,W-CART:cart,21,0.5,0.06,0.18,4 1 3 6 0 2 11 5 8 12 9 10 23 25 7 47 24 16 13 17,1 3 4 6 0 5 2 8 11 12 23 9 24 10 25 7 47 22 16 49,ecg200-raw,db4,usage,40,50,50,0
W-NN,W-NN:k=1,13,,0.06,0.13,3 0 4 1 2 5 6 12 8 11 23 24 25 7 9 10 47 13 16 26,3 0 4 1 2 5 6 12 8 11 23 24 25 7 9 10 47 13 16 26,ecg200-raw,db4,energy,41,50,50,0
W-QDA,W-QDA:qda,13,,0.12,0.13,3 0 4 1 2 5 6 12 8 11 23 24 25 7 9 10 47 13 16 26,3 0 4 1 2 5 6 12 8 11 23 24 25 7 9 10 47 13 16 26,ecg200-raw,db4,energy,41,50,50,0
W-CART,W-CART:cart,22,,0.08,0.22,3 0 4 1 2 5 6 12 8 11 23 24 25 7 9 10 47 13 16 26,3 0 4 1 2 5 6 12 8 11 23 24 25 7 9 10 47 13 16 26,ecg200-raw,db4,energy,41,50,50,0
ALL,W-NN:k=1,13,,0.06,0.13,3 0 4 1 2 5 6 12 8 11 23 24 25 7 9 10 47 13 16 26,3 0 4 1 2 5 6 12 8 11 23 24 25 7 9 10 47 13 16 26,ecg200-raw,db4,energy,41,50,50,0
W-NN,W-NN:k=1,15,1.0,0.06,0.13,1 3 4 0 6 5 2 11 12 8 23 25 9 10 24 7 13 47 22 16,1 3 4 0 6 5 2 11 12 8 23 25 9 10 24 7 13 47 22 16,ecg200-raw,db4,usage,41,50,50,0
W-QDA,W-QDA:qda,7,0.5,0.1,0.14,1 0 3 4 6 2 11 5 8 12 23 7 10 25 9 24 16 47 13 26,1 3 4 0 6 5 2 11 12 8 23 25 9 10 24 7 13 47 22 16,ecg200-raw,db4,usage,41,50,50,0
W-CART,W-CART:cart,24,1.0,0.06,0.22,1 3 4 0 6 5 2 11 12 8 23 25 9 10 24 7 13 47 22 16,1 3 4 0 6 5 2 11 12 8 23 25 9 10 24 7 13 47 22 16,ecg200-raw,db4,usage,41,50,50,0
ALL,W-NN:k=1,15,1.0,0.06,0.13,1 3 4 0 6 5 2 11 12 8 23 25 9 10 24 7 13 47 22 16,1 3 4 0 6 5 2 11 12 8 23 25 9 10 24 7 13 47 22 16,ecg200-raw,db4,usage,41,50,50,0
W-NN,W-NN:k=1,13,,0.06,0.15,3 4 0 1 5 2 6 8 12 11 24 23 7 25 9 10 47 16 13 17,3 4 0 1 5 2 6 8 12 11 24 23 7 25 9 10 47 16 13 17,ecg200-raw,db4,energy,42,50,50,0
W-QDA,W-QDA:qda,14,,0.14,0.21,3 4 0 1 5 2 6 8 12 11 24 23 7 25 9 10 47 16 13 17,3 4 0 1 5 2 6 8 12 11 24 23 7 25 9 10 47 16 13 17,ecg200-raw,db4,energy,42,50,50,0
W-CART,W-CART:cart,18,,0.12,0.23,3 4 0 1 5 2 6 8 12 11 24 23 7 25 9 10 47 16 13 17,3 4 0 1 5 2 6 8 12 11 24 23 7 25 9 10 47 16 13 17,ecg200-raw,db4,energy,42,50,50,0
ALL,W-NN:k=1,13,,0.06,0.15,3 4 0 1 5 2 6 8 12 11 24 23 7 25 9 10 47 16 13 17,3 4 0 1 5 2 6 8 12 11 24 23 7 25 9 10 47 16 13 17,ecg200-raw,db4,energy,42,50,50,0
W-NN,W-NN:k=1,13,1.5,0.06,0.15,3 4 5 1 6 2 0 8 12 11 24 23 7 47 25 46 9 10 13 14,3 1 4 5 6 0 2 8 11 12 25 23 9 10 24 7 47 13 16 48,ecg200-raw,db4,usage,42,50,50,0
W-QDA,W-QDA:qda,14,0.5,0.12,0.19,1 3 4 6 2 5 0 11 8 12 10 9 7 25 23 47 16 24 17 13,3 1 4 5 6 0 2 8 11 12 25 23 9 10 24 7 47 13 16 48,ecg200-raw,db4,usage,42,50,50,0
W-CART,W-CART:cart,19,0.5,0.1,0.23,1 3 4 6 2 5 0 11 8 12 10 9 7 25 23 47 16 24 17 13,3 1 4 5 6 0 2 8 11 12 25 23 9 10 24 7 47 13 16 48,ecg200-raw,db4,usage,42,50,50,0
ALL,W-NN:k=1,13,1.5,0.06,0.15,3 4 5 1 6 2 0 8 12 11 24 23 7 47 25 46 9 10 13 14,3 1 4 5 6 0 2 8 11 12 25 23 9 10 24 7 47 13 16 48,ecg200-raw,db4,usage,42,50,50,0
W-NN,W-NN:k=1,16,,0.18,0.11,3 0 1 4 2 5 12 6 8 11 23 24 25 7 9 10 47 13 16 48,3 0 1 4 2 5 12 6 8 11 23 24 25 7 9 10 47 13 16 48,ecg200-raw,db4,energy,43,50,50,0
W-QDA,W-QDA:qda,11,,0.18,0.17,3 0 1 4 2 5 12 6 8 11 23 24 25 7 9 10 47 13 16 48,3 0 1 4 2 5 12 6 8 11 23 24 25 7 9 10 47 13 16 48,ecg200-raw,db4,energy,43,50,50,0
W-CART,W-CART:cart,15,,0.16,0.18,3 0 1 4 2 5 12 6 8 11 23 24 25 7 9 10 47 13 16 48,3 0 1 4 2 5 12 6 8 11 23 24 25 7 9 10 47 13 16 48,ecg200-raw,db4,energy,43,50,50,0
ALL,W-CART:cart,15,,0.16,0.18,3 0 1 4 2 5 12 6 8 11 23 24 25 7 9 10 47 13 16 48,3 0 1 4 2 5 12 6 8 11 23 24 25 7 9 10 47 13 16 48,ecg200-raw,db4,energy,43,50,50,0
W-NN,W-NN:k=15,1,3.0,0.18,0.27,4 3 1 0 2 5 12 11 6 23 7 8 9 10 13 14 15 16 17 18,1 3 4 0 2 5 6 12 11 8 23 25 9 7 10 24 47 13 16 22,ecg200-raw,db4,usage,43,50,50,0
W-QDA,W-QDA:qda,8,0.5,0.16,0.2,1 3 4 6 0 2 5 11 12 8 25 23 7 9 10 47 13 16 24 48,1 3 4 0 2 5 6 12 11 8 23 25 9 7 10 24 47 13 16 22,ecg200-raw,db4,usage,43,50,50,0
W-CART,W-CART:cart,9,3.0,0.16,0.18,4 3 1 0 2 5 12 11 6 23 7 8 9 10 13 14 15 16 17 18,1 3 4 0 2 5 6 12 11 8 23 25 9 7 10 24 47 13 16 22,ecg200-raw,db4,usage,43,50,50,0
ALL,W-QDA:qda,8,0.5,0.16,0.2,1 3 4 6 0 2 5 11 12 8 25 23 7 9 10 47 13 16 24 48,1 3 4 0 2 5 6 12 11 8 23 25 9 7 10 24 47 13 16 22,ecg200-raw,db4,usage,43,50,50,0
W-NN,W-NN:k=3,22,,0.1,0.18,3 4 1 0 5 2 12 8 6 11 7 24 23 25 9 10 47 16 50 13,3 4 1 0 5 2 12 8 6 11 7 24 23 25 9 10 47 16 50 13,ecg200-raw,db4,energy,44,50,50,0
W-QDA,W-QDA:qda,16,,0.16,0.27,3 4 1 0 5 2 12 8 6 11 7 24 23 25 9 10 47 16 50 13,3 4 1 0 5 2 12 8 6 11 7 24 23 25 9 10 47 16 50 13,ecg200-raw,db4,energy,44,50,50,0
W-CART,W-CART:cart,56,,0.14,0.19,3 4 1 0 5 2 12 8 6 11 7 24 23 25 9 10 47 16 50 13,3 4 1 0 5 2 12 8 6 11 7 24 23 25 9 10 47 16 50 13,ecg200-raw,db4,energy,44,50,50,0
ALL,W-NN:k=3,22,,0.1,0.18,3 4 1 0 5 2 12 8 6 11 7 24 23 25 9 10 47 16 50 13,3 4 1 0 5 2 12 8 6 11 7 24 23 25 9 10 47 16 50 13,ecg200-raw,db4,energy,44,50,50,0
W-NN,W-NN:k=3,17,3.0,0.08,0.19,4 3 1 0 5 2 12 6 7 8 11 9 10 13 14 15 16 17 18 19,1 4 3 5 6 0 12 2 8 11 23 25 9 7 10 24 47 13 16 50,ecg200-raw,db4,usage,44,50,50,0
W-QDA,W-QDA:qda,13,3.0,0.16,0.26,4 3 1 0 5 2 12 6 7 8 11 9 10 13 14 15 16 17 18 19,1 4 3 5 6 0 12 2 8 11 23 25 9 7 10 24 47 13 16 50,ecg200-raw,db4,usage,44,50,50,0
W-CART,W-CART:cart,17,1.5,0.12,0.2,3 4 1 5 2 0 6 12 8 11 24 7 23 25 47 46 9 10 13 14,1 4 3 5 6 0 12 2 8 11 23 25 9 7 10 24 47 13 16 50,ecg200-raw,db4,usage,44,50,50,0
ALL,W-NN:k=3,17,3.0,0.08,0.19,4 3 1 0 5 2 12 6 7 8 11 9 10 13 14 15 16 17 18 19,1 4 3 5 6 0 12 2 8 11 23 25 9 7 10 24 47 13 16 50,ecg200-raw,db4,usage,44,50,50,0
W-NN,W-NN:k=1,9,,0.1,0.17,3 4 0 1 5 2 6 8 12 11 23 24 7 25 9 10 47 16 13 22,3 4 0 1 5 2 6 8 12 11 23 24 7 25 9 10 47 16 13 22,ecg200-raw,db4,energy,45,50,50,0
W-QDA,W-QDA:qda,11,,0.14,0.14,3 4 0 1 5 2 6 8 12 11 23 24 7 25 9 10 47 16 13 22,3 4 0 1 5 2 6 8 12 11 23 24 7 25 9 10 47 16 13 22,ecg200-raw,db4,energy,45,50,50,0
W-CART,W-CART:cart,7,,0.12,0.26,3 4 0 1 5 2 6 8 12 11 23 24 7 25 9 10 47 16 13 22,3 4 0 1 5 2 6 8 12 11 23 24 7 25 9 10 47 16 13 22,ecg200-raw,db4,energy,45,50,50,0
ALL,W-NN:k=1,9,,0.1,0.17,3 4 0 1 5 2 6 8 12 11 23 24 7 25 9 10 47 16 13 22,3 4 0 1 5 2 6 8 12 11 23 24 7 25 9 10 47 16 13 22,ecg200-raw,db4,energy,45,50,50,0
W-NN,W-NN:k=1,11,3.0,0.08,0.12,4 3 1 5 0 2 12 6 11 7 23 8 9 10 13 14 15 16 17 18,1 3 4 5 0 6 11 2 8 12 23 9 25 24 10 7 47 22 13 46,ecg200-raw,db4,usage,45,50,50,0
W-QDA,W-QDA:qda,10,3.0,0.1,0.12,4 3 1 5 0 2 12 6 11 7 23 8 9 10 13 14 15 16 17 18,1 3 4 5 0 6 11 2 8 12 23 9 25 24 10 7 47 22 13 46,ecg200-raw,db4,usage,45,50,50,0
W-CART,W-CART:cart,6,1.0,0.12,0.24,1 3 4 5 0 6 11 2 8 12 23 9 25 24 10 7 47 22 13 46,1 3 4 5 0 6 11 2 8 12 23 9 25 24 10 7 47 22 13 46,ecg200-raw,db4,usage,45,50,50,0
ALL,W-NN:k=1,11,3.0,0.08,0.12,4 3 1 5 0 2 12 6 11 7 23 8 9 10 13 14 15 16 17 18,1 3 4 5 0 6 11 2 8 12 23 9 25 24 10 7 47 22 13 46,ecg200-raw,db4,usage,45,50,50,0
W-NN,W-NN:k=1,9,,0.08,0.18,3 1 4 0 5 2 6 12 8 11 24 23 7 25 9 10 47 46 13 16,3 1 4 0 5 2 6 12 8 11 24 23 7 25 9 10 47 46 13 16,ecg200-raw,db4,energy,46,50,50,0
W-QDA,W-QDA:qda,16,,0.02,0.14,3 1 4 0 5 2 6 12 8 11 24 23 7 25 9 10 47 46 13 16,3 1 4 0 5 2 6 12 8 11 24 23 7 25 9 10 47 46 13 16,ecg200-raw,db4,energy,46,50,50,0
W-CART,W-CART:cart,18,,0.06,0.18,3 1 4 0 5 2 6 12 8 11 24 23 7 25 9 10 47 46 13 16,3 1 4 0 5 2 6 12 8 11 24 23 7 25 9 10 47 46 13 16,ecg200-raw,db4,energy,46,50,50,0
ALL,W-QDA:qda,16,,0.02,0.14,3 1 4 0 5 2 6 12 8 11 24 23 7 25 9 10 47 46 13 16,3 1 4 0 5 2 6 12 8 11 24 23 7 25 9 10 47 46 13 16,ecg200-raw,db4,energy,46,50,50,0
W-NN,W-NN:k=1,11,1.0,0.06,0.17,3 1 4 6 5 0 2 11 8 12 23 25 9 24 7 10 47 13 22 46,3 1 4 6 5 0 2 11 8 12 23 25 9 24 7 10 47 13 22 46,ecg200-raw,db4,usage,46,50,50,0
W-QDA,W-QDA:qda,16,0.5,0.02,0.14,1 3 4 6 2 5 11 0 8 12 7 23 25 9 10 24 47 16 13 50,3 1 4 6 5 0 2 11 8 12 23 25 9 24 7 10 47 13 22 46,ecg200-raw,db4,usage,46,50,50,0
W-CART,W-CART:cart,20,1.0,0.06,0.18,3 1 4 6 5 0 2 11 8 12 23 25 9 24 7 10 47 13 22 46,3 1 4 6 5 0 2 11 8 12 23 25 9 24 7 10 47 13 22 46,ecg200-raw,db4,usage,46,50,50,0
ALL,W-QDA:qda,16,0.5,0.02,0.14,1 3 4 6 2 5 11 0 8 12 7 23 25 9 10 24 47 16 13 50,3 1 4 6 5 0 2 11 8 12 23 25 9 24 7 10 47 13 22 46,ecg200-raw,db4,usage,46,50,50,0
W-NN,W-NN:k=1,14,,0.08,0.1,3 4 1 0 5 2 6 12 8 11 23 24 7 25 9 10 47 16 13 46,3 4 1 0 5 2 6 12 8 11 23 24 7 25 9 10 47 16 13 46,ecg200-raw,db4,energy,47,50,50,0
W-QDA,W-QDA:qda,10,,0.12,0.11,3 4 1 0 5 2 6 12 8 11 23 24 7 25 9 10 47 16 13 46,3 4 1 0 5 2 6 12 8 11 23 24 7 25 9 10 47 16 13 46,ecg200-raw,db4,energy,47,50,50,0
W-CART,W-CART:cart,8,,0.14,0.26,3 4 1 0 5 2 6 12 8 11 23 24 7 25 9 10 47 16 13 46,3 4 1 0 5 2 6 12 8 11 23 24 7 25 9 10 47 16 13 46,ecg200-raw,db4,energy,47,50,50,0
ALL,W-NN:k=1,14,,0.08,0.1,3 4 1 0 5 2 6 12 8 11 23 24 7 25 9 10 47 16 13 46,3 4 1 0 5 2 6 12 8 11 23 24 7 25 9 10 47 16 13 46,ecg200-raw,db4,energy,47,50,50,0
W-NN,W-NN:k=1,8,0.5,0.08,0.14,1 2 3 6 4 5 8 11 0 12 10 7 25 23 9 24 47 16 13 48,1 3 4 5 6 2 0 12 8 11 23 9 25 24 10 47 7 46 13 22,ecg200-raw,db4,usage,47,50,50,0
W-QDA,W-QDA:qda,13,1.0,0.1,0.15,1 3 4 5 6 2 0 12 8 11 23 9 25 24 10 47 7 46 13 22,1 3 4 5 6 2 0 12 8 11 23 9 25 24 10 47 7 46 13 22,ecg200-raw,db4,usage,47,50,50,0
W-CART,W-CART:cart,8,2.0,0.12,0.22,1 4 3 5 2 8 0 12 6 11 24 7 23 46 47 9 10 13 14 15,1 3 4 5 6 2 0 12 8 11 23 9 25 24 10 47 7 46 13 22,ecg200-raw,db4,usage,47,50,50,0
ALL,W-NN:k=1,8,0.5,0.08,0.14,1 2 3 6 4 5 8 11 0 12 10 7 25 23 9 24 47 16 13 48,1 3 4 5 6 2 0 12 8 11 23 9 25 24 10 47 7 46 13 22,ecg200-raw,db4,usage,47,50,50,0
W-NN,W-NN:k=1,14,,0.08,0.14,3 4 1 0 5 2 6 12 8 11 23 24 7 25 9 10 47 16 13 50,3 4 1 0 5 2 6 12 8 11 23 24 7 25 9 10 47 16 13 50,ecg200-raw,db4,energy,48,50,50,0
W-QDA,W-QDA:qda,12,,0.12,0.14,3 4 1 0 5 2 6 12 8 11 23 24 7 25 9 10 47 16 13 50,3 4 1 0 5 2 6 12 8 11 23 24 7 25 9 10 47 16 13 50,ecg200-raw,db4,energy,48,50,50,0
W-CART,W-CART:cart,41,,0.1,0.23,3 4 1 0 5 2 6 12 8 11 23 24 7 25 9 10 47 16 13 50,3 4 1 0 5 2 6 12 8 11 23 24 7 25 9 10 47 16 13 50,ecg200-raw,db4,energy,48,50,50,0
ALL,W-NN:k=1,14,,0.08,0.14,3 4 1 0 5 2 6 12 8 11 23 24 7 25 9 10 47 16 13 50,3 4 1 0 5 2 6 12 8 11 23 24 7 25 9 10 47 16 13 50,ecg200-raw,db4,energy,48,50,50,0
W-NN,W-NN:k=1,14,1.5,0.08,0.14,3 4 1 5 6 2 8 12 0 11 23 24 7 25 47 46 9 10 13 14,3 1 4 5 6 12 0 8 2 11 23 25 9 24 7 47 10 13 50 16,ecg200-raw,db4,usage,48,50,50,0
W-QDA,W-QDA:qda,15,2.0,0.06,0.19,1 3 4 5 8 12 2 6 0 11 24 23 7 9 10 13 14 15 16 17,3 1 4 5 6 12 0 8 2 11 23 25 9 24 7 47 10 13 50 16,ecg200-raw,db4,usage,48,50,50,0
W-CART,W-CART:cart,28,2.0,0.1,0.22,1 3 4 5 8 12 2 6 0 11 24 23 7 9 10 13 14 15 16 17,3 1 4 5 6 12 0 8 2 11 23 25 9 24 7 47 10 13 50 16,ecg200-raw,db4,usage,48,50,50,0
ALL,W-QDA:qda,15,2.0,0.06,0.19,1 3 4 5 8 12 2 6 0 11 24 23 7 9 10 13 14 15 16 17,3 1 4 5 6 12 0 8 2 11 23 25 9 24 7 47 10 13 50 16,ecg200-raw,db4,usage,48,50,50,0
W-NN,W-NN:k=9,2,,0.14,0.26,3 4 1 0 5 2 6 12 8 11 24 23 25 7 9 10 47 16 13 50,3 4 1 0 5 2 6 12 8 11 24 23 25 7 9 10 47 16 13 50,ecg200-raw,db4,energy,49,50,50,0
W-QDA,W-QDA:qda,3,,0.16,0.25,3 4 1 0 5 2 6 12 8 11 24 23 25 7 9 10 47 16 13 50,3 4 1 0 5 2 6 12 8 11 24 23 25 7 9 10 47 16 13 50,ecg200-raw,db4,energy,49,50,50,0
W-CART,W-CART:cart,16,,0.16,0.24,3 4 1 0 5 2 6 12 8 11 24 23 25 7 9 10 47 16 13 50,3 4 1 0 5 2 6 12 8 11 24 23 25 7 9 10 47 16 13 50,ecg200-raw,db4,energy,49,50,50,0
ALL,W-NN:k=9,2,,0.14,0.26,3 4 1 0 5 2 6 12 8 11 24 23 25 7 9 10 47 16 13 50,3 4 1 0 5 2 6 12 8 11 24 23 25 7 9 10 47 16 13 50,ecg200-raw,db4,energy,49,50,50,0
W-NN,W-NN:k=9,2,2.0,0.14,0.26,3 4 5 1 8 12 2 0 6 24 11 7 23 46 9 10 13 14 15 16,4 1 5 3 6 0 8 11 12 2 23 25 24 9 47 10 7 13 22 46,ecg200-raw,db4,usage,49,50,50,0
W-QDA,W-QDA:qda,3,1.5,0.16,0.22,3 5 1 4 8 6 2 0 12 11 24 23 25 7 9 46 47 10 13 14,4 1 5 3 6 0 8 11 12 2 23 25 24 9 47 10 7 13 22 46,ecg200-raw,db4,usage,49,50,50,0
W-CART,W-CART:cart,19,1.0,0.14,0.27,4 1 5 3 6 0 8 11 12 2 23 25 24 9 47 10 7 13 22 46,4 1 5 3 6 0 8 11 12 2 23 25 24 9 47 10 7 13 22 46,ecg200-raw,db4,usage,49,50,50,0
ALL,W-NN:k=9,2,2.0,0.14,0.26,3 4 5 1 8 12 2 0 6 24 11 7 23 46 9 10 13 14 15 16,4 1 5 3 6 0 8 11 12 2 23 25 24 9 47 10 7 13 22 46,ecg200-raw,db4,usage,49,50,50,0
W-NN,W-NN:k=1,17,,0.1,0.12,3 1 4 0 2 5 6 12 8 11 23 7 25 24 10 9 47 22 46 16,3 1 4 0 2 5 6 12 8 11 23 7 25 24 10 9 47 22 46 16,ecg200-raw,db4,energy,50,50,50,0
W-QDA,W-QDA:qda,7,,0.1,0.2,3 1 4 0 2 5 6 12 8 11 23 7 25 24 10 9 47 22 46 16,3 1 4 0 2 5 6 12 8 11 23 7 25 24 10 9 47 22 46 16,ecg200-raw,db4,energy,50,50,50,0
W-CART,W-CART:cart,8,,0.08,0.18,3 1 4 0 2 5 6 12 8 11 23 7 25 24 10 9 47 22 46 16,3 1 4 0 2 5 6 12 8 11 23 7 25 24 10 9 47 22 46 16,ecg200-raw,db4,energy,50,50,50,0
ALL,W-CART:cart,8,,0.08,0.18,3 1 4 0 2 5 6 12 8 11 23 7 25 24 10 9 47 22 46 16,3 1 4 0 2 5 6 12 8 11 23 7 25 24 10 9 47 22 46 16,ecg200-raw,db4,energy,50,50,50,0
W-NN,W-NN:k=1,15,1.5,0.1,0.13,1 3 5 2 4 6 0 12 8 11 23 7 24 25 47 46 22 26 9 10,1 3 4 2 5 6 0 11 12 8 23 25 10 24 7 9 47 22 16 50,ecg200-raw,db4,usage,50,50,50,0
W-QDA,W-QDA:qda,9,0.5,0.08,0.19,1 4 6 2 3 11 5 0 8 12 23 7 10 25 9 47 16 24 50 26,1 3 4 2 5 6 0 11 12 8 23 25 10 24 7 9 47 22 16 50,ecg200-raw,db4,usage,50,50,50,0
W-CART,W-CART:cart,9,1.0,0.08,0.18,1 3 4 2 5 6 0 11 12 8 23 25 10 24 7 9 47 22 16 50,1 3 4 2 5 6 0 11 12 8 23 25 10 24 7 9 47 22 16 50,ecg200-raw,db4,usage,50,50,50,0
ALL,W-QDA:qda,9,0.5,0.08,0.19,1 4 6 2 3 11 5 0 8 12 23 7 10 25 9 47 16 24 50 26,1 3 4 2 5 6 0 11 12 8 23 25 10 24 7 9 47 22 16 50,ecg200-raw,db4,usage,50,50,50,0
W-NN,W-NN:k=1,10,,0.1,0.16,3 1 0 4 2 5 6 8 11 12 23 24 7 25 9 47 10 46 13 16,3 1 0 4 2 5 6 8 11 12 23 24 7 25 9 47 10 46 13 16,ecg200-raw,db4,energy,51,50,50,0
W-QDA,W-QDA:qda,13,,0.12,0.15,3 1 0 4 2 5 6 8 11 12 23 24 7 25 9 47 10 46 13 16,3 1 0 4 2 5 6 8 11 12 23 24 7 25 9 47 10 46 13 16,ecg200-raw,db4,energy,51,50,50,0
W-CART,W-CART:cart,8,,0.12,0.19,3 1 0 4 2 5 6 8 11 12 23 24 7 25 9 47 10 46 13 16,3 1 0 4 2 5 6 8 11 12 23 24 7 25 9 47 10 46 13 16,ecg200-raw,db4,energy,51,50,50,0
ALL,W-NN:k=1,10,,0.1,0.16,3 1 0 4 2 5 6 8 11 12 23 24 7 25 9 47 10 46 13 16,3 1 0 4 2 5 6 8 11 12 23 24 7 25 9 47 10 46 13 16,ecg200-raw,db4,energy,51,50,50,0
W-NN,W-NN:k=1,10,0.5,0.1,0.16,1 3 4 11 0 2 6 5 12 8 10 23 7 25 9 24 16 47 13 26,1 3 4 6 0 5 2 11 8 12 23 25 9 24 7 47 10 13 22 46,ecg200-raw,db4,usage,51,50,50,0
W-QDA,W-QDA:qda,11,0.5,0.12,0.1,1 3 4 11 0 2 6 5 12 8 10 23 7 25 9 24 16 47 13 26,1 3 4 6 0 5 2 11 8 12 23 25 9 24 7 47 10 13 22 46,ecg200-raw,db4,usage,51,50,50,0
W-CART,W-CART:cart,9,2.0,0.1,0.19,3 1 4 2 5 8 0 12 6 11 24 23 7 46 47 9 10 13 14 15,1 3 4 6 0 5 2 11 8 12 23 25 9 24 7 47 10 13 22 46,ecg200-raw,db4,usage,51,50,50,0
ALL,W-CART:cart,9,2.0,0.1,0.19,3 1 4 2 5 8 0 12 6 11 24 23 7 46 47 9 10 13 14 15,1 3 4 6 0 5 2 11 8 12 23 25 9 24 7 47 10 13 22 46,ecg200-raw,db4,usage,51,50,50,0
W-NN,W-NN:k=1,22,,0.1,0.16,3 0 4 1 2 5 8 12 6 11 23 24 25 7 9 10 47 16 13 26,3 0 4 1 2 5 8 12 6 11 23 24 25 7 9 10 47 16 13 26,ecg200-raw,db4,energy,52,50,50,0
W-QDA,W-QDA:qda,9,,0.14,0.22,3 0 4 1 2 5 8 12 6 11 23 24 25 7 9 10 47 16 13 26,3 0 4 1 2 5 8 12 6 11 23 24 25 7 9 10 47 16 13 26,ecg200-raw,db4,energy,52,50,50,0
W-CART,W-CART:cart,10,,0.14,0.23,3 0 4 1 2 5 8 12 6 11 23 24 25 7 9 10 47 16 13 26,3 0 4 1 2 5 8 12 6 11 23 24 25 7 9 10 47 16 13 26,ecg200-raw,db4,energy,52,50,50,0
ALL,W-NN:k=1,22,,0.1,0.16,3 0 4 1 2 5 8 12 6 11 23 24 25 7 9 10 47 16 13 26,3 0 4 1 2 5 8 12 6 11 23 24 25 7 9 10 47 16 13 26,ecg200-raw,db4,energy,52,50,50,0
W-NN,W-NN:k=1,19,1.0,0.1,0.16,3 1 5 2 4 0 6 11 12 8 23 25 10 9 7 24 47 13 22 16,3 1 5 2 4 0 6 11 12 8 23 25 10 9 7 24 47 13 22 16,ecg200-raw,db4,usage,52,50,50,0
W-QDA,W-QDA:qda,6,0.5,0.14,0.22,1 3 0 6 2 4 11 5 12 8 23 25 9 7 10 24 47 16 26 13,3 1 5 2 4 0 6 11 12 8 23 25 10 9 7 24 47 13 22 16,ecg200-raw,db4,usage,52,50,50,0
W-CART,W-CART:cart,7,0.5,0.14,0.23,1 3 0 6 2 4 11 5 12 8 23 25 9 7 10 24 47 16 26 13,3 1 5 2 4 0 6 11 12 8 23 25 10 9 7 24 47 13 22 16,ecg200-raw,db4,usage,52,50,50,0
ALL,W-NN:k=1,19,1.0,0.1,0.16,3 1 5 2 4 0 6 11 12 8 23 25 10 9 7 24 47 13 22 16,3 1 5 2 4 0 6 11 12 8 23 25 10 9 7 24 47 13 22 16,ecg200-raw,db4,usage,52,50,50,0
W-NN,W-NN:k=1,10,,0.08,0.14,3 1 4 0 2 5 6 11 12 8 23 7 24 25 10 9 47 46 16 22,3 1 4 0 2 5 6 11 12 8 23 7 24 25 10 9 47 46 16 22,ecg200-raw,db4,energy,53,50,50,0
W-QDA,W-QDA:qda,8,,0.12,0.15,3 1 4 0 2 5 6 11 12 8 23 7 24 25 10 9 47 46 16 22,3 1 4 0 2 5 6 11 12 8 23 7 24 25 10 9 47 46 16 22,ecg200-raw,db4,energy,53,50,50,0
W-CART,W-CART:cart,11,,0.14,0.17,3 1 4 0 2 5 6 11 12 8 23 7 24 25 10 9 47 46 16 22,3 1 4 0 2 5 6 11 12 8 23 7 24 25 10 9 47 46 16 22,ecg200-raw,db4,energy,53,50,50,0
ALL,W-NN:k=1,10,,0.08,0.14,3 1 4 0 2 5 6 11 12 8 23 7 24 25 10 9 47 46 16 22,3 1 4 0 2 5 6 11 12 8 23 7 24 25 10 9 47 46 16 22,ecg200-raw,db4,energy,53,50,50,0
W-NN,W-NN:k=1,24,3.0,0.06,0.1,3 4 1 5 2 0 11 6 12 7 8 23 9 10 13 14 15 16 17 18,1 3 4 6 2 11 5 0 12 8 23 25 10 9 24 7 47 22 46 13,ecg200-raw,db4,usage,53,50,50,0
W-QDA,W-QDA:qda,3,0.5,0.12,0.21,1 3 6 2 4 11 23 8 5 0 12 7 10 25 9 47 24 16 26 50,1 3 4 6 2 11 5 0 12 8 23 25 10 9 24 7 47 22 46 13,ecg200-raw,db4,usage,53,50,50,0
W-CART,W-CART:cart,12,1.0,0.12,0.17,1 3 4 6 2 11 5 0 12 8 23 25 10 9 24 7 47 22 46 13,1 3 4 6 2 11 5 0 12 8 23 25 10 9 24 7 47 22 46 13,ecg200-raw,db4,usage,53,50,50,0
ALL,W-NN:k=1,24,3.0,0.06,0.1,3 4 1 5 2 0 11 6 12 7 8 23 9 10 13 14 15 16 17 18,1 3 4 6 2 11 5 0 12 8 23 25 10 9 24 7 47 22 46 13,ecg200-raw,db4,usage,53,50,50,0
W-NN,W-NN:k=1,17,,0.08,0.1,3 4 1 0 5 2 6 12 8 11 24 23 7 25 9 47 10 16 13 22,3 4 1 0 5 2 6 12 8 11 24 23 7 25 9 47 10 16 13 22,ecg200-raw,db4,energy,54,50,50,0
W-QDA,W-QDA:qda,8,,0.08,0.19,3 4 1 0 5 2 6 12 8 11 24 23 7 25 9 47 10 16 13 22,3 4 1 0 5 2 6 12 8 11 24 23 7 25 9 47 10 16 13 22,ecg200-raw,db4,energy,54,50,50,0
W-CART,W-CART:cart,18,,0.12,0.17,3 4 1 0 5 2 6 12 8 11 24 23 7 25 9 47 10 16 13 22,3 4 1 0 5 2 6 12 8 11 24 23 7 25 9 47 10 16 13 22,ecg200-raw,db4,energy,54,50,50,0
ALL,W-QDA:qda,8,,0.08,0.19,3 4 1 0 5 2 6 12 8 11 24 23 7 25 9 47 10 16 13 22,3 4 1 0 5 2 6 12 8 11 24 23 7 25 9 47 10 16 13 22,ecg200-raw,db4,energy,54,50,50,0
W-NN,W-NN:k=1,4,0.5,0.08,0.21,1 2 4 11 3 6 0 5 8 12 7 23 9 10 25 47 16 24 13 17,1 3 4 5 2 6 11 0 8 12 23 9 10 25 24 47 7 13 22 16,ecg200-raw,db4,usage,54,50,50,0
W-QDA,W-QDA:qda,9,3.0,0.06,0.13,3 4 1 5 0 2 12 6 11 7 8 23 9 10 13 14 15 16 17 18,1 3 4 5 2 6 11 0 8 12 23 9 10 25 24 47 7 13 22 16,ecg200-raw,db4,usage,54,50,50,0
W-CART,W-CART:cart,18,2.0,0.12,0.18,3 1 4 5 8 2 0 12 6 24 11 7 23 9 10 13 14 15 16 17,1 3 4 5 2 6 11 0 8 12 23 9 10 25 24 47 7 13 22 16,ecg200-raw,db4,usage,54,50,50,0
ALL,W-QDA:qda,9,3.0,0.06,0.13,3 4 1 5 0 2 12 6 11 7 8 23 9 10 13 14 15 16 17 18,1 3 4 5 2 6 11 0 8 12 23 9 10 25 24 47 7 13 22 16,ecg200-raw,db4,usage,54,50,50,0
W-NN,W-NN:k=1,11,,0.12,0.11,3 0 1 4 2 5 12 11 8 6 23 7 24 25 47 10 9 16 22 13,3 0 1 4 2 5 12 11 8 6 23 7 24 25 47 10 9 16 22 13,ecg200-raw,db4,energy,55,50,50,0
W-QDA,W-QDA:qda,8,,0.12,0.15,3 0 1 4 2 5 12 11 8 6 23 7 24 25 47 10 9 16 22 13,3 0 1 4 2 5 12 11 8 6 23 7 24 25 47 10 9 16 22 13,ecg200-raw,db4,energy,55,50,50,0
W-CART,W-CART:cart,15,,0.14,0.16,3 0 1 4 2 5 12 11 8 6 23 7 24 25 47 10 9 16 22 13,3 0 1 4 2 5 12 11 8 6 23 7 24 25 47 10 9 16 22 13,ecg200-raw,db4,energy,55,50,50,0
ALL,W-QDA:qda,8,,0.12,0.15,3 0 1 4 2 5 12 11 8 6 23 7 24 25 47 10 9 16 22 13,3 0 1 4 2 5 12 11 8 6 23 7 24 25 47 10 9 16 22 13,ecg200-raw,db4,energy,55,50,50,0
W-NN,W-NN:k=1,10,0.5,0.12,0.12,1 2 6 3 4 11 0 5 8 23 12 7 10 25 9 47 24 16 50 13,1 3 4 5 2 0 6 12 11 8 23 25 10 9 47 7 24 22 48 13,ecg200-raw,db4,usage,55,50,50,0
W-QDA,W-QDA:qda,8,1.0,0.06,0.16,1 3 4 5 2 0 6 12 11 8 23 25 10 9 47 7 24 22 48 13,1 3 4 5 2 0 6 12 11 8 23 25 10 9 47 7 24 22 48 13,ecg200-raw,db4,usage,55,50,50,0
W-CART,W-CART:cart,8,2.0,0.14,0.17,1 3 4 5 2 0 8 12 11 6 23 24 7 9 10 13 14 15 16 17,1 3 4 5 2 0 6 12 11 8 23 25 10 9 47 7 24 22 48 13,ecg200-raw,db4,usage,55,50,50,0
ALL,W-QDA:qda,8,1.0,0.06,0.16,1 3 4 5 2 0 6 12 11 8 23 25 10 9 47 7 24 22 48 13,1 3 4 5 2 0 6 12 11 8 23 25 10 9 47 7 24 22 48 13,ecg200-raw,db4,usage,55,50,50,0
W-NN,W-NN:k=5,12,,0.12,0.17,3 1 4 0 2 5 6 8 12 11 24 23 25 7 9 10 47 16 26 13,3 1 4 0 2 5 6 8 12 11 24 23 25 7 9 10 47 16 26 13,ecg200-raw,db4,energy,56,50,50,0
W-QDA,W-QDA:qda,15,,0.16,0.15,3 1 4 0 2 5 6 8 12 11 24 23 25 7 9 10 47 16 26 13,3 1 4 0 2 5 6 8 12 11 24 23 25 7 9 10 47 16 26 13,ecg200-raw,db4,energy,56,50,50,0
W-CART,W-CART:cart,45,,0.16,0.22,3 1 4 0 2 5 6 8 12 11 24 23 25 7 9 10 47 16 26 13,3 1 4 0 2 5 6 8 12 11 24 23 25 7 9 10 47 16 26 13,ecg200-raw,db4,energy,56,50,50,0
ALL,W-NN:k=5,12,,0.12,0.17,3 1 4 0 2 5 6 8 12 11 24 23 25 7 9 10 47 16 26 13,3 1 4 0 2 5 6 8 12 11 24 23 25 7 9 10 47 16 26 13,ecg200-raw,db4,energy,56,50,50,0
W-NN,W-NN:k=3,11,0.5,0.12,0.2,1 2 0 3 4 6 5 11 8 12 10 25 24 9 23 7 47 16 26 48,1 3 4 2 5 6 0 12 8 11 25 24 9 23 10 7 47 13 16 22,ecg200-raw,db4,usage,56,50,50,0
W-QDA,W-QDA:qda,14,3.0,0.1,0.13,4 3 1 5 0 2 6 11 12 23 7 8 9 10 13 14 15 16 17 18,1 3 4 2 5 6 0 12 8 11 25 24 9 23 10 7 47 13 16 22,ecg200-raw,db4,usage,56,50,50,0
W-CART,W-CART:cart,38,0.5,0.16,0.22,1 2 0 3 4 6 5 11 8 12 10 25 24 9 23 7 47 16 26 48,1 3 4 2 5 6 0 12 8 11 25 24 9 23 10 7 47 13 16 22,ecg200-raw,db4,usage,56,50,50,0
ALL,W-QDA:qda,14,3.0,0.1,0.13,4 3 1 5 0 2 6 11 12 23 7 8 9 10 13 14 15 16 17 18,1 3 4 2 5 6 0 12 8 11 25 24 9 23 10 7 47 13 16 22,ecg200-raw,db4,usage,56,50,50,0
W-NN,W-NN:k=5,8,,0.1,0.21,3 0 4 1 5 2 12 8 6 11 23 24 25 7 9 10 47 13 16 50,3 0 4 1 5 2 12 8 6 11 23 24 25 7 9 10 47 13 16 50,ecg200-raw,db4,energy,57,50,50,0
W-QDA,W-QDA:qda,1,,0.14,0.26,3 0 4 1 5 2 12 8 6 11 23 24 25 7 9 10 47 13 16 50,3 0 4 1 5 2 12 8 6 11 23 24 25 7 9 10 47 13 16 50,ecg200-raw,db4,energy,57,50,50,0
W-CART,W-CART:cart,36,,0.12,0.17,3 0 4 1 5 2 12 8 6 11 23 24 25 7 9 10 47 13 16 50,3 0 4 1 5 2 12 8 6 11 23 24 25 7 9 10 47 13 16 50,ecg200-raw,db4,energy,57,50,50,0
ALL,W-NN:k=5,8,,0.1,0.21,3 0 4 1 5 2 12 8 6 11 23 24 25 7 9 10 47 13 16 50,3 0 4 1 5 2 12 8 6 11 23 24 25 7 9 10 47 13 16 50,ecg200-raw,db4,energy,57,50,50,0
W-NN,W-NN:k=5,8,2.0,0.1,0.21,4 3 1 5 2 0 8 12 6 11 24 23 7 9 10 13 14 15 16 17,3 1 4 6 5 0 2 12 11 8 23 24 25 9 10 7 47 13 50 48,ecg200-raw,db4,usage,57,50,50,0
W-QDA,W-QDA:qda,1,1.0,0.14,0.26,3 1 4 6 5 0 2 12 11 8 23 24 25 9 10 7 47 13 50 48,3 1 4 6 5 0 2 12 11 8 23 24 25 9 10 7 47 13 50 48,ecg200-raw,db4,usage,57,50,50,0
W-CART,W-CART:cart,36,0.5,0.1,0.18,1 4 0 3 6 2 12 11 5 8 9 23 7 10 24 25 16 47 13 48,3 1 4 6 5 0 2 12 11 8 23 24 25 9 10 7 47 13 50 48,ecg200-raw,db4,usage,57,50,50,0
ALL,W-NN:k=5,8,2.0,0.1,0.21,4 3 1 5 2 0 8 12 6 11 24 23 7 9 10 13 14 15 16 17,3 1 4 6 5 0 2 12 11 8 23 24 25 9 10 7 47 13 50 48,ecg200-raw,db4,usage,57,50,50,0
W-NN,W-NN:k=1,20,,0.12,0.17,3 4 0 1 5 2 6 8 12 11 23 24 7 25 47 9 10 16 13 22,3 4 0 1 5 2 6 8 12 11 23 24 7 25 47 9 10 16 13 22,ecg200-raw,db4,energy,58,50,50,0
W-QDA,W-QDA:qda,11,,0.1,0.15,3 4 0 1 5 2 6 8 12 11 23 24 7 25 47 9 10 16 13 22,3 4 0 1 5 2 6 8 12 11 23 24 7 25 47 9 10 16 13 22,ecg200-raw,db4,energy,58,50,50,0
W-CART,W-CART:cart,11,,0.12,0.18,3 4 0 1 5 2 6 8 12 11 23 24 7 25 47 9 10 16 13 22,3 4 0 1 5 2 6 8 12 11 23 24 7 25 47 9 10 16 13 22,ecg200-raw,db4,energy,58,50,50,0
ALL,W-QDA:qda,11,,0.1,0.15,3 4 0 1 5 2 6 8 12 11 23 24 7 25 47 9 10 16 13 22,3 4 0 1 5 2 6 8 12 11 23 24 7 25 47 9 10 16 13 22,ecg200-raw,db4,energy,58,50,50,0
W-NN,W-NN:k=3,5,0.5,0.12,0.18,1 3 6 4 11 2 5 0 8 12 7 10 23 9 24 25 47 16 50 13,1 3 6 5 2 4 0 8 12 11 23 24 10 9 25 7 47 22 46 13,ecg200-raw,db4,usage,58,50,50,0
W-QDA,W-QDA:qda,11,1.0,0.1,0.15,1 3 6 5 2 4 0 8 12 11 23 24 10 9 25 7 47 22 46 13,1 3 6 5 2 4 0 8 12 11 23 24 10 9 25 7 47 22 46 13,ecg200-raw,db4,usage,58,50,50,0
W-CART,W-CART:cart,11,1.5,0.12,0.18,3 1 5 4 2 6 0 8 12 11 23 24 7 25 47 46 10 22 26 9,1 3 6 5 2 4 0 8 12 11 23 24 10 9 25 7 47 22 46 13,ecg200-raw,db4,usage,58,50,50,0
ALL,W-QDA:qda,11,1.0,0.1,0.15,1 3 6 5 2 4 0 8 12 11 23 24 10 9 25 7 47 22 46 13,1 3 6 5 2 4 0 8 12 11 23 24 10 9 25 7 47 22 46 13,ecg200-raw,db4,usage,58,50,50,0
W-NN,W-NN:k=1,11,,0.1,0.15,3 1 0 4 2 5 6 12 8 11 24 7 23 25 9 10 47 16 13 50,3 1 0 4 2 5 6 12 8 11 24 7 23 25 9 10 47 16 13 50,ecg200-raw,db4,energy,59,50,50,0
W-QDA,W-QDA:qda,11,,0.08,0.22,3 1 0 4 2 5 6 12 8 11 24 7 23 25 9 10 47 16 13 50,3 1 0 4 2 5 6 12 8 11 24 7 23 25 9 10 47 16 13 50,ecg200-raw,db4,energy,59,50,50,0
W-CART,W-CART:cart,15,,0.06,0.22,3 1 0 4 2 5 6 12 8 11 24 7 23 25 9 10 47 16 13 50,3 1 0 4 2 5 6 12 8 11 24 7 23 25 9 10 47 16 13 50,ecg200-raw,db4,energy,59,50,50,0
ALL,W-CART:cart,15,,0.06,0.22,3 1 0 4 2 5 6 12 8 11 24 7 23 25 9 10 47 16 13 50,3 1 0 4 2 5 6 12 8 11 24 7 23 25 9 10 47 16 13 50,ecg200-raw,db4,energy,59,50,50,0
W-NN,W-NN:k=1,11,1.5,0.1,0.15,1 3 4 2 5 6 0 12 8 11 24 7 23 25 47 9 46 10 13 14,1 3 4 2 6 5 0 8 12 11 25 23 24 7 10 9 47 13 48 50,ecg200-raw,db4,usage,59,50,50,0
W-QDA,W-QDA:qda,11,1.5,0.08,0.22,1 3 4 2 5 6 0 12 8 11 24 7 23 25 47 9 46 10 13 14,1 3 4 2 6 5 0 8 12 11 25 23 24 7 10 9 47 13 48 50,ecg200-raw,db4,usage,59,50,50,0
W-CART,W-CART:cart,31,0.5,0.02,0.1,1 6 2 3 4 0 5 8 11 12 7 23 25 9 10 24 47 16 50 13,1 3 4 2 6 5 0 8 12 11 25 23 24 7 10 9 47 13 48 50,ecg200-raw,db4,usage,59,50,50,0
ALL,W-CART:cart,31,0.5,0.02,0.1,1 6 2 3 4 0 5 8 11 12 7 23 25 9 10 24 47 16 50 13,1 3 4 2 6 5 0 8 12 11 25 23 24 7 10 9 47 13 48 50,ecg200-raw,db4,usage,59,50,50,0
W-NN,W-NN:k=1,27,,0.12,0.07,3 0 1 4 5 2 8 12 6 11 23 24 9 25 7 10 47 16 13 48,3 0 1 4 5 2 8 12 6 11 23 24 9 25 7 10 47 16 13 48,ecg200-raw,db4,energy,60,50,50,0
W-QDA,W-QDA:qda,3,,0.18,0.22,3 0 1 4 5 2 8 12 6 11 23 24 9 25 7 10 47 16 13 48,3 0 1 4 5 2 8 12 6 11 23 24 9 25 7 10 47 16 13 48,ecg200-raw,db4,energy,60,50,50,0
W-CART,W-CART:cart,18,,0.16,0.23,3 0 1 4 5 2 8 12 6 11 23 24 9 25 7 10 47 16 13 48,3 0 1 4 5 2 8 12 6 11 23 24 9 25 7 10 47 16 13 48,ecg200-raw,db4,energy,60,50,50,0
ALL,W-NN:k=1,27,,0.12,0.07,3 0 1 4 5 2 8 12 6 11 23 24 9 25 7 10 47 16 13 48,3 0 1 4 5 2 8 12 6 11 23 24 9 25 7 10 47 16 13 48,ecg200-raw,db4,energy,60,50,50,0
W-NN,W-NN:k=1,23,1.0,0.12,0.07,3 1 5 4 0 12 6 8 2 11 9 23 25 24 7 10 47 48 13 16,3 1 5 4 0 12 6 8 2 11 9 23 25 24 7 10 47 48 13 16,ecg200-raw,db4,usage,60,50,50,0
W-QDA,W-QDA:qda,13,0.5,0.14,0.16,3 1 4 5 6 0 2 8 11 12 9 7 10 23 25 16 24 47 13 17,3 1 5 4 0 12 6 8 2 11 9 23 25 24 7 10 47 48 13 16,ecg200-raw,db4,usage,60,50,50,0
W-CART,W-CART:cart,24,0.5,0.14,0.21,3 1 4 5 6 0 2 8 11 12 9 7 10 23 25 16 24 47 13 17,3 1 5 4 0 12 6 8 2 11 9 23 25 24 7 10 47 48 13 16,ecg200-raw,db4,usage,60,50,50,0
ALL,W-NN:k=1,23,1.0,0.12,0.07,3 1 5 4 0 12 6 8 2 11 9 23 25 24 7 10 47 48 13 16,3 1 5 4 0 12 6 8 2 11 9 23 25 24 7 10 47 48 13 16,ecg200-raw,db4,usage,60,50,50,0
W-NN,W-NN:k=5,1,,0.12,0.24,3 1 4 0 2 5 6 12 8 11 24 23 7 25 10 9 47 16 46 50,3 1 4 0 2 5 6 12 8 11 24 23 7 25 10 9 47 16 46 50,ecg200-raw,db4,energy,61,50,50,0
W-QDA,W-QDA:qda,4,,0.14,0.25,3 1 4 0 2 5 6 12 8 11 24 23 7 25 10 9 47 16 46 50,3 1 4 0 2 5 6 12 8 11 24 23 7 25 10 9 47 16 46 50,ecg200-raw,db4,energy,61,50,50,0
W-CART,W-CART:cart,16,,0.16,0.2,3 1 4 0 2 5 6 12 8 11 24 23 7 25 10 9 47 16 46 50,3 1 4 0 2 5 6 12 8 11 24 23 7 25 10 9 47 16 46 50,ecg200-raw,db4,energy,61,50,50,0
ALL,W-NN:k=5,1,,0.12,0.24,3 1 4 0 2 5 6 12 8 11 24 23 7 25 10 9 47 16 46 50,3 1 4 0 2 5 6 12 8 11 24 23 7 25 10 9 47 16 46 50,ecg200-raw,db4,energy,61,50,50,0
W-NN,W-NN:k=5,6,0.5,0.1,0.16,1 2 4 6 0 3 5 11 8 12 7 23 25 10 9 24 16 47 26 50,1 3 4 2 5 6 0 12 8 11 23 25 10 24 47 7 9 50 13 22,ecg200-raw,db4,usage,61,50,50,0
W-QDA,W-QDA:qda,4,1.0,0.14,0.25,1 3 4 2 5 6 0 12 8 11 23 25 10 24 47 7 9 50 13 22,1 3 4 2 5 6 0 12 8 11 23 25 10 24 47 7 9 50 13 22,ecg200-raw,db4,usage,61,50,50,0
W-CART,W-CART:cart,15,0.5,0.14,0.15,1 2 4 6 0 3 5 11 8 12 7 23 25 10 9 24 16 47 26 50,1 3 4 2 5 6 0 12 8 11 23 25 10 24 47 7 9 50 13 22,ecg200-raw,db4,usage,61,50,50,0
ALL,W-NN:k=5,6,0.5,0.1,0.16,1 2 4 6 0 3 5 11 8 12 7 23 25 10 9 24 16 47 26 50,1 3 4 2 5 6 0 12 8 11 23 25 10 24 47 7 9 50 13 22,ecg200-raw,db4,usage,61,50,50,0
W-NN,W-NN:k=1,19,,0.04,0.14,3 1 4 0 2 5 6 8 12 11 23 24 7 25 9 47 10 16 46 50,3 1 4 0 2 5 6 8 12 11 23 24 7 25 9 47 10 16 46 50,ecg200-raw,db4,energy,62,50,50,0
W-QDA,W-QDA:qda,11,,0.04,0.13,3 1 4 0 2 5 6 8 12 11 23 24 7 25 9 47 10 16 46 50,3 1 4 0 2 5 6 8 12 11 23 24 7 25 9 47 10 16 46 50,ecg200-raw,db4,energy,62,50,50,0
W-CART,W-CART:cart,25,,0.08,0.24,3 1 4 0 2 5 6 8 12 11 23 24 7 25 9 47 10 16 46 50,3 1 4 0 2 5 6 8 12 11 23 24 7 25 9 47 10 16 46 50,ecg200-raw,db4,energy,62,50,50,0
ALL,W-QDA:qda,11,,0.04,0.13,3 1 4 0 2 5 6 8 12 11 23 24 7 25 9 47 10 16 46 50,3 1 4 0 2 5 6 8 12 11 23 24 7 25 9 47 10 16 46 50,ecg200-raw,db4,energy,62,50,50,0
W-NN,W-NN:k=1,15,1.5,0.04,0.15,1 3 4 2 5 0 6 8 12 11 24 23 7 47 25 22 46 9 10 13,1 3 4 2 6 5 0 8 11 12 23 25 10 24 9 7 47 22 48 13,ecg200-raw,db4,usage,62,50,50,0
W-QDA,W-QDA:qda,14,1.5,0.02,0.16,1 3 4 2 5 0 6 8 12 11 24 23 7 47 25 22 46 9 10 13,1 3 4 2 6 5 0 8 11 12 23 25 10 24 9 7 47 22 48 13,ecg200-raw,db4,usage,62,50,50,0
W-CART,W-CART:cart,10,3.0,0.08,0.19,3 4 1 2 5 0 6 11 12 8 23 7 9 10 13 14 15 16 17 18,1 3 4 2 6 5 0 8 11 12 23 25 10 24 9 7 47 22 48 13,ecg200-raw,db4,usage,62,50,50,0
ALL,W-QDA:qda,14,1.5,0.02,0.16,1 3 4 2 5 0 6 8 12 11 24 23 7 47 25 22 46 9 10 13,1 3 4 2 6 5 0 8 11 12 23 25 10 24 9 7 47 22 48 13,ecg200-raw,db4,usage,62,50,50,0
W-NN,W-NN:k=1,33,,0.1,0.16,3 1 4 0 5 2 6 8 12 11 23 24 7 25 9 10 47 22 16 46,3 1 4 0 5 2 6 8 12 11 23 24 7 25 9 10 47 22 16 46,ecg200-raw,db4,energy,63,50,50,0
W-QDA,W-QDA:qda,3,,0.14,0.25,3 1 4 0 5 2 6 8 12 11 23 24 7 25 9 10 47 22 16 46,3 1 4 0 5 2 6 8 12 11 23 24 7 25 9 10 47 22 16 46,ecg200-raw,db4,energy,63,50,50,0
W-CART,W-CART:cart,55,,0.12,0.25,3 1 4 0 5 2 6 8 12 11 23 24 7 25 9 10 47 22 16 46,3 1 4 0 5 2 6 8 12 11 23 24 7 25 9 10 47 22 16 46,ecg200-raw,db4,energy,63,50,50,0
ALL,W-NN:k=1,33,,0.1,0.16,3 1 4 0 5 2 6 8 12 11 23 24 7 25 9 10 47 22 16 46,3 1 4 0 5 2 6 8 12 11 23 24 7 25 9 10 47 22 16 46,ecg200-raw,db4,energy,63,50,50,0
W-NN,W-NN:k=1,16,2.0,0.1,0.16,3 1 4 5 2 8 0 6 12 11 24 7 23 46 9 10 13 14 15 16,1 3 4 6 0 5 11 2 12 8 23 9 7 25 10 24 47 22 13 16,ecg200-raw,db4,usage,63,50,50,0
W-QDA,W-QDA:qda,6,0.5,0.12,0.14,1 3 4 0 6 5 2 11 12 8 23 25 10 9 7 47 24 16 13 50,1 3 4 6 0 5 11 2 12 8 23 9 7 25 10 24 47 22 13 16,ecg200-raw,db4,usage,63,50,50,0
W-CART,W-CART:cart,14,2.0,0.1,0.22,3 1 4 5 2 8 0 6 12 11 24 7 23 46 9 10 13 14 15 16,1 3 4 6 0 5 11 2 12 8 23 9 7 25 10 24 47 22 13 16,ecg200-raw,db4,usage,63,50,50,0
ALL,W-CART:cart,14,2.0,0.1,0.22,3 1 4 5 2 8 0 6 12 11 24 7 23 46 9 10 13 14 15 16,1 3 4 6 0 5 11 2 12 8 23 9 7 25 10 24 47 22 13 16,ecg200-raw,db4,usage,63,50,50,0
W-NN,W-NN:k=1,10,,0.18,0.19,3 0 1 4 2 5 12 8 6 11 23 24 25 9 7 10 47 13 16 50,3 0 1 4 2 5 12 8 6 11 23 24 25 9 7 10 47 13 16 50,ecg200-raw,db4,energy,64,50,50,0
W-QDA,W-QDA:qda,8,,0.16,0.16,3 0 1 4 2 5 12 8 6 11 23 24 25 9 7 10 47 13 16 50,3 0 1 4 2 5 12 8 6 11 23 24 25 9 7 10 47 13 16 50,ecg200-raw,db4,energy,64,50,50,0
W-CART,W-CART:cart,13,,0.2,0.22,3 0 1 4 2 5 12 8 6 11 23 24 25 9 7 10 47 13 16 50,3 0 1 4 2 5 12 8 6 11 23 24 25 9 7 10 47 13 16 50,ecg200-raw,db4,energy,64,50,50,0
ALL,W-QDA:qda,8,,0.16,0.16,3 0 1 4 2 5 12 8 6 11 23 24 25 9 7 10 47 13 16 50,3 0 1 4 2 5 12 8 6 11 23 24 25 9 7 10 47 13 16 50,ecg200-raw,db4,energy,64,50,50,0
W-NN,W-NN:k=1,10,1.0,0.18,0.19,3 1 0 4 2 5 6 12 8 11 23 9 25 7 10 24 47 13 22 16,3 1 0 4 2 5 6 12 8 11 23 9 25 7 10 24 47 13 22 16,ecg200-raw,db4,usage,64,50,50,0
W-QDA,W-QDA:qda,8,2.0,0.16,0.16,1 3 4 5 2 8 0 12 6 11 24 23 7 9 10 13 14 15 16 17,3 1 0 4 2 5 6 12 8 11 23 9 25 7 10 24 47 13 22 16,ecg200-raw,db4,usage,64,50,50,0
W-CART,W-CART:cart,13,3.0,0.18,0.23,3 4 1 0 2 5 12 11 6 8 23 7 9 10 13 14 15 16 17 18,3 1 0 4 2 5 6 12 8 11 23 9 25 7 10 24 47 13 22 16,ecg200-raw,db4,usage,64,50,50,0
ALL,W-QDA:qda,8,2.0,0.16,0.16,1 3 4 5 2 8 0 12 6 11 24 23 7 9 10 13 14 15 16 17,3 1 0 4 2 5 6 12 8 11 23 9 25 7 10 24 47 13 22 16,ecg200-raw,db4,usage,64,50,50,0
W-NN,W-NN:k=7,11,,0.14,0.21,3 4 1 0 5 2 8 6 12 11 23 7 25 24 9 10 47 16 13 50,3 4 1 0 5 2 8 6 12 11 23 7 25 24 9 10 47 16 13 50,ecg200-raw,db4,energy,65,50,50,0
W-QDA,W-QDA:qda,14,,0.16,0.23,3 4 1 0 5 2 8 6 12 11 23 7 25 24 9 10 47 16 13 50,3 4 1 0 5 2 8 6 12 11 23 7 25 24 9 10 47 16 13 50,ecg200-raw,db4,energy,65,50,50,0
W-CART,W-CART:cart,43,,0.2,0.21,3 4 1 0 5 2 8 6 12 11 23 7 25 24 9 10 47 16 13 50,3 4 1 0 5 2 8 6 12 11 23 7 25 24 9 10 47 16 13 50,ecg200-raw,db4,energy,65,50,50,0
ALL,W-NN:k=7,11,,0.14,0.21,3 4 1 0 5 2 8 6 12 11 23 7 25 24 9 10 47 16 13 50,3 4 1 0 5 2 8 6 12 11 23 7 25 24 9 10 47 16 13 50,ecg200-raw,db4,energy,65,50,50,0
W-NN,W-NN:k=1,24,3.0,0.12,0.16,4 3 1 5 0 2 6 11 12 8 7 9 10 13 14 15 16 17 18 19,3 1 4 0 5 6 2 11 8 12 23 25 9 7 10 24 47 13 16 48,ecg200-raw,db4,usage,65,50,50,0
W-QDA,W-QDA:qda,13,3.0,0.12,0.17,4 3 1 5 0 2 6 11 12 8 7 9 10 13 14 15 16 17 18 19,3 1 4 0 5 6 2 11 8 12 23 25 9 7 10 24 47 13 16 48,ecg200-raw,db4,usage,65,50,50,0
W-CART,W-CART:cart,8,1.5,0.18,0.19,1 3 4 5 0 2 6 12 8 11 23 7 24 47 46 10 25 26 9 13,3 1 4 0 5 6 2 11 8 12 23 25 9 7 10 24 47 13 16 48,ecg200-raw,db4,usage,65,50,50,0
ALL,W-QDA:qda,13,3.0,0.12,0.17,4 3 1 5 0 2 6 11 12 8 7 9 10 13 14 15 16 17 18 19,3 1 4 0 5 6 2 11 8 12 23 25 9 7 10 24 47 13 16 48,ecg200-raw,db4,usage,65,50,50,0
W-NN,W-NN:k=3,19,,0.08,0.12,3 0 1 4 2 5 8 12 6 11 23 24 7 9 25 47 10 13 16 22,3 0 1 4 2 5 8 12 6 11 23 24 7 9 25 47 10 13 16 22,ecg200-raw,db4,energy,66,50,50,0
W-QDA,W-QDA:qda,8,,0.04,0.18,3 0 1 4 2 5 8 12 6 11 23 24 7 9 25 47 10 13 16 22,3 0 1 4 2 5 8 12 6 11 23 24 7 9 25 47 10 13 16 22,ecg200-raw,db4,energy,66,50,50,0
W-CART,W-CART:cart,40,,0.08,0.24,3 0 1 4 2 5 8 12 6 11 23 24 7 9 25 47 10 13 16 22,3 0 1 4 2 5 8 12 6 11 23 24 7 9 25 47 10 13 16 22,ecg200-raw,db4,energy,66,50,50,0
ALL,W-QDA:qda,8,,0.04,0.18,3 0 1 4 2 5 8 12 6 11 23 24 7 9 25 47 10 13 16 22,3 0 1 4 2 5 8 12 6 11 23 24 7 9 25 47 10 13 16 22,ecg200-raw,db4,energy,66,50,50,0
W-NN,W-NN:k=3,19,0.5,0.08,0.12,1 4 2 3 0 11 6 12 5 8 23 9 10 25 24 7 47 16 13 50,1 3 4 0 2 5 6 11 12 23 8 10 9 25 24 47 7 22 13 16,ecg200-raw,db4,usage,66,50,50,0
W-QDA,W-QDA:qda,6,0.5,0.08,0.18,1 4 2 3 0 11 6 12 5 8 23 9 10 25 24 7 47 16 13 50,1 3 4 0 2 5 6 11 12 23 8 10 9 25 24 47 7 22 13 16,ecg200-raw,db4,usage,66,50,50,0
W-CART,W-CART:cart,52,0.5,0.08,0.26,1 4 2 3 0 11 6 12 5 8 23 9 10 25 24 7 47 16 13 50,1 3 4 0 2 5 6 11 12 23 8 10 9 25 24 47 7 22 13 16,ecg200-raw,db4,usage,66,50,50,0
ALL,W-QDA:qda,6,0.5,0.08,0.18,1 4 2 3 0 11 6 12 5 8 23 9 10 25 24 7 47 16 13 50,1 3 4 0 2 5 6 11 12 23 8 10 9 25 24 47 7 22 13 16,ecg200-raw,db4,usage,66,50,50,0
W-NN,W-NN:k=1,20,,0.14,0.11,3 1 4 0 5 2 6 8 11 12 23 24 7 25 9 10 47 46 16 22,3 1 4 0 5 2 6 8 11 12 23 24 7 25 9 10 47 46 16 22,ecg200-raw,db4,energy,67,50,50,0
W-QDA,W-QDA:qda,6,,0.12,0.21,3 1 4 0 5 2 6 8 11 12 23 24 7 25 9 10 47 46 16 22,3 1 4 0 5 2 6 8 11 12 23 24 7 25 9 10 47 46 16 22,ecg200-raw,db4,energy,67,50,50,0
W-CART,W-CART:cart,16,,0.16,0.22,3 1 4 0 5 2 6 8 11 12 23 24 7 25 9 10 47 46 16 22,3 1 4 0 5 2 6 8 11 12 23 24 7 25 9 10 47 46 16 22,ecg200-raw,db4,energy,67,50,50,0
ALL,W-QDA:qda,6,,0.12,0.21,3 1 4 0 5 2 6 8 11 12 23 24 7 25 9 10 47 46 16 22,3 1 4 0 5 2 6 8 11 12 23 24 7 25 9 10 47 46 16 22,ecg200-raw,db4,energy,67,50,50,0
W-NN,W-NN:k=1,11,3.0,0.12,0.12,4 3 1 5 0 2 6 11 12 23 7 8 9 10 13 14 15 16 17 18,1 3 4 5 6 0 11 2 8 12 23 10 9 25 24 7 47 16 22 46,ecg200-raw,db4,usage,67,50,50,0
W-QDA,W-QDA:qda,5,2.0,0.12,0.19,1 3 4 5 8 2 0 6 12 11 24 23 7 46 47 9 10 13 14 15,1 3 4 5 6 0 11 2 8 12 23 10 9 25 24 7 47 16 22 46,ecg200-raw,db4,usage,67,50,50,0
W-CART,W-CART:cart,11,3.0,0.12,0.26,4 3 1 5 0 2 6 11 12 23 7 8 9 10 13 14 15 16 17 18,1 3 4 5 6 0 11 2 8 12 23 10 9 25 24 7 47 16 22 46,ecg200-raw,db4,usage,67,50,50,0
ALL,W-QDA:qda,5,2.0,0.12,0.19,1 3 4 5 8 2 0 6 12 11 24 23 7 46 47 9 10 13 14 15,1 3 4 5 6 0 11 2 8 12 23 10 9 25 24 7 47 16 22 46,ecg200-raw,db4,usage,67,50,50,0
W-NN,W-NN:k=3,8,,0.14,0.16,3 1 4 0 2 5 6 12 8 11 23 24 7 25 9 10 47 46 16 13,3 1 4 0 2 5 6 12 8 11 23 24 7 25 9 10 47 46 16 13,ecg200-raw,db4,energy,68,50,50,0
W-QDA,W-QDA:qda,2,,0.16,0.28,3 1 4 0 2 5 6 12 8 11 23 24 7 25 9 10 47 46 16 13,3 1 4 0 2 5 6 12 8 11 23 24 7 25 9 10 47 46 16 13,ecg200-raw,db4,energy,68,50,50,0
W-CART,W-CART:cart,16,,0.16,0.23,3 1 4 0 2 5 6 12 8 11 23 24 7 25 9 10 47 46 16 13,3 1 4 0 2 5 6 12 8 11 23 24 7 25 9 10 47 46 16 13,ecg200-raw,db4,energy,68,50,50,0
ALL,W-NN:k=3,8,,0.14,0.16,3 1 4 0 2 5 6 12 8 11 23 24 7 25 9 10 47 46 16 13,3 1 4 0 2 5 6 12 8 11 23 24 7 25 9 10 47 46 16 13,ecg200-raw,db4,energy,68,50,50,0
W-NN,W-NN:k=3,7,1.0,0.14,0.19,1 3 4 2 5 6 12 0 11 8 25 23 9 10 24 7 47 13 22 46,1 3 4 2 5 6 12 0 11 8 25 23 9 10 24 7 47 13 22 46,ecg200-raw,db4,usage,68,50,50,0
W-QDA,W-QDA:qda,2,0.5,0.16,0.28,1 3 2 4 6 11 5 12 0 8 7 10 23 25 9 47 24 16 50 13,1 3 4 2 5 6 12 0 11 8 25 23 9 10 24 7 47 13 22 46,ecg200-raw,db4,usage,68,50,50,0
W-CART,W-CART:cart,16,0.5,0.12,0.13,1 3 2 4 6 11 5 12 0 8 7 10 23 25 9 47 24 16 50 13,1 3 4 2 5 6 12 0 11 8 25 23 9 10 24 7 47 13 22 46,ecg200-raw,db4,usage,68,50,50,0
ALL,W-CART:cart,16,0.5,0.12,0.13,1 3 2 4 6 11 5 12 0 8 7 10 23 25 9 47 24 16 50 13,1 3 4 2 5 6 12 0 11 8 25 23 9 10 24 7 47 13 22 46,ecg200-raw,db4,usage,68,50,50,0
W-NN,W-NN:k=3,11,,0.1,0.15,3 1 4 0 5 2 6 12 8 11 23 24 7 25 9 10 47 16 50 13,3 1 4 0 5 2 6 12 8 11 23 24 7 25 9 10 47 16 50 13,ecg200-raw,db4,energy,69,50,50,0
W-QDA,W-QDA:qda,7,,0.14,0.17,3 1 4 0 5 2 6 12 8 11 23 24 7 25 9 10 47 16 50 13,3 1 4 0 5 2 6 12 8 11 23 24 7 25 9 10 47 16 50 13,ecg200-raw,db4,energy,69,50,50,0
W-CART,W-CART:cart,9,,0.14,0.17,3 1 4 0 5 2 6 12 8 11 23 24 7 25 9 10 47 16 50 13,3 1 4 0 5 2 6 12 8 11 23 24 7 25 9 10 47 16 50 13,ecg200-raw,db4,energy,69,50,50,0
ALL,W-NN:k=3,11,,0.1,0.15,3 1 4 0 5 2 6 12 8 11 23 24 7 25 9 10 47 16 50 13,3 1 4 0 5 2 6 12 8 11 23 24 7 25 9 10 47 16 50 13,ecg200-raw,db4,energy,69,50,50,0
W-NN,W-NN:k=3,9,0.5,0.1,0.17,1 3 4 2 8 0 6 5 11 12 23 9 25 7 10 16 24 47 50 48,1 3 4 0 2 8 5 6 12 11 23 25 24 9 10 7 47 50 13 22,ecg200-raw,db4,usage,69,50,50,0
W-QDA,W-QDA:qda,15,1.5,0.08,0.18,1 3 4 2 5 0 8 6 12 11 23 24 7 25 46 47 26 9 10 13,1 3 4 0 2 8 5 6 12 11 23 25 24 9 10 7 47 50 13 22,ecg200-raw,db4,usage,69,50,50,0
W-CART,W-CART:cart,10,3.0,0.14,0.2,3 4 1 0 5 2 6 12 11 7 8 9 10 13 14 15 16 17 18 19,1 3 4 0 2 8 5 6 12 11 23 25 24 9 10 7 47 50 13 22,ecg200-raw,db4,usage,69,50,50,0
ALL,W-QDA:qda,15,1.5,0.08,0.18,1 3 4 2 5 0 8 6 12 11 23 24 7 25 46 47 26 9 10 13,1 3 4 0 2 8 5 6 12 11 23 25 24 9 10 7 47 50 13 22,ecg200-raw,db4,usage,69,50,50,0
W-NN,W-NN:k=5,11,,0.12,0.16,3 0 1 4 2 5 12 8 6 11 23 24 25 9 10 7 47 13 50 16,3 0 1 4 2 5 12 8 6 11 23 24 25 9 10 7 47 13 50 16,ecg200-raw,db4,energy,70,50,50,0
W-QDA,W-QDA:qda,9,,0.12,0.2,3 0 1 4 2 5 12 8 6 11 23 24 25 9 10 7 47 13 50 16,3 0 1 4 2 5 12 8 6 11 23 24 25 9 10 7 47 13 50 16,ecg200-raw,db4,energy,70,50,50,0
W-CART,W-CART:cart,8,,0.16,0.23,3 0 1 4 2 5 12 8 6 11 23 24 25 9 10 7 47 13 50 16,3 0 1 4 2 5 12 8 6 11 23 24 25 9 10 7 47 13 50 16,ecg200-raw,db4,energy,70,50,50,0
ALL,W-QDA:qda,9,,0.12,0.2,3 0 1 4 2 5 12 8 6 11 23 24 25 9 10 7 47 13 50 16,3 0 1 4 2 5 12 8 6 11 23 24 25 9 10 7 47 13 50 16,ecg200-raw,db4,energy,70,50,50,0
W-NN,W-NN:k=5,13,0.5,0.1,0.16,1 4 2 3 0 6 11 5 12 8 23 9 10 25 7 24 47 16 13 50,1 3 4 2 0 6 5 12 11 8 23 25 24 9 10 47 7 13 50 22,ecg200-raw,db4,usage,70,50,50,0
W-QDA,W-QDA:qda,7,0.5,0.1,0.18,1 4 2 3 0 6 11 5 12 8 23 9 10 25 7 24 47 16 13 50,1 3 4 2 0 6 5 12 11 8 23 25 24 9 10 47 7 13 50 22,ecg200-raw,db4,usage,70,50,50,0
W-CART,W-CART:cart,21,3.0,0.12,0.13,4 3 1 0 2 5 11 12 6 8 23 7 9 10 13 14 15 16 17 18,1 3 4 2 0 6 5 12 11 8 23 25 24 9 10 47 7 13 50 22,ecg200-raw,db4,usage,70,50,50,0
ALL,W-QDA:qda,7,0.5,0.1,0.18,1 4 2 3 0 6 11 5 12 8 23 9 10 25 7 24 47 16 13 50,1 3 4 2 0 6 5 12 11 8 23 25 24 9 10 47 7 13 50 22,ecg200-raw,db4,usage,70,50,50,0
W-NN,W-NN:k=1,26,,0.06,0.1,3 0 4 1 5 2 6 12 8 11 23 24 7 25 9 10 47 16 46 13,3 0 4 1 5 2 6 12 8 11 23 24 7 25 9 10 47 16 46 13,ecg200-raw,db4,energy,71,50,50,0
W-QDA,W-QDA:qda,14,,0.1,0.12,3 0 4 1 5 2 6 12 8 11 23 24 7 25 9 10 47 16 46 13,3 0 4 1 5 2 6 12 8 11 23 24 7 25 9 10 47 16 46 13,ecg200-raw,db4,energy,71,50,50,0
W-CART,W-CART:cart,19,,0.16,0.22,3 0 4 1 5 2 6 12 8 11 23 24 7 25 9 10 47 16 46 13,3 0 4 1 5 2 6 12 8 11 23 24 7 25 9 10 47 16 46 13,ecg200-raw,db4,energy,71,50,50,0
ALL,W-NN:k=1,26,,0.06,0.1,3 0 4 1 5 2 6 12 8 11 23 24 7 25 9 10 47 16 46 13,3 0 4 1 5 2 6 12 8 11 23 24 7 25 9 10 47 16 46 13,ecg200-raw,db4,energy,71,50,50,0
W-NN,W-NN:k=1,20,3.0,0.04,0.08,4 3 1 5 0 2 12 6 8 7 23 9 10 11 13 14 15 16 17 18,3 1 4 5 6 0 11 2 12 8 23 25 9 24 7 10 47 50 16 22,ecg200-raw,db4,usage,71,50,50,0
W-QDA,W-QDA:qda,11,0.5,0.08,0.13,1 3 4 5 6 2 0 8 11 12 10 9 23 7 25 24 16 47 13 50,3 1 4 5 6 0 11 2 12 8 23 25 9 24 7 10 47 50 16 22,ecg200-raw,db4,usage,71,50,50,0
W-CART,W-CART:cart,10,1.0,0.14,0.23,3 1 4 5 6 0 11 2 12 8 23 25 9 24 7 10 47 50 16 22,3 1 4 5 6 0 11 2 12 8 23 25 9 24 7 10 47 50 16 22,ecg200-raw,db4,usage,71,50,50,0
ALL,W-NN:k=1,20,3.0,0.04,0.08,4 3 1 5 0 2 12 6 8 7 23 9 10 11 13 14 15 16 17 18,3 1 4 5 6 0 11 2 12 8 23 25 9 24 7 10 47 50 16 22,ecg200-raw,db4,usage,71,50,50,0
W-NN,W-NN:k=3,20,,0.1,0.19,3 0 4 1 2 5 6 8 12 11 23 24 25 7 9 10 47 16 26 13,3 0 4 1 2 5 6 8 12 11 23 24 25 7 9 10 47 16 26 13,ecg200-raw,db4,energy,72,50,50,0
W-QDA,W-QDA:qda,14,,0.12,0.16,3 0 4 1 2 5 6 8 12 11 23 24 25 7 9 10 47 16 26 13,3 0 4 1 2 5 6 8 12 11 23 24 25 7 9 10 47 16 26 13,ecg200-raw,db4,energy,72,50,50,0
W-CART,W-CART:cart,8,,0.12,0.23,3 0 4 1 2 5 6 8 12 11 23 24 25 7 9 10 47 16 26 13,3 0 4 1 2 5 6 8 12 11 23 24 25 7 9 10 47 16 26 13,ecg200-raw,db4,energy,72,50,50,0
ALL,W-NN:k=3,20,,0.1,0.19,3 0 4 1 2 5 6 8 12 11 23 24 25 7 9 10 47 16 26 13,3 0 4 1 2 5 6 8 12 11 23 24 25 7 9 10 47 16 26 13,ecg200-raw,db4,energy,72,50,50,0
W-NN,W-NN:k=5,15,1.5,0.1,0.22,3 1 4 5 2 0 6 8 12 11 23 24 7 25 47 22 46 9 10 13,1 3 0 4 5 6 2 11 12 8 23 25 9 24 47 10 7 22 13 16,ecg200-raw,db4,usage,72,50,50,0
W-QDA,W-QDA:qda,12,0.5,0.02,0.13,1 3 6 4 0 2 5 11 25 8 12 7 10 23 9 24 16 47 13 26,1 3 0 4 5 6 2 11 12 8 23 25 9 24 47 10 7 22 13 16,ecg200-raw,db4,usage,72,50,50,0
W-CART,W-CART:cart,8,1.5,0.1,0.23,3 1 4 5 2 0 6 8 12 11 23 24 7 25 47 22 46 9 10 13,1 3 0 4 5 6 2 11 12 8 23 25 9 24 47 10 7 22 13 16,ecg200-raw,db4,usage,72,50,50,0
ALL,W-QDA:qda,12,0.5,0.02,0.13,1 3 6 4 0 2 5 11 25 8 12 7 10 23 9 24 16 47 13 26,1 3 0 4 5 6 2 11 12 8 23 25 9 24 47 10 7 22 13 16,ecg200-raw,db4,usage,72,50,50,0
W-NN,W-NN:k=1,3,,0.1,0.3,3 4 0 1 5 2 12 8 6 11 24 23 25 7 9 10 47 13 16 48,3 4 0 1 5 2 12 8 6 11 24 23 25 7 9 10 47 13 16 48,ecg200-raw,db4,energy,73,50,50,0
W-QDA,W-QDA:qda,2,,0.2,0.26,3 4 0 1 5 2 12 8 6 11 24 23 25 7 9 10 47 13 16 48,3 4 0 1 5 2 12 8 6 11 24 23 25 7 9 10 47 13 16 48,ecg200-raw,db4,energy,73,50,50,0
W-CART,W-CART:cart,9,,0.14,0.25,3 4 0 1 5 2 12 8 6 11 24 23 25 7 9 10 47 13 16 48,3 4 0 1 5 2 12 8 6 11 24 23 25 7 9 10 47 13 16 48,ecg200-raw,db4,energy,73,50,50,0
ALL,W-NN:k=1,3,,0.1,0.3,3 4 0 1 5 2 12 8 6 11 24 23 25 7 9 10 47 13 16 48,3 4 0 1 5 2 12 8 6 11 24 23 25 7 9 10 47 13 16 48,ecg200-raw,db4,energy,73,50,50,0
W-NN,W-NN:k=1,13,1.0,0.12,0.12,1 3 4 5 6 0 12 2 8 11 25 9 23 24 10 7 47 13 50 22,1 3 4 5 6 0 12 2 8 11 25 9 23 24 10 7 47 13 50 22,ecg200-raw,db4,usage,73,50,50,0
W-QDA,W-QDA:qda,3,0.5,0.14,0.27,1 3 4 0 6 11 2 5 12 8 7 23 9 25 10 16 24 13 47 48,1 3 4 5 6 0 12 2 8 11 25 9 23 24 10 7 47 13 50 22,ecg200-raw,db4,usage,73,50,50,0
W-CART,W-CART:cart,6,1.5,0.14,0.25,3 4 1 5 2 8 6 0 12 11 24 23 25 7 47 46 9 10 13 14,1 3 4 5 6 0 12 2 8 11 25 9 23 24 10 7 47 13 50 22,ecg200-raw,db4,usage,73,50,50,0
ALL,W-NN:k=1,13,1.0,0.12,0.12,1 3 4 5 6 0 12 2 8 11 25 9 23 24 10 7 47 13 50 22,1 3 4 5 6 0 12 2 8 11 25 9 23 24 10 7 47 13 50 22,ecg200-raw,db4,usage,73,50,50,0
W-NN,W-NN:k=1,11,,0.08,0.17,3 0 1 4 2 5 6 12 8 11 23 24 7 25 9 10 47 46 16 13,3 0 1 4 2 5 6 12 8 11 23 24 7 25 9 10 47 46 16 13,ecg200-raw,db4,energy,74,50,50,0
W-QDA,W-QDA:qda,8,,0.14,0.13,3 0 1 4 2 5 6 12 8 11 23 24 7 25 9 10 47 46 16 13,3 0 1 4 2 5 6 12 8 11 23 24 7 25 9 10 47 46 16 13,ecg200-raw,db4,energy,74,50,50,0
W-CART,W-CART:cart,9,,0.16,0.17,3 0 1 4 2 5 6 12 8 11 23 24 7 25 9 10 47 46 16 13,3 0 1 4 2 5 6 12 8 11 23 24 7 25 9 10 47 46 16 13,ecg200-raw,db4,energy,74,50,50,0
ALL,W-NN:k=1,11,,0.08,0.17,3 0 1 4 2 5 6 12 8 11 23 24 7 25 9 10 47 46 16 13,3 0 1 4 2 5 6 12 8 11 23 24 7 25 9 10 47 46 16 13,ecg200-raw,db4,energy,74,50,50,0
W-NN,W-NN:k=1,9,0.5,0.08,0.16,1 6 2 3 4 5 23 11 12 0 8 7 10 9 25 24 47 16 26 48,3 1 6 4 2 5 0 12 11 8 23 25 24 7 10 9 47 13 46 50,ecg200-raw,db4,usage,74,50,50,0
W-QDA,W-QDA:qda,9,0.5,0.12,0.13,1 6 2 3 4 5 23 11 12 0 8 7 10 9 25 24 47 16 26 48,3 1 6 4 2 5 0 12 11 8 23 25 24 7 10 9 47 13 46 50,ecg200-raw,db4,usage,74,50,50,0
W-CART,W-CART:cart,4,0.5,0.16,0.15,1 6 2 3 4 5 23 11 12 0 8 7 10 9 25 24 47 16 26 48,3 1 6 4 2 5 0 12 11 8 23 25 24 7 10 9 47 13 46 50,ecg200-raw,db4,usage,74,50,50,0
ALL,W-NN:k=1,9,0.5,0.08,0.16,1 6 2 3 4 5 23 11 12 0 8 7 10 9 25 24 47 16 26 48,3 1 6 4 2 5 0 12 11 8 23 25 24 7 10 9 47 13 46 50,ecg200-raw,db4,usage,74,50,50,0
W-NN,W-NN:k=1,13,,0.1,0.16,3 4 1 0 5 2 8 6 11 12 23 24 7 25 9 10 47 16 46 13,3 4 1 0 5 2 8 6 11 12 23 24 7 25 9 10 47 16 46 13,ecg200-raw,db4,energy,75,50,50,0
W-QDA,W-QDA:qda,12,,0.08,0.17,3 4 1 0 5 2 8 6 11 12 23 24 7 25 9 10 47 16 46 13,3 4 1 0 5 2 8 6 11 12 23 24 7 25 9 10 47 16 46 13,ecg200-raw,db4,energy,75,50,50,0
W-CART,W-CART:cart,36,,0.1,0.21,3 4 1 0 5 2 8 6 11 12 23 24 7 25 9 10 47 16 46 13,3 4 1 0 5 2 8 6 11 12 23 24 7 25 9 10 47 16 46 13,ecg200-raw,db4,energy,75,50,50,0
ALL,W-QDA:qda,12,,0.08,0.17,3 4 1 0 5 2 8 6 11 12 23 24 7 25 9 10 47 16 46 13,3 4 1 0 5 2 8 6 11 12 23 24 7 25 9 10 47 16 46 13,ecg200-raw,db4,energy,75,50,50,0
W-NN,W-NN:k=1,13,1.0,0.1,0.16,1 3 4 6 0 5 2 8 11 12 23 10 25 9 47 24 7 22 50 46,1 3 4 6 0 5 2 8 11 12 23 10 25 9 47 24 7 22 50 46,ecg200-raw,db4,usage,75,50,50,0
W-QDA,W-QDA:qda,12,1.0,0.08,0.12,1 3 4 6 0 5 2 8 11 12 23 10 25 9 47 24 7 22 50 46,1 3 4 6 0 5 2 8 11 12 23 10 25 9 47 24 7 22 50 46,ecg200-raw,db4,usage,75,50,50,0
W-CART,W-CART:cart,14,3.0,0.08,0.26,4 3 1 0 5 2 6 11 12 8 7 9 10 13 14 15 16 17 18 19,1 3 4 6 0 5 2 8 11 12 23 10 25 9 47 24 7 22 50 46,ecg200-raw,db4,usage,75,50,50,0
ALL,W-QDA:qda,12,1.0,0.08,0.12,1 3 4 6 0 5 2 8 11 12 23 10 25 9 47 24 7 22 50 46,1 3 4 6 0 5 2 8 11 12 23 10 25 9 47 24 7 22 50 46,ecg200-raw,db4,usage,75,50,50,0
W-NN,W-NN:k=3,16,,0.16,0.15,3 0 4 1 5 2 6 12 8 11 24 7 23 25 9 10 47 16 13 48,3 0 4 1 5 2 6 12 8 11 24 7 23 25 9 10 47 16 13 48,ecg200-raw,db4,energy,76,50,50,0
W-QDA,W-QDA:qda,13,,0.16,0.17,3 0 4 1 5 2 6 12 8 11 24 7 23 25 9 10 47 16 13 48,3 0 4 1 5 2 6 12 8 11 24 7 23 25 9 10 47 16 13 48,ecg200-raw,db4,energy,76,50,50,0
W-CART,W-CART:cart,9,,0.22,0.19,3 0 4 1 5 2 6 12 8 11 24 7 23 25 9 10 47 16 13 48,3 0 4 1 5 2 6 12 8 11 24 7 23 25 9 10 47 16 13 48,ecg200-raw,db4,energy,76,50,50,0
ALL,W-QDA:qda,13,,0.16,0.17,3 0 4 1 5 2 6 12 8 11 24 7 23 25 9 10 47 16 13 48,3 0 4 1 5 2 6 12 8 11 24 7 23 25 9 10 47 16 13 48,ecg200-raw,db4,energy,76,50,50,0
W-NN,W-NN:k=7,2,0.5,0.16,0.23,1 3 6 4 5 0 12 2 8 11 7 10 9 23 25 24 16 47 50 26,1 3 4 5 6 0 2 12 8 11 9 10 25 23 24 7 47 48 13 22,ecg200-raw,db4,usage,76,50,50,0
W-QDA,W-QDA:qda,12,3.0,0.12,0.19,4 3 1 0 5 2 6 12 11 7 23 8 9 10 13 14 15 16 17 18,1 3 4 5 6 0 2 12 8 11 9 10 25 23 24 7 47 48 13 22,ecg200-raw,db4,usage,76,50,50,0
W-CART,W-CART:cart,12,0.5,0.16,0.18,1 3 6 4 5 0 12 2 8 11 7 10 9 23 25 24 16 47 50 26,1 3 4 5 6 0 2 12 8 11 9 10 25 23 24 7 47 48 13 22,ecg200-raw,db4,usage,76,50,50,0
ALL,W-QDA:qda,12,3.0,0.12,0.19,4 3 1 0 5 2 6 12 11 7 23 8 9 10 13 14 15 16 17 18,1 3 4 5 6 0 2 12 8 11 9 10 25 23 24 7 47 48 13 22,ecg200-raw,db4,usage,76,50,50,0
W-NN,W-NN:k=1,16,,0.1,0.18,3 0 1 4 2 5 6 8 12 11 23 24 7 25 9 10 47 46 16 22,3 0 1 4 2 5 6 8 12 11 23 24 7 25 9 10 47 46 16 22,ecg200-raw,db4,energy,77,50,50,0
W-QDA,W-QDA:qda,9,,0.12,0.18,3 0 1 4 2 5 6 8 12 11 23 24 7 25 9 10 47 46 16 22,3 0 1 4 2 5 6 8 12 11 23 24 7 25 9 10 47 46 16 22,ecg200-raw,db4,energy,77,50,50,0
W-CART,W-CART:cart,37,,0.1,0.18,3 0 1 4 2 5 6 8 12 11 23 24 7 25 9 10 47 46 16 22,3 0 1 4 2 5 6 8 12 11 23 24 7 25 9 10 47 46 16 22,ecg200-raw,db4,energy,77,50,50,0
ALL,W-NN:k=1,16,,0.1,0.18,3 0 1 4 2 5 6 8 12 11 23 24 7 25 9 10 47 46 16 22,3 0 1 4 2 5 6 8 12 11 23 24 7 25 9 10 47 46 16 22,ecg200-raw,db4,energy,77,50,50,0
W-NN,W-NN:k=1,14,0.5,0.08,0.18,1 3 4 6 0 2 11 5 12 8 7 23 10 25 9 24 16 47 17 13,1 3 4 0 5 2 6 11 8 12 23 25 9 7 24 10 47 46 22 50,ecg200-raw,db4,usage,77,50,50,0
W-QDA,W-QDA:qda,6,0.5,0.1,0.14,1 3 4 6 0 2 11 5 12 8 7 23 10 25 9 24 16 47 17 13,1 3 4 0 5 2 6 11 8 12 23 25 9 7 24 10 47 46 22 50,ecg200-raw,db4,usage,77,50,50,0
W-CART,W-CART:cart,29,3.0,0.1,0.24,3 4 1 5 0 2 6 12 11 7 8 9 10 13 14 15 16 17 18 19,1 3 4 0 5 2 6 11 8 12 23 25 9 7 24 10 47 46 22 50,ecg200-raw,db4,usage,77,50,50,0
ALL,W-NN:k=1,14,0.5,0.08,0.18,1 3 4 6 0 2 11 5 12 8 7 23 10 25 9 24 16 47 17 13,1 3 4 0 5 2 6 11 8 12 23 25 9 7 24 10 47 46 22 50,ecg200-raw,db4,usage,77,50,50,0
W-NN,W-NN:k=1,8,,0.1,0.21,3 4 0 1 5 2 6 8 12 11 24 23 7 25 9 10 47 16 13 26,3 4 0 1 5 2 6 8 12 11 24 23 7 25 9 10 47 16 13 26,ecg200-raw,db4,energy,78,50,50,0
W-QDA,W-QDA:qda,11,,0.08,0.14,3 4 0 1 5 2 6 8 12 11 24 23 7 25 9 10 47 16 13 26,3 4 0 1 5 2 6 8 12 11 24 23 7 25 9 10 47 16 13 26,ecg200-raw,db4,energy,78,50,50,0
W-CART,W-CART:cart,25,,0.12,0.17,3 4 0 1 5 2 6 8 12 11 24 23 7 25 9 10 47 16 13 26,3 4 0 1 5 2 6 8 12 11 24 23 7 25 9 10 47 16 13 26,ecg200-raw,db4,energy,78,50,50,0
ALL,W-QDA:qda,11,,0.08,0.14,3 4 0 1 5 2 6 8 12 11 24 23 7 25 9 10 47 16 13 26,3 4 0 1 5 2 6 8 12 11 24 23 7 25 9 10 47 16 13 26,ecg200-raw,db4,energy,78,50,50,0
W-NN,W-NN:k=1,8,0.5,0.08,0.17,1 4 3 5 6 0 11 2 8 12 23 9 7 25 10 24 16 47 13 26,3 1 5 4 0 6 2 11 8 12 23 25 24 9 10 7 47 13 46 48,ecg200-raw,db4,usage,78,50,50,0
W-QDA,W-QDA:qda,12,1.0,0.06,0.12,3 1 5 4 0 6 2 11 8 12 23 25 24 9 10 7 47 13 46 48,3 1 5 4 0 6 2 11 8 12 23 25 24 9 10 7 47 13 46 48,ecg200-raw,db4,usage,78,50,50,0
W-CART,W-CART:cart,23,1.5,0.1,0.13,1 3 5 4 2 6 0 8 11 12 23 24 7 25 47 46 26 9 10 13,3 1 5 4 0 6 2 11 8 12 23 25 24 9 10 7 47 13 46 48,ecg200-raw,db4,usage,78,50,50,0
ALL,W-QDA:qda,12,1.0,0.06,0.12,3 1 5 4 0 6 2 11 8 12 23 25 24 9 10 7 47 13 46 48,3 1 5 4 0 6 2 11 8 12 23 25 24 9 10 7 47 13 46 48,ecg200-raw,db4,usage,78,50,50,0
W-NN,W-NN:k=5,6,,0.12,0.24,3 0 4 1 5 2 8 6 12 11 24 23 25 9 10 7 47 16 13 26,3 0 4 1 5 2 8 6 12 11 24 23 25 9 10 7 47 16 13 26,ecg200-raw,db4,energy,79,50,50,0
W-QDA,W-QDA:qda,4,,0.08,0.23,3 0 4 1 5 2 8 6 12 11 24 23 25 9 10 7 47 16 13 26,3 0 4 1 5 2 8 6 12 11 24 23 25 9 10 7 47 16 13 26,ecg200-raw,db4,energy,79,50,50,0
W-CART,W-CART:cart,12,,0.12,0.17,3 0 4 1 5 2 8 6 12 11 24 23 25 9 10 7 47 16 13 26,3 0 4 1 5 2 8 6 12 11 24 23 25 9 10 7 47 16 13 26,ecg200-raw,db4,energy,79,50,50,0
ALL,W-QDA:qda,4,,0.08,0.23,3 0 4 1 5 2 8 6 12 11 24 23 25 9 10 7 47 16 13 26,3 0 4 1 5 2 8 6 12 11 24 23 25 9 10 7 47 16 13 26,ecg200-raw,db4,energy,79,50,50,0
W-NN,W-NN:k=5,2,0.5,0.12,0.28,4 0 1 5 3 2 6 11 8 10 12 9 23 25 7 24 16 47 13 48,1 4 3 5 0 6 2 11 8 12 25 10 23 9 24 47 7 48 50 22,ecg200-raw,db4,usage,79,50,50,0
W-QDA,W-QDA:qda,4,0.5,0.08,0.24,4 0 1 5 3 2 6 11 8 10 12 9 23 25 7 24 16 47 13 48,1 4 3 5 0 6 2 11 8 12 25 10 23 9 24 47 7 48 50 22,ecg200-raw,db4,usage,79,50,50,0
W-CART,W-CART:cart,13,1.5,0.1,0.21,3 4 1 5 2 0 8 6 11 12 24 23 25 7 9 26 46 47 10 13,1 4 3 5 0 6 2 11 8 12 25 10 23 9 24 47 7 48 50 22,ecg200-raw,db4,usage,79,50,50,0
ALL,W-QDA:qda,4,0.5,0.08,0.24,4 0 1 5 3 2 6 11 8 10 12 9 23 25 7 24 16 47 13 48,1 4 3 5 0 6 2 11 8 12 25 10 23 9 24 47 7 48 50 22,ecg200-raw,db4,usage,79,50,50,0
W-NN,W-NN:k=1,16,,0.12,0.07,3 0 1 4 2 5 12 8 6 11 23 24 25 7 9 10 47 13 16 50,3 0 1 4 2 5 12 8 6 11 23 24 25 7 9 10 47 13 16 50,ecg200-raw,db4,energy,80,50,50,0
W-QDA,W-QDA:qda,11,,0.16,0.11,3 0 1 4 2 5 12 8 6 11 23 24 25 7 9 10 47 13 16 50,3 0 1 4 2 5 12 8 6 11 23 24 25 7 9 10 47 13 16 50,ecg200-raw,db4,energy,80,50,50,0
W-CART,W-CART:cart,12,,0.1,0.16,3 0 1 4 2 5 12 8 6 11 23 24 25 7 9 10 47 13 16 50,3 0 1 4 2 5 12 8 6 11 23 24 25 7 9 10 47 13 16 50,ecg200-raw,db4,energy,80,50,50,0
ALL,W-CART:cart,12,,0.1,0.16,3 0 1 4 2 5 12 8 6 11 23 24 25 7 9 10 47 13 16 50,3 0 1 4 2 5 12 8 6 11 23 24 25 7 9 10 47 13 16 50,ecg200-raw,db4,energy,80,50,50,0
W-NN,W-NN:k=1,12,1.0,0.12,0.1,1 3 6 0 4 2 5 12 11 8 23 25 9 10 24 7 47 13 22 50,1 3 6 0 4 2 5 12 11 8 23 25 9 10 24 7 47 13 22 50,ecg200-raw,db4,usage,80,50,50,0
W-QDA,W-QDA:qda,4,0.5,0.14,0.18,1 3 6 0 4 2 12 11 5 8 7 23 10 9 25 24 16 47 13 26,1 3 6 0 4 2 5 12 11 8 23 25 9 10 24 7 47 13 22 50,ecg200-raw,db4,usage,80,50,50,0
W-CART,W-CART:cart,12,1.0,0.08,0.15,1 3 6 0 4 2 5 12 11 8 23 25 9 10 24 7 47 13 22 50,1 3 6 0 4 2 5 12 11 8 23 25 9 10 24 7 47 13 22 50,ecg200-raw,db4,usage,80,50,50,0
ALL,W-CART:cart,12,1.0,0.08,0.15,1 3 6 0 4 2 5 12 11 8 23 25 9 10 24 7 47 13 22 50,1 3 6 0 4 2 5 12 11 8 23 25 9 10 24 7 47 13 22 50,ecg200-raw,db4,usage,80,50,50,0
W-NN,W-NN:k=1,4,,0.08,0.26,3 4 0 1 5 2 12 8 6 11 24 23 7 25 9 10 47 50 16 13,3 4 0 1 5 2 12 8 6 11 24 23 7 25 9 10 47 50 16 13,ecg200-raw,db4,energy,81,50,50,0
W-QDA,W-QDA:qda,7,,0.1,0.23,3 4 0 1 5 2 12 8 6 11 24 23 7 25 9 10 47 50 16 13,3 4 0 1 5 2 12 8 6 11 24 23 7 25 9 10 47 50 16 13,ecg200-raw,db4,energy,81,50,50,0
W-CART,W-CART:cart,3,,0.14,0.29,3 4 0 1 5 2 12 8 6 11 24 23 7 25 9 10 47 50 16 13,3 4 0 1 5 2 12 8 6 11 24 23 7 25 9 10 47 50 16 13,ecg200-raw,db4,energy,81,50,50,0
ALL,W-NN:k=1,4,,0.08,0.26,3 4 0 1 5 2 12 8 6 11 24 23 7 25 9 10 47 50 16 13,3 4 0 1 5 2 12 8 6 11 24 23 7 25 9 10 47 50 16 13,ecg200-raw,db4,energy,81,50,50,0
W-NN,W-NN:k=1,3,0.5,0.04,0.31,1 4 0 3 2 6 5 11 12 8 25 9 7 23 24 10 16 47 50 26,3 4 1 5 6 0 2 12 8 11 25 23 9 24 10 7 47 50 13 48,ecg200-raw,db4,usage,81,50,50,0
W-QDA,W-QDA:qda,8,1.0,0.08,0.22,3 4 1 5 6 0 2 12 8 11 25 23 9 24 10 7 47 50 13 48,3 4 1 5 6 0 2 12 8 11 25 23 9 24 10 7 47 50 13 48,ecg200-raw,db4,usage,81,50,50,0
W-CART,W-CART:cart,4,0.5,0.14,0.29,1 4 0 3 2 6 5 11 12 8 25 9 7 23 24 10 16 47 50 26,3 4 1 5 6 0 2 12 8 11 25 23 9 24 10 7 47 50 13 48,ecg200-raw,db4,usage,81,50,50,0
ALL,W-NN:k=1,3,0.5,0.04,0.31,1 4 0 3 2 6 5 11 12 8 25 9 7 23 24 10 16 47 50 26,3 4 1 5 6 0 2 12 8 11 25 23 9 24 10 7 47 50 13 48,ecg200-raw,db4,usage,81,50,50,0
W-NN,W-NN:k=3,6,,0.14,0.17,3 1 0 4 2 5 6 12 8 11 23 24 7 25 47 9 10 16 13 50,3 1 0 4 2 5 6 12 8 11 23 24 7 25 47 9 10 16 13 50,ecg200-raw,db4,energy,82,50,50,0
W-QDA,W-QDA:qda,11,,0.1,0.12,3 1 0 4 2 5 6 12 8 11 23 24 7 25 47 9 10 16 13 50,3 1 0 4 2 5 6 12 8 11 23 24 7 25 47 9 10 16 13 50,ecg200-raw,db4,energy,82,50,50,0
W-CART,W-CART:cart,40,,0.16,0.23,3 1 0 4 2 5 6 12 8 11 23 24 7 25 47 9 10 16 13 50,3 1 0 4 2 5 6 12 8 11 23 24 7 25 47 9 10 16 13 50,ecg200-raw,db4,energy,82,50,50,0
ALL,W-QDA:qda,11,,0.1,0.12,3 1 0 4 2 5 6 12 8 11 23 24 7 25 47 9 10 16 13 50,3 1 0 4 2 5 6 12 8 11 23 24 7 25 47 9 10 16 13 50,ecg200-raw,db4,energy,82,50,50,0
W-NN,W-NN:k=9,3,1.0,0.12,0.2,1 3 4 5 2 6 0 11 12 8 23 24 25 47 9 7 10 13 48 22,1 3 4 5 2 6 0 11 12 8 23 24 25 47 9 7 10 13 48 22,ecg200-raw,db4,usage,82,50,50,0
W-QDA,W-QDA:qda,11,0.5,0.1,0.12,1 4 6 3 2 5 0 11 8 12 23 25 10 7 24 9 47 16 13 50,1 3 4 5 2 6 0 11 12 8 23 24 25 47 9 7 10 13 48 22,ecg200-raw,db4,usage,82,50,50,0
W-CART,W-CART:cart,4,1.5,0.12,0.23,1 3 5 2 4 0 6 8 12 11 23 24 7 25 47 46 22 9 10 13,1 3 4 5 2 6 0 11 12 8 23 24 25 47 9 7 10 13 48 22,ecg200-raw,db4,usage,82,50,50,0
ALL,W-QDA:qda,11,0.5,0.1,0.12,1 4 6 3 2 5 0 11 8 12 23 25 10 7 24 9 47 16 13 50,1 3 4 5 2 6 0 11 12 8 23 24 25 47 9 7 10 13 48 22,ecg200-raw,db4,usage,82,50,50,0
W-NN,W-NN:k=1,30,,0.12,0.13,3 1 4 0 5 2 12 6 8 11 23 24 25 9 47 10 7 13 16 50,3 1 4 0 5 2 12 6 8 11 23 24 25 9 47 10 7 13 16 50,ecg200-raw,db4,energy,83,50,50,0
W-QDA,W-QDA:qda,7,,0.12,0.17,3 1 4 0 5 2 12 6 8 11 23 24 25 9 47 10 7 13 16 50,3 1 4 0 5 2 12 6 8 11 23 24 25 9 47 10 7 13 16 50,ecg200-raw,db4,energy,83,50,50,0
W-CART,W-CART:cart,6,,0.14,0.23,3 1 4 0 5 2 12 6 8 11 23 24 25 9 47 10 7 13 16 50,3 1 4 0 5 2 12 6 8 11 23 24 25 9 47 10 7 13 16 50,ecg200-raw,db4,energy,83,50,50,0
ALL,W-QDA:qda,7,,0.12,0.17,3 1 4 0 5 2 12 6 8 11 23 24 25 9 47 10 7 13 16 50,3 1 4 0 5 2 12 6 8 11 23 24 25 9 47 10 7 13 16 50,ecg200-raw,db4,energy,83,50,50,0
W-NN,W-NN:k=3,6,1.5,0.12,0.18,1 3 4 5 2 12 6 8 0 11 23 24 25 47 7 9 46 10 13 14,1 3 4 5 6 2 12 0 8 11 23 25 9 24 10 47 7 13 16 50,ecg200-raw,db4,usage,83,50,50,0
W-QDA,W-QDA:qda,7,1.0,0.1,0.14,1 3 4 5 6 2 12 0 8 11 23 25 9 24 10 47 7 13 16 50,1 3 4 5 6 2 12 0 8 11 23 25 9 24 10 47 7 13 16 50,ecg200-raw,db4,usage,83,50,50,0
W-CART,W-CART:cart,8,1.0,0.12,0.18,1 3 4 5 6 2 12 0 8 11 23 25 9 24 10 47 7 13 16 50,1 3 4 5 6 2 12 0 8 11 23 25 9 24 10 47 7 13 16 50,ecg200-raw,db4,usage,83,50,50,0
ALL,W-QDA:qda,7,1.0,0.1,0.14,1 3 4 5 6 2 12 0 8 11 23 25 9 24 10 47 7 13 16 50,1 3 4 5 6 2 12 0 8 11 23 25 9 24 10 47 7 13 16 50,ecg200-raw,db4,usage,83,50,50,0
W-NN,W-NN:k=3,16,,0.14,0.13,3 0 4 1 5 2 6 12 8 11 7 23 24 25 9 10 47 46 16 50,3 0 4 1 5 2 6 12 8 11 7 23 24 25 9 10 47 46 16 50,ecg200-raw,db4,energy,84,50,50,0
W-QDA,W-QDA:qda,10,,0.14,0.2,3 0 4 1 5 2 6 12 8 11 7 23 24 25 9 10 47 46 16 50,3 0 4 1 5 2 6 12 8 11 7 23 24 25 9 10 47 46 16 50,ecg200-raw,db4,energy,84,50,50,0
W-CART,W-CART:cart,13,,0.14,0.2,3 0 4 1 5 2 6 12 8 11 7 23 24 25 9 10 47 46 16 50,3 0 4 1 5 2 6 12 8 11 7 23 24 25 9 10 47 46 16 50,ecg200-raw,db4,energy,84,50,50,0
ALL,W-QDA:qda,10,,0.14,0.2,3 0 4 1 5 2 6 12 8 11 7 23 24 25 9 10 47 46 16 50,3 0 4 1 5 2 6 12 8 11 7 23 24 25 9 10 47 46 16 50,ecg200-raw,db4,energy,84,50,50,0
W-NN,W-NN:k=3,15,1.0,0.14,0.12,1 3 4 2 5 6 0 12 8 11 23 9 25 10 24 7 47 46 50 13,1 3 4 2 5 6 0 12 8 11 23 9 25 10 24 7 47 46 50 13,ecg200-raw,db4,usage,84,50,50,0
W-QDA,W-QDA:qda,4,0.5,0.14,0.26,1 4 3 6 0 2 5 8 11 12 7 9 25 23 10 24 16 47 50 13,1 3 4 2 5 6 0 12 8 11 23 9 25 10 24 7 47 46 50 13,ecg200-raw,db4,usage,84,50,50,0
W-CART,W-CART:cart,14,1.5,0.14,0.2,1 3 4 5 0 2 12 6 8 11 23 24 7 25 46 47 10 9 13 14,1 3 4 2 5 6 0 12 8 11 23 9 25 10 24 7 47 46 50 13,ecg200-raw,db4,usage,84,50,50,0
ALL,W-QDA:qda,4,0.5,0.14,0.26,1 4 3 6 0 2 5 8 11 12 7 9 25 23 10 24 16 47 50 13,1 3 4 2 5 6 0 12 8 11 23 9 25 10 24 7 47 46 50 13,ecg200-raw,db4,usage,84,50,50,0
W-NN,W-NN:k=1,24,,0.06,0.15,3 0 4 1 5 2 8 12 6 11 23 24 25 9 10 7 47 13 16 26,3 0 4 1 5 2 8 12 6 11 23 24 25 9 10 7 47 13 16 26,ecg200-raw,db4,energy,85,50,50,0
W-QDA,W-QDA:qda,10,,0.1,0.17,3 0 4 1 5 2 8 12 6 11 23 24 25 9 10 7 47 13 16 26,3 0 4 1 5 2 8 12 6 11 23 24 25 9 10 7 47 13 16 26,ecg200-raw,db4,energy,85,50,50,0
W-CART,W-CART:cart,13,,0.14,0.2,3 0 4 1 5 2 8 12 6 11 23 24 25 9 10 7 47 13 16 26,3 0 4 1 5 2 8 12 6 11 23 24 25 9 10 7 47 13 16 26,ecg200-raw,db4,energy,85,50,50,0
ALL,W-NN:k=1,24,,0.06,0.15,3 0 4 1 5 2 8 12 6 11 23 24 25 9 10 7 47 13 16 26,3 0 4 1 5 2 8 12 6 11 23 24 25 9 10 7 47 13 16 26,ecg200-raw,db4,energy,85,50,50,0
W-NN,W-NN:k=1,21,1.0,0.06,0.13,3 1 0 4 5 6 11 12 2 8 23 9 25 10 24 47 7 13 46 50,3 1 0 4 5 6 11 12 2 8 23 9 25 10 24 47 7 13 46 50,ecg200-raw,db4,usage,85,50,50,0
W-QDA,W-QDA:qda,5,0.5,0.1,0.19,1 3 6 11 0 4 2 5 12 8 23 9 10 25 24 7 16 47 13 26,3 1 0 4 5 6 11 12 2 8 23 9 25 10 24 47 7 13 46 50,ecg200-raw,db4,usage,85,50,50,0
W-CART,W-CART:cart,15,1.5,0.14,0.24,1 3 4 5 0 2 8 6 12 11 23 24 47 7 25 46 10 26 9 13,3 1 0 4 5 6 11 12 2 8 23 9 25 10 24 47 7 13 46 50,ecg200-raw,db4,usage,85,50,50,0
ALL,W-NN:k=1,21,1.0,0.06,0.13,3 1 0 4 5 6 11 12 2 8 23 9 25 10 24 47 7 13 46 50,3 1 0 4 5 6 11 12 2 8 23 9 25 10 24 47 7 13 46 50,ecg200-raw,db4,usage,85,50,50,0
W-NN,W-NN:k=9,5,,0.16,0.27,3 4 0 1 5 2 6 8 12 11 24 7 23 25 9 10 47 46 13 16,3 4 0 1 5 2 6 8 12 11 24 7 23 25 9 10 47 46 13 16,ecg200-raw,db4,energy,86,50,50,0
W-QDA,W-QDA:qda,7,,0.18,0.22,3 4 0 1 5 2 6 8 12 11 24 7 23 25 9 10 47 46 13 16,3 4 0 1 5 2 6 8 12 11 24 7 23 25 9 10 47 46 13 16,ecg200-raw,db4,energy,86,50,50,0
W-CART,W-CART:cart,22,,0.16,0.18,3 4 0 1 5 2 6 8 12 11 24 7 23 25 9 10 47 46 13 16,3 4 0 1 5 2 6 8 12 11 24 7 23 25 9 10 47 46 13 16,ecg200-raw,db4,energy,86,50,50,0
ALL,W-NN:k=9,5,,0.16,0.27,3 4 0 1 5 2 6 8 12 11 24 7 23 25 9 10 47 46 13 16,3 4 0 1 5 2 6 8 12 11 24 7 23 25 9 10 47 46 13 16,ecg200-raw,db4,energy,86,50,50,0
W-NN,W-NN:k=9,5,3.0,0.16,0.27,4 3 1 5 0 2 6 12 7 8 11 9 10 13 14 15 16 17 18 19,1 4 3 5 6 0 2 12 8 11 24 25 9 23 10 7 47 13 50 16,ecg200-raw,db4,usage,86,50,50,0
W-QDA,W-QDA:qda,5,0.5,0.16,0.21,1 3 6 4 2 0 12 5 11 8 10 7 24 25 23 9 16 13 50 47,1 4 3 5 6 0 2 12 8 11 24 25 9 23 10 7 47 13 50 16,ecg200-raw,db4,usage,86,50,50,0
W-CART,W-CART:cart,20,1.5,0.16,0.19,1 3 4 5 6 2 8 0 12 11 24 7 23 25 46 47 10 26 9 13,1 4 3 5 6 0 2 12 8 11 24 25 9 23 10 7 47 13 50 16,ecg200-raw,db4,usage,86,50,50,0
ALL,W-QDA:qda,5,0.5,0.16,0.21,1 3 6 4 2 0 12 5 11 8 10 7 24 25 23 9 16 13 50 47,1 4 3 5 6 0 2 12 8 11 24 25 9 23 10 7 47 13 50 16,ecg200-raw,db4,usage,86,50,50,0
W-NN,W-NN:k=1,14,,0.1,0.15,3 0 1 4 2 5 6 8 12 11 23 24 25 7 9 47 10 16 13 50,3 0 1 4 2 5 6 8 12 11 23 24 25 7 9 47 10 16 13 50,ecg200-raw,db4,energy,87,50,50,0
W-QDA,W-QDA:qda,4,,0.12,0.17,3 0 1 4 2 5 6 8 12 11 23 24 25 7 9 47 10 16 13 50,3 0 1 4 2 5 6 8 12 11 23 24 25 7 9 47 10 16 13 50,ecg200-raw,db4,energy,87,50,50,0
W-CART,W-CART:cart,17,,0.12,0.18,3 0 1 4 2 5 6 8 12 11 23 24 25 7 9 47 10 16 13 50,3 0 1 4 2 5 6 8 12 11 23 24 25 7 9 47 10 16 13 50,ecg200-raw,db4,energy,87,50,50,0
ALL,W-NN:k=1,14,,0.1,0.15,3 0 1 4 2 5 6 8 12 11 23 24 25 7 9 47 10 16 13 50,3 0 1 4 2 5 6 8 12 11 23 24 25 7 9 47 10 16 13 50,ecg200-raw,db4,energy,87,50,50,0
W-NN,W-NN:k=1,9,2.0,0.12,0.23,1 4 3 5 2 0 8 12 11 6 23 24 7 46 47 9 10 13 14 15,1 3 2 4 0 5 6 12 11 8 23 25 9 10 24 47 7 13 16 50,ecg200-raw,db4,usage,87,50,50,0
W-QDA,W-QDA:qda,5,0.5,0.04,0.15,1 3 2 4 6 11 0 5 8 12 23 10 25 9 7 24 16 47 13 17,1 3 2 4 0 5 6 12 11 8 23 25 9 10 24 47 7 13 16 50,ecg200-raw,db4,usage,87,50,50,0
W-CART,W-CART:cart,7,0.5,0.12,0.36,1 3 2 4 6 11 0 5 8 12 23 10 25 9 7 24 16 47 13 17,1 3 2 4 0 5 6 12 11 8 23 25 9 10 24 47 7 13 16 50,ecg200-raw,db4,usage,87,50,50,0
ALL,W-QDA:qda,5,0.5,0.04,0.15,1 3 2 4 6 11 0 5 8 12 23 10 25 9 7 24 16 47 13 17,1 3 2 4 0 5 6 12 11 8 23 25 9 10 24 47 7 13 16 50,ecg200-raw,db4,usage,87,50,50,0
W-NN,W-NN:k=1,26,,0.04,0.12,3 4 0 1 5 2 6 8 12 11 23 24 7 9 25 47 10 16 13 50,3 4 0 1 5 2 6 8 12 11 23 24 7 9 25 47 10 16 13 50,ecg200-raw,db4,energy,88,50,50,0
W-QDA,W-QDA:qda,15,,0.06,0.17,3 4 0 1 5 2 6 8 12 11 23 24 7 9 25 47 10 16 13 50,3 4 0 1 5 2 6 8 12 11 23 24 7 9 25 47 10 16 13 50,ecg200-raw,db4,energy,88,50,50,0
W-CART,W-CART:cart,8,,0.08,0.2,3 4 0 1 5 2 6 8 12 11 23 24 7 9 25 47 10 16 13 50,3 4 0 1 5 2 6 8 12 11 23 24 7 9 25 47 10 16 13 50,ecg200-raw,db4,energy,88,50,50,0
ALL,W-NN:k=1,26,,0.04,0.12,3 4 0 1 5 2 6 8 12 11 23 24 7 9 25 47 10 16 13 50,3 4 0 1 5 2 6 8 12 11 23 24 7 9 25 47 10 16 13 50,ecg200-raw,db4,energy,88,50,50,0
W-NN,W-NN:k=1,15,1.0,0.04,0.14,1 3 4 6 5 0 8 2 11 12 23 9 25 24 47 10 7 16 13 14,1 3 4 6 5 0 8 2 11 12 23 9 25 24 47 10 7 16 13 14,ecg200-raw,db4,usage,88,50,50,0
W-QDA,W-QDA:qda,12,3.0,0.06,0.14,4 3 1 5 0 2 12 6 11 7 8 23 9 10 13 14 15 16 17 18,1 3 4 6 5 0 8 2 11 12 23 9 25 24 47 10 7 16 13 14,ecg200-raw,db4,usage,88,50,50,0
W-CART,W-CART:cart,7,1.0,0.08,0.22,1 3 4 6 5 0 8 2 11 12 23 9 25 24 47 10 7 16 13 14,1 3 4 6 5 0 8 2 11 12 23 9 25 24 47 10 7 16 13 14,ecg200-raw,db4,usage,88,50,50,0
ALL,W-NN:k=1,15,1.0,0.04,0.14,1 3 4 6 5 0 8 2 11 12 23 9 25 24 47 10 7 16 13 14,1 3 4 6 5 0 8 2 11 12 23 9 25 24 47 10 7 16 13 14,ecg200-raw,db4,usage,88,50,50,0
W-NN,W-NN:k=1,18,,0.14,0.09,3 1 4 0 2 5 6 8 12 11 23 7 24 9 25 10 47 13 16 22,3 1 4 0 2 5 6 8 12 11 23 7 24 9 25 10 47 13 16 22,ecg200-raw,db4,energy,89,50,50,0
W-QDA,W-QDA:qda,11,,0.06,0.13,3 1 4 0 2 5 6 8 12 11 23 7 24 9 25 10 47 13 16 22,3 1 4 0 2 5 6 8 12 11 23 7 24 9 25 10 47 13 16 22,ecg200-raw,db4,energy,89,50,50,0
W-CART,W-CART:cart,21,,0.16,0.16,3 1 4 0 2 5 6 8 12 11 23 7 24 9 25 10 47 13 16 22,3 1 4 0 2 5 6 8 12 11 23 7 24 9 25 10 47 13 16 22,ecg200-raw,db4,energy,89,50,50,0
ALL,W-QDA:qda,11,,0.06,0.13,3 1 4 0 2 5 6 8 12 11 23 7 24 9 25 10 47 13 16 22,3 1 4 0 2 5 6 8 12 11 23 7 24 9 25 10 47 13 16 22,ecg200-raw,db4,energy,89,50,50,0
W-NN,W-NN:k=7,1,0.5,0.14,0.34,6 1 3 2 4 0 11 5 8 12 23 10 25 7 9 24 47 16 13 17,1 3 4 2 5 0 6 12 8 11 23 9 10 25 24 47 7 22 13 46,ecg200-raw,db4,usage,89,50,50,0
W-QDA,W-QDA:qda,11,0.5,0.06,0.13,6 1 3 2 4 0 11 5 8 12 23 10 25 7 9 24 47 16 13 17,1 3 4 2 5 0 6 12 8 11 23 9 10 25 24 47 7 22 13 46,ecg200-raw,db4,usage,89,50,50,0
W-CART,W-CART:cart,38,0.5,0.16,0.18,6 1 3 2 4 0 11 5 8 12 23 10 25 7 9 24 47 16 13 17,1 3 4 2 5 0 6 12 8 11 23 9 10 25 24 47 7 22 13 46,ecg200-raw,db4,usage,89,50,50,0
ALL,W-QDA:qda,11,0.5,0.06,0.13,6 1 3 2 4 0 11 5 8 12 23 10 25 7 9 24 47 16 13 17,1 3 4 2 5 0 6 12 8 11 23 9 10 25 24 47 7 22 13 46,ecg200-raw,db4,usage,89,50,50,0
W-NN,W-NN:k=1,51,,0.1,0.1,3 1 4 0 5 2 6 8 12 11 24 23 25 7 9 10 47 16 13 26,3 1 4 0 5 2 6 8 12 11 24 23 25 7 9 10 47 16 13 26,ecg200-raw,db4,energy,90,50,50,0
W-QDA,W-QDA:qda,11,,0.16,0.12,3 1 4 0 5 2 6 8 12 11 24 23 25 7 9 10 47 16 13 26,3 1 4 0 5 2 6 8 12 11 24 23 25 7 9 10 47 16 13 26,ecg200-raw,db4,energy,90,50,50,0
W-CART,W-CART:cart,17,,0.18,0.22,3 1 4 0 5 2 6 8 12 11 24 23 25 7 9 10 47 16 13 26,3 1 4 0 5 2 6 8 12 11 24 23 25 7 9 10 47 16 13 26,ecg200-raw,db4,energy,90,50,50,0
ALL,W-NN:k=1,51,,0.1,0.1,3 1 4 0 5 2 6 8 12 11 24 23 25 7 9 10 47 16 13 26,3 1 4 0 5 2 6 8 12 11 24 23 25 7 9 10 47 16 13 26,ecg200-raw,db4,energy,90,50,50,0
W-NN,W-NN:k=1,63,0.5,0.1,0.1,1 4 0 3 6 5 2 12 8 11 23 10 25 9 7 24 47 16 13 17,1 3 4 0 5 6 12 2 8 11 23 25 9 47 24 10 7 13 16 22,ecg200-raw,db4,usage,90,50,50,0
W-QDA,W-QDA:qda,10,3.0,0.12,0.16,3 4 1 5 0 2 11 6 12 7 8 9 10 13 14 15 16 17 18 19,1 3 4 0 5 6 12 2 8 11 23 25 9 47 24 10 7 13 16 22,ecg200-raw,db4,usage,90,50,50,0
W-CART,W-CART:cart,13,0.5,0.12,0.26,1 4 0 3 6 5 2 12 8 11 23 10 25 9 7 24 47 16 13 17,1 3 4 0 5 6 12 2 8 11 23 25 9 47 24 10 7 13 16 22,ecg200-raw,db4,usage,90,50,50,0
ALL,W-NN:k=1,63,0.5,0.1,0.1,1 4 0 3 6 5 2 12 8 11 23 10 25 9 7 24 47 16 13 17,1 3 4 0 5 6 12 2 8 11 23 25 9 47 24 10 7 13 16 22,ecg200-raw,db4,usage,90,50,50,0
W-NN,W-NN:k=1,15,,0.1,0.17,3 1 4 0 5 2 6 12 8 11 23 7 24 25 10 9 47 16 50 13,3 1 4 0 5 2 6 12 8 11 23 7 24 25 10 9 47 16 50 13,ecg200-raw,db4,energy,91,50,50,0
W-QDA,W-QDA:qda,13,,0.12,0.17,3 1 4 0 5 2 6 12 8 11 23 7 24 25 10 9 47 16 50 13,3 1 4 0 5 2 6 12 8 11 23 7 24 25 10 9 47 16 50 13,ecg200-raw,db4,energy,91,50,50,0
W-CART,W-CART:cart,9,,0.2,0.26,3 1 4 0 5 2 6 12 8 11 23 7 24 25 10 9 47 16 50 13,3 1 4 0 5 2 6 12 8 11 23 7 24 25 10 9 47 16 50 13,ecg200-raw,db4,energy,91,50,50,0
ALL,W-NN:k=1,15,,0.1,0.17,3 1 4 0 5 2 6 12 8 11 23 7 24 25 10 9 47 16 50 13,3 1 4 0 5 2 6 12 8 11 23 7 24 25 10 9 47 16 50 13,ecg200-raw,db4,energy,91,50,50,0
W-NN,W-NN:k=5,4,0.5,0.1,0.17,1 6 2 3 4 8 12 5 0 11 7 23 9 25 10 16 47 24 50 13,1 3 4 6 5 2 0 8 12 11 23 25 10 9 47 24 7 50 13 22,ecg200-raw,db4,usage,91,50,50,0
W-QDA,W-QDA:qda,3,0.5,0.08,0.25,1 6 2 3 4 8 12 5 0 11 7 23 9 25 10 16 47 24 50 13,1 3 4 6 5 2 0 8 12 11 23 25 10 9 47 24 7 50 13 22,ecg200-raw,db4,usage,91,50,50,0
W-CART,W-CART:cart,8,0.5,0.16,0.27,1 6 2 3 4 8 12 5 0 11 7 23 9 25 10 16 47 24 50 13,1 3 4 6 5 2 0 8 12 11 23 25 10 9 47 24 7 50 13 22,ecg200-raw,db4,usage,91,50,50,0
ALL,W-QDA:qda,3,0.5,0.08,0.25,1 6 2 3 4 8 12 5 0 11 7 23 9 25 10 16 47 24 50 13,1 3 4 6 5 2 0 8 12 11 23 25 10 9 47 24 7 50 13 22,ecg200-raw,db4,usage,91,50,50,0
W-NN,W-NN:k=9,8,,0.08,0.27,3 1 4 0 5 2 8 12 6 11 24 23 25 7 9 10 47 16 50 49,3 1 4 0 5 2 8 12 6 11 24 23 25 7 9 10 47 16 50 49,ecg200-raw,db4,energy,92,50,50,0
W-QDA,W-QDA:qda,5,,0.08,0.25,3 1 4 0 5 2 8 12 6 11 24 23 25 7 9 10 47 16 50 49,3 1 4 0 5 2 8 12 6 11 24 23 25 7 9 10 47 16 50 49,ecg200-raw,db4,energy,92,50,50,0
W-CART,W-CART:cart,60,,0.08,0.23,3 1 4 0 5 2 8 12 6 11 24 23 25 7 9 10 47 16 50 49,3 1 4 0 5 2 8 12 6 11 24 23 25 7 9 10 47 16 50 49,ecg200-raw,db4,energy,92,50,50,0
ALL,W-QDA:qda,5,,0.08,0.25,3 1 4 0 5 2 8 12 6 11 24 23 25 7 9 10 47 16 50 49,3 1 4 0 5 2 8 12 6 11 24 23 25 7 9 10 47 16 50 49,ecg200-raw,db4,energy,92,50,50,0
W-NN,W-NN:k=9,7,3.0,0.08,0.29,3 4 1 5 0 2 12 6 11 23 7 8 9 10 13 14 15 16 17 18,1 3 6 4 5 8 12 2 0 11 25 23 24 9 7 10 47 49 50 16,ecg200-raw,db4,usage,92,50,50,0
W-QDA,W-QDA:qda,5,1.5,0.08,0.25,1 3 4 5 2 6 0 8 12 11 24 23 7 25 47 22 49 9 10 13,1 3 6 4 5 8 12 2 0 11 25 23 24 9 7 10 47 49 50 16,ecg200-raw,db4,usage,92,50,50,0
W-CART,W-CART:cart,50,2.0,0.08,0.3,3 1 4 5 8 2 0 12 6 24 11 23 7 9 10 13 14 15 16 17,1 3 6 4 5 8 12 2 0 11 25 23 24 9 7 10 47 49 50 16,ecg200-raw,db4,usage,92,50,50,0
ALL,W-QDA:qda,5,1.5,0.08,0.25,1 3 4 5 2 6 0 8 12 11 24 23 7 25 47 22 49 9 10 13,1 3 6 4 5 8 12 2 0 11 25 23 24 9 7 10 47 49 50 16,ecg200-raw,db4,usage,92,50,50,0
W-NN,W-NN:k=5,6,,0.14,0.19,3 4 0 1 5 2 6 8 12 11 23 24 7 25 9 10 47 46 13 16,3 4 0 1 5 2 6 8 12 11 23 24 7 25 9 10 47 46 13 16,ecg200-raw,db4,energy,93,50,50,0
W-QDA,W-QDA:qda,4,,0.18,0.19,3 4 0 1 5 2 6 8 12 11 23 24 7 25 9 10 47 46 13 16,3 4 0 1 5 2 6 8 12 11 23 24 7 25 9 10 47 46 13 16,ecg200-raw,db4,energy,93,50,50,0
W-CART,W-CART:cart,18,,0.22,0.16,3 4 0 1 5 2 6 8 12 11 23 24 7 25 9 10 47 46 13 16,3 4 0 1 5 2 6 8 12 11 23 24 7 25 9 10 47 46 13 16,ecg200-raw,db4,energy,93,50,50,0
ALL,W-NN:k=5,6,,0.14,0.19,3 4 0 1 5 2 6 8 12 11 23 24 7 25 9 10 47 46 13 16,3 4 0 1 5 2 6 8 12 11 23 24 7 25 9 10 47 46 13 16,ecg200-raw,db4,energy,93,50,50,0
W-NN,W-NN:k=5,7,1.5,0.12,0.2,1 3 4 5 0 8 2 6 12 11 23 24 7 25 46 47 22 49 9 10,1 3 4 5 0 6 2 12 11 8 23 25 9 10 24 7 47 13 46 16,ecg200-raw,db4,usage,93,50,50,0
W-QDA,W-QDA:qda,5,2.0,0.14,0.2,1 4 3 5 8 0 2 12 6 11 24 23 7 46 9 10 13 14 15 16,1 3 4 5 0 6 2 12 11 8 23 25 9 10 24 7 47 13 46 16,ecg200-raw,db4,usage,93,50,50,0
W-CART,W-CART:cart,4,0.5,0.14,0.19,3 1 2 6 11 4 5 0 12 8 10 7 9 25 24 23 47 16 13 17,1 3 4 5 0 6 2 12 11 8 23 25 9 10 24 7 47 13 46 16,ecg200-raw,db4,usage,93,50,50,0
ALL,W-NN:k=5,7,1.5,0.12,0.2,1 3 4 5 0 8 2 6 12 11 23 24 7 25 46 47 22 49 9 10,1 3 4 5 0 6 2 12 11 8 23 25 9 10 24 7 47 13 46 16,ecg200-raw,db4,usage,93,50,50,0
W-NN,W-NN:k=1,9,,0.14,0.12,3 1 4 0 5 2 6 8 12 11 24 23 7 25 9 10 47 16 46 22,3 1 4 0 5 2 6 8 12 11 24 23 7 25 9 10 47 16 46 22,ecg200-raw,db4,energy,94,50,50,0
W-QDA,W-QDA:qda,3,,0.12,0.24,3 1 4 0 5 2 6 8 12 11 24 23 7 25 9 10 47 16 46 22,3 1 4 0 5 2 6 8 12 11 24 23 7 25 9 10 47 16 46 22,ecg200-raw,db4,energy,94,50,50,0
W-CART,W-CART:cart,46,,0.08,0.24,3 1 4 0 5 2 6 8 12 11 24 23 7 25 9 10 47 16 46 22,3 1 4 0 5 2 6 8 12 11 24 23 7 25 9 10 47 16 46 22,ecg200-raw,db4,energy,94,50,50,0
ALL,W-CART:cart,46,,0.08,0.24,3 1 4 0 5 2 6 8 12 11 24 23 7 25 9 10 47 16 46 22,3 1 4 0 5 2 6 8 12 11 24 23 7 25 9 10 47 16 46 22,ecg200-raw,db4,energy,94,50,50,0
W-NN,W-NN:k=15,6,2.0,0.12,0.26,3 1 4 5 8 12 0 2 6 24 11 7 23 46 9 10 13 14 15 16,1 3 4 6 5 8 11 0 12 2 23 25 9 10 24 47 7 22 46 50,ecg200-raw,db4,usage,94,50,50,0
W-QDA,W-QDA:qda,3,1.0,0.12,0.24,1 3 4 6 5 8 11 0 12 2 23 25 9 10 24 47 7 22 46 50,1 3 4 6 5 8 11 0 12 2 23 25 9 10 24 47 7 22 46 50,ecg200-raw,db4,usage,94,50,50,0
W-CART,W-CART:cart,46,0.5,0.08,0.24,1 4 6 3 5 8 11 0 2 12 9 25 7 10 23 24 47 16 17 13,1 3 4 6 5 8 11 0 12 2 23 25 9 10 24 47 7 22 46 50,ecg200-raw,db4,usage,94,50,50,0
ALL,W-CART:cart,46,0.5,0.08,0.24,1 4 6 3 5 8 11 0 2 12 9 25 7 10 23 24 47 16 17 13,1 3 4 6 5 8 11 0 12 2 23 25 9 10 24 47 7 22 46 50,ecg200-raw,db4,usage,94,50,50,0
W-NN,W-NN:k=1,30,,0.1,0.2,3 4 0 5 1 2 6 12 8 11 24 7 23 9 25 10 47 13 16 48,3 4 0 5 1 2 6 12 8 11 24 7 23 9 25 10 47 13 16 48,ecg200-raw,db4,energy,95,50,50,0
W-QDA,W-QDA:qda,10,,0.16,0.13,3 4 0 5 1 2 6 12 8 11 24 7 23 9 25 10 47 13 16 48,3 4 0 5 1 2 6 12 8 11 24 7 23 9 25 10 47 13 16 48,ecg200-raw,db4,energy,95,50,50,0
W-CART,W-CART:cart,12,,0.14,0.22,3 4 0 5 1 2 6 12 8 11 24 7 23 9 25 10 47 13 16 48,3 4 0 5 1 2 6 12 8 11 24 7 23 9 25 10 47 13 16 48,ecg200-raw,db4,energy,95,50,50,0
ALL,W-NN:k=1,30,,0.1,0.2,3 4 0 5 1 2 6 12 8 11 24 7 23 9 25 10 47 13 16 48,3 4 0 5 1 2 6 12 8 11 24 7 23 9 25 10 47 13 16 48,ecg200-raw,db4,energy,95,50,50,0
W-NN,W-NN:k=1,14,3.0,0.08,0.17,4 3 1 5 0 2 12 6 7 11 23 8 9 10 13 14 15 16 17 18,3 4 1 5 6 0 8 11 12 2 9 25 24 23 7 47 10 13 48 16,ecg200-raw,db4,usage,95,50,50,0
W-QDA,W-QDA:qda,6,1.5,0.14,0.21,3 4 5 1 6 8 2 0 12 11 24 23 7 25 47 9 22 46 49 10,3 4 1 5 6 0 8 11 12 2 9 25 24 23 7 47 10 13 48 16,ecg200-raw,db4,usage,95,50,50,0
W-CART,W-CART:cart,14,1.0,0.1,0.17,3 4 1 5 6 0 8 11 12 2 9 25 24 23 7 47 10 13 48 16,3 4 1 5 6 0 8 11 12 2 9 25 24 23 7 47 10 13 48 16,ecg200-raw,db4,usage,95,50,50,0
ALL,W-NN:k=1,14,3.0,0.08,0.17,4 3 1 5 0 2 12 6 7 11 23 8 9 10 13 14 15 16 17 18,3 4 1 5 6 0 8 11 12 2 9 25 24 23 7 47 10 13 48 16,ecg200-raw,db4,usage,95,50,50,0
W-NN,W-NN:k=1,8,,0.06,0.21,3 4 0 1 5 2 8 12 6 11 23 24 25 9 7 10 47 16 13 50,3 4 0 1 5 2 8 12 6 11 23 24 25 9 7 10 47 16 13 50,ecg200-raw,db4,energy,96,50,50,0
W-QDA,W-QDA:qda,9,,0.02,0.17,3 4 0 1 5 2 8 12 6 11 23 24 25 9 7 10 47 16 13 50,3 4 0 1 5 2 8 12 6 11 23 24 25 9 7 10 47 16 13 50,ecg200-raw,db4,energy,96,50,50,0
W-CART,W-CART:cart,14,,0.08,0.18,3 4 0 1 5 2 8 12 6 11 23 24 25 9 7 10 47 16 13 50,3 4 0 1 5 2 8 12 6 11 23 24 25 9 7 10 47 16 13 50,ecg200-raw,db4,energy,96,50,50,0
ALL,W-QDA:qda,9,,0.02,0.17,3 4 0 1 5 2 8 12 6 11 23 24 25 9 7 10 47 16 13 50,3 4 0 1 5 2 8 12 6 11 23 24 25 9 7 10 47 16 13 50,ecg200-raw,db4,energy,96,50,50,0
W-NN,W-NN:k=1,12,1.0,0.06,0.2,1 3 4 5 0 6 11 8 2 12 23 9 24 25 7 10 47 13 50 16,1 3 4 5 0 6 11 8 2 12 23 9 24 25 7 10 47 13 50 16,ecg200-raw,db4,usage,96,50,50,0
W-QDA,W-QDA:qda,8,2.0,0.02,0.18,3 4 1 5 0 2 8 6 12 11 24 23 7 9 10 13 14 15 16 17,1 3 4 5 0 6 11 8 2 12 23 9 24 25 7 10 47 13 50 16,ecg200-raw,db4,usage,96,50,50,0
W-CART,W-CART:cart,13,0.5,0.08,0.18,1 3 6 4 11 5 0 2 8 12 23 25 9 10 7 47 24 16 13 50,1 3 4 5 0 6 11 8 2 12 23 9 24 25 7 10 47 13 50 16,ecg200-raw,db4,usage,96,50,50,0
ALL,W-QDA:qda,8,2.0,0.02,0.18,3 4 1 5 0 2 8 6 12 11 24 23 7 9 10 13 14 15 16 17,1 3 4 5 0 6 11 8 2 12 23 9 24 25 7 10 47 13 50 16,ecg200-raw,db4,usage,96,50,50,0
W-NN,W-NN:k=1,5,,0.2,0.22,3 0 1 4 2 5 6 12 8 11 23 7 24 25 9 10 47 16 50 13,3 0 1 4 2 5 6 12 8 11 23 7 24 25 9 10 47 16 50 13,ecg200-raw,db4,energy,97,50,50,0
W-QDA,W-QDA:qda,11,,0.14,0.13,3 0 1 4 2 5 6 12 8 11 23 7 24 25 9 10 47 16 50 13,3 0 1 4 2 5 6 12 8 11 23 7 24 25 9 10 47 16 50 13,ecg200-raw,db4,energy,97,50,50,0
W-CART,W-CART:cart,13,,0.16,0.17,3 0 1 4 2 5 6 12 8 11 23 7 24 25 9 10 47 16 50 13,3 0 1 4 2 5 6 12 8 11 23 7 24 25 9 10 47 16 50 13,ecg200-raw,db4,energy,97,50,50,0
ALL,W-QDA:qda,11,,0.14,0.13,3 0 1 4 2 5 6 12 8 11 23 7 24 25 9 10 47 16 50 13,3 0 1 4 2 5 6 12 8 11 23 7 24 25 9 10 47 16 50 13,ecg200-raw,db4,energy,97,50,50,0
W-NN,W-NN:k=9,2,3.0,0.2,0.26,4 3 1 2 0 5 12 6 11 7 8 23 9 10 13 14 15 16 17 18,3 1 4 6 2 5 0 12 8 11 23 25 9 10 24 7 47 13 22 50,ecg200-raw,db4,usage,97,50,50,0
W-QDA,W-QDA:qda,9,3.0,0.14,0.14,4 3 1 2 0 5 12 6 11 7 8 23 9 10 13 14 15 16 17 18,3 1 4 6 2 5 0 12 8 11 23 25 9 10 24 7 47 13 22 50,ecg200-raw,db4,usage,97,50,50,0
W-CART,W-CART:cart,12,1.5,0.16,0.17,1 3 4 5 2 0 12 6 8 11 23 24 7 25 47 10 22 46 9 13,3 1 4 6 2 5 0 12 8 11 23 25 9 10 24 7 47 13 22 50,ecg200-raw,db4,usage,97,50,50,0
ALL,W-QDA:qda,9,3.0,0.14,0.14,4 3 1 2 0 5 12 6 11 7 8 23 9 10 13 14 15 16 17 18,3 1 4 6 2 5 0 12 8 11 23 25 9 10 24 7 47 13 22 50,ecg200-raw,db4,usage,97,50,50,0
W-NN,W-NN:k=3,7,,0.14,0.19,3 1 4 0 2 5 8 12 6 11 23 24 7 25 9 10 47 16 13 46,3 1 4 0 2 5 8 12 6 11 23 24 7 25 9 10 47 16 13 46,ecg200-raw,db4,energy,98,50,50,0
W-QDA,W-QDA:qda,11,,0.12,0.19,3 1 4 0 2 5 8 12 6 11 23 24 7 25 9 10 47 16 13 46,3 1 4 0 2 5 8 12 6 11 23 24 7 25 9 10 47 16 13 46,ecg200-raw,db4,energy,98,50,50,0
W-CART,W-CART:cart,19,,0.12,0.21,3 1 4 0 2 5 8 12 6 11 23 24 7 25 9 10 47 16 13 46,3 1 4 0 2 5 8 12 6 11 23 24 7 25 9 10 47 16 13 46,ecg200-raw,db4,energy,98,50,50,0
ALL,W-QDA:qda,11,,0.12,0.19,3 1 4 0 2 5 8 12 6 11 23 24 7 25 9 10 47 16 13 46,3 1 4 0 2 5 8 12 6 11 23 24 7 25 9 10 47 16 13 46,ecg200-raw,db4,energy,98,50,50,0
W-NN,W-NN:k=1,33,3.0,0.12,0.13,4 3 1 0 5 2 12 6 8 11 7 9 10 13 14 15 16 17 18 19,1 3 4 0 5 2 6 8 12 11 23 9 10 25 24 47 7 13 46 16,ecg200-raw,db4,usage,98,50,50,0
W-QDA,W-QDA:qda,8,3.0,0.08,0.15,4 3 1 0 5 2 12 6 8 11 7 9 10 13 14 15 16 17 18 19,1 3 4 0 5 2 6 8 12 11 23 9 10 25 24 47 7 13 46 16,ecg200-raw,db4,usage,98,50,50,0
W-CART,W-CART:cart,35,1.5,0.06,0.2,1 3 4 5 2 8 0 6 12 11 23 24 7 25 47 46 9 22 10 13,1 3 4 0 5 2 6 8 12 11 23 9 10 25 24 47 7 13 46 16,ecg200-raw,db4,usage,98,50,50,0
ALL,W-CART:cart,35,1.5,0.06,0.2,1 3 4 5 2 8 0 6 12 11 23 24 7 25 47 46 9 22 10 13,1 3 4 0 5 2 6 8 12 11 23 9 10 25 24 47 7 13 46 16,ecg200-raw,db4,usage,98,50,50,0
W-NN,W-NN:k=3,11,,0.16,0.15,3 4 1 0 5 2 6 12 11 8 23 7 24 9 25 10 47 46 22 16,3 4 1 0 5 2 6 12 11 8 23 7 24 9 25 10 47 46 22 16,ecg200-raw,db4,energy,99,50,50,0
W-QDA,W-QDA:qda,11,,0.14,0.14,3 4 1 0 5 2 6 12 11 8 23 7 24 9 25 10 47 46 22 16,3 4 1 0 5 2 6 12 11 8 23 7 24 9 25 10 47 46 22 16,ecg200-raw,db4,energy,99,50,50,0
W-CART,W-CART:cart,11,,0.16,0.22,3 4 1 0 5 2 6 12 11 8 23 7 24 9 25 10 47 46 22 16,3 4 1 0 5 2 6 12 11 8 23 7 24 9 25 10 47 46 22 16,ecg200-raw,db4,energy,99,50,50,0
ALL,W-QDA:qda,11,,0.14,0.14,3 4 1 0 5 2 6 12 11 8 23 7 24 9 25 10 47 46 22 16,3 4 1 0 5 2 6 12 11 8 23 7 24 9 25 10 47 46 22 16,ecg200-raw,db4,energy,99,50,50,0
W-NN,W-NN:k=3,8,2.0,0.16,0.14,3 1 4 5 2 8 12 11 6 0 23 7 24 46 47 9 10 13 14 15,3 1 6 4 2 5 11 0 12 8 23 9 25 7 10 47 24 22 13 46,ecg200-raw,db4,usage,99,50,50,0
W-QDA,W-QDA:qda,13,1.0,0.1,0.16,3 1 6 4 2 5 11 0 12 8 23 9 25 7 10 47 24 22 13 46,3 1 6 4 2 5 11 0 12 8 23 9 25 7 10 47 24 22 13 46,ecg200-raw,db4,usage,99,50,50,0
W-CART,W-CART:cart,5,1.0,0.16,0.16,3 1 6 4 2 5 11 0 12 8 23 9 25 7 10 47 24 22 13 46,3 1 6 4 2 5 11 0 12 8 23 9 25 7 10 47 24 22 13 46,ecg200-raw,db4,usage,99,50,50,0
ALL,W-QDA:qda,13,1.0,0.1,0.16,3 1 6 4 2 5 11 0 12 8 23 9 25 7 10 47 24 22 13 46,3 1 6 4 2 5 11 0 12 8 23 9 25 7 10 47 24 22 13 46,ecg200-raw,db4,usage,99,50,50,0
W-NN,W-NN:k=3,12,,0.16,0.26,1 23 0 5 2 6 46 12 3 4 47 11 13 8 22 9 7 10 32 24,1 23 0 5 2 6 46 12 3 4 47 11 13 8 22 9 7 10 32 24,ecg200-spectrum,db4,energy,0,50,50,0
W-QDA,W-QDA:qda,13,,0.12,0.18,1 23 0 5 2 6 46 12 3 4 47 11 13 8 22 9 7 10 32 24,1 23 0 5 2 6 46 12 3 4 47 11 13 8 22 9 7 10 32 24,ecg200-spectrum,db4,energy,0,50,50,0
W-CART,W-CART:cart,32,,0.08,0.22,1 23 0 5 2 6 46 12 3 4 47 11 13 8 22 9 7 10 32 24,1 23 0 5 2 6 46 12 3 4 47 11 13 8 22 9 7 10 32 24,ecg200-spectrum,db4,energy,0,50,50,0
ALL,W-CART:cart,32,,0.08,0.22,1 23 0 5 2 6 46 12 3 4 47 11 13 8 22 9 7 10 32 24,1 23 0 5 2 6 46 12 3 4 47 11 13 8 22 9 7 10 32 24,ecg200-spectrum,db4,energy,0,50,50,0
W-NN,W-NN:k=1,21,1.5,0.12,0.14,1 23 0 5 2 6 46 3 11 12 4 7 8 9 10 13 14 15 16 17,1 0 23 5 2 6 12 46 3 4 11 22 7 8 9 10 13 18 25 32,ecg200-spectrum,db4,usage,0,50,50,0
W-QDA,W-QDA:qda,14,1.5,0.1,0.18,1 23 0 5 2 6 46 3 11 12 4 7 8 9 10 13 14 15 16 17,1 0 23 5 2 6 12 46 3 4 11 22 7 8 9 10 13 18 25 32,ecg200-spectrum,db4,usage,0,50,50,0
W-CART,W-CART:cart,36,1.0,0.06,0.2,1 0 23 5 2 6 12 46 3 4 11 22 7 8 9 10 13 18 25 32,1 0 23 5 2 6 12 46 3 4 11 22 7 8 9 10 13 18 25 32,ecg200-spectrum,db4,usage,0,50,50,0
ALL,W-CART:cart,36,1.0,0.06,0.2,1 0 23 5 2 6 12 46 3 4 11 22 7 8 9 10 13 18 25 32,1 0 23 5 2 6 12 46 3 4 11 22 7 8 9 10 13 18 25 32,ecg200-spectrum,db4,usage,0,50,50,0
W-NN,W-NN:k=3,42,,0.12,0.24,1 0 23 5 2 6 12 46 3 4 22 47 8 9 24 13 11 25 7 35,1 0 23 5 2 6 12 46 3 4 22 47 8 9 24 13 11 25 7 35,ecg200-spectrum,db4,energy,1,50,50,0
W-QDA,W-QDA:qda,10,,0.14,0.24,1 0 23 5 2 6 12 46 3 4 22 47 8 9 24 13 11 25 7 35,1 0 23 5 2 6 12 46 3 4 22 47 8 9 24 13 11 25 7 35,ecg200-spectrum,db4,energy,1,50,50,0
W-CART,W-CART:cart,12,,0.18,0.29,1 0 23 5 2 6 12 46 3 4 22 47 8 9 24 13 11 25 7 35,1 0 23 5 2 6 12 46 3 4 22 47 8 9 24 13 11 25 7 35,ecg200-spectrum,db4,energy,1,50,50,0
ALL,W-NN:k=3,42,,0.12,0.24,1 0 23 5 2 6 12 46 3 4 22 47 8 9 24 13 11 25 7 35,1 0 23 5 2 6 12 46 3 4 22 47 8 9 24 13 11 25 7 35,ecg200-spectrum,db4,energy,1,50,50,0
W-NN,W-NN:k=5,8,2.0,0.12,0.23,1 23 0 5 2 6 46 3 4 7 8 9 10 11 12 13 14 15 16 17,1 23 0 5 6 2 12 46 3 4 9 22 7 8 11 17 24 25 34 35,ecg200-spectrum,db4,usage,1,50,50,0
W-QDA,W-QDA:qda,10,0.5,0.14,0.24,0 1 23 5 6 12 46 2 4 3 13 22 9 11 25 47 8 10 24 37,1 23 0 5 6 2 12 46 3 4 9 22 7 8 11 17 24 25 34 35,ecg200-spectrum,db4,usage,1,50,50,0
W-CART,W-CART:cart,8,2.0,0.12,0.23,1 23 0 5 2 6 46 3 4 7 8 9 10 11 12 13 14 15 16 17,1 23 0 5 6 2 12 46 3 4 9 22 7 8 11 17 24 25 34 35,ecg200-spectrum,db4,usage,1,50,50,0
ALL,W-NN:k=5,8,2.0,0.12,0.23,1 23 0 5 2 6 46 3 4 7 8 9 10 11 12 13 14 15 16 17,1 23 0 5 6 2 12 46 3 4 9 22 7 8 11 17 24 25 34 35,ecg200-spectrum,db4,usage,1,50,50,0
W-NN,W-NN:k=7,1,,0.16,0.35,1 0 23 5 2 6 46 12 4 3 11 47 9 13 10 22 8 18 17 24,1 0 23 5 2 6 46 12 4 3 11 47 9 13 10 22 8 18 17 24,ecg200-spectrum,db4,energy,2,50,50,0
W-QDA,W-QDA:qda,4,,0.16,0.28,1 0 23 5 2 6 46 12 4 3 11 47 9 13 10 22 8 18 17 24,1 0 23 5 2 6 46 12 4 3 11 47 9 13 10 22 8 18 17 24,ecg200-spectrum,db4,energy,2,50,50,0
W-CART,W-CART:cart,36,,0.16,0.15,1 0 23 5 2 6 46 12 4 3 11 47 9 13 10 22 8 18 17 24,1 0 23 5 2 6 46 12 4 3 11 47 9 13 10 22 8 18 17 24,ecg200-spectrum,db4,energy,2,50,50,0
ALL,W-NN:k=7,1,,0.16,0.35,1 0 23 5 2 6 46 12 4 3 11 47 9 13 10 22 8 18 17 24,1 0 23 5 2 6 46 12 4 3 11 47 9 13 10 22 8 18 17 24,ecg200-spectrum,db4,energy,2,50,50,0
W-NN,W-NN:k=1,36,1.5,0.1,0.18,1 23 0 5 2 6 46 12 4 11 3 7 8 9 10 13 14 15 16 17,0 1 23 5 6 2 12 46 4 3 10 11 17 9 22 25 31 33 36 42,ecg200-spectrum,db4,usage,2,50,50,0
W-QDA,W-QDA:qda,7,1.0,0.12,0.22,0 1 23 5 6 2 12 46 4 3 10 11 17 9 22 25 31 33 36 42,0 1 23 5 6 2 12 46 4 3 10 11 17 9 22 25 31 33 36 42,ecg200-spectrum,db4,usage,2,50,50,0
W-CART,W-CART:cart,6,0.5,0.16,0.24,0 1 5 12 23 6 46 2 4 3 8 9 13 11 47 22 37 10 18 20,0 1 23 5 6 2 12 46 4 3 10 11 17 9 22 25 31 33 36 42,ecg200-spectrum,db4,usage,2,50,50,0
ALL,W-NN:k=1,36,1.5,0.1,0.18,1 23 0 5 2 6 46 12 4 11 3 7 8 9 10 13 14 15 16 17,0 1 23 5 6 2 12 46 4 3 10 11 17 9 22 25 31 33 36 42,ecg200-spectrum,db4,usage,2,50,50,0
W-NN,W-NN:k=1,13,,0.14,0.16,1 23 0 5 2 46 6 12 3 4 11 9 13 47 22 8 7 10 25 24,1 23 0 5 2 46 6 12 3 4 11 9 13 47 22 8 7 10 25 24,ecg200-spectrum,db4,energy,3,50,50,0
W-QDA,W-QDA:qda,9,,0.14,0.19,1 23 0 5 2 46 6 12 3 4 11 9 13 47 22 8 7 10 25 24,1 23 0 5 2 46 6 12 3 4 11 9 13 47 22 8 7 10 25 24,ecg200-spectrum,db4,energy,3,50,50,0
W-CART,W-CART:cart,23,,0.14,0.16,1 23 0 5 2 46 6 12 3 4 11 9 13 47 22 8 7 10 25 24,1 23 0 5 2 46 6 12 3 4 11 9 13 47 22 8 7 10 25 24,ecg200-spectrum,db4,energy,3,50,50,0
ALL,W-QDA:qda,9,,0.14,0.19,1 23 0 5 2 46 6 12 3 4 11 9 13 47 22 8 7 10 25 24,1 23 0 5 2 46 6 12 3 4 11 9 13 47 22 8 7 10 25 24,ecg200-spectrum,db4,energy,3,50,50,0
W-NN,W-NN:k=1,11,0.5,0.14,0.17,1 23 0 5 6 12 46 2 4 3 9 11 13 22 10 25 8 47 7 43,1 23 0 5 6 12 2 46 4 3 9 11 34 43 7 8 10 13 22 24,ecg200-spectrum,db4,usage,3,50,50,0
W-QDA,W-QDA:qda,9,1.5,0.14,0.19,1 23 0 5 2 46 6 12 3 7 11 43 4 8 9 10 13 14 15 16,1 23 0 5 6 12 2 46 4 3 9 11 34 43 7 8 10 13 22 24,ecg200-spectrum,db4,usage,3,50,50,0
W-CART,W-CART:cart,26,1.0,0.12,0.15,1 23 0 5 6 12 2 46 4 3 9 11 34 43 7 8 10 13 22 24,1 23 0 5 6 12 2 46 4 3 9 11 34 43 7 8 10 13 22 24,ecg200-spectrum,db4,usage,3,50,50,0
ALL,W-CART:cart,26,1.0,0.12,0.15,1 23 0 5 6 12 2 46 4 3 9 11 34 43 7 8 10 13 22 24,1 23 0 5 6 12 2 46 4 3 9 11 34 43 7 8 10 13 22 24,ecg200-spectrum,db4,usage,3,50,50,0
W-NN,W-NN:k=1,46,,0.14,0.19,1 0 23 5 2 6 12 46 3 4 47 8 9 13 11 22 24 35 37 25,1 0 23 5 2 6 12 46 3 4 47 8 9 13 11 22 24 35 37 25,ecg200-spectrum,db4,energy,4,50,50,0
W-QDA,W-QDA:qda,12,,0.18,0.17,1 0 23 5 2 6 12 46 3 4 47 8 9 13 11 22 24 35 37 25,1 0 23 5 2 6 12 46 3 4 47 8 9 13 11 22 24 35 37 25,ecg200-spectrum,db4,energy,4,50,50,0
W-CART,W-CART:cart,22,,0.16,0.14,1 0 23 5 2 6 12 46 3 4 47 8 9 13 11 22 24 35 37 25,1 0 23 5 2 6 12 46 3 4 47 8 9 13 11 22 24 35 37 25,ecg200-spectrum,db4,energy,4,50,50,0
ALL,W-NN:k=1,46,,0.14,0.19,1 0 23 5 2 6 12 46 3 4 47 8 9 13 11 22 24 35 37 25,1 0 23 5 2 6 12 46 3 4 47 8 9 13 11 22 24 35 37 25,ecg200-spectrum,db4,energy,4,50,50,0
W-NN,W-NN:k=1,33,1.5,0.12,0.18,1 23 0 5 2 6 12 46 3 4 7 8 9 10 11 13 14 15 16 17,1 23 0 5 6 2 12 46 3 4 9 11 25 37 8 10 17 18 19 22,ecg200-spectrum,db4,usage,4,50,50,0
W-QDA,W-QDA:qda,8,2.0,0.16,0.2,1 23 0 5 3 2 4 6 7 8 9 10 11 12 13 14 15 16 17 18,1 23 0 5 6 2 12 46 3 4 9 11 25 37 8 10 17 18 19 22,ecg200-spectrum,db4,usage,4,50,50,0
W-CART,W-CART:cart,7,3.0,0.16,0.19,1 0 2 3 4 5 6 7 8 9 10 11 12 13 14 15 16 17 18 19,1 23 0 5 6 2 12 46 3 4 9 11 25 37 8 10 17 18 19 22,ecg200-spectrum,db4,usage,4,50,50,0
ALL,W-NN:k=1,33,1.5,0.12,0.18,1 23 0 5 2 6 12 46 3 4 7 8 9 10 11 13 14 15 16 17,1 23 0 5 6 2 12 46 3 4 9 11 25 37 8 10 17 18 19 22,ecg200-spectrum,db4,usage,4,50,50,0
W-NN,W-NN:k=15,7,,0.16,0.25,1 0 23 5 2 6 46 12 3 4 10 8 47 24 35 34 11 17 39 13,1 0 23 5 2 6 46 12 3 4 10 8 47 24 35 34 11 17 39 13,ecg200-spectrum,db4,energy,5,50,50,0
W-QDA,W-QDA:qda,6,,0.22,0.24,1 0 23 5 2 6 46 12 3 4 10 8 47 24 35 34 11 17 39 13,1 0 23 5 2 6 46 12 3 4 10 8 47 24 35 34 11 17 39 13,ecg200-spectrum,db4,energy,5,50,50,0
W-CART,W-CART:cart,17,,0.14,0.15,1 0 23 5 2 6 46 12 3 4 10 8 47 24 35 34 11 17 39 13,1 0 23 5 2 6 46 12 3 4 10 8 47 24 35 34 11 17 39 13,ecg200-spectrum,db4,energy,5,50,50,0
ALL,W-CART:cart,17,,0.14,0.15,1 0 23 5 2 6 46 12 3 4 10 8 47 24 35 34 11 17 39 13,1 0 23 5 2 6 46 12 3 4 10 8 47 24 35 34 11 17 39 13,ecg200-spectrum,db4,energy,5,50,50,0
W-NN,W-NN:k=15,7,1.0,0.16,0.26,1 23 0 5 6 12 2 46 3 4 10 8 13 24 32 34 39 43 7 9,1 23 0 5 6 12 2 46 3 4 10 8 13 24 32 34 39 43 7 9,ecg200-spectrum,db4,usage,5,50,50,0
W-QDA,W-QDA:qda,6,1.0,0.16,0.19,1 23 0 5 6 12 2 46 3 4 10 8 13 24 32 34 39 43 7 9,1 23 0 5 6 12 2 46 3 4 10 8 13 24 32 34 39 43 7 9,ecg200-spectrum,db4,usage,5,50,50,0
W-CART,W-CART:cart,17,1.5,0.1,0.18,1 23 0 5 2 3 6 12 46 4 7 11 25 43 8 9 10 13 14 15,1 23 0 5 6 12 2 46 3 4 10 8 13 24 32 34 39 43 7 9,ecg200-spectrum,db4,usage,5,50,50,0
ALL,W-CART:cart,17,1.5,0.1,0.18,1 23 0 5 2 3 6 12 46 4 7 11 25 43 8 9 10 13 14 15,1 23 0 5 6 12 2 46 3 4 10 8 13 24 32 34 39 43 7 9,ecg200-spectrum,db4,usage,5,50,50,0
W-NN,W-NN:k=1,6,,0.12,0.28,1 23 0 5 2 6 12 46 3 4 47 11 13 34 9 7 8 22 24 18,1 23 0 5 2 6 12 46 3 4 47 11 13 34 9 7 8 22 24 18,ecg200-spectrum,db4,energy,6,50,50,0
W-QDA,W-QDA:qda,12,,0.14,0.24,1 23 0 5 2 6 12 46 3 4 47 11 13 34 9 7 8 22 24 18,1 23 0 5 2 6 12 46 3 4 47 11 13 34 9 7 8 22 24 18,ecg200-spectrum,db4,energy,6,50,50,0
W-CART,W-CART:cart,4,,0.16,0.34,1 23 0 5 2 6 12 46 3 4 47 11 13 34 9 7 8 22 24 18,1 23 0 5 2 6 12 46 3 4 47 11 13 34 9 7 8 22 24 18,ecg200-spectrum,db4,energy,6,50,50,0
ALL,W-NN:k=1,6,,0.12,0.28,1 23 0 5 2 6 12 46 3 4 47 11 13 34 9 7 8 22 24 18,1 23 0 5 2 6 12 46 3 4 47 11 13 34 9 7 8 22 24 18,ecg200-spectrum,db4,energy,6,50,50,0
W-NN,W-NN:k=1,6,1.0,0.12,0.28,1 23 0 5 6 2 12 46 3 4 7 11 13 34 39 8 9 10 18 22,1 23 0 5 6 2 12 46 3 4 7 11 13 34 39 8 9 10 18 22,ecg200-spectrum,db4,usage,6,50,50,0
W-QDA,W-QDA:qda,5,0.5,0.18,0.26,1 23 0 5 12 6 46 2 4 3 13 8 34 47 9 22 25 45 7 18,1 23 0 5 6 2 12 46 3 4 7 11 13 34 39 8 9 10 18 22,ecg200-spectrum,db4,usage,6,50,50,0
W-CART,W-CART:cart,4,0.5,0.16,0.34,1 23 0 5 12 6 46 2 4 3 13 8 34 47 9 22 25 45 7 18,1 23 0 5 6 2 12 46 3 4 7 11 13 34 39 8 9 10 18 22,ecg200-spectrum,db4,usage,6,50,50,0
ALL,W-NN:k=1,6,1.0,0.12,0.28,1 23 0 5 6 2 12 46 3 4 7 11 13 34 39 8 9 10 18 22,1 23 0 5 6 2 12 46 3 4 7 11 13 34 39 8 9 10 18 22,ecg200-spectrum,db4,usage,6,50,50,0
W-NN,W-NN:k=1,3,,0.18,0.25,1 0 23 5 2 6 46 12 3 4 11 47 22 13 24 9 7 25 10 8,1 0 23 5 2 6 46 12 3 4 11 47 22 13 24 9 7 25 10 8,ecg200-spectrum,db4,energy,7,50,50,0
W-QDA,W-QDA:qda,3,,0.14,0.23,1 0 23 5 2 6 46 12 3 4 11 47 22 13 24 9 7 25 10 8,1 0 23 5 2 6 46 12 3 4 11 47 22 13 24 9 7 25 10 8,ecg200-spectrum,db4,energy,7,50,50,0
W-CART,W-CART:cart,13,,0.14,0.16,1 0 23 5 2 6 46 12 3 4 11 47 22 13 24 9 7 25 10 8,1 0 23 5 2 6 46 12 3 4 11 47 22 13 24 9 7 25 10 8,ecg200-spectrum,db4,energy,7,50,50,0
ALL,W-QDA:qda,3,,0.14,0.23,1 0 23 5 2 6 46 12 3 4 11 47 22 13 24 9 7 25 10 8,1 0 23 5 2 6 46 12 3 4 11 47 22 13 24 9 7 25 10 8,ecg200-spectrum,db4,energy,7,50,50,0
W-NN,W-NN:k=3,25,0.5,0.16,0.22,0 1 23 5 12 6 46 2 4 3 13 11 22 7 10 45 47 8 9 25,1 23 0 5 6 2 12 46 3 4 22 11 24 36 9 13 18 25 31 34,ecg200-spectrum,db4,usage,7,50,50,0
W-QDA,W-QDA:qda,3,0.5,0.14,0.23,0 1 23 5 12 6 46 2 4 3 13 11 22 7 10 45 47 8 9 25,1 23 0 5 6 2 12 46 3 4 22 11 24 36 9 13 18 25 31 34,ecg200-spectrum,db4,usage,7,50,50,0
W-CART,W-CART:cart,13,0.5,0.14,0.15,0 1 23 5 12 6 46 2 4 3 13 11 22 7 10 45 47 8 9 25,1 23 0 5 6 2 12 46 3 4 22 11 24 36 9 13 18 25 31 34,ecg200-spectrum,db4,usage,7,50,50,0
ALL,W-QDA:qda,3,0.5,0.14,0.23,0 1 23 5 12 6 46 2 4 3 13 11 22 7 10 45 47 8 9 25,1 23 0 5 6 2 12 46 3 4 22 11 24 36 9 13 18 25 31 34,ecg200-spectrum,db4,usage,7,50,50,0
W-NN,W-NN:k=9,9,,0.18,0.26,1 23 0 5 2 6 46 12 3 4 11 13 47 24 8 9 22 10 25 36,1 23 0 5 2 6 46 12 3 4 11 13 47 24 8 9 22 10 25 36,ecg200-spectrum,db4,energy,8,50,50,0
W-QDA,W-QDA:qda,12,,0.12,0.25,1 23 0 5 2 6 46 12 3 4 11 13 47 24 8 9 22 10 25 36,1 23 0 5 2 6 46 12 3 4 11 13 47 24 8 9 22 10 25 36,ecg200-spectrum,db4,energy,8,50,50,0
W-CART,W-CART:cart,26,,0.12,0.2,1 23 0 5 2 6 46 12 3 4 11 13 47 24 8 9 22 10 25 36,1 23 0 5 2 6 46 12 3 4 11 13 47 24 8 9 22 10 25 36,ecg200-spectrum,db4,energy,8,50,50,0
ALL,W-QDA:qda,12,,0.12,0.25,1 23 0 5 2 6 46 12 3 4 11 13 47 24 8 9 22 10 25 36,1 23 0 5 2 6 46 12 3 4 11 13 47 24 8 9 22 10 25 36,ecg200-spectrum,db4,energy,8,50,50,0
W-NN,W-NN:k=1,6,3.0,0.14,0.26,1 0 46 2 3 4 5 6 7 8 9 10 11 12 13 14 15 16 17 18,0 1 23 5 6 2 12 46 3 4 11 8 9 10 17 22 24 25 30 31,ecg200-spectrum,db4,usage,8,50,50,0
W-QDA,W-QDA:qda,12,1.0,0.12,0.21,0 1 23 5 6 2 12 46 3 4 11 8 9 10 17 22 24 25 30 31,0 1 23 5 6 2 12 46 3 4 11 8 9 10 17 22 24 25 30 31,ecg200-spectrum,db4,usage,8,50,50,0
W-CART,W-CART:cart,43,0.5,0.1,0.15,0 1 5 23 46 6 12 2 4 3 13 8 11 9 10 19 24 25 40 45,0 1 23 5 6 2 12 46 3 4 11 8 9 10 17 22 24 25 30 31,ecg200-spectrum,db4,usage,8,50,50,0
ALL,W-CART:cart,43,0.5,0.1,0.15,0 1 5 23 46 6 12 2 4 3 13 8 11 9 10 19 24 25 40 45,0 1 23 5 6 2 12 46 3 4 11 8 9 10 17 22 24 25 30 31,ecg200-spectrum,db4,usage,8,50,50,0
W-NN,W-NN:k=25,19,,0.18,0.32,1 0 23 5 2 6 46 12 3 4 47 24 22 13 11 9 8 10 7 37,1 0 23 5 2 6 46 12 3 4 47 24 22 13 11 9 8 10 7 37,ecg200-spectrum,db4,energy,9,50,50,0
W-QDA,W-QDA:qda,9,,0.18,0.22,1 0 23 5 2 6 46 12 3 4 47 24 22 13 11 9 8 10 7 37,1 0 23 5 2 6 46 12 3 4 47 24 22 13 11 9 8 10 7 37,ecg200-spectrum,db4,energy,9,50,50,0
W-CART,W-CART:cart,24,,0.16,0.17,1 0 23 5 2 6 46 12 3 4 47 24 22 13 11 9 8 10 7 37,1 0 23 5 2 6 46 12 3 4 47 24 22 13 11 9 8 10 7 37,ecg200-spectrum,db4,energy,9,50,50,0
ALL,W-CART:cart,24,,0.16,0.17,1 0 23 5 2 6 46 12 3 4 47 24 22 13 11 9 8 10 7 37,1 0 23 5 2 6 46 12 3 4 47 24 22 13 11 9 8 10 7 37,ecg200-spectrum,db4,energy,9,50,50,0
W-NN,W-NN:k=1,23,1.5,0.16,0.21,1 23 0 5 2 46 6 12 43 3 4 7 8 9 10 11 13 14 15 16,1 23 0 5 2 6 12 46 4 3 24 9 11 22 25 30 32 38 39 40,ecg200-spectrum,db4,usage,9,50,50,0
W-QDA,W-QDA:qda,9,2.0,0.16,0.25,1 23 0 5 2 3 4 6 7 8 9 10 11 12 13 14 15 16 17 18,1 23 0 5 2 6 12 46 4 3 24 9 11 22 25 30 32 38 39 40,ecg200-spectrum,db4,usage,9,50,50,0
W-CART,W-CART:cart,7,1.0,0.16,0.21,1 23 0 5 2 6 12 46 4 3 24 9 11 22 25 30 32 38 39 40,1 23 0 5 2 6 12 46 4 3 24 9 11 22 25 30 32 38 39 40,ecg200-spectrum,db4,usage,9,50,50,0
ALL,W-CART:cart,7,1.0,0.16,0.21,1 23 0 5 2 6 12 46 4 3 24 9 11 22 25 30 32 38 39 40,1 23 0 5 2 6 12 46 4 3 24 9 11 22 25 30 32 38 39 40,ecg200-spectrum,db4,usage,9,50,50,0
W-NN,W-NN:k=1,35,,0.22,0.18,1 23 0 5 2 6 12 46 3 4 47 11 24 13 9 8 25 22 37 10,1 23 0 5 2 6 12 46 3 4 47 11 24 13 9 8 25 22 37 10,ecg200-spectrum,db4,energy,10,50,50,0
W-QDA,W-QDA:qda,9,,0.16,0.19,1 23 0 5 2 6 12 46 3 4 47 11 24 13 9 8 25 22 37 10,1 23 0 5 2 6 12 46 3 4 47 11 24 13 9 8 25 22 37 10,ecg200-spectrum,db4,energy,10,50,50,0
W-CART,W-CART:cart,36,,0.12,0.14,1 23 0 5 2 6 12 46 3 4 47 11 24 13 9 8 25 22 37 10,1 23 0 5 2 6 12 46 3 4 47 11 24 13 9 8 25 22 37 10,ecg200-spectrum,db4,energy,10,50,50,0
ALL,W-CART:cart,36,,0.12,0.14,1 23 0 5 2 6 12 46 3 4 47 11 24 13 9 8 25 22 37 10,1 23 0 5 2 6 12 46 3 4 47 11 24 13 9 8 25 22 37 10,ecg200-spectrum,db4,energy,10,50,50,0
W-NN,W-NN:k=3,21,0.5,0.24,0.2,1 5 23 0 12 6 46 2 4 3 13 9 11 25 8 10 37 43 22 7,1 23 0 5 6 12 2 46 4 3 11 13 17 24 25 39 8 9 10 31,ecg200-spectrum,db4,usage,10,50,50,0
W-QDA,W-QDA:qda,13,3.0,0.12,0.16,1 5 23 0 2 3 4 6 7 8 9 10 11 12 13 14 15 16 17 18,1 23 0 5 6 12 2 46 4 3 11 13 17 24 25 39 8 9 10 31,ecg200-spectrum,db4,usage,10,50,50,0
W-CART,W-CART:cart,21,0.5,0.12,0.16,1 5 23 0 12 6 46 2 4 3 13 9 11 25 8 10 37 43 22 7,1 23 0 5 6 12 2 46 4 3 11 13 17 24 25 39 8 9 10 31,ecg200-spectrum,db4,usage,10,50,50,0
ALL,W-QDA:qda,13,3.0,0.12,0.16,1 5 23 0 2 3 4 6 7 8 9 10 11 12 13 14 15 16 17 18,1 23 0 5 6 12 2 46 4 3 11 13 17 24 25 39 8 9 10 31,ecg200-spectrum,db4,usage,10,50,50,0
W-NN,W-NN:k=1,41,,0.14,0.28,1 23 0 5 2 6 46 12 3 4 11 13 22 47 8 10 17 9 7 25,1 23 0 5 2 6 46 12 3 4 11 13 22 47 8 10 17 9 7 25,ecg200-spectrum,db4,energy,11,50,50,0
W-QDA,W-QDA:qda,8,,0.08,0.25,1 23 0 5 2 6 46 12 3 4 11 13 22 47 8 10 17 9 7 25,1 23 0 5 2 6 46 12 3 4 11 13 22 47 8 10 17 9 7 25,ecg200-spectrum,db4,energy,11,50,50,0
W-CART,W-CART:cart,19,,0.1,0.19,1 23 0 5 2 6 46 12 3 4 11 13 22 47 8 10 17 9 7 25,1 23 0 5 2 6 46 12 3 4 11 13 22 47 8 10 17 9 7 25,ecg200-spectrum,db4,energy,11,50,50,0
ALL,W-QDA:qda,8,,0.08,0.25,1 23 0 5 2 6 46 12 3 4 11 13 22 47 8 10 17 9 7 25,1 23 0 5 2 6 46 12 3 4 11 13 22 47 8 10 17 9 7 25,ecg200-spectrum,db4,energy,11,50,50,0
W-NN,W-NN:k=1,43,0.5,0.14,0.29,0 1 23 5 12 46 6 2 4 13 11 3 8 9 22 10 19 25 17 37,1 23 0 5 6 2 12 46 3 4 10 11 25 17 22 42 8 13 19 30,ecg200-spectrum,db4,usage,11,50,50,0
W-QDA,W-QDA:qda,11,3.0,0.04,0.2,1 0 5 2 3 4 6 7 8 9 10 11 12 13 14 15 16 17 18 19,1 23 0 5 6 2 12 46 3 4 10 11 25 17 22 42 8 13 19 30,ecg200-spectrum,db4,usage,11,50,50,0
W-CART,W-CART:cart,12,3.0,0.1,0.19,1 0 5 2 3 4 6 7 8 9 10 11 12 13 14 15 16 17 18 19,1 23 0 5 6 2 12 46 3 4 10 11 25 17 22 42 8 13 19 30,ecg200-spectrum,db4,usage,11,50,50,0
ALL,W-QDA:qda,11,3.0,0.04,0.2,1 0 5 2 3 4 6 7 8 9 10 11 12 13 14 15 16 17 18 19,1 23 0 5 6 2 12 46 3 4 10 11 25 17 22 42 8 13 19 30,ecg200-spectrum,db4,usage,11,50,50,0
W-NN,W-NN:k=1,9,,0.18,0.25,1 23 0 5 2 6 46 12 3 4 11 24 22 13 9 47 25 10 8 37,1 23 0 5 2 6 46 12 3 4 11 24 22 13 9 47 25 10 8 37,ecg200-spectrum,db4,energy,12,50,50,0
W-QDA,W-QDA:qda,9,,0.18,0.24,1 23 0 5 2 6 46 12 3 4 11 24 22 13 9 47 25 10 8 37,1 23 0 5 2 6 46 12 3 4 11 24 22 13 9 47 25 10 8 37,ecg200-spectrum,db4,energy,12,50,50,0
W-CART,W-CART:cart,9,,0.16,0.29,1 23 0 5 2 6 46 12 3 4 11 24 22 13 9 47 25 10 8 37,1 23 0 5 2 6 46 12 3 4 11 24 22 13 9 47 25 10 8 37,ecg200-spectrum,db4,energy,12,50,50,0
ALL,W-CART:cart,9,,0.16,0.29,1 23 0 5 2 6 46 12 3 4 11 24 22 13 9 47 25 10 8 37,1 23 0 5 2 6 46 12 3 4 11 24 22 13 9 47 25 10 8 37,ecg200-spectrum,db4,energy,12,50,50,0
W-NN,W-NN:k=1,10,1.5,0.16,0.2,1 23 0 5 2 6 12 46 3 11 25 4 7 8 9 10 13 14 15 16,0 1 23 5 6 2 12 46 4 9 22 3 10 11 13 24 25 33 37 38,ecg200-spectrum,db4,usage,12,50,50,0
W-QDA,W-QDA:qda,7,3.0,0.16,0.22,1 5 0 2 3 4 6 7 8 9 10 11 12 13 14 15 16 17 18 19,0 1 23 5 6 2 12 46 4 9 22 3 10 11 13 24 25 33 37 38,ecg200-spectrum,db4,usage,12,50,50,0
W-CART,W-CART:cart,7,3.0,0.16,0.31,1 5 0 2 3 4 6 7 8 9 10 11 12 13 14 15 16 17 18 19,0 1 23 5 6 2 12 46 4 9 22 3 10 11 13 24 25 33 37 38,ecg200-spectrum,db4,usage,12,50,50,0
ALL,W-QDA:qda,7,3.0,0.16,0.22,1 5 0 2 3 4 6 7 8 9 10 11 12 13 14 15 16 17 18 19,0 1 23 5 6 2 12 46 4 9 22 3 10 11 13 24 25 33 37 38,ecg200-spectrum,db4,usage,12,50,50,0
W-NN,W-NN:k=1,37,,0.12,0.25,1 23 0 5 2 6 46 12 4 3 8 13 47 11 9 22 10 7 39 34,1 23 0 5 2 6 46 12 4 3 8 13 47 11 9 22 10 7 39 34,ecg200-spectrum,db4,energy,13,50,50,0
W-QDA,W-QDA:qda,2,,0.18,0.27,1 23 0 5 2 6 46 12 4 3 8 13 47 11 9 22 10 7 39 34,1 23 0 5 2 6 46 12 4 3 8 13 47 11 9 22 10 7 39 34,ecg200-spectrum,db4,energy,13,50,50,0
W-CART,W-CART:cart,7,,0.16,0.2,1 23 0 5 2 6 46 12 4 3 8 13 47 11 9 22 10 7 39 34,1 23 0 5 2 6 46 12 4 3 8 13 47 11 9 22 10 7 39 34,ecg200-spectrum,db4,energy,13,50,50,0
ALL,W-NN:k=1,37,,0.12,0.25,1 23 0 5 2 6 46 12 4 3 8 13 47 11 9 22 10 7 39 34,1 23 0 5 2 6 46 12 4 3 8 13 47 11 9 22 10 7 39 34,ecg200-spectrum,db4,energy,13,50,50,0
W-NN,W-NN:k=1,23,1.0,0.12,0.25,1 23 0 5 6 2 12 46 4 3 8 9 10 13 25 39 11 17 32 34,1 23 0 5 6 2 12 46 4 3 8 9 10 13 25 39 11 17 32 34,ecg200-spectrum,db4,usage,13,50,50,0
W-QDA,W-QDA:qda,4,3.0,0.14,0.17,1 0 2 3 4 5 6 7 8 9 10 11 12 13 14 15 16 17 18 19,1 23 0 5 6 2 12 46 4 3 8 9 10 13 25 39 11 17 32 34,ecg200-spectrum,db4,usage,13,50,50,0
W-CART,W-CART:cart,7,0.5,0.18,0.19,0 1 12 23 5 46 6 2 4 3 13 9 8 11 7 10 21 37 22 24,1 23 0 5 6 2 12 46 4 3 8 9 10 13 25 39 11 17 32 34,ecg200-spectrum,db4,usage,13,50,50,0
ALL,W-NN:k=1,23,1.0,0.12,0.25,1 23 0 5 6 2 12 46 4 3 8 9 10 13 25 39 11 17 32 34,1 23 0 5 6 2 12 46 4 3 8 9 10 13 25 39 11 17 32 34,ecg200-spectrum,db4,usage,13,50,50,0
W-NN,W-NN:k=3,23,,0.08,0.23,1 0 23 5 2 6 12 46 3 4 8 24 47 9 22 13 11 10 34 7,1 0 23 5 2 6 12 46 3 4 8 24 47 9 22 13 11 10 34 7,ecg200-spectrum,db4,energy,14,50,50,0
W-QDA,W-QDA:qda,7,,0.08,0.16,1 0 23 5 2 6 12 46 3 4 8 24 47 9 22 13 11 10 34 7,1 0 23 5 2 6 12 46 3 4 8 24 47 9 22 13 11 10 34 7,ecg200-spectrum,db4,energy,14,50,50,0
W-CART,W-CART:cart,43,,0.08,0.22,1 0 23 5 2 6 12 46 3 4 8 24 47 9 22 13 11 10 34 7,1 0 23 5 2 6 12 46 3 4 8 24 47 9 22 13 11 10 34 7,ecg200-spectrum,db4,energy,14,50,50,0
ALL,W-QDA:qda,7,,0.08,0.16,1 0 23 5 2 6 12 46 3 4 8 24 47 9 22 13 11 10 34 7,1 0 23 5 2 6 12 46 3 4 8 24 47 9 22 13 11 10 34 7,ecg200-spectrum,db4,energy,14,50,50,0
W-NN,W-NN:k=3,17,1.0,0.06,0.2,1 0 23 5 6 2 12 46 3 4 9 10 22 24 8 11 25 31 33 34,1 0 23 5 6 2 12 46 3 4 9 10 22 24 8 11 25 31 33 34,ecg200-spectrum,db4,usage,14,50,50,0
W-QDA,W-QDA:qda,6,2.0,0.04,0.16,1 23 0 5 2 3 4 6 7 8 9 10 11 12 13 14 15 16 17 18,1 0 23 5 6 2 12 46 3 4 9 10 22 24 8 11 25 31 33 34,ecg200-spectrum,db4,usage,14,50,50,0
W-CART,W-CART:cart,44,1.5,0.06,0.21,1 23 0 5 2 6 12 46 3 34 4 7 8 9 10 11 13 14 15 16,1 0 23 5 6 2 12 46 3 4 9 10 22 24 8 11 25 31 33 34,ecg200-spectrum,db4,usage,14,50,50,0
ALL,W-QDA:qda,6,2.0,0.04,0.16,1 23 0 5 2 3 4 6 7 8 9 10 11 12 13 14 15 16 17 18,1 0 23 5 6 2 12 46 3 4 9 10 22 24 8 11 25 31 33 34,ecg200-spectrum,db4,usage,14,50,50,0
W-NN,W-NN:k=1,9,,0.18,0.18,1 0 23 5 2 46 6 12 3 4 11 9 22 47 13 10 7 8 24 38,1 0 23 5 2 46 6 12 3 4 11 9 22 47 13 10 7 8 24 38,ecg200-spectrum,db4,energy,15,50,50,0
W-QDA,W-QDA:qda,3,,0.2,0.2,1 0 23 5 2 46 6 12 3 4 11 9 22 47 13 10 7 8 24 38,1 0 23 5 2 46 6 12 3 4 11 9 22 47 13 10 7 8 24 38,ecg200-spectrum,db4,energy,15,50,50,0
W-CART,W-CART:cart,32,,0.14,0.18,1 0 23 5 2 46 6 12 3 4 11 9 22 47 13 10 7 8 24 38,1 0 23 5 2 46 6 12 3 4 11 9 22 47 13 10 7 8 24 38,ecg200-spectrum,db4,energy,15,50,50,0
ALL,W-CART:cart,32,,0.14,0.18,1 0 23 5 2 46 6 12 3 4 11 9 22 47 13 10 7 8 24 38,1 0 23 5 2 46 6 12 3 4 11 9 22 47 13 10 7 8 24 38,ecg200-spectrum,db4,energy,15,50,50,0
W-NN,W-NN:k=1,7,2.0,0.18,0.24,1 23 0 5 2 46 3 4 6 7 8 9 10 11 12 13 14 15 16 17,1 23 0 5 6 2 46 12 3 4 11 22 9 7 8 10 18 30 31 32,ecg200-spectrum,db4,usage,15,50,50,0
W-QDA,W-QDA:qda,5,0.5,0.16,0.19,0 1 23 5 46 6 12 2 4 3 9 13 10 11 21 45 8 22 24 37,1 23 0 5 6 2 46 12 3 4 11 22 9 7 8 10 18 30 31 32,ecg200-spectrum,db4,usage,15,50,50,0
W-CART,W-CART:cart,7,0.5,0.14,0.21,0 1 23 5 46 6 12 2 4 3 9 13 10 11 21 45 8 22 24 37,1 23 0 5 6 2 46 12 3 4 11 22 9 7 8 10 18 30 31 32,ecg200-spectrum,db4,usage,15,50,50,0
ALL,W-CART:cart,7,0.5,0.14,0.21,0 1 23 5 46 6 12 2 4 3 9 13 10 11 21 45 8 22 24 37,1 23 0 5 6 2 46 12 3 4 11 22 9 7 8 10 18 30 31 32,ecg200-spectrum,db4,usage,15,50,50,0
W-NN,W-NN:k=3,19,,0.12,0.24,1 0 23 5 2 6 46 12 3 4 47 11 13 24 10 9 22 8 18 7,1 0 23 5 2 6 46 12 3 4 47 11 13 24 10 9 22 8 18 7,ecg200-spectrum,db4,energy,16,50,50,0
W-QDA,W-QDA:qda,3,,0.16,0.22,1 0 23 5 2 6 46 12 3 4 47 11 13 24 10 9 22 8 18 7,1 0 23 5 2 6 46 12 3 4 47 11 13 24 10 9 22 8 18 7,ecg200-spectrum,db4,energy,16,50,50,0
W-CART,W-CART:cart,12,,0.14,0.23,1 0 23 5 2 6 46 12 3 4 47 11 13 24 10 9 22 8 18 7,1 0 23 5 2 6 46 12 3 4 47 11 13 24 10 9 22 8 18 7,ecg200-spectrum,db4,energy,16,50,50,0
ALL,W-NN:k=3,19,,0.12,0.24,1 0 23 5 2 6 46 12 3 4 47 11 13 24 10 9 22 8 18 7,1 0 23 5 2 6 46 12 3 4 47 11 13 24 10 9 22 8 18 7,ecg200-spectrum,db4,energy,16,50,50,0
W-NN,W-NN:k=5,22,0.5,0.1,0.23,0 1 23 12 5 46 6 2 4 3 13 11 8 9 10 7 22 37 43 47,1 23 0 5 6 2 12 46 4 3 11 13 24 34 37 39 40 7 8 9,ecg200-spectrum,db4,usage,16,50,50,0
W-QDA,W-QDA:qda,5,3.0,0.12,0.2,1 0 5 2 3 4 6 7 8 9 10 11 12 13 14 15 16 17 18 19,1 23 0 5 6 2 12 46 4 3 11 13 24 34 37 39 40 7 8 9,ecg200-spectrum,db4,usage,16,50,50,0
W-CART,W-CART:cart,18,1.5,0.1,0.2,1 23 0 5 6 2 46 4 3 12 7 8 9 10 11 13 14 15 16 17,1 23 0 5 6 2 12 46 4 3 11 13 24 34 37 39 40 7 8 9,ecg200-spectrum,db4,usage,16,50,50,0
ALL,W-CART:cart,18,1.5,0.1,0.2,1 23 0 5 6 2 46 4 3 12 7 8 9 10 11 13 14 15 16 17,1 23 0 5 6 2 12 46 4 3 11 13 24 34 37 39 40 7 8 9,ecg200-spectrum,db4,usage,16,50,50,0
W-NN,W-NN:k=9,36,,0.14,0.24,1 0 23 5 2 6 46 12 4 3 22 9 24 47 11 7 13 8 35 43,1 0 23 5 2 6 46 12 4 3 22 9 24 47 11 7 13 8 35 43,ecg200-spectrum,db4,energy,17,50,50,0
W-QDA,W-QDA:qda,5,,0.14,0.23,1 0 23 5 2 6 46 12 4 3 22 9 24 47 11 7 13 8 35 43,1 0 23 5 2 6 46 12 4 3 22 9 24 47 11 7 13 8 35 43,ecg200-spectrum,db4,energy,17,50,50,0
W-CART,W-CART:cart,15,,0.1,0.18,1 0 23 5 2 6 46 12 4 3 22 9 24 47 11 7 13 8 35 43,1 0 23 5 2 6 46 12 4 3 22 9 24 47 11 7 13 8 35 43,ecg200-spectrum,db4,energy,17,50,50,0
ALL,W-CART:cart,15,,0.1,0.18,1 0 23 5 2 6 46 12 4 3 22 9 24 47 11 7 13 8 35 43,1 0 23 5 2 6 46 12 4 3 22 9 24 47 11 7 13 8 35 43,ecg200-spectrum,db4,energy,17,50,50,0
W-NN,W-NN:k=1,8,3.0,0.14,0.26,1 0 5 2 3 4 6 7 8 9 10 11 12 13 14 15 16 17 18 19,1 23 0 5 6 2 12 46 3 4 9 22 43 7 11 17 25 30 32 34,ecg200-spectrum,db4,usage,17,50,50,0
W-QDA,W-QDA:qda,7,3.0,0.08,0.22,1 0 5 2 3 4 6 7 8 9 10 11 12 13 14 15 16 17 18 19,1 23 0 5 6 2 12 46 3 4 9 22 43 7 11 17 25 30 32 34,ecg200-spectrum,db4,usage,17,50,50,0
W-CART,W-CART:cart,26,3.0,0.1,0.18,1 0 5 2 3 4 6 7 8 9 10 11 12 13 14 15 16 17 18 19,1 23 0 5 6 2 12 46 3 4 9 22 43 7 11 17 25 30 32 34,ecg200-spectrum,db4,usage,17,50,50,0
ALL,W-QDA:qda,7,3.0,0.08,0.22,1 0 5 2 3 4 6 7 8 9 10 11 12 13 14 15 16 17 18 19,1 23 0 5 6 2 12 46 3 4 9 22 43 7 11 17 25 30 32 34,ecg200-spectrum,db4,usage,17,50,50,0
W-NN,W-NN:k=1,40,,0.16,0.18,1 23 0 5 2 6 46 12 3 4 24 47 8 13 9 11 25 34 7 32,1 23 0 5 2 6 46 12 3 4 24 47 8 13 9 11 25 34 7 32,ecg200-spectrum,db4,energy,18,50,50,0
W-QDA,W-QDA:qda,2,,0.16,0.18,1 23 0 5 2 6 46 12 3 4 24 47 8 13 9 11 25 34 7 32,1 23 0 5 2 6 46 12 3 4 24 47 8 13 9 11 25 34 7 32,ecg200-spectrum,db4,energy,18,50,50,0
W-CART,W-CART:cart,34,,0.16,0.2,1 23 0 5 2 6 46 12 3 4 24 47 8 13 9 11 25 34 7 32,1 23 0 5 2 6 46 12 3 4 24 47 8 13 9 11 25 34 7 32,ecg200-spectrum,db4,energy,18,50,50,0
ALL,W-QDA:qda,2,,0.16,0.18,1 23 0 5 2 6 46 12 3 4 24 47 8 13 9 11 25 34 7 32,1 23 0 5 2 6 46 12 3 4 24 47 8 13 9 11 25 34 7 32,ecg200-spectrum,db4,energy,18,50,50,0
W-NN,W-NN:k=3,19,3.0,0.14,0.23,1 0 46 2 3 4 5 6 7 8 9 10 11 12 13 14 15 16 17 18,1 23 0 5 6 2 12 46 3 4 25 8 9 10 11 13 19 22 24 32,ecg200-spectrum,db4,usage,18,50,50,0
W-QDA,W-QDA:qda,5,1.0,0.14,0.22,1 23 0 5 6 2 12 46 3 4 25 8 9 10 11 13 19 22 24 32,1 23 0 5 6 2 12 46 3 4 25 8 9 10 11 13 19 22 24 32,ecg200-spectrum,db4,usage,18,50,50,0
W-CART,W-CART:cart,39,1.0,0.16,0.18,1 23 0 5 6 2 12 46 3 4 25 8 9 10 11 13 19 22 24 32,1 23 0 5 6 2 12 46 3 4 25 8 9 10 11 13 19 22 24 32,ecg200-spectrum,db4,usage,18,50,50,0
ALL,W-QDA:qda,5,1.0,0.14,0.22,1 23 0 5 6 2 12 46 3 4 25 8 9 10 11 13 19 22 24 32,1 23 0 5 6 2 12 46 3 4 25 8 9 10 11 13 19 22 24 32,ecg200-spectrum,db4,usage,18,50,50,0
W-NN,W-NN:k=1,20,,0.14,0.21,1 23 0 5 2 6 46 12 3 4 11 47 8 22 13 9 7 24 25 34,1 23 0 5 2 6 46 12 3 4 11 47 8 22 13 9 7 24 25 34,ecg200-spectrum,db4,energy,19,50,50,0
W-QDA,W-QDA:qda,12,,0.2,0.15,1 23 0 5 2 6 46 12 3 4 11 47 8 22 13 9 7 24 25 34,1 23 0 5 2 6 46 12 3 4 11 47 8 22 13 9 7 24 25 34,ecg200-spectrum,db4,energy,19,50,50,0
W-CART,W-CART:cart,27,,0.16,0.18,1 23 0 5 2 6 46 12 3 4 11 47 8 22 13 9 7 24 25 34,1 23 0 5 2 6 46 12 3 4 11 47 8 22 13 9 7 24 25 34,ecg200-spectrum,db4,energy,19,50,50,0
ALL,W-NN:k=1,20,,0.14,0.21,1 23 0 5 2 6 46 12 3 4 11 47 8 22 13 9 7 24 25 34,1 23 0 5 2 6 46 12 3 4 11 47 8 22 13 9 7 24 25 34,ecg200-spectrum,db4,energy,19,50,50,0
W-NN,W-NN:k=1,11,1.5,0.14,0.22,1 23 0 5 6 12 2 46 3 7 34 43 4 8 9 10 11 13 14 15,1 23 0 5 6 2 12 46 3 4 11 24 25 37 43 7 8 17 19 22,ecg200-spectrum,db4,usage,19,50,50,0
W-QDA,W-QDA:qda,6,2.0,0.16,0.17,1 23 0 5 2 3 4 6 7 8 9 10 11 12 13 14 15 16 17 18,1 23 0 5 6 2 12 46 3 4 11 24 25 37 43 7 8 17 19 22,ecg200-spectrum,db4,usage,19,50,50,0
W-CART,W-CART:cart,6,3.0,0.14,0.2,1 0 5 23 2 3 4 6 7 8 9 10 11 12 13 14 15 16 17 18,1 23 0 5 6 2 12 46 3 4 11 24 25 37 43 7 8 17 19 22,ecg200-spectrum,db4,usage,19,50,50,0
ALL,W-CART:cart,6,3.0,0.14,0.2,1 0 5 23 2 3 4 6 7 8 9 10 11 12 13 14 15 16 17 18,1 23 0 5 6 2 12 46 3 4 11 24 25 37 43 7 8 17 19 22,ecg200-spectrum,db4,usage,19,50,50,0
W-NN,W-NN:k=1,10,,0.12,0.17,1 0 23 5 2 6 46 12 4 3 22 13 10 47 11 8 24 35 9 17,1 0 23 5 2 6 46 12 4 3 22 13 10 47 11 8 24 35 9 17,ecg200-spectrum,db4,energy,20,50,50,0
W-QDA,W-QDA:qda,10,,0.18,0.22,1 0 23 5 2 6 46 12 4 3 22 13 10 47 11 8 24 35 9 17,1 0 23 5 2 6 46 12 4 3 22 13 10 47 11 8 24 35 9 17,ecg200-spectrum,db4,energy,20,50,50,0
W-CART,W-CART:cart,7,,0.2,0.25,1 0 23 5 2 6 46 12 4 3 22 13 10 47 11 8 24 35 9 17,1 0 23 5 2 6 46 12 4 3 22 13 10 47 11 8 24 35 9 17,ecg200-spectrum,db4,energy,20,50,50,0
ALL,W-NN:k=1,10,,0.12,0.17,1 0 23 5 2 6 46 12 4 3 22 13 10 47 11 8 24 35 9 17,1 0 23 5 2 6 46 12 4 3 22 13 10 47 11 8 24 35 9 17,ecg200-spectrum,db4,energy,20,50,50,0
W-NN,W-NN:k=1,11,1.5,0.1,0.18,1 23 0 5 6 2 46 3 4 12 11 7 8 9 10 13 14 15 16 17,1 23 0 5 6 12 2 46 4 3 10 22 34 8 9 11 32 35 38 41,ecg200-spectrum,db4,usage,20,50,50,0
W-QDA,W-QDA:qda,12,1.5,0.1,0.19,1 23 0 5 6 2 46 3 4 12 11 7 8 9 10 13 14 15 16 17,1 23 0 5 6 12 2 46 4 3 10 22 34 8 9 11 32 35 38 41,ecg200-spectrum,db4,usage,20,50,50,0
W-CART,W-CART:cart,7,1.5,0.18,0.25,1 23 0 5 6 2 46 3 4 12 11 7 8 9 10 13 14 15 16 17,1 23 0 5 6 12 2 46 4 3 10 22 34 8 9 11 32 35 38 41,ecg200-spectrum,db4,usage,20,50,50,0
ALL,W-NN:k=1,11,1.5,0.1,0.18,1 23 0 5 6 2 46 3 4 12 11 7 8 9 10 13 14 15 16 17,1 23 0 5 6 12 2 46 4 3 10 22 34 8 9 11 32 35 38 41,ecg200-spectrum,db4,usage,20,50,50,0
W-NN,W-NN:k=5,31,,0.2,0.21,1 0 23 5 6 2 12 46 4 3 11 9 8 22 13 7 47 35 39 25,1 0 23 5 6 2 12 46 4 3 11 9 8 22 13 7 47 35 39 25,ecg200-spectrum,db4,energy,21,50,50,0
W-QDA,W-QDA:qda,7,,0.18,0.22,1 0 23 5 6 2 12 46 4 3 11 9 8 22 13 7 47 35 39 25,1 0 23 5 6 2 12 46 4 3 11 9 8 22 13 7 47 35 39 25,ecg200-spectrum,db4,energy,21,50,50,0
W-CART,W-CART:cart,11,,0.24,0.14,1 0 23 5 6 2 12 46 4 3 11 9 8 22 13 7 47 35 39 25,1 0 23 5 6 2 12 46 4 3 11 9 8 22 13 7 47 35 39 25,ecg200-spectrum,db4,energy,21,50,50,0
ALL,W-QDA:qda,7,,0.18,0.22,1 0 23 5 6 2 12 46 4 3 11 9 8 22 13 7 47 35 39 25,1 0 23 5 6 2 12 46 4 3 11 9 8 22 13 7 47 35 39 25,ecg200-spectrum,db4,energy,21,50,50,0
W-NN,W-NN:k=5,13,1.5,0.2,0.2,1 23 0 5 6 12 46 2 3 7 25 34 4 8 9 10 11 13 14 15,1 23 0 5 6 12 2 46 4 3 9 10 13 25 39 7 8 11 17 19,ecg200-spectrum,db4,usage,21,50,50,0
W-QDA,W-QDA:qda,13,1.5,0.14,0.18,1 23 0 5 6 12 46 2 3 7 25 34 4 8 9 10 11 13 14 15,1 23 0 5 6 12 2 46 4 3 9 10 13 25 39 7 8 11 17 19,ecg200-spectrum,db4,usage,21,50,50,0
W-CART,W-CART:cart,12,1.5,0.2,0.12,1 23 0 5 6 12 46 2 3 7 25 34 4 8 9 10 11 13 14 15,1 23 0 5 6 12 2 46 4 3 9 10 13 25 39 7 8 11 17 19,ecg200-spectrum,db4,usage,21,50,50,0
ALL,W-QDA:qda,13,1.5,0.14,0.18,1 23 0 5 6 12 46 2 3 7 25 34 4 8 9 10 11 13 14 15,1 23 0 5 6 12 2 46 4 3 9 10 13 25 39 7 8 11 17 19,ecg200-spectrum,db4,usage,21,50,50,0
W-NN,W-NN:k=5,27,,0.06,0.21,1 0 23 5 2 6 46 12 3 4 8 47 13 11 9 24 22 7 34 10,1 0 23 5 2 6 46 12 3 4 8 47 13 11 9 24 22 7 34 10,ecg200-spectrum,db4,energy,22,50,50,0
W-QDA,W-QDA:qda,3,,0.12,0.23,1 0 23 5 2 6 46 12 3 4 8 47 13 11 9 24 22 7 34 10,1 0 23 5 2 6 46 12 3 4 8 47 13 11 9 24 22 7 34 10,ecg200-spectrum,db4,energy,22,50,50,0
W-CART,W-CART:cart,14,,0.12,0.27,1 0 23 5 2 6 46 12 3 4 8 47 13 11 9 24 22 7 34 10,1 0 23 5 2 6 46 12 3 4 8 47 13 11 9 24 22 7 34 10,ecg200-spectrum,db4,energy,22,50,50,0
ALL,W-NN:k=5,27,,0.06,0.21,1 0 23 5 2 6 46 12 3 4 8 47 13 11 9 24 22 7 34 10,1 0 23 5 2 6 46 12 3 4 8 47 13 11 9 24 22 7 34 10,ecg200-spectrum,db4,energy,22,50,50,0
W-NN,W-NN:k=5,12,2.0,0.06,0.23,1 23 0 5 2 6 3 4 7 8 9 10 11 12 13 14 15 16 17 18,1 23 0 5 6 2 12 46 3 4 8 9 24 34 43 11 13 18 22 31,ecg200-spectrum,db4,usage,22,50,50,0
W-QDA,W-QDA:qda,2,0.5,0.12,0.23,1 23 0 6 5 12 46 2 4 3 8 13 9 11 24 47 7 10 22 19,1 23 0 5 6 2 12 46 3 4 8 9 24 34 43 11 13 18 22 31,ecg200-spectrum,db4,usage,22,50,50,0
W-CART,W-CART:cart,13,0.5,0.12,0.26,1 23 0 6 5 12 46 2 4 3 8 13 9 11 24 47 7 10 22 19,1 23 0 5 6 2 12 46 3 4 8 9 24 34 43 11 13 18 22 31,ecg200-spectrum,db4,usage,22,50,50,0
ALL,W-NN:k=5,12,2.0,0.06,0.23,1 23 0 5 2 6 3 4 7 8 9 10 11 12 13 14 15 16 17 18,1 23 0 5 6 2 12 46 3 4 8 9 24 34 43 11 13 18 22 31,ecg200-spectrum,db4,usage,22,50,50,0
W-NN,W-NN:k=3,12,,0.12,0.27,1 23 0 5 2 6 12 46 3 4 47 22 13 9 11 8 10 7 25 35,1 23 0 5 2 6 12 46 3 4 47 22 13 9 11 8 10 7 25 35,ecg200-spectrum,db4,energy,23,50,50,0
W-QDA,W-QDA:qda,3,,0.12,0.23,1 23 0 5 2 6 12 46 3 4 47 22 13 9 11 8 10 7 25 35,1 23 0 5 2 6 12 46 3 4 47 22 13 9 11 8 10 7 25 35,ecg200-spectrum,db4,energy,23,50,50,0
W-CART,W-CART:cart,20,,0.08,0.22,1 23 0 5 2 6 12 46 3 4 47 22 13 9 11 8 10 7 25 35,1 23 0 5 2 6 12 46 3 4 47 22 13 9 11 8 10 7 25 35,ecg200-spectrum,db4,energy,23,50,50,0
ALL,W-CART:cart,20,,0.08,0.22,1 23 0 5 2 6 12 46 3 4 47 22 13 9 11 8 10 7 25 35,1 23 0 5 2 6 12 46 3 4 47 22 13 9 11 8 10 7 25 35,ecg200-spectrum,db4,energy,23,50,50,0
W-NN,W-NN:k=3,14,0.5,0.08,0.25,0 1 23 5 12 46 6 2 4 3 13 22 25 9 11 10 7 40 47 19,1 0 23 5 6 2 12 46 4 3 8 10 39 9 11 13 22 25 31 32,ecg200-spectrum,db4,usage,23,50,50,0
W-QDA,W-QDA:qda,4,3.0,0.1,0.23,1 0 2 3 4 5 6 7 8 9 10 11 12 13 14 15 16 17 18 19,1 0 23 5 6 2 12 46 4 3 8 10 39 9 11 13 22 25 31 32,ecg200-spectrum,db4,usage,23,50,50,0
W-CART,W-CART:cart,32,3.0,0.04,0.22,1 0 2 3 4 5 6 7 8 9 10 11 12 13 14 15 16 17 18 19,1 0 23 5 6 2 12 46 4 3 8 10 39 9 11 13 22 25 31 32,ecg200-spectrum,db4,usage,23,50,50,0
ALL,W-CART:cart,32,3.0,0.04,0.22,1 0 2 3 4 5 6 7 8 9 10 11 12 13 14 15 16 17 18 19,1 0 23 5 6 2 12 46 4 3 8 10 39 9 11 13 22 25 31 32,ecg200-spectrum,db4,usage,23,50,50,0
W-NN,W-NN:k=3,10,,0.1,0.23,1 23 0 5 2 6 12 46 4 3 11 8 24 7 47 13 9 22 43 10,1 23 0 5 2 6 12 46 4 3 11 8 24 7 47 13 9 22 43 10,ecg200-spectrum,db4,energy,24,50,50,0
W-QDA,W-QDA:qda,11,,0.06,0.25,1 23 0 5 2 6 12 46 4 3 11 8 24 7 47 13 9 22 43 10,1 23 0 5 2 6 12 46 4 3 11 8 24 7 47 13 9 22 43 10,ecg200-spectrum,db4,energy,24,50,50,0
W-CART,W-CART:cart,7,,0.1,0.23,1 23 0 5 2 6 12 46 4 3 11 8 24 7 47 13 9 22 43 10,1 23 0 5 2 6 12 46 4 3 11 8 24 7 47 13 9 22 43 10,ecg200-spectrum,db4,energy,24,50,50,0
ALL,W-QDA:qda,11,,0.06,0.25,1 23 0 5 2 6 12 46 4 3 11 8 24 7 47 13 9 22 43 10,1 23 0 5 2 6 12 46 4 3 11 8 24 7 47 13 9 22 43 10,ecg200-spectrum,db4,energy,24,50,50,0
W-NN,W-NN:k=3,11,0.5,0.08,0.23,1 23 0 5 6 12 46 2 4 3 13 9 11 8 47 42 7 10 22 24,1 23 0 5 6 12 2 46 4 3 43 8 11 24 34 42 7 10 13 22,ecg200-spectrum,db4,usage,24,50,50,0
W-QDA,W-QDA:qda,13,1.0,0.06,0.21,1 23 0 5 6 12 2 46 4 3 43 8 11 24 34 42 7 10 13 22,1 23 0 5 6 12 2 46 4 3 43 8 11 24 34 42 7 10 13 22,ecg200-spectrum,db4,usage,24,50,50,0
W-CART,W-CART:cart,7,1.0,0.1,0.23,1 23 0 5 6 12 2 46 4 3 43 8 11 24 34 42 7 10 13 22,1 23 0 5 6 12 2 46 4 3 43 8 11 24 34 42 7 10 13 22,ecg200-spectrum,db4,usage,24,50,50,0
ALL,W-QDA:qda,13,1.0,0.06,0.21,1 23 0 5 6 12 2 46 4 3 43 8 11 24 34 42 7 10 13 22,1 23 0 5 6 12 2 46 4 3 43 8 11 24 34 42 7 10 13 22,ecg200-spectrum,db4,usage,24,50,50,0
W-NN,W-NN:k=1,22,,0.18,0.15,1 0 23 5 2 6 12 46 3 4 7 9 24 13 47 22 34 10 11 17,1 0 23 5 2 6 12 46 3 4 7 9 24 13 47 22 34 10 11 17,ecg200-spectrum,db4,energy,25,50,50,0
W-QDA,W-QDA:qda,6,,0.22,0.14,1 0 23 5 2 6 12 46 3 4 7 9 24 13 47 22 34 10 11 17,1 0 23 5 2 6 12 46 3 4 7 9 24 13 47 22 34 10 11 17,ecg200-spectrum,db4,energy,25,50,50,0
W-CART,W-CART:cart,17,,0.2,0.15,1 0 23 5 2 6 12 46 3 4 7 9 24 13 47 22 34 10 11 17,1 0 23 5 2 6 12 46 3 4 7 9 24 13 47 22 34 10 11 17,ecg200-spectrum,db4,energy,25,50,50,0
ALL,W-NN:k=1,22,,0.18,0.15,1 0 23 5 2 6 12 46 3 4 7 9 24 13 47 22 34 10 11 17,1 0 23 5 2 6 12 46 3 4 7 9 24 13 47 22 34 10 11 17,ecg200-spectrum,db4,energy,25,50,50,0
W-NN,W-NN:k=1,15,0.5,0.18,0.19,0 1 23 5 6 12 46 2 4 3 13 9 8 24 7 34 11 22 45 10,1 23 0 5 6 2 12 46 3 4 7 9 34 10 11 17 22 8 13 14,ecg200-spectrum,db4,usage,25,50,50,0
W-QDA,W-QDA:qda,4,3.0,0.18,0.17,1 0 2 3 4 5 6 7 8 9 10 11 12 13 14 15 16 17 18 19,1 23 0 5 6 2 12 46 3 4 7 9 34 10 11 17 22 8 13 14,ecg200-spectrum,db4,usage,25,50,50,0
W-CART,W-CART:cart,25,0.5,0.2,0.14,0 1 23 5 6 12 46 2 4 3 13 9 8 24 7 34 11 22 45 10,1 23 0 5 6 2 12 46 3 4 7 9 34 10 11 17 22 8 13 14,ecg200-spectrum,db4,usage,25,50,50,0
ALL,W-QDA:qda,4,3.0,0.18,0.17,1 0 2 3 4 5 6 7 8 9 10 11 12 13 14 15 16 17 18 19,1 23 0 5 6 2 12 46 3 4 7 9 34 10 11 17 22 8 13 14,ecg200-spectrum,db4,usage,25,50,50,0
W-NN,W-NN:k=1,9,,0.16,0.21,1 0 23 5 2 6 12 46 3 4 11 47 9 13 22 24 8 7 38 10,1 0 23 5 2 6 12 46 3 4 11 47 9 13 22 24 8 7 38 10,ecg200-spectrum,db4,energy,26,50,50,0
W-QDA,W-QDA:qda,9,,0.18,0.2,1 0 23 5 2 6 12 46 3 4 11 47 9 13 22 24 8 7 38 10,1 0 23 5 2 6 12 46 3 4 11 47 9 13 22 24 8 7 38 10,ecg200-spectrum,db4,energy,26,50,50,0
W-CART,W-CART:cart,46,,0.12,0.22,1 0 23 5 2 6 12 46 3 4 11 47 9 13 22 24 8 7 38 10,1 0 23 5 2 6 12 46 3 4 11 47 9 13 22 24 8 7 38 10,ecg200-spectrum,db4,energy,26,50,50,0
ALL,W-CART:cart,46,,0.12,0.22,1 0 23 5 2 6 12 46 3 4 11 47 9 13 22 24 8 7 38 10,1 0 23 5 2 6 12 46 3 4 11 47 9 13 22 24 8 7 38 10,ecg200-spectrum,db4,energy,26,50,50,0
W-NN,W-NN:k=1,20,1.5,0.14,0.18,1 23 0 5 6 2 46 12 3 4 11 7 8 9 10 13 14 15 16 17,1 23 0 5 6 2 12 46 3 4 11 8 9 10 22 24 25 34 38 39,ecg200-spectrum,db4,usage,26,50,50,0
W-QDA,W-QDA:qda,5,3.0,0.16,0.21,1 0 5 2 3 4 6 7 8 9 10 11 12 13 14 15 16 17 18 19,1 23 0 5 6 2 12 46 3 4 11 8 9 10 22 24 25 34 38 39,ecg200-spectrum,db4,usage,26,50,50,0
W-CART,W-CART:cart,23,1.5,0.12,0.22,1 23 0 5 6 2 46 12 3 4 11 7 8 9 10 13 14 15 16 17,1 23 0 5 6 2 12 46 3 4 11 8 9 10 22 24 25 34 38 39,ecg200-spectrum,db4,usage,26,50,50,0
ALL,W-CART:cart,23,1.5,0.12,0.22,1 23 0 5 6 2 46 12 3 4 11 7 8 9 10 13 14 15 16 17,1 23 0 5 6 2 12 46 3 4 11 8 9 10 22 24 25 34 38 39,ecg200-spectrum,db4,usage,26,50,50,0
W-NN,W-NN:k=1,26,,0.1,0.27,1 0 23 5 2 6 46 12 3 4 11 13 47 9 8 22 24 43 10 34,1 0 23 5 2 6 46 12 3 4 11 13 47 9 8 22 24 43 10 34,ecg200-spectrum,db4,energy,27,50,50,0
W-QDA,W-QDA:qda,3,,0.16,0.25,1 0 23 5 2 6 46 12 3 4 11 13 47 9 8 22 24 43 10 34,1 0 23 5 2 6 46 12 3 4 11 13 47 9 8 22 24 43 10 34,ecg200-spectrum,db4,energy,27,50,50,0
W-CART,W-CART:cart,30,,0.1,0.18,1 0 23 5 2 6 46 12 3 4 11 13 47 9 8 22 24 43 10 34,1 0 23 5 2 6 46 12 3 4 11 13 47 9 8 22 24 43 10 34,ecg200-spectrum,db4,energy,27,50,50,0
ALL,W-NN:k=1,26,,0.1,0.27,1 0 23 5 2 6 46 12 3 4 11 13 47 9 8 22 24 43 10 34,1 0 23 5 2 6 46 12 3 4 11 13 47 9 8 22 24 43 10 34,ecg200-spectrum,db4,energy,27,50,50,0
W-NN,W-NN:k=3,28,1.0,0.1,0.23,1 23 0 5 6 2 12 46 3 4 11 34 43 9 13 24 25 30 7 8,1 23 0 5 6 2 12 46 3 4 11 34 43 9 13 24 25 30 7 8,ecg200-spectrum,db4,usage,27,50,50,0
W-QDA,W-QDA:qda,5,3.0,0.12,0.19,1 0 2 3 4 5 6 7 8 9 10 11 12 13 14 15 16 17 18 19,1 23 0 5 6 2 12 46 3 4 11 34 43 9 13 24 25 30 7 8,ecg200-spectrum,db4,usage,27,50,50,0
W-CART,W-CART:cart,33,2.0,0.1,0.22,1 23 0 5 6 2 3 4 7 8 9 10 11 12 13 14 15 16 17 18,1 23 0 5 6 2 12 46 3 4 11 34 43 9 13 24 25 30 7 8,ecg200-spectrum,db4,usage,27,50,50,0
ALL,W-NN:k=3,28,1.0,0.1,0.23,1 23 0 5 6 2 12 46 3 4 11 34 43 9 13 24 25 30 7 8,1 23 0 5 6 2 12 46 3 4 11 34 43 9 13 24 25 30 7 8,ecg200-spectrum,db4,usage,27,50,50,0
W-NN,W-NN:k=3,4,,0.12,0.25,1 0 23 5 2 6 12 46 3 4 47 11 13 7 9 24 8 25 22 10,1 0 23 5 2 6 12 46 3 4 47 11 13 7 9 24 8 25 22 10,ecg200-spectrum,db4,energy,28,50,50,0
W-QDA,W-QDA:qda,2,,0.18,0.3,1 0 23 5 2 6 12 46 3 4 47 11 13 7 9 24 8 25 22 10,1 0 23 5 2 6 12 46 3 4 47 11 13 7 9 24 8 25 22 10,ecg200-spectrum,db4,energy,28,50,50,0
W-CART,W-CART:cart,10,,0.12,0.24,1 0 23 5 2 6 12 46 3 4 47 11 13 7 9 24 8 25 22 10,1 0 23 5 2 6 12 46 3 4 47 11 13 7 9 24 8 25 22 10,ecg200-spectrum,db4,energy,28,50,50,0
ALL,W-NN:k=3,4,,0.12,0.25,1 0 23 5 2 6 12 46 3 4 47 11 13 7 9 24 8 25 22 10,1 0 23 5 2 6 12 46 3 4 47 11 13 7 9 24 8 25 22 10,ecg200-spectrum,db4,energy,28,50,50,0
W-NN,W-NN:k=3,4,1.0,0.12,0.25,1 23 0 5 6 12 2 3 4 46 11 7 9 13 17 22 24 25 32 37,1 23 0 5 6 12 2 3 4 46 11 7 9 13 17 22 24 25 32 37,ecg200-spectrum,db4,usage,28,50,50,0
W-QDA,W-QDA:qda,5,0.5,0.06,0.16,1 23 0 6 12 5 46 2 4 3 13 9 8 24 25 7 11 37 47 10,1 23 0 5 6 12 2 3 4 46 11 7 9 13 17 22 24 25 32 37,ecg200-spectrum,db4,usage,28,50,50,0
W-CART,W-CART:cart,30,2.0,0.08,0.25,1 23 0 5 46 2 3 4 6 7 8 9 10 11 12 13 14 15 16 17,1 23 0 5 6 12 2 3 4 46 11 7 9 13 17 22 24 25 32 37,ecg200-spectrum,db4,usage,28,50,50,0
ALL,W-QDA:qda,5,0.5,0.06,0.16,1 23 0 6 12 5 46 2 4 3 13 9 8 24 25 7 11 37 47 10,1 23 0 5 6 12 2 3 4 46 11 7 9 13 17 22 24 25 32 37,ecg200-spectrum,db4,usage,28,50,50,0
W-NN,W-NN:k=1,8,,0.12,0.26,1 0 23 5 2 6 46 12 4 3 47 22 11 13 8 24 9 34 17 21,1 0 23 5 2 6 46 12 4 3 47 22 11 13 8 24 9 34 17 21,ecg200-spectrum,db4,energy,29,50,50,0
W-QDA,W-QDA:qda,10,,0.08,0.25,1 0 23 5 2 6 46 12 4 3 47 22 11 13 8 24 9 34 17 21,1 0 23 5 2 6 46 12 4 3 47 22 11 13 8 24 9 34 17 21,ecg200-spectrum,db4,energy,29,50,50,0
W-CART,W-CART:cart,11,,0.08,0.24,1 0 23 5 2 6 46 12 4 3 47 22 11 13 8 24 9 34 17 21,1 0 23 5 2 6 46 12 4 3 47 22 11 13 8 24 9 34 17 21,ecg200-spectrum,db4,energy,29,50,50,0
ALL,W-QDA:qda,10,,0.08,0.25,1 0 23 5 2 6 46 12 4 3 47 22 11 13 8 24 9 34 17 21,1 0 23 5 2 6 46 12 4 3 47 22 11 13 8 24 9 34 17 21,ecg200-spectrum,db4,energy,29,50,50,0
W-NN,W-NN:k=1,4,3.0,0.1,0.3,1 0 2 3 4 5 6 7 8 9 10 11 12 13 14 15 16 17 18 19,1 23 0 5 6 2 12 46 4 3 8 19 25 32 33 34 37 43 7 9,ecg200-spectrum,db4,usage,29,50,50,0
W-QDA,W-QDA:qda,8,3.0,0.04,0.2,1 0 2 3 4 5 6 7 8 9 10 11 12 13 14 15 16 17 18 19,1 23 0 5 6 2 12 46 4 3 8 19 25 32 33 34 37 43 7 9,ecg200-spectrum,db4,usage,29,50,50,0
W-CART,W-CART:cart,6,3.0,0.08,0.25,1 0 2 3 4 5 6 7 8 9 10 11 12 13 14 15 16 17 18 19,1 23 0 5 6 2 12 46 4 3 8 19 25 32 33 34 37 43 7 9,ecg200-spectrum,db4,usage,29,50,50,0
ALL,W-QDA:qda,8,3.0,0.04,0.2,1 0 2 3 4 5 6 7 8 9 10 11 12 13 14 15 16 17 18 19,1 23 0 5 6 2 12 46 4 3 8 19 25 32 33 34 37 43 7 9,ecg200-spectrum,db4,usage,29,50,50,0
W-NN,W-NN:k=15,5,,0.22,0.29,1 23 0 5 2 6 46 12 3 4 24 22 11 13 47 8 9 25 7 10,1 23 0 5 2 6 46 12 3 4 24 22 11 13 47 8 9 25 7 10,ecg200-spectrum,db4,energy,30,50,50,0
W-QDA,W-QDA:qda,9,,0.18,0.21,1 23 0 5 2 6 46 12 3 4 24 22 11 13 47 8 9 25 7 10,1 23 0 5 2 6 46 12 3 4 24 22 11 13 47 8 9 25 7 10,ecg200-spectrum,db4,energy,30,50,50,0
W-CART,W-CART:cart,23,,0.18,0.16,1 23 0 5 2 6 46 12 3 4 24 22 11 13 47 8 9 25 7 10,1 23 0 5 2 6 46 12 3 4 24 22 11 13 47 8 9 25 7 10,ecg200-spectrum,db4,energy,30,50,50,0
ALL,W-QDA:qda,9,,0.18,0.21,1 23 0 5 2 6 46 12 3 4 24 22 11 13 47 8 9 25 7 10,1 23 0 5 2 6 46 12 3 4 24 22 11 13 47 8 9 25 7 10,ecg200-spectrum,db4,energy,30,50,50,0
W-NN,W-NN:k=15,4,3.0,0.22,0.29,1 0 46 2 3 4 5 6 7 8 9 10 11 12 13 14 15 16 17 18,1 23 0 5 6 2 12 46 3 4 10 22 24 25 34 39 8 9 11 13,ecg200-spectrum,db4,usage,30,50,50,0
W-QDA,W-QDA:qda,11,1.5,0.14,0.17,1 23 0 5 6 2 12 46 3 11 25 4 7 8 9 10 13 14 15 16,1 23 0 5 6 2 12 46 3 4 10 22 24 25 34 39 8 9 11 13,ecg200-spectrum,db4,usage,30,50,50,0
W-CART,W-CART:cart,14,3.0,0.18,0.16,1 0 46 2 3 4 5 6 7 8 9 10 11 12 13 14 15 16 17 18,1 23 0 5 6 2 12 46 3 4 10 22 24 25 34 39 8 9 11 13,ecg200-spectrum,db4,usage,30,50,50,0
ALL,W-QDA:qda,11,1.5,0.14,0.17,1 23 0 5 6 2 12 46 3 11 25 4 7 8 9 10 13 14 15 16,1 23 0 5 6 2 12 46 3 4 10 22 24 25 34 39 8 9 11 13,ecg200-spectrum,db4,usage,30,50,50,0
W-NN,W-NN:k=5,27,,0.14,0.25,1 23 0 5 2 12 6 46 3 4 47 11 13 9 8 22 25 34 40 10,1 23 0 5 2 12 6 46 3 4 47 11 13 9 8 22 25 34 40 10,ecg200-spectrum,db4,energy,31,50,50,0
W-QDA,W-QDA:qda,12,,0.24,0.25,1 23 0 5 2 12 6 46 3 4 47 11 13 9 8 22 25 34 40 10,1 23 0 5 2 12 6 46 3 4 47 11 13 9 8 22 25 34 40 10,ecg200-spectrum,db4,energy,31,50,50,0
W-CART,W-CART:cart,33,,0.14,0.16,1 23 0 5 2 12 6 46 3 4 47 11 13 9 8 22 25 34 40 10,1 23 0 5 2 12 6 46 3 4 47 11 13 9 8 22 25 34 40 10,ecg200-spectrum,db4,energy,31,50,50,0
ALL,W-NN:k=5,27,,0.14,0.25,1 23 0 5 2 12 6 46 3 4 47 11 13 9 8 22 25 34 40 10,1 23 0 5 2 12 6 46 3 4 47 11 13 9 8 22 25 34 40 10,ecg200-spectrum,db4,energy,31,50,50,0
W-NN,W-NN:k=5,21,1.0,0.12,0.24,1 23 0 5 6 12 2 46 4 3 8 9 11 13 17 18 22 25 34 35,1 23 0 5 6 12 2 46 4 3 8 9 11 13 17 18 22 25 34 35,ecg200-spectrum,db4,usage,31,50,50,0
W-QDA,W-QDA:qda,13,1.0,0.18,0.15,1 23 0 5 6 12 2 46 4 3 8 9 11 13 17 18 22 25 34 35,1 23 0 5 6 12 2 46 4 3 8 9 11 13 17 18 22 25 34 35,ecg200-spectrum,db4,usage,31,50,50,0
W-CART,W-CART:cart,11,3.0,0.14,0.19,1 0 46 2 3 4 5 6 7 8 9 10 11 12 13 14 15 16 17 18,1 23 0 5 6 12 2 46 4 3 8 9 11 13 17 18 22 25 34 35,ecg200-spectrum,db4,usage,31,50,50,0
ALL,W-NN:k=5,21,1.0,0.12,0.24,1 23 0 5 6 12 2 46 4 3 8 9 11 13 17 18 22 25 34 35,1 23 0 5 6 12 2 46 4 3 8 9 11 13 17 18 22 25 34 35,ecg200-spectrum,db4,usage,31,50,50,0
W-NN,W-NN:k=1,32,,0.18,0.22,1 0 23 5 2 6 46 12 3 4 11 47 13 24 22 9 8 7 34 17,1 0 23 5 2 6 46 12 3 4 11 47 13 24 22 9 8 7 34 17,ecg200-spectrum,db4,energy,32,50,50,0
W-QDA,W-QDA:qda,6,,0.18,0.28,1 0 23 5 2 6 46 12 3 4 11 47 13 24 22 9 8 7 34 17,1 0 23 5 2 6 46 12 3 4 11 47 13 24 22 9 8 7 34 17,ecg200-spectrum,db4,energy,32,50,50,0
W-CART,W-CART:cart,10,,0.2,0.18,1 0 23 5 2 6 46 12 3 4 11 47 13 24 22 9 8 7 34 17,1 0 23 5 2 6 46 12 3 4 11 47 13 24 22 9 8 7 34 17,ecg200-spectrum,db4,energy,32,50,50,0
ALL,W-QDA:qda,6,,0.18,0.28,1 0 23 5 2 6 46 12 3 4 11 47 13 24 22 9 8 7 34 17,1 0 23 5 2 6 46 12 3 4 11 47 13 24 22 9 8 7 34 17,ecg200-spectrum,db4,energy,32,50,50,0
W-NN,W-NN:k=1,21,1.0,0.14,0.25,1 23 0 5 6 2 12 46 3 4 11 8 19 22 25 30 31 34 36 37,1 23 0 5 6 2 12 46 3 4 11 8 19 22 25 30 31 34 36 37,ecg200-spectrum,db4,usage,32,50,50,0
W-QDA,W-QDA:qda,6,1.0,0.18,0.28,1 23 0 5 6 2 12 46 3 4 11 8 19 22 25 30 31 34 36 37,1 23 0 5 6 2 12 46 3 4 11 8 19 22 25 30 31 34 36 37,ecg200-spectrum,db4,usage,32,50,50,0
W-CART,W-CART:cart,9,0.5,0.16,0.27,0 1 23 5 46 6 12 2 4 3 11 13 9 21 8 22 24 42 7 34,1 23 0 5 6 2 12 46 3 4 11 8 19 22 25 30 31 34 36 37,ecg200-spectrum,db4,usage,32,50,50,0
ALL,W-NN:k=1,21,1.0,0.14,0.25,1 23 0 5 6 2 12 46 3 4 11 8 19 22 25 30 31 34 36 37,1 23 0 5 6 2 12 46 3 4 11 8 19 22 25 30 31 34 36 37,ecg200-spectrum,db4,usage,32,50,50,0
W-NN,W-NN:k=3,45,,0.18,0.2,1 23 0 5 2 6 12 46 3 4 8 24 7 22 13 47 9 34 25 43,1 23 0 5 2 6 12 46 3 4 8 24 7 22 13 47 9 34 25 43,ecg200-spectrum,db4,energy,33,50,50,0
W-QDA,W-QDA:qda,4,,0.18,0.24,1 23 0 5 2 6 12 46 3 4 8 24 7 22 13 47 9 34 25 43,1 23 0 5 2 6 12 46 3 4 8 24 7 22 13 47 9 34 25 43,ecg200-spectrum,db4,energy,33,50,50,0
W-CART,W-CART:cart,12,,0.1,0.18,1 23 0 5 2 6 12 46 3 4 8 24 7 22 13 47 9 34 25 43,1 23 0 5 2 6 12 46 3 4 8 24 7 22 13 47 9 34 25 43,ecg200-spectrum,db4,energy,33,50,50,0
ALL,W-CART:cart,12,,0.1,0.18,1 23 0 5 2 6 12 46 3 4 8 24 7 22 13 47 9 34 25 43,1 23 0 5 2 6 12 46 3 4 8 24 7 22 13 47 9 34 25 43,ecg200-spectrum,db4,energy,33,50,50,0
W-NN,W-NN:k=1,17,3.0,0.14,0.23,1 0 2 3 4 5 6 7 8 9 10 11 12 13 14 15 16 17 18 19,0 1 23 5 6 12 2 46 4 3 8 34 22 39 7 10 13 24 25 33,ecg200-spectrum,db4,usage,33,50,50,0
W-QDA,W-QDA:qda,4,0.5,0.18,0.24,0 1 23 5 6 12 46 2 4 3 13 8 9 7 22 10 25 43 11 16,0 1 23 5 6 12 2 46 4 3 8 34 22 39 7 10 13 24 25 33,ecg200-spectrum,db4,usage,33,50,50,0
W-CART,W-CART:cart,6,3.0,0.08,0.23,1 0 2 3 4 5 6 7 8 9 10 11 12 13 14 15 16 17 18 19,0 1 23 5 6 12 2 46 4 3 8 34 22 39 7 10 13 24 25 33,ecg200-spectrum,db4,usage,33,50,50,0
ALL,W-CART:cart,6,3.0,0.08,0.23,1 0 2 3 4 5 6 7 8 9 10 11 12 13 14 15 16 17 18 19,0 1 23 5 6 12 2 46 4 3 8 34 22 39 7 10 13 24 25 33,ecg200-spectrum,db4,usage,33,50,50,0
W-NN,W-NN:k=7,32,,0.16,0.27,1 23 0 5 2 6 46 12 3 4 11 47 8 22 9 13 7 34 10 37,1 23 0 5 2 6 46 12 3 4 11 47 8 22 9 13 7 34 10 37,ecg200-spectrum,db4,energy,34,50,50,0
W-QDA,W-QDA:qda,14,,0.1,0.24,1 23 0 5 2 6 46 12 3 4 11 47 8 22 9 13 7 34 10 37,1 23 0 5 2 6 46 12 3 4 11 47 8 22 9 13 7 34 10 37,ecg200-spectrum,db4,energy,34,50,50,0
W-CART,W-CART:cart,20,,0.14,0.18,1 23 0 5 2 6 46 12 3 4 11 47 8 22 9 13 7 34 10 37,1 23 0 5 2 6 46 12 3 4 11 47 8 22 9 13 7 34 10 37,ecg200-spectrum,db4,energy,34,50,50,0
ALL,W-QDA:qda,14,,0.1,0.24,1 23 0 5 2 6 46 12 3 4 11 47 8 22 9 13 7 34 10 37,1 23 0 5 2 6 46 12 3 4 11 47 8 22 9 13 7 34 10 37,ecg200-spectrum,db4,energy,34,50,50,0
W-NN,W-NN:k=1,4,0.5,0.16,0.34,0 1 12 23 5 6 46 2 4 3 11 9 13 22 47 8 37 21 7 20,1 23 0 5 6 2 12 46 4 3 11 22 34 8 9 10 35 37 41 42,ecg200-spectrum,db4,usage,34,50,50,0
W-QDA,W-QDA:qda,10,1.5,0.1,0.27,1 23 0 5 6 2 46 11 3 12 4 7 8 9 10 13 14 15 16 17,1 23 0 5 6 2 12 46 4 3 11 22 34 8 9 10 35 37 41 42,ecg200-spectrum,db4,usage,34,50,50,0
W-CART,W-CART:cart,10,3.0,0.14,0.2,1 0 5 46 2 3 4 6 7 8 9 10 11 12 13 14 15 16 17 18,1 23 0 5 6 2 12 46 4 3 11 22 34 8 9 10 35 37 41 42,ecg200-spectrum,db4,usage,34,50,50,0
ALL,W-QDA:qda,10,1.5,0.1,0.27,1 23 0 5 6 2 46 11 3 12 4 7 8 9 10 13 14 15 16 17,1 23 0 5 6 2 12 46 4 3 11 22 34 8 9 10 35 37 41 42,ecg200-spectrum,db4,usage,34,50,50,0
W-NN,W-NN:k=7,21,,0.16,0.22,1 23 0 5 2 6 46 12 3 4 11 8 47 22 13 9 24 7 25 37,1 23 0 5 2 6 46 12 3 4 11 8 47 22 13 9 24 7 25 37,ecg200-spectrum,db4,energy,35,50,50,0
W-QDA,W-QDA:qda,11,,0.14,0.2,1 23 0 5 2 6 46 12 3 4 11 8 47 22 13 9 24 7 25 37,1 23 0 5 2 6 46 12 3 4 11 8 47 22 13 9 24 7 25 37,ecg200-spectrum,db4,energy,35,50,50,0
W-CART,W-CART:cart,14,,0.08,0.15,1 23 0 5 2 6 46 12 3 4 11 8 47 22 13 9 24 7 25 37,1 23 0 5 2 6 46 12 3 4 11 8 47 22 13 9 24 7 25 37,ecg200-spectrum,db4,energy,35,50,50,0
ALL,W-CART:cart,14,,0.08,0.15,1 23 0 5 2 6 46 12 3 4 11 8 47 22 13 9 24 7 25 37,1 23 0 5 2 6 46 12 3 4 11 8 47 22 13 9 24 7 25 37,ecg200-spectrum,db4,energy,35,50,50,0
W-NN,W-NN:k=9,11,0.5,0.16,0.22,0 1 5 23 12 6 46 2 4 3 13 9 8 11 22 25 7 47 24 37,1 23 0 5 6 2 12 46 3 4 11 22 7 8 13 17 25 31 36 37,ecg200-spectrum,db4,usage,35,50,50,0
W-QDA,W-QDA:qda,4,3.0,0.14,0.19,1 0 2 3 4 5 6 7 8 9 10 11 12 13 14 15 16 17 18 19,1 23 0 5 6 2 12 46 3 4 11 22 7 8 13 17 25 31 36 37,ecg200-spectrum,db4,usage,35,50,50,0
W-CART,W-CART:cart,14,2.0,0.08,0.15,1 23 0 5 2 6 46 3 4 7 8 9 10 11 12 13 14 15 16 17,1 23 0 5 6 2 12 46 3 4 11 22 7 8 13 17 25 31 36 37,ecg200-spectrum,db4,usage,35,50,50,0
ALL,W-CART:cart,14,2.0,0.08,0.15,1 23 0 5 2 6 46 3 4 7 8 9 10 11 12 13 14 15 16 17,1 23 0 5 6 2 12 46 3 4 11 22 7 8 13 17 25 31 36 37,ecg200-spectrum,db4,usage,35,50,50,0
W-NN,W-NN:k=1,22,,0.14,0.22,1 0 23 5 2 6 12 46 3 4 47 13 8 9 24 25 22 43 7 34,1 0 23 5 2 6 12 46 3 4 47 13 8 9 24 25 22 43 7 34,ecg200-spectrum,db4,energy,36,50,50,0
W-QDA,W-QDA:qda,6,,0.12,0.21,1 0 23 5 2 6 12 46 3 4 47 13 8 9 24 25 22 43 7 34,1 0 23 5 2 6 12 46 3 4 47 13 8 9 24 25 22 43 7 34,ecg200-spectrum,db4,energy,36,50,50,0
W-CART,W-CART:cart,11,,0.14,0.24,1 0 23 5 2 6 12 46 3 4 47 13 8 9 24 25 22 43 7 34,1 0 23 5 2 6 12 46 3 4 47 13 8 9 24 25 22 43 7 34,ecg200-spectrum,db4,energy,36,50,50,0
ALL,W-QDA:qda,6,,0.12,0.21,1 0 23 5 2 6 12 46 3 4 47 13 8 9 24 25 22 43 7 34,1 0 23 5 2 6 12 46 3 4 47 13 8 9 24 25 22 43 7 34,ecg200-spectrum,db4,energy,36,50,50,0
W-NN,W-NN:k=1,20,1.0,0.14,0.19,1 23 0 5 6 2 12 46 3 4 25 8 13 34 43 9 19 24 30 31,1 23 0 5 6 2 12 46 3 4 25 8 13 34 43 9 19 24 30 31,ecg200-spectrum,db4,usage,36,50,50,0
W-QDA,W-QDA:qda,5,1.0,0.12,0.19,1 23 0 5 6 2 12 46 3 4 25 8 13 34 43 9 19 24 30 31,1 23 0 5 6 2 12 46 3 4 25 8 13 34 43 9 19 24 30 31,ecg200-spectrum,db4,usage,36,50,50,0
W-CART,W-CART:cart,10,1.0,0.12,0.23,1 23 0 5 6 2 12 46 3 4 25 8 13 34 43 9 19 24 30 31,1 23 0 5 6 2 12 46 3 4 25 8 13 34 43 9 19 24 30 31,ecg200-spectrum,db4,usage,36,50,50,0
ALL,W-QDA:qda,5,1.0,0.12,0.19,1 23 0 5 6 2 12 46 3 4 25 8 13 34 43 9 19 24 30 31,1 23 0 5 6 2 12 46 3 4 25 8 13 34 43 9 19 24 30 31,ecg200-spectrum,db4,usage,36,50,50,0
W-NN,W-NN:k=1,24,,0.14,0.24,1 23 0 5 2 6 46 12 3 4 11 7 24 22 13 9 8 10 47 25,1 23 0 5 2 6 46 12 3 4 11 7 24 22 13 9 8 10 47 25,ecg200-spectrum,db4,energy,37,50,50,0
W-QDA,W-QDA:qda,7,,0.2,0.28,1 23 0 5 2 6 46 12 3 4 11 7 24 22 13 9 8 10 47 25,1 23 0 5 2 6 46 12 3 4 11 7 24 22 13 9 8 10 47 25,ecg200-spectrum,db4,energy,37,50,50,0
W-CART,W-CART:cart,23,,0.12,0.17,1 23 0 5 2 6 46 12 3 4 11 7 24 22 13 9 8 10 47 25,1 23 0 5 2 6 46 12 3 4 11 7 24 22 13 9 8 10 47 25,ecg200-spectrum,db4,energy,37,50,50,0
ALL,W-CART:cart,23,,0.12,0.17,1 23 0 5 2 6 46 12 3 4 11 7 24 22 13 9 8 10 47 25,1 23 0 5 2 6 46 12 3 4 11 7 24 22 13 9 8 10 47 25,ecg200-spectrum,db4,energy,37,50,50,0
W-NN,W-NN:k=1,32,1.5,0.16,0.24,1 23 0 5 6 2 46 3 12 4 7 11 8 9 10 13 14 15 16 17,1 23 0 5 6 2 12 46 4 3 7 10 11 22 25 42 9 13 24 30,ecg200-spectrum,db4,usage,37,50,50,0
W-QDA,W-QDA:qda,10,3.0,0.12,0.22,1 0 46 2 3 4 5 6 7 8 9 10 11 12 13 14 15 16 17 18,1 23 0 5 6 2 12 46 4 3 7 10 11 22 25 42 9 13 24 30,ecg200-spectrum,db4,usage,37,50,50,0
W-CART,W-CART:cart,12,3.0,0.1,0.15,1 0 46 2 3 4 5 6 7 8 9 10 11 12 13 14 15 16 17 18,1 23 0 5 6 2 12 46 4 3 7 10 11 22 25 42 9 13 24 30,ecg200-spectrum,db4,usage,37,50,50,0
ALL,W-CART:cart,12,3.0,0.1,0.15,1 0 46 2 3 4 5 6 7 8 9 10 11 12 13 14 15 16 17 18,1 23 0 5 6 2 12 46 4 3 7 10 11 22 25 42 9 13 24 30,ecg200-spectrum,db4,usage,37,50,50,0
W-NN,W-NN:k=3,27,,0.12,0.17,1 0 23 5 2 6 12 46 3 4 24 47 13 11 10 22 9 8 18 25,1 0 23 5 2 6 12 46 3 4 24 47 13 11 10 22 9 8 18 25,ecg200-spectrum,db4,energy,38,50,50,0
W-QDA,W-QDA:qda,6,,0.12,0.23,1 0 23 5 2 6 12 46 3 4 24 47 13 11 10 22 9 8 18 25,1 0 23 5 2 6 12 46 3 4 24 47 13 11 10 22 9 8 18 25,ecg200-spectrum,db4,energy,38,50,50,0
W-CART,W-CART:cart,27,,0.1,0.16,1 0 23 5 2 6 12 46 3 4 24 47 13 11 10 22 9 8 18 25,1 0 23 5 2 6 12 46 3 4 24 47 13 11 10 22 9 8 18 25,ecg200-spectrum,db4,energy,38,50,50,0
ALL,W-CART:cart,27,,0.1,0.16,1 0 23 5 2 6 12 46 3 4 24 47 13 11 10 22 9 8 18 25,1 0 23 5 2 6 12 46 3 4 24 47 13 11 10 22 9 8 18 25,ecg200-spectrum,db4,energy,38,50,50,0
W-NN,W-NN:k=3,33,2.0,0.1,0.17,1 23 0 5 2 12 3 4 6 7 8 9 10 11 13 14 15 16 17 18,0 1 23 5 6 2 12 46 3 4 10 22 24 25 42 11 13 17 35 39,ecg200-spectrum,db4,usage,38,50,50,0
W-QDA,W-QDA:qda,9,3.0,0.08,0.24,1 0 2 3 4 5 6 7 8 9 10 11 12 13 14 15 16 17 18 19,0 1 23 5 6 2 12 46 3 4 10 22 24 25 42 11 13 17 35 39,ecg200-spectrum,db4,usage,38,50,50,0
W-CART,W-CART:cart,19,0.5,0.1,0.16,0 1 23 5 46 6 12 2 4 3 13 8 10 9 22 37 11 34 42 47,0 1 23 5 6 2 12 46 3 4 10 22 24 25 42 11 13 17 35 39,ecg200-spectrum,db4,usage,38,50,50,0
ALL,W-QDA:qda,9,3.0,0.08,0.24,1 0 2 3 4 5 6 7 8 9 10 11 12 13 14 15 16 17 18 19,0 1 23 5 6 2 12 46 3 4 10 22 24 25 42 11 13 17 35 39,ecg200-spectrum,db4,usage,38,50,50,0
W-NN,W-NN:k=1,36,,0.16,0.16,1 0 23 5 2 6 46 12 3 4 11 22 9 13 47 7 24 8 25 18,1 0 23 5 2 6 46 12 3 4 11 22 9 13 47 7 24 8 25 18,ecg200-spectrum,db4,energy,39,50,50,0
W-QDA,W-QDA:qda,9,,0.18,0.19,1 0 23 5 2 6 46 12 3 4 11 22 9 13 47 7 24 8 25 18,1 0 23 5 2 6 46 12 3 4 11 22 9 13 47 7 24 8 25 18,ecg200-spectrum,db4,energy,39,50,50,0
W-CART,W-CART:cart,19,,0.14,0.22,1 0 23 5 2 6 46 12 3 4 11 22 9 13 47 7 24 8 25 18,1 0 23 5 2 6 46 12 3 4 11 22 9 13 47 7 24 8 25 18,ecg200-spectrum,db4,energy,39,50,50,0
ALL,W-CART:cart,19,,0.14,0.22,1 0 23 5 2 6 46 12 3 4 11 22 9 13 47 7 24 8 25 18,1 0 23 5 2 6 46 12 3 4 11 22 9 13 47 7 24 8 25 18,ecg200-spectrum,db4,energy,39,50,50,0
W-NN,W-NN:k=5,5,3.0,0.14,0.2,1 0 23 2 3 4 5 6 7 8 9 10 11 12 13 14 15 16 17 18,1 23 0 5 6 12 2 46 3 4 22 7 9 11 24 25 34 37 43 8,ecg200-spectrum,db4,usage,39,50,50,0
W-QDA,W-QDA:qda,10,3.0,0.1,0.18,1 0 23 2 3 4 5 6 7 8 9 10 11 12 13 14 15 16 17 18,1 23 0 5 6 12 2 46 3 4 22 7 9 11 24 25 34 37 43 8,ecg200-spectrum,db4,usage,39,50,50,0
W-CART,W-CART:cart,16,0.5,0.14,0.22,1 23 0 5 12 6 46 2 4 3 13 9 11 22 8 25 47 7 24 17,1 23 0 5 6 12 2 46 3 4 22 7 9 11 24 25 34 37 43 8,ecg200-spectrum,db4,usage,39,50,50,0
ALL,W-QDA:qda,10,3.0,0.1,0.18,1 0 23 2 3 4 5 6 7 8 9 10 11 12 13 14 15 16 17 18,1 23 0 5 6 12 2 46 3 4 22 7 9 11 24 25 34 37 43 8,ecg200-spectrum,db4,usage,39,50,50,0
W-NN,W-NN:k=3,31,,0.1,0.22,1 0 23 5 2 6 46 12 3 4 11 22 47 8 13 9 24 7 34 10,1 0 23 5 2 6 46 12 3 4 11 22 47 8 13 9 24 7 34 10,ecg200-spectrum,db4,energy,40,50,50,0
W-QDA,W-QDA:qda,11,,0.12,0.2,1 0 23 5 2 6 46 12 3 4 11 22 47 8 13 9 24 7 34 10,1 0 23 5 2 6 46 12 3 4 11 22 47 8 13 9 24 7 34 10,ecg200-spectrum,db4,energy,40,50,50,0
W-CART,W-CART:cart,11,,0.1,0.21,1 0 23 5 2 6 46 12 3 4 11 22 47 8 13 9 24 7 34 10,1 0 23 5 2 6 46 12 3 4 11 22 47 8 13 9 24 7 34 10,ecg200-spectrum,db4,energy,40,50,50,0
ALL,W-CART:cart,11,,0.1,0.21,1 0 23 5 2 6 46 12 3 4 11 22 47 8 13 9 24 7 34 10,1 0 23 5 2 6 46 12 3 4 11 22 47 8 13 9 24 7 34 10,ecg200-spectrum,db4,energy,40,50,50,0
W-NN,W-NN:k=3,39,1.5,0.06,0.21,1 23 0 5 6 2 46 12 3 11 4 25 34 7 8 9 10 13 14 15,1 23 0 5 6 2 12 46 3 4 11 22 10 8 9 13 25 31 33 34,ecg200-spectrum,db4,usage,40,50,50,0
W-QDA,W-QDA:qda,7,2.0,0.12,0.25,1 23 0 5 3 12 46 2 4 6 7 8 9 10 11 13 14 15 16 17,1 23 0 5 6 2 12 46 3 4 11 22 10 8 9 13 25 31 33 34,ecg200-spectrum,db4,usage,40,50,50,0
W-CART,W-CART:cart,11,1.0,0.08,0.21,1 23 0 5 6 2 12 46 3 4 11 22 10 8 9 13 25 31 33 34,1 23 0 5 6 2 12 46 3 4 11 22 10 8 9 13 25 31 33 34,ecg200-spectrum,db4,usage,40,50,50,0
ALL,W-NN:k=3,39,1.5,0.06,0.21,1 23 0 5 6 2 46 12 3 11 4 25 34 7 8 9 10 13 14 15,1 23 0 5 6 2 12 46 3 4 11 22 10 8 9 13 25 31 33 34,ecg200-spectrum,db4,usage,40,50,50,0
W-NN,W-NN:k=15,9,,0.14,0.23,1 0 23 5 2 6 12 46 3 4 8 24 47 13 9 34 39 25 22 37,1 0 23 5 2 6 12 46 3 4 8 24 47 13 9 34 39 25 22 37,ecg200-spectrum,db4,energy,41,50,50,0
W-QDA,W-QDA:qda,4,,0.2,0.23,1 0 23 5 2 6 12 46 3 4 8 24 47 13 9 34 39 25 22 37,1 0 23 5 2 6 12 46 3 4 8 24 47 13 9 34 39 25 22 37,ecg200-spectrum,db4,energy,41,50,50,0
W-CART,W-CART:cart,36,,0.2,0.25,1 0 23 5 2 6 12 46 3 4 8 24 47 13 9 34 39 25 22 37,1 0 23 5 2 6 12 46 3 4 8 24 47 13 9 34 39 25 22 37,ecg200-spectrum,db4,energy,41,50,50,0
ALL,W-NN:k=15,9,,0.14,0.23,1 0 23 5 2 6 12 46 3 4 8 24 47 13 9 34 39 25 22 37,1 0 23 5 2 6 12 46 3 4 8 24 47 13 9 34 39 25 22 37,ecg200-spectrum,db4,energy,41,50,50,0
W-NN,W-NN:k=9,15,0.5,0.12,0.21,0 1 5 23 46 6 12 2 4 3 8 13 9 37 10 11 17 19 39 47,1 23 0 5 6 2 12 46 4 3 39 13 25 34 8 9 10 17 22 24,ecg200-spectrum,db4,usage,41,50,50,0
W-QDA,W-QDA:qda,6,2.0,0.18,0.17,1 23 0 5 6 12 2 3 4 7 8 9 10 11 13 14 15 16 17 18,1 23 0 5 6 2 12 46 4 3 39 13 25 34 8 9 10 17 22 24,ecg200-spectrum,db4,usage,41,50,50,0
W-CART,W-CART:cart,9,3.0,0.12,0.18,1 0 2 3 4 5 6 7 8 9 10 11 12 13 14 15 16 17 18 19,1 23 0 5 6 2 12 46 4 3 39 13 25 34 8 9 10 17 22 24,ecg200-spectrum,db4,usage,41,50,50,0
ALL,W-CART:cart,9,3.0,0.12,0.18,1 0 2 3 4 5 6 7 8 9 10 11 12 13 14 15 16 17 18 19,1 23 0 5 6 2 12 46 4 3 39 13 25 34 8 9 10 17 22 24,ecg200-spectrum,db4,usage,41,50,50,0
W-NN,W-NN:k=1,32,,0.16,0.2,1 23 0 5 2 6 12 46 3 4 11 22 13 9 47 8 7 10 24 25,1 23 0 5 2 6 12 46 3 4 11 22 13 9 47 8 7 10 24 25,ecg200-spectrum,db4,energy,42,50,50,0
W-QDA,W-QDA:qda,11,,0.1,0.22,1 23 0 5 2 6 12 46 3 4 11 22 13 9 47 8 7 10 24 25,1 23 0 5 2 6 12 46 3 4 11 22 13 9 47 8 7 10 24 25,ecg200-spectrum,db4,energy,42,50,50,0
W-CART,W-CART:cart,24,,0.16,0.2,1 23 0 5 2 6 12 46 3 4 11 22 13 9 47 8 7 10 24 25,1 23 0 5 2 6 12 46 3 4 11 22 13 9 47 8 7 10 24 25,ecg200-spectrum,db4,energy,42,50,50,0
ALL,W-QDA:qda,11,,0.1,0.22,1 23 0 5 2 6 12 46 3 4 11 22 13 9 47 8 7 10 24 25,1 23 0 5 2 6 12 46 3 4 11 22 13 9 47 8 7 10 24 25,ecg200-spectrum,db4,energy,42,50,50,0
W-NN,W-NN:k=1,23,2.0,0.14,0.22,1 23 0 5 2 3 4 6 7 8 9 10 11 12 13 14 15 16 17 18,1 23 0 5 6 2 12 46 3 4 10 11 22 8 34 37 40 42 43 7,ecg200-spectrum,db4,usage,42,50,50,0
W-QDA,W-QDA:qda,11,0.5,0.1,0.22,0 1 23 5 12 6 46 2 4 3 11 22 13 7 9 8 10 16 42 25,1 23 0 5 6 2 12 46 3 4 10 11 22 8 34 37 40 42 43 7,ecg200-spectrum,db4,usage,42,50,50,0
W-CART,W-CART:cart,16,1.0,0.14,0.16,1 23 0 5 6 2 12 46 3 4 10 11 22 8 34 37 40 42 43 7,1 23 0 5 6 2 12 46 3 4 10 11 22 8 34 37 40 42 43 7,ecg200-spectrum,db4,usage,42,50,50,0
ALL,W-QDA:qda,11,0.5,0.1,0.22,0 1 23 5 12 6 46 2 4 3 11 22 13 7 9 8 10 16 42 25,1 23 0 5 6 2 12 46 3 4 10 11 22 8 34 37 40 42 43 7,ecg200-spectrum,db4,usage,42,50,50,0
W-NN,W-NN:k=1,16,,0.16,0.16,1 0 23 5 2 6 12 46 3 4 47 11 8 9 24 7 13 22 33 25,1 0 23 5 2 6 12 46 3 4 47 11 8 9 24 7 13 22 33 25,ecg200-spectrum,db4,energy,43,50,50,0
W-QDA,W-QDA:qda,7,,0.1,0.16,1 0 23 5 2 6 12 46 3 4 47 11 8 9 24 7 13 22 33 25,1 0 23 5 2 6 12 46 3 4 47 11 8 9 24 7 13 22 33 25,ecg200-spectrum,db4,energy,43,50,50,0
W-CART,W-CART:cart,14,,0.1,0.21,1 0 23 5 2 6 12 46 3 4 47 11 8 9 24 7 13 22 33 25,1 0 23 5 2 6 12 46 3 4 47 11 8 9 24 7 13 22 33 25,ecg200-spectrum,db4,energy,43,50,50,0
ALL,W-QDA:qda,7,,0.1,0.16,1 0 23 5 2 6 12 46 3 4 47 11 8 9 24 7 13 22 33 25,1 0 23 5 2 6 12 46 3 4 47 11 8 9 24 7 13 22 33 25,ecg200-spectrum,db4,energy,43,50,50,0
W-NN,W-NN:k=1,8,3.0,0.16,0.17,1 0 23 2 3 4 5 6 7 8 9 10 11 12 13 14 15 16 17 18,1 23 0 5 6 2 12 46 4 3 11 24 7 10 17 22 25 31 32 33,ecg200-spectrum,db4,usage,43,50,50,0
W-QDA,W-QDA:qda,7,1.0,0.1,0.16,1 23 0 5 6 2 12 46 4 3 11 24 7 10 17 22 25 31 32 33,1 23 0 5 6 2 12 46 4 3 11 24 7 10 17 22 25 31 32 33,ecg200-spectrum,db4,usage,43,50,50,0
W-CART,W-CART:cart,11,3.0,0.08,0.25,1 0 23 2 3 4 5 6 7 8 9 10 11 12 13 14 15 16 17 18,1 23 0 5 6 2 12 46 4 3 11 24 7 10 17 22 25 31 32 33,ecg200-spectrum,db4,usage,43,50,50,0
ALL,W-CART:cart,11,3.0,0.08,0.25,1 0 23 2 3 4 5 6 7 8 9 10 11 12 13 14 15 16 17 18,1 23 0 5 6 2 12 46 4 3 11 24 7 10 17 22 25 31 32 33,ecg200-spectrum,db4,usage,43,50,50,0
W-NN,W-NN:k=1,30,,0.12,0.25,1 0 23 5 2 6 46 12 3 4 11 47 8 22 9 13 25 7 24 36,1 0 23 5 2 6 46 12 3 4 11 47 8 22 9 13 25 7 24 36,ecg200-spectrum,db4,energy,44,50,50,0
W-QDA,W-QDA:qda,11,,0.12,0.2,1 0 23 5 2 6 46 12 3 4 11 47 8 22 9 13 25 7 24 36,1 0 23 5 2 6 46 12 3 4 11 47 8 22 9 13 25 7 24 36,ecg200-spectrum,db4,energy,44,50,50,0
W-CART,W-CART:cart,20,,0.1,0.13,1 0 23 5 2 6 46 12 3 4 11 47 8 22 9 13 25 7 24 36,1 0 23 5 2 6 46 12 3 4 11 47 8 22 9 13 25 7 24 36,ecg200-spectrum,db4,energy,44,50,50,0
ALL,W-CART:cart,20,,0.1,0.13,1 0 23 5 2 6 46 12 3 4 11 47 8 22 9 13 25 7 24 36,1 0 23 5 2 6 46 12 3 4 11 47 8 22 9 13 25 7 24 36,ecg200-spectrum,db4,energy,44,50,50,0
W-NN,W-NN:k=5,15,1.0,0.12,0.21,1 0 23 5 6 2 12 46 4 3 11 22 37 18 19 25 30 36 39 40,1 0 23 5 6 2 12 46 4 3 11 22 37 18 19 25 30 36 39 40,ecg200-spectrum,db4,usage,44,50,50,0
W-QDA,W-QDA:qda,12,1.0,0.1,0.21,1 0 23 5 6 2 12 46 4 3 11 22 37 18 19 25 30 36 39 40,1 0 23 5 6 2 12 46 4 3 11 22 37 18 19 25 30 36 39 40,ecg200-spectrum,db4,usage,44,50,50,0
W-CART,W-CART:cart,31,0.5,0.12,0.11,0 1 23 5 6 12 46 2 4 3 25 11 8 9 13 22 7 10 37 38,1 0 23 5 6 2 12 46 4 3 11 22 37 18 19 25 30 36 39 40,ecg200-spectrum,db4,usage,44,50,50,0
ALL,W-QDA:qda,12,1.0,0.1,0.21,1 0 23 5 6 2 12 46 4 3 11 22 37 18 19 25 30 36 39 40,1 0 23 5 6 2 12 46 4 3 11 22 37 18 19 25 30 36 39 40,ecg200-spectrum,db4,usage,44,50,50,0
W-NN,W-NN:k=1,9,,0.12,0.17,1 23 0 5 2 6 46 12 3 4 11 22 13 8 24 9 47 17 10 35,1 23 0 5 2 6 46 12 3 4 11 22 13 8 24 9 47 17 10 35,ecg200-spectrum,db4,energy,45,50,50,0
W-QDA,W-QDA:qda,2,,0.16,0.24,1 23 0 5 2 6 46 12 3 4 11 22 13 8 24 9 47 17 10 35,1 23 0 5 2 6 46 12 3 4 11 22 13 8 24 9 47 17 10 35,ecg200-spectrum,db4,energy,45,50,50,0
W-CART,W-CART:cart,13,,0.12,0.21,1 23 0 5 2 6 46 12 3 4 11 22 13 8 24 9 47 17 10 35,1 23 0 5 2 6 46 12 3 4 11 22 13 8 24 9 47 17 10 35,ecg200-spectrum,db4,energy,45,50,50,0
ALL,W-NN:k=1,9,,0.12,0.17,1 23 0 5 2 6 46 12 3 4 11 22 13 8 24 9 47 17 10 35,1 23 0 5 2 6 46 12 3 4 11 22 13 8 24 9 47 17 10 35,ecg200-spectrum,db4,energy,45,50,50,0
W-NN,W-NN:k=1,9,1.5,0.12,0.17,1 23 0 5 2 46 6 3 12 11 43 4 7 8 9 10 13 14 15 16,1 23 0 5 6 2 12 46 4 3 8 11 22 24 31 32 34 9 10 13,ecg200-spectrum,db4,usage,45,50,50,0
W-QDA,W-QDA:qda,4,3.0,0.14,0.24,1 23 0 2 3 4 5 6 7 8 9 10 11 12 13 14 15 16 17 18,1 23 0 5 6 2 12 46 4 3 8 11 22 24 31 32 34 9 10 13,ecg200-spectrum,db4,usage,45,50,50,0
W-CART,W-CART:cart,9,2.0,0.1,0.25,1 23 0 5 2 3 4 6 7 8 9 10 11 12 13 14 15 16 17 18,1 23 0 5 6 2 12 46 4 3 8 11 22 24 31 32 34 9 10 13,ecg200-spectrum,db4,usage,45,50,50,0
ALL,W-CART:cart,9,2.0,0.1,0.25,1 23 0 5 2 3 4 6 7 8 9 10 11 12 13 14 15 16 17 18,1 23 0 5 6 2 12 46 4 3 8 11 22 24 31 32 34 9 10 13,ecg200-spectrum,db4,usage,45,50,50,0
W-NN,W-NN:k=1,40,,0.06,0.21,1 23 0 5 2 6 12 46 3 4 7 47 9 8 11 10 13 22 24 37,1 23 0 5 2 6 12 46 3 4 7 47 9 8 11 10 13 22 24 37,ecg200-spectrum,db4,energy,46,50,50,0
W-QDA,W-QDA:qda,7,,0.08,0.19,1 23 0 5 2 6 12 46 3 4 7 47 9 8 11 10 13 22 24 37,1 23 0 5 2 6 12 46 3 4 7 47 9 8 11 10 13 22 24 37,ecg200-spectrum,db4,energy,46,50,50,0
W-CART,W-CART:cart,11,,0.08,0.23,1 23 0 5 2 6 12 46 3 4 7 47 9 8 11 10 13 22 24 37,1 23 0 5 2 6 12 46 3 4 7 47 9 8 11 10 13 22 24 37,ecg200-spectrum,db4,energy,46,50,50,0
ALL,W-NN:k=1,40,,0.06,0.21,1 23 0 5 2 6 12 46 3 4 7 47 9 8 11 10 13 22 24 37,1 23 0 5 2 6 12 46 3 4 7 47 9 8 11 10 13 22 24 37,ecg200-spectrum,db4,energy,46,50,50,0
W-NN,W-NN:k=1,38,0.5,0.06,0.2,0 1 5 23 6 12 46 2 4 3 9 8 13 10 11 7 19 37 43 21,1 23 0 5 6 12 2 46 3 4 11 7 8 9 10 17 18 31 36 37,ecg200-spectrum,db4,usage,46,50,50,0
W-QDA,W-QDA:qda,8,1.5,0.06,0.2,1 23 0 5 6 2 3 12 46 7 4 8 9 10 11 13 14 15 16 17,1 23 0 5 6 12 2 46 3 4 11 7 8 9 10 17 18 31 36 37,ecg200-spectrum,db4,usage,46,50,50,0
W-CART,W-CART:cart,9,2.0,0.06,0.22,1 23 0 5 2 3 4 6 7 8 9 10 11 12 13 14 15 16 17 18,1 23 0 5 6 12 2 46 3 4 11 7 8 9 10 17 18 31 36 37,ecg200-spectrum,db4,usage,46,50,50,0
ALL,W-QDA:qda,8,1.5,0.06,0.2,1 23 0 5 6 2 3 12 46 7 4 8 9 10 11 13 14 15 16 17,1 23 0 5 6 12 2 46 3 4 11 7 8 9 10 17 18 31 36 37,ecg200-spectrum,db4,usage,46,50,50,0
W-NN,W-NN:k=3,25,,0.14,0.18,1 23 0 5 2 6 46 12 4 3 11 8 22 24 7 13 10 9 39 47,1 23 0 5 2 6 46 12 4 3 11 8 22 24 7 13 10 9 39 47,ecg200-spectrum,db4,energy,47,50,50,0
W-QDA,W-QDA:qda,12,,0.16,0.12,1 23 0 5 2 6 46 12 4 3 11 8 22 24 7 13 10 9 39 47,1 23 0 5 2 6 46 12 4 3 11 8 22 24 7 13 10 9 39 47,ecg200-spectrum,db4,energy,47,50,50,0
W-CART,W-CART:cart,44,,0.14,0.17,1 23 0 5 2 6 46 12 4 3 11 8 22 24 7 13 10 9 39 47,1 23 0 5 2 6 46 12 4 3 11 8 22 24 7 13 10 9 39 47,ecg200-spectrum,db4,energy,47,50,50,0
ALL,W-NN:k=3,25,,0.14,0.18,1 23 0 5 2 6 46 12 4 3 11 8 22 24 7 13 10 9 39 47,1 23 0 5 2 6 46 12 4 3 11 8 22 24 7 13 10 9 39 47,ecg200-spectrum,db4,energy,47,50,50,0
W-NN,W-NN:k=3,43,2.0,0.1,0.17,1 23 0 5 2 6 46 3 4 7 8 9 10 11 12 13 14 15 16 17,1 23 0 5 6 12 2 46 3 4 8 22 7 11 24 32 34 10 13 25,ecg200-spectrum,db4,usage,47,50,50,0
W-QDA,W-QDA:qda,14,1.0,0.16,0.14,1 23 0 5 6 12 2 46 3 4 8 22 7 11 24 32 34 10 13 25,1 23 0 5 6 12 2 46 3 4 8 22 7 11 24 32 34 10 13 25,ecg200-spectrum,db4,usage,47,50,50,0
W-CART,W-CART:cart,29,1.5,0.12,0.15,1 23 0 5 2 6 46 3 12 11 4 7 43 8 9 10 13 14 15 16,1 23 0 5 6 12 2 46 3 4 8 22 7 11 24 32 34 10 13 25,ecg200-spectrum,db4,usage,47,50,50,0
ALL,W-NN:k=3,43,2.0,0.1,0.17,1 23 0 5 2 6 46 3 4 7 8 9 10 11 12 13 14 15 16 17,1 23 0 5 6 12 2 46 3 4 8 22 7 11 24 32 34 10 13 25,ecg200-spectrum,db4,usage,47,50,50,0
W-NN,W-NN:k=15,9,,0.18,0.28,1 23 0 5 2 6 46 12 3 4 11 13 22 47 10 25 8 37 7 9,1 23 0 5 2 6 46 12 3 4 11 13 22 47 10 25 8 37 7 9,ecg200-spectrum,db4,energy,48,50,50,0
W-QDA,W-QDA:qda,14,,0.14,0.23,1 23 0 5 2 6 46 12 3 4 11 13 22 47 10 25 8 37 7 9,1 23 0 5 2 6 46 12 3 4 11 13 22 47 10 25 8 37 7 9,ecg200-spectrum,db4,energy,48,50,50,0
W-CART,W-CART:cart,30,,0.16,0.22,1 23 0 5 2 6 46 12 3 4 11 13 22 47 10 25 8 37 7 9,1 23 0 5 2 6 46 12 3 4 11 13 22 47 10 25 8 37 7 9,ecg200-spectrum,db4,energy,48,50,50,0
ALL,W-QDA:qda,14,,0.14,0.23,1 23 0 5 2 6 46 12 3 4 11 13 22 47 10 25 8 37 7 9,1 23 0 5 2 6 46 12 3 4 11 13 22 47 10 25 8 37 7 9,ecg200-spectrum,db4,energy,48,50,50,0
W-NN,W-NN:k=15,6,2.0,0.16,0.27,1 23 0 5 3 2 4 6 7 8 9 10 11 12 13 14 15 16 17 18,1 23 0 5 6 12 2 46 3 4 11 25 37 43 9 10 13 19 31 33,ecg200-spectrum,db4,usage,48,50,50,0
W-QDA,W-QDA:qda,5,2.0,0.16,0.16,1 23 0 5 3 2 4 6 7 8 9 10 11 12 13 14 15 16 17 18,1 23 0 5 6 12 2 46 3 4 11 25 37 43 9 10 13 19 31 33,ecg200-spectrum,db4,usage,48,50,50,0
W-CART,W-CART:cart,17,1.0,0.16,0.22,1 23 0 5 6 12 2 46 3 4 11 25 37 43 9 10 13 19 31 33,1 23 0 5 6 12 2 46 3 4 11 25 37 43 9 10 13 19 31 33,ecg200-spectrum,db4,usage,48,50,50,0
ALL,W-QDA:qda,5,2.0,0.16,0.16,1 23 0 5 3 2 4 6 7 8 9 10 11 12 13 14 15 16 17 18,1 23 0 5 6 12 2 46 3 4 11 25 37 43 9 10 13 19 31 33,ecg200-spectrum,db4,usage,48,50,50,0
W-NN,W-NN:k=1,21,,0.1,0.28,1 23 0 5 2 6 12 46 3 4 11 22 8 34 13 47 9 24 25 17,1 23 0 5 2 6 12 46 3 4 11 22 8 34 13 47 9 24 25 17,ecg200-spectrum,db4,energy,49,50,50,0
W-QDA,W-QDA:qda,9,,0.12,0.26,1 23 0 5 2 6 12 46 3 4 11 22 8 34 13 47 9 24 25 17,1 23 0 5 2 6 12 46 3 4 11 22 8 34 13 47 9 24 25 17,ecg200-spectrum,db4,energy,49,50,50,0
W-CART,W-CART:cart,8,,0.14,0.29,1 23 0 5 2 6 12 46 3 4 11 22 8 34 13 47 9 24 25 17,1 23 0 5 2 6 12 46 3 4 11 22 8 34 13 47 9 24 25 17,ecg200-spectrum,db4,energy,49,50,50,0
ALL,W-NN:k=1,21,,0.1,0.28,1 23 0 5 2 6 12 46 3 4 11 22 8 34 13 47 9 24 25 17,1 23 0 5 2 6 12 46 3 4 11 22 8 34 13 47 9 24 25 17,ecg200-spectrum,db4,energy,49,50,50,0
W-NN,W-NN:k=1,19,1.0,0.1,0.29,1 23 0 5 6 12 2 46 4 3 11 22 8 34 9 17 18 36 37 39,1 23 0 5 6 12 2 46 4 3 11 22 8 34 9 17 18 36 37 39,ecg200-spectrum,db4,usage,49,50,50,0
W-QDA,W-QDA:qda,6,3.0,0.08,0.24,1 5 0 2 3 4 6 7 8 9 10 11 12 13 14 15 16 17 18 19,1 23 0 5 6 12 2 46 4 3 11 22 8 34 9 17 18 36 37 39,ecg200-spectrum,db4,usage,49,50,50,0
W-CART,W-CART:cart,8,1.0,0.12,0.3,1 23 0 5 6 12 2 46 4 3 11 22 8 34 9 17 18 36 37 39,1 23 0 5 6 12 2 46 4 3 11 22 8 34 9 17 18 36 37 39,ecg200-spectrum,db4,usage,49,50,50,0
ALL,W-QDA:qda,6,3.0,0.08,0.24,1 5 0 2 3 4 6 7 8 9 10 11 12 13 14 15 16 17 18 19,1 23 0 5 6 12 2 46 4 3 11 22 8 34 9 17 18 36 37 39,ecg200-spectrum,db4,usage,49,50,50,0
W-NN,W-NN:k=3,9,,0.14,0.25,1 0 23 5 2 6 12 46 3 4 13 47 25 24 22 11 8 10 9 34,1 0 23 5 2 6 12 46 3 4 13 47 25 24 22 11 8 10 9 34,ecg200-spectrum,db4,energy,50,50,50,0
W-QDA,W-QDA:qda,6,,0.14,0.25,1 0 23 5 2 6 12 46 3 4 13 47 25 24 22 11 8 10 9 34,1 0 23 5 2 6 12 46 3 4 13 47 25 24 22 11 8 10 9 34,ecg200-spectrum,db4,energy,50,50,50,0
W-CART,W-CART:cart,16,,0.14,0.21,1 0 23 5 2 6 12 46 3 4 13 47 25 24 22 11 8 10 9 34,1 0 23 5 2 6 12 46 3 4 13 47 25 24 22 11 8 10 9 34,ecg200-spectrum,db4,energy,50,50,50,0
ALL,W-QDA:qda,6,,0.14,0.25,1 0 23 5 2 6 12 46 3 4 13 47 25 24 22 11 8 10 9 34,1 0 23 5 2 6 12 46 3 4 13 47 25 24 22 11 8 10 9 34,ecg200-spectrum,db4,energy,50,50,50,0
W-NN,W-NN:k=3,9,0.5,0.14,0.25,0 1 23 5 12 6 46 2 3 4 13 22 25 8 10 9 11 7 40 47,1 23 0 5 6 2 12 46 3 4 13 25 10 36 39 8 11 18 19 22,ecg200-spectrum,db4,usage,50,50,50,0
W-QDA,W-QDA:qda,6,1.0,0.14,0.25,1 23 0 5 6 2 12 46 3 4 13 25 10 36 39 8 11 18 19 22,1 23 0 5 6 2 12 46 3 4 13 25 10 36 39 8 11 18 19 22,ecg200-spectrum,db4,usage,50,50,50,0
W-CART,W-CART:cart,12,3.0,0.14,0.21,1 0 2 3 4 5 6 7 8 9 10 11 12 13 14 15 16 17 18 19,1 23 0 5 6 2 12 46 3 4 13 25 10 36 39 8 11 18 19 22,ecg200-spectrum,db4,usage,50,50,50,0
ALL,W-QDA:qda,6,1.0,0.14,0.25,1 23 0 5 6 2 12 46 3 4 13 25 10 36 39 8 11 18 19 22,1 23 0 5 6 2 12 46 3 4 13 25 10 36 39 8 11 18 19 22,ecg200-spectrum,db4,usage,50,50,50,0
W-NN,W-NN:k=1,28,,0.1,0.22,1 23 0 5 2 6 12 46 3 4 11 22 47 13 8 7 24 10 9 34,1 23 0 5 2 6 12 46 3 4 11 22 47 13 8 7 24 10 9 34,ecg200-spectrum,db4,energy,51,50,50,0
W-QDA,W-QDA:qda,4,,0.16,0.24,1 23 0 5 2 6 12 46 3 4 11 22 47 13 8 7 24 10 9 34,1 23 0 5 2 6 12 46 3 4 11 22 47 13 8 7 24 10 9 34,ecg200-spectrum,db4,energy,51,50,50,0
W-CART,W-CART:cart,19,,0.08,0.32,1 23 0 5 2 6 12 46 3 4 11 22 47 13 8 7 24 10 9 34,1 23 0 5 2 6 12 46 3 4 11 22 47 13 8 7 24 10 9 34,ecg200-spectrum,db4,energy,51,50,50,0
ALL,W-CART:cart,19,,0.08,0.32,1 23 0 5 2 6 12 46 3 4 11 22 47 13 8 7 24 10 9 34,1 23 0 5 2 6 12 46 3 4 11 22 47 13 8 7 24 10 9 34,ecg200-spectrum,db4,energy,51,50,50,0
W-NN,W-NN:k=1,26,0.5,0.04,0.23,0 1 23 5 12 6 46 2 4 3 22 11 13 8 47 7 19 25 42 9,1 23 0 5 6 2 12 46 3 4 22 8 11 7 9 10 13 17 33 34,ecg200-spectrum,db4,usage,51,50,50,0
W-QDA,W-QDA:qda,7,2.0,0.14,0.16,1 23 0 5 2 6 3 4 7 8 9 10 11 12 13 14 15 16 17 18,1 23 0 5 6 2 12 46 3 4 22 8 11 7 9 10 13 17 33 34,ecg200-spectrum,db4,usage,51,50,50,0
W-CART,W-CART:cart,10,2.0,0.06,0.29,1 23 0 5 2 6 3 4 7 8 9 10 11 12 13 14 15 16 17 18,1 23 0 5 6 2 12 46 3 4 22 8 11 7 9 10 13 17 33 34,ecg200-spectrum,db4,usage,51,50,50,0
ALL,W-NN:k=1,26,0.5,0.04,0.23,0 1 23 5 12 6 46 2 4 3 22 11 13 8 47 7 19 25 42 9,1 23 0 5 6 2 12 46 3 4 22 8 11 7 9 10 13 17 33 34,ecg200-spectrum,db4,usage,51,50,50,0
W-NN,W-NN:k=1,27,,0.18,0.26,1 23 0 5 2 6 46 12 3 4 11 13 47 9 8 7 22 24 25 36,1 23 0 5 2 6 46 12 3 4 11 13 47 9 8 7 22 24 25 36,ecg200-spectrum,db4,energy,52,50,50,0
W-QDA,W-QDA:qda,10,,0.14,0.24,1 23 0 5 2 6 46 12 3 4 11 13 47 9 8 7 22 24 25 36,1 23 0 5 2 6 46 12 3 4 11 13 47 9 8 7 22 24 25 36,ecg200-spectrum,db4,energy,52,50,50,0
W-CART,W-CART:cart,13,,0.14,0.28,1 23 0 5 2 6 46 12 3 4 11 13 47 9 8 7 22 24 25 36,1 23 0 5 2 6 46 12 3 4 11 13 47 9 8 7 22 24 25 36,ecg200-spectrum,db4,energy,52,50,50,0
ALL,W-QDA:qda,10,,0.14,0.24,1 23 0 5 2 6 46 12 3 4 11 13 47 9 8 7 22 24 25 36,1 23 0 5 2 6 46 12 3 4 11 13 47 9 8 7 22 24 25 36,ecg200-spectrum,db4,energy,52,50,50,0
W-NN,W-NN:k=1,22,1.5,0.16,0.27,1 23 0 5 2 6 12 46 3 4 7 25 8 9 10 11 13 14 15 16,1 23 0 5 6 2 12 46 4 3 9 11 13 7 8 10 25 31 36 39,ecg200-spectrum,db4,usage,52,50,50,0
W-QDA,W-QDA:qda,8,3.0,0.12,0.25,1 0 5 2 3 4 6 7 8 9 10 11 12 13 14 15 16 17 18 19,1 23 0 5 6 2 12 46 4 3 9 11 13 7 8 10 25 31 36 39,ecg200-spectrum,db4,usage,52,50,50,0
W-CART,W-CART:cart,8,3.0,0.12,0.3,1 0 5 2 3 4 6 7 8 9 10 11 12 13 14 15 16 17 18 19,1 23 0 5 6 2 12 46 4 3 9 11 13 7 8 10 25 31 36 39,ecg200-spectrum,db4,usage,52,50,50,0
ALL,W-QDA:qda,8,3.0,0.12,0.25,1 0 5 2 3 4 6 7 8 9 10 11 12 13 14 15 16 17 18 19,1 23 0 5 6 2 12 46 4 3 9 11 13 7 8 10 25 31 36 39,ecg200-spectrum,db4,usage,52,50,50,0
W-NN,W-NN:k=1,28,,0.1,0.25,1 23 0 5 2 6 46 12 3 4 11 24 13 47 22 9 8 25 17 7,1 23 0 5 2 6 46 12 3 4 11 24 13 47 22 9 8 25 17 7,ecg200-spectrum,db4,energy,53,50,50,0
W-QDA,W-QDA:qda,11,,0.14,0.17,1 23 0 5 2 6 46 12 3 4 11 24 13 47 22 9 8 25 17 7,1 23 0 5 2 6 46 12 3 4 11 24 13 47 22 9 8 25 17 7,ecg200-spectrum,db4,energy,53,50,50,0
W-CART,W-CART:cart,13,,0.16,0.14,1 23 0 5 2 6 46 12 3 4 11 24 13 47 22 9 8 25 17 7,1 23 0 5 2 6 46 12 3 4 11 24 13 47 22 9 8 25 17 7,ecg200-spectrum,db4,energy,53,50,50,0
ALL,W-NN:k=1,28,,0.1,0.25,1 23 0 5 2 6 46 12 3 4 11 24 13 47 22 9 8 25 17 7,1 23 0 5 2 6 46 12 3 4 11 24 13 47 22 9 8 25 17 7,ecg200-spectrum,db4,energy,53,50,50,0
W-NN,W-NN:k=3,18,3.0,0.1,0.18,1 0 46 2 3 4 5 6 7 8 9 10 11 12 13 14 15 16 17 18,1 23 0 5 6 12 2 46 3 4 22 7 8 10 11 13 17 24 25 31,ecg200-spectrum,db4,usage,53,50,50,0
W-QDA,W-QDA:qda,12,1.5,0.12,0.13,1 23 0 5 6 2 12 46 3 11 4 7 8 9 10 13 14 15 16 17,1 23 0 5 6 12 2 46 3 4 22 7 8 10 11 13 17 24 25 31,ecg200-spectrum,db4,usage,53,50,50,0
W-CART,W-CART:cart,16,1.0,0.14,0.13,1 23 0 5 6 12 2 46 3 4 22 7 8 10 11 13 17 24 25 31,1 23 0 5 6 12 2 46 3 4 22 7 8 10 11 13 17 24 25 31,ecg200-spectrum,db4,usage,53,50,50,0
ALL,W-NN:k=3,18,3.0,0.1,0.18,1 0 46 2 3 4 5 6 7 8 9 10 11 12 13 14 15 16 17 18,1 23 0 5 6 12 2 46 3 4 22 7 8 10 11 13 17 24 25 31,ecg200-spectrum,db4,usage,53,50,50,0
W-NN,W-NN:k=5,34,,0.08,0.24,1 23 0 5 2 6 46 12 3 4 11 13 24 47 22 7 9 8 43 10,1 23 0 5 2 6 46 12 3 4 11 13 24 47 22 7 9 8 43 10,ecg200-spectrum,db4,energy,54,50,50,0
W-QDA,W-QDA:qda,8,,0.1,0.21,1 23 0 5 2 6 46 12 3 4 11 13 24 47 22 7 9 8 43 10,1 23 0 5 2 6 46 12 3 4 11 13 24 47 22 7 9 8 43 10,ecg200-spectrum,db4,energy,54,50,50,0
W-CART,W-CART:cart,14,,0.14,0.24,1 23 0 5 2 6 46 12 3 4 11 13 24 47 22 7 9 8 43 10,1 23 0 5 2 6 46 12 3 4 11 13 24 47 22 7 9 8 43 10,ecg200-spectrum,db4,energy,54,50,50,0
ALL,W-NN:k=5,34,,0.08,0.24,1 23 0 5 2 6 46 12 3 4 11 13 24 47 22 7 9 8 43 10,1 23 0 5 2 6 46 12 3 4 11 13 24 47 22 7 9 8 43 10,ecg200-spectrum,db4,energy,54,50,50,0
W-NN,W-NN:k=7,40,1.5,0.06,0.21,1 23 0 5 6 2 46 3 4 12 43 7 8 9 10 11 13 14 15 16,1 23 0 5 6 2 12 46 4 3 11 7 8 9 18 24 30 31 32 36,ecg200-spectrum,db4,usage,54,50,50,0
W-QDA,W-QDA:qda,7,0.5,0.04,0.19,1 23 0 5 46 6 12 2 4 3 11 13 22 8 7 9 43 24 10 25,1 23 0 5 6 2 12 46 4 3 11 7 8 9 18 24 30 31 32 36,ecg200-spectrum,db4,usage,54,50,50,0
W-CART,W-CART:cart,11,1.0,0.1,0.21,1 23 0 5 6 2 12 46 4 3 11 7 8 9 18 24 30 31 32 36,1 23 0 5 6 2 12 46 4 3 11 7 8 9 18 24 30 31 32 36,ecg200-spectrum,db4,usage,54,50,50,0
ALL,W-QDA:qda,7,0.5,0.04,0.19,1 23 0 5 46 6 12 2 4 3 11 13 22 8 7 9 43 24 10 25,1 23 0 5 6 2 12 46 4 3 11 7 8 9 18 24 30 31 32 36,ecg200-spectrum,db4,usage,54,50,50,0
W-NN,W-NN:k=9,10,,0.18,0.24,1 0 23 5 2 6 12 46 3 4 47 11 8 9 24 13 22 7 17 25,1 0 23 5 2 6 12 46 3 4 47 11 8 9 24 13 22 7 17 25,ecg200-spectrum,db4,energy,55,50,50,0
W-QDA,W-QDA:qda,6,,0.16,0.22,1 0 23 5 2 6 12 46 3 4 47 11 8 9 24 13 22 7 17 25,1 0 23 5 2 6 12 46 3 4 47 11 8 9 24 13 22 7 17 25,ecg200-spectrum,db4,energy,55,50,50,0
W-CART,W-CART:cart,9,,0.12,0.19,1 0 23 5 2 6 12 46 3 4 47 11 8 9 24 13 22 7 17 25,1 0 23 5 2 6 12 46 3 4 47 11 8 9 24 13 22 7 17 25,ecg200-spectrum,db4,energy,55,50,50,0
ALL,W-CART:cart,9,,0.12,0.19,1 0 23 5 2 6 12 46 3 4 47 11 8 9 24 13 22 7 17 25,1 0 23 5 2 6 12 46 3 4 47 11 8 9 24 13 22 7 17 25,ecg200-spectrum,db4,energy,55,50,50,0
W-NN,W-NN:k=9,6,3.0,0.18,0.24,1 0 23 2 3 4 5 6 7 8 9 10 11 12 13 14 15 16 17 18,1 23 0 5 6 2 12 46 3 4 9 17 24 7 11 22 25 31 32 33,ecg200-spectrum,db4,usage,55,50,50,0
W-QDA,W-QDA:qda,6,2.0,0.12,0.21,1 23 0 5 2 3 4 6 7 8 9 10 11 12 13 14 15 16 17 18,1 23 0 5 6 2 12 46 3 4 9 17 24 7 11 22 25 31 32 33,ecg200-spectrum,db4,usage,55,50,50,0
W-CART,W-CART:cart,13,2.0,0.08,0.16,1 23 0 5 2 3 4 6 7 8 9 10 11 12 13 14 15 16 17 18,1 23 0 5 6 2 12 46 3 4 9 17 24 7 11 22 25 31 32 33,ecg200-spectrum,db4,usage,55,50,50,0
ALL,W-CART:cart,13,2.0,0.08,0.16,1 23 0 5 2 3 4 6 7 8 9 10 11 12 13 14 15 16 17 18,1 23 0 5 6 2 12 46 3 4 9 17 24 7 11 22 25 31 32 33,ecg200-spectrum,db4,usage,55,50,50,0
W-NN,W-NN:k=1,36,,0.16,0.2,1 0 23 5 2 6 12 46 3 4 11 13 47 22 9 8 34 25 7 10,1 0 23 5 2 6 12 46 3 4 11 13 47 22 9 8 34 25 7 10,ecg200-spectrum,db4,energy,56,50,50,0
W-QDA,W-QDA:qda,4,,0.22,0.19,1 0 23 5 2 6 12 46 3 4 11 13 47 22 9 8 34 25 7 10,1 0 23 5 2 6 12 46 3 4 11 13 47 22 9 8 34 25 7 10,ecg200-spectrum,db4,energy,56,50,50,0
W-CART,W-CART:cart,22,,0.22,0.26,1 0 23 5 2 6 12 46 3 4 11 13 47 22 9 8 34 25 7 10,1 0 23 5 2 6 12 46 3 4 11 13 47 22 9 8 34 25 7 10,ecg200-spectrum,db4,energy,56,50,50,0
ALL,W-NN:k=1,36,,0.16,0.2,1 0 23 5 2 6 12 46 3 4 11 13 47 22 9 8 34 25 7 10,1 0 23 5 2 6 12 46 3 4 11 13 47 22 9 8 34 25 7 10,ecg200-spectrum,db4,energy,56,50,50,0
W-NN,W-NN:k=1,17,3.0,0.16,0.22,1 0 5 23 2 3 4 6 7 8 9 10 11 12 13 14 15 16 17 18,1 23 0 5 6 2 12 46 3 4 13 22 25 8 11 34 36 9 10 18,ecg200-spectrum,db4,usage,56,50,50,0
W-QDA,W-QDA:qda,6,0.5,0.2,0.21,1 12 23 0 5 6 46 2 3 4 13 9 11 22 25 7 34 47 10 43,1 23 0 5 6 2 12 46 3 4 13 22 25 8 11 34 36 9 10 18,ecg200-spectrum,db4,usage,56,50,50,0
W-CART,W-CART:cart,22,1.0,0.22,0.23,1 23 0 5 6 2 12 46 3 4 13 22 25 8 11 34 36 9 10 18,1 23 0 5 6 2 12 46 3 4 13 22 25 8 11 34 36 9 10 18,ecg200-spectrum,db4,usage,56,50,50,0
ALL,W-NN:k=1,17,3.0,0.16,0.22,1 0 5 23 2 3 4 6 7 8 9 10 11 12 13 14 15 16 17 18,1 23 0 5 6 2 12 46 3 4 13 22 25 8 11 34 36 9 10 18,ecg200-spectrum,db4,usage,56,50,50,0
W-NN,W-NN:k=3,9,,0.1,0.33,1 0 23 5 2 6 12 46 3 4 47 9 8 22 13 7 24 11 17 35,1 0 23 5 2 6 12 46 3 4 47 9 8 22 13 7 24 11 17 35,ecg200-spectrum,db4,energy,57,50,50,0
W-QDA,W-QDA:qda,7,,0.1,0.26,1 0 23 5 2 6 12 46 3 4 47 9 8 22 13 7 24 11 17 35,1 0 23 5 2 6 12 46 3 4 47 9 8 22 13 7 24 11 17 35,ecg200-spectrum,db4,energy,57,50,50,0
W-CART,W-CART:cart,9,,0.08,0.2,1 0 23 5 2 6 12 46 3 4 47 9 8 22 13 7 24 11 17 35,1 0 23 5 2 6 12 46 3 4 47 9 8 22 13 7 24 11 17 35,ecg200-spectrum,db4,energy,57,50,50,0
ALL,W-CART:cart,9,,0.08,0.2,1 0 23 5 2 6 12 46 3 4 47 9 8 22 13 7 24 11 17 35,1 0 23 5 2 6 12 46 3 4 47 9 8 22 13 7 24 11 17 35,ecg200-spectrum,db4,energy,57,50,50,0
W-NN,W-NN:k=5,6,2.0,0.1,0.3,1 23 0 5 2 3 4 6 7 8 9 10 11 12 13 14 15 16 17 18,0 1 23 5 6 2 12 4 3 46 9 7 22 25 32 34 38 45 8 10,ecg200-spectrum,db4,usage,57,50,50,0
W-QDA,W-QDA:qda,6,3.0,0.04,0.25,1 0 2 3 4 5 6 7 8 9 10 11 12 13 14 15 16 17 18 19,0 1 23 5 6 2 12 4 3 46 9 7 22 25 32 34 38 45 8 10,ecg200-spectrum,db4,usage,57,50,50,0
W-CART,W-CART:cart,4,3.0,0.08,0.21,1 0 2 3 4 5 6 7 8 9 10 11 12 13 14 15 16 17 18 19,0 1 23 5 6 2 12 4 3 46 9 7 22 25 32 34 38 45 8 10,ecg200-spectrum,db4,usage,57,50,50,0
ALL,W-QDA:qda,6,3.0,0.04,0.25,1 0 2 3 4 5 6 7 8 9 10 11 12 13 14 15 16 17 18 19,0 1 23 5 6 2 12 4 3 46 9 7 22 25 32 34 38 45 8 10,ecg200-spectrum,db4,usage,57,50,50,0
W-NN,W-NN:k=3,14,,0.14,0.19,1 23 0 5 2 6 12 46 4 3 13 9 22 7 24 11 8 10 47 18,1 23 0 5 2 6 12 46 4 3 13 9 22 7 24 11 8 10 47 18,ecg200-spectrum,db4,energy,58,50,50,0
W-QDA,W-QDA:qda,4,,0.16,0.24,1 23 0 5 2 6 12 46 4 3 13 9 22 7 24 11 8 10 47 18,1 23 0 5 2 6 12 46 4 3 13 9 22 7 24 11 8 10 47 18,ecg200-spectrum,db4,energy,58,50,50,0
W-CART,W-CART:cart,3,,0.2,0.28,1 23 0 5 2 6 12 46 4 3 13 9 22 7 24 11 8 10 47 18,1 23 0 5 2 6 12 46 4 3 13 9 22 7 24 11 8 10 47 18,ecg200-spectrum,db4,energy,58,50,50,0
ALL,W-NN:k=3,14,,0.14,0.19,1 23 0 5 2 6 12 46 4 3 13 9 22 7 24 11 8 10 47 18,1 23 0 5 2 6 12 46 4 3 13 9 22 7 24 11 8 10 47 18,ecg200-spectrum,db4,energy,58,50,50,0
W-NN,W-NN:k=5,4,3.0,0.12,0.17,1 0 2 3 4 5 6 7 8 9 10 11 12 13 14 15 16 17 18 19,1 0 23 5 6 12 2 46 4 3 7 9 11 10 13 17 22 33 37 45,ecg200-spectrum,db4,usage,58,50,50,0
W-QDA,W-QDA:qda,11,2.0,0.1,0.16,1 23 5 0 6 2 3 4 7 8 9 10 11 12 13 14 15 16 17 18,1 0 23 5 6 12 2 46 4 3 7 9 11 10 13 17 22 33 37 45,ecg200-spectrum,db4,usage,58,50,50,0
W-CART,W-CART:cart,7,0.5,0.16,0.2,0 1 23 5 46 6 12 2 4 3 8 9 13 7 11 10 24 45 19 22,1 0 23 5 6 12 2 46 4 3 7 9 11 10 13 17 22 33 37 45,ecg200-spectrum,db4,usage,58,50,50,0
ALL,W-QDA:qda,11,2.0,0.1,0.16,1 23 5 0 6 2 3 4 7 8 9 10 11 12 13 14 15 16 17 18,1 0 23 5 6 12 2 46 4 3 7 9 11 10 13 17 22 33 37 45,ecg200-spectrum,db4,usage,58,50,50,0
W-NN,W-NN:k=3,10,,0.08,0.18,1 0 23 5 2 6 46 12 3 4 47 13 8 11 9 22 7 24 25 35,1 0 23 5 2 6 46 12 3 4 47 13 8 11 9 22 7 24 25 35,ecg200-spectrum,db4,energy,59,50,50,0
W-QDA,W-QDA:qda,3,,0.16,0.25,1 0 23 5 2 6 46 12 3 4 47 13 8 11 9 22 7 24 25 35,1 0 23 5 2 6 46 12 3 4 47 13 8 11 9 22 7 24 25 35,ecg200-spectrum,db4,energy,59,50,50,0
W-CART,W-CART:cart,12,,0.1,0.27,1 0 23 5 2 6 46 12 3 4 47 13 8 11 9 22 7 24 25 35,1 0 23 5 2 6 46 12 3 4 47 13 8 11 9 22 7 24 25 35,ecg200-spectrum,db4,energy,59,50,50,0
ALL,W-NN:k=3,10,,0.08,0.18,1 0 23 5 2 6 46 12 3 4 47 13 8 11 9 22 7 24 25 35,1 0 23 5 2 6 46 12 3 4 47 13 8 11 9 22 7 24 25 35,ecg200-spectrum,db4,energy,59,50,50,0
W-NN,W-NN:k=3,9,2.0,0.08,0.17,1 23 0 5 2 3 46 4 6 7 8 9 10 11 12 13 14 15 16 17,0 1 23 5 6 2 12 46 4 3 25 11 22 7 9 10 13 24 32 33,ecg200-spectrum,db4,usage,59,50,50,0
W-QDA,W-QDA:qda,8,3.0,0.1,0.15,1 0 2 3 4 5 6 7 8 9 10 11 12 13 14 15 16 17 18 19,0 1 23 5 6 2 12 46 4 3 25 11 22 7 9 10 13 24 32 33,ecg200-spectrum,db4,usage,59,50,50,0
W-CART,W-CART:cart,12,0.5,0.1,0.27,0 1 23 5 6 12 46 2 4 3 13 8 11 9 47 22 24 25 37 45,0 1 23 5 6 2 12 46 4 3 25 11 22 7 9 10 13 24 32 33,ecg200-spectrum,db4,usage,59,50,50,0
ALL,W-NN:k=3,9,2.0,0.08,0.17,1 23 0 5 2 3 46 4 6 7 8 9 10 11 12 13 14 15 16 17,0 1 23 5 6 2 12 46 4 3 25 11 22 7 9 10 13 24 32 33,ecg200-spectrum,db4,usage,59,50,50,0
W-NN,W-NN:k=1,28,,0.12,0.21,1 23 0 5 2 6 12 46 3 4 11 47 13 9 8 22 24 25 34 17,1 23 0 5 2 6 12 46 3 4 11 47 13 9 8 22 24 25 34 17,ecg200-spectrum,db4,energy,60,50,50,0
W-QDA,W-QDA:qda,3,,0.14,0.3,1 23 0 5 2 6 12 46 3 4 11 47 13 9 8 22 24 25 34 17,1 23 0 5 2 6 12 46 3 4 11 47 13 9 8 22 24 25 34 17,ecg200-spectrum,db4,energy,60,50,50,0
W-CART,W-CART:cart,18,,0.12,0.18,1 23 0 5 2 6 12 46 3 4 11 47 13 9 8 22 24 25 34 17,1 23 0 5 2 6 12 46 3 4 11 47 13 9 8 22 24 25 34 17,ecg200-spectrum,db4,energy,60,50,50,0
ALL,W-CART:cart,18,,0.12,0.18,1 23 0 5 2 6 12 46 3 4 11 47 13 9 8 22 24 25 34 17,1 23 0 5 2 6 12 46 3 4 11 47 13 9 8 22 24 25 34 17,ecg200-spectrum,db4,energy,60,50,50,0
W-NN,W-NN:k=1,21,1.0,0.12,0.23,1 23 0 5 6 2 12 46 3 4 22 25 8 9 11 13 17 19 24 34,1 23 0 5 6 2 12 46 3 4 22 25 8 9 11 13 17 19 24 34,ecg200-spectrum,db4,usage,60,50,50,0
W-QDA,W-QDA:qda,1,0.5,0.12,0.27,0 1 5 23 12 6 46 2 4 3 8 9 13 11 22 37 47 21 43 39,1 23 0 5 6 2 12 46 3 4 22 25 8 9 11 13 17 19 24 34,ecg200-spectrum,db4,usage,60,50,50,0
W-CART,W-CART:cart,19,1.0,0.12,0.17,1 23 0 5 6 2 12 46 3 4 22 25 8 9 11 13 17 19 24 34,1 23 0 5 6 2 12 46 3 4 22 25 8 9 11 13 17 19 24 34,ecg200-spectrum,db4,usage,60,50,50,0
ALL,W-QDA:qda,1,0.5,0.12,0.27,0 1 5 23 12 6 46 2 4 3 8 9 13 11 22 37 47 21 43 39,1 23 0 5 6 2 12 46 3 4 22 25 8 9 11 13 17 19 24 34,ecg200-spectrum,db4,usage,60,50,50,0
W-NN,W-NN:k=9,15,,0.12,0.24,1 23 0 5 2 6 46 12 3 4 13 47 8 22 9 24 11 34 7 25,1 23 0 5 2 6 46 12 3 4 13 47 8 22 9 24 11 34 7 25,ecg200-spectrum,db4,energy,61,50,50,0
W-QDA,W-QDA:qda,2,,0.14,0.21,1 23 0 5 2 6 46 12 3 4 13 47 8 22 9 24 11 34 7 25,1 23 0 5 2 6 46 12 3 4 13 47 8 22 9 24 11 34 7 25,ecg200-spectrum,db4,energy,61,50,50,0
W-CART,W-CART:cart,9,,0.08,0.22,1 23 0 5 2 6 46 12 3 4 13 47 8 22 9 24 11 34 7 25,1 23 0 5 2 6 46 12 3 4 13 47 8 22 9 24 11 34 7 25,ecg200-spectrum,db4,energy,61,50,50,0
ALL,W-CART:cart,9,,0.08,0.22,1 23 0 5 2 6 46 12 3 4 13 47 8 22 9 24 11 34 7 25,1 23 0 5 2 6 46 12 3 4 13 47 8 22 9 24 11 34 7 25,ecg200-spectrum,db4,energy,61,50,50,0
W-NN,W-NN:k=5,27,1.0,0.1,0.2,1 23 0 5 6 2 12 46 3 4 22 34 36 8 11 13 17 18 31 43,1 23 0 5 6 2 12 46 3 4 22 34 36 8 11 13 17 18 31 43,ecg200-spectrum,db4,usage,61,50,50,0
W-QDA,W-QDA:qda,4,3.0,0.12,0.24,1 0 2 3 4 5 6 7 8 9 10 11 12 13 14 15 16 17 18 19,1 23 0 5 6 2 12 46 3 4 22 34 36 8 11 13 17 18 31 43,ecg200-spectrum,db4,usage,61,50,50,0
W-CART,W-CART:cart,25,1.0,0.06,0.19,1 23 0 5 6 2 12 46 3 4 22 34 36 8 11 13 17 18 31 43,1 23 0 5 6 2 12 46 3 4 22 34 36 8 11 13 17 18 31 43,ecg200-spectrum,db4,usage,61,50,50,0
ALL,W-CART:cart,25,1.0,0.06,0.19,1 23 0 5 6 2 12 46 3 4 22 34 36 8 11 13 17 18 31 43,1 23 0 5 6 2 12 46 3 4 22 34 36 8 11 13 17 18 31 43,ecg200-spectrum,db4,usage,61,50,50,0
W-NN,W-NN:k=1,28,,0.12,0.24,1 0 23 5 2 6 12 46 3 4 8 34 47 13 9 10 22 24 7 11,1 0 23 5 2 6 12 46 3 4 8 34 47 13 9 10 22 24 7 11,ecg200-spectrum,db4,energy,62,50,50,0
W-QDA,W-QDA:qda,7,,0.14,0.18,1 0 23 5 2 6 12 46 3 4 8 34 47 13 9 10 22 24 7 11,1 0 23 5 2 6 12 46 3 4 8 34 47 13 9 10 22 24 7 11,ecg200-spectrum,db4,energy,62,50,50,0
W-CART,W-CART:cart,27,,0.1,0.2,1 0 23 5 2 6 12 46 3 4 8 34 47 13 9 10 22 24 7 11,1 0 23 5 2 6 12 46 3 4 8 34 47 13 9 10 22 24 7 11,ecg200-spectrum,db4,energy,62,50,50,0
ALL,W-CART:cart,27,,0.1,0.2,1 0 23 5 2 6 12 46 3 4 8 34 47 13 9 10 22 24 7 11,1 0 23 5 2 6 12 46 3 4 8 34 47 13 9 10 22 24 7 11,ecg200-spectrum,db4,energy,62,50,50,0
W-NN,W-NN:k=1,16,0.5,0.12,0.23,0 1 23 5 46 6 12 2 4 3 13 8 22 25 9 21 45 7 11 34,1 23 0 5 6 12 2 46 3 4 8 10 31 34 7 17 24 30 36 43,ecg200-spectrum,db4,usage,62,50,50,0
W-QDA,W-QDA:qda,6,3.0,0.1,0.23,1 0 2 3 4 5 6 7 8 9 10 11 12 13 14 15 16 17 18 19,1 23 0 5 6 12 2 46 3 4 8 10 31 34 7 17 24 30 36 43,ecg200-spectrum,db4,usage,62,50,50,0
W-CART,W-CART:cart,21,0.5,0.1,0.22,0 1 23 5 46 6 12 2 4 3 13 8 22 25 9 21 45 7 11 34,1 23 0 5 6 12 2 46 3 4 8 10 31 34 7 17 24 30 36 43,ecg200-spectrum,db4,usage,62,50,50,0
ALL,W-QDA:qda,6,3.0,0.1,0.23,1 0 2 3 4 5 6 7 8 9 10 11 12 13 14 15 16 17 18 19,1 23 0 5 6 12 2 46 3 4 8 10 31 34 7 17 24 30 36 43,ecg200-spectrum,db4,usage,62,50,50,0
W-NN,W-NN:k=15,29,,0.12,0.22,1 23 0 5 2 6 12 46 3 4 47 22 11 8 10 13 25 9 39 24,1 23 0 5 2 6 12 46 3 4 47 22 11 8 10 13 25 9 39 24,ecg200-spectrum,db4,energy,63,50,50,0
W-QDA,W-QDA:qda,6,,0.12,0.17,1 23 0 5 2 6 12 46 3 4 47 22 11 8 10 13 25 9 39 24,1 23 0 5 2 6 12 46 3 4 47 22 11 8 10 13 25 9 39 24,ecg200-spectrum,db4,energy,63,50,50,0
W-CART,W-CART:cart,9,,0.14,0.16,1 23 0 5 2 6 12 46 3 4 47 22 11 8 10 13 25 9 39 24,1 23 0 5 2 6 12 46 3 4 47 22 11 8 10 13 25 9 39 24,ecg200-spectrum,db4,energy,63,50,50,0
ALL,W-QDA:qda,6,,0.12,0.17,1 23 0 5 2 6 12 46 3 4 47 22 11 8 10 13 25 9 39 24,1 23 0 5 2 6 12 46 3 4 47 22 11 8 10 13 25 9 39 24,ecg200-spectrum,db4,energy,63,50,50,0
W-NN,W-NN:k=15,11,1.0,0.14,0.25,1 23 0 5 6 2 12 46 3 4 11 39 10 22 25 8 13 34 42 43,1 23 0 5 6 2 12 46 3 4 11 39 10 22 25 8 13 34 42 43,ecg200-spectrum,db4,usage,63,50,50,0
W-QDA,W-QDA:qda,6,1.5,0.1,0.16,1 23 0 5 2 3 6 12 46 4 11 25 7 8 9 10 13 14 15 16,1 23 0 5 6 2 12 46 3 4 11 39 10 22 25 8 13 34 42 43,ecg200-spectrum,db4,usage,63,50,50,0
W-CART,W-CART:cart,34,3.0,0.08,0.19,1 0 5 2 3 4 6 7 8 9 10 11 12 13 14 15 16 17 18 19,1 23 0 5 6 2 12 46 3 4 11 39 10 22 25 8 13 34 42 43,ecg200-spectrum,db4,usage,63,50,50,0
ALL,W-CART:cart,34,3.0,0.08,0.19,1 0 5 2 3 4 6 7 8 9 10 11 12 13 14 15 16 17 18 19,1 23 0 5 6 2 12 46 3 4 11 39 10 22 25 8 13 34 42 43,ecg200-spectrum,db4,usage,63,50,50,0
W-NN,W-NN:k=1,12,,0.22,0.18,1 0 23 5 2 6 12 46 3 4 47 9 13 22 11 8 25 24 39 36,1 0 23 5 2 6 12 46 3 4 47 9 13 22 11 8 25 24 39 36,ecg200-spectrum,db4,energy,64,50,50,0
W-QDA,W-QDA:qda,13,,0.18,0.21,1 0 23 5 2 6 12 46 3 4 47 9 13 22 11 8 25 24 39 36,1 0 23 5 2 6 12 46 3 4 47 9 13 22 11 8 25 24 39 36,ecg200-spectrum,db4,energy,64,50,50,0
W-CART,W-CART:cart,37,,0.2,0.17,1 0 23 5 2 6 12 46 3 4 47 9 13 22 11 8 25 24 39 36,1 0 23 5 2 6 12 46 3 4 47 9 13 22 11 8 25 24 39 36,ecg200-spectrum,db4,energy,64,50,50,0
ALL,W-QDA:qda,13,,0.18,0.21,1 0 23 5 2 6 12 46 3 4 47 9 13 22 11 8 25 24 39 36,1 0 23 5 2 6 12 46 3 4 47 9 13 22 11 8 25 24 39 36,ecg200-spectrum,db4,energy,64,50,50,0
W-NN,W-NN:k=1,22,2.0,0.18,0.18,1 23 0 5 12 2 3 4 6 7 8 9 10 11 13 14 15 16 17 18,1 23 0 5 6 2 12 46 3 4 25 39 10 13 17 19 24 32 33 34,ecg200-spectrum,db4,usage,64,50,50,0
W-QDA,W-QDA:qda,11,3.0,0.18,0.21,1 0 5 23 2 3 4 6 7 8 9 10 11 12 13 14 15 16 17 18,1 23 0 5 6 2 12 46 3 4 25 39 10 13 17 19 24 32 33 34,ecg200-spectrum,db4,usage,64,50,50,0
W-CART,W-CART:cart,11,3.0,0.16,0.2,1 0 5 23 2 3 4 6 7 8 9 10 11 12 13 14 15 16 17 18,1 23 0 5 6 2 12 46 3 4 25 39 10 13 17 19 24 32 33 34,ecg200-spectrum,db4,usage,64,50,50,0
ALL,W-CART:cart,11,3.0,0.16,0.2,1 0 5 23 2 3 4 6 7 8 9 10 11 12 13 14 15 16 17 18,1 23 0 5 6 2 12 46 3 4 25 39 10 13 17 19 24 32 33 34,ecg200-spectrum,db4,usage,64,50,50,0
W-NN,W-NN:k=3,44,,0.16,0.17,1 23 0 5 2 6 12 46 3 4 24 22 47 11 13 9 10 35 8 32,1 23 0 5 2 6 12 46 3 4 24 22 47 11 13 9 10 35 8 32,ecg200-spectrum,db4,energy,65,50,50,0
W-QDA,W-QDA:qda,13,,0.24,0.23,1 23 0 5 2 6 12 46 3 4 24 22 47 11 13 9 10 35 8 32,1 23 0 5 2 6 12 46 3 4 24 22 47 11 13 9 10 35 8 32,ecg200-spectrum,db4,energy,65,50,50,0
W-CART,W-CART:cart,29,,0.24,0.14,1 23 0 5 2 6 12 46 3 4 24 22 47 11 13 9 10 35 8 32,1 23 0 5 2 6 12 46 3 4 24 22 47 11 13 9 10 35 8 32,ecg200-spectrum,db4,energy,65,50,50,0
ALL,W-NN:k=3,44,,0.16,0.17,1 23 0 5 2 6 12 46 3 4 24 22 47 11 13 9 10 35 8 32,1 23 0 5 2 6 12 46 3 4 24 22 47 11 13 9 10 35 8 32,ecg200-spectrum,db4,energy,65,50,50,0
W-NN,W-NN:k=3,41,0.5,0.16,0.18,0 1 23 5 46 12 6 2 3 4 11 13 22 24 8 10 45 9 42 19,1 23 0 5 6 2 12 46 3 4 9 22 24 25 10 11 13 31 32 33,ecg200-spectrum,db4,usage,65,50,50,0
W-QDA,W-QDA:qda,5,3.0,0.24,0.12,1 0 2 3 4 5 6 7 8 9 10 11 12 13 14 15 16 17 18 19,1 23 0 5 6 2 12 46 3 4 9 22 24 25 10 11 13 31 32 33,ecg200-spectrum,db4,usage,65,50,50,0
W-CART,W-CART:cart,30,0.5,0.22,0.14,0 1 23 5 46 12 6 2 3 4 11 13 22 24 8 10 45 9 42 19,1 23 0 5 6 2 12 46 3 4 9 22 24 25 10 11 13 31 32 33,ecg200-spectrum,db4,usage,65,50,50,0
ALL,W-NN:k=3,41,0.5,0.16,0.18,0 1 23 5 46 12 6 2 3 4 11 13 22 24 8 10 45 9 42 19,1 23 0 5 6 2 12 46 3 4 9 22 24 25 10 11 13 31 32 33,ecg200-spectrum,db4,usage,65,50,50,0
W-NN,W-NN:k=1,10,,0.16,0.22,1 23 0 5 2 6 12 46 3 4 8 47 13 9 24 22 7 11 39 17,1 23 0 5 2 6 12 46 3 4 8 47 13 9 24 22 7 11 39 17,ecg200-spectrum,db4,energy,66,50,50,0
W-QDA,W-QDA:qda,7,,0.1,0.24,1 23 0 5 2 6 12 46 3 4 8 47 13 9 24 22 7 11 39 17,1 23 0 5 2 6 12 46 3 4 8 47 13 9 24 22 7 11 39 17,ecg200-spectrum,db4,energy,66,50,50,0
W-CART,W-CART:cart,8,,0.12,0.21,1 23 0 5 2 6 12 46 3 4 8 47 13 9 24 22 7 11 39 17,1 23 0 5 2 6 12 46 3 4 8 47 13 9 24 22 7 11 39 17,ecg200-spectrum,db4,energy,66,50,50,0
ALL,W-QDA:qda,7,,0.1,0.24,1 23 0 5 2 6 12 46 3 4 8 47 13 9 24 22 7 11 39 17,1 23 0 5 2 6 12 46 3 4 8 47 13 9 24 22 7 11 39 17,ecg200-spectrum,db4,energy,66,50,50,0
W-NN,W-NN:k=1,15,1.5,0.1,0.17,1 23 0 5 2 6 12 46 4 25 3 7 8 9 10 11 13 14 15 16,0 1 23 5 2 6 12 46 3 4 8 39 10 13 17 25 34 35 38 41,ecg200-spectrum,db4,usage,66,50,50,0
W-QDA,W-QDA:qda,7,1.0,0.1,0.24,0 1 23 5 2 6 12 46 3 4 8 39 10 13 17 25 34 35 38 41,0 1 23 5 2 6 12 46 3 4 8 39 10 13 17 25 34 35 38 41,ecg200-spectrum,db4,usage,66,50,50,0
W-CART,W-CART:cart,18,3.0,0.1,0.2,1 0 2 3 4 5 6 7 8 9 10 11 12 13 14 15 16 17 18 19,0 1 23 5 2 6 12 46 3 4 8 39 10 13 17 25 34 35 38 41,ecg200-spectrum,db4,usage,66,50,50,0
ALL,W-QDA:qda,7,1.0,0.1,0.24,0 1 23 5 2 6 12 46 3 4 8 39 10 13 17 25 34 35 38 41,0 1 23 5 2 6 12 46 3 4 8 39 10 13 17 25 34 35 38 41,ecg200-spectrum,db4,usage,66,50,50,0
W-NN,W-NN:k=5,33,,0.08,0.16,1 23 0 5 2 6 12 46 3 4 11 22 13 47 24 25 7 9 34 8,1 23 0 5 2 6 12 46 3 4 11 22 13 47 24 25 7 9 34 8,ecg200-spectrum,db4,energy,67,50,50,0
W-QDA,W-QDA:qda,3,,0.16,0.24,1 23 0 5 2 6 12 46 3 4 11 22 13 47 24 25 7 9 34 8,1 23 0 5 2 6 12 46 3 4 11 22 13 47 24 25 7 9 34 8,ecg200-spectrum,db4,energy,67,50,50,0
W-CART,W-CART:cart,35,,0.08,0.22,1 23 0 5 2 6 12 46 3 4 11 22 13 47 24 25 7 9 34 8,1 23 0 5 2 6 12 46 3 4 11 22 13 47 24 25 7 9 34 8,ecg200-spectrum,db4,energy,67,50,50,0
ALL,W-NN:k=5,33,,0.08,0.16,1 23 0 5 2 6 12 46 3 4 11 22 13 47 24 25 7 9 34 8,1 23 0 5 2 6 12 46 3 4 11 22 13 47 24 25 7 9 34 8,ecg200-spectrum,db4,energy,67,50,50,0
W-NN,W-NN:k=3,8,2.0,0.08,0.21,1 23 0 5 2 3 6 4 7 8 9 10 11 12 13 14 15 16 17 18,1 23 0 5 6 2 12 46 3 4 11 22 7 8 10 13 24 25 31 34,ecg200-spectrum,db4,usage,67,50,50,0
W-QDA,W-QDA:qda,7,0.5,0.1,0.25,0 1 23 5 12 6 46 2 3 4 13 22 11 25 7 8 9 40 43 47,1 23 0 5 6 2 12 46 3 4 11 22 7 8 10 13 24 25 31 34,ecg200-spectrum,db4,usage,67,50,50,0
W-CART,W-CART:cart,28,1.0,0.06,0.24,1 23 0 5 6 2 12 46 3 4 11 22 7 8 10 13 24 25 31 34,1 23 0 5 6 2 12 46 3 4 11 22 7 8 10 13 24 25 31 34,ecg200-spectrum,db4,usage,67,50,50,0
ALL,W-CART:cart,28,1.0,0.06,0.24,1 23 0 5 6 2 12 46 3 4 11 22 7 8 10 13 24 25 31 34,1 23 0 5 6 2 12 46 3 4 11 22 7 8 10 13 24 25 31 34,ecg200-spectrum,db4,usage,67,50,50,0
W-NN,W-NN:k=3,10,,0.1,0.25,1 23 0 5 2 6 12 46 3 4 11 8 47 13 22 24 7 25 10 17,1 23 0 5 2 6 12 46 3 4 11 8 47 13 22 24 7 25 10 17,ecg200-spectrum,db4,energy,68,50,50,0
W-QDA,W-QDA:qda,14,,0.14,0.17,1 23 0 5 2 6 12 46 3 4 11 8 47 13 22 24 7 25 10 17,1 23 0 5 2 6 12 46 3 4 11 8 47 13 22 24 7 25 10 17,ecg200-spectrum,db4,energy,68,50,50,0
W-CART,W-CART:cart,4,,0.2,0.29,1 23 0 5 2 6 12 46 3 4 11 8 47 13 22 24 7 25 10 17,1 23 0 5 2 6 12 46 3 4 11 8 47 13 22 24 7 25 10 17,ecg200-spectrum,db4,energy,68,50,50,0
ALL,W-NN:k=3,10,,0.1,0.25,1 23 0 5 2 6 12 46 3 4 11 8 47 13 22 24 7 25 10 17,1 23 0 5 2 6 12 46 3 4 11 8 47 13 22 24 7 25 10 17,ecg200-spectrum,db4,energy,68,50,50,0
W-NN,W-NN:k=3,8,3.0,0.1,0.27,1 0 2 3 4 5 6 7 8 9 10 11 12 13 14 15 16 17 18 19,1 23 0 5 6 2 12 46 3 4 8 11 17 24 31 36 10 18 22 30,ecg200-spectrum,db4,usage,68,50,50,0
W-QDA,W-QDA:qda,9,3.0,0.12,0.25,1 0 2 3 4 5 6 7 8 9 10 11 12 13 14 15 16 17 18 19,1 23 0 5 6 2 12 46 3 4 8 11 17 24 31 36 10 18 22 30,ecg200-spectrum,db4,usage,68,50,50,0
W-CART,W-CART:cart,4,0.5,0.2,0.29,0 1 23 5 12 6 46 2 4 3 11 13 22 8 25 7 21 40 9 10,1 23 0 5 6 2 12 46 3 4 8 11 17 24 31 36 10 18 22 30,ecg200-spectrum,db4,usage,68,50,50,0
ALL,W-NN:k=3,8,3.0,0.1,0.27,1 0 2 3 4 5 6 7 8 9 10 11 12 13 14 15 16 17 18 19,1 23 0 5 6 2 12 46 3 4 8 11 17 24 31 36 10 18 22 30,ecg200-spectrum,db4,usage,68,50,50,0
W-NN,W-NN:k=9,41,,0.1,0.18,1 0 23 5 2 6 12 46 3 4 8 13 47 10 34 22 11 25 9 24,1 0 23 5 2 6 12 46 3 4 8 13 47 10 34 22 11 25 9 24,ecg200-spectrum,db4,energy,69,50,50,0
W-QDA,W-QDA:qda,6,,0.14,0.27,1 0 23 5 2 6 12 46 3 4 8 13 47 10 34 22 11 25 9 24,1 0 23 5 2 6 12 46 3 4 8 13 47 10 34 22 11 25 9 24,ecg200-spectrum,db4,energy,69,50,50,0
W-CART,W-CART:cart,45,,0.14,0.27,1 0 23 5 2 6 12 46 3 4 8 13 47 10 34 22 11 25 9 24,1 0 23 5 2 6 12 46 3 4 8 13 47 10 34 22 11 25 9 24,ecg200-spectrum,db4,energy,69,50,50,0
ALL,W-NN:k=9,41,,0.1,0.18,1 0 23 5 2 6 12 46 3 4 8 13 47 10 34 22 11 25 9 24,1 0 23 5 2 6 12 46 3 4 8 13 47 10 34 22 11 25 9 24,ecg200-spectrum,db4,energy,69,50,50,0
W-NN,W-NN:k=3,4,3.0,0.1,0.24,1 0 2 3 4 5 6 7 8 9 10 11 12 13 14 15 16 17 18 19,1 0 23 5 6 2 12 46 4 3 8 34 9 10 7 11 13 22 24 25,ecg200-spectrum,db4,usage,69,50,50,0
W-QDA,W-QDA:qda,6,1.0,0.14,0.27,1 0 23 5 6 2 12 46 4 3 8 34 9 10 7 11 13 22 24 25,1 0 23 5 6 2 12 46 4 3 8 34 9 10 7 11 13 22 24 25,ecg200-spectrum,db4,usage,69,50,50,0
W-CART,W-CART:cart,42,3.0,0.12,0.25,1 0 2 3 4 5 6 7 8 9 10 11 12 13 14 15 16 17 18 19,1 0 23 5 6 2 12 46 4 3 8 34 9 10 7 11 13 22 24 25,ecg200-spectrum,db4,usage,69,50,50,0
ALL,W-NN:k=3,4,3.0,0.1,0.24,1 0 2 3 4 5 6 7 8 9 10 11 12 13 14 15 16 17 18 19,1 0 23 5 6 2 12 46 4 3 8 34 9 10 7 11 13 22 24 25,ecg200-spectrum,db4,usage,69,50,50,0
W-NN,W-NN:k=1,21,,0.1,0.28,1 0 23 5 2 6 46 12 3 4 47 8 13 7 9 22 11 24 10 25,1 0 23 5 2 6 46 12 3 4 47 8 13 7 9 22 11 24 10 25,ecg200-spectrum,db4,energy,70,50,50,0
W-QDA,W-QDA:qda,5,,0.2,0.26,1 0 23 5 2 6 46 12 3 4 47 8 13 7 9 22 11 24 10 25,1 0 23 5 2 6 46 12 3 4 47 8 13 7 9 22 11 24 10 25,ecg200-spectrum,db4,energy,70,50,50,0
W-CART,W-CART:cart,15,,0.1,0.15,1 0 23 5 2 6 46 12 3 4 47 8 13 7 9 22 11 24 10 25,1 0 23 5 2 6 46 12 3 4 47 8 13 7 9 22 11 24 10 25,ecg200-spectrum,db4,energy,70,50,50,0
ALL,W-CART:cart,15,,0.1,0.15,1 0 23 5 2 6 46 12 3 4 47 8 13 7 9 22 11 24 10 25,1 0 23 5 2 6 46 12 3 4 47 8 13 7 9 22 11 24 10 25,ecg200-spectrum,db4,energy,70,50,50,0
W-NN,W-NN:k=1,22,1.0,0.1,0.28,1 23 0 5 6 2 12 46 3 4 13 25 34 7 8 9 10 11 22 31,1 23 0 5 6 2 12 46 3 4 13 25 34 7 8 9 10 11 22 31,ecg200-spectrum,db4,usage,70,50,50,0
W-QDA,W-QDA:qda,6,3.0,0.16,0.28,1 0 46 2 3 4 5 6 7 8 9 10 11 12 13 14 15 16 17 18,1 23 0 5 6 2 12 46 3 4 13 25 34 7 8 9 10 11 22 31,ecg200-spectrum,db4,usage,70,50,50,0
W-CART,W-CART:cart,12,2.0,0.1,0.15,1 23 0 5 2 6 46 3 4 7 8 9 10 11 12 13 14 15 16 17,1 23 0 5 6 2 12 46 3 4 13 25 34 7 8 9 10 11 22 31,ecg200-spectrum,db4,usage,70,50,50,0
ALL,W-CART:cart,12,2.0,0.1,0.15,1 23 0 5 2 6 46 3 4 7 8 9 10 11 12 13 14 15 16 17,1 23 0 5 6 2 12 46 3 4 13 25 34 7 8 9 10 11 22 31,ecg200-spectrum,db4,usage,70,50,50,0
W-NN,W-NN:k=3,24,,0.16,0.2,1 0 23 5 2 6 12 46 3 4 8 47 13 7 39 10 25 17 24 22,1 0 23 5 2 6 12 46 3 4 8 47 13 7 39 10 25 17 24 22,ecg200-spectrum,db4,energy,71,50,50,0
W-QDA,W-QDA:qda,11,,0.14,0.23,1 0 23 5 2 6 12 46 3 4 8 47 13 7 39 10 25 17 24 22,1 0 23 5 2 6 12 46 3 4 8 47 13 7 39 10 25 17 24 22,ecg200-spectrum,db4,energy,71,50,50,0
W-CART,W-CART:cart,9,,0.14,0.25,1 0 23 5 2 6 12 46 3 4 8 47 13 7 39 10 25 17 24 22,1 0 23 5 2 6 12 46 3 4 8 47 13 7 39 10 25 17 24 22,ecg200-spectrum,db4,energy,71,50,50,0
ALL,W-CART:cart,9,,0.14,0.25,1 0 23 5 2 6 12 46 3 4 8 47 13 7 39 10 25 17 24 22,1 0 23 5 2 6 12 46 3 4 8 47 13 7 39 10 25 17 24 22,ecg200-spectrum,db4,energy,71,50,50,0
W-NN,W-NN:k=3,24,2.0,0.16,0.23,1 23 0 5 2 3 4 6 7 8 9 10 11 12 13 14 15 16 17 18,1 23 0 5 6 2 12 46 3 4 8 10 11 25 34 37 39 7 9 18,ecg200-spectrum,db4,usage,71,50,50,0
W-QDA,W-QDA:qda,8,3.0,0.12,0.25,1 0 2 3 4 5 6 7 8 9 10 11 12 13 14 15 16 17 18 19,1 23 0 5 6 2 12 46 3 4 8 10 11 25 34 37 39 7 9 18,ecg200-spectrum,db4,usage,71,50,50,0
W-CART,W-CART:cart,13,2.0,0.06,0.21,1 23 0 5 2 3 4 6 7 8 9 10 11 12 13 14 15 16 17 18,1 23 0 5 6 2 12 46 3 4 8 10 11 25 34 37 39 7 9 18,ecg200-spectrum,db4,usage,71,50,50,0
ALL,W-CART:cart,13,2.0,0.06,0.21,1 23 0 5 2 3 4 6 7 8 9 10 11 12 13 14 15 16 17 18,1 23 0 5 6 2 12 46 3 4 8 10 11 25 34 37 39 7 9 18,ecg200-spectrum,db4,usage,71,50,50,0
W-NN,W-NN:k=1,29,,0.08,0.21,1 23 0 5 2 6 46 12 3 4 11 8 7 22 47 9 13 24 34 25,1 23 0 5 2 6 46 12 3 4 11 8 7 22 47 9 13 24 34 25,ecg200-spectrum,db4,energy,72,50,50,0
W-QDA,W-QDA:qda,11,,0.14,0.17,1 23 0 5 2 6 46 12 3 4 11 8 7 22 47 9 13 24 34 25,1 23 0 5 2 6 46 12 3 4 11 8 7 22 47 9 13 24 34 25,ecg200-spectrum,db4,energy,72,50,50,0
W-CART,W-CART:cart,45,,0.14,0.14,1 23 0 5 2 6 46 12 3 4 11 8 7 22 47 9 13 24 34 25,1 23 0 5 2 6 46 12 3 4 11 8 7 22 47 9 13 24 34 25,ecg200-spectrum,db4,energy,72,50,50,0
ALL,W-NN:k=1,29,,0.08,0.21,1 23 0 5 2 6 46 12 3 4 11 8 7 22 47 9 13 24 34 25,1 23 0 5 2 6 46 12 3 4 11 8 7 22 47 9 13 24 34 25,ecg200-spectrum,db4,energy,72,50,50,0
W-NN,W-NN:k=1,19,1.0,0.06,0.19,0 1 23 5 6 12 2 46 3 4 11 22 7 8 9 10 13 25 30 33,0 1 23 5 6 12 2 46 3 4 11 22 7 8 9 10 13 25 30 33,ecg200-spectrum,db4,usage,72,50,50,0
W-QDA,W-QDA:qda,10,1.5,0.12,0.19,1 23 0 5 2 6 12 46 3 11 7 25 34 4 8 9 10 13 14 15,0 1 23 5 6 12 2 46 3 4 11 22 7 8 9 10 13 25 30 33,ecg200-spectrum,db4,usage,72,50,50,0
W-CART,W-CART:cart,16,1.0,0.12,0.16,0 1 23 5 6 12 2 46 3 4 11 22 7 8 9 10 13 25 30 33,0 1 23 5 6 12 2 46 3 4 11 22 7 8 9 10 13 25 30 33,ecg200-spectrum,db4,usage,72,50,50,0
ALL,W-NN:k=1,19,1.0,0.06,0.19,0 1 23 5 6 12 2 46 3 4 11 22 7 8 9 10 13 25 30 33,0 1 23 5 6 12 2 46 3 4 11 22 7 8 9 10 13 25 30 33,ecg200-spectrum,db4,usage,72,50,50,0
W-NN,W-NN:k=1,23,,0.1,0.21,1 0 23 5 2 6 46 12 3 4 11 24 8 22 13 9 47 10 25 16,1 0 23 5 2 6 46 12 3 4 11 24 8 22 13 9 47 10 25 16,ecg200-spectrum,db4,energy,73,50,50,0
W-QDA,W-QDA:qda,3,,0.18,0.24,1 0 23 5 2 6 46 12 3 4 11 24 8 22 13 9 47 10 25 16,1 0 23 5 2 6 46 12 3 4 11 24 8 22 13 9 47 10 25 16,ecg200-spectrum,db4,energy,73,50,50,0
W-CART,W-CART:cart,16,,0.16,0.18,1 0 23 5 2 6 46 12 3 4 11 24 8 22 13 9 47 10 25 16,1 0 23 5 2 6 46 12 3 4 11 24 8 22 13 9 47 10 25 16,ecg200-spectrum,db4,energy,73,50,50,0
ALL,W-NN:k=1,23,,0.1,0.21,1 0 23 5 2 6 46 12 3 4 11 24 8 22 13 9 47 10 25 16,1 0 23 5 2 6 46 12 3 4 11 24 8 22 13 9 47 10 25 16,ecg200-spectrum,db4,energy,73,50,50,0
W-NN,W-NN:k=1,32,2.0,0.1,0.21,1 23 0 5 2 3 4 6 7 8 9 10 11 12 13 14 15 16 17 18,1 23 0 5 2 6 12 46 3 4 10 11 34 42 8 9 22 24 25 31,ecg200-spectrum,db4,usage,73,50,50,0
W-QDA,W-QDA:qda,5,3.0,0.12,0.2,1 0 5 2 3 4 6 7 8 9 10 11 12 13 14 15 16 17 18 19,1 23 0 5 2 6 12 46 3 4 10 11 34 42 8 9 22 24 25 31,ecg200-spectrum,db4,usage,73,50,50,0
W-CART,W-CART:cart,11,1.0,0.16,0.2,1 23 0 5 2 6 12 46 3 4 10 11 34 42 8 9 22 24 25 31,1 23 0 5 2 6 12 46 3 4 10 11 34 42 8 9 22 24 25 31,ecg200-spectrum,db4,usage,73,50,50,0
ALL,W-NN:k=1,32,2.0,0.1,0.21,1 23 0 5 2 3 4 6 7 8 9 10 11 12 13 14 15 16 17 18,1 23 0 5 2 6 12 46 3 4 10 11 34 42 8 9 22 24 25 31,ecg200-spectrum,db4,usage,73,50,50,0
W-NN,W-NN:k=3,27,,0.14,0.22,1 23 0 5 2 6 12 46 3 4 8 13 47 10 25 11 22 9 7 17,1 23 0 5 2 6 12 46 3 4 8 13 47 10 25 11 22 9 7 17,ecg200-spectrum,db4,energy,74,50,50,0
W-QDA,W-QDA:qda,9,,0.16,0.28,1 23 0 5 2 6 12 46 3 4 8 13 47 10 25 11 22 9 7 17,1 23 0 5 2 6 12 46 3 4 8 13 47 10 25 11 22 9 7 17,ecg200-spectrum,db4,energy,74,50,50,0
W-CART,W-CART:cart,32,,0.08,0.25,1 23 0 5 2 6 12 46 3 4 8 13 47 10 25 11 22 9 7 17,1 23 0 5 2 6 12 46 3 4 8 13 47 10 25 11 22 9 7 17,ecg200-spectrum,db4,energy,74,50,50,0
ALL,W-CART:cart,32,,0.08,0.25,1 23 0 5 2 6 12 46 3 4 8 13 47 10 25 11 22 9 7 17,1 23 0 5 2 6 12 46 3 4 8 13 47 10 25 11 22 9 7 17,ecg200-spectrum,db4,energy,74,50,50,0
W-NN,W-NN:k=3,15,1.0,0.08,0.21,1 23 0 5 6 12 2 46 3 4 13 17 25 34 7 8 10 11 31 32,1 23 0 5 6 12 2 46 3 4 13 17 25 34 7 8 10 11 31 32,ecg200-spectrum,db4,usage,74,50,50,0
W-QDA,W-QDA:qda,4,3.0,0.12,0.23,1 0 2 3 4 5 6 7 8 9 10 11 12 13 14 15 16 17 18 19,1 23 0 5 6 12 2 46 3 4 13 17 25 34 7 8 10 11 31 32,ecg200-spectrum,db4,usage,74,50,50,0
W-CART,W-CART:cart,23,1.5,0.06,0.2,1 23 0 5 6 12 2 46 3 4 7 8 9 10 11 13 14 15 16 17,1 23 0 5 6 12 2 46 3 4 13 17 25 34 7 8 10 11 31 32,ecg200-spectrum,db4,usage,74,50,50,0
ALL,W-CART:cart,23,1.5,0.06,0.2,1 23 0 5 6 12 2 46 3 4 7 8 9 10 11 13 14 15 16 17,1 23 0 5 6 12 2 46 3 4 13 17 25 34 7 8 10 11 31 32,ecg200-spectrum,db4,usage,74,50,50,0
W-NN,W-NN:k=7,26,,0.12,0.2,1 23 0 5 2 6 12 46 3 4 13 8 47 10 25 22 34 11 9 24,1 23 0 5 2 6 12 46 3 4 13 8 47 10 25 22 34 11 9 24,ecg200-spectrum,db4,energy,75,50,50,0
W-QDA,W-QDA:qda,8,,0.18,0.21,1 23 0 5 2 6 12 46 3 4 13 8 47 10 25 22 34 11 9 24,1 23 0 5 2 6 12 46 3 4 13 8 47 10 25 22 34 11 9 24,ecg200-spectrum,db4,energy,75,50,50,0
W-CART,W-CART:cart,6,,0.16,0.22,1 23 0 5 2 6 12 46 3 4 13 8 47 10 25 22 34 11 9 24,1 23 0 5 2 6 12 46 3 4 13 8 47 10 25 22 34 11 9 24,ecg200-spectrum,db4,energy,75,50,50,0
ALL,W-NN:k=7,26,,0.12,0.2,1 23 0 5 2 6 12 46 3 4 13 8 47 10 25 22 34 11 9 24,1 23 0 5 2 6 12 46 3 4 13 8 47 10 25 22 34 11 9 24,ecg200-spectrum,db4,energy,75,50,50,0
W-NN,W-NN:k=1,32,2.0,0.1,0.13,1 23 0 5 2 12 3 4 6 7 8 9 10 11 13 14 15 16 17 18,1 23 0 5 6 2 12 46 4 3 10 8 39 13 25 34 35 40 41 43,ecg200-spectrum,db4,usage,75,50,50,0
W-QDA,W-QDA:qda,4,3.0,0.14,0.15,1 0 2 3 4 5 6 7 8 9 10 11 12 13 14 15 16 17 18 19,1 23 0 5 6 2 12 46 4 3 10 8 39 13 25 34 35 40 41 43,ecg200-spectrum,db4,usage,75,50,50,0
W-CART,W-CART:cart,15,2.0,0.14,0.34,1 23 0 5 2 12 3 4 6 7 8 9 10 11 13 14 15 16 17 18,1 23 0 5 6 2 12 46 4 3 10 8 39 13 25 34 35 40 41 43,ecg200-spectrum,db4,usage,75,50,50,0
ALL,W-NN:k=1,32,2.0,0.1,0.13,1 23 0 5 2 12 3 4 6 7 8 9 10 11 13 14 15 16 17 18,1 23 0 5 6 2 12 46 4 3 10 8 39 13 25 34 35 40 41 43,ecg200-spectrum,db4,usage,75,50,50,0
W-NN,W-NN:k=3,24,,0.12,0.21,1 0 23 5 2 6 12 46 3 4 11 8 9 47 13 22 25 24 7 18,1 0 23 5 2 6 12 46 3 4 11 8 9 47 13 22 25 24 7 18,ecg200-spectrum,db4,energy,76,50,50,0
W-QDA,W-QDA:qda,3,,0.14,0.23,1 0 23 5 2 6 12 46 3 4 11 8 9 47 13 22 25 24 7 18,1 0 23 5 2 6 12 46 3 4 11 8 9 47 13 22 25 24 7 18,ecg200-spectrum,db4,energy,76,50,50,0
W-CART,W-CART:cart,30,,0.08,0.22,1 0 23 5 2 6 12 46 3 4 11 8 9 47 13 22 25 24 7 18,1 0 23 5 2 6 12 46 3 4 11 8 9 47 13 22 25 24 7 18,ecg200-spectrum,db4,energy,76,50,50,0
ALL,W-CART:cart,30,,0.08,0.22,1 0 23 5 2 6 12 46 3 4 11 8 9 47 13 22 25 24 7 18,1 0 23 5 2 6 12 46 3 4 11 8 9 47 13 22 25 24 7 18,ecg200-spectrum,db4,energy,76,50,50,0
W-NN,W-NN:k=3,6,2.0,0.12,0.21,1 23 0 5 2 3 4 6 7 8 9 10 11 12 13 14 15 16 17 18,1 0 23 5 6 12 2 3 46 4 9 8 25 45 10 11 13 18 24 30,ecg200-spectrum,db4,usage,76,50,50,0
W-QDA,W-QDA:qda,3,0.5,0.14,0.23,1 23 0 5 46 12 6 2 4 3 22 9 11 8 13 25 43 47 40 7,1 0 23 5 6 12 2 3 46 4 9 8 25 45 10 11 13 18 24 30,ecg200-spectrum,db4,usage,76,50,50,0
W-CART,W-CART:cart,6,3.0,0.08,0.2,1 0 23 2 3 4 5 6 7 8 9 10 11 12 13 14 15 16 17 18,1 0 23 5 6 12 2 3 46 4 9 8 25 45 10 11 13 18 24 30,ecg200-spectrum,db4,usage,76,50,50,0
ALL,W-CART:cart,6,3.0,0.08,0.2,1 0 23 2 3 4 5 6 7 8 9 10 11 12 13 14 15 16 17 18,1 0 23 5 6 12 2 3 46 4 9 8 25 45 10 11 13 18 24 30,ecg200-spectrum,db4,usage,76,50,50,0
W-NN,W-NN:k=1,20,,0.12,0.19,1 0 23 5 2 6 46 12 3 4 24 8 47 7 13 9 22 10 34 25,1 0 23 5 2 6 46 12 3 4 24 8 47 7 13 9 22 10 34 25,ecg200-spectrum,db4,energy,77,50,50,0
W-QDA,W-QDA:qda,9,,0.16,0.23,1 0 23 5 2 6 46 12 3 4 24 8 47 7 13 9 22 10 34 25,1 0 23 5 2 6 46 12 3 4 24 8 47 7 13 9 22 10 34 25,ecg200-spectrum,db4,energy,77,50,50,0
W-CART,W-CART:cart,13,,0.08,0.21,1 0 23 5 2 6 46 12 3 4 24 8 47 7 13 9 22 10 34 25,1 0 23 5 2 6 46 12 3 4 24 8 47 7 13 9 22 10 34 25,ecg200-spectrum,db4,energy,77,50,50,0
ALL,W-CART:cart,13,,0.08,0.21,1 0 23 5 2 6 46 12 3 4 24 8 47 7 13 9 22 10 34 25,1 0 23 5 2 6 46 12 3 4 24 8 47 7 13 9 22 10 34 25,ecg200-spectrum,db4,energy,77,50,50,0
W-NN,W-NN:k=1,36,2.0,0.1,0.2,1 23 0 5 3 6 2 4 7 8 9 10 11 12 13 14 15 16 17 18,1 23 0 5 2 6 12 46 3 4 9 24 34 7 8 10 30 43 11 13,ecg200-spectrum,db4,usage,77,50,50,0
W-QDA,W-QDA:qda,5,2.0,0.08,0.2,1 23 0 5 3 6 2 4 7 8 9 10 11 12 13 14 15 16 17 18,1 23 0 5 2 6 12 46 3 4 9 24 34 7 8 10 30 43 11 13,ecg200-spectrum,db4,usage,77,50,50,0
W-CART,W-CART:cart,11,1.0,0.06,0.2,1 23 0 5 2 6 12 46 3 4 9 24 34 7 8 10 30 43 11 13,1 23 0 5 2 6 12 46 3 4 9 24 34 7 8 10 30 43 11 13,ecg200-spectrum,db4,usage,77,50,50,0
ALL,W-CART:cart,11,1.0,0.06,0.2,1 23 0 5 2 6 12 46 3 4 9 24 34 7 8 10 30 43 11 13,1 23 0 5 2 6 12 46 3 4 9 24 34 7 8 10 30 43 11 13,ecg200-spectrum,db4,usage,77,50,50,0
W-NN,W-NN:k=1,15,,0.18,0.22,1 0 23 5 2 6 46 12 3 4 11 22 13 7 24 47 8 9 10 25,1 0 23 5 2 6 46 12 3 4 11 22 13 7 24 47 8 9 10 25,ecg200-spectrum,db4,energy,78,50,50,0
W-QDA,W-QDA:qda,6,,0.18,0.24,1 0 23 5 2 6 46 12 3 4 11 22 13 7 24 47 8 9 10 25,1 0 23 5 2 6 46 12 3 4 11 22 13 7 24 47 8 9 10 25,ecg200-spectrum,db4,energy,78,50,50,0
W-CART,W-CART:cart,31,,0.14,0.2,1 0 23 5 2 6 46 12 3 4 11 22 13 7 24 47 8 9 10 25,1 0 23 5 2 6 46 12 3 4 11 22 13 7 24 47 8 9 10 25,ecg200-spectrum,db4,energy,78,50,50,0
ALL,W-CART:cart,31,,0.14,0.2,1 0 23 5 2 6 46 12 3 4 11 22 13 7 24 47 8 9 10 25,1 0 23 5 2 6 46 12 3 4 11 22 13 7 24 47 8 9 10 25,ecg200-spectrum,db4,energy,78,50,50,0
W-NN,W-NN:k=1,9,2.0,0.18,0.2,1 23 0 5 46 3 6 2 4 7 8 9 10 11 12 13 14 15 16 17,1 0 23 5 6 2 12 46 3 22 4 11 13 7 9 24 25 34 38 8,ecg200-spectrum,db4,usage,78,50,50,0
W-QDA,W-QDA:qda,11,3.0,0.14,0.27,1 0 5 46 2 3 4 6 7 8 9 10 11 12 13 14 15 16 17 18,1 0 23 5 6 2 12 46 3 22 4 11 13 7 9 24 25 34 38 8,ecg200-spectrum,db4,usage,78,50,50,0
W-CART,W-CART:cart,9,0.5,0.14,0.18,0 1 23 46 5 12 6 2 3 4 13 8 22 11 7 9 24 10 45 16,1 0 23 5 6 2 12 46 3 22 4 11 13 7 9 24 25 34 38 8,ecg200-spectrum,db4,usage,78,50,50,0
ALL,W-CART:cart,9,0.5,0.14,0.18,0 1 23 46 5 12 6 2 3 4 13 8 22 11 7 9 24 10 45 16,1 0 23 5 6 2 12 46 3 22 4 11 13 7 9 24 25 34 38 8,ecg200-spectrum,db4,usage,78,50,50,0
W-NN,W-NN:k=1,43,,0.18,0.18,1 0 23 5 2 6 46 12 3 4 11 47 13 9 22 7 8 24 10 25,1 0 23 5 2 6 46 12 3 4 11 47 13 9 22 7 8 24 10 25,ecg200-spectrum,db4,energy,79,50,50,0
W-QDA,W-QDA:qda,3,,0.18,0.24,1 0 23 5 2 6 46 12 3 4 11 47 13 9 22 7 8 24 10 25,1 0 23 5 2 6 46 12 3 4 11 47 13 9 22 7 8 24 10 25,ecg200-spectrum,db4,energy,79,50,50,0
W-CART,W-CART:cart,9,,0.12,0.26,1 0 23 5 2 6 46 12 3 4 11 47 13 9 22 7 8 24 10 25,1 0 23 5 2 6 46 12 3 4 11 47 13 9 22 7 8 24 10 25,ecg200-spectrum,db4,energy,79,50,50,0
ALL,W-CART:cart,9,,0.12,0.26,1 0 23 5 2 6 46 12 3 4 11 47 13 9 22 7 8 24 10 25,1 0 23 5 2 6 46 12 3 4 11 47 13 9 22 7 8 24 10 25,ecg200-spectrum,db4,energy,79,50,50,0
W-NN,W-NN:k=1,39,1.5,0.16,0.15,1 23 0 5 6 2 12 46 3 4 7 11 8 9 10 13 14 15 16 17,1 23 0 5 2 6 12 46 3 4 9 25 11 22 37 43 7 10 13 19,ecg200-spectrum,db4,usage,79,50,50,0
W-QDA,W-QDA:qda,2,1.0,0.14,0.19,1 23 0 5 2 6 12 46 3 4 9 25 11 22 37 43 7 10 13 19,1 23 0 5 2 6 12 46 3 4 9 25 11 22 37 43 7 10 13 19,ecg200-spectrum,db4,usage,79,50,50,0
W-CART,W-CART:cart,8,3.0,0.14,0.17,1 0 46 2 3 4 5 6 7 8 9 10 11 12 13 14 15 16 17 18,1 23 0 5 2 6 12 46 3 4 9 25 11 22 37 43 7 10 13 19,ecg200-spectrum,db4,usage,79,50,50,0
ALL,W-QDA:qda,2,1.0,0.14,0.19,1 23 0 5 2 6 12 46 3 4 9 25 11 22 37 43 7 10 13 19,1 23 0 5 2 6 12 46 3 4 9 25 11 22 37 43 7 10 13 19,ecg200-spectrum,db4,usage,79,50,50,0
W-NN,W-NN:k=1,32,,0.14,0.25,1 23 0 5 2 6 12 46 3 4 47 34 11 22 8 13 7 10 9 25,1 23 0 5 2 6 12 46 3 4 47 34 11 22 8 13 7 10 9 25,ecg200-spectrum,db4,energy,80,50,50,0
W-QDA,W-QDA:qda,14,,0.12,0.16,1 23 0 5 2 6 12 46 3 4 47 34 11 22 8 13 7 10 9 25,1 23 0 5 2 6 12 46 3 4 47 34 11 22 8 13 7 10 9 25,ecg200-spectrum,db4,energy,80,50,50,0
W-CART,W-CART:cart,10,,0.14,0.15,1 23 0 5 2 6 12 46 3 4 47 34 11 22 8 13 7 10 9 25,1 23 0 5 2 6 12 46 3 4 47 34 11 22 8 13 7 10 9 25,ecg200-spectrum,db4,energy,80,50,50,0
ALL,W-QDA:qda,14,,0.12,0.16,1 23 0 5 2 6 12 46 3 4 47 34 11 22 8 13 7 10 9 25,1 23 0 5 2 6 12 46 3 4 47 34 11 22 8 13 7 10 9 25,ecg200-spectrum,db4,energy,80,50,50,0
W-NN,W-NN:k=1,28,0.5,0.14,0.27,1 23 0 5 46 12 6 2 4 3 22 8 13 34 11 25 47 9 43 45,1 23 0 5 6 2 12 46 4 3 10 22 32 34 43 7 8 11 13 17,ecg200-spectrum,db4,usage,80,50,50,0
W-QDA,W-QDA:qda,13,1.5,0.1,0.15,1 23 0 5 6 2 12 46 3 4 7 11 34 43 8 9 10 13 14 15,1 23 0 5 6 2 12 46 4 3 10 22 32 34 43 7 8 11 13 17,ecg200-spectrum,db4,usage,80,50,50,0
W-CART,W-CART:cart,24,1.5,0.12,0.18,1 23 0 5 6 2 12 46 3 4 7 11 34 43 8 9 10 13 14 15,1 23 0 5 6 2 12 46 4 3 10 22 32 34 43 7 8 11 13 17,ecg200-spectrum,db4,usage,80,50,50,0
ALL,W-QDA:qda,13,1.5,0.1,0.15,1 23 0 5 6 2 12 46 3 4 7 11 34 43 8 9 10 13 14 15,1 23 0 5 6 2 12 46 4 3 10 22 32 34 43 7 8 11 13 17,ecg200-spectrum,db4,usage,80,50,50,0
W-NN,W-NN:k=5,10,,0.12,0.21,1 23 0 5 2 6 46 12 3 4 8 11 47 13 22 9 24 10 25 7,1 23 0 5 2 6 46 12 3 4 8 11 47 13 22 9 24 10 25 7,ecg200-spectrum,db4,energy,81,50,50,0
W-QDA,W-QDA:qda,3,,0.16,0.24,1 23 0 5 2 6 46 12 3 4 8 11 47 13 22 9 24 10 25 7,1 23 0 5 2 6 46 12 3 4 8 11 47 13 22 9 24 10 25 7,ecg200-spectrum,db4,energy,81,50,50,0
W-CART,W-CART:cart,21,,0.2,0.19,1 23 0 5 2 6 46 12 3 4 8 11 47 13 22 9 24 10 25 7,1 23 0 5 2 6 46 12 3 4 8 11 47 13 22 9 24 10 25 7,ecg200-spectrum,db4,energy,81,50,50,0
ALL,W-NN:k=5,10,,0.12,0.21,1 23 0 5 2 6 46 12 3 4 8 11 47 13 22 9 24 10 25 7,1 23 0 5 2 6 46 12 3 4 8 11 47 13 22 9 24 10 25 7,ecg200-spectrum,db4,energy,81,50,50,0
W-NN,W-NN:k=3,25,2.0,0.1,0.24,1 23 5 0 2 6 3 4 7 8 9 10 11 12 13 14 15 16 17 18,1 23 0 5 6 2 12 46 3 4 8 11 13 25 42 9 17 24 31 34,ecg200-spectrum,db4,usage,81,50,50,0
W-QDA,W-QDA:qda,3,3.0,0.12,0.3,1 0 2 3 4 5 6 7 8 9 10 11 12 13 14 15 16 17 18 19,1 23 0 5 6 2 12 46 3 4 8 11 13 25 42 9 17 24 31 34,ecg200-spectrum,db4,usage,81,50,50,0
W-CART,W-CART:cart,15,3.0,0.18,0.27,1 0 2 3 4 5 6 7 8 9 10 11 12 13 14 15 16 17 18 19,1 23 0 5 6 2 12 46 3 4 8 11 13 25 42 9 17 24 31 34,ecg200-spectrum,db4,usage,81,50,50,0
ALL,W-NN:k=3,25,2.0,0.1,0.24,1 23 5 0 2 6 3 4 7 8 9 10 11 12 13 14 15 16 17 18,1 23 0 5 6 2 12 46 3 4 8 11 13 25 42 9 17 24 31 34,ecg200-spectrum,db4,usage,81,50,50,0
W-NN,W-NN:k=3,37,,0.12,0.17,1 0 23 5 2 6 46 12 3 4 11 22 24 47 13 8 7 9 34 10,1 0 23 5 2 6 46 12 3 4 11 22 24 47 13 8 7 9 34 10,ecg200-spectrum,db4,energy,82,50,50,0
W-QDA,W-QDA:qda,4,,0.16,0.2,1 0 23 5 2 6 46 12 3 4 11 22 24 47 13 8 7 9 34 10,1 0 23 5 2 6 46 12 3 4 11 22 24 47 13 8 7 9 34 10,ecg200-spectrum,db4,energy,82,50,50,0
W-CART,W-CART:cart,12,,0.16,0.13,1 0 23 5 2 6 46 12 3 4 11 22 24 47 13 8 7 9 34 10,1 0 23 5 2 6 46 12 3 4 11 22 24 47 13 8 7 9 34 10,ecg200-spectrum,db4,energy,82,50,50,0
ALL,W-NN:k=3,37,,0.12,0.17,1 0 23 5 2 6 46 12 3 4 11 22 24 47 13 8 7 9 34 10,1 0 23 5 2 6 46 12 3 4 11 22 24 47 13 8 7 9 34 10,ecg200-spectrum,db4,energy,82,50,50,0
W-NN,W-NN:k=1,33,2.0,0.1,0.21,1 23 0 5 6 2 3 4 7 8 9 10 11 12 13 14 15 16 17 18,0 1 23 5 6 2 12 46 3 4 11 34 22 24 7 8 10 13 25 31,ecg200-spectrum,db4,usage,82,50,50,0
W-QDA,W-QDA:qda,4,0.5,0.16,0.2,0 1 23 5 12 46 6 2 4 3 11 13 22 7 8 24 9 34 10 43,0 1 23 5 6 2 12 46 3 4 11 34 22 24 7 8 10 13 25 31,ecg200-spectrum,db4,usage,82,50,50,0
W-CART,W-CART:cart,11,0.5,0.16,0.13,0 1 23 5 12 46 6 2 4 3 11 13 22 7 8 24 9 34 10 43,0 1 23 5 6 2 12 46 3 4 11 34 22 24 7 8 10 13 25 31,ecg200-spectrum,db4,usage,82,50,50,0
ALL,W-NN:k=1,33,2.0,0.1,0.21,1 23 0 5 6 2 3 4 7 8 9 10 11 12 13 14 15 16 17 18,0 1 23 5 6 2 12 46 3 4 11 34 22 24 7 8 10 13 25 31,ecg200-spectrum,db4,usage,82,50,50,0
W-NN,W-NN:k=15,9,,0.18,0.21,1 23 0 5 2 6 12 46 3 4 47 34 8 11 13 7 9 10 22 25,1 23 0 5 2 6 12 46 3 4 47 34 8 11 13 7 9 10 22 25,ecg200-spectrum,db4,energy,83,50,50,0
W-QDA,W-QDA:qda,7,,0.14,0.21,1 23 0 5 2 6 12 46 3 4 47 34 8 11 13 7 9 10 22 25,1 23 0 5 2 6 12 46 3 4 47 34 8 11 13 7 9 10 22 25,ecg200-spectrum,db4,energy,83,50,50,0
W-CART,W-CART:cart,13,,0.18,0.15,1 23 0 5 2 6 12 46 3 4 47 34 8 11 13 7 9 10 22 25,1 23 0 5 2 6 12 46 3 4 47 34 8 11 13 7 9 10 22 25,ecg200-spectrum,db4,energy,83,50,50,0
ALL,W-QDA:qda,7,,0.14,0.21,1 23 0 5 2 6 12 46 3 4 47 34 8 11 13 7 9 10 22 25,1 23 0 5 2 6 12 46 3 4 47 34 8 11 13 7 9 10 22 25,ecg200-spectrum,db4,energy,83,50,50,0
W-NN,W-NN:k=15,4,3.0,0.16,0.22,1 0 2 3 4 5 6 7 8 9 10 11 12 13 14 15 16 17 18 19,1 23 0 5 6 12 46 2 3 4 34 8 10 11 25 43 7 9 13 18,ecg200-spectrum,db4,usage,83,50,50,0
W-QDA,W-QDA:qda,5,3.0,0.18,0.17,1 0 2 3 4 5 6 7 8 9 10 11 12 13 14 15 16 17 18 19,1 23 0 5 6 12 46 2 3 4 34 8 10 11 25 43 7 9 13 18,ecg200-spectrum,db4,usage,83,50,50,0
W-CART,W-CART:cart,30,2.0,0.14,0.18,1 23 5 0 12 46 2 3 4 6 7 8 9 10 11 13 14 15 16 17,1 23 0 5 6 12 46 2 3 4 34 8 10 11 25 43 7 9 13 18,ecg200-spectrum,db4,usage,83,50,50,0
ALL,W-CART:cart,30,2.0,0.14,0.18,1 23 5 0 12 46 2 3 4 6 7 8 9 10 11 13 14 15 16 17,1 23 0 5 6 12 46 2 3 4 34 8 10 11 25 43 7 9 13 18,ecg200-spectrum,db4,usage,83,50,50,0
W-NN,W-NN:k=7,25,,0.16,0.21,1 0 23 5 2 6 12 46 3 4 47 9 22 13 8 11 25 7 32 19,1 0 23 5 2 6 12 46 3 4 47 9 22 13 8 11 25 7 32 19,ecg200-spectrum,db4,energy,84,50,50,0
W-QDA,W-QDA:qda,9,,0.1,0.15,1 0 23 5 2 6 12 46 3 4 47 9 22 13 8 11 25 7 32 19,1 0 23 5 2 6 12 46 3 4 47 9 22 13 8 11 25 7 32 19,ecg200-spectrum,db4,energy,84,50,50,0
W-CART,W-CART:cart,17,,0.1,0.22,1 0 23 5 2 6 12 46 3 4 47 9 22 13 8 11 25 7 32 19,1 0 23 5 2 6 12 46 3 4 47 9 22 13 8 11 25 7 32 19,ecg200-spectrum,db4,energy,84,50,50,0
ALL,W-QDA:qda,9,,0.1,0.15,1 0 23 5 2 6 12 46 3 4 47 9 22 13 8 11 25 7 32 19,1 0 23 5 2 6 12 46 3 4 47 9 22 13 8 11 25 7 32 19,ecg200-spectrum,db4,energy,84,50,50,0
W-NN,W-NN:k=1,12,0.5,0.16,0.22,0 1 23 5 46 12 6 2 4 3 9 22 25 7 13 19 43 8 10 21,1 23 0 5 6 12 2 46 3 4 22 8 11 19 25 31 32 33 37 40,ecg200-spectrum,db4,usage,84,50,50,0
W-QDA,W-QDA:qda,9,1.0,0.1,0.15,1 23 0 5 6 12 2 46 3 4 22 8 11 19 25 31 32 33 37 40,1 23 0 5 6 12 2 46 3 4 22 8 11 19 25 31 32 33 37 40,ecg200-spectrum,db4,usage,84,50,50,0
W-CART,W-CART:cart,14,3.0,0.1,0.22,1 0 2 3 4 5 6 7 8 9 10 11 12 13 14 15 16 17 18 19,1 23 0 5 6 12 2 46 3 4 22 8 11 19 25 31 32 33 37 40,ecg200-spectrum,db4,usage,84,50,50,0
ALL,W-QDA:qda,9,1.0,0.1,0.15,1 23 0 5 6 12 2 46 3 4 22 8 11 19 25 31 32 33 37 40,1 23 0 5 6 12 2 46 3 4 22 8 11 19 25 31 32 33 37 40,ecg200-spectrum,db4,usage,84,50,50,0
W-NN,W-NN:k=5,18,,0.16,0.26,1 0 23 5 2 6 12 46 3 4 9 47 24 13 22 8 10 11 34 39,1 0 23 5 2 6 12 46 3 4 9 47 24 13 22 8 10 11 34 39,ecg200-spectrum,db4,energy,85,50,50,0
W-QDA,W-QDA:qda,4,,0.14,0.23,1 0 23 5 2 6 12 46 3 4 9 47 24 13 22 8 10 11 34 39,1 0 23 5 2 6 12 46 3 4 9 47 24 13 22 8 10 11 34 39,ecg200-spectrum,db4,energy,85,50,50,0
W-CART,W-CART:cart,3,,0.18,0.21,1 0 23 5 2 6 12 46 3 4 9 47 24 13 22 8 10 11 34 39,1 0 23 5 2 6 12 46 3 4 9 47 24 13 22 8 10 11 34 39,ecg200-spectrum,db4,energy,85,50,50,0
ALL,W-QDA:qda,4,,0.14,0.23,1 0 23 5 2 6 12 46 3 4 9 47 24 13 22 8 10 11 34 39,1 0 23 5 2 6 12 46 3 4 9 47 24 13 22 8 10 11 34 39,ecg200-spectrum,db4,energy,85,50,50,0
W-NN,W-NN:k=3,4,3.0,0.14,0.25,1 0 2 3 4 5 6 7 8 9 10 11 12 13 14 15 16 17 18 19,0 1 23 5 6 12 2 46 4 10 39 3 13 25 7 8 9 11 17 22,ecg200-spectrum,db4,usage,85,50,50,0
W-QDA,W-QDA:qda,4,3.0,0.12,0.22,1 0 2 3 4 5 6 7 8 9 10 11 12 13 14 15 16 17 18 19,0 1 23 5 6 12 2 46 4 10 39 3 13 25 7 8 9 11 17 22,ecg200-spectrum,db4,usage,85,50,50,0
W-CART,W-CART:cart,25,2.0,0.08,0.23,1 23 0 5 6 12 46 2 3 4 7 8 9 10 11 13 14 15 16 17,0 1 23 5 6 12 2 46 4 10 39 3 13 25 7 8 9 11 17 22,ecg200-spectrum,db4,usage,85,50,50,0
ALL,W-CART:cart,25,2.0,0.08,0.23,1 23 0 5 6 12 46 2 3 4 7 8 9 10 11 13 14 15 16 17,0 1 23 5 6 12 2 46 4 10 39 3 13 25 7 8 9 11 17 22,ecg200-spectrum,db4,usage,85,50,50,0
W-NN,W-NN:k=9,3,,0.12,0.27,1 0 23 5 2 6 46 12 3 4 11 13 47 22 24 7 9 8 42 40,1 0 23 5 2 6 46 12 3 4 11 13 47 22 24 7 9 8 42 40,ecg200-spectrum,db4,energy,86,50,50,0
W-QDA,W-QDA:qda,3,,0.08,0.25,1 0 23 5 2 6 46 12 3 4 11 13 47 22 24 7 9 8 42 40,1 0 23 5 2 6 46 12 3 4 11 13 47 22 24 7 9 8 42 40,ecg200-spectrum,db4,energy,86,50,50,0
W-CART,W-CART:cart,3,,0.12,0.26,1 0 23 5 2 6 46 12 3 4 11 13 47 22 24 7 9 8 42 40,1 0 23 5 2 6 46 12 3 4 11 13 47 22 24 7 9 8 42 40,ecg200-spectrum,db4,energy,86,50,50,0
ALL,W-QDA:qda,3,,0.08,0.25,1 0 23 5 2 6 46 12 3 4 11 13 47 22 24 7 9 8 42 40,1 0 23 5 2 6 46 12 3 4 11 13 47 22 24 7 9 8 42 40,ecg200-spectrum,db4,energy,86,50,50,0
W-NN,W-NN:k=9,3,0.5,0.12,0.27,0 1 23 5 6 12 46 2 4 3 11 13 7 22 24 19 42 8 20 34,1 23 0 5 6 2 12 46 3 4 11 42 13 22 25 30 34 40 7 8,ecg200-spectrum,db4,usage,86,50,50,0
W-QDA,W-QDA:qda,3,0.5,0.08,0.25,0 1 23 5 6 12 46 2 4 3 11 13 7 22 24 19 42 8 20 34,1 23 0 5 6 2 12 46 3 4 11 42 13 22 25 30 34 40 7 8,ecg200-spectrum,db4,usage,86,50,50,0
W-CART,W-CART:cart,3,0.5,0.12,0.26,0 1 23 5 6 12 46 2 4 3 11 13 7 22 24 19 42 8 20 34,1 23 0 5 6 2 12 46 3 4 11 42 13 22 25 30 34 40 7 8,ecg200-spectrum,db4,usage,86,50,50,0
ALL,W-QDA:qda,3,0.5,0.08,0.25,0 1 23 5 6 12 46 2 4 3 11 13 7 22 24 19 42 8 20 34,1 23 0 5 6 2 12 46 3 4 11 42 13 22 25 30 34 40 7 8,ecg200-spectrum,db4,usage,86,50,50,0
W-NN,W-NN:k=9,17,,0.16,0.18,1 0 23 5 2 6 12 46 3 4 8 47 13 24 25 9 10 7 22 35,1 0 23 5 2 6 12 46 3 4 8 47 13 24 25 9 10 7 22 35,ecg200-spectrum,db4,energy,87,50,50,0
W-QDA,W-QDA:qda,4,,0.2,0.17,1 0 23 5 2 6 12 46 3 4 8 47 13 24 25 9 10 7 22 35,1 0 23 5 2 6 12 46 3 4 8 47 13 24 25 9 10 7 22 35,ecg200-spectrum,db4,energy,87,50,50,0
W-CART,W-CART:cart,7,,0.18,0.22,1 0 23 5 2 6 12 46 3 4 8 47 13 24 25 9 10 7 22 35,1 0 23 5 2 6 12 46 3 4 8 47 13 24 25 9 10 7 22 35,ecg200-spectrum,db4,energy,87,50,50,0
ALL,W-NN:k=9,17,,0.16,0.18,1 0 23 5 2 6 12 46 3 4 8 47 13 24 25 9 10 7 22 35,1 0 23 5 2 6 12 46 3 4 8 47 13 24 25 9 10 7 22 35,ecg200-spectrum,db4,energy,87,50,50,0
W-NN,W-NN:k=9,13,2.0,0.12,0.2,1 23 0 5 2 6 12 3 4 7 8 9 10 11 13 14 15 16 17 18,1 23 0 5 6 2 12 46 3 4 9 25 10 13 8 19 24 30 31 32,ecg200-spectrum,db4,usage,87,50,50,0
W-QDA,W-QDA:qda,4,3.0,0.14,0.15,1 0 2 3 4 5 6 7 8 9 10 11 12 13 14 15 16 17 18 19,1 23 0 5 6 2 12 46 3 4 9 25 10 13 8 19 24 30 31 32,ecg200-spectrum,db4,usage,87,50,50,0
W-CART,W-CART:cart,7,1.0,0.16,0.2,1 23 0 5 6 2 12 46 3 4 9 25 10 13 8 19 24 30 31 32,1 23 0 5 6 2 12 46 3 4 9 25 10 13 8 19 24 30 31 32,ecg200-spectrum,db4,usage,87,50,50,0
ALL,W-NN:k=9,13,2.0,0.12,0.2,1 23 0 5 2 6 12 3 4 7 8 9 10 11 13 14 15 16 17 18,1 23 0 5 6 2 12 46 3 4 9 25 10 13 8 19 24 30 31 32,ecg200-spectrum,db4,usage,87,50,50,0
W-NN,W-NN:k=3,18,,0.14,0.23,1 23 0 5 2 6 46 12 3 4 11 47 13 22 24 8 10 7 9 39,1 23 0 5 2 6 46 12 3 4 11 47 13 22 24 8 10 7 9 39,ecg200-spectrum,db4,energy,88,50,50,0
W-QDA,W-QDA:qda,2,,0.12,0.22,1 23 0 5 2 6 46 12 3 4 11 47 13 22 24 8 10 7 9 39,1 23 0 5 2 6 46 12 3 4 11 47 13 22 24 8 10 7 9 39,ecg200-spectrum,db4,energy,88,50,50,0
W-CART,W-CART:cart,6,,0.18,0.24,1 23 0 5 2 6 46 12 3 4 11 47 13 22 24 8 10 7 9 39,1 23 0 5 2 6 46 12 3 4 11 47 13 22 24 8 10 7 9 39,ecg200-spectrum,db4,energy,88,50,50,0
ALL,W-QDA:qda,2,,0.12,0.22,1 23 0 5 2 6 46 12 3 4 11 47 13 22 24 8 10 7 9 39,1 23 0 5 2 6 46 12 3 4 11 47 13 22 24 8 10 7 9 39,ecg200-spectrum,db4,energy,88,50,50,0
W-NN,W-NN:k=3,34,1.0,0.12,0.23,1 23 0 5 6 2 12 46 4 3 11 39 10 19 24 25 32 33 34 37,1 23 0 5 6 2 12 46 4 3 11 39 10 19 24 25 32 33 34 37,ecg200-spectrum,db4,usage,88,50,50,0
W-QDA,W-QDA:qda,3,0.5,0.1,0.23,1 5 23 0 12 46 6 2 4 3 11 13 22 9 37 8 19 7 10 34,1 23 0 5 6 2 12 46 4 3 11 39 10 19 24 25 32 33 34 37,ecg200-spectrum,db4,usage,88,50,50,0
W-CART,W-CART:cart,27,1.0,0.16,0.15,1 23 0 5 6 2 12 46 4 3 11 39 10 19 24 25 32 33 34 37,1 23 0 5 6 2 12 46 4 3 11 39 10 19 24 25 32 33 34 37,ecg200-spectrum,db4,usage,88,50,50,0
ALL,W-QDA:qda,3,0.5,0.1,0.23,1 5 23 0 12 46 6 2 4 3 11 13 22 9 37 8 19 7 10 34,1 23 0 5 6 2 12 46 4 3 11 39 10 19 24 25 32 33 34 37,ecg200-spectrum,db4,usage,88,50,50,0
W-NN,W-NN:k=5,13,,0.12,0.24,1 23 0 5 2 6 46 12 3 4 11 9 8 47 22 13 10 24 18 17,1 23 0 5 2 6 46 12 3 4 11 9 8 47 22 13 10 24 18 17,ecg200-spectrum,db4,energy,89,50,50,0
W-QDA,W-QDA:qda,9,,0.16,0.2,1 23 0 5 2 6 46 12 3 4 11 9 8 47 22 13 10 24 18 17,1 23 0 5 2 6 46 12 3 4 11 9 8 47 22 13 10 24 18 17,ecg200-spectrum,db4,energy,89,50,50,0
W-CART,W-CART:cart,20,,0.14,0.2,1 23 0 5 2 6 46 12 3 4 11 9 8 47 22 13 10 24 18 17,1 23 0 5 2 6 46 12 3 4 11 9 8 47 22 13 10 24 18 17,ecg200-spectrum,db4,energy,89,50,50,0
ALL,W-NN:k=5,13,,0.12,0.24,1 23 0 5 2 6 46 12 3 4 11 9 8 47 22 13 10 24 18 17,1 23 0 5 2 6 46 12 3 4 11 9 8 47 22 13 10 24 18 17,ecg200-spectrum,db4,energy,89,50,50,0
W-NN,W-NN:k=3,12,3.0,0.1,0.26,1 0 2 3 4 5 6 7 8 9 10 11 12 13 14 15 16 17 18 19,0 1 23 5 6 2 46 12 3 4 10 11 8 9 13 18 22 24 25 30,ecg200-spectrum,db4,usage,89,50,50,0
W-QDA,W-QDA:qda,5,3.0,0.08,0.22,1 0 2 3 4 5 6 7 8 9 10 11 12 13 14 15 16 17 18 19,0 1 23 5 6 2 46 12 3 4 10 11 8 9 13 18 22 24 25 30,ecg200-spectrum,db4,usage,89,50,50,0
W-CART,W-CART:cart,8,1.0,0.12,0.2,0 1 23 5 6 2 46 12 3 4 10 11 8 9 13 18 22 24 25 30,0 1 23 5 6 2 46 12 3 4 10 11 8 9 13 18 22 24 25 30,ecg200-spectrum,db4,usage,89,50,50,0
ALL,W-QDA:qda,5,3.0,0.08,0.22,1 0 2 3 4 5 6 7 8 9 10 11 12 13 14 15 16 17 18 19,0 1 23 5 6 2 46 12 3 4 10 11 8 9 13 18 22 24 25 30,ecg200-spectrum,db4,usage,89,50,50,0
W-NN,W-NN:k=5,12,,0.18,0.25,1 23 0 5 2 6 46 12 4 3 11 47 13 9 22 24 25 10 39 7,1 23 0 5 2 6 46 12 4 3 11 47 13 9 22 24 25 10 39 7,ecg200-spectrum,db4,energy,90,50,50,0
W-QDA,W-QDA:qda,10,,0.16,0.21,1 23 0 5 2 6 46 12 4 3 11 47 13 9 22 24 25 10 39 7,1 23 0 5 2 6 46 12 4 3 11 47 13 9 22 24 25 10 39 7,ecg200-spectrum,db4,energy,90,50,50,0
W-CART,W-CART:cart,15,,0.14,0.18,1 23 0 5 2 6 46 12 4 3 11 47 13 9 22 24 25 10 39 7,1 23 0 5 2 6 46 12 4 3 11 47 13 9 22 24 25 10 39 7,ecg200-spectrum,db4,energy,90,50,50,0
ALL,W-CART:cart,15,,0.14,0.18,1 23 0 5 2 6 46 12 4 3 11 47 13 9 22 24 25 10 39 7,1 23 0 5 2 6 46 12 4 3 11 47 13 9 22 24 25 10 39 7,ecg200-spectrum,db4,energy,90,50,50,0
W-NN,W-NN:k=9,17,0.5,0.16,0.21,0 1 23 5 12 6 46 2 4 13 9 3 11 45 10 47 7 24 25 8,1 23 0 5 6 12 2 46 4 3 11 13 25 39 10 22 30 31 32 36,ecg200-spectrum,db4,usage,90,50,50,0
W-QDA,W-QDA:qda,8,3.0,0.16,0.16,1 0 46 2 3 4 5 6 7 8 9 10 11 12 13 14 15 16 17 18,1 23 0 5 6 12 2 46 4 3 11 13 25 39 10 22 30 31 32 36,ecg200-spectrum,db4,usage,90,50,50,0
W-CART,W-CART:cart,2,1.0,0.16,0.32,1 23 0 5 6 12 2 46 4 3 11 13 25 39 10 22 30 31 32 36,1 23 0 5 6 12 2 46 4 3 11 13 25 39 10 22 30 31 32 36,ecg200-spectrum,db4,usage,90,50,50,0
ALL,W-CART:cart,2,1.0,0.16,0.32,1 23 0 5 6 12 2 46 4 3 11 13 25 39 10 22 30 31 32 36,1 23 0 5 6 12 2 46 4 3 11 13 25 39 10 22 30 31 32 36,ecg200-spectrum,db4,usage,90,50,50,0
W-NN,W-NN:k=3,26,,0.12,0.17,1 23 0 5 2 6 46 12 4 3 11 13 24 9 22 7 47 10 8 25,1 23 0 5 2 6 46 12 4 3 11 13 24 9 22 7 47 10 8 25,ecg200-spectrum,db4,energy,91,50,50,0
W-QDA,W-QDA:qda,2,,0.16,0.21,1 23 0 5 2 6 46 12 4 3 11 13 24 9 22 7 47 10 8 25,1 23 0 5 2 6 46 12 4 3 11 13 24 9 22 7 47 10 8 25,ecg200-spectrum,db4,energy,91,50,50,0
W-CART,W-CART:cart,34,,0.16,0.29,1 23 0 5 2 6 46 12 4 3 11 13 24 9 22 7 47 10 8 25,1 23 0 5 2 6 46 12 4 3 11 13 24 9 22 7 47 10 8 25,ecg200-spectrum,db4,energy,91,50,50,0
ALL,W-NN:k=3,26,,0.12,0.17,1 23 0 5 2 6 46 12 4 3 11 13 24 9 22 7 47 10 8 25,1 23 0 5 2 6 46 12 4 3 11 13 24 9 22 7 47 10 8 25,ecg200-spectrum,db4,energy,91,50,50,0
W-NN,W-NN:k=1,44,0.5,0.08,0.16,0 1 23 5 6 12 46 2 4 3 13 11 9 10 22 24 8 38 25 42,0 1 23 5 6 12 2 46 4 3 11 22 7 8 9 10 13 17 24 33,ecg200-spectrum,db4,usage,91,50,50,0
W-QDA,W-QDA:qda,2,1.5,0.16,0.21,1 23 0 5 6 2 46 12 3 4 11 7 34 8 9 10 13 14 15 16,0 1 23 5 6 12 2 46 4 3 11 22 7 8 9 10 13 17 24 33,ecg200-spectrum,db4,usage,91,50,50,0
W-CART,W-CART:cart,26,0.5,0.12,0.19,0 1 23 5 6 12 46 2 4 3 13 11 9 10 22 24 8 38 25 42,0 1 23 5 6 12 2 46 4 3 11 22 7 8 9 10 13 17 24 33,ecg200-spectrum,db4,usage,91,50,50,0
ALL,W-NN:k=1,44,0.5,0.08,0.16,0 1 23 5 6 12 46 2 4 3 13 11 9 10 22 24 8 38 25 42,0 1 23 5 6 12 2 46 4 3 11 22 7 8 9 10 13 17 24 33,ecg200-spectrum,db4,usage,91,50,50,0
W-NN,W-NN:k=5,17,,0.12,0.22,1 0 23 5 2 6 12 46 3 4 11 47 8 9 13 22 7 10 25 24,1 0 23 5 2 6 12 46 3 4 11 47 8 9 13 22 7 10 25 24,ecg200-spectrum,db4,energy,92,50,50,0
W-QDA,W-QDA:qda,7,,0.18,0.25,1 0 23 5 2 6 12 46 3 4 11 47 8 9 13 22 7 10 25 24,1 0 23 5 2 6 12 46 3 4 11 47 8 9 13 22 7 10 25 24,ecg200-spectrum,db4,energy,92,50,50,0
W-CART,W-CART:cart,11,,0.12,0.15,1 0 23 5 2 6 12 46 3 4 11 47 8 9 13 22 7 10 25 24,1 0 23 5 2 6 12 46 3 4 11 47 8 9 13 22 7 10 25 24,ecg200-spectrum,db4,energy,92,50,50,0
ALL,W-CART:cart,11,,0.12,0.15,1 0 23 5 2 6 12 46 3 4 11 47 8 9 13 22 7 10 25 24,1 0 23 5 2 6 12 46 3 4 11 47 8 9 13 22 7 10 25 24,ecg200-spectrum,db4,energy,92,50,50,0
W-NN,W-NN:k=7,14,1.5,0.1,0.27,1 23 0 5 6 2 12 46 3 7 11 43 4 8 9 10 13 14 15 16,1 23 0 5 6 12 2 46 3 4 11 7 10 22 24 25 34 39 8 9,ecg200-spectrum,db4,usage,92,50,50,0
W-QDA,W-QDA:qda,6,3.0,0.18,0.13,1 0 23 2 3 4 5 6 7 8 9 10 11 12 13 14 15 16 17 18,1 23 0 5 6 12 2 46 3 4 11 7 10 22 24 25 34 39 8 9,ecg200-spectrum,db4,usage,92,50,50,0
W-CART,W-CART:cart,11,1.0,0.12,0.15,1 23 0 5 6 12 2 46 3 4 11 7 10 22 24 25 34 39 8 9,1 23 0 5 6 12 2 46 3 4 11 7 10 22 24 25 34 39 8 9,ecg200-spectrum,db4,usage,92,50,50,0
ALL,W-NN:k=7,14,1.5,0.1,0.27,1 23 0 5 6 2 12 46 3 7 11 43 4 8 9 10 13 14 15 16,1 23 0 5 6 12 2 46 3 4 11 7 10 22 24 25 34 39 8 9,ecg200-spectrum,db4,usage,92,50,50,0
W-NN,W-NN:k=1,29,,0.16,0.16,1 23 0 5 2 6 12 46 3 4 47 9 24 11 8 13 22 7 34 42,1 23 0 5 2 6 12 46 3 4 47 9 24 11 8 13 22 7 34 42,ecg200-spectrum,db4,energy,93,50,50,0
W-QDA,W-QDA:qda,11,,0.22,0.14,1 23 0 5 2 6 12 46 3 4 47 9 24 11 8 13 22 7 34 42,1 23 0 5 2 6 12 46 3 4 47 9 24 11 8 13 22 7 34 42,ecg200-spectrum,db4,energy,93,50,50,0
W-CART,W-CART:cart,39,,0.12,0.19,1 23 0 5 2 6 12 46 3 4 47 9 24 11 8 13 22 7 34 42,1 23 0 5 2 6 12 46 3 4 47 9 24 11 8 13 22 7 34 42,ecg200-spectrum,db4,energy,93,50,50,0
ALL,W-CART:cart,39,,0.12,0.19,1 23 0 5 2 6 12 46 3 4 47 9 24 11 8 13 22 7 34 42,1 23 0 5 2 6 12 46 3 4 47 9 24 11 8 13 22 7 34 42,ecg200-spectrum,db4,energy,93,50,50,0
W-NN,W-NN:k=1,34,0.5,0.16,0.15,1 23 0 5 46 12 6 2 4 3 8 9 11 22 24 42 7 13 25 37,1 23 0 5 6 12 2 46 3 4 9 17 24 30 32 34 42 43 45 7,ecg200-spectrum,db4,usage,93,50,50,0
W-QDA,W-QDA:qda,6,3.0,0.2,0.12,1 0 23 2 3 4 5 6 7 8 9 10 11 12 13 14 15 16 17 18,1 23 0 5 6 12 2 46 3 4 9 17 24 30 32 34 42 43 45 7,ecg200-spectrum,db4,usage,93,50,50,0
W-CART,W-CART:cart,28,0.5,0.12,0.18,1 23 0 5 46 12 6 2 4 3 8 9 11 22 24 42 7 13 25 37,1 23 0 5 6 12 2 46 3 4 9 17 24 30 32 34 42 43 45 7,ecg200-spectrum,db4,usage,93,50,50,0
ALL,W-CART:cart,28,0.5,0.12,0.18,1 23 0 5 46 12 6 2 4 3 8 9 11 22 24 42 7 13 25 37,1 23 0 5 6 12 2 46 3 4 9 17 24 30 32 34 42 43 45 7,ecg200-spectrum,db4,usage,93,50,50,0
W-NN,W-NN:k=1,25,,0.16,0.2,1 23 0 5 6 2 12 46 3 4 11 47 13 22 9 7 8 25 18 10,1 23 0 5 6 2 12 46 3 4 11 47 13 22 9 7 8 25 18 10,ecg200-spectrum,db4,energy,94,50,50,0
W-QDA,W-QDA:qda,9,,0.14,0.24,1 23 0 5 6 2 12 46 3 4 11 47 13 22 9 7 8 25 18 10,1 23 0 5 6 2 12 46 3 4 11 47 13 22 9 7 8 25 18 10,ecg200-spectrum,db4,energy,94,50,50,0
W-CART,W-CART:cart,26,,0.1,0.21,1 23 0 5 6 2 12 46 3 4 11 47 13 22 9 7 8 25 18 10,1 23 0 5 6 2 12 46 3 4 11 47 13 22 9 7 8 25 18 10,ecg200-spectrum,db4,energy,94,50,50,0
ALL,W-CART:cart,26,,0.1,0.21,1 23 0 5 6 2 12 46 3 4 11 47 13 22 9 7 8 25 18 10,1 23 0 5 6 2 12 46 3 4 11 47 13 22 9 7 8 25 18 10,ecg200-spectrum,db4,energy,94,50,50,0
W-NN,W-NN:k=3,46,1.5,0.14,0.17,1 23 0 5 6 12 2 3 46 11 4 7 8 9 10 13 14 15 16 17,1 23 0 5 6 12 2 46 3 4 9 11 22 25 36 7 10 13 18 31,ecg200-spectrum,db4,usage,94,50,50,0
W-QDA,W-QDA:qda,12,0.5,0.12,0.21,0 1 12 23 5 6 46 2 4 3 7 13 22 25 47 8 11 9 43 10,1 23 0 5 6 12 2 46 3 4 9 11 22 25 36 7 10 13 18 31,ecg200-spectrum,db4,usage,94,50,50,0
W-CART,W-CART:cart,23,1.0,0.1,0.21,1 23 0 5 6 12 2 46 3 4 9 11 22 25 36 7 10 13 18 31,1 23 0 5 6 12 2 46 3 4 9 11 22 25 36 7 10 13 18 31,ecg200-spectrum,db4,usage,94,50,50,0
ALL,W-CART:cart,23,1.0,0.1,0.21,1 23 0 5 6 12 2 46 3 4 9 11 22 25 36 7 10 13 18 31,1 23 0 5 6 12 2 46 3 4 9 11 22 25 36 7 10 13 18 31,ecg200-spectrum,db4,usage,94,50,50,0
W-NN,W-NN:k=1,33,,0.12,0.22,1 0 23 5 2 6 46 12 3 4 11 24 22 13 8 47 9 7 17 10,1 0 23 5 2 6 46 12 3 4 11 24 22 13 8 47 9 7 17 10,ecg200-spectrum,db4,energy,95,50,50,0
W-QDA,W-QDA:qda,4,,0.16,0.27,1 0 23 5 2 6 46 12 3 4 11 24 22 13 8 47 9 7 17 10,1 0 23 5 2 6 46 12 3 4 11 24 22 13 8 47 9 7 17 10,ecg200-spectrum,db4,energy,95,50,50,0
W-CART,W-CART:cart,9,,0.16,0.19,1 0 23 5 2 6 46 12 3 4 11 24 22 13 8 47 9 7 17 10,1 0 23 5 2 6 46 12 3 4 11 24 22 13 8 47 9 7 17 10,ecg200-spectrum,db4,energy,95,50,50,0
ALL,W-NN:k=1,33,,0.12,0.22,1 0 23 5 2 6 46 12 3 4 11 24 22 13 8 47 9 7 17 10,1 0 23 5 2 6 46 12 3 4 11 24 22 13 8 47 9 7 17 10,ecg200-spectrum,db4,energy,95,50,50,0
W-NN,W-NN:k=1,26,1.0,0.12,0.21,1 23 0 5 2 6 12 46 3 4 22 24 43 7 8 10 11 13 17 25,1 23 0 5 2 6 12 46 3 4 22 24 43 7 8 10 11 13 17 25,ecg200-spectrum,db4,usage,95,50,50,0
W-QDA,W-QDA:qda,5,0.5,0.14,0.26,1 5 23 0 6 46 12 2 4 3 11 13 8 22 24 9 10 25 17 7,1 23 0 5 2 6 12 46 3 4 22 24 43 7 8 10 11 13 17 25,ecg200-spectrum,db4,usage,95,50,50,0
W-CART,W-CART:cart,8,1.5,0.16,0.23,1 23 0 5 46 2 6 12 3 11 43 4 7 8 9 10 13 14 15 16,1 23 0 5 2 6 12 46 3 4 22 24 43 7 8 10 11 13 17 25,ecg200-spectrum,db4,usage,95,50,50,0
ALL,W-NN:k=1,26,1.0,0.12,0.21,1 23 0 5 2 6 12 46 3 4 22 24 43 7 8 10 11 13 17 25,1 23 0 5 2 6 12 46 3 4 22 24 43 7 8 10 11 13 17 25,ecg200-spectrum,db4,usage,95,50,50,0
W-NN,W-NN:k=3,30,,0.08,0.25,1 23 0 5 2 6 12 46 3 4 47 13 35 22 11 34 24 8 10 9,1 23 0 5 2 6 12 46 3 4 47 13 35 22 11 34 24 8 10 9,ecg200-spectrum,db4,energy,96,50,50,0
W-QDA,W-QDA:qda,3,,0.08,0.23,1 23 0 5 2 6 12 46 3 4 47 13 35 22 11 34 24 8 10 9,1 23 0 5 2 6 12 46 3 4 47 13 35 22 11 34 24 8 10 9,ecg200-spectrum,db4,energy,96,50,50,0
W-CART,W-CART:cart,16,,0.08,0.26,1 23 0 5 2 6 12 46 3 4 47 13 35 22 11 34 24 8 10 9,1 23 0 5 2 6 12 46 3 4 47 13 35 22 11 34 24 8 10 9,ecg200-spectrum,db4,energy,96,50,50,0
ALL,W-QDA:qda,3,,0.08,0.23,1 23 0 5 2 6 12 46 3 4 47 13 35 22 11 34 24 8 10 9,1 23 0 5 2 6 12 46 3 4 47 13 35 22 11 34 24 8 10 9,ecg200-spectrum,db4,energy,96,50,50,0
W-NN,W-NN:k=3,20,2.0,0.06,0.24,1 23 0 5 2 46 3 4 6 7 8 9 10 11 12 13 14 15 16 17,1 23 0 5 6 2 12 46 4 3 22 25 32 34 37 43 8 10 11 19,ecg200-spectrum,db4,usage,96,50,50,0
W-QDA,W-QDA:qda,3,0.5,0.08,0.23,1 23 0 5 12 46 6 2 4 3 11 13 22 47 10 35 37 9 45 8,1 23 0 5 6 2 12 46 4 3 22 25 32 34 37 43 8 10 11 19,ecg200-spectrum,db4,usage,96,50,50,0
W-CART,W-CART:cart,12,1.0,0.06,0.21,1 23 0 5 6 2 12 46 4 3 22 25 32 34 37 43 8 10 11 19,1 23 0 5 6 2 12 46 4 3 22 25 32 34 37 43 8 10 11 19,ecg200-spectrum,db4,usage,96,50,50,0
ALL,W-CART:cart,12,1.0,0.06,0.21,1 23 0 5 6 2 12 46 4 3 22 25 32 34 37 43 8 10 11 19,1 23 0 5 6 2 12 46 4 3 22 25 32 34 37 43 8 10 11 19,ecg200-spectrum,db4,usage,96,50,50,0
W-NN,W-NN:k=3,9,,0.2,0.22,1 0 23 5 2 6 12 46 3 4 11 8 47 13 22 9 24 34 25 10,1 0 23 5 2 6 12 46 3 4 11 8 47 13 22 9 24 34 25 10,ecg200-spectrum,db4,energy,97,50,50,0
W-QDA,W-QDA:qda,3,,0.22,0.19,1 0 23 5 2 6 12 46 3 4 11 8 47 13 22 9 24 34 25 10,1 0 23 5 2 6 12 46 3 4 11 8 47 13 22 9 24 34 25 10,ecg200-spectrum,db4,energy,97,50,50,0
W-CART,W-CART:cart,12,,0.18,0.18,1 0 23 5 2 6 12 46 3 4 11 8 47 13 22 9 24 34 25 10,1 0 23 5 2 6 12 46 3 4 11 8 47 13 22 9 24 34 25 10,ecg200-spectrum,db4,energy,97,50,50,0
ALL,W-CART:cart,12,,0.18,0.18,1 0 23 5 2 6 12 46 3 4 11 8 47 13 22 9 24 34 25 10,1 0 23 5 2 6 12 46 3 4 11 8 47 13 22 9 24 34 25 10,ecg200-spectrum,db4,energy,97,50,50,0
W-NN,W-NN:k=3,19,1.5,0.18,0.2,1 23 0 5 2 12 6 3 46 4 11 34 7 8 9 10 13 14 15 16,1 0 23 5 6 12 2 46 3 4 8 11 34 24 25 9 19 22 31 32,ecg200-spectrum,db4,usage,97,50,50,0
W-QDA,W-QDA:qda,6,2.0,0.16,0.14,1 23 0 5 2 3 4 6 7 8 9 10 11 12 13 14 15 16 17 18,1 0 23 5 6 12 2 46 3 4 8 11 34 24 25 9 19 22 31 32,ecg200-spectrum,db4,usage,97,50,50,0
W-CART,W-CART:cart,24,0.5,0.14,0.14,0 1 5 23 12 46 6 2 4 3 13 8 11 10 22 43 25 9 21 40,1 0 23 5 6 12 2 46 3 4 8 11 34 24 25 9 19 22 31 32,ecg200-spectrum,db4,usage,97,50,50,0
ALL,W-CART:cart,24,0.5,0.14,0.14,0 1 5 23 12 46 6 2 4 3 13 8 11 10 22 43 25 9 21 40,1 0 23 5 6 12 2 46 3 4 8 11 34 24 25 9 19 22 31 32,ecg200-spectrum,db4,usage,97,50,50,0
W-NN,W-NN:k=1,2,,0.22,0.3,1 23 0 5 2 6 46 12 3 4 47 13 8 9 10 22 11 18 37 19,1 23 0 5 2 6 46 12 3 4 47 13 8 9 10 22 11 18 37 19,ecg200-spectrum,db4,energy,98,50,50,0
W-QDA,W-QDA:qda,8,,0.18,0.24,1 23 0 5 2 6 46 12 3 4 47 13 8 9 10 22 11 18 37 19,1 23 0 5 2 6 46 12 3 4 47 13 8 9 10 22 11 18 37 19,ecg200-spectrum,db4,energy,98,50,50,0
W-CART,W-CART:cart,26,,0.2,0.28,1 23 0 5 2 6 46 12 3 4 47 13 8 9 10 22 11 18 37 19,1 23 0 5 2 6 46 12 3 4 47 13 8 9 10 22 11 18 37 19,ecg200-spectrum,db4,energy,98,50,50,0
ALL,W-QDA:qda,8,,0.18,0.24,1 23 0 5 2 6 46 12 3 4 47 13 8 9 10 22 11 18 37 19,1 23 0 5 2 6 46 12 3 4 47 13 8 9 10 22 11 18 37 19,ecg200-spectrum,db4,energy,98,50,50,0
W-NN,W-NN:k=1,4,3.0,0.16,0.19,1 0 2 3 4 5 6 7 8 9 10 11 12 13 14 15 16 17 18 19,1 0 23 5 6 2 12 46 4 3 34 8 10 17 18 19 25 35 36 37,ecg200-spectrum,db4,usage,98,50,50,0
W-QDA,W-QDA:qda,5,3.0,0.16,0.18,1 0 2 3 4 5 6 7 8 9 10 11 12 13 14 15 16 17 18 19,1 0 23 5 6 2 12 46 4 3 34 8 10 17 18 19 25 35 36 37,ecg200-spectrum,db4,usage,98,50,50,0
W-CART,W-CART:cart,9,1.5,0.18,0.26,1 23 0 5 2 12 4 46 3 6 7 8 9 10 11 13 14 15 16 17,1 0 23 5 6 2 12 46 4 3 34 8 10 17 18 19 25 35 36 37,ecg200-spectrum,db4,usage,98,50,50,0
ALL,W-NN:k=1,4,3.0,0.16,0.19,1 0 2 3 4 5 6 7 8 9 10 11 12 13 14 15 16 17 18 19,1 0 23 5 6 2 12 46 4 3 34 8 10 17 18 19 25 35 36 37,ecg200-spectrum,db4,usage,98,50,50,0
W-NN,W-NN:k=1,31,,0.12,0.15,1 23 0 5 2 6 12 46 3 4 11 8 9 13 10 22 47 7 25 24,1 23 0 5 2 6 12 46 3 4 11 8 9 13 10 22 47 7 25 24,ecg200-spectrum,db4,energy,99,50,50,0
W-QDA,W-QDA:qda,12,,0.14,0.22,1 23 0 5 2 6 12 46 3 4 11 8 9 13 10 22 47 7 25 24,1 23 0 5 2 6 12 46 3 4 11 8 9 13 10 22 47 7 25 24,ecg200-spectrum,db4,energy,99,50,50,0
W-CART,W-CART:cart,19,,0.16,0.16,1 23 0 5 2 6 12 46 3 4 11 8 9 13 10 22 47 7 25 24,1 23 0 5 2 6 12 46 3 4 11 8 9 13 10 22 47 7 25 24,ecg200-spectrum,db4,energy,99,50,50,0
ALL,W-NN:k=1,31,,0.12,0.15,1 23 0 5 2 6 12 46 3 4 11 8 9 13 10 22 47 7 25 24,1 23 0 5 2 6 12 46 3 4 11 8 9 13 10 22 47 7 25 24,ecg200-spectrum,db4,energy,99,50,50,0
W-NN,W-NN:k=1,21,0.5,0.12,0.15,1 23 0 5 12 6 46 2 4 3 8 11 13 9 10 22 25 7 43 36,1 23 0 5 6 12 2 46 3 4 9 10 25 11 13 31 7 8 22 24,ecg200-spectrum,db4,usage,99,50,50,0
W-QDA,W-QDA:qda,9,2.0,0.1,0.2,1 23 0 5 2 12 3 4 6 7 8 9 10 11 13 14 15 16 17 18,1 23 0 5 6 12 2 46 3 4 9 10 25 11 13 31 7 8 22 24,ecg200-spectrum,db4,usage,99,50,50,0
W-CART,W-CART:cart,15,2.0,0.16,0.16,1 23 0 5 2 12 3 4 6 7 8 9 10 11 13 14 15 16 17 18,1 23 0 5 6 12 2 46 3 4 9 10 25 11 13 31 7 8 22 24,ecg200-spectrum,db4,usage,99,50,50,0
ALL,W-QDA:qda,9,2.0,0.1,0.2,1 23 0 5 2 12 3 4 6 7 8 9 10 11 13 14 15 16 17 18,1 23 0 5 6 12 2 46 3 4 9 10 25 11 13 31 7 8 22 24,ecg200-spectrum,db4,usage,99,50,50,0
