family,chosen,d,c,val_err,test_err,top,top_c1,setting,wavelet,rule,rep,n,m,n_outliers,grid
W-NN,W-NN:k=7,18,8.0,0.08,0.152,79 72 111 114 36 118 38 83 86 55 71 73 76 78 80 84 87 89 102 109,111 79 80 112 74 77 81 116 76 109 110 117 75 113 114 78 82 115 83 108,simulation,db4,usage,0,50,50,0,large
W-QDA,W-QDA:qda,5,8.0,0.08,0.094,79 72 111 114 36 118 38 83 86 55 71 73 76 78 80 84 87 89 102 109,111 79 80 112 74 77 81 116 76 109 110 117 75 113 114 78 82 115 83 108,simulation,db4,usage,0,50,50,0,large
W-CART,W-CART:cart,16,4.0,0.02,0.1,111 79 112 113 114 117 74 75 82 84 116 118 37 38 76 80 81 83 119 73,111 79 80 112 74 77 81 116 76 109 110 117 75 113 114 78 82 115 83 108,simulation,db4,usage,0,50,50,0,large
ALL,W-CART:cart,16,4.0,0.02,0.1,111 79 112 113 114 117 74 75 82 84 116 118 37 38 76 80 81 83 119 73,111 79 80 112 74 77 81 116 76 109 110 117 75 113 114 78 82 115 83 108,simulation,db4,usage,0,50,50,0,large
W-NN,W-NN:k=1,32,0.5,0.04,0.154,113 78 79 111 80 110 114 76 77 81 84 112 75 82 83 107 109 115 116 225,77 78 79 111 75 113 114 76 109 110 115 82 112 81 73 74 83 108 80 84,simulation,db4,usage,1,50,50,0,large
W-QDA,W-QDA:qda,6,4.0,0.14,0.128,78 116 75 77 109 111 76 79 80 81 112 115 117 110 114 118 73 74 85 86,77 78 79 111 75 113 114 76 109 110 115 82 112 81 73 74 83 108 80 84,simulation,db4,usage,1,50,50,0,large
W-CART,W-CART:cart,11,6.0,0.1,0.116,76 79 114 115 116 77 80 112 78 81 87 109 38 75 82 86 89 110 111 113,77 78 79 111 75 113 114 76 109 110 115 82 112 81 73 74 83 108 80 84,simulation,db4,usage,1,50,50,0,large
ALL,W-NN:k=1,32,0.5,0.04,0.154,113 78 79 111 80 110 114 76 77 81 84 112 75 82 83 107 109 115 116 225,77 78 79 111 75 113 114 76 109 110 115 82 112 81 73 74 83 108 80 84,simulation,db4,usage,1,50,50,0,large
W-NN,W-NN:k=3,21,1.0,0.06,0.158,115 75 76 77 78 109 80 116 81 111 114 79 83 108 112 73 74 84 85 106,115 75 76 77 78 109 80 116 81 111 114 79 83 108 112 73 74 84 85 106,simulation,db4,usage,2,50,50,0,large
W-QDA,W-QDA:qda,3,8.0,0.0,0.062,119 72 77 108 110 118 36 81 83 107 115 117 120 40 71 73 74 78 82 84,115 75 76 77 78 109 80 116 81 111 114 79 83 108 112 73 74 84 85 106,simulation,db4,usage,2,50,50,0,large
W-CART,W-CART:cart,10,1.0,0.04,0.156,115 75 76 77 78 109 80 116 81 111 114 79 83 108 112 73 74 84 85 106,115 75 76 77 78 109 80 116 81 111 114 79 83 108 112 73 74 84 85 106,simulation,db4,usage,2,50,50,0,large
ALL,W-QDA:qda,3,8.0,0.0,0.062,119 72 77 108 110 118 36 81 83 107 115 117 120 40 71 73 74 78 82 84,115 75 76 77 78 109 80 116 81 111 114 79 83 108 112 73 74 84 85 106,simulation,db4,usage,2,50,50,0,large
W-NN,W-NN:k=5,12,0.5,0.04,0.166,111 80 109 83 84 110 78 108 112 113 114 79 85 86 77 81 106 107 76 82,84 110 108 109 78 80 83 81 86 115 85 107 111 112 114 79 82 113 77 87,simulation,db4,usage,3,50,50,0,large
W-QDA,W-QDA:qda,10,6.0,0.0,0.042,74 83 79 81 82 86 87 108 116 119 73 104 106 118 77 80 103 105 110 112,84 110 108 109 78 80 83 81 86 115 85 107 111 112 114 79 82 113 77 87,simulation,db4,usage,3,50,50,0,large
W-CART,W-CART:cart,5,3.0,0.04,0.096,86 81 85 108 82 84 112 113 105 106 110 79 80 83 107 77 78 116 75 87,84 110 108 109 78 80 83 81 86 115 85 107 111 112 114 79 82 113 77 87,simulation,db4,usage,3,50,50,0,large
ALL,W-QDA:qda,10,6.0,0.0,0.042,74 83 79 81 82 86 87 108 116 119 73 104 106 118 77 80 103 105 110 112,84 110 108 109 78 80 83 81 86 115 85 107 111 112 114 79 82 113 77 87,simulation,db4,usage,3,50,50,0,large
W-NN,W-NN:k=7,9,4.0,0.04,0.114,80 84 106 116 75 81 118 76 79 86 87 107 109 110 111 112 117 70 71 73,80 78 79 81 77 112 114 110 113 76 115 75 84 116 82 83 109 111 106 74,simulation,db4,usage,4,50,50,0,large
W-QDA,W-QDA:qda,9,8.0,0.0,0.042,58 74 75 86 57 72 73 83 106 114 116 39 76 81 82 107 37 38 52 56,80 78 79 81 77 112 114 110 113 76 115 75 84 116 82 83 109 111 106 74,simulation,db4,usage,4,50,50,0,large
W-CART,W-CART:cart,13,0.5,0.08,0.168,78 79 110 113 114 77 80 81 76 112 82 111 75 109 83 115 116 155 157 74,80 78 79 81 77 112 114 110 113 76 115 75 84 116 82 83 109 111 106 74,simulation,db4,usage,4,50,50,0,large
ALL,W-QDA:qda,9,8.0,0.0,0.042,58 74 75 86 57 72 73 83 106 114 116 39 76 81 82 107 37 38 52 56,80 78 79 81 77 112 114 110 113 76 115 75 84 116 82 83 109 111 106 74,simulation,db4,usage,4,50,50,0,large
W-NN,W-NN:k=3,23,3.0,0.04,0.146,76 75 78 116 108 109 113 114 117 73 79 80 110 118 81 82 83 85 86 105,75 116 78 109 112 115 117 74 76 80 83 114 79 108 77 85 107 111 82 84,simulation,db4,usage,5,50,50,0,large
W-QDA,W-QDA:qda,7,6.0,0.0,0.08,80 108 109 74 76 79 112 116 81 105 113 115 78 84 86 110 59 75 77 82,75 116 78 109 112 115 117 74 76 80 83 114 79 108 77 85 107 111 82 84,simulation,db4,usage,5,50,50,0,large
W-CART,W-CART:cart,6,0.5,0.02,0.196,75 76 78 80 114 74 77 79 82 83 108 109 110 111 116 117 85 112 115 118,75 116 78 109 112 115 117 74 76 80 83 114 79 108 77 85 107 111 82 84,simulation,db4,usage,5,50,50,0,large
ALL,W-QDA:qda,7,6.0,0.0,0.08,80 108 109 74 76 79 112 116 81 105 113 115 78 84 86 110 59 75 77 82,75 116 78 109 112 115 117 74 76 80 83 114 79 108 77 85 107 111 82 84,simulation,db4,usage,5,50,50,0,large
W-NN,W-NN:k=1,6,6.0,0.06,0.086,104 82 86 114 83 85 105 113 87 77 78 103 106 41 79 80 84 107 111 42,80 81 83 108 111 82 107 109 79 84 110 86 105 85 112 113 78 87 106 103,simulation,db4,usage,6,50,50,0,large
W-QDA,W-QDA:qda,2,3.0,0.06,0.08,83 86 105 80 81 104 106 108 82 85 87 84 109 79 107 112 76 88 103 113,80 81 83 108 111 82 107 109 79 84 110 86 105 85 112 113 78 87 106 103,simulation,db4,usage,6,50,50,0,large
W-CART,W-CART:cart,12,4.0,0.06,0.138,104 86 83 105 109 79 82 85 87 81 103 113 80 88 108 112 114 84 106 107,80 81 83 108 111 82 107 109 79 84 110 86 105 85 112 113 78 87 106 103,simulation,db4,usage,6,50,50,0,large
ALL,W-QDA:qda,2,3.0,0.06,0.08,83 86 105 80 81 104 106 108 82 85 87 84 109 79 107 112 76 88 103 113,80 81 83 108 111 82 107 109 79 84 110 86 105 85 112 113 78 87 106 103,simulation,db4,usage,6,50,50,0,large
W-NN,W-NN:k=9,7,2.0,0.06,0.11,84 80 83 107 115 75 77 81 82 74 79 104 106 108 114 72 78 85 109 110,80 84 75 81 107 79 82 111 113 115 78 85 106 109 112 83 108 110 116 74,simulation,db4,usage,7,50,50,0,large
W-QDA,W-QDA:qda,6,8.0,0.02,0.032,72 73 75 84 104 86 107 108 59 71 76 81 85 105 113 118 119 55 82 83,80 84 75 81 107 79 82 111 113 115 78 85 106 109 112 83 108 110 116 74,simulation,db4,usage,7,50,50,0,large
W-CART,W-CART:cart,21,2.0,0.1,0.122,84 80 83 107 115 75 77 81 82 74 79 104 106 108 114 72 78 85 109 110,80 84 75 81 107 79 82 111 113 115 78 85 106 109 112 83 108 110 116 74,simulation,db4,usage,7,50,50,0,large
ALL,W-QDA:qda,6,8.0,0.02,0.032,72 73 75 84 104 86 107 108 59 71 76 81 85 105 113 118 119 55 82 83,80 84 75 81 107 79 82 111 113 115 78 85 106 109 112 83 108 110 116 74,simulation,db4,usage,7,50,50,0,large
W-NN,W-NN:k=3,18,4.0,0.02,0.108,114 83 81 74 117 118 77 107 108 113 116 73 76 78 79 82 86 109 111 119,113 114 112 76 77 81 115 79 80 75 109 110 74 78 82 108 111 116 73 84,simulation,db4,usage,8,50,50,0,large
W-QDA,W-QDA:qda,8,6.0,0.02,0.07,81 77 73 83 112 119 79 82 84 86 87 117 118 120 37 39 74 85 111 114,113 114 112 76 77 81 115 79 80 75 109 110 74 78 82 108 111 116 73 84,simulation,db4,usage,8,50,50,0,large
W-CART,W-CART:cart,20,0.5,0.02,0.096,112 114 115 76 113 79 77 81 116 78 75 80 110 111 109 74 82 158 227 73,113 114 112 76 77 81 115 79 80 75 109 110 74 78 82 108 111 116 73 84,simulation,db4,usage,8,50,50,0,large
ALL,W-QDA:qda,8,6.0,0.02,0.07,81 77 73 83 112 119 79 82 84 86 87 117 118 120 37 39 74 85 111 114,113 114 112 76 77 81 115 79 80 75 109 110 74 78 82 108 111 116 73 84,simulation,db4,usage,8,50,50,0,large
W-NN,W-NN:k=1,12,6.0,0.02,0.176,112 77 111 80 79 110 113 114 115 55 73 76 78 109 116 39 75 84 85 86,81 112 79 111 78 80 110 109 113 76 77 116 114 115 83 75 82 117 118 74,simulation,db4,usage,9,50,50,0,large
W-QDA,W-QDA:qda,12,0.5,0.12,0.194,79 112 80 81 111 109 110 113 78 108 114 115 227 76 77 116 75 107 223 83,81 112 79 111 78 80 110 109 113 76 77 116 114 115 83 75 82 117 118 74,simulation,db4,usage,9,50,50,0,large
W-CART,W-CART:cart,18,4.0,0.08,0.154,80 79 111 112 113 110 114 76 77 115 116 75 81 78 82 107 109 118 73 85,81 112 79 111 78 80 110 109 113 76 77 116 114 115 83 75 82 117 118 74,simulation,db4,usage,9,50,50,0,large
ALL,W-NN:k=1,12,6.0,0.02,0.176,112 77 111 80 79 110 113 114 115 55 73 76 78 109 116 39 75 84 85 86,81 112 79 111 78 80 110 109 113 76 77 116 114 115 83 75 82 117 118 74,simulation,db4,usage,9,50,50,0,large
W-NN,W-NN:k=7,13,6.0,0.02,0.178,106 82 83 84 108 110 111 72 73 86 104 109 119 42 81 105 107 74 75 87,109 108 111 83 106 110 82 81 107 104 112 115 84 113 85 76 77 78 80 87,simulation,db4,usage,10,50,50,0,large
W-QDA,W-QDA:qda,1,2.0,0.02,0.152,106 107 83 84 109 82 108 104 110 81 105 111 115 76 85 113 78 79 77 87,109 108 111 83 106 110 82 81 107 104 112 115 84 113 85 76 77 78 80 87,simulation,db4,usage,10,50,50,0,large
W-CART,W-CART:cart,10,2.0,0.02,0.152,106 107 83 84 109 82 108 104 110 81 105 111 115 76 85 113 78 79 77 87,109 108 111 83 106 110 82 81 107 104 112 115 84 113 85 76 77 78 80 87,simulation,db4,usage,10,50,50,0,large
ALL,W-QDA:qda,1,2.0,0.02,0.152,106 107 83 84 109 82 108 104 110 81 105 111 115 76 85 113 78 79 77 87,109 108 111 83 106 110 82 81 107 104 112 115 84 113 85 76 77 78 80 87,simulation,db4,usage,10,50,50,0,large
W-NN,W-NN:k=1,2,4.0,0.02,0.14,116 117 118 75 115 72 79 85 114 73 74 76 80 86 77 78 107 110 111 112,76 80 115 79 113 75 77 78 82 108 109 112 81 111 114 110 116 117 107 84,simulation,db4,usage,11,50,50,0,large
W-QDA,W-QDA:qda,8,0.5,0.04,0.112,76 80 81 82 115 108 109 114 75 113 77 78 83 84 107 111 112 79 110 116,76 80 115 79 113 75 77 78 82 108 109 112 81 111 114 110 116 117 107 84,simulation,db4,usage,11,50,50,0,large
W-CART,W-CART:cart,32,4.0,0.06,0.124,116 117 118 75 115 72 79 85 114 73 74 76 80 86 77 78 107 110 111 112,76 80 115 79 113 75 77 78 82 108 109 112 81 111 114 110 116 117 107 84,simulation,db4,usage,11,50,50,0,large
ALL,W-NN:k=1,2,4.0,0.02,0.14,116 117 118 75 115 72 79 85 114 73 74 76 80 86 77 78 107 110 111 112,76 80 115 79 113 75 77 78 82 108 109 112 81 111 114 110 116 117 107 84,simulation,db4,usage,11,50,50,0,large
W-NN,W-NN:k=1,5,3.0,0.06,0.116,115 116 85 75 82 114 117 119 72 73 118 77 109 110 112 74 83 84 106 113,79 116 115 76 80 113 114 75 81 83 109 112 77 78 82 85 106 107 117 73,simulation,db4,usage,12,50,50,0,large
W-QDA,W-QDA:qda,11,2.0,0.0,0.076,116 115 109 75 83 114 79 82 85 112 117 72 74 76 80 81 107 108 118 119,79 116 115 76 80 113 114 75 81 83 109 112 77 78 82 85 106 107 117 73,simulation,db4,usage,12,50,50,0,large
W-CART,W-CART:cart,3,8.0,0.12,0.152,73 75 81 112 116 72 74 78 79 80 85 86 70 83 110 113 118 119 52 59,79 116 115 76 80 113 114 75 81 83 109 112 77 78 82 85 106 107 117 73,simulation,db4,usage,12,50,50,0,large
ALL,W-QDA:qda,11,2.0,0.0,0.076,116 115 109 75 83 114 79 82 85 112 117 72 74 76 80 81 107 108 118 119,79 116 115 76 80 113 114 75 81 83 109 112 77 78 82 85 106 107 117 73,simulation,db4,usage,12,50,50,0,large
W-NN,W-NN:k=5,1,8.0,0.06,0.17,118 74 75 77 84 117 73 55 57 71 72 78 80 88 101 104 44 53 58 76,75 112 76 77 78 79 111 80 115 108 110 113 116 81 114 117 74 83 84 109,simulation,db4,usage,13,50,50,0,large
W-QDA,W-QDA:qda,5,6.0,0.02,0.062,75 74 77 117 118 78 80 119 72 73 76 79 84 81 82 102 109 110 111 228,75 112 76 77 78 79 111 80 115 108 110 113 116 81 114 117 74 83 84 109,simulation,db4,usage,13,50,50,0,large
W-CART,W-CART:cart,15,3.0,0.04,0.104,79 77 76 78 113 117 75 83 111 114 74 110 112 80 105 119 72 73 82 104,75 112 76 77 78 79 111 80 115 108 110 113 116 81 114 117 74 83 84 109,simulation,db4,usage,13,50,50,0,large
ALL,W-QDA:qda,5,6.0,0.02,0.062,75 74 77 117 118 78 80 119 72 73 76 79 84 81 82 102 109 110 111 228,75 112 76 77 78 79 111 80 115 108 110 113 116 81 114 117 74 83 84 109,simulation,db4,usage,13,50,50,0,large
W-NN,W-NN:k=1,25,1.5,0.02,0.12,78 82 112 84 108 113 73 74 83 116 106 107 76 110 111 117 77 105 109 115,74 82 75 78 83 110 112 113 73 77 108 111 116 76 81 84 107 114 118 85,simulation,db4,usage,14,50,50,0,large
W-QDA,W-QDA:qda,12,1.0,0.0,0.044,74 82 75 78 83 110 112 113 73 77 108 111 116 76 81 84 107 114 118 85,74 82 75 78 83 110 112 113 73 77 108 111 116 76 81 84 107 114 118 85,simulation,db4,usage,14,50,50,0,large
W-CART,W-CART:cart,9,1.0,0.04,0.114,74 82 75 78 83 110 112 113 73 77 108 111 116 76 81 84 107 114 118 85,74 82 75 78 83 110 112 113 73 77 108 111 116 76 81 84 107 114 118 85,simulation,db4,usage,14,50,50,0,large
ALL,W-QDA:qda,12,1.0,0.0,0.044,74 82 75 78 83 110 112 113 73 77 108 111 116 76 81 84 107 114 118 85,74 82 75 78 83 110 112 113 73 77 108 111 116 76 81 84 107 114 118 85,simulation,db4,usage,14,50,50,0,large
W-NN,W-NN:k=3,2,8.0,0.06,0.132,83 84 108 109 52 82 87 106 107 110 118 40 41 53 73 81 86 115 116 120,110 109 80 82 84 108 111 79 83 107 112 77 78 81 105 106 114 163 85 86,simulation,db4,usage,15,50,50,0,large
W-QDA,W-QDA:qda,3,8.0,0.08,0.13,83 84 108 109 52 82 87 106 107 110 118 40 41 53 73 81 86 115 116 120,110 109 80 82 84 108 111 79 83 107 112 77 78 81 105 106 114 163 85 86,simulation,db4,usage,15,50,50,0,large
W-CART,W-CART:cart,15,2.0,0.04,0.13,109 108 111 78 82 83 107 110 81 86 79 84 85 104 106 112 80 114 105 74,110 109 80 82 84 108 111 79 83 107 112 77 78 81 105 106 114 163 85 86,simulation,db4,usage,15,50,50,0,large
ALL,W-CART:cart,15,2.0,0.04,0.13,109 108 111 78 82 83 107 110 81 86 79 84 85 104 106 112 80 114 105 74,110 109 80 82 84 108 111 79 83 107 112 77 78 81 105 106 114 163 85 86,simulation,db4,usage,15,50,50,0,large
W-NN,W-NN:k=3,48,1.5,0.02,0.206,81 111 117 78 79 113 115 82 110 112 73 75 76 80 116 74 108 109 114 77,78 111 112 77 79 81 110 115 76 80 82 113 116 117 74 108 109 114 75 73,simulation,db4,usage,16,50,50,0,large
W-QDA,W-QDA:qda,11,8.0,0.0,0.054,114 115 82 108 109 36 77 83 84 86 117 35 87 107 110 116 58 75 78 79,78 111 112 77 79 81 110 115 76 80 82 113 116 117 74 108 109 114 75 73,simulation,db4,usage,16,50,50,0,large
W-CART,W-CART:cart,20,3.0,0.04,0.102,115 116 79 75 80 81 110 113 117 78 111 114 74 76 82 106 77 109 112 118,78 111 112 77 79 81 110 115 76 80 82 113 116 117 74 108 109 114 75 73,simulation,db4,usage,16,50,50,0,large
ALL,W-QDA:qda,11,8.0,0.0,0.054,114 115 82 108 109 36 77 83 84 86 117 35 87 107 110 116 58 75 78 79,78 111 112 77 79 81 110 115 76 80 82 113 116 117 74 108 109 114 75 73,simulation,db4,usage,16,50,50,0,large
W-NN,W-NN:k=1,3,6.0,0.04,0.056,75 106 117 58 74 111 113 71 80 108 110 115 119 39 40 81 83 84 86 105,79 80 112 78 81 108 110 111 117 76 77 75 113 114 116 109 118 73 82 83,simulation,db4,usage,17,50,50,0,large
W-QDA,W-QDA:qda,2,3.0,0.02,0.084,75 117 118 77 116 80 110 115 76 109 113 114 74 79 82 108 57 73 106 111,79 80 112 78 81 108 110 111 117 76 77 75 113 114 116 109 118 73 82 83,simulation,db4,usage,17,50,50,0,large
W-CART,W-CART:cart,7,8.0,0.04,0.088,111 106 108 117 119 40 75 81 116 36 39 58 59 72 74 76 77 80 84 105,79 80 112 78 81 108 110 111 117 76 77 75 113 114 116 109 118 73 82 83,simulation,db4,usage,17,50,50,0,large
ALL,W-QDA:qda,2,3.0,0.02,0.084,75 117 118 77 116 80 110 115 76 109 113 114 74 79 82 108 57 73 106 111,79 80 112 78 81 108 110 111 117 76 77 75 113 114 116 109 118 73 82 83,simulation,db4,usage,17,50,50,0,large
W-NN,W-NN:k=1,3,6.0,0.1,0.106,108 119 73 74 83 117 72 84 107 111 116 75 81 118 54 71 85 104 110 120,111 112 113 79 110 114 78 81 77 80 116 106 75 82 107 83 108 118 73 74,simulation,db4,usage,18,50,50,0,large
W-QDA,W-QDA:qda,15,1.5,0.02,0.058,112 114 113 80 110 111 75 78 82 83 106 116 74 76 77 79 81 107 118 84,111 112 113 79 110 114 78 81 77 80 116 106 75 82 107 83 108 118 73 74,simulation,db4,usage,18,50,50,0,large
W-CART,W-CART:cart,34,0.5,0.1,0.122,112 111 79 113 80 81 110 77 82 114 115 78 117 76 106 116 83 108 75 107,111 112 113 79 110 114 78 81 77 80 116 106 75 82 107 83 108 118 73 74,simulation,db4,usage,18,50,50,0,large
ALL,W-QDA:qda,15,1.5,0.02,0.058,112 114 113 80 110 111 75 78 82 83 106 116 74 76 77 79 81 107 118 84,111 112 113 79 110 114 78 81 77 80 116 106 75 82 107 83 108 118 73 74,simulation,db4,usage,18,50,50,0,large
W-NN,W-NN:k=1,58,2.0,0.06,0.15,79 81 108 80 84 85 87 105 106 107 110 83 104 111 75 77 86 88 78 116,79 81 85 107 108 83 78 80 105 110 112 115 76 77 84 106 111 82 86 113,simulation,db4,usage,19,50,50,0,large
W-QDA,W-QDA:qda,10,4.0,0.04,0.042,84 85 87 103 86 88 105 106 116 76 83 108 75 104 112 73 82 107 114 117,79 81 85 107 108 83 78 80 105 110 112 115 76 77 84 106 111 82 86 113,simulation,db4,usage,19,50,50,0,large
W-CART,W-CART:cart,4,4.0,0.06,0.126,84 85 87 103 86 88 105 106 116 76 83 108 75 104 112 73 82 107 114 117,79 81 85 107 108 83 78 80 105 110 112 115 76 77 84 106 111 82 86 113,simulation,db4,usage,19,50,50,0,large
ALL,W-QDA:qda,10,4.0,0.04,0.042,84 85 87 103 86 88 105 106 116 76 83 108 75 104 112 73 82 107 114 117,79 81 85 107 108 83 78 80 105 110 112 115 76 77 84 106 111 82 86 113,simulation,db4,usage,19,50,50,0,large
W-NN,W-NN:k=1,3,3.0,0.04,0.104,85 76 117 72 78 79 86 116 119 75 77 81 105 106 107 108 112 118 82 104,111 80 75 79 109 110 112 116 78 76 81 85 108 83 107 113 115 74 82 84,simulation,db4,usage,20,50,50,0,large
W-QDA,W-QDA:qda,3,3.0,0.0,0.07,85 76 117 72 78 79 86 116 119 75 77 81 105 106 107 108 112 118 82 104,111 80 75 79 109 110 112 116 78 76 81 85 108 83 107 113 115 74 82 84,simulation,db4,usage,20,50,50,0,large
W-CART,W-CART:cart,14,4.0,0.0,0.128,78 105 117 86 116 76 77 79 85 88 106 107 73 75 82 103 104 108 112 115,111 80 75 79 109 110 112 116 78 76 81 85 108 83 107 113 115 74 82 84,simulation,db4,usage,20,50,50,0,large
ALL,W-QDA:qda,3,3.0,0.0,0.07,85 76 117 72 78 79 86 116 119 75 77 81 105 106 107 108 112 118 82 104,111 80 75 79 109 110 112 116 78 76 81 85 108 83 107 113 115 74 82 84,simulation,db4,usage,20,50,50,0,large
W-NN,W-NN:k=1,37,8.0,0.02,0.144,82 110 115 42 76 84 85 87 112 116 53 54 75 80 105 106 107 113 72 73,107 77 84 108 79 80 106 110 111 112 76 78 81 82 83 105 109 114 113 116,simulation,db4,usage,21,50,50,0,large
W-QDA,W-QDA:qda,10,3.0,0.02,0.052,78 105 107 104 106 111 79 81 82 110 114 83 108 77 85 103 109 112 74 76,107 77 84 108 79 80 106 110 111 112 76 78 81 82 83 105 109 114 113 116,simulation,db4,usage,21,50,50,0,large
W-CART,W-CART:cart,3,4.0,0.08,0.138,104 106 111 78 81 105 114 82 74 76 79 86 108 110 113 84 85 87 112 80,107 77 84 108 79 80 106 110 111 112 76 78 81 82 83 105 109 114 113 116,simulation,db4,usage,21,50,50,0,large
ALL,W-QDA:qda,10,3.0,0.02,0.052,78 105 107 104 106 111 79 81 82 110 114 83 108 77 85 103 109 112 74 76,107 77 84 108 79 80 106 110 111 112 76 78 81 82 83 105 109 114 113 116,simulation,db4,usage,21,50,50,0,large
W-NN,W-NN:k=1,7,8.0,0.04,0.098,115 116 71 73 87 85 117 118 119 86 105 109 112 120 35 58 72 75 79 82,76 112 115 118 73 114 116 117 72 77 74 79 78 113 70 75 108 110 119 120,simulation,db4,usage,22,50,50,0,large
W-QDA,W-QDA:qda,6,8.0,0.04,0.034,115 116 71 73 87 85 117 118 119 86 105 109 112 120 35 58 72 75 79 82,76 112 115 118 73 114 116 117 72 77 74 79 78 113 70 75 108 110 119 120,simulation,db4,usage,22,50,50,0,large
W-CART,W-CART:cart,62,6.0,0.02,0.108,73 74 115 71 116 117 118 120 85 106 119 76 84 86 107 75 87 114 83 113,76 112 115 118 73 114 116 117 72 77 74 79 78 113 70 75 108 110 119 120,simulation,db4,usage,22,50,50,0,large
ALL,W-CART:cart,62,6.0,0.02,0.108,73 74 115 71 116 117 118 120 85 106 119 76 84 86 107 75 87 114 83 113,76 112 115 118 73 114 116 117 72 77 74 79 78 113 70 75 108 110 119 120,simulation,db4,usage,22,50,50,0,large
W-NN,W-NN:k=1,6,6.0,0.06,0.11,82 87 115 79 83 85 106 108 113 76 77 80 86 112 114 81 104 109 117 74,111 112 79 109 113 81 76 77 114 80 82 83 84 110 107 108 78 115 75 106,simulation,db4,usage,23,50,50,0,large
W-QDA,W-QDA:qda,8,8.0,0.0,0.05,82 83 76 78 81 85 88 108 117 118 79 86 87 104 106 109 113 114 115 54,111 112 79 109 113 81 76 77 114 80 82 83 84 110 107 108 78 115 75 106,simulation,db4,usage,23,50,50,0,large
W-CART,W-CART:cart,5,6.0,0.02,0.086,82 87 115 79 83 85 106 108 113 76 77 80 86 112 114 81 104 109 117 74,111 112 79 109 113 81 76 77 114 80 82 83 84 110 107 108 78 115 75 106,simulation,db4,usage,23,50,50,0,large
ALL,W-QDA:qda,8,8.0,0.0,0.05,82 83 76 78 81 85 88 108 117 118 79 86 87 104 106 109 113 114 115 54,111 112 79 109 113 81 76 77 114 80 82 83 84 110 107 108 78 115 75 106,simulation,db4,usage,23,50,50,0,large
W-NN,W-NN:k=1,58,2.0,0.08,0.146,77 78 109 76 110 81 108 111 113 115 74 75 79 80 106 107 84 114 73 85,109 80 81 110 79 108 111 77 112 78 82 113 114 84 107 75 76 116 106 74,simulation,db4,usage,24,50,50,0,large
W-QDA,W-QDA:qda,16,0.5,0.0,0.102,79 112 109 111 81 110 108 78 80 83 113 114 75 82 84 163 76 77 107 159,109 80 81 110 79 108 111 77 112 78 82 113 114 84 107 75 76 116 106 74,simulation,db4,usage,24,50,50,0,large
W-CART,W-CART:cart,52,4.0,0.02,0.104,76 77 115 84 109 112 73 75 78 107 113 74 106 108 110 80 111 117 87 79,109 80 81 110 79 108 111 77 112 78 82 113 114 84 107 75 76 116 106 74,simulation,db4,usage,24,50,50,0,large
ALL,W-QDA:qda,16,0.5,0.0,0.102,79 112 109 111 81 110 108 78 80 83 113 114 75 82 84 163 76 77 107 159,109 80 81 110 79 108 111 77 112 78 82 113 114 84 107 75 76 116 106 74,simulation,db4,usage,24,50,50,0,large
W-NN,W-NN:k=1,22,8.0,0.1,0.166,78 79 114 76 113 56 57 77 112 55 72 85 41 58 71 73 80 87 88 105,77 78 114 75 115 76 79 81 80 112 116 111 113 74 109 108 110 73 107 84,simulation,db4,usage,25,50,50,0,large
W-QDA,W-QDA:qda,13,8.0,0.1,0.11,78 79 114 76 113 56 57 77 112 55 72 85 41 58 71 73 80 87 88 105,77 78 114 75 115 76 79 81 80 112 116 111 113 74 109 108 110 73 107 84,simulation,db4,usage,25,50,50,0,large
W-CART,W-CART:cart,36,6.0,0.12,0.09,79 78 80 77 114 81 110 112 113 56 76 111 57 73 82 85 115 40 55 86,77 78 114 75 115 76 79 81 80 112 116 111 113 74 109 108 110 73 107 84,simulation,db4,usage,25,50,50,0,large
ALL,W-QDA:qda,13,8.0,0.1,0.11,78 79 114 76 113 56 57 77 112 55 72 85 41 58 71 73 80 87 88 105,77 78 114 75 115 76 79 81 80 112 116 111 113 74 109 108 110 73 107 84,simulation,db4,usage,25,50,50,0,large
W-NN,W-NN:k=3,1,6.0,0.1,0.188,72 114 115 116 75 79 112 77 80 73 76 78 113 119 71 74 108 109 81 87,77 113 78 116 117 80 112 115 75 79 114 73 76 111 72 74 81 118 119 109,simulation,db4,usage,26,50,50,0,large
W-QDA,W-QDA:qda,8,8.0,0.04,0.102,72 79 77 112 115 116 80 42 75 78 111 114 37 38 39 43 68 70 71 76,77 113 78 116 117 80 112 115 75 79 114 73 76 111 72 74 81 118 119 109,simulation,db4,usage,26,50,50,0,large
W-CART,W-CART:cart,6,3.0,0.02,0.088,77 116 113 114 76 72 75 115 78 79 110 73 74 80 81 111 112 109 71 117,77 113 78 116 117 80 112 115 75 79 114 73 76 111 72 74 81 118 119 109,simulation,db4,usage,26,50,50,0,large
ALL,W-CART:cart,6,3.0,0.02,0.088,77 116 113 114 76 72 75 115 78 79 110 73 74 80 81 111 112 109 71 117,77 113 78 116 117 80 112 115 75 79 114 73 76 111 72 74 81 118 119 109,simulation,db4,usage,26,50,50,0,large
W-NN,W-NN:k=1,36,0.5,0.02,0.146,80 108 76 81 111 113 114 79 112 107 109 110 115 77 82 83 78 219 84 165,79 80 108 109 114 75 81 110 112 76 82 107 111 115 77 83 113 117 74 105,simulation,db4,usage,27,50,50,0,large
W-QDA,W-QDA:qda,9,8.0,0.04,0.064,114 105 107 78 43 71 76 77 103 106 112 113 115 117 118 40 42 45 55 58,79 80 108 109 114 75 81 110 112 76 82 107 111 115 77 83 113 117 74 105,simulation,db4,usage,27,50,50,0,large
W-CART,W-CART:cart,23,3.0,0.04,0.118,75 107 114 76 79 115 112 78 106 113 73 74 77 80 81 85 105 108 109 111,79 80 108 109 114 75 81 110 112 76 82 107 111 115 77 83 113 117 74 105,simulation,db4,usage,27,50,50,0,large
ALL,W-NN:k=1,36,0.5,0.02,0.146,80 108 76 81 111 113 114 79 112 107 109 110 115 77 82 83 78 219 84 165,79 80 108 109 114 75 81 110 112 76 82 107 111 115 77 83 113 117 74 105,simulation,db4,usage,27,50,50,0,large
W-NN,W-NN:k=1,20,8.0,0.02,0.174,81 111 113 76 78 82 115 43 71 77 84 86 87 101 103 105 109 114 70 73,108 112 109 114 77 110 111 78 80 82 113 76 79 81 84 106 105 75 116 83,simulation,db4,usage,28,50,50,0,large
W-QDA,W-QDA:qda,4,6.0,0.0,0.06,86 81 111 116 76 82 85 87 80 83 88 105 117 84 108 115 77 78 79 106,108 112 109 114 77 110 111 78 80 82 113 76 79 81 84 106 105 75 116 83,simulation,db4,usage,28,50,50,0,large
W-CART,W-CART:cart,18,0.5,0.04,0.132,79 78 113 111 112 114 75 108 109 80 82 77 110 76 115 81 83 84 106 107,108 112 109 114 77 110 111 78 80 82 113 76 79 81 84 106 105 75 116 83,simulation,db4,usage,28,50,50,0,large
ALL,W-QDA:qda,4,6.0,0.0,0.06,86 81 111 116 76 82 85 87 80 83 88 105 117 84 108 115 77 78 79 106,108 112 109 114 77 110 111 78 80 82 113 76 79 81 84 106 105 75 116 83,simulation,db4,usage,28,50,50,0,large
W-NN,W-NN:k=1,3,6.0,0.02,0.088,107 108 115 74 82 86 106 110 72 75 77 78 79 83 104 105 109 111 119 55,109 77 108 112 76 78 81 82 110 114 79 83 113 107 80 111 84 115 117 75,simulation,db4,usage,29,50,50,0,large
W-QDA,W-QDA:qda,4,6.0,0.02,0.074,107 108 115 74 82 86 106 110 72 75 77 78 79 83 104 105 109 111 119 55,109 77 108 112 76 78 81 82 110 114 79 83 113 107 80 111 84 115 117 75,simulation,db4,usage,29,50,50,0,large
W-CART,W-CART:cart,18,4.0,0.02,0.124,78 77 81 82 106 107 112 75 79 104 108 109 111 76 86 105 110 117 85 113,109 77 108 112 76 78 81 82 110 114 79 83 113 107 80 111 84 115 117 75,simulation,db4,usage,29,50,50,0,large
ALL,W-NN:k=1,3,6.0,0.02,0.088,107 108 115 74 82 86 106 110 72 75 77 78 79 83 104 105 109 111 119 55,109 77 108 112 76 78 81 82 110 114 79 83 113 107 80 111 84 115 117 75,simulation,db4,usage,29,50,50,0,large
W-NN,W-NN:k=1,7,4.0,0.04,0.142,109 77 83 82 108 111 74 75 78 107 113 114 117 76 81 84 110 112 85 115,113 79 81 82 111 114 80 109 112 115 110 76 78 75 116 77 83 107 108 84,simulation,db4,usage,30,50,50,0,large
W-QDA,W-QDA:qda,6,8.0,0.0,0.08,81 109 119 82 84 85 112 116 117 37 76 83 106 107 108 114 72 77 86 110,113 79 81 82 111 114 80 109 112 115 110 76 78 75 116 77 83 107 108 84,simulation,db4,usage,30,50,50,0,large
W-CART,W-CART:cart,9,8.0,0.06,0.128,81 109 119 82 84 85 112 116 117 37 76 83 106 107 108 114 72 77 86 110,113 79 81 82 111 114 80 109 112 115 110 76 78 75 116 77 83 107 108 84,simulation,db4,usage,30,50,50,0,large
ALL,W-QDA:qda,6,8.0,0.0,0.08,81 109 119 82 84 85 112 116 117 37 76 83 106 107 108 114 72 77 86 110,113 79 81 82 111 114 80 109 112 115 110 76 78 75 116 77 83 107 108 84,simulation,db4,usage,30,50,50,0,large
W-NN,W-NN:k=5,7,0.5,0.04,0.136,82 81 83 113 76 79 85 106 109 110 112 114 115 74 75 107 108 111 116 77,78 82 77 83 113 114 116 107 111 115 109 112 76 79 81 84 80 110 74 75,simulation,db4,usage,31,50,50,0,large
W-QDA,W-QDA:qda,11,4.0,0.0,0.042,113 115 78 79 112 116 117 81 86 107 114 74 75 76 80 83 103 105 110 118,78 82 77 83 113 114 116 107 111 115 109 112 76 79 81 84 80 110 74 75,simulation,db4,usage,31,50,50,0,large
W-CART,W-CART:cart,52,0.5,0.04,0.108,82 81 83 113 76 79 85 106 109 110 112 114 115 74 75 107 108 111 116 77,78 82 77 83 113 114 116 107 111 115 109 112 76 79 81 84 80 110 74 75,simulation,db4,usage,31,50,50,0,large
ALL,W-QDA:qda,11,4.0,0.0,0.042,113 115 78 79 112 116 117 81 86 107 114 74 75 76 80 83 103 105 110 118,78 82 77 83 113 114 116 107 111 115 109 112 76 79 81 84 80 110 74 75,simulation,db4,usage,31,50,50,0,large
W-NN,W-NN:k=1,12,1.0,0.06,0.124,80 109 111 79 110 113 114 77 83 81 82 84 108 112 74 107 76 78 75 85,80 109 111 79 110 113 114 77 83 81 82 84 108 112 74 107 76 78 75 85,simulation,db4,usage,32,50,50,0,large
W-QDA,W-QDA:qda,11,6.0,0.0,0.042,80 81 83 113 82 87 117 108 110 111 112 53 79 85 86 104 105 107 109 114,80 109 111 79 110 113 114 77 83 81 82 84 108 112 74 107 76 78 75 85,simulation,db4,usage,32,50,50,0,large
W-CART,W-CART:cart,17,1.5,0.02,0.126,109 111 110 114 80 113 79 82 81 83 107 108 112 74 77 84 85 116 75 76,80 109 111 79 110 113 114 77 83 81 82 84 108 112 74 107 76 78 75 85,simulation,db4,usage,32,50,50,0,large
ALL,W-QDA:qda,11,6.0,0.0,0.042,80 81 83 113 82 87 117 108 110 111 112 53 79 85 86 104 105 107 109 114,80 109 111 79 110 113 114 77 83 81 82 84 108 112 74 107 76 78 75 85,simulation,db4,usage,32,50,50,0,large
W-NN,W-NN:k=3,14,8.0,0.04,0.126,103 106 71 75 105 112 114 76 88 104 109 42 44 72 74 108 110 111 115 117,108 112 81 85 107 111 82 84 106 80 109 75 104 110 114 115 78 83 86 116,simulation,db4,usage,33,50,50,0,large
W-QDA,W-QDA:qda,12,8.0,0.0,0.05,103 106 71 75 105 112 114 76 88 104 109 42 44 72 74 108 110 111 115 117,108 112 81 85 107 111 82 84 106 80 109 75 104 110 114 115 78 83 86 116,simulation,db4,usage,33,50,50,0,large
W-CART,W-CART:cart,8,3.0,0.08,0.144,85 106 84 108 114 115 107 75 78 81 103 76 77 104 111 116 105 112 72 73,108 112 81 85 107 111 82 84 106 80 109 75 104 110 114 115 78 83 86 116,simulation,db4,usage,33,50,50,0,large
ALL,W-QDA:qda,12,8.0,0.0,0.05,103 106 71 75 105 112 114 76 88 104 109 42 44 72 74 108 110 111 115 117,108 112 81 85 107 111 82 84 106 80 109 75 104 110 114 115 78 83 86 116,simulation,db4,usage,33,50,50,0,large
W-NN,W-NN:k=1,7,6.0,0.0,0.11,105 115 118 119 72 75 84 103 114 81 82 86 87 88 106 111 117 73 76 83,76 77 114 112 78 115 116 75 74 113 73 108 110 117 80 106 107 119 81 104,simulation,db4,usage,34,50,50,0,large
W-QDA,W-QDA:qda,7,6.0,0.0,0.042,105 115 118 119 72 75 84 103 114 81 82 86 87 88 106 111 117 73 76 83,76 77 114 112 78 115 116 75 74 113 73 108 110 117 80 106 107 119 81 104,simulation,db4,usage,34,50,50,0,large
W-CART,W-CART:cart,30,0.5,0.06,0.184,113 114 115 76 77 78 112 75 116 80 84 111 73 74 81 106 110 117 231 82,76 77 114 112 78 115 116 75 74 113 73 108 110 117 80 106 107 119 81 104,simulation,db4,usage,34,50,50,0,large
ALL,W-NN:k=1,7,6.0,0.0,0.11,105 115 118 119 72 75 84 103 114 81 82 86 87 88 106 111 117 73 76 83,76 77 114 112 78 115 116 75 74 113 73 108 110 117 80 106 107 119 81 104,simulation,db4,usage,34,50,50,0,large
W-NN,W-NN:k=1,5,6.0,0.08,0.132,75 76 79 108 74 107 117 84 109 112 54 55 73 77 78 80 81 83 106 118,112 108 79 83 110 113 76 78 80 82 109 111 116 84 114 117 81 74 77 85,simulation,db4,usage,35,50,50,0,large
W-QDA,W-QDA:qda,11,8.0,0.0,0.064,75 80 107 108 55 81 84 112 57 71 73 76 79 86 105 109 117 118 119 54,112 108 79 83 110 113 76 78 80 82 109 111 116 84 114 117 81 74 77 85,simulation,db4,usage,35,50,50,0,large
W-CART,W-CART:cart,7,8.0,0.06,0.134,75 80 107 108 55 81 84 112 57 71 73 76 79 86 105 109 117 118 119 54,112 108 79 83 110 113 76 78 80 82 109 111 116 84 114 117 81 74 77 85,simulation,db4,usage,35,50,50,0,large
ALL,W-QDA:qda,11,8.0,0.0,0.064,75 80 107 108 55 81 84 112 57 71 73 76 79 86 105 109 117 118 119 54,112 108 79 83 110 113 76 78 80 82 109 111 116 84 114 117 81 74 77 85,simulation,db4,usage,35,50,50,0,large
W-NN,W-NN:k=3,38,4.0,0.04,0.15,107 82 85 108 112 113 84 79 81 83 86 109 80 87 106 105 111 75 76 110,111 110 82 80 108 109 84 107 85 106 113 76 83 105 78 81 112 115 86 114,simulation,db4,usage,36,50,50,0,large
W-QDA,W-QDA:qda,3,8.0,0.02,0.104,80 87 76 111 40 41 42 52 53 54 55 73 75 81 83 84 103 105 106 108,111 110 82 80 108 109 84 107 85 106 113 76 83 105 78 81 112 115 86 114,simulation,db4,usage,36,50,50,0,large
W-CART,W-CART:cart,11,6.0,0.02,0.132,108 83 76 82 85 111 80 84 86 87 105 107 42 52 53 75 81 106 110 113,111 110 82 80 108 109 84 107 85 106 113 76 83 105 78 81 112 115 86 114,simulation,db4,usage,36,50,50,0,large
ALL,W-QDA:qda,3,8.0,0.02,0.104,80 87 76 111 40 41 42 52 53 54 55 73 75 81 83 84 103 105 106 108,111 110 82 80 108 109 84 107 85 106 113 76 83 105 78 81 112 115 86 114,simulation,db4,usage,36,50,50,0,large
W-NN,W-NN:k=5,5,8.0,0.02,0.076,118 73 77 85 82 84 106 108 70 72 74 107 111 113 117 35 53 78 79 80,110 111 114 74 75 112 115 78 81 83 108 80 73 76 107 109 113 116 117 119,simulation,db4,usage,37,50,50,0,large
W-QDA,W-QDA:qda,3,6.0,0.0,0.08,118 107 82 85 86 109 113 117 54 73 78 84 114 119 70 72 74 77 80 87,110 111 114 74 75 112 115 78 81 83 108 80 73 76 107 109 113 116 117 119,simulation,db4,usage,37,50,50,0,large
W-CART,W-CART:cart,3,4.0,0.02,0.096,118 75 76 78 85 107 115 74 80 114 117 73 86 108 111 77 81 84 105 109,110 111 114 74 75 112 115 78 81 83 108 80 73 76 107 109 113 116 117 119,simulation,db4,usage,37,50,50,0,large
ALL,W-QDA:qda,3,6.0,0.0,0.08,118 107 82 85 86 109 113 117 54 73 78 84 114 119 70 72 74 77 80 87,110 111 114 74 75 112 115 78 81 83 108 80 73 76 107 109 113 116 117 119,simulation,db4,usage,37,50,50,0,large
W-NN,W-NN:k=1,6,8.0,0.0,0.066,58 80 83 84 116 73 81 82 106 110 115 36 40 57 71 78 79 103 107 111,77 114 76 75 78 113 115 79 110 81 111 112 116 82 83 108 73 80 84 117,simulation,db4,usage,38,50,50,0,large
W-QDA,W-QDA:qda,9,3.0,0.02,0.084,111 112 110 76 77 80 82 75 78 79 81 84 113 114 115 116 109 117 83 105,77 114 76 75 78 113 115 79 110 81 111 112 116 82 83 108 73 80 84 117,simulation,db4,usage,38,50,50,0,large
W-CART,W-CART:cart,30,8.0,0.08,0.174,58 80 83 84 116 73 81 82 106 110 115 36 40 57 71 78 79 103 107 111,77 114 76 75 78 113 115 79 110 81 111 112 116 82 83 108 73 80 84 117,simulation,db4,usage,38,50,50,0,large
ALL,W-NN:k=1,6,8.0,0.0,0.066,58 80 83 84 116 73 81 82 106 110 115 36 40 57 71 78 79 103 107 111,77 114 76 75 78 113 115 79 110 81 111 112 116 82 83 108 73 80 84 117,simulation,db4,usage,38,50,50,0,large
W-NN,W-NN:k=7,4,4.0,0.02,0.102,74 75 85 106 76 78 80 86 105 112 115 118 71 87 88 107 110 113 116 72,78 76 80 114 77 83 107 109 110 111 112 115 113 116 79 82 74 81 85 86,simulation,db4,usage,39,50,50,0,large
W-QDA,W-QDA:qda,9,1.0,0.0,0.11,78 76 80 114 77 83 107 109 110 111 112 115 113 116 79 82 74 81 85 86,78 76 80 114 77 83 107 109 110 111 112 115 113 116 79 82 74 81 85 86,simulation,db4,usage,39,50,50,0,large
W-CART,W-CART:cart,4,6.0,0.02,0.098,105 118 86 87 74 84 85 112 76 106 116 117 72 75 79 107 108 71 73 104,78 76 80 114 77 83 107 109 110 111 112 115 113 116 79 82 74 81 85 86,simulation,db4,usage,39,50,50,0,large
ALL,W-QDA:qda,9,1.0,0.0,0.11,78 76 80 114 77 83 107 109 110 111 112 115 113 116 79 82 74 81 85 86,78 76 80 114 77 83 107 109 110 111 112 115 113 116 79 82 74 81 85 86,simulation,db4,usage,39,50,50,0,large
W-NN,W-NN:k=5,8,4.0,0.02,0.074,73 82 108 75 85 107 76 87 74 77 79 81 86 110 111 84 104 119 78 80,76 115 82 111 77 79 80 81 107 112 75 78 110 113 106 114 73 84 85 87,simulation,db4,usage,40,50,50,0,large
W-QDA,W-QDA:qda,7,4.0,0.04,0.08,73 82 108 75 85 107 76 87 74 77 79 81 86 110 111 84 104 119 78 80,76 115 82 111 77 79 80 81 107 112 75 78 110 113 106 114 73 84 85 87,simulation,db4,usage,40,50,50,0,large
W-CART,W-CART:cart,7,1.5,0.08,0.12,76 78 79 82 110 111 73 75 77 81 85 107 108 112 115 74 80 104 106 113,76 115 82 111 77 79 80 81 107 112 75 78 110 113 106 114 73 84 85 87,simulation,db4,usage,40,50,50,0,large
ALL,W-NN:k=5,8,4.0,0.02,0.074,73 82 108 75 85 107 76 87 74 77 79 81 86 110 111 84 104 119 78 80,76 115 82 111 77 79 80 81 107 112 75 78 110 113 106 114 73 84 85 87,simulation,db4,usage,40,50,50,0,large
W-NN,W-NN:k=5,6,2.0,0.04,0.226,80 109 110 76 79 83 108 112 113 77 114 78 81 82 107 111 117 74 75 84,80 81 110 77 79 108 78 83 109 112 84 107 113 114 115 223 75 76 82 111,simulation,db4,usage,41,50,50,0,large
W-QDA,W-QDA:qda,6,8.0,0.0,0.056,113 86 84 103 116 76 77 82 83 108 109 112 75 80 81 85 87 110 111 115,80 81 110 77 79 108 78 83 109 112 84 107 113 114 115 223 75 76 82 111,simulation,db4,usage,41,50,50,0,large
W-CART,W-CART:cart,12,1.0,0.04,0.14,80 81 110 77 79 108 78 83 109 112 84 107 113 114 115 223 75 76 82 111,80 81 110 77 79 108 78 83 109 112 84 107 113 114 115 223 75 76 82 111,simulation,db4,usage,41,50,50,0,large
ALL,W-QDA:qda,6,8.0,0.0,0.056,113 86 84 103 116 76 77 82 83 108 109 112 75 80 81 85 87 110 111 115,80 81 110 77 79 108 78 83 109 112 84 107 113 114 115 223 75 76 82 111,simulation,db4,usage,41,50,50,0,large
W-NN,W-NN:k=3,29,6.0,0.02,0.152,72 118 75 73 74 87 110 119 84 116 71 80 82 85 102 105 108 115 117 88,80 112 82 113 115 116 76 75 83 111 77 79 81 84 110 118 78 106 109 114,simulation,db4,usage,42,50,50,0,large
W-QDA,W-QDA:qda,2,4.0,0.0,0.08,105 118 72 74 77 116 117 84 85 87 73 82 106 113 71 75 108 110 119 86,80 112 82 113 115 116 76 75 83 111 77 79 81 84 110 118 78 106 109 114,simulation,db4,usage,42,50,50,0,large
W-CART,W-CART:cart,8,1.0,0.04,0.158,80 112 82 113 115 116 76 75 83 111 77 79 81 84 110 118 78 106 109 114,80 112 82 113 115 116 76 75 83 111 77 79 81 84 110 118 78 106 109 114,simulation,db4,usage,42,50,50,0,large
ALL,W-QDA:qda,2,4.0,0.0,0.08,105 118 72 74 77 116 117 84 85 87 73 82 106 113 71 75 108 110 119 86,80 112 82 113 115 116 76 75 83 111 77 79 81 84 110 118 78 106 109 114,simulation,db4,usage,42,50,50,0,large
W-NN,W-NN:k=3,20,8.0,0.02,0.118,85 79 80 81 106 111 116 117 35 72 78 89 107 113 114 119 121 34 36 73,78 79 117 76 114 115 116 113 74 72 110 118 73 77 75 80 109 112 82 111,simulation,db4,usage,43,50,50,0,large
W-QDA,W-QDA:qda,10,8.0,0.02,0.044,85 79 80 81 106 111 116 117 35 72 78 89 107 113 114 119 121 34 36 73,78 79 117 76 114 115 116 113 74 72 110 118 73 77 75 80 109 112 82 111,simulation,db4,usage,43,50,50,0,large
W-CART,W-CART:cart,6,6.0,0.04,0.12,117 114 85 111 107 110 73 77 84 86 115 116 36 72 78 79 81 89 102 106,78 79 117 76 114 115 116 113 74 72 110 118 73 77 75 80 109 112 82 111,simulation,db4,usage,43,50,50,0,large
ALL,W-QDA:qda,10,8.0,0.02,0.044,85 79 80 81 106 111 116 117 35 72 78 89 107 113 114 119 121 34 36 73,78 79 117 76 114 115 116 113 74 72 110 118 73 77 75 80 109 112 82 111,simulation,db4,usage,43,50,50,0,large
W-NN,W-NN:k=7,3,0.5,0.06,0.226,113 108 110 79 81 83 109 111 78 80 114 115 116 77 82 112 107 117 85 225,113 78 79 114 115 110 108 111 112 80 81 83 107 75 82 84 109 72 73 77,simulation,db4,usage,44,50,50,0,large
W-QDA,W-QDA:qda,3,6.0,0.08,0.124,72 73 75 85 79 86 114 115 117 71 76 78 88 103 104 105 112 118 40 74,113 78 79 114 115 110 108 111 112 80 81 83 107 75 82 84 109 72 73 77,simulation,db4,usage,44,50,50,0,large
W-CART,W-CART:cart,26,6.0,0.06,0.11,72 73 75 85 79 86 114 115 117 71 76 78 88 103 104 105 112 118 40 74,113 78 79 114 115 110 108 111 112 80 81 83 107 75 82 84 109 72 73 77,simulation,db4,usage,44,50,50,0,large
ALL,W-NN:k=7,3,0.5,0.06,0.226,113 108 110 79 81 83 109 111 78 80 114 115 116 77 82 112 107 117 85 225,113 78 79 114 115 110 108 111 112 80 81 83 107 75 82 84 109 72 73 77,simulation,db4,usage,44,50,50,0,large
W-NN,W-NN:k=1,2,8.0,0.0,0.124,105 118 73 119 78 84 85 116 117 36 72 74 113 37 54 58 71 76 79 82,111 73 112 72 74 84 114 116 119 76 82 85 110 113 115 117 118 75 80 108,simulation,db4,usage,45,50,50,0,large
W-QDA,W-QDA:qda,2,4.0,0.0,0.106,117 73 74 119 106 118 75 116 120 84 72 80 83 105 111 113 89 103 108 109,111 73 112 72 74 84 114 116 119 76 82 85 110 113 115 117 118 75 80 108,simulation,db4,usage,45,50,50,0,large
W-CART,W-CART:cart,2,1.0,0.0,0.138,111 73 112 72 74 84 114 116 119 76 82 85 110 113 115 117 118 75 80 108,111 73 112 72 74 84 114 116 119 76 82 85 110 113 115 117 118 75 80 108,simulation,db4,usage,45,50,50,0,large
ALL,W-CART:cart,2,1.0,0.0,0.138,111 73 112 72 74 84 114 116 119 76 82 85 110 113 115 117 118 75 80 108,111 73 112 72 74 84 114 116 119 76 82 85 110 113 115 117 118 75 80 108,simulation,db4,usage,45,50,50,0,large
W-NN,W-NN:k=3,7,1.0,0.02,0.134,77 79 80 84 112 78 107 109 110 81 83 105 108 111 113 76 115 116 82 85,77 79 80 84 112 78 107 109 110 81 83 105 108 111 113 76 115 116 82 85,simulation,db4,usage,46,50,50,0,large
W-QDA,W-QDA:qda,5,4.0,0.02,0.048,76 106 74 108 81 85 113 75 104 105 109 77 78 83 110 112 114 115 84 88,77 79 80 84 112 78 107 109 110 81 83 105 108 111 113 76 115 116 82 85,simulation,db4,usage,46,50,50,0,large
W-CART,W-CART:cart,4,8.0,0.04,0.134,83 108 106 75 76 77 109 85 104 107 117 57 58 78 82 102 37 42 43 71,77 79 80 84 112 78 107 109 110 81 83 105 108 111 113 76 115 116 82 85,simulation,db4,usage,46,50,50,0,large
ALL,W-QDA:qda,5,4.0,0.02,0.048,76 106 74 108 81 85 113 75 104 105 109 77 78 83 110 112 114 115 84 88,77 79 80 84 112 78 107 109 110 81 83 105 108 111 113 76 115 116 82 85,simulation,db4,usage,46,50,50,0,large
W-NN,W-NN:k=1,3,0.5,0.06,0.148,78 83 108 109 110 111 79 80 82 84 81 85 86 105 107 113 74 75 87 106,110 84 111 107 79 81 82 108 109 80 85 83 86 105 76 78 113 75 106 116,simulation,db4,usage,47,50,50,0,large
W-QDA,W-QDA:qda,10,2.0,0.0,0.104,82 84 107 108 81 105 76 83 85 109 86 87 104 106 78 80 114 115 116 118,110 84 111 107 79 81 82 108 109 80 85 83 86 105 76 78 113 75 106 116,simulation,db4,usage,47,50,50,0,large
W-CART,W-CART:cart,17,3.0,0.02,0.12,107 82 84 87 105 86 109 106 108 76 116 75 83 85 110 114 118 72 73 77,110 84 111 107 79 81 82 108 109 80 85 83 86 105 76 78 113 75 106 116,simulation,db4,usage,47,50,50,0,large
ALL,W-QDA:qda,10,2.0,0.0,0.104,82 84 107 108 81 105 76 83 85 109 86 87 104 106 78 80 114 115 116 118,110 84 111 107 79 81 82 108 109 80 85 83 86 105 76 78 113 75 106 116,simulation,db4,usage,47,50,50,0,large
W-NN,W-NN:k=3,2,8.0,0.02,0.13,72 115 74 114 118 71 76 83 116 117 119 73 85 104 106 107 111 36 51 52,116 112 115 75 76 114 117 74 78 72 73 80 110 113 119 106 107 108 109 77,simulation,db4,usage,48,50,50,0,large
W-QDA,W-QDA:qda,8,8.0,0.0,0.078,72 115 74 114 118 71 76 83 116 117 119 73 85 104 106 107 111 36 51 52,116 112 115 75 76 114 117 74 78 72 73 80 110 113 119 106 107 108 109 77,simulation,db4,usage,48,50,50,0,large
W-CART,W-CART:cart,5,1.5,0.02,0.134,116 76 112 73 75 114 117 72 74 78 80 107 108 109 113 83 106 119 77 85,116 112 115 75 76 114 117 74 78 72 73 80 110 113 119 106 107 108 109 77,simulation,db4,usage,48,50,50,0,large
ALL,W-QDA:qda,8,8.0,0.0,0.078,72 115 74 114 118 71 76 83 116 117 119 73 85 104 106 107 111 36 51 52,116 112 115 75 76 114 117 74 78 72 73 80 110 113 119 106 107 108 109 77,simulation,db4,usage,48,50,50,0,large
W-NN,W-NN:k=3,43,4.0,0.04,0.138,74 116 72 75 77 115 73 114 76 79 82 104 106 110 111 119 80 81 86 87,115 114 73 75 113 118 76 77 111 74 78 83 116 80 84 110 81 112 71 79,simulation,db4,usage,49,50,50,0,large
W-QDA,W-QDA:qda,2,6.0,0.02,0.098,72 73 74 77 81 86 87 114 115 70 71 79 80 85 89 102 104 106 116 117,115 114 73 75 113 118 76 77 111 74 78 83 116 80 84 110 81 112 71 79,simulation,db4,usage,49,50,50,0,large
W-CART,W-CART:cart,37,8.0,0.02,0.08,58 72 73 78 79 81 119 37 59 83 85 87 89 103 110 111 114 115 116 117,115 114 73 75 113 118 76 77 111 74 78 83 116 80 84 110 81 112 71 79,simulation,db4,usage,49,50,50,0,large
ALL,W-QDA:qda,2,6.0,0.02,0.098,72 73 74 77 81 86 87 114 115 70 71 79 80 85 89 102 104 106 116 117,115 114 73 75 113 118 76 77 111 74 78 83 116 80 84 110 81 112 71 79,simulation,db4,usage,49,50,50,0,large
W-NN,W-NN:k=1,19,6.0,0.04,0.156,77 78 79 112 80 81 82 109 110 71 114 117 118 72 75 86 108 116 120 74,112 77 76 110 113 115 74 81 73 75 78 111 114 80 108 109 79 82 72 116,simulation,db4,usage,50,50,50,0,large
W-QDA,W-QDA:qda,13,6.0,0.0,0.076,77 78 79 112 80 81 82 109 110 71 114 117 118 72 75 86 108 116 120 74,112 77 76 110 113 115 74 81 73 75 78 111 114 80 108 109 79 82 72 116,simulation,db4,usage,50,50,50,0,large
W-CART,W-CART:cart,9,1.0,0.06,0.152,112 77 76 110 113 115 74 81 73 75 78 111 114 80 108 109 79 82 72 116,112 77 76 110 113 115 74 81 73 75 78 111 114 80 108 109 79 82 72 116,simulation,db4,usage,50,50,50,0,large
ALL,W-QDA:qda,13,6.0,0.0,0.076,77 78 79 112 80 81 82 109 110 71 114 117 118 72 75 86 108 116 120 74,112 77 76 110 113 115 74 81 73 75 78 111 114 80 108 109 79 82 72 116,simulation,db4,usage,50,50,50,0,large
W-NN,W-NN:k=1,21,1.5,0.04,0.186,77 111 78 113 76 79 114 74 109 110 116 118 80 81 82 84 117 83 107 75,79 78 111 113 77 81 116 82 110 76 84 109 112 114 80 83 74 75 107 115,simulation,db4,usage,51,50,50,0,large
W-QDA,W-QDA:qda,8,3.0,0.04,0.076,74 82 113 116 79 110 114 76 77 80 83 109 112 111 75 78 73 84 85 115,79 78 111 113 77 81 116 82 110 76 84 109 112 114 80 83 74 75 107 115,simulation,db4,usage,51,50,50,0,large
W-CART,W-CART:cart,6,8.0,0.06,0.096,112 38 72 114 115 37 40 78 79 84 104 105 109 110 111 118 119 35 39 59,79 78 111 113 77 81 116 82 110 76 84 109 112 114 80 83 74 75 107 115,simulation,db4,usage,51,50,50,0,large
ALL,W-QDA:qda,8,3.0,0.04,0.076,74 82 113 116 79 110 114 76 77 80 83 109 112 111 75 78 73 84 85 115,79 78 111 113 77 81 116 82 110 76 84 109 112 114 80 83 74 75 107 115,simulation,db4,usage,51,50,50,0,large
W-NN,W-NN:k=1,10,4.0,0.02,0.1,83 84 80 82 75 77 78 85 107 72 74 110 111 79 81 106 108 113 76 105,114 75 78 79 80 112 115 76 81 111 77 82 110 83 84 85 108 113 116 74,simulation,db4,usage,52,50,50,0,large
W-QDA,W-QDA:qda,7,6.0,0.0,0.026,83 84 73 105 107 109 75 77 81 110 117 72 76 78 79 82 108 113 118 56,114 75 78 79 80 112 115 76 81 111 77 82 110 83 84 85 108 113 116 74,simulation,db4,usage,52,50,50,0,large
W-CART,W-CART:cart,10,3.0,0.04,0.048,75 83 84 82 78 80 107 111 114 72 79 112 113 74 77 108 110 81 85 106,114 75 78 79 80 112 115 76 81 111 77 82 110 83 84 85 108 113 116 74,simulation,db4,usage,52,50,50,0,large
ALL,W-QDA:qda,7,6.0,0.0,0.026,83 84 73 105 107 109 75 77 81 110 117 72 76 78 79 82 108 113 118 56,114 75 78 79 80 112 115 76 81 111 77 82 110 83 84 85 108 113 116 74,simulation,db4,usage,52,50,50,0,large
W-NN,W-NN:k=5,3,8.0,0.06,0.114,83 109 77 106 111 56 86 88 103 104 110 113 53 57 79 82 84 105 107 112,82 79 80 81 109 112 110 83 111 113 78 108 84 86 107 77 106 76 105 114,simulation,db4,usage,53,50,50,0,large
W-QDA,W-QDA:qda,7,8.0,0.0,0.06,83 109 77 106 111 56 86 88 103 104 110 113 53 57 79 82 84 105 107 112,82 79 80 81 109 112 110 83 111 113 78 108 84 86 107 77 106 76 105 114,simulation,db4,usage,53,50,50,0,large
W-CART,W-CART:cart,7,8.0,0.02,0.126,83 109 77 106 111 56 86 88 103 104 110 113 53 57 79 82 84 105 107 112,82 79 80 81 109 112 110 83 111 113 78 108 84 86 107 77 106 76 105 114,simulation,db4,usage,53,50,50,0,large
ALL,W-QDA:qda,7,8.0,0.0,0.06,83 109 77 106 111 56 86 88 103 104 110 113 53 57 79 82 84 105 107 112,82 79 80 81 109 112 110 83 111 113 78 108 84 86 107 77 106 76 105 114,simulation,db4,usage,53,50,50,0,large
W-NN,W-NN:k=3,28,2.0,0.06,0.13,81 109 82 83 110 78 79 85 107 108 84 112 113 114 76 80 111 106 77 115,81 110 109 79 83 108 112 78 82 111 113 80 84 85 106 114 115 76 107 105,simulation,db4,usage,54,50,50,0,large
W-QDA,W-QDA:qda,11,8.0,0.1,0.072,83 53 82 109 54 72 87 88 40 55 73 74 76 78 84 102 104 107 108 110,81 110 109 79 83 108 112 78 82 111 113 80 84 85 106 114 115 76 107 105,simulation,db4,usage,54,50,50,0,large
W-CART,W-CART:cart,25,0.5,0.1,0.12,81 110 109 79 80 82 112 113 83 85 108 111 106 107 114 84 86 78 105 115,81 110 109 79 83 108 112 78 82 111 113 80 84 85 106 114 115 76 107 105,simulation,db4,usage,54,50,50,0,large
ALL,W-NN:k=3,28,2.0,0.06,0.13,81 109 82 83 110 78 79 85 107 108 84 112 113 114 76 80 111 106 77 115,81 110 109 79 83 108 112 78 82 111 113 80 84 85 106 114 115 76 107 105,simulation,db4,usage,54,50,50,0,large
W-NN,W-NN:k=1,8,3.0,0.06,0.178,83 107 106 108 105 109 87 110 81 82 84 86 114 79 85 112 80 111 77 104,82 84 108 109 110 106 83 107 113 81 85 105 112 77 78 218 79 80 111 86,simulation,db4,usage,55,50,50,0,large
W-QDA,W-QDA:qda,4,8.0,0.06,0.1,107 106 110 105 108 109 79 80 82 83 84 85 86 112 114 41 74 77 113 116,82 84 108 109 110 106 83 107 113 81 85 105 112 77 78 218 79 80 111 86,simulation,db4,usage,55,50,50,0,large
W-CART,W-CART:cart,3,4.0,0.08,0.206,83 106 108 107 109 86 105 84 82 110 79 80 81 85 112 104 111 113 77 114,82 84 108 109 110 106 83 107 113 81 85 105 112 77 78 218 79 80 111 86,simulation,db4,usage,55,50,50,0,large
ALL,W-QDA:qda,4,8.0,0.06,0.1,107 106 110 105 108 109 79 80 82 83 84 85 86 112 114 41 74 77 113 116,82 84 108 109 110 106 83 107 113 81 85 105 112 77 78 218 79 80 111 86,simulation,db4,usage,55,50,50,0,large
W-NN,W-NN:k=3,20,2.0,0.0,0.092,109 81 107 74 77 82 80 83 85 79 106 110 111 112 73 75 86 114 78 84,110 79 80 109 111 77 81 82 112 114 74 107 78 83 106 75 113 73 84 105,simulation,db4,usage,56,50,50,0,large
W-QDA,W-QDA:qda,6,2.0,0.0,0.06,109 81 107 74 77 82 80 83 85 79 106 110 111 112 73 75 86 114 78 84,110 79 80 109 111 77 81 82 112 114 74 107 78 83 106 75 113 73 84 105,simulation,db4,usage,56,50,50,0,large
W-CART,W-CART:cart,6,4.0,0.04,0.092,80 77 83 115 116 72 73 75 79 84 85 110 74 81 82 87 104 105 108 42,110 79 80 109 111 77 81 82 112 114 74 107 78 83 106 75 113 73 84 105,simulation,db4,usage,56,50,50,0,large
ALL,W-QDA:qda,6,2.0,0.0,0.06,109 81 107 74 77 82 80 83 85 79 106 110 111 112 73 75 86 114 78 84,110 79 80 109 111 77 81 82 112 114 74 107 78 83 106 75 113 73 84 105,simulation,db4,usage,56,50,50,0,large
W-NN,W-NN:k=3,41,1.5,0.02,0.156,116 115 75 117 113 74 112 73 77 111 118 80 107 109 114 108 110 76 78 79,115 114 111 116 74 73 76 78 79 113 75 80 112 117 110 118 77 107 108 109,simulation,db4,usage,57,50,50,0,large
W-QDA,W-QDA:qda,6,6.0,0.04,0.072,74 116 117 85 106 113 114 75 77 105 112 115 76 87 104 43 73 108 111 42,115 114 111 116 74 73 76 78 79 113 75 80 112 117 110 118 77 107 108 109,simulation,db4,usage,57,50,50,0,large
W-CART,W-CART:cart,7,8.0,0.08,0.104,116 75 106 43 76 71 105 117 36 37 42 73 74 86 87 111 112 113 115 41,115 114 111 116 74 73 76 78 79 113 75 80 112 117 110 118 77 107 108 109,simulation,db4,usage,57,50,50,0,large
ALL,W-NN:k=3,41,1.5,0.02,0.156,116 115 75 117 113 74 112 73 77 111 118 80 107 109 114 108 110 76 78 79,115 114 111 116 74 73 76 78 79 113 75 80 112 117 110 118 77 107 108 109,simulation,db4,usage,57,50,50,0,large
W-NN,W-NN:k=1,37,3.0,0.02,0.142,80 82 110 83 109 75 106 76 84 85 108 74 111 112 113 116 53 79 81 105,113 110 79 80 82 81 109 112 83 76 78 84 111 114 107 77 86 106 108 115,simulation,db4,usage,58,50,50,0,large
W-QDA,W-QDA:qda,20,0.5,0.0,0.066,113 81 110 112 79 80 109 82 83 114 78 84 111 115 76 77 107 74 116 157,113 110 79 80 82 81 109 112 83 76 78 84 111 114 107 77 86 106 108 115,simulation,db4,usage,58,50,50,0,large
W-CART,W-CART:cart,7,6.0,0.02,0.112,82 75 81 80 86 105 83 109 110 112 115 116 84 107 111 53 54 73 76 85,113 110 79 80 82 81 109 112 83 76 78 84 111 114 107 77 86 106 108 115,simulation,db4,usage,58,50,50,0,large
ALL,W-QDA:qda,20,0.5,0.0,0.066,113 81 110 112 79 80 109 82 83 114 78 84 111 115 76 77 107 74 116 157,113 110 79 80 82 81 109 112 83 76 78 84 111 114 107 77 86 106 108 115,simulation,db4,usage,58,50,50,0,large
W-NN,W-NN:k=1,4,3.0,0.06,0.166,86 87 110 79 83 80 81 84 85 88 103 107 109 111 112 104 108 76 78 82,80 81 106 108 110 86 87 105 79 83 85 104 107 109 111 112 113 78 82 77,simulation,db4,usage,59,50,50,0,large
W-QDA,W-QDA:qda,5,6.0,0.04,0.084,83 103 79 80 81 86 84 88 107 87 102 104 108 111 112 76 78 82 85 109,80 81 106 108 110 86 87 105 79 83 85 104 107 109 111 112 113 78 82 77,simulation,db4,usage,59,50,50,0,large
W-CART,W-CART:cart,5,0.5,0.08,0.102,106 80 109 86 104 87 105 110 79 81 108 111 112 82 83 85 84 107 78 88,80 81 106 108 110 86 87 105 79 83 85 104 107 109 111 112 113 78 82 77,simulation,db4,usage,59,50,50,0,large
ALL,W-QDA:qda,5,6.0,0.04,0.084,83 103 79 80 81 86 84 88 107 87 102 104 108 111 112 76 78 82 85 109,80 81 106 108 110 86 87 105 79 83 85 104 107 109 111 112 113 78 82 77,simulation,db4,usage,59,50,50,0,large
W-NN,W-NN:k=3,5,8.0,0.02,0.132,106 118 75 103 76 80 83 84 104 116 81 85 87 105 107 108 109 110 117 38,82 83 108 81 107 84 111 80 85 79 78 112 114 115 106 109 110 113 105 76,simulation,db4,usage,60,50,50,0,large
W-QDA,W-QDA:qda,7,8.0,0.02,0.044,106 118 75 103 76 80 83 84 104 116 81 85 87 105 107 108 109 110 117 38,82 83 108 81 107 84 111 80 85 79 78 112 114 115 106 109 110 113 105 76,simulation,db4,usage,60,50,50,0,large
W-CART,W-CART:cart,9,0.5,0.08,0.128,81 82 84 108 107 112 83 85 110 80 111 106 78 217 115 164 79 105 109 113,82 83 108 81 107 84 111 80 85 79 78 112 114 115 106 109 110 113 105 76,simulation,db4,usage,60,50,50,0,large
ALL,W-NN:k=3,5,8.0,0.02,0.132,106 118 75 103 76 80 83 84 104 116 81 85 87 105 107 108 109 110 117 38,82 83 108 81 107 84 111 80 85 79 78 112 114 115 106 109 110 113 105 76,simulation,db4,usage,60,50,50,0,large
W-NN,W-NN:k=1,11,1.0,0.04,0.148,112 83 116 113 78 79 82 114 77 107 109 117 74 81 108 115 75 76 111 73,112 83 116 113 78 79 82 114 77 107 109 117 74 81 108 115 75 76 111 73,simulation,db4,usage,61,50,50,0,large
W-QDA,W-QDA:qda,9,8.0,0.0,0.076,77 76 112 79 87 107 114 42 71 74 75 85 104 106 108 111 116 40 43 73,112 83 116 113 78 79 82 114 77 107 109 117 74 81 108 115 75 76 111 73,simulation,db4,usage,61,50,50,0,large
W-CART,W-CART:cart,6,1.5,0.06,0.182,83 114 113 77 109 116 117 75 78 82 107 112 73 74 76 79 110 111 115 84,112 83 116 113 78 79 82 114 77 107 109 117 74 81 108 115 75 76 111 73,simulation,db4,usage,61,50,50,0,large
ALL,W-QDA:qda,9,8.0,0.0,0.076,77 76 112 79 87 107 114 42 71 74 75 85 104 106 108 111 116 40 43 73,112 83 116 113 78 79 82 114 77 107 109 117 74 81 108 115 75 76 111 73,simulation,db4,usage,61,50,50,0,large
W-NN,W-NN:k=1,12,8.0,0.02,0.108,83 54 107 81 84 86 87 105 116 52 53 73 85 103 104 112 119 43 55 72,108 107 109 79 80 83 112 78 81 82 84 110 106 85 105 114 77 76 111 115,simulation,db4,usage,62,50,50,0,large
W-QDA,W-QDA:qda,9,8.0,0.0,0.046,83 54 107 81 84 86 87 105 116 52 53 73 85 103 104 112 119 43 55 72,108 107 109 79 80 83 112 78 81 82 84 110 106 85 105 114 77 76 111 115,simulation,db4,usage,62,50,50,0,large
W-CART,W-CART:cart,7,6.0,0.02,0.108,83 85 87 55 84 107 112 54 80 103 73 77 78 86 108 109 110 114 116 52,108 107 109 79 80 83 112 78 81 82 84 110 106 85 105 114 77 76 111 115,simulation,db4,usage,62,50,50,0,large
ALL,W-QDA:qda,9,8.0,0.0,0.046,83 54 107 81 84 86 87 105 116 52 53 73 85 103 104 112 119 43 55 72,108 107 109 79 80 83 112 78 81 82 84 110 106 85 105 114 77 76 111 115,simulation,db4,usage,62,50,50,0,large
W-NN,W-NN:k=7,4,3.0,0.02,0.076,106 115 116 73 117 74 77 72 78 111 113 75 87 112 114 118 119 76 85 104,113 114 110 115 72 111 112 77 78 109 116 117 74 75 80 81 82 73 76 118,simulation,db4,usage,63,50,50,0,large
W-QDA,W-QDA:qda,13,8.0,0.0,0.044,117 74 87 89 103 105 106 116 35 86 108 109 113 115 36 40 41 43 52 71,113 114 110 115 72 111 112 77 78 109 116 117 74 75 80 81 82 73 76 118,simulation,db4,usage,63,50,50,0,large
W-CART,W-CART:cart,5,3.0,0.02,0.168,106 115 116 73 117 74 77 72 78 111 113 75 87 112 114 118 119 76 85 104,113 114 110 115 72 111 112 77 78 109 116 117 74 75 80 81 82 73 76 118,simulation,db4,usage,63,50,50,0,large
ALL,W-QDA:qda,13,8.0,0.0,0.044,117 74 87 89 103 105 106 116 35 86 108 109 113 115 36 40 41 43 52 71,113 114 110 115 72 111 112 77 78 109 116 117 74 75 80 81 82 73 76 118,simulation,db4,usage,63,50,50,0,large
W-NN,W-NN:k=3,10,8.0,0.04,0.158,110 80 73 86 88 116 118 76 102 103 104 107 113 115 38 40 43 71 74 75,80 109 82 83 111 114 78 84 112 76 108 110 113 115 75 79 81 107 116 77,simulation,db4,usage,64,50,50,0,large
W-QDA,W-QDA:qda,6,3.0,0.02,0.07,76 113 82 107 114 104 111 108 112 116 81 106 109 115 74 78 80 84 87 103,80 109 82 83 111 114 78 84 112 76 108 110 113 115 75 79 81 107 116 77,simulation,db4,usage,64,50,50,0,large
W-CART,W-CART:cart,18,2.0,0.02,0.112,114 76 113 81 109 111 115 116 82 107 108 80 83 104 106 84 105 112 75 77,80 109 82 83 111 114 78 84 112 76 108 110 113 115 75 79 81 107 116 77,simulation,db4,usage,64,50,50,0,large
ALL,W-QDA:qda,6,3.0,0.02,0.07,76 113 82 107 114 104 111 108 112 116 81 106 109 115 74 78 80 84 87 103,80 109 82 83 111 114 78 84 112 76 108 110 113 115 75 79 81 107 116 77,simulation,db4,usage,64,50,50,0,large
W-NN,W-NN:k=3,1,0.5,0.08,0.21,84 111 82 83 80 81 110 112 107 79 106 108 113 85 109 77 105 115 216 217,82 81 83 107 108 111 80 84 109 110 112 106 113 77 79 105 76 114 85 115,simulation,db4,usage,65,50,50,0,large
W-QDA,W-QDA:qda,11,8.0,0.1,0.098,107 41 77 106 108 109 110 114 54 75 76 83 84 105 55 70 71 80 81 111,82 81 83 107 108 111 80 84 109 110 112 106 113 77 79 105 76 114 85 115,simulation,db4,usage,65,50,50,0,large
W-CART,W-CART:cart,51,1.5,0.06,0.108,81 82 83 107 80 111 108 106 109 113 84 112 110 105 79 77 85 114 86 87,82 81 83 107 108 111 80 84 109 110 112 106 113 77 79 105 76 114 85 115,simulation,db4,usage,65,50,50,0,large
ALL,W-CART:cart,51,1.5,0.06,0.108,81 82 83 107 80 111 108 106 109 113 84 112 110 105 79 77 85 114 86 87,82 81 83 107 108 111 80 84 109 110 112 106 113 77 79 105 76 114 85 115,simulation,db4,usage,65,50,50,0,large
W-NN,W-NN:k=1,19,4.0,0.0,0.072,116 105 76 106 74 77 78 114 117 75 81 84 104 108 82 85 86 88 73 79,75 83 116 74 76 80 108 78 84 107 111 114 117 77 81 85 115 154 106 109,simulation,db4,usage,66,50,50,0,large
W-QDA,W-QDA:qda,15,0.5,0.0,0.04,76 77 80 115 75 79 81 83 108 112 82 84 109 113 116 155 74 78 107 111,75 83 116 74 76 80 108 78 84 107 111 114 117 77 81 85 115 154 106 109,simulation,db4,usage,66,50,50,0,large
W-CART,W-CART:cart,5,6.0,0.02,0.13,74 106 81 76 105 116 73 78 79 80 84 85 114 58 71 72 77 82 86 87,75 83 116 74 76 80 108 78 84 107 111 114 117 77 81 85 115 154 106 109,simulation,db4,usage,66,50,50,0,large
ALL,W-QDA:qda,15,0.5,0.0,0.04,76 77 80 115 75 79 81 83 108 112 82 84 109 113 116 155 74 78 107 111,75 83 116 74 76 80 108 78 84 107 111 114 117 77 81 85 115 154 106 109,simulation,db4,usage,66,50,50,0,large
W-NN,W-NN:k=1,4,6.0,0.02,0.072,86 76 84 105 85 87 108 82 104 106 73 81 52 72 75 88 89 102 107 53,84 108 86 110 82 107 109 85 106 104 105 83 87 80 81 88 103 77 79 111,simulation,db4,usage,67,50,50,0,large
W-QDA,W-QDA:qda,1,3.0,0.02,0.098,105 86 108 84 87 104 107 110 109 77 82 83 85 106 89 73 81 88 102 76,84 108 86 110 82 107 109 85 106 104 105 83 87 80 81 88 103 77 79 111,simulation,db4,usage,67,50,50,0,large
W-CART,W-CART:cart,10,1.5,0.04,0.146,84 86 108 82 85 107 109 83 87 104 105 106 110 88 77 81 89 103 112 78,84 108 86 110 82 107 109 85 106 104 105 83 87 80 81 88 103 77 79 111,simulation,db4,usage,67,50,50,0,large
ALL,W-QDA:qda,1,3.0,0.02,0.098,105 86 108 84 87 104 107 110 109 77 82 83 85 106 89 73 81 88 102 76,84 108 86 110 82 107 109 85 106 104 105 83 87 80 81 88 103 77 79 111,simulation,db4,usage,67,50,50,0,large
W-NN,W-NN:k=1,7,3.0,0.0,0.106,84 110 109 106 82 83 105 107 81 111 103 104 112 85 86 80 88 108 113 77,106 84 109 82 105 107 108 81 83 111 110 80 87 85 112 113 88 104 79 103,simulation,db4,usage,68,50,50,0,large
W-QDA,W-QDA:qda,1,1.0,0.06,0.082,106 84 109 82 105 107 108 81 83 111 110 80 87 85 112 113 88 104 79 103,106 84 109 82 105 107 108 81 83 111 110 80 87 85 112 113 88 104 79 103,simulation,db4,usage,68,50,50,0,large
W-CART,W-CART:cart,6,6.0,0.04,0.134,110 109 108 80 82 105 83 107 111 53 55 81 84 87 103 104 106 114 119 54,106 84 109 82 105 107 108 81 83 111 110 80 87 85 112 113 88 104 79 103,simulation,db4,usage,68,50,50,0,large
ALL,W-NN:k=1,7,3.0,0.0,0.106,84 110 109 106 82 83 105 107 81 111 103 104 112 85 86 80 88 108 113 77,106 84 109 82 105 107 108 81 83 111 110 80 87 85 112 113 88 104 79 103,simulation,db4,usage,68,50,50,0,large
W-NN,W-NN:k=3,27,8.0,0.06,0.15,78 81 82 112 105 110 113 117 39 43 76 79 80 83 109 114 115 40 52 73,78 112 76 108 109 77 75 79 81 107 115 116 80 111 113 114 83 85 159 74,simulation,db4,usage,69,50,50,0,large
W-QDA,W-QDA:qda,5,8.0,0.04,0.084,78 81 82 112 105 110 113 117 39 43 76 79 80 83 109 114 115 40 52 73,78 112 76 108 109 77 75 79 81 107 115 116 80 111 113 114 83 85 159 74,simulation,db4,usage,69,50,50,0,large
W-CART,W-CART:cart,19,3.0,0.06,0.098,77 112 113 108 114 75 81 107 111 76 78 79 82 83 80 84 110 115 118 109,78 112 76 108 109 77 75 79 81 107 115 116 80 111 113 114 83 85 159 74,simulation,db4,usage,69,50,50,0,large
ALL,W-QDA:qda,5,8.0,0.04,0.084,78 81 82 112 105 110 113 117 39 43 76 79 80 83 109 114 115 40 52 73,78 112 76 108 109 77 75 79 81 107 115 116 80 111 113 114 83 85 159 74,simulation,db4,usage,69,50,50,0,large
W-NN,W-NN:k=5,8,6.0,0.04,0.1,105 104 106 116 108 109 117 78 83 86 118 75 77 85 103 107 110 115 72 76,82 106 107 108 109 110 80 111 81 77 84 85 105 78 83 112 75 76 86 113,simulation,db4,usage,70,50,50,0,large
W-QDA,W-QDA:qda,14,3.0,0.0,0.026,108 106 75 104 109 105 111 82 83 117 76 81 85 78 84 86 107 112 114 116,82 106 107 108 109 110 80 111 81 77 84 85 105 78 83 112 75 76 86 113,simulation,db4,usage,70,50,50,0,large
W-CART,W-CART:cart,14,1.0,0.08,0.09,82 106 107 108 109 110 80 111 81 77 84 85 105 78 83 112 75 76 86 113,82 106 107 108 109 110 80 111 81 77 84 85 105 78 83 112 75 76 86 113,simulation,db4,usage,70,50,50,0,large
ALL,W-QDA:qda,14,3.0,0.0,0.026,108 106 75 104 109 105 111 82 83 117 76 81 85 78 84 86 107 112 114 116,82 106 107 108 109 110 80 111 81 77 84 85 105 78 83 112 75 76 86 113,simulation,db4,usage,70,50,50,0,large
W-NN,W-NN:k=3,7,4.0,0.06,0.18,79 76 83 109 113 75 114 74 81 111 112 115 78 85 108 80 116 117 73 84,77 112 76 113 79 81 111 74 110 115 116 78 80 83 108 114 75 82 107 84,simulation,db4,usage,71,50,50,0,large
W-QDA,W-QDA:qda,4,1.5,0.06,0.118,77 79 74 76 111 112 78 108 110 113 116 80 81 115 75 83 114 82 107 117,77 112 76 113 79 81 111 74 110 115 116 78 80 83 108 114 75 82 107 84,simulation,db4,usage,71,50,50,0,large
W-CART,W-CART:cart,28,1.5,0.04,0.092,77 79 74 76 111 112 78 108 110 113 116 80 81 115 75 83 114 82 107 117,77 112 76 113 79 81 111 74 110 115 116 78 80 83 108 114 75 82 107 84,simulation,db4,usage,71,50,50,0,large
ALL,W-CART:cart,28,1.5,0.04,0.092,77 79 74 76 111 112 78 108 110 113 116 80 81 115 75 83 114 82 107 117,77 112 76 113 79 81 111 74 110 115 116 78 80 83 108 114 75 82 107 84,simulation,db4,usage,71,50,50,0,large
W-NN,W-NN:k=5,2,1.5,0.06,0.102,106 85 81 82 83 104 108 84 105 107 73 110 111 78 87 109 112 77 113 114,106 108 110 82 83 85 107 81 84 104 109 168 169 73 76 78 105 112 166 170,simulation,db4,usage,72,50,50,0,large
W-QDA,W-QDA:qda,1,1.0,0.1,0.122,106 108 110 82 83 85 107 81 84 104 109 168 169 73 76 78 105 112 166 170,106 108 110 82 83 85 107 81 84 104 109 168 169 73 76 78 105 112 166 170,simulation,db4,usage,72,50,50,0,large
W-CART,W-CART:cart,14,8.0,0.06,0.102,71 84 85 106 83 87 105 117 59 104 119 51 72 81 86 89 107 108 109 110,106 108 110 82 83 85 107 81 84 104 109 168 169 73 76 78 105 112 166 170,simulation,db4,usage,72,50,50,0,large
ALL,W-NN:k=5,2,1.5,0.06,0.102,106 85 81 82 83 104 108 84 105 107 73 110 111 78 87 109 112 77 113 114,106 108 110 82 83 85 107 81 84 104 109 168 169 73 76 78 105 112 166 170,simulation,db4,usage,72,50,50,0,large
W-NN,W-NN:k=1,4,1.5,0.02,0.142,82 81 107 79 106 113 114 115 83 84 105 111 117 75 76 86 108 110 74 77,79 113 81 82 83 107 114 76 77 78 84 106 115 75 105 110 111 112 117 80,simulation,db4,usage,73,50,50,0,large
W-QDA,W-QDA:qda,5,8.0,0.04,0.094,81 82 83 84 118 71 108 111 42 79 85 87 103 104 105 110 112 116 119 53,79 113 81 82 83 107 114 76 77 78 84 106 115 75 105 110 111 112 117 80,simulation,db4,usage,73,50,50,0,large
W-CART,W-CART:cart,3,3.0,0.06,0.08,81 83 105 106 107 110 84 108 117 82 85 115 104 109 114 118 74 78 75 80,79 113 81 82 83 107 114 76 77 78 84 106 115 75 105 110 111 112 117 80,simulation,db4,usage,73,50,50,0,large
ALL,W-NN:k=1,4,1.5,0.02,0.142,82 81 107 79 106 113 114 115 83 84 105 111 117 75 76 86 108 110 74 77,79 113 81 82 83 107 114 76 77 78 84 106 115 75 105 110 111 112 117 80,simulation,db4,usage,73,50,50,0,large
W-NN,W-NN:k=3,11,1.5,0.0,0.164,84 78 83 80 81 82 105 106 112 79 85 108 110 117 107 109 111 113 116 87,84 78 110 81 108 112 80 83 106 109 114 79 105 77 82 85 107 113 75 111,simulation,db4,usage,74,50,50,0,large
W-QDA,W-QDA:qda,11,6.0,0.02,0.036,75 116 73 108 85 88 103 115 74 82 84 105 110 113 114 76 77 78 80 86,84 78 110 81 108 112 80 83 106 109 114 79 105 77 82 85 107 113 75 111,simulation,db4,usage,74,50,50,0,large
W-CART,W-CART:cart,4,8.0,0.08,0.196,75 77 116 103 113 73 74 76 82 108 109 115 121 39 52 57 72 78 84 85,84 78 110 81 108 112 80 83 106 109 114 79 105 77 82 85 107 113 75 111,simulation,db4,usage,74,50,50,0,large
ALL,W-NN:k=3,11,1.5,0.0,0.164,84 78 83 80 81 82 105 106 112 79 85 108 110 117 107 109 111 113 116 87,84 78 110 81 108 112 80 83 106 109 114 79 105 77 82 85 107 113 75 111,simulation,db4,usage,74,50,50,0,large
W-NN,W-NN:k=1,2,8.0,0.12,0.166,115 116 75 78 117 118 73 107 40 74 83 85 108 111 113 37 39 76 79 82,109 112 79 80 82 110 111 114 76 77 78 83 75 108 115 113 81 107 117 74,simulation,db4,usage,75,50,50,0,large
W-QDA,W-QDA:qda,14,8.0,0.0,0.076,115 116 75 78 117 118 73 107 40 74 83 85 108 111 113 37 39 76 79 82,109 112 79 80 82 110 111 114 76 77 78 83 75 108 115 113 81 107 117 74,simulation,db4,usage,75,50,50,0,large
W-CART,W-CART:cart,29,6.0,0.06,0.138,109 78 114 116 75 112 117 74 115 73 77 107 108 110 111 113 82 83 85 118,109 112 79 80 82 110 111 114 76 77 78 83 75 108 115 113 81 107 117 74,simulation,db4,usage,75,50,50,0,large
ALL,W-QDA:qda,14,8.0,0.0,0.076,115 116 75 78 117 118 73 107 40 74 83 85 108 111 113 37 39 76 79 82,109 112 79 80 82 110 111 114 76 77 78 83 75 108 115 113 81 107 117 74,simulation,db4,usage,75,50,50,0,large
W-NN,W-NN:k=3,10,8.0,0.06,0.208,78 112 76 77 106 113 71 79 80 82 108 111 114 59 83 84 85 104 105 115,111 112 78 80 82 110 113 77 79 108 81 83 109 75 114 85 115 84 106 74,simulation,db4,usage,76,50,50,0,large
W-QDA,W-QDA:qda,7,6.0,0.02,0.076,113 78 80 85 106 111 112 76 82 108 79 77 83 84 87 110 114 71 104 107,111 112 78 80 82 110 113 77 79 108 81 83 109 75 114 85 115 84 106 74,simulation,db4,usage,76,50,50,0,large
W-CART,W-CART:cart,21,8.0,0.06,0.126,78 112 76 77 106 113 71 79 80 82 108 111 114 59 83 84 85 104 105 115,111 112 78 80 82 110 113 77 79 108 81 83 109 75 114 85 115 84 106 74,simulation,db4,usage,76,50,50,0,large
ALL,W-QDA:qda,7,6.0,0.02,0.076,113 78 80 85 106 111 112 76 82 108 79 77 83 84 87 110 114 71 104 107,111 112 78 80 82 110 113 77 79 108 81 83 109 75 114 85 115 84 106 74,simulation,db4,usage,76,50,50,0,large
W-NN,W-NN:k=1,10,3.0,0.04,0.106,109 76 110 77 114 81 83 106 115 74 75 79 80 82 84 111 113 116 72 73,77 109 110 114 76 112 113 78 79 80 83 81 107 111 115 74 82 108 75 85,simulation,db4,usage,77,50,50,0,large
W-QDA,W-QDA:qda,11,3.0,0.04,0.054,109 76 110 77 114 81 83 106 115 74 75 79 80 82 84 111 113 116 72 73,77 109 110 114 76 112 113 78 79 80 83 81 107 111 115 74 82 108 75 85,simulation,db4,usage,77,50,50,0,large
W-CART,W-CART:cart,14,4.0,0.06,0.118,109 81 76 79 78 82 110 112 115 73 75 84 106 114 80 83 105 108 111 113,77 109 110 114 76 112 113 78 79 80 83 81 107 111 115 74 82 108 75 85,simulation,db4,usage,77,50,50,0,large
ALL,W-NN:k=1,10,3.0,0.04,0.106,109 76 110 77 114 81 83 106 115 74 75 79 80 82 84 111 113 116 72 73,77 109 110 114 76 112 113 78 79 80 83 81 107 111 115 74 82 108 75 85,simulation,db4,usage,77,50,50,0,large
W-NN,W-NN:k=1,53,1.0,0.06,0.16,80 81 83 108 109 79 110 112 84 107 111 113 82 106 114 78 85 104 105 116,80 81 83 108 109 79 110 112 84 107 111 113 82 106 114 78 85 104 105 116,simulation,db4,usage,78,50,50,0,large
W-QDA,W-QDA:qda,6,6.0,0.02,0.058,85 106 112 108 76 81 110 84 86 111 40 75 77 78 80 113 114 115 117 41,80 81 83 108 109 79 110 112 84 107 111 113 82 106 114 78 85 104 105 116,simulation,db4,usage,78,50,50,0,large
W-CART,W-CART:cart,4,8.0,0.06,0.116,106 85 77 108 109 110 113 40 76 81 107 114 38 39 41 54 55 74 87 111,80 81 83 108 109 79 110 112 84 107 111 113 82 106 114 78 85 104 105 116,simulation,db4,usage,78,50,50,0,large
ALL,W-QDA:qda,6,6.0,0.02,0.058,85 106 112 108 76 81 110 84 86 111 40 75 77 78 80 113 114 115 117 41,80 81 83 108 109 79 110 112 84 107 111 113 82 106 114 78 85 104 105 116,simulation,db4,usage,78,50,50,0,large
W-NN,W-NN:k=3,23,6.0,0.06,0.118,82 115 75 76 77 109 111 117 74 81 108 110 116 118 119 114 83 78 79 84,80 78 77 112 79 82 81 110 111 114 116 76 83 113 115 84 74 109 117 108,simulation,db4,usage,79,50,50,0,large
W-QDA,W-QDA:qda,6,6.0,0.04,0.092,82 115 75 76 77 109 111 117 74 81 108 110 116 118 119 114 83 78 79 84,80 78 77 112 79 82 81 110 111 114 116 76 83 113 115 84 74 109 117 108,simulation,db4,usage,79,50,50,0,large
W-CART,W-CART:cart,19,4.0,0.06,0.096,112 114 77 115 117 75 81 109 110 116 80 82 83 118 74 76 108 111 71 84,80 78 77 112 79 82 81 110 111 114 116 76 83 113 115 84 74 109 117 108,simulation,db4,usage,79,50,50,0,large
ALL,W-QDA:qda,6,6.0,0.04,0.092,82 115 75 76 77 109 111 117 74 81 108 110 116 118 119 114 83 78 79 84,80 78 77 112 79 82 81 110 111 114 116 76 83 113 115 84 74 109 117 108,simulation,db4,usage,79,50,50,0,large
W-NN,W-NN:k=1,6,1.0,0.04,0.204,113 114 76 77 78 83 115 75 116 74 79 107 111 112 117 72 80 109 73 81,113 114 76 77 78 83 115 75 116 74 79 107 111 112 117 72 80 109 73 81,simulation,db4,usage,80,50,50,0,large
W-QDA,W-QDA:qda,9,8.0,0.0,0.054,115 106 72 113 78 88 104 114 118 36 74 75 80 83 108 111 116 117 119 60,113 114 76 77 78 83 115 75 116 74 79 107 111 112 117 72 80 109 73 81,simulation,db4,usage,80,50,50,0,large
W-CART,W-CART:cart,5,4.0,0.04,0.13,78 116 115 74 117 76 79 112 113 114 72 75 77 80 82 83 106 107 110 118,113 114 76 77 78 83 115 75 116 74 79 107 111 112 117 72 80 109 73 81,simulation,db4,usage,80,50,50,0,large
ALL,W-QDA:qda,9,8.0,0.0,0.054,115 106 72 113 78 88 104 114 118 36 74 75 80 83 108 111 116 117 119 60,113 114 76 77 78 83 115 75 116 74 79 107 111 112 117 72 80 109 73 81,simulation,db4,usage,80,50,50,0,large
W-NN,W-NN:k=1,13,6.0,0.0,0.132,77 111 114 79 112 113 116 82 103 104 107 118 80 85 86 109 115 117 76 78,81 80 76 110 114 77 79 108 111 113 82 109 112 78 116 115 75 83 74 107,simulation,db4,usage,81,50,50,0,large
W-QDA,W-QDA:qda,8,8.0,0.0,0.06,114 77 107 82 106 113 54 58 74 75 79 81 104 109 111 117 118 35 37 38,81 80 76 110 114 77 79 108 111 113 82 109 112 78 116 115 75 83 74 107,simulation,db4,usage,81,50,50,0,large
W-CART,W-CART:cart,5,8.0,0.02,0.126,114 77 107 82 106 113 54 58 74 75 79 81 104 109 111 117 118 35 37 38,81 80 76 110 114 77 79 108 111 113 82 109 112 78 116 115 75 83 74 107,simulation,db4,usage,81,50,50,0,large
ALL,W-QDA:qda,8,8.0,0.0,0.06,114 77 107 82 106 113 54 58 74 75 79 81 104 109 111 117 118 35 37 38,81 80 76 110 114 77 79 108 111 113 82 109 112 78 116 115 75 83 74 107,simulation,db4,usage,81,50,50,0,large
W-NN,W-NN:k=7,4,4.0,0.04,0.194,109 112 73 110 113 116 81 80 83 111 115 117 77 78 79 86 106 108 87 104,112 82 80 109 110 111 81 79 108 113 117 78 83 106 116 84 107 114 75 77,simulation,db4,usage,82,50,50,0,large
W-QDA,W-QDA:qda,6,6.0,0.0,0.092,86 80 78 81 104 106 111 76 85 103 105 108 113 114 116 73 83 109 110 118,112 82 80 109 110 111 81 79 108 113 117 78 83 106 116 84 107 114 75 77,simulation,db4,usage,82,50,50,0,large
W-CART,W-CART:cart,11,8.0,0.0,0.144,76 80 106 111 81 86 104 110 74 77 82 103 107 114 116 73 78 83 105 109,112 82 80 109 110 111 81 79 108 113 117 78 83 106 116 84 107 114 75 77,simulation,db4,usage,82,50,50,0,large
ALL,W-QDA:qda,6,6.0,0.0,0.092,86 80 78 81 104 106 111 76 85 103 105 108 113 114 116 73 83 109 110 118,112 82 80 109 110 111 81 79 108 113 117 78 83 106 116 84 107 114 75 77,simulation,db4,usage,82,50,50,0,large
W-NN,W-NN:k=1,47,3.0,0.08,0.188,73 74 76 72 75 77 118 115 114 112 116 117 111 119 78 113 71 79 109 84,74 115 78 114 75 81 116 77 112 117 76 110 73 79 82 118 71 72 113 119,simulation,db4,usage,83,50,50,0,large
W-QDA,W-QDA:qda,5,6.0,0.1,0.084,75 73 115 74 72 76 114 116 117 77 119 78 106 71 103 109 118 43 58 70,74 115 78 114 75 81 116 77 112 117 76 110 73 79 82 118 71 72 113 119,simulation,db4,usage,83,50,50,0,large
W-CART,W-CART:cart,34,1.5,0.08,0.104,74 115 116 75 76 77 78 73 112 114 71 118 72 81 117 119 79 80 82 111,74 115 78 114 75 81 116 77 112 117 76 110 73 79 82 118 71 72 113 119,simulation,db4,usage,83,50,50,0,large
ALL,W-CART:cart,34,1.5,0.08,0.104,74 115 116 75 76 77 78 73 112 114 71 118 72 81 117 119 79 80 82 111,74 115 78 114 75 81 116 77 112 117 76 110 73 79 82 118 71 72 113 119,simulation,db4,usage,83,50,50,0,large
W-NN,W-NN:k=3,7,2.0,0.04,0.098,83 116 84 77 106 80 81 82 85 104 105 114 76 107 115 74 79 87 108 110,77 81 83 108 113 114 76 78 80 84 79 82 85 86 106 110 112 87 104 105,simulation,db4,usage,84,50,50,0,large
W-QDA,W-QDA:qda,6,2.0,0.0,0.064,83 116 84 77 106 80 81 82 85 104 105 114 76 107 115 74 79 87 108 110,77 81 83 108 113 114 76 78 80 84 79 82 85 86 106 110 112 87 104 105,simulation,db4,usage,84,50,50,0,large
W-CART,W-CART:cart,8,3.0,0.04,0.124,83 116 82 84 81 104 105 115 77 106 107 88 103 108 110 114 78 79 85 87,77 81 83 108 113 114 76 78 80 84 79 82 85 86 106 110 112 87 104 105,simulation,db4,usage,84,50,50,0,large
ALL,W-QDA:qda,6,2.0,0.0,0.064,83 116 84 77 106 80 81 82 85 104 105 114 76 107 115 74 79 87 108 110,77 81 83 108 113 114 76 78 80 84 79 82 85 86 106 110 112 87 104 105,simulation,db4,usage,84,50,50,0,large
W-NN,W-NN:k=1,8,3.0,0.0,0.132,83 108 84 109 79 80 107 75 77 78 82 112 115 81 106 113 116 117 110 111,79 83 112 107 108 80 84 109 113 77 81 82 106 105 111 114 78 110 85 75,simulation,db4,usage,85,50,50,0,large
W-QDA,W-QDA:qda,5,8.0,0.02,0.052,83 77 81 116 74 82 84 105 107 109 113 75 76 80 104 114 54 86 103 106,79 83 112 107 108 80 84 109 113 77 81 82 106 105 111 114 78 110 85 75,simulation,db4,usage,85,50,50,0,large
W-CART,W-CART:cart,5,3.0,0.04,0.134,83 108 84 109 79 80 107 75 77 78 82 112 115 81 106 113 116 117 110 111,79 83 112 107 108 80 84 109 113 77 81 82 106 105 111 114 78 110 85 75,simulation,db4,usage,85,50,50,0,large
ALL,W-NN:k=1,8,3.0,0.0,0.132,83 108 84 109 79 80 107 75 77 78 82 112 115 81 106 113 116 117 110 111,79 83 112 107 108 80 84 109 113 77 81 82 106 105 111 114 78 110 85 75,simulation,db4,usage,85,50,50,0,large
W-NN,W-NN:k=5,3,6.0,0.08,0.188,84 79 81 108 83 112 72 78 82 85 113 114 106 107 109 115 69 73 77 80,108 111 82 109 78 79 81 107 112 76 84 110 83 106 75 77 85 113 115 80,simulation,db4,usage,86,50,50,0,large
W-QDA,W-QDA:qda,10,6.0,0.02,0.094,84 79 81 108 83 112 72 78 82 85 113 114 106 107 109 115 69 73 77 80,108 111 82 109 78 79 81 107 112 76 84 110 83 106 75 77 85 113 115 80,simulation,db4,usage,86,50,50,0,large
W-CART,W-CART:cart,4,3.0,0.06,0.166,79 107 112 106 81 108 109 84 115 78 80 82 83 85 105 110 111 113 73 76,108 111 82 109 78 79 81 107 112 76 84 110 83 106 75 77 85 113 115 80,simulation,db4,usage,86,50,50,0,large
ALL,W-QDA:qda,10,6.0,0.02,0.094,84 79 81 108 83 112 72 78 82 85 113 114 106 107 109 115 69 73 77 80,108 111 82 109 78 79 81 107 112 76 84 110 83 106 75 77 85 113 115 80,simulation,db4,usage,86,50,50,0,large
W-NN,W-NN:k=3,22,4.0,0.06,0.084,113 74 109 114 115 77 82 110 111 83 112 116 73 78 81 86 117 118 76 80,78 79 115 74 76 80 111 112 113 75 109 114 77 81 116 72 73 108 110 82,simulation,db4,usage,87,50,50,0,large
W-QDA,W-QDA:qda,16,4.0,0.02,0.07,113 74 109 114 115 77 82 110 111 83 112 116 73 78 81 86 117 118 76 80,78 79 115 74 76 80 111 112 113 75 109 114 77 81 116 72 73 108 110 82,simulation,db4,usage,87,50,50,0,large
W-CART,W-CART:cart,17,6.0,0.02,0.112,114 113 76 77 110 116 117 83 107 112 115 80 82 86 104 108 109 119 120 74,78 79 115 74 76 80 111 112 113 75 109 114 77 81 116 72 73 108 110 82,simulation,db4,usage,87,50,50,0,large
ALL,W-QDA:qda,16,4.0,0.02,0.07,113 74 109 114 115 77 82 110 111 83 112 116 73 78 81 86 117 118 76 80,78 79 115 74 76 80 111 112 113 75 109 114 77 81 116 72 73 108 110 82,simulation,db4,usage,87,50,50,0,large
W-NN,W-NN:k=5,2,6.0,0.04,0.182,74 84 107 106 72 75 85 86 114 70 78 79 103 108 109 113 73 83 87 104,83 79 108 113 78 81 111 116 77 80 85 109 112 114 74 75 106 84 105 107,simulation,db4,usage,88,50,50,0,large
W-QDA,W-QDA:qda,15,6.0,0.0,0.042,74 84 107 106 72 75 85 86 114 70 78 79 103 108 109 113 73 83 87 104,83 79 108 113 78 81 111 116 77 80 85 109 112 114 74 75 106 84 105 107,simulation,db4,usage,88,50,50,0,large
W-CART,W-CART:cart,38,8.0,0.04,0.152,70 84 38 72 85 106 107 53 73 79 86 87 104 108 109 114 59 71 74 76,83 79 108 113 78 81 111 116 77 80 85 109 112 114 74 75 106 84 105 107,simulation,db4,usage,88,50,50,0,large
ALL,W-QDA:qda,15,6.0,0.0,0.042,74 84 107 106 72 75 85 86 114 70 78 79 103 108 109 113 73 83 87 104,83 79 108 113 78 81 111 116 77 80 85 109 112 114 74 75 106 84 105 107,simulation,db4,usage,88,50,50,0,large
W-NN,W-NN:k=3,7,6.0,0.02,0.08,73 74 88 117 86 72 116 118 75 77 84 85 105 113 114 89 82 103 110 112,114 72 73 76 74 115 117 118 75 80 149 150 151 81 113 116 79 109 111 234,simulation,db4,usage,89,50,50,0,large
W-QDA,W-QDA:qda,7,8.0,0.02,0.058,118 73 117 72 82 85 86 88 103 113 120 74 75 77 80 89 104 105 112 71,114 72 73 76 74 115 117 118 75 80 149 150 151 81 113 116 79 109 111 234,simulation,db4,usage,89,50,50,0,large
W-CART,W-CART:cart,6,8.0,0.06,0.156,118 73 117 72 82 85 86 88 103 113 120 74 75 77 80 89 104 105 112 71,114 72 73 76 74 115 117 118 75 80 149 150 151 81 113 116 79 109 111 234,simulation,db4,usage,89,50,50,0,large
ALL,W-NN:k=3,7,6.0,0.02,0.08,73 74 88 117 86 72 116 118 75 77 84 85 105 113 114 89 82 103 110 112,114 72 73 76 74 115 117 118 75 80 149 150 151 81 113 116 79 109 111 234,simulation,db4,usage,89,50,50,0,large
W-NN,W-NN:k=1,5,6.0,0.06,0.136,77 76 120 70 82 84 108 116 117 69 74 79 80 85 104 105 109 112 114 115,115 75 76 77 78 79 81 82 108 111 114 109 112 80 113 116 107 110 73 84,simulation,db4,usage,90,50,50,0,large
W-QDA,W-QDA:qda,7,6.0,0.02,0.042,77 76 120 70 82 84 108 116 117 69 74 79 80 85 104 105 109 112 114 115,115 75 76 77 78 79 81 82 108 111 114 109 112 80 113 116 107 110 73 84,simulation,db4,usage,90,50,50,0,large
W-CART,W-CART:cart,39,8.0,0.04,0.098,70 74 78 120 53 75 112 117 119 41 69 72 76 77 80 103 104 106 108 115,115 75 76 77 78 79 81 82 108 111 114 109 112 80 113 116 107 110 73 84,simulation,db4,usage,90,50,50,0,large
ALL,W-QDA:qda,7,6.0,0.02,0.042,77 76 120 70 82 84 108 116 117 69 74 79 80 85 104 105 109 112 114 115,115 75 76 77 78 79 81 82 108 111 114 109 112 80 113 116 107 110 73 84,simulation,db4,usage,90,50,50,0,large
W-NN,W-NN:k=5,15,8.0,0.06,0.166,111 78 107 113 110 116 79 82 108 118 40 43 71 80 84 114 115 41 42 44,79 78 108 110 111 80 81 109 113 77 114 82 84 85 83 107 115 76 75 106,simulation,db4,usage,91,50,50,0,large
W-QDA,W-QDA:qda,6,8.0,0.1,0.114,111 78 107 113 110 116 79 82 108 118 40 43 71 80 84 114 115 41 42 44,79 78 108 110 111 80 81 109 113 77 114 82 84 85 83 107 115 76 75 106,simulation,db4,usage,91,50,50,0,large
W-CART,W-CART:cart,10,8.0,0.06,0.118,111 78 107 113 110 116 79 82 108 118 40 43 71 80 84 114 115 41 42 44,79 78 108 110 111 80 81 109 113 77 114 82 84 85 83 107 115 76 75 106,simulation,db4,usage,91,50,50,0,large
ALL,W-CART:cart,10,8.0,0.06,0.118,111 78 107 113 110 116 79 82 108 118 40 43 71 80 84 114 115 41 42 44,79 78 108 110 111 80 81 109 113 77 114 82 84 85 83 107 115 76 75 106,simulation,db4,usage,91,50,50,0,large
W-NN,W-NN:k=9,13,6.0,0.02,0.122,82 115 80 109 81 84 71 83 85 107 108 114 117 111 112 116 73 74 77 118,81 82 77 110 112 79 111 114 80 109 78 113 116 76 75 108 115 85 86 105,simulation,db4,usage,92,50,50,0,large
W-QDA,W-QDA:qda,12,4.0,0.06,0.08,112 111 81 109 78 79 82 114 108 117 76 84 85 107 110 115 73 80 116 86,81 82 77 110 112 79 111 114 80 109 78 113 116 76 75 108 115 85 86 105,simulation,db4,usage,92,50,50,0,large
W-CART,W-CART:cart,23,0.5,0.04,0.112,80 75 81 111 115 77 79 82 76 108 110 114 116 74 78 109 112 113 83 107,81 82 77 110 112 79 111 114 80 109 78 113 116 76 75 108 115 85 86 105,simulation,db4,usage,92,50,50,0,large
ALL,W-NN:k=9,13,6.0,0.02,0.122,82 115 80 109 81 84 71 83 85 107 108 114 117 111 112 116 73 74 77 118,81 82 77 110 112 79 111 114 80 109 78 113 116 76 75 108 115 85 86 105,simulation,db4,usage,92,50,50,0,large
W-NN,W-NN:k=1,6,3.0,0.06,0.13,116 74 75 115 76 81 84 72 73 78 105 112 114 117 77 118 80 107 111 83,115 77 114 116 74 75 76 78 79 80 81 112 73 113 117 118 84 111 151 152,simulation,db4,usage,93,50,50,0,large
W-QDA,W-QDA:qda,4,8.0,0.04,0.066,84 85 72 78 81 114 115 74 76 82 116 118 56 59 87 104 106 108 120 70,115 77 114 116 74 75 76 78 79 80 81 112 73 113 117 118 84 111 151 152,simulation,db4,usage,93,50,50,0,large
W-CART,W-CART:cart,4,1.5,0.08,0.088,115 116 74 73 76 114 75 78 112 117 77 79 81 84 113 80 85 109 111 72,115 77 114 116 74 75 76 78 79 80 81 112 73 113 117 118 84 111 151 152,simulation,db4,usage,93,50,50,0,large
ALL,W-QDA:qda,4,8.0,0.04,0.066,84 85 72 78 81 114 115 74 76 82 116 118 56 59 87 104 106 108 120 70,115 77 114 116 74 75 76 78 79 80 81 112 73 113 117 118 84 111 151 152,simulation,db4,usage,93,50,50,0,large
W-NN,W-NN:k=7,10,4.0,0.04,0.132,78 77 79 109 112 113 115 106 74 84 85 105 107 117 51 72 81 82 83 86,79 108 81 106 107 78 112 80 86 113 116 75 84 85 109 82 105 110 115 117,simulation,db4,usage,94,50,50,0,large
W-QDA,W-QDA:qda,16,4.0,0.02,0.056,78 77 79 109 112 113 115 106 74 84 85 105 107 117 51 72 81 82 83 86,79 108 81 106 107 78 112 80 86 113 116 75 84 85 109 82 105 110 115 117,simulation,db4,usage,94,50,50,0,large
W-CART,W-CART:cart,27,8.0,0.0,0.122,43 51 72 77 81 50 52 56 73 78 79 110 117 37 38 39 40 41 44 55,79 108 81 106 107 78 112 80 86 113 116 75 84 85 109 82 105 110 115 117,simulation,db4,usage,94,50,50,0,large
ALL,W-CART:cart,27,8.0,0.0,0.122,43 51 72 77 81 50 52 56 73 78 79 110 117 37 38 39 40 41 44 55,79 108 81 106 107 78 112 80 86 113 116 75 84 85 109 82 105 110 115 117,simulation,db4,usage,94,50,50,0,large
W-NN,W-NN:k=5,10,3.0,0.02,0.078,74 84 83 116 82 85 106 115 117 73 105 118 76 78 107 79 104 77 109 112,114 83 82 108 74 77 107 78 84 106 109 110 117 72 80 81 85 115 116 76,simulation,db4,usage,95,50,50,0,large
W-QDA,W-QDA:qda,13,2.0,0.0,0.026,83 114 74 78 107 115 82 116 84 106 108 117 75 77 85 73 76 79 104 109,114 83 82 108 74 77 107 78 84 106 109 110 117 72 80 81 85 115 116 76,simulation,db4,usage,95,50,50,0,large
W-CART,W-CART:cart,2,6.0,0.08,0.146,84 117 118 114 116 71 74 75 85 86 83 87 115 119 76 78 82 89 104 108,114 83 82 108 74 77 107 78 84 106 109 110 117 72 80 81 85 115 116 76,simulation,db4,usage,95,50,50,0,large
ALL,W-QDA:qda,13,2.0,0.0,0.026,83 114 74 78 107 115 82 116 84 106 108 117 75 77 85 73 76 79 104 109,114 83 82 108 74 77 107 78 84 106 109 110 117 72 80 81 85 115 116 76,simulation,db4,usage,95,50,50,0,large
W-NN,W-NN:k=9,4,0.5,0.02,0.23,79 109 76 114 115 116 75 82 113 77 78 108 81 107 110 83 117 80 112 118,75 79 114 115 80 81 112 113 76 77 108 110 116 74 82 107 109 117 73 111,simulation,db4,usage,96,50,50,0,large
W-QDA,W-QDA:qda,3,6.0,0.02,0.096,116 77 108 79 81 82 107 110 112 114 118 36 76 80 83 84 113 115 117 37,75 79 114 115 80 81 112 113 76 77 108 110 116 74 82 107 109 117 73 111,simulation,db4,usage,96,50,50,0,large
W-CART,W-CART:cart,25,1.5,0.04,0.11,75 79 112 115 80 81 114 116 74 108 110 113 117 76 78 82 84 111 73 109,75 79 114 115 80 81 112 113 76 77 108 110 116 74 82 107 109 117 73 111,simulation,db4,usage,96,50,50,0,large
ALL,W-QDA:qda,3,6.0,0.02,0.096,116 77 108 79 81 82 107 110 112 114 118 36 76 80 83 84 113 115 117 37,75 79 114 115 80 81 112 113 76 77 108 110 116 74 82 107 109 117 73 111,simulation,db4,usage,96,50,50,0,large
W-NN,W-NN:k=1,4,3.0,0.06,0.138,76 115 74 114 116 73 75 118 119 77 78 111 117 72 79 80 113 71 57 58,112 74 78 75 115 116 76 80 111 113 114 117 119 73 77 79 72 120 81 82,simulation,db4,usage,97,50,50,0,large
W-QDA,W-QDA:qda,2,1.0,0.06,0.168,112 74 78 75 115 116 76 80 111 113 114 117 119 73 77 79 72 120 81 82,112 74 78 75 115 116 76 80 111 113 114 117 119 73 77 79 72 120 81 82,simulation,db4,usage,97,50,50,0,large
W-CART,W-CART:cart,1,2.0,0.08,0.126,74 76 78 114 115 116 75 119 79 73 77 111 112 72 80 113 117 120 118 71,112 74 78 75 115 116 76 80 111 113 114 117 119 73 77 79 72 120 81 82,simulation,db4,usage,97,50,50,0,large
ALL,W-QDA:qda,2,1.0,0.06,0.168,112 74 78 75 115 116 76 80 111 113 114 117 119 73 77 79 72 120 81 82,112 74 78 75 115 116 76 80 111 113 114 117 119 73 77 79 72 120 81 82,simulation,db4,usage,97,50,50,0,large
W-NN,W-NN:k=1,4,6.0,0.08,0.14,72 78 110 116 71 79 74 111 114 118 40 73 77 80 108 109 119 81 112 113,77 113 78 76 111 109 116 80 114 115 75 79 81 110 112 74 83 84 117 73,simulation,db4,usage,98,50,50,0,large
W-QDA,W-QDA:qda,5,8.0,0.0,0.062,71 78 113 117 118 110 116 119 40 80 108 109 114 41 59 72 79 82 84 102,77 113 78 76 111 109 116 80 114 115 75 79 81 110 112 74 83 84 117 73,simulation,db4,usage,98,50,50,0,large
W-CART,W-CART:cart,23,2.0,0.02,0.106,77 78 113 76 112 115 116 109 111 117 79 110 114 81 71 80 73 75 72 106,77 113 78 76 111 109 116 80 114 115 75 79 81 110 112 74 83 84 117 73,simulation,db4,usage,98,50,50,0,large
ALL,W-QDA:qda,5,8.0,0.0,0.062,71 78 113 117 118 110 116 119 40 80 108 109 114 41 59 72 79 82 84 102,77 113 78 76 111 109 116 80 114 115 75 79 81 110 112 74 83 84 117 73,simulation,db4,usage,98,50,50,0,large
W-NN,W-NN:k=3,4,2.0,0.08,0.094,77 78 72 83 113 119 112 114 118 71 73 76 79 116 82 110 111 117 75 81,77 113 78 114 117 79 82 112 76 80 119 72 75 83 109 71 73 108 115 116,simulation,db4,usage,99,50,50,0,large
W-QDA,W-QDA:qda,13,3.0,0.04,0.054,78 119 76 77 83 72 79 118 73 82 112 116 81 110 113 114 75 84 117 71,77 113 78 114 117 79 82 112 76 80 119 72 75 83 109 71 73 108 115 116,simulation,db4,usage,99,50,50,0,large
W-CART,W-CART:cart,31,3.0,0.08,0.114,78 119 76 77 83 72 79 118 73 82 112 116 81 110 113 114 75 84 117 71,77 113 78 114 117 79 82 112 76 80 119 72 75 83 109 71 73 108 115 116,simulation,db4,usage,99,50,50,0,large
ALL,W-QDA:qda,13,3.0,0.04,0.054,78 119 76 77 83 72 79 118 73 82 112 116 81 110 113 114 75 84 117 71,77 113 78 114 117 79 82 112 76 80 119 72 75 83 109 71 73 108 115 116,simulation,db4,usage,99,50,50,0,large
W-NN,W-NN:k=25,11,0.5,0.072,0.11573958593165377,0 1 3 7 15 2 4 31 8 9 5 6 10 11 12 13 64 63 14 17,0 1 3 7 2 15 4 8 9 6 5 31 10 11 12 13 19 29 66 193,phoneme,db4,usage,0,250,250,0,large
W-QDA,W-QDA:qda,10,2.0,0.076,0.11399351459216762,0 1 3 2 7 4 5 6 8 9 10 11 12 13 14 15 16 17 18 19,0 1 3 7 2 15 4 8 9 6 5 31 10 11 12 13 19 29 66 193,phoneme,db4,usage,0,250,250,0,large
W-CART,W-CART:cart,16,4.0,0.088,0.14492392117735095,0 1 2 3 4 5 6 7 8 9 10 11 12 13 14 15 16 17 18 19,0 1 3 7 2 15 4 8 9 6 5 31 10 11 12 13 19 29 66 193,phoneme,db4,usage,0,250,250,0,large
ALL,W-NN:k=25,11,0.5,0.072,0.11573958593165377,0 1 3 7 15 2 4 31 8 9 5 6 10 11 12 13 64 63 14 17,0 1 3 7 2 15 4 8 9 6 5 31 10 11 12 13 19 29 66 193,phoneme,db4,usage,0,250,250,0,large
W-NN,W-NN:k=5,64,0.5,0.092,0.11399351459216762,0 1 3 7 2 15 4 8 9 31 5 6 10 11 12 64 63 65 14 13,0 1 3 7 2 15 4 9 8 6 31 5 10 11 19 20 12 13 14 16,phoneme,db4,usage,1,250,250,0,large
W-QDA,W-QDA:qda,9,0.5,0.092,0.10451484160638563,0 1 3 7 2 15 4 8 9 31 5 6 10 11 12 64 63 65 14 13,0 1 3 7 2 15 4 9 8 6 31 5 10 11 19 20 12 13 14 16,phoneme,db4,usage,1,250,250,0,large
W-CART,W-CART:cart,19,2.0,0.148,0.17984534796707408,0 1 3 2 7 4 5 6 8 9 10 11 12 13 14 15 16 17 18 19,0 1 3 7 2 15 4 9 8 6 31 5 10 11 19 20 12 13 14 16,phoneme,db4,usage,1,250,250,0,large
ALL,W-QDA:qda,9,0.5,0.092,0.10451484160638563,0 1 3 7 2 15 4 8 9 31 5 6 10 11 12 64 63 65 14 13,0 1 3 7 2 15 4 9 8 6 31 5 10 11 19 20 12 13 14 16,phoneme,db4,usage,1,250,250,0,large
W-NN,W-NN:k=3,35,0.5,0.092,0.11274632077824893,0 1 3 7 2 15 4 31 9 8 6 5 10 11 12 64 13 14 63 65,0 1 3 7 2 15 4 8 9 5 6 31 11 10 12 13 63 14 16 17,phoneme,db4,usage,2,250,250,0,large
W-QDA,W-QDA:qda,8,2.0,0.116,0.09877775006235968,0 1 3 2 7 4 9 15 5 6 8 10 11 12 13 14 16 17 18 19,0 1 3 7 2 15 4 8 9 5 6 31 11 10 12 13 63 14 16 17,phoneme,db4,usage,2,250,250,0,large
W-CART,W-CART:cart,61,0.5,0.14,0.1716138687952108,0 1 3 7 2 15 4 31 9 8 6 5 10 11 12 64 13 14 63 65,0 1 3 7 2 15 4 8 9 5 6 31 11 10 12 13 63 14 16 17,phoneme,db4,usage,2,250,250,0,large
ALL,W-NN:k=3,35,0.5,0.092,0.11274632077824893,0 1 3 7 2 15 4 31 9 8 6 5 10 11 12 64 13 14 63 65,0 1 3 7 2 15 4 8 9 5 6 31 11 10 12 13 63 14 16 17,phoneme,db4,usage,2,250,250,0,large
W-NN,W-NN:k=9,47,1.5,0.08,0.10102269892741332,0 1 3 7 2 4 15 9 31 6 12 5 8 10 11 13 14 16 17 18,0 1 3 7 2 15 4 9 8 31 6 5 10 11 65 12 14 16 19 20,phoneme,db4,usage,3,250,250,0,large
W-QDA,W-QDA:qda,8,0.5,0.088,0.10251933150411574,0 1 3 7 2 15 4 8 31 9 5 6 11 10 13 12 64 63 17 14,0 1 3 7 2 15 4 9 8 31 6 5 10 11 65 12 14 16 19 20,phoneme,db4,usage,3,250,250,0,large
W-CART,W-CART:cart,8,0.5,0.116,0.13494637066600149,0 1 3 7 2 15 4 8 31 9 5 6 11 10 13 12 64 63 17 14,0 1 3 7 2 15 4 9 8 31 6 5 10 11 65 12 14 16 19 20,phoneme,db4,usage,3,250,250,0,large
ALL,W-NN:k=9,47,1.5,0.08,0.10102269892741332,0 1 3 7 2 4 15 9 31 6 12 5 8 10 11 13 14 16 17 18,0 1 3 7 2 15 4 9 8 31 6 5 10 11 65 12 14 16 19 20,phoneme,db4,usage,3,250,250,0,large
W-NN,W-NN:k=3,9,3.0,0.08,0.11399351459216762,0 1 3 2 4 5 6 7 8 9 10 11 12 13 14 15 16 17 18 19,0 1 3 7 2 15 4 8 6 9 31 5 11 10 12 19 20 21 63 13,phoneme,db4,usage,4,250,250,0,large
W-QDA,W-QDA:qda,8,2.0,0.088,0.10900473933649289,0 1 3 2 7 4 5 6 15 8 9 10 11 12 13 14 16 17 18 19,0 1 3 7 2 15 4 8 6 9 31 5 11 10 12 19 20 21 63 13,phoneme,db4,usage,4,250,250,0,large
W-CART,W-CART:cart,12,0.5,0.144,0.16188575704664504,0 1 3 7 2 15 4 8 31 9 6 5 11 10 12 63 13 64 65 14,0 1 3 7 2 15 4 8 6 9 31 5 11 10 12 19 20 21 63 13,phoneme,db4,usage,4,250,250,0,large
ALL,W-NN:k=3,9,3.0,0.08,0.11399351459216762,0 1 3 2 4 5 6 7 8 9 10 11 12 13 14 15 16 17 18 19,0 1 3 7 2 15 4 8 6 9 31 5 11 10 12 19 20 21 63 13,phoneme,db4,usage,4,250,250,0,large
W-NN,W-NN:k=1,10,3.0,0.064,0.11973060613619356,0 1 3 2 4 5 6 7 8 9 10 11 12 13 14 15 16 17 18 19,0 1 3 7 2 15 4 8 9 6 5 31 10 11 13 19 64 12 63 129,phoneme,db4,usage,5,250,250,0,large
W-QDA,W-QDA:qda,7,2.0,0.064,0.09329009728111748,0 1 3 2 7 9 4 5 15 6 8 10 11 12 13 14 16 17 18 19,0 1 3 7 2 15 4 8 9 6 5 31 10 11 13 19 64 12 63 129,phoneme,db4,usage,5,250,250,0,large
W-CART,W-CART:cart,12,1.0,0.084,0.13270142180094788,0 1 3 7 2 15 4 8 9 6 5 31 10 11 13 19 64 12 63 129,0 1 3 7 2 15 4 8 9 6 5 31 10 11 13 19 64 12 63 129,phoneme,db4,usage,5,250,250,0,large
ALL,W-QDA:qda,7,2.0,0.064,0.09329009728111748,0 1 3 2 7 9 4 5 15 6 8 10 11 12 13 14 16 17 18 19,0 1 3 7 2 15 4 8 9 6 5 31 10 11 13 19 64 12 63 129,phoneme,db4,usage,5,250,250,0,large
W-NN,W-NN:k=3,8,0.5,0.084,0.12521825891743577,0 1 3 7 2 15 4 31 8 9 5 6 11 10 12 64 13 63 14 19,0 1 3 7 2 15 4 9 8 31 6 5 10 11 20 12 13 63 65 77,phoneme,db4,usage,6,250,250,0,large
W-QDA,W-QDA:qda,7,2.0,0.084,0.0947867298578199,0 1 3 2 7 4 9 15 5 6 8 10 11 12 13 14 16 17 18 19,0 1 3 7 2 15 4 9 8 31 6 5 10 11 20 12 13 63 65 77,phoneme,db4,usage,6,250,250,0,large
W-CART,W-CART:cart,29,3.0,0.104,0.16288351209778,0 1 3 2 4 5 6 7 8 9 10 11 12 13 14 15 16 17 18 19,0 1 3 7 2 15 4 9 8 31 6 5 10 11 20 12 13 63 65 77,phoneme,db4,usage,6,250,250,0,large
ALL,W-QDA:qda,7,2.0,0.084,0.0947867298578199,0 1 3 2 7 4 9 15 5 6 8 10 11 12 13 14 16 17 18 19,0 1 3 7 2 15 4 9 8 31 6 5 10 11 20 12 13 63 65 77,phoneme,db4,usage,6,250,250,0,large
W-NN,W-NN:k=5,51,0.5,0.08,0.1207283611873285,0 1 3 7 2 15 4 31 8 9 6 5 10 11 12 13 63 64 14 21,0 1 3 7 2 15 4 9 8 31 6 5 10 11 12 20 13 22 65 79,phoneme,db4,usage,7,250,250,0,large
W-QDA,W-QDA:qda,6,2.0,0.096,0.10276877026689947,0 1 3 7 2 4 9 15 5 6 8 10 11 12 13 14 16 17 18 19,0 1 3 7 2 15 4 9 8 31 6 5 10 11 12 20 13 22 65 79,phoneme,db4,usage,7,250,250,0,large
W-CART,W-CART:cart,7,2.0,0.124,0.15515091045148416,0 1 3 7 2 4 9 15 5 6 8 10 11 12 13 14 16 17 18 19,0 1 3 7 2 15 4 9 8 31 6 5 10 11 12 20 13 22 65 79,phoneme,db4,usage,7,250,250,0,large
ALL,W-NN:k=5,51,0.5,0.08,0.1207283611873285,0 1 3 7 2 15 4 31 8 9 6 5 10 11 12 13 63 64 14 21,0 1 3 7 2 15 4 9 8 31 6 5 10 11 12 20 13 22 65 79,phoneme,db4,usage,7,250,250,0,large
W-NN,W-NN:k=7,61,0.5,0.104,0.10576203542030431,0 1 3 7 2 15 4 8 9 31 5 6 11 10 12 13 64 63 65 14,0 1 3 7 2 15 4 8 9 31 6 5 12 11 13 16 17 64 65 10,phoneme,db4,usage,8,250,250,0,large
W-QDA,W-QDA:qda,10,0.5,0.1,0.09927662758792716,0 1 3 7 2 15 4 8 9 31 5 6 11 10 12 13 64 63 65 14,0 1 3 7 2 15 4 8 9 31 6 5 12 11 13 16 17 64 65 10,phoneme,db4,usage,8,250,250,0,large
W-CART,W-CART:cart,21,2.0,0.124,0.13344973808929908,0 1 3 7 2 4 5 15 6 8 9 10 11 12 13 14 16 17 18 19,0 1 3 7 2 15 4 8 9 31 6 5 12 11 13 16 17 64 65 10,phoneme,db4,usage,8,250,250,0,large
ALL,W-QDA:qda,10,0.5,0.1,0.09927662758792716,0 1 3 7 2 15 4 8 9 31 5 6 11 10 12 13 64 63 65 14,0 1 3 7 2 15 4 8 9 31 6 5 12 11 13 16 17 64 65 10,phoneme,db4,usage,8,250,250,0,large
W-NN,W-NN:k=15,14,0.5,0.092,0.09877775006235968,0 1 3 2 7 15 4 8 31 9 5 6 11 10 12 13 64 65 63 19,0 1 3 7 2 15 4 8 9 6 31 5 11 12 10 13 16 20 65 14,phoneme,db4,usage,9,250,250,0,large
W-QDA,W-QDA:qda,10,0.5,0.072,0.09852831129957595,0 1 3 2 7 15 4 8 31 9 5 6 11 10 12 13 64 65 63 19,0 1 3 7 2 15 4 8 9 6 31 5 11 12 10 13 16 20 65 14,phoneme,db4,usage,9,250,250,0,large
W-CART,W-CART:cart,55,1.0,0.124,0.15490147168870042,0 1 3 7 2 15 4 8 9 6 31 5 11 12 10 13 16 20 65 14,0 1 3 7 2 15 4 8 9 6 31 5 11 12 10 13 16 20 65 14,phoneme,db4,usage,9,250,250,0,large
ALL,W-QDA:qda,10,0.5,0.072,0.09852831129957595,0 1 3 2 7 15 4 8 31 9 5 6 11 10 12 13 64 65 63 19,0 1 3 7 2 15 4 8 9 6 31 5 11 12 10 13 16 20 65 14,phoneme,db4,usage,9,250,250,0,large
W-NN,W-NN:k=15,9,1.0,0.084,0.1077575455225742,0 1 3 7 2 15 4 8 9 6 31 5 10 12 11 63 13 14 20 64,0 1 3 7 2 15 4 8 9 6 31 5 10 12 11 63 13 14 20 64,phoneme,db4,usage,10,250,250,0,large
W-QDA,W-QDA:qda,13,0.5,0.088,0.11873285108505861,0 1 3 7 2 15 4 31 8 9 5 6 10 12 11 64 13 14 65 63,0 1 3 7 2 15 4 8 9 6 31 5 10 12 11 63 13 14 20 64,phoneme,db4,usage,10,250,250,0,large
W-CART,W-CART:cart,16,1.0,0.12,0.16163631828386132,0 1 3 7 2 15 4 8 9 6 31 5 10 12 11 63 13 14 20 64,0 1 3 7 2 15 4 8 9 6 31 5 10 12 11 63 13 14 20 64,phoneme,db4,usage,10,250,250,0,large
ALL,W-NN:k=15,9,1.0,0.084,0.1077575455225742,0 1 3 7 2 15 4 8 9 6 31 5 10 12 11 63 13 14 20 64,0 1 3 7 2 15 4 8 9 6 31 5 10 12 11 63 13 14 20 64,phoneme,db4,usage,10,250,250,0,large
W-NN,W-NN:k=5,10,1.5,0.064,0.11100024943876279,0 1 3 7 2 4 15 5 9 6 8 10 11 12 13 14 16 17 18 19,0 1 3 7 2 15 4 9 8 6 5 31 10 12 11 13 19 64 241 14,phoneme,db4,usage,11,250,250,0,large
W-QDA,W-QDA:qda,14,1.5,0.08,0.10800698428535795,0 1 3 7 2 4 15 5 9 6 8 10 11 12 13 14 16 17 18 19,0 1 3 7 2 15 4 9 8 6 5 31 10 12 11 13 19 64 241 14,phoneme,db4,usage,11,250,250,0,large
W-CART,W-CART:cart,9,4.0,0.108,0.14666999251683713,0 1 2 3 4 5 6 7 8 9 10 11 12 13 14 15 16 17 18 19,0 1 3 7 2 15 4 9 8 6 5 31 10 12 11 13 19 64 241 14,phoneme,db4,usage,11,250,250,0,large
ALL,W-NN:k=5,10,1.5,0.064,0.11100024943876279,0 1 3 7 2 4 15 5 9 6 8 10 11 12 13 14 16 17 18 19,0 1 3 7 2 15 4 9 8 6 5 31 10 12 11 13 19 64 241 14,phoneme,db4,usage,11,250,250,0,large
W-NN,W-NN:k=15,13,1.5,0.092,0.09852831129957595,0 1 3 7 2 15 4 9 6 5 8 10 11 12 13 14 16 17 18 19,0 1 3 7 2 15 4 9 6 8 31 5 10 11 12 13 19 20 41 14,phoneme,db4,usage,12,250,250,0,large
W-QDA,W-QDA:qda,21,1.5,0.08,0.1050137191319531,0 1 3 7 2 15 4 9 6 5 8 10 11 12 13 14 16 17 18 19,0 1 3 7 2 15 4 9 6 8 31 5 10 11 12 13 19 20 41 14,phoneme,db4,usage,12,250,250,0,large
W-CART,W-CART:cart,52,3.0,0.116,0.14267897231229734,0 1 3 2 4 5 6 7 8 9 10 11 12 13 14 15 16 17 18 19,0 1 3 7 2 15 4 9 6 8 31 5 10 11 12 13 19 20 41 14,phoneme,db4,usage,12,250,250,0,large
ALL,W-QDA:qda,21,1.5,0.08,0.1050137191319531,0 1 3 7 2 15 4 9 6 5 8 10 11 12 13 14 16 17 18 19,0 1 3 7 2 15 4 9 6 8 31 5 10 11 12 13 19 20 41 14,phoneme,db4,usage,12,250,250,0,large
W-NN,W-NN:k=7,14,0.5,0.06,0.11224744325268146,0 1 3 7 2 15 4 8 31 9 5 6 10 11 12 13 64 65 63 14,0 1 3 7 2 15 4 8 9 6 5 31 11 10 19 12 13 14 16 17,phoneme,db4,usage,13,250,250,0,large
W-QDA,W-QDA:qda,6,3.0,0.08,0.10301820902968321,0 1 3 2 4 5 6 7 8 9 10 11 12 13 14 15 16 17 18 19,0 1 3 7 2 15 4 8 9 6 5 31 11 10 19 12 13 14 16 17,phoneme,db4,usage,13,250,250,0,large
W-CART,W-CART:cart,54,1.5,0.104,0.1416812172611624,0 1 3 7 2 15 4 8 6 31 5 9 10 11 12 13 14 16 17 18,0 1 3 7 2 15 4 8 9 6 5 31 11 10 19 12 13 14 16 17,phoneme,db4,usage,13,250,250,0,large
ALL,W-NN:k=7,14,0.5,0.06,0.11224744325268146,0 1 3 7 2 15 4 8 31 9 5 6 10 11 12 13 64 65 63 14,0 1 3 7 2 15 4 8 9 6 5 31 11 10 19 12 13 14 16 17,phoneme,db4,usage,13,250,250,0,large
W-NN,W-NN:k=5,30,0.5,0.096,0.10675979047143926,0 1 3 2 7 15 4 31 8 9 6 5 10 11 12 13 64 63 16 65,0 1 3 7 2 15 4 9 8 5 6 31 10 11 12 21 16 20 13 14,phoneme,db4,usage,14,250,250,0,large
W-QDA,W-QDA:qda,20,2.0,0.096,0.11274632077824893,0 1 3 7 2 4 5 6 8 9 10 11 12 13 14 15 16 17 18 19,0 1 3 7 2 15 4 9 8 5 6 31 10 11 12 21 16 20 13 14,phoneme,db4,usage,14,250,250,0,large
W-CART,W-CART:cart,38,1.0,0.104,0.13045647293589424,0 1 3 7 2 15 4 9 8 5 6 31 10 11 12 21 16 20 13 14,0 1 3 7 2 15 4 9 8 5 6 31 10 11 12 21 16 20 13 14,phoneme,db4,usage,14,250,250,0,large
ALL,W-QDA:qda,20,2.0,0.096,0.11274632077824893,0 1 3 7 2 4 5 6 8 9 10 11 12 13 14 15 16 17 18 19,0 1 3 7 2 15 4 9 8 5 6 31 10 11 12 21 16 20 13 14,phoneme,db4,usage,14,250,250,0,large
W-NN,W-NN:k=1,9,1.0,0.084,0.12222499376403093,0 1 3 7 2 15 4 8 9 5 6 31 10 11 12 20 13 63 64 65,0 1 3 7 2 15 4 8 9 5 6 31 10 11 12 20 13 63 64 65,phoneme,db4,usage,15,250,250,0,large
W-QDA,W-QDA:qda,8,1.0,0.096,0.10800698428535795,0 1 3 7 2 15 4 8 9 5 6 31 10 11 12 20 13 63 64 65,0 1 3 7 2 15 4 8 9 5 6 31 10 11 12 20 13 63 64 65,phoneme,db4,usage,15,250,250,0,large
W-CART,W-CART:cart,10,1.0,0.14,0.13619356447992018,0 1 3 7 2 15 4 8 9 5 6 31 10 11 12 20 13 63 64 65,0 1 3 7 2 15 4 8 9 5 6 31 10 11 12 20 13 63 64 65,phoneme,db4,usage,15,250,250,0,large
ALL,W-NN:k=1,9,1.0,0.084,0.12222499376403093,0 1 3 7 2 15 4 8 9 5 6 31 10 11 12 20 13 63 64 65,0 1 3 7 2 15 4 8 9 5 6 31 10 11 12 20 13 63 64 65,phoneme,db4,usage,15,250,250,0,large
W-NN,W-NN:k=5,16,1.0,0.056,0.10301820902968321,0 1 3 7 2 15 4 9 8 6 31 5 10 11 12 13 19 21 14 16,0 1 3 7 2 15 4 9 8 6 31 5 10 11 12 13 19 21 14 16,phoneme,db4,usage,16,250,250,0,large
W-QDA,W-QDA:qda,8,2.0,0.08,0.10351708655525069,0 1 3 7 2 4 6 5 8 9 10 11 12 13 14 15 16 17 18 19,0 1 3 7 2 15 4 9 8 6 31 5 10 11 12 13 19 21 14 16,phoneme,db4,usage,16,250,250,0,large
W-CART,W-CART:cart,9,3.0,0.112,0.13170366674981293,0 1 3 2 4 5 6 7 8 9 10 11 12 13 14 15 16 17 18 19,0 1 3 7 2 15 4 9 8 6 31 5 10 11 12 13 19 21 14 16,phoneme,db4,usage,16,250,250,0,large
ALL,W-NN:k=5,16,1.0,0.056,0.10301820902968321,0 1 3 7 2 15 4 9 8 6 31 5 10 11 12 13 19 21 14 16,0 1 3 7 2 15 4 9 8 6 31 5 10 11 12 13 19 21 14 16,phoneme,db4,usage,16,250,250,0,large
W-NN,W-NN:k=5,14,1.5,0.096,0.10601147418308805,0 1 3 7 2 4 15 6 9 8 10 5 11 12 13 14 16 17 18 19,0 1 3 7 2 15 4 8 6 9 31 5 10 11 12 13 20 77 14 16,phoneme,db4,usage,17,250,250,0,large
W-QDA,W-QDA:qda,9,0.5,0.088,0.10202045397854827,0 1 3 7 2 15 4 31 8 9 6 5 10 11 12 64 63 13 65 20,0 1 3 7 2 15 4 8 6 9 31 5 10 11 12 13 20 77 14 16,phoneme,db4,usage,17,250,250,0,large
W-CART,W-CART:cart,9,4.0,0.148,0.1396857071588925,0 1 2 3 4 5 6 7 8 9 10 11 12 13 14 15 16 17 18 19,0 1 3 7 2 15 4 8 6 9 31 5 10 11 12 13 20 77 14 16,phoneme,db4,usage,17,250,250,0,large
ALL,W-QDA:qda,9,0.5,0.088,0.10202045397854827,0 1 3 7 2 15 4 31 8 9 6 5 10 11 12 64 63 13 65 20,0 1 3 7 2 15 4 8 6 9 31 5 10 11 12 13 20 77 14 16,phoneme,db4,usage,17,250,250,0,large
W-NN,W-NN:k=5,39,1.0,0.068,0.10651035170865553,0 1 3 7 2 15 4 9 8 6 5 31 10 12 11 19 65 20 64 129,0 1 3 7 2 15 4 9 8 6 5 31 10 12 11 19 65 20 64 129,phoneme,db4,usage,18,250,250,0,large
W-QDA,W-QDA:qda,8,0.5,0.06,0.10875530057370915,0 1 3 7 15 2 4 31 8 9 6 5 10 11 12 64 13 63 65 17,0 1 3 7 2 15 4 9 8 6 5 31 10 12 11 19 65 20 64 129,phoneme,db4,usage,18,250,250,0,large
W-CART,W-CART:cart,9,4.0,0.116,0.1207283611873285,0 1 2 3 4 5 6 7 8 9 10 11 12 13 14 15 16 17 18 19,0 1 3 7 2 15 4 9 8 6 5 31 10 12 11 19 65 20 64 129,phoneme,db4,usage,18,250,250,0,large
ALL,W-QDA:qda,8,0.5,0.06,0.10875530057370915,0 1 3 7 15 2 4 31 8 9 6 5 10 11 12 64 13 63 65 17,0 1 3 7 2 15 4 9 8 6 5 31 10 12 11 19 65 20 64 129,phoneme,db4,usage,18,250,250,0,large
W-NN,W-NN:k=1,12,0.5,0.112,0.1199800448989773,0 1 3 7 2 15 4 31 8 9 5 6 11 10 12 64 63 65 17 13,0 1 3 7 2 15 4 9 8 31 6 5 10 12 63 16 20 21 22 25,phoneme,db4,usage,19,250,250,0,large
W-QDA,W-QDA:qda,8,1.5,0.088,0.09827887253679221,0 1 3 7 2 4 15 5 6 8 9 31 10 11 12 13 14 16 17 18,0 1 3 7 2 15 4 9 8 31 6 5 10 12 63 16 20 21 22 25,phoneme,db4,usage,19,250,250,0,large
W-CART,W-CART:cart,41,1.0,0.12,0.1554003492142679,0 1 3 7 2 15 4 9 8 31 6 5 10 12 63 16 20 21 22 25,0 1 3 7 2 15 4 9 8 31 6 5 10 12 63 16 20 21 22 25,phoneme,db4,usage,19,250,250,0,large
ALL,W-QDA:qda,8,1.5,0.088,0.09827887253679221,0 1 3 7 2 4 15 5 6 8 9 31 10 11 12 13 14 16 17 18,0 1 3 7 2 15 4 9 8 31 6 5 10 12 63 16 20 21 22 25,phoneme,db4,usage,19,250,250,0,large
W-NN,W-NN:k=5,17,0.5,0.076,0.10276877026689947,0 1 3 2 7 15 4 8 31 9 5 6 10 11 12 64 14 13 63 66,0 1 3 7 2 15 4 8 9 31 5 6 10 11 12 194 241 13 14 16,phoneme,db4,usage,20,250,250,0,large
W-QDA,W-QDA:qda,8,0.5,0.084,0.09503616862060364,0 1 3 2 7 15 4 8 31 9 5 6 10 11 12 64 14 13 63 66,0 1 3 7 2 15 4 8 9 31 5 6 10 11 12 194 241 13 14 16,phoneme,db4,usage,20,250,250,0,large
W-CART,W-CART:cart,8,1.0,0.132,0.14267897231229734,0 1 3 7 2 15 4 8 9 31 5 6 10 11 12 194 241 13 14 16,0 1 3 7 2 15 4 8 9 31 5 6 10 11 12 194 241 13 14 16,phoneme,db4,usage,20,250,250,0,large
ALL,W-NN:k=5,17,0.5,0.076,0.10276877026689947,0 1 3 2 7 15 4 8 31 9 5 6 10 11 12 64 14 13 63 66,0 1 3 7 2 15 4 8 9 31 5 6 10 11 12 194 241 13 14 16,phoneme,db4,usage,20,250,250,0,large
W-NN,W-NN:k=25,8,3.0,0.072,0.13045647293589424,0 1 3 2 4 5 6 7 8 9 10 11 12 13 14 15 16 17 18 19,0 1 3 7 2 15 4 8 9 6 31 5 10 11 12 20 13 19 14 16,phoneme,db4,usage,21,250,250,0,large
W-QDA,W-QDA:qda,18,0.5,0.072,0.11898228984784236,0 1 3 7 2 15 4 8 31 9 5 6 11 10 12 13 64 63 65 14,0 1 3 7 2 15 4 8 9 6 31 5 10 11 12 20 13 19 14 16,phoneme,db4,usage,21,250,250,0,large
W-CART,W-CART:cart,10,1.0,0.096,0.1294587178847593,0 1 3 7 2 15 4 8 9 6 31 5 10 11 12 20 13 19 14 16,0 1 3 7 2 15 4 8 9 6 31 5 10 11 12 20 13 19 14 16,phoneme,db4,usage,21,250,250,0,large
ALL,W-NN:k=25,8,3.0,0.072,0.13045647293589424,0 1 3 2 4 5 6 7 8 9 10 11 12 13 14 15 16 17 18 19,0 1 3 7 2 15 4 8 9 6 31 5 10 11 12 20 13 19 14 16,phoneme,db4,usage,21,250,250,0,large
W-NN,W-NN:k=3,8,1.0,0.096,0.11149912696433026,0 1 3 7 2 15 4 9 8 6 5 31 11 10 12 16 19 20 13 14,0 1 3 7 2 15 4 9 8 6 5 31 11 10 12 16 19 20 13 14,phoneme,db4,usage,22,250,250,0,large
W-QDA,W-QDA:qda,14,1.5,0.104,0.11673734098278872,0 1 3 7 2 4 15 6 5 8 9 10 11 12 13 14 16 17 18 19,0 1 3 7 2 15 4 9 8 6 5 31 11 10 12 16 19 20 13 14,phoneme,db4,usage,22,250,250,0,large
W-CART,W-CART:cart,45,0.5,0.112,0.16188575704664504,0 1 3 7 2 15 4 31 8 9 6 5 10 12 11 64 65 63 13 19,0 1 3 7 2 15 4 9 8 6 5 31 11 10 12 16 19 20 13 14,phoneme,db4,usage,22,250,250,0,large
ALL,W-NN:k=3,8,1.0,0.096,0.11149912696433026,0 1 3 7 2 15 4 9 8 6 5 31 11 10 12 16 19 20 13 14,0 1 3 7 2 15 4 9 8 6 5 31 11 10 12 16 19 20 13 14,phoneme,db4,usage,22,250,250,0,large
W-NN,W-NN:k=15,11,0.5,0.076,0.10426540284360189,0 1 3 7 15 2 4 31 9 8 5 6 10 11 12 64 63 13 65 17,0 1 3 7 2 15 4 9 8 31 5 6 10 11 12 19 20 13 14 16,phoneme,db4,usage,23,250,250,0,large
W-QDA,W-QDA:qda,9,1.0,0.088,0.10002494387627837,0 1 3 7 2 15 4 9 8 31 5 6 10 11 12 19 20 13 14 16,0 1 3 7 2 15 4 9 8 31 5 6 10 11 12 19 20 13 14 16,phoneme,db4,usage,23,250,250,0,large
W-CART,W-CART:cart,34,2.0,0.1,0.15914193065602394,0 1 3 2 7 4 5 15 6 8 9 10 11 12 13 14 16 17 18 19,0 1 3 7 2 15 4 9 8 31 5 6 10 11 12 19 20 13 14 16,phoneme,db4,usage,23,250,250,0,large
ALL,W-NN:k=15,11,0.5,0.076,0.10426540284360189,0 1 3 7 15 2 4 31 9 8 5 6 10 11 12 64 63 13 65 17,0 1 3 7 2 15 4 9 8 31 5 6 10 11 12 19 20 13 14 16,phoneme,db4,usage,23,250,250,0,large
W-NN,W-NN:k=3,24,0.5,0.08,0.10875530057370915,0 1 3 7 2 15 4 31 8 9 5 6 10 11 12 13 64 63 17 16,0 1 3 7 2 15 4 8 9 5 31 6 10 11 12 21 20 64 129 13,phoneme,db4,usage,24,250,250,0,large
W-QDA,W-QDA:qda,9,0.5,0.072,0.10551259665752058,0 1 3 7 2 15 4 31 8 9 5 6 10 11 12 13 64 63 17 16,0 1 3 7 2 15 4 8 9 5 31 6 10 11 12 21 20 64 129 13,phoneme,db4,usage,24,250,250,0,large
W-CART,W-CART:cart,11,3.0,0.124,0.14991269643302568,0 1 3 2 4 5 6 7 8 9 10 11 12 13 14 15 16 17 18 19,0 1 3 7 2 15 4 8 9 5 31 6 10 11 12 21 20 64 129 13,phoneme,db4,usage,24,250,250,0,large
ALL,W-QDA:qda,9,0.5,0.072,0.10551259665752058,0 1 3 7 2 15 4 31 8 9 5 6 10 11 12 13 64 63 17 16,0 1 3 7 2 15 4 8 9 5 31 6 10 11 12 21 20 64 129 13,phoneme,db4,usage,24,250,250,0,large
W-NN,W-NN:k=25,6,3.0,0.088,0.13893739087054127,0 1 3 2 4 5 6 7 8 9 10 11 12 13 14 15 16 17 18 19,0 1 3 7 2 15 4 8 9 6 31 5 10 11 12 20 21 19 67 13,phoneme,db4,usage,25,250,250,0,large
W-QDA,W-QDA:qda,6,3.0,0.092,0.1219755550012472,0 1 3 2 4 5 6 7 8 9 10 11 12 13 14 15 16 17 18 19,0 1 3 7 2 15 4 8 9 6 31 5 10 11 12 20 21 19 67 13,phoneme,db4,usage,25,250,250,0,large
W-CART,W-CART:cart,15,2.0,0.084,0.1322025442753804,0 1 3 2 7 4 9 5 6 8 10 11 12 13 14 15 16 17 18 19,0 1 3 7 2 15 4 8 9 6 31 5 10 11 12 20 21 19 67 13,phoneme,db4,usage,25,250,250,0,large
ALL,W-CART:cart,15,2.0,0.084,0.1322025442753804,0 1 3 2 7 4 9 5 6 8 10 11 12 13 14 15 16 17 18 19,0 1 3 7 2 15 4 8 9 6 31 5 10 11 12 20 21 19 67 13,phoneme,db4,usage,25,250,250,0,large
W-NN,W-NN:k=15,37,1.0,0.084,0.10925417809927662,0 1 3 7 2 15 4 9 8 6 31 5 10 11 65 12 14 241 13 16,0 1 3 7 2 15 4 9 8 6 31 5 10 11 65 12 14 241 13 16,phoneme,db4,usage,26,250,250,0,large
W-QDA,W-QDA:qda,13,1.5,0.088,0.09902718882514343,0 1 3 7 2 15 4 9 6 5 8 10 11 12 13 14 16 17 18 19,0 1 3 7 2 15 4 9 8 6 31 5 10 11 65 12 14 241 13 16,phoneme,db4,usage,26,250,250,0,large
W-CART,W-CART:cart,28,1.5,0.096,0.16862060364180595,0 1 3 7 2 15 4 9 6 5 8 10 11 12 13 14 16 17 18 19,0 1 3 7 2 15 4 9 8 6 31 5 10 11 65 12 14 241 13 16,phoneme,db4,usage,26,250,250,0,large
ALL,W-NN:k=15,37,1.0,0.084,0.10925417809927662,0 1 3 7 2 15 4 9 8 6 31 5 10 11 65 12 14 241 13 16,0 1 3 7 2 15 4 9 8 6 31 5 10 11 65 12 14 241 13 16,phoneme,db4,usage,26,250,250,0,large
W-NN,W-NN:k=15,50,1.0,0.068,0.10925417809927662,0 1 3 7 2 15 4 9 8 31 6 5 11 10 13 63 19 67 12 14,0 1 3 7 2 15 4 9 8 31 6 5 11 10 13 63 19 67 12 14,phoneme,db4,usage,27,250,250,0,large
W-QDA,W-QDA:qda,18,2.0,0.084,0.1289598403591918,0 1 3 7 2 15 4 9 5 6 8 10 11 12 13 14 16 17 18 19,0 1 3 7 2 15 4 9 8 31 6 5 11 10 13 63 19 67 12 14,phoneme,db4,usage,27,250,250,0,large
W-CART,W-CART:cart,23,0.5,0.104,0.16812172611623846,0 1 3 2 7 15 4 31 8 9 6 5 10 11 12 63 14 64 13 21,0 1 3 7 2 15 4 9 8 31 6 5 11 10 13 63 19 67 12 14,phoneme,db4,usage,27,250,250,0,large
ALL,W-NN:k=15,50,1.0,0.068,0.10925417809927662,0 1 3 7 2 15 4 9 8 31 6 5 11 10 13 63 19 67 12 14,0 1 3 7 2 15 4 9 8 31 6 5 11 10 13 63 19 67 12 14,phoneme,db4,usage,27,250,250,0,large
W-NN,W-NN:k=9,9,1.0,0.056,0.10451484160638563,0 1 3 7 2 15 4 9 8 31 6 5 10 11 12 63 19 64 77 129,0 1 3 7 2 15 4 9 8 31 6 5 10 11 12 63 19 64 77 129,phoneme,db4,usage,28,250,250,0,large
W-QDA,W-QDA:qda,6,2.0,0.08,0.10351708655525069,0 1 3 7 2 4 15 5 6 8 9 10 11 12 13 14 16 17 18 19,0 1 3 7 2 15 4 9 8 31 6 5 10 11 12 63 19 64 77 129,phoneme,db4,usage,28,250,250,0,large
W-CART,W-CART:cart,64,3.0,0.084,0.14342728860064854,0 1 3 2 4 5 6 7 8 9 10 11 12 13 14 15 16 17 18 19,0 1 3 7 2 15 4 9 8 31 6 5 10 11 12 63 19 64 77 129,phoneme,db4,usage,28,250,250,0,large
ALL,W-NN:k=9,9,1.0,0.056,0.10451484160638563,0 1 3 7 2 15 4 9 8 31 6 5 10 11 12 63 19 64 77 129,0 1 3 7 2 15 4 9 8 31 6 5 10 11 12 63 19 64 77 129,phoneme,db4,usage,28,250,250,0,large
W-NN,W-NN:k=9,19,0.5,0.084,0.10900473933649289,0 1 3 2 15 7 4 31 8 9 6 5 10 11 12 64 65 13 17 63,0 1 3 7 2 15 4 9 8 6 31 5 10 11 12 19 64 13 14 16,phoneme,db4,usage,29,250,250,0,large
W-QDA,W-QDA:qda,5,3.0,0.112,0.11499126964330257,0 1 3 2 4 5 6 7 8 9 10 11 12 13 14 15 16 17 18 19,0 1 3 7 2 15 4 9 8 6 31 5 10 11 12 19 64 13 14 16,phoneme,db4,usage,29,250,250,0,large
W-CART,W-CART:cart,6,3.0,0.136,0.1853330007483163,0 1 3 2 4 5 6 7 8 9 10 11 12 13 14 15 16 17 18 19,0 1 3 7 2 15 4 9 8 6 31 5 10 11 12 19 64 13 14 16,phoneme,db4,usage,29,250,250,0,large
ALL,W-NN:k=9,19,0.5,0.084,0.10900473933649289,0 1 3 2 15 7 4 31 8 9 6 5 10 11 12 64 65 13 17 63,0 1 3 7 2 15 4 9 8 6 31 5 10 11 12 19 64 13 14 16,phoneme,db4,usage,29,250,250,0,large
W-NN,W-NN:k=5,13,0.5,0.084,0.11224744325268146,0 1 3 7 2 15 4 31 8 9 5 6 10 11 64 12 13 65 63 14,0 1 3 7 2 15 4 9 8 6 31 5 10 11 12 13 20 21 25 66,phoneme,db4,usage,30,250,250,0,large
W-QDA,W-QDA:qda,7,2.0,0.104,0.10127213769019705,0 1 3 2 7 4 9 15 5 6 8 10 11 12 13 14 16 17 18 19,0 1 3 7 2 15 4 9 8 6 31 5 10 11 12 13 20 21 25 66,phoneme,db4,usage,30,250,250,0,large
W-CART,W-CART:cart,11,6.0,0.14,0.16438014467448242,0 1 2 3 4 5 6 7 8 9 10 11 12 13 14 15 16 17 18 19,0 1 3 7 2 15 4 9 8 6 31 5 10 11 12 13 20 21 25 66,phoneme,db4,usage,30,250,250,0,large
ALL,W-NN:k=5,13,0.5,0.084,0.11224744325268146,0 1 3 7 2 15 4 31 8 9 5 6 10 11 64 12 13 65 63 14,0 1 3 7 2 15 4 9 8 6 31 5 10 11 12 13 20 21 25 66,phoneme,db4,usage,30,250,250,0,large
W-NN,W-NN:k=25,21,1.0,0.088,0.10875530057370915,0 1 3 7 2 15 4 8 9 31 6 5 10 11 12 20 63 16 13 14,0 1 3 7 2 15 4 8 9 31 6 5 10 11 12 20 63 16 13 14,phoneme,db4,usage,31,250,250,0,large
W-QDA,W-QDA:qda,7,2.0,0.092,0.09927662758792716,0 1 3 7 2 4 9 15 5 6 8 10 11 12 13 14 16 17 18 19,0 1 3 7 2 15 4 8 9 31 6 5 10 11 12 20 63 16 13 14,phoneme,db4,usage,31,250,250,0,large
W-CART,W-CART:cart,10,4.0,0.132,0.12521825891743577,0 1 2 3 4 5 6 7 8 9 10 11 12 13 14 15 16 17 18 19,0 1 3 7 2 15 4 8 9 31 6 5 10 11 12 20 63 16 13 14,phoneme,db4,usage,31,250,250,0,large
ALL,W-NN:k=25,21,1.0,0.088,0.10875530057370915,0 1 3 7 2 15 4 8 9 31 6 5 10 11 12 20 63 16 13 14,0 1 3 7 2 15 4 8 9 31 6 5 10 11 12 20 63 16 13 14,phoneme,db4,usage,31,250,250,0,large
W-NN,W-NN:k=9,8,0.5,0.068,0.11324519830381641,0 1 3 7 2 15 4 8 9 31 5 6 10 11 12 64 63 13 65 66,0 1 3 7 2 15 4 8 9 6 31 5 10 11 12 16 13 63 14 17,phoneme,db4,usage,32,250,250,0,large
W-QDA,W-QDA:qda,22,1.5,0.092,0.11149912696433026,0 1 3 2 7 4 15 6 9 11 5 8 10 12 13 14 16 17 18 19,0 1 3 7 2 15 4 8 9 6 31 5 10 11 12 16 13 63 14 17,phoneme,db4,usage,32,250,250,0,large
W-CART,W-CART:cart,38,6.0,0.12,0.1588924918932402,0 1 2 3 4 5 6 7 8 9 10 11 12 13 14 15 16 17 18 19,0 1 3 7 2 15 4 8 9 6 31 5 10 11 12 16 13 63 14 17,phoneme,db4,usage,32,250,250,0,large
ALL,W-NN:k=9,8,0.5,0.068,0.11324519830381641,0 1 3 7 2 15 4 8 9 31 5 6 10 11 12 64 63 13 65 66,0 1 3 7 2 15 4 8 9 6 31 5 10 11 12 16 13 63 14 17,phoneme,db4,usage,32,250,250,0,large
W-NN,W-NN:k=7,45,1.5,0.06,0.09977550511349463,0 1 3 7 2 4 15 6 5 9 31 8 10 11 12 13 14 16 17 18,0 1 3 7 2 15 4 8 9 6 31 5 11 10 12 16 19 21 63 13,phoneme,db4,usage,33,250,250,0,large
W-QDA,W-QDA:qda,8,1.5,0.048,0.09603392367173859,0 1 3 7 2 4 15 6 5 9 31 8 10 11 12 13 14 16 17 18,0 1 3 7 2 15 4 8 9 6 31 5 11 10 12 16 19 21 63 13,phoneme,db4,usage,33,250,250,0,large
W-CART,W-CART:cart,10,2.0,0.12,0.13469693190321777,0 1 3 7 2 4 5 6 8 9 10 11 12 13 14 15 16 17 18 19,0 1 3 7 2 15 4 8 9 6 31 5 11 10 12 16 19 21 63 13,phoneme,db4,usage,33,250,250,0,large
ALL,W-QDA:qda,8,1.5,0.048,0.09603392367173859,0 1 3 7 2 4 15 6 5 9 31 8 10 11 12 13 14 16 17 18,0 1 3 7 2 15 4 8 9 6 31 5 11 10 12 16 19 21 63 13,phoneme,db4,usage,33,250,250,0,large
W-NN,W-NN:k=25,28,1.5,0.072,0.1152407084060863,0 1 3 7 2 15 4 6 9 10 11 5 8 12 13 14 16 17 18 19,0 1 3 7 2 15 4 8 9 6 31 5 10 11 12 16 19 20 13 14,phoneme,db4,usage,34,250,250,0,large
W-QDA,W-QDA:qda,9,0.5,0.088,0.11199800448989773,0 1 3 7 2 15 31 8 9 4 5 6 10 11 12 13 63 65 64 14,0 1 3 7 2 15 4 8 9 6 31 5 10 11 12 16 19 20 13 14,phoneme,db4,usage,34,250,250,0,large
W-CART,W-CART:cart,21,0.5,0.144,0.15190820653529558,0 1 3 7 2 15 31 8 9 4 5 6 10 11 12 13 63 65 64 14,0 1 3 7 2 15 4 8 9 6 31 5 10 11 12 16 19 20 13 14,phoneme,db4,usage,34,250,250,0,large
ALL,W-NN:k=25,28,1.5,0.072,0.1152407084060863,0 1 3 7 2 15 4 6 9 10 11 5 8 12 13 14 16 17 18 19,0 1 3 7 2 15 4 8 9 6 31 5 10 11 12 16 19 20 13 14,phoneme,db4,usage,34,250,250,0,large
W-NN,W-NN:k=5,19,1.0,0.084,0.09777999501122474,0 1 3 7 2 15 4 8 9 6 31 5 12 11 13 10 20 21 65 77,0 1 3 7 2 15 4 8 9 6 31 5 12 11 13 10 20 21 65 77,phoneme,db4,usage,35,250,250,0,large
W-QDA,W-QDA:qda,7,0.5,0.096,0.09777999501122474,0 1 3 2 7 15 4 31 8 9 6 5 10 11 12 64 66 13 14 63,0 1 3 7 2 15 4 8 9 6 31 5 12 11 13 10 20 21 65 77,phoneme,db4,usage,35,250,250,0,large
W-CART,W-CART:cart,35,1.0,0.12,0.16537789972561737,0 1 3 7 2 15 4 8 9 6 31 5 12 11 13 10 20 21 65 77,0 1 3 7 2 15 4 8 9 6 31 5 12 11 13 10 20 21 65 77,phoneme,db4,usage,35,250,250,0,large
ALL,W-NN:k=5,19,1.0,0.084,0.09777999501122474,0 1 3 7 2 15 4 8 9 6 31 5 12 11 13 10 20 21 65 77,0 1 3 7 2 15 4 8 9 6 31 5 12 11 13 10 20 21 65 77,phoneme,db4,usage,35,250,250,0,large
W-NN,W-NN:k=25,15,0.5,0.1,0.10875530057370915,0 1 3 7 2 15 31 4 8 9 5 6 10 11 12 63 64 13 65 66,0 1 3 7 2 15 4 8 9 6 31 5 10 11 19 63 64 12 13 14,phoneme,db4,usage,36,250,250,0,large
W-QDA,W-QDA:qda,10,1.0,0.108,0.09977550511349463,0 1 3 7 2 15 4 8 9 6 31 5 10 11 19 63 64 12 13 14,0 1 3 7 2 15 4 8 9 6 31 5 10 11 19 63 64 12 13 14,phoneme,db4,usage,36,250,250,0,large
W-CART,W-CART:cart,25,2.0,0.16,0.17061611374407584,0 1 3 2 7 4 5 6 8 9 10 11 12 13 14 15 16 17 18 19,0 1 3 7 2 15 4 8 9 6 31 5 10 11 19 63 64 12 13 14,phoneme,db4,usage,36,250,250,0,large
ALL,W-NN:k=25,15,0.5,0.1,0.10875530057370915,0 1 3 7 2 15 31 4 8 9 5 6 10 11 12 63 64 13 65 66,0 1 3 7 2 15 4 8 9 6 31 5 10 11 19 63 64 12 13 14,phoneme,db4,usage,36,250,250,0,large
W-NN,W-NN:k=9,32,0.5,0.088,0.1050137191319531,0 1 3 2 7 15 4 31 9 8 6 5 10 11 12 14 13 65 64 17,0 1 3 7 2 15 4 9 8 31 6 5 10 11 12 20 13 22 25 14,phoneme,db4,usage,37,250,250,0,large
W-QDA,W-QDA:qda,11,2.0,0.076,0.102269892741332,0 1 3 2 7 4 5 6 8 9 10 11 12 13 14 15 16 17 18 19,0 1 3 7 2 15 4 9 8 31 6 5 10 11 12 20 13 22 25 14,phoneme,db4,usage,37,250,250,0,large
W-CART,W-CART:cart,33,2.0,0.124,0.14617111499126964,0 1 3 2 7 4 5 6 8 9 10 11 12 13 14 15 16 17 18 19,0 1 3 7 2 15 4 9 8 31 6 5 10 11 12 20 13 22 25 14,phoneme,db4,usage,37,250,250,0,large
ALL,W-QDA:qda,11,2.0,0.076,0.102269892741332,0 1 3 2 7 4 5 6 8 9 10 11 12 13 14 15 16 17 18 19,0 1 3 7 2 15 4 9 8 31 6 5 10 11 12 20 13 22 25 14,phoneme,db4,usage,37,250,250,0,large
W-NN,W-NN:k=5,14,2.0,0.096,0.12322274881516587,0 1 3 2 7 4 5 6 8 9 10 11 12 13 14 15 16 17 18 19,0 1 3 7 2 15 4 9 8 6 31 5 10 11 13 12 16 17 63 64,phoneme,db4,usage,38,250,250,0,large
W-QDA,W-QDA:qda,5,3.0,0.092,0.10900473933649289,0 1 3 2 4 5 6 7 8 9 10 11 12 13 14 15 16 17 18 19,0 1 3 7 2 15 4 9 8 6 31 5 10 11 13 12 16 17 63 64,phoneme,db4,usage,38,250,250,0,large
W-CART,W-CART:cart,9,2.0,0.12,0.14417560488899975,0 1 3 2 7 4 5 6 8 9 10 11 12 13 14 15 16 17 18 19,0 1 3 7 2 15 4 9 8 6 31 5 10 11 13 12 16 17 63 64,phoneme,db4,usage,38,250,250,0,large
ALL,W-QDA:qda,5,3.0,0.092,0.10900473933649289,0 1 3 2 4 5 6 7 8 9 10 11 12 13 14 15 16 17 18 19,0 1 3 7 2 15 4 9 8 6 31 5 10 11 13 12 16 17 63 64,phoneme,db4,usage,38,250,250,0,large
W-NN,W-NN:k=7,13,0.5,0.048,0.11274632077824893,0 1 3 7 15 2 4 31 8 9 6 5 10 11 12 64 13 63 65 19,0 1 3 7 2 15 4 8 9 6 31 5 11 10 12 21 22 63 66 13,phoneme,db4,usage,39,250,250,0,large
W-QDA,W-QDA:qda,10,0.5,0.068,0.1050137191319531,0 1 3 7 15 2 4 31 8 9 6 5 10 11 12 64 13 63 65 19,0 1 3 7 2 15 4 8 9 6 31 5 11 10 12 21 22 63 66 13,phoneme,db4,usage,39,250,250,0,large
W-CART,W-CART:cart,12,0.5,0.084,0.15240708406086306,0 1 3 7 15 2 4 31 8 9 6 5 10 11 12 64 13 63 65 19,0 1 3 7 2 15 4 8 9 6 31 5 11 10 12 21 22 63 66 13,phoneme,db4,usage,39,250,250,0,large
ALL,W-NN:k=7,13,0.5,0.048,0.11274632077824893,0 1 3 7 15 2 4 31 8 9 6 5 10 11 12 64 13 63 65 19,0 1 3 7 2 15 4 8 9 6 31 5 11 10 12 21 22 63 66 13,phoneme,db4,usage,39,250,250,0,large
W-NN,W-NN:k=25,34,0.5,0.072,0.10875530057370915,0 1 3 2 7 15 4 31 8 9 5 6 10 11 12 64 14 65 13 63,0 1 3 7 2 15 4 8 9 6 31 5 10 11 16 20 29 12 13 14,phoneme,db4,usage,40,250,250,0,large
W-QDA,W-QDA:qda,21,1.5,0.076,0.12721376901970566,0 1 3 7 2 15 4 9 6 8 11 5 10 12 13 14 16 17 18 19,0 1 3 7 2 15 4 8 9 6 31 5 10 11 16 20 29 12 13 14,phoneme,db4,usage,40,250,250,0,large
W-CART,W-CART:cart,10,1.0,0.108,0.1431778498378648,0 1 3 7 2 15 4 8 9 6 31 5 10 11 16 20 29 12 13 14,0 1 3 7 2 15 4 8 9 6 31 5 10 11 16 20 29 12 13 14,phoneme,db4,usage,40,250,250,0,large
ALL,W-NN:k=25,34,0.5,0.072,0.10875530057370915,0 1 3 2 7 15 4 31 8 9 5 6 10 11 12 64 14 65 13 63,0 1 3 7 2 15 4 8 9 6 31 5 10 11 16 20 29 12 13 14,phoneme,db4,usage,40,250,250,0,large
W-NN,W-NN:k=7,11,2.0,0.084,0.13270142180094788,0 1 3 2 7 4 9 5 6 8 10 11 12 13 14 15 16 17 18 19,0 1 3 7 2 15 4 9 8 6 5 31 10 11 12 65 13 14 16 17,phoneme,db4,usage,41,250,250,0,large
W-QDA,W-QDA:qda,19,2.0,0.072,0.10875530057370915,0 1 3 2 7 4 9 5 6 8 10 11 12 13 14 15 16 17 18 19,0 1 3 7 2 15 4 9 8 6 5 31 10 11 12 65 13 14 16 17,phoneme,db4,usage,41,250,250,0,large
W-CART,W-CART:cart,17,0.5,0.1,0.16487902220004988,0 1 3 7 2 15 4 9 31 8 5 6 10 11 12 13 64 14 63 19,0 1 3 7 2 15 4 9 8 6 5 31 10 11 12 65 13 14 16 17,phoneme,db4,usage,41,250,250,0,large
ALL,W-QDA:qda,19,2.0,0.072,0.10875530057370915,0 1 3 2 7 4 9 5 6 8 10 11 12 13 14 15 16 17 18 19,0 1 3 7 2 15 4 9 8 6 5 31 10 11 12 65 13 14 16 17,phoneme,db4,usage,41,250,250,0,large
W-NN,W-NN:k=15,11,3.0,0.104,0.1172362185083562,0 1 3 2 4 5 6 7 8 9 10 11 12 13 14 15 16 17 18 19,0 1 3 7 2 15 4 8 9 6 5 31 10 11 63 12 18 64 254 13,phoneme,db4,usage,42,250,250,0,large
W-QDA,W-QDA:qda,13,3.0,0.108,0.11549014716887004,0 1 3 2 4 5 6 7 8 9 10 11 12 13 14 15 16 17 18 19,0 1 3 7 2 15 4 8 9 6 5 31 10 11 63 12 18 64 254 13,phoneme,db4,usage,42,250,250,0,large
W-CART,W-CART:cart,20,1.5,0.12,0.15764529807932154,0 1 3 7 2 15 4 6 5 8 31 9 10 11 12 13 14 16 17 18,0 1 3 7 2 15 4 8 9 6 5 31 10 11 63 12 18 64 254 13,phoneme,db4,usage,42,250,250,0,large
ALL,W-NN:k=15,11,3.0,0.104,0.1172362185083562,0 1 3 2 4 5 6 7 8 9 10 11 12 13 14 15 16 17 18 19,0 1 3 7 2 15 4 8 9 6 5 31 10 11 63 12 18 64 254 13,phoneme,db4,usage,42,250,250,0,large
W-NN,W-NN:k=7,35,1.5,0.076,0.10401596408081816,0 1 3 7 2 4 15 9 6 5 8 10 11 12 13 14 16 17 18 19,0 1 3 7 2 15 4 9 8 31 6 5 10 13 11 12 20 64 14 16,phoneme,db4,usage,43,250,250,0,large
W-QDA,W-QDA:qda,8,0.5,0.088,0.10725866799700673,0 1 3 7 15 2 4 31 9 8 5 6 10 11 12 13 64 63 66 65,0 1 3 7 2 15 4 9 8 31 6 5 10 13 11 12 20 64 14 16,phoneme,db4,usage,43,250,250,0,large
W-CART,W-CART:cart,31,2.0,0.14,0.1840858069343976,0 1 3 7 2 4 5 6 8 9 10 11 12 13 14 15 16 17 18 19,0 1 3 7 2 15 4 9 8 31 6 5 10 13 11 12 20 64 14 16,phoneme,db4,usage,43,250,250,0,large
ALL,W-NN:k=7,35,1.5,0.076,0.10401596408081816,0 1 3 7 2 4 15 9 6 5 8 10 11 12 13 14 16 17 18 19,0 1 3 7 2 15 4 9 8 31 6 5 10 13 11 12 20 64 14 16,phoneme,db4,usage,43,250,250,0,large
W-NN,W-NN:k=7,18,1.0,0.068,0.10002494387627837,0 1 3 7 2 15 4 9 8 6 31 11 5 10 12 63 20 64 66 13,0 1 3 7 2 15 4 9 8 6 31 11 5 10 12 63 20 64 66 13,phoneme,db4,usage,44,250,250,0,large
W-QDA,W-QDA:qda,9,1.0,0.072,0.0940384135694687,0 1 3 7 2 15 4 9 8 6 31 11 5 10 12 63 20 64 66 13,0 1 3 7 2 15 4 9 8 6 31 11 5 10 12 63 20 64 66 13,phoneme,db4,usage,44,250,250,0,large
W-CART,W-CART:cart,45,2.0,0.104,0.14766774756797207,0 1 3 7 2 4 9 5 6 8 10 11 12 13 14 15 16 17 18 19,0 1 3 7 2 15 4 9 8 6 31 11 5 10 12 63 20 64 66 13,phoneme,db4,usage,44,250,250,0,large
ALL,W-NN:k=7,18,1.0,0.068,0.10002494387627837,0 1 3 7 2 15 4 9 8 6 31 11 5 10 12 63 20 64 66 13,0 1 3 7 2 15 4 9 8 6 31 11 5 10 12 63 20 64 66 13,phoneme,db4,usage,44,250,250,0,large
W-NN,W-NN:k=25,24,2.0,0.096,0.11923172861062609,0 1 3 2 7 4 5 6 8 9 10 11 12 13 14 15 16 17 18 19,0 1 3 7 2 15 4 8 9 6 5 31 12 20 13 19 10 11 21 14,phoneme,db4,usage,45,250,250,0,large
W-QDA,W-QDA:qda,8,0.5,0.088,0.11598902469443752,0 1 3 7 2 15 4 8 31 9 6 5 10 11 12 64 13 63 16 65,0 1 3 7 2 15 4 8 9 6 5 31 12 20 13 19 10 11 21 14,phoneme,db4,usage,45,250,250,0,large
W-CART,W-CART:cart,15,1.0,0.128,0.12646545273135446,0 1 3 7 2 15 4 8 9 6 5 31 12 20 13 19 10 11 21 14,0 1 3 7 2 15 4 8 9 6 5 31 12 20 13 19 10 11 21 14,phoneme,db4,usage,45,250,250,0,large
ALL,W-QDA:qda,8,0.5,0.088,0.11598902469443752,0 1 3 7 2 15 4 8 31 9 6 5 10 11 12 64 13 63 16 65,0 1 3 7 2 15 4 8 9 6 5 31 12 20 13 19 10 11 21 14,phoneme,db4,usage,45,250,250,0,large
W-NN,W-NN:k=7,11,3.0,0.084,0.10675979047143926,0 1 3 2 4 5 6 7 8 9 10 11 12 13 14 15 16 17 18 19,0 1 3 7 2 15 4 8 9 6 31 5 10 11 12 19 65 13 14 16,phoneme,db4,usage,46,250,250,0,large
W-QDA,W-QDA:qda,10,3.0,0.092,0.11324519830381641,0 1 3 2 4 5 6 7 8 9 10 11 12 13 14 15 16 17 18 19,0 1 3 7 2 15 4 8 9 6 31 5 10 11 12 19 65 13 14 16,phoneme,db4,usage,46,250,250,0,large
W-CART,W-CART:cart,10,4.0,0.116,0.1436767273634323,0 1 2 3 4 5 6 7 8 9 10 11 12 13 14 15 16 17 18 19,0 1 3 7 2 15 4 8 9 6 31 5 10 11 12 19 65 13 14 16,phoneme,db4,usage,46,250,250,0,large
ALL,W-NN:k=7,11,3.0,0.084,0.10675979047143926,0 1 3 2 4 5 6 7 8 9 10 11 12 13 14 15 16 17 18 19,0 1 3 7 2 15 4 8 9 6 31 5 10 11 12 19 65 13 14 16,phoneme,db4,usage,46,250,250,0,large
W-NN,W-NN:k=9,11,0.5,0.08,0.09802943377400848,0 1 3 7 2 15 4 31 8 9 5 6 10 12 11 63 64 13 14 17,0 1 3 7 2 15 4 8 9 6 31 5 11 12 10 20 13 63 14 16,phoneme,db4,usage,47,250,250,0,large
W-QDA,W-QDA:qda,8,1.0,0.068,0.10725866799700673,0 1 3 7 2 15 4 8 9 6 31 5 11 12 10 20 13 63 14 16,0 1 3 7 2 15 4 8 9 6 31 5 11 12 10 20 13 63 14 16,phoneme,db4,usage,47,250,250,0,large
W-CART,W-CART:cart,51,1.0,0.088,0.1431778498378648,0 1 3 7 2 15 4 8 9 6 31 5 11 12 10 20 13 63 14 16,0 1 3 7 2 15 4 8 9 6 31 5 11 12 10 20 13 63 14 16,phoneme,db4,usage,47,250,250,0,large
ALL,W-QDA:qda,8,1.0,0.068,0.10725866799700673,0 1 3 7 2 15 4 8 9 6 31 5 11 12 10 20 13 63 14 16,0 1 3 7 2 15 4 8 9 6 31 5 11 12 10 20 13 63 14 16,phoneme,db4,usage,47,250,250,0,large
W-NN,W-NN:k=7,38,1.5,0.12,0.10451484160638563,0 1 3 7 2 15 4 6 8 9 5 10 11 12 13 14 16 17 18 19,0 1 3 7 2 15 4 9 8 6 31 5 11 12 13 20 10 16 65 14,phoneme,db4,usage,48,250,250,0,large
W-QDA,W-QDA:qda,7,3.0,0.088,0.11025193315041157,0 1 3 2 4 5 6 7 8 9 10 11 12 13 14 15 16 17 18 19,0 1 3 7 2 15 4 9 8 6 31 5 11 12 13 20 10 16 65 14,phoneme,db4,usage,48,250,250,0,large
W-CART,W-CART:cart,64,1.5,0.136,0.15515091045148416,0 1 3 7 2 15 4 6 8 9 5 10 11 12 13 14 16 17 18 19,0 1 3 7 2 15 4 9 8 6 31 5 11 12 13 20 10 16 65 14,phoneme,db4,usage,48,250,250,0,large
ALL,W-QDA:qda,7,3.0,0.088,0.11025193315041157,0 1 3 2 4 5 6 7 8 9 10 11 12 13 14 15 16 17 18 19,0 1 3 7 2 15 4 9 8 6 31 5 11 12 13 20 10 16 65 14,phoneme,db4,usage,48,250,250,0,large
W-NN,W-NN:k=5,52,0.5,0.076,0.10052382140184585,0 1 3 7 15 2 4 31 8 9 5 6 10 11 12 64 63 13 65 14,0 1 3 7 2 15 4 9 8 5 6 31 11 10 13 16 17 25 41 63,phoneme,db4,usage,49,250,250,0,large
W-QDA,W-QDA:qda,9,1.0,0.076,0.09603392367173859,0 1 3 7 2 15 4 9 8 5 6 31 11 10 13 16 17 25 41 63,0 1 3 7 2 15 4 9 8 5 6 31 11 10 13 16 17 25 41 63,phoneme,db4,usage,49,250,250,0,large
W-CART,W-CART:cart,13,1.0,0.112,0.12995759541032675,0 1 3 7 2 15 4 9 8 5 6 31 11 10 13 16 17 25 41 63,0 1 3 7 2 15 4 9 8 5 6 31 11 10 13 16 17 25 41 63,phoneme,db4,usage,49,250,250,0,large
ALL,W-QDA:qda,9,1.0,0.076,0.09603392367173859,0 1 3 7 2 15 4 9 8 5 6 31 11 10 13 16 17 25 41 63,0 1 3 7 2 15 4 9 8 5 6 31 11 10 13 16 17 25 41 63,phoneme,db4,usage,49,250,250,0,large
W-NN,W-NN:k=7,12,0.5,0.088,0.1199800448989773,0 1 3 7 15 2 4 31 9 8 5 6 10 11 12 63 65 64 13 20,0 1 3 7 2 15 4 9 8 31 5 6 10 12 11 16 19 20 13 14,phoneme,db4,usage,50,250,250,0,large
W-QDA,W-QDA:qda,4,3.0,0.084,0.13569468695435272,0 1 3 2 4 5 6 7 8 9 10 11 12 13 14 15 16 17 18 19,0 1 3 7 2 15 4 9 8 31 5 6 10 12 11 16 19 20 13 14,phoneme,db4,usage,50,250,250,0,large
W-CART,W-CART:cart,17,1.0,0.12,0.17360937889748068,0 1 3 7 2 15 4 9 8 31 5 6 10 12 11 16 19 20 13 14,0 1 3 7 2 15 4 9 8 31 5 6 10 12 11 16 19 20 13 14,phoneme,db4,usage,50,250,250,0,large
ALL,W-QDA:qda,4,3.0,0.084,0.13569468695435272,0 1 3 2 4 5 6 7 8 9 10 11 12 13 14 15 16 17 18 19,0 1 3 7 2 15 4 9 8 31 5 6 10 12 11 16 19 20 13 14,phoneme,db4,usage,50,250,250,0,large
W-NN,W-NN:k=9,9,2.0,0.076,0.09977550511349463,0 1 3 7 2 4 9 15 5 6 8 10 11 12 13 14 16 17 18 19,0 1 3 7 2 15 4 9 8 6 31 5 10 11 64 16 25 63 66 129,phoneme,db4,usage,51,250,250,0,large
W-QDA,W-QDA:qda,9,2.0,0.072,0.10202045397854827,0 1 3 7 2 4 9 15 5 6 8 10 11 12 13 14 16 17 18 19,0 1 3 7 2 15 4 9 8 6 31 5 10 11 64 16 25 63 66 129,phoneme,db4,usage,51,250,250,0,large
W-CART,W-CART:cart,6,4.0,0.128,0.16537789972561737,0 1 2 3 4 5 6 7 8 9 10 11 12 13 14 15 16 17 18 19,0 1 3 7 2 15 4 9 8 6 31 5 10 11 64 16 25 63 66 129,phoneme,db4,usage,51,250,250,0,large
ALL,W-QDA:qda,9,2.0,0.072,0.10202045397854827,0 1 3 7 2 4 9 15 5 6 8 10 11 12 13 14 16 17 18 19,0 1 3 7 2 15 4 9 8 6 31 5 10 11 64 16 25 63 66 129,phoneme,db4,usage,51,250,250,0,large
W-NN,W-NN:k=5,12,2.0,0.104,0.11648790222000499,0 1 3 2 7 4 5 6 8 9 10 11 12 13 14 15 16 17 18 19,0 1 3 7 2 15 4 9 8 6 31 5 10 11 12 13 19 20 63 14,phoneme,db4,usage,52,250,250,0,large
W-QDA,W-QDA:qda,9,1.0,0.096,0.09229234222998253,0 1 3 7 2 15 4 9 8 6 31 5 10 11 12 13 19 20 63 14,0 1 3 7 2 15 4 9 8 6 31 5 10 11 12 13 19 20 63 14,phoneme,db4,usage,52,250,250,0,large
W-CART,W-CART:cart,36,0.5,0.128,0.16038912446994263,0 1 3 2 7 15 4 31 8 9 5 6 10 11 12 13 64 17 63 65,0 1 3 7 2 15 4 9 8 6 31 5 10 11 12 13 19 20 63 14,phoneme,db4,usage,52,250,250,0,large
ALL,W-QDA:qda,9,1.0,0.096,0.09229234222998253,0 1 3 7 2 15 4 9 8 6 31 5 10 11 12 13 19 20 63 14,0 1 3 7 2 15 4 9 8 6 31 5 10 11 12 13 19 20 63 14,phoneme,db4,usage,52,250,250,0,large
W-NN,W-NN:k=5,58,0.5,0.072,0.1077575455225742,0 1 3 7 2 15 4 31 8 9 5 6 11 10 12 64 13 63 17 14,0 1 3 7 2 15 4 8 9 6 5 31 10 12 63 13 16 107 241 11,phoneme,db4,usage,53,250,250,0,large
W-QDA,W-QDA:qda,11,0.5,0.076,0.09703167872287354,0 1 3 7 2 15 4 31 8 9 5 6 11 10 12 64 13 63 17 14,0 1 3 7 2 15 4 8 9 6 5 31 10 12 63 13 16 107 241 11,phoneme,db4,usage,53,250,250,0,large
W-CART,W-CART:cart,31,1.5,0.092,0.1588924918932402,0 1 3 7 2 4 15 5 6 8 9 10 11 12 13 14 16 17 18 19,0 1 3 7 2 15 4 8 9 6 5 31 10 12 63 13 16 107 241 11,phoneme,db4,usage,53,250,250,0,large
ALL,W-NN:k=5,58,0.5,0.072,0.1077575455225742,0 1 3 7 2 15 4 31 8 9 5 6 11 10 12 64 13 63 17 14,0 1 3 7 2 15 4 8 9 6 5 31 10 12 63 13 16 107 241 11,phoneme,db4,usage,53,250,250,0,large
W-NN,W-NN:k=3,10,1.0,0.084,0.12122723871289598,0 1 3 7 2 15 4 8 9 6 5 31 11 13 10 12 20 14 18 19,0 1 3 7 2 15 4 8 9 6 5 31 11 13 10 12 20 14 18 19,phoneme,db4,usage,54,250,250,0,large
W-QDA,W-QDA:qda,9,1.0,0.1,0.08630581192317287,0 1 3 7 2 15 4 8 9 6 5 31 11 13 10 12 20 14 18 19,0 1 3 7 2 15 4 8 9 6 5 31 11 13 10 12 20 14 18 19,phoneme,db4,usage,54,250,250,0,large
W-CART,W-CART:cart,8,0.5,0.156,0.16363182838613122,0 1 3 2 7 15 4 9 31 8 5 6 10 11 12 13 63 64 14 17,0 1 3 7 2 15 4 8 9 6 5 31 11 13 10 12 20 14 18 19,phoneme,db4,usage,54,250,250,0,large
ALL,W-NN:k=3,10,1.0,0.084,0.12122723871289598,0 1 3 7 2 15 4 8 9 6 5 31 11 13 10 12 20 14 18 19,0 1 3 7 2 15 4 8 9 6 5 31 11 13 10 12 20 14 18 19,phoneme,db4,usage,54,250,250,0,large
W-NN,W-NN:k=25,23,1.0,0.08,0.09802943377400848,0 1 3 7 2 15 4 8 9 6 31 5 10 11 12 16 21 63 66 13,0 1 3 7 2 15 4 8 9 6 31 5 10 11 12 16 21 63 66 13,phoneme,db4,usage,55,250,250,0,large
W-QDA,W-QDA:qda,12,2.0,0.092,0.0995260663507109,0 1 3 2 7 4 9 5 6 8 10 11 12 13 14 15 16 17 18 19,0 1 3 7 2 15 4 8 9 6 31 5 10 11 12 16 21 63 66 13,phoneme,db4,usage,55,250,250,0,large
W-CART,W-CART:cart,8,2.0,0.128,0.14966325767024197,0 1 3 2 7 4 9 5 6 8 10 11 12 13 14 15 16 17 18 19,0 1 3 7 2 15 4 8 9 6 31 5 10 11 12 16 21 63 66 13,phoneme,db4,usage,55,250,250,0,large
ALL,W-NN:k=25,23,1.0,0.08,0.09802943377400848,0 1 3 7 2 15 4 8 9 6 31 5 10 11 12 16 21 63 66 13,0 1 3 7 2 15 4 8 9 6 31 5 10 11 12 16 21 63 66 13,phoneme,db4,usage,55,250,250,0,large
W-NN,W-NN:k=1,26,0.5,0.092,0.13469693190321777,0 1 3 7 15 2 4 31 8 9 6 5 10 11 12 64 13 63 65 14,0 1 3 7 2 15 4 8 9 6 5 31 10 11 12 13 20 63 65 14,phoneme,db4,usage,56,250,250,0,large
W-QDA,W-QDA:qda,9,2.0,0.08,0.09653280119730606,0 1 3 7 2 4 5 6 8 9 10 11 12 13 14 15 16 17 18 19,0 1 3 7 2 15 4 8 9 6 5 31 10 11 12 13 20 63 65 14,phoneme,db4,usage,56,250,250,0,large
W-CART,W-CART:cart,64,4.0,0.112,0.1274632077824894,0 1 2 3 4 5 6 7 8 9 10 11 12 13 14 15 16 17 18 19,0 1 3 7 2 15 4 8 9 6 5 31 10 11 12 13 20 63 65 14,phoneme,db4,usage,56,250,250,0,large
ALL,W-QDA:qda,9,2.0,0.08,0.09653280119730606,0 1 3 7 2 4 5 6 8 9 10 11 12 13 14 15 16 17 18 19,0 1 3 7 2 15 4 8 9 6 5 31 10 11 12 13 20 63 65 14,phoneme,db4,usage,56,250,250,0,large
W-NN,W-NN:k=7,9,1.5,0.092,0.10925417809927662,0 1 3 7 2 15 4 9 5 8 6 10 11 12 13 14 16 17 18 19,0 1 3 7 2 15 4 9 8 31 6 5 10 11 14 63 65 254 12 13,phoneme,db4,usage,57,250,250,0,large
W-QDA,W-QDA:qda,10,0.5,0.084,0.10825642304814168,0 1 3 7 2 15 4 31 9 8 5 6 10 11 12 64 13 63 14 19,0 1 3 7 2 15 4 9 8 31 6 5 10 11 14 63 65 254 12 13,phoneme,db4,usage,57,250,250,0,large
W-CART,W-CART:cart,9,1.5,0.136,0.15240708406086306,0 1 3 7 2 15 4 9 5 8 6 10 11 12 13 14 16 17 18 19,0 1 3 7 2 15 4 9 8 31 6 5 10 11 14 63 65 254 12 13,phoneme,db4,usage,57,250,250,0,large
ALL,W-QDA:qda,10,0.5,0.084,0.10825642304814168,0 1 3 7 2 15 4 31 9 8 5 6 10 11 12 64 13 63 14 19,0 1 3 7 2 15 4 9 8 31 6 5 10 11 14 63 65 254 12 13,phoneme,db4,usage,57,250,250,0,large
W-NN,W-NN:k=5,59,0.5,0.064,0.11075081067597904,0 1 3 7 2 15 4 8 31 9 5 6 10 11 12 63 65 13 64 14,0 1 3 7 2 15 4 9 8 6 31 5 10 11 65 12 13 14 16 17,phoneme,db4,usage,58,250,250,0,large
W-QDA,W-QDA:qda,12,1.5,0.076,0.10950361686206037,0 1 3 7 2 4 15 6 9 5 8 10 11 12 13 14 16 17 18 19,0 1 3 7 2 15 4 9 8 6 31 5 10 11 65 12 13 14 16 17,phoneme,db4,usage,58,250,250,0,large
W-CART,W-CART:cart,59,0.5,0.108,0.16263407333499627,0 1 3 7 2 15 4 8 31 9 5 6 10 11 12 63 65 13 64 14,0 1 3 7 2 15 4 9 8 6 31 5 10 11 65 12 13 14 16 17,phoneme,db4,usage,58,250,250,0,large
ALL,W-NN:k=5,59,0.5,0.064,0.11075081067597904,0 1 3 7 2 15 4 8 31 9 5 6 10 11 12 63 65 13 64 14,0 1 3 7 2 15 4 9 8 6 31 5 10 11 65 12 13 14 16 17,phoneme,db4,usage,58,250,250,0,large
W-NN,W-NN:k=7,14,1.0,0.056,0.10825642304814168,0 1 3 7 2 15 4 8 9 31 6 5 10 12 20 64 11 13 17 21,0 1 3 7 2 15 4 8 9 31 6 5 10 12 20 64 11 13 17 21,phoneme,db4,usage,59,250,250,0,large
W-QDA,W-QDA:qda,8,1.0,0.068,0.11274632077824893,0 1 3 7 2 15 4 8 9 31 6 5 10 12 20 64 11 13 17 21,0 1 3 7 2 15 4 8 9 31 6 5 10 12 20 64 11 13 17 21,phoneme,db4,usage,59,250,250,0,large
W-CART,W-CART:cart,8,1.0,0.084,0.12721376901970566,0 1 3 7 2 15 4 8 9 31 6 5 10 12 20 64 11 13 17 21,0 1 3 7 2 15 4 8 9 31 6 5 10 12 20 64 11 13 17 21,phoneme,db4,usage,59,250,250,0,large
ALL,W-NN:k=7,14,1.0,0.056,0.10825642304814168,0 1 3 7 2 15 4 8 9 31 6 5 10 12 20 64 11 13 17 21,0 1 3 7 2 15 4 8 9 31 6 5 10 12 20 64 11 13 17 21,phoneme,db4,usage,59,250,250,0,large
W-NN,W-NN:k=5,42,1.5,0.076,0.11274632077824893,0 1 3 7 2 4 15 6 9 31 8 11 5 10 12 13 14 16 17 18,0 1 3 7 2 15 4 9 8 31 6 5 10 11 63 12 20 65 193 13,phoneme,db4,usage,60,250,250,0,large
W-QDA,W-QDA:qda,9,2.0,0.056,0.10202045397854827,0 1 3 7 2 15 9 4 5 6 8 10 11 12 13 14 16 17 18 19,0 1 3 7 2 15 4 9 8 31 6 5 10 11 63 12 20 65 193 13,phoneme,db4,usage,60,250,250,0,large
W-CART,W-CART:cart,39,1.5,0.1,0.1608880019955101,0 1 3 7 2 4 15 6 9 31 8 11 5 10 12 13 14 16 17 18,0 1 3 7 2 15 4 9 8 31 6 5 10 11 63 12 20 65 193 13,phoneme,db4,usage,60,250,250,0,large
ALL,W-QDA:qda,9,2.0,0.056,0.10202045397854827,0 1 3 7 2 15 9 4 5 6 8 10 11 12 13 14 16 17 18 19,0 1 3 7 2 15 4 9 8 31 6 5 10 11 63 12 20 65 193 13,phoneme,db4,usage,60,250,250,0,large
W-NN,W-NN:k=3,12,0.5,0.084,0.10825642304814168,0 1 3 7 2 15 31 4 8 9 5 6 10 11 12 64 13 63 65 17,0 1 3 7 2 15 4 8 9 31 6 5 10 12 19 20 11 21 67 13,phoneme,db4,usage,61,250,250,0,large
W-QDA,W-QDA:qda,10,0.5,0.072,0.09329009728111748,0 1 3 7 2 15 31 4 8 9 5 6 10 11 12 64 13 63 65 17,0 1 3 7 2 15 4 8 9 31 6 5 10 12 19 20 11 21 67 13,phoneme,db4,usage,61,250,250,0,large
W-CART,W-CART:cart,41,0.5,0.132,0.1424295335495136,0 1 3 7 2 15 31 4 8 9 5 6 10 11 12 64 13 63 65 17,0 1 3 7 2 15 4 8 9 31 6 5 10 12 19 20 11 21 67 13,phoneme,db4,usage,61,250,250,0,large
ALL,W-QDA:qda,10,0.5,0.072,0.09329009728111748,0 1 3 7 2 15 31 4 8 9 5 6 10 11 12 64 13 63 65 17,0 1 3 7 2 15 4 8 9 31 6 5 10 12 19 20 11 21 67 13,phoneme,db4,usage,61,250,250,0,large
W-NN,W-NN:k=9,11,1.0,0.072,0.10925417809927662,0 1 3 7 2 15 4 8 9 31 6 5 10 12 13 11 29 65 14 16,0 1 3 7 2 15 4 8 9 31 6 5 10 12 13 11 29 65 14 16,phoneme,db4,usage,62,250,250,0,large
W-QDA,W-QDA:qda,5,3.0,0.084,0.11075081067597904,0 1 3 2 4 5 6 7 8 9 10 11 12 13 14 15 16 17 18 19,0 1 3 7 2 15 4 8 9 31 6 5 10 12 13 11 29 65 14 16,phoneme,db4,usage,62,250,250,0,large
W-CART,W-CART:cart,18,1.5,0.12,0.1411823397355949,0 1 3 7 2 15 4 6 9 8 5 10 11 12 13 14 16 17 18 19,0 1 3 7 2 15 4 8 9 31 6 5 10 12 13 11 29 65 14 16,phoneme,db4,usage,62,250,250,0,large
ALL,W-NN:k=9,11,1.0,0.072,0.10925417809927662,0 1 3 7 2 15 4 8 9 31 6 5 10 12 13 11 29 65 14 16,0 1 3 7 2 15 4 8 9 31 6 5 10 12 13 11 29 65 14 16,phoneme,db4,usage,62,250,250,0,large
W-NN,W-NN:k=7,57,0.5,0.104,0.11100024943876279,0 1 3 7 2 15 4 31 8 9 6 5 10 11 12 63 64 13 16 65,0 1 3 7 2 15 4 8 9 5 31 6 10 12 11 13 19 22 63 64,phoneme,db4,usage,63,250,250,0,large
W-QDA,W-QDA:qda,7,2.0,0.104,0.1050137191319531,0 1 3 2 7 9 4 5 6 8 10 11 12 13 14 15 16 17 18 19,0 1 3 7 2 15 4 8 9 5 31 6 10 12 11 13 19 22 63 64,phoneme,db4,usage,63,250,250,0,large
W-CART,W-CART:cart,56,1.0,0.132,0.16712397106510352,0 1 3 7 2 15 4 8 9 5 31 6 10 12 11 13 19 22 63 64,0 1 3 7 2 15 4 8 9 5 31 6 10 12 11 13 19 22 63 64,phoneme,db4,usage,63,250,250,0,large
ALL,W-QDA:qda,7,2.0,0.104,0.1050137191319531,0 1 3 2 7 9 4 5 6 8 10 11 12 13 14 15 16 17 18 19,0 1 3 7 2 15 4 8 9 5 31 6 10 12 11 13 19 22 63 64,phoneme,db4,usage,63,250,250,0,large
W-NN,W-NN:k=7,19,1.5,0.068,0.10127213769019705,0 1 3 7 2 4 15 6 9 5 8 10 11 12 13 14 16 17 18 19,0 1 3 7 2 15 4 8 9 6 31 5 20 10 11 12 63 64 65 66,phoneme,db4,usage,64,250,250,0,large
W-QDA,W-QDA:qda,8,2.0,0.068,0.10251933150411574,0 1 3 7 2 4 9 15 5 6 8 10 11 12 13 14 16 17 18 19,0 1 3 7 2 15 4 8 9 6 31 5 20 10 11 12 63 64 65 66,phoneme,db4,usage,64,250,250,0,large
W-CART,W-CART:cart,56,0.5,0.12,0.15240708406086306,0 1 3 7 15 2 4 31 8 9 5 6 11 10 12 13 64 63 66 14,0 1 3 7 2 15 4 8 9 6 31 5 20 10 11 12 63 64 65 66,phoneme,db4,usage,64,250,250,0,large
ALL,W-QDA:qda,8,2.0,0.068,0.10251933150411574,0 1 3 7 2 4 9 15 5 6 8 10 11 12 13 14 16 17 18 19,0 1 3 7 2 15 4 8 9 6 31 5 20 10 11 12 63 64 65 66,phoneme,db4,usage,64,250,250,0,large
W-NN,W-NN:k=15,19,1.5,0.08,0.10601147418308805,0 1 3 7 2 4 15 8 9 5 6 31 10 11 12 13 14 16 17 18,0 1 3 7 2 15 4 8 9 31 6 5 10 11 12 20 19 63 64 125,phoneme,db4,usage,65,250,250,0,large
W-QDA,W-QDA:qda,11,0.5,0.1,0.11748565727113994,0 1 3 7 2 15 4 31 9 8 5 6 10 11 64 12 14 63 13 19,0 1 3 7 2 15 4 8 9 31 6 5 10 11 12 20 19 63 64 125,phoneme,db4,usage,65,250,250,0,large
W-CART,W-CART:cart,31,2.0,0.156,0.1943127962085308,0 1 3 7 2 15 4 5 6 8 9 10 11 12 13 14 16 17 18 19,0 1 3 7 2 15 4 8 9 31 6 5 10 11 12 20 19 63 64 125,phoneme,db4,usage,65,250,250,0,large
ALL,W-NN:k=15,19,1.5,0.08,0.10601147418308805,0 1 3 7 2 4 15 8 9 5 6 31 10 11 12 13 14 16 17 18,0 1 3 7 2 15 4 8 9 31 6 5 10 11 12 20 19 63 64 125,phoneme,db4,usage,65,250,250,0,large
W-NN,W-NN:k=25,51,1.5,0.06,0.107009229234223,0 1 3 7 2 15 4 9 5 6 8 10 11 12 13 14 16 17 18 19,0 1 3 7 2 15 4 8 9 5 31 6 10 11 12 20 41 63 100 13,phoneme,db4,usage,66,250,250,0,large
W-QDA,W-QDA:qda,9,1.0,0.064,0.09428785233225243,0 1 3 7 2 15 4 8 9 5 31 6 10 11 12 20 41 63 100 13,0 1 3 7 2 15 4 8 9 5 31 6 10 11 12 20 41 63 100 13,phoneme,db4,usage,66,250,250,0,large
W-CART,W-CART:cart,13,1.0,0.084,0.13045647293589424,0 1 3 7 2 15 4 8 9 5 31 6 10 11 12 20 41 63 100 13,0 1 3 7 2 15 4 8 9 5 31 6 10 11 12 20 41 63 100 13,phoneme,db4,usage,66,250,250,0,large
ALL,W-NN:k=25,51,1.5,0.06,0.107009229234223,0 1 3 7 2 15 4 9 5 6 8 10 11 12 13 14 16 17 18 19,0 1 3 7 2 15 4 8 9 5 31 6 10 11 12 20 41 63 100 13,phoneme,db4,usage,66,250,250,0,large
W-NN,W-NN:k=9,46,1.0,0.084,0.09503616862060364,0 1 3 2 7 15 4 8 6 9 31 5 10 11 12 13 16 18 19 20,0 1 3 2 7 15 4 8 6 9 31 5 10 11 12 13 16 18 19 20,phoneme,db4,usage,67,250,250,0,large
W-QDA,W-QDA:qda,5,3.0,0.112,0.10576203542030431,0 1 3 2 4 5 6 7 8 9 10 11 12 13 14 15 16 17 18 19,0 1 3 2 7 15 4 8 6 9 31 5 10 11 12 13 16 18 19 20,phoneme,db4,usage,67,250,250,0,large
W-CART,W-CART:cart,9,0.5,0.152,0.16737340982788726,0 1 3 2 7 15 4 8 31 9 5 6 10 11 12 64 65 14 13 63,0 1 3 2 7 15 4 8 6 9 31 5 10 11 12 13 16 18 19 20,phoneme,db4,usage,67,250,250,0,large
ALL,W-NN:k=9,46,1.0,0.084,0.09503616862060364,0 1 3 2 7 15 4 8 6 9 31 5 10 11 12 13 16 18 19 20,0 1 3 2 7 15 4 8 6 9 31 5 10 11 12 13 16 18 19 20,phoneme,db4,usage,67,250,250,0,large
W-NN,W-NN:k=7,15,0.5,0.092,0.10576203542030431,0 1 3 7 2 15 4 31 8 9 5 6 10 11 12 13 63 17 19 14,0 1 3 7 2 15 4 9 8 6 31 5 10 11 20 12 13 14 16 17,phoneme,db4,usage,68,250,250,0,large
W-QDA,W-QDA:qda,10,1.0,0.08,0.0947867298578199,0 1 3 7 2 15 4 9 8 6 31 5 10 11 20 12 13 14 16 17,0 1 3 7 2 15 4 9 8 6 31 5 10 11 20 12 13 14 16 17,phoneme,db4,usage,68,250,250,0,large
W-CART,W-CART:cart,46,1.0,0.108,0.15190820653529558,0 1 3 7 2 15 4 9 8 6 31 5 10 11 20 12 13 14 16 17,0 1 3 7 2 15 4 9 8 6 31 5 10 11 20 12 13 14 16 17,phoneme,db4,usage,68,250,250,0,large
ALL,W-QDA:qda,10,1.0,0.08,0.0947867298578199,0 1 3 7 2 15 4 9 8 6 31 5 10 11 20 12 13 14 16 17,0 1 3 7 2 15 4 9 8 6 31 5 10 11 20 12 13 14 16 17,phoneme,db4,usage,68,250,250,0,large
W-NN,W-NN:k=25,60,1.0,0.1,0.10576203542030431,0 1 3 7 2 15 4 8 9 6 5 31 10 11 65 13 19 20 63 12,0 1 3 7 2 15 4 8 9 6 5 31 10 11 65 13 19 20 63 12,phoneme,db4,usage,69,250,250,0,large
W-QDA,W-QDA:qda,9,0.5,0.088,0.10626091294587178,0 1 3 7 15 2 4 31 9 8 5 6 10 12 11 13 64 63 14 65,0 1 3 7 2 15 4 8 9 6 5 31 10 11 65 13 19 20 63 12,phoneme,db4,usage,69,250,250,0,large
W-CART,W-CART:cart,10,2.0,0.148,0.15589922673983536,0 1 3 7 2 15 4 5 6 8 9 10 11 12 13 14 16 17 18 19,0 1 3 7 2 15 4 8 9 6 5 31 10 11 65 13 19 20 63 12,phoneme,db4,usage,69,250,250,0,large
ALL,W-QDA:qda,9,0.5,0.088,0.10626091294587178,0 1 3 7 15 2 4 31 9 8 5 6 10 12 11 13 64 63 14 65,0 1 3 7 2 15 4 8 9 6 5 31 10 11 65 13 19 20 63 12,phoneme,db4,usage,69,250,250,0,large
W-NN,W-NN:k=5,10,1.0,0.1,0.12446994262908456,0 1 3 2 7 15 4 9 8 6 31 5 12 11 10 20 16 63 64 66,0 1 3 2 7 15 4 9 8 6 31 5 12 11 10 20 16 63 64 66,phoneme,db4,usage,70,250,250,0,large
W-QDA,W-QDA:qda,18,1.5,0.092,0.1302070341731105,0 1 3 2 7 4 15 5 8 9 6 10 11 12 13 14 16 17 18 19,0 1 3 2 7 15 4 9 8 6 31 5 12 11 10 20 16 63 64 66,phoneme,db4,usage,70,250,250,0,large
W-CART,W-CART:cart,13,4.0,0.136,0.16737340982788726,0 1 2 3 4 5 6 7 8 9 10 11 12 13 14 15 16 17 18 19,0 1 3 2 7 15 4 9 8 6 31 5 12 11 10 20 16 63 64 66,phoneme,db4,usage,70,250,250,0,large
ALL,W-QDA:qda,18,1.5,0.092,0.1302070341731105,0 1 3 2 7 4 15 5 8 9 6 10 11 12 13 14 16 17 18 19,0 1 3 2 7 15 4 9 8 6 31 5 12 11 10 20 16 63 64 66,phoneme,db4,usage,70,250,250,0,large
W-NN,W-NN:k=9,21,0.5,0.076,0.11299575954103268,0 1 3 7 2 15 4 31 8 9 6 5 10 12 11 63 64 13 65 17,0 1 3 7 2 15 4 8 9 6 31 5 12 10 65 11 63 13 14 16,phoneme,db4,usage,71,250,250,0,large
W-QDA,W-QDA:qda,10,0.5,0.088,0.11124968820154651,0 1 3 7 2 15 4 31 8 9 6 5 10 12 11 63 64 13 65 17,0 1 3 7 2 15 4 8 9 6 31 5 12 10 65 11 63 13 14 16,phoneme,db4,usage,71,250,250,0,large
W-CART,W-CART:cart,6,2.0,0.152,0.17136443003242705,0 1 3 2 7 4 15 5 6 8 9 10 11 12 13 14 16 17 18 19,0 1 3 7 2 15 4 8 9 6 31 5 12 10 65 11 63 13 14 16,phoneme,db4,usage,71,250,250,0,large
ALL,W-NN:k=9,21,0.5,0.076,0.11299575954103268,0 1 3 7 2 15 4 31 8 9 6 5 10 12 11 63 64 13 65 17,0 1 3 7 2 15 4 8 9 6 31 5 12 10 65 11 63 13 14 16,phoneme,db4,usage,71,250,250,0,large
W-NN,W-NN:k=5,9,0.5,0.096,0.1219755550012472,0 1 3 7 2 15 4 8 9 31 5 6 10 11 12 64 13 63 65 14,0 1 3 7 2 15 4 8 9 6 31 5 10 12 11 64 20 21 63 129,phoneme,db4,usage,72,250,250,0,large
W-QDA,W-QDA:qda,11,2.0,0.088,0.10651035170865553,0 1 3 2 7 4 5 6 8 9 10 11 12 13 14 15 16 17 18 19,0 1 3 7 2 15 4 8 9 6 31 5 10 12 11 64 20 21 63 129,phoneme,db4,usage,72,250,250,0,large
W-CART,W-CART:cart,8,3.0,0.144,0.15315540034921427,0 1 3 2 4 5 6 7 8 9 10 11 12 13 14 15 16 17 18 19,0 1 3 7 2 15 4 8 9 6 31 5 10 12 11 64 20 21 63 129,phoneme,db4,usage,72,250,250,0,large
ALL,W-QDA:qda,11,2.0,0.088,0.10651035170865553,0 1 3 2 7 4 5 6 8 9 10 11 12 13 14 15 16 17 18 19,0 1 3 7 2 15 4 8 9 6 31 5 10 12 11 64 20 21 63 129,phoneme,db4,usage,72,250,250,0,large
W-NN,W-NN:k=3,37,0.5,0.056,0.11399351459216762,0 1 3 7 2 15 4 31 8 9 5 6 10 12 11 13 63 14 64 17,0 1 3 7 2 15 4 9 8 6 5 31 10 11 12 13 19 20 14 16,phoneme,db4,usage,73,250,250,0,large
W-QDA,W-QDA:qda,8,2.0,0.084,0.09852831129957595,0 1 3 2 7 4 9 5 6 8 10 11 12 13 14 15 16 17 18 19,0 1 3 7 2 15 4 9 8 6 5 31 10 11 12 13 19 20 14 16,phoneme,db4,usage,73,250,250,0,large
W-CART,W-CART:cart,11,1.5,0.096,0.1608880019955101,0 1 3 7 2 4 15 6 9 5 11 8 10 12 13 14 16 17 18 19,0 1 3 7 2 15 4 9 8 6 5 31 10 11 12 13 19 20 14 16,phoneme,db4,usage,73,250,250,0,large
ALL,W-NN:k=3,37,0.5,0.056,0.11399351459216762,0 1 3 7 2 15 4 31 8 9 5 6 10 12 11 13 63 14 64 17,0 1 3 7 2 15 4 9 8 6 5 31 10 11 12 13 19 20 14 16,phoneme,db4,usage,73,250,250,0,large
W-NN,W-NN:k=3,63,0.5,0.12,0.11973060613619356,0 1 3 2 7 15 4 31 8 9 5 6 10 11 12 64 63 13 65 14,0 1 3 7 2 15 4 8 9 6 5 31 10 11 12 18 19 63 65 13,phoneme,db4,usage,74,250,250,0,large
W-QDA,W-QDA:qda,10,1.0,0.092,0.09079570965328013,0 1 3 7 2 15 4 8 9 6 5 31 10 11 12 18 19 63 65 13,0 1 3 7 2 15 4 8 9 6 5 31 10 11 12 18 19 63 65 13,phoneme,db4,usage,74,250,250,0,large
W-CART,W-CART:cart,10,1.5,0.136,0.12471938139186829,0 1 3 7 2 4 15 6 5 8 9 10 11 12 13 14 16 17 18 19,0 1 3 7 2 15 4 8 9 6 5 31 10 11 12 18 19 63 65 13,phoneme,db4,usage,74,250,250,0,large
ALL,W-QDA:qda,10,1.0,0.092,0.09079570965328013,0 1 3 7 2 15 4 8 9 6 5 31 10 11 12 18 19 63 65 13,0 1 3 7 2 15 4 8 9 6 5 31 10 11 12 18 19 63 65 13,phoneme,db4,usage,74,250,250,0,large
W-NN,W-NN:k=3,62,1.0,0.072,0.10651035170865553,0 1 3 7 2 15 4 8 9 31 6 5 11 10 12 18 19 13 14 16,0 1 3 7 2 15 4 8 9 31 6 5 11 10 12 18 19 13 14 16,phoneme,db4,usage,75,250,250,0,large
W-QDA,W-QDA:qda,15,0.5,0.072,0.11549014716887004,0 1 3 7 2 15 4 8 31 9 6 5 11 10 12 64 65 13 63 14,0 1 3 7 2 15 4 8 9 31 6 5 11 10 12 18 19 13 14 16,phoneme,db4,usage,75,250,250,0,large
W-CART,W-CART:cart,22,2.0,0.088,0.14342728860064854,0 1 3 2 7 4 9 15 5 6 8 10 11 12 13 14 16 17 18 19,0 1 3 7 2 15 4 8 9 31 6 5 11 10 12 18 19 13 14 16,phoneme,db4,usage,75,250,250,0,large
ALL,W-QDA:qda,15,0.5,0.072,0.11549014716887004,0 1 3 7 2 15 4 8 31 9 6 5 11 10 12 64 65 13 63 14,0 1 3 7 2 15 4 8 9 31 6 5 11 10 12 18 19 13 14 16,phoneme,db4,usage,75,250,250,0,large
W-NN,W-NN:k=5,9,2.0,0.092,0.10925417809927662,0 1 3 2 7 4 5 6 8 9 10 11 12 13 14 15 16 17 18 19,0 1 3 7 2 15 4 8 9 6 31 5 10 11 20 12 13 16 18 14,phoneme,db4,usage,76,250,250,0,large
W-QDA,W-QDA:qda,11,0.5,0.092,0.11000249438762784,0 1 3 7 2 15 4 8 31 9 6 5 10 11 12 64 63 23 20 65,0 1 3 7 2 15 4 8 9 6 31 5 10 11 20 12 13 16 18 14,phoneme,db4,usage,76,250,250,0,large
W-CART,W-CART:cart,11,2.0,0.168,0.12721376901970566,0 1 3 2 7 4 5 6 8 9 10 11 12 13 14 15 16 17 18 19,0 1 3 7 2 15 4 8 9 6 31 5 10 11 20 12 13 16 18 14,phoneme,db4,usage,76,250,250,0,large
ALL,W-NN:k=5,9,2.0,0.092,0.10925417809927662,0 1 3 2 7 4 5 6 8 9 10 11 12 13 14 15 16 17 18 19,0 1 3 7 2 15 4 8 9 6 31 5 10 11 20 12 13 16 18 14,phoneme,db4,usage,76,250,250,0,large
W-NN,W-NN:k=25,19,0.5,0.076,0.11648790222000499,0 1 3 7 2 15 4 31 8 9 5 6 10 11 12 64 63 13 17 65,0 1 3 7 2 15 4 8 9 6 5 31 10 12 11 13 20 63 14 16,phoneme,db4,usage,77,250,250,0,large
W-QDA,W-QDA:qda,5,3.0,0.092,0.12022948366176103,0 1 3 2 4 5 6 7 8 9 10 11 12 13 14 15 16 17 18 19,0 1 3 7 2 15 4 8 9 6 5 31 10 12 11 13 20 63 14 16,phoneme,db4,usage,77,250,250,0,large
W-CART,W-CART:cart,10,0.5,0.124,0.14891494138189074,0 1 3 7 2 15 4 31 8 9 5 6 10 11 12 64 63 13 17 65,0 1 3 7 2 15 4 8 9 6 5 31 10 12 11 13 20 63 14 16,phoneme,db4,usage,77,250,250,0,large
ALL,W-NN:k=25,19,0.5,0.076,0.11648790222000499,0 1 3 7 2 15 4 31 8 9 5 6 10 11 12 64 63 13 17 65,0 1 3 7 2 15 4 8 9 6 5 31 10 12 11 13 20 63 14 16,phoneme,db4,usage,77,250,250,0,large
W-NN,W-NN:k=25,14,0.5,0.092,0.11823397355949114,0 1 3 7 2 15 4 31 8 9 5 6 10 11 12 13 63 65 14 64,0 1 3 7 2 15 4 8 9 6 31 5 10 11 20 12 14 16 22 65,phoneme,db4,usage,78,250,250,0,large
W-QDA,W-QDA:qda,9,1.0,0.08,0.10127213769019705,0 1 3 7 2 15 4 8 9 6 31 5 10 11 20 12 14 16 22 65,0 1 3 7 2 15 4 8 9 6 31 5 10 11 20 12 14 16 22 65,phoneme,db4,usage,78,250,250,0,large
W-CART,W-CART:cart,25,2.0,0.156,0.19855325517585432,0 1 3 7 2 4 5 6 8 9 10 11 12 13 14 15 16 17 18 19,0 1 3 7 2 15 4 8 9 6 31 5 10 11 20 12 14 16 22 65,phoneme,db4,usage,78,250,250,0,large
ALL,W-QDA:qda,9,1.0,0.08,0.10127213769019705,0 1 3 7 2 15 4 8 9 6 31 5 10 11 20 12 14 16 22 65,0 1 3 7 2 15 4 8 9 6 31 5 10 11 20 12 14 16 22 65,phoneme,db4,usage,78,250,250,0,large
W-NN,W-NN:k=3,17,0.5,0.076,0.09777999501122474,0 1 3 7 2 15 4 31 8 9 5 6 10 11 12 63 13 64 65 17,0 1 3 7 2 15 4 9 8 31 6 5 10 12 11 13 14 19 20 63,phoneme,db4,usage,79,250,250,0,large
W-QDA,W-QDA:qda,9,0.5,0.072,0.1015215764529808,0 1 3 7 2 15 4 31 8 9 5 6 10 11 12 63 13 64 65 17,0 1 3 7 2 15 4 9 8 31 6 5 10 12 11 13 14 19 20 63,phoneme,db4,usage,79,250,250,0,large
W-CART,W-CART:cart,12,4.0,0.128,0.14218009478672985,0 1 2 3 4 5 6 7 8 9 10 11 12 13 14 15 16 17 18 19,0 1 3 7 2 15 4 9 8 31 6 5 10 12 11 13 14 19 20 63,phoneme,db4,usage,79,250,250,0,large
ALL,W-QDA:qda,9,0.5,0.072,0.1015215764529808,0 1 3 7 2 15 4 31 8 9 5 6 10 11 12 63 13 64 65 17,0 1 3 7 2 15 4 9 8 31 6 5 10 12 11 13 14 19 20 63,phoneme,db4,usage,79,250,250,0,large
W-NN,W-NN:k=5,29,1.5,0.112,0.11549014716887004,0 1 3 7 2 15 4 6 9 5 31 8 10 11 12 13 14 16 17 18,0 1 3 7 2 15 4 9 8 31 6 5 10 12 11 13 65 14 16 17,phoneme,db4,usage,80,250,250,0,large
W-QDA,W-QDA:qda,9,1.0,0.084,0.10251933150411574,0 1 3 7 2 15 4 9 8 31 6 5 10 12 11 13 65 14 16 17,0 1 3 7 2 15 4 9 8 31 6 5 10 12 11 13 65 14 16 17,phoneme,db4,usage,80,250,250,0,large
W-CART,W-CART:cart,43,1.0,0.124,0.15490147168870042,0 1 3 7 2 15 4 9 8 31 6 5 10 12 11 13 65 14 16 17,0 1 3 7 2 15 4 9 8 31 6 5 10 12 11 13 65 14 16 17,phoneme,db4,usage,80,250,250,0,large
ALL,W-QDA:qda,9,1.0,0.084,0.10251933150411574,0 1 3 7 2 15 4 9 8 31 6 5 10 12 11 13 65 14 16 17,0 1 3 7 2 15 4 9 8 31 6 5 10 12 11 13 65 14 16 17,phoneme,db4,usage,80,250,250,0,large
W-NN,W-NN:k=1,39,0.5,0.084,0.11075081067597904,0 1 3 2 7 15 4 31 8 9 5 6 10 11 12 63 13 65 64 14,0 1 3 7 2 15 4 9 8 5 6 31 10 13 65 11 12 14 16 17,phoneme,db4,usage,81,250,250,0,large
W-QDA,W-QDA:qda,12,0.5,0.08,0.09353953604390122,0 1 3 2 7 15 4 31 8 9 5 6 10 11 12 63 13 65 64 14,0 1 3 7 2 15 4 9 8 5 6 31 10 13 65 11 12 14 16 17,phoneme,db4,usage,81,250,250,0,large
W-CART,W-CART:cart,11,0.5,0.128,0.16462958343726616,0 1 3 2 7 15 4 31 8 9 5 6 10 11 12 63 13 65 64 14,0 1 3 7 2 15 4 9 8 5 6 31 10 13 65 11 12 14 16 17,phoneme,db4,usage,81,250,250,0,large
ALL,W-QDA:qda,12,0.5,0.08,0.09353953604390122,0 1 3 2 7 15 4 31 8 9 5 6 10 11 12 63 13 65 64 14,0 1 3 7 2 15 4 9 8 5 6 31 10 13 65 11 12 14 16 17,phoneme,db4,usage,81,250,250,0,large
W-NN,W-NN:k=5,8,1.5,0.092,0.12222499376403093,0 1 3 7 2 4 15 9 6 8 31 5 10 11 12 13 14 16 17 18,0 1 3 7 2 15 4 8 9 31 6 5 10 11 12 64 129 13 14 16,phoneme,db4,usage,82,250,250,0,large
W-QDA,W-QDA:qda,19,2.0,0.084,0.12995759541032675,0 1 3 2 7 4 5 6 8 9 10 11 12 13 14 15 16 17 18 19,0 1 3 7 2 15 4 8 9 31 6 5 10 11 12 64 129 13 14 16,phoneme,db4,usage,82,250,250,0,large
W-CART,W-CART:cart,11,2.0,0.136,0.15290596158643052,0 1 3 2 7 4 5 6 8 9 10 11 12 13 14 15 16 17 18 19,0 1 3 7 2 15 4 8 9 31 6 5 10 11 12 64 129 13 14 16,phoneme,db4,usage,82,250,250,0,large
ALL,W-QDA:qda,19,2.0,0.084,0.12995759541032675,0 1 3 2 7 4 5 6 8 9 10 11 12 13 14 15 16 17 18 19,0 1 3 7 2 15 4 8 9 31 6 5 10 11 12 64 129 13 14 16,phoneme,db4,usage,82,250,250,0,large
W-NN,W-NN:k=5,11,0.5,0.1,0.09728111748565726,0 1 3 7 2 15 4 31 8 9 5 6 10 11 12 13 14 64 63 65,0 1 3 7 2 15 4 9 8 31 6 5 10 11 19 12 64 107 129 13,phoneme,db4,usage,83,250,250,0,large
W-QDA,W-QDA:qda,10,2.0,0.108,0.09229234222998253,0 1 3 2 7 5 4 6 8 9 10 11 12 13 14 15 16 17 18 19,0 1 3 7 2 15 4 9 8 31 6 5 10 11 19 12 64 107 129 13,phoneme,db4,usage,83,250,250,0,large
W-CART,W-CART:cart,14,3.0,0.144,0.1416812172611624,0 1 3 2 4 5 6 7 8 9 10 11 12 13 14 15 16 17 18 19,0 1 3 7 2 15 4 9 8 31 6 5 10 11 19 12 64 107 129 13,phoneme,db4,usage,83,250,250,0,large
ALL,W-NN:k=5,11,0.5,0.1,0.09728111748565726,0 1 3 7 2 15 4 31 8 9 5 6 10 11 12 13 14 64 63 65,0 1 3 7 2 15 4 9 8 31 6 5 10 11 19 12 64 107 129 13,phoneme,db4,usage,83,250,250,0,large
W-NN,W-NN:k=3,24,1.0,0.068,0.11274632077824893,0 1 3 7 2 15 4 9 8 6 5 31 10 12 20 11 13 19 22 63,0 1 3 7 2 15 4 9 8 6 5 31 10 12 20 11 13 19 22 63,phoneme,db4,usage,84,250,250,0,large
W-QDA,W-QDA:qda,9,1.0,0.084,0.11199800448989773,0 1 3 7 2 15 4 9 8 6 5 31 10 12 20 11 13 19 22 63,0 1 3 7 2 15 4 9 8 6 5 31 10 12 20 11 13 19 22 63,phoneme,db4,usage,84,250,250,0,large
W-CART,W-CART:cart,28,1.5,0.092,0.1404340234472437,0 1 3 7 2 4 15 9 5 6 10 8 11 12 13 14 16 17 18 19,0 1 3 7 2 15 4 9 8 6 5 31 10 12 20 11 13 19 22 63,phoneme,db4,usage,84,250,250,0,large
ALL,W-NN:k=3,24,1.0,0.068,0.11274632077824893,0 1 3 7 2 15 4 9 8 6 5 31 10 12 20 11 13 19 22 63,0 1 3 7 2 15 4 9 8 6 5 31 10 12 20 11 13 19 22 63,phoneme,db4,usage,84,250,250,0,large
W-NN,W-NN:k=25,14,1.5,0.096,0.11224744325268146,0 1 3 7 2 15 4 6 5 8 9 10 20 11 12 13 14 16 17 18,0 1 3 7 2 15 4 9 8 6 31 5 10 11 12 20 13 63 64 65,phoneme,db4,usage,85,250,250,0,large
W-QDA,W-QDA:qda,7,2.0,0.076,0.11349463706660015,0 1 3 2 7 4 5 15 6 8 9 10 11 12 13 14 16 17 18 19,0 1 3 7 2 15 4 9 8 6 31 5 10 11 12 20 13 63 64 65,phoneme,db4,usage,85,250,250,0,large
W-CART,W-CART:cart,11,1.0,0.132,0.16163631828386132,0 1 3 7 2 15 4 9 8 6 31 5 10 11 12 20 13 63 64 65,0 1 3 7 2 15 4 9 8 6 31 5 10 11 12 20 13 63 64 65,phoneme,db4,usage,85,250,250,0,large
ALL,W-QDA:qda,7,2.0,0.076,0.11349463706660015,0 1 3 2 7 4 5 15 6 8 9 10 11 12 13 14 16 17 18 19,0 1 3 7 2 15 4 9 8 6 31 5 10 11 12 20 13 63 64 65,phoneme,db4,usage,85,250,250,0,large
W-NN,W-NN:k=15,11,0.5,0.08,0.09603392367173859,0 1 3 7 2 15 4 9 31 8 5 6 10 11 12 13 63 64 17 14,0 1 3 7 2 15 4 9 8 31 5 6 11 10 12 19 63 64 194 13,phoneme,db4,usage,86,250,250,0,large
W-QDA,W-QDA:qda,11,0.5,0.1,0.09753055624844101,0 1 3 7 2 15 4 9 31 8 5 6 10 11 12 13 63 64 17 14,0 1 3 7 2 15 4 9 8 31 5 6 11 10 12 19 63 64 194 13,phoneme,db4,usage,86,250,250,0,large
W-CART,W-CART:cart,42,1.5,0.128,0.1411823397355949,0 1 3 2 7 15 4 6 5 9 8 10 11 12 13 14 16 17 18 19,0 1 3 7 2 15 4 9 8 31 5 6 11 10 12 19 63 64 194 13,phoneme,db4,usage,86,250,250,0,large
ALL,W-NN:k=15,11,0.5,0.08,0.09603392367173859,0 1 3 7 2 15 4 9 31 8 5 6 10 11 12 13 63 64 17 14,0 1 3 7 2 15 4 9 8 31 5 6 11 10 12 19 63 64 194 13,phoneme,db4,usage,86,250,250,0,large
W-NN,W-NN:k=1,26,1.5,0.084,0.11973060613619356,0 1 3 7 2 4 15 5 6 8 9 31 10 11 12 13 14 16 17 18,0 1 3 7 2 15 4 9 8 31 6 5 10 11 12 14 16 20 63 100,phoneme,db4,usage,87,250,250,0,large
W-QDA,W-QDA:qda,8,2.0,0.088,0.09852831129957595,0 1 3 7 2 4 5 6 8 9 10 11 12 13 14 15 16 17 18 19,0 1 3 7 2 15 4 9 8 31 6 5 10 11 12 14 16 20 63 100,phoneme,db4,usage,87,250,250,0,large
W-CART,W-CART:cart,40,1.0,0.124,0.1554003492142679,0 1 3 7 2 15 4 9 8 31 6 5 10 11 12 14 16 20 63 100,0 1 3 7 2 15 4 9 8 31 6 5 10 11 12 14 16 20 63 100,phoneme,db4,usage,87,250,250,0,large
ALL,W-NN:k=1,26,1.5,0.084,0.11973060613619356,0 1 3 7 2 4 15 5 6 8 9 31 10 11 12 13 14 16 17 18,0 1 3 7 2 15 4 9 8 31 6 5 10 11 12 14 16 20 63 100,phoneme,db4,usage,87,250,250,0,large
W-NN,W-NN:k=9,27,0.5,0.1,0.11399351459216762,0 1 3 7 15 2 4 8 31 9 5 6 11 10 12 63 13 64 14 17,0 1 3 7 2 15 4 8 9 31 6 5 12 10 11 20 19 21 22 41,phoneme,db4,usage,88,250,250,0,large
W-QDA,W-QDA:qda,17,2.0,0.088,0.12322274881516587,0 1 3 7 2 4 15 5 6 8 9 10 11 12 13 14 16 17 18 19,0 1 3 7 2 15 4 8 9 31 6 5 12 10 11 20 19 21 22 41,phoneme,db4,usage,88,250,250,0,large
W-CART,W-CART:cart,11,3.0,0.092,0.14267897231229734,0 1 3 2 4 5 6 7 8 9 10 11 12 13 14 15 16 17 18 19,0 1 3 7 2 15 4 8 9 31 6 5 12 10 11 20 19 21 22 41,phoneme,db4,usage,88,250,250,0,large
ALL,W-QDA:qda,17,2.0,0.088,0.12322274881516587,0 1 3 7 2 4 15 5 6 8 9 10 11 12 13 14 16 17 18 19,0 1 3 7 2 15 4 8 9 31 6 5 12 10 11 20 19 21 22 41,phoneme,db4,usage,88,250,250,0,large
W-NN,W-NN:k=7,22,1.0,0.048,0.10576203542030431,0 1 3 7 2 15 4 8 9 31 6 5 11 63 64 65 10 12 13 18,0 1 3 7 2 15 4 8 9 31 6 5 11 63 64 65 10 12 13 18,phoneme,db4,usage,89,250,250,0,large
W-QDA,W-QDA:qda,5,3.0,0.084,0.1172362185083562,0 1 3 2 4 5 6 7 8 9 10 11 12 13 14 15 16 17 18 19,0 1 3 7 2 15 4 8 9 31 6 5 11 63 64 65 10 12 13 18,phoneme,db4,usage,89,250,250,0,large
W-CART,W-CART:cart,45,4.0,0.112,0.18233973559491146,0 1 2 3 4 5 6 7 8 9 10 11 12 13 14 15 16 17 18 19,0 1 3 7 2 15 4 8 9 31 6 5 11 63 64 65 10 12 13 18,phoneme,db4,usage,89,250,250,0,large
ALL,W-NN:k=7,22,1.0,0.048,0.10576203542030431,0 1 3 7 2 15 4 8 9 31 6 5 11 63 64 65 10 12 13 18,0 1 3 7 2 15 4 8 9 31 6 5 11 63 64 65 10 12 13 18,phoneme,db4,usage,89,250,250,0,large
W-NN,W-NN:k=15,9,1.0,0.076,0.10476428036916936,0 1 3 7 2 15 4 8 9 5 6 31 10 11 12 19 20 64 129 13,0 1 3 7 2 15 4 8 9 5 6 31 10 11 12 19 20 64 129 13,phoneme,db4,usage,90,250,250,0,large
W-QDA,W-QDA:qda,7,0.5,0.076,0.11324519830381641,0 1 3 2 7 15 4 31 8 9 5 6 10 11 12 64 13 63 65 14,0 1 3 7 2 15 4 8 9 5 6 31 10 11 12 19 20 64 129 13,phoneme,db4,usage,90,250,250,0,large
W-CART,W-CART:cart,34,0.5,0.1,0.16512846096283362,0 1 3 2 7 15 4 31 8 9 5 6 10 11 12 64 13 63 65 14,0 1 3 7 2 15 4 8 9 5 6 31 10 11 12 19 20 64 129 13,phoneme,db4,usage,90,250,250,0,large
ALL,W-QDA:qda,7,0.5,0.076,0.11324519830381641,0 1 3 2 7 15 4 31 8 9 5 6 10 11 12 64 13 63 65 14,0 1 3 7 2 15 4 8 9 5 6 31 10 11 12 19 20 64 129 13,phoneme,db4,usage,90,250,250,0,large
W-NN,W-NN:k=3,17,1.0,0.096,0.12846096283362435,0 1 3 7 2 15 4 9 8 6 31 5 11 10 12 20 13 19 63 64,0 1 3 7 2 15 4 9 8 6 31 5 11 10 12 20 13 19 63 64,phoneme,db4,usage,91,250,250,0,large
W-QDA,W-QDA:qda,8,1.0,0.1,0.10875530057370915,0 1 3 7 2 15 4 9 8 6 31 5 11 10 12 20 13 19 63 64,0 1 3 7 2 15 4 9 8 6 31 5 11 10 12 20 13 19 63 64,phoneme,db4,usage,91,250,250,0,large
W-CART,W-CART:cart,47,3.0,0.112,0.16038912446994263,0 1 3 2 4 5 6 7 8 9 10 11 12 13 14 15 16 17 18 19,0 1 3 7 2 15 4 9 8 6 31 5 11 10 12 20 13 19 63 64,phoneme,db4,usage,91,250,250,0,large
ALL,W-NN:k=3,17,1.0,0.096,0.12846096283362435,0 1 3 7 2 15 4 9 8 6 31 5 11 10 12 20 13 19 63 64,0 1 3 7 2 15 4 9 8 6 31 5 11 10 12 20 13 19 63 64,phoneme,db4,usage,91,250,250,0,large
W-NN,W-NN:k=15,10,2.0,0.072,0.1199800448989773,0 1 3 2 7 4 5 6 8 9 10 11 12 13 14 15 16 17 18 19,0 1 3 7 2 15 4 8 9 31 5 6 10 11 13 63 65 79 12 14,phoneme,db4,usage,92,250,250,0,large
W-QDA,W-QDA:qda,9,1.0,0.064,0.09777999501122474,0 1 3 7 2 15 4 8 9 31 5 6 10 11 13 63 65 79 12 14,0 1 3 7 2 15 4 8 9 31 5 6 10 11 13 63 65 79 12 14,phoneme,db4,usage,92,250,250,0,large
W-CART,W-CART:cart,42,1.0,0.088,0.153404839111998,0 1 3 7 2 15 4 8 9 31 5 6 10 11 13 63 65 79 12 14,0 1 3 7 2 15 4 8 9 31 5 6 10 11 13 63 65 79 12 14,phoneme,db4,usage,92,250,250,0,large
ALL,W-QDA:qda,9,1.0,0.064,0.09777999501122474,0 1 3 7 2 15 4 8 9 31 5 6 10 11 13 63 65 79 12 14,0 1 3 7 2 15 4 8 9 31 5 6 10 11 13 63 65 79 12 14,phoneme,db4,usage,92,250,250,0,large
W-NN,W-NN:k=7,11,2.0,0.072,0.11349463706660015,0 1 3 2 7 4 15 5 6 8 9 10 11 12 13 14 16 17 18 19,0 1 3 7 2 15 4 8 9 6 31 5 10 11 12 19 13 14 16 17,phoneme,db4,usage,93,250,250,0,large
W-QDA,W-QDA:qda,9,1.5,0.08,0.11598902469443752,0 1 3 7 2 15 4 6 9 5 11 8 10 12 13 14 16 17 18 19,0 1 3 7 2 15 4 8 9 6 31 5 10 11 12 19 13 14 16 17,phoneme,db4,usage,93,250,250,0,large
W-CART,W-CART:cart,12,1.0,0.128,0.15240708406086306,0 1 3 7 2 15 4 8 9 6 31 5 10 11 12 19 13 14 16 17,0 1 3 7 2 15 4 8 9 6 31 5 10 11 12 19 13 14 16 17,phoneme,db4,usage,93,250,250,0,large
ALL,W-NN:k=7,11,2.0,0.072,0.11349463706660015,0 1 3 2 7 4 15 5 6 8 9 10 11 12 13 14 16 17 18 19,0 1 3 7 2 15 4 8 9 6 31 5 10 11 12 19 13 14 16 17,phoneme,db4,usage,93,250,250,0,large
W-NN,W-NN:k=7,9,2.0,0.084,0.10451484160638563,0 1 3 7 2 4 5 6 8 9 10 11 12 13 14 15 16 17 18 19,0 1 3 7 2 15 4 8 9 31 6 5 11 10 12 77 107 254 13 14,phoneme,db4,usage,94,250,250,0,large
W-QDA,W-QDA:qda,6,2.0,0.072,0.1015215764529808,0 1 3 7 2 4 5 6 8 9 10 11 12 13 14 15 16 17 18 19,0 1 3 7 2 15 4 8 9 31 6 5 11 10 12 77 107 254 13 14,phoneme,db4,usage,94,250,250,0,large
W-CART,W-CART:cart,14,2.0,0.12,0.15240708406086306,0 1 3 7 2 4 5 6 8 9 10 11 12 13 14 15 16 17 18 19,0 1 3 7 2 15 4 8 9 31 6 5 11 10 12 77 107 254 13 14,phoneme,db4,usage,94,250,250,0,large
ALL,W-QDA:qda,6,2.0,0.072,0.1015215764529808,0 1 3 7 2 4 5 6 8 9 10 11 12 13 14 15 16 17 18 19,0 1 3 7 2 15 4 8 9 31 6 5 11 10 12 77 107 254 13 14,phoneme,db4,usage,94,250,250,0,large
W-NN,W-NN:k=3,58,0.5,0.092,0.10177101521576452,0 1 3 7 2 15 4 31 8 9 5 6 10 11 12 64 13 63 65 16,0 1 3 7 2 15 4 9 8 6 31 5 10 12 20 11 16 19 63 64,phoneme,db4,usage,95,250,250,0,large
W-QDA,W-QDA:qda,11,2.0,0.088,0.09728111748565726,0 1 3 2 7 4 9 15 5 6 8 10 11 12 13 14 16 17 18 19,0 1 3 7 2 15 4 9 8 6 31 5 10 12 20 11 16 19 63 64,phoneme,db4,usage,95,250,250,0,large
W-CART,W-CART:cart,9,1.0,0.144,0.1384385133449738,0 1 3 7 2 15 4 9 8 6 31 5 10 12 20 11 16 19 63 64,0 1 3 7 2 15 4 9 8 6 31 5 10 12 20 11 16 19 63 64,phoneme,db4,usage,95,250,250,0,large
ALL,W-QDA:qda,11,2.0,0.088,0.09728111748565726,0 1 3 2 7 4 9 15 5 6 8 10 11 12 13 14 16 17 18 19,0 1 3 7 2 15 4 9 8 6 31 5 10 12 20 11 16 19 63 64,phoneme,db4,usage,95,250,250,0,large
W-NN,W-NN:k=9,13,3.0,0.08,0.10725866799700673,0 1 3 2 4 5 6 7 8 9 10 11 12 13 14 15 16 17 18 19,0 1 3 7 2 15 4 8 9 6 31 5 10 11 12 25 63 77 125 13,phoneme,db4,usage,96,250,250,0,large
W-QDA,W-QDA:qda,11,0.5,0.1,0.10077326016462958,0 1 3 15 7 2 4 31 8 9 5 6 10 11 12 13 64 14 63 65,0 1 3 7 2 15 4 8 9 6 31 5 10 11 12 25 63 77 125 13,phoneme,db4,usage,96,250,250,0,large
W-CART,W-CART:cart,16,3.0,0.12,0.16487902220004988,0 1 3 2 4 5 6 7 8 9 10 11 12 13 14 15 16 17 18 19,0 1 3 7 2 15 4 8 9 6 31 5 10 11 12 25 63 77 125 13,phoneme,db4,usage,96,250,250,0,large
ALL,W-NN:k=9,13,3.0,0.08,0.10725866799700673,0 1 3 2 4 5 6 7 8 9 10 11 12 13 14 15 16 17 18 19,0 1 3 7 2 15 4 8 9 6 31 5 10 11 12 25 63 77 125 13,phoneme,db4,usage,96,250,250,0,large
W-NN,W-NN:k=15,22,0.5,0.088,0.11075081067597904,0 1 3 7 2 15 4 31 8 9 5 6 10 11 12 63 13 64 65 14,0 1 3 7 2 15 4 8 9 6 31 5 10 11 25 65 12 13 14 16,phoneme,db4,usage,97,250,250,0,large
W-QDA,W-QDA:qda,6,3.0,0.096,0.11324519830381641,0 1 3 2 4 5 6 7 8 9 10 11 12 13 14 15 16 17 18 19,0 1 3 7 2 15 4 8 9 6 31 5 10 11 25 65 12 13 14 16,phoneme,db4,usage,97,250,250,0,large
W-CART,W-CART:cart,9,1.5,0.124,0.14068346221002745,0 1 3 7 2 4 15 9 5 6 8 10 11 12 13 14 16 17 18 19,0 1 3 7 2 15 4 8 9 6 31 5 10 11 25 65 12 13 14 16,phoneme,db4,usage,97,250,250,0,large
ALL,W-NN:k=15,22,0.5,0.088,0.11075081067597904,0 1 3 7 2 15 4 31 8 9 5 6 10 11 12 63 13 64 65 14,0 1 3 7 2 15 4 8 9 6 31 5 10 11 25 65 12 13 14 16,phoneme,db4,usage,97,250,250,0,large
W-NN,W-NN:k=25,12,1.5,0.08,0.11050137191319531,0 1 3 7 2 4 15 6 5 8 9 10 11 12 13 14 16 17 18 19,0 1 3 7 2 15 4 9 8 6 31 5 10 12 11 13 14 16 17 18,phoneme,db4,usage,98,250,250,0,large
W-QDA,W-QDA:qda,24,1.5,0.096,0.11898228984784236,0 1 3 7 2 4 15 6 5 8 9 10 11 12 13 14 16 17 18 19,0 1 3 7 2 15 4 9 8 6 31 5 10 12 11 13 14 16 17 18,phoneme,db4,usage,98,250,250,0,large
W-CART,W-CART:cart,12,0.5,0.136,0.14866550261910702,0 1 3 2 7 15 4 31 8 9 5 6 11 10 12 13 64 63 65 14,0 1 3 7 2 15 4 9 8 6 31 5 10 12 11 13 14 16 17 18,phoneme,db4,usage,98,250,250,0,large
ALL,W-NN:k=25,12,1.5,0.08,0.11050137191319531,0 1 3 7 2 4 15 6 5 8 9 10 11 12 13 14 16 17 18 19,0 1 3 7 2 15 4 9 8 6 31 5 10 12 11 13 14 16 17 18,phoneme,db4,usage,98,250,250,0,large
W-NN,W-NN:k=9,10,2.0,0.088,0.102269892741332,0 1 3 2 7 4 5 6 8 9 10 11 12 13 14 15 16 17 18 19,0 1 3 7 2 15 4 8 9 5 31 6 10 11 12 13 20 21 25 29,phoneme,db4,usage,99,250,250,0,large
W-QDA,W-QDA:qda,11,2.0,0.084,0.09603392367173859,0 1 3 2 7 4 5 6 8 9 10 11 12 13 14 15 16 17 18 19,0 1 3 7 2 15 4 8 9 5 31 6 10 11 12 13 20 21 25 29,phoneme,db4,usage,99,250,250,0,large
W-CART,W-CART:cart,9,2.0,0.136,0.1314542279870292,0 1 3 2 7 4 5 6 8 9 10 11 12 13 14 15 16 17 18 19,0 1 3 7 2 15 4 8 9 5 31 6 10 11 12 13 20 21 25 29,phoneme,db4,usage,99,250,250,0,large
ALL,W-QDA:qda,11,2.0,0.084,0.09603392367173859,0 1 3 2 7 4 5 6 8 9 10 11 12 13 14 15 16 17 18 19,0 1 3 7 2 15 4 8 9 5 31 6 10 11 12 13 20 21 25 29,phoneme,db4,usage,99,250,250,0,large
W-NN,W-NN:k=1,10,0.5,0.12,0.14,1 3 4 6 0 2 5 8 11 12 7 23 9 10 25 24 47 16 13 26,3 1 6 0 4 5 2 8 11 12 23 9 25 24 10 7 47 13 49 16,ecg200-raw,db4,usage,0,50,50,0,large
W-QDA,W-QDA:qda,11,0.5,0.1,0.18,1 3 4 6 0 2 5 8 11 12 7 23 9 10 25 24 47 16 13 26,3 1 6 0 4 5 2 8 11 12 23 9 25 24 10 7 47 13 49 16,ecg200-raw,db4,usage,0,50,50,0,large
W-CART,W-CART:cart,15,1.5,0.12,0.18,1 3 4 5 0 2 6 8 12 11 24 23 7 46 9 22 25 10 13 14,3 1 6 0 4 5 2 8 11 12 23 9 25 24 10 7 47 13 49 16,ecg200-raw,db4,usage,0,50,50,0,large
ALL,W-QDA:qda,11,0.5,0.1,0.18,1 3 4 6 0 2 5 8 11 12 7 23 9 10 25 24 47 16 13 26,3 1 6 0 4 5 2 8 11 12 23 9 25 24 10 7 47 13 49 16,ecg200-raw,db4,usage,0,50,50,0,large
W-NN,W-NN:k=3,10,0.5,0.1,0.15,1 2 3 4 6 11 0 12 5 8 23 10 7 25 9 24 16 47 50 13,1 3 4 5 0 6 2 11 12 8 23 25 9 24 7 10 47 13 22 49,ecg200-raw,db4,usage,1,50,50,0,large
W-QDA,W-QDA:qda,10,3.0,0.02,0.19,3 4 1 5 0 2 11 12 6 7 8 9 10 13 14 15 16 17 18 19,1 3 4 5 0 6 2 11 12 8 23 25 9 24 7 10 47 13 22 49,ecg200-raw,db4,usage,1,50,50,0,large
W-CART,W-CART:cart,9,2.0,0.1,0.2,3 1 4 5 2 8 0 12 6 11 24 23 7 46 9 10 13 14 15 16,1 3 4 5 0 6 2 11 12 8 23 25 9 24 7 10 47 13 22 49,ecg200-raw,db4,usage,1,50,50,0,large
ALL,W-QDA:qda,10,3.0,0.02,0.19,3 4 1 5 0 2 11 12 6 7 8 9 10 13 14 15 16 17 18 19,1 3 4 5 0 6 2 11 12 8 23 25 9 24 7 10 47 13 22 49,ecg200-raw,db4,usage,1,50,50,0,large
W-NN,W-NN:k=1,8,0.5,0.1,0.14,1 3 4 0 6 2 11 12 5 8 23 9 10 25 7 24 16 47 13 48,1 3 4 0 6 5 12 2 8 11 23 9 10 24 25 7 47 13 48 50,ecg200-raw,db4,usage,2,50,50,0,large
W-QDA,W-QDA:qda,15,1.0,0.08,0.13,1 3 4 0 6 5 12 2 8 11 23 9 10 24 25 7 47 13 48 50,1 3 4 0 6 5 12 2 8 11 23 9 10 24 25 7 47 13 48 50,ecg200-raw,db4,usage,2,50,50,0,large
W-CART,W-CART:cart,10,3.0,0.1,0.18,4 3 1 0 5 2 12 6 11 7 8 23 9 10 13 14 15 16 17 18,1 3 4 0 6 5 12 2 8 11 23 9 10 24 25 7 47 13 48 50,ecg200-raw,db4,usage,2,50,50,0,large
ALL,W-QDA:qda,15,1.0,0.08,0.13,1 3 4 0 6 5 12 2 8 11 23 9 10 24 25 7 47 13 48 50,1 3 4 0 6 5 12 2 8 11 23 9 10 24 25 7 47 13 48 50,ecg200-raw,db4,usage,2,50,50,0,large
W-NN,W-NN:k=3,13,1.0,0.14,0.18,1 3 4 5 0 2 6 12 8 11 23 25 10 9 24 7 47 22 50 46,1 3 4 5 0 2 6 12 8 11 23 25 10 9 24 7 47 22 50 46,ecg200-raw,db4,usage,3,50,50,0,large
W-QDA,W-QDA:qda,10,3.0,0.14,0.14,3 4 1 2 5 0 6 12 11 23 8 7 9 10 13 14 15 16 17 18,1 3 4 5 0 2 6 12 8 11 23 25 10 9 24 7 47 22 50 46,ecg200-raw,db4,usage,3,50,50,0,large
W-CART,W-CART:cart,15,4.0,0.12,0.16,3 1 4 0 2 5 6 11 7 8 9 10 12 13 14 15 16 17 18 19,1 3 4 5 0 2 6 12 8 11 23 25 10 9 24 7 47 22 50 46,ecg200-raw,db4,usage,3,50,50,0,large
ALL,W-CART:cart,15,4.0,0.12,0.16,3 1 4 0 2 5 6 11 7 8 9 10 12 13 14 15 16 17 18 19,1 3 4 5 0 2 6 12 8 11 23 25 10 9 24 7 47 22 50 46,ecg200-raw,db4,usage,3,50,50,0,large
W-NN,W-NN:k=3,18,1.0,0.08,0.18,1 4 3 6 5 0 2 8 12 11 23 25 10 9 24 7 47 13 22 16,1 4 3 6 5 0 2 8 12 11 23 25 10 9 24 7 47 13 22 16,ecg200-raw,db4,usage,4,50,50,0,large
W-QDA,W-QDA:qda,11,3.0,0.12,0.17,3 4 1 0 2 5 12 6 11 7 23 8 9 10 13 14 15 16 17 18,1 4 3 6 5 0 2 8 12 11 23 25 10 9 24 7 47 13 22 16,ecg200-raw,db4,usage,4,50,50,0,large
W-CART,W-CART:cart,9,1.0,0.1,0.24,1 4 3 6 5 0 2 8 12 11 23 25 10 9 24 7 47 13 22 16,1 4 3 6 5 0 2 8 12 11 23 25 10 9 24 7 47 13 22 16,ecg200-raw,db4,usage,4,50,50,0,large
ALL,W-NN:k=3,18,1.0,0.08,0.18,1 4 3 6 5 0 2 8 12 11 23 25 10 9 24 7 47 13 22 16,1 4 3 6 5 0 2 8 12 11 23 25 10 9 24 7 47 13 22 16,ecg200-raw,db4,usage,4,50,50,0,large
W-NN,W-NN:k=1,15,0.5,0.08,0.16,1 3 2 4 6 11 5 0 23 12 8 10 25 7 9 24 47 13 16 50,1 3 2 4 5 0 6 11 12 23 8 25 24 10 9 47 7 22 13 50,ecg200-raw,db4,usage,5,50,50,0,large
W-QDA,W-QDA:qda,3,4.0,0.08,0.21,3 4 0 1 2 5 6 7 8 9 10 11 12 13 14 15 16 17 18 19,1 3 2 4 5 0 6 11 12 23 8 25 24 10 9 47 7 22 13 50,ecg200-raw,db4,usage,5,50,50,0,large
W-CART,W-CART:cart,11,2.0,0.08,0.16,1 3 4 2 5 0 8 12 6 11 23 7 24 47 9 10 13 14 15 16,1 3 2 4 5 0 6 11 12 23 8 25 24 10 9 47 7 22 13 50,ecg200-raw,db4,usage,5,50,50,0,large
ALL,W-QDA:qda,3,4.0,0.08,0.21,3 4 0 1 2 5 6 7 8 9 10 11 12 13 14 15 16 17 18 19,1 3 2 4 5 0 6 11 12 23 8 25 24 10 9 47 7 22 13 50,ecg200-raw,db4,usage,5,50,50,0,large
W-NN,W-NN:k=5,3,0.5,0.16,0.24,1 3 6 0 4 2 5 11 7 12 8 23 10 24 25 9 16 47 26 48,3 1 6 4 0 5 2 12 11 8 25 24 23 9 10 7 47 22 50 13,ecg200-raw,db4,usage,6,50,50,0,large
W-QDA,W-QDA:qda,7,0.5,0.1,0.14,1 3 6 0 4 2 5 11 7 12 8 23 10 24 25 9 16 47 26 48,3 1 6 4 0 5 2 12 11 8 25 24 23 9 10 7 47 22 50 13,ecg200-raw,db4,usage,6,50,50,0,large
W-CART,W-CART:cart,7,0.5,0.18,0.23,1 3 6 0 4 2 5 11 7 12 8 23 10 24 25 9 16 47 26 48,3 1 6 4 0 5 2 12 11 8 25 24 23 9 10 7 47 22 50 13,ecg200-raw,db4,usage,6,50,50,0,large
ALL,W-QDA:qda,7,0.5,0.1,0.14,1 3 6 0 4 2 5 11 7 12 8 23 10 24 25 9 16 47 26 48,3 1 6 4 0 5 2 12 11 8 25 24 23 9 10 7 47 22 50 13,ecg200-raw,db4,usage,6,50,50,0,large
W-NN,W-NN:k=5,13,1.0,0.12,0.2,1 3 2 6 4 5 0 12 8 11 23 25 10 24 7 9 47 22 50 13,1 3 2 6 4 5 0 12 8 11 23 25 10 24 7 9 47 22 50 13,ecg200-raw,db4,usage,7,50,50,0,large
W-QDA,W-QDA:qda,13,1.0,0.08,0.2,1 3 2 6 4 5 0 12 8 11 23 25 10 24 7 9 47 22 50 13,1 3 2 6 4 5 0 12 8 11 23 25 10 24 7 9 47 22 50 13,ecg200-raw,db4,usage,7,50,50,0,large
W-CART,W-CART:cart,16,4.0,0.08,0.18,3 1 0 4 2 5 6 11 7 8 9 10 12 13 14 15 16 17 18 19,1 3 2 6 4 5 0 12 8 11 23 25 10 24 7 9 47 22 50 13,ecg200-raw,db4,usage,7,50,50,0,large
ALL,W-QDA:qda,13,1.0,0.08,0.2,1 3 2 6 4 5 0 12 8 11 23 25 10 24 7 9 47 22 50 13,1 3 2 6 4 5 0 12 8 11 23 25 10 24 7 9 47 22 50 13,ecg200-raw,db4,usage,7,50,50,0,large
W-NN,W-NN:k=1,8,3.0,0.14,0.13,4 3 1 5 0 2 6 11 12 8 23 7 9 10 13 14 15 16 17 18,1 4 3 0 5 6 2 8 11 12 23 25 24 9 10 47 7 13 50 16,ecg200-raw,db4,usage,8,50,50,0,large
W-QDA,W-QDA:qda,10,0.5,0.12,0.19,1 4 3 6 0 5 2 8 11 12 23 10 7 9 25 24 16 47 13 17,1 4 3 0 5 6 2 8 11 12 23 25 24 9 10 47 7 13 50 16,ecg200-raw,db4,usage,8,50,50,0,large
W-CART,W-CART:cart,38,4.0,0.08,0.21,3 1 0 4 2 5 6 7 8 9 10 11 12 13 14 15 16 17 18 19,1 4 3 0 5 6 2 8 11 12 23 25 24 9 10 47 7 13 50 16,ecg200-raw,db4,usage,8,50,50,0,large
ALL,W-CART:cart,38,4.0,0.08,0.21,3 1 0 4 2 5 6 7 8 9 10 11 12 13 14 15 16 17 18 19,1 4 3 0 5 6 2 8 11 12 23 25 24 9 10 47 7 13 50 16,ecg200-raw,db4,usage,8,50,50,0,large
W-NN,W-NN:k=1,14,1.5,0.12,0.17,1 3 4 0 5 2 8 6 11 12 24 23 7 25 47 9 22 49 10 13,1 4 3 0 5 6 2 11 8 12 9 23 24 25 10 7 47 22 13 48,ecg200-raw,db4,usage,9,50,50,0,large
W-QDA,W-QDA:qda,9,2.0,0.12,0.09,1 3 4 5 0 2 8 12 11 6 23 24 7 9 10 13 14 15 16 17,1 4 3 0 5 6 2 11 8 12 9 23 24 25 10 7 47 22 13 48,ecg200-raw,db4,usage,9,50,50,0,large
W-CART,W-CART:cart,7,8.0,0.14,0.19,0 1 2 3 4 5 6 7 8 9 10 11 12 13 14 15 16 17 18 19,1 4 3 0 5 6 2 11 8 12 9 23 24 25 10 7 47 22 13 48,ecg200-raw,db4,usage,9,50,50,0,large
ALL,W-QDA:qda,9,2.0,0.12,0.09,1 3 4 5 0 2 8 12 11 6 23 24 7 9 10 13 14 15 16 17,1 4 3 0 5 6 2 11 8 12 9 23 24 25 10 7 47 22 13 48,ecg200-raw,db4,usage,9,50,50,0,large
W-NN,W-NN:k=3,13,3.0,0.1,0.15,4 3 1 5 2 0 12 11 6 7 8 23 9 10 13 14 15 16 17 18,1 3 4 5 6 2 0 11 8 12 23 25 9 10 24 7 47 48 13 22,ecg200-raw,db4,usage,10,50,50,0,large
W-QDA,W-QDA:qda,10,3.0,0.1,0.15,4 3 1 5 2 0 12 11 6 7 8 23 9 10 13 14 15 16 17 18,1 3 4 5 6 2 0 11 8 12 23 25 9 10 24 7 47 48 13 22,ecg200-raw,db4,usage,10,50,50,0,large
W-CART,W-CART:cart,15,0.5,0.14,0.22,1 3 4 6 2 11 5 0 8 25 12 23 7 9 10 24 16 47 48 13,1 3 4 5 6 2 0 11 8 12 23 25 9 10 24 7 47 48 13 22,ecg200-raw,db4,usage,10,50,50,0,large
ALL,W-QDA:qda,10,3.0,0.1,0.15,4 3 1 5 2 0 12 11 6 7 8 23 9 10 13 14 15 16 17 18,1 3 4 5 6 2 0 11 8 12 23 25 9 10 24 7 47 48 13 22,ecg200-raw,db4,usage,10,50,50,0,large
W-NN,W-NN:k=1,18,3.0,0.12,0.21,3 4 1 5 0 2 12 6 11 7 23 8 9 10 13 14 15 16 17 18,1 3 4 5 6 0 2 12 8 11 9 23 25 24 10 47 7 13 22 14,ecg200-raw,db4,usage,11,50,50,0,large
W-QDA,W-QDA:qda,8,0.5,0.04,0.18,1 3 4 6 2 5 0 11 12 8 9 25 10 23 7 24 47 16 13 17,1 3 4 5 6 0 2 12 8 11 9 23 25 24 10 47 7 13 22 14,ecg200-raw,db4,usage,11,50,50,0,large
W-CART,W-CART:cart,14,1.5,0.08,0.26,1 3 5 4 2 6 0 8 12 11 23 24 7 25 47 46 22 9 10 13,1 3 4 5 6 0 2 12 8 11 9 23 25 24 10 47 7 13 22 14,ecg200-raw,db4,usage,11,50,50,0,large
ALL,W-QDA:qda,8,0.5,0.04,0.18,1 3 4 6 2 5 0 11 12 8 9 25 10 23 7 24 47 16 13 17,1 3 4 5 6 0 2 12 8 11 9 23 25 24 10 47 7 13 22 14,ecg200-raw,db4,usage,11,50,50,0,large
W-NN,W-NN:k=1,10,0.5,0.1,0.24,1 4 0 3 5 6 11 2 25 12 10 8 9 23 7 24 16 47 26 17,1 4 3 5 0 6 2 12 8 11 25 23 24 9 10 7 47 13 50 22,ecg200-raw,db4,usage,12,50,50,0,large
W-QDA,W-QDA:qda,7,3.0,0.14,0.2,4 3 1 5 0 2 12 11 6 7 8 9 10 13 14 15 16 17 18 19,1 4 3 5 0 6 2 12 8 11 25 23 24 9 10 7 47 13 50 22,ecg200-raw,db4,usage,12,50,50,0,large
W-CART,W-CART:cart,13,2.0,0.14,0.27,4 1 3 5 8 2 0 12 6 24 11 23 7 9 10 13 14 15 16 17,1 4 3 5 0 6 2 12 8 11 25 23 24 9 10 7 47 13 50 22,ecg200-raw,db4,usage,12,50,50,0,large
ALL,W-NN:k=1,10,0.5,0.1,0.24,1 4 0 3 5 6 11 2 25 12 10 8 9 23 7 24 16 47 26 17,1 4 3 5 0 6 2 12 8 11 25 23 24 9 10 7 47 13 50 22,ecg200-raw,db4,usage,12,50,50,0,large
W-NN,W-NN:k=1,10,2.0,0.1,0.16,1 3 4 5 2 8 0 12 6 24 11 23 7 9 10 13 14 15 16 17,3 1 0 4 5 6 2 12 8 11 9 23 25 24 10 47 7 13 48 22,ecg200-raw,db4,usage,13,50,50,0,large
W-QDA,W-QDA:qda,9,1.0,0.1,0.15,3 1 0 4 5 6 2 12 8 11 9 23 25 24 10 47 7 13 48 22,3 1 0 4 5 6 2 12 8 11 9 23 25 24 10 47 7 13 48 22,ecg200-raw,db4,usage,13,50,50,0,large
W-CART,W-CART:cart,7,1.5,0.08,0.22,1 3 4 5 2 0 6 12 8 11 24 23 47 7 25 10 22 26 46 9,3 1 0 4 5 6 2 12 8 11 9 23 25 24 10 47 7 13 48 22,ecg200-raw,db4,usage,13,50,50,0,large
ALL,W-CART:cart,7,1.5,0.08,0.22,1 3 4 5 2 0 6 12 8 11 24 23 47 7 25 10 22 26 46 9,3 1 0 4 5 6 2 12 8 11 9 23 25 24 10 47 7 13 48 22,ecg200-raw,db4,usage,13,50,50,0,large
W-NN,W-NN:k=5,4,0.5,0.12,0.15,4 1 3 6 11 0 8 12 2 5 23 25 9 10 7 24 47 16 50 13,1 3 4 5 6 0 12 2 8 11 24 23 25 9 10 7 47 48 13 46,ecg200-raw,db4,usage,14,50,50,0,large
W-QDA,W-QDA:qda,7,1.0,0.06,0.16,1 3 4 5 6 0 12 2 8 11 24 23 25 9 10 7 47 48 13 46,1 3 4 5 6 0 12 2 8 11 24 23 25 9 10 7 47 48 13 46,ecg200-raw,db4,usage,14,50,50,0,large
W-CART,W-CART:cart,27,0.5,0.14,0.19,4 1 3 6 11 0 8 12 2 5 23 25 9 10 7 24 47 16 50 13,1 3 4 5 6 0 12 2 8 11 24 23 25 9 10 7 47 48 13 46,ecg200-raw,db4,usage,14,50,50,0,large
ALL,W-QDA:qda,7,1.0,0.06,0.16,1 3 4 5 6 0 12 2 8 11 24 23 25 9 10 7 47 48 13 46,1 3 4 5 6 0 12 2 8 11 24 23 25 9 10 7 47 48 13 46,ecg200-raw,db4,usage,14,50,50,0,large
W-NN,W-NN:k=1,2,1.0,0.16,0.26,1 3 4 0 5 6 2 12 8 11 23 9 25 24 10 7 47 13 22 46,1 3 4 0 5 6 2 12 8 11 23 9 25 24 10 7 47 13 22 46,ecg200-raw,db4,usage,15,50,50,0,large
W-QDA,W-QDA:qda,4,6.0,0.14,0.2,0 3 1 6 2 4 5 7 8 9 10 11 12 13 14 15 16 17 18 19,1 3 4 0 5 6 2 12 8 11 23 9 25 24 10 7 47 13 22 46,ecg200-raw,db4,usage,15,50,50,0,large
W-CART,W-CART:cart,14,1.0,0.16,0.13,1 3 4 0 5 6 2 12 8 11 23 9 25 24 10 7 47 13 22 46,1 3 4 0 5 6 2 12 8 11 23 9 25 24 10 7 47 13 22 46,ecg200-raw,db4,usage,15,50,50,0,large
ALL,W-QDA:qda,4,6.0,0.14,0.2,0 3 1 6 2 4 5 7 8 9 10 11 12 13 14 15 16 17 18 19,1 3 4 0 5 6 2 12 8 11 23 9 25 24 10 7 47 13 22 46,ecg200-raw,db4,usage,15,50,50,0,large
W-NN,W-NN:k=1,11,2.0,0.1,0.12,1 3 4 5 2 8 0 6 12 11 24 7 9 10 13 14 15 16 17 18,1 3 4 6 0 2 5 8 11 12 23 9 25 10 24 7 47 13 26 48,ecg200-raw,db4,usage,16,50,50,0,large
W-QDA,W-QDA:qda,14,1.0,0.08,0.2,1 3 4 6 0 2 5 8 11 12 23 9 25 10 24 7 47 13 26 48,1 3 4 6 0 2 5 8 11 12 23 9 25 10 24 7 47 13 26 48,ecg200-raw,db4,usage,16,50,50,0,large
W-CART,W-CART:cart,20,1.5,0.12,0.16,3 1 4 5 2 6 0 8 11 12 23 24 7 25 47 9 22 26 46 10,1 3 4 6 0 2 5 8 11 12 23 9 25 10 24 7 47 13 26 48,ecg200-raw,db4,usage,16,50,50,0,large
ALL,W-QDA:qda,14,1.0,0.08,0.2,1 3 4 6 0 2 5 8 11 12 23 9 25 10 24 7 47 13 26 48,1 3 4 6 0 2 5 8 11 12 23 9 25 10 24 7 47 13 26 48,ecg200-raw,db4,usage,16,50,50,0,large
W-NN,W-NN:k=1,7,1.0,0.1,0.2,1 3 4 5 2 0 6 12 8 11 23 25 10 24 9 7 47 13 48 50,1 3 4 5 2 0 6 12 8 11 23 25 10 24 9 7 47 13 48 50,ecg200-raw,db4,usage,17,50,50,0,large
W-QDA,W-QDA:qda,14,1.5,0.14,0.17,1 3 4 5 2 8 0 12 6 11 23 24 7 25 47 22 9 10 13 14,1 3 4 5 2 0 6 12 8 11 23 25 10 24 9 7 47 13 48 50,ecg200-raw,db4,usage,17,50,50,0,large
W-CART,W-CART:cart,16,1.5,0.08,0.25,1 3 4 5 2 8 0 12 6 11 23 24 7 25 47 22 9 10 13 14,1 3 4 5 2 0 6 12 8 11 23 25 10 24 9 7 47 13 48 50,ecg200-raw,db4,usage,17,50,50,0,large
ALL,W-CART:cart,16,1.5,0.08,0.25,1 3 4 5 2 8 0 12 6 11 23 24 7 25 47 22 9 10 13 14,1 3 4 5 2 0 6 12 8 11 23 25 10 24 9 7 47 13 48 50,ecg200-raw,db4,usage,17,50,50,0,large
W-NN,W-NN:k=3,33,0.5,0.12,0.1,1 2 4 3 0 6 11 5 12 8 10 23 25 7 9 24 47 16 13 26,1 4 3 6 0 2 5 12 11 8 23 25 9 7 10 24 47 13 16 22,ecg200-raw,db4,usage,18,50,50,0,large
W-QDA,W-QDA:qda,5,0.5,0.14,0.15,1 2 4 3 0 6 11 5 12 8 10 23 25 7 9 24 47 16 13 26,1 4 3 6 0 2 5 12 11 8 23 25 9 7 10 24 47 13 16 22,ecg200-raw,db4,usage,18,50,50,0,large
W-CART,W-CART:cart,46,1.5,0.12,0.2,1 4 3 5 2 0 6 8 12 11 23 24 7 46 47 9 22 25 10 13,1 4 3 6 0 2 5 12 11 8 23 25 9 7 10 24 47 13 16 22,ecg200-raw,db4,usage,18,50,50,0,large
ALL,W-NN:k=3,33,0.5,0.12,0.1,1 2 4 3 0 6 11 5 12 8 10 23 25 7 9 24 47 16 13 26,1 4 3 6 0 2 5 12 11 8 23 25 9 7 10 24 47 13 16 22,ecg200-raw,db4,usage,18,50,50,0,large
W-NN,W-NN:k=7,3,0.5,0.12,0.21,1 6 3 4 2 0 5 11 8 12 10 7 25 23 9 16 24 47 13 48,1 3 6 4 5 2 0 12 8 11 25 23 24 9 10 7 47 22 13 50,ecg200-raw,db4,usage,19,50,50,0,large
W-QDA,W-QDA:qda,4,4.0,0.1,0.23,3 0 1 2 4 5 6 7 8 9 10 11 12 13 14 15 16 17 18 19,1 3 6 4 5 2 0 12 8 11 25 23 24 9 10 7 47 22 13 50,ecg200-raw,db4,usage,19,50,50,0,large
W-CART,W-CART:cart,4,6.0,0.16,0.22,0 3 2 6 1 4 5 7 8 9 10 11 12 13 14 15 16 17 18 19,1 3 6 4 5 2 0 12 8 11 25 23 24 9 10 7 47 22 13 50,ecg200-raw,db4,usage,19,50,50,0,large
ALL,W-QDA:qda,4,4.0,0.1,0.23,3 0 1 2 4 5 6 7 8 9 10 11 12 13 14 15 16 17 18 19,1 3 6 4 5 2 0 12 8 11 25 23 24 9 10 7 47 22 13 50,ecg200-raw,db4,usage,19,50,50,0,large
W-NN,W-NN:k=1,5,0.5,0.1,0.21,1 6 3 5 2 4 11 0 12 8 23 10 9 7 25 16 24 13 47 26,1 3 4 5 0 6 2 12 11 8 23 25 9 10 7 24 13 47 22 46,ecg200-raw,db4,usage,20,50,50,0,large
W-QDA,W-QDA:qda,14,2.0,0.06,0.2,4 1 3 5 2 8 12 0 6 11 7 23 24 46 9 10 13 14 15 16,1 3 4 5 0 6 2 12 11 8 23 25 9 10 7 24 13 47 22 46,ecg200-raw,db4,usage,20,50,50,0,large
W-CART,W-CART:cart,14,1.0,0.1,0.22,1 3 4 5 0 6 2 12 11 8 23 25 9 10 7 24 13 47 22 46,1 3 4 5 0 6 2 12 11 8 23 25 9 10 7 24 13 47 22 46,ecg200-raw,db4,usage,20,50,50,0,large
ALL,W-QDA:qda,14,2.0,0.06,0.2,4 1 3 5 2 8 12 0 6 11 7 23 24 46 9 10 13 14 15 16,1 3 4 5 0 6 2 12 11 8 23 25 9 10 7 24 13 47 22 46,ecg200-raw,db4,usage,20,50,50,0,large
W-NN,W-NN:k=1,11,3.0,0.1,0.14,3 4 1 5 0 2 12 6 11 7 8 9 10 13 14 15 16 17 18 19,1 3 4 5 6 12 0 8 11 2 23 25 9 10 24 47 13 7 16 14,ecg200-raw,db4,usage,21,50,50,0,large
W-QDA,W-QDA:qda,6,0.5,0.1,0.19,1 6 3 4 11 0 5 12 2 8 23 10 25 9 7 47 16 24 13 50,1 3 4 5 6 12 0 8 11 2 23 25 9 10 24 47 13 7 16 14,ecg200-raw,db4,usage,21,50,50,0,large
W-CART,W-CART:cart,35,3.0,0.12,0.22,3 4 1 5 0 2 12 6 11 7 8 9 10 13 14 15 16 17 18 19,1 3 4 5 6 12 0 8 11 2 23 25 9 10 24 47 13 7 16 14,ecg200-raw,db4,usage,21,50,50,0,large
ALL,W-QDA:qda,6,0.5,0.1,0.19,1 6 3 4 11 0 5 12 2 8 23 10 25 9 7 47 16 24 13 50,1 3 4 5 6 12 0 8 11 2 23 25 9 10 24 47 13 7 16 14,ecg200-raw,db4,usage,21,50,50,0,large
W-NN,W-NN:k=1,11,0.5,0.1,0.16,3 1 4 6 2 0 11 5 8 12 25 7 23 9 10 24 16 47 17 13,3 1 4 0 2 5 6 11 8 12 23 25 9 24 10 47 7 22 50 13,ecg200-raw,db4,usage,22,50,50,0,large
W-QDA,W-QDA:qda,11,0.5,0.1,0.15,3 1 4 6 2 0 11 5 8 12 25 7 23 9 10 24 16 47 17 13,3 1 4 0 2 5 6 11 8 12 23 25 9 24 10 47 7 22 50 13,ecg200-raw,db4,usage,22,50,50,0,large
W-CART,W-CART:cart,16,0.5,0.12,0.27,3 1 4 6 2 0 11 5 8 12 25 7 23 9 10 24 16 47 17 13,3 1 4 0 2 5 6 11 8 12 23 25 9 24 10 47 7 22 50 13,ecg200-raw,db4,usage,22,50,50,0,large
ALL,W-NN:k=1,11,0.5,0.1,0.16,3 1 4 6 2 0 11 5 8 12 25 7 23 9 10 24 16 47 17 13,3 1 4 0 2 5 6 11 8 12 23 25 9 24 10 47 7 22 50 13,ecg200-raw,db4,usage,22,50,50,0,large
W-NN,W-NN:k=1,13,0.5,0.08,0.16,1 3 4 2 6 0 5 11 12 9 8 7 23 25 10 24 47 16 26 13,1 3 5 4 0 6 2 11 12 8 23 9 25 10 24 7 47 13 46 22,ecg200-raw,db4,usage,23,50,50,0,large
W-QDA,W-QDA:qda,13,1.0,0.1,0.12,1 3 5 4 0 6 2 11 12 8 23 9 25 10 24 7 47 13 46 22,1 3 5 4 0 6 2 11 12 8 23 9 25 10 24 7 47 13 46 22,ecg200-raw,db4,usage,23,50,50,0,large
W-CART,W-CART:cart,12,4.0,0.16,0.26,3 0 4 2 1 5 6 11 7 8 9 10 12 13 14 15 16 17 18 19,1 3 5 4 0 6 2 11 12 8 23 9 25 10 24 7 47 13 46 22,ecg200-raw,db4,usage,23,50,50,0,large
ALL,W-NN:k=1,13,0.5,0.08,0.16,1 3 4 2 6 0 5 11 12 9 8 7 23 25 10 24 47 16 26 13,1 3 5 4 0 6 2 11 12 8 23 9 25 10 24 7 47 13 46 22,ecg200-raw,db4,usage,23,50,50,0,large
W-NN,W-NN:k=1,23,0.5,0.04,0.13,1 6 3 2 4 12 11 0 5 8 23 25 10 7 9 24 16 47 13 48,1 3 4 6 5 2 11 12 0 8 23 10 25 9 24 47 7 13 22 46,ecg200-raw,db4,usage,24,50,50,0,large
W-QDA,W-QDA:qda,5,1.0,0.02,0.22,1 3 4 6 5 2 11 12 0 8 23 10 25 9 24 47 7 13 22 46,1 3 4 6 5 2 11 12 0 8 23 10 25 9 24 47 7 13 22 46,ecg200-raw,db4,usage,24,50,50,0,large
W-CART,W-CART:cart,31,4.0,0.04,0.26,3 0 1 4 2 5 6 11 7 8 9 10 12 13 14 15 16 17 18 19,1 3 4 6 5 2 11 12 0 8 23 10 25 9 24 47 7 13 22 46,ecg200-raw,db4,usage,24,50,50,0,large
ALL,W-QDA:qda,5,1.0,0.02,0.22,1 3 4 6 5 2 11 12 0 8 23 10 25 9 24 47 7 13 22 46,1 3 4 6 5 2 11 12 0 8 23 10 25 9 24 47 7 13 22 46,ecg200-raw,db4,usage,24,50,50,0,large
W-NN,W-NN:k=3,5,1.5,0.18,0.16,1 3 4 5 2 6 0 8 12 11 23 24 7 47 25 9 10 46 13 14,1 3 4 5 6 2 0 12 11 8 23 9 24 25 10 7 47 13 50 22,ecg200-raw,db4,usage,25,50,50,0,large
W-QDA,W-QDA:qda,15,2.0,0.12,0.14,1 4 3 5 2 8 0 6 12 11 23 24 7 46 9 10 13 14 15 16,1 3 4 5 6 2 0 12 11 8 23 9 24 25 10 7 47 13 50 22,ecg200-raw,db4,usage,25,50,50,0,large
W-CART,W-CART:cart,11,4.0,0.16,0.19,3 0 4 1 2 5 6 7 8 9 10 11 12 13 14 15 16 17 18 19,1 3 4 5 6 2 0 12 11 8 23 9 24 25 10 7 47 13 50 22,ecg200-raw,db4,usage,25,50,50,0,large
ALL,W-QDA:qda,15,2.0,0.12,0.14,1 4 3 5 2 8 0 6 12 11 23 24 7 46 9 10 13 14 15 16,1 3 4 5 6 2 0 12 11 8 23 9 24 25 10 7 47 13 50 22,ecg200-raw,db4,usage,25,50,50,0,large
W-NN,W-NN:k=1,7,0.5,0.18,0.17,1 3 0 4 6 2 12 5 11 8 10 7 9 23 25 24 47 16 13 17,1 3 4 5 0 6 2 12 8 11 9 23 10 25 7 24 47 13 22 46,ecg200-raw,db4,usage,26,50,50,0,large
W-QDA,W-QDA:qda,11,0.5,0.12,0.12,1 3 0 4 6 2 12 5 11 8 10 7 9 23 25 24 47 16 13 17,1 3 4 5 0 6 2 12 8 11 9 23 10 25 7 24 47 13 22 46,ecg200-raw,db4,usage,26,50,50,0,large
W-CART,W-CART:cart,11,3.0,0.14,0.22,4 3 1 5 0 2 6 12 7 8 23 9 10 11 13 14 15 16 17 18,1 3 4 5 0 6 2 12 8 11 9 23 10 25 7 24 47 13 22 46,ecg200-raw,db4,usage,26,50,50,0,large
ALL,W-QDA:qda,11,0.5,0.12,0.12,1 3 0 4 6 2 12 5 11 8 10 7 9 23 25 24 47 16 13 17,1 3 4 5 0 6 2 12 8 11 9 23 10 25 7 24 47 13 22 46,ecg200-raw,db4,usage,26,50,50,0,large
W-NN,W-NN:k=5,25,1.5,0.1,0.21,1 3 4 2 5 0 6 8 12 11 24 23 7 25 47 22 26 46 9 10,1 3 4 2 6 5 0 11 8 12 23 24 25 7 10 9 47 50 13 22,ecg200-raw,db4,usage,27,50,50,0,large
W-QDA,W-QDA:qda,9,0.5,0.06,0.19,1 6 3 4 2 0 12 5 11 7 8 23 10 25 24 9 16 47 17 13,1 3 4 2 6 5 0 11 8 12 23 24 25 7 10 9 47 50 13 22,ecg200-raw,db4,usage,27,50,50,0,large
W-CART,W-CART:cart,5,0.5,0.1,0.22,1 6 3 4 2 0 12 5 11 7 8 23 10 25 24 9 16 47 17 13,1 3 4 2 6 5 0 11 8 12 23 24 25 7 10 9 47 50 13 22,ecg200-raw,db4,usage,27,50,50,0,large
ALL,W-QDA:qda,9,0.5,0.06,0.19,1 6 3 4 2 0 12 5 11 7 8 23 10 25 24 9 16 47 17 13,1 3 4 2 6 5 0 11 8 12 23 24 25 7 10 9 47 50 13 22,ecg200-raw,db4,usage,27,50,50,0,large
W-NN,W-NN:k=1,17,1.0,0.04,0.17,3 1 6 4 5 0 12 2 8 11 23 25 10 24 9 7 47 13 22 16,3 1 6 4 5 0 12 2 8 11 23 25 10 24 9 7 47 13 22 16,ecg200-raw,db4,usage,28,50,50,0,large
W-QDA,W-QDA:qda,7,1.0,0.04,0.18,3 1 6 4 5 0 12 2 8 11 23 25 10 24 9 7 47 13 22 16,3 1 6 4 5 0 12 2 8 11 23 25 10 24 9 7 47 13 22 16,ecg200-raw,db4,usage,28,50,50,0,large
W-CART,W-CART:cart,1,1.0,0.16,0.29,3 1 6 4 5 0 12 2 8 11 23 25 10 24 9 7 47 13 22 16,3 1 6 4 5 0 12 2 8 11 23 25 10 24 9 7 47 13 22 16,ecg200-raw,db4,usage,28,50,50,0,large
ALL,W-QDA:qda,7,1.0,0.04,0.18,3 1 6 4 5 0 12 2 8 11 23 25 10 24 9 7 47 13 22 16,3 1 6 4 5 0 12 2 8 11 23 25 10 24 9 7 47 13 22 16,ecg200-raw,db4,usage,28,50,50,0,large
W-NN,W-NN:k=1,29,2.0,0.04,0.14,1 4 3 5 8 2 0 12 6 11 24 7 23 46 9 10 13 14 15 16,1 3 4 6 5 2 0 12 8 11 23 9 25 24 7 10 47 13 22 50,ecg200-raw,db4,usage,29,50,50,0,large
W-QDA,W-QDA:qda,6,0.5,0.1,0.19,1 3 4 6 2 11 5 0 12 8 23 10 7 9 25 24 16 47 13 50,1 3 4 6 5 2 0 12 8 11 23 9 25 24 7 10 47 13 22 50,ecg200-raw,db4,usage,29,50,50,0,large
W-CART,W-CART:cart,11,6.0,0.04,0.25,0 3 1 2 6 4 5 7 8 9 10 11 12 13 14 15 16 17 18 19,1 3 4 6 5 2 0 12 8 11 23 9 25 24 7 10 47 13 22 50,ecg200-raw,db4,usage,29,50,50,0,large
ALL,W-CART:cart,11,6.0,0.04,0.25,0 3 1 2 6 4 5 7 8 9 10 11 12 13 14 15 16 17 18 19,1 3 4 6 5 2 0 12 8 11 23 9 25 24 7 10 47 13 22 50,ecg200-raw,db4,usage,29,50,50,0,large
W-NN,W-NN:k=1,1,2.0,0.2,0.27,3 1 4 5 2 8 0 12 6 11 23 24 7 46 47 9 10 13 14 15,1 3 6 4 2 5 0 11 8 12 25 23 24 9 10 7 47 22 13 46,ecg200-raw,db4,usage,30,50,50,0,large
W-QDA,W-QDA:qda,10,1.0,0.16,0.11,1 3 6 4 2 5 0 11 8 12 25 23 24 9 10 7 47 22 13 46,1 3 6 4 2 5 0 11 8 12 25 23 24 9 10 7 47 22 13 46,ecg200-raw,db4,usage,30,50,50,0,large
W-CART,W-CART:cart,2,6.0,0.18,0.26,3 0 1 6 2 4 5 7 8 9 10 11 12 13 14 15 16 17 18 19,1 3 6 4 2 5 0 11 8 12 25 23 24 9 10 7 47 22 13 46,ecg200-raw,db4,usage,30,50,50,0,large
ALL,W-QDA:qda,10,1.0,0.16,0.11,1 3 6 4 2 5 0 11 8 12 25 23 24 9 10 7 47 22 13 46,1 3 6 4 2 5 0 11 8 12 25 23 24 9 10 7 47 22 13 46,ecg200-raw,db4,usage,30,50,50,0,large
W-NN,W-NN:k=1,33,0.5,0.08,0.15,1 3 6 2 4 11 12 5 0 8 23 25 9 10 7 16 24 47 13 50,1 3 4 5 6 0 12 2 11 8 23 25 9 10 24 7 47 48 13 50,ecg200-raw,db4,usage,31,50,50,0,large
W-QDA,W-QDA:qda,16,3.0,0.08,0.11,4 3 1 5 0 2 12 6 8 23 7 9 10 11 13 14 15 16 17 18,1 3 4 5 6 0 12 2 11 8 23 25 9 10 24 7 47 48 13 50,ecg200-raw,db4,usage,31,50,50,0,large
W-CART,W-CART:cart,1,4.0,0.18,0.36,3 1 0 4 2 5 6 7 8 9 10 11 12 13 14 15 16 17 18 19,1 3 4 5 6 0 12 2 11 8 23 25 9 10 24 7 47 48 13 50,ecg200-raw,db4,usage,31,50,50,0,large
ALL,W-QDA:qda,16,3.0,0.08,0.11,4 3 1 5 0 2 12 6 8 23 7 9 10 11 13 14 15 16 17 18,1 3 4 5 6 0 12 2 11 8 23 25 9 10 24 7 47 48 13 50,ecg200-raw,db4,usage,31,50,50,0,large
W-NN,W-NN:k=5,2,3.0,0.16,0.28,4 3 1 0 5 2 6 11 12 8 7 9 10 13 14 15 16 17 18 19,1 3 4 0 5 2 6 8 12 11 23 9 25 10 7 24 47 13 16 22,ecg200-raw,db4,usage,32,50,50,0,large
W-QDA,W-QDA:qda,5,1.0,0.08,0.25,1 3 4 0 5 2 6 8 12 11 23 9 25 10 7 24 47 13 16 22,1 3 4 0 5 2 6 8 12 11 23 9 25 10 7 24 47 13 16 22,ecg200-raw,db4,usage,32,50,50,0,large
W-CART,W-CART:cart,18,2.0,0.08,0.15,1 4 3 5 0 2 8 6 12 11 24 7 23 46 9 10 13 14 15 16,1 3 4 0 5 2 6 8 12 11 23 9 25 10 7 24 47 13 16 22,ecg200-raw,db4,usage,32,50,50,0,large
ALL,W-QDA:qda,5,1.0,0.08,0.25,1 3 4 0 5 2 6 8 12 11 23 9 25 10 7 24 47 13 16 22,1 3 4 0 5 2 6 8 12 11 23 9 25 10 7 24 47 13 16 22,ecg200-raw,db4,usage,32,50,50,0,large
W-NN,W-NN:k=1,32,1.5,0.08,0.15,1 3 4 5 2 0 6 12 8 11 23 24 7 47 25 22 46 10 9 13,1 3 4 5 6 0 12 2 8 11 23 25 9 10 24 7 47 13 22 46,ecg200-raw,db4,usage,33,50,50,0,large
W-QDA,W-QDA:qda,11,0.5,0.06,0.12,1 4 0 3 6 2 5 11 8 12 25 7 10 23 9 24 16 47 13 50,1 3 4 5 6 0 12 2 8 11 23 25 9 10 24 7 47 13 22 46,ecg200-raw,db4,usage,33,50,50,0,large
W-CART,W-CART:cart,18,1.5,0.08,0.16,1 3 4 5 2 0 6 12 8 11 23 24 7 47 25 22 46 10 9 13,1 3 4 5 6 0 12 2 8 11 23 25 9 10 24 7 47 13 22 46,ecg200-raw,db4,usage,33,50,50,0,large
ALL,W-QDA:qda,11,0.5,0.06,0.12,1 4 0 3 6 2 5 11 8 12 25 7 10 23 9 24 16 47 13 50,1 3 4 5 6 0 12 2 8 11 23 25 9 10 24 7 47 13 22 46,ecg200-raw,db4,usage,33,50,50,0,large
W-NN,W-NN:k=1,30,0.5,0.08,0.13,1 3 6 0 4 5 12 2 11 8 9 10 25 23 7 24 16 47 13 48,1 3 4 5 0 6 12 2 8 11 23 25 9 10 24 47 7 13 50 16,ecg200-raw,db4,usage,34,50,50,0,large
W-QDA,W-QDA:qda,12,1.5,0.1,0.11,3 1 4 5 2 0 8 12 6 11 23 24 7 47 25 9 10 13 14 15,1 3 4 5 0 6 12 2 8 11 23 25 9 10 24 47 7 13 50 16,ecg200-raw,db4,usage,34,50,50,0,large
W-CART,W-CART:cart,18,1.0,0.14,0.23,1 3 4 5 0 6 12 2 8 11 23 25 9 10 24 47 7 13 50 16,1 3 4 5 0 6 12 2 8 11 23 25 9 10 24 47 7 13 50 16,ecg200-raw,db4,usage,34,50,50,0,large
ALL,W-NN:k=1,30,0.5,0.08,0.13,1 3 6 0 4 5 12 2 11 8 9 10 25 23 7 24 16 47 13 48,1 3 4 5 0 6 12 2 8 11 23 25 9 10 24 47 7 13 50 16,ecg200-raw,db4,usage,34,50,50,0,large
W-NN,W-NN:k=3,3,4.0,0.08,0.22,3 1 0 4 5 2 6 7 8 9 10 11 12 13 14 15 16 17 18 19,1 3 4 5 0 6 2 8 11 12 23 10 24 25 9 7 47 48 13 16,ecg200-raw,db4,usage,35,50,50,0,large
W-QDA,W-QDA:qda,10,2.0,0.08,0.16,3 4 1 5 0 2 8 12 6 24 11 23 7 46 9 10 13 14 15 16,1 3 4 5 0 6 2 8 11 12 23 10 24 25 9 7 47 48 13 16,ecg200-raw,db4,usage,35,50,50,0,large
W-CART,W-CART:cart,13,6.0,0.08,0.15,0 3 1 2 4 5 6 7 8 9 10 11 12 13 14 15 16 17 18 19,1 3 4 5 0 6 2 8 11 12 23 10 24 25 9 7 47 48 13 16,ecg200-raw,db4,usage,35,50,50,0,large
ALL,W-NN:k=3,3,4.0,0.08,0.22,3 1 0 4 5 2 6 7 8 9 10 11 12 13 14 15 16 17 18 19,1 3 4 5 0 6 2 8 11 12 23 10 24 25 9 7 47 48 13 16,ecg200-raw,db4,usage,35,50,50,0,large
W-NN,W-NN:k=1,8,0.5,0.12,0.14,1 3 2 4 0 5 11 6 12 8 9 10 7 23 25 16 24 47 17 13,1 3 4 0 5 2 6 12 8 11 23 10 25 7 24 9 47 13 48 50,ecg200-raw,db4,usage,36,50,50,0,large
W-QDA,W-QDA:qda,5,6.0,0.14,0.18,0 3 1 6 2 4 5 7 8 9 10 11 12 13 14 15 16 17 18 19,1 3 4 0 5 2 6 12 8 11 23 10 25 7 24 9 47 13 48 50,ecg200-raw,db4,usage,36,50,50,0,large
W-CART,W-CART:cart,17,1.0,0.1,0.22,1 3 4 0 5 2 6 12 8 11 23 10 25 7 24 9 47 13 48 50,1 3 4 0 5 2 6 12 8 11 23 10 25 7 24 9 47 13 48 50,ecg200-raw,db4,usage,36,50,50,0,large
ALL,W-CART:cart,17,1.0,0.1,0.22,1 3 4 0 5 2 6 12 8 11 23 10 25 7 24 9 47 13 48 50,1 3 4 0 5 2 6 12 8 11 23 10 25 7 24 9 47 13 48 50,ecg200-raw,db4,usage,36,50,50,0,large
W-NN,W-NN:k=1,17,1.0,0.08,0.11,1 3 4 6 5 0 11 2 8 12 25 24 23 9 10 7 47 13 22 48,1 3 4 6 5 0 11 2 8 12 25 24 23 9 10 7 47 13 22 48,ecg200-raw,db4,usage,37,50,50,0,large
W-QDA,W-QDA:qda,11,0.5,0.08,0.16,1 6 3 4 0 5 11 2 8 12 23 10 24 25 7 9 16 47 26 13,1 3 4 6 5 0 11 2 8 12 25 24 23 9 10 7 47 13 22 48,ecg200-raw,db4,usage,37,50,50,0,large
W-CART,W-CART:cart,8,4.0,0.12,0.18,3 4 0 1 5 2 6 7 8 9 10 11 12 13 14 15 16 17 18 19,1 3 4 6 5 0 11 2 8 12 25 24 23 9 10 7 47 13 22 48,ecg200-raw,db4,usage,37,50,50,0,large
ALL,W-QDA:qda,11,0.5,0.08,0.16,1 6 3 4 0 5 11 2 8 12 23 10 24 25 7 9 16 47 26 13,1 3 4 6 5 0 11 2 8 12 25 24 23 9 10 7 47 13 22 48,ecg200-raw,db4,usage,37,50,50,0,large
W-NN,W-NN:k=1,20,0.5,0.06,0.14,1 3 2 6 4 0 5 11 8 12 23 25 7 9 10 24 16 47 13 26,1 3 6 4 0 5 2 12 8 11 23 25 9 24 10 7 47 13 22 46,ecg200-raw,db4,usage,38,50,50,0,large
W-QDA,W-QDA:qda,6,1.0,0.06,0.16,1 3 6 4 0 5 2 12 8 11 23 25 9 24 10 7 47 13 22 46,1 3 6 4 0 5 2 12 8 11 23 25 9 24 10 7 47 13 22 46,ecg200-raw,db4,usage,38,50,50,0,large
W-CART,W-CART:cart,4,0.5,0.12,0.22,1 3 2 6 4 0 5 11 8 12 23 25 7 9 10 24 16 47 13 26,1 3 6 4 0 5 2 12 8 11 23 25 9 24 10 7 47 13 22 46,ecg200-raw,db4,usage,38,50,50,0,large
ALL,W-QDA:qda,6,1.0,0.06,0.16,1 3 6 4 0 5 2 12 8 11 23 25 9 24 10 7 47 13 22 46,1 3 6 4 0 5 2 12 8 11 23 25 9 24 10 7 47 13 22 46,ecg200-raw,db4,usage,38,50,50,0,large
W-NN,W-NN:k=1,10,0.5,0.1,0.16,1 3 6 4 2 5 0 11 8 7 12 25 10 23 24 9 47 16 13 48,1 3 4 5 6 2 0 8 12 11 23 24 25 47 7 9 10 22 50 48,ecg200-raw,db4,usage,39,50,50,0,large
W-QDA,W-QDA:qda,7,1.5,0.1,0.19,1 3 4 5 2 0 8 12 6 11 24 23 7 25 22 46 47 9 49 10,1 3 4 5 6 2 0 8 12 11 23 24 25 47 7 9 10 22 50 48,ecg200-raw,db4,usage,39,50,50,0,large
W-CART,W-CART:cart,8,1.5,0.14,0.25,1 3 4 5 2 0 8 12 6 11 24 23 7 25 22 46 47 9 49 10,1 3 4 5 6 2 0 8 12 11 23 24 25 47 7 9 10 22 50 48,ecg200-raw,db4,usage,39,50,50,0,large
ALL,W-QDA:qda,7,1.5,0.1,0.19,1 3 4 5 2 0 8 12 6 11 24 23 7 25 22 46 47 9 49 10,1 3 4 5 6 2 0 8 12 11 23 24 25 47 7 9 10 22 50 48,ecg200-raw,db4,usage,39,50,50,0,large
W-NN,W-NN:k=1,7,0.5,0.08,0.12,4 1 3 6 0 2 11 5 8 12 9 10 23 25 7 47 24 16 13 17,1 3 4 6 0 5 2 8 11 12 23 9 24 10 25 7 47 22 16 49,ecg200-raw,db4,usage,40,50,50,0,large
W-QDA,W-QDA:qda,10,4.0,0.06,0.15,3 0 4 1 2 5 6 7 8 9 10 11 12 13 14 15 16 17 18 19,1 3 4 6 0 5 2 8 11 12 23 9 24 10 25 7 47 22 16 49,ecg200-raw,db4,usage,40,50,50,0,large
W-CART,W-CART:cart,21,0.5,0.06,0.18,4 1 3 6 0 2 11 5 8 12 9 10 23 25 7 47 24 16 13 17,1 3 4 6 0 5 2 8 11 12 23 9 24 10 25 7 47 22 16 49,ecg200-raw,db4,usage,40,50,50,0,large
ALL,W-QDA:qda,10,4.0,0.06,0.15,3 0 4 1 2 5 6 7 8 9 10 11 12 13 14 15 16 17 18 19,1 3 4 6 0 5 2 8 11 12 23 9 24 10 25 7 47 22 16 49,ecg200-raw,db4,usage,40,50,50,0,large
W-NN,W-NN:k=1,15,1.0,0.06,0.13,1 3 4 0 6 5 2 11 12 8 23 25 9 10 24 7 13 47 22 16,1 3 4 0 6 5 2 11 12 8 23 25 9 10 24 7 13 47 22 16,ecg200-raw,db4,usage,41,50,50,0,large
W-QDA,W-QDA:qda,12,4.0,0.08,0.09,3 0 4 1 2 5 6 7 8 9 10 11 12 13 14 15 16 17 18 19,1 3 4 0 6 5 2 11 12 8 23 25 9 10 24 7 13 47 22 16,ecg200-raw,db4,usage,41,50,50,0,large
W-CART,W-CART:cart,24,1.0,0.06,0.22,1 3 4 0 6 5 2 11 12 8 23 25 9 10 24 7 13 47 22 16,1 3 4 0 6 5 2 11 12 8 23 25 9 10 24 7 13 47 22 16,ecg200-raw,db4,usage,41,50,50,0,large
ALL,W-NN:k=1,15,1.0,0.06,0.13,1 3 4 0 6 5 2 11 12 8 23 25 9 10 24 7 13 47 22 16,1 3 4 0 6 5 2 11 12 8 23 25 9 10 24 7 13 47 22 16,ecg200-raw,db4,usage,41,50,50,0,large
W-NN,W-NN:k=1,13,1.5,0.06,0.15,3 4 5 1 6 2 0 8 12 11 24 23 7 47 25 46 9 10 13 14,3 1 4 5 6 0 2 8 11 12 25 23 9 10 24 7 47 13 16 48,ecg200-raw,db4,usage,42,50,50,0,large
W-QDA,W-QDA:qda,14,0.5,0.12,0.19,1 3 4 6 2 5 0 11 8 12 10 9 7 25 23 47 16 24 17 13,3 1 4 5 6 0 2 8 11 12 25 23 9 10 24 7 47 13 16 48,ecg200-raw,db4,usage,42,50,50,0,large
W-CART,W-CART:cart,19,0.5,0.1,0.23,1 3 4 6 2 5 0 11 8 12 10 9 7 25 23 47 16 24 17 13,3 1 4 5 6 0 2 8 11 12 25 23 9 10 24 7 47 13 16 48,ecg200-raw,db4,usage,42,50,50,0,large
ALL,W-NN:k=1,13,1.5,0.06,0.15,3 4 5 1 6 2 0 8 12 11 24 23 7 47 25 46 9 10 13 14,3 1 4 5 6 0 2 8 11 12 25 23 9 10 24 7 47 13 16 48,ecg200-raw,db4,usage,42,50,50,0,large
W-NN,W-NN:k=15,1,3.0,0.18,0.27,4 3 1 0 2 5 12 11 6 23 7 8 9 10 13 14 15 16 17 18,1 3 4 0 2 5 6 12 11 8 23 25 9 7 10 24 47 13 16 22,ecg200-raw,db4,usage,43,50,50,0,large
W-QDA,W-QDA:qda,8,0.5,0.16,0.2,1 3 4 6 0 2 5 11 12 8 25 23 7 9 10 47 13 16 24 48,1 3 4 0 2 5 6 12 11 8 23 25 9 7 10 24 47 13 16 22,ecg200-raw,db4,usage,43,50,50,0,large
W-CART,W-CART:cart,9,3.0,0.16,0.18,4 3 1 0 2 5 12 11 6 23 7 8 9 10 13 14 15 16 17 18,1 3 4 0 2 5 6 12 11 8 23 25 9 7 10 24 47 13 16 22,ecg200-raw,db4,usage,43,50,50,0,large
ALL,W-QDA:qda,8,0.5,0.16,0.2,1 3 4 6 0 2 5 11 12 8 25 23 7 9 10 47 13 16 24 48,1 3 4 0 2 5 6 12 11 8 23 25 9 7 10 24 47 13 16 22,ecg200-raw,db4,usage,43,50,50,0,large
W-NN,W-NN:k=3,17,3.0,0.08,0.19,4 3 1 0 5 2 12 6 7 8 11 9 10 13 14 15 16 17 18 19,1 4 3 5 6 0 12 2 8 11 23 25 9 7 10 24 47 13 16 50,ecg200-raw,db4,usage,44,50,50,0,large
W-QDA,W-QDA:qda,11,4.0,0.16,0.19,3 4 0 1 2 5 6 7 8 9 10 11 12 13 14 15 16 17 18 19,1 4 3 5 6 0 12 2 8 11 23 25 9 7 10 24 47 13 16 50,ecg200-raw,db4,usage,44,50,50,0,large
W-CART,W-CART:cart,17,1.5,0.12,0.2,3 4 1 5 2 0 6 12 8 11 24 7 23 25 47 46 9 10 13 14,1 4 3 5 6 0 12 2 8 11 23 25 9 7 10 24 47 13 16 50,ecg200-raw,db4,usage,44,50,50,0,large
ALL,W-NN:k=3,17,3.0,0.08,0.19,4 3 1 0 5 2 12 6 7 8 11 9 10 13 14 15 16 17 18 19,1 4 3 5 6 0 12 2 8 11 23 25 9 7 10 24 47 13 16 50,ecg200-raw,db4,usage,44,50,50,0,large
W-NN,W-NN:k=1,11,3.0,0.08,0.12,4 3 1 5 0 2 12 6 11 7 23 8 9 10 13 14 15 16 17 18,1 3 4 5 0 6 11 2 8 12 23 9 25 24 10 7 47 22 13 46,ecg200-raw,db4,usage,45,50,50,0,large
W-QDA,W-QDA:qda,10,3.0,0.1,0.12,4 3 1 5 0 2 12 6 11 7 23 8 9 10 13 14 15 16 17 18,1 3 4 5 0 6 11 2 8 12 23 9 25 24 10 7 47 22 13 46,ecg200-raw,db4,usage,45,50,50,0,large
W-CART,W-CART:cart,4,6.0,0.12,0.24,3 0 1 6 2 4 5 7 8 9 10 11 12 13 14 15 16 17 18 19,1 3 4 5 0 6 11 2 8 12 23 9 25 24 10 7 47 22 13 46,ecg200-raw,db4,usage,45,50,50,0,large
ALL,W-NN:k=1,11,3.0,0.08,0.12,4 3 1 5 0 2 12 6 11 7 23 8 9 10 13 14 15 16 17 18,1 3 4 5 0 6 11 2 8 12 23 9 25 24 10 7 47 22 13 46,ecg200-raw,db4,usage,45,50,50,0,large
W-NN,W-NN:k=1,11,1.0,0.06,0.17,3 1 4 6 5 0 2 11 8 12 23 25 9 24 7 10 47 13 22 46,3 1 4 6 5 0 2 11 8 12 23 25 9 24 7 10 47 13 22 46,ecg200-raw,db4,usage,46,50,50,0,large
W-QDA,W-QDA:qda,16,0.5,0.02,0.14,1 3 4 6 2 5 11 0 8 12 7 23 25 9 10 24 47 16 13 50,3 1 4 6 5 0 2 11 8 12 23 25 9 24 7 10 47 13 22 46,ecg200-raw,db4,usage,46,50,50,0,large
W-CART,W-CART:cart,20,1.0,0.06,0.18,3 1 4 6 5 0 2 11 8 12 23 25 9 24 7 10 47 13 22 46,3 1 4 6 5 0 2 11 8 12 23 25 9 24 7 10 47 13 22 46,ecg200-raw,db4,usage,46,50,50,0,large
ALL,W-QDA:qda,16,0.5,0.02,0.14,1 3 4 6 2 5 11 0 8 12 7 23 25 9 10 24 47 16 13 50,3 1 4 6 5 0 2 11 8 12 23 25 9 24 7 10 47 13 22 46,ecg200-raw,db4,usage,46,50,50,0,large
W-NN,W-NN:k=1,8,0.5,0.08,0.14,1 2 3 6 4 5 8 11 0 12 10 7 25 23 9 24 47 16 13 48,1 3 4 5 6 2 0 12 8 11 23 9 25 24 10 47 7 46 13 22,ecg200-raw,db4,usage,47,50,50,0,large
W-QDA,W-QDA:qda,5,4.0,0.1,0.23,3 0 1 4 2 5 6 7 8 9 10 11 12 13 14 15 16 17 18 19,1 3 4 5 6 2 0 12 8 11 23 9 25 24 10 47 7 46 13 22,ecg200-raw,db4,usage,47,50,50,0,large
W-CART,W-CART:cart,8,2.0,0.12,0.22,1 4 3 5 2 8 0 12 6 11 24 7 23 46 47 9 10 13 14 15,1 3 4 5 6 2 0 12 8 11 23 9 25 24 10 47 7 46 13 22,ecg200-raw,db4,usage,47,50,50,0,large
ALL,W-NN:k=1,8,0.5,0.08,0.14,1 2 3 6 4 5 8 11 0 12 10 7 25 23 9 24 47 16 13 48,1 3 4 5 6 2 0 12 8 11 23 9 25 24 10 47 7 46 13 22,ecg200-raw,db4,usage,47,50,50,0,large
W-NN,W-NN:k=1,14,1.5,0.08,0.14,3 4 1 5 6 2 8 12 0 11 23 24 7 25 47 46 9 10 13 14,3 1 4 5 6 12 0 8 2 11 23 25 9 24 7 47 10 13 50 16,ecg200-raw,db4,usage,48,50,50,0,large
W-QDA,W-QDA:qda,15,2.0,0.06,0.19,1 3 4 5 8 12 2 6 0 11 24 23 7 9 10 13 14 15 16 17,3 1 4 5 6 12 0 8 2 11 23 25 9 24 7 47 10 13 50 16,ecg200-raw,db4,usage,48,50,50,0,large
W-CART,W-CART:cart,27,8.0,0.1,0.23,0 1 2 3 4 5 6 7 8 9 10 11 12 13 14 15 16 17 18 19,3 1 4 5 6 12 0 8 2 11 23 25 9 24 7 47 10 13 50 16,ecg200-raw,db4,usage,48,50,50,0,large
ALL,W-QDA:qda,15,2.0,0.06,0.19,1 3 4 5 8 12 2 6 0 11 24 23 7 9 10 13 14 15 16 17,3 1 4 5 6 12 0 8 2 11 23 25 9 24 7 47 10 13 50 16,ecg200-raw,db4,usage,48,50,50,0,large
W-NN,W-NN:k=1,4,6.0,0.08,0.27,0 3 1 6 2 4 5 7 8 9 10 11 12 13 14 15 16 17 18 19,4 1 5 3 6 0 8 11 12 2 23 25 24 9 47 10 7 13 22 46,ecg200-raw,db4,usage,49,50,50,0,large
W-QDA,W-QDA:qda,3,1.5,0.16,0.22,3 5 1 4 8 6 2 0 12 11 24 23 25 7 9 46 47 10 13 14,4 1 5 3 6 0 8 11 12 2 23 25 24 9 47 10 7 13 22 46,ecg200-raw,db4,usage,49,50,50,0,large
W-CART,W-CART:cart,19,1.0,0.14,0.27,4 1 5 3 6 0 8 11 12 2 23 25 24 9 47 10 7 13 22 46,4 1 5 3 6 0 8 11 12 2 23 25 24 9 47 10 7 13 22 46,ecg200-raw,db4,usage,49,50,50,0,large
ALL,W-NN:k=1,4,6.0,0.08,0.27,0 3 1 6 2 4 5 7 8 9 10 11 12 13 14 15 16 17 18 19,4 1 5 3 6 0 8 11 12 2 23 25 24 9 47 10 7 13 22 46,ecg200-raw,db4,usage,49,50,50,0,large
W-NN,W-NN:k=1,15,1.5,0.1,0.13,1 3 5 2 4 6 0 12 8 11 23 7 24 25 47 46 22 26 9 10,1 3 4 2 5 6 0 11 12 8 23 25 10 24 7 9 47 22 16 50,ecg200-raw,db4,usage,50,50,50,0,large
W-QDA,W-QDA:qda,9,0.5,0.08,0.19,1 4 6 2 3 11 5 0 8 12 23 7 10 25 9 47 16 24 50 26,1 3 4 2 5 6 0 11 12 8 23 25 10 24 7 9 47 22 16 50,ecg200-raw,db4,usage,50,50,50,0,large
W-CART,W-CART:cart,9,1.0,0.08,0.18,1 3 4 2 5 6 0 11 12 8 23 25 10 24 7 9 47 22 16 50,1 3 4 2 5 6 0 11 12 8 23 25 10 24 7 9 47 22 16 50,ecg200-raw,db4,usage,50,50,50,0,large
ALL,W-QDA:qda,9,0.5,0.08,0.19,1 4 6 2 3 11 5 0 8 12 23 7 10 25 9 47 16 24 50 26,1 3 4 2 5 6 0 11 12 8 23 25 10 24 7 9 47 22 16 50,ecg200-raw,db4,usage,50,50,50,0,large
W-NN,W-NN:k=1,10,0.5,0.1,0.16,1 3 4 11 0 2 6 5 12 8 10 23 7 25 9 24 16 47 13 26,1 3 4 6 0 5 2 11 8 12 23 25 9 24 7 47 10 13 22 46,ecg200-raw,db4,usage,51,50,50,0,large
W-QDA,W-QDA:qda,11,0.5,0.12,0.1,1 3 4 11 0 2 6 5 12 8 10 23 7 25 9 24 16 47 13 26,1 3 4 6 0 5 2 11 8 12 23 25 9 24 7 47 10 13 22 46,ecg200-raw,db4,usage,51,50,50,0,large
W-CART,W-CART:cart,9,2.0,0.1,0.19,3 1 4 2 5 8 0 12 6 11 24 23 7 46 47 9 10 13 14 15,1 3 4 6 0 5 2 11 8 12 23 25 9 24 7 47 10 13 22 46,ecg200-raw,db4,usage,51,50,50,0,large
ALL,W-CART:cart,9,2.0,0.1,0.19,3 1 4 2 5 8 0 12 6 11 24 23 7 46 47 9 10 13 14 15,1 3 4 6 0 5 2 11 8 12 23 25 9 24 7 47 10 13 22 46,ecg200-raw,db4,usage,51,50,50,0,large
W-NN,W-NN:k=1,19,1.0,0.1,0.16,3 1 5 2 4 0 6 11 12 8 23 25 10 9 7 24 47 13 22 16,3 1 5 2 4 0 6 11 12 8 23 25 10 9 7 24 47 13 22 16,ecg200-raw,db4,usage,52,50,50,0,large
W-QDA,W-QDA:qda,6,0.5,0.14,0.22,1 3 0 6 2 4 11 5 12 8 23 25 9 7 10 24 47 16 26 13,3 1 5 2 4 0 6 11 12 8 23 25 10 9 7 24 47 13 22 16,ecg200-raw,db4,usage,52,50,50,0,large
W-CART,W-CART:cart,7,0.5,0.14,0.23,1 3 0 6 2 4 11 5 12 8 23 25 9 7 10 24 47 16 26 13,3 1 5 2 4 0 6 11 12 8 23 25 10 9 7 24 47 13 22 16,ecg200-raw,db4,usage,52,50,50,0,large
ALL,W-NN:k=1,19,1.0,0.1,0.16,3 1 5 2 4 0 6 11 12 8 23 25 10 9 7 24 47 13 22 16,3 1 5 2 4 0 6 11 12 8 23 25 10 9 7 24 47 13 22 16,ecg200-raw,db4,usage,52,50,50,0,large
W-NN,W-NN:k=1,24,3.0,0.06,0.1,3 4 1 5 2 0 11 6 12 7 8 23 9 10 13 14 15 16 17 18,1 3 4 6 2 11 5 0 12 8 23 25 10 9 24 7 47 22 46 13,ecg200-raw,db4,usage,53,50,50,0,large
W-QDA,W-QDA:qda,3,0.5,0.12,0.21,1 3 6 2 4 11 23 8 5 0 12 7 10 25 9 47 24 16 26 50,1 3 4 6 2 11 5 0 12 8 23 25 10 9 24 7 47 22 46 13,ecg200-raw,db4,usage,53,50,50,0,large
W-CART,W-CART:cart,12,1.0,0.12,0.17,1 3 4 6 2 11 5 0 12 8 23 25 10 9 24 7 47 22 46 13,1 3 4 6 2 11 5 0 12 8 23 25 10 9 24 7 47 22 46 13,ecg200-raw,db4,usage,53,50,50,0,large
ALL,W-NN:k=1,24,3.0,0.06,0.1,3 4 1 5 2 0 11 6 12 7 8 23 9 10 13 14 15 16 17 18,1 3 4 6 2 11 5 0 12 8 23 25 10 9 24 7 47 22 46 13,ecg200-raw,db4,usage,53,50,50,0,large
W-NN,W-NN:k=1,4,0.5,0.08,0.21,1 2 4 11 3 6 0 5 8 12 7 23 9 10 25 47 16 24 13 17,1 3 4 5 2 6 11 0 8 12 23 9 10 25 24 47 7 13 22 16,ecg200-raw,db4,usage,54,50,50,0,large
W-QDA,W-QDA:qda,9,3.0,0.06,0.13,3 4 1 5 0 2 12 6 11 7 8 23 9 10 13 14 15 16 17 18,1 3 4 5 2 6 11 0 8 12 23 9 10 25 24 47 7 13 22 16,ecg200-raw,db4,usage,54,50,50,0,large
W-CART,W-CART:cart,4,6.0,0.1,0.22,3 0 1 6 2 4 5 7 8 9 10 11 12 13 14 15 16 17 18 19,1 3 4 5 2 6 11 0 8 12 23 9 10 25 24 47 7 13 22 16,ecg200-raw,db4,usage,54,50,50,0,large
ALL,W-QDA:qda,9,3.0,0.06,0.13,3 4 1 5 0 2 12 6 11 7 8 23 9 10 13 14 15 16 17 18,1 3 4 5 2 6 11 0 8 12 23 9 10 25 24 47 7 13 22 16,ecg200-raw,db4,usage,54,50,50,0,large
W-NN,W-NN:k=1,10,0.5,0.12,0.12,1 2 6 3 4 11 0 5 8 23 12 7 10 25 9 47 24 16 50 13,1 3 4 5 2 0 6 12 11 8 23 25 10 9 47 7 24 22 48 13,ecg200-raw,db4,usage,55,50,50,0,large
W-QDA,W-QDA:qda,8,1.0,0.06,0.16,1 3 4 5 2 0 6 12 11 8 23 25 10 9 47 7 24 22 48 13,1 3 4 5 2 0 6 12 11 8 23 25 10 9 47 7 24 22 48 13,ecg200-raw,db4,usage,55,50,50,0,large
W-CART,W-CART:cart,8,4.0,0.12,0.16,3 1 0 4 2 5 6 7 8 9 10 11 12 13 14 15 16 17 18 19,1 3 4 5 2 0 6 12 11 8 23 25 10 9 47 7 24 22 48 13,ecg200-raw,db4,usage,55,50,50,0,large
ALL,W-QDA:qda,8,1.0,0.06,0.16,1 3 4 5 2 0 6 12 11 8 23 25 10 9 47 7 24 22 48 13,1 3 4 5 2 0 6 12 11 8 23 25 10 9 47 7 24 22 48 13,ecg200-raw,db4,usage,55,50,50,0,large
W-NN,W-NN:k=3,11,0.5,0.12,0.2,1 2 0 3 4 6 5 11 8 12 10 25 24 9 23 7 47 16 26 48,1 3 4 2 5 6 0 12 8 11 25 24 9 23 10 7 47 13 16 22,ecg200-raw,db4,usage,56,50,50,0,large
W-QDA,W-QDA:qda,14,3.0,0.1,0.13,4 3 1 5 0 2 6 11 12 23 7 8 9 10 13 14 15 16 17 18,1 3 4 2 5 6 0 12 8 11 25 24 9 23 10 7 47 13 16 22,ecg200-raw,db4,usage,56,50,50,0,large
W-CART,W-CART:cart,6,6.0,0.14,0.18,0 1 3 2 6 4 5 7 8 9 10 11 12 13 14 15 16 17 18 19,1 3 4 2 5 6 0 12 8 11 25 24 9 23 10 7 47 13 16 22,ecg200-raw,db4,usage,56,50,50,0,large
ALL,W-QDA:qda,14,3.0,0.1,0.13,4 3 1 5 0 2 6 11 12 23 7 8 9 10 13 14 15 16 17 18,1 3 4 2 5 6 0 12 8 11 25 24 9 23 10 7 47 13 16 22,ecg200-raw,db4,usage,56,50,50,0,large
W-NN,W-NN:k=5,8,2.0,0.1,0.21,4 3 1 5 2 0 8 12 6 11 24 23 7 9 10 13 14 15 16 17,3 1 4 6 5 0 2 12 11 8 23 24 25 9 10 7 47 13 50 48,ecg200-raw,db4,usage,57,50,50,0,large
W-QDA,W-QDA:qda,1,1.0,0.14,0.26,3 1 4 6 5 0 2 12 11 8 23 24 25 9 10 7 47 13 50 48,3 1 4 6 5 0 2 12 11 8 23 24 25 9 10 7 47 13 50 48,ecg200-raw,db4,usage,57,50,50,0,large
W-CART,W-CART:cart,19,4.0,0.08,0.21,3 0 1 4 5 2 6 7 8 9 10 11 12 13 14 15 16 17 18 19,3 1 4 6 5 0 2 12 11 8 23 24 25 9 10 7 47 13 50 48,ecg200-raw,db4,usage,57,50,50,0,large
ALL,W-CART:cart,19,4.0,0.08,0.21,3 0 1 4 5 2 6 7 8 9 10 11 12 13 14 15 16 17 18 19,3 1 4 6 5 0 2 12 11 8 23 24 25 9 10 7 47 13 50 48,ecg200-raw,db4,usage,57,50,50,0,large
W-NN,W-NN:k=3,5,0.5,0.12,0.18,1 3 6 4 11 2 5 0 8 12 7 10 23 9 24 25 47 16 50 13,1 3 6 5 2 4 0 8 12 11 23 24 10 9 25 7 47 22 46 13,ecg200-raw,db4,usage,58,50,50,0,large
W-QDA,W-QDA:qda,11,1.0,0.1,0.15,1 3 6 5 2 4 0 8 12 11 23 24 10 9 25 7 47 22 46 13,1 3 6 5 2 4 0 8 12 11 23 24 10 9 25 7 47 22 46 13,ecg200-raw,db4,usage,58,50,50,0,large
W-CART,W-CART:cart,11,1.5,0.12,0.18,3 1 5 4 2 6 0 8 12 11 23 24 7 25 47 46 10 22 26 9,1 3 6 5 2 4 0 8 12 11 23 24 10 9 25 7 47 22 46 13,ecg200-raw,db4,usage,58,50,50,0,large
ALL,W-QDA:qda,11,1.0,0.1,0.15,1 3 6 5 2 4 0 8 12 11 23 24 10 9 25 7 47 22 46 13,1 3 6 5 2 4 0 8 12 11 23 24 10 9 25 7 47 22 46 13,ecg200-raw,db4,usage,58,50,50,0,large
W-NN,W-NN:k=1,11,1.5,0.1,0.15,1 3 4 2 5 6 0 12 8 11 24 7 23 25 47 9 46 10 13 14,1 3 4 2 6 5 0 8 12 11 25 23 24 7 10 9 47 13 48 50,ecg200-raw,db4,usage,59,50,50,0,large
W-QDA,W-QDA:qda,15,4.0,0.04,0.13,3 1 0 4 2 5 6 7 8 9 10 11 12 13 14 15 16 17 18 19,1 3 4 2 6 5 0 8 12 11 25 23 24 7 10 9 47 13 48 50,ecg200-raw,db4,usage,59,50,50,0,large
W-CART,W-CART:cart,31,0.5,0.02,0.1,1 6 2 3 4 0 5 8 11 12 7 23 25 9 10 24 47 16 50 13,1 3 4 2 6 5 0 8 12 11 25 23 24 7 10 9 47 13 48 50,ecg200-raw,db4,usage,59,50,50,0,large
ALL,W-CART:cart,31,0.5,0.02,0.1,1 6 2 3 4 0 5 8 11 12 7 23 25 9 10 24 47 16 50 13,1 3 4 2 6 5 0 8 12 11 25 23 24 7 10 9 47 13 48 50,ecg200-raw,db4,usage,59,50,50,0,large
W-NN,W-NN:k=1,23,1.0,0.12,0.07,3 1 5 4 0 12 6 8 2 11 9 23 25 24 7 10 47 48 13 16,3 1 5 4 0 12 6 8 2 11 9 23 25 24 7 10 47 48 13 16,ecg200-raw,db4,usage,60,50,50,0,large
W-QDA,W-QDA:qda,13,0.5,0.14,0.16,3 1 4 5 6 0 2 8 11 12 9 7 10 23 25 16 24 47 13 17,3 1 5 4 0 12 6 8 2 11 9 23 25 24 7 10 47 48 13 16,ecg200-raw,db4,usage,60,50,50,0,large
W-CART,W-CART:cart,24,0.5,0.14,0.21,3 1 4 5 6 0 2 8 11 12 9 7 10 23 25 16 24 47 13 17,3 1 5 4 0 12 6 8 2 11 9 23 25 24 7 10 47 48 13 16,ecg200-raw,db4,usage,60,50,50,0,large
ALL,W-NN:k=1,23,1.0,0.12,0.07,3 1 5 4 0 12 6 8 2 11 9 23 25 24 7 10 47 48 13 16,3 1 5 4 0 12 6 8 2 11 9 23 25 24 7 10 47 48 13 16,ecg200-raw,db4,usage,60,50,50,0,large
W-NN,W-NN:k=5,4,8.0,0.1,0.18,0 1 2 3 4 5 6 7 8 9 10 11 12 13 14 15 16 17 18 19,1 3 4 2 5 6 0 12 8 11 23 25 10 24 47 7 9 50 13 22,ecg200-raw,db4,usage,61,50,50,0,large
W-QDA,W-QDA:qda,4,8.0,0.1,0.28,0 1 2 3 4 5 6 7 8 9 10 11 12 13 14 15 16 17 18 19,1 3 4 2 5 6 0 12 8 11 23 25 10 24 47 7 9 50 13 22,ecg200-raw,db4,usage,61,50,50,0,large
W-CART,W-CART:cart,22,6.0,0.12,0.19,3 0 1 6 2 4 5 7 8 9 10 11 12 13 14 15 16 17 18 19,1 3 4 2 5 6 0 12 8 11 23 25 10 24 47 7 9 50 13 22,ecg200-raw,db4,usage,61,50,50,0,large
ALL,W-NN:k=5,4,8.0,0.1,0.18,0 1 2 3 4 5 6 7 8 9 10 11 12 13 14 15 16 17 18 19,1 3 4 2 5 6 0 12 8 11 23 25 10 24 47 7 9 50 13 22,ecg200-raw,db4,usage,61,50,50,0,large
W-NN,W-NN:k=1,15,1.5,0.04,0.15,1 3 4 2 5 0 6 8 12 11 24 23 7 47 25 22 46 9 10 13,1 3 4 2 6 5 0 8 11 12 23 25 10 24 9 7 47 22 48 13,ecg200-raw,db4,usage,62,50,50,0,large
W-QDA,W-QDA:qda,14,1.5,0.02,0.16,1 3 4 2 5 0 6 8 12 11 24 23 7 47 25 22 46 9 10 13,1 3 4 2 6 5 0 8 11 12 23 25 10 24 9 7 47 22 48 13,ecg200-raw,db4,usage,62,50,50,0,large
W-CART,W-CART:cart,10,3.0,0.08,0.19,3 4 1 2 5 0 6 11 12 8 23 7 9 10 13 14 15 16 17 18,1 3 4 2 6 5 0 8 11 12 23 25 10 24 9 7 47 22 48 13,ecg200-raw,db4,usage,62,50,50,0,large
ALL,W-QDA:qda,14,1.5,0.02,0.16,1 3 4 2 5 0 6 8 12 11 24 23 7 47 25 22 46 9 10 13,1 3 4 2 6 5 0 8 11 12 23 25 10 24 9 7 47 22 48 13,ecg200-raw,db4,usage,62,50,50,0,large
W-NN,W-NN:k=1,16,2.0,0.1,0.16,3 1 4 5 2 8 0 6 12 11 24 7 23 46 9 10 13 14 15 16,1 3 4 6 0 5 11 2 12 8 23 9 7 25 10 24 47 22 13 16,ecg200-raw,db4,usage,63,50,50,0,large
W-QDA,W-QDA:qda,6,0.5,0.12,0.14,1 3 4 0 6 5 2 11 12 8 23 25 10 9 7 47 24 16 13 50,1 3 4 6 0 5 11 2 12 8 23 9 7 25 10 24 47 22 13 16,ecg200-raw,db4,usage,63,50,50,0,large
W-CART,W-CART:cart,13,6.0,0.1,0.23,0 3 1 6 2 4 5 7 8 9 10 11 12 13 14 15 16 17 18 19,1 3 4 6 0 5 11 2 12 8 23 9 7 25 10 24 47 22 13 16,ecg200-raw,db4,usage,63,50,50,0,large
ALL,W-CART:cart,13,6.0,0.1,0.23,0 3 1 6 2 4 5 7 8 9 10 11 12 13 14 15 16 17 18 19,1 3 4 6 0 5 11 2 12 8 23 9 7 25 10 24 47 22 13 16,ecg200-raw,db4,usage,63,50,50,0,large
W-NN,W-NN:k=1,10,1.0,0.18,0.19,3 1 0 4 2 5 6 12 8 11 23 9 25 7 10 24 47 13 22 16,3 1 0 4 2 5 6 12 8 11 23 9 25 7 10 24 47 13 22 16,ecg200-raw,db4,usage,64,50,50,0,large
W-QDA,W-QDA:qda,8,2.0,0.16,0.16,1 3 4 5 2 8 0 12 6 11 24 23 7 9 10 13 14 15 16 17,3 1 0 4 2 5 6 12 8 11 23 9 25 7 10 24 47 13 22 16,ecg200-raw,db4,usage,64,50,50,0,large
W-CART,W-CART:cart,13,3.0,0.18,0.23,3 4 1 0 2 5 12 11 6 8 23 7 9 10 13 14 15 16 17 18,3 1 0 4 2 5 6 12 8 11 23 9 25 7 10 24 47 13 22 16,ecg200-raw,db4,usage,64,50,50,0,large
ALL,W-QDA:qda,8,2.0,0.16,0.16,1 3 4 5 2 8 0 12 6 11 24 23 7 9 10 13 14 15 16 17,3 1 0 4 2 5 6 12 8 11 23 9 25 7 10 24 47 13 22 16,ecg200-raw,db4,usage,64,50,50,0,large
W-NN,W-NN:k=1,24,3.0,0.12,0.16,4 3 1 5 0 2 6 11 12 8 7 9 10 13 14 15 16 17 18 19,3 1 4 0 5 6 2 11 8 12 23 25 9 7 10 24 47 13 16 48,ecg200-raw,db4,usage,65,50,50,0,large
W-QDA,W-QDA:qda,13,3.0,0.12,0.17,4 3 1 5 0 2 6 11 12 8 7 9 10 13 14 15 16 17 18 19,3 1 4 0 5 6 2 11 8 12 23 25 9 7 10 24 47 13 16 48,ecg200-raw,db4,usage,65,50,50,0,large
W-CART,W-CART:cart,11,8.0,0.16,0.13,0 1 2 3 4 5 6 7 8 9 10 11 12 13 14 15 16 17 18 19,3 1 4 0 5 6 2 11 8 12 23 25 9 7 10 24 47 13 16 48,ecg200-raw,db4,usage,65,50,50,0,large
ALL,W-QDA:qda,13,3.0,0.12,0.17,4 3 1 5 0 2 6 11 12 8 7 9 10 13 14 15 16 17 18 19,3 1 4 0 5 6 2 11 8 12 23 25 9 7 10 24 47 13 16 48,ecg200-raw,db4,usage,65,50,50,0,large
W-NN,W-NN:k=3,19,0.5,0.08,0.12,1 4 2 3 0 11 6 12 5 8 23 9 10 25 24 7 47 16 13 50,1 3 4 0 2 5 6 11 12 23 8 10 9 25 24 47 7 22 13 16,ecg200-raw,db4,usage,66,50,50,0,large
W-QDA,W-QDA:qda,6,0.5,0.08,0.18,1 4 2 3 0 11 6 12 5 8 23 9 10 25 24 7 47 16 13 50,1 3 4 0 2 5 6 11 12 23 8 10 9 25 24 47 7 22 13 16,ecg200-raw,db4,usage,66,50,50,0,large
W-CART,W-CART:cart,21,6.0,0.06,0.16,0 3 1 2 4 5 6 7 8 9 10 11 12 13 14 15 16 17 18 19,1 3 4 0 2 5 6 11 12 23 8 10 9 25 24 47 7 22 13 16,ecg200-raw,db4,usage,66,50,50,0,large
ALL,W-CART:cart,21,6.0,0.06,0.16,0 3 1 2 4 5 6 7 8 9 10 11 12 13 14 15 16 17 18 19,1 3 4 0 2 5 6 11 12 23 8 10 9 25 24 47 7 22 13 16,ecg200-raw,db4,usage,66,50,50,0,large
W-NN,W-NN:k=1,11,3.0,0.12,0.12,4 3 1 5 0 2 6 11 12 23 7 8 9 10 13 14 15 16 17 18,1 3 4 5 6 0 11 2 8 12 23 10 9 25 24 7 47 16 22 46,ecg200-raw,db4,usage,67,50,50,0,large
W-QDA,W-QDA:qda,5,2.0,0.12,0.19,1 3 4 5 8 2 0 6 12 11 24 23 7 46 47 9 10 13 14 15,1 3 4 5 6 0 11 2 8 12 23 10 9 25 24 7 47 16 22 46,ecg200-raw,db4,usage,67,50,50,0,large
W-CART,W-CART:cart,9,6.0,0.12,0.25,0 3 1 2 4 5 6 7 8 9 10 11 12 13 14 15 16 17 18 19,1 3 4 5 6 0 11 2 8 12 23 10 9 25 24 7 47 16 22 46,ecg200-raw,db4,usage,67,50,50,0,large
ALL,W-QDA:qda,5,2.0,0.12,0.19,1 3 4 5 8 2 0 6 12 11 24 23 7 46 47 9 10 13 14 15,1 3 4 5 6 0 11 2 8 12 23 10 9 25 24 7 47 16 22 46,ecg200-raw,db4,usage,67,50,50,0,large
W-NN,W-NN:k=3,7,1.0,0.14,0.19,1 3 4 2 5 6 12 0 11 8 25 23 9 10 24 7 47 13 22 46,1 3 4 2 5 6 12 0 11 8 25 23 9 10 24 7 47 13 22 46,ecg200-raw,db4,usage,68,50,50,0,large
W-QDA,W-QDA:qda,2,0.5,0.16,0.28,1 3 2 4 6 11 5 12 0 8 7 10 23 25 9 47 24 16 50 13,1 3 4 2 5 6 12 0 11 8 25 23 9 10 24 7 47 13 22 46,ecg200-raw,db4,usage,68,50,50,0,large
W-CART,W-CART:cart,16,0.5,0.12,0.13,1 3 2 4 6 11 5 12 0 8 7 10 23 25 9 47 24 16 50 13,1 3 4 2 5 6 12 0 11 8 25 23 9 10 24 7 47 13 22 46,ecg200-raw,db4,usage,68,50,50,0,large
ALL,W-CART:cart,16,0.5,0.12,0.13,1 3 2 4 6 11 5 12 0 8 7 10 23 25 9 47 24 16 50 13,1 3 4 2 5 6 12 0 11 8 25 23 9 10 24 7 47 13 22 46,ecg200-raw,db4,usage,68,50,50,0,large
W-NN,W-NN:k=3,9,0.5,0.1,0.17,1 3 4 2 8 0 6 5 11 12 23 9 25 7 10 16 24 47 50 48,1 3 4 0 2 8 5 6 12 11 23 25 24 9 10 7 47 50 13 22,ecg200-raw,db4,usage,69,50,50,0,large
W-QDA,W-QDA:qda,15,1.5,0.08,0.18,1 3 4 2 5 0 8 6 12 11 23 24 7 25 46 47 26 9 10 13,1 3 4 0 2 8 5 6 12 11 23 25 24 9 10 7 47 50 13 22,ecg200-raw,db4,usage,69,50,50,0,large
W-CART,W-CART:cart,4,8.0,0.12,0.2,0 1 2 3 4 5 6 7 8 9 10 11 12 13 14 15 16 17 18 19,1 3 4 0 2 8 5 6 12 11 23 25 24 9 10 7 47 50 13 22,ecg200-raw,db4,usage,69,50,50,0,large
ALL,W-QDA:qda,15,1.5,0.08,0.18,1 3 4 2 5 0 8 6 12 11 23 24 7 25 46 47 26 9 10 13,1 3 4 0 2 8 5 6 12 11 23 25 24 9 10 7 47 50 13 22,ecg200-raw,db4,usage,69,50,50,0,large
W-NN,W-NN:k=5,13,0.5,0.1,0.16,1 4 2 3 0 6 11 5 12 8 23 9 10 25 7 24 47 16 13 50,1 3 4 2 0 6 5 12 11 8 23 25 24 9 10 47 7 13 50 22,ecg200-raw,db4,usage,70,50,50,0,large
W-QDA,W-QDA:qda,7,0.5,0.1,0.18,1 4 2 3 0 6 11 5 12 8 23 9 10 25 7 24 47 16 13 50,1 3 4 2 0 6 5 12 11 8 23 25 24 9 10 47 7 13 50 22,ecg200-raw,db4,usage,70,50,50,0,large
W-CART,W-CART:cart,21,3.0,0.12,0.13,4 3 1 0 2 5 11 12 6 8 23 7 9 10 13 14 15 16 17 18,1 3 4 2 0 6 5 12 11 8 23 25 24 9 10 47 7 13 50 22,ecg200-raw,db4,usage,70,50,50,0,large
ALL,W-QDA:qda,7,0.5,0.1,0.18,1 4 2 3 0 6 11 5 12 8 23 9 10 25 7 24 47 16 13 50,1 3 4 2 0 6 5 12 11 8 23 25 24 9 10 47 7 13 50 22,ecg200-raw,db4,usage,70,50,50,0,large
W-NN,W-NN:k=1,19,4.0,0.04,0.08,3 0 4 1 5 2 6 7 8 9 10 11 12 13 14 15 16 17 18 19,3 1 4 5 6 0 11 2 12 8 23 25 9 24 7 10 47 50 16 22,ecg200-raw,db4,usage,71,50,50,0,large
W-QDA,W-QDA:qda,11,0.5,0.08,0.13,1 3 4 5 6 2 0 8 11 12 10 9 23 7 25 24 16 47 13 50,3 1 4 5 6 0 11 2 12 8 23 25 9 24 7 10 47 50 16 22,ecg200-raw,db4,usage,71,50,50,0,large
W-CART,W-CART:cart,8,6.0,0.14,0.28,0 3 1 6 2 4 5 7 8 9 10 11 12 13 14 15 16 17 18 19,3 1 4 5 6 0 11 2 12 8 23 25 9 24 7 10 47 50 16 22,ecg200-raw,db4,usage,71,50,50,0,large
ALL,W-NN:k=1,19,4.0,0.04,0.08,3 0 4 1 5 2 6 7 8 9 10 11 12 13 14 15 16 17 18 19,3 1 4 5 6 0 11 2 12 8 23 25 9 24 7 10 47 50 16 22,ecg200-raw,db4,usage,71,50,50,0,large
W-NN,W-NN:k=5,15,1.5,0.1,0.22,3 1 4 5 2 0 6 8 12 11 23 24 7 25 47 22 46 9 10 13,1 3 0 4 5 6 2 11 12 8 23 25 9 24 47 10 7 22 13 16,ecg200-raw,db4,usage,72,50,50,0,large
W-QDA,W-QDA:qda,12,0.5,0.02,0.13,1 3 6 4 0 2 5 11 25 8 12 7 10 23 9 24 16 47 13 26,1 3 0 4 5 6 2 11 12 8 23 25 9 24 47 10 7 22 13 16,ecg200-raw,db4,usage,72,50,50,0,large
W-CART,W-CART:cart,8,1.5,0.1,0.23,3 1 4 5 2 0 6 8 12 11 23 24 7 25 47 22 46 9 10 13,1 3 0 4 5 6 2 11 12 8 23 25 9 24 47 10 7 22 13 16,ecg200-raw,db4,usage,72,50,50,0,large
ALL,W-QDA:qda,12,0.5,0.02,0.13,1 3 6 4 0 2 5 11 25 8 12 7 10 23 9 24 16 47 13 26,1 3 0 4 5 6 2 11 12 8 23 25 9 24 47 10 7 22 13 16,ecg200-raw,db4,usage,72,50,50,0,large
W-NN,W-NN:k=1,3,4.0,0.1,0.3,3 4 0 1 5 2 6 7 8 9 10 11 12 13 14 15 16 17 18 19,1 3 4 5 6 0 12 2 8 11 25 9 23 24 10 7 47 13 50 22,ecg200-raw,db4,usage,73,50,50,0,large
W-QDA,W-QDA:qda,3,0.5,0.14,0.27,1 3 4 0 6 11 2 5 12 8 7 23 9 25 10 16 24 13 47 48,1 3 4 5 6 0 12 2 8 11 25 9 23 24 10 7 47 13 50 22,ecg200-raw,db4,usage,73,50,50,0,large
W-CART,W-CART:cart,6,1.5,0.14,0.25,3 4 1 5 2 8 6 0 12 11 24 23 25 7 47 46 9 10 13 14,1 3 4 5 6 0 12 2 8 11 25 9 23 24 10 7 47 13 50 22,ecg200-raw,db4,usage,73,50,50,0,large
ALL,W-NN:k=1,3,4.0,0.1,0.3,3 4 0 1 5 2 6 7 8 9 10 11 12 13 14 15 16 17 18 19,1 3 4 5 6 0 12 2 8 11 25 9 23 24 10 7 47 13 50 22,ecg200-raw,db4,usage,73,50,50,0,large
W-NN,W-NN:k=1,9,0.5,0.08,0.16,1 6 2 3 4 5 23 11 12 0 8 7 10 9 25 24 47 16 26 48,3 1 6 4 2 5 0 12 11 8 23 25 24 7 10 9 47 13 46 50,ecg200-raw,db4,usage,74,50,50,0,large
W-QDA,W-QDA:qda,8,4.0,0.12,0.17,3 0 1 2 4 5 6 11 7 8 9 10 12 13 14 15 16 17 18 19,3 1 6 4 2 5 0 12 11 8 23 25 24 7 10 9 47 13 46 50,ecg200-raw,db4,usage,74,50,50,0,large
W-CART,W-CART:cart,1,6.0,0.14,0.33,0 3 1 2 4 5 6 7 8 9 10 11 12 13 14 15 16 17 18 19,3 1 6 4 2 5 0 12 11 8 23 25 24 7 10 9 47 13 46 50,ecg200-raw,db4,usage,74,50,50,0,large
ALL,W-NN:k=1,9,0.5,0.08,0.16,1 6 2 3 4 5 23 11 12 0 8 7 10 9 25 24 47 16 26 48,3 1 6 4 2 5 0 12 11 8 23 25 24 7 10 9 47 13 46 50,ecg200-raw,db4,usage,74,50,50,0,large
W-NN,W-NN:k=1,13,1.0,0.1,0.16,1 3 4 6 0 5 2 8 11 12 23 10 25 9 47 24 7 22 50 46,1 3 4 6 0 5 2 8 11 12 23 10 25 9 47 24 7 22 50 46,ecg200-raw,db4,usage,75,50,50,0,large
W-QDA,W-QDA:qda,12,1.0,0.08,0.12,1 3 4 6 0 5 2 8 11 12 23 10 25 9 47 24 7 22 50 46,1 3 4 6 0 5 2 8 11 12 23 10 25 9 47 24 7 22 50 46,ecg200-raw,db4,usage,75,50,50,0,large
W-CART,W-CART:cart,14,3.0,0.08,0.26,4 3 1 0 5 2 6 11 12 8 7 9 10 13 14 15 16 17 18 19,1 3 4 6 0 5 2 8 11 12 23 10 25 9 47 24 7 22 50 46,ecg200-raw,db4,usage,75,50,50,0,large
ALL,W-QDA:qda,12,1.0,0.08,0.12,1 3 4 6 0 5 2 8 11 12 23 10 25 9 47 24 7 22 50 46,1 3 4 6 0 5 2 8 11 12 23 10 25 9 47 24 7 22 50 46,ecg200-raw,db4,usage,75,50,50,0,large
W-NN,W-NN:k=7,2,0.5,0.16,0.23,1 3 6 4 5 0 12 2 8 11 7 10 9 23 25 24 16 47 50 26,1 3 4 5 6 0 2 12 8 11 9 10 25 23 24 7 47 48 13 22,ecg200-raw,db4,usage,76,50,50,0,large
W-QDA,W-QDA:qda,12,3.0,0.12,0.19,4 3 1 0 5 2 6 12 11 7 23 8 9 10 13 14 15 16 17 18,1 3 4 5 6 0 2 12 8 11 9 10 25 23 24 7 47 48 13 22,ecg200-raw,db4,usage,76,50,50,0,large
W-CART,W-CART:cart,11,8.0,0.16,0.24,0 1 2 3 4 5 6 7 8 9 10 11 12 13 14 15 16 17 18 19,1 3 4 5 6 0 2 12 8 11 9 10 25 23 24 7 47 48 13 22,ecg200-raw,db4,usage,76,50,50,0,large
ALL,W-QDA:qda,12,3.0,0.12,0.19,4 3 1 0 5 2 6 12 11 7 23 8 9 10 13 14 15 16 17 18,1 3 4 5 6 0 2 12 8 11 9 10 25 23 24 7 47 48 13 22,ecg200-raw,db4,usage,76,50,50,0,large
W-NN,W-NN:k=1,14,0.5,0.08,0.18,1 3 4 6 0 2 11 5 12 8 7 23 10 25 9 24 16 47 17 13,1 3 4 0 5 2 6 11 8 12 23 25 9 7 24 10 47 46 22 50,ecg200-raw,db4,usage,77,50,50,0,large
W-QDA,W-QDA:qda,6,0.5,0.1,0.14,1 3 4 6 0 2 11 5 12 8 7 23 10 25 9 24 16 47 17 13,1 3 4 0 5 2 6 11 8 12 23 25 9 7 24 10 47 46 22 50,ecg200-raw,db4,usage,77,50,50,0,large
W-CART,W-CART:cart,26,4.0,0.08,0.18,3 0 1 2 4 5 6 7 8 9 10 11 12 13 14 15 16 17 18 19,1 3 4 0 5 2 6 11 8 12 23 25 9 7 24 10 47 46 22 50,ecg200-raw,db4,usage,77,50,50,0,large
ALL,W-NN:k=1,14,0.5,0.08,0.18,1 3 4 6 0 2 11 5 12 8 7 23 10 25 9 24 16 47 17 13,1 3 4 0 5 2 6 11 8 12 23 25 9 7 24 10 47 46 22 50,ecg200-raw,db4,usage,77,50,50,0,large
W-NN,W-NN:k=1,8,0.5,0.08,0.17,1 4 3 5 6 0 11 2 8 12 23 9 7 25 10 24 16 47 13 26,3 1 5 4 0 6 2 11 8 12 23 25 24 9 10 7 47 13 46 48,ecg200-raw,db4,usage,78,50,50,0,large
W-QDA,W-QDA:qda,12,1.0,0.06,0.12,3 1 5 4 0 6 2 11 8 12 23 25 24 9 10 7 47 13 46 48,3 1 5 4 0 6 2 11 8 12 23 25 24 9 10 7 47 13 46 48,ecg200-raw,db4,usage,78,50,50,0,large
W-CART,W-CART:cart,23,1.5,0.1,0.13,1 3 5 4 2 6 0 8 11 12 23 24 7 25 47 46 26 9 10 13,3 1 5 4 0 6 2 11 8 12 23 25 24 9 10 7 47 13 46 48,ecg200-raw,db4,usage,78,50,50,0,large
ALL,W-QDA:qda,12,1.0,0.06,0.12,3 1 5 4 0 6 2 11 8 12 23 25 24 9 10 7 47 13 46 48,3 1 5 4 0 6 2 11 8 12 23 25 24 9 10 7 47 13 46 48,ecg200-raw,db4,usage,78,50,50,0,large
W-NN,W-NN:k=5,11,4.0,0.1,0.23,3 0 4 1 2 5 6 7 8 9 10 11 12 13 14 15 16 17 18 19,1 4 3 5 0 6 2 11 8 12 25 10 23 9 24 47 7 48 50 22,ecg200-raw,db4,usage,79,50,50,0,large
W-QDA,W-QDA:qda,4,0.5,0.08,0.24,4 0 1 5 3 2 6 11 8 10 12 9 23 25 7 24 16 47 13 48,1 4 3 5 0 6 2 11 8 12 25 10 23 9 24 47 7 48 50 22,ecg200-raw,db4,usage,79,50,50,0,large
W-CART,W-CART:cart,13,1.5,0.1,0.21,3 4 1 5 2 0 8 6 11 12 24 23 25 7 9 26 46 47 10 13,1 4 3 5 0 6 2 11 8 12 25 10 23 9 24 47 7 48 50 22,ecg200-raw,db4,usage,79,50,50,0,large
ALL,W-QDA:qda,4,0.5,0.08,0.24,4 0 1 5 3 2 6 11 8 10 12 9 23 25 7 24 16 47 13 48,1 4 3 5 0 6 2 11 8 12 25 10 23 9 24 47 7 48 50 22,ecg200-raw,db4,usage,79,50,50,0,large
W-NN,W-NN:k=1,12,1.0,0.12,0.1,1 3 6 0 4 2 5 12 11 8 23 25 9 10 24 7 47 13 22 50,1 3 6 0 4 2 5 12 11 8 23 25 9 10 24 7 47 13 22 50,ecg200-raw,db4,usage,80,50,50,0,large
W-QDA,W-QDA:qda,4,0.5,0.14,0.18,1 3 6 0 4 2 12 11 5 8 7 23 10 9 25 24 16 47 13 26,1 3 6 0 4 2 5 12 11 8 23 25 9 10 24 7 47 13 22 50,ecg200-raw,db4,usage,80,50,50,0,large
W-CART,W-CART:cart,12,1.0,0.08,0.15,1 3 6 0 4 2 5 12 11 8 23 25 9 10 24 7 47 13 22 50,1 3 6 0 4 2 5 12 11 8 23 25 9 10 24 7 47 13 22 50,ecg200-raw,db4,usage,80,50,50,0,large
ALL,W-CART:cart,12,1.0,0.08,0.15,1 3 6 0 4 2 5 12 11 8 23 25 9 10 24 7 47 13 22 50,1 3 6 0 4 2 5 12 11 8 23 25 9 10 24 7 47 13 22 50,ecg200-raw,db4,usage,80,50,50,0,large
W-NN,W-NN:k=1,3,0.5,0.04,0.31,1 4 0 3 2 6 5 11 12 8 25 9 7 23 24 10 16 47 50 26,3 4 1 5 6 0 2 12 8 11 25 23 9 24 10 7 47 50 13 48,ecg200-raw,db4,usage,81,50,50,0,large
W-QDA,W-QDA:qda,8,1.0,0.08,0.22,3 4 1 5 6 0 2 12 8 11 25 23 9 24 10 7 47 50 13 48,3 4 1 5 6 0 2 12 8 11 25 23 9 24 10 7 47 50 13 48,ecg200-raw,db4,usage,81,50,50,0,large
W-CART,W-CART:cart,5,4.0,0.12,0.27,3 0 4 1 2 5 6 7 8 9 10 11 12 13 14 15 16 17 18 19,3 4 1 5 6 0 2 12 8 11 25 23 9 24 10 7 47 50 13 48,ecg200-raw,db4,usage,81,50,50,0,large
ALL,W-NN:k=1,3,0.5,0.04,0.31,1 4 0 3 2 6 5 11 12 8 25 9 7 23 24 10 16 47 50 26,3 4 1 5 6 0 2 12 8 11 25 23 9 24 10 7 47 50 13 48,ecg200-raw,db4,usage,81,50,50,0,large
W-NN,W-NN:k=9,3,1.0,0.12,0.2,1 3 4 5 2 6 0 11 12 8 23 24 25 47 9 7 10 13 48 22,1 3 4 5 2 6 0 11 12 8 23 24 25 47 9 7 10 13 48 22,ecg200-raw,db4,usage,82,50,50,0,large
W-QDA,W-QDA:qda,11,0.5,0.1,0.12,1 4 6 3 2 5 0 11 8 12 23 25 10 7 24 9 47 16 13 50,1 3 4 5 2 6 0 11 12 8 23 24 25 47 9 7 10 13 48 22,ecg200-raw,db4,usage,82,50,50,0,large
W-CART,W-CART:cart,4,1.5,0.12,0.23,1 3 5 2 4 0 6 8 12 11 23 24 7 25 47 46 22 9 10 13,1 3 4 5 2 6 0 11 12 8 23 24 25 47 9 7 10 13 48 22,ecg200-raw,db4,usage,82,50,50,0,large
ALL,W-QDA:qda,11,0.5,0.1,0.12,1 4 6 3 2 5 0 11 8 12 23 25 10 7 24 9 47 16 13 50,1 3 4 5 2 6 0 11 12 8 23 24 25 47 9 7 10 13 48 22,ecg200-raw,db4,usage,82,50,50,0,large
W-NN,W-NN:k=3,6,1.5,0.12,0.18,1 3 4 5 2 12 6 8 0 11 23 24 25 47 7 9 46 10 13 14,1 3 4 5 6 2 12 0 8 11 23 25 9 24 10 47 7 13 16 50,ecg200-raw,db4,usage,83,50,50,0,large
W-QDA,W-QDA:qda,7,1.0,0.1,0.14,1 3 4 5 6 2 12 0 8 11 23 25 9 24 10 47 7 13 16 50,1 3 4 5 6 2 12 0 8 11 23 25 9 24 10 47 7 13 16 50,ecg200-raw,db4,usage,83,50,50,0,large
W-CART,W-CART:cart,8,1.0,0.12,0.18,1 3 4 5 6 2 12 0 8 11 23 25 9 24 10 47 7 13 16 50,1 3 4 5 6 2 12 0 8 11 23 25 9 24 10 47 7 13 16 50,ecg200-raw,db4,usage,83,50,50,0,large
ALL,W-QDA:qda,7,1.0,0.1,0.14,1 3 4 5 6 2 12 0 8 11 23 25 9 24 10 47 7 13 16 50,1 3 4 5 6 2 12 0 8 11 23 25 9 24 10 47 7 13 16 50,ecg200-raw,db4,usage,83,50,50,0,large
W-NN,W-NN:k=3,15,1.0,0.14,0.12,1 3 4 2 5 6 0 12 8 11 23 9 25 10 24 7 47 46 50 13,1 3 4 2 5 6 0 12 8 11 23 9 25 10 24 7 47 46 50 13,ecg200-raw,db4,usage,84,50,50,0,large
W-QDA,W-QDA:qda,4,0.5,0.14,0.26,1 4 3 6 0 2 5 8 11 12 7 9 25 23 10 24 16 47 50 13,1 3 4 2 5 6 0 12 8 11 23 9 25 10 24 7 47 46 50 13,ecg200-raw,db4,usage,84,50,50,0,large
W-CART,W-CART:cart,14,1.5,0.14,0.2,1 3 4 5 0 2 12 6 8 11 23 24 7 25 46 47 10 9 13 14,1 3 4 2 5 6 0 12 8 11 23 9 25 10 24 7 47 46 50 13,ecg200-raw,db4,usage,84,50,50,0,large
ALL,W-QDA:qda,4,0.5,0.14,0.26,1 4 3 6 0 2 5 8 11 12 7 9 25 23 10 24 16 47 50 13,1 3 4 2 5 6 0 12 8 11 23 9 25 10 24 7 47 46 50 13,ecg200-raw,db4,usage,84,50,50,0,large
W-NN,W-NN:k=1,21,1.0,0.06,0.13,3 1 0 4 5 6 11 12 2 8 23 9 25 10 24 47 7 13 46 50,3 1 0 4 5 6 11 12 2 8 23 9 25 10 24 47 7 13 46 50,ecg200-raw,db4,usage,85,50,50,0,large
W-QDA,W-QDA:qda,5,0.5,0.1,0.19,1 3 6 11 0 4 2 5 12 8 23 9 10 25 24 7 16 47 13 26,3 1 0 4 5 6 11 12 2 8 23 9 25 10 24 47 7 13 46 50,ecg200-raw,db4,usage,85,50,50,0,large
W-CART,W-CART:cart,15,1.5,0.14,0.24,1 3 4 5 0 2 8 6 12 11 23 24 47 7 25 46 10 26 9 13,3 1 0 4 5 6 11 12 2 8 23 9 25 10 24 47 7 13 46 50,ecg200-raw,db4,usage,85,50,50,0,large
ALL,W-NN:k=1,21,1.0,0.06,0.13,3 1 0 4 5 6 11 12 2 8 23 9 25 10 24 47 7 13 46 50,3 1 0 4 5 6 11 12 2 8 23 9 25 10 24 47 7 13 46 50,ecg200-raw,db4,usage,85,50,50,0,large
W-NN,W-NN:k=1,3,6.0,0.14,0.24,0 3 1 2 6 4 5 7 8 9 10 11 12 13 14 15 16 17 18 19,1 4 3 5 6 0 2 12 8 11 24 25 9 23 10 7 47 13 50 16,ecg200-raw,db4,usage,86,50,50,0,large
W-QDA,W-QDA:qda,5,0.5,0.16,0.21,1 3 6 4 2 0 12 5 11 8 10 7 24 25 23 9 16 13 50 47,1 4 3 5 6 0 2 12 8 11 24 25 9 23 10 7 47 13 50 16,ecg200-raw,db4,usage,86,50,50,0,large
W-CART,W-CART:cart,4,8.0,0.14,0.24,0 1 2 3 4 5 6 7 8 9 10 11 12 13 14 15 16 17 18 19,1 4 3 5 6 0 2 12 8 11 24 25 9 23 10 7 47 13 50 16,ecg200-raw,db4,usage,86,50,50,0,large
ALL,W-NN:k=1,3,6.0,0.14,0.24,0 3 1 2 6 4 5 7 8 9 10 11 12 13 14 15 16 17 18 19,1 4 3 5 6 0 2 12 8 11 24 25 9 23 10 7 47 13 50 16,ecg200-raw,db4,usage,86,50,50,0,large
W-NN,W-NN:k=1,9,2.0,0.12,0.23,1 4 3 5 2 0 8 12 11 6 23 24 7 46 47 9 10 13 14 15,1 3 2 4 0 5 6 12 11 8 23 25 9 10 24 47 7 13 16 50,ecg200-raw,db4,usage,87,50,50,0,large
W-QDA,W-QDA:qda,5,0.5,0.04,0.15,1 3 2 4 6 11 0 5 8 12 23 10 25 9 7 24 16 47 13 17,1 3 2 4 0 5 6 12 11 8 23 25 9 10 24 47 7 13 16 50,ecg200-raw,db4,usage,87,50,50,0,large
W-CART,W-CART:cart,3,6.0,0.12,0.2,0 3 2 1 4 5 6 7 8 9 10 11 12 13 14 15 16 17 18 19,1 3 2 4 0 5 6 12 11 8 23 25 9 10 24 47 7 13 16 50,ecg200-raw,db4,usage,87,50,50,0,large
ALL,W-QDA:qda,5,0.5,0.04,0.15,1 3 2 4 6 11 0 5 8 12 23 10 25 9 7 24 16 47 13 17,1 3 2 4 0 5 6 12 11 8 23 25 9 10 24 47 7 13 16 50,ecg200-raw,db4,usage,87,50,50,0,large
W-NN,W-NN:k=1,15,1.0,0.04,0.14,1 3 4 6 5 0 8 2 11 12 23 9 25 24 47 10 7 16 13 14,1 3 4 6 5 0 8 2 11 12 23 9 25 24 47 10 7 16 13 14,ecg200-raw,db4,usage,88,50,50,0,large
W-QDA,W-QDA:qda,12,3.0,0.06,0.14,4 3 1 5 0 2 12 6 11 7 8 23 9 10 13 14 15 16 17 18,1 3 4 6 5 0 8 2 11 12 23 9 25 24 47 10 7 16 13 14,ecg200-raw,db4,usage,88,50,50,0,large
W-CART,W-CART:cart,7,1.0,0.08,0.22,1 3 4 6 5 0 8 2 11 12 23 9 25 24 47 10 7 16 13 14,1 3 4 6 5 0 8 2 11 12 23 9 25 24 47 10 7 16 13 14,ecg200-raw,db4,usage,88,50,50,0,large
ALL,W-NN:k=1,15,1.0,0.04,0.14,1 3 4 6 5 0 8 2 11 12 23 9 25 24 47 10 7 16 13 14,1 3 4 6 5 0 8 2 11 12 23 9 25 24 47 10 7 16 13 14,ecg200-raw,db4,usage,88,50,50,0,large
W-NN,W-NN:k=7,1,0.5,0.14,0.34,6 1 3 2 4 0 11 5 8 12 23 10 25 7 9 24 47 16 13 17,1 3 4 2 5 0 6 12 8 11 23 9 10 25 24 47 7 22 13 46,ecg200-raw,db4,usage,89,50,50,0,large
W-QDA,W-QDA:qda,11,0.5,0.06,0.13,6 1 3 2 4 0 11 5 8 12 23 10 25 7 9 24 47 16 13 17,1 3 4 2 5 0 6 12 8 11 23 9 10 25 24 47 7 22 13 46,ecg200-raw,db4,usage,89,50,50,0,large
W-CART,W-CART:cart,30,6.0,0.12,0.15,3 0 1 6 2 4 5 7 8 9 10 11 12 13 14 15 16 17 18 19,1 3 4 2 5 0 6 12 8 11 23 9 10 25 24 47 7 22 13 46,ecg200-raw,db4,usage,89,50,50,0,large
ALL,W-QDA:qda,11,0.5,0.06,0.13,6 1 3 2 4 0 11 5 8 12 23 10 25 7 9 24 47 16 13 17,1 3 4 2 5 0 6 12 8 11 23 9 10 25 24 47 7 22 13 46,ecg200-raw,db4,usage,89,50,50,0,large
W-NN,W-NN:k=1,63,0.5,0.1,0.1,1 4 0 3 6 5 2 12 8 11 23 10 25 9 7 24 47 16 13 17,1 3 4 0 5 6 12 2 8 11 23 25 9 47 24 10 7 13 16 22,ecg200-raw,db4,usage,90,50,50,0,large
W-QDA,W-QDA:qda,10,3.0,0.12,0.16,3 4 1 5 0 2 11 6 12 7 8 9 10 13 14 15 16 17 18 19,1 3 4 0 5 6 12 2 8 11 23 25 9 47 24 10 7 13 16 22,ecg200-raw,db4,usage,90,50,50,0,large
W-CART,W-CART:cart,13,0.5,0.12,0.26,1 4 0 3 6 5 2 12 8 11 23 10 25 9 7 24 47 16 13 17,1 3 4 0 5 6 12 2 8 11 23 25 9 47 24 10 7 13 16 22,ecg200-raw,db4,usage,90,50,50,0,large
ALL,W-NN:k=1,63,0.5,0.1,0.1,1 4 0 3 6 5 2 12 8 11 23 10 25 9 7 24 47 16 13 17,1 3 4 0 5 6 12 2 8 11 23 25 9 47 24 10 7 13 16 22,ecg200-raw,db4,usage,90,50,50,0,large
W-NN,W-NN:k=5,4,8.0,0.06,0.18,0 1 2 3 4 5 6 7 8 9 10 11 12 13 14 15 16 17 18 19,1 3 4 6 5 2 0 8 12 11 23 25 10 9 47 24 7 50 13 22,ecg200-raw,db4,usage,91,50,50,0,large
W-QDA,W-QDA:qda,3,0.5,0.08,0.25,1 6 2 3 4 8 12 5 0 11 7 23 9 25 10 16 47 24 50 13,1 3 4 6 5 2 0 8 12 11 23 25 10 9 47 24 7 50 13 22,ecg200-raw,db4,usage,91,50,50,0,large
W-CART,W-CART:cart,8,0.5,0.16,0.27,1 6 2 3 4 8 12 5 0 11 7 23 9 25 10 16 47 24 50 13,1 3 4 6 5 2 0 8 12 11 23 25 10 9 47 24 7 50 13 22,ecg200-raw,db4,usage,91,50,50,0,large
ALL,W-NN:k=5,4,8.0,0.06,0.18,0 1 2 3 4 5 6 7 8 9 10 11 12 13 14 15 16 17 18 19,1 3 4 6 5 2 0 8 12 11 23 25 10 9 47 24 7 50 13 22,ecg200-raw,db4,usage,91,50,50,0,large
W-NN,W-NN:k=7,1,8.0,0.08,0.3,0 1 2 3 4 5 6 7 8 9 10 11 12 13 14 15 16 17 18 19,1 3 6 4 5 8 12 2 0 11 25 23 24 9 7 10 47 49 50 16,ecg200-raw,db4,usage,92,50,50,0,large
W-QDA,W-QDA:qda,5,1.5,0.08,0.25,1 3 4 5 2 6 0 8 12 11 24 23 7 25 47 22 49 9 10 13,1 3 6 4 5 8 12 2 0 11 25 23 24 9 7 10 47 49 50 16,ecg200-raw,db4,usage,92,50,50,0,large
W-CART,W-CART:cart,39,4.0,0.08,0.28,3 1 4 0 5 2 6 7 8 9 10 11 12 13 14 15 16 17 18 19,1 3 6 4 5 8 12 2 0 11 25 23 24 9 7 10 47 49 50 16,ecg200-raw,db4,usage,92,50,50,0,large
ALL,W-NN:k=7,1,8.0,0.08,0.3,0 1 2 3 4 5 6 7 8 9 10 11 12 13 14 15 16 17 18 19,1 3 6 4 5 8 12 2 0 11 25 23 24 9 7 10 47 49 50 16,ecg200-raw,db4,usage,92,50,50,0,large
W-NN,W-NN:k=5,7,1.5,0.12,0.2,1 3 4 5 0 8 2 6 12 11 23 24 7 25 46 47 22 49 9 10,1 3 4 5 0 6 2 12 11 8 23 25 9 10 24 7 47 13 46 16,ecg200-raw,db4,usage,93,50,50,0,large
W-QDA,W-QDA:qda,5,2.0,0.14,0.2,1 4 3 5 8 0 2 12 6 11 24 23 7 46 9 10 13 14 15 16,1 3 4 5 0 6 2 12 11 8 23 25 9 10 24 7 47 13 46 16,ecg200-raw,db4,usage,93,50,50,0,large
W-CART,W-CART:cart,4,0.5,0.14,0.19,3 1 2 6 11 4 5 0 12 8 10 7 9 25 24 23 47 16 13 17,1 3 4 5 0 6 2 12 11 8 23 25 9 10 24 7 47 13 46 16,ecg200-raw,db4,usage,93,50,50,0,large
ALL,W-NN:k=5,7,1.5,0.12,0.2,1 3 4 5 0 8 2 6 12 11 23 24 7 25 46 47 22 49 9 10,1 3 4 5 0 6 2 12 11 8 23 25 9 10 24 7 47 13 46 16,ecg200-raw,db4,usage,93,50,50,0,large
W-NN,W-NN:k=15,6,2.0,0.12,0.26,3 1 4 5 8 12 0 2 6 24 11 7 23 46 9 10 13 14 15 16,1 3 4 6 5 8 11 0 12 2 23 25 9 10 24 47 7 22 46 50,ecg200-raw,db4,usage,94,50,50,0,large
W-QDA,W-QDA:qda,4,6.0,0.1,0.2,3 0 1 6 2 4 5 7 8 9 10 11 12 13 14 15 16 17 18 19,1 3 4 6 5 8 11 0 12 2 23 25 9 10 24 47 7 22 46 50,ecg200-raw,db4,usage,94,50,50,0,large
W-CART,W-CART:cart,46,0.5,0.08,0.24,1 4 6 3 5 8 11 0 2 12 9 25 7 10 23 24 47 16 17 13,1 3 4 6 5 8 11 0 12 2 23 25 9 10 24 47 7 22 46 50,ecg200-raw,db4,usage,94,50,50,0,large
ALL,W-CART:cart,46,0.5,0.08,0.24,1 4 6 3 5 8 11 0 2 12 9 25 7 10 23 24 47 16 17 13,1 3 4 6 5 8 11 0 12 2 23 25 9 10 24 47 7 22 46 50,ecg200-raw,db4,usage,94,50,50,0,large
W-NN,W-NN:k=1,13,4.0,0.08,0.18,3 4 0 5 1 2 6 7 8 9 10 11 12 13 14 15 16 17 18 19,3 4 1 5 6 0 8 11 12 2 9 25 24 23 7 47 10 13 48 16,ecg200-raw,db4,usage,95,50,50,0,large
W-QDA,W-QDA:qda,6,1.5,0.14,0.21,3 4 5 1 6 8 2 0 12 11 24 23 7 25 47 9 22 46 49 10,3 4 1 5 6 0 8 11 12 2 9 25 24 23 7 47 10 13 48 16,ecg200-raw,db4,usage,95,50,50,0,large
W-CART,W-CART:cart,14,1.0,0.1,0.17,3 4 1 5 6 0 8 11 12 2 9 25 24 23 7 47 10 13 48 16,3 4 1 5 6 0 8 11 12 2 9 25 24 23 7 47 10 13 48 16,ecg200-raw,db4,usage,95,50,50,0,large
ALL,W-NN:k=1,13,4.0,0.08,0.18,3 4 0 5 1 2 6 7 8 9 10 11 12 13 14 15 16 17 18 19,3 4 1 5 6 0 8 11 12 2 9 25 24 23 7 47 10 13 48 16,ecg200-raw,db4,usage,95,50,50,0,large
W-NN,W-NN:k=3,11,4.0,0.06,0.19,3 4 0 1 2 5 6 7 8 9 10 11 12 13 14 15 16 17 18 19,1 3 4 5 0 6 11 8 2 12 23 9 24 25 7 10 47 13 50 16,ecg200-raw,db4,usage,96,50,50,0,large
W-QDA,W-QDA:qda,8,2.0,0.02,0.18,3 4 1 5 0 2 8 6 12 11 24 23 7 9 10 13 14 15 16 17,1 3 4 5 0 6 11 8 2 12 23 9 24 25 7 10 47 13 50 16,ecg200-raw,db4,usage,96,50,50,0,large
W-CART,W-CART:cart,13,0.5,0.08,0.18,1 3 6 4 11 5 0 2 8 12 23 25 9 10 7 47 24 16 13 50,1 3 4 5 0 6 11 8 2 12 23 9 24 25 7 10 47 13 50 16,ecg200-raw,db4,usage,96,50,50,0,large
ALL,W-QDA:qda,8,2.0,0.02,0.18,3 4 1 5 0 2 8 6 12 11 24 23 7 9 10 13 14 15 16 17,1 3 4 5 0 6 11 8 2 12 23 9 24 25 7 10 47 13 50 16,ecg200-raw,db4,usage,96,50,50,0,large
W-NN,W-NN:k=9,2,3.0,0.2,0.26,4 3 1 2 0 5 12 6 11 7 8 23 9 10 13 14 15 16 17 18,3 1 4 6 2 5 0 12 8 11 23 25 9 10 24 7 47 13 22 50,ecg200-raw,db4,usage,97,50,50,0,large
W-QDA,W-QDA:qda,11,4.0,0.12,0.18,3 0 1 4 2 5 6 7 8 9 10 11 12 13 14 15 16 17 18 19,3 1 4 6 2 5 0 12 8 11 23 25 9 10 24 7 47 13 22 50,ecg200-raw,db4,usage,97,50,50,0,large
W-CART,W-CART:cart,12,1.5,0.16,0.17,1 3 4 5 2 0 12 6 8 11 23 24 7 25 47 10 22 46 9 13,3 1 4 6 2 5 0 12 8 11 23 25 9 10 24 7 47 13 22 50,ecg200-raw,db4,usage,97,50,50,0,large
ALL,W-QDA:qda,11,4.0,0.12,0.18,3 0 1 4 2 5 6 7 8 9 10 11 12 13 14 15 16 17 18 19,3 1 4 6 2 5 0 12 8 11 23 25 9 10 24 7 47 13 22 50,ecg200-raw,db4,usage,97,50,50,0,large
W-NN,W-NN:k=1,33,3.0,0.12,0.13,4 3 1 0 5 2 12 6 8 11 7 9 10 13 14 15 16 17 18 19,1 3 4 0 5 2 6 8 12 11 23 9 10 25 24 47 7 13 46 16,ecg200-raw,db4,usage,98,50,50,0,large
W-QDA,W-QDA:qda,8,3.0,0.08,0.15,4 3 1 0 5 2 12 6 8 11 7 9 10 13 14 15 16 17 18 19,1 3 4 0 5 2 6 8 12 11 23 9 10 25 24 47 7 13 46 16,ecg200-raw,db4,usage,98,50,50,0,large
W-CART,W-CART:cart,35,1.5,0.06,0.2,1 3 4 5 2 8 0 6 12 11 23 24 7 25 47 46 9 22 10 13,1 3 4 0 5 2 6 8 12 11 23 9 10 25 24 47 7 13 46 16,ecg200-raw,db4,usage,98,50,50,0,large
ALL,W-CART:cart,35,1.5,0.06,0.2,1 3 4 5 2 8 0 6 12 11 23 24 7 25 47 46 9 22 10 13,1 3 4 0 5 2 6 8 12 11 23 9 10 25 24 47 7 13 46 16,ecg200-raw,db4,usage,98,50,50,0,large
W-NN,W-NN:k=3,8,2.0,0.16,0.14,3 1 4 5 2 8 12 11 6 0 23 7 24 46 47 9 10 13 14 15,3 1 6 4 2 5 11 0 12 8 23 9 25 7 10 47 24 22 13 46,ecg200-raw,db4,usage,99,50,50,0,large
W-QDA,W-QDA:qda,13,1.0,0.1,0.16,3 1 6 4 2 5 11 0 12 8 23 9 25 7 10 47 24 22 13 46,3 1 6 4 2 5 11 0 12 8 23 9 25 7 10 47 24 22 13 46,ecg200-raw,db4,usage,99,50,50,0,large
W-CART,W-CART:cart,5,1.0,0.16,0.16,3 1 6 4 2 5 11 0 12 8 23 9 25 7 10 47 24 22 13 46,3 1 6 4 2 5 11 0 12 8 23 9 25 7 10 47 24 22 13 46,ecg200-raw,db4,usage,99,50,50,0,large
ALL,W-QDA:qda,13,1.0,0.1,0.16,3 1 6 4 2 5 11 0 12 8 23 9 25 7 10 47 24 22 13 46,3 1 6 4 2 5 11 0 12 8 23 9 25 7 10 47 24 22 13 46,ecg200-raw,db4,usage,99,50,50,0,large
