family,chosen,d,c,val_err,test_err,top,top_c1,setting,wavelet,rule,rep,n,m,n_outliers
W-NN,W-NN:k=15,23,,0.072,0.11499126964330257,0 1 2 4 3 8 6 9 5 12 10 11 7 64 16 18 13 32 23 15,0 1 2 4 3 8 6 9 5 12 10 11 7 64 16 18 13 32 23 15,phoneme,db1,energy,0,250,250,0
W-QDA,W-QDA:qda,12,,0.076,0.10451484160638563,0 1 2 4 3 8 6 9 5 12 10 11 7 64 16 18 13 32 23 15,0 1 2 4 3 8 6 9 5 12 10 11 7 64 16 18 13 32 23 15,phoneme,db1,energy,0,250,250,0
W-CART,W-CART:cart,19,,0.096,0.12222499376403093,0 1 2 4 3 8 6 9 5 12 10 11 7 64 16 18 13 32 23 15,0 1 2 4 3 8 6 9 5 12 10 11 7 64 16 18 13 32 23 15,phoneme,db1,energy,0,250,250,0
ALL,W-NN:k=15,23,,0.072,0.11499126964330257,0 1 2 4 3 8 6 9 5 12 10 11 7 64 16 18 13 32 23 15,0 1 2 4 3 8 6 9 5 12 10 11 7 64 16 18 13 32 23 15,phoneme,db1,energy,0,250,250,0
W-NN,W-NN:k=15,26,0.5,0.072,0.11623846345722125,0 1 2 4 8 9 3 5 6 64 10 11 18 7 12 16 13 23 32 14,0 1 2 4 8 3 6 5 12 11 9 10 7 64 16 17 19 13 15 18,phoneme,db1,usage,0,250,250,0
W-QDA,W-QDA:qda,6,0.5,0.068,0.09329009728111748,0 1 2 4 8 9 3 5 6 64 10 11 18 7 12 16 13 23 32 14,0 1 2 4 8 3 6 5 12 11 9 10 7 64 16 17 19 13 15 18,phoneme,db1,usage,0,250,250,0
W-CART,W-CART:cart,47,1.5,0.076,0.13444749314043403,0 1 2 4 8 3 5 6 10 7 9 11 12 13 14 15 16 17 18 19,0 1 2 4 8 3 6 5 12 11 9 10 7 64 16 17 19 13 15 18,phoneme,db1,usage,0,250,250,0
ALL,W-QDA:qda,6,0.5,0.068,0.09329009728111748,0 1 2 4 8 9 3 5 6 64 10 11 18 7 12 16 13 23 32 14,0 1 2 4 8 3 6 5 12 11 9 10 7 64 16 17 19 13 15 18,phoneme,db1,usage,0,250,250,0
W-NN,W-NN:k=5,35,,0.1,0.11623846345722125,0 1 2 4 3 8 9 6 5 11 12 10 64 7 16 18 32 14 13 20,0 1 2 4 3 8 9 6 5 11 12 10 64 7 16 18 32 14 13 20,phoneme,db1,energy,1,250,250,0
W-QDA,W-QDA:qda,4,,0.084,0.09054627089049638,0 1 2 4 3 8 9 6 5 11 12 10 64 7 16 18 32 14 13 20,0 1 2 4 3 8 9 6 5 11 12 10 64 7 16 18 32 14 13 20,phoneme,db1,energy,1,250,250,0
W-CART,W-CART:cart,6,,0.116,0.13344973808929908,0 1 2 4 3 8 9 6 5 11 12 10 64 7 16 18 32 14 13 20,0 1 2 4 3 8 9 6 5 11 12 10 64 7 16 18 32 14 13 20,phoneme,db1,energy,1,250,250,0
ALL,W-QDA:qda,4,,0.084,0.09054627089049638,0 1 2 4 3 8 9 6 5 11 12 10 64 7 16 18 32 14 13 20,0 1 2 4 3 8 9 6 5 11 12 10 64 7 16 18 32 14 13 20,phoneme,db1,energy,1,250,250,0
W-NN,W-NN:k=3,5,0.5,0.088,0.1262160139685707,0 1 2 8 4 9 3 5 6 64 11 10 12 7 18 16 32 13 23 14,0 1 2 4 3 8 6 5 11 7 9 10 12 16 14 17 19 32 64 65,phoneme,db1,usage,1,250,250,0
W-QDA,W-QDA:qda,4,1.0,0.084,0.09054627089049638,0 1 2 4 3 8 6 5 11 7 9 10 12 16 14 17 19 32 64 65,0 1 2 4 3 8 6 5 11 7 9 10 12 16 14 17 19 32 64 65,phoneme,db1,usage,1,250,250,0
W-CART,W-CART:cart,5,1.5,0.104,0.12995759541032675,0 1 2 4 8 3 10 5 6 7 9 11 12 13 14 15 16 17 18 19,0 1 2 4 3 8 6 5 11 7 9 10 12 16 14 17 19 32 64 65,phoneme,db1,usage,1,250,250,0
ALL,W-QDA:qda,4,1.0,0.084,0.09054627089049638,0 1 2 4 3 8 6 5 11 7 9 10 12 16 14 17 19 32 64 65,0 1 2 4 3 8 6 5 11 7 9 10 12 16 14 17 19 32 64 65,phoneme,db1,usage,1,250,250,0
W-NN,W-NN:k=3,10,,0.096,0.10875530057370915,0 1 2 4 3 8 9 6 5 12 11 7 10 64 16 18 32 13 14 20,0 1 2 4 3 8 9 6 5 12 11 7 10 64 16 18 32 13 14 20,phoneme,db1,energy,2,250,250,0
W-QDA,W-QDA:qda,17,,0.112,0.10825642304814168,0 1 2 4 3 8 9 6 5 12 11 7 10 64 16 18 32 13 14 20,0 1 2 4 3 8 9 6 5 12 11 7 10 64 16 18 32 13 14 20,phoneme,db1,energy,2,250,250,0
W-CART,W-CART:cart,33,,0.112,0.13270142180094788,0 1 2 4 3 8 9 6 5 12 11 7 10 64 16 18 32 13 14 20,0 1 2 4 3 8 9 6 5 12 11 7 10 64 16 18 32 13 14 20,phoneme,db1,energy,2,250,250,0
ALL,W-NN:k=3,10,,0.096,0.10875530057370915,0 1 2 4 3 8 9 6 5 12 11 7 10 64 16 18 32 13 14 20,0 1 2 4 3 8 9 6 5 12 11 7 10 64 16 18 32 13 14 20,phoneme,db1,energy,2,250,250,0
W-NN,W-NN:k=3,10,1.0,0.096,0.10875530057370915,0 1 2 4 8 3 6 5 12 9 11 10 7 16 64 13 15 42 117 14,0 1 2 4 8 3 6 5 12 9 11 10 7 16 64 13 15 42 117 14,phoneme,db1,usage,2,250,250,0
W-QDA,W-QDA:qda,15,0.5,0.112,0.11000249438762784,0 1 2 4 8 9 3 6 64 5 10 11 12 18 16 7 13 24 32 20,0 1 2 4 8 3 6 5 12 9 11 10 7 16 64 13 15 42 117 14,phoneme,db1,usage,2,250,250,0
W-CART,W-CART:cart,42,0.5,0.116,0.1282115240708406,0 1 2 4 8 9 3 6 64 5 10 11 12 18 16 7 13 24 32 20,0 1 2 4 8 3 6 5 12 9 11 10 7 16 64 13 15 42 117 14,phoneme,db1,usage,2,250,250,0
ALL,W-NN:k=3,10,1.0,0.096,0.10875530057370915,0 1 2 4 8 3 6 5 12 9 11 10 7 16 64 13 15 42 117 14,0 1 2 4 8 3 6 5 12 9 11 10 7 16 64 13 15 42 117 14,phoneme,db1,usage,2,250,250,0
W-NN,W-NN:k=5,14,,0.076,0.10426540284360189,0 1 2 4 3 8 9 6 5 11 10 12 64 16 7 18 32 13 14 23,0 1 2 4 3 8 9 6 5 11 10 12 64 16 7 18 32 13 14 23,phoneme,db1,energy,3,250,250,0
W-QDA,W-QDA:qda,4,,0.088,0.09453729109503617,0 1 2 4 3 8 9 6 5 11 10 12 64 16 7 18 32 13 14 23,0 1 2 4 3 8 9 6 5 11 10 12 64 16 7 18 32 13 14 23,phoneme,db1,energy,3,250,250,0
W-CART,W-CART:cart,7,,0.108,0.12222499376403093,0 1 2 4 3 8 9 6 5 11 10 12 64 16 7 18 32 13 14 23,0 1 2 4 3 8 9 6 5 11 10 12 64 16 7 18 32 13 14 23,phoneme,db1,energy,3,250,250,0
ALL,W-NN:k=5,14,,0.076,0.10426540284360189,0 1 2 4 3 8 9 6 5 11 10 12 64 16 7 18 32 13 14 23,0 1 2 4 3 8 9 6 5 11 10 12 64 16 7 18 32 13 14 23,phoneme,db1,energy,3,250,250,0
W-NN,W-NN:k=1,6,0.5,0.072,0.10825642304814168,0 1 2 4 8 9 3 5 64 6 10 11 16 18 12 7 13 32 14 33,0 1 2 4 8 3 6 5 9 11 12 16 7 17 21 66 10 19 23 65,phoneme,db1,usage,3,250,250,0
W-QDA,W-QDA:qda,4,0.5,0.088,0.09453729109503617,0 1 2 4 8 9 3 5 64 6 10 11 16 18 12 7 13 32 14 33,0 1 2 4 8 3 6 5 9 11 12 16 7 17 21 66 10 19 23 65,phoneme,db1,usage,3,250,250,0
W-CART,W-CART:cart,5,0.5,0.104,0.12496882015465204,0 1 2 4 8 9 3 5 64 6 10 11 16 18 12 7 13 32 14 33,0 1 2 4 8 3 6 5 9 11 12 16 7 17 21 66 10 19 23 65,phoneme,db1,usage,3,250,250,0
ALL,W-NN:k=1,6,0.5,0.072,0.10825642304814168,0 1 2 4 8 9 3 5 64 6 10 11 16 18 12 7 13 32 14 33,0 1 2 4 8 3 6 5 9 11 12 16 7 17 21 66 10 19 23 65,phoneme,db1,usage,3,250,250,0
W-NN,W-NN:k=3,11,,0.08,0.1124968820154652,0 1 2 4 3 8 6 9 5 11 12 10 64 16 7 18 32 13 14 65,0 1 2 4 3 8 6 9 5 11 12 10 64 16 7 18 32 13 14 65,phoneme,db1,energy,4,250,250,0
W-QDA,W-QDA:qda,5,,0.092,0.09428785233225243,0 1 2 4 3 8 6 9 5 11 12 10 64 16 7 18 32 13 14 65,0 1 2 4 3 8 6 9 5 11 12 10 64 16 7 18 32 13 14 65,phoneme,db1,energy,4,250,250,0
W-CART,W-CART:cart,43,,0.108,0.1451733599401347,0 1 2 4 3 8 6 9 5 11 12 10 64 16 7 18 32 13 14 65,0 1 2 4 3 8 6 9 5 11 12 10 64 16 7 18 32 13 14 65,phoneme,db1,energy,4,250,250,0
ALL,W-NN:k=3,11,,0.08,0.1124968820154652,0 1 2 4 3 8 6 9 5 11 12 10 64 16 7 18 32 13 14 65,0 1 2 4 3 8 6 9 5 11 12 10 64 16 7 18 32 13 14 65,phoneme,db1,energy,4,250,250,0
W-NN,W-NN:k=3,14,1.5,0.076,0.11424295335495135,0 1 2 4 8 3 6 5 7 9 10 11 12 13 14 15 16 17 18 19,0 1 2 4 8 3 6 5 12 11 16 9 10 7 17 19 21 64 13 14,phoneme,db1,usage,4,250,250,0
W-QDA,W-QDA:qda,6,3.0,0.084,0.09802943377400848,0 1 2 3 4 5 6 7 8 9 10 11 12 13 14 15 16 17 18 19,0 1 2 4 8 3 6 5 12 11 16 9 10 7 17 19 21 64 13 14,phoneme,db1,usage,4,250,250,0
W-CART,W-CART:cart,7,2.0,0.092,0.13569468695435272,0 1 2 4 3 8 5 6 7 9 10 11 12 13 14 15 16 17 18 19,0 1 2 4 8 3 6 5 12 11 16 9 10 7 17 19 21 64 13 14,phoneme,db1,usage,4,250,250,0
ALL,W-NN:k=3,14,1.5,0.076,0.11424295335495135,0 1 2 4 8 3 6 5 7 9 10 11 12 13 14 15 16 17 18 19,0 1 2 4 8 3 6 5 12 11 16 9 10 7 17 19 21 64 13 14,phoneme,db1,usage,4,250,250,0
W-NN,W-NN:k=7,18,,0.06,0.10326764779246694,0 1 2 4 3 8 9 5 6 12 11 10 64 7 16 18 32 13 24 20,0 1 2 4 3 8 9 5 6 12 11 10 64 7 16 18 32 13 24 20,phoneme,db1,energy,5,250,250,0
W-QDA,W-QDA:qda,4,,0.064,0.0845597405836867,0 1 2 4 3 8 9 5 6 12 11 10 64 7 16 18 32 13 24 20,0 1 2 4 3 8 9 5 6 12 11 10 64 7 16 18 32 13 24 20,phoneme,db1,energy,5,250,250,0
W-CART,W-CART:cart,16,,0.096,0.12222499376403093,0 1 2 4 3 8 9 5 6 12 11 10 64 7 16 18 32 13 24 20,0 1 2 4 3 8 9 5 6 12 11 10 64 7 16 18 32 13 24 20,phoneme,db1,energy,5,250,250,0
ALL,W-NN:k=7,18,,0.06,0.10326764779246694,0 1 2 4 3 8 9 5 6 12 11 10 64 7 16 18 32 13 24 20,0 1 2 4 3 8 9 5 6 12 11 10 64 7 16 18 32 13 24 20,phoneme,db1,energy,5,250,250,0
W-NN,W-NN:k=7,17,1.5,0.06,0.10725866799700673,0 1 2 4 8 3 5 6 9 10 7 11 12 13 14 15 16 17 18 19,0 1 2 4 8 3 5 6 9 12 16 10 11 19 7 13 14 64 65 117,phoneme,db1,usage,5,250,250,0
W-QDA,W-QDA:qda,4,1.0,0.064,0.0845597405836867,0 1 2 4 8 3 5 6 9 12 16 10 11 19 7 13 14 64 65 117,0 1 2 4 8 3 5 6 9 12 16 10 11 19 7 13 14 64 65 117,phoneme,db1,usage,5,250,250,0
W-CART,W-CART:cart,17,0.5,0.096,0.13070591169867798,0 1 2 8 4 9 3 5 6 12 10 64 7 11 18 16 13 24 32 19,0 1 2 4 8 3 5 6 9 12 16 10 11 19 7 13 14 64 65 117,phoneme,db1,usage,5,250,250,0
ALL,W-NN:k=7,17,1.5,0.06,0.10725866799700673,0 1 2 4 8 3 5 6 9 10 7 11 12 13 14 15 16 17 18 19,0 1 2 4 8 3 5 6 9 12 16 10 11 19 7 13 14 64 65 117,phoneme,db1,usage,5,250,250,0
W-NN,W-NN:k=5,5,,0.08,0.10800698428535795,0 1 2 4 8 3 9 6 5 12 11 10 7 64 16 18 32 13 65 14,0 1 2 4 8 3 9 6 5 12 11 10 7 64 16 18 32 13 65 14,phoneme,db1,energy,6,250,250,0
W-QDA,W-QDA:qda,6,,0.068,0.09004739336492891,0 1 2 4 8 3 9 6 5 12 11 10 7 64 16 18 32 13 65 14,0 1 2 4 8 3 9 6 5 12 11 10 7 64 16 18 32 13 65 14,phoneme,db1,energy,6,250,250,0
W-CART,W-CART:cart,64,,0.076,0.11673734098278872,0 1 2 4 8 3 9 6 5 12 11 10 7 64 16 18 32 13 65 14,0 1 2 4 8 3 9 6 5 12 11 10 7 64 16 18 32 13 65 14,phoneme,db1,energy,6,250,250,0
ALL,W-QDA:qda,6,,0.068,0.09004739336492891,0 1 2 4 8 3 9 6 5 12 11 10 7 64 16 18 32 13 65 14,0 1 2 4 8 3 9 6 5 12 11 10 7 64 16 18 32 13 65 14,phoneme,db1,energy,6,250,250,0
W-NN,W-NN:k=5,5,0.5,0.08,0.10800698428535795,0 1 2 4 8 9 3 5 64 6 10 11 7 12 16 18 65 13 19 32,0 1 2 4 8 3 6 5 9 11 7 12 10 64 66 17 18 20 21 33,phoneme,db1,usage,6,250,250,0
W-QDA,W-QDA:qda,6,0.5,0.068,0.0845597405836867,0 1 2 4 8 9 3 5 64 6 10 11 7 12 16 18 65 13 19 32,0 1 2 4 8 3 6 5 9 11 7 12 10 64 66 17 18 20 21 33,phoneme,db1,usage,6,250,250,0
W-CART,W-CART:cart,54,0.5,0.076,0.12496882015465204,0 1 2 4 8 9 3 5 64 6 10 11 7 12 16 18 65 13 19 32,0 1 2 4 8 3 6 5 9 11 7 12 10 64 66 17 18 20 21 33,phoneme,db1,usage,6,250,250,0
ALL,W-QDA:qda,6,0.5,0.068,0.0845597405836867,0 1 2 4 8 9 3 5 64 6 10 11 7 12 16 18 65 13 19 32,0 1 2 4 8 3 6 5 9 11 7 12 10 64 66 17 18 20 21 33,phoneme,db1,usage,6,250,250,0
W-NN,W-NN:k=1,4,,0.088,0.13120478922424544,0 1 2 4 3 8 9 5 6 11 12 10 7 64 16 18 32 13 14 20,0 1 2 4 3 8 9 5 6 11 12 10 7 64 16 18 32 13 14 20,phoneme,db1,energy,7,250,250,0
W-QDA,W-QDA:qda,4,,0.104,0.08555749563482165,0 1 2 4 3 8 9 5 6 11 12 10 7 64 16 18 32 13 14 20,0 1 2 4 3 8 9 5 6 11 12 10 7 64 16 18 32 13 14 20,phoneme,db1,energy,7,250,250,0
W-CART,W-CART:cart,10,,0.1,0.11573958593165377,0 1 2 4 3 8 9 5 6 11 12 10 7 64 16 18 32 13 14 20,0 1 2 4 3 8 9 5 6 11 12 10 7 64 16 18 32 13 14 20,phoneme,db1,energy,7,250,250,0
ALL,W-NN:k=1,4,,0.088,0.13120478922424544,0 1 2 4 3 8 9 5 6 11 12 10 7 64 16 18 32 13 14 20,0 1 2 4 3 8 9 5 6 11 12 10 7 64 16 18 32 13 14 20,phoneme,db1,energy,7,250,250,0
W-NN,W-NN:k=1,4,1.0,0.088,0.13120478922424544,0 1 2 4 8 3 5 6 12 9 11 7 16 21 10 13 32 64 66 14,0 1 2 4 8 3 5 6 12 9 11 7 16 21 10 13 32 64 66 14,phoneme,db1,usage,7,250,250,0
W-QDA,W-QDA:qda,5,0.5,0.092,0.07607882264903966,0 1 2 8 4 9 3 5 64 6 10 11 16 7 12 18 32 19 13 24,0 1 2 4 8 3 5 6 12 9 11 7 16 21 10 13 32 64 66 14,phoneme,db1,usage,7,250,250,0
W-CART,W-CART:cart,55,2.0,0.092,0.12846096283362435,0 1 2 4 8 3 5 6 7 9 10 11 12 13 14 15 16 17 18 19,0 1 2 4 8 3 5 6 12 9 11 7 16 21 10 13 32 64 66 14,phoneme,db1,usage,7,250,250,0
ALL,W-NN:k=1,4,1.0,0.088,0.13120478922424544,0 1 2 4 8 3 5 6 12 9 11 7 16 21 10 13 32 64 66 14,0 1 2 4 8 3 5 6 12 9 11 7 16 21 10 13 32 64 66 14,phoneme,db1,usage,7,250,250,0
W-NN,W-NN:k=7,40,,0.1,0.10725866799700673,0 1 2 4 3 8 9 6 5 11 12 7 16 10 64 18 13 32 14 15,0 1 2 4 3 8 9 6 5 11 12 7 16 10 64 18 13 32 14 15,phoneme,db1,energy,8,250,250,0
W-QDA,W-QDA:qda,10,,0.084,0.1015215764529808,0 1 2 4 3 8 9 6 5 11 12 7 16 10 64 18 13 32 14 15,0 1 2 4 3 8 9 6 5 11 12 7 16 10 64 18 13 32 14 15,phoneme,db1,energy,8,250,250,0
W-CART,W-CART:cart,33,,0.096,0.11050137191319531,0 1 2 4 3 8 9 6 5 11 12 7 16 10 64 18 13 32 14 15,0 1 2 4 3 8 9 6 5 11 12 7 16 10 64 18 13 32 14 15,phoneme,db1,energy,8,250,250,0
ALL,W-QDA:qda,10,,0.084,0.1015215764529808,0 1 2 4 3 8 9 6 5 11 12 7 16 10 64 18 13 32 14 15,0 1 2 4 3 8 9 6 5 11 12 7 16 10 64 18 13 32 14 15,phoneme,db1,energy,8,250,250,0
W-NN,W-NN:k=5,51,0.5,0.1,0.107009229234223,0 1 2 4 8 9 3 5 6 64 11 12 16 18 10 7 13 14 19 23,0 1 2 4 8 3 5 6 9 11 7 10 12 19 13 16 17 65 66 206,phoneme,db1,usage,8,250,250,0
W-QDA,W-QDA:qda,10,1.0,0.084,0.1015215764529808,0 1 2 4 8 3 5 6 9 11 7 10 12 19 13 16 17 65 66 206,0 1 2 4 8 3 5 6 9 11 7 10 12 19 13 16 17 65 66 206,phoneme,db1,usage,8,250,250,0
W-CART,W-CART:cart,42,3.0,0.088,0.11050137191319531,0 1 2 3 4 5 6 7 8 9 10 11 12 13 14 15 16 17 18 19,0 1 2 4 8 3 5 6 9 11 7 10 12 19 13 16 17 65 66 206,phoneme,db1,usage,8,250,250,0
ALL,W-QDA:qda,10,1.0,0.084,0.1015215764529808,0 1 2 4 8 3 5 6 9 11 7 10 12 19 13 16 17 65 66 206,0 1 2 4 8 3 5 6 9 11 7 10 12 19 13 16 17 65 66 206,phoneme,db1,usage,8,250,250,0
W-NN,W-NN:k=15,18,,0.088,0.09977550511349463,0 1 2 4 3 8 9 6 5 11 12 10 7 64 16 18 32 13 20 14,0 1 2 4 3 8 9 6 5 11 12 10 7 64 16 18 32 13 20 14,phoneme,db1,energy,9,250,250,0
W-QDA,W-QDA:qda,6,,0.072,0.08406086305811923,0 1 2 4 3 8 9 6 5 11 12 10 7 64 16 18 32 13 20 14,0 1 2 4 3 8 9 6 5 11 12 10 7 64 16 18 32 13 20 14,phoneme,db1,energy,9,250,250,0
W-CART,W-CART:cart,11,,0.116,0.12496882015465204,0 1 2 4 3 8 9 6 5 11 12 10 7 64 16 18 32 13 20 14,0 1 2 4 3 8 9 6 5 11 12 10 7 64 16 18 32 13 20 14,phoneme,db1,energy,9,250,250,0
ALL,W-QDA:qda,6,,0.072,0.08406086305811923,0 1 2 4 3 8 9 6 5 11 12 10 7 64 16 18 32 13 20 14,0 1 2 4 3 8 9 6 5 11 12 10 7 64 16 18 32 13 20 14,phoneme,db1,energy,9,250,250,0
W-NN,W-NN:k=9,6,0.5,0.088,0.09378897480668495,0 1 2 4 8 9 3 5 6 11 10 64 12 18 16 7 13 32 19 24,0 1 2 4 8 3 5 6 11 12 7 9 16 10 17 32 66 198 13 14,phoneme,db1,usage,9,250,250,0
W-QDA,W-QDA:qda,6,0.5,0.064,0.08281366924420056,0 1 2 4 8 9 3 5 6 11 10 64 12 18 16 7 13 32 19 24,0 1 2 4 8 3 5 6 11 12 7 9 16 10 17 32 66 198 13 14,phoneme,db1,usage,9,250,250,0
W-CART,W-CART:cart,19,0.5,0.1,0.12521825891743577,0 1 2 4 8 9 3 5 6 11 10 64 12 18 16 7 13 32 19 24,0 1 2 4 8 3 5 6 11 12 7 9 16 10 17 32 66 198 13 14,phoneme,db1,usage,9,250,250,0
ALL,W-QDA:qda,6,0.5,0.064,0.08281366924420056,0 1 2 4 8 9 3 5 6 11 10 64 12 18 16 7 13 32 19 24,0 1 2 4 8 3 5 6 11 12 7 9 16 10 17 32 66 198 13 14,phoneme,db1,usage,9,250,250,0
W-NN,W-NN:k=15,11,,0.088,0.10800698428535795,0 1 2 4 3 8 9 6 5 12 10 7 11 64 16 18 32 14 13 65,0 1 2 4 3 8 9 6 5 12 10 7 11 64 16 18 32 14 13 65,phoneme,db1,energy,10,250,250,0
W-QDA,W-QDA:qda,7,,0.088,0.0940384135694687,0 1 2 4 3 8 9 6 5 12 10 7 11 64 16 18 32 14 13 65,0 1 2 4 3 8 9 6 5 12 10 7 11 64 16 18 32 14 13 65,phoneme,db1,energy,10,250,250,0
W-CART,W-CART:cart,22,,0.096,0.13644300324270392,0 1 2 4 3 8 9 6 5 12 10 7 11 64 16 18 32 14 13 65,0 1 2 4 3 8 9 6 5 12 10 7 11 64 16 18 32 14 13 65,phoneme,db1,energy,10,250,250,0
ALL,W-QDA:qda,7,,0.088,0.0940384135694687,0 1 2 4 3 8 9 6 5 12 10 7 11 64 16 18 32 14 13 65,0 1 2 4 3 8 9 6 5 12 10 7 11 64 16 18 32 14 13 65,phoneme,db1,energy,10,250,250,0
W-NN,W-NN:k=15,11,1.0,0.088,0.10800698428535795,0 1 2 4 8 3 5 6 9 12 10 11 7 16 19 14 64 87 13 15,0 1 2 4 8 3 5 6 9 12 10 11 7 16 19 14 64 87 13 15,phoneme,db1,usage,10,250,250,0
W-QDA,W-QDA:qda,7,1.0,0.084,0.10202045397854827,0 1 2 4 8 3 5 6 9 12 10 11 7 16 19 14 64 87 13 15,0 1 2 4 8 3 5 6 9 12 10 11 7 16 19 14 64 87 13 15,phoneme,db1,usage,10,250,250,0
W-CART,W-CART:cart,15,0.5,0.092,0.1431778498378648,0 1 2 4 8 9 3 5 64 6 10 11 12 7 18 16 14 32 19 17,0 1 2 4 8 3 5 6 9 12 10 11 7 16 19 14 64 87 13 15,phoneme,db1,usage,10,250,250,0
ALL,W-QDA:qda,7,1.0,0.084,0.10202045397854827,0 1 2 4 8 3 5 6 9 12 10 11 7 16 19 14 64 87 13 15,0 1 2 4 8 3 5 6 9 12 10 11 7 16 19 14 64 87 13 15,phoneme,db1,usage,10,250,250,0
W-NN,W-NN:k=5,9,,0.06,0.11000249438762784,0 1 2 4 3 8 6 9 5 11 10 12 64 7 16 18 32 13 14 65,0 1 2 4 3 8 6 9 5 11 10 12 64 7 16 18 32 13 14 65,phoneme,db1,energy,11,250,250,0
W-QDA,W-QDA:qda,13,,0.08,0.10800698428535795,0 1 2 4 3 8 6 9 5 11 10 12 64 7 16 18 32 13 14 65,0 1 2 4 3 8 6 9 5 11 10 12 64 7 16 18 32 13 14 65,phoneme,db1,energy,11,250,250,0
W-CART,W-CART:cart,6,,0.108,0.11773509603392367,0 1 2 4 3 8 6 9 5 11 10 12 64 7 16 18 32 13 14 65,0 1 2 4 3 8 6 9 5 11 10 12 64 7 16 18 32 13 14 65,phoneme,db1,energy,11,250,250,0
ALL,W-NN:k=5,9,,0.06,0.11000249438762784,0 1 2 4 3 8 6 9 5 11 10 12 64 7 16 18 32 13 14 65,0 1 2 4 3 8 6 9 5 11 10 12 64 7 16 18 32 13 14 65,phoneme,db1,energy,11,250,250,0
W-NN,W-NN:k=5,10,3.0,0.056,0.11100024943876279,0 1 2 3 4 5 6 7 8 9 10 11 12 13 14 15 16 17 18 19,0 1 2 4 8 3 6 5 12 11 9 10 64 7 16 17 19 23 65 117,phoneme,db1,usage,11,250,250,0
W-QDA,W-QDA:qda,8,0.5,0.064,0.09578448490895485,0 1 2 4 8 9 3 5 10 6 64 11 12 16 18 7 32 13 14 19,0 1 2 4 8 3 6 5 12 11 9 10 64 7 16 17 19 23 65 117,phoneme,db1,usage,11,250,250,0
W-CART,W-CART:cart,21,1.0,0.084,0.12995759541032675,0 1 2 4 8 3 6 5 12 11 9 10 64 7 16 17 19 23 65 117,0 1 2 4 8 3 6 5 12 11 9 10 64 7 16 17 19 23 65 117,phoneme,db1,usage,11,250,250,0
ALL,W-NN:k=5,10,3.0,0.056,0.11100024943876279,0 1 2 3 4 5 6 7 8 9 10 11 12 13 14 15 16 17 18 19,0 1 2 4 8 3 6 5 12 11 9 10 64 7 16 17 19 23 65 117,phoneme,db1,usage,11,250,250,0
W-NN,W-NN:k=25,6,,0.1,0.10426540284360189,0 1 2 4 8 3 6 9 5 12 11 10 64 7 16 18 32 14 13 19,0 1 2 4 8 3 6 9 5 12 11 10 64 7 16 18 32 14 13 19,phoneme,db1,energy,12,250,250,0
W-QDA,W-QDA:qda,16,,0.08,0.102269892741332,0 1 2 4 8 3 6 9 5 12 11 10 64 7 16 18 32 14 13 19,0 1 2 4 8 3 6 9 5 12 11 10 64 7 16 18 32 14 13 19,phoneme,db1,energy,12,250,250,0
W-CART,W-CART:cart,17,,0.104,0.1314542279870292,0 1 2 4 8 3 6 9 5 12 11 10 64 7 16 18 32 14 13 19,0 1 2 4 8 3 6 9 5 12 11 10 64 7 16 18 32 14 13 19,phoneme,db1,energy,12,250,250,0
ALL,W-QDA:qda,16,,0.08,0.102269892741332,0 1 2 4 8 3 6 9 5 12 11 10 64 7 16 18 32 14 13 19,0 1 2 4 8 3 6 9 5 12 11 10 64 7 16 18 32 14 13 19,phoneme,db1,energy,12,250,250,0
W-NN,W-NN:k=5,9,1.5,0.096,0.11973060613619356,0 1 2 4 8 3 6 5 7 9 10 11 12 13 14 15 16 17 18 19,0 1 2 4 8 3 6 5 11 12 9 10 7 16 19 13 87 14 15 17,phoneme,db1,usage,12,250,250,0
W-QDA,W-QDA:qda,16,0.5,0.08,0.102269892741332,0 1 2 4 8 9 3 5 6 64 11 12 10 18 16 7 32 14 17 23,0 1 2 4 8 3 6 5 11 12 9 10 7 16 19 13 87 14 15 17,phoneme,db1,usage,12,250,250,0
W-CART,W-CART:cart,15,0.5,0.104,0.11923172861062609,0 1 2 4 8 9 3 5 6 64 11 12 10 18 16 7 32 14 17 23,0 1 2 4 8 3 6 5 11 12 9 10 7 16 19 13 87 14 15 17,phoneme,db1,usage,12,250,250,0
ALL,W-QDA:qda,16,0.5,0.08,0.102269892741332,0 1 2 4 8 9 3 5 6 64 11 12 10 18 16 7 32 14 17 23,0 1 2 4 8 3 6 5 11 12 9 10 7 16 19 13 87 14 15 17,phoneme,db1,usage,12,250,250,0
W-NN,W-NN:k=15,9,,0.072,0.11050137191319531,0 1 2 4 8 3 9 6 5 11 10 12 7 16 64 18 13 32 14 23,0 1 2 4 8 3 9 6 5 11 10 12 7 16 64 18 13 32 14 23,phoneme,db1,energy,13,250,250,0
W-QDA,W-QDA:qda,5,,0.072,0.08480917934647045,0 1 2 4 8 3 9 6 5 11 10 12 7 16 64 18 13 32 14 23,0 1 2 4 8 3 9 6 5 11 10 12 7 16 64 18 13 32 14 23,phoneme,db1,energy,13,250,250,0
W-CART,W-CART:cart,19,,0.092,0.13070591169867798,0 1 2 4 8 3 9 6 5 11 10 12 7 16 64 18 13 32 14 23,0 1 2 4 8 3 9 6 5 11 10 12 7 16 64 18 13 32 14 23,phoneme,db1,energy,13,250,250,0
ALL,W-QDA:qda,5,,0.072,0.08480917934647045,0 1 2 4 8 3 9 6 5 11 10 12 7 16 64 18 13 32 14 23,0 1 2 4 8 3 9 6 5 11 10 12 7 16 64 18 13 32 14 23,phoneme,db1,energy,13,250,250,0
W-NN,W-NN:k=9,12,1.5,0.064,0.11573958593165377,0 1 2 4 8 3 6 5 10 7 9 11 12 13 14 15 16 17 18 19,0 1 2 4 8 3 5 6 9 11 16 10 7 12 19 32 64 13 14 15,phoneme,db1,usage,13,250,250,0
W-QDA,W-QDA:qda,5,0.5,0.072,0.08480917934647045,0 1 2 4 8 9 5 3 6 64 10 11 18 7 12 16 13 14 32 24,0 1 2 4 8 3 5 6 9 11 16 10 7 12 19 32 64 13 14 15,phoneme,db1,usage,13,250,250,0
W-CART,W-CART:cart,10,1.5,0.1,0.1431778498378648,0 1 2 4 8 3 6 5 10 7 9 11 12 13 14 15 16 17 18 19,0 1 2 4 8 3 5 6 9 11 16 10 7 12 19 32 64 13 14 15,phoneme,db1,usage,13,250,250,0
ALL,W-NN:k=9,12,1.5,0.064,0.11573958593165377,0 1 2 4 8 3 6 5 10 7 9 11 12 13 14 15 16 17 18 19,0 1 2 4 8 3 5 6 9 11 16 10 7 12 19 32 64 13 14 15,phoneme,db1,usage,13,250,250,0
W-NN,W-NN:k=5,6,,0.088,0.10925417809927662,0 1 2 4 3 8 9 5 6 11 12 10 7 64 16 18 32 13 20 14,0 1 2 4 3 8 9 5 6 11 12 10 7 64 16 18 32 13 20 14,phoneme,db1,energy,14,250,250,0
W-QDA,W-QDA:qda,4,,0.08,0.0940384135694687,0 1 2 4 3 8 9 5 6 11 12 10 7 64 16 18 32 13 20 14,0 1 2 4 3 8 9 5 6 11 12 10 7 64 16 18 32 13 20 14,phoneme,db1,energy,14,250,250,0
W-CART,W-CART:cart,48,,0.104,0.11873285108505861,0 1 2 4 3 8 9 5 6 11 12 10 7 64 16 18 32 13 20 14,0 1 2 4 3 8 9 5 6 11 12 10 7 64 16 18 32 13 20 14,phoneme,db1,energy,14,250,250,0
ALL,W-QDA:qda,4,,0.08,0.0940384135694687,0 1 2 4 3 8 9 5 6 11 12 10 7 64 16 18 32 13 20 14,0 1 2 4 3 8 9 5 6 11 12 10 7 64 16 18 32 13 20 14,phoneme,db1,energy,14,250,250,0
W-NN,W-NN:k=1,6,0.5,0.084,0.12372162634073335,0 1 2 8 4 9 3 5 6 10 64 12 11 7 16 18 13 32 17 14,0 1 2 4 8 3 5 6 11 9 12 16 7 10 17 19 21 33 13 14,phoneme,db1,usage,14,250,250,0
W-QDA,W-QDA:qda,6,3.0,0.076,0.09503616862060364,0 1 2 4 3 5 6 7 8 9 10 11 12 13 14 15 16 17 18 19,0 1 2 4 8 3 5 6 11 9 12 16 7 10 17 19 21 33 13 14,phoneme,db1,usage,14,250,250,0
W-CART,W-CART:cart,36,1.5,0.104,0.12172611623846345,0 1 2 4 8 3 5 6 10 16 7 9 11 12 13 14 15 17 18 19,0 1 2 4 8 3 5 6 11 9 12 16 7 10 17 19 21 33 13 14,phoneme,db1,usage,14,250,250,0
ALL,W-QDA:qda,6,3.0,0.076,0.09503616862060364,0 1 2 4 3 5 6 7 8 9 10 11 12 13 14 15 16 17 18 19,0 1 2 4 8 3 5 6 11 9 12 16 7 10 17 19 21 33 13 14,phoneme,db1,usage,14,250,250,0
W-NN,W-NN:k=1,9,,0.092,0.12496882015465204,0 1 2 4 3 8 6 9 5 12 10 11 64 7 16 18 32 13 23 65,0 1 2 4 3 8 6 9 5 12 10 11 64 7 16 18 32 13 23 65,phoneme,db1,energy,15,250,250,0
W-QDA,W-QDA:qda,4,,0.096,0.1002743826390621,0 1 2 4 3 8 6 9 5 12 10 11 64 7 16 18 32 13 23 65,0 1 2 4 3 8 6 9 5 12 10 11 64 7 16 18 32 13 23 65,phoneme,db1,energy,15,250,250,0
W-CART,W-CART:cart,17,,0.108,0.12970815664754304,0 1 2 4 3 8 6 9 5 12 10 11 64 7 16 18 32 13 23 65,0 1 2 4 3 8 6 9 5 12 10 11 64 7 16 18 32 13 23 65,phoneme,db1,energy,15,250,250,0
ALL,W-NN:k=1,9,,0.092,0.12496882015465204,0 1 2 4 3 8 6 9 5 12 10 11 64 7 16 18 32 13 23 65,0 1 2 4 3 8 6 9 5 12 10 11 64 7 16 18 32 13 23 65,phoneme,db1,energy,15,250,250,0
W-NN,W-NN:k=1,10,2.0,0.084,0.12247443252681467,0 1 2 4 8 3 5 6 7 9 10 11 12 13 14 15 16 17 18 19,0 1 2 4 8 3 6 5 10 11 12 7 17 9 64 65 66 19 20 33,phoneme,db1,usage,15,250,250,0
W-QDA,W-QDA:qda,5,0.5,0.072,0.0940384135694687,0 1 2 4 8 9 3 5 6 64 10 12 11 18 16 7 32 65 19 20,0 1 2 4 8 3 6 5 10 11 12 7 17 9 64 65 66 19 20 33,phoneme,db1,usage,15,250,250,0
W-CART,W-CART:cart,9,3.0,0.104,0.1302070341731105,0 1 2 3 4 5 6 7 8 9 10 11 12 13 14 15 16 17 18 19,0 1 2 4 8 3 6 5 10 11 12 7 17 9 64 65 66 19 20 33,phoneme,db1,usage,15,250,250,0
ALL,W-QDA:qda,5,0.5,0.072,0.0940384135694687,0 1 2 4 8 9 3 5 6 64 10 12 11 18 16 7 32 65 19 20,0 1 2 4 8 3 6 5 10 11 12 7 17 9 64 65 66 19 20 33,phoneme,db1,usage,15,250,250,0
W-NN,W-NN:k=5,27,,0.06,0.10376652531803442,0 1 2 4 3 8 9 5 6 11 12 10 64 16 7 18 32 13 24 65,0 1 2 4 3 8 9 5 6 11 12 10 64 16 7 18 32 13 24 65,phoneme,db1,energy,16,250,250,0
W-QDA,W-QDA:qda,6,,0.076,0.0940384135694687,0 1 2 4 3 8 9 5 6 11 12 10 64 16 7 18 32 13 24 65,0 1 2 4 3 8 9 5 6 11 12 10 64 16 7 18 32 13 24 65,phoneme,db1,energy,16,250,250,0
W-CART,W-CART:cart,28,,0.096,0.12471938139186829,0 1 2 4 3 8 9 5 6 11 12 10 64 16 7 18 32 13 24 65,0 1 2 4 3 8 9 5 6 11 12 10 64 16 7 18 32 13 24 65,phoneme,db1,energy,16,250,250,0
ALL,W-NN:k=5,27,,0.06,0.10376652531803442,0 1 2 4 3 8 9 5 6 11 12 10 64 16 7 18 32 13 24 65,0 1 2 4 3 8 9 5 6 11 12 10 64 16 7 18 32 13 24 65,phoneme,db1,energy,16,250,250,0
W-NN,W-NN:k=5,24,0.5,0.056,0.10376652531803442,0 1 2 4 8 9 3 5 64 6 11 12 10 16 18 7 13 32 24 65,0 1 2 4 3 8 6 5 11 9 12 10 7 19 64 13 16 21 32 198,phoneme,db1,usage,16,250,250,0
W-QDA,W-QDA:qda,6,1.0,0.076,0.0940384135694687,0 1 2 4 3 8 6 5 11 9 12 10 7 19 64 13 16 21 32 198,0 1 2 4 3 8 6 5 11 9 12 10 7 19 64 13 16 21 32 198,phoneme,db1,usage,16,250,250,0
W-CART,W-CART:cart,6,1.5,0.096,0.11424295335495135,0 1 2 4 8 3 5 6 7 9 10 11 12 13 14 15 16 17 18 19,0 1 2 4 3 8 6 5 11 9 12 10 7 19 64 13 16 21 32 198,phoneme,db1,usage,16,250,250,0
ALL,W-NN:k=5,24,0.5,0.056,0.10376652531803442,0 1 2 4 8 9 3 5 64 6 11 12 10 16 18 7 13 32 24 65,0 1 2 4 3 8 6 5 11 9 12 10 7 19 64 13 16 21 32 198,phoneme,db1,usage,16,250,250,0
W-NN,W-NN:k=5,9,,0.088,0.10376652531803442,0 1 2 4 3 8 6 9 5 12 11 7 10 64 16 32 18 14 23 13,0 1 2 4 3 8 6 9 5 12 11 7 10 64 16 32 18 14 23 13,phoneme,db1,energy,17,250,250,0
W-QDA,W-QDA:qda,6,,0.084,0.09229234222998253,0 1 2 4 3 8 6 9 5 12 11 7 10 64 16 32 18 14 23 13,0 1 2 4 3 8 6 9 5 12 11 7 10 64 16 32 18 14 23 13,phoneme,db1,energy,17,250,250,0
W-CART,W-CART:cart,6,,0.14,0.11673734098278872,0 1 2 4 3 8 6 9 5 12 11 7 10 64 16 32 18 14 23 13,0 1 2 4 3 8 6 9 5 12 11 7 10 64 16 32 18 14 23 13,phoneme,db1,energy,17,250,250,0
ALL,W-QDA:qda,6,,0.084,0.09229234222998253,0 1 2 4 3 8 6 9 5 12 11 7 10 64 16 32 18 14 23 13,0 1 2 4 3 8 6 9 5 12 11 7 10 64 16 32 18 14 23 13,phoneme,db1,energy,17,250,250,0
W-NN,W-NN:k=5,9,0.5,0.088,0.10376652531803442,0 1 2 4 8 9 3 6 5 64 12 10 7 11 16 18 32 17 13 19,0 1 2 4 3 8 5 6 12 9 7 11 10 64 16 32 17 19 20 21,phoneme,db1,usage,17,250,250,0
W-QDA,W-QDA:qda,6,1.0,0.084,0.09229234222998253,0 1 2 4 3 8 5 6 12 9 7 11 10 64 16 32 17 19 20 21,0 1 2 4 3 8 5 6 12 9 7 11 10 64 16 32 17 19 20 21,phoneme,db1,usage,17,250,250,0
W-CART,W-CART:cart,6,0.5,0.112,0.11050137191319531,0 1 2 4 8 9 3 6 5 64 12 10 7 11 16 18 32 17 13 19,0 1 2 4 3 8 5 6 12 9 7 11 10 64 16 32 17 19 20 21,phoneme,db1,usage,17,250,250,0
ALL,W-QDA:qda,6,1.0,0.084,0.09229234222998253,0 1 2 4 3 8 5 6 12 9 7 11 10 64 16 32 17 19 20 21,0 1 2 4 3 8 5 6 12 9 7 11 10 64 16 32 17 19 20 21,phoneme,db1,usage,17,250,250,0
W-NN,W-NN:k=5,51,,0.076,0.10601147418308805,0 1 2 4 3 8 6 9 5 11 12 10 7 64 16 18 32 24 13 14,0 1 2 4 3 8 6 9 5 11 12 10 7 64 16 18 32 24 13 14,phoneme,db1,energy,18,250,250,0
W-QDA,W-QDA:qda,7,,0.076,0.09827887253679221,0 1 2 4 3 8 6 9 5 11 12 10 7 64 16 18 32 24 13 14,0 1 2 4 3 8 6 9 5 11 12 10 7 64 16 18 32 24 13 14,phoneme,db1,energy,18,250,250,0
W-CART,W-CART:cart,7,,0.124,0.12422050386630082,0 1 2 4 3 8 6 9 5 11 12 10 7 64 16 18 32 24 13 14,0 1 2 4 3 8 6 9 5 11 12 10 7 64 16 18 32 24 13 14,phoneme,db1,energy,18,250,250,0
ALL,W-QDA:qda,7,,0.076,0.09827887253679221,0 1 2 4 3 8 6 9 5 11 12 10 7 64 16 18 32 24 13 14,0 1 2 4 3 8 6 9 5 11 12 10 7 64 16 18 32 24 13 14,phoneme,db1,energy,18,250,250,0
W-NN,W-NN:k=5,6,0.5,0.076,0.09703167872287354,0 1 2 4 8 9 3 6 5 64 10 11 12 18 16 7 32 19 13 24,0 1 2 4 8 3 6 5 11 12 9 10 19 7 16 66 17 64 130 13,phoneme,db1,usage,18,250,250,0
W-QDA,W-QDA:qda,7,1.0,0.076,0.09827887253679221,0 1 2 4 8 3 6 5 11 12 9 10 19 7 16 66 17 64 130 13,0 1 2 4 8 3 6 5 11 12 9 10 19 7 16 66 17 64 130 13,phoneme,db1,usage,18,250,250,0
W-CART,W-CART:cart,37,0.5,0.108,0.11748565727113994,0 1 2 4 8 9 3 6 5 64 10 11 12 18 16 7 32 19 13 24,0 1 2 4 8 3 6 5 11 12 9 10 19 7 16 66 17 64 130 13,phoneme,db1,usage,18,250,250,0
ALL,W-NN:k=5,6,0.5,0.076,0.09703167872287354,0 1 2 4 8 9 3 6 5 64 10 11 12 18 16 7 32 19 13 24,0 1 2 4 8 3 6 5 11 12 9 10 19 7 16 66 17 64 130 13,phoneme,db1,usage,18,250,250,0
W-NN,W-NN:k=9,5,,0.112,0.10526315789473684,0 1 2 4 8 3 9 6 5 12 11 16 64 10 7 18 32 13 14 23,0 1 2 4 8 3 9 6 5 12 11 16 64 10 7 18 32 13 14 23,phoneme,db1,energy,19,250,250,0
W-QDA,W-QDA:qda,5,,0.08,0.0858069343976054,0 1 2 4 8 3 9 6 5 12 11 16 64 10 7 18 32 13 14 23,0 1 2 4 8 3 9 6 5 12 11 16 64 10 7 18 32 13 14 23,phoneme,db1,energy,19,250,250,0
W-CART,W-CART:cart,36,,0.112,0.13444749314043403,0 1 2 4 8 3 9 6 5 12 11 16 64 10 7 18 32 13 14 23,0 1 2 4 8 3 9 6 5 12 11 16 64 10 7 18 32 13 14 23,phoneme,db1,energy,19,250,250,0
ALL,W-QDA:qda,5,,0.08,0.0858069343976054,0 1 2 4 8 3 9 6 5 12 11 16 64 10 7 18 32 13 14 23,0 1 2 4 8 3 9 6 5 12 11 16 64 10 7 18 32 13 14 23,phoneme,db1,energy,19,250,250,0
W-NN,W-NN:k=9,6,0.5,0.108,0.10401596408081816,0 1 2 4 8 9 3 5 6 12 64 11 18 10 16 7 32 13 17 14,0 1 2 4 8 3 5 6 11 12 10 16 9 17 64 7 15 18 21 32,phoneme,db1,usage,19,250,250,0
W-QDA,W-QDA:qda,5,0.5,0.08,0.0858069343976054,0 1 2 4 8 9 3 5 6 12 64 11 18 10 16 7 32 13 17 14,0 1 2 4 8 3 5 6 11 12 10 16 9 17 64 7 15 18 21 32,phoneme,db1,usage,19,250,250,0
W-CART,W-CART:cart,37,2.0,0.104,0.12471938139186829,0 1 2 4 8 5 3 6 7 9 10 11 12 13 14 15 16 17 18 19,0 1 2 4 8 3 5 6 11 12 10 16 9 17 64 7 15 18 21 32,phoneme,db1,usage,19,250,250,0
ALL,W-QDA:qda,5,0.5,0.08,0.0858069343976054,0 1 2 4 8 9 3 5 6 12 64 11 18 10 16 7 32 13 17 14,0 1 2 4 8 3 5 6 11 12 10 16 9 17 64 7 15 18 21 32,phoneme,db1,usage,19,250,250,0
W-NN,W-NN:k=15,8,,0.08,0.10177101521576452,0 1 2 4 8 3 6 9 5 11 12 10 64 16 7 18 32 14 65 23,0 1 2 4 8 3 6 9 5 11 12 10 64 16 7 18 32 14 65 23,phoneme,db1,energy,20,250,250,0
W-QDA,W-QDA:qda,4,,0.08,0.09029683212771265,0 1 2 4 8 3 6 9 5 11 12 10 64 16 7 18 32 14 65 23,0 1 2 4 8 3 6 9 5 11 12 10 64 16 7 18 32 14 65 23,phoneme,db1,energy,20,250,250,0
W-CART,W-CART:cart,5,,0.132,0.13369917685208282,0 1 2 4 8 3 6 9 5 11 12 10 64 16 7 18 32 14 65 23,0 1 2 4 8 3 6 9 5 11 12 10 64 16 7 18 32 14 65 23,phoneme,db1,energy,20,250,250,0
ALL,W-QDA:qda,4,,0.08,0.09029683212771265,0 1 2 4 8 3 6 9 5 11 12 10 64 16 7 18 32 14 65 23,0 1 2 4 8 3 6 9 5 11 12 10 64 16 7 18 32 14 65 23,phoneme,db1,energy,20,250,250,0
W-NN,W-NN:k=5,27,0.5,0.076,0.10376652531803442,0 1 2 4 8 9 3 5 6 64 11 12 10 18 16 7 32 14 20 65,0 1 2 4 8 3 5 6 9 11 12 10 16 7 32 64 19 20 21 24,phoneme,db1,usage,20,250,250,0
W-QDA,W-QDA:qda,4,0.5,0.08,0.09029683212771265,0 1 2 4 8 9 3 5 6 64 11 12 10 18 16 7 32 14 20 65,0 1 2 4 8 3 5 6 9 11 12 10 16 7 32 64 19 20 21 24,phoneme,db1,usage,20,250,250,0
W-CART,W-CART:cart,8,1.0,0.124,0.13394861561486654,0 1 2 4 8 3 5 6 9 11 12 10 16 7 32 64 19 20 21 24,0 1 2 4 8 3 5 6 9 11 12 10 16 7 32 64 19 20 21 24,phoneme,db1,usage,20,250,250,0
ALL,W-NN:k=5,27,0.5,0.076,0.10376652531803442,0 1 2 4 8 9 3 5 6 64 11 12 10 18 16 7 32 14 20 65,0 1 2 4 8 3 5 6 9 11 12 10 16 7 32 64 19 20 21 24,phoneme,db1,usage,20,250,250,0
W-NN,W-NN:k=9,15,,0.064,0.0995260663507109,0 1 2 4 3 8 6 9 5 11 10 12 64 7 16 18 32 13 14 20,0 1 2 4 3 8 6 9 5 11 10 12 64 7 16 18 32 13 14 20,phoneme,db1,energy,21,250,250,0
W-QDA,W-QDA:qda,4,,0.08,0.08431030182090297,0 1 2 4 3 8 6 9 5 11 10 12 64 7 16 18 32 13 14 20,0 1 2 4 3 8 6 9 5 11 10 12 64 7 16 18 32 13 14 20,phoneme,db1,energy,21,250,250,0
W-CART,W-CART:cart,26,,0.12,0.1267148914941382,0 1 2 4 3 8 6 9 5 11 10 12 64 7 16 18 32 13 14 20,0 1 2 4 3 8 6 9 5 11 10 12 64 7 16 18 32 13 14 20,phoneme,db1,energy,21,250,250,0
ALL,W-NN:k=9,15,,0.064,0.0995260663507109,0 1 2 4 3 8 6 9 5 11 10 12 64 7 16 18 32 13 14 20,0 1 2 4 3 8 6 9 5 11 10 12 64 7 16 18 32 13 14 20,phoneme,db1,energy,21,250,250,0
W-NN,W-NN:k=9,13,1.0,0.064,0.09877775006235968,0 1 2 4 8 3 6 5 11 9 10 12 7 64 16 19 18 21 32 13,0 1 2 4 8 3 6 5 11 9 10 12 7 64 16 19 18 21 32 13,phoneme,db1,usage,21,250,250,0
W-QDA,W-QDA:qda,4,0.5,0.08,0.08431030182090297,0 1 2 4 8 9 3 5 64 6 11 10 16 18 7 12 13 32 14 15,0 1 2 4 8 3 6 5 11 9 10 12 7 64 16 19 18 21 32 13,phoneme,db1,usage,21,250,250,0
W-CART,W-CART:cart,14,0.5,0.116,0.12721376901970566,0 1 2 4 8 9 3 5 64 6 11 10 16 18 7 12 13 32 14 15,0 1 2 4 8 3 6 5 11 9 10 12 7 64 16 19 18 21 32 13,phoneme,db1,usage,21,250,250,0
ALL,W-NN:k=9,13,1.0,0.064,0.09877775006235968,0 1 2 4 8 3 6 5 11 9 10 12 7 64 16 19 18 21 32 13,0 1 2 4 8 3 6 5 11 9 10 12 7 64 16 19 18 21 32 13,phoneme,db1,usage,21,250,250,0
W-NN,W-NN:k=5,4,,0.108,0.1097530556248441,0 1 2 4 3 8 6 9 5 11 12 7 10 64 16 18 32 65 13 14,0 1 2 4 3 8 6 9 5 11 12 7 10 64 16 18 32 65 13 14,phoneme,db1,energy,22,250,250,0
W-QDA,W-QDA:qda,18,,0.08,0.11823397355949114,0 1 2 4 3 8 6 9 5 11 12 7 10 64 16 18 32 65 13 14,0 1 2 4 3 8 6 9 5 11 12 7 10 64 16 18 32 65 13 14,phoneme,db1,energy,22,250,250,0
W-CART,W-CART:cart,61,,0.084,0.12446994262908456,0 1 2 4 3 8 6 9 5 11 12 7 10 64 16 18 32 65 13 14,0 1 2 4 3 8 6 9 5 11 12 7 10 64 16 18 32 65 13 14,phoneme,db1,energy,22,250,250,0
ALL,W-QDA:qda,18,,0.08,0.11823397355949114,0 1 2 4 3 8 6 9 5 11 12 7 10 64 16 18 32 65 13 14,0 1 2 4 3 8 6 9 5 11 12 7 10 64 16 18 32 65 13 14,phoneme,db1,energy,22,250,250,0
W-NN,W-NN:k=7,6,0.5,0.088,0.0947867298578199,0 1 2 4 8 9 3 6 5 64 11 10 12 18 7 16 65 24 14 19,0 1 2 4 8 3 6 5 9 11 12 7 10 16 17 66 13 14 15 18,phoneme,db1,usage,22,250,250,0
W-QDA,W-QDA:qda,24,0.5,0.084,0.12347218757794962,0 1 2 4 8 9 3 6 5 64 11 10 12 18 7 16 65 24 14 19,0 1 2 4 8 3 6 5 9 11 12 7 10 16 17 66 13 14 15 18,phoneme,db1,usage,22,250,250,0
W-CART,W-CART:cart,37,1.0,0.084,0.11948116737340983,0 1 2 4 8 3 6 5 9 11 12 7 10 16 17 66 13 14 15 18,0 1 2 4 8 3 6 5 9 11 12 7 10 16 17 66 13 14 15 18,phoneme,db1,usage,22,250,250,0
ALL,W-QDA:qda,24,0.5,0.084,0.12347218757794962,0 1 2 4 8 9 3 6 5 64 11 10 12 18 7 16 65 24 14 19,0 1 2 4 8 3 6 5 9 11 12 7 10 16 17 66 13 14 15 18,phoneme,db1,usage,22,250,250,0
W-NN,W-NN:k=7,7,,0.08,0.10301820902968321,0 1 2 4 8 3 9 5 6 11 10 12 64 16 7 18 32 13 23 65,0 1 2 4 8 3 9 5 6 11 10 12 64 16 7 18 32 13 23 65,phoneme,db1,energy,23,250,250,0
W-QDA,W-QDA:qda,5,,0.08,0.08630581192317287,0 1 2 4 8 3 9 5 6 11 10 12 64 16 7 18 32 13 23 65,0 1 2 4 8 3 9 5 6 11 10 12 64 16 7 18 32 13 23 65,phoneme,db1,energy,23,250,250,0
W-CART,W-CART:cart,6,,0.092,0.12422050386630082,0 1 2 4 8 3 9 5 6 11 10 12 64 16 7 18 32 13 23 65,0 1 2 4 8 3 9 5 6 11 10 12 64 16 7 18 32 13 23 65,phoneme,db1,energy,23,250,250,0
ALL,W-QDA:qda,5,,0.08,0.08630581192317287,0 1 2 4 8 3 9 5 6 11 10 12 64 16 7 18 32 13 23 65,0 1 2 4 8 3 9 5 6 11 10 12 64 16 7 18 32 13 23 65,phoneme,db1,energy,23,250,250,0
W-NN,W-NN:k=15,10,0.5,0.072,0.10276877026689947,0 1 2 8 4 9 5 3 64 11 6 10 18 16 12 7 32 13 19 24,0 1 2 4 8 3 5 6 9 11 12 10 16 17 19 21 7 42 64 252,phoneme,db1,usage,23,250,250,0
W-QDA,W-QDA:qda,5,0.5,0.08,0.08630581192317287,0 1 2 8 4 9 5 3 64 11 6 10 18 16 12 7 32 13 19 24,0 1 2 4 8 3 5 6 9 11 12 10 16 17 19 21 7 42 64 252,phoneme,db1,usage,23,250,250,0
W-CART,W-CART:cart,6,1.0,0.092,0.12422050386630082,0 1 2 4 8 3 5 6 9 11 12 10 16 17 19 21 7 42 64 252,0 1 2 4 8 3 5 6 9 11 12 10 16 17 19 21 7 42 64 252,phoneme,db1,usage,23,250,250,0
ALL,W-NN:k=15,10,0.5,0.072,0.10276877026689947,0 1 2 8 4 9 5 3 64 11 6 10 18 16 12 7 32 13 19 24,0 1 2 4 8 3 5 6 9 11 12 10 16 17 19 21 7 42 64 252,phoneme,db1,usage,23,250,250,0
W-NN,W-NN:k=3,42,,0.076,0.10326764779246694,0 1 2 4 3 8 5 9 6 11 10 12 64 16 7 32 18 13 20 65,0 1 2 4 3 8 5 9 6 11 10 12 64 16 7 32 18 13 20 65,phoneme,db1,energy,24,250,250,0
W-QDA,W-QDA:qda,6,,0.072,0.09254178099276628,0 1 2 4 3 8 5 9 6 11 10 12 64 16 7 32 18 13 20 65,0 1 2 4 3 8 5 9 6 11 10 12 64 16 7 32 18 13 20 65,phoneme,db1,energy,24,250,250,0
W-CART,W-CART:cart,51,,0.084,0.12796208530805686,0 1 2 4 3 8 5 9 6 11 10 12 64 16 7 32 18 13 20 65,0 1 2 4 3 8 5 9 6 11 10 12 64 16 7 32 18 13 20 65,phoneme,db1,energy,24,250,250,0
ALL,W-QDA:qda,6,,0.072,0.09254178099276628,0 1 2 4 3 8 5 9 6 11 10 12 64 16 7 32 18 13 20 65,0 1 2 4 3 8 5 9 6 11 10 12 64 16 7 32 18 13 20 65,phoneme,db1,energy,24,250,250,0
W-NN,W-NN:k=7,50,1.0,0.072,0.10127213769019705,0 1 2 4 8 3 5 6 11 12 9 16 10 7 21 13 17 34 64 130,0 1 2 4 8 3 5 6 11 12 9 16 10 7 21 13 17 34 64 130,phoneme,db1,usage,24,250,250,0
W-QDA,W-QDA:qda,6,0.5,0.06,0.09154402594163133,0 1 2 8 4 9 5 3 6 11 64 10 12 16 7 18 13 32 14 65,0 1 2 4 8 3 5 6 11 12 9 16 10 7 21 13 17 34 64 130,phoneme,db1,usage,24,250,250,0
W-CART,W-CART:cart,60,1.5,0.088,0.1526565228236468,0 1 2 4 8 3 5 6 7 9 10 11 12 13 14 15 16 17 18 19,0 1 2 4 8 3 5 6 11 12 9 16 10 7 21 13 17 34 64 130,phoneme,db1,usage,24,250,250,0
ALL,W-QDA:qda,6,0.5,0.06,0.09154402594163133,0 1 2 8 4 9 5 3 6 11 64 10 12 16 7 18 13 32 14 65,0 1 2 4 8 3 5 6 11 12 9 16 10 7 21 13 17 34 64 130,phoneme,db1,usage,24,250,250,0
W-NN,W-NN:k=25,16,,0.076,0.1152407084060863,0 1 2 4 3 8 6 5 9 11 10 12 16 64 7 18 13 32 14 20,0 1 2 4 3 8 6 5 9 11 10 12 16 64 7 18 13 32 14 20,phoneme,db1,energy,25,250,250,0
W-QDA,W-QDA:qda,9,,0.072,0.11748565727113994,0 1 2 4 3 8 6 5 9 11 10 12 16 64 7 18 13 32 14 20,0 1 2 4 3 8 6 5 9 11 10 12 16 64 7 18 13 32 14 20,phoneme,db1,energy,25,250,250,0
W-CART,W-CART:cart,14,,0.088,0.1274632077824894,0 1 2 4 3 8 6 5 9 11 10 12 16 64 7 18 13 32 14 20,0 1 2 4 3 8 6 5 9 11 10 12 16 64 7 18 13 32 14 20,phoneme,db1,energy,25,250,250,0
ALL,W-QDA:qda,9,,0.072,0.11748565727113994,0 1 2 4 3 8 6 5 9 11 10 12 16 64 7 18 13 32 14 20,0 1 2 4 3 8 6 5 9 11 10 12 16 64 7 18 13 32 14 20,phoneme,db1,energy,25,250,250,0
W-NN,W-NN:k=25,16,0.5,0.076,0.1152407084060863,0 1 2 4 8 9 3 5 6 10 64 11 12 16 7 18 13 32 17 19,0 1 2 4 8 3 5 6 11 12 16 9 13 7 10 17 19 20 21 33,phoneme,db1,usage,25,250,250,0
W-QDA,W-QDA:qda,9,0.5,0.072,0.11748565727113994,0 1 2 4 8 9 3 5 6 10 64 11 12 16 7 18 13 32 17 19,0 1 2 4 8 3 5 6 11 12 16 9 13 7 10 17 19 20 21 33,phoneme,db1,usage,25,250,250,0
W-CART,W-CART:cart,7,0.5,0.096,0.12372162634073335,0 1 2 4 8 9 3 5 6 10 64 11 12 16 7 18 13 32 17 19,0 1 2 4 8 3 5 6 11 12 16 9 13 7 10 17 19 20 21 33,phoneme,db1,usage,25,250,250,0
ALL,W-QDA:qda,9,0.5,0.072,0.11748565727113994,0 1 2 4 8 9 3 5 6 10 64 11 12 16 7 18 13 32 17 19,0 1 2 4 8 3 5 6 11 12 16 9 13 7 10 17 19 20 21 33,phoneme,db1,usage,25,250,250,0
W-NN,W-NN:k=15,43,,0.084,0.11025193315041157,0 1 2 4 8 3 9 6 5 11 12 10 64 16 7 18 32 13 14 20,0 1 2 4 8 3 9 6 5 11 12 10 64 16 7 18 32 13 14 20,phoneme,db1,energy,26,250,250,0
W-QDA,W-QDA:qda,6,,0.076,0.09553504614617112,0 1 2 4 8 3 9 6 5 11 12 10 64 16 7 18 32 13 14 20,0 1 2 4 8 3 9 6 5 11 12 10 64 16 7 18 32 13 14 20,phoneme,db1,energy,26,250,250,0
W-CART,W-CART:cart,13,,0.108,0.11648790222000499,0 1 2 4 8 3 9 6 5 11 12 10 64 16 7 18 32 13 14 20,0 1 2 4 8 3 9 6 5 11 12 10 64 16 7 18 32 13 14 20,phoneme,db1,energy,26,250,250,0
ALL,W-QDA:qda,6,,0.076,0.09553504614617112,0 1 2 4 8 3 9 6 5 11 12 10 64 16 7 18 32 13 14 20,0 1 2 4 8 3 9 6 5 11 12 10 64 16 7 18 32 13 14 20,phoneme,db1,energy,26,250,250,0
W-NN,W-NN:k=15,53,0.5,0.084,0.11025193315041157,0 1 2 4 8 9 5 3 6 10 64 18 11 12 16 7 19 13 23 32,0 1 2 4 8 3 6 9 5 11 12 10 16 17 7 19 64 14 15 32,phoneme,db1,usage,26,250,250,0
W-QDA,W-QDA:qda,7,0.5,0.068,0.0940384135694687,0 1 2 4 8 9 5 3 6 10 64 18 11 12 16 7 19 13 23 32,0 1 2 4 8 3 6 9 5 11 12 10 16 17 7 19 64 14 15 32,phoneme,db1,usage,26,250,250,0
W-CART,W-CART:cart,60,1.5,0.1,0.12721376901970566,0 1 2 4 8 3 6 5 7 9 10 11 12 13 14 15 16 17 18 19,0 1 2 4 8 3 6 9 5 11 12 10 16 17 7 19 64 14 15 32,phoneme,db1,usage,26,250,250,0
ALL,W-QDA:qda,7,0.5,0.068,0.0940384135694687,0 1 2 4 8 9 5 3 6 10 64 18 11 12 16 7 19 13 23 32,0 1 2 4 8 3 6 9 5 11 12 10 16 17 7 19 64 14 15 32,phoneme,db1,usage,26,250,250,0
W-NN,W-NN:k=7,7,,0.072,0.11798453479670741,0 1 2 4 3 8 9 6 5 12 11 10 64 7 16 18 13 32 14 24,0 1 2 4 3 8 9 6 5 12 11 10 64 7 16 18 13 32 14 24,phoneme,db1,energy,27,250,250,0
W-QDA,W-QDA:qda,8,,0.088,0.09977550511349463,0 1 2 4 3 8 9 6 5 12 11 10 64 7 16 18 13 32 14 24,0 1 2 4 3 8 9 6 5 12 11 10 64 7 16 18 13 32 14 24,phoneme,db1,energy,27,250,250,0
W-CART,W-CART:cart,14,,0.1,0.14891494138189074,0 1 2 4 3 8 9 6 5 12 11 10 64 7 16 18 13 32 14 24,0 1 2 4 3 8 9 6 5 12 11 10 64 7 16 18 13 32 14 24,phoneme,db1,energy,27,250,250,0
ALL,W-NN:k=7,7,,0.072,0.11798453479670741,0 1 2 4 3 8 9 6 5 12 11 10 64 7 16 18 13 32 14 24,0 1 2 4 3 8 9 6 5 12 11 10 64 7 16 18 13 32 14 24,phoneme,db1,energy,27,250,250,0
W-NN,W-NN:k=9,6,0.5,0.068,0.10551259665752058,0 1 2 4 8 9 3 5 6 64 12 10 11 16 18 7 14 13 32 19,0 1 2 4 8 3 6 5 11 9 12 10 64 7 16 21 13 17 19 34,phoneme,db1,usage,27,250,250,0
W-QDA,W-QDA:qda,5,3.0,0.092,0.09753055624844101,0 1 2 3 4 5 6 7 8 9 10 11 12 13 14 15 16 17 18 19,0 1 2 4 8 3 6 5 11 9 12 10 64 7 16 21 13 17 19 34,phoneme,db1,usage,27,250,250,0
W-CART,W-CART:cart,10,3.0,0.084,0.13519580942878523,0 1 2 3 4 5 6 7 8 9 10 11 12 13 14 15 16 17 18 19,0 1 2 4 8 3 6 5 11 9 12 10 64 7 16 21 13 17 19 34,phoneme,db1,usage,27,250,250,0
ALL,W-NN:k=9,6,0.5,0.068,0.10551259665752058,0 1 2 4 8 9 3 5 6 64 12 10 11 16 18 7 14 13 32 19,0 1 2 4 8 3 6 5 11 9 12 10 64 7 16 21 13 17 19 34,phoneme,db1,usage,27,250,250,0
W-NN,W-NN:k=15,37,,0.06,0.10426540284360189,0 1 2 4 3 8 9 6 5 11 12 7 10 64 16 18 32 13 15 20,0 1 2 4 3 8 9 6 5 11 12 7 10 64 16 18 32 13 15 20,phoneme,db1,energy,28,250,250,0
W-QDA,W-QDA:qda,4,,0.068,0.08805188326265902,0 1 2 4 3 8 9 6 5 11 12 7 10 64 16 18 32 13 15 20,0 1 2 4 3 8 9 6 5 11 12 7 10 64 16 18 32 13 15 20,phoneme,db1,energy,28,250,250,0
W-CART,W-CART:cart,21,,0.116,0.13045647293589424,0 1 2 4 3 8 9 6 5 11 12 7 10 64 16 18 32 13 15 20,0 1 2 4 3 8 9 6 5 11 12 7 10 64 16 18 32 13 15 20,phoneme,db1,energy,28,250,250,0
ALL,W-NN:k=15,37,,0.06,0.10426540284360189,0 1 2 4 3 8 9 6 5 11 12 7 10 64 16 18 32 13 15 20,0 1 2 4 3 8 9 6 5 11 12 7 10 64 16 18 32 13 15 20,phoneme,db1,energy,28,250,250,0
W-NN,W-NN:k=5,15,1.5,0.06,0.10476428036916936,0 1 2 4 8 3 5 6 7 9 10 11 12 13 14 15 16 17 18 19,0 1 2 4 8 3 5 6 11 10 7 9 12 16 21 13 17 18 19 130,phoneme,db1,usage,28,250,250,0
W-QDA,W-QDA:qda,4,0.5,0.068,0.08805188326265902,0 1 2 4 8 9 3 5 6 11 64 10 12 7 18 16 66 32 13 15,0 1 2 4 8 3 5 6 11 10 7 9 12 16 21 13 17 18 19 130,phoneme,db1,usage,28,250,250,0
W-CART,W-CART:cart,33,1.5,0.116,0.13320029932651534,0 1 2 4 8 3 5 6 7 9 10 11 12 13 14 15 16 17 18 19,0 1 2 4 8 3 5 6 11 10 7 9 12 16 21 13 17 18 19 130,phoneme,db1,usage,28,250,250,0
ALL,W-NN:k=5,15,1.5,0.06,0.10476428036916936,0 1 2 4 8 3 5 6 7 9 10 11 12 13 14 15 16 17 18 19,0 1 2 4 8 3 5 6 11 10 7 9 12 16 21 13 17 18 19 130,phoneme,db1,usage,28,250,250,0
W-NN,W-NN:k=7,27,,0.092,0.1097530556248441,0 1 2 4 3 8 6 9 5 12 11 10 7 64 16 18 32 13 14 65,0 1 2 4 3 8 6 9 5 12 11 10 7 64 16 18 32 13 14 65,phoneme,db1,energy,29,250,250,0
W-QDA,W-QDA:qda,3,,0.116,0.13594412571713643,0 1 2 4 3 8 6 9 5 12 11 10 7 64 16 18 32 13 14 65,0 1 2 4 3 8 6 9 5 12 11 10 7 64 16 18 32 13 14 65,phoneme,db1,energy,29,250,250,0
W-CART,W-CART:cart,7,,0.096,0.12496882015465204,0 1 2 4 3 8 6 9 5 12 11 10 7 64 16 18 32 13 14 65,0 1 2 4 3 8 6 9 5 12 11 10 7 64 16 18 32 13 14 65,phoneme,db1,energy,29,250,250,0
ALL,W-NN:k=7,27,,0.092,0.1097530556248441,0 1 2 4 3 8 6 9 5 12 11 10 7 64 16 18 32 13 14 65,0 1 2 4 3 8 6 9 5 12 11 10 7 64 16 18 32 13 14 65,phoneme,db1,energy,29,250,250,0
W-NN,W-NN:k=7,35,1.5,0.08,0.10177101521576452,0 1 2 4 8 3 6 5 10 12 7 9 11 13 14 15 16 17 18 19,0 1 2 4 8 3 6 5 9 12 11 16 10 7 17 65 13 14 32 64,phoneme,db1,usage,29,250,250,0
W-QDA,W-QDA:qda,6,0.5,0.104,0.09528560738338737,0 1 2 4 8 9 3 5 6 64 10 12 11 7 18 16 13 14 65 32,0 1 2 4 8 3 6 5 9 12 11 16 10 7 17 65 13 14 32 64,phoneme,db1,usage,29,250,250,0
W-CART,W-CART:cart,7,1.0,0.096,0.12496882015465204,0 1 2 4 8 3 6 5 9 12 11 16 10 7 17 65 13 14 32 64,0 1 2 4 8 3 6 5 9 12 11 16 10 7 17 65 13 14 32 64,phoneme,db1,usage,29,250,250,0
ALL,W-NN:k=7,35,1.5,0.08,0.10177101521576452,0 1 2 4 8 3 6 5 10 12 7 9 11 13 14 15 16 17 18 19,0 1 2 4 8 3 6 5 9 12 11 16 10 7 17 65 13 14 32 64,phoneme,db1,usage,29,250,250,0
W-NN,W-NN:k=5,8,,0.084,0.10925417809927662,0 1 2 4 3 8 9 6 5 12 10 11 7 64 16 18 32 13 14 23,0 1 2 4 3 8 9 6 5 12 10 11 7 64 16 18 32 13 14 23,phoneme,db1,energy,30,250,250,0
W-QDA,W-QDA:qda,4,,0.088,0.09004739336492891,0 1 2 4 3 8 9 6 5 12 10 11 7 64 16 18 32 13 14 23,0 1 2 4 3 8 9 6 5 12 10 11 7 64 16 18 32 13 14 23,phoneme,db1,energy,30,250,250,0
W-CART,W-CART:cart,55,,0.108,0.14292841107508106,0 1 2 4 3 8 9 6 5 12 10 11 7 64 16 18 32 13 14 23,0 1 2 4 3 8 9 6 5 12 10 11 7 64 16 18 32 13 14 23,phoneme,db1,energy,30,250,250,0
ALL,W-NN:k=5,8,,0.084,0.10925417809927662,0 1 2 4 3 8 9 6 5 12 10 11 7 64 16 18 32 13 14 23,0 1 2 4 3 8 9 6 5 12 10 11 7 64 16 18 32 13 14 23,phoneme,db1,energy,30,250,250,0
W-NN,W-NN:k=3,5,0.5,0.084,0.10800698428535795,0 1 2 4 8 9 3 5 6 10 12 64 11 18 16 7 32 23 13 65,0 1 2 4 8 3 5 6 9 10 12 16 7 11 13 21 23 64 65 150,phoneme,db1,usage,30,250,250,0
W-QDA,W-QDA:qda,5,0.5,0.084,0.09129458717884759,0 1 2 4 8 9 3 5 6 10 12 64 11 18 16 7 32 23 13 65,0 1 2 4 8 3 5 6 9 10 12 16 7 11 13 21 23 64 65 150,phoneme,db1,usage,30,250,250,0
W-CART,W-CART:cart,57,1.0,0.116,0.14292841107508106,0 1 2 4 8 3 5 6 9 10 12 16 7 11 13 21 23 64 65 150,0 1 2 4 8 3 5 6 9 10 12 16 7 11 13 21 23 64 65 150,phoneme,db1,usage,30,250,250,0
ALL,W-NN:k=3,5,0.5,0.084,0.10800698428535795,0 1 2 4 8 9 3 5 6 10 12 64 11 18 16 7 32 23 13 65,0 1 2 4 8 3 5 6 9 10 12 16 7 11 13 21 23 64 65 150,phoneme,db1,usage,30,250,250,0
W-NN,W-NN:k=7,6,,0.092,0.09927662758792716,0 1 2 4 3 8 6 9 5 11 64 12 10 7 16 18 32 13 65 14,0 1 2 4 3 8 6 9 5 11 64 12 10 7 16 18 32 13 65 14,phoneme,db1,energy,31,250,250,0
W-QDA,W-QDA:qda,8,,0.088,0.08954851583936144,0 1 2 4 3 8 6 9 5 11 64 12 10 7 16 18 32 13 65 14,0 1 2 4 3 8 6 9 5 11 64 12 10 7 16 18 32 13 65 14,phoneme,db1,energy,31,250,250,0
W-CART,W-CART:cart,21,,0.12,0.14068346221002745,0 1 2 4 3 8 6 9 5 11 64 12 10 7 16 18 32 13 65 14,0 1 2 4 3 8 6 9 5 11 64 12 10 7 16 18 32 13 65 14,phoneme,db1,energy,31,250,250,0
ALL,W-QDA:qda,8,,0.088,0.08954851583936144,0 1 2 4 3 8 6 9 5 11 64 12 10 7 16 18 32 13 65 14,0 1 2 4 3 8 6 9 5 11 64 12 10 7 16 18 32 13 65 14,phoneme,db1,energy,31,250,250,0
W-NN,W-NN:k=15,5,0.5,0.084,0.10276877026689947,0 1 2 4 8 9 3 5 6 64 11 10 16 7 12 18 13 32 65 23,0 1 2 4 8 3 6 5 9 11 7 10 12 16 64 13 17 131 14 15,phoneme,db1,usage,31,250,250,0
W-QDA,W-QDA:qda,5,0.5,0.088,0.08081815914193066,0 1 2 4 8 9 3 5 6 64 11 10 16 7 12 18 13 32 65 23,0 1 2 4 8 3 6 5 9 11 7 10 12 16 64 13 17 131 14 15,phoneme,db1,usage,31,250,250,0
W-CART,W-CART:cart,24,0.5,0.12,0.13694188076827138,0 1 2 4 8 9 3 5 6 64 11 10 16 7 12 18 13 32 65 23,0 1 2 4 8 3 6 5 9 11 7 10 12 16 64 13 17 131 14 15,phoneme,db1,usage,31,250,250,0
ALL,W-NN:k=15,5,0.5,0.084,0.10276877026689947,0 1 2 4 8 9 3 5 6 64 11 10 16 7 12 18 13 32 65 23,0 1 2 4 8 3 6 5 9 11 7 10 12 16 64 13 17 131 14 15,phoneme,db1,usage,31,250,250,0
W-NN,W-NN:k=9,10,,0.084,0.10825642304814168,0 1 2 4 3 8 6 9 5 11 12 16 10 64 7 18 32 13 23 65,0 1 2 4 3 8 6 9 5 11 12 16 10 64 7 18 32 13 23 65,phoneme,db1,energy,32,250,250,0
W-QDA,W-QDA:qda,6,,0.1,0.08705412821152407,0 1 2 4 3 8 6 9 5 11 12 16 10 64 7 18 32 13 23 65,0 1 2 4 3 8 6 9 5 11 12 16 10 64 7 18 32 13 23 65,phoneme,db1,energy,32,250,250,0
W-CART,W-CART:cart,11,,0.124,0.11124968820154651,0 1 2 4 3 8 6 9 5 11 12 16 10 64 7 18 32 13 23 65,0 1 2 4 3 8 6 9 5 11 12 16 10 64 7 18 32 13 23 65,phoneme,db1,energy,32,250,250,0
ALL,W-NN:k=9,10,,0.084,0.10825642304814168,0 1 2 4 3 8 6 9 5 11 12 16 10 64 7 18 32 13 23 65,0 1 2 4 3 8 6 9 5 11 12 16 10 64 7 18 32 13 23 65,phoneme,db1,energy,32,250,250,0
W-NN,W-NN:k=9,8,3.0,0.072,0.12047892242454478,0 1 2 3 4 5 6 7 8 9 10 11 12 13 14 15 16 17 18 19,0 1 2 4 8 3 6 5 11 9 12 10 13 16 64 7 66 18 19 23,phoneme,db1,usage,32,250,250,0
W-QDA,W-QDA:qda,5,0.5,0.096,0.08356198553255176,0 1 2 4 8 9 3 6 5 64 11 10 16 12 7 18 13 32 65 23,0 1 2 4 8 3 6 5 11 9 12 10 13 16 64 7 66 18 19 23,phoneme,db1,usage,32,250,250,0
W-CART,W-CART:cart,56,2.0,0.116,0.1309553504614617,0 1 2 4 8 3 5 6 7 9 10 11 12 13 14 15 16 17 18 19,0 1 2 4 8 3 6 5 11 9 12 10 13 16 64 7 66 18 19 23,phoneme,db1,usage,32,250,250,0
ALL,W-NN:k=9,8,3.0,0.072,0.12047892242454478,0 1 2 3 4 5 6 7 8 9 10 11 12 13 14 15 16 17 18 19,0 1 2 4 8 3 6 5 11 9 12 10 13 16 64 7 66 18 19 23,phoneme,db1,usage,32,250,250,0
W-NN,W-NN:k=5,11,,0.076,0.10675979047143926,0 1 2 4 8 3 6 5 9 11 12 10 7 64 16 18 32 14 13 23,0 1 2 4 8 3 6 5 9 11 12 10 7 64 16 18 32 14 13 23,phoneme,db1,energy,33,250,250,0
W-QDA,W-QDA:qda,5,,0.056,0.08281366924420056,0 1 2 4 8 3 6 5 9 11 12 10 7 64 16 18 32 14 13 23,0 1 2 4 8 3 6 5 9 11 12 10 7 64 16 18 32 14 13 23,phoneme,db1,energy,33,250,250,0
W-CART,W-CART:cart,5,,0.092,0.10950361686206037,0 1 2 4 8 3 6 5 9 11 12 10 7 64 16 18 32 14 13 23,0 1 2 4 8 3 6 5 9 11 12 10 7 64 16 18 32 14 13 23,phoneme,db1,energy,33,250,250,0
ALL,W-QDA:qda,5,,0.056,0.08281366924420056,0 1 2 4 8 3 6 5 9 11 12 10 7 64 16 18 32 14 13 23,0 1 2 4 8 3 6 5 9 11 12 10 7 64 16 18 32 14 13 23,phoneme,db1,energy,33,250,250,0
W-NN,W-NN:k=3,53,1.5,0.064,0.09852831129957595,0 1 2 4 8 3 6 5 11 12 7 9 10 13 14 15 16 17 18 19,0 1 2 4 8 5 3 6 12 11 64 7 9 10 16 32 176 13 14 15,phoneme,db1,usage,33,250,250,0
W-QDA,W-QDA:qda,5,0.5,0.056,0.08281366924420056,0 1 2 8 4 9 5 3 6 64 10 11 7 18 12 16 32 14 13 19,0 1 2 4 8 5 3 6 12 11 64 7 9 10 16 32 176 13 14 15,phoneme,db1,usage,33,250,250,0
W-CART,W-CART:cart,9,3.0,0.084,0.1144923921177351,0 1 2 3 4 5 6 7 8 9 10 11 12 13 14 15 16 17 18 19,0 1 2 4 8 5 3 6 12 11 64 7 9 10 16 32 176 13 14 15,phoneme,db1,usage,33,250,250,0
ALL,W-QDA:qda,5,0.5,0.056,0.08281366924420056,0 1 2 8 4 9 5 3 6 64 10 11 7 18 12 16 32 14 13 19,0 1 2 4 8 5 3 6 12 11 64 7 9 10 16 32 176 13 14 15,phoneme,db1,usage,33,250,250,0
W-NN,W-NN:k=15,17,,0.072,0.11324519830381641,0 1 2 4 3 8 9 6 5 12 11 10 7 64 16 18 32 13 14 20,0 1 2 4 3 8 9 6 5 12 11 10 7 64 16 18 32 13 14 20,phoneme,db1,energy,34,250,250,0
W-QDA,W-QDA:qda,4,,0.092,0.09254178099276628,0 1 2 4 3 8 9 6 5 12 11 10 7 64 16 18 32 13 14 20,0 1 2 4 3 8 9 6 5 12 11 10 7 64 16 18 32 13 14 20,phoneme,db1,energy,34,250,250,0
W-CART,W-CART:cart,58,,0.124,0.14417560488899975,0 1 2 4 3 8 9 6 5 12 11 10 7 64 16 18 32 13 14 20,0 1 2 4 3 8 9 6 5 12 11 10 7 64 16 18 32 13 14 20,phoneme,db1,energy,34,250,250,0
ALL,W-NN:k=15,17,,0.072,0.11324519830381641,0 1 2 4 3 8 9 6 5 12 11 10 7 64 16 18 32 13 14 20,0 1 2 4 3 8 9 6 5 12 11 10 7 64 16 18 32 13 14 20,phoneme,db1,energy,34,250,250,0
W-NN,W-NN:k=15,13,0.5,0.072,0.11598902469443752,0 1 2 4 8 9 3 5 6 64 10 12 11 7 18 16 19 13 14 32,0 1 2 4 8 3 6 5 12 9 11 7 16 10 19 20 13 65 14 15,phoneme,db1,usage,34,250,250,0
W-QDA,W-QDA:qda,6,0.5,0.088,0.09079570965328013,0 1 2 4 8 9 3 5 6 64 10 12 11 7 18 16 19 13 14 32,0 1 2 4 8 3 6 5 12 9 11 7 16 10 19 20 13 65 14 15,phoneme,db1,usage,34,250,250,0
W-CART,W-CART:cart,6,3.0,0.104,0.1738588176602644,0 1 2 3 4 5 6 7 8 9 10 11 12 13 14 15 16 17 18 19,0 1 2 4 8 3 6 5 12 9 11 7 16 10 19 20 13 65 14 15,phoneme,db1,usage,34,250,250,0
ALL,W-NN:k=15,13,0.5,0.072,0.11598902469443752,0 1 2 4 8 9 3 5 6 64 10 12 11 7 18 16 19 13 14 32,0 1 2 4 8 3 6 5 12 9 11 7 16 10 19 20 13 65 14 15,phoneme,db1,usage,34,250,250,0
W-NN,W-NN:k=5,17,,0.084,0.09528560738338737,0 1 2 4 3 8 6 9 5 11 12 7 10 64 16 18 32 14 13 20,0 1 2 4 3 8 6 9 5 11 12 7 10 64 16 18 32 14 13 20,phoneme,db1,energy,35,250,250,0
W-QDA,W-QDA:qda,4,,0.104,0.08730356697430781,0 1 2 4 3 8 6 9 5 11 12 7 10 64 16 18 32 14 13 20,0 1 2 4 3 8 6 9 5 11 12 7 10 64 16 18 32 14 13 20,phoneme,db1,energy,35,250,250,0
W-CART,W-CART:cart,51,,0.096,0.10551259665752058,0 1 2 4 3 8 6 9 5 11 12 7 10 64 16 18 32 14 13 20,0 1 2 4 3 8 6 9 5 11 12 7 10 64 16 18 32 14 13 20,phoneme,db1,energy,35,250,250,0
ALL,W-NN:k=5,17,,0.084,0.09528560738338737,0 1 2 4 3 8 6 9 5 11 12 7 10 64 16 18 32 14 13 20,0 1 2 4 3 8 6 9 5 11 12 7 10 64 16 18 32 14 13 20,phoneme,db1,energy,35,250,250,0
W-NN,W-NN:k=5,20,0.5,0.08,0.09777999501122474,0 1 2 4 8 9 3 5 6 64 10 16 7 11 12 18 32 24 19 23,0 1 2 4 8 3 6 5 12 9 11 16 10 7 19 20 21 64 66 198,phoneme,db1,usage,35,250,250,0
W-QDA,W-QDA:qda,10,0.5,0.1,0.09653280119730606,0 1 2 4 8 9 3 5 6 64 10 16 7 11 12 18 32 24 19 23,0 1 2 4 8 3 6 5 12 9 11 16 10 7 19 20 21 64 66 198,phoneme,db1,usage,35,250,250,0
W-CART,W-CART:cart,9,1.0,0.084,0.11573958593165377,0 1 2 4 8 3 6 5 12 9 11 16 10 7 19 20 21 64 66 198,0 1 2 4 8 3 6 5 12 9 11 16 10 7 19 20 21 64 66 198,phoneme,db1,usage,35,250,250,0
ALL,W-NN:k=5,20,0.5,0.08,0.09777999501122474,0 1 2 4 8 9 3 5 6 64 10 16 7 11 12 18 32 24 19 23,0 1 2 4 8 3 6 5 12 9 11 16 10 7 19 20 21 64 66 198,phoneme,db1,usage,35,250,250,0
W-NN,W-NN:k=9,5,,0.092,0.09977550511349463,0 1 2 4 8 3 9 6 5 11 12 7 10 64 16 18 32 13 65 20,0 1 2 4 8 3 9 6 5 11 12 7 10 64 16 18 32 13 65 20,phoneme,db1,energy,36,250,250,0
W-QDA,W-QDA:qda,4,,0.064,0.08730356697430781,0 1 2 4 8 3 9 6 5 11 12 7 10 64 16 18 32 13 65 20,0 1 2 4 8 3 9 6 5 11 12 7 10 64 16 18 32 13 65 20,phoneme,db1,energy,36,250,250,0
W-CART,W-CART:cart,17,,0.108,0.1144923921177351,0 1 2 4 8 3 9 6 5 11 12 7 10 64 16 18 32 13 65 20,0 1 2 4 8 3 9 6 5 11 12 7 10 64 16 18 32 13 65 20,phoneme,db1,energy,36,250,250,0
ALL,W-QDA:qda,4,,0.064,0.08730356697430781,0 1 2 4 8 3 9 6 5 11 12 7 10 64 16 18 32 13 65 20,0 1 2 4 8 3 9 6 5 11 12 7 10 64 16 18 32 13 65 20,phoneme,db1,energy,36,250,250,0
W-NN,W-NN:k=9,6,0.5,0.08,0.10202045397854827,0 1 2 4 8 9 3 5 6 64 10 7 18 11 16 12 13 32 19 20,0 1 2 4 8 3 6 5 11 12 9 16 7 10 17 19 32 64 117 13,phoneme,db1,usage,36,250,250,0
W-QDA,W-QDA:qda,4,0.5,0.064,0.08730356697430781,0 1 2 4 8 9 3 5 6 64 10 7 18 11 16 12 13 32 19 20,0 1 2 4 8 3 6 5 11 12 9 16 7 10 17 19 32 64 117 13,phoneme,db1,usage,36,250,250,0
W-CART,W-CART:cart,18,0.5,0.108,0.11673734098278872,0 1 2 4 8 9 3 5 6 64 10 7 18 11 16 12 13 32 19 20,0 1 2 4 8 3 6 5 11 12 9 16 7 10 17 19 32 64 117 13,phoneme,db1,usage,36,250,250,0
ALL,W-QDA:qda,4,0.5,0.064,0.08730356697430781,0 1 2 4 8 9 3 5 6 64 10 7 18 11 16 12 13 32 19 20,0 1 2 4 8 3 6 5 11 12 9 16 7 10 17 19 32 64 117 13,phoneme,db1,usage,36,250,250,0
W-NN,W-NN:k=9,5,,0.088,0.10576203542030431,0 1 2 4 8 3 9 6 5 11 12 10 64 16 7 18 32 14 23 13,0 1 2 4 8 3 9 6 5 11 12 10 64 16 7 18 32 14 23 13,phoneme,db1,energy,37,250,250,0
W-QDA,W-QDA:qda,5,,0.08,0.08406086305811923,0 1 2 4 8 3 9 6 5 11 12 10 64 16 7 18 32 14 23 13,0 1 2 4 8 3 9 6 5 11 12 10 64 16 7 18 32 14 23 13,phoneme,db1,energy,37,250,250,0
W-CART,W-CART:cart,5,,0.108,0.1207283611873285,0 1 2 4 8 3 9 6 5 11 12 10 64 16 7 18 32 14 23 13,0 1 2 4 8 3 9 6 5 11 12 10 64 16 7 18 32 14 23 13,phoneme,db1,energy,37,250,250,0
ALL,W-QDA:qda,5,,0.08,0.08406086305811923,0 1 2 4 8 3 9 6 5 11 12 10 64 16 7 18 32 14 23 13,0 1 2 4 8 3 9 6 5 11 12 10 64 16 7 18 32 14 23 13,phoneme,db1,energy,37,250,250,0
W-NN,W-NN:k=9,5,0.5,0.088,0.10576203542030431,0 1 2 4 8 9 3 5 11 6 10 64 12 18 16 7 23 14 13 32,0 1 2 4 8 3 6 11 5 9 12 16 10 7 64 17 19 24 32 33,phoneme,db1,usage,37,250,250,0
W-QDA,W-QDA:qda,6,0.5,0.076,0.08555749563482165,0 1 2 4 8 9 3 5 11 6 10 64 12 18 16 7 23 14 13 32,0 1 2 4 8 3 6 11 5 9 12 16 10 7 64 17 19 24 32 33,phoneme,db1,usage,37,250,250,0
W-CART,W-CART:cart,5,0.5,0.108,0.1207283611873285,0 1 2 4 8 9 3 5 11 6 10 64 12 18 16 7 23 14 13 32,0 1 2 4 8 3 6 11 5 9 12 16 10 7 64 17 19 24 32 33,phoneme,db1,usage,37,250,250,0
ALL,W-QDA:qda,6,0.5,0.076,0.08555749563482165,0 1 2 4 8 9 3 5 11 6 10 64 12 18 16 7 23 14 13 32,0 1 2 4 8 3 6 11 5 9 12 16 10 7 64 17 19 24 32 33,phoneme,db1,usage,37,250,250,0
W-NN,W-NN:k=7,11,,0.092,0.12322274881516587,0 1 2 4 3 8 6 9 5 11 12 10 64 7 16 18 23 32 13 14,0 1 2 4 3 8 6 9 5 11 12 10 64 7 16 18 23 32 13 14,phoneme,db1,energy,38,250,250,0
W-QDA,W-QDA:qda,16,,0.092,0.09902718882514343,0 1 2 4 3 8 6 9 5 11 12 10 64 7 16 18 23 32 13 14,0 1 2 4 3 8 6 9 5 11 12 10 64 7 16 18 23 32 13 14,phoneme,db1,energy,38,250,250,0
W-CART,W-CART:cart,11,,0.108,0.12696433025692191,0 1 2 4 3 8 6 9 5 11 12 10 64 7 16 18 23 32 13 14,0 1 2 4 3 8 6 9 5 11 12 10 64 7 16 18 23 32 13 14,phoneme,db1,energy,38,250,250,0
ALL,W-NN:k=7,11,,0.092,0.12322274881516587,0 1 2 4 3 8 6 9 5 11 12 10 64 7 16 18 23 32 13 14,0 1 2 4 3 8 6 9 5 11 12 10 64 7 16 18 23 32 13 14,phoneme,db1,energy,38,250,250,0
W-NN,W-NN:k=3,64,1.5,0.088,0.1152407084060863,0 1 2 4 8 3 6 5 11 9 10 7 12 13 14 15 16 17 18 19,0 1 2 4 8 6 3 5 9 11 12 16 10 64 13 18 7 17 21 33,phoneme,db1,usage,38,250,250,0
W-QDA,W-QDA:qda,26,0.5,0.088,0.11648790222000499,0 1 2 4 8 9 3 6 5 64 10 11 12 7 16 18 23 66 13 14,0 1 2 4 8 6 3 5 9 11 12 16 10 64 13 18 7 17 21 33,phoneme,db1,usage,38,250,250,0
W-CART,W-CART:cart,23,1.0,0.1,0.11623846345722125,0 1 2 4 8 6 3 5 9 11 12 16 10 64 13 18 7 17 21 33,0 1 2 4 8 6 3 5 9 11 12 16 10 64 13 18 7 17 21 33,phoneme,db1,usage,38,250,250,0
ALL,W-QDA:qda,26,0.5,0.088,0.11648790222000499,0 1 2 4 8 9 3 6 5 64 10 11 12 7 16 18 23 66 13 14,0 1 2 4 8 6 3 5 9 11 12 16 10 64 13 18 7 17 21 33,phoneme,db1,usage,38,250,250,0
W-NN,W-NN:k=9,6,,0.052,0.10401596408081816,0 1 2 4 3 8 6 9 5 11 12 64 10 7 16 18 32 15 13 14,0 1 2 4 3 8 6 9 5 11 12 64 10 7 16 18 32 15 13 14,phoneme,db1,energy,39,250,250,0
W-QDA,W-QDA:qda,6,,0.056,0.09852831129957595,0 1 2 4 3 8 6 9 5 11 12 64 10 7 16 18 32 15 13 14,0 1 2 4 3 8 6 9 5 11 12 64 10 7 16 18 32 15 13 14,phoneme,db1,energy,39,250,250,0
W-CART,W-CART:cart,6,,0.084,0.11648790222000499,0 1 2 4 3 8 6 9 5 11 12 64 10 7 16 18 32 15 13 14,0 1 2 4 3 8 6 9 5 11 12 64 10 7 16 18 32 15 13 14,phoneme,db1,energy,39,250,250,0
ALL,W-NN:k=9,6,,0.052,0.10401596408081816,0 1 2 4 3 8 6 9 5 11 12 64 10 7 16 18 32 15 13 14,0 1 2 4 3 8 6 9 5 11 12 64 10 7 16 18 32 15 13 14,phoneme,db1,energy,39,250,250,0
W-NN,W-NN:k=9,7,0.5,0.048,0.10251933150411574,0 1 2 4 8 9 3 6 5 64 11 12 10 18 7 16 32 19 15 13,0 1 2 4 8 3 6 5 12 11 9 64 10 7 16 19 21 23 32 13,phoneme,db1,usage,39,250,250,0
W-QDA,W-QDA:qda,5,0.5,0.044,0.08805188326265902,0 1 2 4 8 9 3 6 5 64 11 12 10 18 7 16 32 19 15 13,0 1 2 4 8 3 6 5 12 11 9 64 10 7 16 19 21 23 32 13,phoneme,db1,usage,39,250,250,0
W-CART,W-CART:cart,63,1.5,0.076,0.13494637066600149,0 1 2 4 8 3 6 5 10 7 9 11 12 13 14 15 16 17 18 19,0 1 2 4 8 3 6 5 12 11 9 64 10 7 16 19 21 23 32 13,phoneme,db1,usage,39,250,250,0
ALL,W-QDA:qda,5,0.5,0.044,0.08805188326265902,0 1 2 4 8 9 3 6 5 64 11 12 10 18 7 16 32 19 15 13,0 1 2 4 8 3 6 5 12 11 9 64 10 7 16 19 21 23 32 13,phoneme,db1,usage,39,250,250,0
W-NN,W-NN:k=15,15,,0.08,0.10526315789473684,0 1 2 4 8 3 6 9 5 11 12 10 64 16 7 18 32 13 14 20,0 1 2 4 8 3 6 9 5 11 12 10 64 16 7 18 32 13 14 20,phoneme,db1,energy,40,250,250,0
W-QDA,W-QDA:qda,4,,0.076,0.1015215764529808,0 1 2 4 8 3 6 9 5 11 12 10 64 16 7 18 32 13 14 20,0 1 2 4 8 3 6 9 5 11 12 10 64 16 7 18 32 13 14 20,phoneme,db1,energy,40,250,250,0
W-CART,W-CART:cart,42,,0.104,0.13270142180094788,0 1 2 4 8 3 6 9 5 11 12 10 64 16 7 18 32 13 14 20,0 1 2 4 8 3 6 9 5 11 12 10 64 16 7 18 32 13 14 20,phoneme,db1,energy,40,250,250,0
ALL,W-QDA:qda,4,,0.076,0.1015215764529808,0 1 2 4 8 3 6 9 5 11 12 10 64 16 7 18 32 13 14 20,0 1 2 4 8 3 6 9 5 11 12 10 64 16 7 18 32 13 14 20,phoneme,db1,energy,40,250,250,0
W-NN,W-NN:k=25,57,0.5,0.076,0.10426540284360189,0 1 2 4 8 9 3 5 6 12 10 64 18 11 16 7 32 13 14 19,0 1 2 4 8 3 6 5 11 9 12 16 7 13 17 64 10 21 42 150,phoneme,db1,usage,40,250,250,0
W-QDA,W-QDA:qda,4,0.5,0.076,0.1015215764529808,0 1 2 4 8 9 3 5 6 12 10 64 18 11 16 7 32 13 14 19,0 1 2 4 8 3 6 5 11 9 12 16 7 13 17 64 10 21 42 150,phoneme,db1,usage,40,250,250,0
W-CART,W-CART:cart,37,0.5,0.096,0.1289598403591918,0 1 2 4 8 9 3 5 6 12 10 64 18 11 16 7 32 13 14 19,0 1 2 4 8 3 6 5 11 9 12 16 7 13 17 64 10 21 42 150,phoneme,db1,usage,40,250,250,0
ALL,W-QDA:qda,4,0.5,0.076,0.1015215764529808,0 1 2 4 8 9 3 5 6 12 10 64 18 11 16 7 32 13 14 19,0 1 2 4 8 3 6 5 11 9 12 16 7 13 17 64 10 21 42 150,phoneme,db1,usage,40,250,250,0
W-NN,W-NN:k=9,5,,0.084,0.11199800448989773,0 1 2 4 8 3 9 6 5 11 10 12 7 64 16 18 32 14 19 13,0 1 2 4 8 3 9 6 5 11 10 12 7 64 16 18 32 14 19 13,phoneme,db1,energy,41,250,250,0
W-QDA,W-QDA:qda,4,,0.084,0.09827887253679221,0 1 2 4 8 3 9 6 5 11 10 12 7 64 16 18 32 14 19 13,0 1 2 4 8 3 9 6 5 11 10 12 7 64 16 18 32 14 19 13,phoneme,db1,energy,41,250,250,0
W-CART,W-CART:cart,54,,0.116,0.1404340234472437,0 1 2 4 8 3 9 6 5 11 10 12 7 64 16 18 32 14 19 13,0 1 2 4 8 3 9 6 5 11 10 12 7 64 16 18 32 14 19 13,phoneme,db1,energy,41,250,250,0
ALL,W-QDA:qda,4,,0.084,0.09827887253679221,0 1 2 4 8 3 9 6 5 11 10 12 7 64 16 18 32 14 19 13,0 1 2 4 8 3 9 6 5 11 10 12 7 64 16 18 32 14 19 13,phoneme,db1,energy,41,250,250,0
W-NN,W-NN:k=9,5,0.5,0.084,0.11199800448989773,0 1 2 8 4 9 3 5 10 6 64 11 12 7 18 16 14 19 32 13,0 1 2 4 8 6 3 5 11 9 12 64 7 10 17 16 19 33 42 66,phoneme,db1,usage,41,250,250,0
W-QDA,W-QDA:qda,6,0.5,0.072,0.1002743826390621,0 1 2 8 4 9 3 5 10 6 64 11 12 7 18 16 14 19 32 13,0 1 2 4 8 6 3 5 11 9 12 64 7 10 17 16 19 33 42 66,phoneme,db1,usage,41,250,250,0
W-CART,W-CART:cart,10,1.5,0.116,0.1471688700424046,0 1 2 4 8 3 6 5 10 7 9 11 12 13 14 15 16 17 18 19,0 1 2 4 8 6 3 5 11 9 12 64 7 10 17 16 19 33 42 66,phoneme,db1,usage,41,250,250,0
ALL,W-QDA:qda,6,0.5,0.072,0.1002743826390621,0 1 2 8 4 9 3 5 10 6 64 11 12 7 18 16 14 19 32 13,0 1 2 4 8 6 3 5 11 9 12 64 7 10 17 16 19 33 42 66,phoneme,db1,usage,41,250,250,0
W-NN,W-NN:k=15,11,,0.108,0.11199800448989773,0 1 2 4 3 8 9 6 5 11 10 12 7 64 16 18 32 13 14 65,0 1 2 4 3 8 9 6 5 11 10 12 7 64 16 18 32 13 14 65,phoneme,db1,energy,42,250,250,0
W-QDA,W-QDA:qda,13,,0.1,0.1097530556248441,0 1 2 4 3 8 9 6 5 11 10 12 7 64 16 18 32 13 14 65,0 1 2 4 3 8 9 6 5 11 10 12 7 64 16 18 32 13 14 65,phoneme,db1,energy,42,250,250,0
W-CART,W-CART:cart,7,,0.108,0.12721376901970566,0 1 2 4 3 8 9 6 5 11 10 12 7 64 16 18 32 13 14 65,0 1 2 4 3 8 9 6 5 11 10 12 7 64 16 18 32 13 14 65,phoneme,db1,energy,42,250,250,0
ALL,W-QDA:qda,13,,0.1,0.1097530556248441,0 1 2 4 3 8 9 6 5 11 10 12 7 64 16 18 32 13 14 65,0 1 2 4 3 8 9 6 5 11 10 12 7 64 16 18 32 13 14 65,phoneme,db1,energy,42,250,250,0
W-NN,W-NN:k=15,42,1.5,0.1,0.1077575455225742,0 1 2 4 8 3 5 6 10 7 9 11 12 13 14 15 16 17 18 19,0 1 2 4 8 3 6 5 11 9 12 16 7 10 13 18 64 14 15 17,phoneme,db1,usage,42,250,250,0
W-QDA,W-QDA:qda,4,0.5,0.092,0.10351708655525069,0 1 2 8 4 9 3 5 6 11 64 10 12 7 16 18 14 32 13 19,0 1 2 4 8 3 6 5 11 9 12 16 7 10 13 18 64 14 15 17,phoneme,db1,usage,42,250,250,0
W-CART,W-CART:cart,8,1.0,0.112,0.1287104015964081,0 1 2 4 8 3 6 5 11 9 12 16 7 10 13 18 64 14 15 17,0 1 2 4 8 3 6 5 11 9 12 16 7 10 13 18 64 14 15 17,phoneme,db1,usage,42,250,250,0
ALL,W-QDA:qda,4,0.5,0.092,0.10351708655525069,0 1 2 8 4 9 3 5 6 11 64 10 12 7 16 18 14 32 13 19,0 1 2 4 8 3 6 5 11 9 12 16 7 10 13 18 64 14 15 17,phoneme,db1,usage,42,250,250,0
W-NN,W-NN:k=9,60,,0.08,0.10401596408081816,0 1 2 4 3 8 9 5 6 11 12 10 64 7 16 18 13 32 20 23,0 1 2 4 3 8 9 5 6 11 12 10 64 7 16 18 13 32 20 23,phoneme,db1,energy,43,250,250,0
W-QDA,W-QDA:qda,7,,0.084,0.08505861810925418,0 1 2 4 3 8 9 5 6 11 12 10 64 7 16 18 13 32 20 23,0 1 2 4 3 8 9 5 6 11 12 10 64 7 16 18 13 32 20 23,phoneme,db1,energy,43,250,250,0
W-CART,W-CART:cart,7,,0.12,0.12397106510351709,0 1 2 4 3 8 9 5 6 11 12 10 64 7 16 18 13 32 20 23,0 1 2 4 3 8 9 5 6 11 12 10 64 7 16 18 13 32 20 23,phoneme,db1,energy,43,250,250,0
ALL,W-NN:k=9,60,,0.08,0.10401596408081816,0 1 2 4 3 8 9 5 6 11 12 10 64 7 16 18 13 32 20 23,0 1 2 4 3 8 9 5 6 11 12 10 64 7 16 18 13 32 20 23,phoneme,db1,energy,43,250,250,0
W-NN,W-NN:k=9,59,1.5,0.076,0.10102269892741332,0 1 2 4 8 3 6 5 10 7 9 11 12 13 14 15 16 17 18 19,0 1 2 4 8 3 5 6 9 11 12 10 7 13 15 16 17 20 64 65,phoneme,db1,usage,43,250,250,0
W-QDA,W-QDA:qda,6,3.0,0.08,0.09304065851833375,0 1 2 4 3 5 6 7 8 9 10 11 12 13 14 15 16 17 18 19,0 1 2 4 8 3 5 6 9 11 12 10 7 13 15 16 17 20 64 65,phoneme,db1,usage,43,250,250,0
W-CART,W-CART:cart,10,0.5,0.1,0.11224744325268146,0 1 2 4 8 9 3 5 64 10 6 11 12 18 16 7 13 19 23 32,0 1 2 4 8 3 5 6 9 11 12 10 7 13 15 16 17 20 64 65,phoneme,db1,usage,43,250,250,0
ALL,W-NN:k=9,59,1.5,0.076,0.10102269892741332,0 1 2 4 8 3 6 5 10 7 9 11 12 13 14 15 16 17 18 19,0 1 2 4 8 3 5 6 9 11 12 10 7 13 15 16 17 20 64 65,phoneme,db1,usage,43,250,250,0
W-NN,W-NN:k=3,5,,0.072,0.09578448490895485,0 1 2 4 8 3 9 6 5 11 10 12 7 64 16 18 32 13 14 65,0 1 2 4 8 3 9 6 5 11 10 12 7 64 16 18 32 13 14 65,phoneme,db1,energy,44,250,250,0
W-QDA,W-QDA:qda,4,,0.068,0.08929907707657771,0 1 2 4 8 3 9 6 5 11 10 12 7 64 16 18 32 13 14 65,0 1 2 4 8 3 9 6 5 11 10 12 7 64 16 18 32 13 14 65,phoneme,db1,energy,44,250,250,0
W-CART,W-CART:cart,18,,0.092,0.13070591169867798,0 1 2 4 8 3 9 6 5 11 10 12 7 64 16 18 32 13 14 65,0 1 2 4 8 3 9 6 5 11 10 12 7 64 16 18 32 13 14 65,phoneme,db1,energy,44,250,250,0
ALL,W-QDA:qda,4,,0.068,0.08929907707657771,0 1 2 4 8 3 9 6 5 11 10 12 7 64 16 18 32 13 14 65,0 1 2 4 8 3 9 6 5 11 10 12 7 64 16 18 32 13 14 65,phoneme,db1,energy,44,250,250,0
W-NN,W-NN:k=5,10,1.5,0.068,0.09827887253679221,0 1 2 4 8 3 6 5 7 9 10 11 12 13 14 15 16 17 18 19,0 1 2 4 8 3 6 5 9 11 12 7 16 17 10 18 65 87 13 14,phoneme,db1,usage,44,250,250,0
W-QDA,W-QDA:qda,4,0.5,0.068,0.08929907707657771,0 1 2 4 8 9 3 5 6 64 11 10 18 16 12 7 13 14 19 23,0 1 2 4 8 3 6 5 9 11 12 7 16 17 10 18 65 87 13 14,phoneme,db1,usage,44,250,250,0
W-CART,W-CART:cart,7,2.0,0.088,0.1322025442753804,0 1 2 8 4 3 5 6 7 9 10 11 12 13 14 15 16 17 18 19,0 1 2 4 8 3 6 5 9 11 12 7 16 17 10 18 65 87 13 14,phoneme,db1,usage,44,250,250,0
ALL,W-QDA:qda,4,0.5,0.068,0.08929907707657771,0 1 2 4 8 9 3 5 6 64 11 10 18 16 12 7 13 14 19 23,0 1 2 4 8 3 6 5 9 11 12 7 16 17 10 18 65 87 13 14,phoneme,db1,usage,44,250,250,0
W-NN,W-NN:k=25,15,,0.104,0.12022948366176103,0 1 2 4 8 3 9 6 5 12 10 7 64 16 11 18 32 14 20 13,0 1 2 4 8 3 9 6 5 12 10 7 64 16 11 18 32 14 20 13,phoneme,db1,energy,45,250,250,0
W-QDA,W-QDA:qda,5,,0.084,0.08979795460214518,0 1 2 4 8 3 9 6 5 12 10 7 64 16 11 18 32 14 20 13,0 1 2 4 8 3 9 6 5 12 10 7 64 16 11 18 32 14 20 13,phoneme,db1,energy,45,250,250,0
W-CART,W-CART:cart,6,,0.112,0.1309553504614617,0 1 2 4 8 3 9 6 5 12 10 7 64 16 11 18 32 14 20 13,0 1 2 4 8 3 9 6 5 12 10 7 64 16 11 18 32 14 20 13,phoneme,db1,energy,45,250,250,0
ALL,W-QDA:qda,5,,0.084,0.08979795460214518,0 1 2 4 8 3 9 6 5 12 10 7 64 16 11 18 32 14 20 13,0 1 2 4 8 3 9 6 5 12 10 7 64 16 11 18 32 14 20 13,phoneme,db1,energy,45,250,250,0
W-NN,W-NN:k=25,38,0.5,0.1,0.1199800448989773,0 1 2 4 8 9 3 6 5 64 10 12 7 16 18 11 14 13 32 65,0 1 2 4 8 3 5 6 12 9 16 7 11 10 17 19 21 64 65 13,phoneme,db1,usage,45,250,250,0
W-QDA,W-QDA:qda,5,0.5,0.084,0.08979795460214518,0 1 2 4 8 9 3 6 5 64 10 12 7 16 18 11 14 13 32 65,0 1 2 4 8 3 5 6 12 9 16 7 11 10 17 19 21 64 65 13,phoneme,db1,usage,45,250,250,0
W-CART,W-CART:cart,6,1.0,0.112,0.1309553504614617,0 1 2 4 8 3 5 6 12 9 16 7 11 10 17 19 21 64 65 13,0 1 2 4 8 3 5 6 12 9 16 7 11 10 17 19 21 64 65 13,phoneme,db1,usage,45,250,250,0
ALL,W-QDA:qda,5,0.5,0.084,0.08979795460214518,0 1 2 4 8 9 3 6 5 64 10 12 7 16 18 11 14 13 32 65,0 1 2 4 8 3 5 6 12 9 16 7 11 10 17 19 21 64 65 13,phoneme,db1,usage,45,250,250,0
W-NN,W-NN:k=3,6,,0.08,0.11424295335495135,0 1 2 4 3 8 9 6 5 11 12 10 64 16 7 18 32 13 14 65,0 1 2 4 3 8 9 6 5 11 12 10 64 16 7 18 32 13 14 65,phoneme,db1,energy,46,250,250,0
W-QDA,W-QDA:qda,7,,0.084,0.10351708655525069,0 1 2 4 3 8 9 6 5 11 12 10 64 16 7 18 32 13 14 65,0 1 2 4 3 8 9 6 5 11 12 10 64 16 7 18 32 13 14 65,phoneme,db1,energy,46,250,250,0
W-CART,W-CART:cart,35,,0.108,0.12920927912197555,0 1 2 4 3 8 9 6 5 11 12 10 64 16 7 18 32 13 14 65,0 1 2 4 3 8 9 6 5 11 12 10 64 16 7 18 32 13 14 65,phoneme,db1,energy,46,250,250,0
ALL,W-NN:k=3,6,,0.08,0.11424295335495135,0 1 2 4 3 8 9 6 5 11 12 10 64 16 7 18 32 13 14 65,0 1 2 4 3 8 9 6 5 11 12 10 64 16 7 18 32 13 14 65,phoneme,db1,energy,46,250,250,0
W-NN,W-NN:k=5,6,0.5,0.076,0.10725866799700673,0 1 2 4 8 9 3 5 6 64 11 10 12 18 16 7 32 13 19 17,0 1 2 4 8 3 5 6 11 12 9 10 64 7 17 16 19 66 13 14,phoneme,db1,usage,46,250,250,0
W-QDA,W-QDA:qda,6,0.5,0.08,0.09578448490895485,0 1 2 4 8 9 3 5 6 64 11 10 12 18 16 7 32 13 19 17,0 1 2 4 8 3 5 6 11 12 9 10 64 7 17 16 19 66 13 14,phoneme,db1,usage,46,250,250,0
W-CART,W-CART:cart,24,3.0,0.088,0.13245198303816413,0 1 2 4 3 5 6 7 8 9 10 11 12 13 14 15 16 17 18 19,0 1 2 4 8 3 5 6 11 12 9 10 64 7 17 16 19 66 13 14,phoneme,db1,usage,46,250,250,0
ALL,W-NN:k=5,6,0.5,0.076,0.10725866799700673,0 1 2 4 8 9 3 5 6 64 11 10 12 18 16 7 32 13 19 17,0 1 2 4 8 3 5 6 11 12 9 10 64 7 17 16 19 66 13 14,phoneme,db1,usage,46,250,250,0
W-NN,W-NN:k=5,5,,0.084,0.10551259665752058,0 1 2 4 8 3 9 6 5 12 10 11 64 16 7 18 32 13 24 65,0 1 2 4 8 3 9 6 5 12 10 11 64 16 7 18 32 13 24 65,phoneme,db1,energy,47,250,250,0
W-QDA,W-QDA:qda,5,,0.08,0.08555749563482165,0 1 2 4 8 3 9 6 5 12 10 11 64 16 7 18 32 13 24 65,0 1 2 4 8 3 9 6 5 12 10 11 64 16 7 18 32 13 24 65,phoneme,db1,energy,47,250,250,0
W-CART,W-CART:cart,38,,0.096,0.11873285108505861,0 1 2 4 8 3 9 6 5 12 10 11 64 16 7 18 32 13 24 65,0 1 2 4 8 3 9 6 5 12 10 11 64 16 7 18 32 13 24 65,phoneme,db1,energy,47,250,250,0
ALL,W-QDA:qda,5,,0.08,0.08555749563482165,0 1 2 4 8 3 9 6 5 12 10 11 64 16 7 18 32 13 24 65,0 1 2 4 8 3 9 6 5 12 10 11 64 16 7 18 32 13 24 65,phoneme,db1,energy,47,250,250,0
W-NN,W-NN:k=3,18,1.5,0.08,0.11374407582938388,0 1 2 4 8 3 5 10 6 7 9 11 12 13 14 15 16 17 18 19,0 1 2 4 8 5 6 3 12 10 9 11 7 16 17 23 64 65 252 13,phoneme,db1,usage,47,250,250,0
W-QDA,W-QDA:qda,6,0.5,0.06,0.08730356697430781,0 1 2 4 8 9 3 64 5 6 10 12 11 16 7 18 32 65 13 24,0 1 2 4 8 5 6 3 12 10 9 11 7 16 17 23 64 65 252 13,phoneme,db1,usage,47,250,250,0
W-CART,W-CART:cart,64,0.5,0.084,0.11748565727113994,0 1 2 4 8 9 3 64 5 6 10 12 11 16 7 18 32 65 13 24,0 1 2 4 8 5 6 3 12 10 9 11 7 16 17 23 64 65 252 13,phoneme,db1,usage,47,250,250,0
ALL,W-QDA:qda,6,0.5,0.06,0.08730356697430781,0 1 2 4 8 9 3 64 5 6 10 12 11 16 7 18 32 65 13 24,0 1 2 4 8 5 6 3 12 10 9 11 7 16 17 23 64 65 252 13,phoneme,db1,usage,47,250,250,0
W-NN,W-NN:k=7,31,,0.12,0.10601147418308805,0 1 2 4 3 8 6 9 5 12 11 10 64 7 16 18 32 13 14 65,0 1 2 4 3 8 6 9 5 12 11 10 64 7 16 18 32 13 14 65,phoneme,db1,energy,48,250,250,0
W-QDA,W-QDA:qda,4,,0.088,0.0858069343976054,0 1 2 4 3 8 6 9 5 12 11 10 64 7 16 18 32 13 14 65,0 1 2 4 3 8 6 9 5 12 11 10 64 7 16 18 32 13 14 65,phoneme,db1,energy,48,250,250,0
W-CART,W-CART:cart,14,,0.116,0.1289598403591918,0 1 2 4 3 8 6 9 5 12 11 10 64 7 16 18 32 13 14 65,0 1 2 4 3 8 6 9 5 12 11 10 64 7 16 18 32 13 14 65,phoneme,db1,energy,48,250,250,0
ALL,W-QDA:qda,4,,0.088,0.0858069343976054,0 1 2 4 3 8 6 9 5 12 11 10 64 7 16 18 32 13 14 65,0 1 2 4 3 8 6 9 5 12 11 10 64 7 16 18 32 13 14 65,phoneme,db1,energy,48,250,250,0
W-NN,W-NN:k=7,6,0.5,0.112,0.10251933150411574,0 1 2 4 8 9 3 5 6 10 64 18 12 11 7 16 19 32 13 65,0 1 2 4 8 3 6 5 9 11 12 7 16 20 64 13 14 18 10 15,phoneme,db1,usage,48,250,250,0
W-QDA,W-QDA:qda,7,2.0,0.084,0.08904963831379396,0 1 2 4 3 8 5 6 7 9 10 11 12 13 14 15 16 17 18 19,0 1 2 4 8 3 6 5 9 11 12 7 16 20 64 13 14 18 10 15,phoneme,db1,usage,48,250,250,0
W-CART,W-CART:cart,10,1.5,0.104,0.11598902469443752,0 1 2 4 8 3 6 5 16 7 9 10 11 12 13 14 15 17 18 19,0 1 2 4 8 3 6 5 9 11 12 7 16 20 64 13 14 18 10 15,phoneme,db1,usage,48,250,250,0
ALL,W-QDA:qda,7,2.0,0.084,0.08904963831379396,0 1 2 4 3 8 5 6 7 9 10 11 12 13 14 15 16 17 18 19,0 1 2 4 8 3 6 5 9 11 12 7 16 20 64 13 14 18 10 15,phoneme,db1,usage,48,250,250,0
W-NN,W-NN:k=5,44,,0.076,0.10202045397854827,0 1 2 4 3 8 9 6 5 11 10 7 12 64 16 18 32 15 13 65,0 1 2 4 3 8 9 6 5 11 10 7 12 64 16 18 32 15 13 65,phoneme,db1,energy,49,250,250,0
W-QDA,W-QDA:qda,18,,0.076,0.107009229234223,0 1 2 4 3 8 9 6 5 11 10 7 12 64 16 18 32 15 13 65,0 1 2 4 3 8 9 6 5 11 10 7 12 64 16 18 32 15 13 65,phoneme,db1,energy,49,250,250,0
W-CART,W-CART:cart,6,,0.092,0.13344973808929908,0 1 2 4 3 8 9 6 5 11 10 7 12 64 16 18 32 15 13 65,0 1 2 4 3 8 9 6 5 11 10 7 12 64 16 18 32 15 13 65,phoneme,db1,energy,49,250,250,0
ALL,W-QDA:qda,18,,0.076,0.107009229234223,0 1 2 4 3 8 9 6 5 11 10 7 12 64 16 18 32 15 13 65,0 1 2 4 3 8 9 6 5 11 10 7 12 64 16 18 32 15 13 65,phoneme,db1,energy,49,250,250,0
W-NN,W-NN:k=3,40,0.5,0.08,0.102269892741332,0 1 2 4 8 9 3 5 11 10 64 6 16 18 12 7 14 15 32 13,0 1 2 4 8 3 6 5 9 7 11 12 17 10 16 64 66 13 19 34,phoneme,db1,usage,49,250,250,0
W-QDA,W-QDA:qda,14,0.5,0.076,0.09528560738338737,0 1 2 4 8 9 3 5 11 10 64 6 16 18 12 7 14 15 32 13,0 1 2 4 8 3 6 5 9 7 11 12 17 10 16 64 66 13 19 34,phoneme,db1,usage,49,250,250,0
W-CART,W-CART:cart,10,1.5,0.092,0.14068346221002745,0 1 2 4 8 3 5 6 7 9 10 11 12 13 14 15 16 17 18 19,0 1 2 4 8 3 6 5 9 7 11 12 17 10 16 64 66 13 19 34,phoneme,db1,usage,49,250,250,0
ALL,W-QDA:qda,14,0.5,0.076,0.09528560738338737,0 1 2 4 8 9 3 5 11 10 64 6 16 18 12 7 14 15 32 13,0 1 2 4 8 3 6 5 9 7 11 12 17 10 16 64 66 13 19 34,phoneme,db1,usage,49,250,250,0
W-NN,W-NN:k=7,30,,0.084,0.11748565727113994,0 1 2 4 8 3 9 5 6 11 12 7 10 16 64 18 32 13 14 24,0 1 2 4 8 3 9 5 6 11 12 7 10 16 64 18 32 13 14 24,phoneme,db1,energy,50,250,250,0
W-QDA,W-QDA:qda,4,,0.088,0.08954851583936144,0 1 2 4 8 3 9 5 6 11 12 7 10 16 64 18 32 13 14 24,0 1 2 4 8 3 9 5 6 11 12 7 10 16 64 18 32 13 14 24,phoneme,db1,energy,50,250,250,0
W-CART,W-CART:cart,57,,0.104,0.13195310551259665,0 1 2 4 8 3 9 5 6 11 12 7 10 16 64 18 32 13 14 24,0 1 2 4 8 3 9 5 6 11 12 7 10 16 64 18 32 13 14 24,phoneme,db1,energy,50,250,250,0
ALL,W-NN:k=7,30,,0.084,0.11748565727113994,0 1 2 4 8 3 9 5 6 11 12 7 10 16 64 18 32 13 14 24,0 1 2 4 8 3 9 5 6 11 12 7 10 16 64 18 32 13 14 24,phoneme,db1,energy,50,250,250,0
W-NN,W-NN:k=3,10,0.5,0.088,0.12596657520578697,0 1 2 4 8 9 5 3 64 11 6 10 12 16 7 18 14 13 19 23,0 1 2 4 8 3 6 5 11 12 7 9 10 19 16 64 21 32 131 206,phoneme,db1,usage,50,250,250,0
W-QDA,W-QDA:qda,4,0.5,0.088,0.08954851583936144,0 1 2 4 8 9 5 3 64 11 6 10 12 16 7 18 14 13 19 23,0 1 2 4 8 3 6 5 11 12 7 9 10 19 16 64 21 32 131 206,phoneme,db1,usage,50,250,250,0
W-CART,W-CART:cart,63,0.5,0.096,0.1593913694188077,0 1 2 4 8 9 5 3 64 11 6 10 12 16 7 18 14 13 19 23,0 1 2 4 8 3 6 5 11 12 7 9 10 19 16 64 21 32 131 206,phoneme,db1,usage,50,250,250,0
ALL,W-QDA:qda,4,0.5,0.088,0.08954851583936144,0 1 2 4 8 9 5 3 64 11 6 10 12 16 7 18 14 13 19 23,0 1 2 4 8 3 6 5 11 12 7 9 10 19 16 64 21 32 131 206,phoneme,db1,usage,50,250,250,0
W-NN,W-NN:k=15,46,,0.068,0.09678223996008979,0 1 2 4 8 3 9 5 6 11 12 7 10 64 16 18 32 13 24 14,0 1 2 4 8 3 9 5 6 11 12 7 10 64 16 18 32 13 24 14,phoneme,db1,energy,51,250,250,0
W-QDA,W-QDA:qda,17,,0.088,0.09802943377400848,0 1 2 4 8 3 9 5 6 11 12 7 10 64 16 18 32 13 24 14,0 1 2 4 8 3 9 5 6 11 12 7 10 64 16 18 32 13 24 14,phoneme,db1,energy,51,250,250,0
W-CART,W-CART:cart,51,,0.152,0.1451733599401347,0 1 2 4 8 3 9 5 6 11 12 7 10 64 16 18 32 13 24 14,0 1 2 4 8 3 9 5 6 11 12 7 10 64 16 18 32 13 24 14,phoneme,db1,energy,51,250,250,0
ALL,W-NN:k=15,46,,0.068,0.09678223996008979,0 1 2 4 8 3 9 5 6 11 12 7 10 64 16 18 32 13 24 14,0 1 2 4 8 3 9 5 6 11 12 7 10 64 16 18 32 13 24 14,phoneme,db1,energy,51,250,250,0
W-NN,W-NN:k=15,52,1.0,0.072,0.09378897480668495,0 1 2 4 8 3 5 6 9 12 17 7 10 11 16 65 66 130 150 198,0 1 2 4 8 3 5 6 9 12 17 7 10 11 16 65 66 130 150 198,phoneme,db1,usage,51,250,250,0
W-QDA,W-QDA:qda,7,1.0,0.084,0.0947867298578199,0 1 2 4 8 3 5 6 9 12 17 7 10 11 16 65 66 130 150 198,0 1 2 4 8 3 5 6 9 12 17 7 10 11 16 65 66 130 150 198,phoneme,db1,usage,51,250,250,0
W-CART,W-CART:cart,63,0.5,0.144,0.14492392117735095,0 1 2 8 4 9 3 5 6 11 10 64 18 7 12 16 13 32 24 14,0 1 2 4 8 3 5 6 9 12 17 7 10 11 16 65 66 130 150 198,phoneme,db1,usage,51,250,250,0
ALL,W-NN:k=15,52,1.0,0.072,0.09378897480668495,0 1 2 4 8 3 5 6 9 12 17 7 10 11 16 65 66 130 150 198,0 1 2 4 8 3 5 6 9 12 17 7 10 11 16 65 66 130 150 198,phoneme,db1,usage,51,250,250,0
W-NN,W-NN:k=5,9,,0.1,0.11224744325268146,0 1 2 4 3 8 6 9 5 12 11 10 64 7 16 18 32 13 24 23,0 1 2 4 3 8 6 9 5 12 11 10 64 7 16 18 32 13 24 23,phoneme,db1,energy,52,250,250,0
W-QDA,W-QDA:qda,7,,0.096,0.10052382140184585,0 1 2 4 3 8 6 9 5 12 11 10 64 7 16 18 32 13 24 23,0 1 2 4 3 8 6 9 5 12 11 10 64 7 16 18 32 13 24 23,phoneme,db1,energy,52,250,250,0
W-CART,W-CART:cart,7,,0.112,0.1262160139685707,0 1 2 4 3 8 6 9 5 12 11 10 64 7 16 18 32 13 24 23,0 1 2 4 3 8 6 9 5 12 11 10 64 7 16 18 32 13 24 23,phoneme,db1,energy,52,250,250,0
ALL,W-QDA:qda,7,,0.096,0.10052382140184585,0 1 2 4 3 8 6 9 5 12 11 10 64 7 16 18 32 13 24 23,0 1 2 4 3 8 6 9 5 12 11 10 64 7 16 18 32 13 24 23,phoneme,db1,energy,52,250,250,0
W-NN,W-NN:k=5,10,2.0,0.096,0.11274632077824893,0 1 2 4 8 3 5 6 7 9 10 11 12 13 14 15 16 17 18 19,0 1 2 4 8 3 6 5 12 9 7 11 10 16 64 13 19 20 21 33,phoneme,db1,usage,52,250,250,0
W-QDA,W-QDA:qda,7,1.0,0.096,0.10052382140184585,0 1 2 4 8 3 6 5 12 9 7 11 10 16 64 13 19 20 21 33,0 1 2 4 8 3 6 5 12 9 7 11 10 16 64 13 19 20 21 33,phoneme,db1,usage,52,250,250,0
W-CART,W-CART:cart,6,0.5,0.096,0.13170366674981293,0 1 2 4 8 9 3 5 6 64 12 10 11 18 7 16 13 32 17 24,0 1 2 4 8 3 6 5 12 9 7 11 10 16 64 13 19 20 21 33,phoneme,db1,usage,52,250,250,0
ALL,W-CART:cart,6,0.5,0.096,0.13170366674981293,0 1 2 4 8 9 3 5 6 64 12 10 11 18 7 16 13 32 17 24,0 1 2 4 8 3 6 5 12 9 7 11 10 16 64 13 19 20 21 33,phoneme,db1,usage,52,250,250,0
W-NN,W-NN:k=5,53,,0.072,0.10601147418308805,0 1 2 4 3 8 9 5 6 12 11 64 10 7 16 18 32 13 23 14,0 1 2 4 3 8 9 5 6 12 11 64 10 7 16 18 32 13 23 14,phoneme,db1,energy,53,250,250,0
W-QDA,W-QDA:qda,7,,0.064,0.0865552506859566,0 1 2 4 3 8 9 5 6 12 11 64 10 7 16 18 32 13 23 14,0 1 2 4 3 8 9 5 6 12 11 64 10 7 16 18 32 13 23 14,phoneme,db1,energy,53,250,250,0
W-CART,W-CART:cart,42,,0.088,0.1227238712895984,0 1 2 4 3 8 9 5 6 12 11 64 10 7 16 18 32 13 23 14,0 1 2 4 3 8 9 5 6 12 11 64 10 7 16 18 32 13 23 14,phoneme,db1,energy,53,250,250,0
ALL,W-QDA:qda,7,,0.064,0.0865552506859566,0 1 2 4 3 8 9 5 6 12 11 64 10 7 16 18 32 13 23 14,0 1 2 4 3 8 9 5 6 12 11 64 10 7 16 18 32 13 23 14,phoneme,db1,energy,53,250,250,0
W-NN,W-NN:k=3,12,0.5,0.076,0.11274632077824893,0 1 2 8 4 9 3 5 64 6 11 12 10 16 7 18 23 13 14 32,0 1 2 4 3 8 5 6 11 9 12 7 10 16 64 17 65 242 13 14,phoneme,db1,usage,53,250,250,0
W-QDA,W-QDA:qda,5,0.5,0.064,0.08006984285357945,0 1 2 8 4 9 3 5 64 6 11 12 10 16 7 18 23 13 14 32,0 1 2 4 3 8 5 6 11 9 12 7 10 16 64 17 65 242 13 14,phoneme,db1,usage,53,250,250,0
W-CART,W-CART:cart,60,2.0,0.088,0.12771264654527315,0 1 2 4 8 3 5 6 7 9 10 11 12 13 14 15 16 17 18 19,0 1 2 4 3 8 5 6 11 9 12 7 10 16 64 17 65 242 13 14,phoneme,db1,usage,53,250,250,0
ALL,W-QDA:qda,5,0.5,0.064,0.08006984285357945,0 1 2 8 4 9 3 5 64 6 11 12 10 16 7 18 23 13 14 32,0 1 2 4 3 8 5 6 11 9 12 7 10 16 64 17 65 242 13 14,phoneme,db1,usage,53,250,250,0
W-NN,W-NN:k=1,7,,0.088,0.12147667747567972,0 1 2 4 3 8 6 9 5 12 11 10 64 7 16 18 13 32 14 23,0 1 2 4 3 8 6 9 5 12 11 10 64 7 16 18 13 32 14 23,phoneme,db1,energy,54,250,250,0
W-QDA,W-QDA:qda,24,,0.116,0.12721376901970566,0 1 2 4 3 8 6 9 5 12 11 10 64 7 16 18 13 32 14 23,0 1 2 4 3 8 6 9 5 12 11 10 64 7 16 18 13 32 14 23,phoneme,db1,energy,54,250,250,0
W-CART,W-CART:cart,15,,0.12,0.1124968820154652,0 1 2 4 3 8 6 9 5 12 11 10 64 7 16 18 13 32 14 23,0 1 2 4 3 8 6 9 5 12 11 10 64 7 16 18 13 32 14 23,phoneme,db1,energy,54,250,250,0
ALL,W-NN:k=1,7,,0.088,0.12147667747567972,0 1 2 4 3 8 6 9 5 12 11 10 64 7 16 18 13 32 14 23,0 1 2 4 3 8 6 9 5 12 11 10 64 7 16 18 13 32 14 23,phoneme,db1,energy,54,250,250,0
W-NN,W-NN:k=1,7,1.0,0.088,0.12147667747567972,0 1 2 4 8 3 6 5 12 9 11 7 10 16 64 13 19 14 17 20,0 1 2 4 8 3 6 5 12 9 11 7 10 16 64 13 19 14 17 20,phoneme,db1,usage,54,250,250,0
W-QDA,W-QDA:qda,24,0.5,0.108,0.1254676976802195,0 1 2 4 8 9 3 5 6 11 64 12 10 18 16 7 32 13 19 65,0 1 2 4 8 3 6 5 12 9 11 7 10 16 64 13 19 14 17 20,phoneme,db1,usage,54,250,250,0
W-CART,W-CART:cart,15,1.5,0.116,0.11274632077824893,0 1 2 4 8 3 6 5 10 11 12 7 9 13 14 15 16 17 18 19,0 1 2 4 8 3 6 5 12 9 11 7 10 16 64 13 19 14 17 20,phoneme,db1,usage,54,250,250,0
ALL,W-NN:k=1,7,1.0,0.088,0.12147667747567972,0 1 2 4 8 3 6 5 12 9 11 7 10 16 64 13 19 14 17 20,0 1 2 4 8 3 6 5 12 9 11 7 10 16 64 13 19 14 17 20,phoneme,db1,usage,54,250,250,0
W-NN,W-NN:k=25,13,,0.084,0.10177101521576452,0 1 2 4 3 8 9 6 5 12 11 64 7 10 16 18 32 13 19 24,0 1 2 4 3 8 9 6 5 12 11 64 7 10 16 18 32 13 19 24,phoneme,db1,energy,55,250,250,0
W-QDA,W-QDA:qda,4,,0.092,0.09428785233225243,0 1 2 4 3 8 9 6 5 12 11 64 7 10 16 18 32 13 19 24,0 1 2 4 3 8 9 6 5 12 11 64 7 10 16 18 32 13 19 24,phoneme,db1,energy,55,250,250,0
W-CART,W-CART:cart,39,,0.076,0.11399351459216762,0 1 2 4 3 8 9 6 5 12 11 64 7 10 16 18 32 13 19 24,0 1 2 4 3 8 9 6 5 12 11 64 7 10 16 18 32 13 19 24,phoneme,db1,energy,55,250,250,0
ALL,W-CART:cart,39,,0.076,0.11399351459216762,0 1 2 4 3 8 9 6 5 12 11 64 7 10 16 18 32 13 19 24,0 1 2 4 3 8 9 6 5 12 11 64 7 10 16 18 32 13 19 24,phoneme,db1,energy,55,250,250,0
W-NN,W-NN:k=15,9,2.0,0.076,0.09877775006235968,0 1 2 4 8 3 5 6 7 9 10 11 12 13 14 15 16 17 18 19,0 1 2 4 8 3 5 6 9 12 7 11 16 10 17 21 23 64 13 14,phoneme,db1,usage,55,250,250,0
W-QDA,W-QDA:qda,5,0.5,0.088,0.08730356697430781,0 1 2 4 8 9 3 5 6 64 12 10 11 16 7 18 13 32 19 24,0 1 2 4 8 3 5 6 9 12 7 11 16 10 17 21 23 64 13 14,phoneme,db1,usage,55,250,250,0
W-CART,W-CART:cart,17,3.0,0.084,0.12297331005238214,0 1 2 3 4 5 6 7 8 9 10 11 12 13 14 15 16 17 18 19,0 1 2 4 8 3 5 6 9 12 7 11 16 10 17 21 23 64 13 14,phoneme,db1,usage,55,250,250,0
ALL,W-NN:k=15,9,2.0,0.076,0.09877775006235968,0 1 2 4 8 3 5 6 7 9 10 11 12 13 14 15 16 17 18 19,0 1 2 4 8 3 5 6 9 12 7 11 16 10 17 21 23 64 13 14,phoneme,db1,usage,55,250,250,0
W-NN,W-NN:k=1,42,,0.092,0.13918682963332502,0 1 2 4 3 8 6 9 5 11 10 12 64 7 16 18 32 14 20 13,0 1 2 4 3 8 6 9 5 11 10 12 64 7 16 18 32 14 20 13,phoneme,db1,energy,56,250,250,0
W-QDA,W-QDA:qda,9,,0.088,0.09453729109503617,0 1 2 4 3 8 6 9 5 11 10 12 64 7 16 18 32 14 20 13,0 1 2 4 3 8 6 9 5 11 10 12 64 7 16 18 32 14 20 13,phoneme,db1,energy,56,250,250,0
W-CART,W-CART:cart,5,,0.116,0.12970815664754304,0 1 2 4 3 8 6 9 5 11 10 12 64 7 16 18 32 14 20 13,0 1 2 4 3 8 6 9 5 11 10 12 64 7 16 18 32 14 20 13,phoneme,db1,energy,56,250,250,0
ALL,W-QDA:qda,9,,0.088,0.09453729109503617,0 1 2 4 3 8 6 9 5 11 10 12 64 7 16 18 32 14 20 13,0 1 2 4 3 8 6 9 5 11 10 12 64 7 16 18 32 14 20 13,phoneme,db1,energy,56,250,250,0
W-NN,W-NN:k=1,46,0.5,0.092,0.1404340234472437,0 1 2 4 8 9 3 5 10 6 64 11 12 7 16 18 32 23 24 13,0 1 2 4 3 8 6 5 11 12 10 64 7 9 17 13 16 19 20 66,phoneme,db1,usage,56,250,250,0
W-QDA,W-QDA:qda,10,1.0,0.076,0.10451484160638563,0 1 2 4 3 8 6 5 11 12 10 64 7 9 17 13 16 19 20 66,0 1 2 4 3 8 6 5 11 12 10 64 7 9 17 13 16 19 20 66,phoneme,db1,usage,56,250,250,0
W-CART,W-CART:cart,10,1.5,0.112,0.11349463706660015,0 1 2 4 8 3 6 5 10 7 9 11 12 13 14 15 16 17 18 19,0 1 2 4 3 8 6 5 11 12 10 64 7 9 17 13 16 19 20 66,phoneme,db1,usage,56,250,250,0
ALL,W-QDA:qda,10,1.0,0.076,0.10451484160638563,0 1 2 4 3 8 6 5 11 12 10 64 7 9 17 13 16 19 20 66,0 1 2 4 3 8 6 5 11 12 10 64 7 9 17 13 16 19 20 66,phoneme,db1,usage,56,250,250,0
W-NN,W-NN:k=7,12,,0.096,0.107009229234223,0 1 2 4 3 8 9 6 5 11 64 10 7 12 16 18 32 13 14 23,0 1 2 4 3 8 9 6 5 11 64 10 7 12 16 18 32 13 14 23,phoneme,db1,energy,57,250,250,0
W-QDA,W-QDA:qda,4,,0.064,0.08880019955101023,0 1 2 4 3 8 9 6 5 11 64 10 7 12 16 18 32 13 14 23,0 1 2 4 3 8 9 6 5 11 64 10 7 12 16 18 32 13 14 23,phoneme,db1,energy,57,250,250,0
W-CART,W-CART:cart,23,,0.112,0.13170366674981293,0 1 2 4 3 8 9 6 5 11 64 10 7 12 16 18 32 13 14 23,0 1 2 4 3 8 9 6 5 11 64 10 7 12 16 18 32 13 14 23,phoneme,db1,energy,57,250,250,0
ALL,W-QDA:qda,4,,0.064,0.08880019955101023,0 1 2 4 3 8 9 6 5 11 64 10 7 12 16 18 32 13 14 23,0 1 2 4 3 8 9 6 5 11 64 10 7 12 16 18 32 13 14 23,phoneme,db1,energy,57,250,250,0
W-NN,W-NN:k=3,6,0.5,0.096,0.11199800448989773,0 1 2 4 8 9 3 5 64 6 11 10 18 16 7 12 14 13 23 24,0 1 2 4 8 3 6 5 11 9 10 7 12 13 17 19 64 14 15 16,phoneme,db1,usage,57,250,250,0
W-QDA,W-QDA:qda,5,0.5,0.06,0.08830132202544276,0 1 2 4 8 9 3 5 64 6 11 10 18 16 7 12 14 13 23 24,0 1 2 4 8 3 6 5 11 9 10 7 12 13 17 19 64 14 15 16,phoneme,db1,usage,57,250,250,0
W-CART,W-CART:cart,5,0.5,0.108,0.12970815664754304,0 1 2 4 8 9 3 5 64 6 11 10 18 16 7 12 14 13 23 24,0 1 2 4 8 3 6 5 11 9 10 7 12 13 17 19 64 14 15 16,phoneme,db1,usage,57,250,250,0
ALL,W-QDA:qda,5,0.5,0.06,0.08830132202544276,0 1 2 4 8 9 3 5 64 6 11 10 18 16 7 12 14 13 23 24,0 1 2 4 8 3 6 5 11 9 10 7 12 13 17 19 64 14 15 16,phoneme,db1,usage,57,250,250,0
W-NN,W-NN:k=5,18,,0.068,0.11499126964330257,0 1 2 4 3 8 9 6 5 11 10 7 12 64 16 18 32 13 14 20,0 1 2 4 3 8 9 6 5 11 10 7 12 64 16 18 32 13 14 20,phoneme,db1,energy,58,250,250,0
W-QDA,W-QDA:qda,4,,0.076,0.08954851583936144,0 1 2 4 3 8 9 6 5 11 10 7 12 64 16 18 32 13 14 20,0 1 2 4 3 8 9 6 5 11 10 7 12 64 16 18 32 13 14 20,phoneme,db1,energy,58,250,250,0
W-CART,W-CART:cart,20,,0.1,0.13544524819156897,0 1 2 4 3 8 9 6 5 11 10 7 12 64 16 18 32 13 14 20,0 1 2 4 3 8 9 6 5 11 10 7 12 64 16 18 32 13 14 20,phoneme,db1,energy,58,250,250,0
ALL,W-NN:k=5,18,,0.068,0.11499126964330257,0 1 2 4 3 8 9 6 5 11 10 7 12 64 16 18 32 13 14 20,0 1 2 4 3 8 9 6 5 11 10 7 12 64 16 18 32 13 14 20,phoneme,db1,energy,58,250,250,0
W-NN,W-NN:k=3,37,1.5,0.064,0.1207283611873285,0 1 2 4 8 3 5 6 7 9 10 11 12 13 14 15 16 17 18 19,0 1 2 4 8 3 6 5 11 9 12 7 10 16 66 20 21 87 13 14,phoneme,db1,usage,58,250,250,0
W-QDA,W-QDA:qda,7,1.0,0.064,0.10451484160638563,0 1 2 4 8 3 6 5 11 9 12 7 10 16 66 20 21 87 13 14,0 1 2 4 8 3 6 5 11 9 12 7 10 16 66 20 21 87 13 14,phoneme,db1,usage,58,250,250,0
W-CART,W-CART:cart,63,1.0,0.092,0.12995759541032675,0 1 2 4 8 3 6 5 11 9 12 7 10 16 66 20 21 87 13 14,0 1 2 4 8 3 6 5 11 9 12 7 10 16 66 20 21 87 13 14,phoneme,db1,usage,58,250,250,0
ALL,W-QDA:qda,7,1.0,0.064,0.10451484160638563,0 1 2 4 8 3 6 5 11 9 12 7 10 16 66 20 21 87 13 14,0 1 2 4 8 3 6 5 11 9 12 7 10 16 66 20 21 87 13 14,phoneme,db1,usage,58,250,250,0
W-NN,W-NN:k=5,7,,0.056,0.102269892741332,0 1 2 4 8 3 9 6 5 11 12 10 7 64 16 18 32 14 13 23,0 1 2 4 8 3 9 6 5 11 12 10 7 64 16 18 32 14 13 23,phoneme,db1,energy,59,250,250,0
W-QDA,W-QDA:qda,4,,0.056,0.09553504614617112,0 1 2 4 8 3 9 6 5 11 12 10 7 64 16 18 32 14 13 23,0 1 2 4 8 3 9 6 5 11 12 10 7 64 16 18 32 14 13 23,phoneme,db1,energy,59,250,250,0
W-CART,W-CART:cart,28,,0.068,0.13394861561486654,0 1 2 4 8 3 9 6 5 11 12 10 7 64 16 18 32 14 13 23,0 1 2 4 8 3 9 6 5 11 12 10 7 64 16 18 32 14 13 23,phoneme,db1,energy,59,250,250,0
ALL,W-QDA:qda,4,,0.056,0.09553504614617112,0 1 2 4 8 3 9 6 5 11 12 10 7 64 16 18 32 14 13 23,0 1 2 4 8 3 9 6 5 11 12 10 7 64 16 18 32 14 13 23,phoneme,db1,energy,59,250,250,0
W-NN,W-NN:k=5,8,0.5,0.048,0.10351708655525069,0 1 2 4 8 9 5 3 6 64 12 10 11 7 16 18 32 13 33 65,0 1 2 4 8 3 6 5 11 9 12 10 16 17 65 7 13 15 19 21,phoneme,db1,usage,59,250,250,0
W-QDA,W-QDA:qda,4,0.5,0.056,0.09553504614617112,0 1 2 4 8 9 5 3 6 64 12 10 11 7 16 18 32 13 33 65,0 1 2 4 8 3 6 5 11 9 12 10 16 17 65 7 13 15 19 21,phoneme,db1,usage,59,250,250,0
W-CART,W-CART:cart,52,1.5,0.056,0.12372162634073335,0 1 2 4 8 3 5 6 10 7 9 11 12 13 14 15 16 17 18 19,0 1 2 4 8 3 6 5 11 9 12 10 16 17 65 7 13 15 19 21,phoneme,db1,usage,59,250,250,0
ALL,W-NN:k=5,8,0.5,0.048,0.10351708655525069,0 1 2 4 8 9 5 3 6 64 12 10 11 7 16 18 32 13 33 65,0 1 2 4 8 3 6 5 11 9 12 10 16 17 65 7 13 15 19 21,phoneme,db1,usage,59,250,250,0
W-NN,W-NN:k=7,59,,0.076,0.11374407582938388,0 1 2 4 3 8 9 6 5 12 11 7 64 10 16 18 32 13 20 14,0 1 2 4 3 8 9 6 5 12 11 7 64 10 16 18 32 13 20 14,phoneme,db1,energy,60,250,250,0
W-QDA,W-QDA:qda,11,,0.048,0.11075081067597904,0 1 2 4 3 8 9 6 5 12 11 7 64 10 16 18 32 13 20 14,0 1 2 4 3 8 9 6 5 12 11 7 64 10 16 18 32 13 20 14,phoneme,db1,energy,60,250,250,0
W-CART,W-CART:cart,37,,0.064,0.14417560488899975,0 1 2 4 3 8 9 6 5 12 11 7 64 10 16 18 32 13 20 14,0 1 2 4 3 8 9 6 5 12 11 7 64 10 16 18 32 13 20 14,phoneme,db1,energy,60,250,250,0
ALL,W-QDA:qda,11,,0.048,0.11075081067597904,0 1 2 4 3 8 9 6 5 12 11 7 64 10 16 18 32 13 20 14,0 1 2 4 3 8 9 6 5 12 11 7 64 10 16 18 32 13 20 14,phoneme,db1,energy,60,250,250,0
W-NN,W-NN:k=7,5,0.5,0.068,0.10401596408081816,0 1 2 8 4 9 3 5 6 64 11 10 12 16 18 7 13 32 14 19,0 1 2 4 8 3 5 6 9 12 11 16 7 10 64 13 19 21 32 150,phoneme,db1,usage,60,250,250,0
W-QDA,W-QDA:qda,11,1.0,0.048,0.11075081067597904,0 1 2 4 8 3 5 6 9 12 11 16 7 10 64 13 19 21 32 150,0 1 2 4 8 3 5 6 9 12 11 16 7 10 64 13 19 21 32 150,phoneme,db1,usage,60,250,250,0
W-CART,W-CART:cart,7,1.5,0.076,0.12122723871289598,0 1 2 4 8 3 6 5 9 12 7 10 11 13 14 15 16 17 18 19,0 1 2 4 8 3 5 6 9 12 11 16 7 10 64 13 19 21 32 150,phoneme,db1,usage,60,250,250,0
ALL,W-QDA:qda,11,1.0,0.048,0.11075081067597904,0 1 2 4 8 3 5 6 9 12 11 16 7 10 64 13 19 21 32 150,0 1 2 4 8 3 5 6 9 12 11 16 7 10 64 13 19 21 32 150,phoneme,db1,usage,60,250,250,0
W-NN,W-NN:k=3,6,,0.084,0.10626091294587178,0 1 2 4 3 8 9 6 5 11 10 12 7 64 16 18 32 13 20 23,0 1 2 4 3 8 9 6 5 11 10 12 7 64 16 18 32 13 20 23,phoneme,db1,energy,61,250,250,0
W-QDA,W-QDA:qda,6,,0.076,0.09079570965328013,0 1 2 4 3 8 9 6 5 11 10 12 7 64 16 18 32 13 20 23,0 1 2 4 3 8 9 6 5 11 10 12 7 64 16 18 32 13 20 23,phoneme,db1,energy,61,250,250,0
W-CART,W-CART:cart,11,,0.104,0.1267148914941382,0 1 2 4 3 8 9 6 5 11 10 12 7 64 16 18 32 13 20 23,0 1 2 4 3 8 9 6 5 11 10 12 7 64 16 18 32 13 20 23,phoneme,db1,energy,61,250,250,0
ALL,W-QDA:qda,6,,0.076,0.09079570965328013,0 1 2 4 3 8 9 6 5 11 10 12 7 64 16 18 32 13 20 23,0 1 2 4 3 8 9 6 5 11 10 12 7 64 16 18 32 13 20 23,phoneme,db1,energy,61,250,250,0
W-NN,W-NN:k=3,6,1.0,0.084,0.10626091294587178,0 1 2 4 8 3 6 5 9 11 12 7 16 10 64 19 21 65 225 13,0 1 2 4 8 3 6 5 9 11 12 7 16 10 64 19 21 65 225 13,phoneme,db1,usage,61,250,250,0
W-QDA,W-QDA:qda,5,0.5,0.076,0.08880019955101023,0 1 2 4 8 9 3 5 6 10 11 64 16 18 12 7 13 32 19 65,0 1 2 4 8 3 6 5 9 11 12 7 16 10 64 19 21 65 225 13,phoneme,db1,usage,61,250,250,0
W-CART,W-CART:cart,8,1.0,0.104,0.11798453479670741,0 1 2 4 8 3 6 5 9 11 12 7 16 10 64 19 21 65 225 13,0 1 2 4 8 3 6 5 9 11 12 7 16 10 64 19 21 65 225 13,phoneme,db1,usage,61,250,250,0
ALL,W-QDA:qda,5,0.5,0.076,0.08880019955101023,0 1 2 4 8 9 3 5 6 10 11 64 16 18 12 7 13 32 19 65,0 1 2 4 8 3 6 5 9 11 12 7 16 10 64 19 21 65 225 13,phoneme,db1,usage,61,250,250,0
W-NN,W-NN:k=7,12,,0.068,0.1124968820154652,0 1 2 4 8 3 6 9 5 12 11 7 64 10 16 18 32 24 13 65,0 1 2 4 8 3 6 9 5 12 11 7 64 10 16 18 32 24 13 65,phoneme,db1,energy,62,250,250,0
W-QDA,W-QDA:qda,7,,0.08,0.09703167872287354,0 1 2 4 8 3 6 9 5 12 11 7 64 10 16 18 32 24 13 65,0 1 2 4 8 3 6 9 5 12 11 7 64 10 16 18 32 24 13 65,phoneme,db1,energy,62,250,250,0
W-CART,W-CART:cart,8,,0.128,0.12920927912197555,0 1 2 4 8 3 6 9 5 12 11 7 64 10 16 18 32 24 13 65,0 1 2 4 8 3 6 9 5 12 11 7 64 10 16 18 32 24 13 65,phoneme,db1,energy,62,250,250,0
ALL,W-NN:k=7,12,,0.068,0.1124968820154652,0 1 2 4 8 3 6 9 5 12 11 7 64 10 16 18 32 24 13 65,0 1 2 4 8 3 6 9 5 12 11 7 64 10 16 18 32 24 13 65,phoneme,db1,energy,62,250,250,0
W-NN,W-NN:k=7,13,1.0,0.068,0.10950361686206037,0 1 2 4 8 3 6 5 11 9 12 16 7 17 10 13 19 21 33 64,0 1 2 4 8 3 6 5 11 9 12 16 7 17 10 13 19 21 33 64,phoneme,db1,usage,62,250,250,0
W-QDA,W-QDA:qda,7,1.0,0.08,0.09703167872287354,0 1 2 4 8 3 6 5 11 9 12 16 7 17 10 13 19 21 33 64,0 1 2 4 8 3 6 5 11 9 12 16 7 17 10 13 19 21 33 64,phoneme,db1,usage,62,250,250,0
W-CART,W-CART:cart,43,3.0,0.112,0.11424295335495135,0 1 2 3 4 5 6 7 8 9 10 11 12 13 14 15 16 17 18 19,0 1 2 4 8 3 6 5 11 9 12 16 7 17 10 13 19 21 33 64,phoneme,db1,usage,62,250,250,0
ALL,W-NN:k=7,13,1.0,0.068,0.10950361686206037,0 1 2 4 8 3 6 5 11 9 12 16 7 17 10 13 19 21 33 64,0 1 2 4 8 3 6 5 11 9 12 16 7 17 10 13 19 21 33 64,phoneme,db1,usage,62,250,250,0
W-NN,W-NN:k=7,63,,0.108,0.11199800448989773,0 1 2 4 8 3 9 6 5 11 12 10 16 64 7 18 32 13 15 65,0 1 2 4 8 3 9 6 5 11 12 10 16 64 7 18 32 13 15 65,phoneme,db1,energy,63,250,250,0
W-QDA,W-QDA:qda,5,,0.104,0.1002743826390621,0 1 2 4 8 3 9 6 5 11 12 10 16 64 7 18 32 13 15 65,0 1 2 4 8 3 9 6 5 11 12 10 16 64 7 18 32 13 15 65,phoneme,db1,energy,63,250,250,0
W-CART,W-CART:cart,60,,0.112,0.1554003492142679,0 1 2 4 8 3 9 6 5 11 12 10 16 64 7 18 32 13 15 65,0 1 2 4 8 3 9 6 5 11 12 10 16 64 7 18 32 13 15 65,phoneme,db1,energy,63,250,250,0
ALL,W-QDA:qda,5,,0.104,0.1002743826390621,0 1 2 4 8 3 9 6 5 11 12 10 16 64 7 18 32 13 15 65,0 1 2 4 8 3 9 6 5 11 12 10 16 64 7 18 32 13 15 65,phoneme,db1,energy,63,250,250,0
W-NN,W-NN:k=3,6,2.0,0.1,0.11050137191319531,0 1 2 4 8 6 3 5 7 9 10 11 12 13 14 15 16 17 18 19,0 1 2 4 8 3 6 12 9 11 5 10 16 7 64 17 18 19 20 21,phoneme,db1,usage,63,250,250,0
W-QDA,W-QDA:qda,6,0.5,0.1,0.10127213769019705,0 1 2 4 8 9 3 5 6 10 64 12 11 18 7 16 32 13 15 17,0 1 2 4 8 3 6 12 9 11 5 10 16 7 64 17 18 19 20 21,phoneme,db1,usage,63,250,250,0
W-CART,W-CART:cart,14,3.0,0.12,0.14617111499126964,0 1 2 3 4 5 6 7 8 9 10 11 12 13 14 15 16 17 18 19,0 1 2 4 8 3 6 12 9 11 5 10 16 7 64 17 18 19 20 21,phoneme,db1,usage,63,250,250,0
ALL,W-QDA:qda,6,0.5,0.1,0.10127213769019705,0 1 2 4 8 9 3 5 6 10 64 12 11 18 7 16 32 13 15 17,0 1 2 4 8 3 6 12 9 11 5 10 16 7 64 17 18 19 20 21,phoneme,db1,usage,63,250,250,0
W-NN,W-NN:k=9,19,,0.072,0.10800698428535795,0 1 2 4 8 3 9 6 5 11 12 10 7 16 64 18 32 13 23 20,0 1 2 4 8 3 9 6 5 11 12 10 7 16 64 18 32 13 23 20,phoneme,db1,energy,64,250,250,0
W-QDA,W-QDA:qda,5,,0.06,0.08630581192317287,0 1 2 4 8 3 9 6 5 11 12 10 7 16 64 18 32 13 23 20,0 1 2 4 8 3 9 6 5 11 12 10 7 16 64 18 32 13 23 20,phoneme,db1,energy,64,250,250,0
W-CART,W-CART:cart,58,,0.116,0.14018458468445996,0 1 2 4 8 3 9 6 5 11 12 10 7 16 64 18 32 13 23 20,0 1 2 4 8 3 9 6 5 11 12 10 7 16 64 18 32 13 23 20,phoneme,db1,energy,64,250,250,0
ALL,W-QDA:qda,5,,0.06,0.08630581192317287,0 1 2 4 8 3 9 6 5 11 12 10 7 16 64 18 32 13 23 20,0 1 2 4 8 3 9 6 5 11 12 10 7 16 64 18 32 13 23 20,phoneme,db1,energy,64,250,250,0
W-NN,W-NN:k=9,11,2.0,0.068,0.10401596408081816,0 1 2 4 8 3 5 6 7 9 10 11 12 13 14 15 16 17 18 19,0 1 2 4 8 3 6 5 9 11 12 7 10 16 20 17 19 21 24 32,phoneme,db1,usage,64,250,250,0
W-QDA,W-QDA:qda,6,0.5,0.056,0.08530805687203792,0 1 2 4 8 9 3 5 6 11 10 64 12 16 7 18 13 32 17 23,0 1 2 4 8 3 6 5 9 11 12 7 10 16 20 17 19 21 24 32,phoneme,db1,usage,64,250,250,0
W-CART,W-CART:cart,55,3.0,0.124,0.13744075829383887,0 1 2 3 4 5 6 7 8 9 10 11 12 13 14 15 16 17 18 19,0 1 2 4 8 3 6 5 9 11 12 7 10 16 20 17 19 21 24 32,phoneme,db1,usage,64,250,250,0
ALL,W-QDA:qda,6,0.5,0.056,0.08530805687203792,0 1 2 4 8 9 3 5 6 11 10 64 12 16 7 18 13 32 17 23,0 1 2 4 8 3 6 5 9 11 12 7 10 16 20 17 19 21 24 32,phoneme,db1,usage,64,250,250,0
W-NN,W-NN:k=15,6,,0.084,0.107009229234223,0 1 2 4 3 8 9 6 5 7 11 64 10 16 12 18 32 14 20 65,0 1 2 4 3 8 9 6 5 7 11 64 10 16 12 18 32 14 20 65,phoneme,db1,energy,65,250,250,0
W-QDA,W-QDA:qda,4,,0.092,0.09029683212771265,0 1 2 4 3 8 9 6 5 7 11 64 10 16 12 18 32 14 20 65,0 1 2 4 3 8 9 6 5 7 11 64 10 16 12 18 32 14 20 65,phoneme,db1,energy,65,250,250,0
W-CART,W-CART:cart,46,,0.108,0.12446994262908456,0 1 2 4 3 8 9 6 5 7 11 64 10 16 12 18 32 14 20 65,0 1 2 4 3 8 9 6 5 7 11 64 10 16 12 18 32 14 20 65,phoneme,db1,energy,65,250,250,0
ALL,W-NN:k=15,6,,0.084,0.107009229234223,0 1 2 4 3 8 9 6 5 7 11 64 10 16 12 18 32 14 20 65,0 1 2 4 3 8 9 6 5 7 11 64 10 16 12 18 32 14 20 65,phoneme,db1,energy,65,250,250,0
W-NN,W-NN:k=15,10,0.5,0.08,0.10326764779246694,0 1 2 4 8 9 3 5 6 64 10 16 7 18 11 12 32 14 20 13,0 1 2 4 8 3 6 9 5 11 7 16 10 12 19 21 17 64 65 13,phoneme,db1,usage,65,250,250,0
W-QDA,W-QDA:qda,5,0.5,0.088,0.08730356697430781,0 1 2 4 8 9 3 5 6 64 10 16 7 18 11 12 32 14 20 13,0 1 2 4 8 3 6 9 5 11 7 16 10 12 19 21 17 64 65 13,phoneme,db1,usage,65,250,250,0
W-CART,W-CART:cart,41,1.0,0.12,0.1314542279870292,0 1 2 4 8 3 6 9 5 11 7 16 10 12 19 21 17 64 65 13,0 1 2 4 8 3 6 9 5 11 7 16 10 12 19 21 17 64 65 13,phoneme,db1,usage,65,250,250,0
ALL,W-NN:k=15,10,0.5,0.08,0.10326764779246694,0 1 2 4 8 9 3 5 6 64 10 16 7 18 11 12 32 14 20 13,0 1 2 4 8 3 6 9 5 11 7 16 10 12 19 21 17 64 65 13,phoneme,db1,usage,65,250,250,0
W-NN,W-NN:k=15,7,,0.06,0.10451484160638563,0 1 2 4 3 8 9 6 5 11 10 12 16 64 7 18 32 13 15 14,0 1 2 4 3 8 9 6 5 11 10 12 16 64 7 18 32 13 15 14,phoneme,db1,energy,66,250,250,0
W-QDA,W-QDA:qda,8,,0.06,0.08730356697430781,0 1 2 4 3 8 9 6 5 11 10 12 16 64 7 18 32 13 15 14,0 1 2 4 3 8 9 6 5 11 10 12 16 64 7 18 32 13 15 14,phoneme,db1,energy,66,250,250,0
W-CART,W-CART:cart,14,,0.06,0.11773509603392367,0 1 2 4 3 8 9 6 5 11 10 12 16 64 7 18 32 13 15 14,0 1 2 4 3 8 9 6 5 11 10 12 16 64 7 18 32 13 15 14,phoneme,db1,energy,66,250,250,0
ALL,W-NN:k=15,7,,0.06,0.10451484160638563,0 1 2 4 3 8 9 6 5 11 10 12 16 64 7 18 32 13 15 14,0 1 2 4 3 8 9 6 5 11 10 12 16 64 7 18 32 13 15 14,phoneme,db1,energy,66,250,250,0
W-NN,W-NN:k=15,7,0.5,0.06,0.10451484160638563,0 1 2 4 8 9 3 5 10 6 11 64 12 16 18 7 32 23 13 14,0 1 2 4 8 3 6 5 11 9 10 12 16 7 17 64 15 19 42 65,phoneme,db1,usage,66,250,250,0
W-QDA,W-QDA:qda,10,2.0,0.052,0.09054627089049638,0 1 2 4 8 5 3 6 7 9 10 11 12 13 14 15 16 17 18 19,0 1 2 4 8 3 6 5 11 9 10 12 16 7 17 64 15 19 42 65,phoneme,db1,usage,66,250,250,0
W-CART,W-CART:cart,12,1.5,0.052,0.11199800448989773,0 1 2 4 8 3 5 6 10 12 7 9 11 13 14 15 16 17 18 19,0 1 2 4 8 3 6 5 11 9 10 12 16 7 17 64 15 19 42 65,phoneme,db1,usage,66,250,250,0
ALL,W-QDA:qda,10,2.0,0.052,0.09054627089049638,0 1 2 4 8 5 3 6 7 9 10 11 12 13 14 15 16 17 18 19,0 1 2 4 8 3 6 5 11 9 10 12 16 7 17 64 15 19 42 65,phoneme,db1,usage,66,250,250,0
W-NN,W-NN:k=9,20,,0.088,0.10127213769019705,0 1 2 4 3 8 9 6 5 12 11 10 7 64 16 18 32 14 13 20,0 1 2 4 3 8 9 6 5 12 11 10 7 64 16 18 32 14 13 20,phoneme,db1,energy,67,250,250,0
W-QDA,W-QDA:qda,4,,0.092,0.08680468944874034,0 1 2 4 3 8 9 6 5 12 11 10 7 64 16 18 32 14 13 20,0 1 2 4 3 8 9 6 5 12 11 10 7 64 16 18 32 14 13 20,phoneme,db1,energy,67,250,250,0
W-CART,W-CART:cart,13,,0.112,0.14691943127962084,0 1 2 4 3 8 9 6 5 12 11 10 7 64 16 18 32 14 13 20,0 1 2 4 3 8 9 6 5 12 11 10 7 64 16 18 32 14 13 20,phoneme,db1,energy,67,250,250,0
ALL,W-NN:k=9,20,,0.088,0.10127213769019705,0 1 2 4 3 8 9 6 5 12 11 10 7 64 16 18 32 14 13 20,0 1 2 4 3 8 9 6 5 12 11 10 7 64 16 18 32 14 13 20,phoneme,db1,energy,67,250,250,0
W-NN,W-NN:k=9,22,1.5,0.084,0.10127213769019705,0 1 2 4 8 3 6 5 7 11 9 10 12 13 14 15 16 17 18 19,0 1 2 4 8 3 6 5 12 11 9 10 7 16 17 18 19 65 13 14,phoneme,db1,usage,67,250,250,0
W-QDA,W-QDA:qda,6,0.5,0.088,0.09029683212771265,0 1 2 4 8 9 3 6 5 64 10 12 11 18 7 16 14 32 65 13,0 1 2 4 8 3 6 5 12 11 9 10 7 16 17 18 19 65 13 14,phoneme,db1,usage,67,250,250,0
W-CART,W-CART:cart,10,2.0,0.1,0.13943626839610876,0 1 2 4 8 3 5 6 7 9 10 11 12 13 14 15 16 17 18 19,0 1 2 4 8 3 6 5 12 11 9 10 7 16 17 18 19 65 13 14,phoneme,db1,usage,67,250,250,0
ALL,W-NN:k=9,22,1.5,0.084,0.10127213769019705,0 1 2 4 8 3 6 5 7 11 9 10 12 13 14 15 16 17 18 19,0 1 2 4 8 3 6 5 12 11 9 10 7 16 17 18 19 65 13 14,phoneme,db1,usage,67,250,250,0
W-NN,W-NN:k=7,12,,0.092,0.10276877026689947,0 1 2 4 3 8 9 6 5 12 11 10 64 7 16 18 32 13 24 14,0 1 2 4 3 8 9 6 5 12 11 10 64 7 16 18 32 13 24 14,phoneme,db1,energy,68,250,250,0
W-QDA,W-QDA:qda,6,,0.068,0.08431030182090297,0 1 2 4 3 8 9 6 5 12 11 10 64 7 16 18 32 13 24 14,0 1 2 4 3 8 9 6 5 12 11 10 64 7 16 18 32 13 24 14,phoneme,db1,energy,68,250,250,0
W-CART,W-CART:cart,43,,0.092,0.1262160139685707,0 1 2 4 3 8 9 6 5 12 11 10 64 7 16 18 32 13 24 14,0 1 2 4 3 8 9 6 5 12 11 10 64 7 16 18 32 13 24 14,phoneme,db1,energy,68,250,250,0
ALL,W-QDA:qda,6,,0.068,0.08431030182090297,0 1 2 4 3 8 9 6 5 12 11 10 64 7 16 18 32 13 24 14,0 1 2 4 3 8 9 6 5 12 11 10 64 7 16 18 32 13 24 14,phoneme,db1,energy,68,250,250,0
W-NN,W-NN:k=7,14,0.5,0.088,0.10127213769019705,0 1 2 4 8 9 3 5 6 64 10 12 11 18 7 16 13 24 19 32,0 1 2 4 8 3 6 5 11 12 9 16 10 13 19 33 64 65 66 131,phoneme,db1,usage,68,250,250,0
W-QDA,W-QDA:qda,6,1.0,0.068,0.08431030182090297,0 1 2 4 8 3 6 5 11 12 9 16 10 13 19 33 64 65 66 131,0 1 2 4 8 3 6 5 11 12 9 16 10 13 19 33 64 65 66 131,phoneme,db1,usage,68,250,250,0
W-CART,W-CART:cart,40,2.0,0.092,0.12122723871289598,0 1 2 4 8 3 5 6 7 9 10 11 12 13 14 15 16 17 18 19,0 1 2 4 8 3 6 5 11 12 9 16 10 13 19 33 64 65 66 131,phoneme,db1,usage,68,250,250,0
ALL,W-QDA:qda,6,1.0,0.068,0.08431030182090297,0 1 2 4 8 3 6 5 11 12 9 16 10 13 19 33 64 65 66 131,0 1 2 4 8 3 6 5 11 12 9 16 10 13 19 33 64 65 66 131,phoneme,db1,usage,68,250,250,0
W-NN,W-NN:k=15,26,,0.1,0.0995260663507109,0 1 2 4 3 8 9 6 5 11 10 64 12 7 16 18 32 13 14 23,0 1 2 4 3 8 9 6 5 11 10 64 12 7 16 18 32 13 14 23,phoneme,db1,energy,69,250,250,0
W-QDA,W-QDA:qda,10,,0.072,0.10376652531803442,0 1 2 4 3 8 9 6 5 11 10 64 12 7 16 18 32 13 14 23,0 1 2 4 3 8 9 6 5 11 10 64 12 7 16 18 32 13 14 23,phoneme,db1,energy,69,250,250,0
W-CART,W-CART:cart,11,,0.108,0.11623846345722125,0 1 2 4 3 8 9 6 5 11 10 64 12 7 16 18 32 13 14 23,0 1 2 4 3 8 9 6 5 11 10 64 12 7 16 18 32 13 14 23,phoneme,db1,energy,69,250,250,0
ALL,W-QDA:qda,10,,0.072,0.10376652531803442,0 1 2 4 3 8 9 6 5 11 10 64 12 7 16 18 32 13 14 23,0 1 2 4 3 8 9 6 5 11 10 64 12 7 16 18 32 13 14 23,phoneme,db1,energy,69,250,250,0
W-NN,W-NN:k=5,5,0.5,0.092,0.10276877026689947,0 1 2 4 8 9 3 5 6 64 10 11 12 7 18 16 13 32 14 19,0 1 2 4 8 3 5 6 9 11 7 12 16 10 64 19 13 66 87 14,phoneme,db1,usage,69,250,250,0
W-QDA,W-QDA:qda,5,0.5,0.068,0.08081815914193066,0 1 2 4 8 9 3 5 6 64 10 11 12 7 18 16 13 32 14 19,0 1 2 4 8 3 5 6 9 11 7 12 16 10 64 19 13 66 87 14,phoneme,db1,usage,69,250,250,0
W-CART,W-CART:cart,59,1.0,0.108,0.12471938139186829,0 1 2 4 8 3 5 6 9 11 7 12 16 10 64 19 13 66 87 14,0 1 2 4 8 3 5 6 9 11 7 12 16 10 64 19 13 66 87 14,phoneme,db1,usage,69,250,250,0
ALL,W-QDA:qda,5,0.5,0.068,0.08081815914193066,0 1 2 4 8 9 3 5 6 64 10 11 12 7 18 16 13 32 14 19,0 1 2 4 8 3 5 6 9 11 7 12 16 10 64 19 13 66 87 14,phoneme,db1,usage,69,250,250,0
W-NN,W-NN:k=3,19,,0.096,0.1309553504614617,0 1 2 4 3 8 9 6 5 12 11 10 64 16 7 18 32 13 24 14,0 1 2 4 3 8 9 6 5 12 11 10 64 16 7 18 32 13 24 14,phoneme,db1,energy,70,250,250,0
W-QDA,W-QDA:qda,15,,0.084,0.13070591169867798,0 1 2 4 3 8 9 6 5 12 11 10 64 16 7 18 32 13 24 14,0 1 2 4 3 8 9 6 5 12 11 10 64 16 7 18 32 13 24 14,phoneme,db1,energy,70,250,250,0
W-CART,W-CART:cart,26,,0.12,0.1554003492142679,0 1 2 4 3 8 9 6 5 12 11 10 64 16 7 18 32 13 24 14,0 1 2 4 3 8 9 6 5 12 11 10 64 16 7 18 32 13 24 14,phoneme,db1,energy,70,250,250,0
ALL,W-QDA:qda,15,,0.084,0.13070591169867798,0 1 2 4 3 8 9 6 5 12 11 10 64 16 7 18 32 13 24 14,0 1 2 4 3 8 9 6 5 12 11 10 64 16 7 18 32 13 24 14,phoneme,db1,energy,70,250,250,0
W-NN,W-NN:k=3,10,2.0,0.096,0.12422050386630082,0 1 2 4 8 3 5 6 7 9 10 11 12 13 14 15 16 17 18 19,0 1 2 4 8 3 5 6 12 9 10 11 7 16 65 15 17 66 13 14,phoneme,db1,usage,70,250,250,0
W-QDA,W-QDA:qda,12,0.5,0.088,0.10725866799700673,0 1 2 8 4 9 3 5 6 64 10 11 16 18 12 7 32 24 19 13,0 1 2 4 8 3 5 6 12 9 10 11 7 16 65 15 17 66 13 14,phoneme,db1,usage,70,250,250,0
W-CART,W-CART:cart,26,0.5,0.116,0.1431778498378648,0 1 2 8 4 9 3 5 6 64 10 11 16 18 12 7 32 24 19 13,0 1 2 4 8 3 5 6 12 9 10 11 7 16 65 15 17 66 13 14,phoneme,db1,usage,70,250,250,0
ALL,W-QDA:qda,12,0.5,0.088,0.10725866799700673,0 1 2 8 4 9 3 5 6 64 10 11 16 18 12 7 32 24 19 13,0 1 2 4 8 3 5 6 12 9 10 11 7 16 65 15 17 66 13 14,phoneme,db1,usage,70,250,250,0
W-NN,W-NN:k=9,23,,0.072,0.11050137191319531,0 1 2 4 8 3 6 9 5 12 11 64 10 7 16 18 32 65 24 13,0 1 2 4 8 3 6 9 5 12 11 64 10 7 16 18 32 65 24 13,phoneme,db1,energy,71,250,250,0
W-QDA,W-QDA:qda,4,,0.072,0.09728111748565726,0 1 2 4 8 3 6 9 5 12 11 64 10 7 16 18 32 65 24 13,0 1 2 4 8 3 6 9 5 12 11 64 10 7 16 18 32 65 24 13,phoneme,db1,energy,71,250,250,0
W-CART,W-CART:cart,15,,0.12,0.14691943127962084,0 1 2 4 8 3 6 9 5 12 11 64 10 7 16 18 32 65 24 13,0 1 2 4 8 3 6 9 5 12 11 64 10 7 16 18 32 65 24 13,phoneme,db1,energy,71,250,250,0
ALL,W-QDA:qda,4,,0.072,0.09728111748565726,0 1 2 4 8 3 6 9 5 12 11 64 10 7 16 18 32 65 24 13,0 1 2 4 8 3 6 9 5 12 11 64 10 7 16 18 32 65 24 13,phoneme,db1,energy,71,250,250,0
W-NN,W-NN:k=9,24,1.5,0.068,0.11075081067597904,0 1 2 4 8 3 6 5 9 10 12 7 11 13 14 15 16 17 18 19,0 1 2 4 8 6 3 5 9 11 12 7 10 16 20 66 14 17 21 64,phoneme,db1,usage,71,250,250,0
W-QDA,W-QDA:qda,4,0.5,0.072,0.09728111748565726,0 1 2 4 8 9 3 5 64 6 11 12 18 10 7 16 32 33 13 15,0 1 2 4 8 6 3 5 9 11 12 7 10 16 20 66 14 17 21 64,phoneme,db1,usage,71,250,250,0
W-CART,W-CART:cart,10,1.0,0.108,0.14492392117735095,0 1 2 4 8 6 3 5 9 11 12 7 10 16 20 66 14 17 21 64,0 1 2 4 8 6 3 5 9 11 12 7 10 16 20 66 14 17 21 64,phoneme,db1,usage,71,250,250,0
ALL,W-NN:k=9,24,1.5,0.068,0.11075081067597904,0 1 2 4 8 3 6 5 9 10 12 7 11 13 14 15 16 17 18 19,0 1 2 4 8 6 3 5 9 11 12 7 10 16 20 66 14 17 21 64,phoneme,db1,usage,71,250,250,0
W-NN,W-NN:k=7,18,,0.1,0.11648790222000499,0 1 2 4 3 8 6 9 5 11 10 12 16 64 7 18 13 32 20 14,0 1 2 4 3 8 6 9 5 11 10 12 16 64 7 18 13 32 20 14,phoneme,db1,energy,72,250,250,0
W-QDA,W-QDA:qda,9,,0.088,0.09802943377400848,0 1 2 4 3 8 6 9 5 11 10 12 16 64 7 18 13 32 20 14,0 1 2 4 3 8 6 9 5 11 10 12 16 64 7 18 13 32 20 14,phoneme,db1,energy,72,250,250,0
W-CART,W-CART:cart,47,,0.108,0.13320029932651534,0 1 2 4 3 8 6 9 5 11 10 12 16 64 7 18 13 32 20 14,0 1 2 4 3 8 6 9 5 11 10 12 16 64 7 18 13 32 20 14,phoneme,db1,energy,72,250,250,0
ALL,W-QDA:qda,9,,0.088,0.09802943377400848,0 1 2 4 3 8 6 9 5 11 10 12 16 64 7 18 13 32 20 14,0 1 2 4 3 8 6 9 5 11 10 12 16 64 7 18 13 32 20 14,phoneme,db1,energy,72,250,250,0
W-NN,W-NN:k=5,24,0.5,0.092,0.11499126964330257,0 2 1 4 8 9 3 5 6 11 64 10 16 18 12 7 13 32 65 17,0 1 2 4 8 3 6 5 10 12 9 11 16 7 13 17 19 32 15 18,phoneme,db1,usage,72,250,250,0
W-QDA,W-QDA:qda,5,0.5,0.08,0.08830132202544276,0 2 1 4 8 9 3 5 6 11 64 10 16 18 12 7 13 32 65 17,0 1 2 4 8 3 6 5 10 12 9 11 16 7 13 17 19 32 15 18,phoneme,db1,usage,72,250,250,0
W-CART,W-CART:cart,47,2.0,0.092,0.12721376901970566,0 1 2 4 8 3 5 6 7 9 10 11 12 13 14 15 16 17 18 19,0 1 2 4 8 3 6 5 10 12 9 11 16 7 13 17 19 32 15 18,phoneme,db1,usage,72,250,250,0
ALL,W-QDA:qda,5,0.5,0.08,0.08830132202544276,0 2 1 4 8 9 3 5 6 11 64 10 16 18 12 7 13 32 65 17,0 1 2 4 8 3 6 5 10 12 9 11 16 7 13 17 19 32 15 18,phoneme,db1,usage,72,250,250,0
W-NN,W-NN:k=3,29,,0.052,0.11798453479670741,0 1 2 4 8 3 6 9 5 11 12 10 64 7 16 18 13 32 14 24,0 1 2 4 8 3 6 9 5 11 12 10 64 7 16 18 13 32 14 24,phoneme,db1,energy,73,250,250,0
W-QDA,W-QDA:qda,7,,0.08,0.09353953604390122,0 1 2 4 8 3 6 9 5 11 12 10 64 7 16 18 13 32 14 24,0 1 2 4 8 3 6 9 5 11 12 10 64 7 16 18 13 32 14 24,phoneme,db1,energy,73,250,250,0
W-CART,W-CART:cart,5,,0.084,0.11873285108505861,0 1 2 4 8 3 6 9 5 11 12 10 64 7 16 18 13 32 14 24,0 1 2 4 8 3 6 9 5 11 12 10 64 7 16 18 13 32 14 24,phoneme,db1,energy,73,250,250,0
ALL,W-NN:k=3,29,,0.052,0.11798453479670741,0 1 2 4 8 3 6 9 5 11 12 10 64 7 16 18 13 32 14 24,0 1 2 4 8 3 6 9 5 11 12 10 64 7 16 18 13 32 14 24,phoneme,db1,energy,73,250,250,0
W-NN,W-NN:k=3,34,0.5,0.056,0.11848341232227488,0 1 2 4 8 9 3 6 5 64 10 11 12 18 7 16 13 14 32 19,0 1 2 4 8 3 6 5 12 11 7 9 10 17 16 33 21 24 34 64,phoneme,db1,usage,73,250,250,0
W-QDA,W-QDA:qda,8,1.0,0.076,0.09279121975555,0 1 2 4 8 3 6 5 12 11 7 9 10 17 16 33 21 24 34 64,0 1 2 4 8 3 6 5 12 11 7 9 10 17 16 33 21 24 34 64,phoneme,db1,usage,73,250,250,0
W-CART,W-CART:cart,5,0.5,0.084,0.11873285108505861,0 1 2 4 8 9 3 6 5 64 10 11 12 18 7 16 13 14 32 19,0 1 2 4 8 3 6 5 12 11 7 9 10 17 16 33 21 24 34 64,phoneme,db1,usage,73,250,250,0
ALL,W-NN:k=3,34,0.5,0.056,0.11848341232227488,0 1 2 4 8 9 3 6 5 64 10 11 12 18 7 16 13 14 32 19,0 1 2 4 8 3 6 5 12 11 7 9 10 17 16 33 21 24 34 64,phoneme,db1,usage,73,250,250,0
W-NN,W-NN:k=5,6,,0.112,0.11199800448989773,0 1 2 4 3 8 6 9 5 10 11 12 64 7 16 18 32 13 14 23,0 1 2 4 3 8 6 9 5 10 11 12 64 7 16 18 32 13 14 23,phoneme,db1,energy,74,250,250,0
W-QDA,W-QDA:qda,8,,0.092,0.09304065851833375,0 1 2 4 3 8 6 9 5 10 11 12 64 7 16 18 32 13 14 23,0 1 2 4 3 8 6 9 5 10 11 12 64 7 16 18 32 13 14 23,phoneme,db1,energy,74,250,250,0
W-CART,W-CART:cart,56,,0.112,0.1309553504614617,0 1 2 4 3 8 6 9 5 10 11 12 64 7 16 18 32 13 14 23,0 1 2 4 3 8 6 9 5 10 11 12 64 7 16 18 32 13 14 23,phoneme,db1,energy,74,250,250,0
ALL,W-QDA:qda,8,,0.092,0.09304065851833375,0 1 2 4 3 8 6 9 5 10 11 12 64 7 16 18 32 13 14 23,0 1 2 4 3 8 6 9 5 10 11 12 64 7 16 18 32 13 14 23,phoneme,db1,energy,74,250,250,0
W-NN,W-NN:k=5,6,1.0,0.112,0.11199800448989773,0 1 2 4 3 8 6 5 12 7 16 9 10 11 17 19 23 66 13 14,0 1 2 4 3 8 6 5 12 7 16 9 10 11 17 19 23 66 13 14,phoneme,db1,usage,74,250,250,0
W-QDA,W-QDA:qda,9,0.5,0.096,0.09753055624844101,0 1 2 8 4 9 3 5 6 64 10 11 12 16 7 18 14 23 13 65,0 1 2 4 3 8 6 5 12 7 16 9 10 11 17 19 23 66 13 14,phoneme,db1,usage,74,250,250,0
W-CART,W-CART:cart,63,1.0,0.112,0.1227238712895984,0 1 2 4 3 8 6 5 12 7 16 9 10 11 17 19 23 66 13 14,0 1 2 4 3 8 6 5 12 7 16 9 10 11 17 19 23 66 13 14,phoneme,db1,usage,74,250,250,0
ALL,W-QDA:qda,9,0.5,0.096,0.09753055624844101,0 1 2 8 4 9 3 5 6 64 10 11 12 16 7 18 14 23 13 65,0 1 2 4 3 8 6 5 12 7 16 9 10 11 17 19 23 66 13 14,phoneme,db1,usage,74,250,250,0
W-NN,W-NN:k=5,41,,0.072,0.1152407084060863,0 1 2 4 8 3 9 5 6 11 12 10 64 16 7 18 32 13 65 24,0 1 2 4 8 3 9 5 6 11 12 10 64 16 7 18 32 13 65 24,phoneme,db1,energy,75,250,250,0
W-QDA,W-QDA:qda,5,,0.08,0.08730356697430781,0 1 2 4 8 3 9 5 6 11 12 10 64 16 7 18 32 13 65 24,0 1 2 4 8 3 9 5 6 11 12 10 64 16 7 18 32 13 65 24,phoneme,db1,energy,75,250,250,0
W-CART,W-CART:cart,54,,0.1,0.10900473933649289,0 1 2 4 8 3 9 5 6 11 12 10 64 16 7 18 32 13 65 24,0 1 2 4 8 3 9 5 6 11 12 10 64 16 7 18 32 13 65 24,phoneme,db1,energy,75,250,250,0
ALL,W-NN:k=5,41,,0.072,0.1152407084060863,0 1 2 4 8 3 9 5 6 11 12 10 64 16 7 18 32 13 65 24,0 1 2 4 8 3 9 5 6 11 12 10 64 16 7 18 32 13 65 24,phoneme,db1,energy,75,250,250,0
W-NN,W-NN:k=5,56,0.5,0.072,0.11324519830381641,0 1 2 8 4 9 3 5 6 10 64 16 11 12 18 7 32 13 19 24,0 1 2 4 8 3 5 6 11 9 12 16 64 7 10 17 19 21 32 252,phoneme,db1,usage,75,250,250,0
W-QDA,W-QDA:qda,5,0.5,0.08,0.08730356697430781,0 1 2 8 4 9 3 5 6 10 64 16 11 12 18 7 32 13 19 24,0 1 2 4 8 3 5 6 11 9 12 16 64 7 10 17 19 21 32 252,phoneme,db1,usage,75,250,250,0
W-CART,W-CART:cart,57,1.5,0.096,0.12097779995011225,0 1 2 4 8 3 5 6 7 9 10 11 12 13 14 15 16 17 18 19,0 1 2 4 8 3 5 6 11 9 12 16 64 7 10 17 19 21 32 252,phoneme,db1,usage,75,250,250,0
ALL,W-NN:k=5,56,0.5,0.072,0.11324519830381641,0 1 2 8 4 9 3 5 6 10 64 16 11 12 18 7 32 13 19 24,0 1 2 4 8 3 5 6 11 9 12 16 64 7 10 17 19 21 32 252,phoneme,db1,usage,75,250,250,0
W-NN,W-NN:k=3,7,,0.092,0.1077575455225742,0 1 2 4 3 8 9 5 6 12 11 7 16 64 10 18 32 13 23 20,0 1 2 4 3 8 9 5 6 12 11 7 16 64 10 18 32 13 23 20,phoneme,db1,energy,76,250,250,0
W-QDA,W-QDA:qda,9,,0.108,0.10601147418308805,0 1 2 4 3 8 9 5 6 12 11 7 16 64 10 18 32 13 23 20,0 1 2 4 3 8 9 5 6 12 11 7 16 64 10 18 32 13 23 20,phoneme,db1,energy,76,250,250,0
W-CART,W-CART:cart,4,,0.128,0.15290596158643052,0 1 2 4 3 8 9 5 6 12 11 7 16 64 10 18 32 13 23 20,0 1 2 4 3 8 9 5 6 12 11 7 16 64 10 18 32 13 23 20,phoneme,db1,energy,76,250,250,0
ALL,W-NN:k=3,7,,0.092,0.1077575455225742,0 1 2 4 3 8 9 5 6 12 11 7 16 64 10 18 32 13 23 20,0 1 2 4 3 8 9 5 6 12 11 7 16 64 10 18 32 13 23 20,phoneme,db1,energy,76,250,250,0
W-NN,W-NN:k=3,14,1.0,0.088,0.11424295335495135,0 1 2 4 8 3 5 6 9 12 16 11 10 19 7 150 13 14 15 17,0 1 2 4 8 3 5 6 9 12 16 11 10 19 7 150 13 14 15 17,phoneme,db1,usage,76,250,250,0
W-QDA,W-QDA:qda,12,0.5,0.1,0.10651035170865553,0 1 2 4 8 9 3 5 6 64 10 11 12 16 18 7 32 13 23 19,0 1 2 4 8 3 5 6 9 12 16 11 10 19 7 150 13 14 15 17,phoneme,db1,usage,76,250,250,0
W-CART,W-CART:cart,9,2.0,0.124,0.12471938139186829,0 1 2 4 8 3 5 6 7 9 10 11 12 13 14 15 16 17 18 19,0 1 2 4 8 3 5 6 9 12 16 11 10 19 7 150 13 14 15 17,phoneme,db1,usage,76,250,250,0
ALL,W-NN:k=3,14,1.0,0.088,0.11424295335495135,0 1 2 4 8 3 5 6 9 12 16 11 10 19 7 150 13 14 15 17,0 1 2 4 8 3 5 6 9 12 16 11 10 19 7 150 13 14 15 17,phoneme,db1,usage,76,250,250,0
W-NN,W-NN:k=25,7,,0.08,0.1152407084060863,0 1 2 4 8 3 9 6 5 11 12 10 64 7 16 18 32 14 13 65,0 1 2 4 8 3 9 6 5 11 12 10 64 7 16 18 32 14 13 65,phoneme,db1,energy,77,250,250,0
W-QDA,W-QDA:qda,5,,0.052,0.08855076078822649,0 1 2 4 8 3 9 6 5 11 12 10 64 7 16 18 32 14 13 65,0 1 2 4 8 3 9 6 5 11 12 10 64 7 16 18 32 14 13 65,phoneme,db1,energy,77,250,250,0
W-CART,W-CART:cart,17,,0.116,0.12995759541032675,0 1 2 4 8 3 9 6 5 11 12 10 64 7 16 18 32 14 13 65,0 1 2 4 8 3 9 6 5 11 12 10 64 7 16 18 32 14 13 65,phoneme,db1,energy,77,250,250,0
ALL,W-QDA:qda,5,,0.052,0.08855076078822649,0 1 2 4 8 3 9 6 5 11 12 10 64 7 16 18 32 14 13 65,0 1 2 4 8 3 9 6 5 11 12 10 64 7 16 18 32 14 13 65,phoneme,db1,energy,77,250,250,0
W-NN,W-NN:k=25,7,0.5,0.08,0.1152407084060863,0 1 2 4 8 9 3 5 64 6 10 11 12 16 18 7 32 14 15 33,0 1 2 4 8 3 6 12 5 9 11 10 7 16 32 15 18 19 21 33,phoneme,db1,usage,77,250,250,0
W-QDA,W-QDA:qda,5,0.5,0.052,0.08855076078822649,0 1 2 4 8 9 3 5 64 6 10 11 12 16 18 7 32 14 15 33,0 1 2 4 8 3 6 12 5 9 11 10 7 16 32 15 18 19 21 33,phoneme,db1,usage,77,250,250,0
W-CART,W-CART:cart,24,0.5,0.092,0.11274632077824893,0 1 2 4 8 9 3 5 64 6 10 11 12 16 18 7 32 14 15 33,0 1 2 4 8 3 6 12 5 9 11 10 7 16 32 15 18 19 21 33,phoneme,db1,usage,77,250,250,0
ALL,W-QDA:qda,5,0.5,0.052,0.08855076078822649,0 1 2 4 8 9 3 5 64 6 10 11 12 16 18 7 32 14 15 33,0 1 2 4 8 3 6 12 5 9 11 10 7 16 32 15 18 19 21 33,phoneme,db1,usage,77,250,250,0
W-NN,W-NN:k=7,64,,0.084,0.11274632077824893,0 1 2 4 3 8 6 9 5 11 10 12 64 7 16 18 32 13 14 20,0 1 2 4 3 8 6 9 5 11 10 12 64 7 16 18 32 13 14 20,phoneme,db1,energy,78,250,250,0
W-QDA,W-QDA:qda,4,,0.064,0.08730356697430781,0 1 2 4 3 8 6 9 5 11 10 12 64 7 16 18 32 13 14 20,0 1 2 4 3 8 6 9 5 11 10 12 64 7 16 18 32 13 14 20,phoneme,db1,energy,78,250,250,0
W-CART,W-CART:cart,12,,0.12,0.15016213519580943,0 1 2 4 3 8 6 9 5 11 10 12 64 7 16 18 32 13 14 20,0 1 2 4 3 8 6 9 5 11 10 12 64 7 16 18 32 13 14 20,phoneme,db1,energy,78,250,250,0
ALL,W-QDA:qda,4,,0.064,0.08730356697430781,0 1 2 4 3 8 6 9 5 11 10 12 64 7 16 18 32 13 14 20,0 1 2 4 3 8 6 9 5 11 10 12 64 7 16 18 32 13 14 20,phoneme,db1,energy,78,250,250,0
W-NN,W-NN:k=7,59,1.0,0.08,0.11324519830381641,0 1 2 4 8 3 6 5 10 12 9 11 7 16 13 21 17 32 64 66,0 1 2 4 8 3 6 5 10 12 9 11 7 16 13 21 17 32 64 66,phoneme,db1,usage,78,250,250,0
W-QDA,W-QDA:qda,4,0.5,0.064,0.08730356697430781,0 1 2 4 8 9 3 5 6 64 10 11 12 7 16 18 32 13 66 14,0 1 2 4 8 3 6 5 10 12 9 11 7 16 13 21 17 32 64 66,phoneme,db1,usage,78,250,250,0
W-CART,W-CART:cart,11,2.0,0.108,0.14292841107508106,0 1 2 4 3 8 5 6 7 9 10 11 12 13 14 15 16 17 18 19,0 1 2 4 8 3 6 5 10 12 9 11 7 16 13 21 17 32 64 66,phoneme,db1,usage,78,250,250,0
ALL,W-QDA:qda,4,0.5,0.064,0.08730356697430781,0 1 2 4 8 9 3 5 6 64 10 11 12 7 16 18 32 13 66 14,0 1 2 4 8 3 6 5 10 12 9 11 7 16 13 21 17 32 64 66,phoneme,db1,usage,78,250,250,0
W-NN,W-NN:k=7,6,,0.068,0.10002494387627837,0 1 2 4 8 3 6 9 5 11 12 10 64 7 16 18 32 14 13 20,0 1 2 4 8 3 6 9 5 11 12 10 64 7 16 18 32 14 13 20,phoneme,db1,energy,79,250,250,0
W-QDA,W-QDA:qda,4,,0.076,0.09378897480668495,0 1 2 4 8 3 6 9 5 11 12 10 64 7 16 18 32 14 13 20,0 1 2 4 8 3 6 9 5 11 12 10 64 7 16 18 32 14 13 20,phoneme,db1,energy,79,250,250,0
W-CART,W-CART:cart,10,,0.1,0.1322025442753804,0 1 2 4 8 3 6 9 5 11 12 10 64 7 16 18 32 14 13 20,0 1 2 4 8 3 6 9 5 11 12 10 64 7 16 18 32 14 13 20,phoneme,db1,energy,79,250,250,0
ALL,W-NN:k=7,6,,0.068,0.10002494387627837,0 1 2 4 8 3 6 9 5 11 12 10 64 7 16 18 32 14 13 20,0 1 2 4 8 3 6 9 5 11 12 10 64 7 16 18 32 14 13 20,phoneme,db1,energy,79,250,250,0
W-NN,W-NN:k=7,6,1.0,0.068,0.10002494387627837,0 1 2 4 8 3 6 5 11 9 12 7 10 16 64 15 17 18 19 20,0 1 2 4 8 3 6 5 11 9 12 7 10 16 64 15 17 18 19 20,phoneme,db1,usage,79,250,250,0
W-QDA,W-QDA:qda,4,1.0,0.076,0.09378897480668495,0 1 2 4 8 3 6 5 11 9 12 7 10 16 64 15 17 18 19 20,0 1 2 4 8 3 6 5 11 9 12 7 10 16 64 15 17 18 19 20,phoneme,db1,usage,79,250,250,0
W-CART,W-CART:cart,64,0.5,0.08,0.11573958593165377,0 1 2 8 4 9 3 5 6 64 11 10 12 18 16 7 32 13 14 17,0 1 2 4 8 3 6 5 11 9 12 7 10 16 64 15 17 18 19 20,phoneme,db1,usage,79,250,250,0
ALL,W-NN:k=7,6,1.0,0.068,0.10002494387627837,0 1 2 4 8 3 6 5 11 9 12 7 10 16 64 15 17 18 19 20,0 1 2 4 8 3 6 5 11 9 12 7 10 16 64 15 17 18 19 20,phoneme,db1,usage,79,250,250,0
W-NN,W-NN:k=5,42,,0.108,0.11349463706660015,0 1 2 4 3 8 9 5 6 12 11 10 64 7 16 32 18 13 15 14,0 1 2 4 3 8 9 5 6 12 11 10 64 7 16 32 18 13 15 14,phoneme,db1,energy,80,250,250,0
W-QDA,W-QDA:qda,7,,0.076,0.09304065851833375,0 1 2 4 3 8 9 5 6 12 11 10 64 7 16 32 18 13 15 14,0 1 2 4 3 8 9 5 6 12 11 10 64 7 16 32 18 13 15 14,phoneme,db1,energy,80,250,250,0
W-CART,W-CART:cart,22,,0.14,0.1436767273634323,0 1 2 4 3 8 9 5 6 12 11 10 64 7 16 32 18 13 15 14,0 1 2 4 3 8 9 5 6 12 11 10 64 7 16 32 18 13 15 14,phoneme,db1,energy,80,250,250,0
ALL,W-QDA:qda,7,,0.076,0.09304065851833375,0 1 2 4 3 8 9 5 6 12 11 10 64 7 16 32 18 13 15 14,0 1 2 4 3 8 9 5 6 12 11 10 64 7 16 32 18 13 15 14,phoneme,db1,energy,80,250,250,0
W-NN,W-NN:k=3,42,0.5,0.104,0.11698677974557246,0 1 2 4 8 9 3 5 6 64 10 11 12 16 18 7 32 19 13 15,0 1 2 4 8 3 5 6 11 12 7 9 64 16 19 10 15 17 22 32,phoneme,db1,usage,80,250,250,0
W-QDA,W-QDA:qda,6,0.5,0.072,0.08755300573709154,0 1 2 4 8 9 3 5 6 64 10 11 12 16 18 7 32 19 13 15,0 1 2 4 8 3 5 6 11 12 7 9 64 16 19 10 15 17 22 32,phoneme,db1,usage,80,250,250,0
W-CART,W-CART:cart,5,0.5,0.12,0.12496882015465204,0 1 2 4 8 9 3 5 6 64 10 11 12 16 18 7 32 19 13 15,0 1 2 4 8 3 5 6 11 12 7 9 64 16 19 10 15 17 22 32,phoneme,db1,usage,80,250,250,0
ALL,W-QDA:qda,6,0.5,0.072,0.08755300573709154,0 1 2 4 8 9 3 5 6 64 10 11 12 16 18 7 32 19 13 15,0 1 2 4 8 3 5 6 11 12 7 9 64 16 19 10 15 17 22 32,phoneme,db1,usage,80,250,250,0
W-NN,W-NN:k=1,40,,0.088,0.11299575954103268,0 1 2 4 3 8 9 6 5 64 12 10 7 11 16 18 32 13 14 23,0 1 2 4 3 8 9 6 5 64 12 10 7 11 16 18 32 13 14 23,phoneme,db1,energy,81,250,250,0
W-QDA,W-QDA:qda,8,,0.092,0.08904963831379396,0 1 2 4 3 8 9 6 5 64 12 10 7 11 16 18 32 13 14 23,0 1 2 4 3 8 9 6 5 64 12 10 7 11 16 18 32 13 14 23,phoneme,db1,energy,81,250,250,0
W-CART,W-CART:cart,24,,0.092,0.12347218757794962,0 1 2 4 3 8 9 6 5 64 12 10 7 11 16 18 32 13 14 23,0 1 2 4 3 8 9 6 5 64 12 10 7 11 16 18 32 13 14 23,phoneme,db1,energy,81,250,250,0
ALL,W-NN:k=1,40,,0.088,0.11299575954103268,0 1 2 4 3 8 9 6 5 64 12 10 7 11 16 18 32 13 14 23,0 1 2 4 3 8 9 6 5 64 12 10 7 11 16 18 32 13 14 23,phoneme,db1,energy,81,250,250,0
W-NN,W-NN:k=1,60,1.0,0.08,0.11100024943876279,0 1 2 4 3 8 6 5 9 16 7 10 12 13 64 11 14 15 17 18,0 1 2 4 3 8 6 5 9 16 7 10 12 13 64 11 14 15 17 18,phoneme,db1,usage,81,250,250,0
W-QDA,W-QDA:qda,4,0.5,0.096,0.08231479171863308,0 1 2 4 8 9 3 5 6 64 10 18 12 11 7 16 14 13 32 65,0 1 2 4 3 8 6 5 9 16 7 10 12 13 64 11 14 15 17 18,phoneme,db1,usage,81,250,250,0
W-CART,W-CART:cart,45,1.5,0.092,0.12222499376403093,0 1 2 4 8 3 5 6 10 7 9 11 12 13 14 15 16 17 18 19,0 1 2 4 3 8 6 5 9 16 7 10 12 13 64 11 14 15 17 18,phoneme,db1,usage,81,250,250,0
ALL,W-NN:k=1,60,1.0,0.08,0.11100024943876279,0 1 2 4 3 8 6 5 9 16 7 10 12 13 64 11 14 15 17 18,0 1 2 4 3 8 6 5 9 16 7 10 12 13 64 11 14 15 17 18,phoneme,db1,usage,81,250,250,0
W-NN,W-NN:k=15,28,,0.104,0.11798453479670741,0 1 2 4 3 8 6 9 5 10 11 7 12 64 16 18 32 13 14 65,0 1 2 4 3 8 6 9 5 10 11 7 12 64 16 18 32 13 14 65,phoneme,db1,energy,82,250,250,0
W-QDA,W-QDA:qda,4,,0.088,0.0920429034671988,0 1 2 4 3 8 6 9 5 10 11 7 12 64 16 18 32 13 14 65,0 1 2 4 3 8 6 9 5 10 11 7 12 64 16 18 32 13 14 65,phoneme,db1,energy,82,250,250,0
W-CART,W-CART:cart,7,,0.088,0.12022948366176103,0 1 2 4 3 8 6 9 5 10 11 7 12 64 16 18 32 13 14 65,0 1 2 4 3 8 6 9 5 10 11 7 12 64 16 18 32 13 14 65,phoneme,db1,energy,82,250,250,0
ALL,W-QDA:qda,4,,0.088,0.0920429034671988,0 1 2 4 3 8 6 9 5 10 11 7 12 64 16 18 32 13 14 65,0 1 2 4 3 8 6 9 5 10 11 7 12 64 16 18 32 13 14 65,phoneme,db1,energy,82,250,250,0
W-NN,W-NN:k=15,6,0.5,0.092,0.10850586181092542,0 1 2 4 8 9 5 3 6 10 64 7 11 16 12 18 32 13 24 19,0 1 2 4 3 8 6 5 11 12 9 10 7 13 15 16 17 65 130 252,phoneme,db1,usage,82,250,250,0
W-QDA,W-QDA:qda,5,0.5,0.084,0.09553504614617112,0 1 2 4 8 9 5 3 6 10 64 7 11 16 12 18 32 13 24 19,0 1 2 4 3 8 6 5 11 12 9 10 7 13 15 16 17 65 130 252,phoneme,db1,usage,82,250,250,0
W-CART,W-CART:cart,5,0.5,0.088,0.1282115240708406,0 1 2 4 8 9 5 3 6 10 64 7 11 16 12 18 32 13 24 19,0 1 2 4 3 8 6 5 11 12 9 10 7 13 15 16 17 65 130 252,phoneme,db1,usage,82,250,250,0
ALL,W-QDA:qda,5,0.5,0.084,0.09553504614617112,0 1 2 4 8 9 5 3 6 10 64 7 11 16 12 18 32 13 24 19,0 1 2 4 3 8 6 5 11 12 9 10 7 13 15 16 17 65 130 252,phoneme,db1,usage,82,250,250,0
W-NN,W-NN:k=7,7,,0.1,0.09678223996008979,0 1 2 4 3 8 9 5 6 11 12 10 7 64 16 18 13 32 14 24,0 1 2 4 3 8 9 5 6 11 12 10 7 64 16 18 13 32 14 24,phoneme,db1,energy,83,250,250,0
W-QDA,W-QDA:qda,4,,0.104,0.08106759790471439,0 1 2 4 3 8 9 5 6 11 12 10 7 64 16 18 13 32 14 24,0 1 2 4 3 8 9 5 6 11 12 10 7 64 16 18 13 32 14 24,phoneme,db1,energy,83,250,250,0
W-CART,W-CART:cart,53,,0.116,0.12297331005238214,0 1 2 4 3 8 9 5 6 11 12 10 7 64 16 18 13 32 14 24,0 1 2 4 3 8 9 5 6 11 12 10 7 64 16 18 13 32 14 24,phoneme,db1,energy,83,250,250,0
ALL,W-NN:k=7,7,,0.1,0.09678223996008979,0 1 2 4 3 8 9 5 6 11 12 10 7 64 16 18 13 32 14 24,0 1 2 4 3 8 9 5 6 11 12 10 7 64 16 18 13 32 14 24,phoneme,db1,energy,83,250,250,0
W-NN,W-NN:k=3,56,0.5,0.096,0.1002743826390621,0 1 2 4 8 9 3 5 64 6 11 12 10 7 18 16 13 32 19 14,0 1 2 4 8 3 5 6 11 10 9 12 7 19 16 17 32 130 13 14,phoneme,db1,usage,83,250,250,0
W-QDA,W-QDA:qda,17,1.0,0.1,0.11075081067597904,0 1 2 4 8 3 5 6 11 10 9 12 7 19 16 17 32 130 13 14,0 1 2 4 8 3 5 6 11 10 9 12 7 19 16 17 32 130 13 14,phoneme,db1,usage,83,250,250,0
W-CART,W-CART:cart,36,1.0,0.112,0.1294587178847593,0 1 2 4 8 3 5 6 11 10 9 12 7 19 16 17 32 130 13 14,0 1 2 4 8 3 5 6 11 10 9 12 7 19 16 17 32 130 13 14,phoneme,db1,usage,83,250,250,0
ALL,W-NN:k=3,56,0.5,0.096,0.1002743826390621,0 1 2 4 8 9 3 5 64 6 11 12 10 7 18 16 13 32 19 14,0 1 2 4 8 3 5 6 11 10 9 12 7 19 16 17 32 130 13 14,phoneme,db1,usage,83,250,250,0
W-NN,W-NN:k=7,16,,0.072,0.09802943377400848,0 1 2 4 3 8 9 5 6 11 10 12 64 16 18 7 32 13 23 14,0 1 2 4 3 8 9 5 6 11 10 12 64 16 18 7 32 13 23 14,phoneme,db1,energy,84,250,250,0
W-QDA,W-QDA:qda,6,,0.06,0.09329009728111748,0 1 2 4 3 8 9 5 6 11 10 12 64 16 18 7 32 13 23 14,0 1 2 4 3 8 9 5 6 11 10 12 64 16 18 7 32 13 23 14,phoneme,db1,energy,84,250,250,0
W-CART,W-CART:cart,45,,0.08,0.12846096283362435,0 1 2 4 3 8 9 5 6 11 10 12 64 16 18 7 32 13 23 14,0 1 2 4 3 8 9 5 6 11 10 12 64 16 18 7 32 13 23 14,phoneme,db1,energy,84,250,250,0
ALL,W-QDA:qda,6,,0.06,0.09329009728111748,0 1 2 4 3 8 9 5 6 11 10 12 64 16 18 7 32 13 23 14,0 1 2 4 3 8 9 5 6 11 10 12 64 16 18 7 32 13 23 14,phoneme,db1,energy,84,250,250,0
W-NN,W-NN:k=7,16,0.5,0.072,0.09802943377400848,0 1 2 4 8 9 3 5 6 64 10 11 12 18 16 7 32 23 13 19,0 1 2 4 3 8 5 6 9 11 10 12 64 19 7 13 16 21 23 24,phoneme,db1,usage,84,250,250,0
W-QDA,W-QDA:qda,5,0.5,0.052,0.09104514841606386,0 1 2 4 8 9 3 5 6 64 10 11 12 18 16 7 32 23 13 19,0 1 2 4 3 8 5 6 9 11 10 12 64 19 7 13 16 21 23 24,phoneme,db1,usage,84,250,250,0
W-CART,W-CART:cart,34,2.0,0.08,0.13594412571713643,0 1 2 4 8 3 5 6 7 9 10 11 12 13 14 15 16 17 18 19,0 1 2 4 3 8 5 6 9 11 10 12 64 19 7 13 16 21 23 24,phoneme,db1,usage,84,250,250,0
ALL,W-QDA:qda,5,0.5,0.052,0.09104514841606386,0 1 2 4 8 9 3 5 6 64 10 11 12 18 16 7 32 23 13 19,0 1 2 4 3 8 5 6 9 11 10 12 64 19 7 13 16 21 23 24,phoneme,db1,usage,84,250,250,0
W-NN,W-NN:k=9,21,,0.096,0.11100024943876279,0 1 2 4 3 8 9 5 6 11 12 10 7 16 64 18 32 13 14 20,0 1 2 4 3 8 9 5 6 11 12 10 7 16 64 18 32 13 14 20,phoneme,db1,energy,85,250,250,0
W-QDA,W-QDA:qda,4,,0.08,0.09827887253679221,0 1 2 4 3 8 9 5 6 11 12 10 7 16 64 18 32 13 14 20,0 1 2 4 3 8 9 5 6 11 12 10 7 16 64 18 32 13 14 20,phoneme,db1,energy,85,250,250,0
W-CART,W-CART:cart,42,,0.08,0.12471938139186829,0 1 2 4 3 8 9 5 6 11 12 10 7 16 64 18 32 13 14 20,0 1 2 4 3 8 9 5 6 11 12 10 7 16 64 18 32 13 14 20,phoneme,db1,energy,85,250,250,0
ALL,W-QDA:qda,4,,0.08,0.09827887253679221,0 1 2 4 3 8 9 5 6 11 12 10 7 16 64 18 32 13 14 20,0 1 2 4 3 8 9 5 6 11 12 10 7 16 64 18 32 13 14 20,phoneme,db1,energy,85,250,250,0
W-NN,W-NN:k=9,52,1.5,0.088,0.1097530556248441,0 1 2 4 8 3 5 6 9 10 7 11 12 13 14 15 16 17 18 19,0 1 2 4 8 3 5 6 11 12 9 10 7 16 20 33 64 13 14 17,phoneme,db1,usage,85,250,250,0
W-QDA,W-QDA:qda,5,0.5,0.072,0.09453729109503617,0 1 2 4 8 9 3 5 6 64 11 10 12 16 18 7 13 32 14 15,0 1 2 4 8 3 5 6 11 12 9 10 7 16 20 33 64 13 14 17,phoneme,db1,usage,85,250,250,0
W-CART,W-CART:cart,50,0.5,0.076,0.13245198303816413,0 1 2 4 8 9 3 5 6 64 11 10 12 16 18 7 13 32 14 15,0 1 2 4 8 3 5 6 11 12 9 10 7 16 20 33 64 13 14 17,phoneme,db1,usage,85,250,250,0
ALL,W-QDA:qda,5,0.5,0.072,0.09453729109503617,0 1 2 4 8 9 3 5 6 64 11 10 12 16 18 7 13 32 14 15,0 1 2 4 8 3 5 6 11 12 9 10 7 16 20 33 64 13 14 17,phoneme,db1,usage,85,250,250,0
W-NN,W-NN:k=3,8,,0.084,0.10526315789473684,0 1 2 4 3 8 9 6 5 11 12 10 64 16 7 18 32 13 15 23,0 1 2 4 3 8 9 6 5 11 12 10 64 16 7 18 32 13 15 23,phoneme,db1,energy,86,250,250,0
W-QDA,W-QDA:qda,4,,0.072,0.0858069343976054,0 1 2 4 3 8 9 6 5 11 12 10 64 16 7 18 32 13 15 23,0 1 2 4 3 8 9 6 5 11 12 10 64 16 7 18 32 13 15 23,phoneme,db1,energy,86,250,250,0
W-CART,W-CART:cart,7,,0.1,0.1287104015964081,0 1 2 4 3 8 9 6 5 11 12 10 64 16 7 18 32 13 15 23,0 1 2 4 3 8 9 6 5 11 12 10 64 16 7 18 32 13 15 23,phoneme,db1,energy,86,250,250,0
ALL,W-QDA:qda,4,,0.072,0.0858069343976054,0 1 2 4 3 8 9 6 5 11 12 10 64 16 7 18 32 13 15 23,0 1 2 4 3 8 9 6 5 11 12 10 64 16 7 18 32 13 15 23,phoneme,db1,energy,86,250,250,0
W-NN,W-NN:k=1,5,0.5,0.08,0.11050137191319531,0 1 2 4 8 9 3 5 64 6 10 11 12 16 18 7 32 15 13 23,0 1 2 4 3 8 5 6 9 12 11 16 7 10 13 17 19 64 150 195,phoneme,db1,usage,86,250,250,0
W-QDA,W-QDA:qda,4,0.5,0.072,0.0858069343976054,0 1 2 4 8 9 3 5 64 6 10 11 12 16 18 7 32 15 13 23,0 1 2 4 3 8 5 6 9 12 11 16 7 10 13 17 19 64 150 195,phoneme,db1,usage,86,250,250,0
W-CART,W-CART:cart,9,1.0,0.1,0.12347218757794962,0 1 2 4 3 8 5 6 9 12 11 16 7 10 13 17 19 64 150 195,0 1 2 4 3 8 5 6 9 12 11 16 7 10 13 17 19 64 150 195,phoneme,db1,usage,86,250,250,0
ALL,W-QDA:qda,4,0.5,0.072,0.0858069343976054,0 1 2 4 8 9 3 5 64 6 10 11 12 16 18 7 32 15 13 23,0 1 2 4 3 8 5 6 9 12 11 16 7 10 13 17 19 64 150 195,phoneme,db1,usage,86,250,250,0
W-NN,W-NN:k=3,12,,0.088,0.11573958593165377,0 1 2 4 3 8 9 6 5 11 10 7 12 64 16 18 32 13 14 65,0 1 2 4 3 8 9 6 5 11 10 7 12 64 16 18 32 13 14 65,phoneme,db1,energy,87,250,250,0
W-QDA,W-QDA:qda,6,,0.076,0.08680468944874034,0 1 2 4 3 8 9 6 5 11 10 7 12 64 16 18 32 13 14 65,0 1 2 4 3 8 9 6 5 11 10 7 12 64 16 18 32 13 14 65,phoneme,db1,energy,87,250,250,0
W-CART,W-CART:cart,44,,0.108,0.12446994262908456,0 1 2 4 3 8 9 6 5 11 10 7 12 64 16 18 32 13 14 65,0 1 2 4 3 8 9 6 5 11 10 7 12 64 16 18 32 13 14 65,phoneme,db1,energy,87,250,250,0
ALL,W-QDA:qda,6,,0.076,0.08680468944874034,0 1 2 4 3 8 9 6 5 11 10 7 12 64 16 18 32 13 14 65,0 1 2 4 3 8 9 6 5 11 10 7 12 64 16 18 32 13 14 65,phoneme,db1,energy,87,250,250,0
W-NN,W-NN:k=1,25,1.0,0.084,0.12122723871289598,0 1 2 4 8 3 6 5 12 11 9 7 16 13 10 20 32 64 15 66,0 1 2 4 8 3 6 5 12 11 9 7 16 13 10 20 32 64 15 66,phoneme,db1,usage,87,250,250,0
W-QDA,W-QDA:qda,6,1.0,0.076,0.08680468944874034,0 1 2 4 8 3 6 5 12 11 9 7 16 13 10 20 32 64 15 66,0 1 2 4 8 3 6 5 12 11 9 7 16 13 10 20 32 64 15 66,phoneme,db1,usage,87,250,250,0
W-CART,W-CART:cart,12,2.0,0.104,0.1219755550012472,0 1 2 4 8 3 5 6 7 9 10 11 12 13 14 15 16 17 18 19,0 1 2 4 8 3 6 5 12 11 9 7 16 13 10 20 32 64 15 66,phoneme,db1,usage,87,250,250,0
ALL,W-QDA:qda,6,1.0,0.076,0.08680468944874034,0 1 2 4 8 3 6 5 12 11 9 7 16 13 10 20 32 64 15 66,0 1 2 4 8 3 6 5 12 11 9 7 16 13 10 20 32 64 15 66,phoneme,db1,usage,87,250,250,0
W-NN,W-NN:k=15,37,,0.1,0.11424295335495135,0 1 2 4 8 3 6 9 5 12 7 10 11 16 64 18 13 32 23 24,0 1 2 4 8 3 6 9 5 12 7 10 11 16 64 18 13 32 23 24,phoneme,db1,energy,88,250,250,0
W-QDA,W-QDA:qda,8,,0.092,0.10351708655525069,0 1 2 4 8 3 6 9 5 12 7 10 11 16 64 18 13 32 23 24,0 1 2 4 8 3 6 9 5 12 7 10 11 16 64 18 13 32 23 24,phoneme,db1,energy,88,250,250,0
W-CART,W-CART:cart,35,,0.1,0.11324519830381641,0 1 2 4 8 3 6 9 5 12 7 10 11 16 64 18 13 32 23 24,0 1 2 4 8 3 6 9 5 12 7 10 11 16 64 18 13 32 23 24,phoneme,db1,energy,88,250,250,0
ALL,W-QDA:qda,8,,0.092,0.10351708655525069,0 1 2 4 8 3 6 9 5 12 7 10 11 16 64 18 13 32 23 24,0 1 2 4 8 3 6 9 5 12 7 10 11 16 64 18 13 32 23 24,phoneme,db1,energy,88,250,250,0
W-NN,W-NN:k=15,24,1.5,0.096,0.11474183088051883,0 1 2 4 8 3 6 5 7 9 10 11 12 13 14 15 16 17 18 19,0 1 2 4 8 3 6 5 9 12 7 11 16 10 21 13 14 19 64 15,phoneme,db1,usage,88,250,250,0
W-QDA,W-QDA:qda,8,0.5,0.08,0.10376652531803442,0 1 2 4 8 9 3 5 6 10 64 7 12 16 11 18 13 32 24 17,0 1 2 4 8 3 6 5 9 12 7 11 16 10 21 13 14 19 64 15,phoneme,db1,usage,88,250,250,0
W-CART,W-CART:cart,45,3.0,0.084,0.11374407582938388,0 1 2 3 4 5 6 7 8 9 10 11 12 13 14 15 16 17 18 19,0 1 2 4 8 3 6 5 9 12 7 11 16 10 21 13 14 19 64 15,phoneme,db1,usage,88,250,250,0
ALL,W-QDA:qda,8,0.5,0.08,0.10376652531803442,0 1 2 4 8 9 3 5 6 10 64 7 12 16 11 18 13 32 24 17,0 1 2 4 8 3 6 5 9 12 7 11 16 10 21 13 14 19 64 15,phoneme,db1,usage,88,250,250,0
W-NN,W-NN:k=7,35,,0.048,0.10326764779246694,0 1 2 4 3 8 9 6 5 11 12 64 10 16 7 18 32 13 14 19,0 1 2 4 3 8 9 6 5 11 12 64 10 16 7 18 32 13 14 19,phoneme,db1,energy,89,250,250,0
W-QDA,W-QDA:qda,4,,0.088,0.09453729109503617,0 1 2 4 3 8 9 6 5 11 12 64 10 16 7 18 32 13 14 19,0 1 2 4 3 8 9 6 5 11 12 64 10 16 7 18 32 13 14 19,phoneme,db1,energy,89,250,250,0
W-CART,W-CART:cart,10,,0.104,0.15290596158643052,0 1 2 4 3 8 9 6 5 11 12 64 10 16 7 18 32 13 14 19,0 1 2 4 3 8 9 6 5 11 12 64 10 16 7 18 32 13 14 19,phoneme,db1,energy,89,250,250,0
ALL,W-NN:k=7,35,,0.048,0.10326764779246694,0 1 2 4 3 8 9 6 5 11 12 64 10 16 7 18 32 13 14 19,0 1 2 4 3 8 9 6 5 11 12 64 10 16 7 18 32 13 14 19,phoneme,db1,energy,89,250,250,0
W-NN,W-NN:k=7,36,0.5,0.048,0.1050137191319531,0 1 2 4 8 9 3 64 5 6 11 10 12 18 16 7 32 14 23 13,0 1 2 4 8 3 6 5 11 9 12 7 19 16 13 17 64 65 10 14,phoneme,db1,usage,89,250,250,0
W-QDA,W-QDA:qda,4,0.5,0.088,0.09453729109503617,0 1 2 4 8 9 3 64 5 6 11 10 12 18 16 7 32 14 23 13,0 1 2 4 8 3 6 5 11 9 12 7 19 16 13 17 64 65 10 14,phoneme,db1,usage,89,250,250,0
W-CART,W-CART:cart,9,1.0,0.104,0.13619356447992018,0 1 2 4 8 3 6 5 11 9 12 7 19 16 13 17 64 65 10 14,0 1 2 4 8 3 6 5 11 9 12 7 19 16 13 17 64 65 10 14,phoneme,db1,usage,89,250,250,0
ALL,W-NN:k=7,36,0.5,0.048,0.1050137191319531,0 1 2 4 8 9 3 64 5 6 11 10 12 18 16 7 32 14 23 13,0 1 2 4 8 3 6 5 11 9 12 7 19 16 13 17 64 65 10 14,phoneme,db1,usage,89,250,250,0
W-NN,W-NN:k=9,6,,0.072,0.09653280119730606,0 1 2 4 8 3 9 6 5 11 10 12 64 16 7 18 32 13 15 14,0 1 2 4 8 3 9 6 5 11 10 12 64 16 7 18 32 13 15 14,phoneme,db1,energy,90,250,250,0
W-QDA,W-QDA:qda,5,,0.092,0.08755300573709154,0 1 2 4 8 3 9 6 5 11 10 12 64 16 7 18 32 13 15 14,0 1 2 4 8 3 9 6 5 11 10 12 64 16 7 18 32 13 15 14,phoneme,db1,energy,90,250,250,0
W-CART,W-CART:cart,48,,0.108,0.1376901970566226,0 1 2 4 8 3 9 6 5 11 10 12 64 16 7 18 32 13 15 14,0 1 2 4 8 3 9 6 5 11 10 12 64 16 7 18 32 13 15 14,phoneme,db1,energy,90,250,250,0
ALL,W-NN:k=9,6,,0.072,0.09653280119730606,0 1 2 4 8 3 9 6 5 11 10 12 64 16 7 18 32 13 15 14,0 1 2 4 8 3 9 6 5 11 10 12 64 16 7 18 32 13 15 14,phoneme,db1,energy,90,250,250,0
W-NN,W-NN:k=9,6,1.0,0.072,0.09653280119730606,0 1 2 4 8 3 6 5 9 11 10 12 16 17 32 7 19 33 64 130,0 1 2 4 8 3 6 5 9 11 10 12 16 17 32 7 19 33 64 130,phoneme,db1,usage,90,250,250,0
W-QDA,W-QDA:qda,5,0.5,0.092,0.08755300573709154,0 1 2 4 8 9 3 5 6 10 64 11 18 12 7 16 32 13 14 65,0 1 2 4 8 3 6 5 9 11 10 12 16 17 32 7 19 33 64 130,phoneme,db1,usage,90,250,250,0
W-CART,W-CART:cart,48,1.0,0.084,0.12172611623846345,0 1 2 4 8 3 6 5 9 11 10 12 16 17 32 7 19 33 64 130,0 1 2 4 8 3 6 5 9 11 10 12 16 17 32 7 19 33 64 130,phoneme,db1,usage,90,250,250,0
ALL,W-NN:k=9,6,1.0,0.072,0.09653280119730606,0 1 2 4 8 3 6 5 9 11 10 12 16 17 32 7 19 33 64 130,0 1 2 4 8 3 6 5 9 11 10 12 16 17 32 7 19 33 64 130,phoneme,db1,usage,90,250,250,0
W-NN,W-NN:k=7,4,,0.096,0.13594412571713643,0 1 2 4 3 8 6 9 5 11 10 12 64 16 7 18 32 14 13 65,0 1 2 4 3 8 6 9 5 11 10 12 64 16 7 18 32 14 13 65,phoneme,db1,energy,91,250,250,0
W-QDA,W-QDA:qda,4,,0.076,0.0947867298578199,0 1 2 4 3 8 6 9 5 11 10 12 64 16 7 18 32 14 13 65,0 1 2 4 3 8 6 9 5 11 10 12 64 16 7 18 32 14 13 65,phoneme,db1,energy,91,250,250,0
W-CART,W-CART:cart,42,,0.116,0.12696433025692191,0 1 2 4 3 8 6 9 5 11 10 12 64 16 7 18 32 14 13 65,0 1 2 4 3 8 6 9 5 11 10 12 64 16 7 18 32 14 13 65,phoneme,db1,energy,91,250,250,0
ALL,W-QDA:qda,4,,0.076,0.0947867298578199,0 1 2 4 3 8 6 9 5 11 10 12 64 16 7 18 32 14 13 65,0 1 2 4 3 8 6 9 5 11 10 12 64 16 7 18 32 14 13 65,phoneme,db1,energy,91,250,250,0
W-NN,W-NN:k=7,6,0.5,0.092,0.1199800448989773,0 1 2 8 4 9 3 5 6 64 11 10 12 16 18 7 13 17 32 23,0 1 2 4 8 3 6 5 11 16 9 12 10 17 7 15 18 19 20 21,phoneme,db1,usage,91,250,250,0
W-QDA,W-QDA:qda,6,0.5,0.068,0.09129458717884759,0 1 2 8 4 9 3 5 6 64 11 10 12 16 18 7 13 17 32 23,0 1 2 4 8 3 6 5 11 16 9 12 10 17 7 15 18 19 20 21,phoneme,db1,usage,91,250,250,0
W-CART,W-CART:cart,26,1.5,0.104,0.1219755550012472,0 1 2 4 8 3 6 5 7 9 10 11 12 13 14 15 16 17 18 19,0 1 2 4 8 3 6 5 11 16 9 12 10 17 7 15 18 19 20 21,phoneme,db1,usage,91,250,250,0
ALL,W-QDA:qda,6,0.5,0.068,0.09129458717884759,0 1 2 8 4 9 3 5 6 64 11 10 12 16 18 7 13 17 32 23,0 1 2 4 8 3 6 5 11 16 9 12 10 17 7 15 18 19 20 21,phoneme,db1,usage,91,250,250,0
W-NN,W-NN:k=15,10,,0.068,0.11948116737340983,0 1 2 4 3 8 6 9 5 12 11 10 64 16 7 18 32 13 65 24,0 1 2 4 3 8 6 9 5 12 11 10 64 16 7 18 32 13 65 24,phoneme,db1,energy,92,250,250,0
W-QDA,W-QDA:qda,8,,0.076,0.09852831129957595,0 1 2 4 3 8 6 9 5 12 11 10 64 16 7 18 32 13 65 24,0 1 2 4 3 8 6 9 5 12 11 10 64 16 7 18 32 13 65 24,phoneme,db1,energy,92,250,250,0
W-CART,W-CART:cart,7,,0.088,0.11424295335495135,0 1 2 4 3 8 6 9 5 12 11 10 64 16 7 18 32 13 65 24,0 1 2 4 3 8 6 9 5 12 11 10 64 16 7 18 32 13 65 24,phoneme,db1,energy,92,250,250,0
ALL,W-NN:k=15,10,,0.068,0.11948116737340983,0 1 2 4 3 8 6 9 5 12 11 10 64 16 7 18 32 13 65 24,0 1 2 4 3 8 6 9 5 12 11 10 64 16 7 18 32 13 65 24,phoneme,db1,energy,92,250,250,0
W-NN,W-NN:k=15,10,1.0,0.068,0.11948116737340983,0 1 2 4 8 3 5 6 12 9 11 10 17 64 7 13 16 19 65 66,0 1 2 4 8 3 5 6 12 9 11 10 17 64 7 13 16 19 65 66,phoneme,db1,usage,92,250,250,0
W-QDA,W-QDA:qda,8,0.5,0.072,0.09703167872287354,0 1 2 4 8 9 3 5 6 64 10 12 11 16 18 7 32 13 17 19,0 1 2 4 8 3 5 6 12 9 11 10 17 64 7 13 16 19 65 66,phoneme,db1,usage,92,250,250,0
W-CART,W-CART:cart,9,1.5,0.08,0.11823397355949114,0 1 2 4 8 3 5 6 7 9 10 11 12 13 14 15 16 17 18 19,0 1 2 4 8 3 5 6 12 9 11 10 17 64 7 13 16 19 65 66,phoneme,db1,usage,92,250,250,0
ALL,W-NN:k=15,10,1.0,0.068,0.11948116737340983,0 1 2 4 8 3 5 6 12 9 11 10 17 64 7 13 16 19 65 66,0 1 2 4 8 3 5 6 12 9 11 10 17 64 7 13 16 19 65 66,phoneme,db1,usage,92,250,250,0
W-NN,W-NN:k=7,38,,0.076,0.107009229234223,0 1 2 4 3 8 9 6 5 12 11 10 16 64 7 18 32 13 19 24,0 1 2 4 3 8 9 6 5 12 11 10 16 64 7 18 32 13 19 24,phoneme,db1,energy,93,250,250,0
W-QDA,W-QDA:qda,7,,0.088,0.11100024943876279,0 1 2 4 3 8 9 6 5 12 11 10 16 64 7 18 32 13 19 24,0 1 2 4 3 8 9 6 5 12 11 10 16 64 7 18 32 13 19 24,phoneme,db1,energy,93,250,250,0
W-CART,W-CART:cart,9,,0.108,0.1384385133449738,0 1 2 4 3 8 9 6 5 12 11 10 16 64 7 18 32 13 19 24,0 1 2 4 3 8 9 6 5 12 11 10 16 64 7 18 32 13 19 24,phoneme,db1,energy,93,250,250,0
ALL,W-NN:k=7,38,,0.076,0.107009229234223,0 1 2 4 3 8 9 6 5 12 11 10 16 64 7 18 32 13 19 24,0 1 2 4 3 8 9 6 5 12 11 10 16 64 7 18 32 13 19 24,phoneme,db1,energy,93,250,250,0
W-NN,W-NN:k=9,9,2.0,0.076,0.11224744325268146,0 1 2 4 8 3 5 6 7 9 10 11 12 13 14 15 16 17 18 19,0 1 2 4 8 3 6 9 5 12 11 10 16 13 7 19 21 64 14 15,phoneme,db1,usage,93,250,250,0
W-QDA,W-QDA:qda,11,1.5,0.08,0.1144923921177351,0 1 2 4 8 3 6 5 10 7 9 11 12 13 14 15 16 17 18 19,0 1 2 4 8 3 6 9 5 12 11 10 16 13 7 19 21 64 14 15,phoneme,db1,usage,93,250,250,0
W-CART,W-CART:cart,8,1.5,0.108,0.1384385133449738,0 1 2 4 8 3 6 5 10 7 9 11 12 13 14 15 16 17 18 19,0 1 2 4 8 3 6 9 5 12 11 10 16 13 7 19 21 64 14 15,phoneme,db1,usage,93,250,250,0
ALL,W-NN:k=9,9,2.0,0.076,0.11224744325268146,0 1 2 4 8 3 5 6 7 9 10 11 12 13 14 15 16 17 18 19,0 1 2 4 8 3 6 9 5 12 11 10 16 13 7 19 21 64 14 15,phoneme,db1,usage,93,250,250,0
W-NN,W-NN:k=3,9,,0.092,0.1124968820154652,0 1 2 4 3 8 6 9 5 11 10 12 64 7 16 32 18 13 65 14,0 1 2 4 3 8 6 9 5 11 10 12 64 7 16 32 18 13 65 14,phoneme,db1,energy,94,250,250,0
W-QDA,W-QDA:qda,5,,0.068,0.09279121975555,0 1 2 4 3 8 6 9 5 11 10 12 64 7 16 32 18 13 65 14,0 1 2 4 3 8 6 9 5 11 10 12 64 7 16 32 18 13 65 14,phoneme,db1,energy,94,250,250,0
W-CART,W-CART:cart,15,,0.084,0.1274632077824894,0 1 2 4 3 8 6 9 5 11 10 12 64 7 16 32 18 13 65 14,0 1 2 4 3 8 6 9 5 11 10 12 64 7 16 32 18 13 65 14,phoneme,db1,energy,94,250,250,0
ALL,W-QDA:qda,5,,0.068,0.09279121975555,0 1 2 4 3 8 6 9 5 11 10 12 64 7 16 32 18 13 65 14,0 1 2 4 3 8 6 9 5 11 10 12 64 7 16 32 18 13 65 14,phoneme,db1,energy,94,250,250,0
W-NN,W-NN:k=7,11,1.5,0.088,0.09927662758792716,0 1 2 4 8 3 6 5 7 9 10 11 12 13 14 15 16 17 18 19,0 1 2 4 8 3 6 5 11 12 9 10 7 13 16 17 19 32 34 64,phoneme,db1,usage,94,250,250,0
W-QDA,W-QDA:qda,5,0.5,0.064,0.08281366924420056,0 1 2 4 8 9 3 5 6 64 10 11 16 12 7 18 32 13 19 65,0 1 2 4 8 3 6 5 11 12 9 10 7 13 16 17 19 32 34 64,phoneme,db1,usage,94,250,250,0
W-CART,W-CART:cart,12,1.0,0.084,0.14218009478672985,0 1 2 4 8 3 6 5 11 12 9 10 7 13 16 17 19 32 34 64,0 1 2 4 8 3 6 5 11 12 9 10 7 13 16 17 19 32 34 64,phoneme,db1,usage,94,250,250,0
ALL,W-QDA:qda,5,0.5,0.064,0.08281366924420056,0 1 2 4 8 9 3 5 6 64 10 11 16 12 7 18 32 13 19 65,0 1 2 4 8 3 6 5 11 12 9 10 7 13 16 17 19 32 34 64,phoneme,db1,usage,94,250,250,0
W-NN,W-NN:k=3,44,,0.096,0.10002494387627837,0 1 2 4 8 3 6 9 5 12 11 10 16 64 7 18 32 13 23 14,0 1 2 4 8 3 6 9 5 12 11 10 16 64 7 18 32 13 23 14,phoneme,db1,energy,95,250,250,0
W-QDA,W-QDA:qda,6,,0.096,0.09927662758792716,0 1 2 4 8 3 6 9 5 12 11 10 16 64 7 18 32 13 23 14,0 1 2 4 8 3 6 9 5 12 11 10 16 64 7 18 32 13 23 14,phoneme,db1,energy,95,250,250,0
W-CART,W-CART:cart,59,,0.116,0.12247443252681467,0 1 2 4 8 3 6 9 5 12 11 10 16 64 7 18 32 13 23 14,0 1 2 4 8 3 6 9 5 12 11 10 16 64 7 18 32 13 23 14,phoneme,db1,energy,95,250,250,0
ALL,W-QDA:qda,6,,0.096,0.09927662758792716,0 1 2 4 8 3 6 9 5 12 11 10 16 64 7 18 32 13 23 14,0 1 2 4 8 3 6 9 5 12 11 10 16 64 7 18 32 13 23 14,phoneme,db1,energy,95,250,250,0
W-NN,W-NN:k=3,35,1.5,0.096,0.10052382140184585,0 1 2 4 8 3 6 9 10 16 5 7 11 12 13 14 15 17 18 19,0 1 2 4 8 3 6 5 9 12 10 11 16 7 13 17 19 20 33 34,phoneme,db1,usage,95,250,250,0
W-QDA,W-QDA:qda,4,0.5,0.092,0.10875530057370915,0 1 2 8 4 9 3 5 6 10 11 64 12 16 18 7 32 14 23 13,0 1 2 4 8 3 6 5 9 12 10 11 16 7 13 17 19 20 33 34,phoneme,db1,usage,95,250,250,0
W-CART,W-CART:cart,56,1.5,0.108,0.12596657520578697,0 1 2 4 8 3 6 9 10 16 5 7 11 12 13 14 15 17 18 19,0 1 2 4 8 3 6 5 9 12 10 11 16 7 13 17 19 20 33 34,phoneme,db1,usage,95,250,250,0
ALL,W-QDA:qda,4,0.5,0.092,0.10875530057370915,0 1 2 8 4 9 3 5 6 10 11 64 12 16 18 7 32 14 23 13,0 1 2 4 8 3 6 5 9 12 10 11 16 7 13 17 19 20 33 34,phoneme,db1,usage,95,250,250,0
W-NN,W-NN:k=15,14,,0.08,0.10651035170865553,0 1 2 4 3 8 6 9 5 11 7 12 10 64 16 18 13 32 14 15,0 1 2 4 3 8 6 9 5 11 7 12 10 64 16 18 13 32 14 15,phoneme,db1,energy,96,250,250,0
W-QDA,W-QDA:qda,6,,0.076,0.08705412821152407,0 1 2 4 3 8 6 9 5 11 7 12 10 64 16 18 13 32 14 15,0 1 2 4 3 8 6 9 5 11 7 12 10 64 16 18 13 32 14 15,phoneme,db1,energy,96,250,250,0
W-CART,W-CART:cart,4,,0.1,0.1254676976802195,0 1 2 4 3 8 6 9 5 11 7 12 10 64 16 18 13 32 14 15,0 1 2 4 3 8 6 9 5 11 7 12 10 64 16 18 13 32 14 15,phoneme,db1,energy,96,250,250,0
ALL,W-QDA:qda,6,,0.076,0.08705412821152407,0 1 2 4 3 8 6 9 5 11 7 12 10 64 16 18 13 32 14 15,0 1 2 4 3 8 6 9 5 11 7 12 10 64 16 18 13 32 14 15,phoneme,db1,energy,96,250,250,0
W-NN,W-NN:k=15,12,1.5,0.076,0.10651035170865553,0 1 2 4 8 3 6 5 7 9 10 11 12 13 14 15 16 17 18 19,0 1 2 4 3 8 6 5 11 12 7 9 16 13 64 10 14 15 17 18,phoneme,db1,usage,96,250,250,0
W-QDA,W-QDA:qda,5,0.5,0.072,0.07957096532801197,0 1 2 4 8 9 3 5 6 64 11 10 12 18 7 16 13 15 14 24,0 1 2 4 3 8 6 5 11 12 7 9 16 13 64 10 14 15 17 18,phoneme,db1,usage,96,250,250,0
W-CART,W-CART:cart,6,3.0,0.096,0.13369917685208282,0 1 2 3 4 5 6 7 8 9 10 11 12 13 14 15 16 17 18 19,0 1 2 4 3 8 6 5 11 12 7 9 16 13 64 10 14 15 17 18,phoneme,db1,usage,96,250,250,0
ALL,W-QDA:qda,5,0.5,0.072,0.07957096532801197,0 1 2 4 8 9 3 5 6 64 11 10 12 18 7 16 13 15 14 24,0 1 2 4 3 8 6 5 11 12 7 9 16 13 64 10 14 15 17 18,phoneme,db1,usage,96,250,250,0
W-NN,W-NN:k=5,37,,0.08,0.11299575954103268,0 1 2 4 3 8 9 6 5 10 11 64 7 12 16 18 13 32 20 14,0 1 2 4 3 8 9 6 5 10 11 64 7 12 16 18 13 32 20 14,phoneme,db1,energy,97,250,250,0
W-QDA,W-QDA:qda,11,,0.088,0.11299575954103268,0 1 2 4 3 8 9 6 5 10 11 64 7 12 16 18 13 32 20 14,0 1 2 4 3 8 9 6 5 10 11 64 7 12 16 18 13 32 20 14,phoneme,db1,energy,97,250,250,0
W-CART,W-CART:cart,34,,0.104,0.12097779995011225,0 1 2 4 3 8 9 6 5 10 11 64 7 12 16 18 13 32 20 14,0 1 2 4 3 8 9 6 5 10 11 64 7 12 16 18 13 32 20 14,phoneme,db1,energy,97,250,250,0
ALL,W-NN:k=5,37,,0.08,0.11299575954103268,0 1 2 4 3 8 9 6 5 10 11 64 7 12 16 18 13 32 20 14,0 1 2 4 3 8 9 6 5 10 11 64 7 12 16 18 13 32 20 14,phoneme,db1,energy,97,250,250,0
W-NN,W-NN:k=9,5,0.5,0.084,0.10675979047143926,0 1 2 8 4 9 3 5 6 64 10 7 11 12 16 18 13 32 65 14,0 1 2 4 3 8 5 6 9 11 12 16 64 7 10 18 13 15 19 32,phoneme,db1,usage,97,250,250,0
W-QDA,W-QDA:qda,7,2.0,0.088,0.10326764779246694,0 1 2 4 8 3 10 5 6 7 9 11 12 13 14 15 16 17 18 19,0 1 2 4 3 8 5 6 9 11 12 16 64 7 10 18 13 15 19 32,phoneme,db1,usage,97,250,250,0
W-CART,W-CART:cart,55,3.0,0.104,0.12696433025692191,0 1 2 3 4 5 6 7 8 9 10 11 12 13 14 15 16 17 18 19,0 1 2 4 3 8 5 6 9 11 12 16 64 7 10 18 13 15 19 32,phoneme,db1,usage,97,250,250,0
ALL,W-NN:k=9,5,0.5,0.084,0.10675979047143926,0 1 2 8 4 9 3 5 6 64 10 7 11 12 16 18 13 32 65 14,0 1 2 4 3 8 5 6 9 11 12 16 64 7 10 18 13 15 19 32,phoneme,db1,usage,97,250,250,0
W-NN,W-NN:k=25,30,,0.084,0.10750810675979047,0 1 2 4 3 8 9 6 5 10 12 11 64 16 7 18 32 13 14 15,0 1 2 4 3 8 9 6 5 10 12 11 64 16 7 18 32 13 14 15,phoneme,db1,energy,98,250,250,0
W-QDA,W-QDA:qda,10,,0.1,0.0995260663507109,0 1 2 4 3 8 9 6 5 10 12 11 64 16 7 18 32 13 14 15,0 1 2 4 3 8 9 6 5 10 12 11 64 16 7 18 32 13 14 15,phoneme,db1,energy,98,250,250,0
W-CART,W-CART:cart,6,,0.148,0.12646545273135446,0 1 2 4 3 8 9 6 5 10 12 11 64 16 7 18 32 13 14 15,0 1 2 4 3 8 9 6 5 10 12 11 64 16 7 18 32 13 14 15,phoneme,db1,energy,98,250,250,0
ALL,W-NN:k=25,30,,0.084,0.10750810675979047,0 1 2 4 3 8 9 6 5 10 12 11 64 16 7 18 32 13 14 15,0 1 2 4 3 8 9 6 5 10 12 11 64 16 7 18 32 13 14 15,phoneme,db1,energy,98,250,250,0
W-NN,W-NN:k=25,14,0.5,0.084,0.10825642304814168,0 1 2 4 8 9 3 5 6 10 64 12 11 18 7 16 13 32 15 24,0 1 2 4 3 8 6 5 12 9 11 7 10 16 17 20 32 64 13 14,phoneme,db1,usage,98,250,250,0
W-QDA,W-QDA:qda,14,0.5,0.092,0.10326764779246694,0 1 2 4 8 9 3 5 6 10 64 12 11 18 7 16 13 32 15 24,0 1 2 4 3 8 6 5 12 9 11 7 10 16 17 20 32 64 13 14,phoneme,db1,usage,98,250,250,0
W-CART,W-CART:cart,5,0.5,0.144,0.12846096283362435,0 1 2 4 8 9 3 5 6 10 64 12 11 18 7 16 13 32 15 24,0 1 2 4 3 8 6 5 12 9 11 7 10 16 17 20 32 64 13 14,phoneme,db1,usage,98,250,250,0
ALL,W-NN:k=25,14,0.5,0.084,0.10825642304814168,0 1 2 4 8 9 3 5 6 10 64 12 11 18 7 16 13 32 15 24,0 1 2 4 3 8 6 5 12 9 11 7 10 16 17 20 32 64 13 14,phoneme,db1,usage,98,250,250,0
W-NN,W-NN:k=5,53,,0.092,0.10177101521576452,0 1 2 4 3 8 6 9 5 11 10 12 64 7 16 18 32 13 15 14,0 1 2 4 3 8 6 9 5 11 10 12 64 7 16 18 32 13 15 14,phoneme,db1,energy,99,250,250,0
W-QDA,W-QDA:qda,4,,0.08,0.08904963831379396,0 1 2 4 3 8 6 9 5 11 10 12 64 7 16 18 32 13 15 14,0 1 2 4 3 8 6 9 5 11 10 12 64 7 16 18 32 13 15 14,phoneme,db1,energy,99,250,250,0
W-CART,W-CART:cart,57,,0.084,0.1015215764529808,0 1 2 4 3 8 6 9 5 11 10 12 64 7 16 18 32 13 15 14,0 1 2 4 3 8 6 9 5 11 10 12 64 7 16 18 32 13 15 14,phoneme,db1,energy,99,250,250,0
ALL,W-QDA:qda,4,,0.08,0.08904963831379396,0 1 2 4 3 8 6 9 5 11 10 12 64 7 16 18 32 13 15 14,0 1 2 4 3 8 6 9 5 11 10 12 64 7 16 18 32 13 15 14,phoneme,db1,energy,99,250,250,0
W-NN,W-NN:k=15,5,0.5,0.08,0.0995260663507109,0 1 2 4 8 9 3 5 6 10 64 12 16 11 7 18 32 13 14 15,0 1 2 4 8 3 6 5 11 12 9 10 21 16 17 33 130 194 7 13,phoneme,db1,usage,99,250,250,0
W-QDA,W-QDA:qda,4,0.5,0.08,0.08904963831379396,0 1 2 4 8 9 3 5 6 10 64 12 16 11 7 18 32 13 14 15,0 1 2 4 8 3 6 5 11 12 9 10 21 16 17 33 130 194 7 13,phoneme,db1,usage,99,250,250,0
W-CART,W-CART:cart,59,1.0,0.076,0.09802943377400848,0 1 2 4 8 3 6 5 11 12 9 10 21 16 17 33 130 194 7 13,0 1 2 4 8 3 6 5 11 12 9 10 21 16 17 33 130 194 7 13,phoneme,db1,usage,99,250,250,0
ALL,W-CART:cart,59,1.0,0.076,0.09802943377400848,0 1 2 4 8 3 6 5 11 12 9 10 21 16 17 33 130 194 7 13,0 1 2 4 8 3 6 5 11 12 9 10 21 16 17 33 130 194 7 13,phoneme,db1,usage,99,250,250,0
W-NN,W-NN:k=15,11,,0.076,0.11324519830381641,0 2 1 4 3 8 16 6 5 7 9 11 10 12 13 15 32 14 64 20,0 2 1 4 3 8 16 6 5 7 9 11 10 12 13 15 32 14 64 20,phoneme,db2,energy,0,250,250,0
W-QDA,W-QDA:qda,6,,0.076,0.09104514841606386,0 2 1 4 3 8 16 6 5 7 9 11 10 12 13 15 32 14 64 20,0 2 1 4 3 8 16 6 5 7 9 11 10 12 13 15 32 14 64 20,phoneme,db2,energy,0,250,250,0
W-CART,W-CART:cart,7,,0.112,0.15041157395859317,0 2 1 4 3 8 16 6 5 7 9 11 10 12 13 15 32 14 64 20,0 2 1 4 3 8 16 6 5 7 9 11 10 12 13 15 32 14 64 20,phoneme,db2,energy,0,250,250,0
ALL,W-QDA:qda,6,,0.076,0.09104514841606386,0 2 1 4 3 8 16 6 5 7 9 11 10 12 13 15 32 14 64 20,0 2 1 4 3 8 16 6 5 7 9 11 10 12 13 15 32 14 64 20,phoneme,db2,energy,0,250,250,0
W-NN,W-NN:k=15,5,0.5,0.072,0.11748565727113994,0 2 1 4 8 3 16 7 9 5 6 11 10 15 12 32 13 14 64 17,0 2 1 3 4 8 16 6 5 7 9 10 11 12 13 255 17 19 32 66,phoneme,db2,usage,0,250,250,0
W-QDA,W-QDA:qda,6,0.5,0.076,0.09104514841606386,0 2 1 4 8 3 16 7 9 5 6 11 10 15 12 32 13 14 64 17,0 2 1 3 4 8 16 6 5 7 9 10 11 12 13 255 17 19 32 66,phoneme,db2,usage,0,250,250,0
W-CART,W-CART:cart,7,2.0,0.092,0.14218009478672985,0 2 4 1 3 8 5 6 7 9 10 11 12 13 14 15 16 17 18 19,0 2 1 3 4 8 16 6 5 7 9 10 11 12 13 255 17 19 32 66,phoneme,db2,usage,0,250,250,0
ALL,W-NN:k=15,5,0.5,0.072,0.11748565727113994,0 2 1 4 8 3 16 7 9 5 6 11 10 15 12 32 13 14 64 17,0 2 1 3 4 8 16 6 5 7 9 10 11 12 13 255 17 19 32 66,phoneme,db2,usage,0,250,250,0
W-NN,W-NN:k=15,15,,0.1,0.10177101521576452,0 2 1 4 3 8 16 5 6 9 7 11 10 15 12 32 13 14 65 64,0 2 1 4 3 8 16 5 6 9 7 11 10 15 12 32 13 14 65 64,phoneme,db2,energy,1,250,250,0
W-QDA,W-QDA:qda,6,,0.096,0.09578448490895485,0 2 1 4 3 8 16 5 6 9 7 11 10 15 12 32 13 14 65 64,0 2 1 4 3 8 16 5 6 9 7 11 10 15 12 32 13 14 65 64,phoneme,db2,energy,1,250,250,0
W-CART,W-CART:cart,7,,0.104,0.1172362185083562,0 2 1 4 3 8 16 5 6 9 7 11 10 15 12 32 13 14 65 64,0 2 1 4 3 8 16 5 6 9 7 11 10 15 12 32 13 14 65 64,phoneme,db2,energy,1,250,250,0
ALL,W-QDA:qda,6,,0.096,0.09578448490895485,0 2 1 4 3 8 16 5 6 9 7 11 10 15 12 32 13 14 65 64,0 2 1 4 3 8 16 5 6 9 7 11 10 15 12 32 13 14 65 64,phoneme,db2,energy,1,250,250,0
W-NN,W-NN:k=3,9,0.5,0.096,0.1227238712895984,0 1 2 3 8 4 16 5 9 7 6 10 11 15 32 12 13 65 14 17,0 2 1 3 4 8 16 6 5 7 9 11 32 10 15 21 12 14 18 65,phoneme,db2,usage,1,250,250,0
W-QDA,W-QDA:qda,6,0.5,0.096,0.09578448490895485,0 1 2 3 8 4 16 5 9 7 6 10 11 15 32 12 13 65 14 17,0 2 1 3 4 8 16 6 5 7 9 11 32 10 15 21 12 14 18 65,phoneme,db2,usage,1,250,250,0
W-CART,W-CART:cart,7,1.0,0.104,0.1172362185083562,0 2 1 3 4 8 16 6 5 7 9 11 32 10 15 21 12 14 18 65,0 2 1 3 4 8 16 6 5 7 9 11 32 10 15 21 12 14 18 65,phoneme,db2,usage,1,250,250,0
ALL,W-QDA:qda,6,0.5,0.096,0.09578448490895485,0 1 2 3 8 4 16 5 9 7 6 10 11 15 32 12 13 65 14 17,0 2 1 3 4 8 16 6 5 7 9 11 32 10 15 21 12 14 18 65,phoneme,db2,usage,1,250,250,0
W-NN,W-NN:k=3,40,,0.104,0.1144923921177351,0 2 1 4 3 8 6 16 5 7 9 11 10 12 15 32 14 13 64 65,0 2 1 4 3 8 6 16 5 7 9 11 10 12 15 32 14 13 64 65,phoneme,db2,energy,2,250,250,0
W-QDA,W-QDA:qda,13,,0.1,0.09279121975555,0 2 1 4 3 8 6 16 5 7 9 11 10 12 15 32 14 13 64 65,0 2 1 4 3 8 6 16 5 7 9 11 10 12 15 32 14 13 64 65,phoneme,db2,energy,2,250,250,0
W-CART,W-CART:cart,19,,0.132,0.13120478922424544,0 2 1 4 3 8 6 16 5 7 9 11 10 12 15 32 14 13 64 65,0 2 1 4 3 8 6 16 5 7 9 11 10 12 15 32 14 13 64 65,phoneme,db2,energy,2,250,250,0
ALL,W-QDA:qda,13,,0.1,0.09279121975555,0 2 1 4 3 8 6 16 5 7 9 11 10 12 15 32 14 13 64 65,0 2 1 4 3 8 6 16 5 7 9 11 10 12 15 32 14 13 64 65,phoneme,db2,energy,2,250,250,0
W-NN,W-NN:k=3,13,0.5,0.108,0.1097530556248441,0 2 1 4 8 3 16 5 6 9 7 11 10 15 12 32 14 65 255 17,0 2 1 3 4 8 16 6 7 5 9 11 12 10 255 19 15 17 32 99,phoneme,db2,usage,2,250,250,0
W-QDA,W-QDA:qda,12,1.5,0.1,0.09279121975555,0 2 1 4 3 8 16 6 5 7 10 9 11 12 13 14 15 17 18 19,0 2 1 3 4 8 16 6 7 5 9 11 12 10 255 19 15 17 32 99,phoneme,db2,usage,2,250,250,0
W-CART,W-CART:cart,18,1.5,0.132,0.1274632077824894,0 2 1 4 3 8 16 6 5 7 10 9 11 12 13 14 15 17 18 19,0 2 1 3 4 8 16 6 7 5 9 11 12 10 255 19 15 17 32 99,phoneme,db2,usage,2,250,250,0
ALL,W-QDA:qda,12,1.5,0.1,0.09279121975555,0 2 1 4 3 8 16 6 5 7 10 9 11 12 13 14 15 17 18 19,0 2 1 3 4 8 16 6 7 5 9 11 12 10 255 19 15 17 32 99,phoneme,db2,usage,2,250,250,0
W-NN,W-NN:k=9,9,,0.08,0.107009229234223,0 2 1 4 3 8 16 6 5 7 9 11 10 12 15 13 32 14 64 20,0 2 1 4 3 8 16 6 5 7 9 11 10 12 15 13 32 14 64 20,phoneme,db2,energy,3,250,250,0
W-QDA,W-QDA:qda,8,,0.072,0.10052382140184585,0 2 1 4 3 8 16 6 5 7 9 11 10 12 15 13 32 14 64 20,0 2 1 4 3 8 16 6 5 7 9 11 10 12 15 13 32 14 64 20,phoneme,db2,energy,3,250,250,0
W-CART,W-CART:cart,20,,0.084,0.11499126964330257,0 2 1 4 3 8 16 6 5 7 9 11 10 12 15 13 32 14 64 20,0 2 1 4 3 8 16 6 5 7 9 11 10 12 15 13 32 14 64 20,phoneme,db2,energy,3,250,250,0
ALL,W-QDA:qda,8,,0.072,0.10052382140184585,0 2 1 4 3 8 16 6 5 7 9 11 10 12 15 13 32 14 64 20,0 2 1 4 3 8 16 6 5 7 9 11 10 12 15 13 32 14 64 20,phoneme,db2,energy,3,250,250,0
W-NN,W-NN:k=3,6,3.0,0.068,0.11898228984784236,0 2 4 1 3 5 6 7 8 9 10 11 12 13 14 15 16 17 18 19,0 2 1 3 4 8 16 6 5 7 9 10 11 15 12 130 13 17 19 20,phoneme,db2,usage,3,250,250,0
W-QDA,W-QDA:qda,9,0.5,0.068,0.09877775006235968,0 2 1 4 3 8 16 5 7 6 9 10 11 15 12 13 32 17 64 14,0 2 1 3 4 8 16 6 5 7 9 10 11 15 12 130 13 17 19 20,phoneme,db2,usage,3,250,250,0
W-CART,W-CART:cart,14,1.5,0.076,0.12122723871289598,0 2 1 4 3 8 16 6 5 7 9 10 11 12 13 14 15 17 18 19,0 2 1 3 4 8 16 6 5 7 9 10 11 15 12 130 13 17 19 20,phoneme,db2,usage,3,250,250,0
ALL,W-NN:k=3,6,3.0,0.068,0.11898228984784236,0 2 4 1 3 5 6 7 8 9 10 11 12 13 14 15 16 17 18 19,0 2 1 3 4 8 16 6 5 7 9 10 11 15 12 130 13 17 19 20,phoneme,db2,usage,3,250,250,0
W-NN,W-NN:k=3,9,,0.08,0.1077575455225742,0 2 1 4 3 8 16 5 6 7 9 11 10 12 15 32 13 14 64 65,0 2 1 4 3 8 16 5 6 7 9 11 10 12 15 32 13 14 64 65,phoneme,db2,energy,4,250,250,0
W-QDA,W-QDA:qda,6,,0.096,0.09927662758792716,0 2 1 4 3 8 16 5 6 7 9 11 10 12 15 32 13 14 64 65,0 2 1 4 3 8 16 5 6 7 9 11 10 12 15 32 13 14 64 65,phoneme,db2,energy,4,250,250,0
W-CART,W-CART:cart,28,,0.108,0.12297331005238214,0 2 1 4 3 8 16 5 6 7 9 11 10 12 15 32 13 14 64 65,0 2 1 4 3 8 16 5 6 7 9 11 10 12 15 32 13 14 64 65,phoneme,db2,energy,4,250,250,0
ALL,W-NN:k=3,9,,0.08,0.1077575455225742,0 2 1 4 3 8 16 5 6 7 9 11 10 12 15 32 13 14 64 65,0 2 1 4 3 8 16 5 6 7 9 11 10 12 15 32 13 14 64 65,phoneme,db2,energy,4,250,250,0
W-NN,W-NN:k=3,7,3.0,0.08,0.11673734098278872,0 2 1 4 3 5 6 7 8 9 10 11 12 13 14 15 16 17 18 19,0 2 1 3 4 8 16 6 5 7 9 11 12 10 19 32 13 65 66 255,phoneme,db2,usage,4,250,250,0
W-QDA,W-QDA:qda,5,0.5,0.096,0.10251933150411574,0 1 2 4 8 3 16 5 7 6 9 11 10 15 12 32 13 65 14 19,0 2 1 3 4 8 16 6 5 7 9 11 12 10 19 32 13 65 66 255,phoneme,db2,usage,4,250,250,0
W-CART,W-CART:cart,12,3.0,0.112,0.1329508605637316,0 2 1 4 3 5 6 7 8 9 10 11 12 13 14 15 16 17 18 19,0 2 1 3 4 8 16 6 5 7 9 11 12 10 19 32 13 65 66 255,phoneme,db2,usage,4,250,250,0
ALL,W-NN:k=3,7,3.0,0.08,0.11673734098278872,0 2 1 4 3 5 6 7 8 9 10 11 12 13 14 15 16 17 18 19,0 2 1 3 4 8 16 6 5 7 9 11 12 10 19 32 13 65 66 255,phoneme,db2,usage,4,250,250,0
W-NN,W-NN:k=5,29,,0.068,0.102269892741332,0 2 1 4 3 8 16 6 5 9 7 11 10 12 32 15 13 64 14 65,0 2 1 4 3 8 16 6 5 9 7 11 10 12 32 15 13 64 14 65,phoneme,db2,energy,5,250,250,0
W-QDA,W-QDA:qda,10,,0.06,0.09353953604390122,0 2 1 4 3 8 16 6 5 9 7 11 10 12 32 15 13 64 14 65,0 2 1 4 3 8 16 6 5 9 7 11 10 12 32 15 13 64 14 65,phoneme,db2,energy,5,250,250,0
W-CART,W-CART:cart,10,,0.076,0.10476428036916936,0 2 1 4 3 8 16 6 5 9 7 11 10 12 32 15 13 64 14 65,0 2 1 4 3 8 16 6 5 9 7 11 10 12 32 15 13 64 14 65,phoneme,db2,energy,5,250,250,0
ALL,W-QDA:qda,10,,0.06,0.09353953604390122,0 2 1 4 3 8 16 6 5 9 7 11 10 12 32 15 13 64 14 65,0 2 1 4 3 8 16 6 5 9 7 11 10 12 32 15 13 64 14 65,phoneme,db2,energy,5,250,250,0
W-NN,W-NN:k=7,21,1.0,0.064,0.10202045397854827,0 2 1 3 4 8 16 6 5 7 9 11 32 10 19 12 15 18 99 127,0 2 1 3 4 8 16 6 5 7 9 11 32 10 19 12 15 18 99 127,phoneme,db2,usage,5,250,250,0
W-QDA,W-QDA:qda,9,0.5,0.056,0.09353953604390122,0 1 2 3 4 8 16 5 9 7 6 11 10 12 15 32 13 65 64 14,0 2 1 3 4 8 16 6 5 7 9 11 32 10 19 12 15 18 99 127,phoneme,db2,usage,5,250,250,0
W-CART,W-CART:cart,13,1.0,0.072,0.10601147418308805,0 2 1 3 4 8 16 6 5 7 9 11 32 10 19 12 15 18 99 127,0 2 1 3 4 8 16 6 5 7 9 11 32 10 19 12 15 18 99 127,phoneme,db2,usage,5,250,250,0
ALL,W-QDA:qda,9,0.5,0.056,0.09353953604390122,0 1 2 3 4 8 16 5 9 7 6 11 10 12 15 32 13 65 64 14,0 2 1 3 4 8 16 6 5 7 9 11 32 10 19 12 15 18 99 127,phoneme,db2,usage,5,250,250,0
W-NN,W-NN:k=7,4,,0.096,0.1322025442753804,0 2 4 1 3 8 16 5 6 7 9 11 10 12 15 13 32 64 65 20,0 2 4 1 3 8 16 5 6 7 9 11 10 12 15 13 32 64 65 20,phoneme,db2,energy,6,250,250,0
W-QDA,W-QDA:qda,8,,0.064,0.09728111748565726,0 2 4 1 3 8 16 5 6 7 9 11 10 12 15 13 32 64 65 20,0 2 4 1 3 8 16 5 6 7 9 11 10 12 15 13 32 64 65 20,phoneme,db2,energy,6,250,250,0
W-CART,W-CART:cart,61,,0.084,0.13744075829383887,0 2 4 1 3 8 16 5 6 7 9 11 10 12 15 13 32 64 65 20,0 2 4 1 3 8 16 5 6 7 9 11 10 12 15 13 32 64 65 20,phoneme,db2,energy,6,250,250,0
ALL,W-QDA:qda,8,,0.064,0.09728111748565726,0 2 4 1 3 8 16 5 6 7 9 11 10 12 15 13 32 64 65 20,0 2 4 1 3 8 16 5 6 7 9 11 10 12 15 13 32 64 65 20,phoneme,db2,energy,6,250,250,0
W-NN,W-NN:k=3,42,0.5,0.088,0.11149912696433026,0 2 1 3 4 8 5 16 6 9 7 11 10 15 12 32 13 65 255 66,0 2 1 3 4 8 16 6 5 7 10 9 11 15 13 20 32 12 18 19,phoneme,db2,usage,6,250,250,0
W-QDA,W-QDA:qda,7,0.5,0.064,0.0947867298578199,0 2 1 3 4 8 5 16 6 9 7 11 10 15 12 32 13 65 255 66,0 2 1 3 4 8 16 6 5 7 10 9 11 15 13 20 32 12 18 19,phoneme,db2,usage,6,250,250,0
W-CART,W-CART:cart,56,1.0,0.084,0.1459216762284859,0 2 1 3 4 8 16 6 5 7 10 9 11 15 13 20 32 12 18 19,0 2 1 3 4 8 16 6 5 7 10 9 11 15 13 20 32 12 18 19,phoneme,db2,usage,6,250,250,0
ALL,W-QDA:qda,7,0.5,0.064,0.0947867298578199,0 2 1 3 4 8 5 16 6 9 7 11 10 15 12 32 13 65 255 66,0 2 1 3 4 8 16 6 5 7 10 9 11 15 13 20 32 12 18 19,phoneme,db2,usage,6,250,250,0
W-NN,W-NN:k=7,14,,0.092,0.10800698428535795,0 2 4 1 3 8 16 6 5 7 9 10 11 12 15 32 13 64 14 65,0 2 4 1 3 8 16 6 5 7 9 10 11 12 15 32 13 64 14 65,phoneme,db2,energy,7,250,250,0
W-QDA,W-QDA:qda,8,,0.088,0.10052382140184585,0 2 4 1 3 8 16 6 5 7 9 10 11 12 15 32 13 64 14 65,0 2 4 1 3 8 16 6 5 7 9 10 11 12 15 32 13 64 14 65,phoneme,db2,energy,7,250,250,0
W-CART,W-CART:cart,14,,0.116,0.1172362185083562,0 2 4 1 3 8 16 6 5 7 9 10 11 12 15 32 13 64 14 65,0 2 4 1 3 8 16 6 5 7 9 10 11 12 15 32 13 64 14 65,phoneme,db2,energy,7,250,250,0
ALL,W-QDA:qda,8,,0.088,0.10052382140184585,0 2 4 1 3 8 16 6 5 7 9 10 11 12 15 32 13 64 14 65,0 2 4 1 3 8 16 6 5 7 9 10 11 12 15 32 13 64 14 65,phoneme,db2,energy,7,250,250,0
W-NN,W-NN:k=7,10,0.5,0.088,0.11000249438762784,0 1 2 4 8 3 16 6 5 9 7 10 11 32 12 15 65 14 13 255,0 2 1 3 8 4 16 6 7 5 9 15 10 11 12 19 31 17 32 127,phoneme,db2,usage,7,250,250,0
W-QDA,W-QDA:qda,20,1.5,0.072,0.1077575455225742,0 2 1 4 3 8 16 5 6 10 7 9 11 12 13 14 15 17 18 19,0 2 1 3 8 4 16 6 7 5 9 15 10 11 12 19 31 17 32 127,phoneme,db2,usage,7,250,250,0
W-CART,W-CART:cart,10,3.0,0.104,0.1219755550012472,0 2 4 1 3 8 5 6 7 9 10 11 12 13 14 15 16 17 18 19,0 2 1 3 8 4 16 6 7 5 9 15 10 11 12 19 31 17 32 127,phoneme,db2,usage,7,250,250,0
ALL,W-QDA:qda,20,1.5,0.072,0.1077575455225742,0 2 1 4 3 8 16 5 6 10 7 9 11 12 13 14 15 17 18 19,0 2 1 3 8 4 16 6 7 5 9 15 10 11 12 19 31 17 32 127,phoneme,db2,usage,7,250,250,0
W-NN,W-NN:k=7,15,,0.1,0.10301820902968321,0 2 1 4 3 8 6 16 5 7 9 10 11 12 15 13 32 14 64 65,0 2 1 4 3 8 6 16 5 7 9 10 11 12 15 13 32 14 64 65,phoneme,db2,energy,8,250,250,0
W-QDA,W-QDA:qda,6,,0.088,0.09628336243452232,0 2 1 4 3 8 6 16 5 7 9 10 11 12 15 13 32 14 64 65,0 2 1 4 3 8 6 16 5 7 9 10 11 12 15 13 32 14 64 65,phoneme,db2,energy,8,250,250,0
W-CART,W-CART:cart,12,,0.108,0.1124968820154652,0 2 1 4 3 8 6 16 5 7 9 10 11 12 15 13 32 14 64 65,0 2 1 4 3 8 6 16 5 7 9 10 11 12 15 13 32 14 64 65,phoneme,db2,energy,8,250,250,0
ALL,W-QDA:qda,6,,0.088,0.09628336243452232,0 2 1 4 3 8 6 16 5 7 9 10 11 12 15 13 32 14 64 65,0 2 1 4 3 8 6 16 5 7 9 10 11 12 15 13 32 14 64 65,phoneme,db2,energy,8,250,250,0
W-NN,W-NN:k=7,12,3.0,0.1,0.10376652531803442,0 2 4 1 3 5 6 7 8 9 10 11 12 13 14 15 16 17 18 19,0 2 1 3 4 8 16 6 7 5 9 10 19 11 12 63 31 32 51 255,phoneme,db2,usage,8,250,250,0
W-QDA,W-QDA:qda,6,0.5,0.088,0.09628336243452232,0 2 1 4 3 8 16 5 6 7 9 10 11 15 12 32 13 14 65 255,0 2 1 3 4 8 16 6 7 5 9 10 19 11 12 63 31 32 51 255,phoneme,db2,usage,8,250,250,0
W-CART,W-CART:cart,12,0.5,0.108,0.11050137191319531,0 2 1 4 3 8 16 5 6 7 9 10 11 15 12 32 13 14 65 255,0 2 1 3 4 8 16 6 7 5 9 10 19 11 12 63 31 32 51 255,phoneme,db2,usage,8,250,250,0
ALL,W-QDA:qda,6,0.5,0.088,0.09628336243452232,0 2 1 4 3 8 16 5 6 7 9 10 11 15 12 32 13 14 65 255,0 2 1 3 4 8 16 6 7 5 9 10 19 11 12 63 31 32 51 255,phoneme,db2,usage,8,250,250,0
W-NN,W-NN:k=15,17,,0.092,0.09603392367173859,0 2 1 4 3 8 16 5 6 7 9 10 11 12 15 32 13 64 65 22,0 2 1 4 3 8 16 5 6 7 9 10 11 12 15 32 13 64 65 22,phoneme,db2,energy,9,250,250,0
W-QDA,W-QDA:qda,8,,0.076,0.08705412821152407,0 2 1 4 3 8 16 5 6 7 9 10 11 12 15 32 13 64 65 22,0 2 1 4 3 8 16 5 6 7 9 10 11 12 15 32 13 64 65 22,phoneme,db2,energy,9,250,250,0
W-CART,W-CART:cart,8,,0.116,0.14966325767024197,0 2 1 4 3 8 16 5 6 7 9 10 11 12 15 32 13 64 65 22,0 2 1 4 3 8 16 5 6 7 9 10 11 12 15 32 13 64 65 22,phoneme,db2,energy,9,250,250,0
ALL,W-QDA:qda,8,,0.076,0.08705412821152407,0 2 1 4 3 8 16 5 6 7 9 10 11 12 15 32 13 64 65 22,0 2 1 4 3 8 16 5 6 7 9 10 11 12 15 32 13 64 65 22,phoneme,db2,energy,9,250,250,0
W-NN,W-NN:k=9,18,1.5,0.092,0.09827887253679221,0 2 1 4 3 8 16 5 6 7 9 10 11 12 13 14 15 17 18 19,0 2 1 3 4 8 16 5 6 7 10 11 9 12 15 17 32 198 255 13,phoneme,db2,usage,9,250,250,0
W-QDA,W-QDA:qda,12,1.0,0.068,0.09927662758792716,0 2 1 3 4 8 16 5 6 7 10 11 9 12 15 17 32 198 255 13,0 2 1 3 4 8 16 5 6 7 10 11 9 12 15 17 32 198 255 13,phoneme,db2,usage,9,250,250,0
W-CART,W-CART:cart,7,1.0,0.116,0.13719131953105512,0 2 1 3 4 8 16 5 6 7 10 11 9 12 15 17 32 198 255 13,0 2 1 3 4 8 16 5 6 7 10 11 9 12 15 17 32 198 255 13,phoneme,db2,usage,9,250,250,0
ALL,W-QDA:qda,12,1.0,0.068,0.09927662758792716,0 2 1 3 4 8 16 5 6 7 10 11 9 12 15 17 32 198 255 13,0 2 1 3 4 8 16 5 6 7 10 11 9 12 15 17 32 198 255 13,phoneme,db2,usage,9,250,250,0
W-NN,W-NN:k=9,15,,0.092,0.10251933150411574,0 2 4 1 3 8 6 16 5 7 9 11 10 12 15 32 14 65 13 64,0 2 4 1 3 8 6 16 5 7 9 11 10 12 15 32 14 65 13 64,phoneme,db2,energy,10,250,250,0
W-QDA,W-QDA:qda,7,,0.096,0.11000249438762784,0 2 4 1 3 8 6 16 5 7 9 11 10 12 15 32 14 65 13 64,0 2 4 1 3 8 6 16 5 7 9 11 10 12 15 32 14 65 13 64,phoneme,db2,energy,10,250,250,0
W-CART,W-CART:cart,33,,0.116,0.15490147168870042,0 2 4 1 3 8 6 16 5 7 9 11 10 12 15 32 14 65 13 64,0 2 4 1 3 8 6 16 5 7 9 11 10 12 15 32 14 65 13 64,phoneme,db2,energy,10,250,250,0
ALL,W-NN:k=9,15,,0.092,0.10251933150411574,0 2 4 1 3 8 6 16 5 7 9 11 10 12 15 32 14 65 13 64,0 2 4 1 3 8 6 16 5 7 9 11 10 12 15 32 14 65 13 64,phoneme,db2,energy,10,250,250,0
W-NN,W-NN:k=15,39,0.5,0.088,0.10850586181092542,0 2 1 3 4 8 16 7 6 5 9 11 10 32 15 12 65 64 14 17,0 2 1 3 8 4 16 6 7 5 11 9 10 19 12 21 13 18 32 50,phoneme,db2,usage,10,250,250,0
W-QDA,W-QDA:qda,2,3.0,0.092,0.12097779995011225,0 4 2 1 8 3 5 6 7 9 10 11 12 13 14 15 16 17 18 19,0 2 1 3 8 4 16 6 7 5 11 9 10 19 12 21 13 18 32 50,phoneme,db2,usage,10,250,250,0
W-CART,W-CART:cart,40,2.0,0.108,0.15315540034921427,0 2 4 1 3 8 16 5 6 7 9 10 11 12 13 14 15 17 18 19,0 2 1 3 8 4 16 6 7 5 11 9 10 19 12 21 13 18 32 50,phoneme,db2,usage,10,250,250,0
ALL,W-NN:k=15,39,0.5,0.088,0.10850586181092542,0 2 1 3 4 8 16 7 6 5 9 11 10 32 15 12 65 64 14 17,0 2 1 3 8 4 16 6 7 5 11 9 10 19 12 21 13 18 32 50,phoneme,db2,usage,10,250,250,0
W-NN,W-NN:k=3,5,,0.064,0.12347218757794962,0 2 1 4 3 8 16 6 5 7 9 10 11 12 15 32 13 14 64 20,0 2 1 4 3 8 16 6 5 7 9 10 11 12 15 32 13 14 64 20,phoneme,db2,energy,11,250,250,0
W-QDA,W-QDA:qda,16,,0.076,0.10825642304814168,0 2 1 4 3 8 16 6 5 7 9 10 11 12 15 32 13 14 64 20,0 2 1 4 3 8 16 6 5 7 9 10 11 12 15 32 13 14 64 20,phoneme,db2,energy,11,250,250,0
W-CART,W-CART:cart,48,,0.116,0.12496882015465204,0 2 1 4 3 8 16 6 5 7 9 10 11 12 15 32 13 14 64 20,0 2 1 4 3 8 16 6 5 7 9 10 11 12 15 32 13 14 64 20,phoneme,db2,energy,11,250,250,0
ALL,W-NN:k=3,5,,0.064,0.12347218757794962,0 2 1 4 3 8 16 6 5 7 9 10 11 12 15 32 13 14 64 20,0 2 1 4 3 8 16 6 5 7 9 10 11 12 15 32 13 14 64 20,phoneme,db2,energy,11,250,250,0
W-NN,W-NN:k=3,5,1.5,0.064,0.12347218757794962,0 2 1 4 3 8 16 5 6 7 9 10 11 12 13 14 15 17 18 19,0 2 1 3 8 4 16 6 5 7 9 10 32 11 19 21 15 18 99 130,phoneme,db2,usage,11,250,250,0
W-QDA,W-QDA:qda,9,2.0,0.064,0.10127213769019705,0 2 4 1 3 8 16 5 7 6 9 10 11 12 13 14 15 17 18 19,0 2 1 3 8 4 16 6 5 7 9 10 32 11 19 21 15 18 99 130,phoneme,db2,usage,11,250,250,0
W-CART,W-CART:cart,56,3.0,0.108,0.13594412571713643,0 2 4 1 8 3 5 6 7 9 10 11 12 13 14 15 16 17 18 19,0 2 1 3 8 4 16 6 5 7 9 10 32 11 19 21 15 18 99 130,phoneme,db2,usage,11,250,250,0
ALL,W-NN:k=3,5,1.5,0.064,0.12347218757794962,0 2 1 4 3 8 16 5 6 7 9 10 11 12 13 14 15 17 18 19,0 2 1 3 8 4 16 6 5 7 9 10 32 11 19 21 15 18 99 130,phoneme,db2,usage,11,250,250,0
W-NN,W-NN:k=5,14,,0.092,0.10401596408081816,0 2 1 4 3 8 16 6 5 7 9 11 10 12 13 32 15 64 65 14,0 2 1 4 3 8 16 6 5 7 9 11 10 12 13 32 15 64 65 14,phoneme,db2,energy,12,250,250,0
W-QDA,W-QDA:qda,13,,0.08,0.09753055624844101,0 2 1 4 3 8 16 6 5 7 9 11 10 12 13 32 15 64 65 14,0 2 1 4 3 8 16 6 5 7 9 11 10 12 13 32 15 64 65 14,phoneme,db2,energy,12,250,250,0
W-CART,W-CART:cart,31,,0.096,0.12796208530805686,0 2 1 4 3 8 16 6 5 7 9 11 10 12 13 32 15 64 65 14,0 2 1 4 3 8 16 6 5 7 9 11 10 12 13 32 15 64 65 14,phoneme,db2,energy,12,250,250,0
ALL,W-QDA:qda,13,,0.08,0.09753055624844101,0 2 1 4 3 8 16 6 5 7 9 11 10 12 13 32 15 64 65 14,0 2 1 4 3 8 16 6 5 7 9 11 10 12 13 32 15 64 65 14,phoneme,db2,energy,12,250,250,0
W-NN,W-NN:k=5,14,1.5,0.092,0.10401596408081816,0 2 1 4 3 8 16 6 5 7 9 10 11 12 13 14 15 17 18 19,0 2 1 3 8 4 16 6 5 7 9 10 11 19 255 18 32 174 179 12,phoneme,db2,usage,12,250,250,0
W-QDA,W-QDA:qda,14,0.5,0.068,0.10002494387627837,0 2 1 3 8 4 16 5 7 6 9 10 11 32 12 15 13 65 255 17,0 2 1 3 8 4 16 6 5 7 9 10 11 19 255 18 32 174 179 12,phoneme,db2,usage,12,250,250,0
W-CART,W-CART:cart,24,1.0,0.104,0.1329508605637316,0 2 1 3 8 4 16 6 5 7 9 10 11 19 255 18 32 174 179 12,0 2 1 3 8 4 16 6 5 7 9 10 11 19 255 18 32 174 179 12,phoneme,db2,usage,12,250,250,0
ALL,W-QDA:qda,14,0.5,0.068,0.10002494387627837,0 2 1 3 8 4 16 5 7 6 9 10 11 32 12 15 13 65 255 17,0 2 1 3 8 4 16 6 5 7 9 10 11 19 255 18 32 174 179 12,phoneme,db2,usage,12,250,250,0
W-NN,W-NN:k=15,10,,0.068,0.11050137191319531,0 2 4 1 3 8 16 6 5 9 7 11 10 12 15 32 13 14 64 65,0 2 4 1 3 8 16 6 5 9 7 11 10 12 15 32 13 14 64 65,phoneme,db2,energy,13,250,250,0
W-QDA,W-QDA:qda,5,,0.072,0.10725866799700673,0 2 4 1 3 8 16 6 5 9 7 11 10 12 15 32 13 14 64 65,0 2 4 1 3 8 16 6 5 9 7 11 10 12 15 32 13 14 64 65,phoneme,db2,energy,13,250,250,0
W-CART,W-CART:cart,46,,0.104,0.17635320528810178,0 2 4 1 3 8 16 6 5 9 7 11 10 12 15 32 13 14 64 65,0 2 4 1 3 8 16 6 5 9 7 11 10 12 15 32 13 14 64 65,phoneme,db2,energy,13,250,250,0
ALL,W-NN:k=15,10,,0.068,0.11050137191319531,0 2 4 1 3 8 16 6 5 9 7 11 10 12 15 32 13 14 64 65,0 2 4 1 3 8 16 6 5 9 7 11 10 12 15 32 13 14 64 65,phoneme,db2,energy,13,250,250,0
W-NN,W-NN:k=15,44,1.0,0.064,0.11050137191319531,0 2 1 3 8 4 16 6 5 9 7 11 10 13 15 17 32 12 14 18,0 2 1 3 8 4 16 6 5 9 7 11 10 13 15 17 32 12 14 18,phoneme,db2,usage,13,250,250,0
W-QDA,W-QDA:qda,5,0.5,0.072,0.10725866799700673,0 2 1 3 4 8 16 5 9 7 6 11 10 32 12 15 13 14 17 65,0 2 1 3 8 4 16 6 5 9 7 11 10 13 15 17 32 12 14 18,phoneme,db2,usage,13,250,250,0
W-CART,W-CART:cart,12,1.0,0.092,0.13270142180094788,0 2 1 3 8 4 16 6 5 9 7 11 10 13 15 17 32 12 14 18,0 2 1 3 8 4 16 6 5 9 7 11 10 13 15 17 32 12 14 18,phoneme,db2,usage,13,250,250,0
ALL,W-NN:k=15,44,1.0,0.064,0.11050137191319531,0 2 1 3 8 4 16 6 5 9 7 11 10 13 15 17 32 12 14 18,0 2 1 3 8 4 16 6 5 9 7 11 10 13 15 17 32 12 14 18,phoneme,db2,usage,13,250,250,0
W-NN,W-NN:k=3,3,,0.092,0.11698677974557246,0 2 4 1 3 8 6 16 5 7 9 11 10 12 15 32 13 14 64 65,0 2 4 1 3 8 6 16 5 7 9 11 10 12 15 32 13 14 64 65,phoneme,db2,energy,14,250,250,0
W-QDA,W-QDA:qda,6,,0.076,0.09329009728111748,0 2 4 1 3 8 6 16 5 7 9 11 10 12 15 32 13 14 64 65,0 2 4 1 3 8 6 16 5 7 9 11 10 12 15 32 13 14 64 65,phoneme,db2,energy,14,250,250,0
W-CART,W-CART:cart,24,,0.088,0.11573958593165377,0 2 4 1 3 8 6 16 5 7 9 11 10 12 15 32 13 14 64 65,0 2 4 1 3 8 6 16 5 7 9 11 10 12 15 32 13 14 64 65,phoneme,db2,energy,14,250,250,0
ALL,W-QDA:qda,6,,0.076,0.09329009728111748,0 2 4 1 3 8 6 16 5 7 9 11 10 12 15 32 13 14 64 65,0 2 4 1 3 8 6 16 5 7 9 11 10 12 15 32 13 14 64 65,phoneme,db2,energy,14,250,250,0
W-NN,W-NN:k=3,18,1.5,0.084,0.11199800448989773,0 2 1 4 3 8 16 6 5 7 9 10 11 12 13 14 15 17 18 19,0 2 1 3 8 4 16 6 5 7 9 10 11 15 19 12 13 31 63 66,phoneme,db2,usage,14,250,250,0
W-QDA,W-QDA:qda,6,0.5,0.076,0.09329009728111748,0 1 2 8 3 4 16 5 6 7 9 11 10 15 12 32 65 13 19 14,0 2 1 3 8 4 16 6 5 7 9 10 11 15 19 12 13 31 63 66,phoneme,db2,usage,14,250,250,0
W-CART,W-CART:cart,10,3.0,0.096,0.12347218757794962,0 2 4 1 3 5 6 7 8 9 10 11 12 13 14 15 16 17 18 19,0 2 1 3 8 4 16 6 5 7 9 10 11 15 19 12 13 31 63 66,phoneme,db2,usage,14,250,250,0
ALL,W-QDA:qda,6,0.5,0.076,0.09329009728111748,0 1 2 8 3 4 16 5 6 7 9 11 10 15 12 32 65 13 19 14,0 2 1 3 8 4 16 6 5 7 9 10 11 15 19 12 13 31 63 66,phoneme,db2,usage,14,250,250,0
W-NN,W-NN:k=3,33,,0.1,0.10626091294587178,0 2 1 4 3 8 6 16 5 7 9 11 10 12 15 32 13 65 14 64,0 2 1 4 3 8 6 16 5 7 9 11 10 12 15 32 13 65 14 64,phoneme,db2,energy,15,250,250,0
W-QDA,W-QDA:qda,6,,0.096,0.09653280119730606,0 2 1 4 3 8 6 16 5 7 9 11 10 12 15 32 13 65 14 64,0 2 1 4 3 8 6 16 5 7 9 11 10 12 15 32 13 65 14 64,phoneme,db2,energy,15,250,250,0
W-CART,W-CART:cart,35,,0.116,0.13245198303816413,0 2 1 4 3 8 6 16 5 7 9 11 10 12 15 32 13 65 14 64,0 2 1 4 3 8 6 16 5 7 9 11 10 12 15 32 13 65 14 64,phoneme,db2,energy,15,250,250,0
ALL,W-QDA:qda,6,,0.096,0.09653280119730606,0 2 1 4 3 8 6 16 5 7 9 11 10 12 15 32 13 65 14 64,0 2 1 4 3 8 6 16 5 7 9 11 10 12 15 32 13 65 14 64,phoneme,db2,energy,15,250,250,0
W-NN,W-NN:k=5,34,1.5,0.096,0.10301820902968321,0 2 1 4 3 8 16 6 5 7 9 10 11 12 13 14 15 17 18 19,0 2 1 3 4 8 16 6 5 7 9 10 19 11 12 15 32 65 14 18,phoneme,db2,usage,15,250,250,0
W-QDA,W-QDA:qda,6,0.5,0.096,0.09653280119730606,0 1 2 3 8 4 16 5 7 6 9 11 10 12 15 32 65 17 66 255,0 2 1 3 4 8 16 6 5 7 9 10 19 11 12 15 32 65 14 18,phoneme,db2,usage,15,250,250,0
W-CART,W-CART:cart,31,0.5,0.108,0.1267148914941382,0 1 2 3 8 4 16 5 7 6 9 11 10 12 15 32 65 17 66 255,0 2 1 3 4 8 16 6 5 7 9 10 19 11 12 15 32 65 14 18,phoneme,db2,usage,15,250,250,0
ALL,W-QDA:qda,6,0.5,0.096,0.09653280119730606,0 1 2 3 8 4 16 5 7 6 9 11 10 12 15 32 65 17 66 255,0 2 1 3 4 8 16 6 5 7 9 10 19 11 12 15 32 65 14 18,phoneme,db2,usage,15,250,250,0
W-NN,W-NN:k=5,12,,0.06,0.0995260663507109,0 2 4 1 3 8 16 6 5 7 9 11 10 12 15 32 13 64 65 20,0 2 4 1 3 8 16 6 5 7 9 11 10 12 15 32 13 64 65 20,phoneme,db2,energy,16,250,250,0
W-QDA,W-QDA:qda,6,,0.076,0.09004739336492891,0 2 4 1 3 8 16 6 5 7 9 11 10 12 15 32 13 64 65 20,0 2 4 1 3 8 16 6 5 7 9 11 10 12 15 32 13 64 65 20,phoneme,db2,energy,16,250,250,0
W-CART,W-CART:cart,6,,0.132,0.13344973808929908,0 2 4 1 3 8 16 6 5 7 9 11 10 12 15 32 13 64 65 20,0 2 4 1 3 8 16 6 5 7 9 11 10 12 15 32 13 64 65 20,phoneme,db2,energy,16,250,250,0
ALL,W-NN:k=5,12,,0.06,0.0995260663507109,0 2 4 1 3 8 16 6 5 7 9 11 10 12 15 32 13 64 65 20,0 2 4 1 3 8 16 6 5 7 9 11 10 12 15 32 13 64 65 20,phoneme,db2,energy,16,250,250,0
W-NN,W-NN:k=5,12,0.5,0.06,0.0995260663507109,0 2 1 4 8 3 16 7 5 6 9 11 10 15 12 32 13 17 66 21,0 2 1 3 4 8 16 6 5 7 10 11 9 15 12 17 19 21 32 128,phoneme,db2,usage,16,250,250,0
W-QDA,W-QDA:qda,6,0.5,0.076,0.09004739336492891,0 2 1 4 8 3 16 7 5 6 9 11 10 15 12 32 13 17 66 21,0 2 1 3 4 8 16 6 5 7 10 11 9 15 12 17 19 21 32 128,phoneme,db2,usage,16,250,250,0
W-CART,W-CART:cart,6,0.5,0.128,0.13195310551259665,0 2 1 4 8 3 16 7 5 6 9 11 10 15 12 32 13 17 66 21,0 2 1 3 4 8 16 6 5 7 10 11 9 15 12 17 19 21 32 128,phoneme,db2,usage,16,250,250,0
ALL,W-NN:k=5,12,0.5,0.06,0.0995260663507109,0 2 1 4 8 3 16 7 5 6 9 11 10 15 12 32 13 17 66 21,0 2 1 3 4 8 16 6 5 7 10 11 9 15 12 17 19 21 32 128,phoneme,db2,usage,16,250,250,0
W-NN,W-NN:k=5,15,,0.092,0.10675979047143926,0 2 1 4 3 8 5 16 6 7 9 11 10 12 15 32 13 65 64 14,0 2 1 4 3 8 5 16 6 7 9 11 10 12 15 32 13 65 64 14,phoneme,db2,energy,17,250,250,0
W-QDA,W-QDA:qda,11,,0.092,0.09927662758792716,0 2 1 4 3 8 5 16 6 7 9 11 10 12 15 32 13 65 64 14,0 2 1 4 3 8 5 16 6 7 9 11 10 12 15 32 13 65 64 14,phoneme,db2,energy,17,250,250,0
W-CART,W-CART:cart,37,,0.116,0.1172362185083562,0 2 1 4 3 8 5 16 6 7 9 11 10 12 15 32 13 65 64 14,0 2 1 4 3 8 5 16 6 7 9 11 10 12 15 32 13 65 64 14,phoneme,db2,energy,17,250,250,0
ALL,W-QDA:qda,11,,0.092,0.09927662758792716,0 2 1 4 3 8 5 16 6 7 9 11 10 12 15 32 13 65 64 14,0 2 1 4 3 8 5 16 6 7 9 11 10 12 15 32 13 65 64 14,phoneme,db2,energy,17,250,250,0
W-NN,W-NN:k=5,21,0.5,0.088,0.11050137191319531,0 2 1 3 4 8 5 16 7 9 6 11 10 15 12 32 65 13 255 21,0 2 1 3 4 8 16 5 6 7 10 11 9 12 17 18 32 38 63 66,phoneme,db2,usage,17,250,250,0
W-QDA,W-QDA:qda,11,0.5,0.092,0.09927662758792716,0 2 1 3 4 8 5 16 7 9 6 11 10 15 12 32 65 13 255 21,0 2 1 3 4 8 16 5 6 7 10 11 9 12 17 18 32 38 63 66,phoneme,db2,usage,17,250,250,0
W-CART,W-CART:cart,24,1.0,0.112,0.1219755550012472,0 2 1 3 4 8 16 5 6 7 10 11 9 12 17 18 32 38 63 66,0 2 1 3 4 8 16 5 6 7 10 11 9 12 17 18 32 38 63 66,phoneme,db2,usage,17,250,250,0
ALL,W-NN:k=5,21,0.5,0.088,0.11050137191319531,0 2 1 3 4 8 5 16 7 9 6 11 10 15 12 32 65 13 255 21,0 2 1 3 4 8 16 5 6 7 10 11 9 12 17 18 32 38 63 66,phoneme,db2,usage,17,250,250,0
W-NN,W-NN:k=5,38,,0.056,0.10576203542030431,0 2 1 4 3 8 16 5 6 7 9 11 10 15 12 32 13 14 64 65,0 2 1 4 3 8 16 5 6 7 9 11 10 15 12 32 13 14 64 65,phoneme,db2,energy,18,250,250,0
W-QDA,W-QDA:qda,11,,0.072,0.1015215764529808,0 2 1 4 3 8 16 5 6 7 9 11 10 15 12 32 13 14 64 65,0 2 1 4 3 8 16 5 6 7 9 11 10 15 12 32 13 14 64 65,phoneme,db2,energy,18,250,250,0
W-CART,W-CART:cart,10,,0.088,0.13469693190321777,0 2 1 4 3 8 16 5 6 7 9 11 10 15 12 32 13 14 64 65,0 2 1 4 3 8 16 5 6 7 9 11 10 15 12 32 13 14 64 65,phoneme,db2,energy,18,250,250,0
ALL,W-NN:k=5,38,,0.056,0.10576203542030431,0 2 1 4 3 8 16 5 6 7 9 11 10 15 12 32 13 14 64 65,0 2 1 4 3 8 16 5 6 7 9 11 10 15 12 32 13 14 64 65,phoneme,db2,energy,18,250,250,0
W-NN,W-NN:k=5,38,0.5,0.064,0.1050137191319531,0 1 2 4 8 3 16 5 7 9 6 10 11 15 12 32 65 13 17 19,0 2 1 3 8 4 16 6 5 7 10 9 11 32 19 15 31 130 179 255,phoneme,db2,usage,18,250,250,0
W-QDA,W-QDA:qda,10,0.5,0.068,0.09353953604390122,0 1 2 4 8 3 16 5 7 9 6 10 11 15 12 32 65 13 17 19,0 2 1 3 8 4 16 6 5 7 10 9 11 32 19 15 31 130 179 255,phoneme,db2,usage,18,250,250,0
W-CART,W-CART:cart,10,1.5,0.084,0.1287104015964081,0 2 1 4 3 8 16 6 5 7 9 10 11 12 13 14 15 17 18 19,0 2 1 3 8 4 16 6 5 7 10 9 11 32 19 15 31 130 179 255,phoneme,db2,usage,18,250,250,0
ALL,W-NN:k=5,38,0.5,0.064,0.1050137191319531,0 1 2 4 8 3 16 5 7 9 6 10 11 15 12 32 65 13 17 19,0 2 1 3 8 4 16 6 5 7 10 9 11 32 19 15 31 130 179 255,phoneme,db2,usage,18,250,250,0
W-NN,W-NN:k=3,25,,0.12,0.11149912696433026,0 2 1 4 3 8 16 6 5 7 9 11 10 12 32 15 13 64 14 65,0 2 1 4 3 8 16 6 5 7 9 11 10 12 32 15 13 64 14 65,phoneme,db2,energy,19,250,250,0
W-QDA,W-QDA:qda,11,,0.088,0.0940384135694687,0 2 1 4 3 8 16 6 5 7 9 11 10 12 32 15 13 64 14 65,0 2 1 4 3 8 16 6 5 7 9 11 10 12 32 15 13 64 14 65,phoneme,db2,energy,19,250,250,0
W-CART,W-CART:cart,54,,0.12,0.12796208530805686,0 2 1 4 3 8 16 6 5 7 9 11 10 12 32 15 13 64 14 65,0 2 1 4 3 8 16 6 5 7 9 11 10 12 32 15 13 64 14 65,phoneme,db2,energy,19,250,250,0
ALL,W-QDA:qda,11,,0.088,0.0940384135694687,0 2 1 4 3 8 16 6 5 7 9 11 10 12 32 15 13 64 14 65,0 2 1 4 3 8 16 6 5 7 9 11 10 12 32 15 13 64 14 65,phoneme,db2,energy,19,250,250,0
W-NN,W-NN:k=1,20,1.5,0.12,0.12122723871289598,0 2 1 4 3 8 16 6 5 7 10 9 11 12 13 14 15 17 18 19,0 2 1 3 8 4 16 6 5 10 7 9 11 12 32 14 18 19 21 51,phoneme,db2,usage,19,250,250,0
W-QDA,W-QDA:qda,11,0.5,0.088,0.0940384135694687,0 2 1 3 4 8 16 5 6 7 9 10 11 15 12 32 64 65 13 130,0 2 1 3 8 4 16 6 5 10 7 9 11 12 32 14 18 19 21 51,phoneme,db2,usage,19,250,250,0
W-CART,W-CART:cart,14,0.5,0.124,0.13744075829383887,0 2 1 3 4 8 16 5 6 7 9 10 11 15 12 32 64 65 13 130,0 2 1 3 8 4 16 6 5 10 7 9 11 12 32 14 18 19 21 51,phoneme,db2,usage,19,250,250,0
ALL,W-QDA:qda,11,0.5,0.088,0.0940384135694687,0 2 1 3 4 8 16 5 6 7 9 10 11 15 12 32 64 65 13 130,0 2 1 3 8 4 16 6 5 10 7 9 11 12 32 14 18 19 21 51,phoneme,db2,usage,19,250,250,0
W-NN,W-NN:k=9,6,,0.072,0.107009229234223,0 2 4 1 3 8 6 16 5 7 9 11 10 12 15 32 13 14 64 65,0 2 4 1 3 8 6 16 5 7 9 11 10 12 15 32 13 14 64 65,phoneme,db2,energy,20,250,250,0
W-QDA,W-QDA:qda,8,,0.084,0.10950361686206037,0 2 4 1 3 8 6 16 5 7 9 11 10 12 15 32 13 14 64 65,0 2 4 1 3 8 6 16 5 7 9 11 10 12 15 32 13 14 64 65,phoneme,db2,energy,20,250,250,0
W-CART,W-CART:cart,49,,0.116,0.15839361436767274,0 2 4 1 3 8 6 16 5 7 9 11 10 12 15 32 13 14 64 65,0 2 4 1 3 8 6 16 5 7 9 11 10 12 15 32 13 14 64 65,phoneme,db2,energy,20,250,250,0
ALL,W-NN:k=9,6,,0.072,0.107009229234223,0 2 4 1 3 8 6 16 5 7 9 11 10 12 15 32 13 14 64 65,0 2 4 1 3 8 6 16 5 7 9 11 10 12 15 32 13 14 64 65,phoneme,db2,energy,20,250,250,0
W-NN,W-NN:k=9,6,0.5,0.072,0.107009229234223,0 1 2 8 3 4 16 6 5 7 9 11 10 15 32 12 13 66 14 17,0 2 1 3 4 8 16 6 5 7 9 11 19 32 10 15 12 20 63 100,phoneme,db2,usage,20,250,250,0
W-QDA,W-QDA:qda,8,0.5,0.084,0.10950361686206037,0 1 2 8 3 4 16 6 5 7 9 11 10 15 32 12 13 66 14 17,0 2 1 3 4 8 16 6 5 7 9 11 19 32 10 15 12 20 63 100,phoneme,db2,usage,20,250,250,0
W-CART,W-CART:cart,14,1.5,0.112,0.1329508605637316,0 2 1 4 3 8 16 6 5 7 9 10 11 12 13 14 15 17 18 19,0 2 1 3 4 8 16 6 5 7 9 11 19 32 10 15 12 20 63 100,phoneme,db2,usage,20,250,250,0
ALL,W-NN:k=9,6,0.5,0.072,0.107009229234223,0 1 2 8 3 4 16 6 5 7 9 11 10 15 32 12 13 66 14 17,0 2 1 3 4 8 16 6 5 7 9 11 19 32 10 15 12 20 63 100,phoneme,db2,usage,20,250,250,0
W-NN,W-NN:k=5,21,,0.072,0.10601147418308805,0 2 1 4 3 8 5 16 6 7 9 11 10 12 32 15 13 64 65 20,0 2 1 4 3 8 5 16 6 7 9 11 10 12 32 15 13 64 65 20,phoneme,db2,energy,21,250,250,0
W-QDA,W-QDA:qda,6,,0.064,0.09154402594163133,0 2 1 4 3 8 5 16 6 7 9 11 10 12 32 15 13 64 65 20,0 2 1 4 3 8 5 16 6 7 9 11 10 12 32 15 13 64 65 20,phoneme,db2,energy,21,250,250,0
W-CART,W-CART:cart,6,,0.108,0.12322274881516587,0 2 1 4 3 8 5 16 6 7 9 11 10 12 32 15 13 64 65 20,0 2 1 4 3 8 5 16 6 7 9 11 10 12 32 15 13 64 65 20,phoneme,db2,energy,21,250,250,0
ALL,W-QDA:qda,6,,0.064,0.09154402594163133,0 2 1 4 3 8 5 16 6 7 9 11 10 12 32 15 13 64 65 20,0 2 1 4 3 8 5 16 6 7 9 11 10 12 32 15 13 64 65 20,phoneme,db2,energy,21,250,250,0
W-NN,W-NN:k=9,25,0.5,0.068,0.1002743826390621,0 2 1 3 4 8 16 5 7 6 9 11 10 32 15 12 65 13 64 31,0 2 1 3 8 4 16 5 6 7 9 10 11 19 32 66 12 13 20 45,phoneme,db2,usage,21,250,250,0
W-QDA,W-QDA:qda,6,0.5,0.064,0.09154402594163133,0 2 1 3 4 8 16 5 7 6 9 11 10 32 15 12 65 13 64 31,0 2 1 3 8 4 16 5 6 7 9 10 11 19 32 66 12 13 20 45,phoneme,db2,usage,21,250,250,0
W-CART,W-CART:cart,31,1.5,0.096,0.12721376901970566,0 2 1 4 3 8 16 5 6 7 9 10 11 12 13 14 15 17 18 19,0 2 1 3 8 4 16 5 6 7 9 10 11 19 32 66 12 13 20 45,phoneme,db2,usage,21,250,250,0
ALL,W-QDA:qda,6,0.5,0.064,0.09154402594163133,0 2 1 3 4 8 16 5 7 6 9 11 10 32 15 12 65 13 64 31,0 2 1 3 8 4 16 5 6 7 9 10 11 19 32 66 12 13 20 45,phoneme,db2,usage,21,250,250,0
W-NN,W-NN:k=7,12,,0.096,0.09777999501122474,0 2 1 4 3 8 5 16 6 7 9 10 11 12 15 32 13 14 64 65,0 2 1 4 3 8 5 16 6 7 9 10 11 12 15 32 13 14 64 65,phoneme,db2,energy,22,250,250,0
W-QDA,W-QDA:qda,7,,0.1,0.10800698428535795,0 2 1 4 3 8 5 16 6 7 9 10 11 12 15 32 13 14 64 65,0 2 1 4 3 8 5 16 6 7 9 10 11 12 15 32 13 14 64 65,phoneme,db2,energy,22,250,250,0
W-CART,W-CART:cart,23,,0.092,0.13694188076827138,0 2 1 4 3 8 5 16 6 7 9 10 11 12 15 32 13 14 64 65,0 2 1 4 3 8 5 16 6 7 9 10 11 12 15 32 13 14 64 65,phoneme,db2,energy,22,250,250,0
ALL,W-CART:cart,23,,0.092,0.13694188076827138,0 2 1 4 3 8 5 16 6 7 9 10 11 12 15 32 13 14 64 65,0 2 1 4 3 8 5 16 6 7 9 10 11 12 15 32 13 14 64 65,phoneme,db2,energy,22,250,250,0
W-NN,W-NN:k=7,12,0.5,0.096,0.09777999501122474,0 1 2 4 3 8 5 16 7 9 6 10 11 15 12 32 13 65 14 130,0 2 1 3 4 8 16 5 6 7 9 11 10 12 15 19 21 32 13 14,phoneme,db2,usage,22,250,250,0
W-QDA,W-QDA:qda,23,1.5,0.088,0.11648790222000499,0 2 1 4 3 8 16 5 6 7 9 10 11 12 13 14 15 17 18 19,0 2 1 3 4 8 16 5 6 7 9 11 10 12 15 19 21 32 13 14,phoneme,db2,usage,22,250,250,0
W-CART,W-CART:cart,47,1.0,0.084,0.1262160139685707,0 2 1 3 4 8 16 5 6 7 9 11 10 12 15 19 21 32 13 14,0 2 1 3 4 8 16 5 6 7 9 11 10 12 15 19 21 32 13 14,phoneme,db2,usage,22,250,250,0
ALL,W-CART:cart,47,1.0,0.084,0.1262160139685707,0 2 1 3 4 8 16 5 6 7 9 11 10 12 15 19 21 32 13 14,0 2 1 3 4 8 16 5 6 7 9 11 10 12 15 19 21 32 13 14,phoneme,db2,usage,22,250,250,0
W-NN,W-NN:k=15,8,,0.076,0.10526315789473684,0 2 1 4 3 8 16 5 6 7 9 11 10 12 32 15 13 64 14 65,0 2 1 4 3 8 16 5 6 7 9 11 10 12 32 15 13 64 14 65,phoneme,db2,energy,23,250,250,0
W-QDA,W-QDA:qda,4,,0.096,0.10351708655525069,0 2 1 4 3 8 16 5 6 7 9 11 10 12 32 15 13 64 14 65,0 2 1 4 3 8 16 5 6 7 9 11 10 12 32 15 13 64 14 65,phoneme,db2,energy,23,250,250,0
W-CART,W-CART:cart,28,,0.108,0.15764529807932154,0 2 1 4 3 8 16 5 6 7 9 11 10 12 32 15 13 64 14 65,0 2 1 4 3 8 16 5 6 7 9 11 10 12 32 15 13 64 14 65,phoneme,db2,energy,23,250,250,0
ALL,W-NN:k=15,8,,0.076,0.10526315789473684,0 2 1 4 3 8 16 5 6 7 9 11 10 12 32 15 13 64 14 65,0 2 1 4 3 8 16 5 6 7 9 11 10 12 32 15 13 64 14 65,phoneme,db2,energy,23,250,250,0
W-NN,W-NN:k=9,26,1.5,0.072,0.09777999501122474,0 2 1 4 3 8 16 5 6 7 9 10 11 12 13 14 15 17 18 19,0 2 1 3 8 4 16 5 6 7 9 10 11 32 12 15 17 13 31 63,phoneme,db2,usage,23,250,250,0
W-QDA,W-QDA:qda,3,3.0,0.084,0.10351708655525069,0 2 4 1 8 3 5 6 7 9 10 11 12 13 14 15 16 17 18 19,0 2 1 3 8 4 16 5 6 7 9 10 11 32 12 15 17 13 31 63,phoneme,db2,usage,23,250,250,0
W-CART,W-CART:cart,64,1.0,0.072,0.1384385133449738,0 2 1 3 8 4 16 5 6 7 9 10 11 32 12 15 17 13 31 63,0 2 1 3 8 4 16 5 6 7 9 10 11 32 12 15 17 13 31 63,phoneme,db2,usage,23,250,250,0
ALL,W-NN:k=9,26,1.5,0.072,0.09777999501122474,0 2 1 4 3 8 16 5 6 7 9 10 11 12 13 14 15 17 18 19,0 2 1 3 8 4 16 5 6 7 9 10 11 32 12 15 17 13 31 63,phoneme,db2,usage,23,250,250,0
W-NN,W-NN:k=7,31,,0.08,0.10376652531803442,0 2 4 1 3 8 16 6 5 7 9 11 10 12 15 32 64 13 14 65,0 2 4 1 3 8 16 6 5 7 9 11 10 12 15 32 64 13 14 65,phoneme,db2,energy,24,250,250,0
W-QDA,W-QDA:qda,8,,0.084,0.10925417809927662,0 2 4 1 3 8 16 6 5 7 9 11 10 12 15 32 64 13 14 65,0 2 4 1 3 8 16 6 5 7 9 11 10 12 15 32 64 13 14 65,phoneme,db2,energy,24,250,250,0
W-CART,W-CART:cart,64,,0.092,0.14492392117735095,0 2 4 1 3 8 16 6 5 7 9 11 10 12 15 32 64 13 14 65,0 2 4 1 3 8 16 6 5 7 9 11 10 12 15 32 64 13 14 65,phoneme,db2,energy,24,250,250,0
ALL,W-NN:k=7,31,,0.08,0.10376652531803442,0 2 4 1 3 8 16 6 5 7 9 11 10 12 15 32 64 13 14 65,0 2 4 1 3 8 16 6 5 7 9 11 10 12 15 32 64 13 14 65,phoneme,db2,energy,24,250,250,0
W-NN,W-NN:k=5,49,1.5,0.08,0.09927662758792716,0 2 1 4 3 8 16 5 6 7 10 9 11 12 13 14 15 17 18 19,0 2 1 3 8 4 16 6 5 7 10 9 11 15 255 12 14 20 31 32,phoneme,db2,usage,24,250,250,0
W-QDA,W-QDA:qda,5,0.5,0.08,0.0995260663507109,0 1 2 8 4 3 16 5 6 7 9 11 10 15 32 12 65 31 17 13,0 2 1 3 8 4 16 6 5 7 10 9 11 15 255 12 14 20 31 32,phoneme,db2,usage,24,250,250,0
W-CART,W-CART:cart,19,3.0,0.1,0.13644300324270392,0 4 2 1 3 5 6 7 8 9 10 11 12 13 14 15 16 17 18 19,0 2 1 3 8 4 16 6 5 7 10 9 11 15 255 12 14 20 31 32,phoneme,db2,usage,24,250,250,0
ALL,W-QDA:qda,5,0.5,0.08,0.0995260663507109,0 1 2 8 4 3 16 5 6 7 9 11 10 15 32 12 65 31 17 13,0 2 1 3 8 4 16 6 5 7 10 9 11 15 255 12 14 20 31 32,phoneme,db2,usage,24,250,250,0
W-NN,W-NN:k=15,38,,0.088,0.11698677974557246,0 2 1 4 3 8 16 5 6 7 9 11 10 12 15 32 13 65 64 14,0 2 1 4 3 8 16 5 6 7 9 11 10 12 15 32 13 65 64 14,phoneme,db2,energy,25,250,250,0
W-QDA,W-QDA:qda,10,,0.092,0.11698677974557246,0 2 1 4 3 8 16 5 6 7 9 11 10 12 15 32 13 65 64 14,0 2 1 4 3 8 16 5 6 7 9 11 10 12 15 32 13 65 64 14,phoneme,db2,energy,25,250,250,0
W-CART,W-CART:cart,15,,0.096,0.13369917685208282,0 2 1 4 3 8 16 5 6 7 9 11 10 12 15 32 13 65 64 14,0 2 1 4 3 8 16 5 6 7 9 11 10 12 15 32 13 65 64 14,phoneme,db2,energy,25,250,250,0
ALL,W-NN:k=15,38,,0.088,0.11698677974557246,0 2 1 4 3 8 16 5 6 7 9 11 10 12 15 32 13 65 64 14,0 2 1 4 3 8 16 5 6 7 9 11 10 12 15 32 13 65 64 14,phoneme,db2,energy,25,250,250,0
W-NN,W-NN:k=15,3,2.0,0.084,0.12247443252681467,0 2 4 1 8 3 16 5 6 7 9 10 11 12 13 14 15 17 18 19,0 2 1 3 8 4 16 5 6 7 10 15 9 11 13 12 18 19 20 32,phoneme,db2,usage,25,250,250,0
W-QDA,W-QDA:qda,9,0.5,0.088,0.11174856572711399,0 2 1 8 4 3 16 7 5 6 9 10 15 11 32 12 13 17 255 23,0 2 1 3 8 4 16 5 6 7 10 15 9 11 13 12 18 19 20 32,phoneme,db2,usage,25,250,250,0
W-CART,W-CART:cart,17,0.5,0.092,0.13419805437765028,0 2 1 8 4 3 16 7 5 6 9 10 15 11 32 12 13 17 255 23,0 2 1 3 8 4 16 5 6 7 10 15 9 11 13 12 18 19 20 32,phoneme,db2,usage,25,250,250,0
ALL,W-NN:k=15,3,2.0,0.084,0.12247443252681467,0 2 4 1 8 3 16 5 6 7 9 10 11 12 13 14 15 17 18 19,0 2 1 3 8 4 16 5 6 7 10 15 9 11 13 12 18 19 20 32,phoneme,db2,usage,25,250,250,0
W-NN,W-NN:k=15,12,,0.088,0.11274632077824893,0 2 1 4 3 8 16 6 5 7 9 10 11 12 15 32 13 64 65 14,0 2 1 4 3 8 16 6 5 7 9 10 11 12 15 32 13 64 65 14,phoneme,db2,energy,26,250,250,0
W-QDA,W-QDA:qda,14,,0.088,0.10276877026689947,0 2 1 4 3 8 16 6 5 7 9 10 11 12 15 32 13 64 65 14,0 2 1 4 3 8 16 6 5 7 9 10 11 12 15 32 13 64 65 14,phoneme,db2,energy,26,250,250,0
W-CART,W-CART:cart,36,,0.112,0.12122723871289598,0 2 1 4 3 8 16 6 5 7 9 10 11 12 15 32 13 64 65 14,0 2 1 4 3 8 16 6 5 7 9 10 11 12 15 32 13 64 65 14,phoneme,db2,energy,26,250,250,0
ALL,W-NN:k=15,12,,0.088,0.11274632077824893,0 2 1 4 3 8 16 6 5 7 9 10 11 12 15 32 13 64 65 14,0 2 1 4 3 8 16 6 5 7 9 10 11 12 15 32 13 64 65 14,phoneme,db2,energy,26,250,250,0
W-NN,W-NN:k=15,11,3.0,0.084,0.11349463706660015,0 2 1 4 8 3 5 6 7 9 10 11 12 13 14 15 16 17 18 19,0 2 1 3 4 8 16 6 5 7 9 10 32 11 19 20 17 18 130 255,phoneme,db2,usage,26,250,250,0
W-QDA,W-QDA:qda,13,3.0,0.076,0.10177101521576452,0 2 1 4 8 3 5 6 7 9 10 11 12 13 14 15 16 17 18 19,0 2 1 3 4 8 16 6 5 7 9 10 32 11 19 20 17 18 130 255,phoneme,db2,usage,26,250,250,0
W-CART,W-CART:cart,22,1.0,0.108,0.11474183088051883,0 2 1 3 4 8 16 6 5 7 9 10 32 11 19 20 17 18 130 255,0 2 1 3 4 8 16 6 5 7 9 10 32 11 19 20 17 18 130 255,phoneme,db2,usage,26,250,250,0
ALL,W-QDA:qda,13,3.0,0.076,0.10177101521576452,0 2 1 4 8 3 5 6 7 9 10 11 12 13 14 15 16 17 18 19,0 2 1 3 4 8 16 6 5 7 9 10 32 11 19 20 17 18 130 255,phoneme,db2,usage,26,250,250,0
W-NN,W-NN:k=7,11,,0.064,0.11923172861062609,0 2 4 1 3 8 16 6 5 7 9 11 10 12 32 15 13 14 20 64,0 2 4 1 3 8 16 6 5 7 9 11 10 12 32 15 13 14 20 64,phoneme,db2,energy,27,250,250,0
W-QDA,W-QDA:qda,18,,0.088,0.1289598403591918,0 2 4 1 3 8 16 6 5 7 9 11 10 12 32 15 13 14 20 64,0 2 4 1 3 8 16 6 5 7 9 11 10 12 32 15 13 14 20 64,phoneme,db2,energy,27,250,250,0
W-CART,W-CART:cart,19,,0.088,0.1254676976802195,0 2 4 1 3 8 16 6 5 7 9 11 10 12 32 15 13 14 20 64,0 2 4 1 3 8 16 6 5 7 9 11 10 12 32 15 13 14 20 64,phoneme,db2,energy,27,250,250,0
ALL,W-NN:k=7,11,,0.064,0.11923172861062609,0 2 4 1 3 8 16 6 5 7 9 11 10 12 32 15 13 14 20 64,0 2 4 1 3 8 16 6 5 7 9 11 10 12 32 15 13 14 20 64,phoneme,db2,energy,27,250,250,0
W-NN,W-NN:k=7,11,0.5,0.064,0.11923172861062609,0 2 1 4 8 3 16 6 5 7 9 11 10 32 12 15 13 14 255 17,0 2 1 3 8 4 16 6 5 7 9 10 11 15 13 17 20 32 65 100,phoneme,db2,usage,27,250,250,0
W-QDA,W-QDA:qda,16,1.0,0.08,0.12022948366176103,0 2 1 3 8 4 16 6 5 7 9 10 11 15 13 17 20 32 65 100,0 2 1 3 8 4 16 6 5 7 9 10 11 15 13 17 20 32 65 100,phoneme,db2,usage,27,250,250,0
W-CART,W-CART:cart,18,1.5,0.084,0.13045647293589424,0 2 4 1 3 8 16 5 6 9 7 10 11 12 13 14 15 17 18 19,0 2 1 3 8 4 16 6 5 7 9 10 11 15 13 17 20 32 65 100,phoneme,db2,usage,27,250,250,0
ALL,W-NN:k=7,11,0.5,0.064,0.11923172861062609,0 2 1 4 8 3 16 6 5 7 9 11 10 32 12 15 13 14 255 17,0 2 1 3 8 4 16 6 5 7 9 10 11 15 13 17 20 32 65 100,phoneme,db2,usage,27,250,250,0
W-NN,W-NN:k=15,48,,0.06,0.102269892741332,0 2 1 4 3 8 16 5 6 7 9 11 10 12 32 15 13 64 65 66,0 2 1 4 3 8 16 5 6 7 9 11 10 12 32 15 13 64 65 66,phoneme,db2,energy,28,250,250,0
W-QDA,W-QDA:qda,12,,0.08,0.10376652531803442,0 2 1 4 3 8 16 5 6 7 9 11 10 12 32 15 13 64 65 66,0 2 1 4 3 8 16 5 6 7 9 11 10 12 32 15 13 64 65 66,phoneme,db2,energy,28,250,250,0
W-CART,W-CART:cart,6,,0.116,0.1314542279870292,0 2 1 4 3 8 16 5 6 7 9 11 10 12 32 15 13 64 65 66,0 2 1 4 3 8 16 5 6 7 9 11 10 12 32 15 13 64 65 66,phoneme,db2,energy,28,250,250,0
ALL,W-NN:k=15,48,,0.06,0.102269892741332,0 2 1 4 3 8 16 5 6 7 9 11 10 12 32 15 13 64 65 66,0 2 1 4 3 8 16 5 6 7 9 11 10 12 32 15 13 64 65 66,phoneme,db2,energy,28,250,250,0
W-NN,W-NN:k=7,25,1.0,0.06,0.10177101521576452,0 2 1 3 4 8 16 5 6 7 10 9 12 11 32 13 15 17 18 38,0 2 1 3 4 8 16 5 6 7 10 9 12 11 32 13 15 17 18 38,phoneme,db2,usage,28,250,250,0
W-QDA,W-QDA:qda,10,3.0,0.08,0.10326764779246694,0 2 4 1 3 5 6 7 8 9 10 11 12 13 14 15 16 17 18 19,0 2 1 3 4 8 16 5 6 7 10 9 12 11 32 13 15 17 18 38,phoneme,db2,usage,28,250,250,0
W-CART,W-CART:cart,6,1.5,0.116,0.1314542279870292,0 2 1 4 3 8 16 6 5 7 9 10 11 12 13 14 15 17 18 19,0 2 1 3 4 8 16 5 6 7 10 9 12 11 32 13 15 17 18 38,phoneme,db2,usage,28,250,250,0
ALL,W-NN:k=7,25,1.0,0.06,0.10177101521576452,0 2 1 3 4 8 16 5 6 7 10 9 12 11 32 13 15 17 18 38,0 2 1 3 4 8 16 5 6 7 10 9 12 11 32 13 15 17 18 38,phoneme,db2,usage,28,250,250,0
W-NN,W-NN:k=9,11,,0.08,0.10725866799700673,0 2 1 4 3 8 16 5 6 7 9 11 10 12 15 32 13 14 64 65,0 2 1 4 3 8 16 5 6 7 9 11 10 12 15 32 13 14 64 65,phoneme,db2,energy,29,250,250,0
W-QDA,W-QDA:qda,16,,0.088,0.12022948366176103,0 2 1 4 3 8 16 5 6 7 9 11 10 12 15 32 13 14 64 65,0 2 1 4 3 8 16 5 6 7 9 11 10 12 15 32 13 14 64 65,phoneme,db2,energy,29,250,250,0
W-CART,W-CART:cart,8,,0.1,0.1287104015964081,0 2 1 4 3 8 16 5 6 7 9 11 10 12 15 32 13 14 64 65,0 2 1 4 3 8 16 5 6 7 9 11 10 12 15 32 13 14 64 65,phoneme,db2,energy,29,250,250,0
ALL,W-NN:k=9,11,,0.08,0.10725866799700673,0 2 1 4 3 8 16 5 6 7 9 11 10 12 15 32 13 14 64 65,0 2 1 4 3 8 16 5 6 7 9 11 10 12 15 32 13 14 64 65,phoneme,db2,energy,29,250,250,0
W-NN,W-NN:k=9,10,3.0,0.08,0.11000249438762784,0 2 1 4 8 3 5 6 7 9 10 11 12 13 14 15 16 17 18 19,0 2 1 3 8 4 16 5 6 7 9 11 12 255 10 13 17 20 65 128,phoneme,db2,usage,29,250,250,0
W-QDA,W-QDA:qda,3,2.0,0.08,0.1002743826390621,0 2 4 1 3 8 16 5 6 7 9 10 11 12 13 14 15 17 18 19,0 2 1 3 8 4 16 5 6 7 9 11 12 255 10 13 17 20 65 128,phoneme,db2,usage,29,250,250,0
W-CART,W-CART:cart,8,1.5,0.1,0.1287104015964081,0 2 1 4 3 8 16 5 7 6 9 10 11 12 13 14 15 17 18 19,0 2 1 3 8 4 16 5 6 7 9 11 12 255 10 13 17 20 65 128,phoneme,db2,usage,29,250,250,0
ALL,W-QDA:qda,3,2.0,0.08,0.1002743826390621,0 2 4 1 3 8 16 5 6 7 9 10 11 12 13 14 15 17 18 19,0 2 1 3 8 4 16 5 6 7 9 11 12 255 10 13 17 20 65 128,phoneme,db2,usage,29,250,250,0
W-NN,W-NN:k=3,52,,0.096,0.12297331005238214,0 2 1 4 3 8 5 6 16 7 9 10 11 12 15 32 13 64 14 65,0 2 1 4 3 8 5 6 16 7 9 10 11 12 15 32 13 64 14 65,phoneme,db2,energy,30,250,250,0
W-QDA,W-QDA:qda,6,,0.096,0.10202045397854827,0 2 1 4 3 8 5 6 16 7 9 10 11 12 15 32 13 64 14 65,0 2 1 4 3 8 5 6 16 7 9 10 11 12 15 32 13 64 14 65,phoneme,db2,energy,30,250,250,0
W-CART,W-CART:cart,18,,0.096,0.13419805437765028,0 2 1 4 3 8 5 6 16 7 9 10 11 12 15 32 13 64 14 65,0 2 1 4 3 8 5 6 16 7 9 10 11 12 15 32 13 64 14 65,phoneme,db2,energy,30,250,250,0
ALL,W-QDA:qda,6,,0.096,0.10202045397854827,0 2 1 4 3 8 5 6 16 7 9 10 11 12 15 32 13 64 14 65,0 2 1 4 3 8 5 6 16 7 9 10 11 12 15 32 13 64 14 65,phoneme,db2,energy,30,250,250,0
W-NN,W-NN:k=3,19,1.5,0.1,0.11873285108505861,0 2 1 4 3 8 16 5 6 10 7 9 11 12 13 14 15 17 18 19,0 2 1 3 4 8 16 6 5 7 9 10 11 12 32 19 13 21 63 66,phoneme,db2,usage,30,250,250,0
W-QDA,W-QDA:qda,6,0.5,0.096,0.10202045397854827,0 1 2 4 3 8 16 5 6 7 9 10 11 15 12 32 13 64 65 19,0 2 1 3 4 8 16 6 5 7 9 10 11 12 32 19 13 21 63 66,phoneme,db2,usage,30,250,250,0
W-CART,W-CART:cart,17,1.0,0.092,0.1207283611873285,0 2 1 3 4 8 16 6 5 7 9 10 11 12 32 19 13 21 63 66,0 2 1 3 4 8 16 6 5 7 9 10 11 12 32 19 13 21 63 66,phoneme,db2,usage,30,250,250,0
ALL,W-CART:cart,17,1.0,0.092,0.1207283611873285,0 2 1 3 4 8 16 6 5 7 9 10 11 12 32 19 13 21 63 66,0 2 1 3 4 8 16 6 5 7 9 10 11 12 32 19 13 21 63 66,phoneme,db2,usage,30,250,250,0
W-NN,W-NN:k=5,14,,0.092,0.102269892741332,0 2 4 1 3 8 16 5 6 7 9 10 11 12 15 32 13 64 14 65,0 2 4 1 3 8 16 5 6 7 9 10 11 12 15 32 13 64 14 65,phoneme,db2,energy,31,250,250,0
W-QDA,W-QDA:qda,4,,0.104,0.10177101521576452,0 2 4 1 3 8 16 5 6 7 9 10 11 12 15 32 13 64 14 65,0 2 4 1 3 8 16 5 6 7 9 10 11 12 15 32 13 64 14 65,phoneme,db2,energy,31,250,250,0
W-CART,W-CART:cart,23,,0.116,0.12372162634073335,0 2 4 1 3 8 16 5 6 7 9 10 11 12 15 32 13 64 14 65,0 2 4 1 3 8 16 5 6 7 9 10 11 12 15 32 13 64 14 65,phoneme,db2,energy,31,250,250,0
ALL,W-NN:k=5,14,,0.092,0.102269892741332,0 2 4 1 3 8 16 5 6 7 9 10 11 12 15 32 13 64 14 65,0 2 4 1 3 8 16 5 6 7 9 10 11 12 15 32 13 64 14 65,phoneme,db2,energy,31,250,250,0
W-NN,W-NN:k=3,26,0.5,0.088,0.10426540284360189,0 2 1 4 3 8 16 5 6 7 9 10 11 15 32 12 13 17 64 65,0 2 1 3 8 4 16 5 6 7 9 10 11 15 255 12 19 20 21 63,phoneme,db2,usage,31,250,250,0
W-QDA,W-QDA:qda,4,0.5,0.104,0.10177101521576452,0 2 1 4 3 8 16 5 6 7 9 10 11 15 32 12 13 17 64 65,0 2 1 3 8 4 16 5 6 7 9 10 11 15 255 12 19 20 21 63,phoneme,db2,usage,31,250,250,0
W-CART,W-CART:cart,6,0.5,0.108,0.1172362185083562,0 2 1 4 3 8 16 5 6 7 9 10 11 15 32 12 13 17 64 65,0 2 1 3 8 4 16 5 6 7 9 10 11 15 255 12 19 20 21 63,phoneme,db2,usage,31,250,250,0
ALL,W-NN:k=3,26,0.5,0.088,0.10426540284360189,0 2 1 4 3 8 16 5 6 7 9 10 11 15 32 12 13 17 64 65,0 2 1 3 8 4 16 5 6 7 9 10 11 15 255 12 19 20 21 63,phoneme,db2,usage,31,250,250,0
W-NN,W-NN:k=7,13,,0.08,0.10401596408081816,0 2 1 4 3 8 16 5 6 7 9 11 10 12 15 32 13 64 14 65,0 2 1 4 3 8 16 5 6 7 9 11 10 12 15 32 13 64 14 65,phoneme,db2,energy,32,250,250,0
W-QDA,W-QDA:qda,18,,0.104,0.10551259665752058,0 2 1 4 3 8 16 5 6 7 9 11 10 12 15 32 13 64 14 65,0 2 1 4 3 8 16 5 6 7 9 11 10 12 15 32 13 64 14 65,phoneme,db2,energy,32,250,250,0
W-CART,W-CART:cart,7,,0.116,0.12047892242454478,0 2 1 4 3 8 16 5 6 7 9 11 10 12 15 32 13 64 14 65,0 2 1 4 3 8 16 5 6 7 9 11 10 12 15 32 13 64 14 65,phoneme,db2,energy,32,250,250,0
ALL,W-NN:k=7,13,,0.08,0.10401596408081816,0 2 1 4 3 8 16 5 6 7 9 11 10 12 15 32 13 64 14 65,0 2 1 4 3 8 16 5 6 7 9 11 10 12 15 32 13 64 14 65,phoneme,db2,energy,32,250,250,0
W-NN,W-NN:k=7,19,1.0,0.076,0.1050137191319531,0 1 2 3 8 4 16 5 6 7 11 10 9 13 255 15 51 63 130 198,0 1 2 3 8 4 16 5 6 7 11 10 9 13 255 15 51 63 130 198,phoneme,db2,usage,32,250,250,0
W-QDA,W-QDA:qda,9,0.5,0.1,0.09703167872287354,0 1 2 3 8 4 16 5 9 7 6 11 10 15 12 32 65 13 255 66,0 1 2 3 8 4 16 5 6 7 11 10 9 13 255 15 51 63 130 198,phoneme,db2,usage,32,250,250,0
W-CART,W-CART:cart,7,1.5,0.116,0.12047892242454478,0 2 1 4 3 8 16 6 5 7 9 10 11 12 13 14 15 17 18 19,0 1 2 3 8 4 16 5 6 7 11 10 9 13 255 15 51 63 130 198,phoneme,db2,usage,32,250,250,0
ALL,W-NN:k=7,19,1.0,0.076,0.1050137191319531,0 1 2 3 8 4 16 5 6 7 11 10 9 13 255 15 51 63 130 198,0 1 2 3 8 4 16 5 6 7 11 10 9 13 255 15 51 63 130 198,phoneme,db2,usage,32,250,250,0
W-NN,W-NN:k=5,44,,0.064,0.09852831129957595,0 2 1 4 3 8 6 5 16 7 9 11 10 15 12 32 14 13 65 64,0 2 1 4 3 8 6 5 16 7 9 11 10 15 12 32 14 13 65 64,phoneme,db2,energy,33,250,250,0
W-QDA,W-QDA:qda,13,,0.048,0.08830132202544276,0 2 1 4 3 8 6 5 16 7 9 11 10 15 12 32 14 13 65 64,0 2 1 4 3 8 6 5 16 7 9 11 10 15 12 32 14 13 65 64,phoneme,db2,energy,33,250,250,0
W-CART,W-CART:cart,32,,0.092,0.11698677974557246,0 2 1 4 3 8 6 5 16 7 9 11 10 15 12 32 14 13 65 64,0 2 1 4 3 8 6 5 16 7 9 11 10 15 12 32 14 13 65 64,phoneme,db2,energy,33,250,250,0
ALL,W-QDA:qda,13,,0.048,0.08830132202544276,0 2 1 4 3 8 6 5 16 7 9 11 10 15 12 32 14 13 65 64,0 2 1 4 3 8 6 5 16 7 9 11 10 15 12 32 14 13 65 64,phoneme,db2,energy,33,250,250,0
W-NN,W-NN:k=5,38,0.5,0.06,0.09453729109503617,0 2 1 4 8 3 16 6 5 7 9 11 15 10 32 12 13 14 65 64,0 2 1 3 8 4 16 6 5 7 11 9 10 12 15 32 13 14 19 65,phoneme,db2,usage,33,250,250,0
W-QDA,W-QDA:qda,13,1.0,0.048,0.08830132202544276,0 2 1 3 8 4 16 6 5 7 11 9 10 12 15 32 13 14 19 65,0 2 1 3 8 4 16 6 5 7 11 9 10 12 15 32 13 14 19 65,phoneme,db2,usage,33,250,250,0
W-CART,W-CART:cart,25,0.5,0.092,0.11773509603392367,0 2 1 4 8 3 16 6 5 7 9 11 15 10 32 12 13 14 65 64,0 2 1 3 8 4 16 6 5 7 11 9 10 12 15 32 13 14 19 65,phoneme,db2,usage,33,250,250,0
ALL,W-QDA:qda,13,1.0,0.048,0.08830132202544276,0 2 1 3 8 4 16 6 5 7 11 9 10 12 15 32 13 14 19 65,0 2 1 3 8 4 16 6 5 7 11 9 10 12 15 32 13 14 19 65,phoneme,db2,usage,33,250,250,0
W-NN,W-NN:k=25,17,,0.076,0.11474183088051883,0 2 1 4 3 8 16 6 5 7 9 11 10 15 12 32 13 14 64 65,0 2 1 4 3 8 16 6 5 7 9 11 10 15 12 32 13 14 64 65,phoneme,db2,energy,34,250,250,0
W-QDA,W-QDA:qda,8,,0.072,0.10651035170865553,0 2 1 4 3 8 16 6 5 7 9 11 10 15 12 32 13 14 64 65,0 2 1 4 3 8 16 6 5 7 9 11 10 15 12 32 13 14 64 65,phoneme,db2,energy,34,250,250,0
W-CART,W-CART:cart,12,,0.132,0.15115989024694437,0 2 1 4 3 8 16 6 5 7 9 11 10 15 12 32 13 14 64 65,0 2 1 4 3 8 16 6 5 7 9 11 10 15 12 32 13 14 64 65,phoneme,db2,energy,34,250,250,0
ALL,W-QDA:qda,8,,0.072,0.10651035170865553,0 2 1 4 3 8 16 6 5 7 9 11 10 15 12 32 13 14 64 65,0 2 1 4 3 8 16 6 5 7 9 11 10 15 12 32 13 14 64 65,phoneme,db2,energy,34,250,250,0
W-NN,W-NN:k=15,30,1.5,0.072,0.10800698428535795,0 2 1 4 3 8 16 6 5 7 9 10 11 12 13 14 15 17 18 19,0 2 1 3 4 8 16 6 5 7 9 19 10 11 12 20 65 15 21 32,phoneme,db2,usage,34,250,250,0
W-QDA,W-QDA:qda,8,1.0,0.072,0.10651035170865553,0 2 1 3 4 8 16 6 5 7 9 19 10 11 12 20 65 15 21 32,0 2 1 3 4 8 16 6 5 7 9 19 10 11 12 20 65 15 21 32,phoneme,db2,usage,34,250,250,0
W-CART,W-CART:cart,46,1.5,0.112,0.16687453230231977,0 2 1 4 3 8 16 6 5 7 9 10 11 12 13 14 15 17 18 19,0 2 1 3 4 8 16 6 5 7 9 19 10 11 12 20 65 15 21 32,phoneme,db2,usage,34,250,250,0
ALL,W-QDA:qda,8,1.0,0.072,0.10651035170865553,0 2 1 3 4 8 16 6 5 7 9 19 10 11 12 20 65 15 21 32,0 2 1 3 4 8 16 6 5 7 9 19 10 11 12 20 65 15 21 32,phoneme,db2,usage,34,250,250,0
W-NN,W-NN:k=5,24,,0.08,0.09603392367173859,0 2 1 4 3 8 16 5 6 7 9 11 10 15 12 32 13 64 14 65,0 2 1 4 3 8 16 5 6 7 9 11 10 15 12 32 13 64 14 65,phoneme,db2,energy,35,250,250,0
W-QDA,W-QDA:qda,10,,0.108,0.10102269892741332,0 2 1 4 3 8 16 5 6 7 9 11 10 15 12 32 13 64 14 65,0 2 1 4 3 8 16 5 6 7 9 11 10 15 12 32 13 64 14 65,phoneme,db2,energy,35,250,250,0
W-CART,W-CART:cart,4,,0.136,0.13594412571713643,0 2 1 4 3 8 16 5 6 7 9 11 10 15 12 32 13 64 14 65,0 2 1 4 3 8 16 5 6 7 9 11 10 15 12 32 13 64 14 65,phoneme,db2,energy,35,250,250,0
ALL,W-NN:k=5,24,,0.08,0.09603392367173859,0 2 1 4 3 8 16 5 6 7 9 11 10 15 12 32 13 64 14 65,0 2 1 4 3 8 16 5 6 7 9 11 10 15 12 32 13 64 14 65,phoneme,db2,energy,35,250,250,0
W-NN,W-NN:k=5,26,0.5,0.08,0.09553504614617112,0 1 2 4 8 3 16 5 7 9 6 15 11 10 32 12 17 65 13 64,0 2 1 3 8 4 16 6 5 7 9 11 10 12 19 17 15 32 38 39,phoneme,db2,usage,35,250,250,0
W-QDA,W-QDA:qda,8,1.0,0.104,0.09628336243452232,0 2 1 3 8 4 16 6 5 7 9 11 10 12 19 17 15 32 38 39,0 2 1 3 8 4 16 6 5 7 9 11 10 12 19 17 15 32 38 39,phoneme,db2,usage,35,250,250,0
W-CART,W-CART:cart,28,0.5,0.12,0.11673734098278872,0 1 2 4 8 3 16 5 7 9 6 15 11 10 32 12 17 65 13 64,0 2 1 3 8 4 16 6 5 7 9 11 10 12 19 17 15 32 38 39,phoneme,db2,usage,35,250,250,0
ALL,W-NN:k=5,26,0.5,0.08,0.09553504614617112,0 1 2 4 8 3 16 5 7 9 6 15 11 10 32 12 17 65 13 64,0 2 1 3 8 4 16 6 5 7 9 11 10 12 19 17 15 32 38 39,phoneme,db2,usage,35,250,250,0
W-NN,W-NN:k=15,9,,0.104,0.10925417809927662,0 2 4 1 3 8 16 6 5 7 9 11 10 12 32 15 13 64 14 66,0 2 4 1 3 8 16 6 5 7 9 11 10 12 32 15 13 64 14 66,phoneme,db2,energy,36,250,250,0
W-QDA,W-QDA:qda,6,,0.08,0.0865552506859566,0 2 4 1 3 8 16 6 5 7 9 11 10 12 32 15 13 64 14 66,0 2 4 1 3 8 16 6 5 7 9 11 10 12 32 15 13 64 14 66,phoneme,db2,energy,36,250,250,0
W-CART,W-CART:cart,53,,0.108,0.13918682963332502,0 2 4 1 3 8 16 6 5 7 9 11 10 12 32 15 13 64 14 66,0 2 4 1 3 8 16 6 5 7 9 11 10 12 32 15 13 64 14 66,phoneme,db2,energy,36,250,250,0
ALL,W-QDA:qda,6,,0.08,0.0865552506859566,0 2 4 1 3 8 16 6 5 7 9 11 10 12 32 15 13 64 14 66,0 2 4 1 3 8 16 6 5 7 9 11 10 12 32 15 13 64 14 66,phoneme,db2,energy,36,250,250,0
W-NN,W-NN:k=7,24,1.0,0.1,0.11424295335495135,0 2 1 3 8 4 16 6 5 7 9 12 255 10 20 11 18 19 21 99,0 2 1 3 8 4 16 6 5 7 9 12 255 10 20 11 18 19 21 99,phoneme,db2,usage,36,250,250,0
W-QDA,W-QDA:qda,6,0.5,0.08,0.0865552506859566,0 2 1 4 3 8 16 5 7 6 9 11 15 10 32 12 13 64 255 14,0 2 1 3 8 4 16 6 5 7 9 12 255 10 20 11 18 19 21 99,phoneme,db2,usage,36,250,250,0
W-CART,W-CART:cart,53,3.0,0.096,0.14342728860064854,0 2 4 1 3 5 6 7 8 9 10 11 12 13 14 15 16 17 18 19,0 2 1 3 8 4 16 6 5 7 9 12 255 10 20 11 18 19 21 99,phoneme,db2,usage,36,250,250,0
ALL,W-QDA:qda,6,0.5,0.08,0.0865552506859566,0 2 1 4 3 8 16 5 7 6 9 11 15 10 32 12 13 64 255 14,0 2 1 3 8 4 16 6 5 7 9 12 255 10 20 11 18 19 21 99,phoneme,db2,usage,36,250,250,0
W-NN,W-NN:k=7,10,,0.088,0.1097530556248441,0 2 1 4 3 8 5 16 6 7 9 11 10 12 15 13 32 14 65 64,0 2 1 4 3 8 5 16 6 7 9 11 10 12 15 13 32 14 65 64,phoneme,db2,energy,37,250,250,0
W-QDA,W-QDA:qda,21,,0.104,0.12571713644300325,0 2 1 4 3 8 5 16 6 7 9 11 10 12 15 13 32 14 65 64,0 2 1 4 3 8 5 16 6 7 9 11 10 12 15 13 32 14 65 64,phoneme,db2,energy,37,250,250,0
W-CART,W-CART:cart,12,,0.124,0.1404340234472437,0 2 1 4 3 8 5 16 6 7 9 11 10 12 15 13 32 14 65 64,0 2 1 4 3 8 5 16 6 7 9 11 10 12 15 13 32 14 65 64,phoneme,db2,energy,37,250,250,0
ALL,W-NN:k=7,10,,0.088,0.1097530556248441,0 2 1 4 3 8 5 16 6 7 9 11 10 12 15 13 32 14 65 64,0 2 1 4 3 8 5 16 6 7 9 11 10 12 15 13 32 14 65 64,phoneme,db2,energy,37,250,250,0
W-NN,W-NN:k=9,25,1.0,0.084,0.10251933150411574,0 2 1 3 8 4 16 5 6 7 11 9 10 19 12 32 17 66 128 255,0 2 1 3 8 4 16 5 6 7 11 9 10 19 12 32 17 66 128 255,phoneme,db2,usage,37,250,250,0
W-QDA,W-QDA:qda,12,3.0,0.096,0.107009229234223,0 2 4 1 3 5 6 7 8 9 10 11 12 13 14 15 16 17 18 19,0 2 1 3 8 4 16 5 6 7 11 9 10 19 12 32 17 66 128 255,phoneme,db2,usage,37,250,250,0
W-CART,W-CART:cart,42,1.0,0.112,0.1416812172611624,0 2 1 3 8 4 16 5 6 7 11 9 10 19 12 32 17 66 128 255,0 2 1 3 8 4 16 5 6 7 11 9 10 19 12 32 17 66 128 255,phoneme,db2,usage,37,250,250,0
ALL,W-NN:k=9,25,1.0,0.084,0.10251933150411574,0 2 1 3 8 4 16 5 6 7 11 9 10 19 12 32 17 66 128 255,0 2 1 3 8 4 16 5 6 7 11 9 10 19 12 32 17 66 128 255,phoneme,db2,usage,37,250,250,0
W-NN,W-NN:k=5,33,,0.092,0.12047892242454478,0 2 1 4 3 8 5 16 6 7 9 11 10 12 13 32 15 14 64 65,0 2 1 4 3 8 5 16 6 7 9 11 10 12 13 32 15 14 64 65,phoneme,db2,energy,38,250,250,0
W-QDA,W-QDA:qda,18,,0.096,0.10875530057370915,0 2 1 4 3 8 5 16 6 7 9 11 10 12 13 32 15 14 64 65,0 2 1 4 3 8 5 16 6 7 9 11 10 12 13 32 15 14 64 65,phoneme,db2,energy,38,250,250,0
W-CART,W-CART:cart,11,,0.108,0.12970815664754304,0 2 1 4 3 8 5 16 6 7 9 11 10 12 13 32 15 14 64 65,0 2 1 4 3 8 5 16 6 7 9 11 10 12 13 32 15 14 64 65,phoneme,db2,energy,38,250,250,0
ALL,W-NN:k=5,33,,0.092,0.12047892242454478,0 2 1 4 3 8 5 16 6 7 9 11 10 12 13 32 15 14 64 65,0 2 1 4 3 8 5 16 6 7 9 11 10 12 13 32 15 14 64 65,phoneme,db2,energy,38,250,250,0
W-NN,W-NN:k=5,25,1.5,0.084,0.11698677974557246,0 2 1 4 3 8 16 5 6 9 7 10 11 12 13 14 15 17 18 19,0 2 1 3 4 8 16 6 5 7 11 9 21 32 12 13 15 18 19 20,phoneme,db2,usage,38,250,250,0
W-QDA,W-QDA:qda,27,1.5,0.088,0.1199800448989773,0 2 1 4 3 8 16 5 6 9 7 10 11 12 13 14 15 17 18 19,0 2 1 3 4 8 16 6 5 7 11 9 21 32 12 13 15 18 19 20,phoneme,db2,usage,38,250,250,0
W-CART,W-CART:cart,6,1.0,0.104,0.1314542279870292,0 2 1 3 4 8 16 6 5 7 11 9 21 32 12 13 15 18 19 20,0 2 1 3 4 8 16 6 5 7 11 9 21 32 12 13 15 18 19 20,phoneme,db2,usage,38,250,250,0
ALL,W-NN:k=5,25,1.5,0.084,0.11698677974557246,0 2 1 4 3 8 16 5 6 9 7 10 11 12 13 14 15 17 18 19,0 2 1 3 4 8 16 6 5 7 11 9 21 32 12 13 15 18 19 20,phoneme,db2,usage,38,250,250,0
W-NN,W-NN:k=5,8,,0.052,0.11374407582938388,0 2 1 4 3 8 16 6 5 7 9 11 10 12 15 32 13 14 64 65,0 2 1 4 3 8 16 6 5 7 9 11 10 12 15 32 13 14 64 65,phoneme,db2,energy,39,250,250,0
W-QDA,W-QDA:qda,11,,0.072,0.11474183088051883,0 2 1 4 3 8 16 6 5 7 9 11 10 12 15 32 13 14 64 65,0 2 1 4 3 8 16 6 5 7 9 11 10 12 15 32 13 14 64 65,phoneme,db2,energy,39,250,250,0
W-CART,W-CART:cart,6,,0.1,0.13619356447992018,0 2 1 4 3 8 16 6 5 7 9 11 10 12 15 32 13 14 64 65,0 2 1 4 3 8 16 6 5 7 9 11 10 12 15 32 13 14 64 65,phoneme,db2,energy,39,250,250,0
ALL,W-NN:k=5,8,,0.052,0.11374407582938388,0 2 1 4 3 8 16 6 5 7 9 11 10 12 15 32 13 14 64 65,0 2 1 4 3 8 16 6 5 7 9 11 10 12 15 32 13 14 64 65,phoneme,db2,energy,39,250,250,0
W-NN,W-NN:k=5,8,1.0,0.052,0.11374407582938388,0 2 1 3 4 8 16 6 5 7 9 10 11 19 12 13 15 18 32 66,0 2 1 3 4 8 16 6 5 7 9 10 11 19 12 13 15 18 32 66,phoneme,db2,usage,39,250,250,0
W-QDA,W-QDA:qda,10,3.0,0.068,0.11050137191319531,0 2 1 4 3 5 6 7 8 9 10 11 12 13 14 15 16 17 18 19,0 2 1 3 4 8 16 6 5 7 9 10 11 19 12 13 15 18 32 66,phoneme,db2,usage,39,250,250,0
W-CART,W-CART:cart,8,1.0,0.08,0.13594412571713643,0 2 1 3 4 8 16 6 5 7 9 10 11 19 12 13 15 18 32 66,0 2 1 3 4 8 16 6 5 7 9 10 11 19 12 13 15 18 32 66,phoneme,db2,usage,39,250,250,0
ALL,W-NN:k=5,8,1.0,0.052,0.11374407582938388,0 2 1 3 4 8 16 6 5 7 9 10 11 19 12 13 15 18 32 66,0 2 1 3 4 8 16 6 5 7 9 10 11 19 12 13 15 18 32 66,phoneme,db2,usage,39,250,250,0
W-NN,W-NN:k=25,28,,0.076,0.1050137191319531,0 2 1 4 3 8 16 5 6 7 9 11 10 12 13 32 15 14 64 65,0 2 1 4 3 8 16 5 6 7 9 11 10 12 13 32 15 14 64 65,phoneme,db2,energy,40,250,250,0
W-QDA,W-QDA:qda,11,,0.072,0.11000249438762784,0 2 1 4 3 8 16 5 6 7 9 11 10 12 13 32 15 14 64 65,0 2 1 4 3 8 16 5 6 7 9 11 10 12 13 32 15 14 64 65,phoneme,db2,energy,40,250,250,0
W-CART,W-CART:cart,13,,0.104,0.13719131953105512,0 2 1 4 3 8 16 5 6 7 9 11 10 12 13 32 15 14 64 65,0 2 1 4 3 8 16 5 6 7 9 11 10 12 13 32 15 14 64 65,phoneme,db2,energy,40,250,250,0
ALL,W-QDA:qda,11,,0.072,0.11000249438762784,0 2 1 4 3 8 16 5 6 7 9 11 10 12 13 32 15 14 64 65,0 2 1 4 3 8 16 5 6 7 9 11 10 12 13 32 15 14 64 65,phoneme,db2,energy,40,250,250,0
W-NN,W-NN:k=25,22,0.5,0.076,0.10476428036916936,0 2 1 4 3 8 16 5 7 9 6 11 10 15 12 32 13 17 31 255,0 2 1 3 8 4 16 7 6 5 9 11 12 15 19 21 32 178 179 255,phoneme,db2,usage,40,250,250,0
W-QDA,W-QDA:qda,10,3.0,0.068,0.11149912696433026,0 4 2 1 3 8 5 6 7 9 10 11 12 13 14 15 16 17 18 19,0 2 1 3 8 4 16 7 6 5 9 11 12 15 19 21 32 178 179 255,phoneme,db2,usage,40,250,250,0
W-CART,W-CART:cart,13,2.0,0.1,0.13793963581940633,0 2 4 1 3 8 16 5 6 7 9 10 11 12 13 14 15 17 18 19,0 2 1 3 8 4 16 7 6 5 9 11 12 15 19 21 32 178 179 255,phoneme,db2,usage,40,250,250,0
ALL,W-QDA:qda,10,3.0,0.068,0.11149912696433026,0 4 2 1 3 8 5 6 7 9 10 11 12 13 14 15 16 17 18 19,0 2 1 3 8 4 16 7 6 5 9 11 12 15 19 21 32 178 179 255,phoneme,db2,usage,40,250,250,0
W-NN,W-NN:k=7,10,,0.084,0.13569468695435272,0 2 1 4 3 8 16 6 5 7 9 10 11 12 15 32 14 13 64 66,0 2 1 4 3 8 16 6 5 7 9 10 11 12 15 32 14 13 64 66,phoneme,db2,energy,41,250,250,0
W-QDA,W-QDA:qda,9,,0.092,0.1219755550012472,0 2 1 4 3 8 16 6 5 7 9 10 11 12 15 32 14 13 64 66,0 2 1 4 3 8 16 6 5 7 9 10 11 12 15 32 14 13 64 66,phoneme,db2,energy,41,250,250,0
W-CART,W-CART:cart,30,,0.088,0.1384385133449738,0 2 1 4 3 8 16 6 5 7 9 10 11 12 15 32 14 13 64 66,0 2 1 4 3 8 16 6 5 7 9 10 11 12 15 32 14 13 64 66,phoneme,db2,energy,41,250,250,0
ALL,W-NN:k=7,10,,0.084,0.13569468695435272,0 2 1 4 3 8 16 6 5 7 9 10 11 12 15 32 14 13 64 66,0 2 1 4 3 8 16 6 5 7 9 10 11 12 15 32 14 13 64 66,phoneme,db2,energy,41,250,250,0
W-NN,W-NN:k=7,8,3.0,0.08,0.13868795210775756,0 2 4 1 3 5 6 7 8 9 10 11 12 13 14 15 16 17 18 19,0 2 1 3 4 8 16 6 5 7 10 9 11 19 12 15 21 66 13 14,phoneme,db2,usage,41,250,250,0
W-QDA,W-QDA:qda,11,3.0,0.084,0.10725866799700673,0 2 4 1 3 5 6 7 8 9 10 11 12 13 14 15 16 17 18 19,0 2 1 3 4 8 16 6 5 7 10 9 11 19 12 15 21 66 13 14,phoneme,db2,usage,41,250,250,0
W-CART,W-CART:cart,30,1.5,0.088,0.14741830880518833,0 2 1 4 3 8 16 6 5 7 9 10 11 12 13 14 15 17 18 19,0 2 1 3 4 8 16 6 5 7 10 9 11 19 12 15 21 66 13 14,phoneme,db2,usage,41,250,250,0
ALL,W-NN:k=7,8,3.0,0.08,0.13868795210775756,0 2 4 1 3 5 6 7 8 9 10 11 12 13 14 15 16 17 18 19,0 2 1 3 4 8 16 6 5 7 10 9 11 19 12 15 21 66 13 14,phoneme,db2,usage,41,250,250,0
W-NN,W-NN:k=15,17,,0.1,0.10626091294587178,0 2 1 4 3 8 16 6 5 7 9 11 10 12 32 15 13 14 64 255,0 2 1 4 3 8 16 6 5 7 9 11 10 12 32 15 13 14 64 255,phoneme,db2,energy,42,250,250,0
W-QDA,W-QDA:qda,5,,0.1,0.09877775006235968,0 2 1 4 3 8 16 6 5 7 9 11 10 12 32 15 13 14 64 255,0 2 1 4 3 8 16 6 5 7 9 11 10 12 32 15 13 14 64 255,phoneme,db2,energy,42,250,250,0
W-CART,W-CART:cart,54,,0.128,0.14292841107508106,0 2 1 4 3 8 16 6 5 7 9 11 10 12 32 15 13 14 64 255,0 2 1 4 3 8 16 6 5 7 9 11 10 12 32 15 13 14 64 255,phoneme,db2,energy,42,250,250,0
ALL,W-QDA:qda,5,,0.1,0.09877775006235968,0 2 1 4 3 8 16 6 5 7 9 11 10 12 32 15 13 14 64 255,0 2 1 4 3 8 16 6 5 7 9 11 10 12 32 15 13 14 64 255,phoneme,db2,energy,42,250,250,0
W-NN,W-NN:k=15,18,1.0,0.092,0.10900473933649289,0 2 1 3 4 8 16 6 5 7 11 9 32 10 20 255 18 19 31 66,0 2 1 3 4 8 16 6 5 7 11 9 32 10 20 255 18 19 31 66,phoneme,db2,usage,42,250,250,0
W-QDA,W-QDA:qda,5,0.5,0.1,0.09877775006235968,0 2 1 4 3 8 16 5 7 9 6 11 10 15 12 32 13 65 14 17,0 2 1 3 4 8 16 6 5 7 11 9 32 10 20 255 18 19 31 66,phoneme,db2,usage,42,250,250,0
W-CART,W-CART:cart,30,1.5,0.116,0.13170366674981293,0 2 1 4 3 8 16 6 5 7 9 10 11 12 13 14 15 17 18 19,0 2 1 3 4 8 16 6 5 7 11 9 32 10 20 255 18 19 31 66,phoneme,db2,usage,42,250,250,0
ALL,W-NN:k=15,18,1.0,0.092,0.10900473933649289,0 2 1 3 4 8 16 6 5 7 11 9 32 10 20 255 18 19 31 66,0 2 1 3 4 8 16 6 5 7 11 9 32 10 20 255 18 19 31 66,phoneme,db2,usage,42,250,250,0
W-NN,W-NN:k=9,54,,0.076,0.10077326016462958,0 2 4 1 3 8 16 6 5 7 9 11 10 12 32 15 13 14 65 64,0 2 4 1 3 8 16 6 5 7 9 11 10 12 32 15 13 14 65 64,phoneme,db2,energy,43,250,250,0
W-QDA,W-QDA:qda,5,,0.088,0.0947867298578199,0 2 4 1 3 8 16 6 5 7 9 11 10 12 32 15 13 14 65 64,0 2 4 1 3 8 16 6 5 7 9 11 10 12 32 15 13 14 65 64,phoneme,db2,energy,43,250,250,0
W-CART,W-CART:cart,18,,0.128,0.15864305313045649,0 2 4 1 3 8 16 6 5 7 9 11 10 12 32 15 13 14 65 64,0 2 4 1 3 8 16 6 5 7 9 11 10 12 32 15 13 14 65 64,phoneme,db2,energy,43,250,250,0
ALL,W-NN:k=9,54,,0.076,0.10077326016462958,0 2 4 1 3 8 16 6 5 7 9 11 10 12 32 15 13 14 65 64,0 2 4 1 3 8 16 6 5 7 9 11 10 12 32 15 13 14 65 64,phoneme,db2,energy,43,250,250,0
W-NN,W-NN:k=9,15,3.0,0.072,0.10351708655525069,0 4 2 1 8 3 5 6 7 9 10 11 12 13 14 15 16 17 18 19,0 2 1 3 4 8 16 6 5 7 9 11 12 10 13 21 65 15 19 20,phoneme,db2,usage,43,250,250,0
W-QDA,W-QDA:qda,5,0.5,0.088,0.0947867298578199,0 2 1 3 4 8 16 7 5 6 9 11 10 12 15 32 13 65 14 19,0 2 1 3 4 8 16 6 5 7 9 11 12 10 13 21 65 15 19 20,phoneme,db2,usage,43,250,250,0
W-CART,W-CART:cart,15,2.0,0.112,0.1411823397355949,0 2 4 1 8 3 16 5 6 7 9 10 11 12 13 14 15 17 18 19,0 2 1 3 4 8 16 6 5 7 9 11 12 10 13 21 65 15 19 20,phoneme,db2,usage,43,250,250,0
ALL,W-NN:k=9,15,3.0,0.072,0.10351708655525069,0 4 2 1 8 3 5 6 7 9 10 11 12 13 14 15 16 17 18 19,0 2 1 3 4 8 16 6 5 7 9 11 12 10 13 21 65 15 19 20,phoneme,db2,usage,43,250,250,0
W-NN,W-NN:k=7,10,,0.076,0.10675979047143926,0 2 1 4 3 8 16 6 5 7 9 11 10 12 15 32 13 64 14 65,0 2 1 4 3 8 16 6 5 7 9 11 10 12 15 32 13 64 14 65,phoneme,db2,energy,44,250,250,0
W-QDA,W-QDA:qda,6,,0.064,0.09029683212771265,0 2 1 4 3 8 16 6 5 7 9 11 10 12 15 32 13 64 14 65,0 2 1 4 3 8 16 6 5 7 9 11 10 12 15 32 13 64 14 65,phoneme,db2,energy,44,250,250,0
W-CART,W-CART:cart,11,,0.104,0.11224744325268146,0 2 1 4 3 8 16 6 5 7 9 11 10 12 15 32 13 64 14 65,0 2 1 4 3 8 16 6 5 7 9 11 10 12 15 32 13 64 14 65,phoneme,db2,energy,44,250,250,0
ALL,W-QDA:qda,6,,0.064,0.09029683212771265,0 2 1 4 3 8 16 6 5 7 9 11 10 12 15 32 13 64 14 65,0 2 1 4 3 8 16 6 5 7 9 11 10 12 15 32 13 64 14 65,phoneme,db2,energy,44,250,250,0
W-NN,W-NN:k=5,11,3.0,0.072,0.09777999501122474,0 2 4 1 3 5 6 7 8 9 10 11 12 13 14 15 16 17 18 19,0 2 3 1 4 8 16 7 6 9 5 10 11 32 12 17 18 19 66 174,phoneme,db2,usage,44,250,250,0
W-QDA,W-QDA:qda,6,0.5,0.064,0.09029683212771265,0 2 1 4 3 8 16 5 7 6 9 11 10 15 12 32 65 64 66 255,0 2 3 1 4 8 16 7 6 9 5 10 11 32 12 17 18 19 66 174,phoneme,db2,usage,44,250,250,0
W-CART,W-CART:cart,11,0.5,0.1,0.11199800448989773,0 2 1 4 3 8 16 5 7 6 9 11 10 15 12 32 65 64 66 255,0 2 3 1 4 8 16 7 6 9 5 10 11 32 12 17 18 19 66 174,phoneme,db2,usage,44,250,250,0
ALL,W-QDA:qda,6,0.5,0.064,0.09029683212771265,0 2 1 4 3 8 16 5 7 6 9 11 10 15 12 32 65 64 66 255,0 2 3 1 4 8 16 7 6 9 5 10 11 32 12 17 18 19 66 174,phoneme,db2,usage,44,250,250,0
W-NN,W-NN:k=9,20,,0.1,0.1144923921177351,0 2 1 4 3 8 6 16 5 9 7 10 11 15 12 13 14 32 64 20,0 2 1 4 3 8 6 16 5 9 7 10 11 15 12 13 14 32 64 20,phoneme,db2,energy,45,250,250,0
W-QDA,W-QDA:qda,6,,0.076,0.09528560738338737,0 2 1 4 3 8 6 16 5 9 7 10 11 15 12 13 14 32 64 20,0 2 1 4 3 8 6 16 5 9 7 10 11 15 12 13 14 32 64 20,phoneme,db2,energy,45,250,250,0
W-CART,W-CART:cart,22,,0.112,0.14068346221002745,0 2 1 4 3 8 6 16 5 9 7 10 11 15 12 13 14 32 64 20,0 2 1 4 3 8 6 16 5 9 7 10 11 15 12 13 14 32 64 20,phoneme,db2,energy,45,250,250,0
ALL,W-QDA:qda,6,,0.076,0.09528560738338737,0 2 1 4 3 8 6 16 5 9 7 10 11 15 12 13 14 32 64 20,0 2 1 4 3 8 6 16 5 9 7 10 11 15 12 13 14 32 64 20,phoneme,db2,energy,45,250,250,0
W-NN,W-NN:k=25,29,1.5,0.096,0.11873285108505861,0 2 1 4 3 8 16 6 5 9 7 10 11 12 13 14 15 17 18 19,0 2 1 3 4 8 16 6 5 7 10 9 11 12 15 13 14 18 179 255,phoneme,db2,usage,45,250,250,0
W-QDA,W-QDA:qda,6,0.5,0.076,0.09528560738338737,0 2 1 3 8 4 16 6 7 9 5 10 15 11 32 12 13 17 14 64,0 2 1 3 4 8 16 6 5 7 10 9 11 12 15 13 14 18 179 255,phoneme,db2,usage,45,250,250,0
W-CART,W-CART:cart,46,0.5,0.112,0.14691943127962084,0 2 1 3 8 4 16 6 7 9 5 10 15 11 32 12 13 17 14 64,0 2 1 3 4 8 16 6 5 7 10 9 11 12 15 13 14 18 179 255,phoneme,db2,usage,45,250,250,0
ALL,W-QDA:qda,6,0.5,0.076,0.09528560738338737,0 2 1 3 8 4 16 6 7 9 5 10 15 11 32 12 13 17 14 64,0 2 1 3 4 8 16 6 5 7 10 9 11 12 15 13 14 18 179 255,phoneme,db2,usage,45,250,250,0
W-NN,W-NN:k=3,37,,0.076,0.11050137191319531,0 2 1 4 3 8 16 5 6 7 9 11 10 12 15 32 13 64 65 20,0 2 1 4 3 8 16 5 6 7 9 11 10 12 15 32 13 64 65 20,phoneme,db2,energy,46,250,250,0
W-QDA,W-QDA:qda,6,,0.1,0.10376652531803442,0 2 1 4 3 8 16 5 6 7 9 11 10 12 15 32 13 64 65 20,0 2 1 4 3 8 16 5 6 7 9 11 10 12 15 32 13 64 65 20,phoneme,db2,energy,46,250,250,0
W-CART,W-CART:cart,8,,0.128,0.1314542279870292,0 2 1 4 3 8 16 5 6 7 9 11 10 12 15 32 13 64 65 20,0 2 1 4 3 8 16 5 6 7 9 11 10 12 15 32 13 64 65 20,phoneme,db2,energy,46,250,250,0
ALL,W-NN:k=3,37,,0.076,0.11050137191319531,0 2 1 4 3 8 16 5 6 7 9 11 10 12 15 32 13 64 65 20,0 2 1 4 3 8 16 5 6 7 9 11 10 12 15 32 13 64 65 20,phoneme,db2,energy,46,250,250,0
W-NN,W-NN:k=7,11,3.0,0.076,0.1077575455225742,0 2 4 1 3 5 6 7 8 9 10 11 12 13 14 15 16 17 18 19,0 2 1 3 4 8 16 5 6 7 9 11 10 12 17 18 19 15 20 32,phoneme,db2,usage,46,250,250,0
W-QDA,W-QDA:qda,10,3.0,0.092,0.10276877026689947,0 2 4 1 3 5 6 7 8 9 10 11 12 13 14 15 16 17 18 19,0 2 1 3 4 8 16 5 6 7 9 11 10 12 17 18 19 15 20 32,phoneme,db2,usage,46,250,250,0
W-CART,W-CART:cart,5,0.5,0.116,0.13170366674981293,0 1 2 4 8 3 16 7 5 6 9 10 11 12 32 15 65 13 17 64,0 2 1 3 4 8 16 5 6 7 9 11 10 12 17 18 19 15 20 32,phoneme,db2,usage,46,250,250,0
ALL,W-NN:k=7,11,3.0,0.076,0.1077575455225742,0 2 4 1 3 5 6 7 8 9 10 11 12 13 14 15 16 17 18 19,0 2 1 3 4 8 16 5 6 7 9 11 10 12 17 18 19 15 20 32,phoneme,db2,usage,46,250,250,0
W-NN,W-NN:k=3,34,,0.084,0.11025193315041157,0 2 1 4 3 8 16 6 5 7 9 10 11 12 15 32 13 64 65 14,0 2 1 4 3 8 16 6 5 7 9 10 11 12 15 32 13 64 65 14,phoneme,db2,energy,47,250,250,0
W-QDA,W-QDA:qda,7,,0.08,0.10376652531803442,0 2 1 4 3 8 16 6 5 7 9 10 11 12 15 32 13 64 65 14,0 2 1 4 3 8 16 6 5 7 9 10 11 12 15 32 13 64 65 14,phoneme,db2,energy,47,250,250,0
W-CART,W-CART:cart,27,,0.1,0.13320029932651534,0 2 1 4 3 8 16 6 5 7 9 10 11 12 15 32 13 64 65 14,0 2 1 4 3 8 16 6 5 7 9 10 11 12 15 32 13 64 65 14,phoneme,db2,energy,47,250,250,0
ALL,W-QDA:qda,7,,0.08,0.10376652531803442,0 2 1 4 3 8 16 6 5 7 9 10 11 12 15 32 13 64 65 14,0 2 1 4 3 8 16 6 5 7 9 10 11 12 15 32 13 64 65 14,phoneme,db2,energy,47,250,250,0
W-NN,W-NN:k=9,27,0.5,0.08,0.09553504614617112,0 2 1 4 3 8 16 5 6 7 9 10 11 15 32 12 13 64 65 17,0 2 3 1 8 4 16 6 5 7 10 9 11 12 15 13 17 20 31 32,phoneme,db2,usage,47,250,250,0
W-QDA,W-QDA:qda,10,3.0,0.072,0.11199800448989773,0 2 4 1 3 5 6 7 8 9 10 11 12 13 14 15 16 17 18 19,0 2 3 1 8 4 16 6 5 7 10 9 11 12 15 13 17 20 31 32,phoneme,db2,usage,47,250,250,0
W-CART,W-CART:cart,27,0.5,0.104,0.13270142180094788,0 2 1 4 3 8 16 5 6 7 9 10 11 15 32 12 13 64 65 17,0 2 3 1 8 4 16 6 5 7 10 9 11 12 15 13 17 20 31 32,phoneme,db2,usage,47,250,250,0
ALL,W-QDA:qda,10,3.0,0.072,0.11199800448989773,0 2 4 1 3 5 6 7 8 9 10 11 12 13 14 15 16 17 18 19,0 2 3 1 8 4 16 6 5 7 10 9 11 12 15 13 17 20 31 32,phoneme,db2,usage,47,250,250,0
W-NN,W-NN:k=7,15,,0.116,0.10800698428535795,0 2 1 4 3 8 16 6 5 9 7 10 11 12 15 32 13 14 64 65,0 2 1 4 3 8 16 6 5 9 7 10 11 12 15 32 13 14 64 65,phoneme,db2,energy,48,250,250,0
W-QDA,W-QDA:qda,9,,0.084,0.09254178099276628,0 2 1 4 3 8 16 6 5 9 7 10 11 12 15 32 13 14 64 65,0 2 1 4 3 8 16 6 5 9 7 10 11 12 15 32 13 14 64 65,phoneme,db2,energy,48,250,250,0
W-CART,W-CART:cart,36,,0.124,0.14093290097281116,0 2 1 4 3 8 16 6 5 9 7 10 11 12 15 32 13 14 64 65,0 2 1 4 3 8 16 6 5 9 7 10 11 12 15 32 13 14 64 65,phoneme,db2,energy,48,250,250,0
ALL,W-QDA:qda,9,,0.084,0.09254178099276628,0 2 1 4 3 8 16 6 5 9 7 10 11 12 15 32 13 14 64 65,0 2 1 4 3 8 16 6 5 9 7 10 11 12 15 32 13 14 64 65,phoneme,db2,energy,48,250,250,0
W-NN,W-NN:k=7,13,3.0,0.116,0.10725866799700673,0 4 2 1 3 5 6 7 8 9 10 11 12 13 14 15 16 17 18 19,0 2 1 3 4 8 16 6 5 9 7 10 12 19 11 13 15 20 65 14,phoneme,db2,usage,48,250,250,0
W-QDA,W-QDA:qda,9,1.0,0.084,0.09254178099276628,0 2 1 3 4 8 16 6 5 9 7 10 12 19 11 13 15 20 65 14,0 2 1 3 4 8 16 6 5 9 7 10 12 19 11 13 15 20 65 14,phoneme,db2,usage,48,250,250,0
W-CART,W-CART:cart,47,2.0,0.096,0.1267148914941382,0 2 4 1 3 8 16 5 6 7 9 10 11 12 13 14 15 17 18 19,0 2 1 3 4 8 16 6 5 9 7 10 12 19 11 13 15 20 65 14,phoneme,db2,usage,48,250,250,0
ALL,W-QDA:qda,9,1.0,0.084,0.09254178099276628,0 2 1 3 4 8 16 6 5 9 7 10 12 19 11 13 15 20 65 14,0 2 1 3 4 8 16 6 5 9 7 10 12 19 11 13 15 20 65 14,phoneme,db2,usage,48,250,250,0
W-NN,W-NN:k=9,15,,0.08,0.10276877026689947,0 2 4 1 3 8 16 6 5 7 9 11 10 12 15 32 13 64 14 65,0 2 4 1 3 8 16 6 5 7 9 11 10 12 15 32 13 64 14 65,phoneme,db2,energy,49,250,250,0
W-QDA,W-QDA:qda,13,,0.088,0.09927662758792716,0 2 4 1 3 8 16 6 5 7 9 11 10 12 15 32 13 64 14 65,0 2 4 1 3 8 16 6 5 7 9 11 10 12 15 32 13 64 14 65,phoneme,db2,energy,49,250,250,0
W-CART,W-CART:cart,25,,0.096,0.12995759541032675,0 2 4 1 3 8 16 6 5 7 9 11 10 12 15 32 13 64 14 65,0 2 4 1 3 8 16 6 5 7 9 11 10 12 15 32 13 64 14 65,phoneme,db2,energy,49,250,250,0
ALL,W-NN:k=9,15,,0.08,0.10276877026689947,0 2 4 1 3 8 16 6 5 7 9 11 10 12 15 32 13 64 14 65,0 2 4 1 3 8 16 6 5 7 9 11 10 12 15 32 13 64 14 65,phoneme,db2,energy,49,250,250,0
W-NN,W-NN:k=9,17,1.0,0.076,0.10301820902968321,0 2 3 1 4 8 16 6 7 5 9 15 11 12 10 19 31 32 50 100,0 2 3 1 4 8 16 6 7 5 9 15 11 12 10 19 31 32 50 100,phoneme,db2,usage,49,250,250,0
W-QDA,W-QDA:qda,9,0.5,0.08,0.08954851583936144,0 2 1 3 4 8 16 7 9 5 6 10 11 12 15 32 13 64 65 14,0 2 3 1 4 8 16 6 7 5 9 15 11 12 10 19 31 32 50 100,phoneme,db2,usage,49,250,250,0
W-CART,W-CART:cart,13,2.0,0.088,0.11573958593165377,0 2 4 1 8 3 16 5 6 7 9 10 11 12 13 14 15 17 18 19,0 2 3 1 4 8 16 6 7 5 9 15 11 12 10 19 31 32 50 100,phoneme,db2,usage,49,250,250,0
ALL,W-NN:k=9,17,1.0,0.076,0.10301820902968321,0 2 3 1 4 8 16 6 7 5 9 15 11 12 10 19 31 32 50 100,0 2 3 1 4 8 16 6 7 5 9 15 11 12 10 19 31 32 50 100,phoneme,db2,usage,49,250,250,0
W-NN,W-NN:k=7,17,,0.084,0.1144923921177351,0 2 1 4 3 8 16 6 5 9 7 11 12 10 15 32 64 13 14 65,0 2 1 4 3 8 16 6 5 9 7 11 12 10 15 32 64 13 14 65,phoneme,db2,energy,50,250,250,0
W-QDA,W-QDA:qda,4,,0.088,0.10526315789473684,0 2 1 4 3 8 16 6 5 9 7 11 12 10 15 32 64 13 14 65,0 2 1 4 3 8 16 6 5 9 7 11 12 10 15 32 64 13 14 65,phoneme,db2,energy,50,250,250,0
W-CART,W-CART:cart,6,,0.096,0.13245198303816413,0 2 1 4 3 8 16 6 5 9 7 11 12 10 15 32 64 13 14 65,0 2 1 4 3 8 16 6 5 9 7 11 12 10 15 32 64 13 14 65,phoneme,db2,energy,50,250,250,0
ALL,W-NN:k=7,17,,0.084,0.1144923921177351,0 2 1 4 3 8 16 6 5 9 7 11 12 10 15 32 64 13 14 65,0 2 1 4 3 8 16 6 5 9 7 11 12 10 15 32 64 13 14 65,phoneme,db2,energy,50,250,250,0
W-NN,W-NN:k=7,17,0.5,0.084,0.1144923921177351,0 2 1 3 4 8 16 5 6 9 7 11 10 12 15 32 64 13 65 14,0 2 1 3 4 8 16 6 5 7 9 11 12 15 19 32 10 20 21 39,phoneme,db2,usage,50,250,250,0
W-QDA,W-QDA:qda,3,2.0,0.064,0.09877775006235968,0 2 4 1 3 8 16 5 6 7 9 10 11 12 13 14 15 17 18 19,0 2 1 3 4 8 16 6 5 7 9 11 12 15 19 32 10 20 21 39,phoneme,db2,usage,50,250,250,0
W-CART,W-CART:cart,25,3.0,0.076,0.14467448241456723,0 2 4 1 8 3 5 6 7 9 10 11 12 13 14 15 16 17 18 19,0 2 1 3 4 8 16 6 5 7 9 11 12 15 19 32 10 20 21 39,phoneme,db2,usage,50,250,250,0
ALL,W-QDA:qda,3,2.0,0.064,0.09877775006235968,0 2 4 1 3 8 16 5 6 7 9 10 11 12 13 14 15 17 18 19,0 2 1 3 4 8 16 6 5 7 9 11 12 15 19 32 10 20 21 39,phoneme,db2,usage,50,250,250,0
W-NN,W-NN:k=7,17,,0.072,0.09528560738338737,0 2 4 1 3 8 16 6 5 7 9 11 10 12 15 32 13 64 65 14,0 2 4 1 3 8 16 6 5 7 9 11 10 12 15 32 13 64 65 14,phoneme,db2,energy,51,250,250,0
W-QDA,W-QDA:qda,11,,0.072,0.09703167872287354,0 2 4 1 3 8 16 6 5 7 9 11 10 12 15 32 13 64 65 14,0 2 4 1 3 8 16 6 5 7 9 11 10 12 15 32 13 64 65 14,phoneme,db2,energy,51,250,250,0
W-CART,W-CART:cart,6,,0.112,0.14467448241456723,0 2 4 1 3 8 16 6 5 7 9 11 10 12 15 32 13 64 65 14,0 2 4 1 3 8 16 6 5 7 9 11 10 12 15 32 13 64 65 14,phoneme,db2,energy,51,250,250,0
ALL,W-QDA:qda,11,,0.072,0.09703167872287354,0 2 4 1 3 8 16 6 5 7 9 11 10 12 15 32 13 64 65 14,0 2 4 1 3 8 16 6 5 7 9 11 10 12 15 32 13 64 65 14,phoneme,db2,energy,51,250,250,0
W-NN,W-NN:k=7,21,1.5,0.064,0.09279121975555,0 2 1 4 3 8 16 6 10 5 7 9 11 12 13 14 15 17 18 19,0 2 1 3 8 4 16 6 5 7 9 10 11 12 15 32 13 17 19 130,phoneme,db2,usage,51,250,250,0
W-QDA,W-QDA:qda,9,3.0,0.072,0.10326764779246694,0 2 4 1 3 5 6 7 8 9 10 11 12 13 14 15 16 17 18 19,0 2 1 3 8 4 16 6 5 7 9 10 11 12 15 32 13 17 19 130,phoneme,db2,usage,51,250,250,0
W-CART,W-CART:cart,7,0.5,0.108,0.1451733599401347,0 2 1 3 8 4 16 5 7 6 9 11 10 15 32 12 13 64 65 255,0 2 1 3 8 4 16 6 5 7 9 10 11 12 15 32 13 17 19 130,phoneme,db2,usage,51,250,250,0
ALL,W-NN:k=7,21,1.5,0.064,0.09279121975555,0 2 1 4 3 8 16 6 10 5 7 9 11 12 13 14 15 17 18 19,0 2 1 3 8 4 16 6 5 7 9 10 11 12 15 32 13 17 19 130,phoneme,db2,usage,51,250,250,0
W-NN,W-NN:k=5,12,,0.1,0.11299575954103268,0 2 1 4 3 8 6 16 5 7 9 11 10 12 15 32 13 14 64 20,0 2 1 4 3 8 6 16 5 7 9 11 10 12 15 32 13 14 64 20,phoneme,db2,energy,52,250,250,0
W-QDA,W-QDA:qda,8,,0.108,0.10725866799700673,0 2 1 4 3 8 6 16 5 7 9 11 10 12 15 32 13 14 64 20,0 2 1 4 3 8 6 16 5 7 9 11 10 12 15 32 13 14 64 20,phoneme,db2,energy,52,250,250,0
W-CART,W-CART:cart,63,,0.124,0.1322025442753804,0 2 1 4 3 8 6 16 5 7 9 11 10 12 15 32 13 14 64 20,0 2 1 4 3 8 6 16 5 7 9 11 10 12 15 32 13 14 64 20,phoneme,db2,energy,52,250,250,0
ALL,W-NN:k=5,12,,0.1,0.11299575954103268,0 2 1 4 3 8 6 16 5 7 9 11 10 12 15 32 13 14 64 20,0 2 1 4 3 8 6 16 5 7 9 11 10 12 15 32 13 14 64 20,phoneme,db2,energy,52,250,250,0
W-NN,W-NN:k=5,10,1.5,0.084,0.11199800448989773,0 2 1 4 3 8 16 6 5 9 7 10 11 12 13 14 15 17 18 19,0 2 1 3 4 8 16 6 5 7 9 10 11 12 20 15 19 32 213 13,phoneme,db2,usage,52,250,250,0
W-QDA,W-QDA:qda,11,3.0,0.084,0.10725866799700673,0 2 4 1 3 5 6 7 8 9 10 11 12 13 14 15 16 17 18 19,0 2 1 3 4 8 16 6 5 7 9 10 11 12 20 15 19 32 213 13,phoneme,db2,usage,52,250,250,0
W-CART,W-CART:cart,11,3.0,0.116,0.13569468695435272,0 2 4 1 3 5 6 7 8 9 10 11 12 13 14 15 16 17 18 19,0 2 1 3 4 8 16 6 5 7 9 10 11 12 20 15 19 32 213 13,phoneme,db2,usage,52,250,250,0
ALL,W-NN:k=5,10,1.5,0.084,0.11199800448989773,0 2 1 4 3 8 16 6 5 9 7 10 11 12 13 14 15 17 18 19,0 2 1 3 4 8 16 6 5 7 9 10 11 12 20 15 19 32 213 13,phoneme,db2,usage,52,250,250,0
W-NN,W-NN:k=5,55,,0.072,0.10825642304814168,0 2 1 4 3 8 16 5 6 7 9 11 10 12 15 13 32 64 65 14,0 2 1 4 3 8 16 5 6 7 9 11 10 12 15 13 32 64 65 14,phoneme,db2,energy,53,250,250,0
W-QDA,W-QDA:qda,11,,0.08,0.10675979047143926,0 2 1 4 3 8 16 5 6 7 9 11 10 12 15 13 32 64 65 14,0 2 1 4 3 8 16 5 6 7 9 11 10 12 15 13 32 64 65 14,phoneme,db2,energy,53,250,250,0
W-CART,W-CART:cart,6,,0.112,0.12372162634073335,0 2 1 4 3 8 16 5 6 7 9 11 10 12 15 13 32 64 65 14,0 2 1 4 3 8 16 5 6 7 9 11 10 12 15 13 32 64 65 14,phoneme,db2,energy,53,250,250,0
ALL,W-NN:k=5,55,,0.072,0.10825642304814168,0 2 1 4 3 8 16 5 6 7 9 11 10 12 15 13 32 64 65 14,0 2 1 4 3 8 16 5 6 7 9 11 10 12 15 13 32 64 65 14,phoneme,db2,energy,53,250,250,0
W-NN,W-NN:k=5,9,1.5,0.076,0.10551259665752058,0 2 1 4 3 8 16 5 6 7 9 10 11 12 13 14 15 17 18 19,0 2 1 3 8 4 16 6 7 5 11 9 10 17 255 12 19 13 14 15,phoneme,db2,usage,53,250,250,0
W-QDA,W-QDA:qda,14,1.0,0.068,0.10626091294587178,0 2 1 3 8 4 16 6 7 5 11 9 10 17 255 12 19 13 14 15,0 2 1 3 8 4 16 6 7 5 11 9 10 17 255 12 19 13 14 15,phoneme,db2,usage,53,250,250,0
W-CART,W-CART:cart,6,0.5,0.104,0.12397106510351709,0 2 1 3 8 4 16 7 5 9 6 11 10 12 15 32 13 17 14 64,0 2 1 3 8 4 16 6 7 5 11 9 10 17 255 12 19 13 14 15,phoneme,db2,usage,53,250,250,0
ALL,W-QDA:qda,14,1.0,0.068,0.10626091294587178,0 2 1 3 8 4 16 6 7 5 11 9 10 17 255 12 19 13 14 15,0 2 1 3 8 4 16 6 7 5 11 9 10 17 255 12 19 13 14 15,phoneme,db2,usage,53,250,250,0
W-NN,W-NN:k=1,8,,0.092,0.12147667747567972,0 2 1 4 3 8 16 6 5 7 9 11 10 12 15 13 32 14 64 20,0 2 1 4 3 8 16 6 5 7 9 11 10 12 15 13 32 14 64 20,phoneme,db2,energy,54,250,250,0
W-QDA,W-QDA:qda,24,,0.1,0.12372162634073335,0 2 1 4 3 8 16 6 5 7 9 11 10 12 15 13 32 14 64 20,0 2 1 4 3 8 16 6 5 7 9 11 10 12 15 13 32 14 64 20,phoneme,db2,energy,54,250,250,0
W-CART,W-CART:cart,6,,0.14,0.11898228984784236,0 2 1 4 3 8 16 6 5 7 9 11 10 12 15 13 32 14 64 20,0 2 1 4 3 8 16 6 5 7 9 11 10 12 15 13 32 14 64 20,phoneme,db2,energy,54,250,250,0
ALL,W-NN:k=1,8,,0.092,0.12147667747567972,0 2 1 4 3 8 16 6 5 7 9 11 10 12 15 13 32 14 64 20,0 2 1 4 3 8 16 6 5 7 9 11 10 12 15 13 32 14 64 20,phoneme,db2,energy,54,250,250,0
W-NN,W-NN:k=1,8,1.0,0.092,0.12147667747567972,0 2 1 3 4 8 16 6 5 7 9 11 10 12 15 19 14 18 21 32,0 2 1 3 4 8 16 6 5 7 9 11 10 12 15 19 14 18 21 32,phoneme,db2,usage,54,250,250,0
W-QDA,W-QDA:qda,22,1.5,0.116,0.11174856572711399,0 2 1 4 3 8 16 5 6 19 7 9 10 11 12 13 14 15 17 18,0 2 1 3 4 8 16 6 5 7 9 11 10 12 15 19 14 18 21 32,phoneme,db2,usage,54,250,250,0
W-CART,W-CART:cart,11,3.0,0.132,0.11848341232227488,0 4 2 1 3 5 6 7 8 9 10 11 12 13 14 15 16 17 18 19,0 2 1 3 4 8 16 6 5 7 9 11 10 12 15 19 14 18 21 32,phoneme,db2,usage,54,250,250,0
ALL,W-NN:k=1,8,1.0,0.092,0.12147667747567972,0 2 1 3 4 8 16 6 5 7 9 11 10 12 15 19 14 18 21 32,0 2 1 3 4 8 16 6 5 7 9 11 10 12 15 19 14 18 21 32,phoneme,db2,usage,54,250,250,0
W-NN,W-NN:k=15,34,,0.088,0.09453729109503617,0 2 1 4 3 8 16 5 6 9 7 11 10 12 15 13 32 14 65 64,0 2 1 4 3 8 16 5 6 9 7 11 10 12 15 13 32 14 65 64,phoneme,db2,energy,55,250,250,0
W-QDA,W-QDA:qda,6,,0.1,0.09279121975555,0 2 1 4 3 8 16 5 6 9 7 11 10 12 15 13 32 14 65 64,0 2 1 4 3 8 16 5 6 9 7 11 10 12 15 13 32 14 65 64,phoneme,db2,energy,55,250,250,0
W-CART,W-CART:cart,10,,0.12,0.13195310551259665,0 2 1 4 3 8 16 5 6 9 7 11 10 12 15 13 32 14 65 64,0 2 1 4 3 8 16 5 6 9 7 11 10 12 15 13 32 14 65 64,phoneme,db2,energy,55,250,250,0
ALL,W-NN:k=15,34,,0.088,0.09453729109503617,0 2 1 4 3 8 16 5 6 9 7 11 10 12 15 13 32 14 65 64,0 2 1 4 3 8 16 5 6 9 7 11 10 12 15 13 32 14 65 64,phoneme,db2,energy,55,250,250,0
W-NN,W-NN:k=25,30,1.0,0.084,0.10052382140184585,0 2 1 3 8 4 16 6 5 7 9 10 15 11 12 32 255 19 21 66,0 2 1 3 8 4 16 6 5 7 9 10 15 11 12 32 255 19 21 66,phoneme,db2,usage,55,250,250,0
W-QDA,W-QDA:qda,5,3.0,0.092,0.08904963831379396,0 2 4 1 8 3 5 6 7 9 10 11 12 13 14 15 16 17 18 19,0 2 1 3 8 4 16 6 5 7 9 10 15 11 12 32 255 19 21 66,phoneme,db2,usage,55,250,250,0
W-CART,W-CART:cart,14,3.0,0.112,0.14093290097281116,0 2 4 1 8 3 5 6 7 9 10 11 12 13 14 15 16 17 18 19,0 2 1 3 8 4 16 6 5 7 9 10 15 11 12 32 255 19 21 66,phoneme,db2,usage,55,250,250,0
ALL,W-NN:k=25,30,1.0,0.084,0.10052382140184585,0 2 1 3 8 4 16 6 5 7 9 10 15 11 12 32 255 19 21 66,0 2 1 3 8 4 16 6 5 7 9 10 15 11 12 32 255 19 21 66,phoneme,db2,usage,55,250,250,0
W-NN,W-NN:k=15,30,,0.1,0.10850586181092542,0 2 1 4 3 8 16 6 5 7 9 11 10 12 32 15 13 14 64 20,0 2 1 4 3 8 16 6 5 7 9 11 10 12 32 15 13 14 64 20,phoneme,db2,energy,56,250,250,0
W-QDA,W-QDA:qda,8,,0.092,0.09329009728111748,0 2 1 4 3 8 16 6 5 7 9 11 10 12 32 15 13 14 64 20,0 2 1 4 3 8 16 6 5 7 9 11 10 12 32 15 13 14 64 20,phoneme,db2,energy,56,250,250,0
W-CART,W-CART:cart,17,,0.132,0.12297331005238214,0 2 1 4 3 8 16 6 5 7 9 11 10 12 32 15 13 14 64 20,0 2 1 4 3 8 16 6 5 7 9 11 10 12 32 15 13 14 64 20,phoneme,db2,energy,56,250,250,0
ALL,W-QDA:qda,8,,0.092,0.09329009728111748,0 2 1 4 3 8 16 6 5 7 9 11 10 12 32 15 13 14 64 20,0 2 1 4 3 8 16 6 5 7 9 11 10 12 32 15 13 14 64 20,phoneme,db2,energy,56,250,250,0
W-NN,W-NN:k=9,3,2.0,0.096,0.11923172861062609,0 2 4 1 3 8 16 7 5 6 9 10 11 12 13 14 15 17 18 19,0 2 1 3 8 4 16 6 5 7 9 10 11 12 17 65 15 19 21 255,phoneme,db2,usage,56,250,250,0
W-QDA,W-QDA:qda,15,1.0,0.08,0.09977550511349463,0 2 1 3 8 4 16 6 5 7 9 10 11 12 17 65 15 19 21 255,0 2 1 3 8 4 16 6 5 7 9 10 11 12 17 65 15 19 21 255,phoneme,db2,usage,56,250,250,0
W-CART,W-CART:cart,56,1.0,0.108,0.12347218757794962,0 2 1 3 8 4 16 6 5 7 9 10 11 12 17 65 15 19 21 255,0 2 1 3 8 4 16 6 5 7 9 10 11 12 17 65 15 19 21 255,phoneme,db2,usage,56,250,250,0
ALL,W-QDA:qda,15,1.0,0.08,0.09977550511349463,0 2 1 3 8 4 16 6 5 7 9 10 11 12 17 65 15 19 21 255,0 2 1 3 8 4 16 6 5 7 9 10 11 12 17 65 15 19 21 255,phoneme,db2,usage,56,250,250,0
W-NN,W-NN:k=7,13,,0.096,0.102269892741332,0 2 4 1 3 8 16 5 6 7 9 11 10 12 15 32 13 64 65 14,0 2 4 1 3 8 16 5 6 7 9 11 10 12 15 32 13 64 65 14,phoneme,db2,energy,57,250,250,0
W-QDA,W-QDA:qda,4,,0.08,0.09703167872287354,0 2 4 1 3 8 16 5 6 7 9 11 10 12 15 32 13 64 65 14,0 2 4 1 3 8 16 5 6 7 9 11 10 12 15 32 13 64 65 14,phoneme,db2,energy,57,250,250,0
W-CART,W-CART:cart,28,,0.12,0.13195310551259665,0 2 4 1 3 8 16 5 6 7 9 11 10 12 15 32 13 64 65 14,0 2 4 1 3 8 16 5 6 7 9 11 10 12 15 32 13 64 65 14,phoneme,db2,energy,57,250,250,0
ALL,W-QDA:qda,4,,0.08,0.09703167872287354,0 2 4 1 3 8 16 5 6 7 9 11 10 12 15 32 13 64 65 14,0 2 4 1 3 8 16 5 6 7 9 11 10 12 15 32 13 64 65 14,phoneme,db2,energy,57,250,250,0
W-NN,W-NN:k=7,13,0.5,0.096,0.102269892741332,0 1 2 4 3 8 16 5 7 6 9 10 11 15 12 32 17 13 65 66,0 2 1 3 8 4 16 6 5 7 9 11 10 12 18 19 127 130 255 13,phoneme,db2,usage,57,250,250,0
W-QDA,W-QDA:qda,12,0.5,0.076,0.10451484160638563,0 1 2 4 3 8 16 5 7 6 9 10 11 15 12 32 17 13 65 66,0 2 1 3 8 4 16 6 5 7 9 11 10 12 18 19 127 130 255 13,phoneme,db2,usage,57,250,250,0
W-CART,W-CART:cart,11,3.0,0.104,0.12571713644300325,0 4 2 1 3 5 6 7 8 9 10 11 12 13 14 15 16 17 18 19,0 2 1 3 8 4 16 6 5 7 9 11 10 12 18 19 127 130 255 13,phoneme,db2,usage,57,250,250,0
ALL,W-QDA:qda,12,0.5,0.076,0.10451484160638563,0 1 2 4 3 8 16 5 7 6 9 10 11 15 12 32 17 13 65 66,0 2 1 3 8 4 16 6 5 7 9 11 10 12 18 19 127 130 255 13,phoneme,db2,usage,57,250,250,0
W-NN,W-NN:k=5,26,,0.064,0.10875530057370915,0 2 4 1 3 8 16 5 6 7 9 10 11 15 12 32 13 14 64 65,0 2 4 1 3 8 16 5 6 7 9 10 11 15 12 32 13 14 64 65,phoneme,db2,energy,58,250,250,0
W-QDA,W-QDA:qda,4,,0.08,0.09877775006235968,0 2 4 1 3 8 16 5 6 7 9 10 11 15 12 32 13 14 64 65,0 2 4 1 3 8 16 5 6 7 9 10 11 15 12 32 13 14 64 65,phoneme,db2,energy,58,250,250,0
W-CART,W-CART:cart,8,,0.112,0.14542279870291844,0 2 4 1 3 8 16 5 6 7 9 10 11 15 12 32 13 14 64 65,0 2 4 1 3 8 16 5 6 7 9 10 11 15 12 32 13 14 64 65,phoneme,db2,energy,58,250,250,0
ALL,W-NN:k=5,26,,0.064,0.10875530057370915,0 2 4 1 3 8 16 5 6 7 9 10 11 15 12 32 13 14 64 65,0 2 4 1 3 8 16 5 6 7 9 10 11 15 12 32 13 14 64 65,phoneme,db2,energy,58,250,250,0
W-NN,W-NN:k=3,63,0.5,0.06,0.11499126964330257,0 1 2 4 8 3 16 5 7 9 6 11 10 15 32 12 65 13 255 14,0 2 1 3 8 4 16 6 5 7 32 9 10 11 19 13 15 17 20 130,phoneme,db2,usage,58,250,250,0
W-QDA,W-QDA:qda,4,0.5,0.08,0.09877775006235968,0 1 2 4 8 3 16 5 7 9 6 11 10 15 32 12 65 13 255 14,0 2 1 3 8 4 16 6 5 7 32 9 10 11 19 13 15 17 20 130,phoneme,db2,usage,58,250,250,0
W-CART,W-CART:cart,8,2.0,0.112,0.14542279870291844,0 2 4 1 3 8 16 5 6 7 9 10 11 12 13 14 15 17 18 19,0 2 1 3 8 4 16 6 5 7 32 9 10 11 19 13 15 17 20 130,phoneme,db2,usage,58,250,250,0
ALL,W-NN:k=3,63,0.5,0.06,0.11499126964330257,0 1 2 4 8 3 16 5 7 9 6 11 10 15 32 12 65 13 255 14,0 2 1 3 8 4 16 6 5 7 32 9 10 11 19 13 15 17 20 130,phoneme,db2,usage,58,250,250,0
W-NN,W-NN:k=3,5,,0.052,0.11324519830381641,0 2 1 4 3 8 16 6 5 7 9 11 10 12 15 32 13 65 64 66,0 2 1 4 3 8 16 6 5 7 9 11 10 12 15 32 13 65 64 66,phoneme,db2,energy,59,250,250,0
W-QDA,W-QDA:qda,5,,0.072,0.1077575455225742,0 2 1 4 3 8 16 6 5 7 9 11 10 12 15 32 13 65 64 66,0 2 1 4 3 8 16 6 5 7 9 11 10 12 15 32 13 65 64 66,phoneme,db2,energy,59,250,250,0
W-CART,W-CART:cart,62,,0.1,0.13594412571713643,0 2 1 4 3 8 16 6 5 7 9 11 10 12 15 32 13 65 64 66,0 2 1 4 3 8 16 6 5 7 9 11 10 12 15 32 13 65 64 66,phoneme,db2,energy,59,250,250,0
ALL,W-NN:k=3,5,,0.052,0.11324519830381641,0 2 1 4 3 8 16 6 5 7 9 11 10 12 15 32 13 65 64 66,0 2 1 4 3 8 16 6 5 7 9 11 10 12 15 32 13 65 64 66,phoneme,db2,energy,59,250,250,0
W-NN,W-NN:k=3,5,0.5,0.052,0.11324519830381641,0 2 1 3 4 8 16 5 7 6 9 11 10 15 32 12 13 65 255 14,0 2 3 1 4 8 16 6 5 7 9 11 10 32 15 19 255 20 31 130,phoneme,db2,usage,59,250,250,0
W-QDA,W-QDA:qda,3,2.0,0.06,0.10301820902968321,0 2 4 1 3 8 16 5 6 7 9 10 11 12 13 14 15 17 18 19,0 2 3 1 4 8 16 6 5 7 9 11 10 32 15 19 255 20 31 130,phoneme,db2,usage,59,250,250,0
W-CART,W-CART:cart,13,3.0,0.08,0.11773509603392367,0 2 4 1 3 8 5 6 7 9 10 11 12 13 14 15 16 17 18 19,0 2 3 1 4 8 16 6 5 7 9 11 10 32 15 19 255 20 31 130,phoneme,db2,usage,59,250,250,0
ALL,W-NN:k=3,5,0.5,0.052,0.11324519830381641,0 2 1 3 4 8 16 5 7 6 9 11 10 15 32 12 13 65 255 14,0 2 3 1 4 8 16 6 5 7 9 11 10 32 15 19 255 20 31 130,phoneme,db2,usage,59,250,250,0
W-NN,W-NN:k=9,32,,0.076,0.1097530556248441,0 2 1 4 3 8 16 5 6 9 7 11 10 12 15 32 13 14 64 65,0 2 1 4 3 8 16 5 6 9 7 11 10 12 15 32 13 14 64 65,phoneme,db2,energy,60,250,250,0
W-QDA,W-QDA:qda,10,,0.06,0.09877775006235968,0 2 1 4 3 8 16 5 6 9 7 11 10 12 15 32 13 14 64 65,0 2 1 4 3 8 16 5 6 9 7 11 10 12 15 32 13 14 64 65,phoneme,db2,energy,60,250,250,0
W-CART,W-CART:cart,5,,0.104,0.14467448241456723,0 2 1 4 3 8 16 5 6 9 7 11 10 12 15 32 13 14 64 65,0 2 1 4 3 8 16 5 6 9 7 11 10 12 15 32 13 14 64 65,phoneme,db2,energy,60,250,250,0
ALL,W-QDA:qda,10,,0.06,0.09877775006235968,0 2 1 4 3 8 16 5 6 9 7 11 10 12 15 32 13 14 64 65,0 2 1 4 3 8 16 5 6 9 7 11 10 12 15 32 13 14 64 65,phoneme,db2,energy,60,250,250,0
W-NN,W-NN:k=9,17,1.0,0.076,0.1097530556248441,0 2 1 3 8 4 16 6 5 10 7 9 19 13 128 12 15 32 66 11,0 2 1 3 8 4 16 6 5 10 7 9 19 13 128 12 15 32 66 11,phoneme,db2,usage,60,250,250,0
W-QDA,W-QDA:qda,10,0.5,0.06,0.09877775006235968,0 2 1 4 3 8 16 5 6 9 7 10 11 12 15 32 13 65 255 14,0 2 1 3 8 4 16 6 5 10 7 9 19 13 128 12 15 32 66 11,phoneme,db2,usage,60,250,250,0
W-CART,W-CART:cart,5,0.5,0.104,0.14467448241456723,0 2 1 4 3 8 16 5 6 9 7 10 11 12 15 32 13 65 255 14,0 2 1 3 8 4 16 6 5 10 7 9 19 13 128 12 15 32 66 11,phoneme,db2,usage,60,250,250,0
ALL,W-QDA:qda,10,0.5,0.06,0.09877775006235968,0 2 1 4 3 8 16 5 6 9 7 10 11 12 15 32 13 65 255 14,0 2 1 3 8 4 16 6 5 10 7 9 19 13 128 12 15 32 66 11,phoneme,db2,usage,60,250,250,0
W-NN,W-NN:k=3,22,,0.088,0.11000249438762784,0 2 4 1 3 8 16 6 5 7 9 11 10 12 32 15 13 64 14 65,0 2 4 1 3 8 16 6 5 7 9 11 10 12 32 15 13 64 14 65,phoneme,db2,energy,61,250,250,0
W-QDA,W-QDA:qda,6,,0.08,0.09279121975555,0 2 4 1 3 8 16 6 5 7 9 11 10 12 32 15 13 64 14 65,0 2 4 1 3 8 16 6 5 7 9 11 10 12 32 15 13 64 14 65,phoneme,db2,energy,61,250,250,0
W-CART,W-CART:cart,8,,0.116,0.1282115240708406,0 2 4 1 3 8 16 6 5 7 9 11 10 12 32 15 13 64 14 65,0 2 4 1 3 8 16 6 5 7 9 11 10 12 32 15 13 64 14 65,phoneme,db2,energy,61,250,250,0
ALL,W-QDA:qda,6,,0.08,0.09279121975555,0 2 4 1 3 8 16 6 5 7 9 11 10 12 32 15 13 64 14 65,0 2 4 1 3 8 16 6 5 7 9 11 10 12 32 15 13 64 14 65,phoneme,db2,energy,61,250,250,0
W-NN,W-NN:k=3,27,0.5,0.084,0.11075081067597904,0 2 1 3 8 4 16 5 7 9 6 11 10 32 15 12 13 17 64 255,0 2 1 3 4 8 16 6 7 5 9 10 11 20 255 12 13 14 15 19,phoneme,db2,usage,61,250,250,0
W-QDA,W-QDA:qda,6,0.5,0.08,0.09279121975555,0 2 1 3 8 4 16 5 7 9 6 11 10 32 15 12 13 17 64 255,0 2 1 3 4 8 16 6 7 5 9 10 11 20 255 12 13 14 15 19,phoneme,db2,usage,61,250,250,0
W-CART,W-CART:cart,11,1.0,0.116,0.12471938139186829,0 2 1 3 4 8 16 6 7 5 9 10 11 20 255 12 13 14 15 19,0 2 1 3 4 8 16 6 7 5 9 10 11 20 255 12 13 14 15 19,phoneme,db2,usage,61,250,250,0
ALL,W-QDA:qda,6,0.5,0.08,0.09279121975555,0 2 1 3 8 4 16 5 7 9 6 11 10 32 15 12 13 17 64 255,0 2 1 3 4 8 16 6 7 5 9 10 11 20 255 12 13 14 15 19,phoneme,db2,usage,61,250,250,0
W-NN,W-NN:k=7,23,,0.084,0.10251933150411574,0 2 1 4 3 8 6 16 5 7 9 11 10 12 15 32 13 65 64 14,0 2 1 4 3 8 6 16 5 7 9 11 10 12 15 32 13 65 64 14,phoneme,db2,energy,62,250,250,0
W-QDA,W-QDA:qda,6,,0.096,0.08929907707657771,0 2 1 4 3 8 6 16 5 7 9 11 10 12 15 32 13 65 64 14,0 2 1 4 3 8 6 16 5 7 9 11 10 12 15 32 13 65 64 14,phoneme,db2,energy,62,250,250,0
W-CART,W-CART:cart,14,,0.092,0.13369917685208282,0 2 1 4 3 8 6 16 5 7 9 11 10 12 15 32 13 65 64 14,0 2 1 4 3 8 6 16 5 7 9 11 10 12 15 32 13 65 64 14,phoneme,db2,energy,62,250,250,0
ALL,W-NN:k=7,23,,0.084,0.10251933150411574,0 2 1 4 3 8 6 16 5 7 9 11 10 12 15 32 13 65 64 14,0 2 1 4 3 8 6 16 5 7 9 11 10 12 15 32 13 65 64 14,phoneme,db2,energy,62,250,250,0
W-NN,W-NN:k=7,18,1.5,0.08,0.10401596408081816,0 2 1 4 3 8 16 6 5 7 9 10 11 12 13 14 15 17 18 19,0 2 1 3 4 8 16 6 7 5 9 10 11 12 15 17 18 32 100 213,phoneme,db2,usage,62,250,250,0
W-QDA,W-QDA:qda,6,0.5,0.096,0.08929907707657771,0 2 1 3 4 8 16 5 6 7 9 11 10 15 12 32 13 65 14 23,0 2 1 3 4 8 16 6 7 5 9 10 11 12 15 17 18 32 100 213,phoneme,db2,usage,62,250,250,0
W-CART,W-CART:cart,14,2.0,0.088,0.13868795210775756,0 2 4 1 3 8 16 5 6 7 9 10 11 12 13 14 15 17 18 19,0 2 1 3 4 8 16 6 7 5 9 10 11 12 15 17 18 32 100 213,phoneme,db2,usage,62,250,250,0
ALL,W-NN:k=7,18,1.5,0.08,0.10401596408081816,0 2 1 4 3 8 16 6 5 7 9 10 11 12 13 14 15 17 18 19,0 2 1 3 4 8 16 6 7 5 9 10 11 12 15 17 18 32 100 213,phoneme,db2,usage,62,250,250,0
W-NN,W-NN:k=5,49,,0.108,0.11374407582938388,0 2 1 4 3 8 16 6 5 7 9 11 10 12 15 32 13 64 14 65,0 2 1 4 3 8 16 6 5 7 9 11 10 12 15 32 13 64 14 65,phoneme,db2,energy,63,250,250,0
W-QDA,W-QDA:qda,4,,0.096,0.11573958593165377,0 2 1 4 3 8 16 6 5 7 9 11 10 12 15 32 13 64 14 65,0 2 1 4 3 8 16 6 5 7 9 11 10 12 15 32 13 64 14 65,phoneme,db2,energy,63,250,250,0
W-CART,W-CART:cart,4,,0.132,0.14691943127962084,0 2 1 4 3 8 16 6 5 7 9 11 10 12 15 32 13 64 14 65,0 2 1 4 3 8 16 6 5 7 9 11 10 12 15 32 13 64 14 65,phoneme,db2,energy,63,250,250,0
ALL,W-QDA:qda,4,,0.096,0.11573958593165377,0 2 1 4 3 8 16 6 5 7 9 11 10 12 15 32 13 64 14 65,0 2 1 4 3 8 16 6 5 7 9 11 10 12 15 32 13 64 14 65,phoneme,db2,energy,63,250,250,0
W-NN,W-NN:k=7,44,0.5,0.108,0.10925417809927662,0 1 2 8 3 4 16 5 7 6 9 10 11 15 32 12 13 65 17 64,0 2 1 3 4 8 16 6 5 7 32 9 11 10 13 19 12 15 18 20,phoneme,db2,usage,63,250,250,0
W-QDA,W-QDA:qda,24,1.0,0.088,0.13195310551259665,0 2 1 3 4 8 16 6 5 7 32 9 11 10 13 19 12 15 18 20,0 2 1 3 4 8 16 6 5 7 32 9 11 10 13 19 12 15 18 20,phoneme,db2,usage,63,250,250,0
W-CART,W-CART:cart,4,2.0,0.128,0.1479171863307558,0 2 4 1 3 8 16 5 6 7 9 10 11 12 13 14 15 17 18 19,0 2 1 3 4 8 16 6 5 7 32 9 11 10 13 19 12 15 18 20,phoneme,db2,usage,63,250,250,0
ALL,W-QDA:qda,24,1.0,0.088,0.13195310551259665,0 2 1 3 4 8 16 6 5 7 32 9 11 10 13 19 12 15 18 20,0 2 1 3 4 8 16 6 5 7 32 9 11 10 13 19 12 15 18 20,phoneme,db2,usage,63,250,250,0
W-NN,W-NN:k=9,11,,0.076,0.10750810675979047,0 2 4 1 3 8 5 16 6 7 9 11 10 12 32 15 13 14 64 65,0 2 4 1 3 8 5 16 6 7 9 11 10 12 32 15 13 14 64 65,phoneme,db2,energy,64,250,250,0
W-QDA,W-QDA:qda,3,,0.068,0.10301820902968321,0 2 4 1 3 8 5 16 6 7 9 11 10 12 32 15 13 14 64 65,0 2 4 1 3 8 5 16 6 7 9 11 10 12 32 15 13 14 64 65,phoneme,db2,energy,64,250,250,0
W-CART,W-CART:cart,9,,0.128,0.1506610127213769,0 2 4 1 3 8 5 16 6 7 9 11 10 12 32 15 13 14 64 65,0 2 4 1 3 8 5 16 6 7 9 11 10 12 32 15 13 14 64 65,phoneme,db2,energy,64,250,250,0
ALL,W-QDA:qda,3,,0.068,0.10301820902968321,0 2 4 1 3 8 5 16 6 7 9 11 10 12 32 15 13 14 64 65,0 2 4 1 3 8 5 16 6 7 9 11 10 12 32 15 13 14 64 65,phoneme,db2,energy,64,250,250,0
W-NN,W-NN:k=9,11,1.0,0.056,0.1077575455225742,0 2 1 3 8 4 16 5 6 7 10 11 9 12 32 13 15 19 65 231,0 2 1 3 8 4 16 5 6 7 10 11 9 12 32 13 15 19 65 231,phoneme,db2,usage,64,250,250,0
W-QDA,W-QDA:qda,12,2.0,0.048,0.10476428036916936,0 2 4 1 3 8 16 5 6 7 9 10 11 12 13 14 15 17 18 19,0 2 1 3 8 4 16 5 6 7 10 11 9 12 32 13 15 19 65 231,phoneme,db2,usage,64,250,250,0
W-CART,W-CART:cart,22,2.0,0.116,0.16113744075829384,0 2 4 1 3 8 16 5 6 7 9 10 11 12 13 14 15 17 18 19,0 2 1 3 8 4 16 5 6 7 10 11 9 12 32 13 15 19 65 231,phoneme,db2,usage,64,250,250,0
ALL,W-QDA:qda,12,2.0,0.048,0.10476428036916936,0 2 4 1 3 8 16 5 6 7 9 10 11 12 13 14 15 17 18 19,0 2 1 3 8 4 16 5 6 7 10 11 9 12 32 13 15 19 65 231,phoneme,db2,usage,64,250,250,0
W-NN,W-NN:k=9,6,,0.08,0.10725866799700673,0 2 4 1 3 8 16 5 6 7 9 10 11 32 15 12 13 14 65 64,0 2 4 1 3 8 16 5 6 7 9 10 11 32 15 12 13 14 65 64,phoneme,db2,energy,65,250,250,0
W-QDA,W-QDA:qda,3,,0.092,0.09603392367173859,0 2 4 1 3 8 16 5 6 7 9 10 11 32 15 12 13 14 65 64,0 2 4 1 3 8 16 5 6 7 9 10 11 32 15 12 13 14 65 64,phoneme,db2,energy,65,250,250,0
W-CART,W-CART:cart,64,,0.112,0.15140932900972812,0 2 4 1 3 8 16 5 6 7 9 10 11 32 15 12 13 14 65 64,0 2 4 1 3 8 16 5 6 7 9 10 11 32 15 12 13 14 65 64,phoneme,db2,energy,65,250,250,0
ALL,W-NN:k=9,6,,0.08,0.10725866799700673,0 2 4 1 3 8 16 5 6 7 9 10 11 32 15 12 13 14 65 64,0 2 4 1 3 8 16 5 6 7 9 10 11 32 15 12 13 14 65 64,phoneme,db2,energy,65,250,250,0
W-NN,W-NN:k=9,6,0.5,0.08,0.10725866799700673,0 2 1 8 4 3 16 7 5 6 9 10 11 15 32 12 13 19 65 66,0 2 1 3 4 8 16 7 6 5 9 10 11 32 127 12 15 18 20 130,phoneme,db2,usage,65,250,250,0
W-QDA,W-QDA:qda,5,0.5,0.08,0.0947867298578199,0 2 1 8 4 3 16 7 5 6 9 10 11 15 32 12 13 19 65 66,0 2 1 3 4 8 16 7 6 5 9 10 11 32 127 12 15 18 20 130,phoneme,db2,usage,65,250,250,0
W-CART,W-CART:cart,18,0.5,0.1,0.1593913694188077,0 2 1 8 4 3 16 7 5 6 9 10 11 15 32 12 13 19 65 66,0 2 1 3 4 8 16 7 6 5 9 10 11 32 127 12 15 18 20 130,phoneme,db2,usage,65,250,250,0
ALL,W-QDA:qda,5,0.5,0.08,0.0947867298578199,0 2 1 8 4 3 16 7 5 6 9 10 11 15 32 12 13 19 65 66,0 2 1 3 4 8 16 7 6 5 9 10 11 32 127 12 15 18 20 130,phoneme,db2,usage,65,250,250,0
W-NN,W-NN:k=9,7,,0.068,0.10725866799700673,0 2 1 4 3 8 5 16 6 7 9 11 10 12 15 32 13 64 14 65,0 2 1 4 3 8 5 16 6 7 9 11 10 12 15 32 13 64 14 65,phoneme,db2,energy,66,250,250,0
W-QDA,W-QDA:qda,4,,0.072,0.09703167872287354,0 2 1 4 3 8 5 16 6 7 9 11 10 12 15 32 13 64 14 65,0 2 1 4 3 8 5 16 6 7 9 11 10 12 15 32 13 64 14 65,phoneme,db2,energy,66,250,250,0
W-CART,W-CART:cart,9,,0.088,0.12696433025692191,0 2 1 4 3 8 5 16 6 7 9 11 10 12 15 32 13 64 14 65,0 2 1 4 3 8 5 16 6 7 9 11 10 12 15 32 13 64 14 65,phoneme,db2,energy,66,250,250,0
ALL,W-NN:k=9,7,,0.068,0.10725866799700673,0 2 1 4 3 8 5 16 6 7 9 11 10 12 15 32 13 64 14 65,0 2 1 4 3 8 5 16 6 7 9 11 10 12 15 32 13 64 14 65,phoneme,db2,energy,66,250,250,0
W-NN,W-NN:k=15,26,0.5,0.064,0.1097530556248441,0 2 1 3 4 8 16 5 7 6 9 10 11 12 32 15 13 65 14 19,0 2 1 3 8 4 16 5 6 7 11 9 10 12 32 19 21 50 99 213,phoneme,db2,usage,66,250,250,0
W-QDA,W-QDA:qda,18,1.5,0.056,0.10326764779246694,0 2 1 4 3 8 16 5 6 7 9 10 11 12 13 14 15 17 18 19,0 2 1 3 8 4 16 5 6 7 11 9 10 12 32 19 21 50 99 213,phoneme,db2,usage,66,250,250,0
W-CART,W-CART:cart,7,3.0,0.092,0.12397106510351709,0 2 4 1 3 8 5 6 7 9 10 11 12 13 14 15 16 17 18 19,0 2 1 3 8 4 16 5 6 7 11 9 10 12 32 19 21 50 99 213,phoneme,db2,usage,66,250,250,0
ALL,W-QDA:qda,18,1.5,0.056,0.10326764779246694,0 2 1 4 3 8 16 5 6 7 9 10 11 12 13 14 15 17 18 19,0 2 1 3 8 4 16 5 6 7 11 9 10 12 32 19 21 50 99 213,phoneme,db2,usage,66,250,250,0
W-NN,W-NN:k=9,32,,0.084,0.09877775006235968,0 2 1 4 3 8 5 16 6 7 9 11 10 12 15 32 13 14 64 65,0 2 1 4 3 8 5 16 6 7 9 11 10 12 15 32 13 14 64 65,phoneme,db2,energy,67,250,250,0
W-QDA,W-QDA:qda,11,,0.088,0.10326764779246694,0 2 1 4 3 8 5 16 6 7 9 11 10 12 15 32 13 14 64 65,0 2 1 4 3 8 5 16 6 7 9 11 10 12 15 32 13 14 64 65,phoneme,db2,energy,67,250,250,0
W-CART,W-CART:cart,6,,0.136,0.12846096283362435,0 2 1 4 3 8 5 16 6 7 9 11 10 12 15 32 13 14 64 65,0 2 1 4 3 8 5 16 6 7 9 11 10 12 15 32 13 14 64 65,phoneme,db2,energy,67,250,250,0
ALL,W-NN:k=9,32,,0.084,0.09877775006235968,0 2 1 4 3 8 5 16 6 7 9 11 10 12 15 32 13 14 64 65,0 2 1 4 3 8 5 16 6 7 9 11 10 12 15 32 13 14 64 65,phoneme,db2,energy,67,250,250,0
W-NN,W-NN:k=9,29,1.0,0.084,0.09578448490895485,0 2 1 3 8 4 16 7 5 6 9 10 11 12 15 17 18 21 31 32,0 2 1 3 8 4 16 7 5 6 9 10 11 12 15 17 18 21 31 32,phoneme,db2,usage,67,250,250,0
W-QDA,W-QDA:qda,11,0.5,0.088,0.10326764779246694,0 2 1 4 3 8 5 16 7 9 6 11 10 15 32 12 13 65 14 64,0 2 1 3 8 4 16 7 5 6 9 10 11 12 15 17 18 21 31 32,phoneme,db2,usage,67,250,250,0
W-CART,W-CART:cart,6,1.0,0.132,0.12422050386630082,0 2 1 3 8 4 16 7 5 6 9 10 11 12 15 17 18 21 31 32,0 2 1 3 8 4 16 7 5 6 9 10 11 12 15 17 18 21 31 32,phoneme,db2,usage,67,250,250,0
ALL,W-NN:k=9,29,1.0,0.084,0.09578448490895485,0 2 1 3 8 4 16 7 5 6 9 10 11 12 15 17 18 21 31 32,0 2 1 3 8 4 16 7 5 6 9 10 11 12 15 17 18 21 31 32,phoneme,db2,usage,67,250,250,0
W-NN,W-NN:k=5,14,,0.088,0.0995260663507109,0 2 1 4 3 8 6 16 5 7 9 11 10 12 15 32 13 64 14 20,0 2 1 4 3 8 6 16 5 7 9 11 10 12 15 32 13 64 14 20,phoneme,db2,energy,68,250,250,0
W-QDA,W-QDA:qda,8,,0.072,0.09104514841606386,0 2 1 4 3 8 6 16 5 7 9 11 10 12 15 32 13 64 14 20,0 2 1 4 3 8 6 16 5 7 9 11 10 12 15 32 13 64 14 20,phoneme,db2,energy,68,250,250,0
W-CART,W-CART:cart,41,,0.112,0.12122723871289598,0 2 1 4 3 8 6 16 5 7 9 11 10 12 15 32 13 64 14 20,0 2 1 4 3 8 6 16 5 7 9 11 10 12 15 32 13 64 14 20,phoneme,db2,energy,68,250,250,0
ALL,W-QDA:qda,8,,0.072,0.09104514841606386,0 2 1 4 3 8 6 16 5 7 9 11 10 12 15 32 13 64 14 20,0 2 1 4 3 8 6 16 5 7 9 11 10 12 15 32 13 64 14 20,phoneme,db2,energy,68,250,250,0
W-NN,W-NN:k=3,5,0.5,0.084,0.11050137191319531,0 2 1 8 4 3 16 5 6 7 9 11 10 32 12 15 13 64 31 14,0 2 1 3 8 4 16 6 5 7 11 9 10 12 13 15 19 65 128 198,phoneme,db2,usage,68,250,250,0
W-QDA,W-QDA:qda,8,1.0,0.072,0.09104514841606386,0 2 1 3 8 4 16 6 5 7 11 9 10 12 13 15 19 65 128 198,0 2 1 3 8 4 16 6 5 7 11 9 10 12 13 15 19 65 128 198,phoneme,db2,usage,68,250,250,0
W-CART,W-CART:cart,36,1.0,0.108,0.12846096283362435,0 2 1 3 8 4 16 6 5 7 11 9 10 12 13 15 19 65 128 198,0 2 1 3 8 4 16 6 5 7 11 9 10 12 13 15 19 65 128 198,phoneme,db2,usage,68,250,250,0
ALL,W-QDA:qda,8,1.0,0.072,0.09104514841606386,0 2 1 3 8 4 16 6 5 7 11 9 10 12 13 15 19 65 128 198,0 2 1 3 8 4 16 6 5 7 11 9 10 12 13 15 19 65 128 198,phoneme,db2,usage,68,250,250,0
W-NN,W-NN:k=25,43,,0.104,0.10601147418308805,0 2 1 4 3 8 16 6 5 7 9 11 10 12 15 32 13 14 64 65,0 2 1 4 3 8 16 6 5 7 9 11 10 12 15 32 13 14 64 65,phoneme,db2,energy,69,250,250,0
W-QDA,W-QDA:qda,6,,0.08,0.0940384135694687,0 2 1 4 3 8 16 6 5 7 9 11 10 12 15 32 13 14 64 65,0 2 1 4 3 8 16 6 5 7 9 11 10 12 15 32 13 14 64 65,phoneme,db2,energy,69,250,250,0
W-CART,W-CART:cart,24,,0.128,0.1254676976802195,0 2 1 4 3 8 16 6 5 7 9 11 10 12 15 32 13 14 64 65,0 2 1 4 3 8 16 6 5 7 9 11 10 12 15 32 13 14 64 65,phoneme,db2,energy,69,250,250,0
ALL,W-QDA:qda,6,,0.08,0.0940384135694687,0 2 1 4 3 8 16 6 5 7 9 11 10 12 15 32 13 14 64 65,0 2 1 4 3 8 16 6 5 7 9 11 10 12 15 32 13 14 64 65,phoneme,db2,energy,69,250,250,0
W-NN,W-NN:k=25,57,1.5,0.096,0.10401596408081816,0 2 1 4 3 8 16 6 5 7 9 10 11 12 13 14 15 17 18 19,0 2 1 3 8 4 16 6 5 7 9 10 11 19 12 15 18 20 32 63,phoneme,db2,usage,69,250,250,0
W-QDA,W-QDA:qda,6,0.5,0.08,0.0940384135694687,0 2 1 3 8 4 16 7 6 9 5 10 11 12 15 13 32 65 14 64,0 2 1 3 8 4 16 6 5 7 9 10 11 19 12 15 18 20 32 63,phoneme,db2,usage,69,250,250,0
W-CART,W-CART:cart,31,0.5,0.124,0.13045647293589424,0 2 1 3 8 4 16 7 6 9 5 10 11 12 15 13 32 65 14 64,0 2 1 3 8 4 16 6 5 7 9 10 11 19 12 15 18 20 32 63,phoneme,db2,usage,69,250,250,0
ALL,W-QDA:qda,6,0.5,0.08,0.0940384135694687,0 2 1 3 8 4 16 7 6 9 5 10 11 12 15 13 32 65 14 64,0 2 1 3 8 4 16 6 5 7 9 10 11 19 12 15 18 20 32 63,phoneme,db2,usage,69,250,250,0
W-NN,W-NN:k=5,6,,0.1,0.12571713644300325,0 2 1 4 3 8 16 5 6 7 9 10 11 12 15 32 64 13 14 65,0 2 1 4 3 8 16 5 6 7 9 10 11 12 15 32 64 13 14 65,phoneme,db2,energy,70,250,250,0
W-QDA,W-QDA:qda,13,,0.08,0.1124968820154652,0 2 1 4 3 8 16 5 6 7 9 10 11 12 15 32 64 13 14 65,0 2 1 4 3 8 16 5 6 7 9 10 11 12 15 32 64 13 14 65,phoneme,db2,energy,70,250,250,0
W-CART,W-CART:cart,18,,0.14,0.15016213519580943,0 2 1 4 3 8 16 5 6 7 9 10 11 12 15 32 64 13 14 65,0 2 1 4 3 8 16 5 6 7 9 10 11 12 15 32 64 13 14 65,phoneme,db2,energy,70,250,250,0
ALL,W-QDA:qda,13,,0.08,0.1124968820154652,0 2 1 4 3 8 16 5 6 7 9 10 11 12 15 32 64 13 14 65,0 2 1 4 3 8 16 5 6 7 9 10 11 12 15 32 64 13 14 65,phoneme,db2,energy,70,250,250,0
W-NN,W-NN:k=5,6,0.5,0.1,0.12571713644300325,0 1 2 3 4 8 16 5 6 7 9 10 11 15 32 12 64 65 13 17,0 2 1 3 4 8 16 5 6 7 10 9 11 255 15 19 20 32 66 12,phoneme,db2,usage,70,250,250,0
W-QDA,W-QDA:qda,13,0.5,0.08,0.1124968820154652,0 1 2 3 4 8 16 5 6 7 9 10 11 15 32 12 64 65 13 17,0 2 1 3 4 8 16 5 6 7 10 9 11 255 15 19 20 32 66 12,phoneme,db2,usage,70,250,250,0
W-CART,W-CART:cart,26,3.0,0.124,0.13893739087054127,0 2 4 1 3 5 6 7 8 9 10 11 12 13 14 15 16 17 18 19,0 2 1 3 4 8 16 5 6 7 10 9 11 255 15 19 20 32 66 12,phoneme,db2,usage,70,250,250,0
ALL,W-QDA:qda,13,0.5,0.08,0.1124968820154652,0 1 2 3 4 8 16 5 6 7 9 10 11 15 32 12 64 65 13 17,0 2 1 3 4 8 16 5 6 7 10 9 11 255 15 19 20 32 66 12,phoneme,db2,usage,70,250,250,0
W-NN,W-NN:k=9,21,,0.084,0.1097530556248441,0 2 1 4 3 8 16 6 5 7 9 10 11 12 15 32 13 20 65 14,0 2 1 4 3 8 16 6 5 7 9 10 11 12 15 32 13 20 65 14,phoneme,db2,energy,71,250,250,0
W-QDA,W-QDA:qda,6,,0.08,0.09578448490895485,0 2 1 4 3 8 16 6 5 7 9 10 11 12 15 32 13 20 65 14,0 2 1 4 3 8 16 6 5 7 9 10 11 12 15 32 13 20 65 14,phoneme,db2,energy,71,250,250,0
W-CART,W-CART:cart,10,,0.108,0.1436767273634323,0 2 1 4 3 8 16 6 5 7 9 10 11 12 15 32 13 20 65 14,0 2 1 4 3 8 16 6 5 7 9 10 11 12 15 32 13 20 65 14,phoneme,db2,energy,71,250,250,0
ALL,W-QDA:qda,6,,0.08,0.09578448490895485,0 2 1 4 3 8 16 6 5 7 9 10 11 12 15 32 13 20 65 14,0 2 1 4 3 8 16 6 5 7 9 10 11 12 15 32 13 20 65 14,phoneme,db2,energy,71,250,250,0
W-NN,W-NN:k=9,28,1.5,0.076,0.11025193315041157,0 2 1 4 3 8 16 5 6 7 9 10 11 12 13 14 15 17 18 19,0 2 3 1 4 8 16 6 5 7 9 11 10 12 255 20 32 13 17 65,phoneme,db2,usage,71,250,250,0
W-QDA,W-QDA:qda,6,0.5,0.08,0.09578448490895485,0 2 1 3 4 8 16 5 7 6 9 10 11 15 32 12 13 65 255 17,0 2 3 1 4 8 16 6 5 7 9 11 10 12 255 20 32 13 17 65,phoneme,db2,usage,71,250,250,0
W-CART,W-CART:cart,8,0.5,0.096,0.1384385133449738,0 2 1 3 4 8 16 5 7 6 9 10 11 15 32 12 13 65 255 17,0 2 3 1 4 8 16 6 5 7 9 11 10 12 255 20 32 13 17 65,phoneme,db2,usage,71,250,250,0
ALL,W-NN:k=9,28,1.5,0.076,0.11025193315041157,0 2 1 4 3 8 16 5 6 7 9 10 11 12 13 14 15 17 18 19,0 2 3 1 4 8 16 6 5 7 9 11 10 12 255 20 32 13 17 65,phoneme,db2,usage,71,250,250,0
W-NN,W-NN:k=5,8,,0.104,0.12172611623846345,0 2 1 4 3 8 5 16 6 7 9 11 10 12 13 15 32 64 14 65,0 2 1 4 3 8 5 16 6 7 9 11 10 12 13 15 32 64 14 65,phoneme,db2,energy,72,250,250,0
W-QDA,W-QDA:qda,7,,0.076,0.10202045397854827,0 2 1 4 3 8 5 16 6 7 9 11 10 12 13 15 32 64 14 65,0 2 1 4 3 8 5 16 6 7 9 11 10 12 13 15 32 64 14 65,phoneme,db2,energy,72,250,250,0
W-CART,W-CART:cart,13,,0.092,0.12970815664754304,0 2 1 4 3 8 5 16 6 7 9 11 10 12 13 15 32 64 14 65,0 2 1 4 3 8 5 16 6 7 9 11 10 12 13 15 32 64 14 65,phoneme,db2,energy,72,250,250,0
ALL,W-QDA:qda,7,,0.076,0.10202045397854827,0 2 1 4 3 8 5 16 6 7 9 11 10 12 13 15 32 64 14 65,0 2 1 4 3 8 5 16 6 7 9 11 10 12 13 15 32 64 14 65,phoneme,db2,energy,72,250,250,0
W-NN,W-NN:k=25,61,1.5,0.096,0.12022948366176103,0 2 1 4 3 8 16 5 6 10 7 9 11 12 13 14 15 17 18 19,0 2 1 3 4 8 16 6 5 7 9 11 10 12 13 15 20 32 14 18,phoneme,db2,usage,72,250,250,0
W-QDA,W-QDA:qda,7,3.0,0.076,0.10202045397854827,0 2 4 1 8 3 5 6 7 9 10 11 12 13 14 15 16 17 18 19,0 2 1 3 4 8 16 6 5 7 9 11 10 12 13 15 20 32 14 18,phoneme,db2,usage,72,250,250,0
W-CART,W-CART:cart,6,3.0,0.092,0.1199800448989773,0 2 4 1 8 3 5 6 7 9 10 11 12 13 14 15 16 17 18 19,0 2 1 3 4 8 16 6 5 7 9 11 10 12 13 15 20 32 14 18,phoneme,db2,usage,72,250,250,0
ALL,W-QDA:qda,7,3.0,0.076,0.10202045397854827,0 2 4 1 8 3 5 6 7 9 10 11 12 13 14 15 16 17 18 19,0 2 1 3 4 8 16 6 5 7 9 11 10 12 13 15 20 32 14 18,phoneme,db2,usage,72,250,250,0
W-NN,W-NN:k=5,10,,0.056,0.11100024943876279,0 2 1 4 3 8 16 6 5 9 7 11 10 12 32 15 14 13 64 65,0 2 1 4 3 8 16 6 5 9 7 11 10 12 32 15 14 13 64 65,phoneme,db2,energy,73,250,250,0
W-QDA,W-QDA:qda,4,,0.064,0.09628336243452232,0 2 1 4 3 8 16 6 5 9 7 11 10 12 32 15 14 13 64 65,0 2 1 4 3 8 16 6 5 9 7 11 10 12 32 15 14 13 64 65,phoneme,db2,energy,73,250,250,0
W-CART,W-CART:cart,16,,0.096,0.14891494138189074,0 2 1 4 3 8 16 6 5 9 7 11 10 12 32 15 14 13 64 65,0 2 1 4 3 8 16 6 5 9 7 11 10 12 32 15 14 13 64 65,phoneme,db2,energy,73,250,250,0
ALL,W-NN:k=5,10,,0.056,0.11100024943876279,0 2 1 4 3 8 16 6 5 9 7 11 10 12 32 15 14 13 64 65,0 2 1 4 3 8 16 6 5 9 7 11 10 12 32 15 14 13 64 65,phoneme,db2,energy,73,250,250,0
W-NN,W-NN:k=5,56,0.5,0.052,0.10800698428535795,0 2 1 3 4 8 16 9 5 6 7 11 10 12 32 15 13 17 14 65,0 2 1 3 4 8 16 6 5 7 9 11 12 10 15 14 21 64 255 13,phoneme,db2,usage,73,250,250,0
W-QDA,W-QDA:qda,4,1.5,0.064,0.09628336243452232,0 2 1 4 3 8 16 5 6 7 9 10 11 12 13 14 15 17 18 19,0 2 1 3 4 8 16 6 5 7 9 11 12 10 15 14 21 64 255 13,phoneme,db2,usage,73,250,250,0
W-CART,W-CART:cart,49,1.0,0.08,0.13045647293589424,0 2 1 3 4 8 16 6 5 7 9 11 12 10 15 14 21 64 255 13,0 2 1 3 4 8 16 6 5 7 9 11 12 10 15 14 21 64 255 13,phoneme,db2,usage,73,250,250,0
ALL,W-NN:k=5,56,0.5,0.052,0.10800698428535795,0 2 1 3 4 8 16 9 5 6 7 11 10 12 32 15 13 17 14 65,0 2 1 3 4 8 16 6 5 7 9 11 12 10 15 14 21 64 255 13,phoneme,db2,usage,73,250,250,0
W-NN,W-NN:k=5,14,,0.124,0.11199800448989773,0 2 1 4 3 8 16 5 6 7 9 11 10 12 32 15 14 13 64 65,0 2 1 4 3 8 16 5 6 7 9 11 10 12 32 15 14 13 64 65,phoneme,db2,energy,74,250,250,0
W-QDA,W-QDA:qda,15,,0.104,0.09877775006235968,0 2 1 4 3 8 16 5 6 7 9 11 10 12 32 15 14 13 64 65,0 2 1 4 3 8 16 5 6 7 9 11 10 12 32 15 14 13 64 65,phoneme,db2,energy,74,250,250,0
W-CART,W-CART:cart,37,,0.152,0.1451733599401347,0 2 1 4 3 8 16 5 6 7 9 11 10 12 32 15 14 13 64 65,0 2 1 4 3 8 16 5 6 7 9 11 10 12 32 15 14 13 64 65,phoneme,db2,energy,74,250,250,0
ALL,W-QDA:qda,15,,0.104,0.09877775006235968,0 2 1 4 3 8 16 5 6 7 9 11 10 12 32 15 14 13 64 65,0 2 1 4 3 8 16 5 6 7 9 11 10 12 32 15 14 13 64 65,phoneme,db2,energy,74,250,250,0
W-NN,W-NN:k=5,13,3.0,0.124,0.11324519830381641,0 4 2 1 3 5 6 7 8 9 10 11 12 13 14 15 16 17 18 19,0 2 1 3 8 4 16 6 5 7 9 10 11 255 12 13 14 18 19 32,phoneme,db2,usage,74,250,250,0
W-QDA,W-QDA:qda,16,0.5,0.108,0.10651035170865553,0 1 2 8 3 4 16 5 7 6 9 11 10 15 32 12 13 14 64 255,0 2 1 3 8 4 16 6 5 7 9 10 11 255 12 13 14 18 19 32,phoneme,db2,usage,74,250,250,0
W-CART,W-CART:cart,12,0.5,0.144,0.12696433025692191,0 1 2 8 3 4 16 5 7 6 9 11 10 15 32 12 13 14 64 255,0 2 1 3 8 4 16 6 5 7 9 10 11 255 12 13 14 18 19 32,phoneme,db2,usage,74,250,250,0
ALL,W-QDA:qda,16,0.5,0.108,0.10651035170865553,0 1 2 8 3 4 16 5 7 6 9 11 10 15 32 12 13 14 64 255,0 2 1 3 8 4 16 6 5 7 9 10 11 255 12 13 14 18 19 32,phoneme,db2,usage,74,250,250,0
W-NN,W-NN:k=25,12,,0.08,0.1124968820154652,0 2 1 4 3 8 16 5 6 7 9 10 11 12 32 15 13 14 64 65,0 2 1 4 3 8 16 5 6 7 9 10 11 12 32 15 13 14 64 65,phoneme,db2,energy,75,250,250,0
W-QDA,W-QDA:qda,6,,0.08,0.08855076078822649,0 2 1 4 3 8 16 5 6 7 9 10 11 12 32 15 13 14 64 65,0 2 1 4 3 8 16 5 6 7 9 10 11 12 32 15 13 14 64 65,phoneme,db2,energy,75,250,250,0
W-CART,W-CART:cart,31,,0.092,0.13669244200548766,0 2 1 4 3 8 16 5 6 7 9 10 11 12 32 15 13 14 64 65,0 2 1 4 3 8 16 5 6 7 9 10 11 12 32 15 13 14 64 65,phoneme,db2,energy,75,250,250,0
ALL,W-QDA:qda,6,,0.08,0.08855076078822649,0 2 1 4 3 8 16 5 6 7 9 10 11 12 32 15 13 14 64 65,0 2 1 4 3 8 16 5 6 7 9 10 11 12 32 15 13 14 64 65,phoneme,db2,energy,75,250,250,0
W-NN,W-NN:k=25,14,1.0,0.076,0.11224744325268146,0 2 1 3 8 4 16 7 5 6 9 10 19 11 12 15 21 31 32 255,0 2 1 3 8 4 16 7 5 6 9 10 19 11 12 15 21 31 32 255,phoneme,db2,usage,75,250,250,0
W-QDA,W-QDA:qda,6,0.5,0.08,0.08855076078822649,0 2 1 3 4 8 16 5 9 7 6 10 11 32 12 15 13 17 14 19,0 2 1 3 8 4 16 7 5 6 9 10 19 11 12 15 21 31 32 255,phoneme,db2,usage,75,250,250,0
W-CART,W-CART:cart,35,1.5,0.088,0.1329508605637316,0 2 1 4 3 8 16 5 6 7 9 10 11 12 13 14 15 17 18 19,0 2 1 3 8 4 16 7 5 6 9 10 19 11 12 15 21 31 32 255,phoneme,db2,usage,75,250,250,0
ALL,W-NN:k=25,14,1.0,0.076,0.11224744325268146,0 2 1 3 8 4 16 7 5 6 9 10 19 11 12 15 21 31 32 255,0 2 1 3 8 4 16 7 5 6 9 10 19 11 12 15 21 31 32 255,phoneme,db2,usage,75,250,250,0
W-NN,W-NN:k=3,17,,0.092,0.11199800448989773,0 2 1 4 3 8 16 5 6 7 9 11 10 12 32 15 13 14 64 65,0 2 1 4 3 8 16 5 6 7 9 11 10 12 32 15 13 14 64 65,phoneme,db2,energy,76,250,250,0
W-QDA,W-QDA:qda,9,,0.116,0.10875530057370915,0 2 1 4 3 8 16 5 6 7 9 11 10 12 32 15 13 14 64 65,0 2 1 4 3 8 16 5 6 7 9 11 10 12 32 15 13 14 64 65,phoneme,db2,energy,76,250,250,0
W-CART,W-CART:cart,27,,0.14,0.12297331005238214,0 2 1 4 3 8 16 5 6 7 9 11 10 12 32 15 13 14 64 65,0 2 1 4 3 8 16 5 6 7 9 11 10 12 32 15 13 14 64 65,phoneme,db2,energy,76,250,250,0
ALL,W-NN:k=3,17,,0.092,0.11199800448989773,0 2 1 4 3 8 16 5 6 7 9 11 10 12 32 15 13 14 64 65,0 2 1 4 3 8 16 5 6 7 9 11 10 12 32 15 13 14 64 65,phoneme,db2,energy,76,250,250,0
W-NN,W-NN:k=3,19,1.0,0.084,0.11324519830381641,0 2 1 3 4 8 16 6 5 7 11 10 32 15 19 255 9 12 14 17,0 2 1 3 4 8 16 6 5 7 11 10 32 15 19 255 9 12 14 17,phoneme,db2,usage,76,250,250,0
W-QDA,W-QDA:qda,12,3.0,0.112,0.11848341232227488,0 4 2 1 3 5 6 7 8 9 10 11 12 13 14 15 16 17 18 19,0 2 1 3 4 8 16 6 5 7 11 10 32 15 19 255 9 12 14 17,phoneme,db2,usage,76,250,250,0
W-CART,W-CART:cart,27,0.5,0.132,0.12970815664754304,0 2 1 3 4 8 16 5 7 6 9 11 10 32 15 12 13 255 14 64,0 2 1 3 4 8 16 6 5 7 11 10 32 15 19 255 9 12 14 17,phoneme,db2,usage,76,250,250,0
ALL,W-NN:k=3,19,1.0,0.084,0.11324519830381641,0 2 1 3 4 8 16 6 5 7 11 10 32 15 19 255 9 12 14 17,0 2 1 3 4 8 16 6 5 7 11 10 32 15 19 255 9 12 14 17,phoneme,db2,usage,76,250,250,0
W-NN,W-NN:k=25,22,,0.08,0.11324519830381641,0 2 4 1 3 8 16 5 6 7 9 11 10 12 15 32 13 14 65 64,0 2 4 1 3 8 16 5 6 7 9 11 10 12 15 32 13 14 65 64,phoneme,db2,energy,77,250,250,0
W-QDA,W-QDA:qda,12,,0.088,0.10925417809927662,0 2 4 1 3 8 16 5 6 7 9 11 10 12 15 32 13 14 65 64,0 2 4 1 3 8 16 5 6 7 9 11 10 12 15 32 13 14 65 64,phoneme,db2,energy,77,250,250,0
W-CART,W-CART:cart,47,,0.088,0.12297331005238214,0 2 4 1 3 8 16 5 6 7 9 11 10 12 15 32 13 14 65 64,0 2 4 1 3 8 16 5 6 7 9 11 10 12 15 32 13 14 65 64,phoneme,db2,energy,77,250,250,0
ALL,W-NN:k=25,22,,0.08,0.11324519830381641,0 2 4 1 3 8 16 5 6 7 9 11 10 12 15 32 13 14 65 64,0 2 4 1 3 8 16 5 6 7 9 11 10 12 15 32 13 14 65 64,phoneme,db2,energy,77,250,250,0
W-NN,W-NN:k=25,23,0.5,0.08,0.11549014716887004,0 2 1 3 4 8 16 5 6 7 9 11 10 15 32 12 13 255 65 130,0 2 1 3 4 8 16 5 7 6 9 10 11 32 15 12 14 17 130 255,phoneme,db2,usage,77,250,250,0
W-QDA,W-QDA:qda,12,0.5,0.088,0.10925417809927662,0 2 1 3 4 8 16 5 6 7 9 11 10 15 32 12 13 255 65 130,0 2 1 3 4 8 16 5 7 6 9 10 11 32 15 12 14 17 130 255,phoneme,db2,usage,77,250,250,0
W-CART,W-CART:cart,19,0.5,0.092,0.12796208530805686,0 2 1 3 4 8 16 5 6 7 9 11 10 15 32 12 13 255 65 130,0 2 1 3 4 8 16 5 7 6 9 10 11 32 15 12 14 17 130 255,phoneme,db2,usage,77,250,250,0
ALL,W-NN:k=25,23,0.5,0.08,0.11549014716887004,0 2 1 3 4 8 16 5 6 7 9 11 10 15 32 12 13 255 65 130,0 2 1 3 4 8 16 5 7 6 9 10 11 32 15 12 14 17 130 255,phoneme,db2,usage,77,250,250,0
W-NN,W-NN:k=25,11,,0.088,0.12122723871289598,0 2 1 4 3 8 16 6 5 7 9 11 10 12 15 32 13 64 14 65,0 2 1 4 3 8 16 6 5 7 9 11 10 12 15 32 13 64 14 65,phoneme,db2,energy,78,250,250,0
W-QDA,W-QDA:qda,5,,0.092,0.10900473933649289,0 2 1 4 3 8 16 6 5 7 9 11 10 12 15 32 13 64 14 65,0 2 1 4 3 8 16 6 5 7 9 11 10 12 15 32 13 64 14 65,phoneme,db2,energy,78,250,250,0
W-CART,W-CART:cart,32,,0.124,0.15639810426540285,0 2 1 4 3 8 16 6 5 7 9 11 10 12 15 32 13 64 14 65,0 2 1 4 3 8 16 6 5 7 9 11 10 12 15 32 13 64 14 65,phoneme,db2,energy,78,250,250,0
ALL,W-NN:k=25,11,,0.088,0.12122723871289598,0 2 1 4 3 8 16 6 5 7 9 11 10 12 15 32 13 64 14 65,0 2 1 4 3 8 16 6 5 7 9 11 10 12 15 32 13 64 14 65,phoneme,db2,energy,78,250,250,0
W-NN,W-NN:k=15,27,1.5,0.084,0.11823397355949114,0 2 1 4 3 8 16 6 5 7 9 10 11 12 13 14 15 17 18 19,0 2 1 3 4 8 16 6 7 5 10 9 19 11 12 21 66 130 179 255,phoneme,db2,usage,78,250,250,0
W-QDA,W-QDA:qda,5,1.0,0.092,0.10900473933649289,0 2 1 3 4 8 16 6 7 5 10 9 19 11 12 21 66 130 179 255,0 2 1 3 4 8 16 6 7 5 10 9 19 11 12 21 66 130 179 255,phoneme,db2,usage,78,250,250,0
W-CART,W-CART:cart,7,0.5,0.14,0.1416812172611624,0 2 1 4 8 3 16 7 5 6 9 10 11 12 32 15 17 65 13 14,0 2 1 3 4 8 16 6 7 5 10 9 19 11 12 21 66 130 179 255,phoneme,db2,usage,78,250,250,0
ALL,W-NN:k=15,27,1.5,0.084,0.11823397355949114,0 2 1 4 3 8 16 6 5 7 9 10 11 12 13 14 15 17 18 19,0 2 1 3 4 8 16 6 7 5 10 9 19 11 12 21 66 130 179 255,phoneme,db2,usage,78,250,250,0
W-NN,W-NN:k=5,17,,0.076,0.09578448490895485,0 2 4 1 3 8 16 6 5 9 7 10 11 12 32 15 13 14 64 65,0 2 4 1 3 8 16 6 5 9 7 10 11 12 32 15 13 14 64 65,phoneme,db2,energy,79,250,250,0
W-QDA,W-QDA:qda,3,,0.08,0.09753055624844101,0 2 4 1 3 8 16 6 5 9 7 10 11 12 32 15 13 14 64 65,0 2 4 1 3 8 16 6 5 9 7 10 11 12 32 15 13 14 64 65,phoneme,db2,energy,79,250,250,0
W-CART,W-CART:cart,60,,0.112,0.13444749314043403,0 2 4 1 3 8 16 6 5 9 7 10 11 12 32 15 13 14 64 65,0 2 4 1 3 8 16 6 5 9 7 10 11 12 32 15 13 14 64 65,phoneme,db2,energy,79,250,250,0
ALL,W-NN:k=5,17,,0.076,0.09578448490895485,0 2 4 1 3 8 16 6 5 9 7 10 11 12 32 15 13 14 64 65,0 2 4 1 3 8 16 6 5 9 7 10 11 12 32 15 13 14 64 65,phoneme,db2,energy,79,250,250,0
W-NN,W-NN:k=5,14,3.0,0.076,0.10002494387627837,0 2 4 1 8 3 5 6 7 9 10 11 12 13 14 15 16 17 18 19,0 2 1 3 8 4 16 6 5 7 10 9 32 11 12 14 15 20 21 45,phoneme,db2,usage,79,250,250,0
W-QDA,W-QDA:qda,11,1.0,0.076,0.10601147418308805,0 2 1 3 8 4 16 6 5 7 10 9 32 11 12 14 15 20 21 45,0 2 1 3 8 4 16 6 5 7 10 9 32 11 12 14 15 20 21 45,phoneme,db2,usage,79,250,250,0
W-CART,W-CART:cart,46,1.5,0.112,0.1329508605637316,0 2 1 4 3 8 16 5 6 7 9 10 11 12 13 14 15 17 18 19,0 2 1 3 8 4 16 6 5 7 10 9 32 11 12 14 15 20 21 45,phoneme,db2,usage,79,250,250,0
ALL,W-QDA:qda,11,1.0,0.076,0.10601147418308805,0 2 1 3 8 4 16 6 5 7 10 9 32 11 12 14 15 20 21 45,0 2 1 3 8 4 16 6 5 7 10 9 32 11 12 14 15 20 21 45,phoneme,db2,usage,79,250,250,0
W-NN,W-NN:k=5,16,,0.112,0.11100024943876279,0 2 1 4 3 8 16 5 6 7 9 10 11 12 15 32 13 64 14 65,0 2 1 4 3 8 16 5 6 7 9 10 11 12 15 32 13 64 14 65,phoneme,db2,energy,80,250,250,0
W-QDA,W-QDA:qda,6,,0.096,0.10401596408081816,0 2 1 4 3 8 16 5 6 7 9 10 11 12 15 32 13 64 14 65,0 2 1 4 3 8 16 5 6 7 9 10 11 12 15 32 13 64 14 65,phoneme,db2,energy,80,250,250,0
W-CART,W-CART:cart,8,,0.132,0.13195310551259665,0 2 1 4 3 8 16 5 6 7 9 10 11 12 15 32 13 64 14 65,0 2 1 4 3 8 16 5 6 7 9 10 11 12 15 32 13 64 14 65,phoneme,db2,energy,80,250,250,0
ALL,W-QDA:qda,6,,0.096,0.10401596408081816,0 2 1 4 3 8 16 5 6 7 9 10 11 12 15 32 13 64 14 65,0 2 1 4 3 8 16 5 6 7 9 10 11 12 15 32 13 64 14 65,phoneme,db2,energy,80,250,250,0
W-NN,W-NN:k=5,16,0.5,0.112,0.11100024943876279,0 1 2 4 3 8 5 16 6 7 9 10 11 15 12 32 13 65 19 255,0 2 1 3 8 4 16 6 5 7 9 11 10 12 32 13 14 19 21 45,phoneme,db2,usage,80,250,250,0
W-QDA,W-QDA:qda,7,0.5,0.092,0.1002743826390621,0 1 2 4 3 8 5 16 6 7 9 10 11 15 12 32 13 65 19 255,0 2 1 3 8 4 16 6 5 7 9 11 10 12 32 13 14 19 21 45,phoneme,db2,usage,80,250,250,0
W-CART,W-CART:cart,42,3.0,0.112,0.15140932900972812,0 2 4 1 8 3 5 6 7 9 10 11 12 13 14 15 16 17 18 19,0 2 1 3 8 4 16 6 5 7 9 11 10 12 32 13 14 19 21 45,phoneme,db2,usage,80,250,250,0
ALL,W-QDA:qda,7,0.5,0.092,0.1002743826390621,0 1 2 4 3 8 5 16 6 7 9 10 11 15 12 32 13 65 19 255,0 2 1 3 8 4 16 6 5 7 9 11 10 12 32 13 14 19 21 45,phoneme,db2,usage,80,250,250,0
W-NN,W-NN:k=1,50,,0.084,0.1144923921177351,0 2 4 1 3 8 16 5 6 7 9 11 10 12 32 15 13 65 64 14,0 2 4 1 3 8 16 5 6 7 9 11 10 12 32 15 13 65 64 14,phoneme,db2,energy,81,250,250,0
W-QDA,W-QDA:qda,7,,0.088,0.08929907707657771,0 2 4 1 3 8 16 5 6 7 9 11 10 12 32 15 13 65 64 14,0 2 4 1 3 8 16 5 6 7 9 11 10 12 32 15 13 65 64 14,phoneme,db2,energy,81,250,250,0
W-CART,W-CART:cart,7,,0.108,0.12446994262908456,0 2 4 1 3 8 16 5 6 7 9 11 10 12 32 15 13 65 64 14,0 2 4 1 3 8 16 5 6 7 9 11 10 12 32 15 13 65 64 14,phoneme,db2,energy,81,250,250,0
ALL,W-NN:k=1,50,,0.084,0.1144923921177351,0 2 4 1 3 8 16 5 6 7 9 11 10 12 32 15 13 65 64 14,0 2 4 1 3 8 16 5 6 7 9 11 10 12 32 15 13 65 64 14,phoneme,db2,energy,81,250,250,0
W-NN,W-NN:k=7,10,1.5,0.092,0.09977550511349463,0 2 1 4 3 8 16 5 6 10 7 9 11 12 13 14 15 17 18 19,0 2 1 3 4 8 16 6 5 7 11 32 9 10 20 12 15 255 13 14,phoneme,db2,usage,81,250,250,0
W-QDA,W-QDA:qda,7,0.5,0.088,0.08929907707657771,0 1 2 3 4 8 16 5 7 6 9 11 10 32 15 12 13 65 19 23,0 2 1 3 4 8 16 6 5 7 11 32 9 10 20 12 15 255 13 14,phoneme,db2,usage,81,250,250,0
W-CART,W-CART:cart,20,3.0,0.1,0.1172362185083562,0 4 2 1 8 3 5 6 7 9 10 11 12 13 14 15 16 17 18 19,0 2 1 3 4 8 16 6 5 7 11 32 9 10 20 12 15 255 13 14,phoneme,db2,usage,81,250,250,0
ALL,W-QDA:qda,7,0.5,0.088,0.08929907707657771,0 1 2 3 4 8 16 5 7 6 9 11 10 32 15 12 13 65 19 23,0 2 1 3 4 8 16 6 5 7 11 32 9 10 20 12 15 255 13 14,phoneme,db2,usage,81,250,250,0
W-NN,W-NN:k=7,3,,0.108,0.12222499376403093,0 2 4 1 3 8 6 16 5 7 9 11 10 12 15 32 13 14 64 65,0 2 4 1 3 8 6 16 5 7 9 11 10 12 15 32 13 14 64 65,phoneme,db2,energy,82,250,250,0
W-QDA,W-QDA:qda,3,,0.084,0.09827887253679221,0 2 4 1 3 8 6 16 5 7 9 11 10 12 15 32 13 14 64 65,0 2 4 1 3 8 6 16 5 7 9 11 10 12 15 32 13 14 64 65,phoneme,db2,energy,82,250,250,0
W-CART,W-CART:cart,33,,0.1,0.12596657520578697,0 2 4 1 3 8 6 16 5 7 9 11 10 12 15 32 13 14 64 65,0 2 4 1 3 8 6 16 5 7 9 11 10 12 15 32 13 14 64 65,phoneme,db2,energy,82,250,250,0
ALL,W-QDA:qda,3,,0.084,0.09827887253679221,0 2 4 1 3 8 6 16 5 7 9 11 10 12 15 32 13 14 64 65,0 2 4 1 3 8 6 16 5 7 9 11 10 12 15 32 13 14 64 65,phoneme,db2,energy,82,250,250,0
W-NN,W-NN:k=7,8,2.0,0.092,0.1144923921177351,0 2 4 1 3 8 16 5 6 7 9 10 11 12 13 14 15 17 18 19,0 2 1 3 4 8 16 6 5 7 9 11 10 18 15 130 12 19 31 32,phoneme,db2,usage,82,250,250,0
W-QDA,W-QDA:qda,19,1.5,0.08,0.1314542279870292,0 2 1 4 3 8 16 6 5 7 9 10 11 12 13 14 15 17 18 19,0 2 1 3 4 8 16 6 5 7 9 11 10 18 15 130 12 19 31 32,phoneme,db2,usage,82,250,250,0
W-CART,W-CART:cart,29,1.5,0.088,0.12696433025692191,0 2 1 4 3 8 16 6 5 7 9 10 11 12 13 14 15 17 18 19,0 2 1 3 4 8 16 6 5 7 9 11 10 18 15 130 12 19 31 32,phoneme,db2,usage,82,250,250,0
ALL,W-QDA:qda,19,1.5,0.08,0.1314542279870292,0 2 1 4 3 8 16 6 5 7 9 10 11 12 13 14 15 17 18 19,0 2 1 3 4 8 16 6 5 7 9 11 10 18 15 130 12 19 31 32,phoneme,db2,usage,82,250,250,0
W-NN,W-NN:k=5,38,,0.096,0.09777999501122474,0 2 1 4 3 8 6 16 5 7 9 11 10 12 15 32 13 64 14 20,0 2 1 4 3 8 6 16 5 7 9 11 10 12 15 32 13 64 14 20,phoneme,db2,energy,83,250,250,0
W-QDA,W-QDA:qda,4,,0.1,0.09927662758792716,0 2 1 4 3 8 6 16 5 7 9 11 10 12 15 32 13 64 14 20,0 2 1 4 3 8 6 16 5 7 9 11 10 12 15 32 13 64 14 20,phoneme,db2,energy,83,250,250,0
W-CART,W-CART:cart,33,,0.116,0.12397106510351709,0 2 1 4 3 8 6 16 5 7 9 11 10 12 15 32 13 64 14 20,0 2 1 4 3 8 6 16 5 7 9 11 10 12 15 32 13 64 14 20,phoneme,db2,energy,83,250,250,0
ALL,W-NN:k=5,38,,0.096,0.09777999501122474,0 2 1 4 3 8 6 16 5 7 9 11 10 12 15 32 13 64 14 20,0 2 1 4 3 8 6 16 5 7 9 11 10 12 15 32 13 64 14 20,phoneme,db2,energy,83,250,250,0
W-NN,W-NN:k=7,11,3.0,0.096,0.09453729109503617,0 2 4 1 3 5 6 7 8 9 10 11 12 13 14 15 16 17 18 19,0 2 1 3 8 4 16 6 5 7 9 10 11 12 130 15 18 19 20 21,phoneme,db2,usage,83,250,250,0
W-QDA,W-QDA:qda,21,1.0,0.096,0.10825642304814168,0 2 1 3 8 4 16 6 5 7 9 10 11 12 130 15 18 19 20 21,0 2 1 3 8 4 16 6 5 7 9 10 11 12 130 15 18 19 20 21,phoneme,db2,usage,83,250,250,0
W-CART,W-CART:cart,26,1.0,0.112,0.12970815664754304,0 2 1 3 8 4 16 6 5 7 9 10 11 12 130 15 18 19 20 21,0 2 1 3 8 4 16 6 5 7 9 10 11 12 130 15 18 19 20 21,phoneme,db2,usage,83,250,250,0
ALL,W-NN:k=7,11,3.0,0.096,0.09453729109503617,0 2 4 1 3 5 6 7 8 9 10 11 12 13 14 15 16 17 18 19,0 2 1 3 8 4 16 6 5 7 9 10 11 12 130 15 18 19 20 21,phoneme,db2,usage,83,250,250,0
W-NN,W-NN:k=7,20,,0.068,0.1002743826390621,0 2 1 4 3 8 16 5 6 7 9 11 10 12 15 32 13 14 20 19,0 2 1 4 3 8 16 5 6 7 9 11 10 12 15 32 13 14 20 19,phoneme,db2,energy,84,250,250,0
W-QDA,W-QDA:qda,4,,0.06,0.11075081067597904,0 2 1 4 3 8 16 5 6 7 9 11 10 12 15 32 13 14 20 19,0 2 1 4 3 8 16 5 6 7 9 11 10 12 15 32 13 14 20 19,phoneme,db2,energy,84,250,250,0
W-CART,W-CART:cart,11,,0.088,0.1172362185083562,0 2 1 4 3 8 16 5 6 7 9 11 10 12 15 32 13 14 20 19,0 2 1 4 3 8 16 5 6 7 9 11 10 12 15 32 13 14 20 19,phoneme,db2,energy,84,250,250,0
ALL,W-QDA:qda,4,,0.06,0.11075081067597904,0 2 1 4 3 8 16 5 6 7 9 11 10 12 15 32 13 14 20 19,0 2 1 4 3 8 16 5 6 7 9 11 10 12 15 32 13 14 20 19,phoneme,db2,energy,84,250,250,0
W-NN,W-NN:k=7,20,1.5,0.064,0.09703167872287354,0 2 1 4 3 8 16 5 6 19 7 9 10 11 12 13 14 15 17 18,0 2 1 3 4 8 16 5 6 7 11 19 9 10 32 12 15 50 66 100,phoneme,db2,usage,84,250,250,0
W-QDA,W-QDA:qda,4,0.5,0.06,0.11075081067597904,0 2 1 4 3 8 16 5 6 7 9 11 10 12 15 32 13 19 65 66,0 2 1 3 4 8 16 5 6 7 11 19 9 10 32 12 15 50 66 100,phoneme,db2,usage,84,250,250,0
W-CART,W-CART:cart,21,0.5,0.068,0.11798453479670741,0 2 1 4 3 8 16 5 6 7 9 11 10 12 15 32 13 19 65 66,0 2 1 3 4 8 16 5 6 7 11 19 9 10 32 12 15 50 66 100,phoneme,db2,usage,84,250,250,0
ALL,W-QDA:qda,4,0.5,0.06,0.11075081067597904,0 2 1 4 3 8 16 5 6 7 9 11 10 12 15 32 13 19 65 66,0 2 1 3 4 8 16 5 6 7 11 19 9 10 32 12 15 50 66 100,phoneme,db2,usage,84,250,250,0
W-NN,W-NN:k=9,11,,0.092,0.10601147418308805,0 2 1 4 3 8 16 6 5 9 7 10 11 12 15 32 13 64 65 20,0 2 1 4 3 8 16 6 5 9 7 10 11 12 15 32 13 64 65 20,phoneme,db2,energy,85,250,250,0
W-QDA,W-QDA:qda,4,,0.084,0.11474183088051883,0 2 1 4 3 8 16 6 5 9 7 10 11 12 15 32 13 64 65 20,0 2 1 4 3 8 16 6 5 9 7 10 11 12 15 32 13 64 65 20,phoneme,db2,energy,85,250,250,0
W-CART,W-CART:cart,21,,0.096,0.1663756547767523,0 2 1 4 3 8 16 6 5 9 7 10 11 12 15 32 13 64 65 20,0 2 1 4 3 8 16 6 5 9 7 10 11 12 15 32 13 64 65 20,phoneme,db2,energy,85,250,250,0
ALL,W-QDA:qda,4,,0.084,0.11474183088051883,0 2 1 4 3 8 16 6 5 9 7 10 11 12 15 32 13 64 65 20,0 2 1 4 3 8 16 6 5 9 7 10 11 12 15 32 13 64 65 20,phoneme,db2,energy,85,250,250,0
W-NN,W-NN:k=1,8,0.5,0.084,0.13868795210775756,0 2 1 4 3 8 16 5 7 9 6 10 11 15 12 32 13 65 255 17,0 2 1 3 8 4 16 6 5 7 9 10 12 15 11 13 19 20 65 255,phoneme,db2,usage,85,250,250,0
W-QDA,W-QDA:qda,3,2.0,0.068,0.11000249438762784,0 2 4 1 3 8 16 5 6 7 9 10 11 12 13 14 15 17 18 19,0 2 1 3 8 4 16 6 5 7 9 10 12 15 11 13 19 20 65 255,phoneme,db2,usage,85,250,250,0
W-CART,W-CART:cart,21,0.5,0.096,0.16787228735345472,0 2 1 4 3 8 16 5 7 9 6 10 11 15 12 32 13 65 255 17,0 2 1 3 8 4 16 6 5 7 9 10 12 15 11 13 19 20 65 255,phoneme,db2,usage,85,250,250,0
ALL,W-QDA:qda,3,2.0,0.068,0.11000249438762784,0 2 4 1 3 8 16 5 6 7 9 10 11 12 13 14 15 17 18 19,0 2 1 3 8 4 16 6 5 7 9 10 12 15 11 13 19 20 65 255,phoneme,db2,usage,85,250,250,0
W-NN,W-NN:k=3,11,,0.076,0.10626091294587178,0 2 1 4 3 8 16 6 5 7 9 11 10 12 15 32 13 14 64 65,0 2 1 4 3 8 16 6 5 7 9 11 10 12 15 32 13 14 64 65,phoneme,db2,energy,86,250,250,0
W-QDA,W-QDA:qda,4,,0.092,0.1002743826390621,0 2 1 4 3 8 16 6 5 7 9 11 10 12 15 32 13 14 64 65,0 2 1 4 3 8 16 6 5 7 9 11 10 12 15 32 13 14 64 65,phoneme,db2,energy,86,250,250,0
W-CART,W-CART:cart,12,,0.088,0.1207283611873285,0 2 1 4 3 8 16 6 5 7 9 11 10 12 15 32 13 14 64 65,0 2 1 4 3 8 16 6 5 7 9 11 10 12 15 32 13 14 64 65,phoneme,db2,energy,86,250,250,0
ALL,W-NN:k=3,11,,0.076,0.10626091294587178,0 2 1 4 3 8 16 6 5 7 9 11 10 12 15 32 13 14 64 65,0 2 1 4 3 8 16 6 5 7 9 11 10 12 15 32 13 14 64 65,phoneme,db2,energy,86,250,250,0
W-NN,W-NN:k=5,8,0.5,0.076,0.10052382140184585,0 2 1 3 8 4 16 5 6 7 9 11 10 12 15 32 17 13 14 255,0 2 1 3 4 8 16 6 5 7 9 12 10 11 17 18 19 255 14 100,phoneme,db2,usage,86,250,250,0
W-QDA,W-QDA:qda,10,3.0,0.084,0.09129458717884759,0 2 4 1 3 5 6 7 8 9 10 11 12 13 14 15 16 17 18 19,0 2 1 3 4 8 16 6 5 7 9 12 10 11 17 18 19 255 14 100,phoneme,db2,usage,86,250,250,0
W-CART,W-CART:cart,6,0.5,0.088,0.1419306560239461,0 2 1 3 8 4 16 5 6 7 9 11 10 12 15 32 17 13 14 255,0 2 1 3 4 8 16 6 5 7 9 12 10 11 17 18 19 255 14 100,phoneme,db2,usage,86,250,250,0
ALL,W-NN:k=5,8,0.5,0.076,0.10052382140184585,0 2 1 3 8 4 16 5 6 7 9 11 10 12 15 32 17 13 14 255,0 2 1 3 4 8 16 6 5 7 9 12 10 11 17 18 19 255 14 100,phoneme,db2,usage,86,250,250,0
W-NN,W-NN:k=1,26,,0.088,0.12172611623846345,0 2 1 4 3 8 16 6 5 7 9 11 12 10 15 32 13 14 64 20,0 2 1 4 3 8 16 6 5 7 9 11 12 10 15 32 13 14 64 20,phoneme,db2,energy,87,250,250,0
W-QDA,W-QDA:qda,6,,0.088,0.08904963831379396,0 2 1 4 3 8 16 6 5 7 9 11 12 10 15 32 13 14 64 20,0 2 1 4 3 8 16 6 5 7 9 11 12 10 15 32 13 14 64 20,phoneme,db2,energy,87,250,250,0
W-CART,W-CART:cart,17,,0.128,0.11648790222000499,0 2 1 4 3 8 16 6 5 7 9 11 12 10 15 32 13 14 64 20,0 2 1 4 3 8 16 6 5 7 9 11 12 10 15 32 13 14 64 20,phoneme,db2,energy,87,250,250,0
ALL,W-QDA:qda,6,,0.088,0.08904963831379396,0 2 1 4 3 8 16 6 5 7 9 11 12 10 15 32 13 14 64 20,0 2 1 4 3 8 16 6 5 7 9 11 12 10 15 32 13 14 64 20,phoneme,db2,energy,87,250,250,0
W-NN,W-NN:k=1,9,0.5,0.084,0.1267148914941382,0 2 1 4 3 8 16 7 5 6 9 11 15 12 10 32 13 14 64 255,0 2 1 3 4 8 16 6 5 7 9 11 12 15 32 10 20 13 19 31,phoneme,db2,usage,87,250,250,0
W-QDA,W-QDA:qda,6,0.5,0.088,0.08904963831379396,0 2 1 4 3 8 16 7 5 6 9 11 15 12 10 32 13 14 64 255,0 2 1 3 4 8 16 6 5 7 9 11 12 15 32 10 20 13 19 31,phoneme,db2,usage,87,250,250,0
W-CART,W-CART:cart,36,0.5,0.12,0.12322274881516587,0 2 1 4 3 8 16 7 5 6 9 11 15 12 10 32 13 14 64 255,0 2 1 3 4 8 16 6 5 7 9 11 12 15 32 10 20 13 19 31,phoneme,db2,usage,87,250,250,0
ALL,W-NN:k=1,9,0.5,0.084,0.1267148914941382,0 2 1 4 3 8 16 7 5 6 9 11 15 12 10 32 13 14 64 255,0 2 1 3 4 8 16 6 5 7 9 11 12 15 32 10 20 13 19 31,phoneme,db2,usage,87,250,250,0
W-NN,W-NN:k=7,11,,0.1,0.11399351459216762,0 2 4 1 3 8 16 6 5 7 9 10 11 12 15 32 13 64 14 255,0 2 4 1 3 8 16 6 5 7 9 10 11 12 15 32 13 64 14 255,phoneme,db2,energy,88,250,250,0
W-QDA,W-QDA:qda,4,,0.108,0.10526315789473684,0 2 4 1 3 8 16 6 5 7 9 10 11 12 15 32 13 64 14 255,0 2 4 1 3 8 16 6 5 7 9 10 11 12 15 32 13 64 14 255,phoneme,db2,energy,88,250,250,0
W-CART,W-CART:cart,12,,0.124,0.11424295335495135,0 2 4 1 3 8 16 6 5 7 9 10 11 12 15 32 13 64 14 255,0 2 4 1 3 8 16 6 5 7 9 10 11 12 15 32 13 64 14 255,phoneme,db2,energy,88,250,250,0
ALL,W-NN:k=7,11,,0.1,0.11399351459216762,0 2 4 1 3 8 16 6 5 7 9 10 11 12 15 32 13 64 14 255,0 2 4 1 3 8 16 6 5 7 9 10 11 12 15 32 13 64 14 255,phoneme,db2,energy,88,250,250,0
W-NN,W-NN:k=5,10,1.5,0.096,0.11474183088051883,0 2 4 1 3 8 16 6 5 9 10 7 11 12 13 14 15 17 18 19,0 2 1 3 4 8 16 6 5 7 9 12 10 19 255 11 15 20 32 100,phoneme,db2,usage,88,250,250,0
W-QDA,W-QDA:qda,15,1.0,0.1,0.10376652531803442,0 2 1 3 4 8 16 6 5 7 9 12 10 19 255 11 15 20 32 100,0 2 1 3 4 8 16 6 5 7 9 12 10 19 255 11 15 20 32 100,phoneme,db2,usage,88,250,250,0
W-CART,W-CART:cart,42,0.5,0.116,0.12446994262908456,0 2 1 4 8 3 16 7 5 9 6 10 11 15 12 32 13 64 255 14,0 2 1 3 4 8 16 6 5 7 9 12 10 19 255 11 15 20 32 100,phoneme,db2,usage,88,250,250,0
ALL,W-NN:k=5,10,1.5,0.096,0.11474183088051883,0 2 4 1 3 8 16 6 5 9 10 7 11 12 13 14 15 17 18 19,0 2 1 3 4 8 16 6 5 7 9 12 10 19 255 11 15 20 32 100,phoneme,db2,usage,88,250,250,0
W-NN,W-NN:k=3,14,,0.048,0.1124968820154652,0 2 1 4 3 8 16 5 6 7 9 11 10 12 15 32 13 64 14 255,0 2 1 4 3 8 16 5 6 7 9 11 10 12 15 32 13 64 14 255,phoneme,db2,energy,89,250,250,0
W-QDA,W-QDA:qda,6,,0.092,0.10276877026689947,0 2 1 4 3 8 16 5 6 7 9 11 10 12 15 32 13 64 14 255,0 2 1 4 3 8 16 5 6 7 9 11 10 12 15 32 13 64 14 255,phoneme,db2,energy,89,250,250,0
W-CART,W-CART:cart,11,,0.152,0.14492392117735095,0 2 1 4 3 8 16 5 6 7 9 11 10 12 15 32 13 64 14 255,0 2 1 4 3 8 16 5 6 7 9 11 10 12 15 32 13 64 14 255,phoneme,db2,energy,89,250,250,0
ALL,W-NN:k=3,14,,0.048,0.1124968820154652,0 2 1 4 3 8 16 5 6 7 9 11 10 12 15 32 13 64 14 255,0 2 1 4 3 8 16 5 6 7 9 11 10 12 15 32 13 64 14 255,phoneme,db2,energy,89,250,250,0
W-NN,W-NN:k=3,15,1.5,0.044,0.11499126964330257,0 2 1 4 3 8 16 5 6 7 9 10 11 12 13 14 15 17 18 19,0 2 1 3 8 4 16 6 5 7 9 19 10 255 11 12 20 15 32 13,phoneme,db2,usage,89,250,250,0
W-QDA,W-QDA:qda,6,0.5,0.092,0.10276877026689947,0 2 1 8 3 4 16 5 6 9 7 11 10 15 32 12 13 65 17 255,0 2 1 3 8 4 16 6 5 7 9 19 10 255 11 12 20 15 32 13,phoneme,db2,usage,89,250,250,0
W-CART,W-CART:cart,43,3.0,0.136,0.16338238962334747,0 4 2 1 3 5 6 7 8 9 10 11 12 13 14 15 16 17 18 19,0 2 1 3 8 4 16 6 5 7 9 19 10 255 11 12 20 15 32 13,phoneme,db2,usage,89,250,250,0
ALL,W-NN:k=3,15,1.5,0.044,0.11499126964330257,0 2 1 4 3 8 16 5 6 7 9 10 11 12 13 14 15 17 18 19,0 2 1 3 8 4 16 6 5 7 9 19 10 255 11 12 20 15 32 13,phoneme,db2,usage,89,250,250,0
W-NN,W-NN:k=9,5,,0.08,0.11075081067597904,0 2 1 4 3 8 16 5 6 7 9 11 10 12 32 15 13 64 65 14,0 2 1 4 3 8 16 5 6 7 9 11 10 12 32 15 13 64 65 14,phoneme,db2,energy,90,250,250,0
W-QDA,W-QDA:qda,4,,0.08,0.09678223996008979,0 2 1 4 3 8 16 5 6 7 9 11 10 12 32 15 13 64 65 14,0 2 1 4 3 8 16 5 6 7 9 11 10 12 32 15 13 64 65 14,phoneme,db2,energy,90,250,250,0
W-CART,W-CART:cart,51,,0.12,0.1561486655026191,0 2 1 4 3 8 16 5 6 7 9 11 10 12 32 15 13 64 65 14,0 2 1 4 3 8 16 5 6 7 9 11 10 12 32 15 13 64 65 14,phoneme,db2,energy,90,250,250,0
ALL,W-QDA:qda,4,,0.08,0.09678223996008979,0 2 1 4 3 8 16 5 6 7 9 11 10 12 32 15 13 64 65 14,0 2 1 4 3 8 16 5 6 7 9 11 10 12 32 15 13 64 65 14,phoneme,db2,energy,90,250,250,0
W-NN,W-NN:k=9,5,0.5,0.08,0.11075081067597904,0 1 2 3 4 8 16 5 6 7 9 10 11 15 32 12 13 65 14 64,0 2 1 3 4 8 16 6 5 7 9 10 11 12 14 17 19 20 130 255,phoneme,db2,usage,90,250,250,0
W-QDA,W-QDA:qda,3,2.0,0.068,0.09503616862060364,0 2 4 1 3 8 16 5 6 7 9 10 11 12 13 14 15 17 18 19,0 2 1 3 4 8 16 6 5 7 9 10 11 12 14 17 19 20 130 255,phoneme,db2,usage,90,250,250,0
W-CART,W-CART:cart,7,0.5,0.112,0.14542279870291844,0 1 2 3 4 8 16 5 6 7 9 10 11 15 32 12 13 65 14 64,0 2 1 3 4 8 16 6 5 7 9 10 11 12 14 17 19 20 130 255,phoneme,db2,usage,90,250,250,0
ALL,W-QDA:qda,3,2.0,0.068,0.09503616862060364,0 2 4 1 3 8 16 5 6 7 9 10 11 12 13 14 15 17 18 19,0 2 1 3 4 8 16 6 5 7 9 10 11 12 14 17 19 20 130 255,phoneme,db2,usage,90,250,250,0
W-NN,W-NN:k=5,9,,0.1,0.12796208530805686,0 2 1 4 3 8 5 16 6 7 9 11 10 12 15 13 32 14 64 65,0 2 1 4 3 8 5 16 6 7 9 11 10 12 15 13 32 14 64 65,phoneme,db2,energy,91,250,250,0
W-QDA,W-QDA:qda,7,,0.096,0.10301820902968321,0 2 1 4 3 8 5 16 6 7 9 11 10 12 15 13 32 14 64 65,0 2 1 4 3 8 5 16 6 7 9 11 10 12 15 13 32 14 64 65,phoneme,db2,energy,91,250,250,0
W-CART,W-CART:cart,18,,0.088,0.1471688700424046,0 2 1 4 3 8 5 16 6 7 9 11 10 12 15 13 32 14 64 65,0 2 1 4 3 8 5 16 6 7 9 11 10 12 15 13 32 14 64 65,phoneme,db2,energy,91,250,250,0
ALL,W-CART:cart,18,,0.088,0.1471688700424046,0 2 1 4 3 8 5 16 6 7 9 11 10 12 15 13 32 14 64 65,0 2 1 4 3 8 5 16 6 7 9 11 10 12 15 13 32 14 64 65,phoneme,db2,energy,91,250,250,0
W-NN,W-NN:k=3,37,0.5,0.096,0.12172611623846345,0 2 1 3 4 8 5 16 7 6 9 11 10 15 12 32 13 64 14 65,0 2 1 3 4 8 16 5 6 7 10 11 9 32 12 17 14 15 18 19,phoneme,db2,usage,91,250,250,0
W-QDA,W-QDA:qda,5,3.0,0.096,0.09852831129957595,0 2 1 4 8 3 5 6 7 9 10 11 12 13 14 15 16 17 18 19,0 2 1 3 4 8 16 5 6 7 10 11 9 32 12 17 14 15 18 19,phoneme,db2,usage,91,250,250,0
W-CART,W-CART:cart,15,1.0,0.088,0.14342728860064854,0 2 1 3 4 8 16 5 6 7 10 11 9 32 12 17 14 15 18 19,0 2 1 3 4 8 16 5 6 7 10 11 9 32 12 17 14 15 18 19,phoneme,db2,usage,91,250,250,0
ALL,W-CART:cart,15,1.0,0.088,0.14342728860064854,0 2 1 3 4 8 16 5 6 7 10 11 9 32 12 17 14 15 18 19,0 2 1 3 4 8 16 5 6 7 10 11 9 32 12 17 14 15 18 19,phoneme,db2,usage,91,250,250,0
W-NN,W-NN:k=15,17,,0.064,0.11673734098278872,0 2 1 4 3 8 16 6 5 7 9 11 10 12 15 32 13 64 65 66,0 2 1 4 3 8 16 6 5 7 9 11 10 12 15 32 13 64 65 66,phoneme,db2,energy,92,250,250,0
W-QDA,W-QDA:qda,5,,0.068,0.107009229234223,0 2 1 4 3 8 16 6 5 7 9 11 10 12 15 32 13 64 65 66,0 2 1 4 3 8 16 6 5 7 9 11 10 12 15 32 13 64 65 66,phoneme,db2,energy,92,250,250,0
W-CART,W-CART:cart,56,,0.076,0.12122723871289598,0 2 1 4 3 8 16 6 5 7 9 11 10 12 15 32 13 64 65 66,0 2 1 4 3 8 16 6 5 7 9 11 10 12 15 32 13 64 65 66,phoneme,db2,energy,92,250,250,0
ALL,W-NN:k=15,17,,0.064,0.11673734098278872,0 2 1 4 3 8 16 6 5 7 9 11 10 12 15 32 13 64 65 66,0 2 1 4 3 8 16 6 5 7 9 11 10 12 15 32 13 64 65 66,phoneme,db2,energy,92,250,250,0
W-NN,W-NN:k=15,19,1.0,0.064,0.11623846345722125,0 2 1 3 4 8 16 6 7 5 9 10 11 12 32 255 13 15 20 14,0 2 1 3 4 8 16 6 7 5 9 10 11 12 32 255 13 15 20 14,phoneme,db2,usage,92,250,250,0
W-QDA,W-QDA:qda,5,0.5,0.068,0.107009229234223,0 1 2 3 4 8 16 7 9 5 6 11 10 32 15 12 65 13 66 17,0 2 1 3 4 8 16 6 7 5 9 10 11 12 32 255 13 15 20 14,phoneme,db2,usage,92,250,250,0
W-CART,W-CART:cart,27,3.0,0.076,0.1219755550012472,0 2 4 1 3 5 6 7 8 9 10 11 12 13 14 15 16 17 18 19,0 2 1 3 4 8 16 6 7 5 9 10 11 12 32 255 13 15 20 14,phoneme,db2,usage,92,250,250,0
ALL,W-NN:k=15,19,1.0,0.064,0.11623846345722125,0 2 1 3 4 8 16 6 7 5 9 10 11 12 32 255 13 15 20 14,0 2 1 3 4 8 16 6 7 5 9 10 11 12 32 255 13 15 20 14,phoneme,db2,usage,92,250,250,0
W-NN,W-NN:k=5,10,,0.076,0.12596657520578697,0 2 1 4 3 8 16 5 6 7 9 10 11 12 15 32 13 14 64 65,0 2 1 4 3 8 16 5 6 7 9 10 11 12 15 32 13 14 64 65,phoneme,db2,energy,93,250,250,0
W-QDA,W-QDA:qda,7,,0.084,0.1077575455225742,0 2 1 4 3 8 16 5 6 7 9 10 11 12 15 32 13 14 64 65,0 2 1 4 3 8 16 5 6 7 9 10 11 12 15 32 13 14 64 65,phoneme,db2,energy,93,250,250,0
W-CART,W-CART:cart,9,,0.128,0.13519580942878523,0 2 1 4 3 8 16 5 6 7 9 10 11 12 15 32 13 14 64 65,0 2 1 4 3 8 16 5 6 7 9 10 11 12 15 32 13 14 64 65,phoneme,db2,energy,93,250,250,0
ALL,W-NN:k=5,10,,0.076,0.12596657520578697,0 2 1 4 3 8 16 5 6 7 9 10 11 12 15 32 13 14 64 65,0 2 1 4 3 8 16 5 6 7 9 10 11 12 15 32 13 14 64 65,phoneme,db2,energy,93,250,250,0
W-NN,W-NN:k=7,16,1.5,0.072,0.11174856572711399,0 2 1 4 3 8 16 7 5 6 10 9 11 12 13 14 15 17 18 19,0 2 1 3 4 8 16 6 5 7 9 12 10 15 11 20 32 63 255 13,phoneme,db2,usage,93,250,250,0
W-QDA,W-QDA:qda,8,1.0,0.08,0.11000249438762784,0 2 1 3 4 8 16 6 5 7 9 12 10 15 11 20 32 63 255 13,0 2 1 3 4 8 16 6 5 7 9 12 10 15 11 20 32 63 255 13,phoneme,db2,usage,93,250,250,0
W-CART,W-CART:cart,9,1.0,0.124,0.13594412571713643,0 2 1 3 4 8 16 6 5 7 9 12 10 15 11 20 32 63 255 13,0 2 1 3 4 8 16 6 5 7 9 12 10 15 11 20 32 63 255 13,phoneme,db2,usage,93,250,250,0
ALL,W-NN:k=7,16,1.5,0.072,0.11174856572711399,0 2 1 4 3 8 16 7 5 6 10 9 11 12 13 14 15 17 18 19,0 2 1 3 4 8 16 6 5 7 9 12 10 15 11 20 32 63 255 13,phoneme,db2,usage,93,250,250,0
W-NN,W-NN:k=3,22,,0.096,0.11499126964330257,0 2 1 4 3 8 16 6 5 7 9 11 10 12 15 32 13 64 14 65,0 2 1 4 3 8 16 6 5 7 9 11 10 12 15 32 13 64 14 65,phoneme,db2,energy,94,250,250,0
W-QDA,W-QDA:qda,7,,0.092,0.09827887253679221,0 2 1 4 3 8 16 6 5 7 9 11 10 12 15 32 13 64 14 65,0 2 1 4 3 8 16 6 5 7 9 11 10 12 15 32 13 64 14 65,phoneme,db2,energy,94,250,250,0
W-CART,W-CART:cart,21,,0.088,0.13918682963332502,0 2 1 4 3 8 16 6 5 7 9 11 10 12 15 32 13 64 14 65,0 2 1 4 3 8 16 6 5 7 9 11 10 12 15 32 13 64 14 65,phoneme,db2,energy,94,250,250,0
ALL,W-CART:cart,21,,0.088,0.13918682963332502,0 2 1 4 3 8 16 6 5 7 9 11 10 12 15 32 13 64 14 65,0 2 1 4 3 8 16 6 5 7 9 11 10 12 15 32 13 64 14 65,phoneme,db2,energy,94,250,250,0
W-NN,W-NN:k=3,9,0.5,0.088,0.11100024943876279,0 2 1 3 4 8 16 7 5 6 9 11 10 15 32 12 13 17 65 64,0 2 1 3 4 8 16 6 5 7 9 10 11 13 15 32 19 38 130 178,phoneme,db2,usage,94,250,250,0
W-QDA,W-QDA:qda,8,0.5,0.088,0.09927662758792716,0 2 1 3 4 8 16 7 5 6 9 11 10 15 32 12 13 17 65 64,0 2 1 3 4 8 16 6 5 7 9 10 11 13 15 32 19 38 130 178,phoneme,db2,usage,94,250,250,0
W-CART,W-CART:cart,37,0.5,0.08,0.13444749314043403,0 2 1 3 4 8 16 7 5 6 9 11 10 15 32 12 13 17 65 64,0 2 1 3 4 8 16 6 5 7 9 10 11 13 15 32 19 38 130 178,phoneme,db2,usage,94,250,250,0
ALL,W-CART:cart,37,0.5,0.08,0.13444749314043403,0 2 1 3 4 8 16 7 5 6 9 11 10 15 32 12 13 17 65 64,0 2 1 3 4 8 16 6 5 7 9 10 11 13 15 32 19 38 130 178,phoneme,db2,usage,94,250,250,0
W-NN,W-NN:k=3,62,,0.088,0.102269892741332,0 2 1 4 3 8 16 6 5 7 9 11 10 12 15 32 64 13 65 14,0 2 1 4 3 8 16 6 5 7 9 11 10 12 15 32 64 13 65 14,phoneme,db2,energy,95,250,250,0
W-QDA,W-QDA:qda,10,,0.096,0.10601147418308805,0 2 1 4 3 8 16 6 5 7 9 11 10 12 15 32 64 13 65 14,0 2 1 4 3 8 16 6 5 7 9 11 10 12 15 32 64 13 65 14,phoneme,db2,energy,95,250,250,0
W-CART,W-CART:cart,8,,0.132,0.11424295335495135,0 2 1 4 3 8 16 6 5 7 9 11 10 12 15 32 64 13 65 14,0 2 1 4 3 8 16 6 5 7 9 11 10 12 15 32 64 13 65 14,phoneme,db2,energy,95,250,250,0
ALL,W-NN:k=3,62,,0.088,0.102269892741332,0 2 1 4 3 8 16 6 5 7 9 11 10 12 15 32 64 13 65 14,0 2 1 4 3 8 16 6 5 7 9 11 10 12 15 32 64 13 65 14,phoneme,db2,energy,95,250,250,0
W-NN,W-NN:k=5,30,0.5,0.092,0.09678223996008979,0 2 1 3 8 4 16 5 7 9 6 11 12 15 32 10 13 64 17 65,0 2 1 3 8 4 16 6 7 5 11 9 10 19 255 17 15 20 32 99,phoneme,db2,usage,95,250,250,0
W-QDA,W-QDA:qda,13,1.5,0.092,0.10376652531803442,0 2 1 4 3 8 16 6 5 7 9 19 10 11 12 13 14 15 17 18,0 2 1 3 8 4 16 6 7 5 11 9 10 19 255 17 15 20 32 99,phoneme,db2,usage,95,250,250,0
W-CART,W-CART:cart,17,1.0,0.112,0.1207283611873285,0 2 1 3 8 4 16 6 7 5 11 9 10 19 255 17 15 20 32 99,0 2 1 3 8 4 16 6 7 5 11 9 10 19 255 17 15 20 32 99,phoneme,db2,usage,95,250,250,0
ALL,W-QDA:qda,13,1.5,0.092,0.10376652531803442,0 2 1 4 3 8 16 6 5 7 9 19 10 11 12 13 14 15 17 18,0 2 1 3 8 4 16 6 7 5 11 9 10 19 255 17 15 20 32 99,phoneme,db2,usage,95,250,250,0
W-NN,W-NN:k=15,18,,0.08,0.10451484160638563,0 2 1 4 3 8 5 16 6 7 9 11 10 12 13 15 32 14 64 65,0 2 1 4 3 8 5 16 6 7 9 11 10 12 13 15 32 14 64 65,phoneme,db2,energy,96,250,250,0
W-QDA,W-QDA:qda,6,,0.08,0.08505861810925418,0 2 1 4 3 8 5 16 6 7 9 11 10 12 13 15 32 14 64 65,0 2 1 4 3 8 5 16 6 7 9 11 10 12 13 15 32 14 64 65,phoneme,db2,energy,96,250,250,0
W-CART,W-CART:cart,63,,0.108,0.1376901970566226,0 2 1 4 3 8 5 16 6 7 9 11 10 12 13 15 32 14 64 65,0 2 1 4 3 8 5 16 6 7 9 11 10 12 13 15 32 14 64 65,phoneme,db2,energy,96,250,250,0
ALL,W-QDA:qda,6,,0.08,0.08505861810925418,0 2 1 4 3 8 5 16 6 7 9 11 10 12 13 15 32 14 64 65,0 2 1 4 3 8 5 16 6 7 9 11 10 12 13 15 32 14 64 65,phoneme,db2,energy,96,250,250,0
W-NN,W-NN:k=9,11,3.0,0.076,0.10052382140184585,0 4 2 1 8 3 5 6 7 9 10 11 12 13 14 15 16 17 18 19,0 2 1 3 8 4 16 6 5 7 9 11 10 12 14 15 20 32 38 130,phoneme,db2,usage,96,250,250,0
W-QDA,W-QDA:qda,5,3.0,0.08,0.07982040409079572,0 4 2 1 8 3 5 6 7 9 10 11 12 13 14 15 16 17 18 19,0 2 1 3 8 4 16 6 5 7 9 11 10 12 14 15 20 32 38 130,phoneme,db2,usage,96,250,250,0
W-CART,W-CART:cart,7,0.5,0.108,0.13619356447992018,0 2 1 4 3 8 16 5 6 7 9 11 15 10 32 12 13 14 65 255,0 2 1 3 8 4 16 6 5 7 9 11 10 12 14 15 20 32 38 130,phoneme,db2,usage,96,250,250,0
ALL,W-NN:k=9,11,3.0,0.076,0.10052382140184585,0 4 2 1 8 3 5 6 7 9 10 11 12 13 14 15 16 17 18 19,0 2 1 3 8 4 16 6 5 7 9 11 10 12 14 15 20 32 38 130,phoneme,db2,usage,96,250,250,0
W-NN,W-NN:k=7,53,,0.084,0.10850586181092542,0 2 4 1 3 8 16 5 6 7 9 10 12 11 15 32 13 64 14 19,0 2 4 1 3 8 16 5 6 7 9 10 12 11 15 32 13 64 14 19,phoneme,db2,energy,97,250,250,0
W-QDA,W-QDA:qda,8,,0.08,0.0940384135694687,0 2 4 1 3 8 16 5 6 7 9 10 12 11 15 32 13 64 14 19,0 2 4 1 3 8 16 5 6 7 9 10 12 11 15 32 13 64 14 19,phoneme,db2,energy,97,250,250,0
W-CART,W-CART:cart,29,,0.128,0.15165876777251186,0 2 4 1 3 8 16 5 6 7 9 10 12 11 15 32 13 64 14 19,0 2 4 1 3 8 16 5 6 7 9 10 12 11 15 32 13 64 14 19,phoneme,db2,energy,97,250,250,0
ALL,W-QDA:qda,8,,0.08,0.0940384135694687,0 2 4 1 3 8 16 5 6 7 9 10 12 11 15 32 13 64 14 19,0 2 4 1 3 8 16 5 6 7 9 10 12 11 15 32 13 64 14 19,phoneme,db2,energy,97,250,250,0
W-NN,W-NN:k=5,22,1.5,0.084,0.10900473933649289,0 2 1 4 3 8 16 6 5 7 10 19 9 11 12 13 14 15 17 18,0 2 1 3 8 4 16 6 5 7 10 9 12 19 13 32 11 15 255 14,phoneme,db2,usage,97,250,250,0
W-QDA,W-QDA:qda,11,3.0,0.076,0.10077326016462958,0 2 4 1 8 3 5 6 7 9 10 11 12 13 14 15 16 17 18 19,0 2 1 3 8 4 16 6 5 7 10 9 12 19 13 32 11 15 255 14,phoneme,db2,usage,97,250,250,0
W-CART,W-CART:cart,45,1.0,0.112,0.13494637066600149,0 2 1 3 8 4 16 6 5 7 10 9 12 19 13 32 11 15 255 14,0 2 1 3 8 4 16 6 5 7 10 9 12 19 13 32 11 15 255 14,phoneme,db2,usage,97,250,250,0
ALL,W-QDA:qda,11,3.0,0.076,0.10077326016462958,0 2 4 1 8 3 5 6 7 9 10 11 12 13 14 15 16 17 18 19,0 2 1 3 8 4 16 6 5 7 10 9 12 19 13 32 11 15 255 14,phoneme,db2,usage,97,250,250,0
W-NN,W-NN:k=25,12,,0.088,0.10875530057370915,0 2 1 4 3 8 16 5 6 7 9 10 11 12 32 15 13 65 14 64,0 2 1 4 3 8 16 5 6 7 9 10 11 12 32 15 13 65 14 64,phoneme,db2,energy,98,250,250,0
W-QDA,W-QDA:qda,20,,0.104,0.12122723871289598,0 2 1 4 3 8 16 5 6 7 9 10 11 12 32 15 13 65 14 64,0 2 1 4 3 8 16 5 6 7 9 10 11 12 32 15 13 65 14 64,phoneme,db2,energy,98,250,250,0
W-CART,W-CART:cart,19,,0.092,0.1419306560239461,0 2 1 4 3 8 16 5 6 7 9 10 11 12 32 15 13 65 14 64,0 2 1 4 3 8 16 5 6 7 9 10 11 12 32 15 13 65 14 64,phoneme,db2,energy,98,250,250,0
ALL,W-NN:k=25,12,,0.088,0.10875530057370915,0 2 1 4 3 8 16 5 6 7 9 10 11 12 32 15 13 65 14 64,0 2 1 4 3 8 16 5 6 7 9 10 11 12 32 15 13 65 14 64,phoneme,db2,energy,98,250,250,0
W-NN,W-NN:k=25,12,0.5,0.088,0.10875530057370915,0 1 2 3 4 8 16 7 5 9 6 10 11 12 32 15 65 13 17 255,0 2 1 3 8 4 16 5 6 7 9 10 32 255 11 12 13 17 19 20,phoneme,db2,usage,98,250,250,0
W-QDA,W-QDA:qda,13,3.0,0.1,0.10551259665752058,0 4 1 2 3 5 6 7 8 9 10 11 12 13 14 15 16 17 18 19,0 2 1 3 8 4 16 5 6 7 9 10 32 255 11 12 13 17 19 20,phoneme,db2,usage,98,250,250,0
W-CART,W-CART:cart,20,0.5,0.096,0.13195310551259665,0 1 2 3 4 8 16 7 5 9 6 10 11 12 32 15 65 13 17 255,0 2 1 3 8 4 16 5 6 7 9 10 32 255 11 12 13 17 19 20,phoneme,db2,usage,98,250,250,0
ALL,W-NN:k=25,12,0.5,0.088,0.10875530057370915,0 1 2 3 4 8 16 7 5 9 6 10 11 12 32 15 65 13 17 255,0 2 1 3 8 4 16 5 6 7 9 10 32 255 11 12 13 17 19 20,phoneme,db2,usage,98,250,250,0
W-NN,W-NN:k=25,13,,0.088,0.11075081067597904,0 2 1 4 3 8 5 16 6 7 9 11 10 12 32 15 13 64 14 65,0 2 1 4 3 8 5 16 6 7 9 11 10 12 32 15 13 64 14 65,phoneme,db2,energy,99,250,250,0
W-QDA,W-QDA:qda,4,,0.1,0.09877775006235968,0 2 1 4 3 8 5 16 6 7 9 11 10 12 32 15 13 64 14 65,0 2 1 4 3 8 5 16 6 7 9 11 10 12 32 15 13 64 14 65,phoneme,db2,energy,99,250,250,0
W-CART,W-CART:cart,11,,0.12,0.12097779995011225,0 2 1 4 3 8 5 16 6 7 9 11 10 12 32 15 13 64 14 65,0 2 1 4 3 8 5 16 6 7 9 11 10 12 32 15 13 64 14 65,phoneme,db2,energy,99,250,250,0
ALL,W-NN:k=25,13,,0.088,0.11075081067597904,0 2 1 4 3 8 5 16 6 7 9 11 10 12 32 15 13 64 14 65,0 2 1 4 3 8 5 16 6 7 9 11 10 12 32 15 13 64 14 65,phoneme,db2,energy,99,250,250,0
W-NN,W-NN:k=25,11,3.0,0.088,0.10651035170865553,0 2 4 1 3 5 6 7 8 9 10 11 12 13 14 15 16 17 18 19,0 2 3 1 4 8 16 6 5 7 9 11 12 10 20 130 13 14 15 17,phoneme,db2,usage,99,250,250,0
W-QDA,W-QDA:qda,3,3.0,0.096,0.09678223996008979,0 2 4 1 3 5 6 7 8 9 10 11 12 13 14 15 16 17 18 19,0 2 3 1 4 8 16 6 5 7 9 11 12 10 20 130 13 14 15 17,phoneme,db2,usage,99,250,250,0
W-CART,W-CART:cart,38,3.0,0.1,0.12297331005238214,0 2 4 1 3 5 6 7 8 9 10 11 12 13 14 15 16 17 18 19,0 2 3 1 4 8 16 6 5 7 9 11 12 10 20 130 13 14 15 17,phoneme,db2,usage,99,250,250,0
ALL,W-NN:k=25,11,3.0,0.088,0.10651035170865553,0 2 4 1 3 5 6 7 8 9 10 11 12 13 14 15 16 17 18 19,0 2 3 1 4 8 16 6 5 7 9 11 12 10 20 130 13 14 15 17,phoneme,db2,usage,99,250,250,0
W-NN,W-NN:k=25,51,,0.072,0.11648790222000499,0 1 3 2 7 15 4 8 9 6 5 31 10 11 12 13 64 63 14 17,0 1 3 2 7 15 4 8 9 6 5 31 10 11 12 13 64 63 14 17,phoneme,db4,energy,0,250,250,0
W-QDA,W-QDA:qda,11,,0.084,0.11324519830381641,0 1 3 2 7 15 4 8 9 6 5 31 10 11 12 13 64 63 14 17,0 1 3 2 7 15 4 8 9 6 5 31 10 11 12 13 64 63 14 17,phoneme,db4,energy,0,250,250,0
W-CART,W-CART:cart,13,,0.108,0.14741830880518833,0 1 3 2 7 15 4 8 9 6 5 31 10 11 12 13 64 63 14 17,0 1 3 2 7 15 4 8 9 6 5 31 10 11 12 13 64 63 14 17,phoneme,db4,energy,0,250,250,0
ALL,W-NN:k=25,51,,0.072,0.11648790222000499,0 1 3 2 7 15 4 8 9 6 5 31 10 11 12 13 64 63 14 17,0 1 3 2 7 15 4 8 9 6 5 31 10 11 12 13 64 63 14 17,phoneme,db4,energy,0,250,250,0
W-NN,W-NN:k=25,11,0.5,0.072,0.11573958593165377,0 1 3 7 15 2 4 31 8 9 5 6 10 11 12 13 64 63 14 17,0 1 3 7 2 15 4 8 9 6 5 31 10 11 12 13 19 29 66 193,phoneme,db4,usage,0,250,250,0
W-QDA,W-QDA:qda,10,2.0,0.076,0.11399351459216762,0 1 3 2 7 4 5 6 8 9 10 11 12 13 14 15 16 17 18 19,0 1 3 7 2 15 4 8 9 6 5 31 10 11 12 13 19 29 66 193,phoneme,db4,usage,0,250,250,0
W-CART,W-CART:cart,13,1.0,0.104,0.1554003492142679,0 1 3 7 2 15 4 8 9 6 5 31 10 11 12 13 19 29 66 193,0 1 3 7 2 15 4 8 9 6 5 31 10 11 12 13 19 29 66 193,phoneme,db4,usage,0,250,250,0
ALL,W-NN:k=25,11,0.5,0.072,0.11573958593165377,0 1 3 7 15 2 4 31 8 9 5 6 10 11 12 13 64 63 14 17,0 1 3 7 2 15 4 8 9 6 5 31 10 11 12 13 19 29 66 193,phoneme,db4,usage,0,250,250,0
W-NN,W-NN:k=5,58,,0.092,0.11948116737340983,0 1 3 2 7 15 4 8 9 6 5 31 10 11 12 63 64 13 14 17,0 1 3 2 7 15 4 8 9 6 5 31 10 11 12 63 64 13 14 17,phoneme,db4,energy,1,250,250,0
W-QDA,W-QDA:qda,9,,0.092,0.10451484160638563,0 1 3 2 7 15 4 8 9 6 5 31 10 11 12 63 64 13 14 17,0 1 3 2 7 15 4 8 9 6 5 31 10 11 12 63 64 13 14 17,phoneme,db4,energy,1,250,250,0
W-CART,W-CART:cart,24,,0.16,0.17784983786480418,0 1 3 2 7 15 4 8 9 6 5 31 10 11 12 63 64 13 14 17,0 1 3 2 7 15 4 8 9 6 5 31 10 11 12 63 64 13 14 17,phoneme,db4,energy,1,250,250,0
ALL,W-QDA:qda,9,,0.092,0.10451484160638563,0 1 3 2 7 15 4 8 9 6 5 31 10 11 12 63 64 13 14 17,0 1 3 2 7 15 4 8 9 6 5 31 10 11 12 63 64 13 14 17,phoneme,db4,energy,1,250,250,0
W-NN,W-NN:k=5,64,0.5,0.092,0.11399351459216762,0 1 3 7 2 15 4 8 9 31 5 6 10 11 12 64 63 65 14 13,0 1 3 7 2 15 4 9 8 6 31 5 10 11 19 20 12 13 14 16,phoneme,db4,usage,1,250,250,0
W-QDA,W-QDA:qda,9,0.5,0.092,0.10451484160638563,0 1 3 7 2 15 4 8 9 31 5 6 10 11 12 64 63 65 14 13,0 1 3 7 2 15 4 9 8 6 31 5 10 11 19 20 12 13 14 16,phoneme,db4,usage,1,250,250,0
W-CART,W-CART:cart,19,2.0,0.148,0.17984534796707408,0 1 3 2 7 4 5 6 8 9 10 11 12 13 14 15 16 17 18 19,0 1 3 7 2 15 4 9 8 6 31 5 10 11 19 20 12 13 14 16,phoneme,db4,usage,1,250,250,0
ALL,W-QDA:qda,9,0.5,0.092,0.10451484160638563,0 1 3 7 2 15 4 8 9 31 5 6 10 11 12 64 63 65 14 13,0 1 3 7 2 15 4 9 8 6 31 5 10 11 19 20 12 13 14 16,phoneme,db4,usage,1,250,250,0
W-NN,W-NN:k=3,14,,0.108,0.10825642304814168,0 1 3 2 7 15 4 9 8 5 6 31 10 11 12 13 63 64 14 20,0 1 3 2 7 15 4 9 8 5 6 31 10 11 12 13 63 64 14 20,phoneme,db4,energy,2,250,250,0
W-QDA,W-QDA:qda,8,,0.116,0.09877775006235968,0 1 3 2 7 15 4 9 8 5 6 31 10 11 12 13 63 64 14 20,0 1 3 2 7 15 4 9 8 5 6 31 10 11 12 13 63 64 14 20,phoneme,db4,energy,2,250,250,0
W-CART,W-CART:cart,61,,0.14,0.15989024694437515,0 1 3 2 7 15 4 9 8 5 6 31 10 11 12 13 63 64 14 20,0 1 3 2 7 15 4 9 8 5 6 31 10 11 12 13 63 64 14 20,phoneme,db4,energy,2,250,250,0
ALL,W-NN:k=3,14,,0.108,0.10825642304814168,0 1 3 2 7 15 4 9 8 5 6 31 10 11 12 13 63 64 14 20,0 1 3 2 7 15 4 9 8 5 6 31 10 11 12 13 63 64 14 20,phoneme,db4,energy,2,250,250,0
W-NN,W-NN:k=3,35,0.5,0.092,0.11274632077824893,0 1 3 7 2 15 4 31 9 8 6 5 10 11 12 64 13 14 63 65,0 1 3 7 2 15 4 8 9 5 6 31 11 10 12 13 63 14 16 17,phoneme,db4,usage,2,250,250,0
W-QDA,W-QDA:qda,8,2.0,0.116,0.09877775006235968,0 1 3 2 7 4 9 15 5 6 8 10 11 12 13 14 16 17 18 19,0 1 3 7 2 15 4 8 9 5 6 31 11 10 12 13 63 14 16 17,phoneme,db4,usage,2,250,250,0
W-CART,W-CART:cart,61,0.5,0.14,0.1716138687952108,0 1 3 7 2 15 4 31 9 8 6 5 10 11 12 64 13 14 63 65,0 1 3 7 2 15 4 8 9 5 6 31 11 10 12 13 63 14 16 17,phoneme,db4,usage,2,250,250,0
ALL,W-NN:k=3,35,0.5,0.092,0.11274632077824893,0 1 3 7 2 15 4 31 9 8 6 5 10 11 12 64 13 14 63 65,0 1 3 7 2 15 4 8 9 5 6 31 11 10 12 13 63 14 16 17,phoneme,db4,usage,2,250,250,0
W-NN,W-NN:k=3,14,,0.084,0.11124968820154651,0 1 3 2 7 15 4 9 8 6 31 5 10 11 12 13 64 63 14 17,0 1 3 2 7 15 4 9 8 6 31 5 10 11 12 13 64 63 14 17,phoneme,db4,energy,3,250,250,0
W-QDA,W-QDA:qda,8,,0.096,0.10925417809927662,0 1 3 2 7 15 4 9 8 6 31 5 10 11 12 13 64 63 14 17,0 1 3 2 7 15 4 9 8 6 31 5 10 11 12 13 64 63 14 17,phoneme,db4,energy,3,250,250,0
W-CART,W-CART:cart,39,,0.12,0.1451733599401347,0 1 3 2 7 15 4 9 8 6 31 5 10 11 12 13 64 63 14 17,0 1 3 2 7 15 4 9 8 6 31 5 10 11 12 13 64 63 14 17,phoneme,db4,energy,3,250,250,0
ALL,W-NN:k=3,14,,0.084,0.11124968820154651,0 1 3 2 7 15 4 9 8 6 31 5 10 11 12 13 64 63 14 17,0 1 3 2 7 15 4 9 8 6 31 5 10 11 12 13 64 63 14 17,phoneme,db4,energy,3,250,250,0
W-NN,W-NN:k=9,47,1.5,0.08,0.10102269892741332,0 1 3 7 2 4 15 9 31 6 12 5 8 10 11 13 14 16 17 18,0 1 3 7 2 15 4 9 8 31 6 5 10 11 65 12 14 16 19 20,phoneme,db4,usage,3,250,250,0
W-QDA,W-QDA:qda,8,0.5,0.088,0.10251933150411574,0 1 3 7 2 15 4 8 31 9 5 6 11 10 13 12 64 63 17 14,0 1 3 7 2 15 4 9 8 31 6 5 10 11 65 12 14 16 19 20,phoneme,db4,usage,3,250,250,0
W-CART,W-CART:cart,8,0.5,0.116,0.13494637066600149,0 1 3 7 2 15 4 8 31 9 5 6 11 10 13 12 64 63 17 14,0 1 3 7 2 15 4 9 8 31 6 5 10 11 65 12 14 16 19 20,phoneme,db4,usage,3,250,250,0
ALL,W-NN:k=9,47,1.5,0.08,0.10102269892741332,0 1 3 7 2 4 15 9 31 6 12 5 8 10 11 13 14 16 17 18,0 1 3 7 2 15 4 9 8 31 6 5 10 11 65 12 14 16 19 20,phoneme,db4,usage,3,250,250,0
W-NN,W-NN:k=3,11,,0.08,0.10875530057370915,0 1 3 7 2 15 4 6 8 9 5 31 11 10 12 13 64 63 14 16,0 1 3 7 2 15 4 6 8 9 5 31 11 10 12 13 64 63 14 16,phoneme,db4,energy,4,250,250,0
W-QDA,W-QDA:qda,9,,0.104,0.11848341232227488,0 1 3 7 2 15 4 6 8 9 5 31 11 10 12 13 64 63 14 16,0 1 3 7 2 15 4 6 8 9 5 31 11 10 12 13 64 63 14 16,phoneme,db4,energy,4,250,250,0
W-CART,W-CART:cart,13,,0.152,0.16138687952107758,0 1 3 7 2 15 4 6 8 9 5 31 11 10 12 13 64 63 14 16,0 1 3 7 2 15 4 6 8 9 5 31 11 10 12 13 64 63 14 16,phoneme,db4,energy,4,250,250,0
ALL,W-NN:k=3,11,,0.08,0.10875530057370915,0 1 3 7 2 15 4 6 8 9 5 31 11 10 12 13 64 63 14 16,0 1 3 7 2 15 4 6 8 9 5 31 11 10 12 13 64 63 14 16,phoneme,db4,energy,4,250,250,0
W-NN,W-NN:k=3,9,3.0,0.08,0.11399351459216762,0 1 3 2 4 5 6 7 8 9 10 11 12 13 14 15 16 17 18 19,0 1 3 7 2 15 4 8 6 9 31 5 11 10 12 19 20 21 63 13,phoneme,db4,usage,4,250,250,0
W-QDA,W-QDA:qda,8,2.0,0.088,0.10900473933649289,0 1 3 2 7 4 5 6 15 8 9 10 11 12 13 14 16 17 18 19,0 1 3 7 2 15 4 8 6 9 31 5 11 10 12 19 20 21 63 13,phoneme,db4,usage,4,250,250,0
W-CART,W-CART:cart,12,0.5,0.144,0.16188575704664504,0 1 3 7 2 15 4 8 31 9 6 5 11 10 12 63 13 64 65 14,0 1 3 7 2 15 4 8 6 9 31 5 11 10 12 19 20 21 63 13,phoneme,db4,usage,4,250,250,0
ALL,W-NN:k=3,9,3.0,0.08,0.11399351459216762,0 1 3 2 4 5 6 7 8 9 10 11 12 13 14 15 16 17 18 19,0 1 3 7 2 15 4 8 6 9 31 5 11 10 12 19 20 21 63 13,phoneme,db4,usage,4,250,250,0
W-NN,W-NN:k=5,14,,0.064,0.102269892741332,0 1 3 2 7 15 4 9 8 5 6 31 10 11 12 64 13 63 65 14,0 1 3 2 7 15 4 9 8 5 6 31 10 11 12 64 13 63 65 14,phoneme,db4,energy,5,250,250,0
W-QDA,W-QDA:qda,7,,0.08,0.10526315789473684,0 1 3 2 7 15 4 9 8 5 6 31 10 11 12 64 13 63 65 14,0 1 3 2 7 15 4 9 8 5 6 31 10 11 12 64 13 63 65 14,phoneme,db4,energy,5,250,250,0
W-CART,W-CART:cart,12,,0.092,0.13494637066600149,0 1 3 2 7 15 4 9 8 5 6 31 10 11 12 64 13 63 65 14,0 1 3 2 7 15 4 9 8 5 6 31 10 11 12 64 13 63 65 14,phoneme,db4,energy,5,250,250,0
ALL,W-NN:k=5,14,,0.064,0.102269892741332,0 1 3 2 7 15 4 9 8 5 6 31 10 11 12 64 13 63 65 14,0 1 3 2 7 15 4 9 8 5 6 31 10 11 12 64 13 63 65 14,phoneme,db4,energy,5,250,250,0
W-NN,W-NN:k=1,10,3.0,0.064,0.11973060613619356,0 1 3 2 4 5 6 7 8 9 10 11 12 13 14 15 16 17 18 19,0 1 3 7 2 15 4 8 9 6 5 31 10 11 13 19 64 12 63 129,phoneme,db4,usage,5,250,250,0
W-QDA,W-QDA:qda,7,2.0,0.064,0.09329009728111748,0 1 3 2 7 9 4 5 15 6 8 10 11 12 13 14 16 17 18 19,0 1 3 7 2 15 4 8 9 6 5 31 10 11 13 19 64 12 63 129,phoneme,db4,usage,5,250,250,0
W-CART,W-CART:cart,12,1.0,0.084,0.13270142180094788,0 1 3 7 2 15 4 8 9 6 5 31 10 11 13 19 64 12 63 129,0 1 3 7 2 15 4 8 9 6 5 31 10 11 13 19 64 12 63 129,phoneme,db4,usage,5,250,250,0
ALL,W-QDA:qda,7,2.0,0.064,0.09329009728111748,0 1 3 2 7 9 4 5 15 6 8 10 11 12 13 14 16 17 18 19,0 1 3 7 2 15 4 8 9 6 5 31 10 11 13 19 64 12 63 129,phoneme,db4,usage,5,250,250,0
W-NN,W-NN:k=5,38,,0.084,0.10875530057370915,0 1 3 2 7 15 4 9 8 6 5 31 10 11 12 13 64 63 14 16,0 1 3 2 7 15 4 9 8 6 5 31 10 11 12 13 64 63 14 16,phoneme,db4,energy,6,250,250,0
W-QDA,W-QDA:qda,9,,0.1,0.09877775006235968,0 1 3 2 7 15 4 9 8 6 5 31 10 11 12 13 64 63 14 16,0 1 3 2 7 15 4 9 8 6 5 31 10 11 12 13 64 63 14 16,phoneme,db4,energy,6,250,250,0
W-CART,W-CART:cart,44,,0.108,0.16887004240458967,0 1 3 2 7 15 4 9 8 6 5 31 10 11 12 13 64 63 14 16,0 1 3 2 7 15 4 9 8 6 5 31 10 11 12 13 64 63 14 16,phoneme,db4,energy,6,250,250,0
ALL,W-NN:k=5,38,,0.084,0.10875530057370915,0 1 3 2 7 15 4 9 8 6 5 31 10 11 12 13 64 63 14 16,0 1 3 2 7 15 4 9 8 6 5 31 10 11 12 13 64 63 14 16,phoneme,db4,energy,6,250,250,0
W-NN,W-NN:k=3,8,0.5,0.084,0.12521825891743577,0 1 3 7 2 15 4 31 8 9 5 6 11 10 12 64 13 63 14 19,0 1 3 7 2 15 4 9 8 31 6 5 10 11 20 12 13 63 65 77,phoneme,db4,usage,6,250,250,0
W-QDA,W-QDA:qda,7,2.0,0.084,0.0947867298578199,0 1 3 2 7 4 9 15 5 6 8 10 11 12 13 14 16 17 18 19,0 1 3 7 2 15 4 9 8 31 6 5 10 11 20 12 13 63 65 77,phoneme,db4,usage,6,250,250,0
W-CART,W-CART:cart,29,3.0,0.104,0.16288351209778,0 1 3 2 4 5 6 7 8 9 10 11 12 13 14 15 16 17 18 19,0 1 3 7 2 15 4 9 8 31 6 5 10 11 20 12 13 63 65 77,phoneme,db4,usage,6,250,250,0
ALL,W-QDA:qda,7,2.0,0.084,0.0947867298578199,0 1 3 2 7 4 9 15 5 6 8 10 11 12 13 14 16 17 18 19,0 1 3 7 2 15 4 9 8 31 6 5 10 11 20 12 13 63 65 77,phoneme,db4,usage,6,250,250,0
W-NN,W-NN:k=5,45,,0.084,0.11948116737340983,0 1 3 7 2 15 4 9 8 6 31 5 10 11 12 13 63 64 17 14,0 1 3 7 2 15 4 9 8 6 31 5 10 11 12 13 63 64 17 14,phoneme,db4,energy,7,250,250,0
W-QDA,W-QDA:qda,9,,0.112,0.09179346470441506,0 1 3 7 2 15 4 9 8 6 31 5 10 11 12 13 63 64 17 14,0 1 3 7 2 15 4 9 8 6 31 5 10 11 12 13 63 64 17 14,phoneme,db4,energy,7,250,250,0
W-CART,W-CART:cart,57,,0.14,0.1990521327014218,0 1 3 7 2 15 4 9 8 6 31 5 10 11 12 13 63 64 17 14,0 1 3 7 2 15 4 9 8 6 31 5 10 11 12 13 63 64 17 14,phoneme,db4,energy,7,250,250,0
ALL,W-NN:k=5,45,,0.084,0.11948116737340983,0 1 3 7 2 15 4 9 8 6 31 5 10 11 12 13 63 64 17 14,0 1 3 7 2 15 4 9 8 6 31 5 10 11 12 13 63 64 17 14,phoneme,db4,energy,7,250,250,0
W-NN,W-NN:k=5,51,0.5,0.08,0.1207283611873285,0 1 3 7 2 15 4 31 8 9 6 5 10 11 12 13 63 64 14 21,0 1 3 7 2 15 4 9 8 31 6 5 10 11 12 20 13 22 65 79,phoneme,db4,usage,7,250,250,0
W-QDA,W-QDA:qda,6,2.0,0.096,0.10276877026689947,0 1 3 7 2 4 9 15 5 6 8 10 11 12 13 14 16 17 18 19,0 1 3 7 2 15 4 9 8 31 6 5 10 11 12 20 13 22 65 79,phoneme,db4,usage,7,250,250,0
W-CART,W-CART:cart,7,2.0,0.124,0.15515091045148416,0 1 3 7 2 4 9 15 5 6 8 10 11 12 13 14 16 17 18 19,0 1 3 7 2 15 4 9 8 31 6 5 10 11 12 20 13 22 65 79,phoneme,db4,usage,7,250,250,0
ALL,W-NN:k=5,51,0.5,0.08,0.1207283611873285,0 1 3 7 2 15 4 31 8 9 6 5 10 11 12 13 63 64 14 21,0 1 3 7 2 15 4 9 8 31 6 5 10 11 12 20 13 22 65 79,phoneme,db4,usage,7,250,250,0
W-NN,W-NN:k=7,38,,0.104,0.10950361686206037,0 1 3 7 2 15 4 9 8 6 31 5 10 11 12 13 63 64 14 65,0 1 3 7 2 15 4 9 8 6 31 5 10 11 12 13 63 64 14 65,phoneme,db4,energy,8,250,250,0
W-QDA,W-QDA:qda,11,,0.1,0.10301820902968321,0 1 3 7 2 15 4 9 8 6 31 5 10 11 12 13 63 64 14 65,0 1 3 7 2 15 4 9 8 6 31 5 10 11 12 13 63 64 14 65,phoneme,db4,energy,8,250,250,0
W-CART,W-CART:cart,22,,0.128,0.1314542279870292,0 1 3 7 2 15 4 9 8 6 31 5 10 11 12 13 63 64 14 65,0 1 3 7 2 15 4 9 8 6 31 5 10 11 12 13 63 64 14 65,phoneme,db4,energy,8,250,250,0
ALL,W-QDA:qda,11,,0.1,0.10301820902968321,0 1 3 7 2 15 4 9 8 6 31 5 10 11 12 13 63 64 14 65,0 1 3 7 2 15 4 9 8 6 31 5 10 11 12 13 63 64 14 65,phoneme,db4,energy,8,250,250,0
W-NN,W-NN:k=7,61,0.5,0.104,0.10576203542030431,0 1 3 7 2 15 4 8 9 31 5 6 11 10 12 13 64 63 65 14,0 1 3 7 2 15 4 8 9 31 6 5 12 11 13 16 17 64 65 10,phoneme,db4,usage,8,250,250,0
W-QDA,W-QDA:qda,10,0.5,0.1,0.09927662758792716,0 1 3 7 2 15 4 8 9 31 5 6 11 10 12 13 64 63 65 14,0 1 3 7 2 15 4 8 9 31 6 5 12 11 13 16 17 64 65 10,phoneme,db4,usage,8,250,250,0
W-CART,W-CART:cart,21,2.0,0.124,0.13344973808929908,0 1 3 7 2 4 5 15 6 8 9 10 11 12 13 14 16 17 18 19,0 1 3 7 2 15 4 8 9 31 6 5 12 11 13 16 17 64 65 10,phoneme,db4,usage,8,250,250,0
ALL,W-QDA:qda,10,0.5,0.1,0.09927662758792716,0 1 3 7 2 15 4 8 9 31 5 6 11 10 12 13 64 63 65 14,0 1 3 7 2 15 4 8 9 31 6 5 12 11 13 16 17 64 65 10,phoneme,db4,usage,8,250,250,0
W-NN,W-NN:k=7,8,,0.092,0.10601147418308805,0 1 3 2 7 15 4 9 8 6 31 5 11 10 12 13 64 63 14 65,0 1 3 2 7 15 4 9 8 6 31 5 11 10 12 13 64 63 14 65,phoneme,db4,energy,9,250,250,0
W-QDA,W-QDA:qda,11,,0.08,0.10177101521576452,0 1 3 2 7 15 4 9 8 6 31 5 11 10 12 13 64 63 14 65,0 1 3 2 7 15 4 9 8 6 31 5 11 10 12 13 64 63 14 65,phoneme,db4,energy,9,250,250,0
W-CART,W-CART:cart,13,,0.14,0.14093290097281116,0 1 3 2 7 15 4 9 8 6 31 5 11 10 12 13 64 63 14 65,0 1 3 2 7 15 4 9 8 6 31 5 11 10 12 13 64 63 14 65,phoneme,db4,energy,9,250,250,0
ALL,W-QDA:qda,11,,0.08,0.10177101521576452,0 1 3 2 7 15 4 9 8 6 31 5 11 10 12 13 64 63 14 65,0 1 3 2 7 15 4 9 8 6 31 5 11 10 12 13 64 63 14 65,phoneme,db4,energy,9,250,250,0
W-NN,W-NN:k=15,14,0.5,0.092,0.09877775006235968,0 1 3 2 7 15 4 8 31 9 5 6 11 10 12 13 64 65 63 19,0 1 3 7 2 15 4 8 9 6 31 5 11 12 10 13 16 20 65 14,phoneme,db4,usage,9,250,250,0
W-QDA,W-QDA:qda,10,0.5,0.072,0.09852831129957595,0 1 3 2 7 15 4 8 31 9 5 6 11 10 12 13 64 65 63 19,0 1 3 7 2 15 4 8 9 6 31 5 11 12 10 13 16 20 65 14,phoneme,db4,usage,9,250,250,0
W-CART,W-CART:cart,55,1.0,0.124,0.15490147168870042,0 1 3 7 2 15 4 8 9 6 31 5 11 12 10 13 16 20 65 14,0 1 3 7 2 15 4 8 9 6 31 5 11 12 10 13 16 20 65 14,phoneme,db4,usage,9,250,250,0
ALL,W-QDA:qda,10,0.5,0.072,0.09852831129957595,0 1 3 2 7 15 4 8 31 9 5 6 11 10 12 13 64 65 63 19,0 1 3 7 2 15 4 8 9 6 31 5 11 12 10 13 16 20 65 14,phoneme,db4,usage,9,250,250,0
W-NN,W-NN:k=15,9,,0.084,0.1077575455225742,0 1 3 7 2 15 4 9 8 6 5 31 10 11 12 64 13 63 14 16,0 1 3 7 2 15 4 9 8 6 5 31 10 11 12 64 13 63 14 16,phoneme,db4,energy,10,250,250,0
W-QDA,W-QDA:qda,13,,0.088,0.11873285108505861,0 1 3 7 2 15 4 9 8 6 5 31 10 11 12 64 13 63 14 16,0 1 3 7 2 15 4 9 8 6 5 31 10 11 12 64 13 63 14 16,phoneme,db4,energy,10,250,250,0
W-CART,W-CART:cart,46,,0.112,0.1566475430281866,0 1 3 7 2 15 4 9 8 6 5 31 10 11 12 64 13 63 14 16,0 1 3 7 2 15 4 9 8 6 5 31 10 11 12 64 13 63 14 16,phoneme,db4,energy,10,250,250,0
ALL,W-NN:k=15,9,,0.084,0.1077575455225742,0 1 3 7 2 15 4 9 8 6 5 31 10 11 12 64 13 63 14 16,0 1 3 7 2 15 4 9 8 6 5 31 10 11 12 64 13 63 14 16,phoneme,db4,energy,10,250,250,0
W-NN,W-NN:k=15,9,1.0,0.084,0.1077575455225742,0 1 3 7 2 15 4 8 9 6 31 5 10 12 11 63 13 14 20 64,0 1 3 7 2 15 4 8 9 6 31 5 10 12 11 63 13 14 20 64,phoneme,db4,usage,10,250,250,0
W-QDA,W-QDA:qda,13,0.5,0.088,0.11873285108505861,0 1 3 7 2 15 4 31 8 9 5 6 10 12 11 64 13 14 65 63,0 1 3 7 2 15 4 8 9 6 31 5 10 12 11 63 13 14 20 64,phoneme,db4,usage,10,250,250,0
W-CART,W-CART:cart,16,1.0,0.12,0.16163631828386132,0 1 3 7 2 15 4 8 9 6 31 5 10 12 11 63 13 14 20 64,0 1 3 7 2 15 4 8 9 6 31 5 10 12 11 63 13 14 20 64,phoneme,db4,usage,10,250,250,0
ALL,W-NN:k=15,9,1.0,0.084,0.1077575455225742,0 1 3 7 2 15 4 8 9 6 31 5 10 12 11 63 13 14 20 64,0 1 3 7 2 15 4 8 9 6 31 5 10 12 11 63 13 14 20 64,phoneme,db4,usage,10,250,250,0
W-NN,W-NN:k=5,12,,0.064,0.11075081067597904,0 1 3 7 2 15 4 9 8 6 5 31 10 11 12 64 13 63 17 16,0 1 3 7 2 15 4 9 8 6 5 31 10 11 12 64 13 63 17 16,phoneme,db4,energy,11,250,250,0
W-QDA,W-QDA:qda,16,,0.08,0.11025193315041157,0 1 3 7 2 15 4 9 8 6 5 31 10 11 12 64 13 63 17 16,0 1 3 7 2 15 4 9 8 6 5 31 10 11 12 64 13 63 17 16,phoneme,db4,energy,11,250,250,0
W-CART,W-CART:cart,56,,0.116,0.14766774756797207,0 1 3 7 2 15 4 9 8 6 5 31 10 11 12 64 13 63 17 16,0 1 3 7 2 15 4 9 8 6 5 31 10 11 12 64 13 63 17 16,phoneme,db4,energy,11,250,250,0
ALL,W-NN:k=5,12,,0.064,0.11075081067597904,0 1 3 7 2 15 4 9 8 6 5 31 10 11 12 64 13 63 17 16,0 1 3 7 2 15 4 9 8 6 5 31 10 11 12 64 13 63 17 16,phoneme,db4,energy,11,250,250,0
W-NN,W-NN:k=5,10,1.5,0.064,0.11100024943876279,0 1 3 7 2 4 15 5 9 6 8 10 11 12 13 14 16 17 18 19,0 1 3 7 2 15 4 9 8 6 5 31 10 12 11 13 19 64 241 14,phoneme,db4,usage,11,250,250,0
W-QDA,W-QDA:qda,14,1.5,0.08,0.10800698428535795,0 1 3 7 2 4 15 5 9 6 8 10 11 12 13 14 16 17 18 19,0 1 3 7 2 15 4 9 8 6 5 31 10 12 11 13 19 64 241 14,phoneme,db4,usage,11,250,250,0
W-CART,W-CART:cart,19,1.0,0.108,0.14417560488899975,0 1 3 7 2 15 4 9 8 6 5 31 10 12 11 13 19 64 241 14,0 1 3 7 2 15 4 9 8 6 5 31 10 12 11 13 19 64 241 14,phoneme,db4,usage,11,250,250,0
ALL,W-NN:k=5,10,1.5,0.064,0.11100024943876279,0 1 3 7 2 4 15 5 9 6 8 10 11 12 13 14 16 17 18 19,0 1 3 7 2 15 4 9 8 6 5 31 10 12 11 13 19 64 241 14,phoneme,db4,usage,11,250,250,0
W-NN,W-NN:k=5,13,,0.1,0.1144923921177351,0 1 3 2 7 15 4 6 9 8 31 5 10 11 12 63 64 14 13 17,0 1 3 2 7 15 4 6 9 8 31 5 10 11 12 63 64 14 13 17,phoneme,db4,energy,12,250,250,0
W-QDA,W-QDA:qda,20,,0.088,0.11923172861062609,0 1 3 2 7 15 4 6 9 8 31 5 10 11 12 63 64 14 13 17,0 1 3 2 7 15 4 6 9 8 31 5 10 11 12 63 64 14 13 17,phoneme,db4,energy,12,250,250,0
W-CART,W-CART:cart,52,,0.128,0.1546520329259167,0 1 3 2 7 15 4 6 9 8 31 5 10 11 12 63 64 14 13 17,0 1 3 2 7 15 4 6 9 8 31 5 10 11 12 63 64 14 13 17,phoneme,db4,energy,12,250,250,0
ALL,W-QDA:qda,20,,0.088,0.11923172861062609,0 1 3 2 7 15 4 6 9 8 31 5 10 11 12 63 64 14 13 17,0 1 3 2 7 15 4 6 9 8 31 5 10 11 12 63 64 14 13 17,phoneme,db4,energy,12,250,250,0
W-NN,W-NN:k=15,13,1.5,0.092,0.09852831129957595,0 1 3 7 2 15 4 9 6 5 8 10 11 12 13 14 16 17 18 19,0 1 3 7 2 15 4 9 6 8 31 5 10 11 12 13 19 20 41 14,phoneme,db4,usage,12,250,250,0
W-QDA,W-QDA:qda,21,1.5,0.08,0.1050137191319531,0 1 3 7 2 15 4 9 6 5 8 10 11 12 13 14 16 17 18 19,0 1 3 7 2 15 4 9 6 8 31 5 10 11 12 13 19 20 41 14,phoneme,db4,usage,12,250,250,0
W-CART,W-CART:cart,52,3.0,0.116,0.14267897231229734,0 1 3 2 4 5 6 7 8 9 10 11 12 13 14 15 16 17 18 19,0 1 3 7 2 15 4 9 6 8 31 5 10 11 12 13 19 20 41 14,phoneme,db4,usage,12,250,250,0
ALL,W-QDA:qda,21,1.5,0.08,0.1050137191319531,0 1 3 7 2 15 4 9 6 5 8 10 11 12 13 14 16 17 18 19,0 1 3 7 2 15 4 9 6 8 31 5 10 11 12 13 19 20 41 14,phoneme,db4,usage,12,250,250,0
W-NN,W-NN:k=7,14,,0.06,0.11224744325268146,0 1 3 7 2 15 4 8 9 6 5 31 10 11 12 13 64 63 14 16,0 1 3 7 2 15 4 8 9 6 5 31 10 11 12 13 64 63 14 16,phoneme,db4,energy,13,250,250,0
W-QDA,W-QDA:qda,7,,0.088,0.11050137191319531,0 1 3 7 2 15 4 8 9 6 5 31 10 11 12 13 64 63 14 16,0 1 3 7 2 15 4 8 9 6 5 31 10 11 12 13 64 63 14 16,phoneme,db4,energy,13,250,250,0
W-CART,W-CART:cart,25,,0.116,0.1302070341731105,0 1 3 7 2 15 4 8 9 6 5 31 10 11 12 13 64 63 14 16,0 1 3 7 2 15 4 8 9 6 5 31 10 11 12 13 64 63 14 16,phoneme,db4,energy,13,250,250,0
ALL,W-NN:k=7,14,,0.06,0.11224744325268146,0 1 3 7 2 15 4 8 9 6 5 31 10 11 12 13 64 63 14 16,0 1 3 7 2 15 4 8 9 6 5 31 10 11 12 13 64 63 14 16,phoneme,db4,energy,13,250,250,0
W-NN,W-NN:k=7,14,0.5,0.06,0.11224744325268146,0 1 3 7 2 15 4 8 31 9 5 6 10 11 12 13 64 65 63 14,0 1 3 7 2 15 4 8 9 6 5 31 11 10 19 12 13 14 16 17,phoneme,db4,usage,13,250,250,0
W-QDA,W-QDA:qda,6,3.0,0.08,0.10301820902968321,0 1 3 2 4 5 6 7 8 9 10 11 12 13 14 15 16 17 18 19,0 1 3 7 2 15 4 8 9 6 5 31 11 10 19 12 13 14 16 17,phoneme,db4,usage,13,250,250,0
W-CART,W-CART:cart,54,1.5,0.104,0.1416812172611624,0 1 3 7 2 15 4 8 6 31 5 9 10 11 12 13 14 16 17 18,0 1 3 7 2 15 4 8 9 6 5 31 11 10 19 12 13 14 16 17,phoneme,db4,usage,13,250,250,0
ALL,W-NN:k=7,14,0.5,0.06,0.11224744325268146,0 1 3 7 2 15 4 8 31 9 5 6 10 11 12 13 64 65 63 14,0 1 3 7 2 15 4 8 9 6 5 31 11 10 19 12 13 14 16 17,phoneme,db4,usage,13,250,250,0
W-NN,W-NN:k=5,31,,0.096,0.10800698428535795,0 1 3 7 2 15 4 9 8 6 5 31 10 11 12 13 64 63 16 14,0 1 3 7 2 15 4 9 8 6 5 31 10 11 12 13 64 63 16 14,phoneme,db4,energy,14,250,250,0
W-QDA,W-QDA:qda,12,,0.104,0.10825642304814168,0 1 3 7 2 15 4 9 8 6 5 31 10 11 12 13 64 63 16 14,0 1 3 7 2 15 4 9 8 6 5 31 10 11 12 13 64 63 16 14,phoneme,db4,energy,14,250,250,0
W-CART,W-CART:cart,59,,0.1,0.12846096283362435,0 1 3 7 2 15 4 9 8 6 5 31 10 11 12 13 64 63 16 14,0 1 3 7 2 15 4 9 8 6 5 31 10 11 12 13 64 63 16 14,phoneme,db4,energy,14,250,250,0
ALL,W-NN:k=5,31,,0.096,0.10800698428535795,0 1 3 7 2 15 4 9 8 6 5 31 10 11 12 13 64 63 16 14,0 1 3 7 2 15 4 9 8 6 5 31 10 11 12 13 64 63 16 14,phoneme,db4,energy,14,250,250,0
W-NN,W-NN:k=5,30,0.5,0.096,0.10675979047143926,0 1 3 2 7 15 4 31 8 9 6 5 10 11 12 13 64 63 16 65,0 1 3 7 2 15 4 9 8 5 6 31 10 11 12 21 16 20 13 14,phoneme,db4,usage,14,250,250,0
W-QDA,W-QDA:qda,20,2.0,0.096,0.11274632077824893,0 1 3 7 2 4 5 6 8 9 10 11 12 13 14 15 16 17 18 19,0 1 3 7 2 15 4 9 8 5 6 31 10 11 12 21 16 20 13 14,phoneme,db4,usage,14,250,250,0
W-CART,W-CART:cart,38,1.0,0.104,0.13045647293589424,0 1 3 7 2 15 4 9 8 5 6 31 10 11 12 21 16 20 13 14,0 1 3 7 2 15 4 9 8 5 6 31 10 11 12 21 16 20 13 14,phoneme,db4,usage,14,250,250,0
ALL,W-QDA:qda,20,2.0,0.096,0.11274632077824893,0 1 3 7 2 4 5 6 8 9 10 11 12 13 14 15 16 17 18 19,0 1 3 7 2 15 4 9 8 5 6 31 10 11 12 21 16 20 13 14,phoneme,db4,usage,14,250,250,0
W-NN,W-NN:k=1,9,,0.084,0.12222499376403093,0 1 3 2 7 15 4 9 8 6 5 31 10 11 12 63 64 13 65 14,0 1 3 2 7 15 4 9 8 6 5 31 10 11 12 63 64 13 65 14,phoneme,db4,energy,15,250,250,0
W-QDA,W-QDA:qda,7,,0.108,0.11698677974557246,0 1 3 2 7 15 4 9 8 6 5 31 10 11 12 63 64 13 65 14,0 1 3 2 7 15 4 9 8 6 5 31 10 11 12 63 64 13 65 14,phoneme,db4,energy,15,250,250,0
W-CART,W-CART:cart,9,,0.148,0.15215764529807932,0 1 3 2 7 15 4 9 8 6 5 31 10 11 12 63 64 13 65 14,0 1 3 2 7 15 4 9 8 6 5 31 10 11 12 63 64 13 65 14,phoneme,db4,energy,15,250,250,0
ALL,W-NN:k=1,9,,0.084,0.12222499376403093,0 1 3 2 7 15 4 9 8 6 5 31 10 11 12 63 64 13 65 14,0 1 3 2 7 15 4 9 8 6 5 31 10 11 12 63 64 13 65 14,phoneme,db4,energy,15,250,250,0
W-NN,W-NN:k=1,9,1.0,0.084,0.12222499376403093,0 1 3 7 2 15 4 8 9 5 6 31 10 11 12 20 13 63 64 65,0 1 3 7 2 15 4 8 9 5 6 31 10 11 12 20 13 63 64 65,phoneme,db4,usage,15,250,250,0
W-QDA,W-QDA:qda,8,1.0,0.096,0.10800698428535795,0 1 3 7 2 15 4 8 9 5 6 31 10 11 12 20 13 63 64 65,0 1 3 7 2 15 4 8 9 5 6 31 10 11 12 20 13 63 64 65,phoneme,db4,usage,15,250,250,0
W-CART,W-CART:cart,10,1.0,0.14,0.13619356447992018,0 1 3 7 2 15 4 8 9 5 6 31 10 11 12 20 13 63 64 65,0 1 3 7 2 15 4 8 9 5 6 31 10 11 12 20 13 63 64 65,phoneme,db4,usage,15,250,250,0
ALL,W-NN:k=1,9,1.0,0.084,0.12222499376403093,0 1 3 7 2 15 4 8 9 5 6 31 10 11 12 20 13 63 64 65,0 1 3 7 2 15 4 8 9 5 6 31 10 11 12 20 13 63 64 65,phoneme,db4,usage,15,250,250,0
W-NN,W-NN:k=5,16,,0.056,0.10301820902968321,0 1 3 7 2 15 4 9 8 6 5 31 10 12 11 13 63 64 65 14,0 1 3 7 2 15 4 9 8 6 5 31 10 12 11 13 63 64 65 14,phoneme,db4,energy,16,250,250,0
W-QDA,W-QDA:qda,13,,0.092,0.0995260663507109,0 1 3 7 2 15 4 9 8 6 5 31 10 12 11 13 63 64 65 14,0 1 3 7 2 15 4 9 8 6 5 31 10 12 11 13 63 64 65 14,phoneme,db4,energy,16,250,250,0
W-CART,W-CART:cart,12,,0.132,0.14891494138189074,0 1 3 7 2 15 4 9 8 6 5 31 10 12 11 13 63 64 65 14,0 1 3 7 2 15 4 9 8 6 5 31 10 12 11 13 63 64 65 14,phoneme,db4,energy,16,250,250,0
ALL,W-NN:k=5,16,,0.056,0.10301820902968321,0 1 3 7 2 15 4 9 8 6 5 31 10 12 11 13 63 64 65 14,0 1 3 7 2 15 4 9 8 6 5 31 10 12 11 13 63 64 65 14,phoneme,db4,energy,16,250,250,0
W-NN,W-NN:k=5,16,1.0,0.056,0.10301820902968321,0 1 3 7 2 15 4 9 8 6 31 5 10 11 12 13 19 21 14 16,0 1 3 7 2 15 4 9 8 6 31 5 10 11 12 13 19 21 14 16,phoneme,db4,usage,16,250,250,0
W-QDA,W-QDA:qda,8,2.0,0.08,0.10351708655525069,0 1 3 7 2 4 6 5 8 9 10 11 12 13 14 15 16 17 18 19,0 1 3 7 2 15 4 9 8 6 31 5 10 11 12 13 19 21 14 16,phoneme,db4,usage,16,250,250,0
W-CART,W-CART:cart,9,3.0,0.112,0.13170366674981293,0 1 3 2 4 5 6 7 8 9 10 11 12 13 14 15 16 17 18 19,0 1 3 7 2 15 4 9 8 6 31 5 10 11 12 13 19 21 14 16,phoneme,db4,usage,16,250,250,0
ALL,W-NN:k=5,16,1.0,0.056,0.10301820902968321,0 1 3 7 2 15 4 9 8 6 31 5 10 11 12 13 19 21 14 16,0 1 3 7 2 15 4 9 8 6 31 5 10 11 12 13 19 21 14 16,phoneme,db4,usage,16,250,250,0
W-NN,W-NN:k=5,19,,0.1,0.1077575455225742,0 1 3 2 7 15 4 6 8 9 5 31 10 11 12 63 64 13 65 14,0 1 3 2 7 15 4 6 8 9 5 31 10 11 12 63 64 13 65 14,phoneme,db4,energy,17,250,250,0
W-QDA,W-QDA:qda,7,,0.096,0.09703167872287354,0 1 3 2 7 15 4 6 8 9 5 31 10 11 12 63 64 13 65 14,0 1 3 2 7 15 4 6 8 9 5 31 10 11 12 63 64 13 65 14,phoneme,db4,energy,17,250,250,0
W-CART,W-CART:cart,9,,0.168,0.1506610127213769,0 1 3 2 7 15 4 6 8 9 5 31 10 11 12 63 64 13 65 14,0 1 3 2 7 15 4 6 8 9 5 31 10 11 12 63 64 13 65 14,phoneme,db4,energy,17,250,250,0
ALL,W-QDA:qda,7,,0.096,0.09703167872287354,0 1 3 2 7 15 4 6 8 9 5 31 10 11 12 63 64 13 65 14,0 1 3 2 7 15 4 6 8 9 5 31 10 11 12 63 64 13 65 14,phoneme,db4,energy,17,250,250,0
W-NN,W-NN:k=5,14,1.5,0.096,0.10601147418308805,0 1 3 7 2 4 15 6 9 8 10 5 11 12 13 14 16 17 18 19,0 1 3 7 2 15 4 8 6 9 31 5 10 11 12 13 20 77 14 16,phoneme,db4,usage,17,250,250,0
W-QDA,W-QDA:qda,9,0.5,0.088,0.10202045397854827,0 1 3 7 2 15 4 31 8 9 6 5 10 11 12 64 63 13 65 20,0 1 3 7 2 15 4 8 6 9 31 5 10 11 12 13 20 77 14 16,phoneme,db4,usage,17,250,250,0
W-CART,W-CART:cart,9,3.0,0.156,0.13893739087054127,0 1 3 2 4 5 6 7 8 9 10 11 12 13 14 15 16 17 18 19,0 1 3 7 2 15 4 8 6 9 31 5 10 11 12 13 20 77 14 16,phoneme,db4,usage,17,250,250,0
ALL,W-QDA:qda,9,0.5,0.088,0.10202045397854827,0 1 3 7 2 15 4 31 8 9 6 5 10 11 12 64 63 13 65 20,0 1 3 7 2 15 4 8 6 9 31 5 10 11 12 13 20 77 14 16,phoneme,db4,usage,17,250,250,0
W-NN,W-NN:k=9,11,,0.072,0.10950361686206037,0 1 3 2 7 15 4 9 8 6 5 31 10 11 12 13 64 63 17 65,0 1 3 2 7 15 4 9 8 6 5 31 10 11 12 13 64 63 17 65,phoneme,db4,energy,18,250,250,0
W-QDA,W-QDA:qda,13,,0.072,0.10526315789473684,0 1 3 2 7 15 4 9 8 6 5 31 10 11 12 13 64 63 17 65,0 1 3 2 7 15 4 9 8 6 5 31 10 11 12 13 64 63 17 65,phoneme,db4,energy,18,250,250,0
W-CART,W-CART:cart,10,,0.132,0.13245198303816413,0 1 3 2 7 15 4 9 8 6 5 31 10 11 12 13 64 63 17 65,0 1 3 2 7 15 4 9 8 6 5 31 10 11 12 13 64 63 17 65,phoneme,db4,energy,18,250,250,0
ALL,W-NN:k=9,11,,0.072,0.10950361686206037,0 1 3 2 7 15 4 9 8 6 5 31 10 11 12 13 64 63 17 65,0 1 3 2 7 15 4 9 8 6 5 31 10 11 12 13 64 63 17 65,phoneme,db4,energy,18,250,250,0
W-NN,W-NN:k=5,39,1.0,0.068,0.10651035170865553,0 1 3 7 2 15 4 9 8 6 5 31 10 12 11 19 65 20 64 129,0 1 3 7 2 15 4 9 8 6 5 31 10 12 11 19 65 20 64 129,phoneme,db4,usage,18,250,250,0
W-QDA,W-QDA:qda,8,0.5,0.06,0.10875530057370915,0 1 3 7 15 2 4 31 8 9 6 5 10 11 12 64 13 63 65 17,0 1 3 7 2 15 4 9 8 6 5 31 10 12 11 19 65 20 64 129,phoneme,db4,usage,18,250,250,0
W-CART,W-CART:cart,9,3.0,0.128,0.1254676976802195,0 1 3 7 2 4 5 6 8 9 10 11 12 13 14 15 16 17 18 19,0 1 3 7 2 15 4 9 8 6 5 31 10 12 11 19 65 20 64 129,phoneme,db4,usage,18,250,250,0
ALL,W-QDA:qda,8,0.5,0.06,0.10875530057370915,0 1 3 7 15 2 4 31 8 9 6 5 10 11 12 64 13 63 65 17,0 1 3 7 2 15 4 9 8 6 5 31 10 12 11 19 65 20 64 129,phoneme,db4,usage,18,250,250,0
W-NN,W-NN:k=1,12,,0.112,0.1199800448989773,0 1 3 2 7 15 4 9 8 6 5 31 12 10 11 64 63 13 65 14,0 1 3 2 7 15 4 9 8 6 5 31 12 10 11 64 63 13 65 14,phoneme,db4,energy,19,250,250,0
W-QDA,W-QDA:qda,7,,0.1,0.09777999501122474,0 1 3 2 7 15 4 9 8 6 5 31 12 10 11 64 63 13 65 14,0 1 3 2 7 15 4 9 8 6 5 31 12 10 11 64 63 13 65 14,phoneme,db4,energy,19,250,250,0
W-CART,W-CART:cart,16,,0.136,0.1526565228236468,0 1 3 2 7 15 4 9 8 6 5 31 12 10 11 64 63 13 65 14,0 1 3 2 7 15 4 9 8 6 5 31 12 10 11 64 63 13 65 14,phoneme,db4,energy,19,250,250,0
ALL,W-QDA:qda,7,,0.1,0.09777999501122474,0 1 3 2 7 15 4 9 8 6 5 31 12 10 11 64 63 13 65 14,0 1 3 2 7 15 4 9 8 6 5 31 12 10 11 64 63 13 65 14,phoneme,db4,energy,19,250,250,0
W-NN,W-NN:k=1,12,0.5,0.112,0.1199800448989773,0 1 3 7 2 15 4 31 8 9 5 6 11 10 12 64 63 65 17 13,0 1 3 7 2 15 4 9 8 31 6 5 10 12 63 16 20 21 22 25,phoneme,db4,usage,19,250,250,0
W-QDA,W-QDA:qda,8,1.5,0.088,0.09827887253679221,0 1 3 7 2 4 15 5 6 8 9 31 10 11 12 13 14 16 17 18,0 1 3 7 2 15 4 9 8 31 6 5 10 12 63 16 20 21 22 25,phoneme,db4,usage,19,250,250,0
W-CART,W-CART:cart,41,1.0,0.12,0.1554003492142679,0 1 3 7 2 15 4 9 8 31 6 5 10 12 63 16 20 21 22 25,0 1 3 7 2 15 4 9 8 31 6 5 10 12 63 16 20 21 22 25,phoneme,db4,usage,19,250,250,0
ALL,W-QDA:qda,8,1.5,0.088,0.09827887253679221,0 1 3 7 2 4 15 5 6 8 9 31 10 11 12 13 14 16 17 18,0 1 3 7 2 15 4 9 8 31 6 5 10 12 63 16 20 21 22 25,phoneme,db4,usage,19,250,250,0
W-NN,W-NN:k=5,15,,0.08,0.1015215764529808,0 1 3 7 2 15 4 8 9 5 6 31 10 11 12 64 63 13 14 65,0 1 3 7 2 15 4 8 9 5 6 31 10 11 12 64 63 13 14 65,phoneme,db4,energy,20,250,250,0
W-QDA,W-QDA:qda,8,,0.084,0.09503616862060364,0 1 3 7 2 15 4 8 9 5 6 31 10 11 12 64 63 13 14 65,0 1 3 7 2 15 4 8 9 5 6 31 10 11 12 64 63 13 14 65,phoneme,db4,energy,20,250,250,0
W-CART,W-CART:cart,8,,0.132,0.14267897231229734,0 1 3 7 2 15 4 8 9 5 6 31 10 11 12 64 63 13 14 65,0 1 3 7 2 15 4 8 9 5 6 31 10 11 12 64 63 13 14 65,phoneme,db4,energy,20,250,250,0
ALL,W-NN:k=5,15,,0.08,0.1015215764529808,0 1 3 7 2 15 4 8 9 5 6 31 10 11 12 64 63 13 14 65,0 1 3 7 2 15 4 8 9 5 6 31 10 11 12 64 63 13 14 65,phoneme,db4,energy,20,250,250,0
W-NN,W-NN:k=5,17,0.5,0.076,0.10276877026689947,0 1 3 2 7 15 4 8 31 9 5 6 10 11 12 64 14 13 63 66,0 1 3 7 2 15 4 8 9 31 5 6 10 11 12 194 241 13 14 16,phoneme,db4,usage,20,250,250,0
W-QDA,W-QDA:qda,8,0.5,0.084,0.09503616862060364,0 1 3 2 7 15 4 8 31 9 5 6 10 11 12 64 14 13 63 66,0 1 3 7 2 15 4 8 9 31 5 6 10 11 12 194 241 13 14 16,phoneme,db4,usage,20,250,250,0
W-CART,W-CART:cart,8,1.0,0.132,0.14267897231229734,0 1 3 7 2 15 4 8 9 31 5 6 10 11 12 194 241 13 14 16,0 1 3 7 2 15 4 8 9 31 5 6 10 11 12 194 241 13 14 16,phoneme,db4,usage,20,250,250,0
ALL,W-NN:k=5,17,0.5,0.076,0.10276877026689947,0 1 3 2 7 15 4 8 31 9 5 6 10 11 12 64 14 13 63 66,0 1 3 7 2 15 4 8 9 31 5 6 10 11 12 194 241 13 14 16,phoneme,db4,usage,20,250,250,0
W-NN,W-NN:k=9,12,,0.072,0.10127213769019705,0 1 3 2 7 15 4 8 9 6 31 5 11 10 12 13 64 63 14 65,0 1 3 2 7 15 4 8 9 6 31 5 11 10 12 13 64 63 14 65,phoneme,db4,energy,21,250,250,0
W-QDA,W-QDA:qda,18,,0.072,0.11898228984784236,0 1 3 2 7 15 4 8 9 6 31 5 11 10 12 13 64 63 14 65,0 1 3 2 7 15 4 8 9 6 31 5 11 10 12 13 64 63 14 65,phoneme,db4,energy,21,250,250,0
W-CART,W-CART:cart,10,,0.096,0.1294587178847593,0 1 3 2 7 15 4 8 9 6 31 5 11 10 12 13 64 63 14 65,0 1 3 2 7 15 4 8 9 6 31 5 11 10 12 13 64 63 14 65,phoneme,db4,energy,21,250,250,0
ALL,W-NN:k=9,12,,0.072,0.10127213769019705,0 1 3 2 7 15 4 8 9 6 31 5 11 10 12 13 64 63 14 65,0 1 3 2 7 15 4 8 9 6 31 5 11 10 12 13 64 63 14 65,phoneme,db4,energy,21,250,250,0
W-NN,W-NN:k=25,8,3.0,0.072,0.13045647293589424,0 1 3 2 4 5 6 7 8 9 10 11 12 13 14 15 16 17 18 19,0 1 3 7 2 15 4 8 9 6 31 5 10 11 12 20 13 19 14 16,phoneme,db4,usage,21,250,250,0
W-QDA,W-QDA:qda,18,0.5,0.072,0.11898228984784236,0 1 3 7 2 15 4 8 31 9 5 6 11 10 12 13 64 63 65 14,0 1 3 7 2 15 4 8 9 6 31 5 10 11 12 20 13 19 14 16,phoneme,db4,usage,21,250,250,0
W-CART,W-CART:cart,10,1.0,0.096,0.1294587178847593,0 1 3 7 2 15 4 8 9 6 31 5 10 11 12 20 13 19 14 16,0 1 3 7 2 15 4 8 9 6 31 5 10 11 12 20 13 19 14 16,phoneme,db4,usage,21,250,250,0
ALL,W-NN:k=25,8,3.0,0.072,0.13045647293589424,0 1 3 2 4 5 6 7 8 9 10 11 12 13 14 15 16 17 18 19,0 1 3 7 2 15 4 8 9 6 31 5 10 11 12 20 13 19 14 16,phoneme,db4,usage,21,250,250,0
W-NN,W-NN:k=3,8,,0.096,0.11149912696433026,0 1 3 2 7 15 4 9 6 8 31 5 11 10 12 64 63 13 65 17,0 1 3 2 7 15 4 9 6 8 31 5 11 10 12 64 63 13 65 17,phoneme,db4,energy,22,250,250,0
W-QDA,W-QDA:qda,8,,0.116,0.10401596408081816,0 1 3 2 7 15 4 9 6 8 31 5 11 10 12 64 63 13 65 17,0 1 3 2 7 15 4 9 6 8 31 5 11 10 12 64 63 13 65 17,phoneme,db4,energy,22,250,250,0
W-CART,W-CART:cart,53,,0.116,0.158144175604889,0 1 3 2 7 15 4 9 6 8 31 5 11 10 12 64 63 13 65 17,0 1 3 2 7 15 4 9 6 8 31 5 11 10 12 64 63 13 65 17,phoneme,db4,energy,22,250,250,0
ALL,W-NN:k=3,8,,0.096,0.11149912696433026,0 1 3 2 7 15 4 9 6 8 31 5 11 10 12 64 63 13 65 17,0 1 3 2 7 15 4 9 6 8 31 5 11 10 12 64 63 13 65 17,phoneme,db4,energy,22,250,250,0
W-NN,W-NN:k=3,8,1.0,0.096,0.11149912696433026,0 1 3 7 2 15 4 9 8 6 5 31 11 10 12 16 19 20 13 14,0 1 3 7 2 15 4 9 8 6 5 31 11 10 12 16 19 20 13 14,phoneme,db4,usage,22,250,250,0
W-QDA,W-QDA:qda,14,1.5,0.104,0.11673734098278872,0 1 3 7 2 4 15 6 5 8 9 10 11 12 13 14 16 17 18 19,0 1 3 7 2 15 4 9 8 6 5 31 11 10 12 16 19 20 13 14,phoneme,db4,usage,22,250,250,0
W-CART,W-CART:cart,45,0.5,0.112,0.16188575704664504,0 1 3 7 2 15 4 31 8 9 6 5 10 12 11 64 65 63 13 19,0 1 3 7 2 15 4 9 8 6 5 31 11 10 12 16 19 20 13 14,phoneme,db4,usage,22,250,250,0
ALL,W-NN:k=3,8,1.0,0.096,0.11149912696433026,0 1 3 7 2 15 4 9 8 6 5 31 11 10 12 16 19 20 13 14,0 1 3 7 2 15 4 9 8 6 5 31 11 10 12 16 19 20 13 14,phoneme,db4,usage,22,250,250,0
W-NN,W-NN:k=15,10,,0.076,0.10376652531803442,0 1 3 2 7 15 4 9 8 5 6 31 10 11 12 64 63 13 17 65,0 1 3 2 7 15 4 9 8 5 6 31 10 11 12 64 63 13 17 65,phoneme,db4,energy,23,250,250,0
W-QDA,W-QDA:qda,9,,0.088,0.10002494387627837,0 1 3 2 7 15 4 9 8 5 6 31 10 11 12 64 63 13 17 65,0 1 3 2 7 15 4 9 8 5 6 31 10 11 12 64 63 13 17 65,phoneme,db4,energy,23,250,250,0
W-CART,W-CART:cart,48,,0.104,0.1554003492142679,0 1 3 2 7 15 4 9 8 5 6 31 10 11 12 64 63 13 17 65,0 1 3 2 7 15 4 9 8 5 6 31 10 11 12 64 63 13 17 65,phoneme,db4,energy,23,250,250,0
ALL,W-NN:k=15,10,,0.076,0.10376652531803442,0 1 3 2 7 15 4 9 8 5 6 31 10 11 12 64 63 13 17 65,0 1 3 2 7 15 4 9 8 5 6 31 10 11 12 64 63 13 17 65,phoneme,db4,energy,23,250,250,0
W-NN,W-NN:k=15,11,0.5,0.076,0.10426540284360189,0 1 3 7 15 2 4 31 9 8 5 6 10 11 12 64 63 13 65 17,0 1 3 7 2 15 4 9 8 31 5 6 10 11 12 19 20 13 14 16,phoneme,db4,usage,23,250,250,0
W-QDA,W-QDA:qda,9,1.0,0.088,0.10002494387627837,0 1 3 7 2 15 4 9 8 31 5 6 10 11 12 19 20 13 14 16,0 1 3 7 2 15 4 9 8 31 5 6 10 11 12 19 20 13 14 16,phoneme,db4,usage,23,250,250,0
W-CART,W-CART:cart,34,2.0,0.1,0.15914193065602394,0 1 3 2 7 4 5 15 6 8 9 10 11 12 13 14 16 17 18 19,0 1 3 7 2 15 4 9 8 31 5 6 10 11 12 19 20 13 14 16,phoneme,db4,usage,23,250,250,0
ALL,W-NN:k=15,11,0.5,0.076,0.10426540284360189,0 1 3 7 15 2 4 31 9 8 5 6 10 11 12 64 63 13 65 17,0 1 3 7 2 15 4 9 8 31 5 6 10 11 12 19 20 13 14 16,phoneme,db4,usage,23,250,250,0
W-NN,W-NN:k=3,47,,0.084,0.10202045397854827,0 1 3 7 2 15 4 8 9 5 31 6 10 11 12 13 64 63 16 14,0 1 3 7 2 15 4 8 9 5 31 6 10 11 12 13 64 63 16 14,phoneme,db4,energy,24,250,250,0
W-QDA,W-QDA:qda,8,,0.076,0.10276877026689947,0 1 3 7 2 15 4 8 9 5 31 6 10 11 12 13 64 63 16 14,0 1 3 7 2 15 4 8 9 5 31 6 10 11 12 13 64 63 16 14,phoneme,db4,energy,24,250,250,0
W-CART,W-CART:cart,19,,0.132,0.1588924918932402,0 1 3 7 2 15 4 8 9 5 31 6 10 11 12 13 64 63 16 14,0 1 3 7 2 15 4 8 9 5 31 6 10 11 12 13 64 63 16 14,phoneme,db4,energy,24,250,250,0
ALL,W-QDA:qda,8,,0.076,0.10276877026689947,0 1 3 7 2 15 4 8 9 5 31 6 10 11 12 13 64 63 16 14,0 1 3 7 2 15 4 8 9 5 31 6 10 11 12 13 64 63 16 14,phoneme,db4,energy,24,250,250,0
W-NN,W-NN:k=3,24,0.5,0.08,0.10875530057370915,0 1 3 7 2 15 4 31 8 9 5 6 10 11 12 13 64 63 17 16,0 1 3 7 2 15 4 8 9 5 31 6 10 11 12 21 20 64 129 13,phoneme,db4,usage,24,250,250,0
W-QDA,W-QDA:qda,9,0.5,0.072,0.10551259665752058,0 1 3 7 2 15 4 31 8 9 5 6 10 11 12 13 64 63 17 16,0 1 3 7 2 15 4 8 9 5 31 6 10 11 12 21 20 64 129 13,phoneme,db4,usage,24,250,250,0
W-CART,W-CART:cart,11,3.0,0.124,0.14991269643302568,0 1 3 2 4 5 6 7 8 9 10 11 12 13 14 15 16 17 18 19,0 1 3 7 2 15 4 8 9 5 31 6 10 11 12 21 20 64 129 13,phoneme,db4,usage,24,250,250,0
ALL,W-QDA:qda,9,0.5,0.072,0.10551259665752058,0 1 3 7 2 15 4 31 8 9 5 6 10 11 12 13 64 63 17 16,0 1 3 7 2 15 4 8 9 5 31 6 10 11 12 21 20 64 129 13,phoneme,db4,usage,24,250,250,0
W-NN,W-NN:k=25,18,,0.088,0.11973060613619356,0 1 3 7 2 15 4 8 9 6 31 5 10 11 12 13 63 64 14 65,0 1 3 7 2 15 4 8 9 6 31 5 10 11 12 13 63 64 14 65,phoneme,db4,energy,25,250,250,0
W-QDA,W-QDA:qda,7,,0.1,0.12571713644300325,0 1 3 7 2 15 4 8 9 6 31 5 10 11 12 13 63 64 14 65,0 1 3 7 2 15 4 8 9 6 31 5 10 11 12 13 63 64 14 65,phoneme,db4,energy,25,250,250,0
W-CART,W-CART:cart,21,,0.096,0.13694188076827138,0 1 3 7 2 15 4 8 9 6 31 5 10 11 12 13 63 64 14 65,0 1 3 7 2 15 4 8 9 6 31 5 10 11 12 13 63 64 14 65,phoneme,db4,energy,25,250,250,0
ALL,W-NN:k=25,18,,0.088,0.11973060613619356,0 1 3 7 2 15 4 8 9 6 31 5 10 11 12 13 63 64 14 65,0 1 3 7 2 15 4 8 9 6 31 5 10 11 12 13 63 64 14 65,phoneme,db4,energy,25,250,250,0
W-NN,W-NN:k=25,6,3.0,0.088,0.13893739087054127,0 1 3 2 4 5 6 7 8 9 10 11 12 13 14 15 16 17 18 19,0 1 3 7 2 15 4 8 9 6 31 5 10 11 12 20 21 19 67 13,phoneme,db4,usage,25,250,250,0
W-QDA,W-QDA:qda,6,3.0,0.092,0.1219755550012472,0 1 3 2 4 5 6 7 8 9 10 11 12 13 14 15 16 17 18 19,0 1 3 7 2 15 4 8 9 6 31 5 10 11 12 20 21 19 67 13,phoneme,db4,usage,25,250,250,0
W-CART,W-CART:cart,15,2.0,0.084,0.1322025442753804,0 1 3 2 7 4 9 5 6 8 10 11 12 13 14 15 16 17 18 19,0 1 3 7 2 15 4 8 9 6 31 5 10 11 12 20 21 19 67 13,phoneme,db4,usage,25,250,250,0
ALL,W-CART:cart,15,2.0,0.084,0.1322025442753804,0 1 3 2 7 4 9 5 6 8 10 11 12 13 14 15 16 17 18 19,0 1 3 7 2 15 4 8 9 6 31 5 10 11 12 20 21 19 67 13,phoneme,db4,usage,25,250,250,0
W-NN,W-NN:k=15,41,,0.08,0.1097530556248441,0 1 3 2 7 15 4 9 8 6 5 31 11 10 12 13 63 14 64 65,0 1 3 2 7 15 4 9 8 6 5 31 11 10 12 13 63 14 64 65,phoneme,db4,energy,26,250,250,0
W-QDA,W-QDA:qda,13,,0.088,0.09902718882514343,0 1 3 2 7 15 4 9 8 6 5 31 11 10 12 13 63 14 64 65,0 1 3 2 7 15 4 9 8 6 5 31 11 10 12 13 63 14 64 65,phoneme,db4,energy,26,250,250,0
W-CART,W-CART:cart,9,,0.104,0.13893739087054127,0 1 3 2 7 15 4 9 8 6 5 31 11 10 12 13 63 14 64 65,0 1 3 2 7 15 4 9 8 6 5 31 11 10 12 13 63 14 64 65,phoneme,db4,energy,26,250,250,0
ALL,W-NN:k=15,41,,0.08,0.1097530556248441,0 1 3 2 7 15 4 9 8 6 5 31 11 10 12 13 63 14 64 65,0 1 3 2 7 15 4 9 8 6 5 31 11 10 12 13 63 14 64 65,phoneme,db4,energy,26,250,250,0
W-NN,W-NN:k=15,37,1.0,0.084,0.10925417809927662,0 1 3 7 2 15 4 9 8 6 31 5 10 11 65 12 14 241 13 16,0 1 3 7 2 15 4 9 8 6 31 5 10 11 65 12 14 241 13 16,phoneme,db4,usage,26,250,250,0
W-QDA,W-QDA:qda,13,1.5,0.088,0.09902718882514343,0 1 3 7 2 15 4 9 6 5 8 10 11 12 13 14 16 17 18 19,0 1 3 7 2 15 4 9 8 6 31 5 10 11 65 12 14 241 13 16,phoneme,db4,usage,26,250,250,0
W-CART,W-CART:cart,28,1.5,0.096,0.16862060364180595,0 1 3 7 2 15 4 9 6 5 8 10 11 12 13 14 16 17 18 19,0 1 3 7 2 15 4 9 8 6 31 5 10 11 65 12 14 241 13 16,phoneme,db4,usage,26,250,250,0
ALL,W-NN:k=15,37,1.0,0.084,0.10925417809927662,0 1 3 7 2 15 4 9 8 6 31 5 10 11 65 12 14 241 13 16,0 1 3 7 2 15 4 9 8 6 31 5 10 11 65 12 14 241 13 16,phoneme,db4,usage,26,250,250,0
W-NN,W-NN:k=9,13,,0.072,0.1172362185083562,0 1 3 7 2 15 4 9 8 6 31 5 11 10 12 13 63 64 14 17,0 1 3 7 2 15 4 9 8 6 31 5 11 10 12 13 63 64 14 17,phoneme,db4,energy,27,250,250,0
W-QDA,W-QDA:qda,12,,0.096,0.1152407084060863,0 1 3 7 2 15 4 9 8 6 31 5 11 10 12 13 63 64 14 17,0 1 3 7 2 15 4 9 8 6 31 5 11 10 12 13 63 64 14 17,phoneme,db4,energy,27,250,250,0
W-CART,W-CART:cart,16,,0.116,0.1683711648790222,0 1 3 7 2 15 4 9 8 6 31 5 11 10 12 13 63 64 14 17,0 1 3 7 2 15 4 9 8 6 31 5 11 10 12 13 63 64 14 17,phoneme,db4,energy,27,250,250,0
ALL,W-NN:k=9,13,,0.072,0.1172362185083562,0 1 3 7 2 15 4 9 8 6 31 5 11 10 12 13 63 64 14 17,0 1 3 7 2 15 4 9 8 6 31 5 11 10 12 13 63 64 14 17,phoneme,db4,energy,27,250,250,0
W-NN,W-NN:k=15,50,1.0,0.068,0.10925417809927662,0 1 3 7 2 15 4 9 8 31 6 5 11 10 13 63 19 67 12 14,0 1 3 7 2 15 4 9 8 31 6 5 11 10 13 63 19 67 12 14,phoneme,db4,usage,27,250,250,0
W-QDA,W-QDA:qda,18,2.0,0.084,0.1289598403591918,0 1 3 7 2 15 4 9 5 6 8 10 11 12 13 14 16 17 18 19,0 1 3 7 2 15 4 9 8 31 6 5 11 10 13 63 19 67 12 14,phoneme,db4,usage,27,250,250,0
W-CART,W-CART:cart,23,0.5,0.104,0.16812172611623846,0 1 3 2 7 15 4 31 8 9 6 5 10 11 12 63 14 64 13 21,0 1 3 7 2 15 4 9 8 31 6 5 11 10 13 63 19 67 12 14,phoneme,db4,usage,27,250,250,0
ALL,W-NN:k=15,50,1.0,0.068,0.10925417809927662,0 1 3 7 2 15 4 9 8 31 6 5 11 10 13 63 19 67 12 14,0 1 3 7 2 15 4 9 8 31 6 5 11 10 13 63 19 67 12 14,phoneme,db4,usage,27,250,250,0
W-NN,W-NN:k=9,9,,0.056,0.10451484160638563,0 1 3 7 2 15 4 9 8 6 31 5 10 11 12 64 63 13 65 14,0 1 3 7 2 15 4 9 8 6 31 5 10 11 12 64 63 13 65 14,phoneme,db4,energy,28,250,250,0
W-QDA,W-QDA:qda,8,,0.088,0.09927662758792716,0 1 3 7 2 15 4 9 8 6 31 5 10 11 12 64 63 13 65 14,0 1 3 7 2 15 4 9 8 6 31 5 10 11 12 64 63 13 65 14,phoneme,db4,energy,28,250,250,0
W-CART,W-CART:cart,20,,0.092,0.14991269643302568,0 1 3 7 2 15 4 9 8 6 31 5 10 11 12 64 63 13 65 14,0 1 3 7 2 15 4 9 8 6 31 5 10 11 12 64 63 13 65 14,phoneme,db4,energy,28,250,250,0
ALL,W-NN:k=9,9,,0.056,0.10451484160638563,0 1 3 7 2 15 4 9 8 6 31 5 10 11 12 64 63 13 65 14,0 1 3 7 2 15 4 9 8 6 31 5 10 11 12 64 63 13 65 14,phoneme,db4,energy,28,250,250,0
W-NN,W-NN:k=9,9,1.0,0.056,0.10451484160638563,0 1 3 7 2 15 4 9 8 31 6 5 10 11 12 63 19 64 77 129,0 1 3 7 2 15 4 9 8 31 6 5 10 11 12 63 19 64 77 129,phoneme,db4,usage,28,250,250,0
W-QDA,W-QDA:qda,6,2.0,0.08,0.10351708655525069,0 1 3 7 2 4 15 5 6 8 9 10 11 12 13 14 16 17 18 19,0 1 3 7 2 15 4 9 8 31 6 5 10 11 12 63 19 64 77 129,phoneme,db4,usage,28,250,250,0
W-CART,W-CART:cart,64,3.0,0.084,0.14342728860064854,0 1 3 2 4 5 6 7 8 9 10 11 12 13 14 15 16 17 18 19,0 1 3 7 2 15 4 9 8 31 6 5 10 11 12 63 19 64 77 129,phoneme,db4,usage,28,250,250,0
ALL,W-NN:k=9,9,1.0,0.056,0.10451484160638563,0 1 3 7 2 15 4 9 8 31 6 5 10 11 12 63 19 64 77 129,0 1 3 7 2 15 4 9 8 31 6 5 10 11 12 63 19 64 77 129,phoneme,db4,usage,28,250,250,0
W-NN,W-NN:k=7,25,,0.084,0.10551259665752058,0 1 3 2 7 15 4 9 6 8 31 5 10 11 12 64 13 63 14 65,0 1 3 2 7 15 4 9 6 8 31 5 10 11 12 64 13 63 14 65,phoneme,db4,energy,29,250,250,0
W-QDA,W-QDA:qda,7,,0.112,0.1199800448989773,0 1 3 2 7 15 4 9 6 8 31 5 10 11 12 64 13 63 14 65,0 1 3 2 7 15 4 9 6 8 31 5 10 11 12 64 13 63 14 65,phoneme,db4,energy,29,250,250,0
W-CART,W-CART:cart,57,,0.144,0.15639810426540285,0 1 3 2 7 15 4 9 6 8 31 5 10 11 12 64 13 63 14 65,0 1 3 2 7 15 4 9 6 8 31 5 10 11 12 64 13 63 14 65,phoneme,db4,energy,29,250,250,0
ALL,W-NN:k=7,25,,0.084,0.10551259665752058,0 1 3 2 7 15 4 9 6 8 31 5 10 11 12 64 13 63 14 65,0 1 3 2 7 15 4 9 6 8 31 5 10 11 12 64 13 63 14 65,phoneme,db4,energy,29,250,250,0
W-NN,W-NN:k=9,19,0.5,0.084,0.10900473933649289,0 1 3 2 15 7 4 31 8 9 6 5 10 11 12 64 65 13 17 63,0 1 3 7 2 15 4 9 8 6 31 5 10 11 12 19 64 13 14 16,phoneme,db4,usage,29,250,250,0
W-QDA,W-QDA:qda,5,3.0,0.112,0.11499126964330257,0 1 3 2 4 5 6 7 8 9 10 11 12 13 14 15 16 17 18 19,0 1 3 7 2 15 4 9 8 6 31 5 10 11 12 19 64 13 14 16,phoneme,db4,usage,29,250,250,0
W-CART,W-CART:cart,6,3.0,0.136,0.1853330007483163,0 1 3 2 4 5 6 7 8 9 10 11 12 13 14 15 16 17 18 19,0 1 3 7 2 15 4 9 8 6 31 5 10 11 12 19 64 13 14 16,phoneme,db4,usage,29,250,250,0
ALL,W-NN:k=9,19,0.5,0.084,0.10900473933649289,0 1 3 2 15 7 4 31 8 9 6 5 10 11 12 64 65 13 17 63,0 1 3 7 2 15 4 9 8 6 31 5 10 11 12 19 64 13 14 16,phoneme,db4,usage,29,250,250,0
W-NN,W-NN:k=5,13,,0.084,0.11224744325268146,0 1 3 7 2 15 4 9 8 6 31 5 10 11 12 13 64 63 65 14,0 1 3 7 2 15 4 9 8 6 31 5 10 11 12 13 64 63 65 14,phoneme,db4,energy,30,250,250,0
W-QDA,W-QDA:qda,9,,0.104,0.10426540284360189,0 1 3 7 2 15 4 9 8 6 31 5 10 11 12 13 64 63 65 14,0 1 3 7 2 15 4 9 8 6 31 5 10 11 12 13 64 63 65 14,phoneme,db4,energy,30,250,250,0
W-CART,W-CART:cart,9,,0.144,0.16388126714891493,0 1 3 7 2 15 4 9 8 6 31 5 10 11 12 13 64 63 65 14,0 1 3 7 2 15 4 9 8 6 31 5 10 11 12 13 64 63 65 14,phoneme,db4,energy,30,250,250,0
ALL,W-NN:k=5,13,,0.084,0.11224744325268146,0 1 3 7 2 15 4 9 8 6 31 5 10 11 12 13 64 63 65 14,0 1 3 7 2 15 4 9 8 6 31 5 10 11 12 13 64 63 65 14,phoneme,db4,energy,30,250,250,0
W-NN,W-NN:k=5,13,0.5,0.084,0.11224744325268146,0 1 3 7 2 15 4 31 8 9 5 6 10 11 64 12 13 65 63 14,0 1 3 7 2 15 4 9 8 6 31 5 10 11 12 13 20 21 25 66,phoneme,db4,usage,30,250,250,0
W-QDA,W-QDA:qda,7,2.0,0.104,0.10127213769019705,0 1 3 2 7 4 9 15 5 6 8 10 11 12 13 14 16 17 18 19,0 1 3 7 2 15 4 9 8 6 31 5 10 11 12 13 20 21 25 66,phoneme,db4,usage,30,250,250,0
W-CART,W-CART:cart,20,2.0,0.14,0.15490147168870042,0 1 3 2 7 4 9 15 5 6 8 10 11 12 13 14 16 17 18 19,0 1 3 7 2 15 4 9 8 6 31 5 10 11 12 13 20 21 25 66,phoneme,db4,usage,30,250,250,0
ALL,W-NN:k=5,13,0.5,0.084,0.11224744325268146,0 1 3 7 2 15 4 31 8 9 5 6 10 11 64 12 13 65 63 14,0 1 3 7 2 15 4 9 8 6 31 5 10 11 12 13 20 21 25 66,phoneme,db4,usage,30,250,250,0
W-NN,W-NN:k=3,20,,0.088,0.10601147418308805,0 1 3 2 7 15 4 8 9 6 31 5 10 12 11 63 13 64 17 16,0 1 3 2 7 15 4 8 9 6 31 5 10 12 11 63 13 64 17 16,phoneme,db4,energy,31,250,250,0
W-QDA,W-QDA:qda,9,,0.092,0.09653280119730606,0 1 3 2 7 15 4 8 9 6 31 5 10 12 11 63 13 64 17 16,0 1 3 2 7 15 4 8 9 6 31 5 10 12 11 63 13 64 17 16,phoneme,db4,energy,31,250,250,0
W-CART,W-CART:cart,58,,0.14,0.15390371663756547,0 1 3 2 7 15 4 8 9 6 31 5 10 12 11 63 13 64 17 16,0 1 3 2 7 15 4 8 9 6 31 5 10 12 11 63 13 64 17 16,phoneme,db4,energy,31,250,250,0
ALL,W-NN:k=3,20,,0.088,0.10601147418308805,0 1 3 2 7 15 4 8 9 6 31 5 10 12 11 63 13 64 17 16,0 1 3 2 7 15 4 8 9 6 31 5 10 12 11 63 13 64 17 16,phoneme,db4,energy,31,250,250,0
W-NN,W-NN:k=25,21,1.0,0.088,0.10875530057370915,0 1 3 7 2 15 4 8 9 31 6 5 10 11 12 20 63 16 13 14,0 1 3 7 2 15 4 8 9 31 6 5 10 11 12 20 63 16 13 14,phoneme,db4,usage,31,250,250,0
W-QDA,W-QDA:qda,7,2.0,0.092,0.09927662758792716,0 1 3 7 2 4 9 15 5 6 8 10 11 12 13 14 16 17 18 19,0 1 3 7 2 15 4 8 9 31 6 5 10 11 12 20 63 16 13 14,phoneme,db4,usage,31,250,250,0
W-CART,W-CART:cart,10,3.0,0.14,0.12521825891743577,0 1 3 2 4 5 6 7 8 9 10 11 12 13 14 15 16 17 18 19,0 1 3 7 2 15 4 8 9 31 6 5 10 11 12 20 63 16 13 14,phoneme,db4,usage,31,250,250,0
ALL,W-NN:k=25,21,1.0,0.088,0.10875530057370915,0 1 3 7 2 15 4 8 9 31 6 5 10 11 12 20 63 16 13 14,0 1 3 7 2 15 4 8 9 31 6 5 10 11 12 20 63 16 13 14,phoneme,db4,usage,31,250,250,0
W-NN,W-NN:k=9,8,,0.068,0.11324519830381641,0 1 3 2 7 15 4 8 9 6 31 5 10 11 12 13 64 63 66 65,0 1 3 2 7 15 4 8 9 6 31 5 10 11 12 13 64 63 66 65,phoneme,db4,energy,32,250,250,0
W-QDA,W-QDA:qda,11,,0.096,0.102269892741332,0 1 3 2 7 15 4 8 9 6 31 5 10 11 12 13 64 63 66 65,0 1 3 2 7 15 4 8 9 6 31 5 10 11 12 13 64 63 66 65,phoneme,db4,energy,32,250,250,0
W-CART,W-CART:cart,24,,0.128,0.15440259416313296,0 1 3 2 7 15 4 8 9 6 31 5 10 11 12 13 64 63 66 65,0 1 3 2 7 15 4 8 9 6 31 5 10 11 12 13 64 63 66 65,phoneme,db4,energy,32,250,250,0
ALL,W-NN:k=9,8,,0.068,0.11324519830381641,0 1 3 2 7 15 4 8 9 6 31 5 10 11 12 13 64 63 66 65,0 1 3 2 7 15 4 8 9 6 31 5 10 11 12 13 64 63 66 65,phoneme,db4,energy,32,250,250,0
W-NN,W-NN:k=9,8,0.5,0.068,0.11324519830381641,0 1 3 7 2 15 4 8 9 31 5 6 10 11 12 64 63 13 65 66,0 1 3 7 2 15 4 8 9 6 31 5 10 11 12 16 13 63 14 17,phoneme,db4,usage,32,250,250,0
W-QDA,W-QDA:qda,22,1.5,0.092,0.11149912696433026,0 1 3 2 7 4 15 6 9 11 5 8 10 12 13 14 16 17 18 19,0 1 3 7 2 15 4 8 9 6 31 5 10 11 12 16 13 63 14 17,phoneme,db4,usage,32,250,250,0
W-CART,W-CART:cart,24,1.0,0.124,0.15639810426540285,0 1 3 7 2 15 4 8 9 6 31 5 10 11 12 16 13 63 14 17,0 1 3 7 2 15 4 8 9 6 31 5 10 11 12 16 13 63 14 17,phoneme,db4,usage,32,250,250,0
ALL,W-NN:k=9,8,0.5,0.068,0.11324519830381641,0 1 3 7 2 15 4 8 9 31 5 6 10 11 12 64 63 13 65 66,0 1 3 7 2 15 4 8 9 6 31 5 10 11 12 16 13 63 14 17,phoneme,db4,usage,32,250,250,0
W-NN,W-NN:k=5,16,,0.076,0.10077326016462958,0 1 3 7 2 15 4 8 9 6 5 31 10 11 12 13 64 63 14 65,0 1 3 7 2 15 4 8 9 6 5 31 10 11 12 13 64 63 14 65,phoneme,db4,energy,33,250,250,0
W-QDA,W-QDA:qda,13,,0.052,0.1015215764529808,0 1 3 7 2 15 4 8 9 6 5 31 10 11 12 13 64 63 14 65,0 1 3 7 2 15 4 8 9 6 5 31 10 11 12 13 64 63 14 65,phoneme,db4,energy,33,250,250,0
W-CART,W-CART:cart,12,,0.12,0.13469693190321777,0 1 3 7 2 15 4 8 9 6 5 31 10 11 12 13 64 63 14 65,0 1 3 7 2 15 4 8 9 6 5 31 10 11 12 13 64 63 14 65,phoneme,db4,energy,33,250,250,0
ALL,W-QDA:qda,13,,0.052,0.1015215764529808,0 1 3 7 2 15 4 8 9 6 5 31 10 11 12 13 64 63 14 65,0 1 3 7 2 15 4 8 9 6 5 31 10 11 12 13 64 63 14 65,phoneme,db4,energy,33,250,250,0
W-NN,W-NN:k=7,45,1.5,0.06,0.09977550511349463,0 1 3 7 2 4 15 6 5 9 31 8 10 11 12 13 14 16 17 18,0 1 3 7 2 15 4 8 9 6 31 5 11 10 12 16 19 21 63 13,phoneme,db4,usage,33,250,250,0
W-QDA,W-QDA:qda,8,1.5,0.048,0.09603392367173859,0 1 3 7 2 4 15 6 5 9 31 8 10 11 12 13 14 16 17 18,0 1 3 7 2 15 4 8 9 6 31 5 11 10 12 16 19 21 63 13,phoneme,db4,usage,33,250,250,0
W-CART,W-CART:cart,10,2.0,0.12,0.13469693190321777,0 1 3 7 2 4 5 6 8 9 10 11 12 13 14 15 16 17 18 19,0 1 3 7 2 15 4 8 9 6 31 5 11 10 12 16 19 21 63 13,phoneme,db4,usage,33,250,250,0
ALL,W-QDA:qda,8,1.5,0.048,0.09603392367173859,0 1 3 7 2 4 15 6 5 9 31 8 10 11 12 13 14 16 17 18,0 1 3 7 2 15 4 8 9 6 31 5 11 10 12 16 19 21 63 13,phoneme,db4,usage,33,250,250,0
W-NN,W-NN:k=15,17,,0.076,0.11499126964330257,0 1 3 2 7 15 4 9 8 6 5 31 10 11 12 63 64 13 14 65,0 1 3 2 7 15 4 9 8 6 5 31 10 11 12 63 64 13 14 65,phoneme,db4,energy,34,250,250,0
W-QDA,W-QDA:qda,19,,0.088,0.12846096283362435,0 1 3 2 7 15 4 9 8 6 5 31 10 11 12 63 64 13 14 65,0 1 3 2 7 15 4 9 8 6 5 31 10 11 12 63 64 13 14 65,phoneme,db4,energy,34,250,250,0
W-CART,W-CART:cart,10,,0.152,0.16213519580942878,0 1 3 2 7 15 4 9 8 6 5 31 10 11 12 63 64 13 14 65,0 1 3 2 7 15 4 9 8 6 5 31 10 11 12 63 64 13 14 65,phoneme,db4,energy,34,250,250,0
ALL,W-NN:k=15,17,,0.076,0.11499126964330257,0 1 3 2 7 15 4 9 8 6 5 31 10 11 12 63 64 13 14 65,0 1 3 2 7 15 4 9 8 6 5 31 10 11 12 63 64 13 14 65,phoneme,db4,energy,34,250,250,0
W-NN,W-NN:k=25,28,1.5,0.072,0.1152407084060863,0 1 3 7 2 15 4 6 9 10 11 5 8 12 13 14 16 17 18 19,0 1 3 7 2 15 4 8 9 6 31 5 10 11 12 16 19 20 13 14,phoneme,db4,usage,34,250,250,0
W-QDA,W-QDA:qda,9,0.5,0.088,0.11199800448989773,0 1 3 7 2 15 31 8 9 4 5 6 10 11 12 13 63 65 64 14,0 1 3 7 2 15 4 8 9 6 31 5 10 11 12 16 19 20 13 14,phoneme,db4,usage,34,250,250,0
W-CART,W-CART:cart,21,0.5,0.144,0.15190820653529558,0 1 3 7 2 15 31 8 9 4 5 6 10 11 12 13 63 65 64 14,0 1 3 7 2 15 4 8 9 6 31 5 10 11 12 16 19 20 13 14,phoneme,db4,usage,34,250,250,0
ALL,W-NN:k=25,28,1.5,0.072,0.1152407084060863,0 1 3 7 2 15 4 6 9 10 11 5 8 12 13 14 16 17 18 19,0 1 3 7 2 15 4 8 9 6 31 5 10 11 12 16 19 20 13 14,phoneme,db4,usage,34,250,250,0
W-NN,W-NN:k=3,12,,0.088,0.09827887253679221,0 1 3 2 7 15 4 9 8 6 31 5 10 11 12 13 64 63 14 65,0 1 3 2 7 15 4 9 8 6 31 5 10 11 12 13 64 63 14 65,phoneme,db4,energy,35,250,250,0
W-QDA,W-QDA:qda,7,,0.096,0.09777999501122474,0 1 3 2 7 15 4 9 8 6 31 5 10 11 12 13 64 63 14 65,0 1 3 2 7 15 4 9 8 6 31 5 10 11 12 13 64 63 14 65,phoneme,db4,energy,35,250,250,0
W-CART,W-CART:cart,14,,0.128,0.1593913694188077,0 1 3 2 7 15 4 9 8 6 31 5 10 11 12 13 64 63 14 65,0 1 3 2 7 15 4 9 8 6 31 5 10 11 12 13 64 63 14 65,phoneme,db4,energy,35,250,250,0
ALL,W-NN:k=3,12,,0.088,0.09827887253679221,0 1 3 2 7 15 4 9 8 6 31 5 10 11 12 13 64 63 14 65,0 1 3 2 7 15 4 9 8 6 31 5 10 11 12 13 64 63 14 65,phoneme,db4,energy,35,250,250,0
W-NN,W-NN:k=5,19,1.0,0.084,0.09777999501122474,0 1 3 7 2 15 4 8 9 6 31 5 12 11 13 10 20 21 65 77,0 1 3 7 2 15 4 8 9 6 31 5 12 11 13 10 20 21 65 77,phoneme,db4,usage,35,250,250,0
W-QDA,W-QDA:qda,7,0.5,0.096,0.09777999501122474,0 1 3 2 7 15 4 31 8 9 6 5 10 11 12 64 66 13 14 63,0 1 3 7 2 15 4 8 9 6 31 5 12 11 13 10 20 21 65 77,phoneme,db4,usage,35,250,250,0
W-CART,W-CART:cart,35,1.0,0.12,0.16537789972561737,0 1 3 7 2 15 4 8 9 6 31 5 12 11 13 10 20 21 65 77,0 1 3 7 2 15 4 8 9 6 31 5 12 11 13 10 20 21 65 77,phoneme,db4,usage,35,250,250,0
ALL,W-NN:k=5,19,1.0,0.084,0.09777999501122474,0 1 3 7 2 15 4 8 9 6 31 5 12 11 13 10 20 21 65 77,0 1 3 7 2 15 4 8 9 6 31 5 12 11 13 10 20 21 65 77,phoneme,db4,usage,35,250,250,0
W-NN,W-NN:k=25,15,,0.1,0.10875530057370915,0 1 3 7 2 15 4 9 8 6 31 5 10 11 12 64 63 13 14 66,0 1 3 7 2 15 4 9 8 6 31 5 10 11 12 64 63 13 14 66,phoneme,db4,energy,36,250,250,0
W-QDA,W-QDA:qda,10,,0.108,0.09977550511349463,0 1 3 7 2 15 4 9 8 6 31 5 10 11 12 64 63 13 14 66,0 1 3 7 2 15 4 9 8 6 31 5 10 11 12 64 63 13 14 66,phoneme,db4,energy,36,250,250,0
W-CART,W-CART:cart,42,,0.16,0.1554003492142679,0 1 3 7 2 15 4 9 8 6 31 5 10 11 12 64 63 13 14 66,0 1 3 7 2 15 4 9 8 6 31 5 10 11 12 64 63 13 14 66,phoneme,db4,energy,36,250,250,0
ALL,W-NN:k=25,15,,0.1,0.10875530057370915,0 1 3 7 2 15 4 9 8 6 31 5 10 11 12 64 63 13 14 66,0 1 3 7 2 15 4 9 8 6 31 5 10 11 12 64 63 13 14 66,phoneme,db4,energy,36,250,250,0
W-NN,W-NN:k=25,15,0.5,0.1,0.10875530057370915,0 1 3 7 2 15 31 4 8 9 5 6 10 11 12 63 64 13 65 66,0 1 3 7 2 15 4 8 9 6 31 5 10 11 19 63 64 12 13 14,phoneme,db4,usage,36,250,250,0
W-QDA,W-QDA:qda,10,1.0,0.108,0.09977550511349463,0 1 3 7 2 15 4 8 9 6 31 5 10 11 19 63 64 12 13 14,0 1 3 7 2 15 4 8 9 6 31 5 10 11 19 63 64 12 13 14,phoneme,db4,usage,36,250,250,0
W-CART,W-CART:cart,25,2.0,0.16,0.17061611374407584,0 1 3 2 7 4 5 6 8 9 10 11 12 13 14 15 16 17 18 19,0 1 3 7 2 15 4 8 9 6 31 5 10 11 19 63 64 12 13 14,phoneme,db4,usage,36,250,250,0
ALL,W-NN:k=25,15,0.5,0.1,0.10875530057370915,0 1 3 7 2 15 31 4 8 9 5 6 10 11 12 63 64 13 65 66,0 1 3 7 2 15 4 8 9 6 31 5 10 11 19 63 64 12 13 14,phoneme,db4,usage,36,250,250,0
W-NN,W-NN:k=9,33,,0.088,0.10351708655525069,0 1 3 2 7 15 4 9 8 6 31 5 10 11 12 13 63 64 14 65,0 1 3 2 7 15 4 9 8 6 31 5 10 11 12 13 63 64 14 65,phoneme,db4,energy,37,250,250,0
W-QDA,W-QDA:qda,12,,0.08,0.09503616862060364,0 1 3 2 7 15 4 9 8 6 31 5 10 11 12 13 63 64 14 65,0 1 3 2 7 15 4 9 8 6 31 5 10 11 12 13 63 64 14 65,phoneme,db4,energy,37,250,250,0
W-CART,W-CART:cart,59,,0.132,0.1424295335495136,0 1 3 2 7 15 4 9 8 6 31 5 10 11 12 13 63 64 14 65,0 1 3 2 7 15 4 9 8 6 31 5 10 11 12 13 63 64 14 65,phoneme,db4,energy,37,250,250,0
ALL,W-QDA:qda,12,,0.08,0.09503616862060364,0 1 3 2 7 15 4 9 8 6 31 5 10 11 12 13 63 64 14 65,0 1 3 2 7 15 4 9 8 6 31 5 10 11 12 13 63 64 14 65,phoneme,db4,energy,37,250,250,0
W-NN,W-NN:k=9,32,0.5,0.088,0.1050137191319531,0 1 3 2 7 15 4 31 9 8 6 5 10 11 12 14 13 65 64 17,0 1 3 7 2 15 4 9 8 31 6 5 10 11 12 20 13 22 25 14,phoneme,db4,usage,37,250,250,0
W-QDA,W-QDA:qda,11,2.0,0.076,0.102269892741332,0 1 3 2 7 4 5 6 8 9 10 11 12 13 14 15 16 17 18 19,0 1 3 7 2 15 4 9 8 31 6 5 10 11 12 20 13 22 25 14,phoneme,db4,usage,37,250,250,0
W-CART,W-CART:cart,33,2.0,0.124,0.14617111499126964,0 1 3 2 7 4 5 6 8 9 10 11 12 13 14 15 16 17 18 19,0 1 3 7 2 15 4 9 8 31 6 5 10 11 12 20 13 22 25 14,phoneme,db4,usage,37,250,250,0
ALL,W-QDA:qda,11,2.0,0.076,0.102269892741332,0 1 3 2 7 4 5 6 8 9 10 11 12 13 14 15 16 17 18 19,0 1 3 7 2 15 4 9 8 31 6 5 10 11 12 20 13 22 25 14,phoneme,db4,usage,37,250,250,0
W-NN,W-NN:k=9,9,,0.1,0.11773509603392367,0 1 3 2 7 15 4 6 9 8 31 5 10 11 12 63 13 64 14 65,0 1 3 2 7 15 4 6 9 8 31 5 10 11 12 63 13 64 14 65,phoneme,db4,energy,38,250,250,0
W-QDA,W-QDA:qda,20,,0.084,0.11124968820154651,0 1 3 2 7 15 4 6 9 8 31 5 10 11 12 63 13 64 14 65,0 1 3 2 7 15 4 6 9 8 31 5 10 11 12 63 13 64 14 65,phoneme,db4,energy,38,250,250,0
W-CART,W-CART:cart,53,,0.124,0.14642055375405338,0 1 3 2 7 15 4 6 9 8 31 5 10 11 12 63 13 64 14 65,0 1 3 2 7 15 4 6 9 8 31 5 10 11 12 63 13 64 14 65,phoneme,db4,energy,38,250,250,0
ALL,W-QDA:qda,20,,0.084,0.11124968820154651,0 1 3 2 7 15 4 6 9 8 31 5 10 11 12 63 13 64 14 65,0 1 3 2 7 15 4 6 9 8 31 5 10 11 12 63 13 64 14 65,phoneme,db4,energy,38,250,250,0
W-NN,W-NN:k=5,14,2.0,0.096,0.12322274881516587,0 1 3 2 7 4 5 6 8 9 10 11 12 13 14 15 16 17 18 19,0 1 3 7 2 15 4 9 8 6 31 5 10 11 13 12 16 17 63 64,phoneme,db4,usage,38,250,250,0
W-QDA,W-QDA:qda,5,3.0,0.092,0.10900473933649289,0 1 3 2 4 5 6 7 8 9 10 11 12 13 14 15 16 17 18 19,0 1 3 7 2 15 4 9 8 6 31 5 10 11 13 12 16 17 63 64,phoneme,db4,usage,38,250,250,0
W-CART,W-CART:cart,9,2.0,0.12,0.14417560488899975,0 1 3 2 7 4 5 6 8 9 10 11 12 13 14 15 16 17 18 19,0 1 3 7 2 15 4 9 8 6 31 5 10 11 13 12 16 17 63 64,phoneme,db4,usage,38,250,250,0
ALL,W-QDA:qda,5,3.0,0.092,0.10900473933649289,0 1 3 2 4 5 6 7 8 9 10 11 12 13 14 15 16 17 18 19,0 1 3 7 2 15 4 9 8 6 31 5 10 11 13 12 16 17 63 64,phoneme,db4,usage,38,250,250,0
W-NN,W-NN:k=7,13,,0.048,0.11299575954103268,0 1 3 2 7 15 4 9 6 8 5 31 11 10 12 64 13 63 14 65,0 1 3 2 7 15 4 9 6 8 5 31 11 10 12 64 13 63 14 65,phoneme,db4,energy,39,250,250,0
W-QDA,W-QDA:qda,10,,0.08,0.10351708655525069,0 1 3 2 7 15 4 9 6 8 5 31 11 10 12 64 13 63 14 65,0 1 3 2 7 15 4 9 6 8 5 31 11 10 12 64 13 63 14 65,phoneme,db4,energy,39,250,250,0
W-CART,W-CART:cart,12,,0.08,0.1471688700424046,0 1 3 2 7 15 4 9 6 8 5 31 11 10 12 64 13 63 14 65,0 1 3 2 7 15 4 9 6 8 5 31 11 10 12 64 13 63 14 65,phoneme,db4,energy,39,250,250,0
ALL,W-NN:k=7,13,,0.048,0.11299575954103268,0 1 3 2 7 15 4 9 6 8 5 31 11 10 12 64 13 63 14 65,0 1 3 2 7 15 4 9 6 8 5 31 11 10 12 64 13 63 14 65,phoneme,db4,energy,39,250,250,0
W-NN,W-NN:k=7,13,0.5,0.048,0.11274632077824893,0 1 3 7 15 2 4 31 8 9 6 5 10 11 12 64 13 63 65 19,0 1 3 7 2 15 4 8 9 6 31 5 11 10 12 21 22 63 66 13,phoneme,db4,usage,39,250,250,0
W-QDA,W-QDA:qda,10,0.5,0.068,0.1050137191319531,0 1 3 7 15 2 4 31 8 9 6 5 10 11 12 64 13 63 65 19,0 1 3 7 2 15 4 8 9 6 31 5 11 10 12 21 22 63 66 13,phoneme,db4,usage,39,250,250,0
W-CART,W-CART:cart,12,0.5,0.084,0.15240708406086306,0 1 3 7 15 2 4 31 8 9 6 5 10 11 12 64 13 63 65 19,0 1 3 7 2 15 4 8 9 6 31 5 11 10 12 21 22 63 66 13,phoneme,db4,usage,39,250,250,0
ALL,W-NN:k=7,13,0.5,0.048,0.11274632077824893,0 1 3 7 15 2 4 31 8 9 6 5 10 11 12 64 13 63 65 19,0 1 3 7 2 15 4 8 9 6 31 5 11 10 12 21 22 63 66 13,phoneme,db4,usage,39,250,250,0
W-NN,W-NN:k=25,28,,0.072,0.10900473933649289,0 1 3 2 7 15 4 9 8 6 31 5 10 11 12 64 63 13 16 14,0 1 3 2 7 15 4 9 8 6 31 5 10 11 12 64 63 13 16 14,phoneme,db4,energy,40,250,250,0
W-QDA,W-QDA:qda,7,,0.096,0.10850586181092542,0 1 3 2 7 15 4 9 8 6 31 5 10 11 12 64 63 13 16 14,0 1 3 2 7 15 4 9 8 6 31 5 10 11 12 64 63 13 16 14,phoneme,db4,energy,40,250,250,0
W-CART,W-CART:cart,10,,0.124,0.1459216762284859,0 1 3 2 7 15 4 9 8 6 31 5 10 11 12 64 63 13 16 14,0 1 3 2 7 15 4 9 8 6 31 5 10 11 12 64 63 13 16 14,phoneme,db4,energy,40,250,250,0
ALL,W-NN:k=25,28,,0.072,0.10900473933649289,0 1 3 2 7 15 4 9 8 6 31 5 10 11 12 64 63 13 16 14,0 1 3 2 7 15 4 9 8 6 31 5 10 11 12 64 63 13 16 14,phoneme,db4,energy,40,250,250,0
W-NN,W-NN:k=25,34,0.5,0.072,0.10875530057370915,0 1 3 2 7 15 4 31 8 9 5 6 10 11 12 64 14 65 13 63,0 1 3 7 2 15 4 8 9 6 31 5 10 11 16 20 29 12 13 14,phoneme,db4,usage,40,250,250,0
W-QDA,W-QDA:qda,21,1.5,0.076,0.12721376901970566,0 1 3 7 2 15 4 9 6 8 11 5 10 12 13 14 16 17 18 19,0 1 3 7 2 15 4 8 9 6 31 5 10 11 16 20 29 12 13 14,phoneme,db4,usage,40,250,250,0
W-CART,W-CART:cart,10,1.0,0.108,0.1431778498378648,0 1 3 7 2 15 4 8 9 6 31 5 10 11 16 20 29 12 13 14,0 1 3 7 2 15 4 8 9 6 31 5 10 11 16 20 29 12 13 14,phoneme,db4,usage,40,250,250,0
ALL,W-NN:k=25,34,0.5,0.072,0.10875530057370915,0 1 3 2 7 15 4 31 8 9 5 6 10 11 12 64 14 65 13 63,0 1 3 7 2 15 4 8 9 6 31 5 10 11 16 20 29 12 13 14,phoneme,db4,usage,40,250,250,0
W-NN,W-NN:k=7,13,,0.084,0.13344973808929908,0 1 3 2 7 15 4 9 8 6 5 31 10 11 12 13 64 63 14 66,0 1 3 2 7 15 4 9 8 6 5 31 10 11 12 13 64 63 14 66,phoneme,db4,energy,41,250,250,0
W-QDA,W-QDA:qda,7,,0.096,0.1172362185083562,0 1 3 2 7 15 4 9 8 6 5 31 10 11 12 13 64 63 14 66,0 1 3 2 7 15 4 9 8 6 5 31 10 11 12 13 64 63 14 66,phoneme,db4,energy,41,250,250,0
W-CART,W-CART:cart,17,,0.092,0.15564978797705165,0 1 3 2 7 15 4 9 8 6 5 31 10 11 12 13 64 63 14 66,0 1 3 2 7 15 4 9 8 6 5 31 10 11 12 13 64 63 14 66,phoneme,db4,energy,41,250,250,0
ALL,W-NN:k=7,13,,0.084,0.13344973808929908,0 1 3 2 7 15 4 9 8 6 5 31 10 11 12 13 64 63 14 66,0 1 3 2 7 15 4 9 8 6 5 31 10 11 12 13 64 63 14 66,phoneme,db4,energy,41,250,250,0
W-NN,W-NN:k=7,11,2.0,0.084,0.13270142180094788,0 1 3 2 7 4 9 5 6 8 10 11 12 13 14 15 16 17 18 19,0 1 3 7 2 15 4 9 8 6 5 31 10 11 12 65 13 14 16 17,phoneme,db4,usage,41,250,250,0
W-QDA,W-QDA:qda,19,2.0,0.072,0.10875530057370915,0 1 3 2 7 4 9 5 6 8 10 11 12 13 14 15 16 17 18 19,0 1 3 7 2 15 4 9 8 6 5 31 10 11 12 65 13 14 16 17,phoneme,db4,usage,41,250,250,0
W-CART,W-CART:cart,17,0.5,0.1,0.16487902220004988,0 1 3 7 2 15 4 9 31 8 5 6 10 11 12 13 64 14 63 19,0 1 3 7 2 15 4 9 8 6 5 31 10 11 12 65 13 14 16 17,phoneme,db4,usage,41,250,250,0
ALL,W-QDA:qda,19,2.0,0.072,0.10875530057370915,0 1 3 2 7 4 9 5 6 8 10 11 12 13 14 15 16 17 18 19,0 1 3 7 2 15 4 9 8 6 5 31 10 11 12 65 13 14 16 17,phoneme,db4,usage,41,250,250,0
W-NN,W-NN:k=15,28,,0.104,0.11124968820154651,0 1 3 2 7 15 4 8 9 6 5 31 10 11 12 63 13 64 14 17,0 1 3 2 7 15 4 8 9 6 5 31 10 11 12 63 13 64 14 17,phoneme,db4,energy,42,250,250,0
W-QDA,W-QDA:qda,26,,0.108,0.13070591169867798,0 1 3 2 7 15 4 8 9 6 5 31 10 11 12 63 13 64 14 17,0 1 3 2 7 15 4 8 9 6 5 31 10 11 12 63 13 64 14 17,phoneme,db4,energy,42,250,250,0
W-CART,W-CART:cart,25,,0.128,0.17909703167872287,0 1 3 2 7 15 4 8 9 6 5 31 10 11 12 63 13 64 14 17,0 1 3 2 7 15 4 8 9 6 5 31 10 11 12 63 13 64 14 17,phoneme,db4,energy,42,250,250,0
ALL,W-NN:k=15,28,,0.104,0.11124968820154651,0 1 3 2 7 15 4 8 9 6 5 31 10 11 12 63 13 64 14 17,0 1 3 2 7 15 4 8 9 6 5 31 10 11 12 63 13 64 14 17,phoneme,db4,energy,42,250,250,0
W-NN,W-NN:k=15,11,3.0,0.104,0.1172362185083562,0 1 3 2 4 5 6 7 8 9 10 11 12 13 14 15 16 17 18 19,0 1 3 7 2 15 4 8 9 6 5 31 10 11 63 12 18 64 254 13,phoneme,db4,usage,42,250,250,0
W-QDA,W-QDA:qda,13,3.0,0.108,0.11549014716887004,0 1 3 2 4 5 6 7 8 9 10 11 12 13 14 15 16 17 18 19,0 1 3 7 2 15 4 8 9 6 5 31 10 11 63 12 18 64 254 13,phoneme,db4,usage,42,250,250,0
W-CART,W-CART:cart,20,1.5,0.12,0.15764529807932154,0 1 3 7 2 15 4 6 5 8 31 9 10 11 12 13 14 16 17 18,0 1 3 7 2 15 4 8 9 6 5 31 10 11 63 12 18 64 254 13,phoneme,db4,usage,42,250,250,0
ALL,W-NN:k=15,11,3.0,0.104,0.1172362185083562,0 1 3 2 4 5 6 7 8 9 10 11 12 13 14 15 16 17 18 19,0 1 3 7 2 15 4 8 9 6 5 31 10 11 63 12 18 64 254 13,phoneme,db4,usage,42,250,250,0
W-NN,W-NN:k=7,54,,0.08,0.10675979047143926,0 1 3 7 2 15 4 9 8 5 31 6 10 11 12 13 64 63 65 17,0 1 3 7 2 15 4 9 8 5 31 6 10 11 12 13 64 63 65 17,phoneme,db4,energy,43,250,250,0
W-QDA,W-QDA:qda,7,,0.096,0.09902718882514343,0 1 3 7 2 15 4 9 8 5 31 6 10 11 12 13 64 63 65 17,0 1 3 7 2 15 4 9 8 5 31 6 10 11 12 13 64 63 65 17,phoneme,db4,energy,43,250,250,0
W-CART,W-CART:cart,40,,0.152,0.1855824395111,0 1 3 7 2 15 4 9 8 5 31 6 10 11 12 13 64 63 65 17,0 1 3 7 2 15 4 9 8 5 31 6 10 11 12 13 64 63 65 17,phoneme,db4,energy,43,250,250,0
ALL,W-NN:k=7,54,,0.08,0.10675979047143926,0 1 3 7 2 15 4 9 8 5 31 6 10 11 12 13 64 63 65 17,0 1 3 7 2 15 4 9 8 5 31 6 10 11 12 13 64 63 65 17,phoneme,db4,energy,43,250,250,0
W-NN,W-NN:k=7,35,1.5,0.076,0.10401596408081816,0 1 3 7 2 4 15 9 6 5 8 10 11 12 13 14 16 17 18 19,0 1 3 7 2 15 4 9 8 31 6 5 10 13 11 12 20 64 14 16,phoneme,db4,usage,43,250,250,0
W-QDA,W-QDA:qda,8,0.5,0.088,0.10725866799700673,0 1 3 7 15 2 4 31 9 8 5 6 10 11 12 13 64 63 66 65,0 1 3 7 2 15 4 9 8 31 6 5 10 13 11 12 20 64 14 16,phoneme,db4,usage,43,250,250,0
W-CART,W-CART:cart,31,2.0,0.14,0.1840858069343976,0 1 3 7 2 4 5 6 8 9 10 11 12 13 14 15 16 17 18 19,0 1 3 7 2 15 4 9 8 31 6 5 10 13 11 12 20 64 14 16,phoneme,db4,usage,43,250,250,0
ALL,W-NN:k=7,35,1.5,0.076,0.10401596408081816,0 1 3 7 2 4 15 9 6 5 8 10 11 12 13 14 16 17 18 19,0 1 3 7 2 15 4 9 8 31 6 5 10 13 11 12 20 64 14 16,phoneme,db4,usage,43,250,250,0
W-NN,W-NN:k=3,13,,0.076,0.09753055624844101,0 1 3 7 2 15 4 9 8 6 31 5 10 11 12 64 63 13 14 17,0 1 3 7 2 15 4 9 8 6 31 5 10 11 12 64 63 13 14 17,phoneme,db4,energy,44,250,250,0
W-QDA,W-QDA:qda,9,,0.072,0.0940384135694687,0 1 3 7 2 15 4 9 8 6 31 5 10 11 12 64 63 13 14 17,0 1 3 7 2 15 4 9 8 6 31 5 10 11 12 64 63 13 14 17,phoneme,db4,energy,44,250,250,0
W-CART,W-CART:cart,9,,0.112,0.12097779995011225,0 1 3 7 2 15 4 9 8 6 31 5 10 11 12 64 63 13 14 17,0 1 3 7 2 15 4 9 8 6 31 5 10 11 12 64 63 13 14 17,phoneme,db4,energy,44,250,250,0
ALL,W-QDA:qda,9,,0.072,0.0940384135694687,0 1 3 7 2 15 4 9 8 6 31 5 10 11 12 64 63 13 14 17,0 1 3 7 2 15 4 9 8 6 31 5 10 11 12 64 63 13 14 17,phoneme,db4,energy,44,250,250,0
W-NN,W-NN:k=7,18,1.0,0.068,0.10002494387627837,0 1 3 7 2 15 4 9 8 6 31 11 5 10 12 63 20 64 66 13,0 1 3 7 2 15 4 9 8 6 31 11 5 10 12 63 20 64 66 13,phoneme,db4,usage,44,250,250,0
W-QDA,W-QDA:qda,9,1.0,0.072,0.0940384135694687,0 1 3 7 2 15 4 9 8 6 31 11 5 10 12 63 20 64 66 13,0 1 3 7 2 15 4 9 8 6 31 11 5 10 12 63 20 64 66 13,phoneme,db4,usage,44,250,250,0
W-CART,W-CART:cart,45,2.0,0.104,0.14766774756797207,0 1 3 7 2 4 9 5 6 8 10 11 12 13 14 15 16 17 18 19,0 1 3 7 2 15 4 9 8 6 31 11 5 10 12 63 20 64 66 13,phoneme,db4,usage,44,250,250,0
ALL,W-NN:k=7,18,1.0,0.068,0.10002494387627837,0 1 3 7 2 15 4 9 8 6 31 11 5 10 12 63 20 64 66 13,0 1 3 7 2 15 4 9 8 6 31 11 5 10 12 63 20 64 66 13,phoneme,db4,usage,44,250,250,0
W-NN,W-NN:k=9,19,,0.104,0.11274632077824893,0 1 3 7 2 15 4 9 8 6 31 5 10 12 11 13 63 64 14 16,0 1 3 7 2 15 4 9 8 6 31 5 10 12 11 13 63 64 14 16,phoneme,db4,energy,45,250,250,0
W-QDA,W-QDA:qda,8,,0.092,0.102269892741332,0 1 3 7 2 15 4 9 8 6 31 5 10 12 11 13 63 64 14 16,0 1 3 7 2 15 4 9 8 6 31 5 10 12 11 13 63 64 14 16,phoneme,db4,energy,45,250,250,0
W-CART,W-CART:cart,20,,0.124,0.12322274881516587,0 1 3 7 2 15 4 9 8 6 31 5 10 12 11 13 63 64 14 16,0 1 3 7 2 15 4 9 8 6 31 5 10 12 11 13 63 64 14 16,phoneme,db4,energy,45,250,250,0
ALL,W-QDA:qda,8,,0.092,0.102269892741332,0 1 3 7 2 15 4 9 8 6 31 5 10 12 11 13 63 64 14 16,0 1 3 7 2 15 4 9 8 6 31 5 10 12 11 13 63 64 14 16,phoneme,db4,energy,45,250,250,0
W-NN,W-NN:k=25,24,2.0,0.096,0.11923172861062609,0 1 3 2 7 4 5 6 8 9 10 11 12 13 14 15 16 17 18 19,0 1 3 7 2 15 4 8 9 6 5 31 12 20 13 19 10 11 21 14,phoneme,db4,usage,45,250,250,0
W-QDA,W-QDA:qda,8,0.5,0.088,0.11598902469443752,0 1 3 7 2 15 4 8 31 9 6 5 10 11 12 64 13 63 16 65,0 1 3 7 2 15 4 8 9 6 5 31 12 20 13 19 10 11 21 14,phoneme,db4,usage,45,250,250,0
W-CART,W-CART:cart,15,1.0,0.128,0.12646545273135446,0 1 3 7 2 15 4 8 9 6 5 31 12 20 13 19 10 11 21 14,0 1 3 7 2 15 4 8 9 6 5 31 12 20 13 19 10 11 21 14,phoneme,db4,usage,45,250,250,0
ALL,W-QDA:qda,8,0.5,0.088,0.11598902469443752,0 1 3 7 2 15 4 8 31 9 6 5 10 11 12 64 13 63 16 65,0 1 3 7 2 15 4 8 9 6 5 31 12 20 13 19 10 11 21 14,phoneme,db4,usage,45,250,250,0
W-NN,W-NN:k=7,25,,0.084,0.10800698428535795,0 1 3 7 2 15 4 9 8 6 31 5 10 11 12 63 64 13 14 65,0 1 3 7 2 15 4 9 8 6 31 5 10 11 12 63 64 13 14 65,phoneme,db4,energy,46,250,250,0
W-QDA,W-QDA:qda,10,,0.096,0.12147667747567972,0 1 3 7 2 15 4 9 8 6 31 5 10 11 12 63 64 13 14 65,0 1 3 7 2 15 4 9 8 6 31 5 10 11 12 63 64 13 14 65,phoneme,db4,energy,46,250,250,0
W-CART,W-CART:cart,48,,0.128,0.158144175604889,0 1 3 7 2 15 4 9 8 6 31 5 10 11 12 63 64 13 14 65,0 1 3 7 2 15 4 9 8 6 31 5 10 11 12 63 64 13 14 65,phoneme,db4,energy,46,250,250,0
ALL,W-NN:k=7,25,,0.084,0.10800698428535795,0 1 3 7 2 15 4 9 8 6 31 5 10 11 12 63 64 13 14 65,0 1 3 7 2 15 4 9 8 6 31 5 10 11 12 63 64 13 14 65,phoneme,db4,energy,46,250,250,0
W-NN,W-NN:k=7,11,3.0,0.084,0.10675979047143926,0 1 3 2 4 5 6 7 8 9 10 11 12 13 14 15 16 17 18 19,0 1 3 7 2 15 4 8 9 6 31 5 10 11 12 19 65 13 14 16,phoneme,db4,usage,46,250,250,0
W-QDA,W-QDA:qda,10,3.0,0.092,0.11324519830381641,0 1 3 2 4 5 6 7 8 9 10 11 12 13 14 15 16 17 18 19,0 1 3 7 2 15 4 8 9 6 31 5 10 11 12 19 65 13 14 16,phoneme,db4,usage,46,250,250,0
W-CART,W-CART:cart,11,3.0,0.12,0.1479171863307558,0 1 3 2 4 5 6 7 8 9 10 11 12 13 14 15 16 17 18 19,0 1 3 7 2 15 4 8 9 6 31 5 10 11 12 19 65 13 14 16,phoneme,db4,usage,46,250,250,0
ALL,W-NN:k=7,11,3.0,0.084,0.10675979047143926,0 1 3 2 4 5 6 7 8 9 10 11 12 13 14 15 16 17 18 19,0 1 3 7 2 15 4 8 9 6 31 5 10 11 12 19 65 13 14 16,phoneme,db4,usage,46,250,250,0
W-NN,W-NN:k=9,29,,0.084,0.0995260663507109,0 1 3 2 7 15 4 8 9 6 5 31 10 11 12 63 13 64 14 17,0 1 3 2 7 15 4 8 9 6 5 31 10 11 12 63 13 64 14 17,phoneme,db4,energy,47,250,250,0
W-QDA,W-QDA:qda,8,,0.068,0.10725866799700673,0 1 3 2 7 15 4 8 9 6 5 31 10 11 12 63 13 64 14 17,0 1 3 2 7 15 4 8 9 6 5 31 10 11 12 63 13 64 14 17,phoneme,db4,energy,47,250,250,0
W-CART,W-CART:cart,56,,0.092,0.13818907458219007,0 1 3 2 7 15 4 8 9 6 5 31 10 11 12 63 13 64 14 17,0 1 3 2 7 15 4 8 9 6 5 31 10 11 12 63 13 64 14 17,phoneme,db4,energy,47,250,250,0
ALL,W-QDA:qda,8,,0.068,0.10725866799700673,0 1 3 2 7 15 4 8 9 6 5 31 10 11 12 63 13 64 14 17,0 1 3 2 7 15 4 8 9 6 5 31 10 11 12 63 13 64 14 17,phoneme,db4,energy,47,250,250,0
W-NN,W-NN:k=9,11,0.5,0.08,0.09802943377400848,0 1 3 7 2 15 4 31 8 9 5 6 10 12 11 63 64 13 14 17,0 1 3 7 2 15 4 8 9 6 31 5 11 12 10 20 13 63 14 16,phoneme,db4,usage,47,250,250,0
W-QDA,W-QDA:qda,8,1.0,0.068,0.10725866799700673,0 1 3 7 2 15 4 8 9 6 31 5 11 12 10 20 13 63 14 16,0 1 3 7 2 15 4 8 9 6 31 5 11 12 10 20 13 63 14 16,phoneme,db4,usage,47,250,250,0
W-CART,W-CART:cart,51,1.0,0.088,0.1431778498378648,0 1 3 7 2 15 4 8 9 6 31 5 11 12 10 20 13 63 14 16,0 1 3 7 2 15 4 8 9 6 31 5 11 12 10 20 13 63 14 16,phoneme,db4,usage,47,250,250,0
ALL,W-QDA:qda,8,1.0,0.068,0.10725866799700673,0 1 3 7 2 15 4 8 9 6 31 5 11 12 10 20 13 63 14 16,0 1 3 7 2 15 4 8 9 6 31 5 11 12 10 20 13 63 14 16,phoneme,db4,usage,47,250,250,0
W-NN,W-NN:k=7,60,,0.124,0.10850586181092542,0 1 3 2 7 15 4 9 8 6 5 31 11 10 12 13 64 63 14 17,0 1 3 2 7 15 4 9 8 6 5 31 11 10 12 13 64 63 14 17,phoneme,db4,energy,48,250,250,0
W-QDA,W-QDA:qda,9,,0.092,0.08605637316038912,0 1 3 2 7 15 4 9 8 6 5 31 11 10 12 13 64 63 14 17,0 1 3 2 7 15 4 9 8 6 5 31 11 10 12 13 64 63 14 17,phoneme,db4,energy,48,250,250,0
W-CART,W-CART:cart,8,,0.164,0.15315540034921427,0 1 3 2 7 15 4 9 8 6 5 31 11 10 12 13 64 63 14 17,0 1 3 2 7 15 4 9 8 6 5 31 11 10 12 13 64 63 14 17,phoneme,db4,energy,48,250,250,0
ALL,W-QDA:qda,9,,0.092,0.08605637316038912,0 1 3 2 7 15 4 9 8 6 5 31 11 10 12 13 64 63 14 17,0 1 3 2 7 15 4 9 8 6 5 31 11 10 12 13 64 63 14 17,phoneme,db4,energy,48,250,250,0
W-NN,W-NN:k=7,38,1.5,0.12,0.10451484160638563,0 1 3 7 2 15 4 6 8 9 5 10 11 12 13 14 16 17 18 19,0 1 3 7 2 15 4 9 8 6 31 5 11 12 13 20 10 16 65 14,phoneme,db4,usage,48,250,250,0
W-QDA,W-QDA:qda,7,3.0,0.088,0.11025193315041157,0 1 3 2 4 5 6 7 8 9 10 11 12 13 14 15 16 17 18 19,0 1 3 7 2 15 4 9 8 6 31 5 11 12 13 20 10 16 65 14,phoneme,db4,usage,48,250,250,0
W-CART,W-CART:cart,64,1.5,0.136,0.15515091045148416,0 1 3 7 2 15 4 6 8 9 5 10 11 12 13 14 16 17 18 19,0 1 3 7 2 15 4 9 8 6 31 5 11 12 13 20 10 16 65 14,phoneme,db4,usage,48,250,250,0
ALL,W-QDA:qda,7,3.0,0.088,0.11025193315041157,0 1 3 2 4 5 6 7 8 9 10 11 12 13 14 15 16 17 18 19,0 1 3 7 2 15 4 9 8 6 31 5 11 12 13 20 10 16 65 14,phoneme,db4,usage,48,250,250,0
W-NN,W-NN:k=5,39,,0.076,0.10202045397854827,0 1 3 2 7 15 4 9 8 6 31 5 10 11 12 64 63 13 14 16,0 1 3 2 7 15 4 9 8 6 31 5 10 11 12 64 63 13 14 16,phoneme,db4,energy,49,250,250,0
W-QDA,W-QDA:qda,9,,0.076,0.09603392367173859,0 1 3 2 7 15 4 9 8 6 31 5 10 11 12 64 63 13 14 16,0 1 3 2 7 15 4 9 8 6 31 5 10 11 12 64 63 13 14 16,phoneme,db4,energy,49,250,250,0
W-CART,W-CART:cart,48,,0.108,0.13818907458219007,0 1 3 2 7 15 4 9 8 6 31 5 10 11 12 64 63 13 14 16,0 1 3 2 7 15 4 9 8 6 31 5 10 11 12 64 63 13 14 16,phoneme,db4,energy,49,250,250,0
ALL,W-QDA:qda,9,,0.076,0.09603392367173859,0 1 3 2 7 15 4 9 8 6 31 5 10 11 12 64 63 13 14 16,0 1 3 2 7 15 4 9 8 6 31 5 10 11 12 64 63 13 14 16,phoneme,db4,energy,49,250,250,0
W-NN,W-NN:k=5,52,0.5,0.076,0.10052382140184585,0 1 3 7 15 2 4 31 8 9 5 6 10 11 12 64 63 13 65 14,0 1 3 7 2 15 4 9 8 5 6 31 11 10 13 16 17 25 41 63,phoneme,db4,usage,49,250,250,0
W-QDA,W-QDA:qda,9,1.0,0.076,0.09603392367173859,0 1 3 7 2 15 4 9 8 5 6 31 11 10 13 16 17 25 41 63,0 1 3 7 2 15 4 9 8 5 6 31 11 10 13 16 17 25 41 63,phoneme,db4,usage,49,250,250,0
W-CART,W-CART:cart,13,1.0,0.112,0.12995759541032675,0 1 3 7 2 15 4 9 8 5 6 31 11 10 13 16 17 25 41 63,0 1 3 7 2 15 4 9 8 5 6 31 11 10 13 16 17 25 41 63,phoneme,db4,usage,49,250,250,0
ALL,W-QDA:qda,9,1.0,0.076,0.09603392367173859,0 1 3 7 2 15 4 9 8 5 6 31 11 10 13 16 17 25 41 63,0 1 3 7 2 15 4 9 8 5 6 31 11 10 13 16 17 25 41 63,phoneme,db4,usage,49,250,250,0
W-NN,W-NN:k=7,12,,0.088,0.1199800448989773,0 1 3 7 2 15 4 9 8 5 31 6 10 11 12 13 63 64 65 14,0 1 3 7 2 15 4 9 8 5 31 6 10 11 12 13 63 64 65 14,phoneme,db4,energy,50,250,250,0
W-QDA,W-QDA:qda,5,,0.104,0.13469693190321777,0 1 3 7 2 15 4 9 8 5 31 6 10 11 12 13 63 64 65 14,0 1 3 7 2 15 4 9 8 5 31 6 10 11 12 13 63 64 65 14,phoneme,db4,energy,50,250,250,0
W-CART,W-CART:cart,14,,0.132,0.17934647044150662,0 1 3 7 2 15 4 9 8 5 31 6 10 11 12 13 63 64 65 14,0 1 3 7 2 15 4 9 8 5 31 6 10 11 12 13 63 64 65 14,phoneme,db4,energy,50,250,250,0
ALL,W-NN:k=7,12,,0.088,0.1199800448989773,0 1 3 7 2 15 4 9 8 5 31 6 10 11 12 13 63 64 65 14,0 1 3 7 2 15 4 9 8 5 31 6 10 11 12 13 63 64 65 14,phoneme,db4,energy,50,250,250,0
W-NN,W-NN:k=7,12,0.5,0.088,0.1199800448989773,0 1 3 7 15 2 4 31 9 8 5 6 10 11 12 63 65 64 13 20,0 1 3 7 2 15 4 9 8 31 5 6 10 12 11 16 19 20 13 14,phoneme,db4,usage,50,250,250,0
W-QDA,W-QDA:qda,4,3.0,0.084,0.13569468695435272,0 1 3 2 4 5 6 7 8 9 10 11 12 13 14 15 16 17 18 19,0 1 3 7 2 15 4 9 8 31 5 6 10 12 11 16 19 20 13 14,phoneme,db4,usage,50,250,250,0
W-CART,W-CART:cart,17,1.0,0.12,0.17360937889748068,0 1 3 7 2 15 4 9 8 31 5 6 10 12 11 16 19 20 13 14,0 1 3 7 2 15 4 9 8 31 5 6 10 12 11 16 19 20 13 14,phoneme,db4,usage,50,250,250,0
ALL,W-QDA:qda,4,3.0,0.084,0.13569468695435272,0 1 3 2 4 5 6 7 8 9 10 11 12 13 14 15 16 17 18 19,0 1 3 7 2 15 4 9 8 31 5 6 10 12 11 16 19 20 13 14,phoneme,db4,usage,50,250,250,0
W-NN,W-NN:k=7,21,,0.076,0.1002743826390621,0 1 3 7 2 15 4 9 8 6 31 5 10 11 12 13 64 63 14 17,0 1 3 7 2 15 4 9 8 6 31 5 10 11 12 13 64 63 14 17,phoneme,db4,energy,51,250,250,0
W-QDA,W-QDA:qda,12,,0.08,0.10551259665752058,0 1 3 7 2 15 4 9 8 6 31 5 10 11 12 13 64 63 14 17,0 1 3 7 2 15 4 9 8 6 31 5 10 11 12 13 64 63 14 17,phoneme,db4,energy,51,250,250,0
W-CART,W-CART:cart,9,,0.156,0.17286106260912945,0 1 3 7 2 15 4 9 8 6 31 5 10 11 12 13 64 63 14 17,0 1 3 7 2 15 4 9 8 6 31 5 10 11 12 13 64 63 14 17,phoneme,db4,energy,51,250,250,0
ALL,W-NN:k=7,21,,0.076,0.1002743826390621,0 1 3 7 2 15 4 9 8 6 31 5 10 11 12 13 64 63 14 17,0 1 3 7 2 15 4 9 8 6 31 5 10 11 12 13 64 63 14 17,phoneme,db4,energy,51,250,250,0
W-NN,W-NN:k=9,9,2.0,0.076,0.09977550511349463,0 1 3 7 2 4 9 15 5 6 8 10 11 12 13 14 16 17 18 19,0 1 3 7 2 15 4 9 8 6 31 5 10 11 64 16 25 63 66 129,phoneme,db4,usage,51,250,250,0
W-QDA,W-QDA:qda,9,2.0,0.072,0.10202045397854827,0 1 3 7 2 4 9 15 5 6 8 10 11 12 13 14 16 17 18 19,0 1 3 7 2 15 4 9 8 6 31 5 10 11 64 16 25 63 66 129,phoneme,db4,usage,51,250,250,0
W-CART,W-CART:cart,6,3.0,0.14,0.16263407333499627,0 1 3 2 4 5 6 7 8 9 10 11 12 13 14 15 16 17 18 19,0 1 3 7 2 15 4 9 8 6 31 5 10 11 64 16 25 63 66 129,phoneme,db4,usage,51,250,250,0
ALL,W-QDA:qda,9,2.0,0.072,0.10202045397854827,0 1 3 7 2 4 9 15 5 6 8 10 11 12 13 14 16 17 18 19,0 1 3 7 2 15 4 9 8 6 31 5 10 11 64 16 25 63 66 129,phoneme,db4,usage,51,250,250,0
W-NN,W-NN:k=5,14,,0.104,0.11374407582938388,0 1 3 2 7 15 4 9 8 6 31 5 11 10 12 13 64 63 17 14,0 1 3 2 7 15 4 9 8 6 31 5 11 10 12 13 64 63 17 14,phoneme,db4,energy,52,250,250,0
W-QDA,W-QDA:qda,9,,0.096,0.09229234222998253,0 1 3 2 7 15 4 9 8 6 31 5 11 10 12 13 64 63 17 14,0 1 3 2 7 15 4 9 8 6 31 5 11 10 12 13 64 63 17 14,phoneme,db4,energy,52,250,250,0
W-CART,W-CART:cart,35,,0.128,0.1479171863307558,0 1 3 2 7 15 4 9 8 6 31 5 11 10 12 13 64 63 17 14,0 1 3 2 7 15 4 9 8 6 31 5 11 10 12 13 64 63 17 14,phoneme,db4,energy,52,250,250,0
ALL,W-QDA:qda,9,,0.096,0.09229234222998253,0 1 3 2 7 15 4 9 8 6 31 5 11 10 12 13 64 63 17 14,0 1 3 2 7 15 4 9 8 6 31 5 11 10 12 13 64 63 17 14,phoneme,db4,energy,52,250,250,0
W-NN,W-NN:k=5,12,2.0,0.104,0.11648790222000499,0 1 3 2 7 4 5 6 8 9 10 11 12 13 14 15 16 17 18 19,0 1 3 7 2 15 4 9 8 6 31 5 10 11 12 13 19 20 63 14,phoneme,db4,usage,52,250,250,0
W-QDA,W-QDA:qda,9,1.0,0.096,0.09229234222998253,0 1 3 7 2 15 4 9 8 6 31 5 10 11 12 13 19 20 63 14,0 1 3 7 2 15 4 9 8 6 31 5 10 11 12 13 19 20 63 14,phoneme,db4,usage,52,250,250,0
W-CART,W-CART:cart,36,0.5,0.128,0.16038912446994263,0 1 3 2 7 15 4 31 8 9 5 6 10 11 12 13 64 17 63 65,0 1 3 7 2 15 4 9 8 6 31 5 10 11 12 13 19 20 63 14,phoneme,db4,usage,52,250,250,0
ALL,W-QDA:qda,9,1.0,0.096,0.09229234222998253,0 1 3 7 2 15 4 9 8 6 31 5 10 11 12 13 19 20 63 14,0 1 3 7 2 15 4 9 8 6 31 5 10 11 12 13 19 20 63 14,phoneme,db4,usage,52,250,250,0
W-NN,W-NN:k=5,48,,0.072,0.1077575455225742,0 1 3 7 2 15 4 8 9 6 5 31 10 11 12 13 63 64 14 17,0 1 3 7 2 15 4 8 9 6 5 31 10 11 12 13 63 64 14 17,phoneme,db4,energy,53,250,250,0
W-QDA,W-QDA:qda,9,,0.084,0.09777999501122474,0 1 3 7 2 15 4 8 9 6 5 31 10 11 12 13 63 64 14 17,0 1 3 7 2 15 4 8 9 6 5 31 10 11 12 13 63 64 14 17,phoneme,db4,energy,53,250,250,0
W-CART,W-CART:cart,39,,0.112,0.15864305313045649,0 1 3 7 2 15 4 8 9 6 5 31 10 11 12 13 63 64 14 17,0 1 3 7 2 15 4 8 9 6 5 31 10 11 12 13 63 64 14 17,phoneme,db4,energy,53,250,250,0
ALL,W-NN:k=5,48,,0.072,0.1077575455225742,0 1 3 7 2 15 4 8 9 6 5 31 10 11 12 13 63 64 14 17,0 1 3 7 2 15 4 8 9 6 5 31 10 11 12 13 63 64 14 17,phoneme,db4,energy,53,250,250,0
W-NN,W-NN:k=5,58,0.5,0.072,0.1077575455225742,0 1 3 7 2 15 4 31 8 9 5 6 11 10 12 64 13 63 17 14,0 1 3 7 2 15 4 8 9 6 5 31 10 12 63 13 16 107 241 11,phoneme,db4,usage,53,250,250,0
W-QDA,W-QDA:qda,11,0.5,0.076,0.09703167872287354,0 1 3 7 2 15 4 31 8 9 5 6 11 10 12 64 13 63 17 14,0 1 3 7 2 15 4 8 9 6 5 31 10 12 63 13 16 107 241 11,phoneme,db4,usage,53,250,250,0
W-CART,W-CART:cart,31,1.5,0.092,0.1588924918932402,0 1 3 7 2 4 15 5 6 8 9 10 11 12 13 14 16 17 18 19,0 1 3 7 2 15 4 8 9 6 5 31 10 12 63 13 16 107 241 11,phoneme,db4,usage,53,250,250,0
ALL,W-NN:k=5,58,0.5,0.072,0.1077575455225742,0 1 3 7 2 15 4 31 8 9 5 6 11 10 12 64 13 63 17 14,0 1 3 7 2 15 4 8 9 6 5 31 10 12 63 13 16 107 241 11,phoneme,db4,usage,53,250,250,0
W-NN,W-NN:k=3,10,,0.084,0.12122723871289598,0 1 3 7 2 15 4 9 6 8 5 31 10 11 12 13 63 64 14 16,0 1 3 7 2 15 4 9 6 8 5 31 10 11 12 13 63 64 14 16,phoneme,db4,energy,54,250,250,0
W-QDA,W-QDA:qda,8,,0.124,0.09129458717884759,0 1 3 7 2 15 4 9 6 8 5 31 10 11 12 13 63 64 14 16,0 1 3 7 2 15 4 9 6 8 5 31 10 11 12 13 63 64 14 16,phoneme,db4,energy,54,250,250,0
W-CART,W-CART:cart,9,,0.152,0.16188575704664504,0 1 3 7 2 15 4 9 6 8 5 31 10 11 12 13 63 64 14 16,0 1 3 7 2 15 4 9 6 8 5 31 10 11 12 13 63 64 14 16,phoneme,db4,energy,54,250,250,0
ALL,W-NN:k=3,10,,0.084,0.12122723871289598,0 1 3 7 2 15 4 9 6 8 5 31 10 11 12 13 63 64 14 16,0 1 3 7 2 15 4 9 6 8 5 31 10 11 12 13 63 64 14 16,phoneme,db4,energy,54,250,250,0
W-NN,W-NN:k=3,10,1.0,0.084,0.12122723871289598,0 1 3 7 2 15 4 8 9 6 5 31 11 13 10 12 20 14 18 19,0 1 3 7 2 15 4 8 9 6 5 31 11 13 10 12 20 14 18 19,phoneme,db4,usage,54,250,250,0
W-QDA,W-QDA:qda,9,1.0,0.1,0.08630581192317287,0 1 3 7 2 15 4 8 9 6 5 31 11 13 10 12 20 14 18 19,0 1 3 7 2 15 4 8 9 6 5 31 11 13 10 12 20 14 18 19,phoneme,db4,usage,54,250,250,0
W-CART,W-CART:cart,8,0.5,0.156,0.16363182838613122,0 1 3 2 7 15 4 9 31 8 5 6 10 11 12 13 63 64 14 17,0 1 3 7 2 15 4 8 9 6 5 31 11 13 10 12 20 14 18 19,phoneme,db4,usage,54,250,250,0
ALL,W-NN:k=3,10,1.0,0.084,0.12122723871289598,0 1 3 7 2 15 4 8 9 6 5 31 11 13 10 12 20 14 18 19,0 1 3 7 2 15 4 8 9 6 5 31 11 13 10 12 20 14 18 19,phoneme,db4,usage,54,250,250,0
W-NN,W-NN:k=15,10,,0.084,0.10301820902968321,0 1 3 2 7 15 4 6 8 9 5 31 10 11 12 13 63 64 65 14,0 1 3 2 7 15 4 6 8 9 5 31 10 11 12 13 63 64 65 14,phoneme,db4,energy,55,250,250,0
W-QDA,W-QDA:qda,14,,0.12,0.10601147418308805,0 1 3 2 7 15 4 6 8 9 5 31 10 11 12 13 63 64 65 14,0 1 3 2 7 15 4 6 8 9 5 31 10 11 12 13 63 64 65 14,phoneme,db4,energy,55,250,250,0
W-CART,W-CART:cart,24,,0.16,0.16512846096283362,0 1 3 2 7 15 4 6 8 9 5 31 10 11 12 13 63 64 65 14,0 1 3 2 7 15 4 6 8 9 5 31 10 11 12 13 63 64 65 14,phoneme,db4,energy,55,250,250,0
ALL,W-NN:k=15,10,,0.084,0.10301820902968321,0 1 3 2 7 15 4 6 8 9 5 31 10 11 12 13 63 64 65 14,0 1 3 2 7 15 4 6 8 9 5 31 10 11 12 13 63 64 65 14,phoneme,db4,energy,55,250,250,0
W-NN,W-NN:k=25,23,1.0,0.08,0.09802943377400848,0 1 3 7 2 15 4 8 9 6 31 5 10 11 12 16 21 63 66 13,0 1 3 7 2 15 4 8 9 6 31 5 10 11 12 16 21 63 66 13,phoneme,db4,usage,55,250,250,0
W-QDA,W-QDA:qda,12,2.0,0.092,0.0995260663507109,0 1 3 2 7 4 9 5 6 8 10 11 12 13 14 15 16 17 18 19,0 1 3 7 2 15 4 8 9 6 31 5 10 11 12 16 21 63 66 13,phoneme,db4,usage,55,250,250,0
W-CART,W-CART:cart,8,2.0,0.128,0.14966325767024197,0 1 3 2 7 4 9 5 6 8 10 11 12 13 14 15 16 17 18 19,0 1 3 7 2 15 4 8 9 6 31 5 10 11 12 16 21 63 66 13,phoneme,db4,usage,55,250,250,0
ALL,W-NN:k=25,23,1.0,0.08,0.09802943377400848,0 1 3 7 2 15 4 8 9 6 31 5 10 11 12 16 21 63 66 13,0 1 3 7 2 15 4 8 9 6 31 5 10 11 12 16 21 63 66 13,phoneme,db4,usage,55,250,250,0
W-NN,W-NN:k=1,28,,0.096,0.13320029932651534,0 1 3 2 7 15 4 8 6 9 5 31 10 11 12 64 63 13 14 17,0 1 3 2 7 15 4 8 6 9 5 31 10 11 12 64 63 13 14 17,phoneme,db4,energy,56,250,250,0
W-QDA,W-QDA:qda,11,,0.088,0.10127213769019705,0 1 3 2 7 15 4 8 6 9 5 31 10 11 12 64 63 13 14 17,0 1 3 2 7 15 4 8 6 9 5 31 10 11 12 64 63 13 14 17,phoneme,db4,energy,56,250,250,0
W-CART,W-CART:cart,27,,0.132,0.13918682963332502,0 1 3 2 7 15 4 8 6 9 5 31 10 11 12 64 63 13 14 17,0 1 3 2 7 15 4 8 6 9 5 31 10 11 12 64 63 13 14 17,phoneme,db4,energy,56,250,250,0
ALL,W-QDA:qda,11,,0.088,0.10127213769019705,0 1 3 2 7 15 4 8 6 9 5 31 10 11 12 64 63 13 14 17,0 1 3 2 7 15 4 8 6 9 5 31 10 11 12 64 63 13 14 17,phoneme,db4,energy,56,250,250,0
W-NN,W-NN:k=1,26,0.5,0.092,0.13469693190321777,0 1 3 7 15 2 4 31 8 9 6 5 10 11 12 64 13 63 65 14,0 1 3 7 2 15 4 8 9 6 5 31 10 11 12 13 20 63 65 14,phoneme,db4,usage,56,250,250,0
W-QDA,W-QDA:qda,9,2.0,0.08,0.09653280119730606,0 1 3 7 2 4 5 6 8 9 10 11 12 13 14 15 16 17 18 19,0 1 3 7 2 15 4 8 9 6 5 31 10 11 12 13 20 63 65 14,phoneme,db4,usage,56,250,250,0
W-CART,W-CART:cart,28,3.0,0.116,0.12571713644300325,0 1 3 2 4 5 6 7 8 9 10 11 12 13 14 15 16 17 18 19,0 1 3 7 2 15 4 8 9 6 5 31 10 11 12 13 20 63 65 14,phoneme,db4,usage,56,250,250,0
ALL,W-QDA:qda,9,2.0,0.08,0.09653280119730606,0 1 3 7 2 4 5 6 8 9 10 11 12 13 14 15 16 17 18 19,0 1 3 7 2 15 4 8 9 6 5 31 10 11 12 13 20 63 65 14,phoneme,db4,usage,56,250,250,0
W-NN,W-NN:k=5,11,,0.096,0.11000249438762784,0 1 3 7 2 15 4 8 9 31 5 6 10 11 12 64 63 13 14 65,0 1 3 7 2 15 4 8 9 31 5 6 10 11 12 64 63 13 14 65,phoneme,db4,energy,57,250,250,0
W-QDA,W-QDA:qda,10,,0.084,0.10825642304814168,0 1 3 7 2 15 4 8 9 31 5 6 10 11 12 64 63 13 14 65,0 1 3 7 2 15 4 8 9 31 5 6 10 11 12 64 63 13 14 65,phoneme,db4,energy,57,250,250,0
W-CART,W-CART:cart,8,,0.14,0.14218009478672985,0 1 3 7 2 15 4 8 9 31 5 6 10 11 12 64 63 13 14 65,0 1 3 7 2 15 4 8 9 31 5 6 10 11 12 64 63 13 14 65,phoneme,db4,energy,57,250,250,0
ALL,W-QDA:qda,10,,0.084,0.10825642304814168,0 1 3 7 2 15 4 8 9 31 5 6 10 11 12 64 63 13 14 65,0 1 3 7 2 15 4 8 9 31 5 6 10 11 12 64 63 13 14 65,phoneme,db4,energy,57,250,250,0
W-NN,W-NN:k=7,9,1.5,0.092,0.10925417809927662,0 1 3 7 2 15 4 9 5 8 6 10 11 12 13 14 16 17 18 19,0 1 3 7 2 15 4 9 8 31 6 5 10 11 14 63 65 254 12 13,phoneme,db4,usage,57,250,250,0
W-QDA,W-QDA:qda,10,0.5,0.084,0.10825642304814168,0 1 3 7 2 15 4 31 9 8 5 6 10 11 12 64 13 63 14 19,0 1 3 7 2 15 4 9 8 31 6 5 10 11 14 63 65 254 12 13,phoneme,db4,usage,57,250,250,0
W-CART,W-CART:cart,9,1.5,0.136,0.15240708406086306,0 1 3 7 2 15 4 9 5 8 6 10 11 12 13 14 16 17 18 19,0 1 3 7 2 15 4 9 8 31 6 5 10 11 14 63 65 254 12 13,phoneme,db4,usage,57,250,250,0
ALL,W-QDA:qda,10,0.5,0.084,0.10825642304814168,0 1 3 7 2 15 4 31 9 8 5 6 10 11 12 64 13 63 14 19,0 1 3 7 2 15 4 9 8 31 6 5 10 11 14 63 65 254 12 13,phoneme,db4,usage,57,250,250,0
W-NN,W-NN:k=5,46,,0.064,0.11424295335495135,0 1 3 2 7 15 4 9 8 6 5 31 11 10 12 63 64 13 14 65,0 1 3 2 7 15 4 9 8 6 5 31 11 10 12 63 64 13 14 65,phoneme,db4,energy,58,250,250,0
W-QDA,W-QDA:qda,16,,0.084,0.11124968820154651,0 1 3 2 7 15 4 9 8 6 5 31 11 10 12 63 64 13 14 65,0 1 3 2 7 15 4 9 8 6 5 31 11 10 12 63 64 13 14 65,phoneme,db4,energy,58,250,250,0
W-CART,W-CART:cart,24,,0.124,0.15789473684210525,0 1 3 2 7 15 4 9 8 6 5 31 11 10 12 63 64 13 14 65,0 1 3 2 7 15 4 9 8 6 5 31 11 10 12 63 64 13 14 65,phoneme,db4,energy,58,250,250,0
ALL,W-NN:k=5,46,,0.064,0.11424295335495135,0 1 3 2 7 15 4 9 8 6 5 31 11 10 12 63 64 13 14 65,0 1 3 2 7 15 4 9 8 6 5 31 11 10 12 63 64 13 14 65,phoneme,db4,energy,58,250,250,0
W-NN,W-NN:k=5,59,0.5,0.064,0.11075081067597904,0 1 3 7 2 15 4 8 31 9 5 6 10 11 12 63 65 13 64 14,0 1 3 7 2 15 4 9 8 6 31 5 10 11 65 12 13 14 16 17,phoneme,db4,usage,58,250,250,0
W-QDA,W-QDA:qda,12,1.5,0.076,0.10950361686206037,0 1 3 7 2 4 15 6 9 5 8 10 11 12 13 14 16 17 18 19,0 1 3 7 2 15 4 9 8 6 31 5 10 11 65 12 13 14 16 17,phoneme,db4,usage,58,250,250,0
W-CART,W-CART:cart,59,0.5,0.108,0.16263407333499627,0 1 3 7 2 15 4 8 31 9 5 6 10 11 12 63 65 13 64 14,0 1 3 7 2 15 4 9 8 6 31 5 10 11 65 12 13 14 16 17,phoneme,db4,usage,58,250,250,0
ALL,W-NN:k=5,59,0.5,0.064,0.11075081067597904,0 1 3 7 2 15 4 8 31 9 5 6 10 11 12 63 65 13 64 14,0 1 3 7 2 15 4 9 8 6 31 5 10 11 65 12 13 14 16 17,phoneme,db4,usage,58,250,250,0
W-NN,W-NN:k=7,8,,0.06,0.11549014716887004,0 1 3 2 7 15 4 9 8 6 5 31 10 11 12 63 64 13 14 65,0 1 3 2 7 15 4 9 8 6 5 31 10 11 12 63 64 13 14 65,phoneme,db4,energy,59,250,250,0
W-QDA,W-QDA:qda,8,,0.068,0.11025193315041157,0 1 3 2 7 15 4 9 8 6 5 31 10 11 12 63 64 13 14 65,0 1 3 2 7 15 4 9 8 6 5 31 10 11 12 63 64 13 14 65,phoneme,db4,energy,59,250,250,0
W-CART,W-CART:cart,19,,0.104,0.12721376901970566,0 1 3 2 7 15 4 9 8 6 5 31 10 11 12 63 64 13 14 65,0 1 3 2 7 15 4 9 8 6 5 31 10 11 12 63 64 13 14 65,phoneme,db4,energy,59,250,250,0
ALL,W-NN:k=7,8,,0.06,0.11549014716887004,0 1 3 2 7 15 4 9 8 6 5 31 10 11 12 63 64 13 14 65,0 1 3 2 7 15 4 9 8 6 5 31 10 11 12 63 64 13 14 65,phoneme,db4,energy,59,250,250,0
W-NN,W-NN:k=7,14,1.0,0.056,0.10825642304814168,0 1 3 7 2 15 4 8 9 31 6 5 10 12 20 64 11 13 17 21,0 1 3 7 2 15 4 8 9 31 6 5 10 12 20 64 11 13 17 21,phoneme,db4,usage,59,250,250,0
W-QDA,W-QDA:qda,8,1.0,0.068,0.11274632077824893,0 1 3 7 2 15 4 8 9 31 6 5 10 12 20 64 11 13 17 21,0 1 3 7 2 15 4 8 9 31 6 5 10 12 20 64 11 13 17 21,phoneme,db4,usage,59,250,250,0
W-CART,W-CART:cart,8,1.0,0.084,0.12721376901970566,0 1 3 7 2 15 4 8 9 31 6 5 10 12 20 64 11 13 17 21,0 1 3 7 2 15 4 8 9 31 6 5 10 12 20 64 11 13 17 21,phoneme,db4,usage,59,250,250,0
ALL,W-NN:k=7,14,1.0,0.056,0.10825642304814168,0 1 3 7 2 15 4 8 9 31 6 5 10 12 20 64 11 13 17 21,0 1 3 7 2 15 4 8 9 31 6 5 10 12 20 64 11 13 17 21,phoneme,db4,usage,59,250,250,0
W-NN,W-NN:k=3,12,,0.08,0.11299575954103268,0 1 3 2 7 15 4 9 8 6 31 5 10 11 12 63 13 64 65 20,0 1 3 2 7 15 4 9 8 6 31 5 10 11 12 63 13 64 65 20,phoneme,db4,energy,60,250,250,0
W-QDA,W-QDA:qda,12,,0.06,0.11174856572711399,0 1 3 2 7 15 4 9 8 6 31 5 10 11 12 63 13 64 65 20,0 1 3 2 7 15 4 9 8 6 31 5 10 11 12 63 13 64 65 20,phoneme,db4,energy,60,250,250,0
W-CART,W-CART:cart,11,,0.108,0.167622848590671,0 1 3 2 7 15 4 9 8 6 31 5 10 11 12 63 13 64 65 20,0 1 3 2 7 15 4 9 8 6 31 5 10 11 12 63 13 64 65 20,phoneme,db4,energy,60,250,250,0
ALL,W-QDA:qda,12,,0.06,0.11174856572711399,0 1 3 2 7 15 4 9 8 6 31 5 10 11 12 63 13 64 65 20,0 1 3 2 7 15 4 9 8 6 31 5 10 11 12 63 13 64 65 20,phoneme,db4,energy,60,250,250,0
W-NN,W-NN:k=5,42,1.5,0.076,0.11274632077824893,0 1 3 7 2 4 15 6 9 31 8 11 5 10 12 13 14 16 17 18,0 1 3 7 2 15 4 9 8 31 6 5 10 11 63 12 20 65 193 13,phoneme,db4,usage,60,250,250,0
W-QDA,W-QDA:qda,9,2.0,0.056,0.10202045397854827,0 1 3 7 2 15 9 4 5 6 8 10 11 12 13 14 16 17 18 19,0 1 3 7 2 15 4 9 8 31 6 5 10 11 63 12 20 65 193 13,phoneme,db4,usage,60,250,250,0
W-CART,W-CART:cart,39,1.5,0.1,0.1608880019955101,0 1 3 7 2 4 15 6 9 31 8 11 5 10 12 13 14 16 17 18,0 1 3 7 2 15 4 9 8 31 6 5 10 11 63 12 20 65 193 13,phoneme,db4,usage,60,250,250,0
ALL,W-QDA:qda,9,2.0,0.056,0.10202045397854827,0 1 3 7 2 15 9 4 5 6 8 10 11 12 13 14 16 17 18 19,0 1 3 7 2 15 4 9 8 31 6 5 10 11 63 12 20 65 193 13,phoneme,db4,usage,60,250,250,0
W-NN,W-NN:k=3,12,,0.084,0.10825642304814168,0 1 3 7 2 15 4 9 8 6 31 5 10 11 12 64 13 63 17 65,0 1 3 7 2 15 4 9 8 6 31 5 10 11 12 64 13 63 17 65,phoneme,db4,energy,61,250,250,0
W-QDA,W-QDA:qda,11,,0.072,0.09827887253679221,0 1 3 7 2 15 4 9 8 6 31 5 10 11 12 64 13 63 17 65,0 1 3 7 2 15 4 9 8 6 31 5 10 11 12 64 13 63 17 65,phoneme,db4,energy,61,250,250,0
W-CART,W-CART:cart,10,,0.14,0.1322025442753804,0 1 3 7 2 15 4 9 8 6 31 5 10 11 12 64 13 63 17 65,0 1 3 7 2 15 4 9 8 6 31 5 10 11 12 64 13 63 17 65,phoneme,db4,energy,61,250,250,0
ALL,W-QDA:qda,11,,0.072,0.09827887253679221,0 1 3 7 2 15 4 9 8 6 31 5 10 11 12 64 13 63 17 65,0 1 3 7 2 15 4 9 8 6 31 5 10 11 12 64 13 63 17 65,phoneme,db4,energy,61,250,250,0
W-NN,W-NN:k=3,12,0.5,0.084,0.10825642304814168,0 1 3 7 2 15 31 4 8 9 5 6 10 11 12 64 13 63 65 17,0 1 3 7 2 15 4 8 9 31 6 5 10 12 19 20 11 21 67 13,phoneme,db4,usage,61,250,250,0
W-QDA,W-QDA:qda,10,0.5,0.072,0.09329009728111748,0 1 3 7 2 15 31 4 8 9 5 6 10 11 12 64 13 63 65 17,0 1 3 7 2 15 4 8 9 31 6 5 10 12 19 20 11 21 67 13,phoneme,db4,usage,61,250,250,0
W-CART,W-CART:cart,41,0.5,0.132,0.1424295335495136,0 1 3 7 2 15 31 4 8 9 5 6 10 11 12 64 13 63 65 17,0 1 3 7 2 15 4 8 9 31 6 5 10 12 19 20 11 21 67 13,phoneme,db4,usage,61,250,250,0
ALL,W-QDA:qda,10,0.5,0.072,0.09329009728111748,0 1 3 7 2 15 31 4 8 9 5 6 10 11 12 64 13 63 65 17,0 1 3 7 2 15 4 8 9 31 6 5 10 12 19 20 11 21 67 13,phoneme,db4,usage,61,250,250,0
W-NN,W-NN:k=9,10,,0.076,0.10950361686206037,0 1 3 2 7 15 4 9 8 6 5 31 10 11 12 13 63 64 14 65,0 1 3 2 7 15 4 9 8 6 5 31 10 11 12 13 63 64 14 65,phoneme,db4,energy,62,250,250,0
W-QDA,W-QDA:qda,7,,0.092,0.10900473933649289,0 1 3 2 7 15 4 9 8 6 5 31 10 11 12 13 63 64 14 65,0 1 3 2 7 15 4 9 8 6 5 31 10 11 12 13 63 64 14 65,phoneme,db4,energy,62,250,250,0
W-CART,W-CART:cart,26,,0.124,0.17011723621850836,0 1 3 2 7 15 4 9 8 6 5 31 10 11 12 13 63 64 14 65,0 1 3 2 7 15 4 9 8 6 5 31 10 11 12 13 63 64 14 65,phoneme,db4,energy,62,250,250,0
ALL,W-NN:k=9,10,,0.076,0.10950361686206037,0 1 3 2 7 15 4 9 8 6 5 31 10 11 12 13 63 64 14 65,0 1 3 2 7 15 4 9 8 6 5 31 10 11 12 13 63 64 14 65,phoneme,db4,energy,62,250,250,0
W-NN,W-NN:k=9,11,1.0,0.072,0.10925417809927662,0 1 3 7 2 15 4 8 9 31 6 5 10 12 13 11 29 65 14 16,0 1 3 7 2 15 4 8 9 31 6 5 10 12 13 11 29 65 14 16,phoneme,db4,usage,62,250,250,0
W-QDA,W-QDA:qda,5,3.0,0.084,0.11075081067597904,0 1 3 2 4 5 6 7 8 9 10 11 12 13 14 15 16 17 18 19,0 1 3 7 2 15 4 8 9 31 6 5 10 12 13 11 29 65 14 16,phoneme,db4,usage,62,250,250,0
W-CART,W-CART:cart,18,1.5,0.12,0.1411823397355949,0 1 3 7 2 15 4 6 9 8 5 10 11 12 13 14 16 17 18 19,0 1 3 7 2 15 4 8 9 31 6 5 10 12 13 11 29 65 14 16,phoneme,db4,usage,62,250,250,0
ALL,W-NN:k=9,11,1.0,0.072,0.10925417809927662,0 1 3 7 2 15 4 8 9 31 6 5 10 12 13 11 29 65 14 16,0 1 3 7 2 15 4 8 9 31 6 5 10 12 13 11 29 65 14 16,phoneme,db4,usage,62,250,250,0
W-NN,W-NN:k=7,37,,0.108,0.11149912696433026,0 1 3 2 7 15 4 9 8 6 31 5 10 11 12 63 13 64 16 17,0 1 3 2 7 15 4 9 8 6 31 5 10 11 12 63 13 64 16 17,phoneme,db4,energy,63,250,250,0
W-QDA,W-QDA:qda,10,,0.112,0.10750810675979047,0 1 3 2 7 15 4 9 8 6 31 5 10 11 12 63 13 64 16 17,0 1 3 2 7 15 4 9 8 6 31 5 10 11 12 63 13 64 16 17,phoneme,db4,energy,63,250,250,0
W-CART,W-CART:cart,37,,0.144,0.1696183586929409,0 1 3 2 7 15 4 9 8 6 31 5 10 11 12 63 13 64 16 17,0 1 3 2 7 15 4 9 8 6 31 5 10 11 12 63 13 64 16 17,phoneme,db4,energy,63,250,250,0
ALL,W-NN:k=7,37,,0.108,0.11149912696433026,0 1 3 2 7 15 4 9 8 6 31 5 10 11 12 63 13 64 16 17,0 1 3 2 7 15 4 9 8 6 31 5 10 11 12 63 13 64 16 17,phoneme,db4,energy,63,250,250,0
W-NN,W-NN:k=7,57,0.5,0.104,0.11100024943876279,0 1 3 7 2 15 4 31 8 9 6 5 10 11 12 63 64 13 16 65,0 1 3 7 2 15 4 8 9 5 31 6 10 12 11 13 19 22 63 64,phoneme,db4,usage,63,250,250,0
W-QDA,W-QDA:qda,7,2.0,0.104,0.1050137191319531,0 1 3 2 7 9 4 5 6 8 10 11 12 13 14 15 16 17 18 19,0 1 3 7 2 15 4 8 9 5 31 6 10 12 11 13 19 22 63 64,phoneme,db4,usage,63,250,250,0
W-CART,W-CART:cart,56,1.0,0.132,0.16712397106510352,0 1 3 7 2 15 4 8 9 5 31 6 10 12 11 13 19 22 63 64,0 1 3 7 2 15 4 8 9 5 31 6 10 12 11 13 19 22 63 64,phoneme,db4,usage,63,250,250,0
ALL,W-QDA:qda,7,2.0,0.104,0.1050137191319531,0 1 3 2 7 9 4 5 6 8 10 11 12 13 14 15 16 17 18 19,0 1 3 7 2 15 4 8 9 5 31 6 10 12 11 13 19 22 63 64,phoneme,db4,usage,63,250,250,0
W-NN,W-NN:k=7,13,,0.076,0.10725866799700673,0 1 3 7 2 15 4 9 8 6 5 31 10 11 12 13 64 63 16 14,0 1 3 7 2 15 4 9 8 6 5 31 10 11 12 13 64 63 16 14,phoneme,db4,energy,64,250,250,0
W-QDA,W-QDA:qda,8,,0.068,0.10251933150411574,0 1 3 7 2 15 4 9 8 6 5 31 10 11 12 13 64 63 16 14,0 1 3 7 2 15 4 9 8 6 5 31 10 11 12 13 64 63 16 14,phoneme,db4,energy,64,250,250,0
W-CART,W-CART:cart,14,,0.128,0.16213519580942878,0 1 3 7 2 15 4 9 8 6 5 31 10 11 12 13 64 63 16 14,0 1 3 7 2 15 4 9 8 6 5 31 10 11 12 13 64 63 16 14,phoneme,db4,energy,64,250,250,0
ALL,W-QDA:qda,8,,0.068,0.10251933150411574,0 1 3 7 2 15 4 9 8 6 5 31 10 11 12 13 64 63 16 14,0 1 3 7 2 15 4 9 8 6 5 31 10 11 12 13 64 63 16 14,phoneme,db4,energy,64,250,250,0
W-NN,W-NN:k=7,19,1.5,0.068,0.10127213769019705,0 1 3 7 2 4 15 6 9 5 8 10 11 12 13 14 16 17 18 19,0 1 3 7 2 15 4 8 9 6 31 5 20 10 11 12 63 64 65 66,phoneme,db4,usage,64,250,250,0
W-QDA,W-QDA:qda,8,2.0,0.068,0.10251933150411574,0 1 3 7 2 4 9 15 5 6 8 10 11 12 13 14 16 17 18 19,0 1 3 7 2 15 4 8 9 6 31 5 20 10 11 12 63 64 65 66,phoneme,db4,usage,64,250,250,0
W-CART,W-CART:cart,56,0.5,0.12,0.15240708406086306,0 1 3 7 15 2 4 31 8 9 5 6 11 10 12 13 64 63 66 14,0 1 3 7 2 15 4 8 9 6 31 5 20 10 11 12 63 64 65 66,phoneme,db4,usage,64,250,250,0
ALL,W-QDA:qda,8,2.0,0.068,0.10251933150411574,0 1 3 7 2 4 9 15 5 6 8 10 11 12 13 14 16 17 18 19,0 1 3 7 2 15 4 8 9 6 31 5 20 10 11 12 63 64 65 66,phoneme,db4,usage,64,250,250,0
W-NN,W-NN:k=15,13,,0.084,0.10526315789473684,0 1 3 7 2 15 4 9 8 31 5 6 10 11 12 64 63 13 14 65,0 1 3 7 2 15 4 9 8 31 5 6 10 11 12 64 63 13 14 65,phoneme,db4,energy,65,250,250,0
W-QDA,W-QDA:qda,11,,0.1,0.11748565727113994,0 1 3 7 2 15 4 9 8 31 5 6 10 11 12 64 63 13 14 65,0 1 3 7 2 15 4 9 8 31 5 6 10 11 12 64 63 13 14 65,phoneme,db4,energy,65,250,250,0
W-CART,W-CART:cart,8,,0.196,0.18034422549264156,0 1 3 7 2 15 4 9 8 31 5 6 10 11 12 64 63 13 14 65,0 1 3 7 2 15 4 9 8 31 5 6 10 11 12 64 63 13 14 65,phoneme,db4,energy,65,250,250,0
ALL,W-NN:k=15,13,,0.084,0.10526315789473684,0 1 3 7 2 15 4 9 8 31 5 6 10 11 12 64 63 13 14 65,0 1 3 7 2 15 4 9 8 31 5 6 10 11 12 64 63 13 14 65,phoneme,db4,energy,65,250,250,0
W-NN,W-NN:k=15,19,1.5,0.08,0.10601147418308805,0 1 3 7 2 4 15 8 9 5 6 31 10 11 12 13 14 16 17 18,0 1 3 7 2 15 4 8 9 31 6 5 10 11 12 20 19 63 64 125,phoneme,db4,usage,65,250,250,0
W-QDA,W-QDA:qda,11,0.5,0.1,0.11748565727113994,0 1 3 7 2 15 4 31 9 8 5 6 10 11 64 12 14 63 13 19,0 1 3 7 2 15 4 8 9 31 6 5 10 11 12 20 19 63 64 125,phoneme,db4,usage,65,250,250,0
W-CART,W-CART:cart,31,2.0,0.156,0.1943127962085308,0 1 3 7 2 15 4 5 6 8 9 10 11 12 13 14 16 17 18 19,0 1 3 7 2 15 4 8 9 31 6 5 10 11 12 20 19 63 64 125,phoneme,db4,usage,65,250,250,0
ALL,W-NN:k=15,19,1.5,0.08,0.10601147418308805,0 1 3 7 2 4 15 8 9 5 6 31 10 11 12 13 14 16 17 18,0 1 3 7 2 15 4 8 9 31 6 5 10 11 12 20 19 63 64 125,phoneme,db4,usage,65,250,250,0
W-NN,W-NN:k=3,10,,0.064,0.10800698428535795,0 1 3 2 7 15 4 9 8 5 31 6 10 11 12 13 64 63 14 17,0 1 3 2 7 15 4 9 8 5 31 6 10 11 12 13 64 63 14 17,phoneme,db4,energy,66,250,250,0
W-QDA,W-QDA:qda,9,,0.064,0.09428785233225243,0 1 3 2 7 15 4 9 8 5 31 6 10 11 12 13 64 63 14 17,0 1 3 2 7 15 4 9 8 5 31 6 10 11 12 13 64 63 14 17,phoneme,db4,energy,66,250,250,0
W-CART,W-CART:cart,14,,0.084,0.13544524819156897,0 1 3 2 7 15 4 9 8 5 31 6 10 11 12 13 64 63 14 17,0 1 3 2 7 15 4 9 8 5 31 6 10 11 12 13 64 63 14 17,phoneme,db4,energy,66,250,250,0
ALL,W-QDA:qda,9,,0.064,0.09428785233225243,0 1 3 2 7 15 4 9 8 5 31 6 10 11 12 13 64 63 14 17,0 1 3 2 7 15 4 9 8 5 31 6 10 11 12 13 64 63 14 17,phoneme,db4,energy,66,250,250,0
W-NN,W-NN:k=25,51,1.5,0.06,0.107009229234223,0 1 3 7 2 15 4 9 5 6 8 10 11 12 13 14 16 17 18 19,0 1 3 7 2 15 4 8 9 5 31 6 10 11 12 20 41 63 100 13,phoneme,db4,usage,66,250,250,0
W-QDA,W-QDA:qda,9,1.0,0.064,0.09428785233225243,0 1 3 7 2 15 4 8 9 5 31 6 10 11 12 20 41 63 100 13,0 1 3 7 2 15 4 8 9 5 31 6 10 11 12 20 41 63 100 13,phoneme,db4,usage,66,250,250,0
W-CART,W-CART:cart,13,1.0,0.084,0.13045647293589424,0 1 3 7 2 15 4 8 9 5 31 6 10 11 12 20 41 63 100 13,0 1 3 7 2 15 4 8 9 5 31 6 10 11 12 20 41 63 100 13,phoneme,db4,usage,66,250,250,0
ALL,W-NN:k=25,51,1.5,0.06,0.107009229234223,0 1 3 7 2 15 4 9 5 6 8 10 11 12 13 14 16 17 18 19,0 1 3 7 2 15 4 8 9 5 31 6 10 11 12 20 41 63 100 13,phoneme,db4,usage,66,250,250,0
W-NN,W-NN:k=9,26,,0.088,0.10177101521576452,0 1 3 2 7 15 4 9 8 6 5 31 10 11 12 64 63 13 65 14,0 1 3 2 7 15 4 9 8 6 5 31 10 11 12 64 63 13 65 14,phoneme,db4,energy,67,250,250,0
W-QDA,W-QDA:qda,14,,0.116,0.1124968820154652,0 1 3 2 7 15 4 9 8 6 5 31 10 11 12 64 63 13 65 14,0 1 3 2 7 15 4 9 8 6 5 31 10 11 12 64 63 13 65 14,phoneme,db4,energy,67,250,250,0
W-CART,W-CART:cart,9,,0.164,0.1691194811673734,0 1 3 2 7 15 4 9 8 6 5 31 10 11 12 64 63 13 65 14,0 1 3 2 7 15 4 9 8 6 5 31 10 11 12 64 63 13 65 14,phoneme,db4,energy,67,250,250,0
ALL,W-NN:k=9,26,,0.088,0.10177101521576452,0 1 3 2 7 15 4 9 8 6 5 31 10 11 12 64 63 13 65 14,0 1 3 2 7 15 4 9 8 6 5 31 10 11 12 64 63 13 65 14,phoneme,db4,energy,67,250,250,0
W-NN,W-NN:k=9,46,1.0,0.084,0.09503616862060364,0 1 3 2 7 15 4 8 6 9 31 5 10 11 12 13 16 18 19 20,0 1 3 2 7 15 4 8 6 9 31 5 10 11 12 13 16 18 19 20,phoneme,db4,usage,67,250,250,0
W-QDA,W-QDA:qda,5,3.0,0.112,0.10576203542030431,0 1 3 2 4 5 6 7 8 9 10 11 12 13 14 15 16 17 18 19,0 1 3 2 7 15 4 8 6 9 31 5 10 11 12 13 16 18 19 20,phoneme,db4,usage,67,250,250,0
W-CART,W-CART:cart,9,0.5,0.152,0.16737340982788726,0 1 3 2 7 15 4 8 31 9 5 6 10 11 12 64 65 14 13 63,0 1 3 2 7 15 4 8 6 9 31 5 10 11 12 13 16 18 19 20,phoneme,db4,usage,67,250,250,0
ALL,W-NN:k=9,46,1.0,0.084,0.09503616862060364,0 1 3 2 7 15 4 8 6 9 31 5 10 11 12 13 16 18 19 20,0 1 3 2 7 15 4 8 6 9 31 5 10 11 12 13 16 18 19 20,phoneme,db4,usage,67,250,250,0
W-NN,W-NN:k=7,15,,0.092,0.10576203542030431,0 1 3 2 7 15 4 9 8 6 5 31 10 11 12 13 63 64 14 17,0 1 3 2 7 15 4 9 8 6 5 31 10 11 12 13 63 64 14 17,phoneme,db4,energy,68,250,250,0
W-QDA,W-QDA:qda,10,,0.08,0.0947867298578199,0 1 3 2 7 15 4 9 8 6 5 31 10 11 12 13 63 64 14 17,0 1 3 2 7 15 4 9 8 6 5 31 10 11 12 13 63 64 14 17,phoneme,db4,energy,68,250,250,0
W-CART,W-CART:cart,63,,0.12,0.15041157395859317,0 1 3 2 7 15 4 9 8 6 5 31 10 11 12 13 63 64 14 17,0 1 3 2 7 15 4 9 8 6 5 31 10 11 12 13 63 64 14 17,phoneme,db4,energy,68,250,250,0
ALL,W-QDA:qda,10,,0.08,0.0947867298578199,0 1 3 2 7 15 4 9 8 6 5 31 10 11 12 13 63 64 14 17,0 1 3 2 7 15 4 9 8 6 5 31 10 11 12 13 63 64 14 17,phoneme,db4,energy,68,250,250,0
W-NN,W-NN:k=7,15,0.5,0.092,0.10576203542030431,0 1 3 7 2 15 4 31 8 9 5 6 10 11 12 13 63 17 19 14,0 1 3 7 2 15 4 9 8 6 31 5 10 11 20 12 13 14 16 17,phoneme,db4,usage,68,250,250,0
W-QDA,W-QDA:qda,10,1.0,0.08,0.0947867298578199,0 1 3 7 2 15 4 9 8 6 31 5 10 11 20 12 13 14 16 17,0 1 3 7 2 15 4 9 8 6 31 5 10 11 20 12 13 14 16 17,phoneme,db4,usage,68,250,250,0
W-CART,W-CART:cart,46,1.0,0.108,0.15190820653529558,0 1 3 7 2 15 4 9 8 6 31 5 10 11 20 12 13 14 16 17,0 1 3 7 2 15 4 9 8 6 31 5 10 11 20 12 13 14 16 17,phoneme,db4,usage,68,250,250,0
ALL,W-QDA:qda,10,1.0,0.08,0.0947867298578199,0 1 3 7 2 15 4 9 8 6 31 5 10 11 20 12 13 14 16 17,0 1 3 7 2 15 4 9 8 6 31 5 10 11 20 12 13 14 16 17,phoneme,db4,usage,68,250,250,0
W-NN,W-NN:k=15,17,,0.104,0.09728111748565726,0 1 3 7 2 15 4 9 8 6 31 5 10 11 12 64 63 13 14 17,0 1 3 7 2 15 4 9 8 6 31 5 10 11 12 64 63 13 14 17,phoneme,db4,energy,69,250,250,0
W-QDA,W-QDA:qda,8,,0.088,0.10551259665752058,0 1 3 7 2 15 4 9 8 6 31 5 10 11 12 64 63 13 14 17,0 1 3 7 2 15 4 9 8 6 31 5 10 11 12 64 63 13 14 17,phoneme,db4,energy,69,250,250,0
W-CART,W-CART:cart,52,,0.152,0.17984534796707408,0 1 3 7 2 15 4 9 8 6 31 5 10 11 12 64 63 13 14 17,0 1 3 7 2 15 4 9 8 6 31 5 10 11 12 64 63 13 14 17,phoneme,db4,energy,69,250,250,0
ALL,W-QDA:qda,8,,0.088,0.10551259665752058,0 1 3 7 2 15 4 9 8 6 31 5 10 11 12 64 63 13 14 17,0 1 3 7 2 15 4 9 8 6 31 5 10 11 12 64 63 13 14 17,phoneme,db4,energy,69,250,250,0
W-NN,W-NN:k=25,60,1.0,0.1,0.10576203542030431,0 1 3 7 2 15 4 8 9 6 5 31 10 11 65 13 19 20 63 12,0 1 3 7 2 15 4 8 9 6 5 31 10 11 65 13 19 20 63 12,phoneme,db4,usage,69,250,250,0
W-QDA,W-QDA:qda,9,0.5,0.088,0.10626091294587178,0 1 3 7 15 2 4 31 9 8 5 6 10 12 11 13 64 63 14 65,0 1 3 7 2 15 4 8 9 6 5 31 10 11 65 13 19 20 63 12,phoneme,db4,usage,69,250,250,0
W-CART,W-CART:cart,10,2.0,0.148,0.15589922673983536,0 1 3 7 2 15 4 5 6 8 9 10 11 12 13 14 16 17 18 19,0 1 3 7 2 15 4 8 9 6 5 31 10 11 65 13 19 20 63 12,phoneme,db4,usage,69,250,250,0
ALL,W-QDA:qda,9,0.5,0.088,0.10626091294587178,0 1 3 7 15 2 4 31 9 8 5 6 10 12 11 13 64 63 14 65,0 1 3 7 2 15 4 8 9 6 5 31 10 11 65 13 19 20 63 12,phoneme,db4,usage,69,250,250,0
W-NN,W-NN:k=5,10,,0.1,0.12446994262908456,0 1 3 2 7 15 4 9 8 6 31 5 10 11 12 63 64 13 14 16,0 1 3 2 7 15 4 9 8 6 31 5 10 11 12 63 64 13 14 16,phoneme,db4,energy,70,250,250,0
W-QDA,W-QDA:qda,9,,0.096,0.09653280119730606,0 1 3 2 7 15 4 9 8 6 31 5 10 11 12 63 64 13 14 16,0 1 3 2 7 15 4 9 8 6 31 5 10 11 12 63 64 13 14 16,phoneme,db4,energy,70,250,250,0
W-CART,W-CART:cart,13,,0.152,0.172362185083562,0 1 3 2 7 15 4 9 8 6 31 5 10 11 12 63 64 13 14 16,0 1 3 2 7 15 4 9 8 6 31 5 10 11 12 63 64 13 14 16,phoneme,db4,energy,70,250,250,0
ALL,W-QDA:qda,9,,0.096,0.09653280119730606,0 1 3 2 7 15 4 9 8 6 31 5 10 11 12 63 64 13 14 16,0 1 3 2 7 15 4 9 8 6 31 5 10 11 12 63 64 13 14 16,phoneme,db4,energy,70,250,250,0
W-NN,W-NN:k=5,10,1.0,0.1,0.12446994262908456,0 1 3 2 7 15 4 9 8 6 31 5 12 11 10 20 16 63 64 66,0 1 3 2 7 15 4 9 8 6 31 5 12 11 10 20 16 63 64 66,phoneme,db4,usage,70,250,250,0
W-QDA,W-QDA:qda,18,1.5,0.092,0.1302070341731105,0 1 3 2 7 4 15 5 8 9 6 10 11 12 13 14 16 17 18 19,0 1 3 2 7 15 4 9 8 6 31 5 12 11 10 20 16 63 64 66,phoneme,db4,usage,70,250,250,0
W-CART,W-CART:cart,12,1.5,0.14,0.17809927662758793,0 1 3 2 7 4 15 5 8 9 6 10 11 12 13 14 16 17 18 19,0 1 3 2 7 15 4 9 8 6 31 5 12 11 10 20 16 63 64 66,phoneme,db4,usage,70,250,250,0
ALL,W-QDA:qda,18,1.5,0.092,0.1302070341731105,0 1 3 2 7 4 15 5 8 9 6 10 11 12 13 14 16 17 18 19,0 1 3 2 7 15 4 9 8 6 31 5 12 11 10 20 16 63 64 66,phoneme,db4,usage,70,250,250,0
W-NN,W-NN:k=9,19,,0.076,0.11224744325268146,0 1 3 2 7 15 4 8 9 6 5 31 10 12 11 63 64 13 17 14,0 1 3 2 7 15 4 8 9 6 5 31 10 12 11 63 64 13 17 14,phoneme,db4,energy,71,250,250,0
W-QDA,W-QDA:qda,8,,0.092,0.11274632077824893,0 1 3 2 7 15 4 8 9 6 5 31 10 12 11 63 64 13 17 14,0 1 3 2 7 15 4 8 9 6 5 31 10 12 11 63 64 13 17 14,phoneme,db4,energy,71,250,250,0
W-CART,W-CART:cart,54,,0.156,0.1908206535295585,0 1 3 2 7 15 4 8 9 6 5 31 10 12 11 63 64 13 17 14,0 1 3 2 7 15 4 8 9 6 5 31 10 12 11 63 64 13 17 14,phoneme,db4,energy,71,250,250,0
ALL,W-NN:k=9,19,,0.076,0.11224744325268146,0 1 3 2 7 15 4 8 9 6 5 31 10 12 11 63 64 13 17 14,0 1 3 2 7 15 4 8 9 6 5 31 10 12 11 63 64 13 17 14,phoneme,db4,energy,71,250,250,0
W-NN,W-NN:k=9,21,0.5,0.076,0.11299575954103268,0 1 3 7 2 15 4 31 8 9 6 5 10 12 11 63 64 13 65 17,0 1 3 7 2 15 4 8 9 6 31 5 12 10 65 11 63 13 14 16,phoneme,db4,usage,71,250,250,0
W-QDA,W-QDA:qda,10,0.5,0.088,0.11124968820154651,0 1 3 7 2 15 4 31 8 9 6 5 10 12 11 63 64 13 65 17,0 1 3 7 2 15 4 8 9 6 31 5 12 10 65 11 63 13 14 16,phoneme,db4,usage,71,250,250,0
W-CART,W-CART:cart,6,2.0,0.152,0.17136443003242705,0 1 3 2 7 4 15 5 6 8 9 10 11 12 13 14 16 17 18 19,0 1 3 7 2 15 4 8 9 6 31 5 12 10 65 11 63 13 14 16,phoneme,db4,usage,71,250,250,0
ALL,W-NN:k=9,21,0.5,0.076,0.11299575954103268,0 1 3 7 2 15 4 31 8 9 6 5 10 12 11 63 64 13 65 17,0 1 3 7 2 15 4 8 9 6 31 5 12 10 65 11 63 13 14 16,phoneme,db4,usage,71,250,250,0
W-NN,W-NN:k=5,8,,0.104,0.1302070341731105,0 1 3 2 7 15 4 9 6 8 5 31 10 11 12 13 64 63 14 65,0 1 3 2 7 15 4 9 6 8 5 31 10 11 12 13 64 63 14 65,phoneme,db4,energy,72,250,250,0
W-QDA,W-QDA:qda,14,,0.1,0.11424295335495135,0 1 3 2 7 15 4 9 6 8 5 31 10 11 12 13 64 63 14 65,0 1 3 2 7 15 4 9 6 8 5 31 10 11 12 13 64 63 14 65,phoneme,db4,energy,72,250,250,0
W-CART,W-CART:cart,11,,0.16,0.14068346221002745,0 1 3 2 7 15 4 9 6 8 5 31 10 11 12 13 64 63 14 65,0 1 3 2 7 15 4 9 6 8 5 31 10 11 12 13 64 63 14 65,phoneme,db4,energy,72,250,250,0
ALL,W-QDA:qda,14,,0.1,0.11424295335495135,0 1 3 2 7 15 4 9 6 8 5 31 10 11 12 13 64 63 14 65,0 1 3 2 7 15 4 9 6 8 5 31 10 11 12 13 64 63 14 65,phoneme,db4,energy,72,250,250,0
W-NN,W-NN:k=5,9,0.5,0.096,0.1219755550012472,0 1 3 7 2 15 4 8 9 31 5 6 10 11 12 64 13 63 65 14,0 1 3 7 2 15 4 8 9 6 31 5 10 12 11 64 20 21 63 129,phoneme,db4,usage,72,250,250,0
W-QDA,W-QDA:qda,11,2.0,0.088,0.10651035170865553,0 1 3 2 7 4 5 6 8 9 10 11 12 13 14 15 16 17 18 19,0 1 3 7 2 15 4 8 9 6 31 5 10 12 11 64 20 21 63 129,phoneme,db4,usage,72,250,250,0
W-CART,W-CART:cart,8,3.0,0.144,0.15315540034921427,0 1 3 2 4 5 6 7 8 9 10 11 12 13 14 15 16 17 18 19,0 1 3 7 2 15 4 8 9 6 31 5 10 12 11 64 20 21 63 129,phoneme,db4,usage,72,250,250,0
ALL,W-QDA:qda,11,2.0,0.088,0.10651035170865553,0 1 3 2 7 4 5 6 8 9 10 11 12 13 14 15 16 17 18 19,0 1 3 7 2 15 4 8 9 6 31 5 10 12 11 64 20 21 63 129,phoneme,db4,usage,72,250,250,0
W-NN,W-NN:k=3,31,,0.056,0.11374407582938388,0 1 3 2 7 15 4 9 8 5 6 31 10 11 12 13 64 14 63 17,0 1 3 2 7 15 4 9 8 5 6 31 10 11 12 13 64 14 63 17,phoneme,db4,energy,73,250,250,0
W-QDA,W-QDA:qda,4,,0.1,0.13619356447992018,0 1 3 2 7 15 4 9 8 5 6 31 10 11 12 13 64 14 63 17,0 1 3 2 7 15 4 9 8 5 6 31 10 11 12 13 64 14 63 17,phoneme,db4,energy,73,250,250,0
W-CART,W-CART:cart,8,,0.1,0.16163631828386132,0 1 3 2 7 15 4 9 8 5 6 31 10 11 12 13 64 14 63 17,0 1 3 2 7 15 4 9 8 5 6 31 10 11 12 13 64 14 63 17,phoneme,db4,energy,73,250,250,0
ALL,W-NN:k=3,31,,0.056,0.11374407582938388,0 1 3 2 7 15 4 9 8 5 6 31 10 11 12 13 64 14 63 17,0 1 3 2 7 15 4 9 8 5 6 31 10 11 12 13 64 14 63 17,phoneme,db4,energy,73,250,250,0
W-NN,W-NN:k=3,37,0.5,0.056,0.11399351459216762,0 1 3 7 2 15 4 31 8 9 5 6 10 12 11 13 63 14 64 17,0 1 3 7 2 15 4 9 8 6 5 31 10 11 12 13 19 20 14 16,phoneme,db4,usage,73,250,250,0
W-QDA,W-QDA:qda,8,2.0,0.084,0.09852831129957595,0 1 3 2 7 4 9 5 6 8 10 11 12 13 14 15 16 17 18 19,0 1 3 7 2 15 4 9 8 6 5 31 10 11 12 13 19 20 14 16,phoneme,db4,usage,73,250,250,0
W-CART,W-CART:cart,11,1.5,0.096,0.1608880019955101,0 1 3 7 2 4 15 6 9 5 11 8 10 12 13 14 16 17 18 19,0 1 3 7 2 15 4 9 8 6 5 31 10 11 12 13 19 20 14 16,phoneme,db4,usage,73,250,250,0
ALL,W-NN:k=3,37,0.5,0.056,0.11399351459216762,0 1 3 7 2 15 4 31 8 9 5 6 10 12 11 13 63 14 64 17,0 1 3 7 2 15 4 9 8 6 5 31 10 11 12 13 19 20 14 16,phoneme,db4,usage,73,250,250,0
W-NN,W-NN:k=7,8,,0.124,0.11100024943876279,0 1 3 2 7 15 4 9 8 6 5 31 10 11 12 64 63 13 14 17,0 1 3 2 7 15 4 9 8 6 5 31 10 11 12 64 63 13 14 17,phoneme,db4,energy,74,250,250,0
W-QDA,W-QDA:qda,10,,0.092,0.09079570965328013,0 1 3 2 7 15 4 9 8 6 5 31 10 11 12 64 63 13 14 17,0 1 3 2 7 15 4 9 8 6 5 31 10 11 12 64 63 13 14 17,phoneme,db4,energy,74,250,250,0
W-CART,W-CART:cart,27,,0.164,0.16612621601396857,0 1 3 2 7 15 4 9 8 6 5 31 10 11 12 64 63 13 14 17,0 1 3 2 7 15 4 9 8 6 5 31 10 11 12 64 63 13 14 17,phoneme,db4,energy,74,250,250,0
ALL,W-QDA:qda,10,,0.092,0.09079570965328013,0 1 3 2 7 15 4 9 8 6 5 31 10 11 12 64 63 13 14 17,0 1 3 2 7 15 4 9 8 6 5 31 10 11 12 64 63 13 14 17,phoneme,db4,energy,74,250,250,0
W-NN,W-NN:k=3,63,0.5,0.12,0.11973060613619356,0 1 3 2 7 15 4 31 8 9 5 6 10 11 12 64 63 13 65 14,0 1 3 7 2 15 4 8 9 6 5 31 10 11 12 18 19 63 65 13,phoneme,db4,usage,74,250,250,0
W-QDA,W-QDA:qda,10,1.0,0.092,0.09079570965328013,0 1 3 7 2 15 4 8 9 6 5 31 10 11 12 18 19 63 65 13,0 1 3 7 2 15 4 8 9 6 5 31 10 11 12 18 19 63 65 13,phoneme,db4,usage,74,250,250,0
W-CART,W-CART:cart,10,1.5,0.136,0.12471938139186829,0 1 3 7 2 4 15 6 5 8 9 10 11 12 13 14 16 17 18 19,0 1 3 7 2 15 4 8 9 6 5 31 10 11 12 18 19 63 65 13,phoneme,db4,usage,74,250,250,0
ALL,W-QDA:qda,10,1.0,0.092,0.09079570965328013,0 1 3 7 2 15 4 8 9 6 5 31 10 11 12 18 19 63 65 13,0 1 3 7 2 15 4 8 9 6 5 31 10 11 12 18 19 63 65 13,phoneme,db4,usage,74,250,250,0
W-NN,W-NN:k=25,8,,0.08,0.11873285108505861,0 1 3 2 7 15 4 9 8 6 5 31 11 10 12 64 63 13 65 16,0 1 3 2 7 15 4 9 8 6 5 31 11 10 12 64 63 13 65 16,phoneme,db4,energy,75,250,250,0
W-QDA,W-QDA:qda,15,,0.072,0.11549014716887004,0 1 3 2 7 15 4 9 8 6 5 31 11 10 12 64 63 13 65 16,0 1 3 2 7 15 4 9 8 6 5 31 11 10 12 64 63 13 65 16,phoneme,db4,energy,75,250,250,0
W-CART,W-CART:cart,9,,0.096,0.14891494138189074,0 1 3 2 7 15 4 9 8 6 5 31 11 10 12 64 63 13 65 16,0 1 3 2 7 15 4 9 8 6 5 31 11 10 12 64 63 13 65 16,phoneme,db4,energy,75,250,250,0
ALL,W-QDA:qda,15,,0.072,0.11549014716887004,0 1 3 2 7 15 4 9 8 6 5 31 11 10 12 64 63 13 65 16,0 1 3 2 7 15 4 9 8 6 5 31 11 10 12 64 63 13 65 16,phoneme,db4,energy,75,250,250,0
W-NN,W-NN:k=3,62,1.0,0.072,0.10651035170865553,0 1 3 7 2 15 4 8 9 31 6 5 11 10 12 18 19 13 14 16,0 1 3 7 2 15 4 8 9 31 6 5 11 10 12 18 19 13 14 16,phoneme,db4,usage,75,250,250,0
W-QDA,W-QDA:qda,15,0.5,0.072,0.11549014716887004,0 1 3 7 2 15 4 8 31 9 6 5 11 10 12 64 65 13 63 14,0 1 3 7 2 15 4 8 9 31 6 5 11 10 12 18 19 13 14 16,phoneme,db4,usage,75,250,250,0
W-CART,W-CART:cart,22,2.0,0.088,0.14342728860064854,0 1 3 2 7 4 9 15 5 6 8 10 11 12 13 14 16 17 18 19,0 1 3 7 2 15 4 8 9 31 6 5 11 10 12 18 19 13 14 16,phoneme,db4,usage,75,250,250,0
ALL,W-QDA:qda,15,0.5,0.072,0.11549014716887004,0 1 3 7 2 15 4 8 31 9 6 5 11 10 12 64 65 13 63 14,0 1 3 7 2 15 4 8 9 31 6 5 11 10 12 18 19 13 14 16,phoneme,db4,usage,75,250,250,0
W-NN,W-NN:k=3,15,,0.092,0.11573958593165377,0 1 3 2 7 15 4 9 8 6 31 5 10 11 12 64 63 13 17 16,0 1 3 2 7 15 4 9 8 6 31 5 10 11 12 64 63 13 17 16,phoneme,db4,energy,76,250,250,0
W-QDA,W-QDA:qda,11,,0.092,0.11000249438762784,0 1 3 2 7 15 4 9 8 6 31 5 10 11 12 64 63 13 17 16,0 1 3 2 7 15 4 9 8 6 31 5 10 11 12 64 63 13 17 16,phoneme,db4,energy,76,250,250,0
W-CART,W-CART:cart,6,,0.18,0.20004988775255675,0 1 3 2 7 15 4 9 8 6 31 5 10 11 12 64 63 13 17 16,0 1 3 2 7 15 4 9 8 6 31 5 10 11 12 64 63 13 17 16,phoneme,db4,energy,76,250,250,0
ALL,W-QDA:qda,11,,0.092,0.11000249438762784,0 1 3 2 7 15 4 9 8 6 31 5 10 11 12 64 63 13 17 16,0 1 3 2 7 15 4 9 8 6 31 5 10 11 12 64 63 13 17 16,phoneme,db4,energy,76,250,250,0
W-NN,W-NN:k=5,9,2.0,0.092,0.10925417809927662,0 1 3 2 7 4 5 6 8 9 10 11 12 13 14 15 16 17 18 19,0 1 3 7 2 15 4 8 9 6 31 5 10 11 20 12 13 16 18 14,phoneme,db4,usage,76,250,250,0
W-QDA,W-QDA:qda,11,0.5,0.092,0.11000249438762784,0 1 3 7 2 15 4 8 31 9 6 5 10 11 12 64 63 23 20 65,0 1 3 7 2 15 4 8 9 6 31 5 10 11 20 12 13 16 18 14,phoneme,db4,usage,76,250,250,0
W-CART,W-CART:cart,11,2.0,0.168,0.12721376901970566,0 1 3 2 7 4 5 6 8 9 10 11 12 13 14 15 16 17 18 19,0 1 3 7 2 15 4 8 9 6 31 5 10 11 20 12 13 16 18 14,phoneme,db4,usage,76,250,250,0
ALL,W-NN:k=5,9,2.0,0.092,0.10925417809927662,0 1 3 2 7 4 5 6 8 9 10 11 12 13 14 15 16 17 18 19,0 1 3 7 2 15 4 8 9 6 31 5 10 11 20 12 13 16 18 14,phoneme,db4,usage,76,250,250,0
W-NN,W-NN:k=25,19,,0.076,0.11648790222000499,0 1 3 2 7 15 4 8 9 6 31 5 10 12 11 63 64 13 17 16,0 1 3 2 7 15 4 8 9 6 31 5 10 12 11 63 64 13 17 16,phoneme,db4,energy,77,250,250,0
W-QDA,W-QDA:qda,9,,0.096,0.09877775006235968,0 1 3 2 7 15 4 8 9 6 31 5 10 12 11 63 64 13 17 16,0 1 3 2 7 15 4 8 9 6 31 5 10 12 11 63 64 13 17 16,phoneme,db4,energy,77,250,250,0
W-CART,W-CART:cart,23,,0.128,0.1471688700424046,0 1 3 2 7 15 4 8 9 6 31 5 10 12 11 63 64 13 17 16,0 1 3 2 7 15 4 8 9 6 31 5 10 12 11 63 64 13 17 16,phoneme,db4,energy,77,250,250,0
ALL,W-NN:k=25,19,,0.076,0.11648790222000499,0 1 3 2 7 15 4 8 9 6 31 5 10 12 11 63 64 13 17 16,0 1 3 2 7 15 4 8 9 6 31 5 10 12 11 63 64 13 17 16,phoneme,db4,energy,77,250,250,0
W-NN,W-NN:k=25,19,0.5,0.076,0.11648790222000499,0 1 3 7 2 15 4 31 8 9 5 6 10 11 12 64 63 13 17 65,0 1 3 7 2 15 4 8 9 6 5 31 10 12 11 13 20 63 14 16,phoneme,db4,usage,77,250,250,0
W-QDA,W-QDA:qda,5,3.0,0.092,0.12022948366176103,0 1 3 2 4 5 6 7 8 9 10 11 12 13 14 15 16 17 18 19,0 1 3 7 2 15 4 8 9 6 5 31 10 12 11 13 20 63 14 16,phoneme,db4,usage,77,250,250,0
W-CART,W-CART:cart,10,0.5,0.124,0.14891494138189074,0 1 3 7 2 15 4 31 8 9 5 6 10 11 12 64 63 13 17 65,0 1 3 7 2 15 4 8 9 6 5 31 10 12 11 13 20 63 14 16,phoneme,db4,usage,77,250,250,0
ALL,W-NN:k=25,19,0.5,0.076,0.11648790222000499,0 1 3 7 2 15 4 31 8 9 5 6 10 11 12 64 63 13 17 65,0 1 3 7 2 15 4 8 9 6 5 31 10 12 11 13 20 63 14 16,phoneme,db4,usage,77,250,250,0
W-NN,W-NN:k=9,31,,0.088,0.11324519830381641,0 1 3 7 2 15 4 8 9 6 5 31 10 11 12 13 63 64 14 65,0 1 3 7 2 15 4 8 9 6 5 31 10 11 12 13 63 64 14 65,phoneme,db4,energy,78,250,250,0
W-QDA,W-QDA:qda,9,,0.08,0.10127213769019705,0 1 3 7 2 15 4 8 9 6 5 31 10 11 12 13 63 64 14 65,0 1 3 7 2 15 4 8 9 6 5 31 10 11 12 13 63 64 14 65,phoneme,db4,energy,78,250,250,0
W-CART,W-CART:cart,49,,0.144,0.17984534796707408,0 1 3 7 2 15 4 8 9 6 5 31 10 11 12 13 63 64 14 65,0 1 3 7 2 15 4 8 9 6 5 31 10 11 12 13 63 64 14 65,phoneme,db4,energy,78,250,250,0
ALL,W-QDA:qda,9,,0.08,0.10127213769019705,0 1 3 7 2 15 4 8 9 6 5 31 10 11 12 13 63 64 14 65,0 1 3 7 2 15 4 8 9 6 5 31 10 11 12 13 63 64 14 65,phoneme,db4,energy,78,250,250,0
W-NN,W-NN:k=25,14,0.5,0.092,0.11823397355949114,0 1 3 7 2 15 4 31 8 9 5 6 10 11 12 13 63 65 14 64,0 1 3 7 2 15 4 8 9 6 31 5 10 11 20 12 14 16 22 65,phoneme,db4,usage,78,250,250,0
W-QDA,W-QDA:qda,9,1.0,0.08,0.10127213769019705,0 1 3 7 2 15 4 8 9 6 31 5 10 11 20 12 14 16 22 65,0 1 3 7 2 15 4 8 9 6 31 5 10 11 20 12 14 16 22 65,phoneme,db4,usage,78,250,250,0
W-CART,W-CART:cart,25,2.0,0.156,0.19855325517585432,0 1 3 7 2 4 5 6 8 9 10 11 12 13 14 15 16 17 18 19,0 1 3 7 2 15 4 8 9 6 31 5 10 11 20 12 14 16 22 65,phoneme,db4,usage,78,250,250,0
ALL,W-QDA:qda,9,1.0,0.08,0.10127213769019705,0 1 3 7 2 15 4 8 9 6 31 5 10 11 20 12 14 16 22 65,0 1 3 7 2 15 4 8 9 6 31 5 10 11 20 12 14 16 22 65,phoneme,db4,usage,78,250,250,0
W-NN,W-NN:k=3,17,,0.076,0.09777999501122474,0 1 3 7 2 15 4 9 8 31 6 5 11 10 12 13 63 64 14 17,0 1 3 7 2 15 4 9 8 31 6 5 11 10 12 13 63 64 14 17,phoneme,db4,energy,79,250,250,0
W-QDA,W-QDA:qda,8,,0.08,0.10276877026689947,0 1 3 7 2 15 4 9 8 31 6 5 11 10 12 13 63 64 14 17,0 1 3 7 2 15 4 9 8 31 6 5 11 10 12 13 63 64 14 17,phoneme,db4,energy,79,250,250,0
W-CART,W-CART:cart,12,,0.14,0.1444250436517835,0 1 3 7 2 15 4 9 8 31 6 5 11 10 12 13 63 64 14 17,0 1 3 7 2 15 4 9 8 31 6 5 11 10 12 13 63 64 14 17,phoneme,db4,energy,79,250,250,0
ALL,W-NN:k=3,17,,0.076,0.09777999501122474,0 1 3 7 2 15 4 9 8 31 6 5 11 10 12 13 63 64 14 17,0 1 3 7 2 15 4 9 8 31 6 5 11 10 12 13 63 64 14 17,phoneme,db4,energy,79,250,250,0
W-NN,W-NN:k=3,17,0.5,0.076,0.09777999501122474,0 1 3 7 2 15 4 31 8 9 5 6 10 11 12 63 13 64 65 17,0 1 3 7 2 15 4 9 8 31 6 5 10 12 11 13 14 19 20 63,phoneme,db4,usage,79,250,250,0
W-QDA,W-QDA:qda,9,0.5,0.072,0.1015215764529808,0 1 3 7 2 15 4 31 8 9 5 6 10 11 12 63 13 64 65 17,0 1 3 7 2 15 4 9 8 31 6 5 10 12 11 13 14 19 20 63,phoneme,db4,usage,79,250,250,0
W-CART,W-CART:cart,9,3.0,0.136,0.14143177849837865,0 1 3 2 4 5 6 7 8 9 10 11 12 13 14 15 16 17 18 19,0 1 3 7 2 15 4 9 8 31 6 5 10 12 11 13 14 19 20 63,phoneme,db4,usage,79,250,250,0
ALL,W-QDA:qda,9,0.5,0.072,0.1015215764529808,0 1 3 7 2 15 4 31 8 9 5 6 10 11 12 63 13 64 65 17,0 1 3 7 2 15 4 9 8 31 6 5 10 12 11 13 14 19 20 63,phoneme,db4,usage,79,250,250,0
W-NN,W-NN:k=5,45,,0.112,0.11274632077824893,0 1 3 2 7 15 4 9 8 6 31 5 10 11 12 13 64 63 14 65,0 1 3 2 7 15 4 9 8 6 31 5 10 11 12 13 64 63 14 65,phoneme,db4,energy,80,250,250,0
W-QDA,W-QDA:qda,9,,0.084,0.10251933150411574,0 1 3 2 7 15 4 9 8 6 31 5 10 11 12 13 64 63 14 65,0 1 3 2 7 15 4 9 8 6 31 5 10 11 12 13 64 63 14 65,phoneme,db4,energy,80,250,250,0
W-CART,W-CART:cart,7,,0.14,0.172362185083562,0 1 3 2 7 15 4 9 8 6 31 5 10 11 12 13 64 63 14 65,0 1 3 2 7 15 4 9 8 6 31 5 10 11 12 13 64 63 14 65,phoneme,db4,energy,80,250,250,0
ALL,W-QDA:qda,9,,0.084,0.10251933150411574,0 1 3 2 7 15 4 9 8 6 31 5 10 11 12 13 64 63 14 65,0 1 3 2 7 15 4 9 8 6 31 5 10 11 12 13 64 63 14 65,phoneme,db4,energy,80,250,250,0
W-NN,W-NN:k=5,29,1.5,0.112,0.11549014716887004,0 1 3 7 2 15 4 6 9 5 31 8 10 11 12 13 14 16 17 18,0 1 3 7 2 15 4 9 8 31 6 5 10 12 11 13 65 14 16 17,phoneme,db4,usage,80,250,250,0
W-QDA,W-QDA:qda,9,1.0,0.084,0.10251933150411574,0 1 3 7 2 15 4 9 8 31 6 5 10 12 11 13 65 14 16 17,0 1 3 7 2 15 4 9 8 31 6 5 10 12 11 13 65 14 16 17,phoneme,db4,usage,80,250,250,0
W-CART,W-CART:cart,43,1.0,0.124,0.15490147168870042,0 1 3 7 2 15 4 9 8 31 6 5 10 12 11 13 65 14 16 17,0 1 3 7 2 15 4 9 8 31 6 5 10 12 11 13 65 14 16 17,phoneme,db4,usage,80,250,250,0
ALL,W-QDA:qda,9,1.0,0.084,0.10251933150411574,0 1 3 7 2 15 4 9 8 31 6 5 10 12 11 13 65 14 16 17,0 1 3 7 2 15 4 9 8 31 6 5 10 12 11 13 65 14 16 17,phoneme,db4,usage,80,250,250,0
W-NN,W-NN:k=1,43,,0.088,0.11399351459216762,0 1 3 2 7 15 4 9 8 5 6 31 10 11 12 63 13 64 14 65,0 1 3 2 7 15 4 9 8 5 6 31 10 11 12 63 13 64 14 65,phoneme,db4,energy,81,250,250,0
W-QDA,W-QDA:qda,12,,0.08,0.09353953604390122,0 1 3 2 7 15 4 9 8 5 6 31 10 11 12 63 13 64 14 65,0 1 3 2 7 15 4 9 8 5 6 31 10 11 12 63 13 64 14 65,phoneme,db4,energy,81,250,250,0
W-CART,W-CART:cart,13,,0.128,0.16537789972561737,0 1 3 2 7 15 4 9 8 5 6 31 10 11 12 63 13 64 14 65,0 1 3 2 7 15 4 9 8 5 6 31 10 11 12 63 13 64 14 65,phoneme,db4,energy,81,250,250,0
ALL,W-QDA:qda,12,,0.08,0.09353953604390122,0 1 3 2 7 15 4 9 8 5 6 31 10 11 12 63 13 64 14 65,0 1 3 2 7 15 4 9 8 5 6 31 10 11 12 63 13 64 14 65,phoneme,db4,energy,81,250,250,0
W-NN,W-NN:k=1,39,0.5,0.084,0.11075081067597904,0 1 3 2 7 15 4 31 8 9 5 6 10 11 12 63 13 65 64 14,0 1 3 7 2 15 4 9 8 5 6 31 10 13 65 11 12 14 16 17,phoneme,db4,usage,81,250,250,0
W-QDA,W-QDA:qda,12,0.5,0.08,0.09353953604390122,0 1 3 2 7 15 4 31 8 9 5 6 10 11 12 63 13 65 64 14,0 1 3 7 2 15 4 9 8 5 6 31 10 13 65 11 12 14 16 17,phoneme,db4,usage,81,250,250,0
W-CART,W-CART:cart,11,0.5,0.128,0.16462958343726616,0 1 3 2 7 15 4 31 8 9 5 6 10 11 12 63 13 65 64 14,0 1 3 7 2 15 4 9 8 5 6 31 10 13 65 11 12 14 16 17,phoneme,db4,usage,81,250,250,0
ALL,W-QDA:qda,12,0.5,0.08,0.09353953604390122,0 1 3 2 7 15 4 31 8 9 5 6 10 11 12 63 13 65 64 14,0 1 3 7 2 15 4 9 8 5 6 31 10 13 65 11 12 14 16 17,phoneme,db4,usage,81,250,250,0
W-NN,W-NN:k=5,9,,0.1,0.11598902469443752,0 1 3 2 7 15 4 8 9 6 5 31 10 11 12 64 63 13 65 14,0 1 3 2 7 15 4 8 9 6 5 31 10 11 12 64 63 13 65 14,phoneme,db4,energy,82,250,250,0
W-QDA,W-QDA:qda,8,,0.088,0.10476428036916936,0 1 3 2 7 15 4 8 9 6 5 31 10 11 12 64 63 13 65 14,0 1 3 2 7 15 4 8 9 6 5 31 10 11 12 64 63 13 65 14,phoneme,db4,energy,82,250,250,0
W-CART,W-CART:cart,10,,0.132,0.15589922673983536,0 1 3 2 7 15 4 8 9 6 5 31 10 11 12 64 63 13 65 14,0 1 3 2 7 15 4 8 9 6 5 31 10 11 12 64 63 13 65 14,phoneme,db4,energy,82,250,250,0
ALL,W-QDA:qda,8,,0.088,0.10476428036916936,0 1 3 2 7 15 4 8 9 6 5 31 10 11 12 64 63 13 65 14,0 1 3 2 7 15 4 8 9 6 5 31 10 11 12 64 63 13 65 14,phoneme,db4,energy,82,250,250,0
W-NN,W-NN:k=5,8,1.5,0.092,0.12222499376403093,0 1 3 7 2 4 15 9 6 8 31 5 10 11 12 13 14 16 17 18,0 1 3 7 2 15 4 8 9 31 6 5 10 11 12 64 129 13 14 16,phoneme,db4,usage,82,250,250,0
W-QDA,W-QDA:qda,19,2.0,0.084,0.12995759541032675,0 1 3 2 7 4 5 6 8 9 10 11 12 13 14 15 16 17 18 19,0 1 3 7 2 15 4 8 9 31 6 5 10 11 12 64 129 13 14 16,phoneme,db4,usage,82,250,250,0
W-CART,W-CART:cart,11,2.0,0.136,0.15290596158643052,0 1 3 2 7 4 5 6 8 9 10 11 12 13 14 15 16 17 18 19,0 1 3 7 2 15 4 8 9 31 6 5 10 11 12 64 129 13 14 16,phoneme,db4,usage,82,250,250,0
ALL,W-QDA:qda,19,2.0,0.084,0.12995759541032675,0 1 3 2 7 4 5 6 8 9 10 11 12 13 14 15 16 17 18 19,0 1 3 7 2 15 4 8 9 31 6 5 10 11 12 64 129 13 14 16,phoneme,db4,usage,82,250,250,0
W-NN,W-NN:k=3,40,,0.1,0.10376652531803442,0 1 3 2 7 15 4 9 8 5 6 31 11 10 12 13 63 64 14 65,0 1 3 2 7 15 4 9 8 5 6 31 11 10 12 13 63 64 14 65,phoneme,db4,energy,83,250,250,0
W-QDA,W-QDA:qda,8,,0.112,0.09254178099276628,0 1 3 2 7 15 4 9 8 5 6 31 11 10 12 13 63 64 14 65,0 1 3 2 7 15 4 9 8 5 6 31 11 10 12 13 63 64 14 65,phoneme,db4,energy,83,250,250,0
W-CART,W-CART:cart,40,,0.168,0.17136443003242705,0 1 3 2 7 15 4 9 8 5 6 31 11 10 12 13 63 64 14 65,0 1 3 2 7 15 4 9 8 5 6 31 11 10 12 13 63 64 14 65,phoneme,db4,energy,83,250,250,0
ALL,W-NN:k=3,40,,0.1,0.10376652531803442,0 1 3 2 7 15 4 9 8 5 6 31 11 10 12 13 63 64 14 65,0 1 3 2 7 15 4 9 8 5 6 31 11 10 12 13 63 64 14 65,phoneme,db4,energy,83,250,250,0
W-NN,W-NN:k=5,11,0.5,0.1,0.09728111748565726,0 1 3 7 2 15 4 31 8 9 5 6 10 11 12 13 14 64 63 65,0 1 3 7 2 15 4 9 8 31 6 5 10 11 19 12 64 107 129 13,phoneme,db4,usage,83,250,250,0
W-QDA,W-QDA:qda,10,2.0,0.108,0.09229234222998253,0 1 3 2 7 5 4 6 8 9 10 11 12 13 14 15 16 17 18 19,0 1 3 7 2 15 4 9 8 31 6 5 10 11 19 12 64 107 129 13,phoneme,db4,usage,83,250,250,0
W-CART,W-CART:cart,14,3.0,0.144,0.1416812172611624,0 1 3 2 4 5 6 7 8 9 10 11 12 13 14 15 16 17 18 19,0 1 3 7 2 15 4 9 8 31 6 5 10 11 19 12 64 107 129 13,phoneme,db4,usage,83,250,250,0
ALL,W-NN:k=5,11,0.5,0.1,0.09728111748565726,0 1 3 7 2 15 4 31 8 9 5 6 10 11 12 13 14 64 63 65,0 1 3 7 2 15 4 9 8 31 6 5 10 11 19 12 64 107 129 13,phoneme,db4,usage,83,250,250,0
W-NN,W-NN:k=3,21,,0.068,0.11499126964330257,0 1 3 7 2 15 4 9 8 6 5 31 10 11 12 13 63 64 14 17,0 1 3 7 2 15 4 9 8 6 5 31 10 11 12 13 63 64 14 17,phoneme,db4,energy,84,250,250,0
W-QDA,W-QDA:qda,9,,0.084,0.11199800448989773,0 1 3 7 2 15 4 9 8 6 5 31 10 11 12 13 63 64 14 17,0 1 3 7 2 15 4 9 8 6 5 31 10 11 12 13 63 64 14 17,phoneme,db4,energy,84,250,250,0
W-CART,W-CART:cart,33,,0.084,0.13744075829383887,0 1 3 7 2 15 4 9 8 6 5 31 10 11 12 13 63 64 14 17,0 1 3 7 2 15 4 9 8 6 5 31 10 11 12 13 63 64 14 17,phoneme,db4,energy,84,250,250,0
ALL,W-NN:k=3,21,,0.068,0.11499126964330257,0 1 3 7 2 15 4 9 8 6 5 31 10 11 12 13 63 64 14 17,0 1 3 7 2 15 4 9 8 6 5 31 10 11 12 13 63 64 14 17,phoneme,db4,energy,84,250,250,0
W-NN,W-NN:k=3,24,1.0,0.068,0.11274632077824893,0 1 3 7 2 15 4 9 8 6 5 31 10 12 20 11 13 19 22 63,0 1 3 7 2 15 4 9 8 6 5 31 10 12 20 11 13 19 22 63,phoneme,db4,usage,84,250,250,0
W-QDA,W-QDA:qda,9,1.0,0.084,0.11199800448989773,0 1 3 7 2 15 4 9 8 6 5 31 10 12 20 11 13 19 22 63,0 1 3 7 2 15 4 9 8 6 5 31 10 12 20 11 13 19 22 63,phoneme,db4,usage,84,250,250,0
W-CART,W-CART:cart,28,1.5,0.092,0.1404340234472437,0 1 3 7 2 4 15 9 5 6 10 8 11 12 13 14 16 17 18 19,0 1 3 7 2 15 4 9 8 6 5 31 10 12 20 11 13 19 22 63,phoneme,db4,usage,84,250,250,0
ALL,W-NN:k=3,24,1.0,0.068,0.11274632077824893,0 1 3 7 2 15 4 9 8 6 5 31 10 12 20 11 13 19 22 63,0 1 3 7 2 15 4 9 8 6 5 31 10 12 20 11 13 19 22 63,phoneme,db4,usage,84,250,250,0
W-NN,W-NN:k=25,42,,0.096,0.11474183088051883,0 1 3 2 7 15 4 8 9 6 5 31 10 11 12 13 63 64 14 16,0 1 3 2 7 15 4 8 9 6 5 31 10 11 12 13 63 64 14 16,phoneme,db4,energy,85,250,250,0
W-QDA,W-QDA:qda,23,,0.1,0.15115989024694437,0 1 3 2 7 15 4 8 9 6 5 31 10 11 12 13 63 64 14 16,0 1 3 2 7 15 4 8 9 6 5 31 10 11 12 13 63 64 14 16,phoneme,db4,energy,85,250,250,0
W-CART,W-CART:cart,10,,0.14,0.1683711648790222,0 1 3 2 7 15 4 8 9 6 5 31 10 11 12 13 63 64 14 16,0 1 3 2 7 15 4 8 9 6 5 31 10 11 12 13 63 64 14 16,phoneme,db4,energy,85,250,250,0
ALL,W-NN:k=25,42,,0.096,0.11474183088051883,0 1 3 2 7 15 4 8 9 6 5 31 10 11 12 13 63 64 14 16,0 1 3 2 7 15 4 8 9 6 5 31 10 11 12 13 63 64 14 16,phoneme,db4,energy,85,250,250,0
W-NN,W-NN:k=25,14,1.5,0.096,0.11224744325268146,0 1 3 7 2 15 4 6 5 8 9 10 20 11 12 13 14 16 17 18,0 1 3 7 2 15 4 9 8 6 31 5 10 11 12 20 13 63 64 65,phoneme,db4,usage,85,250,250,0
W-QDA,W-QDA:qda,7,2.0,0.076,0.11349463706660015,0 1 3 2 7 4 5 15 6 8 9 10 11 12 13 14 16 17 18 19,0 1 3 7 2 15 4 9 8 6 31 5 10 11 12 20 13 63 64 65,phoneme,db4,usage,85,250,250,0
W-CART,W-CART:cart,11,1.0,0.132,0.16163631828386132,0 1 3 7 2 15 4 9 8 6 31 5 10 11 12 20 13 63 64 65,0 1 3 7 2 15 4 9 8 6 31 5 10 11 12 20 13 63 64 65,phoneme,db4,usage,85,250,250,0
ALL,W-QDA:qda,7,2.0,0.076,0.11349463706660015,0 1 3 2 7 4 5 15 6 8 9 10 11 12 13 14 16 17 18 19,0 1 3 7 2 15 4 9 8 6 31 5 10 11 12 20 13 63 64 65,phoneme,db4,usage,85,250,250,0
W-NN,W-NN:k=25,19,,0.084,0.11124968820154651,0 1 3 2 7 15 4 9 8 6 31 5 10 11 12 63 13 64 14 17,0 1 3 2 7 15 4 9 8 6 31 5 10 11 12 63 13 64 14 17,phoneme,db4,energy,86,250,250,0
W-QDA,W-QDA:qda,12,,0.1,0.09728111748565726,0 1 3 2 7 15 4 9 8 6 31 5 10 11 12 63 13 64 14 17,0 1 3 2 7 15 4 9 8 6 31 5 10 11 12 63 13 64 14 17,phoneme,db4,energy,86,250,250,0
W-CART,W-CART:cart,63,,0.128,0.1444250436517835,0 1 3 2 7 15 4 9 8 6 31 5 10 11 12 63 13 64 14 17,0 1 3 2 7 15 4 9 8 6 31 5 10 11 12 63 13 64 14 17,phoneme,db4,energy,86,250,250,0
ALL,W-NN:k=25,19,,0.084,0.11124968820154651,0 1 3 2 7 15 4 9 8 6 31 5 10 11 12 63 13 64 14 17,0 1 3 2 7 15 4 9 8 6 31 5 10 11 12 63 13 64 14 17,phoneme,db4,energy,86,250,250,0
W-NN,W-NN:k=15,11,0.5,0.08,0.09603392367173859,0 1 3 7 2 15 4 9 31 8 5 6 10 11 12 13 63 64 17 14,0 1 3 7 2 15 4 9 8 31 5 6 11 10 12 19 63 64 194 13,phoneme,db4,usage,86,250,250,0
W-QDA,W-QDA:qda,11,0.5,0.1,0.09753055624844101,0 1 3 7 2 15 4 9 31 8 5 6 10 11 12 13 63 64 17 14,0 1 3 7 2 15 4 9 8 31 5 6 11 10 12 19 63 64 194 13,phoneme,db4,usage,86,250,250,0
W-CART,W-CART:cart,42,1.5,0.128,0.1411823397355949,0 1 3 2 7 15 4 6 5 9 8 10 11 12 13 14 16 17 18 19,0 1 3 7 2 15 4 9 8 31 5 6 11 10 12 19 63 64 194 13,phoneme,db4,usage,86,250,250,0
ALL,W-NN:k=15,11,0.5,0.08,0.09603392367173859,0 1 3 7 2 15 4 9 31 8 5 6 10 11 12 13 63 64 17 14,0 1 3 7 2 15 4 9 8 31 5 6 11 10 12 19 63 64 194 13,phoneme,db4,usage,86,250,250,0
W-NN,W-NN:k=5,15,,0.096,0.10950361686206037,0 1 3 7 2 15 4 9 8 6 5 31 10 11 12 64 13 63 14 17,0 1 3 7 2 15 4 9 8 6 5 31 10 11 12 64 13 63 14 17,phoneme,db4,energy,87,250,250,0
W-QDA,W-QDA:qda,11,,0.096,0.0947867298578199,0 1 3 7 2 15 4 9 8 6 5 31 10 11 12 64 13 63 14 17,0 1 3 7 2 15 4 9 8 6 5 31 10 11 12 64 13 63 14 17,phoneme,db4,energy,87,250,250,0
W-CART,W-CART:cart,41,,0.132,0.15440259416313296,0 1 3 7 2 15 4 9 8 6 5 31 10 11 12 64 13 63 14 17,0 1 3 7 2 15 4 9 8 6 5 31 10 11 12 64 13 63 14 17,phoneme,db4,energy,87,250,250,0
ALL,W-QDA:qda,11,,0.096,0.0947867298578199,0 1 3 7 2 15 4 9 8 6 5 31 10 11 12 64 13 63 14 17,0 1 3 7 2 15 4 9 8 6 5 31 10 11 12 64 13 63 14 17,phoneme,db4,energy,87,250,250,0
W-NN,W-NN:k=1,26,1.5,0.084,0.11973060613619356,0 1 3 7 2 4 15 5 6 8 9 31 10 11 12 13 14 16 17 18,0 1 3 7 2 15 4 9 8 31 6 5 10 11 12 14 16 20 63 100,phoneme,db4,usage,87,250,250,0
W-QDA,W-QDA:qda,8,2.0,0.088,0.09852831129957595,0 1 3 7 2 4 5 6 8 9 10 11 12 13 14 15 16 17 18 19,0 1 3 7 2 15 4 9 8 31 6 5 10 11 12 14 16 20 63 100,phoneme,db4,usage,87,250,250,0
W-CART,W-CART:cart,40,1.0,0.124,0.1554003492142679,0 1 3 7 2 15 4 9 8 31 6 5 10 11 12 14 16 20 63 100,0 1 3 7 2 15 4 9 8 31 6 5 10 11 12 14 16 20 63 100,phoneme,db4,usage,87,250,250,0
ALL,W-NN:k=1,26,1.5,0.084,0.11973060613619356,0 1 3 7 2 4 15 5 6 8 9 31 10 11 12 13 14 16 17 18,0 1 3 7 2 15 4 9 8 31 6 5 10 11 12 14 16 20 63 100,phoneme,db4,usage,87,250,250,0
W-NN,W-NN:k=15,40,,0.1,0.11199800448989773,0 1 3 7 2 15 4 8 9 6 31 5 11 10 12 13 63 64 14 16,0 1 3 7 2 15 4 8 9 6 31 5 11 10 12 13 63 64 14 16,phoneme,db4,energy,88,250,250,0
W-QDA,W-QDA:qda,9,,0.1,0.10401596408081816,0 1 3 7 2 15 4 8 9 6 31 5 11 10 12 13 63 64 14 16,0 1 3 7 2 15 4 8 9 6 31 5 11 10 12 13 63 64 14 16,phoneme,db4,energy,88,250,250,0
W-CART,W-CART:cart,9,,0.112,0.13544524819156897,0 1 3 7 2 15 4 8 9 6 31 5 11 10 12 13 63 64 14 16,0 1 3 7 2 15 4 8 9 6 31 5 11 10 12 13 63 64 14 16,phoneme,db4,energy,88,250,250,0
ALL,W-QDA:qda,9,,0.1,0.10401596408081816,0 1 3 7 2 15 4 8 9 6 31 5 11 10 12 13 63 64 14 16,0 1 3 7 2 15 4 8 9 6 31 5 11 10 12 13 63 64 14 16,phoneme,db4,energy,88,250,250,0
W-NN,W-NN:k=9,27,0.5,0.1,0.11399351459216762,0 1 3 7 15 2 4 8 31 9 5 6 11 10 12 63 13 64 14 17,0 1 3 7 2 15 4 8 9 31 6 5 12 10 11 20 19 21 22 41,phoneme,db4,usage,88,250,250,0
W-QDA,W-QDA:qda,17,2.0,0.088,0.12322274881516587,0 1 3 7 2 4 15 5 6 8 9 10 11 12 13 14 16 17 18 19,0 1 3 7 2 15 4 8 9 31 6 5 12 10 11 20 19 21 22 41,phoneme,db4,usage,88,250,250,0
W-CART,W-CART:cart,11,3.0,0.092,0.14267897231229734,0 1 3 2 4 5 6 7 8 9 10 11 12 13 14 15 16 17 18 19,0 1 3 7 2 15 4 8 9 31 6 5 12 10 11 20 19 21 22 41,phoneme,db4,usage,88,250,250,0
ALL,W-QDA:qda,17,2.0,0.088,0.12322274881516587,0 1 3 7 2 4 15 5 6 8 9 10 11 12 13 14 16 17 18 19,0 1 3 7 2 15 4 8 9 31 6 5 12 10 11 20 19 21 22 41,phoneme,db4,usage,88,250,250,0
W-NN,W-NN:k=7,24,,0.048,0.10476428036916936,0 1 3 2 7 15 4 9 8 6 31 5 10 11 12 63 64 13 14 65,0 1 3 2 7 15 4 9 8 6 31 5 10 11 12 63 64 13 14 65,phoneme,db4,energy,89,250,250,0
W-QDA,W-QDA:qda,4,,0.088,0.14991269643302568,0 1 3 2 7 15 4 9 8 6 31 5 10 11 12 63 64 13 14 65,0 1 3 2 7 15 4 9 8 6 31 5 10 11 12 63 64 13 14 65,phoneme,db4,energy,89,250,250,0
W-CART,W-CART:cart,61,,0.108,0.17610376652531803,0 1 3 2 7 15 4 9 8 6 31 5 10 11 12 63 64 13 14 65,0 1 3 2 7 15 4 9 8 6 31 5 10 11 12 63 64 13 14 65,phoneme,db4,energy,89,250,250,0
ALL,W-NN:k=7,24,,0.048,0.10476428036916936,0 1 3 2 7 15 4 9 8 6 31 5 10 11 12 63 64 13 14 65,0 1 3 2 7 15 4 9 8 6 31 5 10 11 12 63 64 13 14 65,phoneme,db4,energy,89,250,250,0
W-NN,W-NN:k=7,22,1.0,0.048,0.10576203542030431,0 1 3 7 2 15 4 8 9 31 6 5 11 63 64 65 10 12 13 18,0 1 3 7 2 15 4 8 9 31 6 5 11 63 64 65 10 12 13 18,phoneme,db4,usage,89,250,250,0
W-QDA,W-QDA:qda,5,3.0,0.084,0.1172362185083562,0 1 3 2 4 5 6 7 8 9 10 11 12 13 14 15 16 17 18 19,0 1 3 7 2 15 4 8 9 31 6 5 11 63 64 65 10 12 13 18,phoneme,db4,usage,89,250,250,0
W-CART,W-CART:cart,30,0.5,0.116,0.16612621601396857,0 1 3 7 15 2 4 31 8 9 6 5 11 10 12 63 64 13 65 19,0 1 3 7 2 15 4 8 9 31 6 5 11 63 64 65 10 12 13 18,phoneme,db4,usage,89,250,250,0
ALL,W-NN:k=7,22,1.0,0.048,0.10576203542030431,0 1 3 7 2 15 4 8 9 31 6 5 11 63 64 65 10 12 13 18,0 1 3 7 2 15 4 8 9 31 6 5 11 63 64 65 10 12 13 18,phoneme,db4,usage,89,250,250,0
W-NN,W-NN:k=15,9,,0.076,0.10476428036916936,0 1 3 2 7 15 4 9 8 5 6 31 10 11 12 64 63 13 14 65,0 1 3 2 7 15 4 9 8 5 6 31 10 11 12 64 63 13 14 65,phoneme,db4,energy,90,250,250,0
W-QDA,W-QDA:qda,7,,0.076,0.11324519830381641,0 1 3 2 7 15 4 9 8 5 6 31 10 11 12 64 63 13 14 65,0 1 3 2 7 15 4 9 8 5 6 31 10 11 12 64 63 13 14 65,phoneme,db4,energy,90,250,250,0
W-CART,W-CART:cart,45,,0.116,0.17211274632077825,0 1 3 2 7 15 4 9 8 5 6 31 10 11 12 64 63 13 14 65,0 1 3 2 7 15 4 9 8 5 6 31 10 11 12 64 63 13 14 65,phoneme,db4,energy,90,250,250,0
ALL,W-QDA:qda,7,,0.076,0.11324519830381641,0 1 3 2 7 15 4 9 8 5 6 31 10 11 12 64 63 13 14 65,0 1 3 2 7 15 4 9 8 5 6 31 10 11 12 64 63 13 14 65,phoneme,db4,energy,90,250,250,0
W-NN,W-NN:k=15,9,1.0,0.076,0.10476428036916936,0 1 3 7 2 15 4 8 9 5 6 31 10 11 12 19 20 64 129 13,0 1 3 7 2 15 4 8 9 5 6 31 10 11 12 19 20 64 129 13,phoneme,db4,usage,90,250,250,0
W-QDA,W-QDA:qda,7,0.5,0.076,0.11324519830381641,0 1 3 2 7 15 4 31 8 9 5 6 10 11 12 64 13 63 65 14,0 1 3 7 2 15 4 8 9 5 6 31 10 11 12 19 20 64 129 13,phoneme,db4,usage,90,250,250,0
W-CART,W-CART:cart,34,0.5,0.1,0.16512846096283362,0 1 3 2 7 15 4 31 8 9 5 6 10 11 12 64 13 63 65 14,0 1 3 7 2 15 4 8 9 5 6 31 10 11 12 19 20 64 129 13,phoneme,db4,usage,90,250,250,0
ALL,W-QDA:qda,7,0.5,0.076,0.11324519830381641,0 1 3 2 7 15 4 31 8 9 5 6 10 11 12 64 13 63 65 14,0 1 3 7 2 15 4 8 9 5 6 31 10 11 12 19 20 64 129 13,phoneme,db4,usage,90,250,250,0
W-NN,W-NN:k=3,18,,0.096,0.12571713644300325,0 1 3 2 7 15 4 9 8 6 31 5 11 10 12 13 64 63 17 65,0 1 3 2 7 15 4 9 8 6 31 5 11 10 12 13 64 63 17 65,phoneme,db4,energy,91,250,250,0
W-QDA,W-QDA:qda,8,,0.1,0.10875530057370915,0 1 3 2 7 15 4 9 8 6 31 5 11 10 12 13 64 63 17 65,0 1 3 2 7 15 4 9 8 6 31 5 11 10 12 13 64 63 17 65,phoneme,db4,energy,91,250,250,0
W-CART,W-CART:cart,23,,0.124,0.15914193065602394,0 1 3 2 7 15 4 9 8 6 31 5 11 10 12 13 64 63 17 65,0 1 3 2 7 15 4 9 8 6 31 5 11 10 12 13 64 63 17 65,phoneme,db4,energy,91,250,250,0
ALL,W-NN:k=3,18,,0.096,0.12571713644300325,0 1 3 2 7 15 4 9 8 6 31 5 11 10 12 13 64 63 17 65,0 1 3 2 7 15 4 9 8 6 31 5 11 10 12 13 64 63 17 65,phoneme,db4,energy,91,250,250,0
W-NN,W-NN:k=3,17,1.0,0.096,0.12846096283362435,0 1 3 7 2 15 4 9 8 6 31 5 11 10 12 20 13 19 63 64,0 1 3 7 2 15 4 9 8 6 31 5 11 10 12 20 13 19 63 64,phoneme,db4,usage,91,250,250,0
W-QDA,W-QDA:qda,8,1.0,0.1,0.10875530057370915,0 1 3 7 2 15 4 9 8 6 31 5 11 10 12 20 13 19 63 64,0 1 3 7 2 15 4 9 8 6 31 5 11 10 12 20 13 19 63 64,phoneme,db4,usage,91,250,250,0
W-CART,W-CART:cart,47,3.0,0.112,0.16038912446994263,0 1 3 2 4 5 6 7 8 9 10 11 12 13 14 15 16 17 18 19,0 1 3 7 2 15 4 9 8 6 31 5 11 10 12 20 13 19 63 64,phoneme,db4,usage,91,250,250,0
ALL,W-NN:k=3,17,1.0,0.096,0.12846096283362435,0 1 3 7 2 15 4 9 8 6 31 5 11 10 12 20 13 19 63 64,0 1 3 7 2 15 4 9 8 6 31 5 11 10 12 20 13 19 63 64,phoneme,db4,usage,91,250,250,0
W-NN,W-NN:k=15,11,,0.072,0.11923172861062609,0 1 3 2 7 15 4 9 8 5 6 31 10 12 11 13 64 63 65 66,0 1 3 2 7 15 4 9 8 5 6 31 10 12 11 13 64 63 65 66,phoneme,db4,energy,92,250,250,0
W-QDA,W-QDA:qda,9,,0.064,0.09777999501122474,0 1 3 2 7 15 4 9 8 5 6 31 10 12 11 13 64 63 65 66,0 1 3 2 7 15 4 9 8 5 6 31 10 12 11 13 64 63 65 66,phoneme,db4,energy,92,250,250,0
W-CART,W-CART:cart,16,,0.108,0.1561486655026191,0 1 3 2 7 15 4 9 8 5 6 31 10 12 11 13 64 63 65 66,0 1 3 2 7 15 4 9 8 5 6 31 10 12 11 13 64 63 65 66,phoneme,db4,energy,92,250,250,0
ALL,W-QDA:qda,9,,0.064,0.09777999501122474,0 1 3 2 7 15 4 9 8 5 6 31 10 12 11 13 64 63 65 66,0 1 3 2 7 15 4 9 8 5 6 31 10 12 11 13 64 63 65 66,phoneme,db4,energy,92,250,250,0
W-NN,W-NN:k=15,10,2.0,0.072,0.1199800448989773,0 1 3 2 7 4 5 6 8 9 10 11 12 13 14 15 16 17 18 19,0 1 3 7 2 15 4 8 9 31 5 6 10 11 13 63 65 79 12 14,phoneme,db4,usage,92,250,250,0
W-QDA,W-QDA:qda,9,1.0,0.064,0.09777999501122474,0 1 3 7 2 15 4 8 9 31 5 6 10 11 13 63 65 79 12 14,0 1 3 7 2 15 4 8 9 31 5 6 10 11 13 63 65 79 12 14,phoneme,db4,usage,92,250,250,0
W-CART,W-CART:cart,42,1.0,0.088,0.153404839111998,0 1 3 7 2 15 4 8 9 31 5 6 10 11 13 63 65 79 12 14,0 1 3 7 2 15 4 8 9 31 5 6 10 11 13 63 65 79 12 14,phoneme,db4,usage,92,250,250,0
ALL,W-QDA:qda,9,1.0,0.064,0.09777999501122474,0 1 3 7 2 15 4 8 9 31 5 6 10 11 13 63 65 79 12 14,0 1 3 7 2 15 4 8 9 31 5 6 10 11 13 63 65 79 12 14,phoneme,db4,usage,92,250,250,0
W-NN,W-NN:k=7,39,,0.068,0.11075081067597904,0 1 3 2 7 15 4 9 6 8 31 5 10 11 12 13 63 64 14 65,0 1 3 2 7 15 4 9 6 8 31 5 10 11 12 13 63 64 14 65,phoneme,db4,energy,93,250,250,0
W-QDA,W-QDA:qda,9,,0.08,0.11598902469443752,0 1 3 2 7 15 4 9 6 8 31 5 10 11 12 13 63 64 14 65,0 1 3 2 7 15 4 9 6 8 31 5 10 11 12 13 63 64 14 65,phoneme,db4,energy,93,250,250,0
W-CART,W-CART:cart,12,,0.124,0.14068346221002745,0 1 3 2 7 15 4 9 6 8 31 5 10 11 12 13 63 64 14 65,0 1 3 2 7 15 4 9 6 8 31 5 10 11 12 13 63 64 14 65,phoneme,db4,energy,93,250,250,0
ALL,W-NN:k=7,39,,0.068,0.11075081067597904,0 1 3 2 7 15 4 9 6 8 31 5 10 11 12 13 63 64 14 65,0 1 3 2 7 15 4 9 6 8 31 5 10 11 12 13 63 64 14 65,phoneme,db4,energy,93,250,250,0
W-NN,W-NN:k=7,11,2.0,0.072,0.11349463706660015,0 1 3 2 7 4 15 5 6 8 9 10 11 12 13 14 16 17 18 19,0 1 3 7 2 15 4 8 9 6 31 5 10 11 12 19 13 14 16 17,phoneme,db4,usage,93,250,250,0
W-QDA,W-QDA:qda,9,1.5,0.08,0.11598902469443752,0 1 3 7 2 15 4 6 9 5 11 8 10 12 13 14 16 17 18 19,0 1 3 7 2 15 4 8 9 6 31 5 10 11 12 19 13 14 16 17,phoneme,db4,usage,93,250,250,0
W-CART,W-CART:cart,12,1.0,0.128,0.15240708406086306,0 1 3 7 2 15 4 8 9 6 31 5 10 11 12 19 13 14 16 17,0 1 3 7 2 15 4 8 9 6 31 5 10 11 12 19 13 14 16 17,phoneme,db4,usage,93,250,250,0
ALL,W-NN:k=7,11,2.0,0.072,0.11349463706660015,0 1 3 2 7 4 15 5 6 8 9 10 11 12 13 14 16 17 18 19,0 1 3 7 2 15 4 8 9 6 31 5 10 11 12 19 13 14 16 17,phoneme,db4,usage,93,250,250,0
W-NN,W-NN:k=7,8,,0.092,0.10925417809927662,0 1 3 7 2 15 4 8 9 6 31 5 10 11 12 64 13 63 17 65,0 1 3 7 2 15 4 8 9 6 31 5 10 11 12 64 13 63 17 65,phoneme,db4,energy,94,250,250,0
W-QDA,W-QDA:qda,7,,0.096,0.10750810675979047,0 1 3 7 2 15 4 8 9 6 31 5 10 11 12 64 13 63 17 65,0 1 3 7 2 15 4 8 9 6 31 5 10 11 12 64 13 63 17 65,phoneme,db4,energy,94,250,250,0
W-CART,W-CART:cart,10,,0.148,0.15016213519580943,0 1 3 7 2 15 4 8 9 6 31 5 10 11 12 64 13 63 17 65,0 1 3 7 2 15 4 8 9 6 31 5 10 11 12 64 13 63 17 65,phoneme,db4,energy,94,250,250,0
ALL,W-NN:k=7,8,,0.092,0.10925417809927662,0 1 3 7 2 15 4 8 9 6 31 5 10 11 12 64 13 63 17 65,0 1 3 7 2 15 4 8 9 6 31 5 10 11 12 64 13 63 17 65,phoneme,db4,energy,94,250,250,0
W-NN,W-NN:k=7,9,2.0,0.084,0.10451484160638563,0 1 3 7 2 4 5 6 8 9 10 11 12 13 14 15 16 17 18 19,0 1 3 7 2 15 4 8 9 31 6 5 11 10 12 77 107 254 13 14,phoneme,db4,usage,94,250,250,0
W-QDA,W-QDA:qda,6,2.0,0.072,0.1015215764529808,0 1 3 7 2 4 5 6 8 9 10 11 12 13 14 15 16 17 18 19,0 1 3 7 2 15 4 8 9 31 6 5 11 10 12 77 107 254 13 14,phoneme,db4,usage,94,250,250,0
W-CART,W-CART:cart,14,2.0,0.12,0.15240708406086306,0 1 3 7 2 4 5 6 8 9 10 11 12 13 14 15 16 17 18 19,0 1 3 7 2 15 4 8 9 31 6 5 11 10 12 77 107 254 13 14,phoneme,db4,usage,94,250,250,0
ALL,W-QDA:qda,6,2.0,0.072,0.1015215764529808,0 1 3 7 2 4 5 6 8 9 10 11 12 13 14 15 16 17 18 19,0 1 3 7 2 15 4 8 9 31 6 5 11 10 12 77 107 254 13 14,phoneme,db4,usage,94,250,250,0
W-NN,W-NN:k=5,23,,0.1,0.09977550511349463,0 1 3 2 7 15 4 9 8 6 5 31 10 11 12 63 13 64 16 17,0 1 3 2 7 15 4 9 8 6 5 31 10 11 12 63 13 64 16 17,phoneme,db4,energy,95,250,250,0
W-QDA,W-QDA:qda,19,,0.084,0.12347218757794962,0 1 3 2 7 15 4 9 8 6 5 31 10 11 12 63 13 64 16 17,0 1 3 2 7 15 4 9 8 6 5 31 10 11 12 63 13 64 16 17,phoneme,db4,energy,95,250,250,0
W-CART,W-CART:cart,7,,0.164,0.17685208281366924,0 1 3 2 7 15 4 9 8 6 5 31 10 11 12 63 13 64 16 17,0 1 3 2 7 15 4 9 8 6 5 31 10 11 12 63 13 64 16 17,phoneme,db4,energy,95,250,250,0
ALL,W-QDA:qda,19,,0.084,0.12347218757794962,0 1 3 2 7 15 4 9 8 6 5 31 10 11 12 63 13 64 16 17,0 1 3 2 7 15 4 9 8 6 5 31 10 11 12 63 13 64 16 17,phoneme,db4,energy,95,250,250,0
W-NN,W-NN:k=3,58,0.5,0.092,0.10177101521576452,0 1 3 7 2 15 4 31 8 9 5 6 10 11 12 64 13 63 65 16,0 1 3 7 2 15 4 9 8 6 31 5 10 12 20 11 16 19 63 64,phoneme,db4,usage,95,250,250,0
W-QDA,W-QDA:qda,11,2.0,0.088,0.09728111748565726,0 1 3 2 7 4 9 15 5 6 8 10 11 12 13 14 16 17 18 19,0 1 3 7 2 15 4 9 8 6 31 5 10 12 20 11 16 19 63 64,phoneme,db4,usage,95,250,250,0
W-CART,W-CART:cart,9,1.0,0.144,0.1384385133449738,0 1 3 7 2 15 4 9 8 6 31 5 10 12 20 11 16 19 63 64,0 1 3 7 2 15 4 9 8 6 31 5 10 12 20 11 16 19 63 64,phoneme,db4,usage,95,250,250,0
ALL,W-QDA:qda,11,2.0,0.088,0.09728111748565726,0 1 3 2 7 4 9 15 5 6 8 10 11 12 13 14 16 17 18 19,0 1 3 7 2 15 4 9 8 6 31 5 10 12 20 11 16 19 63 64,phoneme,db4,usage,95,250,250,0
W-NN,W-NN:k=9,25,,0.08,0.10551259665752058,0 1 3 2 7 15 4 8 9 6 31 5 11 10 12 13 64 63 14 65,0 1 3 2 7 15 4 8 9 6 31 5 11 10 12 13 64 63 14 65,phoneme,db4,energy,96,250,250,0
W-QDA,W-QDA:qda,8,,0.108,0.10601147418308805,0 1 3 2 7 15 4 8 9 6 31 5 11 10 12 13 64 63 14 65,0 1 3 2 7 15 4 8 9 6 31 5 11 10 12 13 64 63 14 65,phoneme,db4,energy,96,250,250,0
W-CART,W-CART:cart,21,,0.136,0.15789473684210525,0 1 3 2 7 15 4 8 9 6 31 5 11 10 12 13 64 63 14 65,0 1 3 2 7 15 4 8 9 6 31 5 11 10 12 13 64 63 14 65,phoneme,db4,energy,96,250,250,0
ALL,W-NN:k=9,25,,0.08,0.10551259665752058,0 1 3 2 7 15 4 8 9 6 31 5 11 10 12 13 64 63 14 65,0 1 3 2 7 15 4 8 9 6 31 5 11 10 12 13 64 63 14 65,phoneme,db4,energy,96,250,250,0
W-NN,W-NN:k=9,13,3.0,0.08,0.10725866799700673,0 1 3 2 4 5 6 7 8 9 10 11 12 13 14 15 16 17 18 19,0 1 3 7 2 15 4 8 9 6 31 5 10 11 12 25 63 77 125 13,phoneme,db4,usage,96,250,250,0
W-QDA,W-QDA:qda,11,0.5,0.1,0.10077326016462958,0 1 3 15 7 2 4 31 8 9 5 6 10 11 12 13 64 14 63 65,0 1 3 7 2 15 4 8 9 6 31 5 10 11 12 25 63 77 125 13,phoneme,db4,usage,96,250,250,0
W-CART,W-CART:cart,16,3.0,0.12,0.16487902220004988,0 1 3 2 4 5 6 7 8 9 10 11 12 13 14 15 16 17 18 19,0 1 3 7 2 15 4 8 9 6 31 5 10 11 12 25 63 77 125 13,phoneme,db4,usage,96,250,250,0
ALL,W-NN:k=9,13,3.0,0.08,0.10725866799700673,0 1 3 2 4 5 6 7 8 9 10 11 12 13 14 15 16 17 18 19,0 1 3 7 2 15 4 8 9 6 31 5 10 11 12 25 63 77 125 13,phoneme,db4,usage,96,250,250,0
W-NN,W-NN:k=7,59,,0.084,0.11000249438762784,0 1 3 7 2 15 4 9 8 6 5 31 10 11 13 12 63 64 14 16,0 1 3 7 2 15 4 9 8 6 5 31 10 11 13 12 63 64 14 16,phoneme,db4,energy,97,250,250,0
W-QDA,W-QDA:qda,7,,0.1,0.11349463706660015,0 1 3 7 2 15 4 9 8 6 5 31 10 11 13 12 63 64 14 16,0 1 3 7 2 15 4 9 8 6 5 31 10 11 13 12 63 64 14 16,phoneme,db4,energy,97,250,250,0
W-CART,W-CART:cart,8,,0.14,0.14542279870291844,0 1 3 7 2 15 4 9 8 6 5 31 10 11 13 12 63 64 14 16,0 1 3 7 2 15 4 9 8 6 5 31 10 11 13 12 63 64 14 16,phoneme,db4,energy,97,250,250,0
ALL,W-NN:k=7,59,,0.084,0.11000249438762784,0 1 3 7 2 15 4 9 8 6 5 31 10 11 13 12 63 64 14 16,0 1 3 7 2 15 4 9 8 6 5 31 10 11 13 12 63 64 14 16,phoneme,db4,energy,97,250,250,0
W-NN,W-NN:k=15,22,0.5,0.088,0.11075081067597904,0 1 3 7 2 15 4 31 8 9 5 6 10 11 12 63 13 64 65 14,0 1 3 7 2 15 4 8 9 6 31 5 10 11 25 65 12 13 14 16,phoneme,db4,usage,97,250,250,0
W-QDA,W-QDA:qda,6,3.0,0.096,0.11324519830381641,0 1 3 2 4 5 6 7 8 9 10 11 12 13 14 15 16 17 18 19,0 1 3 7 2 15 4 8 9 6 31 5 10 11 25 65 12 13 14 16,phoneme,db4,usage,97,250,250,0
W-CART,W-CART:cart,9,1.5,0.124,0.14068346221002745,0 1 3 7 2 4 15 9 5 6 8 10 11 12 13 14 16 17 18 19,0 1 3 7 2 15 4 8 9 6 31 5 10 11 25 65 12 13 14 16,phoneme,db4,usage,97,250,250,0
ALL,W-NN:k=15,22,0.5,0.088,0.11075081067597904,0 1 3 7 2 15 4 31 8 9 5 6 10 11 12 63 13 64 65 14,0 1 3 7 2 15 4 8 9 6 31 5 10 11 25 65 12 13 14 16,phoneme,db4,usage,97,250,250,0
W-NN,W-NN:k=25,13,,0.08,0.1097530556248441,0 1 3 2 7 15 4 9 8 6 5 31 10 11 12 13 64 63 65 14,0 1 3 2 7 15 4 9 8 6 5 31 10 11 12 13 64 63 65 14,phoneme,db4,energy,98,250,250,0
W-QDA,W-QDA:qda,16,,0.1,0.10651035170865553,0 1 3 2 7 15 4 9 8 6 5 31 10 11 12 13 64 63 65 14,0 1 3 2 7 15 4 9 8 6 5 31 10 11 12 13 64 63 65 14,phoneme,db4,energy,98,250,250,0
W-CART,W-CART:cart,12,,0.132,0.14891494138189074,0 1 3 2 7 15 4 9 8 6 5 31 10 11 12 13 64 63 65 14,0 1 3 2 7 15 4 9 8 6 5 31 10 11 12 13 64 63 65 14,phoneme,db4,energy,98,250,250,0
ALL,W-NN:k=25,13,,0.08,0.1097530556248441,0 1 3 2 7 15 4 9 8 6 5 31 10 11 12 13 64 63 65 14,0 1 3 2 7 15 4 9 8 6 5 31 10 11 12 13 64 63 65 14,phoneme,db4,energy,98,250,250,0
W-NN,W-NN:k=25,12,1.5,0.08,0.11050137191319531,0 1 3 7 2 4 15 6 5 8 9 10 11 12 13 14 16 17 18 19,0 1 3 7 2 15 4 9 8 6 31 5 10 12 11 13 14 16 17 18,phoneme,db4,usage,98,250,250,0
W-QDA,W-QDA:qda,24,1.5,0.096,0.11898228984784236,0 1 3 7 2 4 15 6 5 8 9 10 11 12 13 14 16 17 18 19,0 1 3 7 2 15 4 9 8 6 31 5 10 12 11 13 14 16 17 18,phoneme,db4,usage,98,250,250,0
W-CART,W-CART:cart,12,0.5,0.136,0.14866550261910702,0 1 3 2 7 15 4 31 8 9 5 6 11 10 12 13 64 63 65 14,0 1 3 7 2 15 4 9 8 6 31 5 10 12 11 13 14 16 17 18,phoneme,db4,usage,98,250,250,0
ALL,W-NN:k=25,12,1.5,0.08,0.11050137191319531,0 1 3 7 2 4 15 6 5 8 9 10 11 12 13 14 16 17 18 19,0 1 3 7 2 15 4 9 8 6 31 5 10 12 11 13 14 16 17 18,phoneme,db4,usage,98,250,250,0
W-NN,W-NN:k=9,11,,0.088,0.10451484160638563,0 1 3 2 7 15 4 8 6 9 5 31 10 11 12 64 63 13 14 16,0 1 3 2 7 15 4 8 6 9 5 31 10 11 12 64 63 13 14 16,phoneme,db4,energy,99,250,250,0
W-QDA,W-QDA:qda,11,,0.092,0.10002494387627837,0 1 3 2 7 15 4 8 6 9 5 31 10 11 12 64 63 13 14 16,0 1 3 2 7 15 4 8 6 9 5 31 10 11 12 64 63 13 14 16,phoneme,db4,energy,99,250,250,0
W-CART,W-CART:cart,8,,0.132,0.1411823397355949,0 1 3 2 7 15 4 8 6 9 5 31 10 11 12 64 63 13 14 16,0 1 3 2 7 15 4 8 6 9 5 31 10 11 12 64 63 13 14 16,phoneme,db4,energy,99,250,250,0
ALL,W-NN:k=9,11,,0.088,0.10451484160638563,0 1 3 2 7 15 4 8 6 9 5 31 10 11 12 64 63 13 14 16,0 1 3 2 7 15 4 8 6 9 5 31 10 11 12 64 63 13 14 16,phoneme,db4,energy,99,250,250,0
W-NN,W-NN:k=9,10,2.0,0.088,0.102269892741332,0 1 3 2 7 4 5 6 8 9 10 11 12 13 14 15 16 17 18 19,0 1 3 7 2 15 4 8 9 5 31 6 10 11 12 13 20 21 25 29,phoneme,db4,usage,99,250,250,0
W-QDA,W-QDA:qda,11,2.0,0.084,0.09603392367173859,0 1 3 2 7 4 5 6 8 9 10 11 12 13 14 15 16 17 18 19,0 1 3 7 2 15 4 8 9 5 31 6 10 11 12 13 20 21 25 29,phoneme,db4,usage,99,250,250,0
W-CART,W-CART:cart,9,2.0,0.136,0.1314542279870292,0 1 3 2 7 4 5 6 8 9 10 11 12 13 14 15 16 17 18 19,0 1 3 7 2 15 4 8 9 5 31 6 10 11 12 13 20 21 25 29,phoneme,db4,usage,99,250,250,0
ALL,W-QDA:qda,11,2.0,0.084,0.09603392367173859,0 1 3 2 7 4 5 6 8 9 10 11 12 13 14 15 16 17 18 19,0 1 3 7 2 15 4 8 9 5 31 6 10 11 12 13 20 21 25 29,phoneme,db4,usage,99,250,250,0
W-NN,W-NN:k=25,36,,0.072,0.11773509603392367,0 2 1 4 3 8 5 9 6 16 7 10 63 31 11 17 12 15 13 14,0 2 1 4 3 8 5 9 6 16 7 10 63 31 11 17 12 15 13 14,phoneme,db6,energy,0,250,250,0
W-QDA,W-QDA:qda,16,,0.08,0.1097530556248441,0 2 1 4 3 8 5 9 6 16 7 10 63 31 11 17 12 15 13 14,0 2 1 4 3 8 5 9 6 16 7 10 63 31 11 17 12 15 13 14,phoneme,db6,energy,0,250,250,0
W-CART,W-CART:cart,12,,0.116,0.1329508605637316,0 2 1 4 3 8 5 9 6 16 7 10 63 31 11 17 12 15 13 14,0 2 1 4 3 8 5 9 6 16 7 10 63 31 11 17 12 15 13 14,phoneme,db6,energy,0,250,250,0
ALL,W-NN:k=25,36,,0.072,0.11773509603392367,0 2 1 4 3 8 5 9 6 16 7 10 63 31 11 17 12 15 13 14,0 2 1 4 3 8 5 9 6 16 7 10 63 31 11 17 12 15 13 14,phoneme,db6,energy,0,250,250,0
W-NN,W-NN:k=25,14,1.5,0.072,0.11349463706660015,0 2 3 1 4 8 5 16 9 7 6 10 11 12 13 14 15 17 18 19,0 2 3 1 4 8 5 9 16 7 6 10 31 15 63 11 12 13 17 64,phoneme,db6,usage,0,250,250,0
W-QDA,W-QDA:qda,11,0.5,0.08,0.0995260663507109,0 2 1 3 8 9 4 5 16 10 7 6 63 31 17 11 15 12 13 64,0 2 3 1 4 8 5 9 16 7 6 10 31 15 63 11 12 13 17 64,phoneme,db6,usage,0,250,250,0
W-CART,W-CART:cart,18,1.0,0.096,0.1404340234472437,0 2 3 1 4 8 5 9 16 7 6 10 31 15 63 11 12 13 17 64,0 2 3 1 4 8 5 9 16 7 6 10 31 15 63 11 12 13 17 64,phoneme,db6,usage,0,250,250,0
ALL,W-NN:k=25,14,1.5,0.072,0.11349463706660015,0 2 3 1 4 8 5 16 9 7 6 10 11 12 13 14 15 17 18 19,0 2 3 1 4 8 5 9 16 7 6 10 31 15 63 11 12 13 17 64,phoneme,db6,usage,0,250,250,0
W-NN,W-NN:k=3,17,,0.096,0.12422050386630082,0 2 1 3 4 8 5 9 6 7 16 10 63 11 31 17 15 12 13 64,0 2 1 3 4 8 5 9 6 7 16 10 63 11 31 17 15 12 13 64,phoneme,db6,energy,1,250,250,0
W-QDA,W-QDA:qda,6,,0.084,0.10601147418308805,0 2 1 3 4 8 5 9 6 7 16 10 63 11 31 17 15 12 13 64,0 2 1 3 4 8 5 9 6 7 16 10 63 11 31 17 15 12 13 64,phoneme,db6,energy,1,250,250,0
W-CART,W-CART:cart,12,,0.14,0.14542279870291844,0 2 1 3 4 8 5 9 6 7 16 10 63 11 31 17 15 12 13 64,0 2 1 3 4 8 5 9 6 7 16 10 63 11 31 17 15 12 13 64,phoneme,db6,energy,1,250,250,0
ALL,W-QDA:qda,6,,0.084,0.10601147418308805,0 2 1 3 4 8 5 9 6 7 16 10 63 11 31 17 15 12 13 64,0 2 1 3 4 8 5 9 6 7 16 10 63 11 31 17 15 12 13 64,phoneme,db6,energy,1,250,250,0
W-NN,W-NN:k=3,23,1.0,0.092,0.1254676976802195,0 2 3 1 4 8 9 5 16 6 7 31 10 15 64 11 17 14 32 63,0 2 3 1 4 8 9 5 16 6 7 31 10 15 64 11 17 14 32 63,phoneme,db6,usage,1,250,250,0
W-QDA,W-QDA:qda,6,0.5,0.084,0.10601147418308805,0 2 1 3 8 4 9 5 16 6 10 7 63 31 15 11 17 64 13 12,0 2 3 1 4 8 9 5 16 6 7 31 10 15 64 11 17 14 32 63,phoneme,db6,usage,1,250,250,0
W-CART,W-CART:cart,7,0.5,0.116,0.1568969817909703,0 2 1 3 8 4 9 5 16 6 10 7 63 31 15 11 17 64 13 12,0 2 3 1 4 8 9 5 16 6 7 31 10 15 64 11 17 14 32 63,phoneme,db6,usage,1,250,250,0
ALL,W-QDA:qda,6,0.5,0.084,0.10601147418308805,0 2 1 3 8 4 9 5 16 6 10 7 63 31 15 11 17 64 13 12,0 2 3 1 4 8 9 5 16 6 7 31 10 15 64 11 17 14 32 63,phoneme,db6,usage,1,250,250,0
W-NN,W-NN:k=3,24,,0.104,0.11124968820154651,0 2 1 3 4 8 5 9 6 16 10 7 63 11 31 17 12 15 13 64,0 2 1 3 4 8 5 9 6 16 10 7 63 11 31 17 12 15 13 64,phoneme,db6,energy,2,250,250,0
W-QDA,W-QDA:qda,14,,0.104,0.09927662758792716,0 2 1 3 4 8 5 9 6 16 10 7 63 11 31 17 12 15 13 64,0 2 1 3 4 8 5 9 6 16 10 7 63 11 31 17 12 15 13 64,phoneme,db6,energy,2,250,250,0
W-CART,W-CART:cart,32,,0.132,0.14741830880518833,0 2 1 3 4 8 5 9 6 16 10 7 63 11 31 17 12 15 13 64,0 2 1 3 4 8 5 9 6 16 10 7 63 11 31 17 12 15 13 64,phoneme,db6,energy,2,250,250,0
ALL,W-QDA:qda,14,,0.104,0.09927662758792716,0 2 1 3 4 8 5 9 6 16 10 7 63 11 31 17 12 15 13 64,0 2 1 3 4 8 5 9 6 16 10 7 63 11 31 17 12 15 13 64,phoneme,db6,energy,2,250,250,0
W-NN,W-NN:k=3,27,1.0,0.1,0.11050137191319531,0 2 3 1 4 8 5 9 16 6 7 10 15 31 63 11 12 17 13 14,0 2 3 1 4 8 5 9 16 6 7 10 15 31 63 11 12 17 13 14,phoneme,db6,usage,2,250,250,0
W-QDA,W-QDA:qda,12,2.0,0.096,0.09553504614617112,0 2 1 4 3 8 5 6 7 9 10 11 12 13 14 15 16 17 18 19,0 2 3 1 4 8 5 9 16 6 7 10 15 31 63 11 12 17 13 14,phoneme,db6,usage,2,250,250,0
W-CART,W-CART:cart,24,0.5,0.124,0.14567223746570218,0 2 1 3 8 4 9 5 16 10 6 7 63 31 17 11 15 12 64 32,0 2 3 1 4 8 5 9 16 6 7 10 15 31 63 11 12 17 13 14,phoneme,db6,usage,2,250,250,0
ALL,W-QDA:qda,12,2.0,0.096,0.09553504614617112,0 2 1 4 3 8 5 6 7 9 10 11 12 13 14 15 16 17 18 19,0 2 3 1 4 8 5 9 16 6 7 10 15 31 63 11 12 17 13 14,phoneme,db6,usage,2,250,250,0
W-NN,W-NN:k=9,17,,0.08,0.10526315789473684,0 2 1 3 4 8 5 9 6 10 7 16 63 31 12 11 17 15 13 64,0 2 1 3 4 8 5 9 6 10 7 16 63 31 12 11 17 15 13 64,phoneme,db6,energy,3,250,250,0
W-QDA,W-QDA:qda,12,,0.08,0.10675979047143926,0 2 1 3 4 8 5 9 6 10 7 16 63 31 12 11 17 15 13 64,0 2 1 3 4 8 5 9 6 10 7 16 63 31 12 11 17 15 13 64,phoneme,db6,energy,3,250,250,0
W-CART,W-CART:cart,49,,0.108,0.1479171863307558,0 2 1 3 4 8 5 9 6 10 7 16 63 31 12 11 17 15 13 64,0 2 1 3 4 8 5 9 6 10 7 16 63 31 12 11 17 15 13 64,phoneme,db6,energy,3,250,250,0
ALL,W-QDA:qda,12,,0.08,0.10675979047143926,0 2 1 3 4 8 5 9 6 10 7 16 63 31 12 11 17 15 13 64,0 2 1 3 4 8 5 9 6 10 7 16 63 31 12 11 17 15 13 64,phoneme,db6,energy,3,250,250,0
W-NN,W-NN:k=9,18,1.0,0.076,0.10351708655525069,0 2 3 1 4 8 9 5 7 16 6 10 31 15 17 11 63 64 12 18,0 2 3 1 4 8 9 5 7 16 6 10 31 15 17 11 63 64 12 18,phoneme,db6,usage,3,250,250,0
W-QDA,W-QDA:qda,15,1.0,0.076,0.10576203542030431,0 2 3 1 4 8 9 5 7 16 6 10 31 15 17 11 63 64 12 18,0 2 3 1 4 8 9 5 7 16 6 10 31 15 17 11 63 64 12 18,phoneme,db6,usage,3,250,250,0
W-CART,W-CART:cart,42,1.0,0.108,0.14666999251683713,0 2 3 1 4 8 9 5 7 16 6 10 31 15 17 11 63 64 12 18,0 2 3 1 4 8 9 5 7 16 6 10 31 15 17 11 63 64 12 18,phoneme,db6,usage,3,250,250,0
ALL,W-QDA:qda,15,1.0,0.076,0.10576203542030431,0 2 3 1 4 8 9 5 7 16 6 10 31 15 17 11 63 64 12 18,0 2 3 1 4 8 9 5 7 16 6 10 31 15 17 11 63 64 12 18,phoneme,db6,usage,3,250,250,0
W-NN,W-NN:k=3,11,,0.076,0.11374407582938388,0 2 1 3 4 8 5 9 6 16 10 7 63 31 11 12 17 15 14 13,0 2 1 3 4 8 5 9 6 16 10 7 63 31 11 12 17 15 14 13,phoneme,db6,energy,4,250,250,0
W-QDA,W-QDA:qda,7,,0.104,0.10825642304814168,0 2 1 3 4 8 5 9 6 16 10 7 63 31 11 12 17 15 14 13,0 2 1 3 4 8 5 9 6 16 10 7 63 31 11 12 17 15 14 13,phoneme,db6,energy,4,250,250,0
W-CART,W-CART:cart,8,,0.096,0.12995759541032675,0 2 1 3 4 8 5 9 6 16 10 7 63 31 11 12 17 15 14 13,0 2 1 3 4 8 5 9 6 16 10 7 63 31 11 12 17 15 14 13,phoneme,db6,energy,4,250,250,0
ALL,W-NN:k=3,11,,0.076,0.11374407582938388,0 2 1 3 4 8 5 9 6 16 10 7 63 31 11 12 17 15 14 13,0 2 1 3 4 8 5 9 6 16 10 7 63 31 11 12 17 15 14 13,phoneme,db6,energy,4,250,250,0
W-NN,W-NN:k=3,14,2.0,0.08,0.11075081067597904,0 2 1 3 4 8 5 6 7 9 10 11 12 13 14 15 16 17 18 19,0 2 3 1 4 8 5 9 16 7 6 31 10 15 63 11 17 20 64 12,phoneme,db6,usage,4,250,250,0
W-QDA,W-QDA:qda,10,0.5,0.084,0.10925417809927662,0 1 2 3 8 4 9 5 16 7 10 6 63 31 15 17 11 32 12 13,0 2 3 1 4 8 5 9 16 7 6 31 10 15 63 11 17 20 64 12,phoneme,db6,usage,4,250,250,0
W-CART,W-CART:cart,8,0.5,0.096,0.12920927912197555,0 1 2 3 8 4 9 5 16 7 10 6 63 31 15 17 11 32 12 13,0 2 3 1 4 8 5 9 16 7 6 31 10 15 63 11 17 20 64 12,phoneme,db6,usage,4,250,250,0
ALL,W-NN:k=3,14,2.0,0.08,0.11075081067597904,0 2 1 3 4 8 5 6 7 9 10 11 12 13 14 15 16 17 18 19,0 2 3 1 4 8 5 9 16 7 6 31 10 15 63 11 17 20 64 12,phoneme,db6,usage,4,250,250,0
W-NN,W-NN:k=9,10,,0.064,0.10800698428535795,0 2 1 3 4 8 5 9 6 16 7 10 63 11 31 12 17 13 15 64,0 2 1 3 4 8 5 9 6 16 7 10 63 11 31 12 17 13 15 64,phoneme,db6,energy,5,250,250,0
W-QDA,W-QDA:qda,8,,0.064,0.09603392367173859,0 2 1 3 4 8 5 9 6 16 7 10 63 11 31 12 17 13 15 64,0 2 1 3 4 8 5 9 6 16 7 10 63 11 31 12 17 13 15 64,phoneme,db6,energy,5,250,250,0
W-CART,W-CART:cart,9,,0.116,0.12846096283362435,0 2 1 3 4 8 5 9 6 16 7 10 63 11 31 12 17 13 15 64,0 2 1 3 4 8 5 9 6 16 7 10 63 11 31 12 17 13 15 64,phoneme,db6,energy,5,250,250,0
ALL,W-QDA:qda,8,,0.064,0.09603392367173859,0 2 1 3 4 8 5 9 6 16 7 10 63 11 31 12 17 13 15 64,0 2 1 3 4 8 5 9 6 16 7 10 63 11 31 12 17 13 15 64,phoneme,db6,energy,5,250,250,0
W-NN,W-NN:k=9,10,1.5,0.064,0.10800698428535795,0 2 3 1 4 8 5 16 9 6 7 15 64 10 11 12 13 14 17 18,0 2 3 1 4 8 5 9 16 7 6 31 15 10 17 63 64 11 12 13,phoneme,db6,usage,5,250,250,0
W-QDA,W-QDA:qda,7,0.5,0.064,0.09603392367173859,0 2 1 3 8 9 4 5 16 10 7 6 63 31 11 15 17 12 64 14,0 2 3 1 4 8 5 9 16 7 6 31 15 10 17 63 64 11 12 13,phoneme,db6,usage,5,250,250,0
W-CART,W-CART:cart,5,2.0,0.116,0.14766774756797207,0 2 1 4 3 8 5 6 7 9 10 11 12 13 14 15 16 17 18 19,0 2 3 1 4 8 5 9 16 7 6 31 15 10 17 63 64 11 12 13,phoneme,db6,usage,5,250,250,0
ALL,W-QDA:qda,7,0.5,0.064,0.09603392367173859,0 2 1 3 8 9 4 5 16 10 7 6 63 31 11 15 17 12 64 14,0 2 3 1 4 8 5 9 16 7 6 31 15 10 17 63 64 11 12 13,phoneme,db6,usage,5,250,250,0
W-NN,W-NN:k=5,5,,0.088,0.12422050386630082,0 2 1 3 4 5 8 9 6 7 16 10 63 31 11 15 17 12 13 64,0 2 1 3 4 5 8 9 6 7 16 10 63 31 11 15 17 12 13 64,phoneme,db6,energy,6,250,250,0
W-QDA,W-QDA:qda,8,,0.084,0.10351708655525069,0 2 1 3 4 5 8 9 6 7 16 10 63 31 11 15 17 12 13 64,0 2 1 3 4 5 8 9 6 7 16 10 63 31 11 15 17 12 13 64,phoneme,db6,energy,6,250,250,0
W-CART,W-CART:cart,38,,0.096,0.12521825891743577,0 2 1 3 4 5 8 9 6 7 16 10 63 31 11 15 17 12 13 64,0 2 1 3 4 5 8 9 6 7 16 10 63 31 11 15 17 12 13 64,phoneme,db6,energy,6,250,250,0
ALL,W-QDA:qda,8,,0.084,0.10351708655525069,0 2 1 3 4 5 8 9 6 7 16 10 63 31 11 15 17 12 13 64,0 2 1 3 4 5 8 9 6 7 16 10 63 31 11 15 17 12 13 64,phoneme,db6,energy,6,250,250,0
W-NN,W-NN:k=5,6,0.5,0.08,0.12347218757794962,0 2 3 1 8 4 9 5 10 16 7 6 63 31 15 17 11 12 64 32,0 2 3 1 4 8 5 9 16 7 6 10 31 15 17 63 64 11 12 13,phoneme,db6,usage,6,250,250,0
W-QDA,W-QDA:qda,10,0.5,0.072,0.10102269892741332,0 2 3 1 8 4 9 5 10 16 7 6 63 31 15 17 11 12 64 32,0 2 3 1 4 8 5 9 16 7 6 10 31 15 17 63 64 11 12 13,phoneme,db6,usage,6,250,250,0
W-CART,W-CART:cart,19,2.0,0.088,0.12995759541032675,0 2 1 3 4 8 5 6 7 9 10 11 12 13 14 15 16 17 18 19,0 2 3 1 4 8 5 9 16 7 6 10 31 15 17 63 64 11 12 13,phoneme,db6,usage,6,250,250,0
ALL,W-QDA:qda,10,0.5,0.072,0.10102269892741332,0 2 3 1 8 4 9 5 10 16 7 6 63 31 15 17 11 12 64 32,0 2 3 1 4 8 5 9 16 7 6 10 31 15 17 63 64 11 12 13,phoneme,db6,usage,6,250,250,0
W-NN,W-NN:k=5,57,,0.08,0.11748565727113994,0 2 1 3 4 8 5 9 6 7 16 10 63 31 17 11 12 15 13 32,0 2 1 3 4 8 5 9 6 7 16 10 63 31 17 11 12 15 13 32,phoneme,db6,energy,7,250,250,0
W-QDA,W-QDA:qda,23,,0.092,0.12097779995011225,0 2 1 3 4 8 5 9 6 7 16 10 63 31 17 11 12 15 13 32,0 2 1 3 4 8 5 9 6 7 16 10 63 31 17 11 12 15 13 32,phoneme,db6,energy,7,250,250,0
W-CART,W-CART:cart,30,,0.128,0.16363182838613122,0 2 1 3 4 8 5 9 6 7 16 10 63 31 17 11 12 15 13 32,0 2 1 3 4 8 5 9 6 7 16 10 63 31 17 11 12 15 13 32,phoneme,db6,energy,7,250,250,0
ALL,W-NN:k=5,57,,0.08,0.11748565727113994,0 2 1 3 4 8 5 9 6 7 16 10 63 31 17 11 12 15 13 32,0 2 1 3 4 8 5 9 6 7 16 10 63 31 17 11 12 15 13 32,phoneme,db6,energy,7,250,250,0
W-NN,W-NN:k=5,28,0.5,0.088,0.11648790222000499,0 1 2 3 8 4 9 5 16 7 10 6 63 31 17 15 11 12 32 13,0 2 3 1 4 8 5 9 16 7 6 10 31 15 17 12 11 13 18 20,phoneme,db6,usage,7,250,250,0
W-QDA,W-QDA:qda,19,1.0,0.084,0.10725866799700673,0 2 3 1 4 8 5 9 16 7 6 10 31 15 17 12 11 13 18 20,0 2 3 1 4 8 5 9 16 7 6 10 31 15 17 12 11 13 18 20,phoneme,db6,usage,7,250,250,0
W-CART,W-CART:cart,47,1.5,0.12,0.1309553504614617,0 2 3 1 4 8 5 16 7 10 9 6 17 11 12 13 14 15 18 19,0 2 3 1 4 8 5 9 16 7 6 10 31 15 17 12 11 13 18 20,phoneme,db6,usage,7,250,250,0
ALL,W-QDA:qda,19,1.0,0.084,0.10725866799700673,0 2 3 1 4 8 5 9 16 7 6 10 31 15 17 12 11 13 18 20,0 2 3 1 4 8 5 9 16 7 6 10 31 15 17 12 11 13 18 20,phoneme,db6,usage,7,250,250,0
W-NN,W-NN:k=7,15,,0.104,0.10725866799700673,0 2 1 4 3 8 5 9 6 10 16 7 63 31 11 12 17 15 13 14,0 2 1 4 3 8 5 9 6 10 16 7 63 31 11 12 17 15 13 14,phoneme,db6,energy,8,250,250,0
W-QDA,W-QDA:qda,10,,0.104,0.10052382140184585,0 2 1 4 3 8 5 9 6 10 16 7 63 31 11 12 17 15 13 14,0 2 1 4 3 8 5 9 6 10 16 7 63 31 11 12 17 15 13 14,phoneme,db6,energy,8,250,250,0
W-CART,W-CART:cart,9,,0.132,0.15041157395859317,0 2 1 4 3 8 5 9 6 10 16 7 63 31 11 12 17 15 13 14,0 2 1 4 3 8 5 9 6 10 16 7 63 31 11 12 17 15 13 14,phoneme,db6,energy,8,250,250,0
ALL,W-QDA:qda,10,,0.104,0.10052382140184585,0 2 1 4 3 8 5 9 6 10 16 7 63 31 11 12 17 15 13 14,0 2 1 4 3 8 5 9 6 10 16 7 63 31 11 12 17 15 13 14,phoneme,db6,energy,8,250,250,0
W-NN,W-NN:k=5,16,0.5,0.1,0.10426540284360189,0 1 2 3 4 8 9 5 16 10 7 6 63 31 15 17 11 12 13 32,0 2 3 1 4 8 9 5 16 7 6 10 31 17 15 11 12 18 63 13,phoneme,db6,usage,8,250,250,0
W-QDA,W-QDA:qda,13,0.5,0.104,0.1077575455225742,0 1 2 3 4 8 9 5 16 10 7 6 63 31 15 17 11 12 13 32,0 2 3 1 4 8 9 5 16 7 6 10 31 17 15 11 12 18 63 13,phoneme,db6,usage,8,250,250,0
W-CART,W-CART:cart,10,0.5,0.136,0.14666999251683713,0 1 2 3 4 8 9 5 16 10 7 6 63 31 15 17 11 12 13 32,0 2 3 1 4 8 9 5 16 7 6 10 31 17 15 11 12 18 63 13,phoneme,db6,usage,8,250,250,0
ALL,W-NN:k=5,16,0.5,0.1,0.10426540284360189,0 1 2 3 4 8 9 5 16 10 7 6 63 31 15 17 11 12 13 32,0 2 3 1 4 8 9 5 16 7 6 10 31 17 15 11 12 18 63 13,phoneme,db6,usage,8,250,250,0
W-NN,W-NN:k=15,12,,0.096,0.09653280119730606,0 2 1 3 4 8 5 9 16 6 10 7 63 11 31 17 12 15 64 13,0 2 1 3 4 8 5 9 16 6 10 7 63 11 31 17 12 15 64 13,phoneme,db6,energy,9,250,250,0
W-QDA,W-QDA:qda,5,,0.088,0.09877775006235968,0 2 1 3 4 8 5 9 16 6 10 7 63 11 31 17 12 15 64 13,0 2 1 3 4 8 5 9 16 6 10 7 63 11 31 17 12 15 64 13,phoneme,db6,energy,9,250,250,0
W-CART,W-CART:cart,45,,0.1,0.1601396857071589,0 2 1 3 4 8 5 9 16 6 10 7 63 11 31 17 12 15 64 13,0 2 1 3 4 8 5 9 16 6 10 7 63 11 31 17 12 15 64 13,phoneme,db6,energy,9,250,250,0
ALL,W-QDA:qda,5,,0.088,0.09877775006235968,0 2 1 3 4 8 5 9 16 6 10 7 63 11 31 17 12 15 64 13,0 2 1 3 4 8 5 9 16 6 10 7 63 11 31 17 12 15 64 13,phoneme,db6,energy,9,250,250,0
W-NN,W-NN:k=15,32,0.5,0.092,0.09802943377400848,0 1 2 3 8 9 4 5 16 10 7 6 63 31 17 11 15 12 64 32,0 2 3 1 4 8 9 5 16 7 6 10 15 31 17 63 11 12 13 18,phoneme,db6,usage,9,250,250,0
W-QDA,W-QDA:qda,10,2.0,0.084,0.102269892741332,0 2 1 4 3 8 5 16 6 7 9 10 11 12 13 14 15 17 18 19,0 2 3 1 4 8 9 5 16 7 6 10 15 31 17 63 11 12 13 18,phoneme,db6,usage,9,250,250,0
W-CART,W-CART:cart,31,1.5,0.1,0.13669244200548766,0 2 3 1 4 8 5 16 9 6 31 7 10 11 12 13 14 15 17 18,0 2 3 1 4 8 9 5 16 7 6 10 15 31 17 63 11 12 13 18,phoneme,db6,usage,9,250,250,0
ALL,W-QDA:qda,10,2.0,0.084,0.102269892741332,0 2 1 4 3 8 5 16 6 7 9 10 11 12 13 14 15 17 18 19,0 2 3 1 4 8 9 5 16 7 6 10 15 31 17 63 11 12 13 18,phoneme,db6,usage,9,250,250,0
W-NN,W-NN:k=25,11,,0.088,0.11124968820154651,0 2 1 4 3 8 5 9 6 7 10 16 63 11 31 17 12 15 64 13,0 2 1 4 3 8 5 9 6 7 10 16 63 11 31 17 12 15 64 13,phoneme,db6,energy,10,250,250,0
W-QDA,W-QDA:qda,8,,0.096,0.10825642304814168,0 2 1 4 3 8 5 9 6 7 10 16 63 11 31 17 12 15 64 13,0 2 1 4 3 8 5 9 6 7 10 16 63 11 31 17 12 15 64 13,phoneme,db6,energy,10,250,250,0
W-CART,W-CART:cart,34,,0.14,0.1731105013719132,0 2 1 4 3 8 5 9 6 7 10 16 63 11 31 17 12 15 64 13,0 2 1 4 3 8 5 9 6 7 10 16 63 11 31 17 12 15 64 13,phoneme,db6,energy,10,250,250,0
ALL,W-NN:k=25,11,,0.088,0.11124968820154651,0 2 1 4 3 8 5 9 6 7 10 16 63 11 31 17 12 15 64 13,0 2 1 4 3 8 5 9 6 7 10 16 63 11 31 17 12 15 64 13,phoneme,db6,energy,10,250,250,0
W-NN,W-NN:k=25,16,1.0,0.084,0.10950361686206037,0 2 3 1 4 8 5 9 7 16 6 31 10 15 17 32 11 63 102 200,0 2 3 1 4 8 5 9 7 16 6 31 10 15 17 32 11 63 102 200,phoneme,db6,usage,10,250,250,0
W-QDA,W-QDA:qda,11,0.5,0.076,0.10451484160638563,0 2 3 1 8 9 4 5 10 16 7 6 31 63 11 17 15 12 32 64,0 2 3 1 4 8 5 9 7 16 6 31 10 15 17 32 11 63 102 200,phoneme,db6,usage,10,250,250,0
W-CART,W-CART:cart,54,0.5,0.14,0.16438014467448242,0 2 3 1 8 9 4 5 10 16 7 6 31 63 11 17 15 12 32 64,0 2 3 1 4 8 5 9 7 16 6 31 10 15 17 32 11 63 102 200,phoneme,db6,usage,10,250,250,0
ALL,W-QDA:qda,11,0.5,0.076,0.10451484160638563,0 2 3 1 8 9 4 5 10 16 7 6 31 63 11 17 15 12 32 64,0 2 3 1 4 8 5 9 7 16 6 31 10 15 17 32 11 63 102 200,phoneme,db6,usage,10,250,250,0
W-NN,W-NN:k=5,21,,0.06,0.11124968820154651,0 2 1 4 3 8 5 9 6 16 10 7 63 31 17 11 13 15 12 64,0 2 1 4 3 8 5 9 6 16 10 7 63 31 17 11 13 15 12 64,phoneme,db6,energy,11,250,250,0
W-QDA,W-QDA:qda,17,,0.08,0.1077575455225742,0 2 1 4 3 8 5 9 6 16 10 7 63 31 17 11 13 15 12 64,0 2 1 4 3 8 5 9 6 16 10 7 63 31 17 11 13 15 12 64,phoneme,db6,energy,11,250,250,0
W-CART,W-CART:cart,7,,0.108,0.16163631828386132,0 2 1 4 3 8 5 9 6 16 10 7 63 31 17 11 13 15 12 64,0 2 1 4 3 8 5 9 6 16 10 7 63 31 17 11 13 15 12 64,phoneme,db6,energy,11,250,250,0
ALL,W-NN:k=5,21,,0.06,0.11124968820154651,0 2 1 4 3 8 5 9 6 16 10 7 63 31 17 11 13 15 12 64,0 2 1 4 3 8 5 9 6 16 10 7 63 31 17 11 13 15 12 64,phoneme,db6,energy,11,250,250,0
W-NN,W-NN:k=5,19,1.0,0.056,0.11174856572711399,0 2 3 1 4 8 9 5 16 7 6 31 10 15 17 64 12 11 13 20,0 2 3 1 4 8 9 5 16 7 6 31 10 15 17 64 12 11 13 20,phoneme,db6,usage,11,250,250,0
W-QDA,W-QDA:qda,18,0.5,0.072,0.1097530556248441,0 2 3 1 8 9 4 5 16 10 6 7 63 17 31 15 11 12 13 64,0 2 3 1 4 8 9 5 16 7 6 31 10 15 17 64 12 11 13 20,phoneme,db6,usage,11,250,250,0
W-CART,W-CART:cart,30,1.5,0.096,0.13369917685208282,0 2 3 1 4 8 5 7 9 16 6 15 31 10 11 12 13 14 17 18,0 2 3 1 4 8 9 5 16 7 6 31 10 15 17 64 12 11 13 20,phoneme,db6,usage,11,250,250,0
ALL,W-NN:k=5,19,1.0,0.056,0.11174856572711399,0 2 3 1 4 8 9 5 16 7 6 31 10 15 17 64 12 11 13 20,0 2 3 1 4 8 9 5 16 7 6 31 10 15 17 64 12 11 13 20,phoneme,db6,usage,11,250,250,0
W-NN,W-NN:k=25,10,,0.1,0.11274632077824893,0 2 1 3 4 8 5 9 6 7 16 10 63 31 17 11 15 13 12 64,0 2 1 3 4 8 5 9 6 7 16 10 63 31 17 11 15 13 12 64,phoneme,db6,energy,12,250,250,0
W-QDA,W-QDA:qda,12,,0.08,0.09628336243452232,0 2 1 3 4 8 5 9 6 7 16 10 63 31 17 11 15 13 12 64,0 2 1 3 4 8 5 9 6 7 16 10 63 31 17 11 15 13 12 64,phoneme,db6,energy,12,250,250,0
W-CART,W-CART:cart,40,,0.12,0.1416812172611624,0 2 1 3 4 8 5 9 6 7 16 10 63 31 17 11 15 13 12 64,0 2 1 3 4 8 5 9 6 7 16 10 63 31 17 11 15 13 12 64,phoneme,db6,energy,12,250,250,0
ALL,W-QDA:qda,12,,0.08,0.09628336243452232,0 2 1 3 4 8 5 9 6 7 16 10 63 31 17 11 15 13 12 64,0 2 1 3 4 8 5 9 6 7 16 10 63 31 17 11 15 13 12 64,phoneme,db6,energy,12,250,250,0
W-NN,W-NN:k=7,23,1.5,0.092,0.10526315789473684,0 2 3 1 4 8 5 16 6 9 7 10 11 12 13 14 15 17 18 19,0 2 3 1 4 8 5 9 7 16 6 10 15 31 17 13 64 32 63 11,phoneme,db6,usage,12,250,250,0
W-QDA,W-QDA:qda,12,0.5,0.08,0.09628336243452232,0 1 2 3 8 4 9 5 16 7 10 6 31 63 17 15 11 12 32 13,0 2 3 1 4 8 5 9 7 16 6 10 15 31 17 13 64 32 63 11,phoneme,db6,usage,12,250,250,0
W-CART,W-CART:cart,22,1.0,0.12,0.13694188076827138,0 2 3 1 4 8 5 9 7 16 6 10 15 31 17 13 64 32 63 11,0 2 3 1 4 8 5 9 7 16 6 10 15 31 17 13 64 32 63 11,phoneme,db6,usage,12,250,250,0
ALL,W-QDA:qda,12,0.5,0.08,0.09628336243452232,0 1 2 3 8 4 9 5 16 7 10 6 31 63 17 15 11 12 32 13,0 2 3 1 4 8 5 9 7 16 6 10 15 31 17 13 64 32 63 11,phoneme,db6,usage,12,250,250,0
W-NN,W-NN:k=25,7,,0.072,0.12172611623846345,0 2 1 3 4 8 5 9 6 10 16 7 31 63 11 12 15 17 13 64,0 2 1 3 4 8 5 9 6 10 16 7 31 63 11 12 15 17 13 64,phoneme,db6,energy,13,250,250,0
W-QDA,W-QDA:qda,8,,0.072,0.10875530057370915,0 2 1 3 4 8 5 9 6 10 16 7 31 63 11 12 15 17 13 64,0 2 1 3 4 8 5 9 6 10 16 7 31 63 11 12 15 17 13 64,phoneme,db6,energy,13,250,250,0
W-CART,W-CART:cart,9,,0.16,0.17685208281366924,0 2 1 3 4 8 5 9 6 10 16 7 31 63 11 12 15 17 13 64,0 2 1 3 4 8 5 9 6 10 16 7 31 63 11 12 15 17 13 64,phoneme,db6,energy,13,250,250,0
ALL,W-NN:k=25,7,,0.072,0.12172611623846345,0 2 1 3 4 8 5 9 6 10 16 7 31 63 11 12 15 17 13 64,0 2 1 3 4 8 5 9 6 10 16 7 31 63 11 12 15 17 13 64,phoneme,db6,energy,13,250,250,0
W-NN,W-NN:k=25,8,2.0,0.068,0.11873285108505861,0 2 4 1 3 8 5 16 6 7 9 10 11 12 13 14 15 17 18 19,0 2 3 1 4 8 5 9 16 7 6 15 31 10 13 63 12 17 11 32,phoneme,db6,usage,13,250,250,0
W-QDA,W-QDA:qda,8,0.5,0.072,0.10875530057370915,0 2 3 1 8 9 4 5 16 10 7 6 31 63 15 11 17 12 64 13,0 2 3 1 4 8 5 9 16 7 6 15 31 10 13 63 12 17 11 32,phoneme,db6,usage,13,250,250,0
W-CART,W-CART:cart,39,1.5,0.144,0.17735096033923672,0 2 3 1 4 8 5 9 16 6 7 10 11 12 13 14 15 17 18 19,0 2 3 1 4 8 5 9 16 7 6 15 31 10 13 63 12 17 11 32,phoneme,db6,usage,13,250,250,0
ALL,W-NN:k=25,8,2.0,0.068,0.11873285108505861,0 2 4 1 3 8 5 16 6 7 9 10 11 12 13 14 15 17 18 19,0 2 3 1 4 8 5 9 16 7 6 15 31 10 13 63 12 17 11 32,phoneme,db6,usage,13,250,250,0
W-NN,W-NN:k=3,21,,0.092,0.11573958593165377,0 2 1 3 4 8 5 9 6 7 16 10 63 31 11 17 15 12 13 64,0 2 1 3 4 8 5 9 6 7 16 10 63 31 11 17 15 12 13 64,phoneme,db6,energy,14,250,250,0
W-QDA,W-QDA:qda,6,,0.104,0.10476428036916936,0 2 1 3 4 8 5 9 6 7 16 10 63 31 11 17 15 12 13 64,0 2 1 3 4 8 5 9 6 7 16 10 63 31 11 17 15 12 13 64,phoneme,db6,energy,14,250,250,0
W-CART,W-CART:cart,36,,0.096,0.1546520329259167,0 2 1 3 4 8 5 9 6 7 16 10 63 31 11 17 15 12 13 64,0 2 1 3 4 8 5 9 6 7 16 10 63 31 11 17 15 12 13 64,phoneme,db6,energy,14,250,250,0
ALL,W-NN:k=3,21,,0.092,0.11573958593165377,0 2 1 3 4 8 5 9 6 7 16 10 63 31 11 17 15 12 13 64,0 2 1 3 4 8 5 9 6 7 16 10 63 31 11 17 15 12 13 64,phoneme,db6,energy,14,250,250,0
W-NN,W-NN:k=3,20,2.0,0.092,0.1124968820154652,0 2 4 3 1 8 5 6 7 9 10 11 12 13 14 15 16 17 18 19,0 2 3 1 4 8 5 9 16 6 7 10 15 31 11 32 12 13 14 17,phoneme,db6,usage,14,250,250,0
W-QDA,W-QDA:qda,15,0.5,0.096,0.1144923921177351,0 2 1 3 8 9 4 5 16 7 6 10 63 31 17 11 15 12 64 13,0 2 3 1 4 8 5 9 16 6 7 10 15 31 11 32 12 13 14 17,phoneme,db6,usage,14,250,250,0
W-CART,W-CART:cart,27,2.0,0.084,0.13793963581940633,0 2 4 3 1 8 5 6 7 9 10 11 12 13 14 15 16 17 18 19,0 2 3 1 4 8 5 9 16 6 7 10 15 31 11 32 12 13 14 17,phoneme,db6,usage,14,250,250,0
ALL,W-CART:cart,27,2.0,0.084,0.13793963581940633,0 2 4 3 1 8 5 6 7 9 10 11 12 13 14 15 16 17 18 19,0 2 3 1 4 8 5 9 16 6 7 10 15 31 11 32 12 13 14 17,phoneme,db6,usage,14,250,250,0
W-NN,W-NN:k=5,12,,0.1,0.10651035170865553,0 2 1 4 3 8 5 9 6 10 7 16 63 11 31 12 17 13 15 64,0 2 1 4 3 8 5 9 6 10 7 16 63 11 31 12 17 13 15 64,phoneme,db6,energy,15,250,250,0
W-QDA,W-QDA:qda,10,,0.088,0.11124968820154651,0 2 1 4 3 8 5 9 6 10 7 16 63 11 31 12 17 13 15 64,0 2 1 4 3 8 5 9 6 10 7 16 63 11 31 12 17 13 15 64,phoneme,db6,energy,15,250,250,0
W-CART,W-CART:cart,10,,0.12,0.15490147168870042,0 2 1 4 3 8 5 9 6 10 7 16 63 11 31 12 17 13 15 64,0 2 1 4 3 8 5 9 6 10 7 16 63 11 31 12 17 13 15 64,phoneme,db6,energy,15,250,250,0
ALL,W-QDA:qda,10,,0.088,0.11124968820154651,0 2 1 4 3 8 5 9 6 10 7 16 63 11 31 12 17 13 15 64,0 2 1 4 3 8 5 9 6 10 7 16 63 11 31 12 17 13 15 64,phoneme,db6,energy,15,250,250,0
W-NN,W-NN:k=1,16,0.5,0.088,0.12247443252681467,0 2 1 3 8 4 9 5 16 10 6 7 63 31 11 15 12 17 64 13,0 2 3 1 4 8 5 9 6 7 16 10 31 63 17 15 11 64 12 13,phoneme,db6,usage,15,250,250,0
W-QDA,W-QDA:qda,16,1.0,0.084,0.11149912696433026,0 2 3 1 4 8 5 9 6 7 16 10 31 63 17 15 11 64 12 13,0 2 3 1 4 8 5 9 6 7 16 10 31 63 17 15 11 64 12 13,phoneme,db6,usage,15,250,250,0
W-CART,W-CART:cart,14,3.0,0.104,0.1573958593165378,0 2 1 4 3 5 6 7 8 9 10 11 12 13 14 15 16 17 18 19,0 2 3 1 4 8 5 9 6 7 16 10 31 63 17 15 11 64 12 13,phoneme,db6,usage,15,250,250,0
ALL,W-QDA:qda,16,1.0,0.084,0.11149912696433026,0 2 3 1 4 8 5 9 6 7 16 10 31 63 17 15 11 64 12 13,0 2 3 1 4 8 5 9 6 7 16 10 31 63 17 15 11 64 12 13,phoneme,db6,usage,15,250,250,0
W-NN,W-NN:k=5,14,,0.064,0.10127213769019705,0 2 1 4 3 8 9 5 6 16 7 10 63 11 31 12 17 15 13 64,0 2 1 4 3 8 9 5 6 16 7 10 63 11 31 12 17 15 13 64,phoneme,db6,energy,16,250,250,0
W-QDA,W-QDA:qda,4,,0.08,0.11424295335495135,0 2 1 4 3 8 9 5 6 16 7 10 63 11 31 12 17 15 13 64,0 2 1 4 3 8 9 5 6 16 7 10 63 11 31 12 17 15 13 64,phoneme,db6,energy,16,250,250,0
W-CART,W-CART:cart,31,,0.148,0.16413070591169868,0 2 1 4 3 8 9 5 6 16 7 10 63 11 31 12 17 15 13 64,0 2 1 4 3 8 9 5 6 16 7 10 63 11 31 12 17 15 13 64,phoneme,db6,energy,16,250,250,0
ALL,W-NN:k=5,14,,0.064,0.10127213769019705,0 2 1 4 3 8 9 5 6 16 7 10 63 11 31 12 17 15 13 64,0 2 1 4 3 8 9 5 6 16 7 10 63 11 31 12 17 15 13 64,phoneme,db6,energy,16,250,250,0
W-NN,W-NN:k=5,17,1.5,0.06,0.10351708655525069,0 2 3 1 4 8 5 7 16 6 9 15 10 11 12 13 14 17 18 19,0 2 3 1 4 8 9 5 6 16 7 10 31 15 17 13 11 12 32 64,phoneme,db6,usage,16,250,250,0
W-QDA,W-QDA:qda,4,2.0,0.08,0.11424295335495135,0 2 1 4 3 8 5 6 7 9 10 11 12 13 14 15 16 17 18 19,0 2 3 1 4 8 9 5 6 16 7 10 31 15 17 13 11 12 32 64,phoneme,db6,usage,16,250,250,0
W-CART,W-CART:cart,9,1.5,0.136,0.1411823397355949,0 2 3 1 4 8 5 7 16 6 9 15 10 11 12 13 14 17 18 19,0 2 3 1 4 8 9 5 6 16 7 10 31 15 17 13 11 12 32 64,phoneme,db6,usage,16,250,250,0
ALL,W-NN:k=5,17,1.5,0.06,0.10351708655525069,0 2 3 1 4 8 5 7 16 6 9 15 10 11 12 13 14 17 18 19,0 2 3 1 4 8 9 5 6 16 7 10 31 15 17 13 11 12 32 64,phoneme,db6,usage,16,250,250,0
W-NN,W-NN:k=5,15,,0.096,0.107009229234223,0 2 1 3 4 8 5 9 6 16 10 7 63 11 31 12 17 15 13 64,0 2 1 3 4 8 5 9 6 16 10 7 63 11 31 12 17 15 13 64,phoneme,db6,energy,17,250,250,0
W-QDA,W-QDA:qda,10,,0.092,0.10476428036916936,0 2 1 3 4 8 5 9 6 16 10 7 63 11 31 12 17 15 13 64,0 2 1 3 4 8 5 9 6 16 10 7 63 11 31 12 17 15 13 64,phoneme,db6,energy,17,250,250,0
W-CART,W-CART:cart,34,,0.14,0.15764529807932154,0 2 1 3 4 8 5 9 6 16 10 7 63 11 31 12 17 15 13 64,0 2 1 3 4 8 5 9 6 16 10 7 63 11 31 12 17 15 13 64,phoneme,db6,energy,17,250,250,0
ALL,W-QDA:qda,10,,0.092,0.10476428036916936,0 2 1 3 4 8 5 9 6 16 10 7 63 11 31 12 17 15 13 64,0 2 1 3 4 8 5 9 6 16 10 7 63 11 31 12 17 15 13 64,phoneme,db6,energy,17,250,250,0
W-NN,W-NN:k=5,12,2.0,0.096,0.1097530556248441,0 2 3 1 4 8 5 6 7 9 10 11 12 13 14 15 16 17 18 19,0 2 3 1 4 8 5 9 16 6 7 10 11 31 15 17 12 32 63 64,phoneme,db6,usage,17,250,250,0
W-QDA,W-QDA:qda,10,1.0,0.092,0.10476428036916936,0 2 3 1 4 8 5 9 16 6 7 10 11 31 15 17 12 32 63 64,0 2 3 1 4 8 5 9 16 6 7 10 11 31 15 17 12 32 63 64,phoneme,db6,usage,17,250,250,0
W-CART,W-CART:cart,19,0.5,0.144,0.14417560488899975,0 2 3 1 4 8 9 5 16 10 6 7 63 31 15 11 17 12 32 64,0 2 3 1 4 8 5 9 16 6 7 10 11 31 15 17 12 32 63 64,phoneme,db6,usage,17,250,250,0
ALL,W-QDA:qda,10,1.0,0.092,0.10476428036916936,0 2 3 1 4 8 5 9 16 6 7 10 11 31 15 17 12 32 63 64,0 2 3 1 4 8 5 9 16 6 7 10 11 31 15 17 12 32 63 64,phoneme,db6,usage,17,250,250,0
W-NN,W-NN:k=9,9,,0.08,0.11349463706660015,0 2 1 3 4 8 5 9 6 16 10 7 63 31 11 17 15 12 64 13,0 2 1 3 4 8 5 9 6 16 10 7 63 31 11 17 15 12 64 13,phoneme,db6,energy,18,250,250,0
W-QDA,W-QDA:qda,9,,0.084,0.1050137191319531,0 2 1 3 4 8 5 9 6 16 10 7 63 31 11 17 15 12 64 13,0 2 1 3 4 8 5 9 6 16 10 7 63 31 11 17 15 12 64 13,phoneme,db6,energy,18,250,250,0
W-CART,W-CART:cart,12,,0.128,0.14292841107508106,0 2 1 3 4 8 5 9 6 16 10 7 63 31 11 17 15 12 64 13,0 2 1 3 4 8 5 9 6 16 10 7 63 31 11 17 15 12 64 13,phoneme,db6,energy,18,250,250,0
ALL,W-NN:k=9,9,,0.08,0.11349463706660015,0 2 1 3 4 8 5 9 6 16 10 7 63 31 11 17 15 12 64 13,0 2 1 3 4 8 5 9 6 16 10 7 63 31 11 17 15 12 64 13,phoneme,db6,energy,18,250,250,0
W-NN,W-NN:k=9,11,1.0,0.076,0.11324519830381641,0 2 3 1 4 8 5 9 16 7 6 10 15 31 64 12 17 32 63 11,0 2 3 1 4 8 5 9 16 7 6 10 15 31 64 12 17 32 63 11,phoneme,db6,usage,18,250,250,0
W-QDA,W-QDA:qda,10,2.0,0.08,0.10750810675979047,0 2 1 4 3 8 5 6 7 9 10 11 12 13 14 15 16 17 18 19,0 2 3 1 4 8 5 9 16 7 6 10 15 31 64 12 17 32 63 11,phoneme,db6,usage,18,250,250,0
W-CART,W-CART:cart,8,2.0,0.12,0.1459216762284859,0 2 1 4 3 8 5 6 7 9 10 11 12 13 14 15 16 17 18 19,0 2 3 1 4 8 5 9 16 7 6 10 15 31 64 12 17 32 63 11,phoneme,db6,usage,18,250,250,0
ALL,W-NN:k=9,11,1.0,0.076,0.11324519830381641,0 2 3 1 4 8 5 9 16 7 6 10 15 31 64 12 17 32 63 11,0 2 3 1 4 8 5 9 16 7 6 10 15 31 64 12 17 32 63 11,phoneme,db6,usage,18,250,250,0
W-NN,W-NN:k=7,45,,0.116,0.1077575455225742,0 2 1 3 4 8 5 9 6 7 16 10 63 31 11 17 12 64 15 13,0 2 1 3 4 8 5 9 6 7 16 10 63 31 11 17 12 64 15 13,phoneme,db6,energy,19,250,250,0
W-QDA,W-QDA:qda,16,,0.104,0.09378897480668495,0 2 1 3 4 8 5 9 6 7 16 10 63 31 11 17 12 64 15 13,0 2 1 3 4 8 5 9 6 7 16 10 63 31 11 17 12 64 15 13,phoneme,db6,energy,19,250,250,0
W-CART,W-CART:cart,8,,0.144,0.14642055375405338,0 2 1 3 4 8 5 9 6 7 16 10 63 31 11 17 12 64 15 13,0 2 1 3 4 8 5 9 6 7 16 10 63 31 11 17 12 64 15 13,phoneme,db6,energy,19,250,250,0
ALL,W-QDA:qda,16,,0.104,0.09378897480668495,0 2 1 3 4 8 5 9 6 7 16 10 63 31 11 17 12 64 15 13,0 2 1 3 4 8 5 9 6 7 16 10 63 31 11 17 12 64 15 13,phoneme,db6,energy,19,250,250,0
W-NN,W-NN:k=7,60,0.5,0.112,0.10875530057370915,0 2 3 1 8 4 9 5 10 16 7 6 63 31 17 11 15 64 12 32,0 2 3 1 4 8 5 9 16 6 7 10 31 15 63 11 17 64 12 14,phoneme,db6,usage,19,250,250,0
W-QDA,W-QDA:qda,15,1.0,0.096,0.10202045397854827,0 2 3 1 4 8 5 9 16 6 7 10 31 15 63 11 17 64 12 14,0 2 3 1 4 8 5 9 16 6 7 10 31 15 63 11 17 64 12 14,phoneme,db6,usage,19,250,250,0
W-CART,W-CART:cart,53,1.0,0.124,0.16038912446994263,0 2 3 1 4 8 5 9 16 6 7 10 31 15 63 11 17 64 12 14,0 2 3 1 4 8 5 9 16 6 7 10 31 15 63 11 17 64 12 14,phoneme,db6,usage,19,250,250,0
ALL,W-QDA:qda,15,1.0,0.096,0.10202045397854827,0 2 3 1 4 8 5 9 16 6 7 10 31 15 63 11 17 64 12 14,0 2 3 1 4 8 5 9 16 6 7 10 31 15 63 11 17 64 12 14,phoneme,db6,usage,19,250,250,0
W-NN,W-NN:k=7,5,,0.08,0.11698677974557246,0 2 1 3 4 8 5 9 6 7 16 10 11 63 31 17 15 12 64 13,0 2 1 3 4 8 5 9 6 7 16 10 11 63 31 17 15 12 64 13,phoneme,db6,energy,20,250,250,0
W-QDA,W-QDA:qda,12,,0.096,0.09753055624844101,0 2 1 3 4 8 5 9 6 7 16 10 11 63 31 17 15 12 64 13,0 2 1 3 4 8 5 9 6 7 16 10 11 63 31 17 15 12 64 13,phoneme,db6,energy,20,250,250,0
W-CART,W-CART:cart,16,,0.128,0.15490147168870042,0 2 1 3 4 8 5 9 6 7 16 10 11 63 31 17 15 12 64 13,0 2 1 3 4 8 5 9 6 7 16 10 11 63 31 17 15 12 64 13,phoneme,db6,energy,20,250,250,0
ALL,W-NN:k=7,5,,0.08,0.11698677974557246,0 2 1 3 4 8 5 9 6 7 16 10 11 63 31 17 15 12 64 13,0 2 1 3 4 8 5 9 6 7 16 10 11 63 31 17 15 12 64 13,phoneme,db6,energy,20,250,250,0
W-NN,W-NN:k=5,13,1.5,0.076,0.10426540284360189,0 2 3 1 4 8 5 7 9 16 6 15 10 11 12 13 14 17 18 19,0 2 3 1 4 8 9 5 6 7 16 31 15 11 63 10 64 13 12 17,phoneme,db6,usage,20,250,250,0
W-QDA,W-QDA:qda,14,0.5,0.088,0.09528560738338737,0 1 2 3 8 9 4 5 16 7 10 6 31 63 11 15 17 64 32 12,0 2 3 1 4 8 9 5 6 7 16 31 15 11 63 10 64 13 12 17,phoneme,db6,usage,20,250,250,0
W-CART,W-CART:cart,10,3.0,0.124,0.1506610127213769,0 2 1 4 3 5 6 7 8 9 10 11 12 13 14 15 16 17 18 19,0 2 3 1 4 8 9 5 6 7 16 31 15 11 63 10 64 13 12 17,phoneme,db6,usage,20,250,250,0
ALL,W-NN:k=5,13,1.5,0.076,0.10426540284360189,0 2 3 1 4 8 5 7 9 16 6 15 10 11 12 13 14 17 18 19,0 2 3 1 4 8 9 5 6 7 16 31 15 11 63 10 64 13 12 17,phoneme,db6,usage,20,250,250,0
W-NN,W-NN:k=9,8,,0.072,0.10900473933649289,0 2 1 3 4 8 5 9 6 16 10 7 63 31 17 11 12 15 13 64,0 2 1 3 4 8 5 9 6 16 10 7 63 31 17 11 12 15 13 64,phoneme,db6,energy,21,250,250,0
W-QDA,W-QDA:qda,14,,0.072,0.09852831129957595,0 2 1 3 4 8 5 9 6 16 10 7 63 31 17 11 12 15 13 64,0 2 1 3 4 8 5 9 6 16 10 7 63 31 17 11 12 15 13 64,phoneme,db6,energy,21,250,250,0
W-CART,W-CART:cart,25,,0.1,0.14691943127962084,0 2 1 3 4 8 5 9 6 16 10 7 63 31 17 11 12 15 13 64,0 2 1 3 4 8 5 9 6 16 10 7 63 31 17 11 12 15 13 64,phoneme,db6,energy,21,250,250,0
ALL,W-NN:k=9,8,,0.072,0.10900473933649289,0 2 1 3 4 8 5 9 6 16 10 7 63 31 17 11 12 15 13 64,0 2 1 3 4 8 5 9 6 16 10 7 63 31 17 11 12 15 13 64,phoneme,db6,energy,21,250,250,0
W-NN,W-NN:k=15,28,0.5,0.068,0.102269892741332,0 2 1 3 8 4 9 5 16 10 7 6 63 31 15 17 11 12 32 64,0 2 3 1 4 8 5 9 16 6 7 31 10 15 17 11 20 64 12 13,phoneme,db6,usage,21,250,250,0
W-QDA,W-QDA:qda,10,2.0,0.064,0.10725866799700673,0 2 1 4 3 8 5 16 6 7 9 10 11 12 13 14 15 17 18 19,0 2 3 1 4 8 5 9 16 6 7 31 10 15 17 11 20 64 12 13,phoneme,db6,usage,21,250,250,0
W-CART,W-CART:cart,12,0.5,0.088,0.14218009478672985,0 2 1 3 8 4 9 5 16 10 7 6 63 31 15 17 11 12 32 64,0 2 3 1 4 8 5 9 16 6 7 31 10 15 17 11 20 64 12 13,phoneme,db6,usage,21,250,250,0
ALL,W-QDA:qda,10,2.0,0.064,0.10725866799700673,0 2 1 4 3 8 5 16 6 7 9 10 11 12 13 14 15 17 18 19,0 2 3 1 4 8 5 9 16 6 7 31 10 15 17 11 20 64 12 13,phoneme,db6,usage,21,250,250,0
W-NN,W-NN:k=3,12,,0.092,0.11374407582938388,0 2 1 3 4 5 8 9 6 16 7 10 63 31 17 11 15 12 64 13,0 2 1 3 4 5 8 9 6 16 7 10 63 31 17 11 15 12 64 13,phoneme,db6,energy,22,250,250,0
W-QDA,W-QDA:qda,5,,0.1,0.11399351459216762,0 2 1 3 4 5 8 9 6 16 7 10 63 31 17 11 15 12 64 13,0 2 1 3 4 5 8 9 6 16 7 10 63 31 17 11 15 12 64 13,phoneme,db6,energy,22,250,250,0
W-CART,W-CART:cart,32,,0.12,0.1588924918932402,0 2 1 3 4 5 8 9 6 16 7 10 63 31 17 11 15 12 64 13,0 2 1 3 4 5 8 9 6 16 7 10 63 31 17 11 15 12 64 13,phoneme,db6,energy,22,250,250,0
ALL,W-NN:k=3,12,,0.092,0.11374407582938388,0 2 1 3 4 5 8 9 6 16 7 10 63 31 17 11 15 12 64 13,0 2 1 3 4 5 8 9 6 16 7 10 63 31 17 11 15 12 64 13,phoneme,db6,energy,22,250,250,0
W-NN,W-NN:k=3,11,2.0,0.092,0.1152407084060863,0 2 1 4 3 8 5 6 7 9 10 11 12 13 14 15 16 17 18 19,0 1 2 3 4 8 5 9 16 7 6 10 15 31 17 63 64 11 12 13,phoneme,db6,usage,22,250,250,0
W-QDA,W-QDA:qda,5,1.0,0.1,0.11399351459216762,0 1 2 3 4 8 5 9 16 7 6 10 15 31 17 63 64 11 12 13,0 1 2 3 4 8 5 9 16 7 6 10 15 31 17 63 64 11 12 13,phoneme,db6,usage,22,250,250,0
W-CART,W-CART:cart,23,1.5,0.108,0.14816662509353953,0 2 3 1 4 8 5 9 6 16 7 31 10 11 12 13 14 15 17 18,0 1 2 3 4 8 5 9 16 7 6 10 15 31 17 63 64 11 12 13,phoneme,db6,usage,22,250,250,0
ALL,W-NN:k=3,11,2.0,0.092,0.1152407084060863,0 2 1 4 3 8 5 6 7 9 10 11 12 13 14 15 16 17 18 19,0 1 2 3 4 8 5 9 16 7 6 10 15 31 17 63 64 11 12 13,phoneme,db6,usage,22,250,250,0
W-NN,W-NN:k=9,33,,0.076,0.10077326016462958,0 2 1 3 4 8 5 9 6 16 7 10 63 31 11 17 12 15 13 64,0 2 1 3 4 8 5 9 6 16 7 10 63 31 11 17 12 15 13 64,phoneme,db6,energy,23,250,250,0
W-QDA,W-QDA:qda,12,,0.076,0.10177101521576452,0 2 1 3 4 8 5 9 6 16 7 10 63 31 11 17 12 15 13 64,0 2 1 3 4 8 5 9 6 16 7 10 63 31 11 17 12 15 13 64,phoneme,db6,energy,23,250,250,0
W-CART,W-CART:cart,12,,0.116,0.1703666749812921,0 2 1 3 4 8 5 9 6 16 7 10 63 31 11 17 12 15 13 64,0 2 1 3 4 8 5 9 6 16 7 10 63 31 11 17 12 15 13 64,phoneme,db6,energy,23,250,250,0
ALL,W-QDA:qda,12,,0.076,0.10177101521576452,0 2 1 3 4 8 5 9 6 16 7 10 63 31 11 17 12 15 13 64,0 2 1 3 4 8 5 9 6 16 7 10 63 31 11 17 12 15 13 64,phoneme,db6,energy,23,250,250,0
W-NN,W-NN:k=25,21,1.5,0.076,0.10576203542030431,0 2 3 1 4 8 5 16 7 9 6 15 31 10 11 12 13 14 17 18,0 2 3 1 4 8 9 5 16 7 6 31 10 15 17 63 11 12 18 20,phoneme,db6,usage,23,250,250,0
W-QDA,W-QDA:qda,13,1.0,0.072,0.10177101521576452,0 2 3 1 4 8 9 5 16 7 6 31 10 15 17 63 11 12 18 20,0 2 3 1 4 8 9 5 16 7 6 31 10 15 17 63 11 12 18 20,phoneme,db6,usage,23,250,250,0
W-CART,W-CART:cart,13,0.5,0.104,0.1696183586929409,0 2 3 1 8 4 9 5 16 7 10 6 63 31 17 15 11 12 32 13,0 2 3 1 4 8 9 5 16 7 6 31 10 15 17 63 11 12 18 20,phoneme,db6,usage,23,250,250,0
ALL,W-QDA:qda,13,1.0,0.072,0.10177101521576452,0 2 3 1 4 8 9 5 16 7 6 31 10 15 17 63 11 12 18 20,0 2 3 1 4 8 9 5 16 7 6 31 10 15 17 63 11 12 18 20,phoneme,db6,usage,23,250,250,0
W-NN,W-NN:k=3,24,,0.08,0.11299575954103268,0 2 1 4 3 8 5 9 6 16 7 10 63 31 11 17 12 15 13 64,0 2 1 4 3 8 5 9 6 16 7 10 63 31 11 17 12 15 13 64,phoneme,db6,energy,24,250,250,0
W-QDA,W-QDA:qda,12,,0.1,0.10925417809927662,0 2 1 4 3 8 5 9 6 16 7 10 63 31 11 17 12 15 13 64,0 2 1 4 3 8 5 9 6 16 7 10 63 31 11 17 12 15 13 64,phoneme,db6,energy,24,250,250,0
W-CART,W-CART:cart,22,,0.12,0.1471688700424046,0 2 1 4 3 8 5 9 6 16 7 10 63 31 11 17 12 15 13 64,0 2 1 4 3 8 5 9 6 16 7 10 63 31 11 17 12 15 13 64,phoneme,db6,energy,24,250,250,0
ALL,W-NN:k=3,24,,0.08,0.11299575954103268,0 2 1 4 3 8 5 9 6 16 7 10 63 31 11 17 12 15 13 64,0 2 1 4 3 8 5 9 6 16 7 10 63 31 11 17 12 15 13 64,phoneme,db6,energy,24,250,250,0
W-NN,W-NN:k=3,37,0.5,0.076,0.10750810675979047,0 2 1 3 8 4 9 5 16 7 10 6 63 31 17 15 11 12 32 64,0 2 3 1 4 8 5 9 16 6 7 15 10 31 11 12 17 20 14 32,phoneme,db6,usage,24,250,250,0
W-QDA,W-QDA:qda,12,0.5,0.1,0.10925417809927662,0 2 1 3 8 4 9 5 16 7 10 6 63 31 17 15 11 12 32 64,0 2 3 1 4 8 5 9 16 6 7 15 10 31 11 12 17 20 14 32,phoneme,db6,usage,24,250,250,0
W-CART,W-CART:cart,35,3.0,0.116,0.15864305313045649,0 2 1 4 3 5 6 7 8 9 10 11 12 13 14 15 16 17 18 19,0 2 3 1 4 8 5 9 16 6 7 15 10 31 11 12 17 20 14 32,phoneme,db6,usage,24,250,250,0
ALL,W-NN:k=3,37,0.5,0.076,0.10750810675979047,0 2 1 3 8 4 9 5 16 7 10 6 63 31 17 15 11 12 32 64,0 2 3 1 4 8 5 9 16 6 7 15 10 31 11 12 17 20 14 32,phoneme,db6,usage,24,250,250,0
W-NN,W-NN:k=25,18,,0.088,0.11823397355949114,0 2 1 4 3 8 5 9 6 16 7 10 63 31 11 17 15 12 13 64,0 2 1 4 3 8 5 9 6 16 7 10 63 31 11 17 15 12 13 64,phoneme,db6,energy,25,250,250,0
W-QDA,W-QDA:qda,22,,0.116,0.13544524819156897,0 2 1 4 3 8 5 9 6 16 7 10 63 31 11 17 15 12 13 64,0 2 1 4 3 8 5 9 6 16 7 10 63 31 11 17 15 12 13 64,phoneme,db6,energy,25,250,250,0
W-CART,W-CART:cart,15,,0.112,0.1471688700424046,0 2 1 4 3 8 5 9 6 16 7 10 63 31 11 17 15 12 13 64,0 2 1 4 3 8 5 9 6 16 7 10 63 31 11 17 15 12 13 64,phoneme,db6,energy,25,250,250,0
ALL,W-NN:k=25,18,,0.088,0.11823397355949114,0 2 1 4 3 8 5 9 6 16 7 10 63 31 11 17 15 12 13 64,0 2 1 4 3 8 5 9 6 16 7 10 63 31 11 17 15 12 13 64,phoneme,db6,energy,25,250,250,0
W-NN,W-NN:k=1,14,1.0,0.088,0.13519580942878523,0 2 3 1 4 8 5 9 16 7 6 15 10 31 63 17 32 12 13 64,0 2 3 1 4 8 5 9 16 7 6 15 10 31 63 17 32 12 13 64,phoneme,db6,usage,25,250,250,0
W-QDA,W-QDA:qda,8,1.5,0.108,0.1219755550012472,0 2 3 1 4 8 5 16 6 9 10 7 11 12 13 14 15 17 18 19,0 2 3 1 4 8 5 9 16 7 6 15 10 31 63 17 32 12 13 64,phoneme,db6,usage,25,250,250,0
W-CART,W-CART:cart,13,2.0,0.108,0.15290596158643052,0 2 4 1 3 8 5 16 6 7 9 10 11 12 13 14 15 17 18 19,0 2 3 1 4 8 5 9 16 7 6 15 10 31 63 17 32 12 13 64,phoneme,db6,usage,25,250,250,0
ALL,W-NN:k=1,14,1.0,0.088,0.13519580942878523,0 2 3 1 4 8 5 9 16 7 6 15 10 31 63 17 32 12 13 64,0 2 3 1 4 8 5 9 16 7 6 15 10 31 63 17 32 12 13 64,phoneme,db6,usage,25,250,250,0
W-NN,W-NN:k=15,29,,0.084,0.11075081067597904,0 2 1 3 4 8 5 9 6 16 7 10 63 31 11 17 12 15 13 14,0 2 1 3 4 8 5 9 6 16 7 10 63 31 11 17 12 15 13 14,phoneme,db6,energy,26,250,250,0
W-QDA,W-QDA:qda,12,,0.088,0.09753055624844101,0 2 1 3 4 8 5 9 6 16 7 10 63 31 11 17 12 15 13 14,0 2 1 3 4 8 5 9 6 16 7 10 63 31 11 17 12 15 13 14,phoneme,db6,energy,26,250,250,0
W-CART,W-CART:cart,55,,0.12,0.14866550261910702,0 2 1 3 4 8 5 9 6 16 7 10 63 31 11 17 12 15 13 14,0 2 1 3 4 8 5 9 6 16 7 10 63 31 11 17 12 15 13 14,phoneme,db6,energy,26,250,250,0
ALL,W-NN:k=15,29,,0.084,0.11075081067597904,0 2 1 3 4 8 5 9 6 16 7 10 63 31 11 17 12 15 13 14,0 2 1 3 4 8 5 9 6 16 7 10 63 31 11 17 12 15 13 14,phoneme,db6,energy,26,250,250,0
W-NN,W-NN:k=15,22,1.0,0.08,0.11149912696433026,0 2 3 1 4 8 5 9 16 7 6 10 31 15 17 11 63 18 32 64,0 2 3 1 4 8 5 9 16 7 6 10 31 15 17 11 63 18 32 64,phoneme,db6,usage,26,250,250,0
W-QDA,W-QDA:qda,12,0.5,0.088,0.09753055624844101,0 2 3 1 8 9 4 5 16 7 6 10 63 31 17 15 11 12 32 13,0 2 3 1 4 8 5 9 16 7 6 10 31 15 17 11 63 18 32 64,phoneme,db6,usage,26,250,250,0
W-CART,W-CART:cart,48,1.0,0.12,0.14866550261910702,0 2 3 1 4 8 5 9 16 7 6 10 31 15 17 11 63 18 32 64,0 2 3 1 4 8 5 9 16 7 6 10 31 15 17 11 63 18 32 64,phoneme,db6,usage,26,250,250,0
ALL,W-NN:k=15,22,1.0,0.08,0.11149912696433026,0 2 3 1 4 8 5 9 16 7 6 10 31 15 17 11 63 18 32 64,0 2 3 1 4 8 5 9 16 7 6 10 31 15 17 11 63 18 32 64,phoneme,db6,usage,26,250,250,0
W-NN,W-NN:k=9,12,,0.064,0.11549014716887004,0 2 1 4 3 5 8 9 6 16 7 10 63 11 31 17 12 15 13 64,0 2 1 4 3 5 8 9 6 16 7 10 63 11 31 17 12 15 13 64,phoneme,db6,energy,27,250,250,0
W-QDA,W-QDA:qda,22,,0.092,0.13494637066600149,0 2 1 4 3 5 8 9 6 16 7 10 63 11 31 17 12 15 13 64,0 2 1 4 3 5 8 9 6 16 7 10 63 11 31 17 12 15 13 64,phoneme,db6,energy,27,250,250,0
W-CART,W-CART:cart,7,,0.132,0.1656273384884011,0 2 1 4 3 5 8 9 6 16 7 10 63 11 31 17 12 15 13 64,0 2 1 4 3 5 8 9 6 16 7 10 63 11 31 17 12 15 13 64,phoneme,db6,energy,27,250,250,0
ALL,W-NN:k=9,12,,0.064,0.11549014716887004,0 2 1 4 3 5 8 9 6 16 7 10 63 11 31 17 12 15 13 64,0 2 1 4 3 5 8 9 6 16 7 10 63 11 31 17 12 15 13 64,phoneme,db6,energy,27,250,250,0
W-NN,W-NN:k=9,12,0.5,0.064,0.11549014716887004,0 2 1 3 8 4 9 5 16 6 7 10 63 31 11 17 15 64 12 14,0 2 3 1 4 8 5 9 16 7 6 31 10 15 17 11 63 64 14 20,phoneme,db6,usage,27,250,250,0
W-QDA,W-QDA:qda,22,1.5,0.084,0.13494637066600149,0 2 3 1 4 8 5 16 9 6 7 15 20 10 11 12 13 14 17 18,0 2 3 1 4 8 5 9 16 7 6 31 10 15 17 11 63 64 14 20,phoneme,db6,usage,27,250,250,0
W-CART,W-CART:cart,10,1.0,0.124,0.1738588176602644,0 2 3 1 4 8 5 9 16 7 6 31 10 15 17 11 63 64 14 20,0 2 3 1 4 8 5 9 16 7 6 31 10 15 17 11 63 64 14 20,phoneme,db6,usage,27,250,250,0
ALL,W-NN:k=9,12,0.5,0.064,0.11549014716887004,0 2 1 3 8 4 9 5 16 6 7 10 63 31 11 17 15 64 12 14,0 2 3 1 4 8 5 9 16 7 6 31 10 15 17 11 63 64 14 20,phoneme,db6,usage,27,250,250,0
W-NN,W-NN:k=15,51,,0.06,0.10077326016462958,0 2 1 3 4 8 5 9 6 7 16 10 63 31 11 17 12 13 15 64,0 2 1 3 4 8 5 9 6 7 16 10 63 31 11 17 12 13 15 64,phoneme,db6,energy,28,250,250,0
W-QDA,W-QDA:qda,11,,0.076,0.10177101521576452,0 2 1 3 4 8 5 9 6 7 16 10 63 31 11 17 12 13 15 64,0 2 1 3 4 8 5 9 6 7 16 10 63 31 11 17 12 13 15 64,phoneme,db6,energy,28,250,250,0
W-CART,W-CART:cart,14,,0.096,0.1416812172611624,0 2 1 3 4 8 5 9 6 7 16 10 63 31 11 17 12 13 15 64,0 2 1 3 4 8 5 9 6 7 16 10 63 31 11 17 12 13 15 64,phoneme,db6,energy,28,250,250,0
ALL,W-NN:k=15,51,,0.06,0.10077326016462958,0 2 1 3 4 8 5 9 6 7 16 10 63 31 11 17 12 13 15 64,0 2 1 3 4 8 5 9 6 7 16 10 63 31 11 17 12 13 15 64,phoneme,db6,energy,28,250,250,0
W-NN,W-NN:k=9,10,0.5,0.06,0.10102269892741332,0 2 1 3 8 9 4 5 16 10 7 6 63 31 11 17 15 12 13 64,0 2 1 3 4 8 9 5 16 7 6 10 31 63 15 12 17 64 11 13,phoneme,db6,usage,28,250,250,0
W-QDA,W-QDA:qda,11,1.0,0.076,0.10177101521576452,0 2 1 3 4 8 9 5 16 7 6 10 31 63 15 12 17 64 11 13,0 2 1 3 4 8 9 5 16 7 6 10 31 63 15 12 17 64 11 13,phoneme,db6,usage,28,250,250,0
W-CART,W-CART:cart,8,1.5,0.084,0.12771264654527315,0 2 3 1 4 8 5 16 7 9 6 10 11 12 13 14 15 17 18 19,0 2 1 3 4 8 9 5 16 7 6 10 31 63 15 12 17 64 11 13,phoneme,db6,usage,28,250,250,0
ALL,W-NN:k=9,10,0.5,0.06,0.10102269892741332,0 2 1 3 8 9 4 5 16 10 7 6 63 31 11 17 15 12 13 64,0 2 1 3 4 8 9 5 16 7 6 10 31 63 15 12 17 64 11 13,phoneme,db6,usage,28,250,250,0
W-NN,W-NN:k=9,13,,0.088,0.10825642304814168,0 2 1 3 4 5 8 9 6 16 7 10 63 31 17 11 12 15 64 14,0 2 1 3 4 5 8 9 6 16 7 10 63 31 17 11 12 15 64 14,phoneme,db6,energy,29,250,250,0
W-QDA,W-QDA:qda,5,,0.096,0.10950361686206037,0 2 1 3 4 5 8 9 6 16 7 10 63 31 17 11 12 15 64 14,0 2 1 3 4 5 8 9 6 16 7 10 63 31 17 11 12 15 64 14,phoneme,db6,energy,29,250,250,0
W-CART,W-CART:cart,7,,0.12,0.13694188076827138,0 2 1 3 4 5 8 9 6 16 7 10 63 31 17 11 12 15 64 14,0 2 1 3 4 5 8 9 6 16 7 10 63 31 17 11 12 15 64 14,phoneme,db6,energy,29,250,250,0
ALL,W-NN:k=9,13,,0.088,0.10825642304814168,0 2 1 3 4 5 8 9 6 16 7 10 63 31 17 11 12 15 64 14,0 2 1 3 4 5 8 9 6 16 7 10 63 31 17 11 12 15 64 14,phoneme,db6,energy,29,250,250,0
W-NN,W-NN:k=9,13,0.5,0.088,0.10825642304814168,0 2 1 3 8 9 4 5 16 6 7 10 63 31 17 15 11 12 64 32,0 2 3 1 4 8 9 5 16 7 6 10 15 31 17 11 64 65 12 13,phoneme,db6,usage,29,250,250,0
W-QDA,W-QDA:qda,9,1.5,0.092,0.1050137191319531,0 2 3 1 4 8 5 16 7 9 6 10 11 12 13 14 15 17 18 19,0 2 3 1 4 8 9 5 16 7 6 10 15 31 17 11 64 65 12 13,phoneme,db6,usage,29,250,250,0
W-CART,W-CART:cart,6,2.0,0.12,0.13818907458219007,0 2 1 4 3 8 5 16 6 7 9 10 11 12 13 14 15 17 18 19,0 2 3 1 4 8 9 5 16 7 6 10 15 31 17 11 64 65 12 13,phoneme,db6,usage,29,250,250,0
ALL,W-NN:k=9,13,0.5,0.088,0.10825642304814168,0 2 1 3 8 9 4 5 16 6 7 10 63 31 17 15 11 12 64 32,0 2 3 1 4 8 9 5 16 7 6 10 15 31 17 11 64 65 12 13,phoneme,db6,usage,29,250,250,0
W-NN,W-NN:k=5,16,,0.096,0.11474183088051883,0 2 1 4 3 5 8 9 6 10 7 16 63 31 11 17 12 13 15 64,0 2 1 4 3 5 8 9 6 10 7 16 63 31 11 17 12 13 15 64,phoneme,db6,energy,30,250,250,0
W-QDA,W-QDA:qda,7,,0.108,0.11025193315041157,0 2 1 4 3 5 8 9 6 10 7 16 63 31 11 17 12 13 15 64,0 2 1 4 3 5 8 9 6 10 7 16 63 31 11 17 12 13 15 64,phoneme,db6,energy,30,250,250,0
W-CART,W-CART:cart,36,,0.12,0.15714642055375405,0 2 1 4 3 5 8 9 6 10 7 16 63 31 11 17 12 13 15 64,0 2 1 4 3 5 8 9 6 10 7 16 63 31 11 17 12 13 15 64,phoneme,db6,energy,30,250,250,0
ALL,W-NN:k=5,16,,0.096,0.11474183088051883,0 2 1 4 3 5 8 9 6 10 7 16 63 31 11 17 12 13 15 64,0 2 1 4 3 5 8 9 6 10 7 16 63 31 11 17 12 13 15 64,phoneme,db6,energy,30,250,250,0
W-NN,W-NN:k=5,12,2.0,0.1,0.11948116737340983,0 2 1 4 3 8 5 6 7 9 10 11 12 13 14 15 16 17 18 19,0 2 3 1 4 8 5 9 7 16 6 10 15 31 17 11 63 64 12 13,phoneme,db6,usage,30,250,250,0
W-QDA,W-QDA:qda,9,0.5,0.096,0.11773509603392367,0 1 2 3 8 9 4 5 16 10 6 7 63 31 17 15 11 64 12 13,0 2 3 1 4 8 5 9 7 16 6 10 15 31 17 11 63 64 12 13,phoneme,db6,usage,30,250,250,0
W-CART,W-CART:cart,38,1.0,0.116,0.1561486655026191,0 2 3 1 4 8 5 9 7 16 6 10 15 31 17 11 63 64 12 13,0 2 3 1 4 8 5 9 7 16 6 10 15 31 17 11 63 64 12 13,phoneme,db6,usage,30,250,250,0
ALL,W-QDA:qda,9,0.5,0.096,0.11773509603392367,0 1 2 3 8 9 4 5 16 10 6 7 63 31 17 15 11 64 12 13,0 2 3 1 4 8 5 9 7 16 6 10 15 31 17 11 63 64 12 13,phoneme,db6,usage,30,250,250,0
W-NN,W-NN:k=3,17,,0.096,0.10800698428535795,0 2 1 3 4 8 5 9 6 16 10 7 63 31 17 11 15 12 13 64,0 2 1 3 4 8 5 9 6 16 10 7 63 31 17 11 15 12 13 64,phoneme,db6,energy,31,250,250,0
W-QDA,W-QDA:qda,8,,0.108,0.09503616862060364,0 2 1 3 4 8 5 9 6 16 10 7 63 31 17 11 15 12 13 64,0 2 1 3 4 8 5 9 6 16 10 7 63 31 17 11 15 12 13 64,phoneme,db6,energy,31,250,250,0
W-CART,W-CART:cart,37,,0.096,0.14467448241456723,0 2 1 3 4 8 5 9 6 16 10 7 63 31 17 11 15 12 13 64,0 2 1 3 4 8 5 9 6 16 10 7 63 31 17 11 15 12 13 64,phoneme,db6,energy,31,250,250,0
ALL,W-NN:k=3,17,,0.096,0.10800698428535795,0 2 1 3 4 8 5 9 6 16 10 7 63 31 17 11 15 12 13 64,0 2 1 3 4 8 5 9 6 16 10 7 63 31 17 11 15 12 13 64,phoneme,db6,energy,31,250,250,0
W-NN,W-NN:k=15,10,1.5,0.096,0.11499126964330257,0 2 3 1 4 8 5 16 7 9 6 10 15 11 12 13 14 17 18 19,0 2 3 1 4 8 9 5 16 6 7 10 31 15 17 11 63 12 20 32,phoneme,db6,usage,31,250,250,0
W-QDA,W-QDA:qda,12,2.0,0.104,0.0947867298578199,0 2 1 4 3 8 5 6 7 9 10 11 12 13 14 15 16 17 18 19,0 2 3 1 4 8 9 5 16 6 7 10 31 15 17 11 63 12 20 32,phoneme,db6,usage,31,250,250,0
W-CART,W-CART:cart,20,1.5,0.096,0.13694188076827138,0 2 3 1 4 8 5 16 7 9 6 10 15 11 12 13 14 17 18 19,0 2 3 1 4 8 9 5 16 6 7 10 31 15 17 11 63 12 20 32,phoneme,db6,usage,31,250,250,0
ALL,W-NN:k=15,10,1.5,0.096,0.11499126964330257,0 2 3 1 4 8 5 16 7 9 6 10 15 11 12 13 14 17 18 19,0 2 3 1 4 8 9 5 16 6 7 10 31 15 17 11 63 12 20 32,phoneme,db6,usage,31,250,250,0
W-NN,W-NN:k=9,9,,0.08,0.11499126964330257,0 2 1 3 4 8 5 9 6 10 16 7 11 63 31 17 15 13 12 64,0 2 1 3 4 8 5 9 6 10 16 7 11 63 31 17 15 13 12 64,phoneme,db6,energy,32,250,250,0
W-QDA,W-QDA:qda,6,,0.104,0.11174856572711399,0 2 1 3 4 8 5 9 6 10 16 7 11 63 31 17 15 13 12 64,0 2 1 3 4 8 5 9 6 10 16 7 11 63 31 17 15 13 12 64,phoneme,db6,energy,32,250,250,0
W-CART,W-CART:cart,7,,0.136,0.15589922673983536,0 2 1 3 4 8 5 9 6 10 16 7 11 63 31 17 15 13 12 64,0 2 1 3 4 8 5 9 6 10 16 7 11 63 31 17 15 13 12 64,phoneme,db6,energy,32,250,250,0
ALL,W-NN:k=9,9,,0.08,0.11499126964330257,0 2 1 3 4 8 5 9 6 10 16 7 11 63 31 17 15 13 12 64,0 2 1 3 4 8 5 9 6 10 16 7 11 63 31 17 15 13 12 64,phoneme,db6,energy,32,250,250,0
W-NN,W-NN:k=9,10,1.0,0.08,0.11224744325268146,0 3 2 1 4 8 5 9 16 6 7 10 15 31 32 17 63 11 64 13,0 3 2 1 4 8 5 9 16 6 7 10 15 31 32 17 63 11 64 13,phoneme,db6,usage,32,250,250,0
W-QDA,W-QDA:qda,6,0.5,0.104,0.11174856572711399,0 3 2 1 8 4 9 5 16 10 7 6 63 31 11 15 17 64 12 13,0 3 2 1 4 8 5 9 16 6 7 10 15 31 32 17 63 11 64 13,phoneme,db6,usage,32,250,250,0
W-CART,W-CART:cart,7,1.5,0.136,0.15589922673983536,0 2 3 1 4 8 5 16 6 9 31 7 10 11 12 13 14 15 17 18,0 3 2 1 4 8 5 9 16 6 7 10 15 31 32 17 63 11 64 13,phoneme,db6,usage,32,250,250,0
ALL,W-NN:k=9,10,1.0,0.08,0.11224744325268146,0 3 2 1 4 8 5 9 16 6 7 10 15 31 32 17 63 11 64 13,0 3 2 1 4 8 5 9 16 6 7 10 15 31 32 17 63 11 64 13,phoneme,db6,usage,32,250,250,0
W-NN,W-NN:k=3,23,,0.072,0.10127213769019705,0 2 1 3 4 8 5 9 6 16 7 10 63 11 31 15 17 12 13 14,0 2 1 3 4 8 5 9 6 16 7 10 63 11 31 15 17 12 13 14,phoneme,db6,energy,33,250,250,0
W-QDA,W-QDA:qda,8,,0.044,0.09578448490895485,0 2 1 3 4 8 5 9 6 16 7 10 63 11 31 15 17 12 13 14,0 2 1 3 4 8 5 9 6 16 7 10 63 11 31 15 17 12 13 14,phoneme,db6,energy,33,250,250,0
W-CART,W-CART:cart,45,,0.116,0.143926166126216,0 2 1 3 4 8 5 9 6 16 7 10 63 11 31 15 17 12 13 14,0 2 1 3 4 8 5 9 6 16 7 10 63 11 31 15 17 12 13 14,phoneme,db6,energy,33,250,250,0
ALL,W-QDA:qda,8,,0.044,0.09578448490895485,0 2 1 3 4 8 5 9 6 16 7 10 63 11 31 15 17 12 13 14,0 2 1 3 4 8 5 9 6 16 7 10 63 11 31 15 17 12 13 14,phoneme,db6,energy,33,250,250,0
W-NN,W-NN:k=5,26,1.5,0.068,0.1015215764529808,0 2 3 1 4 8 5 6 9 16 7 15 10 11 12 13 14 17 18 19,0 2 3 1 4 8 9 5 16 6 7 15 31 10 11 17 63 12 13 64,phoneme,db6,usage,33,250,250,0
W-QDA,W-QDA:qda,7,0.5,0.044,0.0947867298578199,0 2 1 3 8 9 4 5 16 7 6 10 63 15 31 17 11 13 12 32,0 2 3 1 4 8 9 5 16 6 7 15 31 10 11 17 63 12 13 64,phoneme,db6,usage,33,250,250,0
W-CART,W-CART:cart,45,1.0,0.104,0.14916438014467448,0 2 3 1 4 8 9 5 16 6 7 15 31 10 11 17 63 12 13 64,0 2 3 1 4 8 9 5 16 6 7 15 31 10 11 17 63 12 13 64,phoneme,db6,usage,33,250,250,0
ALL,W-QDA:qda,7,0.5,0.044,0.0947867298578199,0 2 1 3 8 9 4 5 16 7 6 10 63 15 31 17 11 13 12 32,0 2 3 1 4 8 9 5 16 6 7 15 31 10 11 17 63 12 13 64,phoneme,db6,usage,33,250,250,0
W-NN,W-NN:k=15,13,,0.072,0.11324519830381641,0 2 1 4 3 8 5 9 6 16 10 7 63 11 31 15 12 17 13 64,0 2 1 4 3 8 5 9 6 16 10 7 63 11 31 15 12 17 13 64,phoneme,db6,energy,34,250,250,0
W-QDA,W-QDA:qda,9,,0.092,0.1077575455225742,0 2 1 4 3 8 5 9 6 16 10 7 63 11 31 15 12 17 13 64,0 2 1 4 3 8 5 9 6 16 10 7 63 11 31 15 12 17 13 64,phoneme,db6,energy,34,250,250,0
W-CART,W-CART:cart,12,,0.124,0.14467448241456723,0 2 1 4 3 8 5 9 6 16 10 7 63 11 31 15 12 17 13 64,0 2 1 4 3 8 5 9 6 16 10 7 63 11 31 15 12 17 13 64,phoneme,db6,energy,34,250,250,0
ALL,W-NN:k=15,13,,0.072,0.11324519830381641,0 2 1 4 3 8 5 9 6 16 10 7 63 11 31 15 12 17 13 64,0 2 1 4 3 8 5 9 6 16 10 7 63 11 31 15 12 17 13 64,phoneme,db6,energy,34,250,250,0
W-NN,W-NN:k=15,13,0.5,0.072,0.11324519830381641,0 2 1 3 8 4 9 5 16 10 6 7 63 31 15 17 11 12 13 32,0 2 3 1 4 8 5 9 16 6 7 10 31 15 11 63 12 17 65 13,phoneme,db6,usage,34,250,250,0
W-QDA,W-QDA:qda,11,2.0,0.096,0.09927662758792716,0 2 1 4 3 8 5 6 7 9 10 11 12 13 14 15 16 17 18 19,0 2 3 1 4 8 5 9 16 6 7 10 31 15 11 63 12 17 65 13,phoneme,db6,usage,34,250,250,0
W-CART,W-CART:cart,11,3.0,0.12,0.14941381890745822,0 1 2 4 3 5 6 7 8 9 10 11 12 13 14 15 16 17 18 19,0 2 3 1 4 8 5 9 16 6 7 10 31 15 11 63 12 17 65 13,phoneme,db6,usage,34,250,250,0
ALL,W-NN:k=15,13,0.5,0.072,0.11324519830381641,0 2 1 3 8 4 9 5 16 10 6 7 63 31 15 17 11 12 13 32,0 2 3 1 4 8 5 9 16 6 7 10 31 15 11 63 12 17 65 13,phoneme,db6,usage,34,250,250,0
W-NN,W-NN:k=5,19,,0.084,0.09753055624844101,0 2 1 3 4 8 5 9 6 7 16 10 63 31 17 11 15 12 13 14,0 2 1 3 4 8 5 9 6 7 16 10 63 31 17 11 15 12 13 14,phoneme,db6,energy,35,250,250,0
W-QDA,W-QDA:qda,12,,0.104,0.09154402594163133,0 2 1 3 4 8 5 9 6 7 16 10 63 31 17 11 15 12 13 14,0 2 1 3 4 8 5 9 6 7 16 10 63 31 17 11 15 12 13 14,phoneme,db6,energy,35,250,250,0
W-CART,W-CART:cart,7,,0.124,0.13469693190321777,0 2 1 3 4 8 5 9 6 7 16 10 63 31 17 11 15 12 13 14,0 2 1 3 4 8 5 9 6 7 16 10 63 31 17 11 15 12 13 14,phoneme,db6,energy,35,250,250,0
ALL,W-NN:k=5,19,,0.084,0.09753055624844101,0 2 1 3 4 8 5 9 6 7 16 10 63 31 17 11 15 12 13 14,0 2 1 3 4 8 5 9 6 7 16 10 63 31 17 11 15 12 13 14,phoneme,db6,energy,35,250,250,0
W-NN,W-NN:k=5,20,1.0,0.084,0.09777999501122474,0 2 3 1 4 8 5 9 7 16 6 10 31 15 17 32 63 11 12 13,0 2 3 1 4 8 5 9 7 16 6 10 31 15 17 32 63 11 12 13,phoneme,db6,usage,35,250,250,0
W-QDA,W-QDA:qda,14,1.0,0.092,0.09453729109503617,0 2 3 1 4 8 5 9 7 16 6 10 31 15 17 32 63 11 12 13,0 2 3 1 4 8 5 9 7 16 6 10 31 15 17 32 63 11 12 13,phoneme,db6,usage,35,250,250,0
W-CART,W-CART:cart,7,2.0,0.124,0.13569468695435272,0 2 1 4 3 8 5 6 7 9 10 11 12 13 14 15 16 17 18 19,0 2 3 1 4 8 5 9 7 16 6 10 31 15 17 32 63 11 12 13,phoneme,db6,usage,35,250,250,0
ALL,W-NN:k=5,20,1.0,0.084,0.09777999501122474,0 2 3 1 4 8 5 9 7 16 6 10 31 15 17 32 63 11 12 13,0 2 3 1 4 8 5 9 7 16 6 10 31 15 17 32 63 11 12 13,phoneme,db6,usage,35,250,250,0
W-NN,W-NN:k=15,6,,0.104,0.11100024943876279,0 2 1 4 3 8 5 9 6 16 7 10 63 31 17 12 11 15 13 64,0 2 1 4 3 8 5 9 6 16 7 10 63 31 17 12 11 15 13 64,phoneme,db6,energy,36,250,250,0
W-QDA,W-QDA:qda,6,,0.088,0.10127213769019705,0 2 1 4 3 8 5 9 6 16 7 10 63 31 17 12 11 15 13 64,0 2 1 4 3 8 5 9 6 16 7 10 63 31 17 12 11 15 13 64,phoneme,db6,energy,36,250,250,0
W-CART,W-CART:cart,32,,0.128,0.15390371663756547,0 2 1 4 3 8 5 9 6 16 7 10 63 31 17 12 11 15 13 64,0 2 1 4 3 8 5 9 6 16 7 10 63 31 17 12 11 15 13 64,phoneme,db6,energy,36,250,250,0
ALL,W-QDA:qda,6,,0.088,0.10127213769019705,0 2 1 4 3 8 5 9 6 16 7 10 63 31 17 12 11 15 13 64,0 2 1 4 3 8 5 9 6 16 7 10 63 31 17 12 11 15 13 64,phoneme,db6,energy,36,250,250,0
W-NN,W-NN:k=15,6,0.5,0.104,0.11100024943876279,0 2 1 3 8 4 9 5 16 10 7 6 63 31 15 17 12 11 32 64,0 2 3 1 4 8 5 9 16 7 6 15 63 31 10 11 17 12 32 64,phoneme,db6,usage,36,250,250,0
W-QDA,W-QDA:qda,6,0.5,0.088,0.10127213769019705,0 2 1 3 8 4 9 5 16 10 7 6 63 31 15 17 12 11 32 64,0 2 3 1 4 8 5 9 16 7 6 15 63 31 10 11 17 12 32 64,phoneme,db6,usage,36,250,250,0
W-CART,W-CART:cart,37,1.0,0.12,0.13943626839610876,0 2 3 1 4 8 5 9 16 7 6 15 63 31 10 11 17 12 32 64,0 2 3 1 4 8 5 9 16 7 6 15 63 31 10 11 17 12 32 64,phoneme,db6,usage,36,250,250,0
ALL,W-QDA:qda,6,0.5,0.088,0.10127213769019705,0 2 1 3 8 4 9 5 16 10 7 6 63 31 15 17 12 11 32 64,0 2 3 1 4 8 5 9 16 7 6 15 63 31 10 11 17 12 32 64,phoneme,db6,usage,36,250,250,0
W-NN,W-NN:k=15,32,,0.092,0.10925417809927662,0 2 1 3 4 8 5 9 6 16 7 10 63 11 31 17 12 15 13 14,0 2 1 3 4 8 5 9 6 16 7 10 63 11 31 17 12 15 13 14,phoneme,db6,energy,37,250,250,0
W-QDA,W-QDA:qda,8,,0.1,0.09653280119730606,0 2 1 3 4 8 5 9 6 16 7 10 63 11 31 17 12 15 13 14,0 2 1 3 4 8 5 9 6 16 7 10 63 11 31 17 12 15 13 14,phoneme,db6,energy,37,250,250,0
W-CART,W-CART:cart,8,,0.14,0.15839361436767274,0 2 1 3 4 8 5 9 6 16 7 10 63 11 31 17 12 15 13 14,0 2 1 3 4 8 5 9 6 16 7 10 63 11 31 17 12 15 13 14,phoneme,db6,energy,37,250,250,0
ALL,W-NN:k=15,32,,0.092,0.10925417809927662,0 2 1 3 4 8 5 9 6 16 7 10 63 11 31 17 12 15 13 14,0 2 1 3 4 8 5 9 6 16 7 10 63 11 31 17 12 15 13 14,phoneme,db6,energy,37,250,250,0
W-NN,W-NN:k=9,17,1.0,0.092,0.10401596408081816,0 2 3 1 4 8 5 9 6 16 7 10 15 31 17 63 12 20 11 19,0 2 3 1 4 8 5 9 6 16 7 10 15 31 17 63 12 20 11 19,phoneme,db6,usage,37,250,250,0
W-QDA,W-QDA:qda,19,1.0,0.088,0.11399351459216762,0 2 3 1 4 8 5 9 6 16 7 10 15 31 17 63 12 20 11 19,0 2 3 1 4 8 5 9 6 16 7 10 15 31 17 63 12 20 11 19,phoneme,db6,usage,37,250,250,0
W-CART,W-CART:cart,8,1.0,0.136,0.15390371663756547,0 2 3 1 4 8 5 9 6 16 7 10 15 31 17 63 12 20 11 19,0 2 3 1 4 8 5 9 6 16 7 10 15 31 17 63 12 20 11 19,phoneme,db6,usage,37,250,250,0
ALL,W-QDA:qda,19,1.0,0.088,0.11399351459216762,0 2 3 1 4 8 5 9 6 16 7 10 15 31 17 63 12 20 11 19,0 2 3 1 4 8 5 9 6 16 7 10 15 31 17 63 12 20 11 19,phoneme,db6,usage,37,250,250,0
W-NN,W-NN:k=7,7,,0.096,0.12471938139186829,0 2 1 3 4 8 5 9 6 7 16 10 63 11 31 17 13 12 15 14,0 2 1 3 4 8 5 9 6 7 16 10 63 11 31 17 13 12 15 14,phoneme,db6,energy,38,250,250,0
W-QDA,W-QDA:qda,23,,0.096,0.1152407084060863,0 2 1 3 4 8 5 9 6 7 16 10 63 11 31 17 13 12 15 14,0 2 1 3 4 8 5 9 6 7 16 10 63 11 31 17 13 12 15 14,phoneme,db6,energy,38,250,250,0
W-CART,W-CART:cart,11,,0.108,0.16263407333499627,0 2 1 3 4 8 5 9 6 7 16 10 63 11 31 17 13 12 15 14,0 2 1 3 4 8 5 9 6 7 16 10 63 11 31 17 13 12 15 14,phoneme,db6,energy,38,250,250,0
ALL,W-NN:k=7,7,,0.096,0.12471938139186829,0 2 1 3 4 8 5 9 6 7 16 10 63 11 31 17 13 12 15 14,0 2 1 3 4 8 5 9 6 7 16 10 63 11 31 17 13 12 15 14,phoneme,db6,energy,38,250,250,0
W-NN,W-NN:k=7,9,1.0,0.092,0.12047892242454478,0 2 1 3 4 8 5 9 7 16 6 10 31 15 17 11 13 32 63 12,0 2 1 3 4 8 5 9 7 16 6 10 31 15 17 11 13 32 63 12,phoneme,db6,usage,38,250,250,0
W-QDA,W-QDA:qda,24,0.5,0.096,0.1144923921177351,0 2 1 3 8 4 9 5 16 7 6 10 63 31 11 17 15 13 12 32,0 2 1 3 4 8 5 9 7 16 6 10 31 15 17 11 13 32 63 12,phoneme,db6,usage,38,250,250,0
W-CART,W-CART:cart,11,0.5,0.104,0.16388126714891493,0 2 1 3 8 4 9 5 16 7 6 10 63 31 11 17 15 13 12 32,0 2 1 3 4 8 5 9 7 16 6 10 31 15 17 11 13 32 63 12,phoneme,db6,usage,38,250,250,0
ALL,W-NN:k=7,9,1.0,0.092,0.12047892242454478,0 2 1 3 4 8 5 9 7 16 6 10 31 15 17 11 13 32 63 12,0 2 1 3 4 8 5 9 7 16 6 10 31 15 17 11 13 32 63 12,phoneme,db6,usage,38,250,250,0
W-NN,W-NN:k=7,27,,0.052,0.11274632077824893,0 2 1 3 4 8 5 9 6 16 10 7 63 31 11 17 12 15 13 14,0 2 1 3 4 8 5 9 6 16 10 7 63 31 11 17 12 15 13 14,phoneme,db6,energy,39,250,250,0
W-QDA,W-QDA:qda,11,,0.068,0.11823397355949114,0 2 1 3 4 8 5 9 6 16 10 7 63 31 11 17 12 15 13 14,0 2 1 3 4 8 5 9 6 16 10 7 63 31 11 17 12 15 13 14,phoneme,db6,energy,39,250,250,0
W-CART,W-CART:cart,36,,0.108,0.1568969817909703,0 2 1 3 4 8 5 9 6 16 10 7 63 31 11 17 12 15 13 14,0 2 1 3 4 8 5 9 6 16 10 7 63 31 11 17 12 15 13 14,phoneme,db6,energy,39,250,250,0
ALL,W-NN:k=7,27,,0.052,0.11274632077824893,0 2 1 3 4 8 5 9 6 16 10 7 63 31 11 17 12 15 13 14,0 2 1 3 4 8 5 9 6 16 10 7 63 31 11 17 12 15 13 14,phoneme,db6,energy,39,250,250,0
W-NN,W-NN:k=7,25,1.0,0.052,0.11174856572711399,0 2 3 1 4 8 5 9 16 6 7 10 31 15 17 64 12 20 32 63,0 2 3 1 4 8 5 9 16 6 7 10 31 15 17 64 12 20 32 63,phoneme,db6,usage,39,250,250,0
W-QDA,W-QDA:qda,12,0.5,0.076,0.11274632077824893,0 2 1 3 8 4 9 5 16 10 7 6 63 31 15 11 17 12 32 64,0 2 3 1 4 8 5 9 16 6 7 10 31 15 17 64 12 20 32 63,phoneme,db6,usage,39,250,250,0
W-CART,W-CART:cart,28,1.0,0.1,0.15041157395859317,0 2 3 1 4 8 5 9 16 6 7 10 31 15 17 64 12 20 32 63,0 2 3 1 4 8 5 9 16 6 7 10 31 15 17 64 12 20 32 63,phoneme,db6,usage,39,250,250,0
ALL,W-NN:k=7,25,1.0,0.052,0.11174856572711399,0 2 3 1 4 8 5 9 16 6 7 10 31 15 17 64 12 20 32 63,0 2 3 1 4 8 5 9 16 6 7 10 31 15 17 64 12 20 32 63,phoneme,db6,usage,39,250,250,0
W-NN,W-NN:k=25,18,,0.072,0.10850586181092542,0 2 1 4 3 8 5 9 6 16 10 7 63 31 17 11 13 12 15 64,0 2 1 4 3 8 5 9 6 16 10 7 63 31 17 11 13 12 15 64,phoneme,db6,energy,40,250,250,0
W-QDA,W-QDA:qda,15,,0.08,0.10825642304814168,0 2 1 4 3 8 5 9 6 16 10 7 63 31 17 11 13 12 15 64,0 2 1 4 3 8 5 9 6 16 10 7 63 31 17 11 13 12 15 64,phoneme,db6,energy,40,250,250,0
W-CART,W-CART:cart,50,,0.112,0.1588924918932402,0 2 1 4 3 8 5 9 6 16 10 7 63 31 17 11 13 12 15 64,0 2 1 4 3 8 5 9 6 16 10 7 63 31 17 11 13 12 15 64,phoneme,db6,energy,40,250,250,0
ALL,W-NN:k=25,18,,0.072,0.10850586181092542,0 2 1 4 3 8 5 9 6 16 10 7 63 31 17 11 13 12 15 64,0 2 1 4 3 8 5 9 6 16 10 7 63 31 17 11 13 12 15 64,phoneme,db6,energy,40,250,250,0
W-NN,W-NN:k=25,15,3.0,0.072,0.11000249438762784,0 2 1 4 3 5 6 7 8 9 10 11 12 13 14 15 16 17 18 19,0 2 3 1 4 8 5 9 16 7 6 31 10 15 17 20 11 12 13 21,phoneme,db6,usage,40,250,250,0
W-QDA,W-QDA:qda,20,1.5,0.056,0.11299575954103268,0 2 3 1 4 8 5 7 16 9 6 15 10 11 12 13 14 17 18 19,0 2 3 1 4 8 5 9 16 7 6 31 10 15 17 20 11 12 13 21,phoneme,db6,usage,40,250,250,0
W-CART,W-CART:cart,50,3.0,0.112,0.15989024694437515,0 2 1 4 3 5 6 7 8 9 10 11 12 13 14 15 16 17 18 19,0 2 3 1 4 8 5 9 16 7 6 31 10 15 17 20 11 12 13 21,phoneme,db6,usage,40,250,250,0
ALL,W-QDA:qda,20,1.5,0.056,0.11299575954103268,0 2 3 1 4 8 5 7 16 9 6 15 10 11 12 13 14 17 18 19,0 2 3 1 4 8 5 9 16 7 6 31 10 15 17 20 11 12 13 21,phoneme,db6,usage,40,250,250,0
W-NN,W-NN:k=7,11,,0.088,0.13344973808929908,0 2 1 3 4 8 5 9 6 10 7 16 63 31 11 12 17 15 13 64,0 2 1 3 4 8 5 9 6 10 7 16 63 31 11 12 17 15 13 64,phoneme,db6,energy,41,250,250,0
W-QDA,W-QDA:qda,12,,0.096,0.1144923921177351,0 2 1 3 4 8 5 9 6 10 7 16 63 31 11 12 17 15 13 64,0 2 1 3 4 8 5 9 6 10 7 16 63 31 11 12 17 15 13 64,phoneme,db6,energy,41,250,250,0
W-CART,W-CART:cart,46,,0.116,0.15714642055375405,0 2 1 3 4 8 5 9 6 10 7 16 63 31 11 12 17 15 13 64,0 2 1 3 4 8 5 9 6 10 7 16 63 31 11 12 17 15 13 64,phoneme,db6,energy,41,250,250,0
ALL,W-NN:k=7,11,,0.088,0.13344973808929908,0 2 1 3 4 8 5 9 6 10 7 16 63 31 11 12 17 15 13 64,0 2 1 3 4 8 5 9 6 10 7 16 63 31 11 12 17 15 13 64,phoneme,db6,energy,41,250,250,0
W-NN,W-NN:k=7,11,2.0,0.088,0.13344973808929908,0 2 1 4 3 8 5 6 7 9 10 11 12 13 14 15 16 17 18 19,0 2 3 1 4 8 9 5 16 7 6 10 31 15 12 17 32 11 13 18,phoneme,db6,usage,41,250,250,0
W-QDA,W-QDA:qda,20,2.0,0.092,0.1267148914941382,0 2 1 4 3 8 5 6 7 9 10 11 12 13 14 15 16 17 18 19,0 2 3 1 4 8 9 5 16 7 6 10 31 15 12 17 32 11 13 18,phoneme,db6,usage,41,250,250,0
W-CART,W-CART:cart,20,2.0,0.104,0.14841606385632328,0 2 1 4 3 8 5 6 7 9 10 11 12 13 14 15 16 17 18 19,0 2 3 1 4 8 9 5 16 7 6 10 31 15 12 17 32 11 13 18,phoneme,db6,usage,41,250,250,0
ALL,W-NN:k=7,11,2.0,0.088,0.13344973808929908,0 2 1 4 3 8 5 6 7 9 10 11 12 13 14 15 16 17 18 19,0 2 3 1 4 8 9 5 16 7 6 10 31 15 12 17 32 11 13 18,phoneme,db6,usage,41,250,250,0
W-NN,W-NN:k=15,12,,0.108,0.11623846345722125,0 2 1 3 4 8 5 9 6 16 10 7 63 31 11 17 15 12 13 64,0 2 1 3 4 8 5 9 6 16 10 7 63 31 11 17 15 12 13 64,phoneme,db6,energy,42,250,250,0
W-QDA,W-QDA:qda,5,,0.108,0.10825642304814168,0 2 1 3 4 8 5 9 6 16 10 7 63 31 11 17 15 12 13 64,0 2 1 3 4 8 5 9 6 16 10 7 63 31 11 17 15 12 13 64,phoneme,db6,energy,42,250,250,0
W-CART,W-CART:cart,33,,0.148,0.16887004240458967,0 2 1 3 4 8 5 9 6 16 10 7 63 31 11 17 15 12 13 64,0 2 1 3 4 8 5 9 6 16 10 7 63 31 11 17 15 12 13 64,phoneme,db6,energy,42,250,250,0
ALL,W-QDA:qda,5,,0.108,0.10825642304814168,0 2 1 3 4 8 5 9 6 16 10 7 63 31 11 17 15 12 13 64,0 2 1 3 4 8 5 9 6 16 10 7 63 31 11 17 15 12 13 64,phoneme,db6,energy,42,250,250,0
W-NN,W-NN:k=15,15,2.0,0.104,0.11349463706660015,0 2 1 4 3 8 5 6 7 9 10 11 12 13 14 15 16 17 18 19,0 2 3 1 4 8 9 5 16 6 7 10 15 31 63 17 11 18 20 32,phoneme,db6,usage,42,250,250,0
W-QDA,W-QDA:qda,19,1.5,0.088,0.11174856572711399,0 2 3 1 4 8 5 16 7 6 9 10 11 12 13 14 15 17 18 19,0 2 3 1 4 8 9 5 16 6 7 10 15 31 63 17 11 18 20 32,phoneme,db6,usage,42,250,250,0
W-CART,W-CART:cart,45,1.5,0.132,0.15016213519580943,0 2 3 1 4 8 5 16 7 6 9 10 11 12 13 14 15 17 18 19,0 2 3 1 4 8 9 5 16 6 7 10 15 31 63 17 11 18 20 32,phoneme,db6,usage,42,250,250,0
ALL,W-QDA:qda,19,1.5,0.088,0.11174856572711399,0 2 3 1 4 8 5 16 7 6 9 10 11 12 13 14 15 17 18 19,0 2 3 1 4 8 9 5 16 6 7 10 15 31 63 17 11 18 20 32,phoneme,db6,usage,42,250,250,0
W-NN,W-NN:k=9,12,,0.072,0.10177101521576452,0 2 1 4 3 8 5 9 6 16 7 10 63 11 31 17 12 13 15 14,0 2 1 4 3 8 5 9 6 16 7 10 63 11 31 17 12 13 15 14,phoneme,db6,energy,43,250,250,0
W-QDA,W-QDA:qda,14,,0.096,0.09329009728111748,0 2 1 4 3 8 5 9 6 16 7 10 63 11 31 17 12 13 15 14,0 2 1 4 3 8 5 9 6 16 7 10 63 11 31 17 12 13 15 14,phoneme,db6,energy,43,250,250,0
W-CART,W-CART:cart,17,,0.124,0.13943626839610876,0 2 1 4 3 8 5 9 6 16 7 10 63 11 31 17 12 13 15 14,0 2 1 4 3 8 5 9 6 16 7 10 63 11 31 17 12 13 15 14,phoneme,db6,energy,43,250,250,0
ALL,W-NN:k=9,12,,0.072,0.10177101521576452,0 2 1 4 3 8 5 9 6 16 7 10 63 11 31 17 12 13 15 14,0 2 1 4 3 8 5 9 6 16 7 10 63 11 31 17 12 13 15 14,phoneme,db6,energy,43,250,250,0
W-NN,W-NN:k=9,12,0.5,0.072,0.10177101521576452,0 2 3 1 8 9 4 5 16 7 10 6 63 31 11 17 15 12 32 13,0 2 3 1 4 8 5 9 16 7 6 10 31 15 17 63 11 13 12 20,phoneme,db6,usage,43,250,250,0
W-QDA,W-QDA:qda,7,0.5,0.084,0.08979795460214518,0 2 3 1 8 9 4 5 16 7 10 6 63 31 11 17 15 12 32 13,0 2 3 1 4 8 5 9 16 7 6 10 31 15 17 63 11 13 12 20,phoneme,db6,usage,43,250,250,0
W-CART,W-CART:cart,26,0.5,0.116,0.14866550261910702,0 2 3 1 8 9 4 5 16 7 10 6 63 31 11 17 15 12 32 13,0 2 3 1 4 8 5 9 16 7 6 10 31 15 17 63 11 13 12 20,phoneme,db6,usage,43,250,250,0
ALL,W-NN:k=9,12,0.5,0.072,0.10177101521576452,0 2 3 1 8 9 4 5 16 7 10 6 63 31 11 17 15 12 32 13,0 2 3 1 4 8 5 9 16 7 6 10 31 15 17 63 11 13 12 20,phoneme,db6,usage,43,250,250,0
W-NN,W-NN:k=5,11,,0.072,0.10825642304814168,0 2 1 4 3 8 5 9 6 16 7 10 63 31 11 17 15 12 64 13,0 2 1 4 3 8 5 9 6 16 7 10 63 31 11 17 15 12 64 13,phoneme,db6,energy,44,250,250,0
W-QDA,W-QDA:qda,8,,0.076,0.09728111748565726,0 2 1 4 3 8 5 9 6 16 7 10 63 31 11 17 15 12 64 13,0 2 1 4 3 8 5 9 6 16 7 10 63 31 11 17 15 12 64 13,phoneme,db6,energy,44,250,250,0
W-CART,W-CART:cart,41,,0.096,0.14068346221002745,0 2 1 4 3 8 5 9 6 16 7 10 63 31 11 17 15 12 64 13,0 2 1 4 3 8 5 9 6 16 7 10 63 31 11 17 15 12 64 13,phoneme,db6,energy,44,250,250,0
ALL,W-NN:k=5,11,,0.072,0.10825642304814168,0 2 1 4 3 8 5 9 6 16 7 10 63 31 11 17 15 12 64 13,0 2 1 4 3 8 5 9 6 16 7 10 63 31 11 17 15 12 64 13,phoneme,db6,energy,44,250,250,0
W-NN,W-NN:k=5,11,1.0,0.072,0.10825642304814168,0 2 3 1 4 8 5 9 16 7 6 31 15 10 63 17 32 64 12 18,0 2 3 1 4 8 5 9 16 7 6 31 15 10 63 17 32 64 12 18,phoneme,db6,usage,44,250,250,0
W-QDA,W-QDA:qda,9,0.5,0.072,0.09603392367173859,0 2 1 3 8 4 9 5 16 10 7 6 31 63 11 15 17 12 64 32,0 2 3 1 4 8 5 9 16 7 6 31 15 10 63 17 32 64 12 18,phoneme,db6,usage,44,250,250,0
W-CART,W-CART:cart,21,1.0,0.088,0.12596657520578697,0 2 3 1 4 8 5 9 16 7 6 31 15 10 63 17 32 64 12 18,0 2 3 1 4 8 5 9 16 7 6 31 15 10 63 17 32 64 12 18,phoneme,db6,usage,44,250,250,0
ALL,W-QDA:qda,9,0.5,0.072,0.09603392367173859,0 2 1 3 8 4 9 5 16 10 7 6 31 63 11 15 17 12 64 32,0 2 3 1 4 8 5 9 16 7 6 31 15 10 63 17 32 64 12 18,phoneme,db6,usage,44,250,250,0
W-NN,W-NN:k=25,21,,0.104,0.12097779995011225,0 2 1 3 4 8 5 9 6 7 10 16 63 31 11 15 17 13 12 64,0 2 1 3 4 8 5 9 6 7 10 16 63 31 11 15 17 13 12 64,phoneme,db6,energy,45,250,250,0
W-QDA,W-QDA:qda,8,,0.092,0.10750810675979047,0 2 1 3 4 8 5 9 6 7 10 16 63 31 11 15 17 13 12 64,0 2 1 3 4 8 5 9 6 7 10 16 63 31 11 15 17 13 12 64,phoneme,db6,energy,45,250,250,0
W-CART,W-CART:cart,39,,0.128,0.1601396857071589,0 2 1 3 4 8 5 9 6 7 10 16 63 31 11 15 17 13 12 64,0 2 1 3 4 8 5 9 6 7 10 16 63 31 11 15 17 13 12 64,phoneme,db6,energy,45,250,250,0
ALL,W-QDA:qda,8,,0.092,0.10750810675979047,0 2 1 3 4 8 5 9 6 7 10 16 63 31 11 15 17 13 12 64,0 2 1 3 4 8 5 9 6 7 10 16 63 31 11 15 17 13 12 64,phoneme,db6,energy,45,250,250,0
W-NN,W-NN:k=25,23,1.5,0.1,0.11973060613619356,0 2 3 1 4 8 5 6 16 7 9 10 15 18 11 12 13 14 17 19,0 2 3 1 4 8 5 9 7 16 6 10 15 31 17 13 11 20 18 32,phoneme,db6,usage,45,250,250,0
W-QDA,W-QDA:qda,14,1.5,0.084,0.1124968820154652,0 2 3 1 4 8 5 6 16 7 9 10 15 18 11 12 13 14 17 19,0 2 3 1 4 8 5 9 7 16 6 10 15 31 17 13 11 20 18 32,phoneme,db6,usage,45,250,250,0
W-CART,W-CART:cart,9,0.5,0.128,0.13569468695435272,0 2 1 3 8 4 9 5 16 7 10 6 63 15 31 11 17 12 64 13,0 2 3 1 4 8 5 9 7 16 6 10 15 31 17 13 11 20 18 32,phoneme,db6,usage,45,250,250,0
ALL,W-QDA:qda,14,1.5,0.084,0.1124968820154652,0 2 3 1 4 8 5 6 16 7 9 10 15 18 11 12 13 14 17 19,0 2 3 1 4 8 5 9 7 16 6 10 15 31 17 13 11 20 18 32,phoneme,db6,usage,45,250,250,0
W-NN,W-NN:k=5,18,,0.08,0.11050137191319531,0 2 1 4 3 8 5 9 6 16 10 7 63 11 31 17 12 15 64 13,0 2 1 4 3 8 5 9 6 16 10 7 63 11 31 17 12 15 64 13,phoneme,db6,energy,46,250,250,0
W-QDA,W-QDA:qda,8,,0.092,0.10576203542030431,0 2 1 4 3 8 5 9 6 16 10 7 63 11 31 17 12 15 64 13,0 2 1 4 3 8 5 9 6 16 10 7 63 11 31 17 12 15 64 13,phoneme,db6,energy,46,250,250,0
W-CART,W-CART:cart,7,,0.128,0.1566475430281866,0 2 1 4 3 8 5 9 6 16 10 7 63 11 31 17 12 15 64 13,0 2 1 4 3 8 5 9 6 16 10 7 63 11 31 17 12 15 64 13,phoneme,db6,energy,46,250,250,0
ALL,W-NN:k=5,18,,0.08,0.11050137191319531,0 2 1 4 3 8 5 9 6 16 10 7 63 11 31 17 12 15 64 13,0 2 1 4 3 8 5 9 6 16 10 7 63 11 31 17 12 15 64 13,phoneme,db6,energy,46,250,250,0
W-NN,W-NN:k=5,18,0.5,0.08,0.11050137191319531,0 1 2 3 8 9 4 5 16 10 6 7 63 31 17 11 12 15 64 32,0 2 3 1 4 8 5 9 16 7 6 10 15 31 17 63 11 64 12 13,phoneme,db6,usage,46,250,250,0
W-QDA,W-QDA:qda,10,0.5,0.072,0.09977550511349463,0 1 2 3 8 9 4 5 16 10 6 7 63 31 17 11 12 15 64 32,0 2 3 1 4 8 5 9 16 7 6 10 15 31 17 63 11 64 12 13,phoneme,db6,usage,46,250,250,0
W-CART,W-CART:cart,9,2.0,0.12,0.14068346221002745,0 2 1 4 3 8 5 16 6 7 9 10 11 12 13 14 15 17 18 19,0 2 3 1 4 8 5 9 16 7 6 10 15 31 17 63 11 64 12 13,phoneme,db6,usage,46,250,250,0
ALL,W-QDA:qda,10,0.5,0.072,0.09977550511349463,0 1 2 3 8 9 4 5 16 10 6 7 63 31 17 11 12 15 64 32,0 2 3 1 4 8 5 9 16 7 6 10 15 31 17 63 11 64 12 13,phoneme,db6,usage,46,250,250,0
W-NN,W-NN:k=5,57,,0.084,0.10526315789473684,0 2 1 3 4 5 8 9 6 16 7 10 63 31 17 11 12 15 13 64,0 2 1 3 4 5 8 9 6 16 7 10 63 31 17 11 12 15 13 64,phoneme,db6,energy,47,250,250,0
W-QDA,W-QDA:qda,15,,0.088,0.11349463706660015,0 2 1 3 4 5 8 9 6 16 7 10 63 31 17 11 12 15 13 64,0 2 1 3 4 5 8 9 6 16 7 10 63 31 17 11 12 15 13 64,phoneme,db6,energy,47,250,250,0
W-CART,W-CART:cart,24,,0.12,0.15864305313045649,0 2 1 3 4 5 8 9 6 16 7 10 63 31 17 11 12 15 13 64,0 2 1 3 4 5 8 9 6 16 7 10 63 31 17 11 12 15 13 64,phoneme,db6,energy,47,250,250,0
ALL,W-NN:k=5,57,,0.084,0.10526315789473684,0 2 1 3 4 5 8 9 6 16 7 10 63 31 17 11 12 15 13 64,0 2 1 3 4 5 8 9 6 16 7 10 63 31 17 11 12 15 13 64,phoneme,db6,energy,47,250,250,0
W-NN,W-NN:k=3,22,2.0,0.084,0.10651035170865553,0 2 1 4 3 8 5 6 7 9 10 11 12 13 14 15 16 17 18 19,0 2 3 1 4 8 5 9 16 7 6 10 15 17 31 11 32 63 13 65,phoneme,db6,usage,47,250,250,0
W-QDA,W-QDA:qda,19,2.0,0.072,0.11299575954103268,0 2 1 4 3 8 5 6 7 9 10 11 12 13 14 15 16 17 18 19,0 2 3 1 4 8 5 9 16 7 6 10 15 17 31 11 32 63 13 65,phoneme,db6,usage,47,250,250,0
W-CART,W-CART:cart,22,1.0,0.108,0.16662509353953606,0 2 3 1 4 8 5 9 16 7 6 10 15 17 31 11 32 63 13 65,0 2 3 1 4 8 5 9 16 7 6 10 15 17 31 11 32 63 13 65,phoneme,db6,usage,47,250,250,0
ALL,W-QDA:qda,19,2.0,0.072,0.11299575954103268,0 2 1 4 3 8 5 6 7 9 10 11 12 13 14 15 16 17 18 19,0 2 3 1 4 8 5 9 16 7 6 10 15 17 31 11 32 63 13 65,phoneme,db6,usage,47,250,250,0
W-NN,W-NN:k=3,10,,0.12,0.11224744325268146,0 2 1 4 3 8 5 9 6 10 16 7 63 11 31 17 15 12 13 64,0 2 1 4 3 8 5 9 6 10 16 7 63 11 31 17 15 12 13 64,phoneme,db6,energy,48,250,250,0
W-QDA,W-QDA:qda,12,,0.088,0.09653280119730606,0 2 1 4 3 8 5 9 6 10 16 7 63 11 31 17 15 12 13 64,0 2 1 4 3 8 5 9 6 10 16 7 63 11 31 17 15 12 13 64,phoneme,db6,energy,48,250,250,0
W-CART,W-CART:cart,5,,0.152,0.17136443003242705,0 2 1 4 3 8 5 9 6 10 16 7 63 11 31 17 15 12 13 64,0 2 1 4 3 8 5 9 6 10 16 7 63 11 31 17 15 12 13 64,phoneme,db6,energy,48,250,250,0
ALL,W-QDA:qda,12,,0.088,0.09653280119730606,0 2 1 4 3 8 5 9 6 10 16 7 63 11 31 17 15 12 13 64,0 2 1 4 3 8 5 9 6 10 16 7 63 11 31 17 15 12 13 64,phoneme,db6,energy,48,250,250,0
W-NN,W-NN:k=7,39,1.5,0.116,0.10451484160638563,0 2 1 3 4 8 5 9 16 6 7 10 31 11 12 13 14 15 17 18,0 2 3 1 4 8 5 9 16 6 7 10 31 15 64 11 13 14 12 17,phoneme,db6,usage,48,250,250,0
W-QDA,W-QDA:qda,13,0.5,0.08,0.09877775006235968,0 2 1 3 8 9 4 5 16 10 6 7 31 11 63 15 17 64 12 32,0 2 3 1 4 8 5 9 16 6 7 10 31 15 64 11 13 14 12 17,phoneme,db6,usage,48,250,250,0
W-CART,W-CART:cart,6,3.0,0.14,0.1683711648790222,0 2 1 4 3 5 6 7 8 9 10 11 12 13 14 15 16 17 18 19,0 2 3 1 4 8 5 9 16 6 7 10 31 15 64 11 13 14 12 17,phoneme,db6,usage,48,250,250,0
ALL,W-QDA:qda,13,0.5,0.08,0.09877775006235968,0 2 1 3 8 9 4 5 16 10 6 7 31 11 63 15 17 64 12 32,0 2 3 1 4 8 5 9 16 6 7 10 31 15 64 11 13 14 12 17,phoneme,db6,usage,48,250,250,0
W-NN,W-NN:k=9,42,,0.08,0.102269892741332,0 2 1 4 3 8 5 9 6 7 16 10 63 31 11 12 17 15 13 64,0 2 1 4 3 8 5 9 6 7 16 10 63 31 11 12 17 15 13 64,phoneme,db6,energy,49,250,250,0
W-QDA,W-QDA:qda,8,,0.092,0.10376652531803442,0 2 1 4 3 8 5 9 6 7 16 10 63 31 11 12 17 15 13 64,0 2 1 4 3 8 5 9 6 7 16 10 63 31 11 12 17 15 13 64,phoneme,db6,energy,49,250,250,0
W-CART,W-CART:cart,48,,0.108,0.1436767273634323,0 2 1 4 3 8 5 9 6 7 16 10 63 31 11 12 17 15 13 64,0 2 1 4 3 8 5 9 6 7 16 10 63 31 11 12 17 15 13 64,phoneme,db6,energy,49,250,250,0
ALL,W-NN:k=9,42,,0.08,0.102269892741332,0 2 1 4 3 8 5 9 6 7 16 10 63 31 11 12 17 15 13 64,0 2 1 4 3 8 5 9 6 7 16 10 63 31 11 12 17 15 13 64,phoneme,db6,energy,49,250,250,0
W-NN,W-NN:k=9,45,0.5,0.08,0.10276877026689947,0 2 3 1 8 4 9 5 16 7 10 6 63 31 17 15 11 64 12 32,0 2 3 1 4 8 9 5 7 16 6 15 10 31 17 11 12 64 13 32,phoneme,db6,usage,49,250,250,0
W-QDA,W-QDA:qda,9,1.0,0.088,0.1002743826390621,0 2 3 1 4 8 9 5 7 16 6 15 10 31 17 11 12 64 13 32,0 2 3 1 4 8 9 5 7 16 6 15 10 31 17 11 12 64 13 32,phoneme,db6,usage,49,250,250,0
W-CART,W-CART:cart,36,3.0,0.108,0.14916438014467448,0 2 1 4 3 5 6 7 8 9 10 11 12 13 14 15 16 17 18 19,0 2 3 1 4 8 9 5 7 16 6 15 10 31 17 11 12 64 13 32,phoneme,db6,usage,49,250,250,0
ALL,W-NN:k=9,45,0.5,0.08,0.10276877026689947,0 2 3 1 8 4 9 5 16 7 10 6 63 31 17 15 11 64 12 32,0 2 3 1 4 8 9 5 7 16 6 15 10 31 17 11 12 64 13 32,phoneme,db6,usage,49,250,250,0
W-NN,W-NN:k=9,22,,0.092,0.11973060613619356,0 2 1 3 4 8 5 9 6 16 7 10 63 31 11 12 17 15 13 32,0 2 1 3 4 8 5 9 6 16 7 10 63 31 11 12 17 15 13 32,phoneme,db6,energy,50,250,250,0
W-QDA,W-QDA:qda,7,,0.092,0.10551259665752058,0 2 1 3 4 8 5 9 6 16 7 10 63 31 11 12 17 15 13 32,0 2 1 3 4 8 5 9 6 16 7 10 63 31 11 12 17 15 13 32,phoneme,db6,energy,50,250,250,0
W-CART,W-CART:cart,34,,0.112,0.15789473684210525,0 2 1 3 4 8 5 9 6 16 7 10 63 31 11 12 17 15 13 32,0 2 1 3 4 8 5 9 6 16 7 10 63 31 11 12 17 15 13 32,phoneme,db6,energy,50,250,250,0
ALL,W-QDA:qda,7,,0.092,0.10551259665752058,0 2 1 3 4 8 5 9 6 16 7 10 63 31 11 12 17 15 13 32,0 2 1 3 4 8 5 9 6 16 7 10 63 31 11 12 17 15 13 32,phoneme,db6,energy,50,250,250,0
W-NN,W-NN:k=7,23,1.0,0.08,0.12022948366176103,0 2 3 1 4 8 9 5 16 7 6 31 10 12 15 11 63 64 32 18,0 2 3 1 4 8 9 5 16 7 6 31 10 12 15 11 63 64 32 18,phoneme,db6,usage,50,250,250,0
W-QDA,W-QDA:qda,7,1.5,0.092,0.10551259665752058,0 2 3 1 4 8 5 16 7 9 6 31 32 10 11 12 13 14 15 17,0 2 3 1 4 8 9 5 16 7 6 31 10 12 15 11 63 64 32 18,phoneme,db6,usage,50,250,250,0
W-CART,W-CART:cart,22,1.0,0.096,0.14966325767024197,0 2 3 1 4 8 9 5 16 7 6 31 10 12 15 11 63 64 32 18,0 2 3 1 4 8 9 5 16 7 6 31 10 12 15 11 63 64 32 18,phoneme,db6,usage,50,250,250,0
ALL,W-NN:k=7,23,1.0,0.08,0.12022948366176103,0 2 3 1 4 8 9 5 16 7 6 31 10 12 15 11 63 64 32 18,0 2 3 1 4 8 9 5 16 7 6 31 10 12 15 11 63 64 32 18,phoneme,db6,usage,50,250,250,0
W-NN,W-NN:k=7,12,,0.072,0.102269892741332,0 2 1 3 4 8 5 9 6 16 7 10 63 31 11 17 12 15 13 64,0 2 1 3 4 8 5 9 6 16 7 10 63 31 11 17 12 15 13 64,phoneme,db6,energy,51,250,250,0
W-QDA,W-QDA:qda,5,,0.096,0.11199800448989773,0 2 1 3 4 8 5 9 6 16 7 10 63 31 11 17 12 15 13 64,0 2 1 3 4 8 5 9 6 16 7 10 63 31 11 17 12 15 13 64,phoneme,db6,energy,51,250,250,0
W-CART,W-CART:cart,46,,0.136,0.1698677974557246,0 2 1 3 4 8 5 9 6 16 7 10 63 31 11 17 12 15 13 64,0 2 1 3 4 8 5 9 6 16 7 10 63 31 11 17 12 15 13 64,phoneme,db6,energy,51,250,250,0
ALL,W-NN:k=7,12,,0.072,0.102269892741332,0 2 1 3 4 8 5 9 6 16 7 10 63 31 11 17 12 15 13 64,0 2 1 3 4 8 5 9 6 16 7 10 63 31 11 17 12 15 13 64,phoneme,db6,energy,51,250,250,0
W-NN,W-NN:k=9,12,2.0,0.064,0.09753055624844101,0 2 4 1 3 8 5 6 7 9 10 11 12 13 14 15 16 17 18 19,0 2 3 1 4 8 5 9 16 7 6 10 15 31 11 17 63 64 12 13,phoneme,db6,usage,51,250,250,0
W-QDA,W-QDA:qda,9,2.0,0.088,0.11274632077824893,0 2 4 1 3 8 5 6 7 9 10 11 12 13 14 15 16 17 18 19,0 2 3 1 4 8 5 9 16 7 6 10 15 31 11 17 63 64 12 13,phoneme,db6,usage,51,250,250,0
W-CART,W-CART:cart,39,2.0,0.108,0.14866550261910702,0 2 4 1 3 8 5 6 7 9 10 11 12 13 14 15 16 17 18 19,0 2 3 1 4 8 5 9 16 7 6 10 15 31 11 17 63 64 12 13,phoneme,db6,usage,51,250,250,0
ALL,W-NN:k=9,12,2.0,0.064,0.09753055624844101,0 2 4 1 3 8 5 6 7 9 10 11 12 13 14 15 16 17 18 19,0 2 3 1 4 8 5 9 16 7 6 10 15 31 11 17 63 64 12 13,phoneme,db6,usage,51,250,250,0
W-NN,W-NN:k=5,9,,0.104,0.12297331005238214,0 2 1 4 3 8 5 9 6 10 7 16 63 11 31 12 17 13 15 64,0 2 1 4 3 8 5 9 6 10 7 16 63 11 31 12 17 13 15 64,phoneme,db6,energy,52,250,250,0
W-QDA,W-QDA:qda,11,,0.092,0.10601147418308805,0 2 1 4 3 8 5 9 6 10 7 16 63 11 31 12 17 13 15 64,0 2 1 4 3 8 5 9 6 10 7 16 63 11 31 12 17 13 15 64,phoneme,db6,energy,52,250,250,0
W-CART,W-CART:cart,35,,0.148,0.1561486655026191,0 2 1 4 3 8 5 9 6 10 7 16 63 11 31 12 17 13 15 64,0 2 1 4 3 8 5 9 6 10 7 16 63 11 31 12 17 13 15 64,phoneme,db6,energy,52,250,250,0
ALL,W-QDA:qda,11,,0.092,0.10601147418308805,0 2 1 4 3 8 5 9 6 10 7 16 63 11 31 12 17 13 15 64,0 2 1 4 3 8 5 9 6 10 7 16 63 11 31 12 17 13 15 64,phoneme,db6,energy,52,250,250,0
W-NN,W-NN:k=5,10,1.5,0.1,0.12147667747567972,0 2 3 1 4 8 5 6 16 9 7 20 32 10 11 12 13 14 15 17,0 2 3 1 4 8 5 9 16 7 6 10 31 15 11 12 13 17 63 20,phoneme,db6,usage,52,250,250,0
W-QDA,W-QDA:qda,11,2.0,0.092,0.10601147418308805,0 2 1 4 3 8 5 6 7 9 10 11 12 13 14 15 16 17 18 19,0 2 3 1 4 8 5 9 16 7 6 10 31 15 11 12 13 17 63 20,phoneme,db6,usage,52,250,250,0
W-CART,W-CART:cart,27,2.0,0.124,0.1546520329259167,0 2 1 4 3 8 5 6 7 9 10 11 12 13 14 15 16 17 18 19,0 2 3 1 4 8 5 9 16 7 6 10 31 15 11 12 13 17 63 20,phoneme,db6,usage,52,250,250,0
ALL,W-QDA:qda,11,2.0,0.092,0.10601147418308805,0 2 1 4 3 8 5 6 7 9 10 11 12 13 14 15 16 17 18 19,0 2 3 1 4 8 5 9 16 7 6 10 31 15 11 12 13 17 63 20,phoneme,db6,usage,52,250,250,0
W-NN,W-NN:k=5,47,,0.076,0.10900473933649289,0 2 1 3 4 8 5 9 6 16 10 7 63 11 31 17 12 13 15 64,0 2 1 3 4 8 5 9 6 16 10 7 63 11 31 17 12 13 15 64,phoneme,db6,energy,53,250,250,0
W-QDA,W-QDA:qda,12,,0.076,0.10251933150411574,0 2 1 3 4 8 5 9 6 16 10 7 63 11 31 17 12 13 15 64,0 2 1 3 4 8 5 9 6 16 10 7 63 11 31 17 12 13 15 64,phoneme,db6,energy,53,250,250,0
W-CART,W-CART:cart,14,,0.128,0.13694188076827138,0 2 1 3 4 8 5 9 6 16 10 7 63 11 31 17 12 13 15 64,0 2 1 3 4 8 5 9 6 16 10 7 63 11 31 17 12 13 15 64,phoneme,db6,energy,53,250,250,0
ALL,W-QDA:qda,12,,0.076,0.10251933150411574,0 2 1 3 4 8 5 9 6 16 10 7 63 11 31 17 12 13 15 64,0 2 1 3 4 8 5 9 6 16 10 7 63 11 31 17 12 13 15 64,phoneme,db6,energy,53,250,250,0
W-NN,W-NN:k=5,62,0.5,0.072,0.1050137191319531,0 2 1 3 8 4 9 5 16 10 6 7 63 31 17 11 12 15 64 13,0 2 3 1 4 8 5 9 16 7 6 10 31 15 17 11 18 12 32 63,phoneme,db6,usage,53,250,250,0
W-QDA,W-QDA:qda,13,1.0,0.072,0.10526315789473684,0 2 3 1 4 8 5 9 16 7 6 10 31 15 17 11 18 12 32 63,0 2 3 1 4 8 5 9 16 7 6 10 31 15 17 11 18 12 32 63,phoneme,db6,usage,53,250,250,0
W-CART,W-CART:cart,12,2.0,0.124,0.13419805437765028,0 2 1 4 3 8 5 9 6 7 10 11 12 13 14 15 16 17 18 19,0 2 3 1 4 8 5 9 16 7 6 10 31 15 17 11 18 12 32 63,phoneme,db6,usage,53,250,250,0
ALL,W-QDA:qda,13,1.0,0.072,0.10526315789473684,0 2 3 1 4 8 5 9 16 7 6 10 31 15 17 11 18 12 32 63,0 2 3 1 4 8 5 9 16 7 6 10 31 15 17 11 18 12 32 63,phoneme,db6,usage,53,250,250,0
W-NN,W-NN:k=3,29,,0.096,0.12172611623846345,0 2 1 3 4 8 5 9 6 7 16 10 63 11 31 17 12 15 13 64,0 2 1 3 4 8 5 9 6 7 16 10 63 11 31 17 12 15 13 64,phoneme,db6,energy,54,250,250,0
W-QDA,W-QDA:qda,21,,0.108,0.11349463706660015,0 2 1 3 4 8 5 9 6 7 16 10 63 11 31 17 12 15 13 64,0 2 1 3 4 8 5 9 6 7 16 10 63 11 31 17 12 15 13 64,phoneme,db6,energy,54,250,250,0
W-CART,W-CART:cart,26,,0.132,0.16238463457221253,0 2 1 3 4 8 5 9 6 7 16 10 63 11 31 17 12 15 13 64,0 2 1 3 4 8 5 9 6 7 16 10 63 11 31 17 12 15 13 64,phoneme,db6,energy,54,250,250,0
ALL,W-NN:k=3,29,,0.096,0.12172611623846345,0 2 1 3 4 8 5 9 6 7 16 10 63 11 31 17 12 15 13 64,0 2 1 3 4 8 5 9 6 7 16 10 63 11 31 17 12 15 13 64,phoneme,db6,energy,54,250,250,0
W-NN,W-NN:k=3,32,0.5,0.096,0.11973060613619356,0 2 3 1 8 4 9 5 16 7 10 6 31 63 15 17 11 12 13 32,0 2 3 1 4 8 5 9 16 7 6 10 15 31 11 17 12 13 64 14,phoneme,db6,usage,54,250,250,0
W-QDA,W-QDA:qda,20,1.0,0.112,0.11174856572711399,0 2 3 1 4 8 5 9 16 7 6 10 15 31 11 17 12 13 64 14,0 2 3 1 4 8 5 9 16 7 6 10 15 31 11 17 12 13 64 14,phoneme,db6,usage,54,250,250,0
W-CART,W-CART:cart,28,0.5,0.116,0.14467448241456723,0 2 3 1 8 4 9 5 16 7 10 6 31 63 15 17 11 12 13 32,0 2 3 1 4 8 5 9 16 7 6 10 15 31 11 17 12 13 64 14,phoneme,db6,usage,54,250,250,0
ALL,W-NN:k=3,32,0.5,0.096,0.11973060613619356,0 2 3 1 8 4 9 5 16 7 10 6 31 63 15 17 11 12 13 32,0 2 3 1 4 8 5 9 16 7 6 10 15 31 11 17 12 13 64 14,phoneme,db6,usage,54,250,250,0
W-NN,W-NN:k=25,12,,0.084,0.10002494387627837,0 2 1 4 3 8 5 9 6 16 7 10 63 31 11 15 17 12 13 64,0 2 1 4 3 8 5 9 6 16 7 10 63 31 11 15 17 12 13 64,phoneme,db6,energy,55,250,250,0
W-QDA,W-QDA:qda,8,,0.096,0.11100024943876279,0 2 1 4 3 8 5 9 6 16 7 10 63 31 11 15 17 12 13 64,0 2 1 4 3 8 5 9 6 16 7 10 63 31 11 15 17 12 13 64,phoneme,db6,energy,55,250,250,0
W-CART,W-CART:cart,63,,0.124,0.15839361436767274,0 2 1 4 3 8 5 9 6 16 7 10 63 31 11 15 17 12 13 64,0 2 1 4 3 8 5 9 6 16 7 10 63 31 11 15 17 12 13 64,phoneme,db6,energy,55,250,250,0
ALL,W-NN:k=25,12,,0.084,0.10002494387627837,0 2 1 4 3 8 5 9 6 16 7 10 63 31 11 15 17 12 13 64,0 2 1 4 3 8 5 9 6 16 7 10 63 31 11 15 17 12 13 64,phoneme,db6,energy,55,250,250,0
W-NN,W-NN:k=25,16,0.5,0.076,0.10002494387627837,0 2 3 1 8 4 9 5 16 7 6 10 63 31 15 17 11 12 32 13,0 2 3 1 4 8 5 9 16 6 7 15 10 31 63 13 11 21 32 64,phoneme,db6,usage,55,250,250,0
W-QDA,W-QDA:qda,7,0.5,0.088,0.0995260663507109,0 2 3 1 8 4 9 5 16 7 6 10 63 31 15 17 11 12 32 13,0 2 3 1 4 8 5 9 16 6 7 15 10 31 63 13 11 21 32 64,phoneme,db6,usage,55,250,250,0
W-CART,W-CART:cart,54,1.0,0.108,0.1404340234472437,0 2 3 1 4 8 5 9 16 6 7 15 10 31 63 13 11 21 32 64,0 2 3 1 4 8 5 9 16 6 7 15 10 31 63 13 11 21 32 64,phoneme,db6,usage,55,250,250,0
ALL,W-NN:k=25,16,0.5,0.076,0.10002494387627837,0 2 3 1 8 4 9 5 16 7 6 10 63 31 15 17 11 12 32 13,0 2 3 1 4 8 5 9 16 6 7 15 10 31 63 13 11 21 32 64,phoneme,db6,usage,55,250,250,0
W-NN,W-NN:k=15,35,,0.1,0.10875530057370915,0 2 1 3 4 8 5 9 6 7 16 10 63 11 31 17 12 15 13 14,0 2 1 3 4 8 5 9 6 7 16 10 63 11 31 17 12 15 13 14,phoneme,db6,energy,56,250,250,0
W-QDA,W-QDA:qda,10,,0.084,0.09353953604390122,0 2 1 3 4 8 5 9 6 7 16 10 63 11 31 17 12 15 13 14,0 2 1 3 4 8 5 9 6 7 16 10 63 11 31 17 12 15 13 14,phoneme,db6,energy,56,250,250,0
W-CART,W-CART:cart,40,,0.124,0.14691943127962084,0 2 1 3 4 8 5 9 6 7 16 10 63 11 31 17 12 15 13 14,0 2 1 3 4 8 5 9 6 7 16 10 63 11 31 17 12 15 13 14,phoneme,db6,energy,56,250,250,0
ALL,W-QDA:qda,10,,0.084,0.09353953604390122,0 2 1 3 4 8 5 9 6 7 16 10 63 11 31 17 12 15 13 14,0 2 1 3 4 8 5 9 6 7 16 10 63 11 31 17 12 15 13 14,phoneme,db6,energy,56,250,250,0
W-NN,W-NN:k=1,42,1.0,0.092,0.12970815664754304,0 2 3 1 4 8 9 5 16 7 6 10 31 15 17 11 32 64 12 63,0 2 3 1 4 8 9 5 16 7 6 10 31 15 17 11 32 64 12 63,phoneme,db6,usage,56,250,250,0
W-QDA,W-QDA:qda,11,2.0,0.08,0.08855076078822649,0 2 1 4 3 8 5 7 6 9 10 11 12 13 14 15 16 17 18 19,0 2 3 1 4 8 9 5 16 7 6 10 31 15 17 11 32 64 12 63,phoneme,db6,usage,56,250,250,0
W-CART,W-CART:cart,59,1.0,0.108,0.14941381890745822,0 2 3 1 4 8 9 5 16 7 6 10 31 15 17 11 32 64 12 63,0 2 3 1 4 8 9 5 16 7 6 10 31 15 17 11 32 64 12 63,phoneme,db6,usage,56,250,250,0
ALL,W-QDA:qda,11,2.0,0.08,0.08855076078822649,0 2 1 4 3 8 5 7 6 9 10 11 12 13 14 15 16 17 18 19,0 2 3 1 4 8 9 5 16 7 6 10 31 15 17 11 32 64 12 63,phoneme,db6,usage,56,250,250,0
W-NN,W-NN:k=7,13,,0.104,0.10276877026689947,0 2 1 4 3 8 5 9 6 16 10 7 63 31 11 12 17 15 13 64,0 2 1 4 3 8 5 9 6 16 10 7 63 31 11 12 17 15 13 64,phoneme,db6,energy,57,250,250,0
W-QDA,W-QDA:qda,17,,0.088,0.11174856572711399,0 2 1 4 3 8 5 9 6 16 10 7 63 31 11 12 17 15 13 64,0 2 1 4 3 8 5 9 6 16 10 7 63 31 11 12 17 15 13 64,phoneme,db6,energy,57,250,250,0
W-CART,W-CART:cart,25,,0.12,0.153404839111998,0 2 1 4 3 8 5 9 6 16 10 7 63 31 11 12 17 15 13 64,0 2 1 4 3 8 5 9 6 16 10 7 63 31 11 12 17 15 13 64,phoneme,db6,energy,57,250,250,0
ALL,W-QDA:qda,17,,0.088,0.11174856572711399,0 2 1 4 3 8 5 9 6 16 10 7 63 31 11 12 17 15 13 64,0 2 1 4 3 8 5 9 6 16 10 7 63 31 11 12 17 15 13 64,phoneme,db6,energy,57,250,250,0
W-NN,W-NN:k=9,38,1.0,0.1,0.10177101521576452,0 2 3 1 4 8 5 9 16 7 6 31 10 15 17 63 12 11 32 64,0 2 3 1 4 8 5 9 16 7 6 31 10 15 17 63 12 11 32 64,phoneme,db6,usage,57,250,250,0
W-QDA,W-QDA:qda,7,0.5,0.088,0.09728111748565726,0 1 2 3 8 4 9 5 16 7 6 10 63 31 15 17 11 64 12 13,0 2 3 1 4 8 5 9 16 7 6 31 10 15 17 63 12 11 32 64,phoneme,db6,usage,57,250,250,0
W-CART,W-CART:cart,12,0.5,0.12,0.14292841107508106,0 1 2 3 8 4 9 5 16 7 6 10 63 31 15 17 11 64 12 13,0 2 3 1 4 8 5 9 16 7 6 31 10 15 17 63 12 11 32 64,phoneme,db6,usage,57,250,250,0
ALL,W-QDA:qda,7,0.5,0.088,0.09728111748565726,0 1 2 3 8 4 9 5 16 7 6 10 63 31 15 17 11 64 12 13,0 2 3 1 4 8 5 9 16 7 6 31 10 15 17 63 12 11 32 64,phoneme,db6,usage,57,250,250,0
W-NN,W-NN:k=3,24,,0.064,0.11873285108505861,0 2 1 3 4 8 5 9 6 10 16 7 63 31 11 17 15 13 12 64,0 2 1 3 4 8 5 9 6 10 16 7 63 31 11 17 15 13 12 64,phoneme,db6,energy,58,250,250,0
W-QDA,W-QDA:qda,6,,0.088,0.11798453479670741,0 2 1 3 4 8 5 9 6 10 16 7 63 31 11 17 15 13 12 64,0 2 1 3 4 8 5 9 6 10 16 7 63 31 11 17 15 13 12 64,phoneme,db6,energy,58,250,250,0
W-CART,W-CART:cart,9,,0.132,0.17086555250685956,0 2 1 3 4 8 5 9 6 10 16 7 63 31 11 17 15 13 12 64,0 2 1 3 4 8 5 9 6 10 16 7 63 31 11 17 15 13 12 64,phoneme,db6,energy,58,250,250,0
ALL,W-NN:k=3,24,,0.064,0.11873285108505861,0 2 1 3 4 8 5 9 6 10 16 7 63 31 11 17 15 13 12 64,0 2 1 3 4 8 5 9 6 10 16 7 63 31 11 17 15 13 12 64,phoneme,db6,energy,58,250,250,0
W-NN,W-NN:k=5,23,0.5,0.064,0.11324519830381641,0 2 1 3 8 4 9 5 16 10 6 7 63 31 15 17 11 13 64 12,0 2 3 1 4 8 5 9 7 16 6 10 31 15 17 63 13 11 18 20,phoneme,db6,usage,58,250,250,0
W-QDA,W-QDA:qda,6,0.5,0.088,0.11798453479670741,0 2 1 3 8 4 9 5 16 10 6 7 63 31 15 17 11 13 64 12,0 2 3 1 4 8 5 9 7 16 6 10 31 15 17 63 13 11 18 20,phoneme,db6,usage,58,250,250,0
W-CART,W-CART:cart,14,1.5,0.108,0.1526565228236468,0 2 3 1 4 8 5 7 16 6 9 10 11 12 13 14 15 17 18 19,0 2 3 1 4 8 5 9 7 16 6 10 31 15 17 63 13 11 18 20,phoneme,db6,usage,58,250,250,0
ALL,W-NN:k=5,23,0.5,0.064,0.11324519830381641,0 2 1 3 8 4 9 5 16 10 6 7 63 31 15 17 11 13 64 12,0 2 3 1 4 8 5 9 7 16 6 10 31 15 17 63 13 11 18 20,phoneme,db6,usage,58,250,250,0
W-NN,W-NN:k=3,19,,0.052,0.107009229234223,0 2 1 3 4 8 5 9 6 10 7 16 63 31 11 17 15 12 13 64,0 2 1 3 4 8 5 9 6 10 7 16 63 31 11 17 15 12 13 64,phoneme,db6,energy,59,250,250,0
W-QDA,W-QDA:qda,8,,0.068,0.107009229234223,0 2 1 3 4 8 5 9 6 10 7 16 63 31 11 17 15 12 13 64,0 2 1 3 4 8 5 9 6 10 7 16 63 31 11 17 15 12 13 64,phoneme,db6,energy,59,250,250,0
W-CART,W-CART:cart,36,,0.1,0.14866550261910702,0 2 1 3 4 8 5 9 6 10 7 16 63 31 11 17 15 12 13 64,0 2 1 3 4 8 5 9 6 10 7 16 63 31 11 17 15 12 13 64,phoneme,db6,energy,59,250,250,0
ALL,W-NN:k=3,19,,0.052,0.107009229234223,0 2 1 3 4 8 5 9 6 10 7 16 63 31 11 17 15 12 13 64,0 2 1 3 4 8 5 9 6 10 7 16 63 31 11 17 15 12 13 64,phoneme,db6,energy,59,250,250,0
W-NN,W-NN:k=3,19,0.5,0.052,0.107009229234223,0 2 1 3 8 4 9 5 16 10 7 6 31 63 11 15 17 12 13 64,0 2 3 1 4 8 5 9 7 16 6 10 15 31 63 17 32 11 13 20,phoneme,db6,usage,59,250,250,0
W-QDA,W-QDA:qda,12,2.0,0.064,0.11224744325268146,0 2 1 4 3 8 5 6 7 9 10 11 12 13 14 15 16 17 18 19,0 2 3 1 4 8 5 9 7 16 6 10 15 31 63 17 32 11 13 20,phoneme,db6,usage,59,250,250,0
W-CART,W-CART:cart,17,0.5,0.096,0.14916438014467448,0 2 1 3 8 4 9 5 16 10 7 6 31 63 11 15 17 12 13 64,0 2 3 1 4 8 5 9 7 16 6 10 15 31 63 17 32 11 13 20,phoneme,db6,usage,59,250,250,0
ALL,W-NN:k=3,19,0.5,0.052,0.107009229234223,0 2 1 3 8 4 9 5 16 10 7 6 31 63 11 15 17 12 13 64,0 2 3 1 4 8 5 9 7 16 6 10 15 31 63 17 32 11 13 20,phoneme,db6,usage,59,250,250,0
W-NN,W-NN:k=9,20,,0.076,0.11199800448989773,0 2 1 4 3 8 5 9 6 16 10 7 63 31 11 17 12 15 13 14,0 2 1 4 3 8 5 9 6 16 10 7 63 31 11 17 12 15 13 14,phoneme,db6,energy,60,250,250,0
W-QDA,W-QDA:qda,9,,0.06,0.10576203542030431,0 2 1 4 3 8 5 9 6 16 10 7 63 31 11 17 12 15 13 14,0 2 1 4 3 8 5 9 6 16 10 7 63 31 11 17 12 15 13 14,phoneme,db6,energy,60,250,250,0
W-CART,W-CART:cart,13,,0.096,0.13744075829383887,0 2 1 4 3 8 5 9 6 16 10 7 63 31 11 17 12 15 13 14,0 2 1 4 3 8 5 9 6 16 10 7 63 31 11 17 12 15 13 14,phoneme,db6,energy,60,250,250,0
ALL,W-QDA:qda,9,,0.06,0.10576203542030431,0 2 1 4 3 8 5 9 6 16 10 7 63 31 11 17 12 15 13 14,0 2 1 4 3 8 5 9 6 16 10 7 63 31 11 17 12 15 13 14,phoneme,db6,energy,60,250,250,0
W-NN,W-NN:k=5,19,1.0,0.076,0.11274632077824893,0 2 3 1 4 8 9 5 16 7 6 31 10 15 63 17 20 64 127 148,0 2 3 1 4 8 9 5 16 7 6 31 10 15 63 17 20 64 127 148,phoneme,db6,usage,60,250,250,0
W-QDA,W-QDA:qda,8,2.0,0.064,0.11075081067597904,0 2 1 4 3 8 5 6 7 9 10 11 12 13 14 15 16 17 18 19,0 2 3 1 4 8 9 5 16 7 6 31 10 15 63 17 20 64 127 148,phoneme,db6,usage,60,250,250,0
W-CART,W-CART:cart,11,1.0,0.092,0.14766774756797207,0 2 3 1 4 8 9 5 16 7 6 31 10 15 63 17 20 64 127 148,0 2 3 1 4 8 9 5 16 7 6 31 10 15 63 17 20 64 127 148,phoneme,db6,usage,60,250,250,0
ALL,W-QDA:qda,8,2.0,0.064,0.11075081067597904,0 2 1 4 3 8 5 6 7 9 10 11 12 13 14 15 16 17 18 19,0 2 3 1 4 8 9 5 16 7 6 31 10 15 63 17 20 64 127 148,phoneme,db6,usage,60,250,250,0
W-NN,W-NN:k=1,14,,0.096,0.13070591169867798,0 2 1 4 3 8 5 9 6 16 7 10 63 31 11 17 15 12 13 64,0 2 1 4 3 8 5 9 6 16 7 10 63 31 11 17 15 12 13 64,phoneme,db6,energy,61,250,250,0
W-QDA,W-QDA:qda,8,,0.076,0.102269892741332,0 2 1 4 3 8 5 9 6 16 7 10 63 31 11 17 15 12 13 64,0 2 1 4 3 8 5 9 6 16 7 10 63 31 11 17 15 12 13 64,phoneme,db6,energy,61,250,250,0
W-CART,W-CART:cart,20,,0.124,0.1541531554003492,0 2 1 4 3 8 5 9 6 16 7 10 63 31 11 17 15 12 13 64,0 2 1 4 3 8 5 9 6 16 7 10 63 31 11 17 15 12 13 64,phoneme,db6,energy,61,250,250,0
ALL,W-QDA:qda,8,,0.076,0.102269892741332,0 2 1 4 3 8 5 9 6 16 7 10 63 31 11 17 15 12 13 64,0 2 1 4 3 8 5 9 6 16 7 10 63 31 11 17 15 12 13 64,phoneme,db6,energy,61,250,250,0
W-NN,W-NN:k=3,26,0.5,0.092,0.10875530057370915,0 2 3 1 8 4 9 5 16 7 10 6 63 31 15 11 17 32 64 13,0 2 3 1 4 8 5 9 16 7 6 10 15 31 63 11 17 32 12 13,phoneme,db6,usage,61,250,250,0
W-QDA,W-QDA:qda,8,0.5,0.076,0.102269892741332,0 2 3 1 8 4 9 5 16 7 10 6 63 31 15 11 17 32 64 13,0 2 3 1 4 8 5 9 16 7 6 10 15 31 63 11 17 32 12 13,phoneme,db6,usage,61,250,250,0
W-CART,W-CART:cart,19,0.5,0.116,0.14093290097281116,0 2 3 1 8 4 9 5 16 7 10 6 63 31 15 11 17 32 64 13,0 2 3 1 4 8 5 9 16 7 6 10 15 31 63 11 17 32 12 13,phoneme,db6,usage,61,250,250,0
ALL,W-QDA:qda,8,0.5,0.076,0.102269892741332,0 2 3 1 8 4 9 5 16 7 10 6 63 31 15 11 17 32 64 13,0 2 3 1 4 8 5 9 16 7 6 10 15 31 63 11 17 32 12 13,phoneme,db6,usage,61,250,250,0
W-NN,W-NN:k=3,64,,0.076,0.12097779995011225,0 2 1 3 4 8 5 9 6 7 16 10 63 11 31 17 15 12 13 64,0 2 1 3 4 8 5 9 6 7 16 10 63 11 31 17 15 12 13 64,phoneme,db6,energy,62,250,250,0
W-QDA,W-QDA:qda,6,,0.084,0.10202045397854827,0 2 1 3 4 8 5 9 6 7 16 10 63 11 31 17 15 12 13 64,0 2 1 3 4 8 5 9 6 7 16 10 63 11 31 17 15 12 13 64,phoneme,db6,energy,62,250,250,0
W-CART,W-CART:cart,22,,0.1,0.14218009478672985,0 2 1 3 4 8 5 9 6 7 16 10 63 11 31 17 15 12 13 64,0 2 1 3 4 8 5 9 6 7 16 10 63 11 31 17 15 12 13 64,phoneme,db6,energy,62,250,250,0
ALL,W-NN:k=3,64,,0.076,0.12097779995011225,0 2 1 3 4 8 5 9 6 7 16 10 63 11 31 17 15 12 13 64,0 2 1 3 4 8 5 9 6 7 16 10 63 11 31 17 15 12 13 64,phoneme,db6,energy,62,250,250,0
W-NN,W-NN:k=7,28,1.0,0.076,0.10551259665752058,0 2 3 1 4 8 5 9 16 7 6 31 10 15 17 11 63 12 14 20,0 2 3 1 4 8 5 9 16 7 6 31 10 15 17 11 63 12 14 20,phoneme,db6,usage,62,250,250,0
W-QDA,W-QDA:qda,7,0.5,0.076,0.09777999501122474,0 2 1 3 8 4 9 5 16 7 10 6 63 31 15 17 11 12 13 64,0 2 3 1 4 8 5 9 16 7 6 31 10 15 17 11 63 12 14 20,phoneme,db6,usage,62,250,250,0
W-CART,W-CART:cart,42,1.5,0.084,0.1384385133449738,0 2 3 1 4 8 5 16 7 6 9 15 10 11 12 13 14 17 18 19,0 2 3 1 4 8 5 9 16 7 6 31 10 15 17 11 63 12 14 20,phoneme,db6,usage,62,250,250,0
ALL,W-QDA:qda,7,0.5,0.076,0.09777999501122474,0 2 1 3 8 4 9 5 16 7 10 6 63 31 15 17 11 12 13 64,0 2 3 1 4 8 5 9 16 7 6 31 10 15 17 11 63 12 14 20,phoneme,db6,usage,62,250,250,0
W-NN,W-NN:k=7,54,,0.108,0.10825642304814168,0 2 1 3 4 5 8 9 6 7 10 16 63 31 11 17 15 13 12 14,0 2 1 3 4 5 8 9 6 7 10 16 63 31 11 17 15 13 12 14,phoneme,db6,energy,63,250,250,0
W-QDA,W-QDA:qda,5,,0.104,0.11499126964330257,0 2 1 3 4 5 8 9 6 7 10 16 63 31 11 17 15 13 12 14,0 2 1 3 4 5 8 9 6 7 10 16 63 31 11 17 15 13 12 14,phoneme,db6,energy,63,250,250,0
W-CART,W-CART:cart,11,,0.156,0.15490147168870042,0 2 1 3 4 5 8 9 6 7 10 16 63 31 11 17 15 13 12 14,0 2 1 3 4 5 8 9 6 7 10 16 63 31 11 17 15 13 12 14,phoneme,db6,energy,63,250,250,0
ALL,W-QDA:qda,5,,0.104,0.11499126964330257,0 2 1 3 4 5 8 9 6 7 10 16 63 31 11 17 15 13 12 14,0 2 1 3 4 5 8 9 6 7 10 16 63 31 11 17 15 13 12 14,phoneme,db6,energy,63,250,250,0
W-NN,W-NN:k=7,48,0.5,0.108,0.10950361686206037,0 1 3 2 8 4 9 5 16 10 7 6 63 31 17 11 15 32 64 12,0 2 3 1 4 8 5 9 16 7 6 10 15 31 17 63 64 11 13 20,phoneme,db6,usage,63,250,250,0
W-QDA,W-QDA:qda,6,0.5,0.096,0.11199800448989773,0 1 3 2 8 4 9 5 16 10 7 6 63 31 17 11 15 32 64 12,0 2 3 1 4 8 5 9 16 7 6 10 15 31 17 63 64 11 13 20,phoneme,db6,usage,63,250,250,0
W-CART,W-CART:cart,36,3.0,0.132,0.1526565228236468,0 2 1 4 3 5 6 7 8 9 10 11 12 13 14 15 16 17 18 19,0 2 3 1 4 8 5 9 16 7 6 10 15 31 17 63 64 11 13 20,phoneme,db6,usage,63,250,250,0
ALL,W-QDA:qda,6,0.5,0.096,0.11199800448989773,0 1 3 2 8 4 9 5 16 10 7 6 63 31 17 11 15 32 64 12,0 2 3 1 4 8 5 9 16 7 6 10 15 31 17 63 64 11 13 20,phoneme,db6,usage,63,250,250,0
W-NN,W-NN:k=9,12,,0.06,0.10601147418308805,0 2 1 3 4 8 5 9 6 10 16 7 63 31 11 17 12 15 13 14,0 2 1 3 4 8 5 9 6 10 16 7 63 31 11 17 12 15 13 14,phoneme,db6,energy,64,250,250,0
W-QDA,W-QDA:qda,13,,0.076,0.10476428036916936,0 2 1 3 4 8 5 9 6 10 16 7 63 31 11 17 12 15 13 14,0 2 1 3 4 8 5 9 6 10 16 7 63 31 11 17 12 15 13 14,phoneme,db6,energy,64,250,250,0
W-CART,W-CART:cart,16,,0.124,0.1451733599401347,0 2 1 3 4 8 5 9 6 10 16 7 63 31 11 17 12 15 13 14,0 2 1 3 4 8 5 9 6 10 16 7 63 31 11 17 12 15 13 14,phoneme,db6,energy,64,250,250,0
ALL,W-NN:k=9,12,,0.06,0.10601147418308805,0 2 1 3 4 8 5 9 6 10 16 7 63 31 11 17 12 15 13 14,0 2 1 3 4 8 5 9 6 10 16 7 63 31 11 17 12 15 13 14,phoneme,db6,energy,64,250,250,0
W-NN,W-NN:k=9,11,2.0,0.06,0.10626091294587178,0 2 1 4 3 8 5 6 7 9 10 11 12 13 14 15 16 17 18 19,0 2 3 1 4 8 5 9 7 16 6 10 31 15 11 17 63 13 18 65,phoneme,db6,usage,64,250,250,0
W-QDA,W-QDA:qda,9,1.0,0.072,0.10551259665752058,0 2 3 1 4 8 5 9 7 16 6 10 31 15 11 17 63 13 18 65,0 2 3 1 4 8 5 9 7 16 6 10 31 15 11 17 63 13 18 65,phoneme,db6,usage,64,250,250,0
W-CART,W-CART:cart,22,1.0,0.12,0.13469693190321777,0 2 3 1 4 8 5 9 7 16 6 10 31 15 11 17 63 13 18 65,0 2 3 1 4 8 5 9 7 16 6 10 31 15 11 17 63 13 18 65,phoneme,db6,usage,64,250,250,0
ALL,W-NN:k=9,11,2.0,0.06,0.10626091294587178,0 2 1 4 3 8 5 6 7 9 10 11 12 13 14 15 16 17 18 19,0 2 3 1 4 8 5 9 7 16 6 10 31 15 11 17 63 13 18 65,phoneme,db6,usage,64,250,250,0
W-NN,W-NN:k=15,15,,0.08,0.10551259665752058,0 2 1 4 3 8 5 9 6 16 7 10 63 31 17 11 15 12 13 64,0 2 1 4 3 8 5 9 6 16 7 10 63 31 17 11 15 12 13 64,phoneme,db6,energy,65,250,250,0
W-QDA,W-QDA:qda,6,,0.1,0.11623846345722125,0 2 1 4 3 8 5 9 6 16 7 10 63 31 17 11 15 12 13 64,0 2 1 4 3 8 5 9 6 16 7 10 63 31 17 11 15 12 13 64,phoneme,db6,energy,65,250,250,0
W-CART,W-CART:cart,40,,0.184,0.18358692940883012,0 2 1 4 3 8 5 9 6 16 7 10 63 31 17 11 15 12 13 64,0 2 1 4 3 8 5 9 6 16 7 10 63 31 17 11 15 12 13 64,phoneme,db6,energy,65,250,250,0
ALL,W-NN:k=15,15,,0.08,0.10551259665752058,0 2 1 4 3 8 5 9 6 16 7 10 63 31 17 11 15 12 13 64,0 2 1 4 3 8 5 9 6 16 7 10 63 31 17 11 15 12 13 64,phoneme,db6,energy,65,250,250,0
W-NN,W-NN:k=15,15,0.5,0.08,0.10551259665752058,0 2 3 1 8 4 9 5 16 10 7 6 63 31 17 15 11 64 12 13,0 2 3 1 4 8 9 5 16 7 6 10 31 15 17 63 12 13 18 20,phoneme,db6,usage,65,250,250,0
W-QDA,W-QDA:qda,6,0.5,0.1,0.11623846345722125,0 2 3 1 8 4 9 5 16 10 7 6 63 31 17 15 11 64 12 13,0 2 3 1 4 8 9 5 16 7 6 10 31 15 17 63 12 13 18 20,phoneme,db6,usage,65,250,250,0
W-CART,W-CART:cart,15,1.5,0.172,0.16812172611623846,0 2 3 1 4 8 5 16 7 9 6 18 20 10 11 12 13 14 15 17,0 2 3 1 4 8 9 5 16 7 6 10 31 15 17 63 12 13 18 20,phoneme,db6,usage,65,250,250,0
ALL,W-NN:k=15,15,0.5,0.08,0.10551259665752058,0 2 3 1 8 4 9 5 16 10 7 6 63 31 17 15 11 64 12 13,0 2 3 1 4 8 9 5 16 7 6 10 31 15 17 63 12 13 18 20,phoneme,db6,usage,65,250,250,0
W-NN,W-NN:k=5,8,,0.068,0.11149912696433026,0 2 1 3 4 8 5 9 6 7 16 10 63 31 12 17 11 15 13 14,0 2 1 3 4 8 5 9 6 7 16 10 63 31 12 17 11 15 13 14,phoneme,db6,energy,66,250,250,0
W-QDA,W-QDA:qda,18,,0.064,0.10426540284360189,0 2 1 3 4 8 5 9 6 7 16 10 63 31 12 17 11 15 13 14,0 2 1 3 4 8 5 9 6 7 16 10 63 31 12 17 11 15 13 14,phoneme,db6,energy,66,250,250,0
W-CART,W-CART:cart,5,,0.096,0.1566475430281866,0 2 1 3 4 8 5 9 6 7 16 10 63 31 12 17 11 15 13 14,0 2 1 3 4 8 5 9 6 7 16 10 63 31 12 17 11 15 13 14,phoneme,db6,energy,66,250,250,0
ALL,W-QDA:qda,18,,0.064,0.10426540284360189,0 2 1 3 4 8 5 9 6 7 16 10 63 31 12 17 11 15 13 14,0 2 1 3 4 8 5 9 6 7 16 10 63 31 12 17 11 15 13 14,phoneme,db6,energy,66,250,250,0
W-NN,W-NN:k=25,24,2.0,0.06,0.10825642304814168,0 2 1 4 3 8 5 6 7 9 10 11 12 13 14 15 16 17 18 19,0 2 3 1 4 8 5 9 16 6 7 31 10 15 17 63 11 32 12 21,phoneme,db6,usage,66,250,250,0
W-QDA,W-QDA:qda,18,2.0,0.052,0.10127213769019705,0 2 1 4 3 8 5 6 7 9 10 11 12 13 14 15 16 17 18 19,0 2 3 1 4 8 5 9 16 6 7 31 10 15 17 63 11 32 12 21,phoneme,db6,usage,66,250,250,0
W-CART,W-CART:cart,8,1.0,0.096,0.13694188076827138,0 2 3 1 4 8 5 9 16 6 7 31 10 15 17 63 11 32 12 21,0 2 3 1 4 8 5 9 16 6 7 31 10 15 17 63 11 32 12 21,phoneme,db6,usage,66,250,250,0
ALL,W-QDA:qda,18,2.0,0.052,0.10127213769019705,0 2 1 4 3 8 5 6 7 9 10 11 12 13 14 15 16 17 18 19,0 2 3 1 4 8 5 9 16 6 7 31 10 15 17 63 11 32 12 21,phoneme,db6,usage,66,250,250,0
W-NN,W-NN:k=9,21,,0.088,0.10301820902968321,0 2 1 3 4 5 8 9 6 7 16 10 63 11 31 17 12 15 13 64,0 2 1 3 4 5 8 9 6 7 16 10 63 11 31 17 12 15 13 64,phoneme,db6,energy,67,250,250,0
W-QDA,W-QDA:qda,14,,0.084,0.11050137191319531,0 2 1 3 4 5 8 9 6 7 16 10 63 11 31 17 12 15 13 64,0 2 1 3 4 5 8 9 6 7 16 10 63 11 31 17 12 15 13 64,phoneme,db6,energy,67,250,250,0
W-CART,W-CART:cart,8,,0.144,0.143926166126216,0 2 1 3 4 5 8 9 6 7 16 10 63 11 31 17 12 15 13 64,0 2 1 3 4 5 8 9 6 7 16 10 63 11 31 17 12 15 13 64,phoneme,db6,energy,67,250,250,0
ALL,W-QDA:qda,14,,0.084,0.11050137191319531,0 2 1 3 4 5 8 9 6 7 16 10 63 11 31 17 12 15 13 64,0 2 1 3 4 5 8 9 6 7 16 10 63 11 31 17 12 15 13 64,phoneme,db6,energy,67,250,250,0
W-NN,W-NN:k=5,33,1.0,0.084,0.10401596408081816,0 2 3 1 4 8 5 9 16 7 6 15 10 31 17 12 18 32 64 11,0 2 3 1 4 8 5 9 16 7 6 15 10 31 17 12 18 32 64 11,phoneme,db6,usage,67,250,250,0
W-QDA,W-QDA:qda,15,0.5,0.088,0.11948116737340983,0 2 1 3 8 4 9 5 16 10 7 6 63 31 11 17 15 12 64 13,0 2 3 1 4 8 5 9 16 7 6 15 10 31 17 12 18 32 64 11,phoneme,db6,usage,67,250,250,0
W-CART,W-CART:cart,10,3.0,0.136,0.14691943127962084,0 2 1 4 3 5 6 7 8 9 10 11 12 13 14 15 16 17 18 19,0 2 3 1 4 8 5 9 16 7 6 15 10 31 17 12 18 32 64 11,phoneme,db6,usage,67,250,250,0
ALL,W-NN:k=5,33,1.0,0.084,0.10401596408081816,0 2 3 1 4 8 5 9 16 7 6 15 10 31 17 12 18 32 64 11,0 2 3 1 4 8 5 9 16 7 6 15 10 31 17 12 18 32 64 11,phoneme,db6,usage,67,250,250,0
W-NN,W-NN:k=7,8,,0.1,0.11823397355949114,0 2 1 3 4 8 5 9 6 16 7 10 63 31 17 11 12 15 13 64,0 2 1 3 4 8 5 9 6 16 7 10 63 31 17 11 12 15 13 64,phoneme,db6,energy,68,250,250,0
W-QDA,W-QDA:qda,10,,0.088,0.09503616862060364,0 2 1 3 4 8 5 9 6 16 7 10 63 31 17 11 12 15 13 64,0 2 1 3 4 8 5 9 6 16 7 10 63 31 17 11 12 15 13 64,phoneme,db6,energy,68,250,250,0
W-CART,W-CART:cart,33,,0.112,0.13569468695435272,0 2 1 3 4 8 5 9 6 16 7 10 63 31 17 11 12 15 13 64,0 2 1 3 4 8 5 9 6 16 7 10 63 31 17 11 12 15 13 64,phoneme,db6,energy,68,250,250,0
ALL,W-QDA:qda,10,,0.088,0.09503616862060364,0 2 1 3 4 8 5 9 6 16 7 10 63 31 17 11 12 15 13 64,0 2 1 3 4 8 5 9 6 16 7 10 63 31 17 11 12 15 13 64,phoneme,db6,energy,68,250,250,0
W-NN,W-NN:k=7,9,0.5,0.096,0.11623846345722125,0 2 1 3 8 4 9 5 16 6 10 7 63 31 17 15 11 12 13 64,0 2 3 1 4 8 5 9 6 16 7 15 31 10 17 11 13 65 127 129,phoneme,db6,usage,68,250,250,0
W-QDA,W-QDA:qda,20,2.0,0.084,0.10301820902968321,0 2 1 3 4 8 5 6 7 9 10 11 12 13 14 15 16 17 18 19,0 2 3 1 4 8 5 9 6 16 7 15 31 10 17 11 13 65 127 129,phoneme,db6,usage,68,250,250,0
W-CART,W-CART:cart,45,1.5,0.096,0.13245198303816413,0 2 3 1 4 8 5 16 6 7 9 31 10 11 12 13 14 15 17 18,0 2 3 1 4 8 5 9 6 16 7 15 31 10 17 11 13 65 127 129,phoneme,db6,usage,68,250,250,0
ALL,W-QDA:qda,20,2.0,0.084,0.10301820902968321,0 2 1 3 4 8 5 6 7 9 10 11 12 13 14 15 16 17 18 19,0 2 3 1 4 8 5 9 6 16 7 15 31 10 17 11 13 65 127 129,phoneme,db6,usage,68,250,250,0
W-NN,W-NN:k=15,17,,0.104,0.0947867298578199,0 2 1 3 4 8 5 9 6 16 7 10 63 31 11 17 12 15 13 14,0 2 1 3 4 8 5 9 6 16 7 10 63 31 11 17 12 15 13 14,phoneme,db6,energy,69,250,250,0
W-QDA,W-QDA:qda,9,,0.084,0.10177101521576452,0 2 1 3 4 8 5 9 6 16 7 10 63 31 11 17 12 15 13 14,0 2 1 3 4 8 5 9 6 16 7 10 63 31 11 17 12 15 13 14,phoneme,db6,energy,69,250,250,0
W-CART,W-CART:cart,6,,0.132,0.17335994013469694,0 2 1 3 4 8 5 9 6 16 7 10 63 31 11 17 12 15 13 14,0 2 1 3 4 8 5 9 6 16 7 10 63 31 11 17 12 15 13 14,phoneme,db6,energy,69,250,250,0
ALL,W-QDA:qda,9,,0.084,0.10177101521576452,0 2 1 3 4 8 5 9 6 16 7 10 63 31 11 17 12 15 13 14,0 2 1 3 4 8 5 9 6 16 7 10 63 31 11 17 12 15 13 14,phoneme,db6,energy,69,250,250,0
W-NN,W-NN:k=25,32,1.0,0.1,0.10526315789473684,0 2 3 1 4 8 9 5 16 7 6 10 15 31 11 63 64 17 32 12,0 2 3 1 4 8 9 5 16 7 6 10 15 31 11 63 64 17 32 12,phoneme,db6,usage,69,250,250,0
W-QDA,W-QDA:qda,11,0.5,0.076,0.09852831129957595,0 2 1 3 8 9 4 5 16 10 7 6 63 31 11 17 15 12 13 32,0 2 3 1 4 8 9 5 16 7 6 10 15 31 11 63 64 17 32 12,phoneme,db6,usage,69,250,250,0
W-CART,W-CART:cart,8,0.5,0.128,0.14267897231229734,0 2 1 3 8 9 4 5 16 10 7 6 63 31 11 17 15 12 13 32,0 2 3 1 4 8 9 5 16 7 6 10 15 31 11 63 64 17 32 12,phoneme,db6,usage,69,250,250,0
ALL,W-QDA:qda,11,0.5,0.076,0.09852831129957595,0 2 1 3 8 9 4 5 16 10 7 6 63 31 11 17 15 12 13 32,0 2 3 1 4 8 9 5 16 7 6 10 15 31 11 63 64 17 32 12,phoneme,db6,usage,69,250,250,0
W-NN,W-NN:k=7,12,,0.104,0.12571713644300325,0 2 1 3 4 5 8 9 6 16 10 7 63 31 12 11 17 15 64 13,0 2 1 3 4 5 8 9 6 16 10 7 63 31 12 11 17 15 64 13,phoneme,db6,energy,70,250,250,0
W-QDA,W-QDA:qda,18,,0.08,0.11573958593165377,0 2 1 3 4 5 8 9 6 16 10 7 63 31 12 11 17 15 64 13,0 2 1 3 4 5 8 9 6 16 10 7 63 31 12 11 17 15 64 13,phoneme,db6,energy,70,250,250,0
W-CART,W-CART:cart,12,,0.108,0.17211274632077825,0 2 1 3 4 5 8 9 6 16 10 7 63 31 12 11 17 15 64 13,0 2 1 3 4 5 8 9 6 16 10 7 63 31 12 11 17 15 64 13,phoneme,db6,energy,70,250,250,0
ALL,W-QDA:qda,18,,0.08,0.11573958593165377,0 2 1 3 4 5 8 9 6 16 10 7 63 31 12 11 17 15 64 13,0 2 1 3 4 5 8 9 6 16 10 7 63 31 12 11 17 15 64 13,phoneme,db6,energy,70,250,250,0
W-NN,W-NN:k=5,10,0.5,0.096,0.12247443252681467,0 1 2 3 8 4 9 5 16 10 6 7 63 31 15 17 11 12 64 32,0 2 3 1 4 8 5 9 16 7 6 10 15 31 17 11 63 64 12 13,phoneme,db6,usage,70,250,250,0
W-QDA,W-QDA:qda,14,2.0,0.068,0.11100024943876279,0 2 1 4 3 8 5 6 7 9 10 11 12 13 14 15 16 17 18 19,0 2 3 1 4 8 5 9 16 7 6 10 15 31 17 11 63 64 12 13,phoneme,db6,usage,70,250,250,0
W-CART,W-CART:cart,12,1.0,0.096,0.1608880019955101,0 2 3 1 4 8 5 9 16 7 6 10 15 31 17 11 63 64 12 13,0 2 3 1 4 8 5 9 16 7 6 10 15 31 17 11 63 64 12 13,phoneme,db6,usage,70,250,250,0
ALL,W-QDA:qda,14,2.0,0.068,0.11100024943876279,0 2 1 4 3 8 5 6 7 9 10 11 12 13 14 15 16 17 18 19,0 2 3 1 4 8 5 9 16 7 6 10 15 31 17 11 63 64 12 13,phoneme,db6,usage,70,250,250,0
W-NN,W-NN:k=9,33,,0.08,0.11299575954103268,0 2 1 3 4 8 5 9 6 16 10 7 63 31 17 11 12 15 13 64,0 2 1 3 4 8 5 9 6 16 10 7 63 31 17 11 12 15 13 64,phoneme,db6,energy,71,250,250,0
W-QDA,W-QDA:qda,17,,0.084,0.11898228984784236,0 2 1 3 4 8 5 9 6 16 10 7 63 31 17 11 12 15 13 64,0 2 1 3 4 8 5 9 6 16 10 7 63 31 17 11 12 15 13 64,phoneme,db6,energy,71,250,250,0
W-CART,W-CART:cart,52,,0.124,0.14691943127962084,0 2 1 3 4 8 5 9 6 16 10 7 63 31 17 11 12 15 13 64,0 2 1 3 4 8 5 9 6 16 10 7 63 31 17 11 12 15 13 64,phoneme,db6,energy,71,250,250,0
ALL,W-NN:k=9,33,,0.08,0.11299575954103268,0 2 1 3 4 8 5 9 6 16 10 7 63 31 17 11 12 15 13 64,0 2 1 3 4 8 5 9 6 16 10 7 63 31 17 11 12 15 13 64,phoneme,db6,energy,71,250,250,0
W-NN,W-NN:k=15,12,2.0,0.08,0.11499126964330257,0 2 1 3 4 8 5 6 7 9 10 11 12 13 14 15 16 17 18 19,0 2 3 1 4 8 5 9 16 6 7 10 31 15 17 64 63 11 12 13,phoneme,db6,usage,71,250,250,0
W-QDA,W-QDA:qda,17,0.5,0.08,0.11823397355949114,0 2 3 1 8 4 9 5 16 6 10 7 63 31 17 15 11 12 32 64,0 2 3 1 4 8 5 9 16 6 7 10 31 15 17 64 63 11 12 13,phoneme,db6,usage,71,250,250,0
W-CART,W-CART:cart,12,2.0,0.12,0.16887004240458967,0 2 1 3 4 8 5 6 7 9 10 11 12 13 14 15 16 17 18 19,0 2 3 1 4 8 5 9 16 6 7 10 31 15 17 64 63 11 12 13,phoneme,db6,usage,71,250,250,0
ALL,W-NN:k=15,12,2.0,0.08,0.11499126964330257,0 2 1 3 4 8 5 6 7 9 10 11 12 13 14 15 16 17 18 19,0 2 3 1 4 8 5 9 16 6 7 10 31 15 17 64 63 11 12 13,phoneme,db6,usage,71,250,250,0
W-NN,W-NN:k=3,12,,0.104,0.11898228984784236,0 2 1 4 3 5 8 9 6 7 16 10 11 31 63 17 12 15 13 64,0 2 1 4 3 5 8 9 6 7 16 10 11 31 63 17 12 15 13 64,phoneme,db6,energy,72,250,250,0
W-QDA,W-QDA:qda,8,,0.088,0.10002494387627837,0 2 1 4 3 5 8 9 6 7 16 10 11 31 63 17 12 15 13 64,0 2 1 4 3 5 8 9 6 7 16 10 11 31 63 17 12 15 13 64,phoneme,db6,energy,72,250,250,0
W-CART,W-CART:cart,7,,0.132,0.15091045148416063,0 2 1 4 3 5 8 9 6 7 16 10 11 31 63 17 12 15 13 64,0 2 1 4 3 5 8 9 6 7 16 10 11 31 63 17 12 15 13 64,phoneme,db6,energy,72,250,250,0
ALL,W-QDA:qda,8,,0.088,0.10002494387627837,0 2 1 4 3 5 8 9 6 7 16 10 11 31 63 17 12 15 13 64,0 2 1 4 3 5 8 9 6 7 16 10 11 31 63 17 12 15 13 64,phoneme,db6,energy,72,250,250,0
W-NN,W-NN:k=3,13,1.0,0.1,0.12047892242454478,0 2 3 1 4 8 9 5 16 7 6 31 10 11 15 17 63 13 64 65,0 2 3 1 4 8 9 5 16 7 6 31 10 11 15 17 63 13 64 65,phoneme,db6,usage,72,250,250,0
W-QDA,W-QDA:qda,8,0.5,0.088,0.10002494387627837,0 1 3 2 8 4 9 5 6 16 7 10 63 31 11 17 15 12 13 64,0 2 3 1 4 8 9 5 16 7 6 31 10 11 15 17 63 13 64 65,phoneme,db6,usage,72,250,250,0
W-CART,W-CART:cart,7,2.0,0.128,0.15290596158643052,0 2 1 4 3 8 5 6 7 9 10 11 12 13 14 15 16 17 18 19,0 2 3 1 4 8 9 5 16 7 6 31 10 11 15 17 63 13 64 65,phoneme,db6,usage,72,250,250,0
ALL,W-QDA:qda,8,0.5,0.088,0.10002494387627837,0 1 3 2 8 4 9 5 6 16 7 10 63 31 11 17 15 12 13 64,0 2 3 1 4 8 9 5 16 7 6 31 10 11 15 17 63 13 64 65,phoneme,db6,usage,72,250,250,0
W-NN,W-NN:k=5,43,,0.056,0.10675979047143926,0 2 1 3 4 8 5 9 6 16 10 7 63 31 11 12 17 15 13 64,0 2 1 3 4 8 5 9 6 16 10 7 63 31 11 12 17 15 13 64,phoneme,db6,energy,73,250,250,0
W-QDA,W-QDA:qda,5,,0.084,0.10526315789473684,0 2 1 3 4 8 5 9 6 16 10 7 63 31 11 12 17 15 13 64,0 2 1 3 4 8 5 9 6 16 10 7 63 31 11 12 17 15 13 64,phoneme,db6,energy,73,250,250,0
W-CART,W-CART:cart,19,,0.12,0.12771264654527315,0 2 1 3 4 8 5 9 6 16 10 7 63 31 11 12 17 15 13 64,0 2 1 3 4 8 5 9 6 16 10 7 63 31 11 12 17 15 13 64,phoneme,db6,energy,73,250,250,0
ALL,W-NN:k=5,43,,0.056,0.10675979047143926,0 2 1 3 4 8 5 9 6 16 10 7 63 31 11 12 17 15 13 64,0 2 1 3 4 8 5 9 6 16 10 7 63 31 11 12 17 15 13 64,phoneme,db6,energy,73,250,250,0
W-NN,W-NN:k=3,59,1.0,0.056,0.11549014716887004,0 2 3 1 4 8 9 5 6 16 7 10 31 15 17 20 63 11 12 32,0 2 3 1 4 8 9 5 6 16 7 10 31 15 17 20 63 11 12 32,phoneme,db6,usage,73,250,250,0
W-QDA,W-QDA:qda,6,3.0,0.076,0.10526315789473684,0 2 1 4 3 5 6 7 8 9 10 11 12 13 14 15 16 17 18 19,0 2 3 1 4 8 9 5 6 16 7 10 31 15 17 20 63 11 12 32,phoneme,db6,usage,73,250,250,0
W-CART,W-CART:cart,14,1.0,0.108,0.12122723871289598,0 2 3 1 4 8 9 5 6 16 7 10 31 15 17 20 63 11 12 32,0 2 3 1 4 8 9 5 6 16 7 10 31 15 17 20 63 11 12 32,phoneme,db6,usage,73,250,250,0
ALL,W-NN:k=3,59,1.0,0.056,0.11549014716887004,0 2 3 1 4 8 9 5 6 16 7 10 31 15 17 20 63 11 12 32,0 2 3 1 4 8 9 5 6 16 7 10 31 15 17 20 63 11 12 32,phoneme,db6,usage,73,250,250,0
W-NN,W-NN:k=3,25,,0.132,0.12347218757794962,0 2 1 4 3 8 5 9 6 16 10 7 63 11 31 17 12 15 14 13,0 2 1 4 3 8 5 9 6 16 10 7 63 11 31 17 12 15 14 13,phoneme,db6,energy,74,250,250,0
W-QDA,W-QDA:qda,9,,0.116,0.09628336243452232,0 2 1 4 3 8 5 9 6 16 10 7 63 11 31 17 12 15 14 13,0 2 1 4 3 8 5 9 6 16 10 7 63 11 31 17 12 15 14 13,phoneme,db6,energy,74,250,250,0
W-CART,W-CART:cart,56,,0.152,0.14492392117735095,0 2 1 4 3 8 5 9 6 16 10 7 63 11 31 17 12 15 14 13,0 2 1 4 3 8 5 9 6 16 10 7 63 11 31 17 12 15 14 13,phoneme,db6,energy,74,250,250,0
ALL,W-QDA:qda,9,,0.116,0.09628336243452232,0 2 1 4 3 8 5 9 6 16 10 7 63 11 31 17 12 15 14 13,0 2 1 4 3 8 5 9 6 16 10 7 63 11 31 17 12 15 14 13,phoneme,db6,energy,74,250,250,0
W-NN,W-NN:k=3,62,1.0,0.124,0.11798453479670741,0 2 3 1 4 8 5 9 16 7 6 10 31 15 11 14 17 18 12 13,0 2 3 1 4 8 5 9 16 7 6 10 31 15 11 14 17 18 12 13,phoneme,db6,usage,74,250,250,0
W-QDA,W-QDA:qda,17,1.0,0.104,0.09927662758792716,0 2 3 1 4 8 5 9 16 7 6 10 31 15 11 14 17 18 12 13,0 2 3 1 4 8 5 9 16 7 6 10 31 15 11 14 17 18 12 13,phoneme,db6,usage,74,250,250,0
W-CART,W-CART:cart,9,0.5,0.14,0.1302070341731105,0 2 1 3 8 9 4 5 16 6 10 7 63 31 11 17 15 12 64 14,0 2 3 1 4 8 5 9 16 7 6 10 31 15 11 14 17 18 12 13,phoneme,db6,usage,74,250,250,0
ALL,W-QDA:qda,17,1.0,0.104,0.09927662758792716,0 2 3 1 4 8 5 9 16 7 6 10 31 15 11 14 17 18 12 13,0 2 3 1 4 8 5 9 16 7 6 10 31 15 11 14 17 18 12 13,phoneme,db6,usage,74,250,250,0
W-NN,W-NN:k=25,58,,0.076,0.1144923921177351,0 2 1 3 4 8 5 9 6 10 7 16 63 31 11 17 12 15 13 64,0 2 1 3 4 8 5 9 6 10 7 16 63 31 11 17 12 15 13 64,phoneme,db6,energy,75,250,250,0
W-QDA,W-QDA:qda,9,,0.076,0.09353953604390122,0 2 1 3 4 8 5 9 6 10 7 16 63 31 11 17 12 15 13 64,0 2 1 3 4 8 5 9 6 10 7 16 63 31 11 17 12 15 13 64,phoneme,db6,energy,75,250,250,0
W-CART,W-CART:cart,20,,0.112,0.15914193065602394,0 2 1 3 4 8 5 9 6 10 7 16 63 31 11 17 12 15 13 64,0 2 1 3 4 8 5 9 6 10 7 16 63 31 11 17 12 15 13 64,phoneme,db6,energy,75,250,250,0
ALL,W-QDA:qda,9,,0.076,0.09353953604390122,0 2 1 3 4 8 5 9 6 10 7 16 63 31 11 17 12 15 13 64,0 2 1 3 4 8 5 9 6 10 7 16 63 31 11 17 12 15 13 64,phoneme,db6,energy,75,250,250,0
W-NN,W-NN:k=3,25,2.0,0.076,0.1097530556248441,0 2 1 3 4 8 5 6 7 9 10 11 12 13 14 15 16 17 18 19,0 2 3 1 4 8 9 5 7 16 6 31 10 15 11 17 32 14 20 63,phoneme,db6,usage,75,250,250,0
W-QDA,W-QDA:qda,22,1.5,0.064,0.10177101521576452,0 2 3 1 4 8 5 16 6 7 15 9 31 10 11 12 13 14 17 18,0 2 3 1 4 8 9 5 7 16 6 31 10 15 11 17 32 14 20 63,phoneme,db6,usage,75,250,250,0
W-CART,W-CART:cart,26,0.5,0.108,0.15390371663756547,0 2 3 1 8 4 9 5 16 10 7 6 63 31 17 11 15 12 32 13,0 2 3 1 4 8 9 5 7 16 6 31 10 15 11 17 32 14 20 63,phoneme,db6,usage,75,250,250,0
ALL,W-QDA:qda,22,1.5,0.064,0.10177101521576452,0 2 3 1 4 8 5 16 6 7 15 9 31 10 11 12 13 14 17 18,0 2 3 1 4 8 9 5 7 16 6 31 10 15 11 17 32 14 20 63,phoneme,db6,usage,75,250,250,0
W-NN,W-NN:k=7,8,,0.092,0.10900473933649289,0 2 1 3 4 8 5 9 6 7 16 10 63 11 31 17 15 12 13 14,0 2 1 3 4 8 5 9 6 7 16 10 63 11 31 17 15 12 13 14,phoneme,db6,energy,76,250,250,0
W-QDA,W-QDA:qda,9,,0.116,0.1077575455225742,0 2 1 3 4 8 5 9 6 7 16 10 63 11 31 17 15 12 13 14,0 2 1 3 4 8 5 9 6 7 16 10 63 11 31 17 15 12 13 14,phoneme,db6,energy,76,250,250,0
W-CART,W-CART:cart,35,,0.136,0.153404839111998,0 2 1 3 4 8 5 9 6 7 16 10 63 11 31 17 15 12 13 14,0 2 1 3 4 8 5 9 6 7 16 10 63 11 31 17 15 12 13 14,phoneme,db6,energy,76,250,250,0
ALL,W-NN:k=7,8,,0.092,0.10900473933649289,0 2 1 3 4 8 5 9 6 7 16 10 63 11 31 17 15 12 13 14,0 2 1 3 4 8 5 9 6 7 16 10 63 11 31 17 15 12 13 14,phoneme,db6,energy,76,250,250,0
W-NN,W-NN:k=3,13,1.5,0.088,0.11224744325268146,0 2 3 1 4 8 5 16 7 6 15 31 9 10 11 12 13 14 17 18,0 2 3 1 4 8 5 9 16 7 6 31 10 15 17 63 32 13 11 14,phoneme,db6,usage,76,250,250,0
W-QDA,W-QDA:qda,7,0.5,0.112,0.10950361686206037,0 2 3 1 8 4 9 5 16 10 7 6 63 31 17 11 15 12 14 64,0 2 3 1 4 8 5 9 16 7 6 31 10 15 17 63 32 13 11 14,phoneme,db6,usage,76,250,250,0
W-CART,W-CART:cart,22,3.0,0.12,0.14642055375405338,0 2 1 4 3 5 6 7 8 9 10 11 12 13 14 15 16 17 18 19,0 2 3 1 4 8 5 9 16 7 6 31 10 15 17 63 32 13 11 14,phoneme,db6,usage,76,250,250,0
ALL,W-NN:k=3,13,1.5,0.088,0.11224744325268146,0 2 3 1 4 8 5 16 7 6 15 31 9 10 11 12 13 14 17 18,0 2 3 1 4 8 5 9 16 7 6 31 10 15 17 63 32 13 11 14,phoneme,db6,usage,76,250,250,0
W-NN,W-NN:k=25,19,,0.08,0.11349463706660015,0 2 1 3 4 8 5 9 6 16 7 10 63 11 31 17 15 12 13 64,0 2 1 3 4 8 5 9 6 16 7 10 63 11 31 17 15 12 13 64,phoneme,db6,energy,77,250,250,0
W-QDA,W-QDA:qda,12,,0.104,0.11374407582938388,0 2 1 3 4 8 5 9 6 16 7 10 63 11 31 17 15 12 13 64,0 2 1 3 4 8 5 9 6 16 7 10 63 11 31 17 15 12 13 64,phoneme,db6,energy,77,250,250,0
W-CART,W-CART:cart,29,,0.092,0.13120478922424544,0 2 1 3 4 8 5 9 6 16 7 10 63 11 31 17 15 12 13 64,0 2 1 3 4 8 5 9 6 16 7 10 63 11 31 17 15 12 13 64,phoneme,db6,energy,77,250,250,0
ALL,W-NN:k=25,19,,0.08,0.11349463706660015,0 2 1 3 4 8 5 9 6 16 7 10 63 11 31 17 15 12 13 64,0 2 1 3 4 8 5 9 6 16 7 10 63 11 31 17 15 12 13 64,phoneme,db6,energy,77,250,250,0
W-NN,W-NN:k=25,27,1.5,0.08,0.11399351459216762,0 2 3 1 4 8 5 16 6 7 9 10 11 12 13 14 15 17 18 19,0 2 3 1 4 8 9 5 16 7 6 10 31 15 11 17 63 64 12 13,phoneme,db6,usage,77,250,250,0
W-QDA,W-QDA:qda,11,0.5,0.1,0.11075081067597904,0 2 3 1 8 4 9 5 16 7 10 6 63 31 17 11 15 64 12 13,0 2 3 1 4 8 9 5 16 7 6 10 31 15 11 17 63 64 12 13,phoneme,db6,usage,77,250,250,0
W-CART,W-CART:cart,11,0.5,0.092,0.1294587178847593,0 2 3 1 8 4 9 5 16 7 10 6 63 31 17 11 15 64 12 13,0 2 3 1 4 8 9 5 16 7 6 10 31 15 11 17 63 64 12 13,phoneme,db6,usage,77,250,250,0
ALL,W-NN:k=25,27,1.5,0.08,0.11399351459216762,0 2 3 1 4 8 5 16 6 7 9 10 11 12 13 14 15 17 18 19,0 2 3 1 4 8 9 5 16 7 6 10 31 15 11 17 63 64 12 13,phoneme,db6,usage,77,250,250,0
W-NN,W-NN:k=9,43,,0.076,0.11025193315041157,0 2 1 4 3 8 5 9 6 16 7 10 63 11 31 17 12 15 64 13,0 2 1 4 3 8 5 9 6 16 7 10 63 11 31 17 12 15 64 13,phoneme,db6,energy,78,250,250,0
W-QDA,W-QDA:qda,12,,0.08,0.10451484160638563,0 2 1 4 3 8 5 9 6 16 7 10 63 11 31 17 12 15 64 13,0 2 1 4 3 8 5 9 6 16 7 10 63 11 31 17 12 15 64 13,phoneme,db6,energy,78,250,250,0
W-CART,W-CART:cart,10,,0.1,0.16163631828386132,0 2 1 4 3 8 5 9 6 16 7 10 63 11 31 17 12 15 64 13,0 2 1 4 3 8 5 9 6 16 7 10 63 11 31 17 12 15 64 13,phoneme,db6,energy,78,250,250,0
ALL,W-NN:k=9,43,,0.076,0.11025193315041157,0 2 1 4 3 8 5 9 6 16 7 10 63 11 31 17 12 15 64 13,0 2 1 4 3 8 5 9 6 16 7 10 63 11 31 17 12 15 64 13,phoneme,db6,energy,78,250,250,0
W-NN,W-NN:k=7,59,0.5,0.076,0.10651035170865553,0 2 1 3 8 9 4 5 16 7 6 10 63 31 11 15 17 12 64 32,0 2 1 3 4 8 5 9 16 6 7 10 31 15 17 11 20 32 33 63,phoneme,db6,usage,78,250,250,0
W-QDA,W-QDA:qda,12,0.5,0.08,0.10451484160638563,0 2 1 3 8 9 4 5 16 7 6 10 63 31 11 15 17 12 64 32,0 2 1 3 4 8 5 9 16 6 7 10 31 15 17 11 20 32 33 63,phoneme,db6,usage,78,250,250,0
W-CART,W-CART:cart,9,0.5,0.096,0.16263407333499627,0 2 1 3 8 9 4 5 16 7 6 10 63 31 11 15 17 12 64 32,0 2 1 3 4 8 5 9 16 6 7 10 31 15 17 11 20 32 33 63,phoneme,db6,usage,78,250,250,0
ALL,W-NN:k=7,59,0.5,0.076,0.10651035170865553,0 2 1 3 8 9 4 5 16 7 6 10 63 31 11 15 17 12 64 32,0 2 1 3 4 8 5 9 16 6 7 10 31 15 17 11 20 32 33 63,phoneme,db6,usage,78,250,250,0
W-NN,W-NN:k=3,12,,0.08,0.1015215764529808,0 2 1 3 4 8 5 9 6 16 10 7 63 31 11 17 12 13 15 14,0 2 1 3 4 8 5 9 6 16 10 7 63 31 11 17 12 13 15 14,phoneme,db6,energy,79,250,250,0
W-QDA,W-QDA:qda,14,,0.072,0.10576203542030431,0 2 1 3 4 8 5 9 6 16 10 7 63 31 11 17 12 13 15 14,0 2 1 3 4 8 5 9 6 16 10 7 63 31 11 17 12 13 15 14,phoneme,db6,energy,79,250,250,0
W-CART,W-CART:cart,8,,0.132,0.14267897231229734,0 2 1 3 4 8 5 9 6 16 10 7 63 31 11 17 12 13 15 14,0 2 1 3 4 8 5 9 6 16 10 7 63 31 11 17 12 13 15 14,phoneme,db6,energy,79,250,250,0
ALL,W-QDA:qda,14,,0.072,0.10576203542030431,0 2 1 3 4 8 5 9 6 16 10 7 63 31 11 17 12 13 15 14,0 2 1 3 4 8 5 9 6 16 10 7 63 31 11 17 12 13 15 14,phoneme,db6,energy,79,250,250,0
W-NN,W-NN:k=5,14,2.0,0.076,0.10177101521576452,0 2 1 4 3 8 5 6 7 9 10 11 12 13 14 15 16 17 18 19,0 2 3 1 4 8 9 5 16 6 7 10 15 31 11 13 63 12 14 17,phoneme,db6,usage,79,250,250,0
W-QDA,W-QDA:qda,11,2.0,0.072,0.10326764779246694,0 2 1 4 3 8 5 6 7 9 10 11 12 13 14 15 16 17 18 19,0 2 3 1 4 8 9 5 16 6 7 10 15 31 11 13 63 12 14 17,phoneme,db6,usage,79,250,250,0
W-CART,W-CART:cart,38,3.0,0.12,0.13619356447992018,0 2 1 4 3 5 6 7 8 9 10 11 12 13 14 15 16 17 18 19,0 2 3 1 4 8 9 5 16 6 7 10 15 31 11 13 63 12 14 17,phoneme,db6,usage,79,250,250,0
ALL,W-QDA:qda,11,2.0,0.072,0.10326764779246694,0 2 1 4 3 8 5 6 7 9 10 11 12 13 14 15 16 17 18 19,0 2 3 1 4 8 9 5 16 6 7 10 15 31 11 13 63 12 14 17,phoneme,db6,usage,79,250,250,0
W-NN,W-NN:k=5,46,,0.104,0.11873285108505861,0 2 1 3 4 8 5 9 16 6 7 10 31 63 11 12 17 15 13 14,0 2 1 3 4 8 5 9 16 6 7 10 31 63 11 12 17 15 13 14,phoneme,db6,energy,80,250,250,0
W-QDA,W-QDA:qda,8,,0.104,0.11199800448989773,0 2 1 3 4 8 5 9 16 6 7 10 31 63 11 12 17 15 13 14,0 2 1 3 4 8 5 9 16 6 7 10 31 63 11 12 17 15 13 14,phoneme,db6,energy,80,250,250,0
W-CART,W-CART:cart,6,,0.148,0.14492392117735095,0 2 1 3 4 8 5 9 16 6 7 10 31 63 11 12 17 15 13 14,0 2 1 3 4 8 5 9 16 6 7 10 31 63 11 12 17 15 13 14,phoneme,db6,energy,80,250,250,0
ALL,W-QDA:qda,8,,0.104,0.11199800448989773,0 2 1 3 4 8 5 9 16 6 7 10 31 63 11 12 17 15 13 14,0 2 1 3 4 8 5 9 16 6 7 10 31 63 11 12 17 15 13 14,phoneme,db6,energy,80,250,250,0
W-NN,W-NN:k=5,32,0.5,0.108,0.11623846345722125,0 1 2 3 8 4 9 5 16 10 7 6 63 31 15 17 11 12 32 13,0 2 3 1 4 8 5 9 16 7 15 31 10 6 17 11 13 32 12 14,phoneme,db6,usage,80,250,250,0
W-QDA,W-QDA:qda,12,1.0,0.1,0.11898228984784236,0 2 3 1 4 8 5 9 16 7 15 31 10 6 17 11 13 32 12 14,0 2 3 1 4 8 5 9 16 7 15 31 10 6 17 11 13 32 12 14,phoneme,db6,usage,80,250,250,0
W-CART,W-CART:cart,6,1.0,0.148,0.16113744075829384,0 2 3 1 4 8 5 9 16 7 15 31 10 6 17 11 13 32 12 14,0 2 3 1 4 8 5 9 16 7 15 31 10 6 17 11 13 32 12 14,phoneme,db6,usage,80,250,250,0
ALL,W-QDA:qda,12,1.0,0.1,0.11898228984784236,0 2 3 1 4 8 5 9 16 7 15 31 10 6 17 11 13 32 12 14,0 2 3 1 4 8 5 9 16 7 15 31 10 6 17 11 13 32 12 14,phoneme,db6,usage,80,250,250,0
W-NN,W-NN:k=1,54,,0.084,0.11648790222000499,0 2 1 3 4 5 8 9 6 10 7 16 63 31 11 17 12 15 13 32,0 2 1 3 4 5 8 9 6 10 7 16 63 31 11 17 12 15 13 32,phoneme,db6,energy,81,250,250,0
W-QDA,W-QDA:qda,5,,0.1,0.1077575455225742,0 2 1 3 4 5 8 9 6 10 7 16 63 31 11 17 12 15 13 32,0 2 1 3 4 5 8 9 6 10 7 16 63 31 11 17 12 15 13 32,phoneme,db6,energy,81,250,250,0
W-CART,W-CART:cart,35,,0.116,0.1459216762284859,0 2 1 3 4 5 8 9 6 10 7 16 63 31 11 17 12 15 13 32,0 2 1 3 4 5 8 9 6 10 7 16 63 31 11 17 12 15 13 32,phoneme,db6,energy,81,250,250,0
ALL,W-NN:k=1,54,,0.084,0.11648790222000499,0 2 1 3 4 5 8 9 6 10 7 16 63 31 11 17 12 15 13 32,0 2 1 3 4 5 8 9 6 10 7 16 63 31 11 17 12 15 13 32,phoneme,db6,energy,81,250,250,0
W-NN,W-NN:k=1,59,0.5,0.072,0.11075081067597904,0 2 3 1 8 9 4 5 16 10 7 6 63 31 11 15 17 12 32 13,0 2 3 1 4 8 5 9 16 7 6 10 31 15 11 17 32 65 12 13,phoneme,db6,usage,81,250,250,0
W-QDA,W-QDA:qda,5,1.0,0.1,0.1077575455225742,0 2 3 1 4 8 5 9 16 7 6 10 31 15 11 17 32 65 12 13,0 2 3 1 4 8 5 9 16 7 6 10 31 15 11 17 32 65 12 13,phoneme,db6,usage,81,250,250,0
W-CART,W-CART:cart,61,0.5,0.104,0.15789473684210525,0 2 3 1 8 9 4 5 16 10 7 6 63 31 11 15 17 12 32 13,0 2 3 1 4 8 5 9 16 7 6 10 31 15 11 17 32 65 12 13,phoneme,db6,usage,81,250,250,0
ALL,W-NN:k=1,59,0.5,0.072,0.11075081067597904,0 2 3 1 8 9 4 5 16 10 7 6 63 31 11 15 17 12 32 13,0 2 3 1 4 8 5 9 16 7 6 10 31 15 11 17 32 65 12 13,phoneme,db6,usage,81,250,250,0
W-NN,W-NN:k=15,34,,0.112,0.11399351459216762,0 2 1 3 4 8 5 9 6 16 10 7 63 31 11 17 12 15 13 64,0 2 1 3 4 8 5 9 6 16 10 7 63 31 11 17 12 15 13 64,phoneme,db6,energy,82,250,250,0
W-QDA,W-QDA:qda,17,,0.052,0.12047892242454478,0 2 1 3 4 8 5 9 6 16 10 7 63 31 11 17 12 15 13 64,0 2 1 3 4 8 5 9 6 16 10 7 63 31 11 17 12 15 13 64,phoneme,db6,energy,82,250,250,0
W-CART,W-CART:cart,30,,0.14,0.16213519580942878,0 2 1 3 4 8 5 9 6 16 10 7 63 31 11 17 12 15 13 64,0 2 1 3 4 8 5 9 6 16 10 7 63 31 11 17 12 15 13 64,phoneme,db6,energy,82,250,250,0
ALL,W-QDA:qda,17,,0.052,0.12047892242454478,0 2 1 3 4 8 5 9 6 16 10 7 63 31 11 17 12 15 13 64,0 2 1 3 4 8 5 9 6 16 10 7 63 31 11 17 12 15 13 64,phoneme,db6,energy,82,250,250,0
W-NN,W-NN:k=15,30,1.5,0.092,0.11299575954103268,0 2 3 1 4 8 5 16 7 9 15 31 6 10 11 12 13 14 17 18,0 2 3 1 4 8 9 5 6 16 7 10 15 31 11 17 63 64 13 130,phoneme,db6,usage,82,250,250,0
W-QDA,W-QDA:qda,16,0.5,0.056,0.12022948366176103,0 2 3 1 8 4 9 5 16 7 6 10 63 31 17 11 15 12 32 13,0 2 3 1 4 8 9 5 6 16 7 10 15 31 11 17 63 64 13 130,phoneme,db6,usage,82,250,250,0
W-CART,W-CART:cart,45,0.5,0.104,0.16263407333499627,0 2 3 1 8 4 9 5 16 7 6 10 63 31 17 11 15 12 32 13,0 2 3 1 4 8 9 5 6 16 7 10 15 31 11 17 63 64 13 130,phoneme,db6,usage,82,250,250,0
ALL,W-QDA:qda,16,0.5,0.056,0.12022948366176103,0 2 3 1 8 4 9 5 16 7 6 10 63 31 17 11 15 12 32 13,0 2 3 1 4 8 9 5 6 16 7 10 15 31 11 17 63 64 13 130,phoneme,db6,usage,82,250,250,0
W-NN,W-NN:k=7,14,,0.096,0.09653280119730606,0 2 1 3 4 8 5 9 6 16 7 10 63 31 17 11 12 15 13 14,0 2 1 3 4 8 5 9 6 16 7 10 63 31 17 11 12 15 13 14,phoneme,db6,energy,83,250,250,0
W-QDA,W-QDA:qda,27,,0.112,0.13744075829383887,0 2 1 3 4 8 5 9 6 16 7 10 63 31 17 11 12 15 13 14,0 2 1 3 4 8 5 9 6 16 7 10 63 31 17 11 12 15 13 14,phoneme,db6,energy,83,250,250,0
W-CART,W-CART:cart,10,,0.132,0.14417560488899975,0 2 1 3 4 8 5 9 6 16 7 10 63 31 17 11 12 15 13 14,0 2 1 3 4 8 5 9 6 16 7 10 63 31 17 11 12 15 13 14,phoneme,db6,energy,83,250,250,0
ALL,W-NN:k=7,14,,0.096,0.09653280119730606,0 2 1 3 4 8 5 9 6 16 7 10 63 31 17 11 12 15 13 14,0 2 1 3 4 8 5 9 6 16 7 10 63 31 17 11 12 15 13 14,phoneme,db6,energy,83,250,250,0
W-NN,W-NN:k=7,14,1.0,0.092,0.09603392367173859,0 2 3 1 4 8 5 9 16 6 7 31 10 15 17 11 13 63 64 12,0 2 3 1 4 8 5 9 16 6 7 31 10 15 17 11 13 63 64 12,phoneme,db6,usage,83,250,250,0
W-QDA,W-QDA:qda,14,1.0,0.092,0.10002494387627837,0 2 3 1 4 8 5 9 16 6 7 31 10 15 17 11 13 63 64 12,0 2 3 1 4 8 5 9 16 6 7 31 10 15 17 11 13 63 64 12,phoneme,db6,usage,83,250,250,0
W-CART,W-CART:cart,10,1.0,0.132,0.1471688700424046,0 2 3 1 4 8 5 9 16 6 7 31 10 15 17 11 13 63 64 12,0 2 3 1 4 8 5 9 16 6 7 31 10 15 17 11 13 63 64 12,phoneme,db6,usage,83,250,250,0
ALL,W-NN:k=7,14,1.0,0.092,0.09603392367173859,0 2 3 1 4 8 5 9 16 6 7 31 10 15 17 11 13 63 64 12,0 2 3 1 4 8 5 9 16 6 7 31 10 15 17 11 13 63 64 12,phoneme,db6,usage,83,250,250,0
W-NN,W-NN:k=3,25,,0.072,0.11324519830381641,0 2 1 4 3 8 5 9 6 16 10 7 11 63 31 12 17 15 13 14,0 2 1 4 3 8 5 9 6 16 10 7 11 63 31 12 17 15 13 14,phoneme,db6,energy,84,250,250,0
W-QDA,W-QDA:qda,4,,0.076,0.11798453479670741,0 2 1 4 3 8 5 9 6 16 10 7 11 63 31 12 17 15 13 14,0 2 1 4 3 8 5 9 6 16 10 7 11 63 31 12 17 15 13 14,phoneme,db6,energy,84,250,250,0
W-CART,W-CART:cart,35,,0.108,0.13993514592167622,0 2 1 4 3 8 5 9 6 16 10 7 11 63 31 12 17 15 13 14,0 2 1 4 3 8 5 9 6 16 10 7 11 63 31 12 17 15 13 14,phoneme,db6,energy,84,250,250,0
ALL,W-NN:k=3,25,,0.072,0.11324519830381641,0 2 1 4 3 8 5 9 6 16 10 7 11 63 31 12 17 15 13 14,0 2 1 4 3 8 5 9 6 16 10 7 11 63 31 12 17 15 13 14,phoneme,db6,energy,84,250,250,0
W-NN,W-NN:k=15,47,0.5,0.068,0.10675979047143926,0 2 1 3 8 4 9 5 16 10 6 7 63 11 31 17 15 12 64 13,0 2 3 1 4 8 5 9 16 10 6 7 31 17 63 11 12 15 64 20,phoneme,db6,usage,84,250,250,0
W-QDA,W-QDA:qda,4,2.0,0.076,0.11798453479670741,0 2 1 4 3 8 5 6 7 9 10 11 12 13 14 15 16 17 18 19,0 2 3 1 4 8 5 9 16 10 6 7 31 17 63 11 12 15 64 20,phoneme,db6,usage,84,250,250,0
W-CART,W-CART:cart,28,1.0,0.088,0.14143177849837865,0 2 3 1 4 8 5 9 16 10 6 7 31 17 63 11 12 15 64 20,0 2 3 1 4 8 5 9 16 10 6 7 31 17 63 11 12 15 64 20,phoneme,db6,usage,84,250,250,0
ALL,W-NN:k=15,47,0.5,0.068,0.10675979047143926,0 2 1 3 8 4 9 5 16 10 6 7 63 11 31 17 15 12 64 13,0 2 3 1 4 8 5 9 16 10 6 7 31 17 63 11 12 15 64 20,phoneme,db6,usage,84,250,250,0
W-NN,W-NN:k=1,8,,0.084,0.14093290097281116,0 2 1 3 4 8 5 9 6 16 10 7 63 31 11 17 12 15 13 64,0 2 1 3 4 8 5 9 6 16 10 7 63 31 11 17 12 15 13 64,phoneme,db6,energy,85,250,250,0
W-QDA,W-QDA:qda,6,,0.088,0.11474183088051883,0 2 1 3 4 8 5 9 6 16 10 7 63 31 11 17 12 15 13 64,0 2 1 3 4 8 5 9 6 16 10 7 63 31 11 17 12 15 13 64,phoneme,db6,energy,85,250,250,0
W-CART,W-CART:cart,31,,0.144,0.17410825642304814,0 2 1 3 4 8 5 9 6 16 10 7 63 31 11 17 12 15 13 64,0 2 1 3 4 8 5 9 6 16 10 7 63 31 11 17 12 15 13 64,phoneme,db6,energy,85,250,250,0
ALL,W-NN:k=1,8,,0.084,0.14093290097281116,0 2 1 3 4 8 5 9 6 16 10 7 63 31 11 17 12 15 13 64,0 2 1 3 4 8 5 9 6 16 10 7 63 31 11 17 12 15 13 64,phoneme,db6,energy,85,250,250,0
W-NN,W-NN:k=1,7,0.5,0.08,0.13793963581940633,0 2 1 3 8 4 9 5 16 10 6 7 63 31 15 17 11 12 32 13,0 2 3 1 4 8 9 5 16 7 6 10 31 15 12 17 63 11 13 32,phoneme,db6,usage,85,250,250,0
W-QDA,W-QDA:qda,4,2.0,0.08,0.1294587178847593,0 2 1 4 3 8 5 6 7 9 10 11 12 13 14 15 16 17 18 19,0 2 3 1 4 8 9 5 16 7 6 10 31 15 12 17 63 11 13 32,phoneme,db6,usage,85,250,250,0
W-CART,W-CART:cart,47,1.5,0.128,0.17061611374407584,0 2 3 1 4 8 5 16 9 7 6 15 31 10 11 12 13 14 17 18,0 2 3 1 4 8 9 5 16 7 6 10 31 15 12 17 63 11 13 32,phoneme,db6,usage,85,250,250,0
ALL,W-QDA:qda,4,2.0,0.08,0.1294587178847593,0 2 1 4 3 8 5 6 7 9 10 11 12 13 14 15 16 17 18 19,0 2 3 1 4 8 9 5 16 7 6 10 31 15 12 17 63 11 13 32,phoneme,db6,usage,85,250,250,0
W-NN,W-NN:k=9,7,,0.076,0.11000249438762784,0 2 1 4 3 8 5 9 6 10 16 7 63 31 12 11 17 15 13 14,0 2 1 4 3 8 5 9 6 10 16 7 63 31 12 11 17 15 13 14,phoneme,db6,energy,86,250,250,0
W-QDA,W-QDA:qda,4,,0.092,0.11299575954103268,0 2 1 4 3 8 5 9 6 10 16 7 63 31 12 11 17 15 13 14,0 2 1 4 3 8 5 9 6 10 16 7 63 31 12 11 17 15 13 14,phoneme,db6,energy,86,250,250,0
W-CART,W-CART:cart,44,,0.1,0.1404340234472437,0 2 1 4 3 8 5 9 6 10 16 7 63 31 12 11 17 15 13 14,0 2 1 4 3 8 5 9 6 10 16 7 63 31 12 11 17 15 13 14,phoneme,db6,energy,86,250,250,0
ALL,W-NN:k=9,7,,0.076,0.11000249438762784,0 2 1 4 3 8 5 9 6 10 16 7 63 31 12 11 17 15 13 14,0 2 1 4 3 8 5 9 6 10 16 7 63 31 12 11 17 15 13 14,phoneme,db6,energy,86,250,250,0
W-NN,W-NN:k=9,7,1.0,0.076,0.11000249438762784,0 2 3 1 4 8 5 9 16 6 7 10 15 31 17 12 63 11 14 148,0 2 3 1 4 8 5 9 16 6 7 10 15 31 17 12 63 11 14 148,phoneme,db6,usage,86,250,250,0
W-QDA,W-QDA:qda,11,1.0,0.072,0.10326764779246694,0 2 3 1 4 8 5 9 16 6 7 10 15 31 17 12 63 11 14 148,0 2 3 1 4 8 5 9 16 6 7 10 15 31 17 12 63 11 14 148,phoneme,db6,usage,86,250,250,0
W-CART,W-CART:cart,21,3.0,0.08,0.13893739087054127,0 2 1 4 3 5 6 7 8 9 10 11 12 13 14 15 16 17 18 19,0 2 3 1 4 8 5 9 16 6 7 10 15 31 17 12 63 11 14 148,phoneme,db6,usage,86,250,250,0
ALL,W-QDA:qda,11,1.0,0.072,0.10326764779246694,0 2 3 1 4 8 5 9 16 6 7 10 15 31 17 12 63 11 14 148,0 2 3 1 4 8 5 9 16 6 7 10 15 31 17 12 63 11 14 148,phoneme,db6,usage,86,250,250,0
W-NN,W-NN:k=3,21,,0.088,0.1124968820154652,0 2 1 4 3 8 5 9 6 16 10 7 63 31 11 15 17 12 13 64,0 2 1 4 3 8 5 9 6 16 10 7 63 31 11 15 17 12 13 64,phoneme,db6,energy,87,250,250,0
W-QDA,W-QDA:qda,12,,0.092,0.09004739336492891,0 2 1 4 3 8 5 9 6 16 10 7 63 31 11 15 17 12 13 64,0 2 1 4 3 8 5 9 6 16 10 7 63 31 11 15 17 12 13 64,phoneme,db6,energy,87,250,250,0
W-CART,W-CART:cart,7,,0.124,0.14816662509353953,0 2 1 4 3 8 5 9 6 16 10 7 63 31 11 15 17 12 13 64,0 2 1 4 3 8 5 9 6 16 10 7 63 31 11 15 17 12 13 64,phoneme,db6,energy,87,250,250,0
ALL,W-NN:k=3,21,,0.088,0.1124968820154652,0 2 1 4 3 8 5 9 6 16 10 7 63 31 11 15 17 12 13 64,0 2 1 4 3 8 5 9 6 16 10 7 63 31 11 15 17 12 13 64,phoneme,db6,energy,87,250,250,0
W-NN,W-NN:k=3,14,2.0,0.08,0.1097530556248441,0 2 1 4 3 8 5 6 7 9 10 11 12 13 14 15 16 17 18 19,0 2 3 1 4 8 9 5 16 6 7 10 31 15 64 11 17 12 32 63,phoneme,db6,usage,87,250,250,0
W-QDA,W-QDA:qda,7,0.5,0.092,0.09528560738338737,0 2 1 3 8 4 9 5 16 6 10 7 63 31 15 17 11 12 64 13,0 2 3 1 4 8 9 5 16 6 7 10 31 15 64 11 17 12 32 63,phoneme,db6,usage,87,250,250,0
W-CART,W-CART:cart,7,1.5,0.12,0.14691943127962084,0 2 3 1 4 8 5 6 7 9 15 16 31 10 11 12 13 14 17 18,0 2 3 1 4 8 9 5 16 6 7 10 31 15 64 11 17 12 32 63,phoneme,db6,usage,87,250,250,0
ALL,W-NN:k=3,14,2.0,0.08,0.1097530556248441,0 2 1 4 3 8 5 6 7 9 10 11 12 13 14 15 16 17 18 19,0 2 3 1 4 8 9 5 16 6 7 10 31 15 64 11 17 12 32 63,phoneme,db6,usage,87,250,250,0
W-NN,W-NN:k=15,48,,0.096,0.11025193315041157,0 2 1 4 3 8 5 9 6 16 7 10 63 31 11 17 12 15 13 64,0 2 1 4 3 8 5 9 6 16 7 10 63 31 11 17 12 15 13 64,phoneme,db6,energy,88,250,250,0
W-QDA,W-QDA:qda,12,,0.1,0.10177101521576452,0 2 1 4 3 8 5 9 6 16 7 10 63 31 11 17 12 15 13 64,0 2 1 4 3 8 5 9 6 16 7 10 63 31 11 17 12 15 13 64,phoneme,db6,energy,88,250,250,0
W-CART,W-CART:cart,46,,0.116,0.15789473684210525,0 2 1 4 3 8 5 9 6 16 7 10 63 31 11 17 12 15 13 64,0 2 1 4 3 8 5 9 6 16 7 10 63 31 11 17 12 15 13 64,phoneme,db6,energy,88,250,250,0
ALL,W-NN:k=15,48,,0.096,0.11025193315041157,0 2 1 4 3 8 5 9 6 16 7 10 63 31 11 17 12 15 13 64,0 2 1 4 3 8 5 9 6 16 7 10 63 31 11 17 12 15 13 64,phoneme,db6,energy,88,250,250,0
W-NN,W-NN:k=5,11,2.0,0.1,0.1144923921177351,0 2 1 4 3 8 5 6 7 9 10 11 12 13 14 15 16 17 18 19,0 2 3 1 4 8 5 9 16 6 7 31 10 15 17 63 20 32 18 11,phoneme,db6,usage,88,250,250,0
W-QDA,W-QDA:qda,12,0.5,0.1,0.10177101521576452,0 2 1 3 8 4 9 5 16 7 10 6 63 31 17 11 15 12 13 32,0 2 3 1 4 8 5 9 16 6 7 31 10 15 17 63 20 32 18 11,phoneme,db6,usage,88,250,250,0
W-CART,W-CART:cart,10,2.0,0.132,0.1561486655026191,0 2 1 4 3 8 5 6 7 9 10 11 12 13 14 15 16 17 18 19,0 2 3 1 4 8 5 9 16 6 7 31 10 15 17 63 20 32 18 11,phoneme,db6,usage,88,250,250,0
ALL,W-NN:k=5,11,2.0,0.1,0.1144923921177351,0 2 1 4 3 8 5 6 7 9 10 11 12 13 14 15 16 17 18 19,0 2 3 1 4 8 5 9 16 6 7 31 10 15 17 63 20 32 18 11,phoneme,db6,usage,88,250,250,0
W-NN,W-NN:k=7,26,,0.048,0.10401596408081816,0 2 1 4 3 8 5 9 6 16 10 7 63 31 11 17 15 12 13 64,0 2 1 4 3 8 5 9 6 16 10 7 63 31 11 17 15 12 13 64,phoneme,db6,energy,89,250,250,0
W-QDA,W-QDA:qda,6,,0.1,0.11474183088051883,0 2 1 4 3 8 5 9 6 16 10 7 63 31 11 17 15 12 13 64,0 2 1 4 3 8 5 9 6 16 10 7 63 31 11 17 15 12 13 64,phoneme,db6,energy,89,250,250,0
W-CART,W-CART:cart,34,,0.144,0.16812172611623846,0 2 1 4 3 8 5 9 6 16 10 7 63 31 11 17 15 12 13 64,0 2 1 4 3 8 5 9 6 16 10 7 63 31 11 17 15 12 13 64,phoneme,db6,energy,89,250,250,0
ALL,W-NN:k=7,26,,0.048,0.10401596408081816,0 2 1 4 3 8 5 9 6 16 10 7 63 31 11 17 15 12 13 64,0 2 1 4 3 8 5 9 6 16 10 7 63 31 11 17 15 12 13 64,phoneme,db6,energy,89,250,250,0
W-NN,W-NN:k=7,19,2.0,0.052,0.10102269892741332,0 2 1 4 3 8 5 16 6 7 9 10 11 12 13 14 15 17 18 19,0 2 3 1 4 8 5 9 16 6 7 10 15 31 63 17 64 11 142 12,phoneme,db6,usage,89,250,250,0
W-QDA,W-QDA:qda,6,1.0,0.1,0.11474183088051883,0 2 3 1 4 8 5 9 16 6 7 10 15 31 63 17 64 11 142 12,0 2 3 1 4 8 5 9 16 6 7 10 15 31 63 17 64 11 142 12,phoneme,db6,usage,89,250,250,0
W-CART,W-CART:cart,19,3.0,0.132,0.15589922673983536,0 2 1 4 3 5 6 7 8 9 10 11 12 13 14 15 16 17 18 19,0 2 3 1 4 8 5 9 16 6 7 10 15 31 63 17 64 11 142 12,phoneme,db6,usage,89,250,250,0
ALL,W-NN:k=7,19,2.0,0.052,0.10102269892741332,0 2 1 4 3 8 5 16 6 7 9 10 11 12 13 14 15 17 18 19,0 2 3 1 4 8 5 9 16 6 7 10 15 31 63 17 64 11 142 12,phoneme,db6,usage,89,250,250,0
W-NN,W-NN:k=9,5,,0.088,0.1097530556248441,0 2 1 3 4 8 5 9 6 16 10 7 63 31 11 17 12 15 13 64,0 2 1 3 4 8 5 9 6 16 10 7 63 31 11 17 12 15 13 64,phoneme,db6,energy,90,250,250,0
W-QDA,W-QDA:qda,18,,0.084,0.11274632077824893,0 2 1 3 4 8 5 9 6 16 10 7 63 31 11 17 12 15 13 64,0 2 1 3 4 8 5 9 6 16 10 7 63 31 11 17 12 15 13 64,phoneme,db6,energy,90,250,250,0
W-CART,W-CART:cart,43,,0.124,0.16462958343726616,0 2 1 3 4 8 5 9 6 16 10 7 63 31 11 17 12 15 13 64,0 2 1 3 4 8 5 9 6 16 10 7 63 31 11 17 12 15 13 64,phoneme,db6,energy,90,250,250,0
ALL,W-QDA:qda,18,,0.084,0.11274632077824893,0 2 1 3 4 8 5 9 6 16 10 7 63 31 11 17 12 15 13 64,0 2 1 3 4 8 5 9 6 16 10 7 63 31 11 17 12 15 13 64,phoneme,db6,energy,90,250,250,0
W-NN,W-NN:k=25,61,0.5,0.084,0.10002494387627837,0 3 2 1 8 4 9 5 16 10 7 6 63 31 11 17 15 12 64 13,0 2 3 1 4 8 5 9 16 6 7 10 31 15 17 11 32 64 12 14,phoneme,db6,usage,90,250,250,0
W-QDA,W-QDA:qda,18,0.5,0.084,0.11274632077824893,0 3 2 1 8 4 9 5 16 10 7 6 63 31 11 17 15 12 64 13,0 2 3 1 4 8 5 9 16 6 7 10 31 15 17 11 32 64 12 14,phoneme,db6,usage,90,250,250,0
W-CART,W-CART:cart,38,0.5,0.116,0.16612621601396857,0 3 2 1 8 4 9 5 16 10 7 6 63 31 11 17 15 12 64 13,0 2 3 1 4 8 5 9 16 6 7 10 31 15 17 11 32 64 12 14,phoneme,db6,usage,90,250,250,0
ALL,W-QDA:qda,18,0.5,0.084,0.11274632077824893,0 3 2 1 8 4 9 5 16 10 7 6 63 31 11 17 15 12 64 13,0 2 3 1 4 8 5 9 16 6 7 10 31 15 17 11 32 64 12 14,phoneme,db6,usage,90,250,250,0
W-NN,W-NN:k=9,9,,0.104,0.1254676976802195,0 2 1 3 4 8 5 9 6 10 16 7 63 31 17 11 12 15 13 14,0 2 1 3 4 8 5 9 6 10 16 7 63 31 17 11 12 15 13 14,phoneme,db6,energy,91,250,250,0
W-QDA,W-QDA:qda,7,,0.104,0.11274632077824893,0 2 1 3 4 8 5 9 6 10 16 7 63 31 17 11 12 15 13 14,0 2 1 3 4 8 5 9 6 10 16 7 63 31 17 11 12 15 13 14,phoneme,db6,energy,91,250,250,0
W-CART,W-CART:cart,37,,0.128,0.15789473684210525,0 2 1 3 4 8 5 9 6 10 16 7 63 31 17 11 12 15 13 14,0 2 1 3 4 8 5 9 6 10 16 7 63 31 17 11 12 15 13 14,phoneme,db6,energy,91,250,250,0
ALL,W-QDA:qda,7,,0.104,0.11274632077824893,0 2 1 3 4 8 5 9 6 10 16 7 63 31 17 11 12 15 13 14,0 2 1 3 4 8 5 9 6 10 16 7 63 31 17 11 12 15 13 14,phoneme,db6,energy,91,250,250,0
W-NN,W-NN:k=3,13,2.0,0.084,0.1294587178847593,0 2 1 3 4 8 5 6 7 9 10 11 12 13 14 15 16 17 18 19,0 2 3 1 4 8 9 5 16 6 7 10 31 15 17 63 11 20 32 13,phoneme,db6,usage,91,250,250,0
W-QDA,W-QDA:qda,7,0.5,0.104,0.10675979047143926,0 2 1 3 8 9 4 5 16 6 7 10 63 17 31 15 11 12 64 13,0 2 3 1 4 8 9 5 16 6 7 10 31 15 17 63 11 20 32 13,phoneme,db6,usage,91,250,250,0
W-CART,W-CART:cart,10,0.5,0.116,0.15989024694437515,0 2 1 3 8 9 4 5 16 6 7 10 63 17 31 15 11 12 64 13,0 2 3 1 4 8 9 5 16 6 7 10 31 15 17 63 11 20 32 13,phoneme,db6,usage,91,250,250,0
ALL,W-NN:k=3,13,2.0,0.084,0.1294587178847593,0 2 1 3 4 8 5 6 7 9 10 11 12 13 14 15 16 17 18 19,0 2 3 1 4 8 9 5 16 6 7 10 31 15 17 63 11 20 32 13,phoneme,db6,usage,91,250,250,0
W-NN,W-NN:k=15,8,,0.072,0.12022948366176103,0 2 1 3 4 8 5 9 6 16 10 7 11 63 31 17 12 15 64 13,0 2 1 3 4 8 5 9 6 16 10 7 11 63 31 17 12 15 64 13,phoneme,db6,energy,92,250,250,0
W-QDA,W-QDA:qda,5,,0.092,0.11698677974557246,0 2 1 3 4 8 5 9 6 16 10 7 11 63 31 17 12 15 64 13,0 2 1 3 4 8 5 9 6 16 10 7 11 63 31 17 12 15 64 13,phoneme,db6,energy,92,250,250,0
W-CART,W-CART:cart,34,,0.108,0.14218009478672985,0 2 1 3 4 8 5 9 6 16 10 7 11 63 31 17 12 15 64 13,0 2 1 3 4 8 5 9 6 16 10 7 11 63 31 17 12 15 64 13,phoneme,db6,energy,92,250,250,0
ALL,W-NN:k=15,8,,0.072,0.12022948366176103,0 2 1 3 4 8 5 9 6 16 10 7 11 63 31 17 12 15 64 13,0 2 1 3 4 8 5 9 6 16 10 7 11 63 31 17 12 15 64 13,phoneme,db6,energy,92,250,250,0
W-NN,W-NN:k=15,21,1.5,0.068,0.11948116737340983,0 2 3 1 4 8 5 16 9 7 10 15 6 11 12 13 14 17 18 19,0 2 3 1 4 8 5 9 16 7 6 10 31 15 17 11 32 63 64 12,phoneme,db6,usage,92,250,250,0
W-QDA,W-QDA:qda,4,2.0,0.088,0.12347218757794962,0 2 1 4 3 8 5 9 6 7 10 11 12 13 14 15 16 17 18 19,0 2 3 1 4 8 5 9 16 7 6 10 31 15 17 11 32 63 64 12,phoneme,db6,usage,92,250,250,0
W-CART,W-CART:cart,37,1.0,0.1,0.1404340234472437,0 2 3 1 4 8 5 9 16 7 6 10 31 15 17 11 32 63 64 12,0 2 3 1 4 8 5 9 16 7 6 10 31 15 17 11 32 63 64 12,phoneme,db6,usage,92,250,250,0
ALL,W-NN:k=15,21,1.5,0.068,0.11948116737340983,0 2 3 1 4 8 5 16 9 7 10 15 6 11 12 13 14 17 18 19,0 2 3 1 4 8 5 9 16 7 6 10 31 15 17 11 32 63 64 12,phoneme,db6,usage,92,250,250,0
W-NN,W-NN:k=9,10,,0.072,0.12022948366176103,0 2 1 3 4 8 5 9 6 16 10 7 63 31 17 12 15 11 13 64,0 2 1 3 4 8 5 9 6 16 10 7 63 31 17 12 15 11 13 64,phoneme,db6,energy,93,250,250,0
W-QDA,W-QDA:qda,8,,0.088,0.11149912696433026,0 2 1 3 4 8 5 9 6 16 10 7 63 31 17 12 15 11 13 64,0 2 1 3 4 8 5 9 6 16 10 7 63 31 17 12 15 11 13 64,phoneme,db6,energy,93,250,250,0
W-CART,W-CART:cart,28,,0.132,0.1471688700424046,0 2 1 3 4 8 5 9 6 16 10 7 63 31 17 12 15 11 13 64,0 2 1 3 4 8 5 9 6 16 10 7 63 31 17 12 15 11 13 64,phoneme,db6,energy,93,250,250,0
ALL,W-NN:k=9,10,,0.072,0.12022948366176103,0 2 1 3 4 8 5 9 6 16 10 7 63 31 17 12 15 11 13 64,0 2 1 3 4 8 5 9 6 16 10 7 63 31 17 12 15 11 13 64,phoneme,db6,energy,93,250,250,0
W-NN,W-NN:k=9,21,1.0,0.06,0.11623846345722125,0 2 3 1 4 8 5 9 16 7 6 31 15 10 12 17 63 20 32 33,0 2 3 1 4 8 5 9 16 7 6 31 15 10 12 17 63 20 32 33,phoneme,db6,usage,93,250,250,0
W-QDA,W-QDA:qda,16,1.0,0.08,0.11923172861062609,0 2 3 1 4 8 5 9 16 7 6 31 15 10 12 17 63 20 32 33,0 2 3 1 4 8 5 9 16 7 6 31 15 10 12 17 63 20 32 33,phoneme,db6,usage,93,250,250,0
W-CART,W-CART:cart,18,3.0,0.124,0.158144175604889,0 2 1 4 3 5 6 7 8 9 10 11 12 13 14 15 16 17 18 19,0 2 3 1 4 8 5 9 16 7 6 31 15 10 12 17 63 20 32 33,phoneme,db6,usage,93,250,250,0
ALL,W-NN:k=9,21,1.0,0.06,0.11623846345722125,0 2 3 1 4 8 5 9 16 7 6 31 15 10 12 17 63 20 32 33,0 2 3 1 4 8 5 9 16 7 6 31 15 10 12 17 63 20 32 33,phoneme,db6,usage,93,250,250,0
W-NN,W-NN:k=7,17,,0.096,0.10376652531803442,0 2 1 4 3 8 5 9 7 6 10 16 63 31 11 17 15 12 64 13,0 2 1 4 3 8 5 9 7 6 10 16 63 31 11 17 15 12 64 13,phoneme,db6,energy,94,250,250,0
W-QDA,W-QDA:qda,8,,0.084,0.10875530057370915,0 2 1 4 3 8 5 9 7 6 10 16 63 31 11 17 15 12 64 13,0 2 1 4 3 8 5 9 7 6 10 16 63 31 11 17 15 12 64 13,phoneme,db6,energy,94,250,250,0
W-CART,W-CART:cart,37,,0.116,0.1416812172611624,0 2 1 4 3 8 5 9 7 6 10 16 63 31 11 17 15 12 64 13,0 2 1 4 3 8 5 9 7 6 10 16 63 31 11 17 15 12 64 13,phoneme,db6,energy,94,250,250,0
ALL,W-QDA:qda,8,,0.084,0.10875530057370915,0 2 1 4 3 8 5 9 7 6 10 16 63 31 11 17 15 12 64 13,0 2 1 4 3 8 5 9 7 6 10 16 63 31 11 17 15 12 64 13,phoneme,db6,energy,94,250,250,0
W-NN,W-NN:k=7,22,0.5,0.088,0.10576203542030431,0 2 3 1 8 9 4 5 16 7 10 6 63 31 15 17 11 64 32 12,0 2 3 1 4 8 5 9 7 16 6 10 15 31 32 63 13 17 11 64,phoneme,db6,usage,94,250,250,0
W-QDA,W-QDA:qda,8,0.5,0.084,0.10875530057370915,0 2 3 1 8 9 4 5 16 7 10 6 63 31 15 17 11 64 32 12,0 2 3 1 4 8 5 9 7 16 6 10 15 31 32 63 13 17 11 64,phoneme,db6,usage,94,250,250,0
W-CART,W-CART:cart,48,2.0,0.108,0.14841606385632328,0 2 1 4 3 8 16 5 6 7 9 10 11 12 13 14 15 17 18 19,0 2 3 1 4 8 5 9 7 16 6 10 15 31 32 63 13 17 11 64,phoneme,db6,usage,94,250,250,0
ALL,W-QDA:qda,8,0.5,0.084,0.10875530057370915,0 2 3 1 8 9 4 5 16 7 10 6 63 31 15 17 11 64 32 12,0 2 3 1 4 8 5 9 7 16 6 10 15 31 32 63 13 17 11 64,phoneme,db6,usage,94,250,250,0
W-NN,W-NN:k=5,18,,0.088,0.09927662758792716,0 2 1 3 4 8 5 9 6 16 10 7 63 11 31 17 15 12 13 64,0 2 1 3 4 8 5 9 6 16 10 7 63 11 31 17 15 12 13 64,phoneme,db6,energy,95,250,250,0
W-QDA,W-QDA:qda,12,,0.096,0.09977550511349463,0 2 1 3 4 8 5 9 6 16 10 7 63 11 31 17 15 12 13 64,0 2 1 3 4 8 5 9 6 16 10 7 63 11 31 17 15 12 13 64,phoneme,db6,energy,95,250,250,0
W-CART,W-CART:cart,36,,0.132,0.15589922673983536,0 2 1 3 4 8 5 9 6 16 10 7 63 11 31 17 15 12 13 64,0 2 1 3 4 8 5 9 6 16 10 7 63 11 31 17 15 12 13 64,phoneme,db6,energy,95,250,250,0
ALL,W-NN:k=5,18,,0.088,0.09927662758792716,0 2 1 3 4 8 5 9 6 16 10 7 63 11 31 17 15 12 13 64,0 2 1 3 4 8 5 9 6 16 10 7 63 11 31 17 15 12 13 64,phoneme,db6,energy,95,250,250,0
W-NN,W-NN:k=5,18,0.5,0.088,0.09927662758792716,0 2 3 1 8 9 4 5 16 7 6 10 63 31 15 17 11 12 13 32,0 2 3 1 4 8 9 5 6 16 7 10 31 15 17 11 63 64 20 32,phoneme,db6,usage,95,250,250,0
W-QDA,W-QDA:qda,13,1.0,0.092,0.10077326016462958,0 2 3 1 4 8 9 5 6 16 7 10 31 15 17 11 63 64 20 32,0 2 3 1 4 8 9 5 6 16 7 10 31 15 17 11 63 64 20 32,phoneme,db6,usage,95,250,250,0
W-CART,W-CART:cart,41,1.5,0.136,0.153404839111998,0 2 3 1 4 8 5 9 6 7 16 31 10 11 12 13 14 15 17 18,0 2 3 1 4 8 9 5 6 16 7 10 31 15 17 11 63 64 20 32,phoneme,db6,usage,95,250,250,0
ALL,W-NN:k=5,18,0.5,0.088,0.09927662758792716,0 2 3 1 8 9 4 5 16 7 6 10 63 31 15 17 11 12 13 32,0 2 3 1 4 8 9 5 6 16 7 10 31 15 17 11 63 64 20 32,phoneme,db6,usage,95,250,250,0
W-NN,W-NN:k=7,11,,0.076,0.1050137191319531,0 2 1 4 3 8 5 9 6 16 7 10 63 11 31 17 15 12 13 64,0 2 1 4 3 8 5 9 6 16 7 10 63 11 31 17 15 12 13 64,phoneme,db6,energy,96,250,250,0
W-QDA,W-QDA:qda,17,,0.096,0.11374407582938388,0 2 1 4 3 8 5 9 6 16 7 10 63 11 31 17 15 12 13 64,0 2 1 4 3 8 5 9 6 16 7 10 63 11 31 17 15 12 13 64,phoneme,db6,energy,96,250,250,0
W-CART,W-CART:cart,9,,0.14,0.16313295086056373,0 2 1 4 3 8 5 9 6 16 7 10 63 11 31 17 15 12 13 64,0 2 1 4 3 8 5 9 6 16 7 10 63 11 31 17 15 12 13 64,phoneme,db6,energy,96,250,250,0
ALL,W-NN:k=7,11,,0.076,0.1050137191319531,0 2 1 4 3 8 5 9 6 16 7 10 63 11 31 17 15 12 13 64,0 2 1 4 3 8 5 9 6 16 7 10 63 11 31 17 15 12 13 64,phoneme,db6,energy,96,250,250,0
W-NN,W-NN:k=15,43,1.0,0.072,0.10276877026689947,0 2 3 1 4 8 5 9 16 7 6 15 10 31 32 11 17 13 63 64,0 2 3 1 4 8 5 9 16 7 6 15 10 31 32 11 17 13 63 64,phoneme,db6,usage,96,250,250,0
W-QDA,W-QDA:qda,17,1.0,0.076,0.11374407582938388,0 2 3 1 4 8 5 9 16 7 6 15 10 31 32 11 17 13 63 64,0 2 3 1 4 8 5 9 16 7 6 15 10 31 32 11 17 13 63 64,phoneme,db6,usage,96,250,250,0
W-CART,W-CART:cart,9,1.0,0.136,0.16038912446994263,0 2 3 1 4 8 5 9 16 7 6 15 10 31 32 11 17 13 63 64,0 2 3 1 4 8 5 9 16 7 6 15 10 31 32 11 17 13 63 64,phoneme,db6,usage,96,250,250,0
ALL,W-NN:k=15,43,1.0,0.072,0.10276877026689947,0 2 3 1 4 8 5 9 16 7 6 15 10 31 32 11 17 13 63 64,0 2 3 1 4 8 5 9 16 7 6 15 10 31 32 11 17 13 63 64,phoneme,db6,usage,96,250,250,0
W-NN,W-NN:k=5,16,,0.088,0.1077575455225742,0 2 1 4 3 8 5 9 6 16 10 7 63 31 12 17 15 11 13 64,0 2 1 4 3 8 5 9 6 16 10 7 63 31 12 17 15 11 13 64,phoneme,db6,energy,97,250,250,0
W-QDA,W-QDA:qda,12,,0.076,0.1050137191319531,0 2 1 4 3 8 5 9 6 16 10 7 63 31 12 17 15 11 13 64,0 2 1 4 3 8 5 9 6 16 10 7 63 31 12 17 15 11 13 64,phoneme,db6,energy,97,250,250,0
W-CART,W-CART:cart,22,,0.14,0.14866550261910702,0 2 1 4 3 8 5 9 6 16 10 7 63 31 12 17 15 11 13 64,0 2 1 4 3 8 5 9 6 16 10 7 63 31 12 17 15 11 13 64,phoneme,db6,energy,97,250,250,0
ALL,W-QDA:qda,12,,0.076,0.1050137191319531,0 2 1 4 3 8 5 9 6 16 10 7 63 31 12 17 15 11 13 64,0 2 1 4 3 8 5 9 6 16 10 7 63 31 12 17 15 11 13 64,phoneme,db6,energy,97,250,250,0
W-NN,W-NN:k=5,16,1.0,0.088,0.10925417809927662,0 2 3 1 4 8 5 9 16 7 6 10 15 31 17 12 32 11 64 13,0 2 3 1 4 8 5 9 16 7 6 10 15 31 17 12 32 11 64 13,phoneme,db6,usage,97,250,250,0
W-QDA,W-QDA:qda,12,0.5,0.076,0.1050137191319531,0 2 1 3 8 4 9 5 16 6 10 7 63 31 17 15 11 12 64 13,0 2 3 1 4 8 5 9 16 7 6 10 15 31 17 12 32 11 64 13,phoneme,db6,usage,97,250,250,0
W-CART,W-CART:cart,48,1.5,0.116,0.14417560488899975,0 2 3 1 4 8 5 9 6 7 16 10 15 31 11 12 13 14 17 18,0 2 3 1 4 8 5 9 16 7 6 10 15 31 17 12 32 11 64 13,phoneme,db6,usage,97,250,250,0
ALL,W-QDA:qda,12,0.5,0.076,0.1050137191319531,0 2 1 3 8 4 9 5 16 6 10 7 63 31 17 15 11 12 64 13,0 2 3 1 4 8 5 9 16 7 6 10 15 31 17 12 32 11 64 13,phoneme,db6,usage,97,250,250,0
W-NN,W-NN:k=25,16,,0.088,0.11050137191319531,0 2 1 3 4 8 5 9 6 16 10 7 63 31 17 12 11 15 64 32,0 2 1 3 4 8 5 9 6 16 10 7 63 31 17 12 11 15 64 32,phoneme,db6,energy,98,250,250,0
W-QDA,W-QDA:qda,5,,0.104,0.1172362185083562,0 2 1 3 4 8 5 9 6 16 10 7 63 31 17 12 11 15 64 32,0 2 1 3 4 8 5 9 6 16 10 7 63 31 17 12 11 15 64 32,phoneme,db6,energy,98,250,250,0
W-CART,W-CART:cart,64,,0.136,0.15789473684210525,0 2 1 3 4 8 5 9 6 16 10 7 63 31 17 12 11 15 64 32,0 2 1 3 4 8 5 9 6 16 10 7 63 31 17 12 11 15 64 32,phoneme,db6,energy,98,250,250,0
ALL,W-NN:k=25,16,,0.088,0.11050137191319531,0 2 1 3 4 8 5 9 6 16 10 7 63 31 17 12 11 15 64 32,0 2 1 3 4 8 5 9 6 16 10 7 63 31 17 12 11 15 64 32,phoneme,db6,energy,98,250,250,0
W-NN,W-NN:k=25,28,0.5,0.084,0.11374407582938388,0 1 2 3 8 4 9 5 16 10 7 6 63 31 15 17 12 11 64 32,0 2 1 3 4 8 5 9 16 7 6 10 31 63 15 17 11 12 32 37,phoneme,db6,usage,98,250,250,0
W-QDA,W-QDA:qda,11,2.0,0.1,0.09977550511349463,0 2 1 4 3 8 5 6 7 9 10 11 12 13 14 15 16 17 18 19,0 2 1 3 4 8 5 9 16 7 6 10 31 63 15 17 11 12 32 37,phoneme,db6,usage,98,250,250,0
W-CART,W-CART:cart,39,3.0,0.136,0.15290596158643052,0 1 2 4 3 5 6 7 8 9 10 11 12 13 14 15 16 17 18 19,0 2 1 3 4 8 5 9 16 7 6 10 31 63 15 17 11 12 32 37,phoneme,db6,usage,98,250,250,0
ALL,W-NN:k=25,28,0.5,0.084,0.11374407582938388,0 1 2 3 8 4 9 5 16 10 7 6 63 31 15 17 12 11 64 32,0 2 1 3 4 8 5 9 16 7 6 10 31 63 15 17 11 12 32 37,phoneme,db6,usage,98,250,250,0
W-NN,W-NN:k=25,13,,0.092,0.1097530556248441,0 2 1 3 4 8 5 9 6 16 7 10 11 63 31 17 12 15 13 64,0 2 1 3 4 8 5 9 6 16 7 10 11 63 31 17 12 15 13 64,phoneme,db6,energy,99,250,250,0
W-QDA,W-QDA:qda,12,,0.092,0.10476428036916936,0 2 1 3 4 8 5 9 6 16 7 10 11 63 31 17 12 15 13 64,0 2 1 3 4 8 5 9 6 16 7 10 11 63 31 17 12 15 13 64,phoneme,db6,energy,99,250,250,0
W-CART,W-CART:cart,12,,0.116,0.13519580942878523,0 2 1 3 4 8 5 9 6 16 7 10 11 63 31 17 12 15 13 64,0 2 1 3 4 8 5 9 6 16 7 10 11 63 31 17 12 15 13 64,phoneme,db6,energy,99,250,250,0
ALL,W-QDA:qda,12,,0.092,0.10476428036916936,0 2 1 3 4 8 5 9 6 16 7 10 11 63 31 17 12 15 13 64,0 2 1 3 4 8 5 9 6 16 7 10 11 63 31 17 12 15 13 64,phoneme,db6,energy,99,250,250,0
W-NN,W-NN:k=5,9,0.5,0.088,0.10925417809927662,0 2 3 1 8 4 9 5 16 6 7 10 63 31 11 15 17 12 13 64,0 2 3 1 4 8 5 9 16 7 6 10 31 17 11 15 64 12 13 32,phoneme,db6,usage,99,250,250,0
W-QDA,W-QDA:qda,13,1.5,0.084,0.10426540284360189,0 2 3 1 4 8 5 9 6 16 7 10 15 11 12 13 14 17 18 19,0 2 3 1 4 8 5 9 16 7 6 10 31 17 11 15 64 12 13 32,phoneme,db6,usage,99,250,250,0
W-CART,W-CART:cart,17,3.0,0.112,0.13868795210775756,0 2 1 4 3 5 6 7 8 9 10 11 12 13 14 15 16 17 18 19,0 2 3 1 4 8 5 9 16 7 6 10 31 17 11 15 64 12 13 32,phoneme,db6,usage,99,250,250,0
ALL,W-QDA:qda,13,1.5,0.084,0.10426540284360189,0 2 3 1 4 8 5 9 6 16 7 10 15 11 12 13 14 17 18 19,0 2 3 1 4 8 5 9 16 7 6 10 31 17 11 15 64 12 13 32,phoneme,db6,usage,99,250,250,0
W-NN,W-NN:k=25,61,,0.072,0.1172362185083562,0 1 3 7 2 15 4 6 5 9 8 31 10 11 12 14 13 63 127 64,0 1 3 7 2 15 4 6 5 9 8 31 10 11 12 14 13 63 127 64,phoneme,db8,energy,0,250,250,0
W-QDA,W-QDA:qda,11,,0.088,0.11075081067597904,0 1 3 7 2 15 4 6 5 9 8 31 10 11 12 14 13 63 127 64,0 1 3 7 2 15 4 6 5 9 8 31 10 11 12 14 13 63 127 64,phoneme,db8,energy,0,250,250,0
W-CART,W-CART:cart,23,,0.132,0.1758543277625343,0 1 3 7 2 15 4 6 5 9 8 31 10 11 12 14 13 63 127 64,0 1 3 7 2 15 4 6 5 9 8 31 10 11 12 14 13 63 127 64,phoneme,db8,energy,0,250,250,0
ALL,W-NN:k=25,61,,0.072,0.1172362185083562,0 1 3 7 2 15 4 6 5 9 8 31 10 11 12 14 13 63 127 64,0 1 3 7 2 15 4 6 5 9 8 31 10 11 12 14 13 63 127 64,phoneme,db8,energy,0,250,250,0
W-NN,W-NN:k=15,14,3.0,0.072,0.11274632077824893,0 1 3 2 7 4 5 6 8 9 10 11 12 13 14 15 16 17 18 19,0 1 3 7 2 15 4 6 5 9 8 31 10 11 12 17 19 16 33 64,phoneme,db8,usage,0,250,250,0
W-QDA,W-QDA:qda,10,3.0,0.06,0.11149912696433026,0 1 3 2 7 4 5 6 8 9 10 11 12 13 14 15 16 17 18 19,0 1 3 7 2 15 4 6 5 9 8 31 10 11 12 17 19 16 33 64,phoneme,db8,usage,0,250,250,0
W-CART,W-CART:cart,8,1.5,0.132,0.1820902968321277,0 1 3 7 2 15 6 4 5 9 8 10 11 12 13 14 16 17 18 19,0 1 3 7 2 15 4 6 5 9 8 31 10 11 12 17 19 16 33 64,phoneme,db8,usage,0,250,250,0
ALL,W-QDA:qda,10,3.0,0.06,0.11149912696433026,0 1 3 2 7 4 5 6 8 9 10 11 12 13 14 15 16 17 18 19,0 1 3 7 2 15 4 6 5 9 8 31 10 11 12 17 19 16 33 64,phoneme,db8,usage,0,250,250,0
W-NN,W-NN:k=3,10,,0.1,0.12646545273135446,0 1 3 7 2 15 4 6 5 9 8 10 11 31 12 14 13 127 64 32,0 1 3 7 2 15 4 6 5 9 8 10 11 31 12 14 13 127 64 32,phoneme,db8,energy,1,250,250,0
W-QDA,W-QDA:qda,11,,0.112,0.10725866799700673,0 1 3 7 2 15 4 6 5 9 8 10 11 31 12 14 13 127 64 32,0 1 3 7 2 15 4 6 5 9 8 10 11 31 12 14 13 127 64 32,phoneme,db8,energy,1,250,250,0
W-CART,W-CART:cart,18,,0.156,0.20129708156647544,0 1 3 7 2 15 4 6 5 9 8 10 11 31 12 14 13 127 64 32,0 1 3 7 2 15 4 6 5 9 8 10 11 31 12 14 13 127 64 32,phoneme,db8,energy,1,250,250,0
ALL,W-NN:k=3,10,,0.1,0.12646545273135446,0 1 3 7 2 15 4 6 5 9 8 10 11 31 12 14 13 127 64 32,0 1 3 7 2 15 4 6 5 9 8 10 11 31 12 14 13 127 64 32,phoneme,db8,energy,1,250,250,0
W-NN,W-NN:k=3,11,1.5,0.096,0.12721376901970566,0 1 3 7 2 15 6 4 9 5 31 8 10 11 12 13 14 16 17 18,0 1 3 7 2 15 4 6 5 9 8 10 11 31 12 64 16 32 17 21,phoneme,db8,usage,1,250,250,0
W-QDA,W-QDA:qda,22,2.0,0.104,0.11224744325268146,0 1 3 7 2 15 4 5 6 8 9 10 11 12 13 14 16 17 18 19,0 1 3 7 2 15 4 6 5 9 8 10 11 31 12 64 16 32 17 21,phoneme,db8,usage,1,250,250,0
W-CART,W-CART:cart,16,1.5,0.156,0.19730606136193565,0 1 3 7 2 15 6 4 9 5 31 8 10 11 12 13 14 16 17 18,0 1 3 7 2 15 4 6 5 9 8 10 11 31 12 64 16 32 17 21,phoneme,db8,usage,1,250,250,0
ALL,W-NN:k=3,11,1.5,0.096,0.12721376901970566,0 1 3 7 2 15 6 4 9 5 31 8 10 11 12 13 14 16 17 18,0 1 3 7 2 15 4 6 5 9 8 10 11 31 12 64 16 32 17 21,phoneme,db8,usage,1,250,250,0
W-NN,W-NN:k=3,48,,0.104,0.11598902469443752,0 1 3 7 2 15 4 6 5 9 8 10 31 11 12 14 13 127 64 32,0 1 3 7 2 15 4 6 5 9 8 10 31 11 12 14 13 127 64 32,phoneme,db8,energy,2,250,250,0
W-QDA,W-QDA:qda,9,,0.116,0.11149912696433026,0 1 3 7 2 15 4 6 5 9 8 10 31 11 12 14 13 127 64 32,0 1 3 7 2 15 4 6 5 9 8 10 31 11 12 14 13 127 64 32,phoneme,db8,energy,2,250,250,0
W-CART,W-CART:cart,18,,0.152,0.17286106260912945,0 1 3 7 2 15 4 6 5 9 8 10 31 11 12 14 13 127 64 32,0 1 3 7 2 15 4 6 5 9 8 10 31 11 12 14 13 127 64 32,phoneme,db8,energy,2,250,250,0
ALL,W-NN:k=3,48,,0.104,0.11598902469443752,0 1 3 7 2 15 4 6 5 9 8 10 31 11 12 14 13 127 64 32,0 1 3 7 2 15 4 6 5 9 8 10 31 11 12 14 13 127 64 32,phoneme,db8,energy,2,250,250,0
W-NN,W-NN:k=3,39,1.5,0.104,0.11050137191319531,0 1 3 7 2 15 4 5 6 9 11 8 10 12 13 14 16 17 18 19,0 1 3 7 2 15 4 6 5 9 8 10 11 31 12 13 17 253 14 16,phoneme,db8,usage,2,250,250,0
W-QDA,W-QDA:qda,11,1.5,0.1,0.10626091294587178,0 1 3 7 2 15 4 5 6 9 11 8 10 12 13 14 16 17 18 19,0 1 3 7 2 15 4 6 5 9 8 10 11 31 12 13 17 253 14 16,phoneme,db8,usage,2,250,250,0
W-CART,W-CART:cart,52,0.5,0.136,0.1915689698179097,0 1 3 7 2 15 4 6 9 5 8 31 10 11 12 14 127 13 16 64,0 1 3 7 2 15 4 6 5 9 8 10 11 31 12 13 17 253 14 16,phoneme,db8,usage,2,250,250,0
ALL,W-QDA:qda,11,1.5,0.1,0.10626091294587178,0 1 3 7 2 15 4 5 6 9 11 8 10 12 13 14 16 17 18 19,0 1 3 7 2 15 4 6 5 9 8 10 11 31 12 13 17 253 14 16,phoneme,db8,usage,2,250,250,0
W-NN,W-NN:k=9,16,,0.08,0.1050137191319531,0 1 3 7 2 15 4 6 5 9 8 31 10 11 12 13 14 64 127 63,0 1 3 7 2 15 4 6 5 9 8 31 10 11 12 13 14 64 127 63,phoneme,db8,energy,3,250,250,0
W-QDA,W-QDA:qda,14,,0.092,0.11124968820154651,0 1 3 7 2 15 4 6 5 9 8 31 10 11 12 13 14 64 127 63,0 1 3 7 2 15 4 6 5 9 8 31 10 11 12 13 14 64 127 63,phoneme,db8,energy,3,250,250,0
W-CART,W-CART:cart,44,,0.092,0.1568969817909703,0 1 3 7 2 15 4 6 5 9 8 31 10 11 12 13 14 64 127 63,0 1 3 7 2 15 4 6 5 9 8 31 10 11 12 13 14 64 127 63,phoneme,db8,energy,3,250,250,0
ALL,W-NN:k=9,16,,0.08,0.1050137191319531,0 1 3 7 2 15 4 6 5 9 8 31 10 11 12 13 14 64 127 63,0 1 3 7 2 15 4 6 5 9 8 31 10 11 12 13 14 64 127 63,phoneme,db8,energy,3,250,250,0
W-NN,W-NN:k=3,12,3.0,0.076,0.11474183088051883,0 1 3 2 7 4 5 6 8 9 10 11 12 13 14 15 16 17 18 19,0 1 3 7 2 15 4 6 5 9 8 31 10 11 16 17 14 20 64 12,phoneme,db8,usage,3,250,250,0
W-QDA,W-QDA:qda,8,2.0,0.092,0.11623846345722125,0 1 3 7 2 4 9 15 5 6 8 10 11 12 13 14 16 17 18 19,0 1 3 7 2 15 4 6 5 9 8 31 10 11 16 17 14 20 64 12,phoneme,db8,usage,3,250,250,0
W-CART,W-CART:cart,54,1.0,0.084,0.15115989024694437,0 1 3 7 2 15 4 6 5 9 8 31 10 11 16 17 14 20 64 12,0 1 3 7 2 15 4 6 5 9 8 31 10 11 16 17 14 20 64 12,phoneme,db8,usage,3,250,250,0
ALL,W-NN:k=3,12,3.0,0.076,0.11474183088051883,0 1 3 2 7 4 5 6 8 9 10 11 12 13 14 15 16 17 18 19,0 1 3 7 2 15 4 6 5 9 8 31 10 11 16 17 14 20 64 12,phoneme,db8,usage,3,250,250,0
W-NN,W-NN:k=3,10,,0.088,0.11374407582938388,0 1 3 7 2 15 4 6 5 8 9 11 10 31 12 13 14 127 32 64,0 1 3 7 2 15 4 6 5 8 9 11 10 31 12 13 14 127 32 64,phoneme,db8,energy,4,250,250,0
W-QDA,W-QDA:qda,8,,0.1,0.12422050386630082,0 1 3 7 2 15 4 6 5 8 9 11 10 31 12 13 14 127 32 64,0 1 3 7 2 15 4 6 5 8 9 11 10 31 12 13 14 127 32 64,phoneme,db8,energy,4,250,250,0
W-CART,W-CART:cart,18,,0.172,0.17859815415315541,0 1 3 7 2 15 4 6 5 8 9 11 10 31 12 13 14 127 32 64,0 1 3 7 2 15 4 6 5 8 9 11 10 31 12 13 14 127 32 64,phoneme,db8,energy,4,250,250,0
ALL,W-NN:k=3,10,,0.088,0.11374407582938388,0 1 3 7 2 15 4 6 5 8 9 11 10 31 12 13 14 127 32 64,0 1 3 7 2 15 4 6 5 8 9 11 10 31 12 13 14 127 32 64,phoneme,db8,energy,4,250,250,0
W-NN,W-NN:k=3,11,3.0,0.076,0.11050137191319531,0 1 3 7 2 4 5 6 8 9 10 11 12 13 14 15 16 17 18 19,0 1 3 7 2 15 4 6 5 8 9 11 10 16 31 12 13 14 17 19,phoneme,db8,usage,4,250,250,0
W-QDA,W-QDA:qda,8,3.0,0.092,0.107009229234223,0 1 3 7 2 4 5 6 8 9 10 11 12 13 14 15 16 17 18 19,0 1 3 7 2 15 4 6 5 8 9 11 10 16 31 12 13 14 17 19,phoneme,db8,usage,4,250,250,0
W-CART,W-CART:cart,7,3.0,0.156,0.1731105013719132,0 1 3 7 2 4 5 6 8 9 10 11 12 13 14 15 16 17 18 19,0 1 3 7 2 15 4 6 5 8 9 11 10 16 31 12 13 14 17 19,phoneme,db8,usage,4,250,250,0
ALL,W-NN:k=3,11,3.0,0.076,0.11050137191319531,0 1 3 7 2 4 5 6 8 9 10 11 12 13 14 15 16 17 18 19,0 1 3 7 2 15 4 6 5 8 9 11 10 16 31 12 13 14 17 19,phoneme,db8,usage,4,250,250,0
W-NN,W-NN:k=7,13,,0.068,0.10276877026689947,0 1 3 7 2 15 4 6 5 9 8 31 10 11 12 13 14 64 127 63,0 1 3 7 2 15 4 6 5 9 8 31 10 11 12 13 14 64 127 63,phoneme,db8,energy,5,250,250,0
W-QDA,W-QDA:qda,9,,0.08,0.10601147418308805,0 1 3 7 2 15 4 6 5 9 8 31 10 11 12 13 14 64 127 63,0 1 3 7 2 15 4 6 5 9 8 31 10 11 12 13 14 64 127 63,phoneme,db8,energy,5,250,250,0
W-CART,W-CART:cart,51,,0.144,0.1601396857071589,0 1 3 7 2 15 4 6 5 9 8 31 10 11 12 13 14 64 127 63,0 1 3 7 2 15 4 6 5 9 8 31 10 11 12 13 14 64 127 63,phoneme,db8,energy,5,250,250,0
ALL,W-NN:k=7,13,,0.068,0.10276877026689947,0 1 3 7 2 15 4 6 5 9 8 31 10 11 12 13 14 64 127 63,0 1 3 7 2 15 4 6 5 9 8 31 10 11 12 13 14 64 127 63,phoneme,db8,energy,5,250,250,0
W-NN,W-NN:k=5,12,3.0,0.064,0.10426540284360189,0 1 3 7 2 4 5 6 8 9 10 11 12 13 14 15 16 17 18 19,0 1 3 7 2 15 4 6 5 8 9 11 31 10 16 64 12 13 17 148,phoneme,db8,usage,5,250,250,0
W-QDA,W-QDA:qda,8,3.0,0.072,0.10626091294587178,0 1 3 7 2 4 5 6 8 9 10 11 12 13 14 15 16 17 18 19,0 1 3 7 2 15 4 6 5 8 9 11 31 10 16 64 12 13 17 148,phoneme,db8,usage,5,250,250,0
W-CART,W-CART:cart,21,2.0,0.108,0.167622848590671,0 1 3 7 2 9 5 6 15 4 8 10 11 12 13 14 16 17 18 19,0 1 3 7 2 15 4 6 5 8 9 11 31 10 16 64 12 13 17 148,phoneme,db8,usage,5,250,250,0
ALL,W-NN:k=5,12,3.0,0.064,0.10426540284360189,0 1 3 7 2 4 5 6 8 9 10 11 12 13 14 15 16 17 18 19,0 1 3 7 2 15 4 6 5 8 9 11 31 10 16 64 12 13 17 148,phoneme,db8,usage,5,250,250,0
W-NN,W-NN:k=3,35,,0.088,0.11199800448989773,0 1 3 7 2 15 4 6 5 9 8 31 11 10 12 14 13 127 64 63,0 1 3 7 2 15 4 6 5 9 8 31 11 10 12 14 13 127 64 63,phoneme,db8,energy,6,250,250,0
W-QDA,W-QDA:qda,8,,0.092,0.11274632077824893,0 1 3 7 2 15 4 6 5 9 8 31 11 10 12 14 13 127 64 63,0 1 3 7 2 15 4 6 5 9 8 31 11 10 12 14 13 127 64 63,phoneme,db8,energy,6,250,250,0
W-CART,W-CART:cart,10,,0.12,0.17685208281366924,0 1 3 7 2 15 4 6 5 9 8 31 11 10 12 14 13 127 64 63,0 1 3 7 2 15 4 6 5 9 8 31 11 10 12 14 13 127 64 63,phoneme,db8,energy,6,250,250,0
ALL,W-NN:k=3,35,,0.088,0.11199800448989773,0 1 3 7 2 15 4 6 5 9 8 31 11 10 12 14 13 127 64 63,0 1 3 7 2 15 4 6 5 9 8 31 11 10 12 14 13 127 64 63,phoneme,db8,energy,6,250,250,0
W-NN,W-NN:k=5,9,2.0,0.088,0.10875530057370915,0 1 3 7 2 9 15 4 5 6 8 10 11 12 13 14 16 17 18 19,0 1 3 7 2 15 4 6 5 9 8 10 11 31 20 12 13 32 64 17,phoneme,db8,usage,6,250,250,0
W-QDA,W-QDA:qda,6,3.0,0.088,0.10526315789473684,0 1 3 7 2 4 5 6 8 9 10 11 12 13 14 15 16 17 18 19,0 1 3 7 2 15 4 6 5 9 8 10 11 31 20 12 13 32 64 17,phoneme,db8,usage,6,250,250,0
W-CART,W-CART:cart,26,2.0,0.1,0.1656273384884011,0 1 3 7 2 9 15 4 5 6 8 10 11 12 13 14 16 17 18 19,0 1 3 7 2 15 4 6 5 9 8 10 11 31 20 12 13 32 64 17,phoneme,db8,usage,6,250,250,0
ALL,W-QDA:qda,6,3.0,0.088,0.10526315789473684,0 1 3 7 2 4 5 6 8 9 10 11 12 13 14 15 16 17 18 19,0 1 3 7 2 15 4 6 5 9 8 10 11 31 20 12 13 32 64 17,phoneme,db8,usage,6,250,250,0
W-NN,W-NN:k=7,15,,0.088,0.1077575455225742,0 1 3 7 2 15 4 6 5 9 8 31 10 11 12 13 14 127 32 63,0 1 3 7 2 15 4 6 5 9 8 31 10 11 12 13 14 127 32 63,phoneme,db8,energy,7,250,250,0
W-QDA,W-QDA:qda,10,,0.092,0.10725866799700673,0 1 3 7 2 15 4 6 5 9 8 31 10 11 12 13 14 127 32 63,0 1 3 7 2 15 4 6 5 9 8 31 10 11 12 13 14 127 32 63,phoneme,db8,energy,7,250,250,0
W-CART,W-CART:cart,29,,0.128,0.15714642055375405,0 1 3 7 2 15 4 6 5 9 8 31 10 11 12 13 14 127 32 63,0 1 3 7 2 15 4 6 5 9 8 31 10 11 12 13 14 127 32 63,phoneme,db8,energy,7,250,250,0
ALL,W-NN:k=7,15,,0.088,0.1077575455225742,0 1 3 7 2 15 4 6 5 9 8 31 10 11 12 13 14 127 32 63,0 1 3 7 2 15 4 6 5 9 8 31 10 11 12 13 14 127 32 63,phoneme,db8,energy,7,250,250,0
W-NN,W-NN:k=9,13,1.5,0.088,0.10651035170865553,0 1 3 7 2 15 4 6 9 5 8 10 11 12 13 14 16 17 18 19,0 1 3 7 2 15 4 6 5 9 8 11 16 31 12 10 20 17 13 21,phoneme,db8,usage,7,250,250,0
W-QDA,W-QDA:qda,16,1.0,0.08,0.1124968820154652,0 1 3 7 2 15 4 6 5 9 8 11 16 31 12 10 20 17 13 21,0 1 3 7 2 15 4 6 5 9 8 11 16 31 12 10 20 17 13 21,phoneme,db8,usage,7,250,250,0
W-CART,W-CART:cart,29,0.5,0.128,0.16163631828386132,0 1 3 2 7 15 4 6 9 5 8 31 10 11 12 14 13 127 32 16,0 1 3 7 2 15 4 6 5 9 8 11 16 31 12 10 20 17 13 21,phoneme,db8,usage,7,250,250,0
ALL,W-QDA:qda,16,1.0,0.08,0.1124968820154652,0 1 3 7 2 15 4 6 5 9 8 11 16 31 12 10 20 17 13 21,0 1 3 7 2 15 4 6 5 9 8 11 16 31 12 10 20 17 13 21,phoneme,db8,usage,7,250,250,0
W-NN,W-NN:k=9,41,,0.108,0.10875530057370915,0 1 3 7 2 15 4 6 5 9 8 11 10 31 12 14 13 127 32 63,0 1 3 7 2 15 4 6 5 9 8 11 10 31 12 14 13 127 32 63,phoneme,db8,energy,8,250,250,0
W-QDA,W-QDA:qda,17,,0.108,0.12995759541032675,0 1 3 7 2 15 4 6 5 9 8 11 10 31 12 14 13 127 32 63,0 1 3 7 2 15 4 6 5 9 8 11 10 31 12 14 13 127 32 63,phoneme,db8,energy,8,250,250,0
W-CART,W-CART:cart,11,,0.124,0.14143177849837865,0 1 3 7 2 15 4 6 5 9 8 11 10 31 12 14 13 127 32 63,0 1 3 7 2 15 4 6 5 9 8 11 10 31 12 14 13 127 32 63,phoneme,db8,energy,8,250,250,0
ALL,W-QDA:qda,17,,0.108,0.12995759541032675,0 1 3 7 2 15 4 6 5 9 8 11 10 31 12 14 13 127 32 63,0 1 3 7 2 15 4 6 5 9 8 11 10 31 12 14 13 127 32 63,phoneme,db8,energy,8,250,250,0
W-NN,W-NN:k=7,39,0.5,0.104,0.10626091294587178,0 1 3 7 2 15 4 9 5 6 8 31 11 10 12 13 14 32 16 17,0 1 3 7 2 15 4 6 5 8 9 11 10 31 12 16 14 19 32 64,phoneme,db8,usage,8,250,250,0
W-QDA,W-QDA:qda,19,2.0,0.096,0.1144923921177351,0 1 3 7 2 5 6 15 4 8 9 10 11 12 13 14 16 17 18 19,0 1 3 7 2 15 4 6 5 8 9 11 10 31 12 16 14 19 32 64,phoneme,db8,usage,8,250,250,0
W-CART,W-CART:cart,13,2.0,0.108,0.1424295335495136,0 1 3 7 2 5 6 15 4 8 9 10 11 12 13 14 16 17 18 19,0 1 3 7 2 15 4 6 5 8 9 11 10 31 12 16 14 19 32 64,phoneme,db8,usage,8,250,250,0
ALL,W-QDA:qda,19,2.0,0.096,0.1144923921177351,0 1 3 7 2 5 6 15 4 8 9 10 11 12 13 14 16 17 18 19,0 1 3 7 2 15 4 6 5 8 9 11 10 31 12 16 14 19 32 64,phoneme,db8,usage,8,250,250,0
W-NN,W-NN:k=15,14,,0.096,0.09802943377400848,0 1 3 7 2 15 4 6 5 9 8 11 31 10 12 13 14 127 63 64,0 1 3 7 2 15 4 6 5 9 8 11 31 10 12 13 14 127 63 64,phoneme,db8,energy,9,250,250,0
W-QDA,W-QDA:qda,8,,0.076,0.10601147418308805,0 1 3 7 2 15 4 6 5 9 8 11 31 10 12 13 14 127 63 64,0 1 3 7 2 15 4 6 5 9 8 11 31 10 12 13 14 127 63 64,phoneme,db8,energy,9,250,250,0
W-CART,W-CART:cart,61,,0.164,0.2037914691943128,0 1 3 7 2 15 4 6 5 9 8 11 31 10 12 13 14 127 63 64,0 1 3 7 2 15 4 6 5 9 8 11 31 10 12 13 14 127 63 64,phoneme,db8,energy,9,250,250,0
ALL,W-QDA:qda,8,,0.076,0.10601147418308805,0 1 3 7 2 15 4 6 5 9 8 11 31 10 12 13 14 127 63 64,0 1 3 7 2 15 4 6 5 9 8 11 31 10 12 13 14 127 63 64,phoneme,db8,energy,9,250,250,0
W-NN,W-NN:k=7,13,3.0,0.092,0.10177101521576452,0 1 3 2 4 5 6 7 8 9 10 11 12 13 14 15 16 17 18 19,0 1 3 7 2 15 4 6 5 8 9 11 31 10 16 17 12 13 20 66,phoneme,db8,usage,9,250,250,0
W-QDA,W-QDA:qda,8,0.5,0.076,0.10601147418308805,0 1 3 7 2 15 4 6 5 9 8 31 10 11 12 13 14 32 127 17,0 1 3 7 2 15 4 6 5 8 9 11 31 10 16 17 12 13 20 66,phoneme,db8,usage,9,250,250,0
W-CART,W-CART:cart,35,2.0,0.156,0.19531055125966576,0 1 3 7 2 6 15 4 5 8 9 10 11 12 13 14 16 17 18 19,0 1 3 7 2 15 4 6 5 8 9 11 31 10 16 17 12 13 20 66,phoneme,db8,usage,9,250,250,0
ALL,W-QDA:qda,8,0.5,0.076,0.10601147418308805,0 1 3 7 2 15 4 6 5 9 8 31 10 11 12 13 14 32 127 17,0 1 3 7 2 15 4 6 5 8 9 11 31 10 16 17 12 13 20 66,phoneme,db8,usage,9,250,250,0
W-NN,W-NN:k=25,11,,0.092,0.11399351459216762,0 1 3 7 2 15 4 6 5 9 8 10 31 11 12 14 13 127 64 32,0 1 3 7 2 15 4 6 5 9 8 10 31 11 12 14 13 127 64 32,phoneme,db8,energy,10,250,250,0
W-QDA,W-QDA:qda,13,,0.096,0.11474183088051883,0 1 3 7 2 15 4 6 5 9 8 10 31 11 12 14 13 127 64 32,0 1 3 7 2 15 4 6 5 9 8 10 31 11 12 14 13 127 64 32,phoneme,db8,energy,10,250,250,0
W-CART,W-CART:cart,53,,0.12,0.16462958343726616,0 1 3 7 2 15 4 6 5 9 8 10 31 11 12 14 13 127 64 32,0 1 3 7 2 15 4 6 5 9 8 10 31 11 12 14 13 127 64 32,phoneme,db8,energy,10,250,250,0
ALL,W-NN:k=25,11,,0.092,0.11399351459216762,0 1 3 7 2 15 4 6 5 9 8 10 31 11 12 14 13 127 64 32,0 1 3 7 2 15 4 6 5 9 8 10 31 11 12 14 13 127 64 32,phoneme,db8,energy,10,250,250,0
W-NN,W-NN:k=15,12,3.0,0.088,0.11124968820154651,0 1 3 7 2 4 5 6 8 9 10 11 12 13 14 15 16 17 18 19,0 1 3 7 2 15 4 6 5 9 8 10 12 11 13 31 14 16 19 21,phoneme,db8,usage,10,250,250,0
W-QDA,W-QDA:qda,10,3.0,0.096,0.11923172861062609,0 1 3 7 2 4 5 6 8 9 10 11 12 13 14 15 16 17 18 19,0 1 3 7 2 15 4 6 5 9 8 10 12 11 13 31 14 16 19 21,phoneme,db8,usage,10,250,250,0
W-CART,W-CART:cart,10,0.5,0.124,0.167622848590671,0 1 3 7 2 15 4 6 9 5 8 31 10 11 12 32 14 127 13 16,0 1 3 7 2 15 4 6 5 9 8 10 12 11 13 31 14 16 19 21,phoneme,db8,usage,10,250,250,0
ALL,W-NN:k=15,12,3.0,0.088,0.11124968820154651,0 1 3 7 2 4 5 6 8 9 10 11 12 13 14 15 16 17 18 19,0 1 3 7 2 15 4 6 5 9 8 10 12 11 13 31 14 16 19 21,phoneme,db8,usage,10,250,250,0
W-NN,W-NN:k=5,11,,0.068,0.11100024943876279,0 1 3 7 2 15 4 6 5 9 8 10 11 31 12 13 14 64 32 127,0 1 3 7 2 15 4 6 5 9 8 10 11 31 12 13 14 64 32 127,phoneme,db8,energy,11,250,250,0
W-QDA,W-QDA:qda,14,,0.084,0.11174856572711399,0 1 3 7 2 15 4 6 5 9 8 10 11 31 12 13 14 64 32 127,0 1 3 7 2 15 4 6 5 9 8 10 11 31 12 13 14 64 32 127,phoneme,db8,energy,11,250,250,0
W-CART,W-CART:cart,58,,0.132,0.18109254178099277,0 1 3 7 2 15 4 6 5 9 8 10 11 31 12 13 14 64 32 127,0 1 3 7 2 15 4 6 5 9 8 10 11 31 12 13 14 64 32 127,phoneme,db8,energy,11,250,250,0
ALL,W-NN:k=5,11,,0.068,0.11100024943876279,0 1 3 7 2 15 4 6 5 9 8 10 11 31 12 13 14 64 32 127,0 1 3 7 2 15 4 6 5 9 8 10 11 31 12 13 14 64 32 127,phoneme,db8,energy,11,250,250,0
W-NN,W-NN:k=5,13,1.0,0.06,0.1077575455225742,0 1 3 7 2 15 4 6 5 9 8 10 12 11 16 31 64 13 17 19,0 1 3 7 2 15 4 6 5 9 8 10 12 11 16 31 64 13 17 19,phoneme,db8,usage,11,250,250,0
W-QDA,W-QDA:qda,13,0.5,0.084,0.10800698428535795,0 1 3 7 15 2 4 6 9 5 8 31 10 11 12 13 14 16 32 64,0 1 3 7 2 15 4 6 5 9 8 10 12 11 16 31 64 13 17 19,phoneme,db8,usage,11,250,250,0
W-CART,W-CART:cart,5,3.0,0.12,0.17984534796707408,0 1 3 2 4 5 6 7 8 9 10 11 12 13 14 15 16 17 18 19,0 1 3 7 2 15 4 6 5 9 8 10 12 11 16 31 64 13 17 19,phoneme,db8,usage,11,250,250,0
ALL,W-NN:k=5,13,1.0,0.06,0.1077575455225742,0 1 3 7 2 15 4 6 5 9 8 10 12 11 16 31 64 13 17 19,0 1 3 7 2 15 4 6 5 9 8 10 12 11 16 31 64 13 17 19,phoneme,db8,usage,11,250,250,0
W-NN,W-NN:k=5,27,,0.092,0.10950361686206037,0 1 3 7 2 15 4 6 5 9 8 10 31 11 12 14 13 127 64 32,0 1 3 7 2 15 4 6 5 9 8 10 31 11 12 14 13 127 64 32,phoneme,db8,energy,12,250,250,0
W-QDA,W-QDA:qda,22,,0.088,0.12147667747567972,0 1 3 7 2 15 4 6 5 9 8 10 31 11 12 14 13 127 64 32,0 1 3 7 2 15 4 6 5 9 8 10 31 11 12 14 13 127 64 32,phoneme,db8,energy,12,250,250,0
W-CART,W-CART:cart,30,,0.128,0.15290596158643052,0 1 3 7 2 15 4 6 5 9 8 10 31 11 12 14 13 127 64 32,0 1 3 7 2 15 4 6 5 9 8 10 31 11 12 14 13 127 64 32,phoneme,db8,energy,12,250,250,0
ALL,W-QDA:qda,22,,0.088,0.12147667747567972,0 1 3 7 2 15 4 6 5 9 8 10 31 11 12 14 13 127 64 32,0 1 3 7 2 15 4 6 5 9 8 10 31 11 12 14 13 127 64 32,phoneme,db8,energy,12,250,250,0
W-NN,W-NN:k=15,11,3.0,0.092,0.10102269892741332,0 1 3 2 7 4 5 6 8 9 10 11 12 13 14 15 16 17 18 19,0 1 3 7 2 15 4 6 5 9 8 10 31 17 12 16 11 32 64 172,phoneme,db8,usage,12,250,250,0
W-QDA,W-QDA:qda,22,0.5,0.084,0.1207283611873285,0 1 3 7 15 2 4 6 9 5 8 31 10 11 12 14 16 17 127 32,0 1 3 7 2 15 4 6 5 9 8 10 31 17 12 16 11 32 64 172,phoneme,db8,usage,12,250,250,0
W-CART,W-CART:cart,33,1.0,0.108,0.15240708406086306,0 1 3 7 2 15 4 6 5 9 8 10 31 17 12 16 11 32 64 172,0 1 3 7 2 15 4 6 5 9 8 10 31 17 12 16 11 32 64 172,phoneme,db8,usage,12,250,250,0
ALL,W-QDA:qda,22,0.5,0.084,0.1207283611873285,0 1 3 7 15 2 4 6 9 5 8 31 10 11 12 14 16 17 127 32,0 1 3 7 2 15 4 6 5 9 8 10 31 17 12 16 11 32 64 172,phoneme,db8,usage,12,250,250,0
W-NN,W-NN:k=15,10,,0.068,0.11124968820154651,0 1 3 7 2 15 4 6 5 9 8 10 11 31 12 14 13 127 64 32,0 1 3 7 2 15 4 6 5 9 8 10 11 31 12 14 13 127 64 32,phoneme,db8,energy,13,250,250,0
W-QDA,W-QDA:qda,10,,0.076,0.10825642304814168,0 1 3 7 2 15 4 6 5 9 8 10 11 31 12 14 13 127 64 32,0 1 3 7 2 15 4 6 5 9 8 10 11 31 12 14 13 127 64 32,phoneme,db8,energy,13,250,250,0
W-CART,W-CART:cart,46,,0.148,0.1758543277625343,0 1 3 7 2 15 4 6 5 9 8 10 11 31 12 14 13 127 64 32,0 1 3 7 2 15 4 6 5 9 8 10 11 31 12 14 13 127 64 32,phoneme,db8,energy,13,250,250,0
ALL,W-NN:k=15,10,,0.068,0.11124968820154651,0 1 3 7 2 15 4 6 5 9 8 10 11 31 12 14 13 127 64 32,0 1 3 7 2 15 4 6 5 9 8 10 11 31 12 14 13 127 64 32,phoneme,db8,energy,13,250,250,0
W-NN,W-NN:k=15,42,1.5,0.06,0.10950361686206037,0 1 3 7 2 15 6 4 5 8 9 10 11 31 12 13 14 16 17 18,0 1 3 7 2 15 4 6 5 8 9 10 11 31 16 12 13 17 20 32,phoneme,db8,usage,13,250,250,0
W-QDA,W-QDA:qda,8,1.0,0.08,0.12222499376403093,0 1 3 7 2 15 4 6 5 8 9 10 11 31 16 12 13 17 20 32,0 1 3 7 2 15 4 6 5 8 9 10 11 31 16 12 13 17 20 32,phoneme,db8,usage,13,250,250,0
W-CART,W-CART:cart,14,2.0,0.148,0.16737340982788726,0 1 3 7 2 4 5 6 8 9 10 11 12 13 14 15 16 17 18 19,0 1 3 7 2 15 4 6 5 8 9 10 11 31 16 12 13 17 20 32,phoneme,db8,usage,13,250,250,0
ALL,W-NN:k=15,42,1.5,0.06,0.10950361686206037,0 1 3 7 2 15 6 4 5 8 9 10 11 31 12 13 14 16 17 18,0 1 3 7 2 15 4 6 5 8 9 10 11 31 16 12 13 17 20 32,phoneme,db8,usage,13,250,250,0
W-NN,W-NN:k=3,38,,0.096,0.10950361686206037,0 1 3 7 2 15 4 6 5 9 8 10 11 31 12 13 14 127 64 32,0 1 3 7 2 15 4 6 5 9 8 10 11 31 12 13 14 127 64 32,phoneme,db8,energy,14,250,250,0
W-QDA,W-QDA:qda,10,,0.104,0.10401596408081816,0 1 3 7 2 15 4 6 5 9 8 10 11 31 12 13 14 127 64 32,0 1 3 7 2 15 4 6 5 9 8 10 11 31 12 13 14 127 64 32,phoneme,db8,energy,14,250,250,0
W-CART,W-CART:cart,27,,0.144,0.17460713394861563,0 1 3 7 2 15 4 6 5 9 8 10 11 31 12 13 14 127 64 32,0 1 3 7 2 15 4 6 5 9 8 10 11 31 12 13 14 127 64 32,phoneme,db8,energy,14,250,250,0
ALL,W-NN:k=3,38,,0.096,0.10950361686206037,0 1 3 7 2 15 4 6 5 9 8 10 11 31 12 13 14 127 64 32,0 1 3 7 2 15 4 6 5 9 8 10 11 31 12 13 14 127 64 32,phoneme,db8,energy,14,250,250,0
W-NN,W-NN:k=3,27,1.0,0.092,0.11124968820154651,0 1 3 7 2 15 4 6 5 9 8 10 11 12 16 31 32 14 20 21,0 1 3 7 2 15 4 6 5 9 8 10 11 12 16 31 32 14 20 21,phoneme,db8,usage,14,250,250,0
W-QDA,W-QDA:qda,20,1.5,0.1,0.10850586181092542,0 1 3 7 2 15 4 6 5 9 10 11 12 8 13 14 16 17 18 19,0 1 3 7 2 15 4 6 5 9 8 10 11 12 16 31 32 14 20 21,phoneme,db8,usage,14,250,250,0
W-CART,W-CART:cart,9,2.0,0.136,0.17934647044150662,0 1 3 7 2 4 6 5 8 9 10 11 12 13 14 15 16 17 18 19,0 1 3 7 2 15 4 6 5 9 8 10 11 12 16 31 32 14 20 21,phoneme,db8,usage,14,250,250,0
ALL,W-NN:k=3,27,1.0,0.092,0.11124968820154651,0 1 3 7 2 15 4 6 5 9 8 10 11 12 16 31 32 14 20 21,0 1 3 7 2 15 4 6 5 9 8 10 11 12 16 31 32 14 20 21,phoneme,db8,usage,14,250,250,0
W-NN,W-NN:k=3,13,,0.096,0.10950361686206037,0 1 3 7 2 15 4 6 5 9 8 10 31 11 12 127 13 64 14 32,0 1 3 7 2 15 4 6 5 9 8 10 31 11 12 127 13 64 14 32,phoneme,db8,energy,15,250,250,0
W-QDA,W-QDA:qda,15,,0.104,0.11299575954103268,0 1 3 7 2 15 4 6 5 9 8 10 31 11 12 127 13 64 14 32,0 1 3 7 2 15 4 6 5 9 8 10 31 11 12 127 13 64 14 32,phoneme,db8,energy,15,250,250,0
W-CART,W-CART:cart,63,,0.148,0.17760039910202047,0 1 3 7 2 15 4 6 5 9 8 10 31 11 12 127 13 64 14 32,0 1 3 7 2 15 4 6 5 9 8 10 31 11 12 127 13 64 14 32,phoneme,db8,energy,15,250,250,0
ALL,W-NN:k=3,13,,0.096,0.10950361686206037,0 1 3 7 2 15 4 6 5 9 8 10 31 11 12 127 13 64 14 32,0 1 3 7 2 15 4 6 5 9 8 10 31 11 12 127 13 64 14 32,phoneme,db8,energy,15,250,250,0
W-NN,W-NN:k=1,39,1.0,0.092,0.1152407084060863,0 1 3 7 2 15 4 6 5 8 9 10 11 31 12 64 127 19 20 32,0 1 3 7 2 15 4 6 5 8 9 10 11 31 12 64 127 19 20 32,phoneme,db8,usage,15,250,250,0
W-QDA,W-QDA:qda,15,1.0,0.104,0.11299575954103268,0 1 3 7 2 15 4 6 5 8 9 10 11 31 12 64 127 19 20 32,0 1 3 7 2 15 4 6 5 8 9 10 11 31 12 64 127 19 20 32,phoneme,db8,usage,15,250,250,0
W-CART,W-CART:cart,32,1.5,0.148,0.16737340982788726,0 1 3 7 2 15 4 6 5 9 8 64 10 11 12 13 14 16 17 18,0 1 3 7 2 15 4 6 5 8 9 10 11 31 12 64 127 19 20 32,phoneme,db8,usage,15,250,250,0
ALL,W-NN:k=1,39,1.0,0.092,0.1152407084060863,0 1 3 7 2 15 4 6 5 8 9 10 11 31 12 64 127 19 20 32,0 1 3 7 2 15 4 6 5 8 9 10 11 31 12 64 127 19 20 32,phoneme,db8,usage,15,250,250,0
W-NN,W-NN:k=5,11,,0.06,0.10177101521576452,0 1 3 7 2 15 4 6 5 9 8 10 31 11 12 13 127 14 64 32,0 1 3 7 2 15 4 6 5 9 8 10 31 11 12 13 127 14 64 32,phoneme,db8,energy,16,250,250,0
W-QDA,W-QDA:qda,9,,0.084,0.10301820902968321,0 1 3 7 2 15 4 6 5 9 8 10 31 11 12 13 127 14 64 32,0 1 3 7 2 15 4 6 5 9 8 10 31 11 12 13 127 14 64 32,phoneme,db8,energy,16,250,250,0
W-CART,W-CART:cart,28,,0.18,0.19880269393863806,0 1 3 7 2 15 4 6 5 9 8 10 31 11 12 13 127 14 64 32,0 1 3 7 2 15 4 6 5 9 8 10 31 11 12 13 127 14 64 32,phoneme,db8,energy,16,250,250,0
ALL,W-NN:k=5,11,,0.06,0.10177101521576452,0 1 3 7 2 15 4 6 5 9 8 10 31 11 12 13 127 14 64 32,0 1 3 7 2 15 4 6 5 9 8 10 31 11 12 13 127 14 64 32,phoneme,db8,energy,16,250,250,0
W-NN,W-NN:k=5,9,0.5,0.056,0.10177101521576452,0 1 3 7 15 2 4 9 5 6 8 31 10 11 12 127 64 13 21 32,0 1 3 7 2 15 4 6 5 9 8 10 11 12 31 16 13 17 19 21,phoneme,db8,usage,16,250,250,0
W-QDA,W-QDA:qda,9,2.0,0.076,0.09753055624844101,0 1 3 7 2 4 5 6 8 9 10 11 12 13 14 15 16 17 18 19,0 1 3 7 2 15 4 6 5 9 8 10 11 12 31 16 13 17 19 21,phoneme,db8,usage,16,250,250,0
W-CART,W-CART:cart,10,2.0,0.164,0.16612621601396857,0 1 3 7 2 4 5 6 8 9 10 11 12 13 14 15 16 17 18 19,0 1 3 7 2 15 4 6 5 9 8 10 11 12 31 16 13 17 19 21,phoneme,db8,usage,16,250,250,0
ALL,W-NN:k=5,9,0.5,0.056,0.10177101521576452,0 1 3 7 15 2 4 9 5 6 8 31 10 11 12 127 64 13 21 32,0 1 3 7 2 15 4 6 5 9 8 10 11 12 31 16 13 17 19 21,phoneme,db8,usage,16,250,250,0
W-NN,W-NN:k=5,16,,0.1,0.10476428036916936,0 1 3 7 2 15 4 6 5 9 8 31 10 11 12 13 14 127 64 32,0 1 3 7 2 15 4 6 5 9 8 31 10 11 12 13 14 127 64 32,phoneme,db8,energy,17,250,250,0
W-QDA,W-QDA:qda,12,,0.1,0.09503616862060364,0 1 3 7 2 15 4 6 5 9 8 31 10 11 12 13 14 127 64 32,0 1 3 7 2 15 4 6 5 9 8 31 10 11 12 13 14 127 64 32,phoneme,db8,energy,17,250,250,0
W-CART,W-CART:cart,11,,0.184,0.19057121476677474,0 1 3 7 2 15 4 6 5 9 8 31 10 11 12 13 14 127 64 32,0 1 3 7 2 15 4 6 5 9 8 31 10 11 12 13 14 127 64 32,phoneme,db8,energy,17,250,250,0
ALL,W-QDA:qda,12,,0.1,0.09503616862060364,0 1 3 7 2 15 4 6 5 9 8 31 10 11 12 13 14 127 64 32,0 1 3 7 2 15 4 6 5 9 8 31 10 11 12 13 14 127 64 32,phoneme,db8,energy,17,250,250,0
W-NN,W-NN:k=5,12,1.5,0.092,0.107009229234223,0 1 3 7 2 15 4 5 6 8 9 12 10 11 13 14 16 17 18 19,0 1 3 7 2 15 4 6 5 9 8 10 31 12 11 17 13 20 16 32,phoneme,db8,usage,17,250,250,0
W-QDA,W-QDA:qda,12,0.5,0.1,0.09503616862060364,0 1 3 7 15 2 4 6 5 9 8 31 10 11 12 127 14 13 64 16,0 1 3 7 2 15 4 6 5 9 8 10 31 12 11 17 13 20 16 32,phoneme,db8,usage,17,250,250,0
W-CART,W-CART:cart,11,0.5,0.18,0.1963083063108007,0 1 3 7 15 2 4 6 5 9 8 31 10 11 12 127 14 13 64 16,0 1 3 7 2 15 4 6 5 9 8 10 31 12 11 17 13 20 16 32,phoneme,db8,usage,17,250,250,0
ALL,W-NN:k=5,12,1.5,0.092,0.107009229234223,0 1 3 7 2 15 4 5 6 8 9 12 10 11 13 14 16 17 18 19,0 1 3 7 2 15 4 6 5 9 8 10 31 12 11 17 13 20 16 32,phoneme,db8,usage,17,250,250,0
W-NN,W-NN:k=5,33,,0.06,0.10601147418308805,0 1 3 7 2 15 4 6 5 9 8 10 31 11 12 13 14 127 64 32,0 1 3 7 2 15 4 6 5 9 8 10 31 11 12 13 14 127 64 32,phoneme,db8,energy,18,250,250,0
W-QDA,W-QDA:qda,7,,0.068,0.11075081067597904,0 1 3 7 2 15 4 6 5 9 8 10 31 11 12 13 14 127 64 32,0 1 3 7 2 15 4 6 5 9 8 10 31 11 12 13 14 127 64 32,phoneme,db8,energy,18,250,250,0
W-CART,W-CART:cart,8,,0.164,0.18109254178099277,0 1 3 7 2 15 4 6 5 9 8 10 31 11 12 13 14 127 64 32,0 1 3 7 2 15 4 6 5 9 8 10 31 11 12 13 14 127 64 32,phoneme,db8,energy,18,250,250,0
ALL,W-NN:k=5,33,,0.06,0.10601147418308805,0 1 3 7 2 15 4 6 5 9 8 10 31 11 12 13 14 127 64 32,0 1 3 7 2 15 4 6 5 9 8 10 31 11 12 13 14 127 64 32,phoneme,db8,energy,18,250,250,0
W-NN,W-NN:k=5,9,0.5,0.068,0.11050137191319531,0 1 3 7 2 15 4 6 9 5 8 10 31 11 12 127 16 13 32 64,0 1 3 7 2 15 4 6 5 9 8 10 11 12 17 31 16 19 20 14,phoneme,db8,usage,18,250,250,0
W-QDA,W-QDA:qda,7,0.5,0.068,0.11075081067597904,0 1 3 7 2 15 4 6 9 5 8 10 31 11 12 127 16 13 32 64,0 1 3 7 2 15 4 6 5 9 8 10 11 12 17 31 16 19 20 14,phoneme,db8,usage,18,250,250,0
W-CART,W-CART:cart,8,3.0,0.156,0.17560488899975057,0 1 3 2 7 4 5 6 8 9 10 11 12 13 14 15 16 17 18 19,0 1 3 7 2 15 4 6 5 9 8 10 11 12 17 31 16 19 20 14,phoneme,db8,usage,18,250,250,0
ALL,W-QDA:qda,7,0.5,0.068,0.11075081067597904,0 1 3 7 2 15 4 6 9 5 8 10 31 11 12 127 16 13 32 64,0 1 3 7 2 15 4 6 5 9 8 10 11 12 17 31 16 19 20 14,phoneme,db8,usage,18,250,250,0
W-NN,W-NN:k=1,13,,0.116,0.12097779995011225,0 1 3 7 2 15 4 6 5 9 8 31 10 11 12 13 127 14 64 32,0 1 3 7 2 15 4 6 5 9 8 31 10 11 12 13 127 14 64 32,phoneme,db8,energy,19,250,250,0
W-QDA,W-QDA:qda,11,,0.108,0.09877775006235968,0 1 3 7 2 15 4 6 5 9 8 31 10 11 12 13 127 14 64 32,0 1 3 7 2 15 4 6 5 9 8 31 10 11 12 13 127 14 64 32,phoneme,db8,energy,19,250,250,0
W-CART,W-CART:cart,12,,0.148,0.14492392117735095,0 1 3 7 2 15 4 6 5 9 8 31 10 11 12 13 127 14 64 32,0 1 3 7 2 15 4 6 5 9 8 31 10 11 12 13 127 14 64 32,phoneme,db8,energy,19,250,250,0
ALL,W-QDA:qda,11,,0.108,0.09877775006235968,0 1 3 7 2 15 4 6 5 9 8 31 10 11 12 13 127 14 64 32,0 1 3 7 2 15 4 6 5 9 8 31 10 11 12 13 127 14 64 32,phoneme,db8,energy,19,250,250,0
W-NN,W-NN:k=1,12,1.5,0.112,0.12097779995011225,0 1 3 7 2 15 6 4 5 8 9 10 11 12 13 14 16 17 18 19,0 1 3 7 2 15 4 6 5 8 9 31 10 11 12 13 16 32 64 19,phoneme,db8,usage,19,250,250,0
W-QDA,W-QDA:qda,10,1.0,0.104,0.10251933150411574,0 1 3 7 2 15 4 6 5 8 9 31 10 11 12 13 16 32 64 19,0 1 3 7 2 15 4 6 5 8 9 31 10 11 12 13 16 32 64 19,phoneme,db8,usage,19,250,250,0
W-CART,W-CART:cart,40,1.5,0.14,0.15315540034921427,0 1 3 7 2 15 6 4 5 8 9 10 11 12 13 14 16 17 18 19,0 1 3 7 2 15 4 6 5 8 9 31 10 11 12 13 16 32 64 19,phoneme,db8,usage,19,250,250,0
ALL,W-QDA:qda,10,1.0,0.104,0.10251933150411574,0 1 3 7 2 15 4 6 5 8 9 31 10 11 12 13 16 32 64 19,0 1 3 7 2 15 4 6 5 8 9 31 10 11 12 13 16 32 64 19,phoneme,db8,usage,19,250,250,0
W-NN,W-NN:k=7,19,,0.08,0.09902718882514343,0 1 3 7 2 15 4 6 5 8 9 10 11 31 12 14 64 13 32 127,0 1 3 7 2 15 4 6 5 8 9 10 11 31 12 14 64 13 32 127,phoneme,db8,energy,20,250,250,0
W-QDA,W-QDA:qda,12,,0.1,0.11274632077824893,0 1 3 7 2 15 4 6 5 8 9 10 11 31 12 14 64 13 32 127,0 1 3 7 2 15 4 6 5 8 9 10 11 31 12 14 64 13 32 127,phoneme,db8,energy,20,250,250,0
W-CART,W-CART:cart,11,,0.156,0.13993514592167622,0 1 3 7 2 15 4 6 5 8 9 10 11 31 12 14 64 13 32 127,0 1 3 7 2 15 4 6 5 8 9 10 11 31 12 14 64 13 32 127,phoneme,db8,energy,20,250,250,0
ALL,W-NN:k=7,19,,0.08,0.09902718882514343,0 1 3 7 2 15 4 6 5 8 9 10 11 31 12 14 64 13 32 127,0 1 3 7 2 15 4 6 5 8 9 10 11 31 12 14 64 13 32 127,phoneme,db8,energy,20,250,250,0
W-NN,W-NN:k=7,18,1.0,0.076,0.09653280119730606,0 1 3 7 2 15 4 6 5 8 9 10 11 31 16 64 13 14 32 35,0 1 3 7 2 15 4 6 5 8 9 10 11 31 16 64 13 14 32 35,phoneme,db8,usage,20,250,250,0
W-QDA,W-QDA:qda,17,1.0,0.092,0.11399351459216762,0 1 3 7 2 15 4 6 5 8 9 10 11 31 16 64 13 14 32 35,0 1 3 7 2 15 4 6 5 8 9 10 11 31 16 64 13 14 32 35,phoneme,db8,usage,20,250,250,0
W-CART,W-CART:cart,10,3.0,0.144,0.1506610127213769,0 1 3 7 2 4 5 6 8 9 10 11 12 13 14 15 16 17 18 19,0 1 3 7 2 15 4 6 5 8 9 10 11 31 16 64 13 14 32 35,phoneme,db8,usage,20,250,250,0
ALL,W-NN:k=7,18,1.0,0.076,0.09653280119730606,0 1 3 7 2 15 4 6 5 8 9 10 11 31 16 64 13 14 32 35,0 1 3 7 2 15 4 6 5 8 9 10 11 31 16 64 13 14 32 35,phoneme,db8,usage,20,250,250,0
W-NN,W-NN:k=9,12,,0.076,0.1015215764529808,0 1 3 7 2 15 4 6 5 9 8 10 31 11 12 13 14 127 32 63,0 1 3 7 2 15 4 6 5 9 8 10 31 11 12 13 14 127 32 63,phoneme,db8,energy,21,250,250,0
W-QDA,W-QDA:qda,10,,0.076,0.10526315789473684,0 1 3 7 2 15 4 6 5 9 8 10 31 11 12 13 14 127 32 63,0 1 3 7 2 15 4 6 5 9 8 10 31 11 12 13 14 127 32 63,phoneme,db8,energy,21,250,250,0
W-CART,W-CART:cart,10,,0.12,0.16288351209778,0 1 3 7 2 15 4 6 5 9 8 10 31 11 12 13 14 127 32 63,0 1 3 7 2 15 4 6 5 9 8 10 31 11 12 13 14 127 32 63,phoneme,db8,energy,21,250,250,0
ALL,W-QDA:qda,10,,0.076,0.10526315789473684,0 1 3 7 2 15 4 6 5 9 8 10 31 11 12 13 14 127 32 63,0 1 3 7 2 15 4 6 5 9 8 10 31 11 12 13 14 127 32 63,phoneme,db8,energy,21,250,250,0
W-NN,W-NN:k=25,10,1.0,0.072,0.11798453479670741,0 1 3 7 2 15 4 6 5 8 9 10 11 31 12 32 13 16 19 20,0 1 3 7 2 15 4 6 5 8 9 10 11 31 12 32 13 16 19 20,phoneme,db8,usage,21,250,250,0
W-QDA,W-QDA:qda,12,1.5,0.06,0.10675979047143926,0 1 3 7 2 15 9 4 6 5 10 31 8 11 12 13 14 16 17 18,0 1 3 7 2 15 4 6 5 8 9 10 11 31 12 32 13 16 19 20,phoneme,db8,usage,21,250,250,0
W-CART,W-CART:cart,9,0.5,0.124,0.1588924918932402,0 1 3 7 15 2 4 9 6 8 5 31 10 11 12 13 14 127 32 16,0 1 3 7 2 15 4 6 5 8 9 10 11 31 12 32 13 16 19 20,phoneme,db8,usage,21,250,250,0
ALL,W-QDA:qda,12,1.5,0.06,0.10675979047143926,0 1 3 7 2 15 9 4 6 5 10 31 8 11 12 13 14 16 17 18,0 1 3 7 2 15 4 6 5 8 9 10 11 31 12 32 13 16 19 20,phoneme,db8,usage,21,250,250,0
W-NN,W-NN:k=15,10,,0.108,0.10551259665752058,0 1 3 7 2 15 4 6 5 9 8 11 31 10 12 14 127 13 64 65,0 1 3 7 2 15 4 6 5 9 8 11 31 10 12 14 127 13 64 65,phoneme,db8,energy,22,250,250,0
W-QDA,W-QDA:qda,9,,0.104,0.11199800448989773,0 1 3 7 2 15 4 6 5 9 8 11 31 10 12 14 127 13 64 65,0 1 3 7 2 15 4 6 5 9 8 11 31 10 12 14 127 13 64 65,phoneme,db8,energy,22,250,250,0
W-CART,W-CART:cart,29,,0.12,0.15839361436767274,0 1 3 7 2 15 4 6 5 9 8 11 31 10 12 14 127 13 64 65,0 1 3 7 2 15 4 6 5 9 8 11 31 10 12 14 127 13 64 65,phoneme,db8,energy,22,250,250,0
ALL,W-QDA:qda,9,,0.104,0.11199800448989773,0 1 3 7 2 15 4 6 5 9 8 11 31 10 12 14 127 13 64 65,0 1 3 7 2 15 4 6 5 9 8 11 31 10 12 14 127 13 64 65,phoneme,db8,energy,22,250,250,0
W-NN,W-NN:k=7,9,0.5,0.1,0.107009229234223,0 1 3 7 2 15 4 6 9 5 8 31 10 11 12 127 14 64 16 65,0 1 3 7 2 15 4 6 5 9 8 11 31 16 10 19 12 20 32 64,phoneme,db8,usage,22,250,250,0
W-QDA,W-QDA:qda,20,1.5,0.1,0.10950361686206037,0 1 3 7 2 15 6 4 5 9 10 8 11 12 13 14 16 17 18 19,0 1 3 7 2 15 4 6 5 9 8 11 31 16 10 19 12 20 32 64,phoneme,db8,usage,22,250,250,0
W-CART,W-CART:cart,22,1.0,0.116,0.1683711648790222,0 1 3 7 2 15 4 6 5 9 8 11 31 16 10 19 12 20 32 64,0 1 3 7 2 15 4 6 5 9 8 11 31 16 10 19 12 20 32 64,phoneme,db8,usage,22,250,250,0
ALL,W-NN:k=7,9,0.5,0.1,0.107009229234223,0 1 3 7 2 15 4 6 9 5 8 31 10 11 12 127 14 64 16 65,0 1 3 7 2 15 4 6 5 9 8 11 31 16 10 19 12 20 32 64,phoneme,db8,usage,22,250,250,0
W-NN,W-NN:k=25,14,,0.076,0.10750810675979047,0 1 3 7 2 15 4 6 5 9 8 10 31 11 12 14 13 127 32 63,0 1 3 7 2 15 4 6 5 9 8 10 31 11 12 14 13 127 32 63,phoneme,db8,energy,23,250,250,0
W-QDA,W-QDA:qda,13,,0.1,0.1077575455225742,0 1 3 7 2 15 4 6 5 9 8 10 31 11 12 14 13 127 32 63,0 1 3 7 2 15 4 6 5 9 8 10 31 11 12 14 13 127 32 63,phoneme,db8,energy,23,250,250,0
W-CART,W-CART:cart,22,,0.12,0.17136443003242705,0 1 3 7 2 15 4 6 5 9 8 10 31 11 12 14 13 127 32 63,0 1 3 7 2 15 4 6 5 9 8 10 31 11 12 14 13 127 32 63,phoneme,db8,energy,23,250,250,0
ALL,W-NN:k=25,14,,0.076,0.10750810675979047,0 1 3 7 2 15 4 6 5 9 8 10 31 11 12 14 13 127 32 63,0 1 3 7 2 15 4 6 5 9 8 10 31 11 12 14 13 127 32 63,phoneme,db8,energy,23,250,250,0
W-NN,W-NN:k=25,14,0.5,0.076,0.10750810675979047,0 1 7 3 15 2 4 6 9 5 8 10 31 11 12 17 32 127 16 14,0 1 3 7 2 15 4 5 6 9 8 10 11 31 16 17 12 13 20 32,phoneme,db8,usage,23,250,250,0
W-QDA,W-QDA:qda,10,3.0,0.1,0.10675979047143926,0 1 3 2 4 5 6 7 8 9 10 11 12 13 14 15 16 17 18 19,0 1 3 7 2 15 4 5 6 9 8 10 11 31 16 17 12 13 20 32,phoneme,db8,usage,23,250,250,0
W-CART,W-CART:cart,51,1.0,0.108,0.1868296333250187,0 1 3 7 2 15 4 5 6 9 8 10 11 31 16 17 12 13 20 32,0 1 3 7 2 15 4 5 6 9 8 10 11 31 16 17 12 13 20 32,phoneme,db8,usage,23,250,250,0
ALL,W-NN:k=25,14,0.5,0.076,0.10750810675979047,0 1 7 3 15 2 4 6 9 5 8 10 31 11 12 17 32 127 16 14,0 1 3 7 2 15 4 5 6 9 8 10 11 31 16 17 12 13 20 32,phoneme,db8,usage,23,250,250,0
W-NN,W-NN:k=7,63,,0.076,0.09902718882514343,0 1 3 7 2 15 4 6 5 8 9 10 11 31 12 13 14 127 63 32,0 1 3 7 2 15 4 6 5 8 9 10 11 31 12 13 14 127 63 32,phoneme,db8,energy,24,250,250,0
W-QDA,W-QDA:qda,9,,0.084,0.1124968820154652,0 1 3 7 2 15 4 6 5 8 9 10 11 31 12 13 14 127 63 32,0 1 3 7 2 15 4 6 5 8 9 10 11 31 12 13 14 127 63 32,phoneme,db8,energy,24,250,250,0
W-CART,W-CART:cart,8,,0.152,0.20129708156647544,0 1 3 7 2 15 4 6 5 8 9 10 11 31 12 13 14 127 63 32,0 1 3 7 2 15 4 6 5 8 9 10 11 31 12 13 14 127 63 32,phoneme,db8,energy,24,250,250,0
ALL,W-NN:k=7,63,,0.076,0.09902718882514343,0 1 3 7 2 15 4 6 5 8 9 10 11 31 12 13 14 127 63 32,0 1 3 7 2 15 4 6 5 8 9 10 11 31 12 13 14 127 63 32,phoneme,db8,energy,24,250,250,0
W-NN,W-NN:k=7,27,0.5,0.08,0.10102269892741332,0 1 3 7 15 2 4 6 5 9 8 31 10 11 12 13 127 16 17 32,0 1 3 7 2 15 4 6 5 8 9 10 11 12 16 31 17 20 21 211,phoneme,db8,usage,24,250,250,0
W-QDA,W-QDA:qda,9,0.5,0.084,0.1124968820154652,0 1 3 7 15 2 4 6 5 9 8 31 10 11 12 13 127 16 17 32,0 1 3 7 2 15 4 6 5 8 9 10 11 12 16 31 17 20 21 211,phoneme,db8,usage,24,250,250,0
W-CART,W-CART:cart,10,0.5,0.136,0.17635320528810178,0 1 3 7 15 2 4 6 5 9 8 31 10 11 12 13 127 16 17 32,0 1 3 7 2 15 4 6 5 8 9 10 11 12 16 31 17 20 21 211,phoneme,db8,usage,24,250,250,0
ALL,W-NN:k=7,27,0.5,0.08,0.10102269892741332,0 1 3 7 15 2 4 6 5 9 8 31 10 11 12 13 127 16 17 32,0 1 3 7 2 15 4 6 5 8 9 10 11 12 16 31 17 20 21 211,phoneme,db8,usage,24,250,250,0
W-NN,W-NN:k=25,14,,0.092,0.11923172861062609,0 1 3 7 2 15 4 6 5 9 8 10 31 11 13 12 14 127 63 32,0 1 3 7 2 15 4 6 5 9 8 10 31 11 13 12 14 127 63 32,phoneme,db8,energy,25,250,250,0
W-QDA,W-QDA:qda,15,,0.12,0.12571713644300325,0 1 3 7 2 15 4 6 5 9 8 10 31 11 13 12 14 127 63 32,0 1 3 7 2 15 4 6 5 9 8 10 31 11 13 12 14 127 63 32,phoneme,db8,energy,25,250,250,0
W-CART,W-CART:cart,62,,0.124,0.16238463457221253,0 1 3 7 2 15 4 6 5 9 8 10 31 11 13 12 14 127 63 32,0 1 3 7 2 15 4 6 5 9 8 10 31 11 13 12 14 127 63 32,phoneme,db8,energy,25,250,250,0
ALL,W-NN:k=25,14,,0.092,0.11923172861062609,0 1 3 7 2 15 4 6 5 9 8 10 31 11 13 12 14 127 63 32,0 1 3 7 2 15 4 6 5 9 8 10 31 11 13 12 14 127 63 32,phoneme,db8,energy,25,250,250,0
W-NN,W-NN:k=25,13,3.0,0.084,0.11898228984784236,0 1 3 2 4 5 6 7 8 9 10 11 12 13 14 15 16 17 18 19,0 1 3 7 2 15 4 6 5 8 9 16 10 31 20 11 12 17 13 32,phoneme,db8,usage,25,250,250,0
W-QDA,W-QDA:qda,6,3.0,0.096,0.12322274881516587,0 1 3 2 4 5 6 7 8 9 10 11 12 13 14 15 16 17 18 19,0 1 3 7 2 15 4 6 5 8 9 16 10 31 20 11 12 17 13 32,phoneme,db8,usage,25,250,250,0
W-CART,W-CART:cart,61,1.5,0.08,0.1683711648790222,0 1 3 7 2 15 4 9 5 6 11 8 10 12 13 14 16 17 18 19,0 1 3 7 2 15 4 6 5 8 9 16 10 31 20 11 12 17 13 32,phoneme,db8,usage,25,250,250,0
ALL,W-CART:cart,61,1.5,0.08,0.1683711648790222,0 1 3 7 2 15 4 9 5 6 11 8 10 12 13 14 16 17 18 19,0 1 3 7 2 15 4 6 5 8 9 16 10 31 20 11 12 17 13 32,phoneme,db8,usage,25,250,250,0
W-NN,W-NN:k=15,48,,0.088,0.10850586181092542,0 1 3 7 2 15 4 6 5 9 8 10 11 31 12 14 13 127 64 63,0 1 3 7 2 15 4 6 5 9 8 10 11 31 12 14 13 127 64 63,phoneme,db8,energy,26,250,250,0
W-QDA,W-QDA:qda,9,,0.084,0.11823397355949114,0 1 3 7 2 15 4 6 5 9 8 10 11 31 12 14 13 127 64 63,0 1 3 7 2 15 4 6 5 9 8 10 11 31 12 14 13 127 64 63,phoneme,db8,energy,26,250,250,0
W-CART,W-CART:cart,24,,0.12,0.16138687952107758,0 1 3 7 2 15 4 6 5 9 8 10 11 31 12 14 13 127 64 63,0 1 3 7 2 15 4 6 5 9 8 10 11 31 12 14 13 127 64 63,phoneme,db8,energy,26,250,250,0
ALL,W-QDA:qda,9,,0.084,0.11823397355949114,0 1 3 7 2 15 4 6 5 9 8 10 11 31 12 14 13 127 64 63,0 1 3 7 2 15 4 6 5 9 8 10 11 31 12 14 13 127 64 63,phoneme,db8,energy,26,250,250,0
W-NN,W-NN:k=15,25,1.5,0.088,0.10426540284360189,0 1 3 7 2 15 6 4 9 5 8 10 11 12 13 14 16 17 18 19,0 1 3 7 2 15 4 6 5 8 9 11 10 31 16 127 17 32 12 19,phoneme,db8,usage,26,250,250,0
W-QDA,W-QDA:qda,9,1.0,0.084,0.11823397355949114,0 1 3 7 2 15 4 6 5 8 9 11 10 31 16 127 17 32 12 19,0 1 3 7 2 15 4 6 5 8 9 11 10 31 16 127 17 32 12 19,phoneme,db8,usage,26,250,250,0
W-CART,W-CART:cart,10,0.5,0.124,0.16038912446994263,0 1 7 3 15 2 4 6 9 5 8 31 10 11 12 14 127 16 32 13,0 1 3 7 2 15 4 6 5 8 9 11 10 31 16 127 17 32 12 19,phoneme,db8,usage,26,250,250,0
ALL,W-QDA:qda,9,1.0,0.084,0.11823397355949114,0 1 3 7 2 15 4 6 5 8 9 11 10 31 16 127 17 32 12 19,0 1 3 7 2 15 4 6 5 8 9 11 10 31 16 127 17 32 12 19,phoneme,db8,usage,26,250,250,0
W-NN,W-NN:k=9,12,,0.072,0.11573958593165377,0 1 3 7 2 15 4 6 5 9 8 31 10 11 12 14 13 127 64 63,0 1 3 7 2 15 4 6 5 9 8 31 10 11 12 14 13 127 64 63,phoneme,db8,energy,27,250,250,0
W-QDA,W-QDA:qda,11,,0.092,0.11598902469443752,0 1 3 7 2 15 4 6 5 9 8 31 10 11 12 14 13 127 64 63,0 1 3 7 2 15 4 6 5 9 8 31 10 11 12 14 13 127 64 63,phoneme,db8,energy,27,250,250,0
W-CART,W-CART:cart,11,,0.108,0.15490147168870042,0 1 3 7 2 15 4 6 5 9 8 31 10 11 12 14 13 127 64 63,0 1 3 7 2 15 4 6 5 9 8 31 10 11 12 14 13 127 64 63,phoneme,db8,energy,27,250,250,0
ALL,W-NN:k=9,12,,0.072,0.11573958593165377,0 1 3 7 2 15 4 6 5 9 8 31 10 11 12 14 13 127 64 63,0 1 3 7 2 15 4 6 5 9 8 31 10 11 12 14 13 127 64 63,phoneme,db8,energy,27,250,250,0
W-NN,W-NN:k=9,9,2.0,0.068,0.12047892242454478,0 1 3 7 2 15 9 4 5 6 8 10 11 12 13 14 16 17 18 19,0 1 3 7 2 15 4 6 5 8 9 10 31 11 17 13 16 64 65 128,phoneme,db8,usage,27,250,250,0
W-QDA,W-QDA:qda,19,1.0,0.084,0.1274632077824894,0 1 3 7 2 15 4 6 5 8 9 10 31 11 17 13 16 64 65 128,0 1 3 7 2 15 4 6 5 8 9 10 31 11 17 13 16 64 65 128,phoneme,db8,usage,27,250,250,0
W-CART,W-CART:cart,11,0.5,0.104,0.15515091045148416,0 1 3 7 2 15 4 6 9 5 8 31 10 11 12 14 127 13 17 64,0 1 3 7 2 15 4 6 5 8 9 10 31 11 17 13 16 64 65 128,phoneme,db8,usage,27,250,250,0
ALL,W-NN:k=9,9,2.0,0.068,0.12047892242454478,0 1 3 7 2 15 9 4 5 6 8 10 11 12 13 14 16 17 18 19,0 1 3 7 2 15 4 6 5 8 9 10 31 11 17 13 16 64 65 128,phoneme,db8,usage,27,250,250,0
W-NN,W-NN:k=15,48,,0.056,0.10301820902968321,0 1 3 7 2 15 4 6 5 9 8 10 31 11 12 13 14 127 63 32,0 1 3 7 2 15 4 6 5 9 8 10 31 11 12 13 14 127 63 32,phoneme,db8,energy,28,250,250,0
W-QDA,W-QDA:qda,7,,0.092,0.11374407582938388,0 1 3 7 2 15 4 6 5 9 8 10 31 11 12 13 14 127 63 32,0 1 3 7 2 15 4 6 5 9 8 10 31 11 12 13 14 127 63 32,phoneme,db8,energy,28,250,250,0
W-CART,W-CART:cart,30,,0.128,0.18258917435769517,0 1 3 7 2 15 4 6 5 9 8 10 31 11 12 13 14 127 63 32,0 1 3 7 2 15 4 6 5 9 8 10 31 11 12 13 14 127 63 32,phoneme,db8,energy,28,250,250,0
ALL,W-NN:k=15,48,,0.056,0.10301820902968321,0 1 3 7 2 15 4 6 5 9 8 10 31 11 12 13 14 127 63 32,0 1 3 7 2 15 4 6 5 9 8 10 31 11 12 13 14 127 63 32,phoneme,db8,energy,28,250,250,0
W-NN,W-NN:k=5,12,1.0,0.06,0.10301820902968321,0 1 3 7 2 15 4 6 5 8 9 10 11 31 16 17 20 12 13 32,0 1 3 7 2 15 4 6 5 8 9 10 11 31 16 17 20 12 13 32,phoneme,db8,usage,28,250,250,0
W-QDA,W-QDA:qda,8,2.0,0.088,0.10251933150411574,0 1 3 7 2 15 4 5 6 8 9 10 11 12 13 14 16 17 18 19,0 1 3 7 2 15 4 6 5 8 9 10 11 31 16 17 20 12 13 32,phoneme,db8,usage,28,250,250,0
W-CART,W-CART:cart,12,1.0,0.124,0.18084310301820902,0 1 3 7 2 15 4 6 5 8 9 10 11 31 16 17 20 12 13 32,0 1 3 7 2 15 4 6 5 8 9 10 11 31 16 17 20 12 13 32,phoneme,db8,usage,28,250,250,0
ALL,W-NN:k=5,12,1.0,0.06,0.10301820902968321,0 1 3 7 2 15 4 6 5 8 9 10 11 31 16 17 20 12 13 32,0 1 3 7 2 15 4 6 5 8 9 10 11 31 16 17 20 12 13 32,phoneme,db8,usage,28,250,250,0
W-NN,W-NN:k=7,24,,0.084,0.10626091294587178,0 1 3 7 2 15 4 6 9 5 8 10 31 11 12 14 13 127 64 63,0 1 3 7 2 15 4 6 9 5 8 10 31 11 12 14 13 127 64 63,phoneme,db8,energy,29,250,250,0
W-QDA,W-QDA:qda,8,,0.108,0.11573958593165377,0 1 3 7 2 15 4 6 9 5 8 10 31 11 12 14 13 127 64 63,0 1 3 7 2 15 4 6 9 5 8 10 31 11 12 14 13 127 64 63,phoneme,db8,energy,29,250,250,0
W-CART,W-CART:cart,50,,0.152,0.18907458219007234,0 1 3 7 2 15 4 6 9 5 8 10 31 11 12 14 13 127 64 63,0 1 3 7 2 15 4 6 9 5 8 10 31 11 12 14 13 127 64 63,phoneme,db8,energy,29,250,250,0
ALL,W-NN:k=7,24,,0.084,0.10626091294587178,0 1 3 7 2 15 4 6 9 5 8 10 31 11 12 14 13 127 64 63,0 1 3 7 2 15 4 6 9 5 8 10 31 11 12 14 13 127 64 63,phoneme,db8,energy,29,250,250,0
W-NN,W-NN:k=7,20,0.5,0.08,0.10426540284360189,0 1 3 2 7 15 4 6 9 8 5 31 10 11 12 14 127 13 64 17,0 1 3 7 2 15 4 6 9 8 5 11 31 10 16 17 12 20 23 32,phoneme,db8,usage,29,250,250,0
W-QDA,W-QDA:qda,8,3.0,0.096,0.10551259665752058,0 1 3 7 2 4 5 6 8 9 10 11 12 13 14 15 16 17 18 19,0 1 3 7 2 15 4 6 9 8 5 11 31 10 16 17 12 20 23 32,phoneme,db8,usage,29,250,250,0
W-CART,W-CART:cart,9,3.0,0.136,0.15016213519580943,0 1 3 7 2 4 5 6 8 9 10 11 12 13 14 15 16 17 18 19,0 1 3 7 2 15 4 6 9 8 5 11 31 10 16 17 12 20 23 32,phoneme,db8,usage,29,250,250,0
ALL,W-NN:k=7,20,0.5,0.08,0.10426540284360189,0 1 3 2 7 15 4 6 9 8 5 31 10 11 12 14 127 13 64 17,0 1 3 7 2 15 4 6 9 8 5 11 31 10 16 17 12 20 23 32,phoneme,db8,usage,29,250,250,0
W-NN,W-NN:k=5,15,,0.1,0.11174856572711399,0 1 3 7 2 15 4 6 5 9 8 10 31 11 12 14 13 127 64 63,0 1 3 7 2 15 4 6 5 9 8 10 31 11 12 14 13 127 64 63,phoneme,db8,energy,30,250,250,0
W-QDA,W-QDA:qda,13,,0.124,0.12721376901970566,0 1 3 7 2 15 4 6 5 9 8 10 31 11 12 14 13 127 64 63,0 1 3 7 2 15 4 6 5 9 8 10 31 11 12 14 13 127 64 63,phoneme,db8,energy,30,250,250,0
W-CART,W-CART:cart,10,,0.172,0.18782738837615365,0 1 3 7 2 15 4 6 5 9 8 10 31 11 12 14 13 127 64 63,0 1 3 7 2 15 4 6 5 9 8 10 31 11 12 14 13 127 64 63,phoneme,db8,energy,30,250,250,0
ALL,W-NN:k=5,15,,0.1,0.11174856572711399,0 1 3 7 2 15 4 6 5 9 8 10 31 11 12 14 13 127 64 63,0 1 3 7 2 15 4 6 5 9 8 10 31 11 12 14 13 127 64 63,phoneme,db8,energy,30,250,250,0
W-NN,W-NN:k=5,26,1.0,0.092,0.11050137191319531,0 1 3 7 2 15 4 6 5 9 10 8 11 16 31 64 21 32 33 12,0 1 3 7 2 15 4 6 5 9 10 8 11 16 31 64 21 32 33 12,phoneme,db8,usage,30,250,250,0
W-QDA,W-QDA:qda,7,2.0,0.108,0.11199800448989773,0 1 3 7 2 4 9 15 5 6 8 10 11 12 13 14 16 17 18 19,0 1 3 7 2 15 4 6 5 9 10 8 11 16 31 64 21 32 33 12,phoneme,db8,usage,30,250,250,0
W-CART,W-CART:cart,10,0.5,0.16,0.17859815415315541,0 1 7 3 15 2 4 6 5 9 8 31 10 11 12 14 127 32 64 16,0 1 3 7 2 15 4 6 5 9 10 8 11 16 31 64 21 32 33 12,phoneme,db8,usage,30,250,250,0
ALL,W-NN:k=5,26,1.0,0.092,0.11050137191319531,0 1 3 7 2 15 4 6 5 9 10 8 11 16 31 64 21 32 33 12,0 1 3 7 2 15 4 6 5 9 10 8 11 16 31 64 21 32 33 12,phoneme,db8,usage,30,250,250,0
W-NN,W-NN:k=5,13,,0.092,0.10576203542030431,0 1 3 7 2 15 4 6 5 8 9 31 10 11 12 13 127 14 64 32,0 1 3 7 2 15 4 6 5 8 9 31 10 11 12 13 127 14 64 32,phoneme,db8,energy,31,250,250,0
W-QDA,W-QDA:qda,9,,0.108,0.10202045397854827,0 1 3 7 2 15 4 6 5 8 9 31 10 11 12 13 127 14 64 32,0 1 3 7 2 15 4 6 5 8 9 31 10 11 12 13 127 14 64 32,phoneme,db8,energy,31,250,250,0
W-CART,W-CART:cart,7,,0.148,0.1833374906460464,0 1 3 7 2 15 4 6 5 8 9 31 10 11 12 13 127 14 64 32,0 1 3 7 2 15 4 6 5 8 9 31 10 11 12 13 127 14 64 32,phoneme,db8,energy,31,250,250,0
ALL,W-NN:k=5,13,,0.092,0.10576203542030431,0 1 3 7 2 15 4 6 5 8 9 31 10 11 12 13 127 14 64 32,0 1 3 7 2 15 4 6 5 8 9 31 10 11 12 13 127 14 64 32,phoneme,db8,energy,31,250,250,0
W-NN,W-NN:k=5,9,3.0,0.092,0.11100024943876279,0 1 3 7 2 4 5 6 8 9 10 11 12 13 14 15 16 17 18 19,0 1 3 7 2 15 4 6 5 8 9 10 31 11 12 13 17 16 20 128,phoneme,db8,usage,31,250,250,0
W-QDA,W-QDA:qda,9,1.5,0.104,0.102269892741332,0 1 3 7 2 15 4 9 5 6 8 10 11 12 13 14 16 17 18 19,0 1 3 7 2 15 4 6 5 8 9 10 31 11 12 13 17 16 20 128,phoneme,db8,usage,31,250,250,0
W-CART,W-CART:cart,8,2.0,0.14,0.1683711648790222,0 1 3 7 2 9 15 4 5 6 8 10 11 12 13 14 16 17 18 19,0 1 3 7 2 15 4 6 5 8 9 10 31 11 12 13 17 16 20 128,phoneme,db8,usage,31,250,250,0
ALL,W-NN:k=5,9,3.0,0.092,0.11100024943876279,0 1 3 7 2 4 5 6 8 9 10 11 12 13 14 15 16 17 18 19,0 1 3 7 2 15 4 6 5 8 9 10 31 11 12 13 17 16 20 128,phoneme,db8,usage,31,250,250,0
W-NN,W-NN:k=9,11,,0.076,0.10850586181092542,0 1 3 7 2 15 4 6 5 9 8 10 31 11 12 13 127 14 64 32,0 1 3 7 2 15 4 6 5 9 8 10 31 11 12 13 127 14 64 32,phoneme,db8,energy,32,250,250,0
W-QDA,W-QDA:qda,8,,0.12,0.10925417809927662,0 1 3 7 2 15 4 6 5 9 8 10 31 11 12 13 127 14 64 32,0 1 3 7 2 15 4 6 5 9 8 10 31 11 12 13 127 14 64 32,phoneme,db8,energy,32,250,250,0
W-CART,W-CART:cart,15,,0.184,0.1698677974557246,0 1 3 7 2 15 4 6 5 9 8 10 31 11 12 13 127 14 64 32,0 1 3 7 2 15 4 6 5 9 8 10 31 11 12 13 127 14 64 32,phoneme,db8,energy,32,250,250,0
ALL,W-NN:k=9,11,,0.076,0.10850586181092542,0 1 3 7 2 15 4 6 5 9 8 10 31 11 12 13 127 14 64 32,0 1 3 7 2 15 4 6 5 9 8 10 31 11 12 13 127 14 64 32,phoneme,db8,energy,32,250,250,0
W-NN,W-NN:k=9,9,2.0,0.076,0.11199800448989773,0 1 3 7 2 4 5 6 8 9 10 11 12 13 14 15 16 17 18 19,0 1 3 7 2 15 4 6 5 9 8 10 31 11 16 12 32 13 17 20,phoneme,db8,usage,32,250,250,0
W-QDA,W-QDA:qda,22,1.5,0.108,0.11598902469443752,0 1 3 7 2 15 4 5 6 9 11 8 10 12 13 14 16 17 18 19,0 1 3 7 2 15 4 6 5 9 8 10 31 11 16 12 32 13 17 20,phoneme,db8,usage,32,250,250,0
W-CART,W-CART:cart,11,2.0,0.164,0.15839361436767274,0 1 3 7 2 4 5 6 8 9 10 11 12 13 14 15 16 17 18 19,0 1 3 7 2 15 4 6 5 9 8 10 31 11 16 12 32 13 17 20,phoneme,db8,usage,32,250,250,0
ALL,W-NN:k=9,9,2.0,0.076,0.11199800448989773,0 1 3 7 2 4 5 6 8 9 10 11 12 13 14 15 16 17 18 19,0 1 3 7 2 15 4 6 5 9 8 10 31 11 16 12 32 13 17 20,phoneme,db8,usage,32,250,250,0
W-NN,W-NN:k=5,36,,0.06,0.10002494387627837,0 1 3 7 2 15 4 6 5 8 9 10 31 11 12 13 14 127 64 32,0 1 3 7 2 15 4 6 5 8 9 10 31 11 12 13 14 127 64 32,phoneme,db8,energy,33,250,250,0
W-QDA,W-QDA:qda,12,,0.048,0.09378897480668495,0 1 3 7 2 15 4 6 5 8 9 10 31 11 12 13 14 127 64 32,0 1 3 7 2 15 4 6 5 8 9 10 31 11 12 13 14 127 64 32,phoneme,db8,energy,33,250,250,0
W-CART,W-CART:cart,64,,0.14,0.16662509353953606,0 1 3 7 2 15 4 6 5 8 9 10 31 11 12 13 14 127 64 32,0 1 3 7 2 15 4 6 5 8 9 10 31 11 12 13 14 127 64 32,phoneme,db8,energy,33,250,250,0
ALL,W-QDA:qda,12,,0.048,0.09378897480668495,0 1 3 7 2 15 4 6 5 8 9 10 31 11 12 13 14 127 64 32,0 1 3 7 2 15 4 6 5 8 9 10 31 11 12 13 14 127 64 32,phoneme,db8,energy,33,250,250,0
W-NN,W-NN:k=3,30,0.5,0.064,0.10326764779246694,0 1 3 7 2 15 4 6 9 5 8 31 10 11 12 13 127 17 14 32,0 1 3 7 2 15 4 6 5 8 9 10 11 12 16 31 17 32 14 19,phoneme,db8,usage,33,250,250,0
W-QDA,W-QDA:qda,12,1.0,0.048,0.09378897480668495,0 1 3 7 2 15 4 6 5 8 9 10 11 12 16 31 17 32 14 19,0 1 3 7 2 15 4 6 5 8 9 10 11 12 16 31 17 32 14 19,phoneme,db8,usage,33,250,250,0
W-CART,W-CART:cart,32,1.5,0.14,0.1731105013719132,0 1 3 7 2 15 4 6 5 9 8 10 11 12 13 14 16 17 18 19,0 1 3 7 2 15 4 6 5 8 9 10 11 12 16 31 17 32 14 19,phoneme,db8,usage,33,250,250,0
ALL,W-QDA:qda,12,1.0,0.048,0.09378897480668495,0 1 3 7 2 15 4 6 5 8 9 10 11 12 16 31 17 32 14 19,0 1 3 7 2 15 4 6 5 8 9 10 11 12 16 31 17 32 14 19,phoneme,db8,usage,33,250,250,0
W-NN,W-NN:k=15,14,,0.076,0.11299575954103268,0 1 3 7 2 15 4 6 5 9 8 31 10 11 12 14 13 127 63 32,0 1 3 7 2 15 4 6 5 9 8 31 10 11 12 14 13 127 63 32,phoneme,db8,energy,34,250,250,0
W-QDA,W-QDA:qda,11,,0.096,0.10725866799700673,0 1 3 7 2 15 4 6 5 9 8 31 10 11 12 14 13 127 63 32,0 1 3 7 2 15 4 6 5 9 8 31 10 11 12 14 13 127 63 32,phoneme,db8,energy,34,250,250,0
W-CART,W-CART:cart,58,,0.152,0.19381391868296333,0 1 3 7 2 15 4 6 5 9 8 31 10 11 12 14 13 127 63 32,0 1 3 7 2 15 4 6 5 9 8 31 10 11 12 14 13 127 63 32,phoneme,db8,energy,34,250,250,0
ALL,W-NN:k=15,14,,0.076,0.11299575954103268,0 1 3 7 2 15 4 6 5 9 8 31 10 11 12 14 13 127 63 32,0 1 3 7 2 15 4 6 5 9 8 31 10 11 12 14 13 127 63 32,phoneme,db8,energy,34,250,250,0
W-NN,W-NN:k=15,11,1.5,0.076,0.11798453479670741,0 1 3 7 2 15 6 4 9 10 11 5 8 12 13 14 16 17 18 19,0 1 3 7 2 15 4 6 5 8 9 10 11 12 31 16 17 19 21 32,phoneme,db8,usage,34,250,250,0
W-QDA,W-QDA:qda,17,0.5,0.092,0.11823397355949114,0 1 3 7 2 15 4 6 9 5 8 31 10 11 12 14 127 13 16 32,0 1 3 7 2 15 4 6 5 8 9 10 11 12 31 16 17 19 21 32,phoneme,db8,usage,34,250,250,0
W-CART,W-CART:cart,10,2.0,0.148,0.17760039910202047,0 1 3 7 2 6 9 15 4 5 8 10 11 12 13 14 16 17 18 19,0 1 3 7 2 15 4 6 5 8 9 10 11 12 31 16 17 19 21 32,phoneme,db8,usage,34,250,250,0
ALL,W-NN:k=15,11,1.5,0.076,0.11798453479670741,0 1 3 7 2 15 6 4 9 10 11 5 8 12 13 14 16 17 18 19,0 1 3 7 2 15 4 6 5 8 9 10 11 12 31 16 17 19 21 32,phoneme,db8,usage,34,250,250,0
W-NN,W-NN:k=5,57,,0.088,0.09977550511349463,0 1 3 7 2 15 4 6 5 9 8 31 11 10 12 14 13 127 32 64,0 1 3 7 2 15 4 6 5 9 8 31 11 10 12 14 13 127 32 64,phoneme,db8,energy,35,250,250,0
W-QDA,W-QDA:qda,5,,0.104,0.12796208530805686,0 1 3 7 2 15 4 6 5 9 8 31 11 10 12 14 13 127 32 64,0 1 3 7 2 15 4 6 5 9 8 31 11 10 12 14 13 127 32 64,phoneme,db8,energy,35,250,250,0
W-CART,W-CART:cart,9,,0.156,0.18034422549264156,0 1 3 7 2 15 4 6 5 9 8 31 11 10 12 14 13 127 32 64,0 1 3 7 2 15 4 6 5 9 8 31 11 10 12 14 13 127 32 64,phoneme,db8,energy,35,250,250,0
ALL,W-NN:k=5,57,,0.088,0.09977550511349463,0 1 3 7 2 15 4 6 5 9 8 31 11 10 12 14 13 127 32 64,0 1 3 7 2 15 4 6 5 9 8 31 11 10 12 14 13 127 32 64,phoneme,db8,energy,35,250,250,0
W-NN,W-NN:k=5,18,0.5,0.084,0.09603392367173859,0 1 3 7 2 15 4 9 6 5 8 31 10 11 127 12 32 17 64 13,0 1 3 7 2 15 4 6 5 9 8 10 11 31 16 17 12 32 13 14,phoneme,db8,usage,35,250,250,0
W-QDA,W-QDA:qda,5,0.5,0.104,0.12796208530805686,0 1 3 7 2 15 4 9 6 5 8 31 10 11 127 12 32 17 64 13,0 1 3 7 2 15 4 6 5 9 8 10 11 31 16 17 12 32 13 14,phoneme,db8,usage,35,250,250,0
W-CART,W-CART:cart,30,0.5,0.148,0.1718633075579945,0 1 3 7 2 15 4 9 6 5 8 31 10 11 127 12 32 17 64 13,0 1 3 7 2 15 4 6 5 9 8 10 11 31 16 17 12 32 13 14,phoneme,db8,usage,35,250,250,0
ALL,W-NN:k=5,18,0.5,0.084,0.09603392367173859,0 1 3 7 2 15 4 9 6 5 8 31 10 11 127 12 32 17 64 13,0 1 3 7 2 15 4 6 5 9 8 10 11 31 16 17 12 32 13 14,phoneme,db8,usage,35,250,250,0
W-NN,W-NN:k=25,15,,0.1,0.1077575455225742,0 1 3 7 2 15 4 6 5 9 8 31 10 11 12 14 63 13 32 127,0 1 3 7 2 15 4 6 5 9 8 31 10 11 12 14 63 13 32 127,phoneme,db8,energy,36,250,250,0
W-QDA,W-QDA:qda,15,,0.104,0.12047892242454478,0 1 3 7 2 15 4 6 5 9 8 31 10 11 12 14 63 13 32 127,0 1 3 7 2 15 4 6 5 9 8 31 10 11 12 14 63 13 32 127,phoneme,db8,energy,36,250,250,0
W-CART,W-CART:cart,13,,0.14,0.16587677725118483,0 1 3 7 2 15 4 6 5 9 8 31 10 11 12 14 63 13 32 127,0 1 3 7 2 15 4 6 5 9 8 31 10 11 12 14 63 13 32 127,phoneme,db8,energy,36,250,250,0
ALL,W-NN:k=25,15,,0.1,0.1077575455225742,0 1 3 7 2 15 4 6 5 9 8 31 10 11 12 14 63 13 32 127,0 1 3 7 2 15 4 6 5 9 8 31 10 11 12 14 63 13 32 127,phoneme,db8,energy,36,250,250,0
W-NN,W-NN:k=25,18,1.0,0.096,0.10800698428535795,0 1 3 7 2 15 4 6 8 5 9 31 10 11 16 20 17 12 19 21,0 1 3 7 2 15 4 6 8 5 9 31 10 11 16 20 17 12 19 21,phoneme,db8,usage,36,250,250,0
W-QDA,W-QDA:qda,9,1.0,0.104,0.11174856572711399,0 1 3 7 2 15 4 6 8 5 9 31 10 11 16 20 17 12 19 21,0 1 3 7 2 15 4 6 8 5 9 31 10 11 16 20 17 12 19 21,phoneme,db8,usage,36,250,250,0
W-CART,W-CART:cart,13,1.0,0.136,0.15914193065602394,0 1 3 7 2 15 4 6 8 5 9 31 10 11 16 20 17 12 19 21,0 1 3 7 2 15 4 6 8 5 9 31 10 11 16 20 17 12 19 21,phoneme,db8,usage,36,250,250,0
ALL,W-NN:k=25,18,1.0,0.096,0.10800698428535795,0 1 3 7 2 15 4 6 8 5 9 31 10 11 16 20 17 12 19 21,0 1 3 7 2 15 4 6 8 5 9 31 10 11 16 20 17 12 19 21,phoneme,db8,usage,36,250,250,0
W-NN,W-NN:k=9,25,,0.088,0.10651035170865553,0 1 3 7 2 15 4 6 5 9 8 10 31 11 12 13 14 127 32 23,0 1 3 7 2 15 4 6 5 9 8 10 31 11 12 13 14 127 32 23,phoneme,db8,energy,37,250,250,0
W-QDA,W-QDA:qda,20,,0.064,0.1219755550012472,0 1 3 7 2 15 4 6 5 9 8 10 31 11 12 13 14 127 32 23,0 1 3 7 2 15 4 6 5 9 8 10 31 11 12 13 14 127 32 23,phoneme,db8,energy,37,250,250,0
W-CART,W-CART:cart,10,,0.168,0.16812172611623846,0 1 3 7 2 15 4 6 5 9 8 10 31 11 12 13 14 127 32 23,0 1 3 7 2 15 4 6 5 9 8 10 31 11 12 13 14 127 32 23,phoneme,db8,energy,37,250,250,0
ALL,W-QDA:qda,20,,0.064,0.1219755550012472,0 1 3 7 2 15 4 6 5 9 8 10 31 11 12 13 14 127 32 23,0 1 3 7 2 15 4 6 5 9 8 10 31 11 12 13 14 127 32 23,phoneme,db8,energy,37,250,250,0
W-NN,W-NN:k=9,25,0.5,0.088,0.10451484160638563,0 1 7 3 2 15 4 6 9 5 8 31 10 11 12 127 32 14 13 17,0 1 3 7 2 15 4 6 9 5 8 10 11 16 31 12 20 14 32 64,phoneme,db8,usage,37,250,250,0
W-QDA,W-QDA:qda,11,3.0,0.068,0.10326764779246694,0 1 3 2 7 4 5 6 8 9 10 11 12 13 14 15 16 17 18 19,0 1 3 7 2 15 4 6 9 5 8 10 11 16 31 12 20 14 32 64,phoneme,db8,usage,37,250,250,0
W-CART,W-CART:cart,9,1.5,0.14,0.16163631828386132,0 1 3 7 2 15 4 5 9 6 8 10 11 12 13 14 16 17 18 19,0 1 3 7 2 15 4 6 9 5 8 10 11 16 31 12 20 14 32 64,phoneme,db8,usage,37,250,250,0
ALL,W-QDA:qda,11,3.0,0.068,0.10326764779246694,0 1 3 2 7 4 5 6 8 9 10 11 12 13 14 15 16 17 18 19,0 1 3 7 2 15 4 6 9 5 8 10 11 16 31 12 20 14 32 64,phoneme,db8,usage,37,250,250,0
W-NN,W-NN:k=3,17,,0.092,0.12097779995011225,0 1 3 7 2 15 4 6 5 9 8 10 31 11 12 13 14 127 32 63,0 1 3 7 2 15 4 6 5 9 8 10 31 11 12 13 14 127 32 63,phoneme,db8,energy,38,250,250,0
W-QDA,W-QDA:qda,8,,0.096,0.10601147418308805,0 1 3 7 2 15 4 6 5 9 8 10 31 11 12 13 14 127 32 63,0 1 3 7 2 15 4 6 5 9 8 10 31 11 12 13 14 127 32 63,phoneme,db8,energy,38,250,250,0
W-CART,W-CART:cart,8,,0.14,0.1833374906460464,0 1 3 7 2 15 4 6 5 9 8 10 31 11 12 13 14 127 32 63,0 1 3 7 2 15 4 6 5 9 8 10 31 11 12 13 14 127 32 63,phoneme,db8,energy,38,250,250,0
ALL,W-NN:k=3,17,,0.092,0.12097779995011225,0 1 3 7 2 15 4 6 5 9 8 10 31 11 12 13 14 127 32 63,0 1 3 7 2 15 4 6 5 9 8 10 31 11 12 13 14 127 32 63,phoneme,db8,energy,38,250,250,0
W-NN,W-NN:k=3,21,2.0,0.08,0.11973060613619356,0 1 3 7 2 15 4 5 6 8 9 10 11 12 13 14 16 17 18 19,0 1 3 7 2 15 4 6 5 9 8 10 16 31 12 11 13 64 14 17,phoneme,db8,usage,38,250,250,0
W-QDA,W-QDA:qda,19,2.0,0.088,0.1002743826390621,0 1 3 7 2 15 4 5 6 8 9 10 11 12 13 14 16 17 18 19,0 1 3 7 2 15 4 6 5 9 8 10 16 31 12 11 13 64 14 17,phoneme,db8,usage,38,250,250,0
W-CART,W-CART:cart,10,3.0,0.108,0.16113744075829384,0 1 3 2 7 4 5 6 8 9 10 11 12 13 14 15 16 17 18 19,0 1 3 7 2 15 4 6 5 9 8 10 16 31 12 11 13 64 14 17,phoneme,db8,usage,38,250,250,0
ALL,W-NN:k=3,21,2.0,0.08,0.11973060613619356,0 1 3 7 2 15 4 5 6 8 9 10 11 12 13 14 16 17 18 19,0 1 3 7 2 15 4 6 5 9 8 10 16 31 12 11 13 64 14 17,phoneme,db8,usage,38,250,250,0
W-NN,W-NN:k=5,12,,0.06,0.1124968820154652,0 1 3 7 2 15 4 6 5 9 8 11 10 31 12 14 127 13 32 64,0 1 3 7 2 15 4 6 5 9 8 11 10 31 12 14 127 13 32 64,phoneme,db8,energy,39,250,250,0
W-QDA,W-QDA:qda,11,,0.084,0.11274632077824893,0 1 3 7 2 15 4 6 5 9 8 11 10 31 12 14 127 13 32 64,0 1 3 7 2 15 4 6 5 9 8 11 10 31 12 14 127 13 32 64,phoneme,db8,energy,39,250,250,0
W-CART,W-CART:cart,39,,0.108,0.1546520329259167,0 1 3 7 2 15 4 6 5 9 8 11 10 31 12 14 127 13 32 64,0 1 3 7 2 15 4 6 5 9 8 11 10 31 12 14 127 13 32 64,phoneme,db8,energy,39,250,250,0
ALL,W-NN:k=5,12,,0.06,0.1124968820154652,0 1 3 7 2 15 4 6 5 9 8 11 10 31 12 14 127 13 32 64,0 1 3 7 2 15 4 6 5 9 8 11 10 31 12 14 127 13 32 64,phoneme,db8,energy,39,250,250,0
W-NN,W-NN:k=5,13,0.5,0.056,0.10875530057370915,0 1 3 7 15 2 4 6 5 9 8 31 10 11 127 12 32 14 13 16,0 1 3 7 2 15 4 6 5 9 8 11 31 10 12 16 32 14 20 21,phoneme,db8,usage,39,250,250,0
W-QDA,W-QDA:qda,11,0.5,0.084,0.11274632077824893,0 1 3 7 15 2 4 6 5 9 8 31 10 11 127 12 32 14 13 16,0 1 3 7 2 15 4 6 5 9 8 11 31 10 12 16 32 14 20 21,phoneme,db8,usage,39,250,250,0
W-CART,W-CART:cart,24,0.5,0.104,0.14666999251683713,0 1 3 7 15 2 4 6 5 9 8 31 10 11 127 12 32 14 13 16,0 1 3 7 2 15 4 6 5 9 8 11 31 10 12 16 32 14 20 21,phoneme,db8,usage,39,250,250,0
ALL,W-NN:k=5,13,0.5,0.056,0.10875530057370915,0 1 3 7 15 2 4 6 5 9 8 31 10 11 127 12 32 14 13 16,0 1 3 7 2 15 4 6 5 9 8 11 31 10 12 16 32 14 20 21,phoneme,db8,usage,39,250,250,0
W-NN,W-NN:k=15,13,,0.076,0.10526315789473684,0 1 3 7 2 15 4 6 5 9 8 11 10 31 12 14 13 63 127 64,0 1 3 7 2 15 4 6 5 9 8 11 10 31 12 14 13 63 127 64,phoneme,db8,energy,40,250,250,0
W-QDA,W-QDA:qda,8,,0.096,0.1227238712895984,0 1 3 7 2 15 4 6 5 9 8 11 10 31 12 14 13 63 127 64,0 1 3 7 2 15 4 6 5 9 8 11 10 31 12 14 13 63 127 64,phoneme,db8,energy,40,250,250,0
W-CART,W-CART:cart,16,,0.12,0.1554003492142679,0 1 3 7 2 15 4 6 5 9 8 11 10 31 12 14 13 63 127 64,0 1 3 7 2 15 4 6 5 9 8 11 10 31 12 14 13 63 127 64,phoneme,db8,energy,40,250,250,0
ALL,W-NN:k=15,13,,0.076,0.10526315789473684,0 1 3 7 2 15 4 6 5 9 8 11 10 31 12 14 13 63 127 64,0 1 3 7 2 15 4 6 5 9 8 11 10 31 12 14 13 63 127 64,phoneme,db8,energy,40,250,250,0
W-NN,W-NN:k=25,30,1.0,0.072,0.10675979047143926,0 1 3 7 2 15 4 6 5 8 9 10 11 31 16 13 17 20 35 127,0 1 3 7 2 15 4 6 5 8 9 10 11 31 16 13 17 20 35 127,phoneme,db8,usage,40,250,250,0
W-QDA,W-QDA:qda,19,1.5,0.068,0.12122723871289598,0 1 3 7 2 15 6 9 4 5 11 8 10 12 13 14 16 17 18 19,0 1 3 7 2 15 4 6 5 8 9 10 11 31 16 13 17 20 35 127,phoneme,db8,usage,40,250,250,0
W-CART,W-CART:cart,10,3.0,0.112,0.1593913694188077,0 1 3 2 4 5 6 7 8 9 10 11 12 13 14 15 16 17 18 19,0 1 3 7 2 15 4 6 5 8 9 10 11 31 16 13 17 20 35 127,phoneme,db8,usage,40,250,250,0
ALL,W-QDA:qda,19,1.5,0.068,0.12122723871289598,0 1 3 7 2 15 6 9 4 5 11 8 10 12 13 14 16 17 18 19,0 1 3 7 2 15 4 6 5 8 9 10 11 31 16 13 17 20 35 127,phoneme,db8,usage,40,250,250,0
W-NN,W-NN:k=7,12,,0.088,0.13594412571713643,0 1 3 7 2 15 4 6 5 9 8 10 11 31 12 13 64 14 127 63,0 1 3 7 2 15 4 6 5 9 8 10 11 31 12 13 64 14 127 63,phoneme,db8,energy,41,250,250,0
W-QDA,W-QDA:qda,13,,0.1,0.1207283611873285,0 1 3 7 2 15 4 6 5 9 8 10 11 31 12 13 64 14 127 63,0 1 3 7 2 15 4 6 5 9 8 10 11 31 12 13 64 14 127 63,phoneme,db8,energy,41,250,250,0
W-CART,W-CART:cart,41,,0.132,0.1663756547767523,0 1 3 7 2 15 4 6 5 9 8 10 11 31 12 13 64 14 127 63,0 1 3 7 2 15 4 6 5 9 8 10 11 31 12 13 64 14 127 63,phoneme,db8,energy,41,250,250,0
ALL,W-NN:k=7,12,,0.088,0.13594412571713643,0 1 3 7 2 15 4 6 5 9 8 10 11 31 12 13 64 14 127 63,0 1 3 7 2 15 4 6 5 9 8 10 11 31 12 13 64 14 127 63,phoneme,db8,energy,41,250,250,0
W-NN,W-NN:k=7,11,3.0,0.084,0.13569468695435272,0 1 3 2 4 5 6 7 8 9 10 11 12 13 14 15 16 17 18 19,0 1 3 7 2 15 4 6 5 9 8 10 11 31 16 20 12 14 17 32,phoneme,db8,usage,41,250,250,0
W-QDA,W-QDA:qda,5,3.0,0.092,0.13719131953105512,0 1 3 2 4 5 6 7 8 9 10 11 12 13 14 15 16 17 18 19,0 1 3 7 2 15 4 6 5 9 8 10 11 31 16 20 12 14 17 32,phoneme,db8,usage,41,250,250,0
W-CART,W-CART:cart,26,3.0,0.12,0.1554003492142679,0 1 3 2 4 5 6 7 8 9 10 11 12 13 14 15 16 17 18 19,0 1 3 7 2 15 4 6 5 9 8 10 11 31 16 20 12 14 17 32,phoneme,db8,usage,41,250,250,0
ALL,W-NN:k=7,11,3.0,0.084,0.13569468695435272,0 1 3 2 4 5 6 7 8 9 10 11 12 13 14 15 16 17 18 19,0 1 3 7 2 15 4 6 5 9 8 10 11 31 16 20 12 14 17 32,phoneme,db8,usage,41,250,250,0
W-NN,W-NN:k=15,15,,0.096,0.10800698428535795,0 1 3 7 2 15 4 6 5 9 8 10 31 11 12 13 14 63 127 32,0 1 3 7 2 15 4 6 5 9 8 10 31 11 12 13 14 63 127 32,phoneme,db8,energy,42,250,250,0
W-QDA,W-QDA:qda,10,,0.112,0.11299575954103268,0 1 3 7 2 15 4 6 5 9 8 10 31 11 12 13 14 63 127 32,0 1 3 7 2 15 4 6 5 9 8 10 31 11 12 13 14 63 127 32,phoneme,db8,energy,42,250,250,0
W-CART,W-CART:cart,57,,0.128,0.17410825642304814,0 1 3 7 2 15 4 6 5 9 8 10 31 11 12 13 14 63 127 32,0 1 3 7 2 15 4 6 5 9 8 10 31 11 12 13 14 63 127 32,phoneme,db8,energy,42,250,250,0
ALL,W-NN:k=15,15,,0.096,0.10800698428535795,0 1 3 7 2 15 4 6 5 9 8 10 31 11 12 13 14 63 127 32,0 1 3 7 2 15 4 6 5 9 8 10 31 11 12 13 14 63 127 32,phoneme,db8,energy,42,250,250,0
W-NN,W-NN:k=15,13,1.0,0.096,0.11075081067597904,0 1 3 7 2 15 6 4 5 8 9 10 11 31 12 16 32 17 20 63,0 1 3 7 2 15 6 4 5 8 9 10 11 31 12 16 32 17 20 63,phoneme,db8,usage,42,250,250,0
W-QDA,W-QDA:qda,9,0.5,0.108,0.11399351459216762,0 1 3 7 2 15 4 6 9 5 8 31 10 11 12 13 32 127 16 14,0 1 3 7 2 15 6 4 5 8 9 10 11 31 12 16 32 17 20 63,phoneme,db8,usage,42,250,250,0
W-CART,W-CART:cart,32,0.5,0.14,0.172362185083562,0 1 3 7 2 15 4 6 9 5 8 31 10 11 12 13 32 127 16 14,0 1 3 7 2 15 6 4 5 8 9 10 11 31 12 16 32 17 20 63,phoneme,db8,usage,42,250,250,0
ALL,W-NN:k=15,13,1.0,0.096,0.11075081067597904,0 1 3 7 2 15 6 4 5 8 9 10 11 31 12 16 32 17 20 63,0 1 3 7 2 15 6 4 5 8 9 10 11 31 12 16 32 17 20 63,phoneme,db8,usage,42,250,250,0
W-NN,W-NN:k=7,63,,0.076,0.10451484160638563,0 1 3 7 2 15 4 6 5 9 8 10 31 11 12 13 127 14 64 32,0 1 3 7 2 15 4 6 5 9 8 10 31 11 12 13 127 14 64 32,phoneme,db8,energy,43,250,250,0
W-QDA,W-QDA:qda,8,,0.08,0.09777999501122474,0 1 3 7 2 15 4 6 5 9 8 10 31 11 12 13 127 14 64 32,0 1 3 7 2 15 4 6 5 9 8 10 31 11 12 13 127 14 64 32,phoneme,db8,energy,43,250,250,0
W-CART,W-CART:cart,10,,0.16,0.18184085806934397,0 1 3 7 2 15 4 6 5 9 8 10 31 11 12 13 127 14 64 32,0 1 3 7 2 15 4 6 5 9 8 10 31 11 12 13 127 14 64 32,phoneme,db8,energy,43,250,250,0
ALL,W-NN:k=7,63,,0.076,0.10451484160638563,0 1 3 7 2 15 4 6 5 9 8 10 31 11 12 13 127 14 64 32,0 1 3 7 2 15 4 6 5 9 8 10 31 11 12 13 127 14 64 32,phoneme,db8,energy,43,250,250,0
W-NN,W-NN:k=7,55,1.0,0.068,0.10326764779246694,0 1 3 7 2 15 4 6 5 9 8 10 11 31 12 13 17 20 64 19,0 1 3 7 2 15 4 6 5 9 8 10 11 31 12 13 17 20 64 19,phoneme,db8,usage,43,250,250,0
W-QDA,W-QDA:qda,8,1.0,0.08,0.09777999501122474,0 1 3 7 2 15 4 6 5 9 8 10 11 31 12 13 17 20 64 19,0 1 3 7 2 15 4 6 5 9 8 10 11 31 12 13 17 20 64 19,phoneme,db8,usage,43,250,250,0
W-CART,W-CART:cart,10,1.5,0.156,0.18009478672985782,0 1 3 7 2 15 4 6 9 5 11 8 10 12 13 14 16 17 18 19,0 1 3 7 2 15 4 6 5 9 8 10 11 31 12 13 17 20 64 19,phoneme,db8,usage,43,250,250,0
ALL,W-NN:k=7,55,1.0,0.068,0.10326764779246694,0 1 3 7 2 15 4 6 5 9 8 10 11 31 12 13 17 20 64 19,0 1 3 7 2 15 4 6 5 9 8 10 11 31 12 13 17 20 64 19,phoneme,db8,usage,43,250,250,0
W-NN,W-NN:k=5,13,,0.072,0.0995260663507109,0 1 3 7 2 15 4 6 5 9 8 10 11 31 12 13 14 127 63 64,0 1 3 7 2 15 4 6 5 9 8 10 11 31 12 13 14 127 63 64,phoneme,db8,energy,44,250,250,0
W-QDA,W-QDA:qda,12,,0.076,0.10326764779246694,0 1 3 7 2 15 4 6 5 9 8 10 11 31 12 13 14 127 63 64,0 1 3 7 2 15 4 6 5 9 8 10 11 31 12 13 14 127 63 64,phoneme,db8,energy,44,250,250,0
W-CART,W-CART:cart,10,,0.128,0.14916438014467448,0 1 3 7 2 15 4 6 5 9 8 10 11 31 12 13 14 127 63 64,0 1 3 7 2 15 4 6 5 9 8 10 11 31 12 13 14 127 63 64,phoneme,db8,energy,44,250,250,0
ALL,W-NN:k=5,13,,0.072,0.0995260663507109,0 1 3 7 2 15 4 6 5 9 8 10 11 31 12 13 14 127 63 64,0 1 3 7 2 15 4 6 5 9 8 10 11 31 12 13 14 127 63 64,phoneme,db8,energy,44,250,250,0
W-NN,W-NN:k=3,10,2.0,0.072,0.10202045397854827,0 1 3 7 2 6 9 4 5 8 10 11 12 13 14 15 16 17 18 19,0 1 3 7 2 15 4 6 9 5 8 10 11 12 17 31 20 32 64 14,phoneme,db8,usage,44,250,250,0
W-QDA,W-QDA:qda,12,0.5,0.076,0.10326764779246694,0 1 3 7 2 15 4 9 5 6 8 10 31 11 12 32 127 16 14 13,0 1 3 7 2 15 4 6 9 5 8 10 11 12 17 31 20 32 64 14,phoneme,db8,usage,44,250,250,0
W-CART,W-CART:cart,28,1.0,0.104,0.13644300324270392,0 1 3 7 2 15 4 6 9 5 8 10 11 12 17 31 20 32 64 14,0 1 3 7 2 15 4 6 9 5 8 10 11 12 17 31 20 32 64 14,phoneme,db8,usage,44,250,250,0
ALL,W-NN:k=3,10,2.0,0.072,0.10202045397854827,0 1 3 7 2 6 9 4 5 8 10 11 12 13 14 15 16 17 18 19,0 1 3 7 2 15 4 6 9 5 8 10 11 12 17 31 20 32 64 14,phoneme,db8,usage,44,250,250,0
W-NN,W-NN:k=15,33,,0.1,0.11673734098278872,0 1 3 7 2 15 4 6 5 9 8 31 10 11 12 14 13 127 64 32,0 1 3 7 2 15 4 6 5 9 8 31 10 11 12 14 13 127 64 32,phoneme,db8,energy,45,250,250,0
W-QDA,W-QDA:qda,12,,0.104,0.1227238712895984,0 1 3 7 2 15 4 6 5 9 8 31 10 11 12 14 13 127 64 32,0 1 3 7 2 15 4 6 5 9 8 31 10 11 12 14 13 127 64 32,phoneme,db8,energy,45,250,250,0
W-CART,W-CART:cart,10,,0.156,0.14916438014467448,0 1 3 7 2 15 4 6 5 9 8 31 10 11 12 14 13 127 64 32,0 1 3 7 2 15 4 6 5 9 8 31 10 11 12 14 13 127 64 32,phoneme,db8,energy,45,250,250,0
ALL,W-NN:k=15,33,,0.1,0.11673734098278872,0 1 3 7 2 15 4 6 5 9 8 31 10 11 12 14 13 127 64 32,0 1 3 7 2 15 4 6 5 9 8 31 10 11 12 14 13 127 64 32,phoneme,db8,energy,45,250,250,0
W-NN,W-NN:k=25,17,1.0,0.096,0.1199800448989773,0 1 3 7 2 15 4 6 9 5 8 10 11 12 13 16 17 19 20 31,0 1 3 7 2 15 4 6 9 5 8 10 11 12 13 16 17 19 20 31,phoneme,db8,usage,45,250,250,0
W-QDA,W-QDA:qda,21,1.5,0.084,0.11174856572711399,0 1 3 7 2 15 4 6 5 9 11 8 10 12 13 14 16 17 18 19,0 1 3 7 2 15 4 6 9 5 8 10 11 12 13 16 17 19 20 31,phoneme,db8,usage,45,250,250,0
W-CART,W-CART:cart,45,1.5,0.14,0.15140932900972812,0 1 3 7 2 15 4 6 5 9 11 8 10 12 13 14 16 17 18 19,0 1 3 7 2 15 4 6 9 5 8 10 11 12 13 16 17 19 20 31,phoneme,db8,usage,45,250,250,0
ALL,W-QDA:qda,21,1.5,0.084,0.11174856572711399,0 1 3 7 2 15 4 6 5 9 11 8 10 12 13 14 16 17 18 19,0 1 3 7 2 15 4 6 9 5 8 10 11 12 13 16 17 19 20 31,phoneme,db8,usage,45,250,250,0
W-NN,W-NN:k=7,28,,0.084,0.10326764779246694,0 1 3 7 2 15 4 6 5 9 8 10 31 11 12 13 14 127 64 63,0 1 3 7 2 15 4 6 5 9 8 10 31 11 12 13 14 127 64 63,phoneme,db8,energy,46,250,250,0
W-QDA,W-QDA:qda,13,,0.104,0.1207283611873285,0 1 3 7 2 15 4 6 5 9 8 10 31 11 12 13 14 127 64 63,0 1 3 7 2 15 4 6 5 9 8 10 31 11 12 13 14 127 64 63,phoneme,db8,energy,46,250,250,0
W-CART,W-CART:cart,10,,0.152,0.17410825642304814,0 1 3 7 2 15 4 6 5 9 8 10 31 11 12 13 14 127 64 63,0 1 3 7 2 15 4 6 5 9 8 10 31 11 12 13 14 127 64 63,phoneme,db8,energy,46,250,250,0
ALL,W-NN:k=7,28,,0.084,0.10326764779246694,0 1 3 7 2 15 4 6 5 9 8 10 31 11 12 13 14 127 64 63,0 1 3 7 2 15 4 6 5 9 8 10 31 11 12 13 14 127 64 63,phoneme,db8,energy,46,250,250,0
W-NN,W-NN:k=7,18,1.5,0.084,0.10576203542030431,0 1 3 7 2 15 6 4 5 8 9 10 11 12 13 14 16 17 18 19,0 1 3 7 2 15 4 6 5 8 9 10 31 11 12 17 19 20 13 16,phoneme,db8,usage,46,250,250,0
W-QDA,W-QDA:qda,11,3.0,0.1,0.11598902469443752,0 1 3 2 7 4 5 6 8 9 10 11 12 13 14 15 16 17 18 19,0 1 3 7 2 15 4 6 5 8 9 10 31 11 12 17 19 20 13 16,phoneme,db8,usage,46,250,250,0
W-CART,W-CART:cart,10,0.5,0.144,0.17735096033923672,0 1 3 7 2 15 4 6 9 5 8 31 10 11 12 127 13 14 16 32,0 1 3 7 2 15 4 6 5 8 9 10 31 11 12 17 19 20 13 16,phoneme,db8,usage,46,250,250,0
ALL,W-NN:k=7,18,1.5,0.084,0.10576203542030431,0 1 3 7 2 15 6 4 5 8 9 10 11 12 13 14 16 17 18 19,0 1 3 7 2 15 4 6 5 8 9 10 31 11 12 17 19 20 13 16,phoneme,db8,usage,46,250,250,0
W-NN,W-NN:k=5,18,,0.08,0.10376652531803442,0 1 3 7 2 15 4 6 5 9 8 10 31 11 14 12 13 127 64 32,0 1 3 7 2 15 4 6 5 9 8 10 31 11 14 12 13 127 64 32,phoneme,db8,energy,47,250,250,0
W-QDA,W-QDA:qda,14,,0.076,0.1144923921177351,0 1 3 7 2 15 4 6 5 9 8 10 31 11 14 12 13 127 64 32,0 1 3 7 2 15 4 6 5 9 8 10 31 11 14 12 13 127 64 32,phoneme,db8,energy,47,250,250,0
W-CART,W-CART:cart,34,,0.14,0.14068346221002745,0 1 3 7 2 15 4 6 5 9 8 10 31 11 14 12 13 127 64 32,0 1 3 7 2 15 4 6 5 9 8 10 31 11 14 12 13 127 64 32,phoneme,db8,energy,47,250,250,0
ALL,W-QDA:qda,14,,0.076,0.1144923921177351,0 1 3 7 2 15 4 6 5 9 8 10 31 11 14 12 13 127 64 32,0 1 3 7 2 15 4 6 5 9 8 10 31 11 14 12 13 127 64 32,phoneme,db8,energy,47,250,250,0
W-NN,W-NN:k=5,51,0.5,0.076,0.102269892741332,0 1 3 7 2 15 4 6 5 9 8 31 10 11 12 14 127 64 17 32,0 1 3 7 2 15 4 6 5 8 10 9 31 11 14 12 17 20 32 13,phoneme,db8,usage,47,250,250,0
W-QDA,W-QDA:qda,20,1.5,0.068,0.11399351459216762,0 1 3 7 2 15 6 5 4 8 9 10 11 12 13 14 16 17 18 19,0 1 3 7 2 15 4 6 5 8 10 9 31 11 14 12 17 20 32 13,phoneme,db8,usage,47,250,250,0
W-CART,W-CART:cart,34,0.5,0.136,0.1411823397355949,0 1 3 7 2 15 4 6 5 9 8 31 10 11 12 14 127 64 17 32,0 1 3 7 2 15 4 6 5 8 10 9 31 11 14 12 17 20 32 13,phoneme,db8,usage,47,250,250,0
ALL,W-QDA:qda,20,1.5,0.068,0.11399351459216762,0 1 3 7 2 15 6 5 4 8 9 10 11 12 13 14 16 17 18 19,0 1 3 7 2 15 4 6 5 8 10 9 31 11 14 12 17 20 32 13,phoneme,db8,usage,47,250,250,0
W-NN,W-NN:k=7,17,,0.128,0.10576203542030431,0 1 3 7 2 15 4 6 5 9 8 10 31 11 12 13 14 127 64 63,0 1 3 7 2 15 4 6 5 9 8 10 31 11 12 13 14 127 64 63,phoneme,db8,energy,48,250,250,0
W-QDA,W-QDA:qda,13,,0.096,0.09553504614617112,0 1 3 7 2 15 4 6 5 9 8 10 31 11 12 13 14 127 64 63,0 1 3 7 2 15 4 6 5 9 8 10 31 11 12 13 14 127 64 63,phoneme,db8,energy,48,250,250,0
W-CART,W-CART:cart,50,,0.152,0.18383636817161386,0 1 3 7 2 15 4 6 5 9 8 10 31 11 12 13 14 127 64 63,0 1 3 7 2 15 4 6 5 9 8 10 31 11 12 13 14 127 64 63,phoneme,db8,energy,48,250,250,0
ALL,W-QDA:qda,13,,0.096,0.09553504614617112,0 1 3 7 2 15 4 6 5 9 8 10 31 11 12 13 14 127 64 63,0 1 3 7 2 15 4 6 5 9 8 10 31 11 12 13 14 127 64 63,phoneme,db8,energy,48,250,250,0
W-NN,W-NN:k=7,19,1.5,0.12,0.10451484160638563,0 1 3 7 2 15 6 4 9 5 8 11 10 12 13 14 16 17 18 19,0 1 3 7 2 15 4 6 9 5 8 10 16 11 12 13 20 31 19 32,phoneme,db8,usage,48,250,250,0
W-QDA,W-QDA:qda,9,0.5,0.088,0.09378897480668495,0 1 3 7 15 2 4 6 9 8 5 31 11 10 12 127 13 64 14 16,0 1 3 7 2 15 4 6 9 5 8 10 16 11 12 13 20 31 19 32,phoneme,db8,usage,48,250,250,0
W-CART,W-CART:cart,21,1.5,0.148,0.1738588176602644,0 1 3 7 2 15 6 4 9 5 8 11 10 12 13 14 16 17 18 19,0 1 3 7 2 15 4 6 9 5 8 10 16 11 12 13 20 31 19 32,phoneme,db8,usage,48,250,250,0
ALL,W-QDA:qda,9,0.5,0.088,0.09378897480668495,0 1 3 7 15 2 4 6 9 8 5 31 11 10 12 127 13 64 14 16,0 1 3 7 2 15 4 6 9 5 8 10 16 11 12 13 20 31 19 32,phoneme,db8,usage,48,250,250,0
W-NN,W-NN:k=7,17,,0.084,0.102269892741332,0 1 3 7 2 15 4 6 5 9 8 10 11 31 12 13 14 127 64 63,0 1 3 7 2 15 4 6 5 9 8 10 11 31 12 13 14 127 64 63,phoneme,db8,energy,49,250,250,0
W-QDA,W-QDA:qda,11,,0.076,0.09603392367173859,0 1 3 7 2 15 4 6 5 9 8 10 11 31 12 13 14 127 64 63,0 1 3 7 2 15 4 6 5 9 8 10 11 31 12 13 14 127 64 63,phoneme,db8,energy,49,250,250,0
W-CART,W-CART:cart,15,,0.156,0.17909703167872287,0 1 3 7 2 15 4 6 5 9 8 10 11 31 12 13 14 127 64 63,0 1 3 7 2 15 4 6 5 9 8 10 11 31 12 13 14 127 64 63,phoneme,db8,energy,49,250,250,0
ALL,W-QDA:qda,11,,0.076,0.09603392367173859,0 1 3 7 2 15 4 6 5 9 8 10 11 31 12 13 14 127 64 63,0 1 3 7 2 15 4 6 5 9 8 10 11 31 12 13 14 127 64 63,phoneme,db8,energy,49,250,250,0
W-NN,W-NN:k=7,19,1.5,0.08,0.10002494387627837,0 1 3 7 2 15 4 5 9 6 8 10 11 12 13 14 16 17 18 19,0 1 3 7 2 15 4 6 5 8 9 11 10 31 64 16 12 13 20 127,phoneme,db8,usage,49,250,250,0
W-QDA,W-QDA:qda,11,0.5,0.076,0.09603392367173859,0 1 3 7 15 2 4 5 9 6 8 31 10 11 12 127 14 32 13 64,0 1 3 7 2 15 4 6 5 8 9 11 10 31 64 16 12 13 20 127,phoneme,db8,usage,49,250,250,0
W-CART,W-CART:cart,8,2.0,0.148,0.1751060114741831,0 1 3 7 2 4 6 9 15 5 8 10 11 12 13 14 16 17 18 19,0 1 3 7 2 15 4 6 5 8 9 11 10 31 64 16 12 13 20 127,phoneme,db8,usage,49,250,250,0
ALL,W-QDA:qda,11,0.5,0.076,0.09603392367173859,0 1 3 7 15 2 4 5 9 6 8 31 10 11 12 127 14 32 13 64,0 1 3 7 2 15 4 6 5 8 9 11 10 31 64 16 12 13 20 127,phoneme,db8,usage,49,250,250,0
W-NN,W-NN:k=7,13,,0.08,0.11399351459216762,0 1 3 7 2 15 4 6 5 9 8 10 31 11 12 13 14 127 32 63,0 1 3 7 2 15 4 6 5 9 8 10 31 11 12 13 14 127 32 63,phoneme,db8,energy,50,250,250,0
W-QDA,W-QDA:qda,5,,0.096,0.13744075829383887,0 1 3 7 2 15 4 6 5 9 8 10 31 11 12 13 14 127 32 63,0 1 3 7 2 15 4 6 5 9 8 10 31 11 12 13 14 127 32 63,phoneme,db8,energy,50,250,250,0
W-CART,W-CART:cart,19,,0.16,0.20129708156647544,0 1 3 7 2 15 4 6 5 9 8 10 31 11 12 13 14 127 32 63,0 1 3 7 2 15 4 6 5 9 8 10 31 11 12 13 14 127 32 63,phoneme,db8,energy,50,250,250,0
ALL,W-NN:k=7,13,,0.08,0.11399351459216762,0 1 3 7 2 15 4 6 5 9 8 10 31 11 12 13 14 127 32 63,0 1 3 7 2 15 4 6 5 9 8 10 31 11 12 13 14 127 32 63,phoneme,db8,energy,50,250,250,0
W-NN,W-NN:k=7,13,0.5,0.08,0.11399351459216762,0 1 3 7 15 2 4 9 6 5 8 31 10 11 12 127 14 13 16 32,0 1 3 7 2 15 4 6 5 9 8 10 11 31 12 16 13 19 32 17,phoneme,db8,usage,50,250,250,0
W-QDA,W-QDA:qda,4,3.0,0.092,0.13744075829383887,0 1 3 2 7 4 5 6 8 9 10 11 12 13 14 15 16 17 18 19,0 1 3 7 2 15 4 6 5 9 8 10 11 31 12 16 13 19 32 17,phoneme,db8,usage,50,250,250,0
W-CART,W-CART:cart,9,3.0,0.164,0.167622848590671,0 1 3 2 7 4 5 6 8 9 10 11 12 13 14 15 16 17 18 19,0 1 3 7 2 15 4 6 5 9 8 10 11 31 12 16 13 19 32 17,phoneme,db8,usage,50,250,250,0
ALL,W-NN:k=7,13,0.5,0.08,0.11399351459216762,0 1 3 7 15 2 4 9 6 5 8 31 10 11 12 127 14 13 16 32,0 1 3 7 2 15 4 6 5 9 8 10 11 31 12 16 13 19 32 17,phoneme,db8,usage,50,250,250,0
W-NN,W-NN:k=7,41,,0.076,0.10077326016462958,0 1 3 7 2 15 4 6 5 9 8 10 31 11 12 14 13 63 127 32,0 1 3 7 2 15 4 6 5 9 8 10 31 11 12 14 13 63 127 32,phoneme,db8,energy,51,250,250,0
W-QDA,W-QDA:qda,11,,0.068,0.10825642304814168,0 1 3 7 2 15 4 6 5 9 8 10 31 11 12 14 13 63 127 32,0 1 3 7 2 15 4 6 5 9 8 10 31 11 12 14 13 63 127 32,phoneme,db8,energy,51,250,250,0
W-CART,W-CART:cart,62,,0.148,0.1718633075579945,0 1 3 7 2 15 4 6 5 9 8 10 31 11 12 14 13 63 127 32,0 1 3 7 2 15 4 6 5 9 8 10 31 11 12 14 13 63 127 32,phoneme,db8,energy,51,250,250,0
ALL,W-QDA:qda,11,,0.068,0.10825642304814168,0 1 3 7 2 15 4 6 5 9 8 10 31 11 12 14 13 63 127 32,0 1 3 7 2 15 4 6 5 9 8 10 31 11 12 14 13 63 127 32,phoneme,db8,energy,51,250,250,0
W-NN,W-NN:k=9,29,1.5,0.072,0.09578448490895485,0 1 3 7 2 15 6 4 9 5 11 64 8 10 12 13 14 16 17 18,0 1 3 7 2 15 4 6 5 9 8 10 11 16 31 17 14 64 12 13,phoneme,db8,usage,51,250,250,0
W-QDA,W-QDA:qda,11,1.0,0.068,0.10825642304814168,0 1 3 7 2 15 4 6 5 9 8 10 11 16 31 17 14 64 12 13,0 1 3 7 2 15 4 6 5 9 8 10 11 16 31 17 14 64 12 13,phoneme,db8,usage,51,250,250,0
W-CART,W-CART:cart,10,3.0,0.156,0.17261162384634574,0 1 3 7 2 4 5 6 8 9 10 11 12 13 14 15 16 17 18 19,0 1 3 7 2 15 4 6 5 9 8 10 11 16 31 17 14 64 12 13,phoneme,db8,usage,51,250,250,0
ALL,W-QDA:qda,11,1.0,0.068,0.10825642304814168,0 1 3 7 2 15 4 6 5 9 8 10 11 16 31 17 14 64 12 13,0 1 3 7 2 15 4 6 5 9 8 10 11 16 31 17 14 64 12 13,phoneme,db8,usage,51,250,250,0
W-NN,W-NN:k=5,31,,0.104,0.10651035170865553,0 1 3 7 2 15 4 6 5 9 8 10 11 31 12 13 14 127 63 32,0 1 3 7 2 15 4 6 5 9 8 10 11 31 12 13 14 127 63 32,phoneme,db8,energy,52,250,250,0
W-QDA,W-QDA:qda,13,,0.104,0.1097530556248441,0 1 3 7 2 15 4 6 5 9 8 10 11 31 12 13 14 127 63 32,0 1 3 7 2 15 4 6 5 9 8 10 11 31 12 13 14 127 63 32,phoneme,db8,energy,52,250,250,0
W-CART,W-CART:cart,13,,0.164,0.18184085806934397,0 1 3 7 2 15 4 6 5 9 8 10 11 31 12 13 14 127 63 32,0 1 3 7 2 15 4 6 5 9 8 10 11 31 12 13 14 127 63 32,phoneme,db8,energy,52,250,250,0
ALL,W-QDA:qda,13,,0.104,0.1097530556248441,0 1 3 7 2 15 4 6 5 9 8 10 11 31 12 13 14 127 63 32,0 1 3 7 2 15 4 6 5 9 8 10 11 31 12 13 14 127 63 32,phoneme,db8,energy,52,250,250,0
W-NN,W-NN:k=5,7,3.0,0.104,0.1262160139685707,0 1 3 2 7 4 5 6 8 9 10 11 12 13 14 15 16 17 18 19,0 1 3 7 2 15 4 6 5 9 8 10 11 31 16 32 12 13 14 19,phoneme,db8,usage,52,250,250,0
W-QDA,W-QDA:qda,19,1.5,0.092,0.1199800448989773,0 1 3 7 2 15 4 6 9 5 10 8 11 12 13 14 16 17 18 19,0 1 3 7 2 15 4 6 5 9 8 10 11 31 16 32 12 13 14 19,phoneme,db8,usage,52,250,250,0
W-CART,W-CART:cart,26,0.5,0.16,0.15564978797705165,0 1 3 7 2 15 4 6 9 5 8 31 10 11 12 13 127 32 16 17,0 1 3 7 2 15 4 6 5 9 8 10 11 31 16 32 12 13 14 19,phoneme,db8,usage,52,250,250,0
ALL,W-QDA:qda,19,1.5,0.092,0.1199800448989773,0 1 3 7 2 15 4 6 9 5 10 8 11 12 13 14 16 17 18 19,0 1 3 7 2 15 4 6 5 9 8 10 11 31 16 32 12 13 14 19,phoneme,db8,usage,52,250,250,0
W-NN,W-NN:k=5,62,,0.072,0.10850586181092542,0 1 3 7 2 15 4 6 5 8 9 31 10 11 12 13 14 127 32 63,0 1 3 7 2 15 4 6 5 8 9 31 10 11 12 13 14 127 32 63,phoneme,db8,energy,53,250,250,0
W-QDA,W-QDA:qda,11,,0.076,0.10376652531803442,0 1 3 7 2 15 4 6 5 8 9 31 10 11 12 13 14 127 32 63,0 1 3 7 2 15 4 6 5 8 9 31 10 11 12 13 14 127 32 63,phoneme,db8,energy,53,250,250,0
W-CART,W-CART:cart,45,,0.092,0.15914193065602394,0 1 3 7 2 15 4 6 5 8 9 31 10 11 12 13 14 127 32 63,0 1 3 7 2 15 4 6 5 8 9 31 10 11 12 13 14 127 32 63,phoneme,db8,energy,53,250,250,0
ALL,W-NN:k=5,62,,0.072,0.10850586181092542,0 1 3 7 2 15 4 6 5 8 9 31 10 11 12 13 14 127 32 63,0 1 3 7 2 15 4 6 5 8 9 31 10 11 12 13 14 127 32 63,phoneme,db8,energy,53,250,250,0
W-NN,W-NN:k=5,10,3.0,0.08,0.10800698428535795,0 1 3 2 7 4 5 6 8 9 10 11 12 13 14 15 16 17 18 19,0 1 3 7 2 15 4 6 5 9 8 10 16 11 12 31 253 13 14 17,phoneme,db8,usage,53,250,250,0
W-QDA,W-QDA:qda,11,0.5,0.076,0.10376652531803442,0 1 3 7 2 15 4 5 6 9 8 31 10 11 12 127 14 17 13 32,0 1 3 7 2 15 4 6 5 9 8 10 16 11 12 31 253 13 14 17,phoneme,db8,usage,53,250,250,0
W-CART,W-CART:cart,45,0.5,0.088,0.1554003492142679,0 1 3 7 2 15 4 5 6 9 8 31 10 11 12 127 14 17 13 32,0 1 3 7 2 15 4 6 5 9 8 10 16 11 12 31 253 13 14 17,phoneme,db8,usage,53,250,250,0
ALL,W-QDA:qda,11,0.5,0.076,0.10376652531803442,0 1 3 7 2 15 4 5 6 9 8 31 10 11 12 127 14 17 13 32,0 1 3 7 2 15 4 6 5 9 8 10 16 11 12 31 253 13 14 17,phoneme,db8,usage,53,250,250,0
W-NN,W-NN:k=3,10,,0.096,0.1199800448989773,0 1 3 7 2 15 4 6 5 9 8 10 31 11 12 13 14 127 32 64,0 1 3 7 2 15 4 6 5 9 8 10 31 11 12 13 14 127 32 64,phoneme,db8,energy,54,250,250,0
W-QDA,W-QDA:qda,13,,0.132,0.09753055624844101,0 1 3 7 2 15 4 6 5 9 8 10 31 11 12 13 14 127 32 64,0 1 3 7 2 15 4 6 5 9 8 10 31 11 12 13 14 127 32 64,phoneme,db8,energy,54,250,250,0
W-CART,W-CART:cart,11,,0.164,0.16038912446994263,0 1 3 7 2 15 4 6 5 9 8 10 31 11 12 13 14 127 32 64,0 1 3 7 2 15 4 6 5 9 8 10 31 11 12 13 14 127 32 64,phoneme,db8,energy,54,250,250,0
ALL,W-NN:k=3,10,,0.096,0.1199800448989773,0 1 3 7 2 15 4 6 5 9 8 10 31 11 12 13 14 127 32 64,0 1 3 7 2 15 4 6 5 9 8 10 31 11 12 13 14 127 32 64,phoneme,db8,energy,54,250,250,0
W-NN,W-NN:k=3,10,2.0,0.092,0.11798453479670741,0 1 3 7 2 9 4 5 6 8 10 11 12 13 14 15 16 17 18 19,0 1 3 7 2 15 4 6 5 9 8 10 11 16 13 31 12 17 19 20,phoneme,db8,usage,54,250,250,0
W-QDA,W-QDA:qda,21,1.0,0.116,0.10077326016462958,0 1 3 7 2 15 4 6 5 9 8 10 11 16 13 31 12 17 19 20,0 1 3 7 2 15 4 6 5 9 8 10 11 16 13 31 12 17 19 20,phoneme,db8,usage,54,250,250,0
W-CART,W-CART:cart,7,2.0,0.156,0.15315540034921427,0 1 3 7 2 9 4 5 6 8 10 11 12 13 14 15 16 17 18 19,0 1 3 7 2 15 4 6 5 9 8 10 11 16 13 31 12 17 19 20,phoneme,db8,usage,54,250,250,0
ALL,W-NN:k=3,10,2.0,0.092,0.11798453479670741,0 1 3 7 2 9 4 5 6 8 10 11 12 13 14 15 16 17 18 19,0 1 3 7 2 15 4 6 5 9 8 10 11 16 13 31 12 17 19 20,phoneme,db8,usage,54,250,250,0
W-NN,W-NN:k=15,34,,0.084,0.09428785233225243,0 1 3 7 2 15 4 6 5 9 8 10 31 11 12 13 14 127 64 65,0 1 3 7 2 15 4 6 5 9 8 10 31 11 12 13 14 127 64 65,phoneme,db8,energy,55,250,250,0
W-QDA,W-QDA:qda,10,,0.12,0.10800698428535795,0 1 3 7 2 15 4 6 5 9 8 10 31 11 12 13 14 127 64 65,0 1 3 7 2 15 4 6 5 9 8 10 31 11 12 13 14 127 64 65,phoneme,db8,energy,55,250,250,0
W-CART,W-CART:cart,14,,0.176,0.16812172611623846,0 1 3 7 2 15 4 6 5 9 8 10 31 11 12 13 14 127 64 65,0 1 3 7 2 15 4 6 5 9 8 10 31 11 12 13 14 127 64 65,phoneme,db8,energy,55,250,250,0
ALL,W-NN:k=15,34,,0.084,0.09428785233225243,0 1 3 7 2 15 4 6 5 9 8 10 31 11 12 13 14 127 64 65,0 1 3 7 2 15 4 6 5 9 8 10 31 11 12 13 14 127 64 65,phoneme,db8,energy,55,250,250,0
W-NN,W-NN:k=25,19,1.0,0.076,0.09728111748565726,0 1 3 7 2 15 4 6 5 9 8 10 11 16 17 31 12 13 19 32,0 1 3 7 2 15 4 6 5 9 8 10 11 16 17 31 12 13 19 32,phoneme,db8,usage,55,250,250,0
W-QDA,W-QDA:qda,12,3.0,0.1,0.102269892741332,0 1 3 2 4 5 6 7 8 9 10 11 12 13 14 15 16 17 18 19,0 1 3 7 2 15 4 6 5 9 8 10 11 16 17 31 12 13 19 32,phoneme,db8,usage,55,250,250,0
W-CART,W-CART:cart,7,3.0,0.156,0.17809927662758793,0 1 3 2 4 5 6 7 8 9 10 11 12 13 14 15 16 17 18 19,0 1 3 7 2 15 4 6 5 9 8 10 11 16 17 31 12 13 19 32,phoneme,db8,usage,55,250,250,0
ALL,W-NN:k=25,19,1.0,0.076,0.09728111748565726,0 1 3 7 2 15 4 6 5 9 8 10 11 16 17 31 12 13 19 32,0 1 3 7 2 15 4 6 5 9 8 10 11 16 17 31 12 13 19 32,phoneme,db8,usage,55,250,250,0
W-NN,W-NN:k=15,15,,0.096,0.11274632077824893,0 1 3 7 2 15 4 6 5 8 9 10 11 31 12 13 14 32 127 63,0 1 3 7 2 15 4 6 5 8 9 10 11 31 12 13 14 32 127 63,phoneme,db8,energy,56,250,250,0
W-QDA,W-QDA:qda,11,,0.076,0.10177101521576452,0 1 3 7 2 15 4 6 5 8 9 10 11 31 12 13 14 32 127 63,0 1 3 7 2 15 4 6 5 8 9 10 11 31 12 13 14 32 127 63,phoneme,db8,energy,56,250,250,0
W-CART,W-CART:cart,22,,0.128,0.16163631828386132,0 1 3 7 2 15 4 6 5 8 9 10 11 31 12 13 14 32 127 63,0 1 3 7 2 15 4 6 5 8 9 10 11 31 12 13 14 32 127 63,phoneme,db8,energy,56,250,250,0
ALL,W-QDA:qda,11,,0.076,0.10177101521576452,0 1 3 7 2 15 4 6 5 8 9 10 11 31 12 13 14 32 127 63,0 1 3 7 2 15 4 6 5 8 9 10 11 31 12 13 14 32 127 63,phoneme,db8,energy,56,250,250,0
W-NN,W-NN:k=15,13,3.0,0.096,0.11424295335495135,0 1 3 7 2 4 5 6 8 9 10 11 12 13 14 15 16 17 18 19,0 1 3 7 2 15 4 6 5 8 9 11 10 31 32 13 16 20 17 253,phoneme,db8,usage,56,250,250,0
W-QDA,W-QDA:qda,11,0.5,0.076,0.10177101521576452,0 1 3 7 15 2 4 6 9 5 8 31 10 11 12 32 14 127 13 17,0 1 3 7 2 15 4 6 5 8 9 11 10 31 32 13 16 20 17 253,phoneme,db8,usage,56,250,250,0
W-CART,W-CART:cart,22,2.0,0.136,0.17610376652531803,0 1 3 7 2 6 15 4 5 8 9 10 11 12 13 14 16 17 18 19,0 1 3 7 2 15 4 6 5 8 9 11 10 31 32 13 16 20 17 253,phoneme,db8,usage,56,250,250,0
ALL,W-QDA:qda,11,0.5,0.076,0.10177101521576452,0 1 3 7 15 2 4 6 9 5 8 31 10 11 12 32 14 127 13 17,0 1 3 7 2 15 4 6 5 8 9 11 10 31 32 13 16 20 17 253,phoneme,db8,usage,56,250,250,0
W-NN,W-NN:k=7,11,,0.104,0.1077575455225742,0 1 3 7 2 15 4 6 5 9 8 31 11 10 12 13 14 127 64 63,0 1 3 7 2 15 4 6 5 9 8 31 11 10 12 13 14 127 64 63,phoneme,db8,energy,57,250,250,0
W-QDA,W-QDA:qda,18,,0.104,0.12222499376403093,0 1 3 7 2 15 4 6 5 9 8 31 11 10 12 13 14 127 64 63,0 1 3 7 2 15 4 6 5 9 8 31 11 10 12 13 14 127 64 63,phoneme,db8,energy,57,250,250,0
W-CART,W-CART:cart,16,,0.164,0.1683711648790222,0 1 3 7 2 15 4 6 5 9 8 31 11 10 12 13 14 127 64 63,0 1 3 7 2 15 4 6 5 9 8 31 11 10 12 13 14 127 64 63,phoneme,db8,energy,57,250,250,0
ALL,W-NN:k=7,11,,0.104,0.1077575455225742,0 1 3 7 2 15 4 6 5 9 8 31 11 10 12 13 14 127 64 63,0 1 3 7 2 15 4 6 5 9 8 31 11 10 12 13 14 127 64 63,phoneme,db8,energy,57,250,250,0
W-NN,W-NN:k=7,10,3.0,0.096,0.107009229234223,0 1 3 7 2 4 5 6 8 9 10 11 12 13 14 15 16 17 18 19,0 1 3 7 2 15 4 9 5 6 8 10 11 31 12 17 13 16 20 64,phoneme,db8,usage,57,250,250,0
W-QDA,W-QDA:qda,9,1.5,0.104,0.11673734098278872,0 1 3 7 2 15 5 6 9 4 8 10 11 12 13 14 16 17 18 19,0 1 3 7 2 15 4 9 5 6 8 10 11 31 12 17 13 16 20 64,phoneme,db8,usage,57,250,250,0
W-CART,W-CART:cart,16,1.0,0.148,0.1608880019955101,0 1 3 7 2 15 4 9 5 6 8 10 11 31 12 17 13 16 20 64,0 1 3 7 2 15 4 9 5 6 8 10 11 31 12 17 13 16 20 64,phoneme,db8,usage,57,250,250,0
ALL,W-NN:k=7,10,3.0,0.096,0.107009229234223,0 1 3 7 2 4 5 6 8 9 10 11 12 13 14 15 16 17 18 19,0 1 3 7 2 15 4 9 5 6 8 10 11 31 12 17 13 16 20 64,phoneme,db8,usage,57,250,250,0
W-NN,W-NN:k=5,55,,0.064,0.11374407582938388,0 1 3 7 2 15 4 6 5 9 8 10 31 11 12 13 14 127 63 32,0 1 3 7 2 15 4 6 5 9 8 10 31 11 12 13 14 127 63 32,phoneme,db8,energy,58,250,250,0
W-QDA,W-QDA:qda,12,,0.088,0.10750810675979047,0 1 3 7 2 15 4 6 5 9 8 10 31 11 12 13 14 127 63 32,0 1 3 7 2 15 4 6 5 9 8 10 31 11 12 13 14 127 63 32,phoneme,db8,energy,58,250,250,0
W-CART,W-CART:cart,29,,0.148,0.17934647044150662,0 1 3 7 2 15 4 6 5 9 8 10 31 11 12 13 14 127 63 32,0 1 3 7 2 15 4 6 5 9 8 10 31 11 12 13 14 127 63 32,phoneme,db8,energy,58,250,250,0
ALL,W-NN:k=5,55,,0.064,0.11374407582938388,0 1 3 7 2 15 4 6 5 9 8 10 31 11 12 13 14 127 63 32,0 1 3 7 2 15 4 6 5 9 8 10 31 11 12 13 14 127 63 32,phoneme,db8,energy,58,250,250,0
W-NN,W-NN:k=3,19,1.0,0.06,0.11698677974557246,0 1 3 7 2 15 4 6 5 8 9 31 16 10 11 17 63 127 172 253,0 1 3 7 2 15 4 6 5 8 9 31 16 10 11 17 63 127 172 253,phoneme,db8,usage,58,250,250,0
W-QDA,W-QDA:qda,12,1.5,0.088,0.10750810675979047,0 1 3 7 2 15 4 6 5 9 8 10 11 12 13 14 16 17 18 19,0 1 3 7 2 15 4 6 5 8 9 31 16 10 11 17 63 127 172 253,phoneme,db8,usage,58,250,250,0
W-CART,W-CART:cart,51,3.0,0.14,0.19181840858069343,0 1 3 2 7 4 5 6 8 9 10 11 12 13 14 15 16 17 18 19,0 1 3 7 2 15 4 6 5 8 9 31 16 10 11 17 63 127 172 253,phoneme,db8,usage,58,250,250,0
ALL,W-NN:k=3,19,1.0,0.06,0.11698677974557246,0 1 3 7 2 15 4 6 5 8 9 31 16 10 11 17 63 127 172 253,0 1 3 7 2 15 4 6 5 8 9 31 16 10 11 17 63 127 172 253,phoneme,db8,usage,58,250,250,0
W-NN,W-NN:k=3,12,,0.052,0.10251933150411574,0 1 3 7 2 15 4 6 5 9 8 10 31 11 12 14 13 64 127 32,0 1 3 7 2 15 4 6 5 9 8 10 31 11 12 14 13 64 127 32,phoneme,db8,energy,59,250,250,0
W-QDA,W-QDA:qda,12,,0.068,0.10900473933649289,0 1 3 7 2 15 4 6 5 9 8 10 31 11 12 14 13 64 127 32,0 1 3 7 2 15 4 6 5 9 8 10 31 11 12 14 13 64 127 32,phoneme,db8,energy,59,250,250,0
W-CART,W-CART:cart,13,,0.108,0.14093290097281116,0 1 3 7 2 15 4 6 5 9 8 10 31 11 12 14 13 64 127 32,0 1 3 7 2 15 4 6 5 9 8 10 31 11 12 14 13 64 127 32,phoneme,db8,energy,59,250,250,0
ALL,W-NN:k=3,12,,0.052,0.10251933150411574,0 1 3 7 2 15 4 6 5 9 8 10 31 11 12 14 13 64 127 32,0 1 3 7 2 15 4 6 5 9 8 10 31 11 12 14 13 64 127 32,phoneme,db8,energy,59,250,250,0
W-NN,W-NN:k=3,12,1.0,0.052,0.10251933150411574,0 1 3 7 2 15 4 6 5 8 9 10 31 11 12 32 20 21 64 13,0 1 3 7 2 15 4 6 5 8 9 10 31 11 12 32 20 21 64 13,phoneme,db8,usage,59,250,250,0
W-QDA,W-QDA:qda,11,3.0,0.064,0.10825642304814168,0 1 3 2 7 4 5 6 8 9 10 11 12 13 14 15 16 17 18 19,0 1 3 7 2 15 4 6 5 8 9 10 31 11 12 32 20 21 64 13,phoneme,db8,usage,59,250,250,0
W-CART,W-CART:cart,50,3.0,0.1,0.1593913694188077,0 1 3 2 7 4 5 6 8 9 10 11 12 13 14 15 16 17 18 19,0 1 3 7 2 15 4 6 5 8 9 10 31 11 12 32 20 21 64 13,phoneme,db8,usage,59,250,250,0
ALL,W-NN:k=3,12,1.0,0.052,0.10251933150411574,0 1 3 7 2 15 4 6 5 8 9 10 31 11 12 32 20 21 64 13,0 1 3 7 2 15 4 6 5 8 9 10 31 11 12 32 20 21 64 13,phoneme,db8,usage,59,250,250,0
W-NN,W-NN:k=9,31,,0.072,0.11100024943876279,0 1 3 7 2 15 4 6 5 9 8 10 11 31 12 13 127 14 63 32,0 1 3 7 2 15 4 6 5 9 8 10 11 31 12 13 127 14 63 32,phoneme,db8,energy,60,250,250,0
W-QDA,W-QDA:qda,11,,0.076,0.10750810675979047,0 1 3 7 2 15 4 6 5 9 8 10 11 31 12 13 127 14 63 32,0 1 3 7 2 15 4 6 5 9 8 10 11 31 12 13 127 14 63 32,phoneme,db8,energy,60,250,250,0
W-CART,W-CART:cart,64,,0.14,0.1696183586929409,0 1 3 7 2 15 4 6 5 9 8 10 11 31 12 13 127 14 63 32,0 1 3 7 2 15 4 6 5 9 8 10 11 31 12 13 127 14 63 32,phoneme,db8,energy,60,250,250,0
ALL,W-NN:k=9,31,,0.072,0.11100024943876279,0 1 3 7 2 15 4 6 5 9 8 10 11 31 12 13 127 14 63 32,0 1 3 7 2 15 4 6 5 9 8 10 11 31 12 13 127 14 63 32,phoneme,db8,energy,60,250,250,0
W-NN,W-NN:k=9,34,0.5,0.072,0.10925417809927662,0 1 3 7 2 15 4 6 9 5 8 31 10 11 12 127 13 16 32 65,0 1 3 7 2 15 4 6 9 8 5 31 10 11 16 12 19 20 32 191,phoneme,db8,usage,60,250,250,0
W-QDA,W-QDA:qda,10,1.0,0.068,0.10825642304814168,0 1 3 7 2 15 4 6 9 8 5 31 10 11 16 12 19 20 32 191,0 1 3 7 2 15 4 6 9 8 5 31 10 11 16 12 19 20 32 191,phoneme,db8,usage,60,250,250,0
W-CART,W-CART:cart,39,3.0,0.132,0.16113744075829384,0 1 3 2 7 4 5 6 8 9 10 11 12 13 14 15 16 17 18 19,0 1 3 7 2 15 4 6 9 8 5 31 10 11 16 12 19 20 32 191,phoneme,db8,usage,60,250,250,0
ALL,W-QDA:qda,10,1.0,0.068,0.10825642304814168,0 1 3 7 2 15 4 6 9 8 5 31 10 11 16 12 19 20 32 191,0 1 3 7 2 15 4 6 9 8 5 31 10 11 16 12 19 20 32 191,phoneme,db8,usage,60,250,250,0
W-NN,W-NN:k=3,27,,0.092,0.11075081067597904,0 1 3 7 2 15 4 6 5 9 8 10 31 11 12 13 127 14 32 64,0 1 3 7 2 15 4 6 5 9 8 10 31 11 12 13 127 14 32 64,phoneme,db8,energy,61,250,250,0
W-QDA,W-QDA:qda,13,,0.08,0.09703167872287354,0 1 3 7 2 15 4 6 5 9 8 10 31 11 12 13 127 14 32 64,0 1 3 7 2 15 4 6 5 9 8 10 31 11 12 13 127 14 32 64,phoneme,db8,energy,61,250,250,0
W-CART,W-CART:cart,30,,0.144,0.1848341232227488,0 1 3 7 2 15 4 6 5 9 8 10 31 11 12 13 127 14 32 64,0 1 3 7 2 15 4 6 5 9 8 10 31 11 12 13 127 14 32 64,phoneme,db8,energy,61,250,250,0
ALL,W-QDA:qda,13,,0.08,0.09703167872287354,0 1 3 7 2 15 4 6 5 9 8 10 31 11 12 13 127 14 32 64,0 1 3 7 2 15 4 6 5 9 8 10 31 11 12 13 127 14 32 64,phoneme,db8,energy,61,250,250,0
W-NN,W-NN:k=3,24,0.5,0.088,0.10925417809927662,0 1 3 7 2 15 4 6 9 5 8 31 10 11 127 12 32 64 14 13,0 1 3 7 2 15 4 6 5 8 9 10 16 11 31 17 20 19 32 64,phoneme,db8,usage,61,250,250,0
W-QDA,W-QDA:qda,13,1.0,0.076,0.09304065851833375,0 1 3 7 2 15 4 6 5 8 9 10 16 11 31 17 20 19 32 64,0 1 3 7 2 15 4 6 5 8 9 10 16 11 31 17 20 19 32 64,phoneme,db8,usage,61,250,250,0
W-CART,W-CART:cart,24,0.5,0.136,0.16936891993015715,0 1 3 7 2 15 4 6 9 5 8 31 10 11 127 12 32 64 14 13,0 1 3 7 2 15 4 6 5 8 9 10 16 11 31 17 20 19 32 64,phoneme,db8,usage,61,250,250,0
ALL,W-QDA:qda,13,1.0,0.076,0.09304065851833375,0 1 3 7 2 15 4 6 5 8 9 10 16 11 31 17 20 19 32 64,0 1 3 7 2 15 4 6 5 8 9 10 16 11 31 17 20 19 32 64,phoneme,db8,usage,61,250,250,0
W-NN,W-NN:k=5,8,,0.084,0.1227238712895984,0 1 3 7 2 15 4 6 5 9 8 10 31 11 12 13 14 127 64 65,0 1 3 7 2 15 4 6 5 9 8 10 31 11 12 13 14 127 64 65,phoneme,db8,energy,62,250,250,0
W-QDA,W-QDA:qda,7,,0.108,0.11848341232227488,0 1 3 7 2 15 4 6 5 9 8 10 31 11 12 13 14 127 64 65,0 1 3 7 2 15 4 6 5 9 8 10 31 11 12 13 14 127 64 65,phoneme,db8,energy,62,250,250,0
W-CART,W-CART:cart,28,,0.108,0.16263407333499627,0 1 3 7 2 15 4 6 5 9 8 10 31 11 12 13 14 127 64 65,0 1 3 7 2 15 4 6 5 9 8 10 31 11 12 13 14 127 64 65,phoneme,db8,energy,62,250,250,0
ALL,W-NN:k=5,8,,0.084,0.1227238712895984,0 1 3 7 2 15 4 6 5 9 8 10 31 11 12 13 14 127 64 65,0 1 3 7 2 15 4 6 5 9 8 10 31 11 12 13 14 127 64 65,phoneme,db8,energy,62,250,250,0
W-NN,W-NN:k=9,8,2.0,0.08,0.11499126964330257,0 1 3 7 2 15 4 9 5 6 8 10 11 12 13 14 16 17 18 19,0 1 3 7 2 15 4 6 5 9 8 10 31 16 17 11 12 13 14 64,phoneme,db8,usage,62,250,250,0
W-QDA,W-QDA:qda,6,3.0,0.08,0.11648790222000499,0 1 3 2 4 5 6 7 8 9 10 11 12 13 14 15 16 17 18 19,0 1 3 7 2 15 4 6 5 9 8 10 31 16 17 11 12 13 14 64,phoneme,db8,usage,62,250,250,0
W-CART,W-CART:cart,50,0.5,0.1,0.1506610127213769,0 1 3 7 2 15 4 6 9 5 8 31 10 11 12 127 13 16 14 17,0 1 3 7 2 15 4 6 5 9 8 10 31 16 17 11 12 13 14 64,phoneme,db8,usage,62,250,250,0
ALL,W-QDA:qda,6,3.0,0.08,0.11648790222000499,0 1 3 2 4 5 6 7 8 9 10 11 12 13 14 15 16 17 18 19,0 1 3 7 2 15 4 6 5 9 8 10 31 16 17 11 12 13 14 64,phoneme,db8,usage,62,250,250,0
W-NN,W-NN:k=9,37,,0.112,0.10900473933649289,0 1 3 7 2 15 4 6 5 9 8 10 31 11 12 13 14 127 32 63,0 1 3 7 2 15 4 6 5 9 8 10 31 11 12 13 14 127 32 63,phoneme,db8,energy,63,250,250,0
W-QDA,W-QDA:qda,12,,0.104,0.11623846345722125,0 1 3 7 2 15 4 6 5 9 8 10 31 11 12 13 14 127 32 63,0 1 3 7 2 15 4 6 5 9 8 10 31 11 12 13 14 127 32 63,phoneme,db8,energy,63,250,250,0
W-CART,W-CART:cart,13,,0.148,0.16363182838613122,0 1 3 7 2 15 4 6 5 9 8 10 31 11 12 13 14 127 32 63,0 1 3 7 2 15 4 6 5 9 8 10 31 11 12 13 14 127 32 63,phoneme,db8,energy,63,250,250,0
ALL,W-QDA:qda,12,,0.104,0.11623846345722125,0 1 3 7 2 15 4 6 5 9 8 10 31 11 12 13 14 127 32 63,0 1 3 7 2 15 4 6 5 9 8 10 31 11 12 13 14 127 32 63,phoneme,db8,energy,63,250,250,0
W-NN,W-NN:k=7,37,0.5,0.108,0.10825642304814168,0 1 3 2 7 15 4 6 9 8 5 31 10 11 12 32 14 127 16 13,0 1 3 7 2 15 4 6 5 9 8 10 31 11 16 17 64 12 13 21,phoneme,db8,usage,63,250,250,0
W-QDA,W-QDA:qda,10,3.0,0.104,0.1097530556248441,0 1 3 2 4 5 6 7 8 9 10 11 12 13 14 15 16 17 18 19,0 1 3 7 2 15 4 6 5 9 8 10 31 11 16 17 64 12 13 21,phoneme,db8,usage,63,250,250,0
W-CART,W-CART:cart,29,3.0,0.144,0.1663756547767523,0 1 3 2 4 5 6 7 8 9 10 11 12 13 14 15 16 17 18 19,0 1 3 7 2 15 4 6 5 9 8 10 31 11 16 17 64 12 13 21,phoneme,db8,usage,63,250,250,0
ALL,W-QDA:qda,10,3.0,0.104,0.1097530556248441,0 1 3 2 4 5 6 7 8 9 10 11 12 13 14 15 16 17 18 19,0 1 3 7 2 15 4 6 5 9 8 10 31 11 16 17 64 12 13 21,phoneme,db8,usage,63,250,250,0
W-NN,W-NN:k=9,10,,0.072,0.1015215764529808,0 1 3 7 2 15 4 6 5 9 8 31 10 11 12 13 14 63 127 32,0 1 3 7 2 15 4 6 5 9 8 31 10 11 12 13 14 63 127 32,phoneme,db8,energy,64,250,250,0
W-QDA,W-QDA:qda,12,,0.064,0.10651035170865553,0 1 3 7 2 15 4 6 5 9 8 31 10 11 12 13 14 63 127 32,0 1 3 7 2 15 4 6 5 9 8 31 10 11 12 13 14 63 127 32,phoneme,db8,energy,64,250,250,0
W-CART,W-CART:cart,11,,0.128,0.16787228735345472,0 1 3 7 2 15 4 6 5 9 8 31 10 11 12 13 14 63 127 32,0 1 3 7 2 15 4 6 5 9 8 31 10 11 12 13 14 63 127 32,phoneme,db8,energy,64,250,250,0
ALL,W-QDA:qda,12,,0.064,0.10651035170865553,0 1 3 7 2 15 4 6 5 9 8 31 10 11 12 13 14 63 127 32,0 1 3 7 2 15 4 6 5 9 8 31 10 11 12 13 14 63 127 32,phoneme,db8,energy,64,250,250,0
W-NN,W-NN:k=9,10,0.5,0.072,0.1015215764529808,0 1 3 7 15 2 4 5 9 6 8 31 10 11 12 13 32 14 17 16,0 1 3 7 2 15 4 6 5 9 8 10 31 11 16 20 13 17 32 33,phoneme,db8,usage,64,250,250,0
W-QDA,W-QDA:qda,12,0.5,0.064,0.10651035170865553,0 1 3 7 15 2 4 5 9 6 8 31 10 11 12 13 32 14 17 16,0 1 3 7 2 15 4 6 5 9 8 10 31 11 16 20 13 17 32 33,phoneme,db8,usage,64,250,250,0
W-CART,W-CART:cart,9,2.0,0.12,0.1554003492142679,0 1 3 7 2 4 5 9 15 6 8 10 11 12 13 14 16 17 18 19,0 1 3 7 2 15 4 6 5 9 8 10 31 11 16 20 13 17 32 33,phoneme,db8,usage,64,250,250,0
ALL,W-QDA:qda,12,0.5,0.064,0.10651035170865553,0 1 3 7 15 2 4 5 9 6 8 31 10 11 12 13 32 14 17 16,0 1 3 7 2 15 4 6 5 9 8 10 31 11 16 20 13 17 32 33,phoneme,db8,usage,64,250,250,0
W-NN,W-NN:k=15,12,,0.084,0.1050137191319531,0 1 3 7 2 15 4 6 5 9 8 10 31 11 12 14 64 127 13 63,0 1 3 7 2 15 4 6 5 9 8 10 31 11 12 14 64 127 13 63,phoneme,db8,energy,65,250,250,0
W-QDA,W-QDA:qda,11,,0.116,0.12222499376403093,0 1 3 7 2 15 4 6 5 9 8 10 31 11 12 14 64 127 13 63,0 1 3 7 2 15 4 6 5 9 8 10 31 11 12 14 64 127 13 63,phoneme,db8,energy,65,250,250,0
W-CART,W-CART:cart,9,,0.192,0.19930157146420555,0 1 3 7 2 15 4 6 5 9 8 10 31 11 12 14 64 127 13 63,0 1 3 7 2 15 4 6 5 9 8 10 31 11 12 14 64 127 13 63,phoneme,db8,energy,65,250,250,0
ALL,W-NN:k=15,12,,0.084,0.1050137191319531,0 1 3 7 2 15 4 6 5 9 8 10 31 11 12 14 64 127 13 63,0 1 3 7 2 15 4 6 5 9 8 10 31 11 12 14 64 127 13 63,phoneme,db8,energy,65,250,250,0
W-NN,W-NN:k=15,12,1.0,0.084,0.1050137191319531,0 1 3 7 2 15 4 6 9 8 5 10 31 11 16 64 12 17 19 14,0 1 3 7 2 15 4 6 9 8 5 10 31 11 16 64 12 17 19 14,phoneme,db8,usage,65,250,250,0
W-QDA,W-QDA:qda,23,1.0,0.112,0.13793963581940633,0 1 3 7 2 15 4 6 9 8 5 10 31 11 16 64 12 17 19 14,0 1 3 7 2 15 4 6 9 8 5 10 31 11 16 64 12 17 19 14,phoneme,db8,usage,65,250,250,0
W-CART,W-CART:cart,10,3.0,0.18,0.16936891993015715,0 1 3 2 7 4 5 6 8 9 10 11 12 13 14 15 16 17 18 19,0 1 3 7 2 15 4 6 9 8 5 10 31 11 16 64 12 17 19 14,phoneme,db8,usage,65,250,250,0
ALL,W-NN:k=15,12,1.0,0.084,0.1050137191319531,0 1 3 7 2 15 4 6 9 8 5 10 31 11 16 64 12 17 19 14,0 1 3 7 2 15 4 6 9 8 5 10 31 11 16 64 12 17 19 14,phoneme,db8,usage,65,250,250,0
W-NN,W-NN:k=15,11,,0.064,0.11224744325268146,0 1 3 7 2 15 4 5 6 9 8 10 11 31 12 14 13 127 32 63,0 1 3 7 2 15 4 5 6 9 8 10 11 31 12 14 13 127 32 63,phoneme,db8,energy,66,250,250,0
W-QDA,W-QDA:qda,12,,0.08,0.09653280119730606,0 1 3 7 2 15 4 5 6 9 8 10 11 31 12 14 13 127 32 63,0 1 3 7 2 15 4 5 6 9 8 10 11 31 12 14 13 127 32 63,phoneme,db8,energy,66,250,250,0
W-CART,W-CART:cart,8,,0.124,0.20478922424544774,0 1 3 7 2 15 4 5 6 9 8 10 11 31 12 14 13 127 32 63,0 1 3 7 2 15 4 5 6 9 8 10 11 31 12 14 13 127 32 63,phoneme,db8,energy,66,250,250,0
ALL,W-NN:k=15,11,,0.064,0.11224744325268146,0 1 3 7 2 15 4 5 6 9 8 10 11 31 12 14 13 127 32 63,0 1 3 7 2 15 4 5 6 9 8 10 11 31 12 14 13 127 32 63,phoneme,db8,energy,66,250,250,0
W-NN,W-NN:k=15,11,3.0,0.06,0.11050137191319531,0 1 3 2 7 4 5 6 8 9 10 11 12 13 14 15 16 17 18 19,0 1 3 7 2 15 4 5 6 9 8 10 31 11 12 32 13 19 14 16,phoneme,db8,usage,66,250,250,0
W-QDA,W-QDA:qda,20,1.5,0.064,0.10451484160638563,0 1 3 7 2 15 4 5 6 9 11 8 10 12 13 14 16 17 18 19,0 1 3 7 2 15 4 5 6 9 8 10 31 11 12 32 13 19 14 16,phoneme,db8,usage,66,250,250,0
W-CART,W-CART:cart,11,1.5,0.116,0.19181840858069343,0 1 3 7 2 15 4 5 6 9 11 8 10 12 13 14 16 17 18 19,0 1 3 7 2 15 4 5 6 9 8 10 31 11 12 32 13 19 14 16,phoneme,db8,usage,66,250,250,0
ALL,W-NN:k=15,11,3.0,0.06,0.11050137191319531,0 1 3 2 7 4 5 6 8 9 10 11 12 13 14 15 16 17 18 19,0 1 3 7 2 15 4 5 6 9 8 10 31 11 12 32 13 19 14 16,phoneme,db8,usage,66,250,250,0
W-NN,W-NN:k=9,21,,0.088,0.10301820902968321,0 1 3 7 2 15 4 6 5 9 8 10 31 11 12 14 13 127 64 32,0 1 3 7 2 15 4 6 5 9 8 10 31 11 12 14 13 127 64 32,phoneme,db8,energy,67,250,250,0
W-QDA,W-QDA:qda,7,,0.108,0.11199800448989773,0 1 3 7 2 15 4 6 5 9 8 10 31 11 12 14 13 127 64 32,0 1 3 7 2 15 4 6 5 9 8 10 31 11 12 14 13 127 64 32,phoneme,db8,energy,67,250,250,0
W-CART,W-CART:cart,11,,0.188,0.17909703167872287,0 1 3 7 2 15 4 6 5 9 8 10 31 11 12 14 13 127 64 32,0 1 3 7 2 15 4 6 5 9 8 10 31 11 12 14 13 127 64 32,phoneme,db8,energy,67,250,250,0
ALL,W-NN:k=9,21,,0.088,0.10301820902968321,0 1 3 7 2 15 4 6 5 9 8 10 31 11 12 14 13 127 64 32,0 1 3 7 2 15 4 6 5 9 8 10 31 11 12 14 13 127 64 32,phoneme,db8,energy,67,250,250,0
W-NN,W-NN:k=9,22,0.5,0.084,0.10251933150411574,0 1 3 2 7 15 4 6 9 5 8 31 10 11 12 14 127 13 32 17,0 1 3 7 2 15 4 6 5 8 9 10 11 17 31 16 12 13 14 19,phoneme,db8,usage,67,250,250,0
W-QDA,W-QDA:qda,5,3.0,0.108,0.11324519830381641,0 1 3 2 4 5 6 7 8 9 10 11 12 13 14 15 16 17 18 19,0 1 3 7 2 15 4 6 5 8 9 10 11 17 31 16 12 13 14 19,phoneme,db8,usage,67,250,250,0
W-CART,W-CART:cart,14,3.0,0.16,0.17635320528810178,0 1 3 2 4 5 6 7 8 9 10 11 12 13 14 15 16 17 18 19,0 1 3 7 2 15 4 6 5 8 9 10 11 17 31 16 12 13 14 19,phoneme,db8,usage,67,250,250,0
ALL,W-NN:k=9,22,0.5,0.084,0.10251933150411574,0 1 3 2 7 15 4 6 9 5 8 31 10 11 12 14 127 13 32 17,0 1 3 7 2 15 4 6 5 8 9 10 11 17 31 16 12 13 14 19,phoneme,db8,usage,67,250,250,0
W-NN,W-NN:k=3,17,,0.1,0.10725866799700673,0 1 3 7 2 15 4 6 5 9 8 10 31 11 12 14 13 127 63 32,0 1 3 7 2 15 4 6 5 9 8 10 31 11 12 14 13 127 63 32,phoneme,db8,energy,68,250,250,0
W-QDA,W-QDA:qda,8,,0.084,0.107009229234223,0 1 3 7 2 15 4 6 5 9 8 10 31 11 12 14 13 127 63 32,0 1 3 7 2 15 4 6 5 9 8 10 31 11 12 14 13 127 63 32,phoneme,db8,energy,68,250,250,0
W-CART,W-CART:cart,15,,0.152,0.17834871539037167,0 1 3 7 2 15 4 6 5 9 8 10 31 11 12 14 13 127 63 32,0 1 3 7 2 15 4 6 5 9 8 10 31 11 12 14 13 127 63 32,phoneme,db8,energy,68,250,250,0
ALL,W-QDA:qda,8,,0.084,0.107009229234223,0 1 3 7 2 15 4 6 5 9 8 10 31 11 12 14 13 127 63 32,0 1 3 7 2 15 4 6 5 9 8 10 31 11 12 14 13 127 63 32,phoneme,db8,energy,68,250,250,0
W-NN,W-NN:k=3,16,1.5,0.092,0.10800698428535795,0 1 3 7 2 15 4 5 6 9 8 10 11 12 13 14 16 17 18 19,0 1 3 7 2 15 4 6 5 8 9 10 11 31 12 20 16 17 19 65,phoneme,db8,usage,68,250,250,0
W-QDA,W-QDA:qda,8,0.5,0.084,0.107009229234223,0 1 3 7 15 2 4 6 5 9 8 31 10 11 12 14 16 13 20 17,0 1 3 7 2 15 4 6 5 8 9 10 11 31 12 20 16 17 19 65,phoneme,db8,usage,68,250,250,0
W-CART,W-CART:cart,21,2.0,0.132,0.1698677974557246,0 1 3 7 2 4 15 6 5 8 9 10 11 12 13 14 16 17 18 19,0 1 3 7 2 15 4 6 5 8 9 10 11 31 12 20 16 17 19 65,phoneme,db8,usage,68,250,250,0
ALL,W-QDA:qda,8,0.5,0.084,0.107009229234223,0 1 3 7 15 2 4 6 5 9 8 31 10 11 12 14 16 13 20 17,0 1 3 7 2 15 4 6 5 8 9 10 11 31 12 20 16 17 19 65,phoneme,db8,usage,68,250,250,0
W-NN,W-NN:k=15,24,,0.104,0.09902718882514343,0 1 3 7 2 15 4 6 5 9 8 10 31 11 12 13 14 127 32 63,0 1 3 7 2 15 4 6 5 9 8 10 31 11 12 13 14 127 32 63,phoneme,db8,energy,69,250,250,0
W-QDA,W-QDA:qda,8,,0.108,0.11673734098278872,0 1 3 7 2 15 4 6 5 9 8 10 31 11 12 13 14 127 32 63,0 1 3 7 2 15 4 6 5 9 8 10 31 11 12 13 14 127 32 63,phoneme,db8,energy,69,250,250,0
W-CART,W-CART:cart,38,,0.108,0.16587677725118483,0 1 3 7 2 15 4 6 5 9 8 10 31 11 12 13 14 127 32 63,0 1 3 7 2 15 4 6 5 9 8 10 31 11 12 13 14 127 32 63,phoneme,db8,energy,69,250,250,0
ALL,W-NN:k=15,24,,0.104,0.09902718882514343,0 1 3 7 2 15 4 6 5 9 8 10 31 11 12 13 14 127 32 63,0 1 3 7 2 15 4 6 5 9 8 10 31 11 12 13 14 127 32 63,phoneme,db8,energy,69,250,250,0
W-NN,W-NN:k=25,53,1.5,0.1,0.10451484160638563,0 1 3 7 2 15 4 6 9 5 8 10 11 12 13 14 16 17 18 19,0 1 3 7 2 15 4 6 5 9 8 10 31 11 13 16 32 127 17 20,phoneme,db8,usage,69,250,250,0
W-QDA,W-QDA:qda,9,0.5,0.092,0.10675979047143926,0 1 3 7 15 2 4 6 9 5 8 31 10 11 12 13 127 16 32 17,0 1 3 7 2 15 4 6 5 9 8 10 31 11 13 16 32 127 17 20,phoneme,db8,usage,69,250,250,0
W-CART,W-CART:cart,29,1.5,0.108,0.16612621601396857,0 1 3 7 2 15 4 6 9 5 8 10 11 12 13 14 16 17 18 19,0 1 3 7 2 15 4 6 5 9 8 10 31 11 13 16 32 127 17 20,phoneme,db8,usage,69,250,250,0
ALL,W-QDA:qda,9,0.5,0.092,0.10675979047143926,0 1 3 7 15 2 4 6 9 5 8 31 10 11 12 13 127 16 32 17,0 1 3 7 2 15 4 6 5 9 8 10 31 11 13 16 32 127 17 20,phoneme,db8,usage,69,250,250,0
W-NN,W-NN:k=7,13,,0.104,0.12571713644300325,0 1 3 7 2 15 4 6 5 9 8 10 31 11 12 14 13 127 64 63,0 1 3 7 2 15 4 6 5 9 8 10 31 11 12 14 13 127 64 63,phoneme,db8,energy,70,250,250,0
W-QDA,W-QDA:qda,13,,0.08,0.11648790222000499,0 1 3 7 2 15 4 6 5 9 8 10 31 11 12 14 13 127 64 63,0 1 3 7 2 15 4 6 5 9 8 10 31 11 12 14 13 127 64 63,phoneme,db8,energy,70,250,250,0
W-CART,W-CART:cart,13,,0.184,0.20628585682215017,0 1 3 7 2 15 4 6 5 9 8 10 31 11 12 14 13 127 64 63,0 1 3 7 2 15 4 6 5 9 8 10 31 11 12 14 13 127 64 63,phoneme,db8,energy,70,250,250,0
ALL,W-QDA:qda,13,,0.08,0.11648790222000499,0 1 3 7 2 15 4 6 5 9 8 10 31 11 12 14 13 127 64 63,0 1 3 7 2 15 4 6 5 9 8 10 31 11 12 14 13 127 64 63,phoneme,db8,energy,70,250,250,0
W-NN,W-NN:k=3,18,2.0,0.1,0.13245198303816413,0 1 3 7 2 15 4 5 6 8 9 10 11 12 13 14 16 17 18 19,0 1 3 7 2 15 6 4 5 9 8 10 12 31 11 64 16 20 14 17,phoneme,db8,usage,70,250,250,0
W-QDA,W-QDA:qda,13,0.5,0.08,0.11648790222000499,0 1 3 7 2 15 4 6 9 5 8 31 10 11 12 127 16 17 13 14,0 1 3 7 2 15 6 4 5 9 8 10 12 31 11 64 16 20 14 17,phoneme,db8,usage,70,250,250,0
W-CART,W-CART:cart,13,3.0,0.144,0.19131953105512597,0 1 3 7 2 4 5 6 8 9 10 11 12 13 14 15 16 17 18 19,0 1 3 7 2 15 6 4 5 9 8 10 12 31 11 64 16 20 14 17,phoneme,db8,usage,70,250,250,0
ALL,W-QDA:qda,13,0.5,0.08,0.11648790222000499,0 1 3 7 2 15 4 6 9 5 8 31 10 11 12 127 16 17 13 14,0 1 3 7 2 15 6 4 5 9 8 10 12 31 11 64 16 20 14 17,phoneme,db8,usage,70,250,250,0
W-NN,W-NN:k=9,23,,0.076,0.11075081067597904,0 1 3 7 2 15 4 6 5 9 8 10 31 11 12 13 127 14 32 64,0 1 3 7 2 15 4 6 5 9 8 10 31 11 12 13 127 14 32 64,phoneme,db8,energy,71,250,250,0
W-QDA,W-QDA:qda,19,,0.104,0.14018458468445996,0 1 3 7 2 15 4 6 5 9 8 10 31 11 12 13 127 14 32 64,0 1 3 7 2 15 4 6 5 9 8 10 31 11 12 13 127 14 32 64,phoneme,db8,energy,71,250,250,0
W-CART,W-CART:cart,9,,0.14,0.18583187827388375,0 1 3 7 2 15 4 6 5 9 8 10 31 11 12 13 127 14 32 64,0 1 3 7 2 15 4 6 5 9 8 10 31 11 12 13 127 14 32 64,phoneme,db8,energy,71,250,250,0
ALL,W-NN:k=9,23,,0.076,0.11075081067597904,0 1 3 7 2 15 4 6 5 9 8 10 31 11 12 13 127 14 32 64,0 1 3 7 2 15 4 6 5 9 8 10 31 11 12 13 127 14 32 64,phoneme,db8,energy,71,250,250,0
W-NN,W-NN:k=9,22,0.5,0.076,0.1097530556248441,0 1 3 7 2 15 4 6 5 9 8 31 10 11 12 14 127 32 16 17,0 1 3 7 2 15 4 6 5 8 9 10 12 16 11 31 17 20 64 127,phoneme,db8,usage,71,250,250,0
W-QDA,W-QDA:qda,10,3.0,0.1,0.11873285108505861,0 1 3 2 7 4 5 6 8 9 10 11 12 13 14 15 16 17 18 19,0 1 3 7 2 15 4 6 5 8 9 10 12 16 11 31 17 20 64 127,phoneme,db8,usage,71,250,250,0
W-CART,W-CART:cart,10,1.0,0.136,0.18009478672985782,0 1 3 7 2 15 4 6 5 8 9 10 12 16 11 31 17 20 64 127,0 1 3 7 2 15 4 6 5 8 9 10 12 16 11 31 17 20 64 127,phoneme,db8,usage,71,250,250,0
ALL,W-NN:k=9,22,0.5,0.076,0.1097530556248441,0 1 3 7 2 15 4 6 5 9 8 31 10 11 12 14 127 32 16 17,0 1 3 7 2 15 4 6 5 8 9 10 12 16 11 31 17 20 64 127,phoneme,db8,usage,71,250,250,0
W-NN,W-NN:k=25,12,,0.104,0.12247443252681467,0 1 3 7 2 15 4 6 5 9 8 10 31 11 12 13 14 127 64 63,0 1 3 7 2 15 4 6 5 9 8 10 31 11 12 13 14 127 64 63,phoneme,db8,energy,72,250,250,0
W-QDA,W-QDA:qda,13,,0.108,0.11349463706660015,0 1 3 7 2 15 4 6 5 9 8 10 31 11 12 13 14 127 64 63,0 1 3 7 2 15 4 6 5 9 8 10 31 11 12 13 14 127 64 63,phoneme,db8,energy,72,250,250,0
W-CART,W-CART:cart,32,,0.148,0.1875779496133699,0 1 3 7 2 15 4 6 5 9 8 10 31 11 12 13 14 127 64 63,0 1 3 7 2 15 4 6 5 9 8 10 31 11 12 13 14 127 64 63,phoneme,db8,energy,72,250,250,0
ALL,W-NN:k=25,12,,0.104,0.12247443252681467,0 1 3 7 2 15 4 6 5 9 8 10 31 11 12 13 14 127 64 63,0 1 3 7 2 15 4 6 5 9 8 10 31 11 12 13 14 127 64 63,phoneme,db8,energy,72,250,250,0
W-NN,W-NN:k=25,14,1.0,0.1,0.12247443252681467,0 1 3 7 2 15 4 6 5 9 8 10 16 12 31 11 17 14 19 32,0 1 3 7 2 15 4 6 5 9 8 10 16 12 31 11 17 14 19 32,phoneme,db8,usage,72,250,250,0
W-QDA,W-QDA:qda,8,3.0,0.1,0.10675979047143926,0 1 3 2 4 5 6 7 8 9 10 11 12 13 14 15 16 17 18 19,0 1 3 7 2 15 4 6 5 9 8 10 16 12 31 11 17 14 19 32,phoneme,db8,usage,72,250,250,0
W-CART,W-CART:cart,12,0.5,0.148,0.1758543277625343,0 1 7 3 2 15 4 6 9 5 8 31 10 11 12 127 14 13 16 64,0 1 3 7 2 15 4 6 5 9 8 10 16 12 31 11 17 14 19 32,phoneme,db8,usage,72,250,250,0
ALL,W-QDA:qda,8,3.0,0.1,0.10675979047143926,0 1 3 2 4 5 6 7 8 9 10 11 12 13 14 15 16 17 18 19,0 1 3 7 2 15 4 6 5 9 8 10 16 12 31 11 17 14 19 32,phoneme,db8,usage,72,250,250,0
W-NN,W-NN:k=5,42,,0.052,0.10626091294587178,0 1 3 7 2 15 4 6 5 9 8 10 31 11 12 13 14 63 127 64,0 1 3 7 2 15 4 6 5 9 8 10 31 11 12 13 14 63 127 64,phoneme,db8,energy,73,250,250,0
W-QDA,W-QDA:qda,12,,0.1,0.10601147418308805,0 1 3 7 2 15 4 6 5 9 8 10 31 11 12 13 14 63 127 64,0 1 3 7 2 15 4 6 5 9 8 10 31 11 12 13 14 63 127 64,phoneme,db8,energy,73,250,250,0
W-CART,W-CART:cart,10,,0.14,0.18308805188326266,0 1 3 7 2 15 4 6 5 9 8 10 31 11 12 13 14 63 127 64,0 1 3 7 2 15 4 6 5 9 8 10 31 11 12 13 14 63 127 64,phoneme,db8,energy,73,250,250,0
ALL,W-NN:k=5,42,,0.052,0.10626091294587178,0 1 3 7 2 15 4 6 5 9 8 10 31 11 12 13 14 63 127 64,0 1 3 7 2 15 4 6 5 9 8 10 31 11 12 13 14 63 127 64,phoneme,db8,energy,73,250,250,0
W-NN,W-NN:k=5,54,0.5,0.056,0.10675979047143926,0 1 3 7 15 2 4 6 5 9 8 31 10 11 12 14 13 127 16 64,0 1 3 7 2 15 4 6 5 9 8 10 11 13 16 12 17 21 31 32,phoneme,db8,usage,73,250,250,0
W-QDA,W-QDA:qda,11,3.0,0.088,0.10526315789473684,0 1 3 2 4 5 6 7 8 9 10 11 12 13 14 15 16 17 18 19,0 1 3 7 2 15 4 6 5 9 8 10 11 13 16 12 17 21 31 32,phoneme,db8,usage,73,250,250,0
W-CART,W-CART:cart,14,1.0,0.124,0.16587677725118483,0 1 3 7 2 15 4 6 5 9 8 10 11 13 16 12 17 21 31 32,0 1 3 7 2 15 4 6 5 9 8 10 11 13 16 12 17 21 31 32,phoneme,db8,usage,73,250,250,0
ALL,W-NN:k=5,54,0.5,0.056,0.10675979047143926,0 1 3 7 15 2 4 6 5 9 8 31 10 11 12 14 13 127 16 64,0 1 3 7 2 15 4 6 5 9 8 10 11 13 16 12 17 21 31 32,phoneme,db8,usage,73,250,250,0
W-NN,W-NN:k=3,39,,0.128,0.11948116737340983,0 1 3 7 2 15 4 6 5 8 9 10 11 31 12 13 14 127 63 32,0 1 3 7 2 15 4 6 5 8 9 10 11 31 12 13 14 127 63 32,phoneme,db8,energy,74,250,250,0
W-QDA,W-QDA:qda,10,,0.112,0.10651035170865553,0 1 3 7 2 15 4 6 5 8 9 10 11 31 12 13 14 127 63 32,0 1 3 7 2 15 4 6 5 8 9 10 11 31 12 13 14 127 63 32,phoneme,db8,energy,74,250,250,0
W-CART,W-CART:cart,31,,0.18,0.1860813170366675,0 1 3 7 2 15 4 6 5 8 9 10 11 31 12 13 14 127 63 32,0 1 3 7 2 15 4 6 5 8 9 10 11 31 12 13 14 127 63 32,phoneme,db8,energy,74,250,250,0
ALL,W-QDA:qda,10,,0.112,0.10651035170865553,0 1 3 7 2 15 4 6 5 8 9 10 11 31 12 13 14 127 63 32,0 1 3 7 2 15 4 6 5 8 9 10 11 31 12 13 14 127 63 32,phoneme,db8,energy,74,250,250,0
W-NN,W-NN:k=3,50,1.5,0.124,0.11823397355949114,0 1 3 7 2 15 6 4 5 9 8 10 11 12 13 14 16 17 18 19,0 1 3 7 2 15 4 6 5 8 9 10 16 11 17 19 12 31 127 253,phoneme,db8,usage,74,250,250,0
W-QDA,W-QDA:qda,12,0.5,0.108,0.09653280119730606,0 1 7 3 2 15 4 6 9 5 8 31 10 11 12 13 127 16 14 32,0 1 3 7 2 15 4 6 5 8 9 10 16 11 17 19 12 31 127 253,phoneme,db8,usage,74,250,250,0
W-CART,W-CART:cart,17,1.0,0.152,0.16587677725118483,0 1 3 7 2 15 4 6 5 8 9 10 16 11 17 19 12 31 127 253,0 1 3 7 2 15 4 6 5 8 9 10 16 11 17 19 12 31 127 253,phoneme,db8,usage,74,250,250,0
ALL,W-QDA:qda,12,0.5,0.108,0.09653280119730606,0 1 7 3 2 15 4 6 9 5 8 31 10 11 12 13 127 16 14 32,0 1 3 7 2 15 4 6 5 8 9 10 16 11 17 19 12 31 127 253,phoneme,db8,usage,74,250,250,0
W-NN,W-NN:k=7,15,,0.08,0.11399351459216762,0 1 3 7 2 15 4 6 5 9 8 11 10 31 12 13 14 32 127 64,0 1 3 7 2 15 4 6 5 9 8 11 10 31 12 13 14 32 127 64,phoneme,db8,energy,75,250,250,0
W-QDA,W-QDA:qda,10,,0.088,0.09703167872287354,0 1 3 7 2 15 4 6 5 9 8 11 10 31 12 13 14 32 127 64,0 1 3 7 2 15 4 6 5 9 8 11 10 31 12 13 14 32 127 64,phoneme,db8,energy,75,250,250,0
W-CART,W-CART:cart,10,,0.108,0.15365427787478175,0 1 3 7 2 15 4 6 5 9 8 11 10 31 12 13 14 32 127 64,0 1 3 7 2 15 4 6 5 9 8 11 10 31 12 13 14 32 127 64,phoneme,db8,energy,75,250,250,0
ALL,W-NN:k=7,15,,0.08,0.11399351459216762,0 1 3 7 2 15 4 6 5 9 8 11 10 31 12 13 14 32 127 64,0 1 3 7 2 15 4 6 5 9 8 11 10 31 12 13 14 32 127 64,phoneme,db8,energy,75,250,250,0
W-NN,W-NN:k=3,63,1.0,0.072,0.10576203542030431,0 1 3 7 2 15 4 6 5 9 8 10 11 31 12 16 17 19 13 20,0 1 3 7 2 15 4 6 5 9 8 10 11 31 12 16 17 19 13 20,phoneme,db8,usage,75,250,250,0
W-QDA,W-QDA:qda,12,3.0,0.08,0.107009229234223,0 1 3 7 2 4 5 6 8 9 10 11 12 13 14 15 16 17 18 19,0 1 3 7 2 15 4 6 5 9 8 10 11 31 12 16 17 19 13 20,phoneme,db8,usage,75,250,250,0
W-CART,W-CART:cart,10,1.0,0.108,0.15365427787478175,0 1 3 7 2 15 4 6 5 9 8 10 11 31 12 16 17 19 13 20,0 1 3 7 2 15 4 6 5 9 8 10 11 31 12 16 17 19 13 20,phoneme,db8,usage,75,250,250,0
ALL,W-NN:k=3,63,1.0,0.072,0.10576203542030431,0 1 3 7 2 15 4 6 5 9 8 10 11 31 12 16 17 19 13 20,0 1 3 7 2 15 4 6 5 9 8 10 11 31 12 16 17 19 13 20,phoneme,db8,usage,75,250,250,0
W-NN,W-NN:k=3,15,,0.088,0.11274632077824893,0 1 3 7 2 15 4 6 5 9 8 10 31 11 12 14 13 127 32 64,0 1 3 7 2 15 4 6 5 9 8 10 31 11 12 14 13 127 32 64,phoneme,db8,energy,76,250,250,0
W-QDA,W-QDA:qda,14,,0.108,0.12147667747567972,0 1 3 7 2 15 4 6 5 9 8 10 31 11 12 14 13 127 32 64,0 1 3 7 2 15 4 6 5 9 8 10 31 11 12 14 13 127 32 64,phoneme,db8,energy,76,250,250,0
W-CART,W-CART:cart,42,,0.152,0.16263407333499627,0 1 3 7 2 15 4 6 5 9 8 10 31 11 12 14 13 127 32 64,0 1 3 7 2 15 4 6 5 9 8 10 31 11 12 14 13 127 32 64,phoneme,db8,energy,76,250,250,0
ALL,W-NN:k=3,15,,0.088,0.11274632077824893,0 1 3 7 2 15 4 6 5 9 8 10 31 11 12 14 13 127 32 64,0 1 3 7 2 15 4 6 5 9 8 10 31 11 12 14 13 127 32 64,phoneme,db8,energy,76,250,250,0
W-NN,W-NN:k=3,15,0.5,0.088,0.11274632077824893,0 1 3 7 15 2 4 6 8 9 5 31 10 11 12 32 16 14 17 127,0 1 3 7 2 15 4 6 5 9 8 11 31 16 10 12 13 32 17 19,phoneme,db8,usage,76,250,250,0
W-QDA,W-QDA:qda,14,0.5,0.108,0.12147667747567972,0 1 3 7 15 2 4 6 8 9 5 31 10 11 12 32 16 14 17 127,0 1 3 7 2 15 4 6 5 9 8 11 31 16 10 12 13 32 17 19,phoneme,db8,usage,76,250,250,0
W-CART,W-CART:cart,29,1.5,0.152,0.16313295086056373,0 1 3 7 2 15 6 4 5 9 8 10 11 12 13 14 16 17 18 19,0 1 3 7 2 15 4 6 5 9 8 11 31 16 10 12 13 32 17 19,phoneme,db8,usage,76,250,250,0
ALL,W-NN:k=3,15,0.5,0.088,0.11274632077824893,0 1 3 7 15 2 4 6 8 9 5 31 10 11 12 32 16 14 17 127,0 1 3 7 2 15 4 6 5 9 8 11 31 16 10 12 13 32 17 19,phoneme,db8,usage,76,250,250,0
W-NN,W-NN:k=25,16,,0.084,0.11549014716887004,0 1 3 7 2 15 4 6 5 9 8 10 31 11 12 13 127 14 64 63,0 1 3 7 2 15 4 6 5 9 8 10 31 11 12 13 127 14 64 63,phoneme,db8,energy,77,250,250,0
W-QDA,W-QDA:qda,13,,0.092,0.10800698428535795,0 1 3 7 2 15 4 6 5 9 8 10 31 11 12 13 127 14 64 63,0 1 3 7 2 15 4 6 5 9 8 10 31 11 12 13 127 14 64 63,phoneme,db8,energy,77,250,250,0
W-CART,W-CART:cart,10,,0.108,0.16737340982788726,0 1 3 7 2 15 4 6 5 9 8 10 31 11 12 13 127 14 64 63,0 1 3 7 2 15 4 6 5 9 8 10 31 11 12 13 127 14 64 63,phoneme,db8,energy,77,250,250,0
ALL,W-NN:k=25,16,,0.084,0.11549014716887004,0 1 3 7 2 15 4 6 5 9 8 10 31 11 12 13 127 14 64 63,0 1 3 7 2 15 4 6 5 9 8 10 31 11 12 13 127 14 64 63,phoneme,db8,energy,77,250,250,0
W-NN,W-NN:k=25,14,2.0,0.08,0.11773509603392367,0 1 3 7 2 4 5 6 8 9 10 11 12 13 14 15 16 17 18 19,0 1 3 7 2 15 4 6 5 9 8 10 31 12 11 16 13 17 20 32,phoneme,db8,usage,77,250,250,0
W-QDA,W-QDA:qda,11,2.0,0.084,0.11025193315041157,0 1 3 7 2 4 5 6 8 9 10 11 12 13 14 15 16 17 18 19,0 1 3 7 2 15 4 6 5 9 8 10 31 12 11 16 13 17 20 32,phoneme,db8,usage,77,250,250,0
W-CART,W-CART:cart,10,0.5,0.108,0.16288351209778,0 1 3 7 2 15 4 6 9 5 8 31 10 11 12 127 13 64 16 17,0 1 3 7 2 15 4 6 5 9 8 10 31 12 11 16 13 17 20 32,phoneme,db8,usage,77,250,250,0
ALL,W-NN:k=25,14,2.0,0.08,0.11773509603392367,0 1 3 7 2 4 5 6 8 9 10 11 12 13 14 15 16 17 18 19,0 1 3 7 2 15 4 6 5 9 8 10 31 12 11 16 13 17 20 32,phoneme,db8,usage,77,250,250,0
W-NN,W-NN:k=15,22,,0.088,0.11474183088051883,0 1 3 7 2 15 4 6 5 9 8 10 31 11 12 14 13 127 63 64,0 1 3 7 2 15 4 6 5 9 8 10 31 11 12 14 13 127 63 64,phoneme,db8,energy,78,250,250,0
W-QDA,W-QDA:qda,11,,0.092,0.10825642304814168,0 1 3 7 2 15 4 6 5 9 8 10 31 11 12 14 13 127 63 64,0 1 3 7 2 15 4 6 5 9 8 10 31 11 12 14 13 127 63 64,phoneme,db8,energy,78,250,250,0
W-CART,W-CART:cart,41,,0.176,0.2277375904215515,0 1 3 7 2 15 4 6 5 9 8 10 31 11 12 14 13 127 63 64,0 1 3 7 2 15 4 6 5 9 8 10 31 11 12 14 13 127 63 64,phoneme,db8,energy,78,250,250,0
ALL,W-NN:k=15,22,,0.088,0.11474183088051883,0 1 3 7 2 15 4 6 5 9 8 10 31 11 12 14 13 127 63 64,0 1 3 7 2 15 4 6 5 9 8 10 31 11 12 14 13 127 63 64,phoneme,db8,energy,78,250,250,0
W-NN,W-NN:k=9,34,1.0,0.084,0.10950361686206037,0 1 3 7 2 15 4 6 5 9 8 10 11 31 12 16 64 17 21 32,0 1 3 7 2 15 4 6 5 9 8 10 11 31 12 16 64 17 21 32,phoneme,db8,usage,78,250,250,0
W-QDA,W-QDA:qda,10,3.0,0.092,0.10725866799700673,0 1 3 7 2 4 5 6 8 9 10 11 12 13 14 15 16 17 18 19,0 1 3 7 2 15 4 6 5 9 8 10 11 31 12 16 64 17 21 32,phoneme,db8,usage,78,250,250,0
W-CART,W-CART:cart,23,2.0,0.152,0.2262409578448491,0 1 3 7 2 15 4 5 6 8 9 10 11 12 13 14 16 17 18 19,0 1 3 7 2 15 4 6 5 9 8 10 11 31 12 16 64 17 21 32,phoneme,db8,usage,78,250,250,0
ALL,W-NN:k=9,34,1.0,0.084,0.10950361686206037,0 1 3 7 2 15 4 6 5 9 8 10 11 31 12 16 64 17 21 32,0 1 3 7 2 15 4 6 5 9 8 10 11 31 12 16 64 17 21 32,phoneme,db8,usage,78,250,250,0
W-NN,W-NN:k=9,10,,0.076,0.10800698428535795,0 1 3 7 2 15 4 6 5 9 8 10 31 11 12 13 14 127 64 32,0 1 3 7 2 15 4 6 5 9 8 10 31 11 12 13 14 127 64 32,phoneme,db8,energy,79,250,250,0
W-QDA,W-QDA:qda,11,,0.084,0.10202045397854827,0 1 3 7 2 15 4 6 5 9 8 10 31 11 12 13 14 127 64 32,0 1 3 7 2 15 4 6 5 9 8 10 31 11 12 13 14 127 64 32,phoneme,db8,energy,79,250,250,0
W-CART,W-CART:cart,41,,0.116,0.15864305313045649,0 1 3 7 2 15 4 6 5 9 8 10 31 11 12 13 14 127 64 32,0 1 3 7 2 15 4 6 5 9 8 10 31 11 12 13 14 127 64 32,phoneme,db8,energy,79,250,250,0
ALL,W-NN:k=9,10,,0.076,0.10800698428535795,0 1 3 7 2 15 4 6 5 9 8 10 31 11 12 13 14 127 64 32,0 1 3 7 2 15 4 6 5 9 8 10 31 11 12 13 14 127 64 32,phoneme,db8,energy,79,250,250,0
W-NN,W-NN:k=9,10,0.5,0.076,0.10800698428535795,0 1 3 7 15 2 4 6 9 5 8 31 10 11 12 13 127 32 14 17,0 1 3 7 2 15 4 6 9 5 8 10 12 11 16 31 13 32 17 20,phoneme,db8,usage,79,250,250,0
W-QDA,W-QDA:qda,11,0.5,0.084,0.10202045397854827,0 1 3 7 15 2 4 6 9 5 8 31 10 11 12 13 127 32 14 17,0 1 3 7 2 15 4 6 9 5 8 10 12 11 16 31 13 32 17 20,phoneme,db8,usage,79,250,250,0
W-CART,W-CART:cart,40,0.5,0.096,0.14467448241456723,0 1 3 7 15 2 4 6 9 5 8 31 10 11 12 13 127 32 14 17,0 1 3 7 2 15 4 6 9 5 8 10 12 11 16 31 13 32 17 20,phoneme,db8,usage,79,250,250,0
ALL,W-NN:k=9,10,0.5,0.076,0.10800698428535795,0 1 3 7 15 2 4 6 9 5 8 31 10 11 12 13 127 32 14 17,0 1 3 7 2 15 4 6 9 5 8 10 12 11 16 31 13 32 17 20,phoneme,db8,usage,79,250,250,0
W-NN,W-NN:k=5,48,,0.116,0.11549014716887004,0 1 3 7 2 15 4 6 5 9 8 10 31 11 12 13 14 32 63 127,0 1 3 7 2 15 4 6 5 9 8 10 31 11 12 13 14 32 63 127,phoneme,db8,energy,80,250,250,0
W-QDA,W-QDA:qda,14,,0.1,0.11873285108505861,0 1 3 7 2 15 4 6 5 9 8 10 31 11 12 13 14 32 63 127,0 1 3 7 2 15 4 6 5 9 8 10 31 11 12 13 14 32 63 127,phoneme,db8,energy,80,250,250,0
W-CART,W-CART:cart,46,,0.14,0.1738588176602644,0 1 3 7 2 15 4 6 5 9 8 10 31 11 12 13 14 32 63 127,0 1 3 7 2 15 4 6 5 9 8 10 31 11 12 13 14 32 63 127,phoneme,db8,energy,80,250,250,0
ALL,W-QDA:qda,14,,0.1,0.11873285108505861,0 1 3 7 2 15 4 6 5 9 8 10 31 11 12 13 14 32 63 127,0 1 3 7 2 15 4 6 5 9 8 10 31 11 12 13 14 32 63 127,phoneme,db8,energy,80,250,250,0
W-NN,W-NN:k=5,46,1.0,0.104,0.11149912696433026,0 1 3 7 2 15 4 6 5 9 8 10 31 16 13 11 12 32 21 64,0 1 3 7 2 15 4 6 5 9 8 10 31 16 13 11 12 32 21 64,phoneme,db8,usage,80,250,250,0
W-QDA,W-QDA:qda,13,1.5,0.08,0.11299575954103268,0 1 3 7 2 15 4 6 5 9 8 10 11 12 13 14 16 17 18 19,0 1 3 7 2 15 4 6 5 9 8 10 31 16 13 11 12 32 21 64,phoneme,db8,usage,80,250,250,0
W-CART,W-CART:cart,22,0.5,0.116,0.1546520329259167,0 1 3 7 15 2 4 6 9 5 8 31 10 11 12 13 32 14 16 127,0 1 3 7 2 15 4 6 5 9 8 10 31 16 13 11 12 32 21 64,phoneme,db8,usage,80,250,250,0
ALL,W-QDA:qda,13,1.5,0.08,0.11299575954103268,0 1 3 7 2 15 4 6 5 9 8 10 11 12 13 14 16 17 18 19,0 1 3 7 2 15 4 6 5 9 8 10 31 16 13 11 12 32 21 64,phoneme,db8,usage,80,250,250,0
W-NN,W-NN:k=1,59,,0.08,0.11598902469443752,0 1 3 7 2 15 4 6 5 9 8 10 31 11 12 14 13 127 32 63,0 1 3 7 2 15 4 6 5 9 8 10 31 11 12 14 13 127 32 63,phoneme,db8,energy,81,250,250,0
W-QDA,W-QDA:qda,12,,0.096,0.09378897480668495,0 1 3 7 2 15 4 6 5 9 8 10 31 11 12 14 13 127 32 63,0 1 3 7 2 15 4 6 5 9 8 10 31 11 12 14 13 127 32 63,phoneme,db8,energy,81,250,250,0
W-CART,W-CART:cart,13,,0.14,0.15564978797705165,0 1 3 7 2 15 4 6 5 9 8 10 31 11 12 14 13 127 32 63,0 1 3 7 2 15 4 6 5 9 8 10 31 11 12 14 13 127 32 63,phoneme,db8,energy,81,250,250,0
ALL,W-NN:k=1,59,,0.08,0.11598902469443752,0 1 3 7 2 15 4 6 5 9 8 10 31 11 12 14 13 127 32 63,0 1 3 7 2 15 4 6 5 9 8 10 31 11 12 14 13 127 32 63,phoneme,db8,energy,81,250,250,0
W-NN,W-NN:k=1,22,0.5,0.08,0.11124968820154651,0 1 3 7 2 15 4 5 6 9 8 31 10 11 12 16 127 14 32 17,0 1 3 7 2 15 4 6 5 8 9 10 31 16 11 12 63 127 13 14,phoneme,db8,usage,81,250,250,0
W-QDA,W-QDA:qda,14,1.0,0.092,0.0995260663507109,0 1 3 7 2 15 4 6 5 8 9 10 31 16 11 12 63 127 13 14,0 1 3 7 2 15 4 6 5 8 9 10 31 16 11 12 63 127 13 14,phoneme,db8,usage,81,250,250,0
W-CART,W-CART:cart,11,3.0,0.132,0.15165876777251186,0 1 3 7 2 4 5 6 8 9 10 11 12 13 14 15 16 17 18 19,0 1 3 7 2 15 4 6 5 8 9 10 31 16 11 12 63 127 13 14,phoneme,db8,usage,81,250,250,0
ALL,W-NN:k=1,22,0.5,0.08,0.11124968820154651,0 1 3 7 2 15 4 5 6 9 8 31 10 11 12 16 127 14 32 17,0 1 3 7 2 15 4 6 5 8 9 10 31 16 11 12 63 127 13 14,phoneme,db8,usage,81,250,250,0
W-NN,W-NN:k=15,38,,0.104,0.11573958593165377,0 1 3 7 2 15 4 6 5 9 8 10 11 31 12 14 13 127 63 64,0 1 3 7 2 15 4 6 5 9 8 10 11 31 12 14 13 127 63 64,phoneme,db8,energy,82,250,250,0
W-QDA,W-QDA:qda,12,,0.104,0.11773509603392367,0 1 3 7 2 15 4 6 5 9 8 10 11 31 12 14 13 127 63 64,0 1 3 7 2 15 4 6 5 9 8 10 11 31 12 14 13 127 63 64,phoneme,db8,energy,82,250,250,0
W-CART,W-CART:cart,37,,0.128,0.1711149912696433,0 1 3 7 2 15 4 6 5 9 8 10 11 31 12 14 13 127 63 64,0 1 3 7 2 15 4 6 5 9 8 10 11 31 12 14 13 127 63 64,phoneme,db8,energy,82,250,250,0
ALL,W-QDA:qda,12,,0.104,0.11773509603392367,0 1 3 7 2 15 4 6 5 9 8 10 11 31 12 14 13 127 63 64,0 1 3 7 2 15 4 6 5 9 8 10 11 31 12 14 13 127 63 64,phoneme,db8,energy,82,250,250,0
W-NN,W-NN:k=15,31,1.0,0.092,0.11149912696433026,0 1 3 7 2 15 4 6 5 9 8 10 11 31 12 16 17 19 14 20,0 1 3 7 2 15 4 6 5 9 8 10 11 31 12 16 17 19 14 20,phoneme,db8,usage,82,250,250,0
W-QDA,W-QDA:qda,19,1.5,0.08,0.12796208530805686,0 1 3 7 2 15 4 6 9 5 8 10 11 12 13 14 16 17 18 19,0 1 3 7 2 15 4 6 5 9 8 10 11 31 12 16 17 19 14 20,phoneme,db8,usage,82,250,250,0
W-CART,W-CART:cart,24,2.0,0.124,0.1691194811673734,0 1 3 7 2 15 4 5 6 8 9 10 11 12 13 14 16 17 18 19,0 1 3 7 2 15 4 6 5 9 8 10 11 31 12 16 17 19 14 20,phoneme,db8,usage,82,250,250,0
ALL,W-QDA:qda,19,1.5,0.08,0.12796208530805686,0 1 3 7 2 15 4 6 9 5 8 10 11 12 13 14 16 17 18 19,0 1 3 7 2 15 4 6 5 9 8 10 11 31 12 16 17 19 14 20,phoneme,db8,usage,82,250,250,0
W-NN,W-NN:k=1,12,,0.096,0.11199800448989773,0 1 3 7 2 15 4 6 5 9 8 11 31 10 12 14 13 63 127 32,0 1 3 7 2 15 4 6 5 9 8 11 31 10 12 14 13 63 127 32,phoneme,db8,energy,83,250,250,0
W-QDA,W-QDA:qda,5,,0.112,0.1254676976802195,0 1 3 7 2 15 4 6 5 9 8 11 31 10 12 14 13 63 127 32,0 1 3 7 2 15 4 6 5 9 8 11 31 10 12 14 13 63 127 32,phoneme,db8,energy,83,250,250,0
W-CART,W-CART:cart,20,,0.152,0.19580942878523322,0 1 3 7 2 15 4 6 5 9 8 11 31 10 12 14 13 63 127 32,0 1 3 7 2 15 4 6 5 9 8 11 31 10 12 14 13 63 127 32,phoneme,db8,energy,83,250,250,0
ALL,W-NN:k=1,12,,0.096,0.11199800448989773,0 1 3 7 2 15 4 6 5 9 8 11 31 10 12 14 13 63 127 32,0 1 3 7 2 15 4 6 5 9 8 11 31 10 12 14 13 63 127 32,phoneme,db8,energy,83,250,250,0
W-NN,W-NN:k=1,12,1.0,0.096,0.11199800448989773,0 1 3 7 2 15 4 6 5 9 8 11 31 16 10 17 12 14 19 20,0 1 3 7 2 15 4 6 5 9 8 11 31 16 10 17 12 14 19 20,phoneme,db8,usage,83,250,250,0
W-QDA,W-QDA:qda,8,3.0,0.092,0.10576203542030431,0 1 3 2 7 4 5 6 8 9 10 11 12 13 14 15 16 17 18 19,0 1 3 7 2 15 4 6 5 9 8 11 31 16 10 17 12 14 19 20,phoneme,db8,usage,83,250,250,0
W-CART,W-CART:cart,30,1.0,0.128,0.167622848590671,0 1 3 7 2 15 4 6 5 9 8 11 31 16 10 17 12 14 19 20,0 1 3 7 2 15 4 6 5 9 8 11 31 16 10 17 12 14 19 20,phoneme,db8,usage,83,250,250,0
ALL,W-QDA:qda,8,3.0,0.092,0.10576203542030431,0 1 3 2 7 4 5 6 8 9 10 11 12 13 14 15 16 17 18 19,0 1 3 7 2 15 4 6 5 9 8 11 31 16 10 17 12 14 19 20,phoneme,db8,usage,83,250,250,0
W-NN,W-NN:k=3,32,,0.072,0.10601147418308805,0 1 3 7 2 15 4 6 5 9 8 10 31 11 12 13 14 127 64 32,0 1 3 7 2 15 4 6 5 9 8 10 31 11 12 13 14 127 64 32,phoneme,db8,energy,84,250,250,0
W-QDA,W-QDA:qda,9,,0.088,0.11973060613619356,0 1 3 7 2 15 4 6 5 9 8 10 31 11 12 13 14 127 64 32,0 1 3 7 2 15 4 6 5 9 8 10 31 11 12 13 14 127 64 32,phoneme,db8,energy,84,250,250,0
W-CART,W-CART:cart,17,,0.12,0.18383636817161386,0 1 3 7 2 15 4 6 5 9 8 10 31 11 12 13 14 127 64 32,0 1 3 7 2 15 4 6 5 9 8 10 31 11 12 13 14 127 64 32,phoneme,db8,energy,84,250,250,0
ALL,W-NN:k=3,32,,0.072,0.10601147418308805,0 1 3 7 2 15 4 6 5 9 8 10 31 11 12 13 14 127 64 32,0 1 3 7 2 15 4 6 5 9 8 10 31 11 12 13 14 127 64 32,phoneme,db8,energy,84,250,250,0
W-NN,W-NN:k=3,64,1.5,0.068,0.11124968820154651,0 1 3 7 2 15 4 5 6 9 8 10 11 12 13 14 16 17 18 19,0 1 3 7 2 15 4 6 5 9 8 10 11 31 16 19 12 13 17 20,phoneme,db8,usage,84,250,250,0
W-QDA,W-QDA:qda,8,1.5,0.084,0.12571713644300325,0 1 3 7 2 15 4 5 6 9 8 10 11 12 13 14 16 17 18 19,0 1 3 7 2 15 4 6 5 9 8 10 11 31 16 19 12 13 17 20,phoneme,db8,usage,84,250,250,0
W-CART,W-CART:cart,13,1.0,0.112,0.18109254178099277,0 1 3 7 2 15 4 6 5 9 8 10 11 31 16 19 12 13 17 20,0 1 3 7 2 15 4 6 5 9 8 10 11 31 16 19 12 13 17 20,phoneme,db8,usage,84,250,250,0
ALL,W-NN:k=3,64,1.5,0.068,0.11124968820154651,0 1 3 7 2 15 4 5 6 9 8 10 11 12 13 14 16 17 18 19,0 1 3 7 2 15 4 6 5 9 8 10 11 31 16 19 12 13 17 20,phoneme,db8,usage,84,250,250,0
W-NN,W-NN:k=9,26,,0.084,0.10800698428535795,0 1 3 7 2 15 4 6 5 8 9 10 31 11 12 13 14 127 32 63,0 1 3 7 2 15 4 6 5 8 9 10 31 11 12 13 14 127 32 63,phoneme,db8,energy,85,250,250,0
W-QDA,W-QDA:qda,7,,0.1,0.12995759541032675,0 1 3 7 2 15 4 6 5 8 9 10 31 11 12 13 14 127 32 63,0 1 3 7 2 15 4 6 5 8 9 10 31 11 12 13 14 127 32 63,phoneme,db8,energy,85,250,250,0
W-CART,W-CART:cart,36,,0.144,0.19555999002244948,0 1 3 7 2 15 4 6 5 8 9 10 31 11 12 13 14 127 32 63,0 1 3 7 2 15 4 6 5 8 9 10 31 11 12 13 14 127 32 63,phoneme,db8,energy,85,250,250,0
ALL,W-NN:k=9,26,,0.084,0.10800698428535795,0 1 3 7 2 15 4 6 5 8 9 10 31 11 12 13 14 127 32 63,0 1 3 7 2 15 4 6 5 8 9 10 31 11 12 13 14 127 32 63,phoneme,db8,energy,85,250,250,0
W-NN,W-NN:k=9,26,0.5,0.084,0.10800698428535795,0 1 3 7 15 2 4 5 6 9 8 10 31 11 12 13 14 127 32 16,0 1 3 7 2 15 4 6 5 9 8 11 31 10 12 16 13 20 32 14,phoneme,db8,usage,85,250,250,0
W-QDA,W-QDA:qda,7,3.0,0.072,0.12172611623846345,0 1 3 2 7 4 5 6 8 9 10 11 12 13 14 15 16 17 18 19,0 1 3 7 2 15 4 6 5 9 8 11 31 10 12 16 13 20 32 14,phoneme,db8,usage,85,250,250,0
W-CART,W-CART:cart,23,1.5,0.132,0.18458468445996506,0 1 3 7 2 15 6 5 4 9 8 10 11 12 13 14 16 17 18 19,0 1 3 7 2 15 4 6 5 9 8 11 31 10 12 16 13 20 32 14,phoneme,db8,usage,85,250,250,0
ALL,W-QDA:qda,7,3.0,0.072,0.12172611623846345,0 1 3 2 7 4 5 6 8 9 10 11 12 13 14 15 16 17 18 19,0 1 3 7 2 15 4 6 5 9 8 11 31 10 12 16 13 20 32 14,phoneme,db8,usage,85,250,250,0
W-NN,W-NN:k=5,64,,0.08,0.10077326016462958,0 1 3 7 2 15 4 6 5 9 8 10 11 31 12 13 14 127 32 64,0 1 3 7 2 15 4 6 5 9 8 10 11 31 12 13 14 127 32 64,phoneme,db8,energy,86,250,250,0
W-QDA,W-QDA:qda,11,,0.096,0.09902718882514343,0 1 3 7 2 15 4 6 5 9 8 10 11 31 12 13 14 127 32 64,0 1 3 7 2 15 4 6 5 9 8 10 11 31 12 13 14 127 32 64,phoneme,db8,energy,86,250,250,0
W-CART,W-CART:cart,36,,0.16,0.1703666749812921,0 1 3 7 2 15 4 6 5 9 8 10 11 31 12 13 14 127 32 64,0 1 3 7 2 15 4 6 5 9 8 10 11 31 12 13 14 127 32 64,phoneme,db8,energy,86,250,250,0
ALL,W-NN:k=5,64,,0.08,0.10077326016462958,0 1 3 7 2 15 4 6 5 9 8 10 11 31 12 13 14 127 32 64,0 1 3 7 2 15 4 6 5 9 8 10 11 31 12 13 14 127 32 64,phoneme,db8,energy,86,250,250,0
W-NN,W-NN:k=1,14,1.5,0.084,0.13344973808929908,0 1 3 7 2 15 6 4 5 9 8 10 11 12 13 14 16 17 18 19,0 1 3 7 2 15 4 6 5 9 8 10 11 17 31 16 253 12 13 20,phoneme,db8,usage,86,250,250,0
W-QDA,W-QDA:qda,11,0.5,0.096,0.09902718882514343,0 1 3 7 2 15 4 9 5 6 8 31 10 11 12 127 14 32 13 64,0 1 3 7 2 15 4 6 5 9 8 10 11 17 31 16 253 12 13 20,phoneme,db8,usage,86,250,250,0
W-CART,W-CART:cart,6,2.0,0.148,0.16587677725118483,0 1 3 2 7 9 15 4 5 6 8 10 11 12 13 14 16 17 18 19,0 1 3 7 2 15 4 6 5 9 8 10 11 17 31 16 253 12 13 20,phoneme,db8,usage,86,250,250,0
ALL,W-NN:k=1,14,1.5,0.084,0.13344973808929908,0 1 3 7 2 15 6 4 5 9 8 10 11 12 13 14 16 17 18 19,0 1 3 7 2 15 4 6 5 9 8 10 11 17 31 16 253 12 13 20,phoneme,db8,usage,86,250,250,0
W-NN,W-NN:k=1,25,,0.088,0.12521825891743577,0 1 3 7 2 15 4 6 5 9 8 10 31 11 12 14 13 127 64 63,0 1 3 7 2 15 4 6 5 9 8 10 31 11 12 14 13 127 64 63,phoneme,db8,energy,87,250,250,0
W-QDA,W-QDA:qda,11,,0.096,0.09827887253679221,0 1 3 7 2 15 4 6 5 9 8 10 31 11 12 14 13 127 64 63,0 1 3 7 2 15 4 6 5 9 8 10 31 11 12 14 13 127 64 63,phoneme,db8,energy,87,250,250,0
W-CART,W-CART:cart,28,,0.152,0.17909703167872287,0 1 3 7 2 15 4 6 5 9 8 10 31 11 12 14 13 127 64 63,0 1 3 7 2 15 4 6 5 9 8 10 31 11 12 14 13 127 64 63,phoneme,db8,energy,87,250,250,0
ALL,W-NN:k=1,25,,0.088,0.12521825891743577,0 1 3 7 2 15 4 6 5 9 8 10 31 11 12 14 13 127 64 63,0 1 3 7 2 15 4 6 5 9 8 10 31 11 12 14 13 127 64 63,phoneme,db8,energy,87,250,250,0
W-NN,W-NN:k=1,14,1.0,0.088,0.11549014716887004,0 1 3 7 2 15 4 6 5 9 8 10 31 16 11 64 14 32 12 19,0 1 3 7 2 15 4 6 5 9 8 10 31 16 11 64 14 32 12 19,phoneme,db8,usage,87,250,250,0
W-QDA,W-QDA:qda,8,2.0,0.08,0.1002743826390621,0 1 3 7 2 5 6 4 8 9 10 11 12 13 14 15 16 17 18 19,0 1 3 7 2 15 4 6 5 9 8 10 31 16 11 64 14 32 12 19,phoneme,db8,usage,87,250,250,0
W-CART,W-CART:cart,10,2.0,0.124,0.15639810426540285,0 1 3 7 2 5 6 4 8 9 10 11 12 13 14 15 16 17 18 19,0 1 3 7 2 15 4 6 5 9 8 10 31 16 11 64 14 32 12 19,phoneme,db8,usage,87,250,250,0
ALL,W-QDA:qda,8,2.0,0.08,0.1002743826390621,0 1 3 7 2 5 6 4 8 9 10 11 12 13 14 15 16 17 18 19,0 1 3 7 2 15 4 6 5 9 8 10 31 16 11 64 14 32 12 19,phoneme,db8,usage,87,250,250,0
W-NN,W-NN:k=25,26,,0.1,0.11474183088051883,0 1 3 7 2 15 4 6 5 9 8 10 31 11 12 14 13 63 127 32,0 1 3 7 2 15 4 6 5 9 8 10 31 11 12 14 13 63 127 32,phoneme,db8,energy,88,250,250,0
W-QDA,W-QDA:qda,10,,0.108,0.11324519830381641,0 1 3 7 2 15 4 6 5 9 8 10 31 11 12 14 13 63 127 32,0 1 3 7 2 15 4 6 5 9 8 10 31 11 12 14 13 63 127 32,phoneme,db8,energy,88,250,250,0
W-CART,W-CART:cart,33,,0.144,0.17535545023696683,0 1 3 7 2 15 4 6 5 9 8 10 31 11 12 14 13 63 127 32,0 1 3 7 2 15 4 6 5 9 8 10 31 11 12 14 13 63 127 32,phoneme,db8,energy,88,250,250,0
ALL,W-NN:k=25,26,,0.1,0.11474183088051883,0 1 3 7 2 15 4 6 5 9 8 10 31 11 12 14 13 63 127 32,0 1 3 7 2 15 4 6 5 9 8 10 31 11 12 14 13 63 127 32,phoneme,db8,energy,88,250,250,0
W-NN,W-NN:k=25,22,0.5,0.096,0.11374407582938388,0 1 3 7 15 2 4 6 5 9 8 31 10 11 12 14 16 13 32 127,0 1 3 7 2 15 4 6 5 8 9 31 12 10 11 16 20 13 17 21,phoneme,db8,usage,88,250,250,0
W-QDA,W-QDA:qda,19,0.5,0.084,0.11399351459216762,0 1 3 7 15 2 4 6 5 9 8 31 10 11 12 14 16 13 32 127,0 1 3 7 2 15 4 6 5 8 9 31 12 10 11 16 20 13 17 21,phoneme,db8,usage,88,250,250,0
W-CART,W-CART:cart,10,3.0,0.136,0.14816662509353953,0 1 3 7 2 4 5 6 8 9 10 11 12 13 14 15 16 17 18 19,0 1 3 7 2 15 4 6 5 8 9 31 12 10 11 16 20 13 17 21,phoneme,db8,usage,88,250,250,0
ALL,W-QDA:qda,19,0.5,0.084,0.11399351459216762,0 1 3 7 15 2 4 6 5 9 8 31 10 11 12 14 16 13 32 127,0 1 3 7 2 15 4 6 5 8 9 31 12 10 11 16 20 13 17 21,phoneme,db8,usage,88,250,250,0
W-NN,W-NN:k=7,29,,0.044,0.10376652531803442,0 1 3 7 2 15 4 6 5 8 9 10 11 31 12 13 14 127 63 32,0 1 3 7 2 15 4 6 5 8 9 10 11 31 12 13 14 127 63 32,phoneme,db8,energy,89,250,250,0
W-QDA,W-QDA:qda,7,,0.084,0.12446994262908456,0 1 3 7 2 15 4 6 5 8 9 10 11 31 12 13 14 127 63 32,0 1 3 7 2 15 4 6 5 8 9 10 11 31 12 13 14 127 63 32,phoneme,db8,energy,89,250,250,0
W-CART,W-CART:cart,47,,0.124,0.17460713394861563,0 1 3 7 2 15 4 6 5 8 9 10 11 31 12 13 14 127 63 32,0 1 3 7 2 15 4 6 5 8 9 10 11 31 12 13 14 127 63 32,phoneme,db8,energy,89,250,250,0
ALL,W-NN:k=7,29,,0.044,0.10376652531803442,0 1 3 7 2 15 4 6 5 8 9 10 11 31 12 13 14 127 63 32,0 1 3 7 2 15 4 6 5 8 9 10 11 31 12 13 14 127 63 32,phoneme,db8,energy,89,250,250,0
W-NN,W-NN:k=3,47,2.0,0.04,0.11474183088051883,0 1 3 7 2 6 15 4 5 8 9 10 11 12 13 14 16 17 18 19,0 1 3 7 2 15 4 6 5 8 9 31 11 16 10 64 253 19 127 148,phoneme,db8,usage,89,250,250,0
W-QDA,W-QDA:qda,7,0.5,0.084,0.12446994262908456,0 1 3 7 15 2 4 6 9 8 5 31 10 11 12 14 127 13 16 32,0 1 3 7 2 15 4 6 5 8 9 31 11 16 10 64 253 19 127 148,phoneme,db8,usage,89,250,250,0
W-CART,W-CART:cart,28,1.0,0.116,0.167622848590671,0 1 3 7 2 15 4 6 5 8 9 31 11 16 10 64 253 19 127 148,0 1 3 7 2 15 4 6 5 8 9 31 11 16 10 64 253 19 127 148,phoneme,db8,usage,89,250,250,0
ALL,W-NN:k=3,47,2.0,0.04,0.11474183088051883,0 1 3 7 2 6 15 4 5 8 9 10 11 12 13 14 16 17 18 19,0 1 3 7 2 15 4 6 5 8 9 31 11 16 10 64 253 19 127 148,phoneme,db8,usage,89,250,250,0
W-NN,W-NN:k=15,22,,0.084,0.1002743826390621,0 1 3 7 2 15 4 6 5 9 8 10 31 11 12 13 14 127 32 63,0 1 3 7 2 15 4 6 5 9 8 10 31 11 12 13 14 127 32 63,phoneme,db8,energy,90,250,250,0
W-QDA,W-QDA:qda,7,,0.1,0.11424295335495135,0 1 3 7 2 15 4 6 5 9 8 10 31 11 12 13 14 127 32 63,0 1 3 7 2 15 4 6 5 9 8 10 31 11 12 13 14 127 32 63,phoneme,db8,energy,90,250,250,0
W-CART,W-CART:cart,60,,0.128,0.153404839111998,0 1 3 7 2 15 4 6 5 9 8 10 31 11 12 13 14 127 32 63,0 1 3 7 2 15 4 6 5 9 8 10 31 11 12 13 14 127 32 63,phoneme,db8,energy,90,250,250,0
ALL,W-NN:k=15,22,,0.084,0.1002743826390621,0 1 3 7 2 15 4 6 5 9 8 10 31 11 12 13 14 127 32 63,0 1 3 7 2 15 4 6 5 9 8 10 31 11 12 13 14 127 32 63,phoneme,db8,energy,90,250,250,0
W-NN,W-NN:k=9,6,3.0,0.084,0.12422050386630082,0 1 3 2 4 5 6 7 8 9 10 11 12 13 14 15 16 17 18 19,0 1 3 7 2 15 4 6 5 9 8 10 16 11 31 12 13 32 17 19,phoneme,db8,usage,90,250,250,0
W-QDA,W-QDA:qda,7,0.5,0.1,0.11424295335495135,0 1 3 7 2 15 4 6 5 9 8 31 10 11 12 13 14 32 16 127,0 1 3 7 2 15 4 6 5 9 8 10 16 11 31 12 13 32 17 19,phoneme,db8,usage,90,250,250,0
W-CART,W-CART:cart,21,1.0,0.116,0.16812172611623846,0 1 3 7 2 15 4 6 5 9 8 10 16 11 31 12 13 32 17 19,0 1 3 7 2 15 4 6 5 9 8 10 16 11 31 12 13 32 17 19,phoneme,db8,usage,90,250,250,0
ALL,W-NN:k=9,6,3.0,0.084,0.12422050386630082,0 1 3 2 4 5 6 7 8 9 10 11 12 13 14 15 16 17 18 19,0 1 3 7 2 15 4 6 5 9 8 10 16 11 31 12 13 32 17 19,phoneme,db8,usage,90,250,250,0
W-NN,W-NN:k=3,11,,0.1,0.13369917685208282,0 1 3 2 7 15 4 6 5 9 8 10 11 31 12 13 127 14 64 32,0 1 3 2 7 15 4 6 5 9 8 10 11 31 12 13 127 14 64 32,phoneme,db8,energy,91,250,250,0
W-QDA,W-QDA:qda,11,,0.1,0.10925417809927662,0 1 3 2 7 15 4 6 5 9 8 10 11 31 12 13 127 14 64 32,0 1 3 2 7 15 4 6 5 9 8 10 11 31 12 13 127 14 64 32,phoneme,db8,energy,91,250,250,0
W-CART,W-CART:cart,5,,0.156,0.2466949363931155,0 1 3 2 7 15 4 6 5 9 8 10 11 31 12 13 127 14 64 32,0 1 3 2 7 15 4 6 5 9 8 10 11 31 12 13 127 14 64 32,phoneme,db8,energy,91,250,250,0
ALL,W-NN:k=3,11,,0.1,0.13369917685208282,0 1 3 2 7 15 4 6 5 9 8 10 11 31 12 13 127 14 64 32,0 1 3 2 7 15 4 6 5 9 8 10 11 31 12 13 127 14 64 32,phoneme,db8,energy,91,250,250,0
W-NN,W-NN:k=3,11,0.5,0.1,0.13369917685208282,0 1 3 2 7 15 4 9 6 5 8 31 10 11 127 12 13 32 16 14,0 1 3 7 2 15 4 6 5 9 8 10 11 16 31 17 12 20 13 32,phoneme,db8,usage,91,250,250,0
W-QDA,W-QDA:qda,10,3.0,0.092,0.10451484160638563,0 1 3 2 4 5 6 7 8 9 10 11 12 13 14 15 16 17 18 19,0 1 3 7 2 15 4 6 5 9 8 10 11 16 31 17 12 20 13 32,phoneme,db8,usage,91,250,250,0
W-CART,W-CART:cart,10,2.0,0.152,0.19107009229234223,0 1 3 7 2 15 4 5 6 8 9 10 11 12 13 14 16 17 18 19,0 1 3 7 2 15 4 6 5 9 8 10 11 16 31 17 12 20 13 32,phoneme,db8,usage,91,250,250,0
ALL,W-QDA:qda,10,3.0,0.092,0.10451484160638563,0 1 3 2 4 5 6 7 8 9 10 11 12 13 14 15 16 17 18 19,0 1 3 7 2 15 4 6 5 9 8 10 11 16 31 17 12 20 13 32,phoneme,db8,usage,91,250,250,0
W-NN,W-NN:k=15,12,,0.072,0.11673734098278872,0 1 3 7 2 15 4 6 5 9 8 10 31 11 12 13 127 14 64 32,0 1 3 7 2 15 4 6 5 9 8 10 31 11 12 13 127 14 64 32,phoneme,db8,energy,92,250,250,0
W-QDA,W-QDA:qda,13,,0.084,0.10526315789473684,0 1 3 7 2 15 4 6 5 9 8 10 31 11 12 13 127 14 64 32,0 1 3 7 2 15 4 6 5 9 8 10 31 11 12 13 127 14 64 32,phoneme,db8,energy,92,250,250,0
W-CART,W-CART:cart,10,,0.112,0.18184085806934397,0 1 3 7 2 15 4 6 5 9 8 10 31 11 12 13 127 14 64 32,0 1 3 7 2 15 4 6 5 9 8 10 31 11 12 13 127 14 64 32,phoneme,db8,energy,92,250,250,0
ALL,W-NN:k=15,12,,0.072,0.11673734098278872,0 1 3 7 2 15 4 6 5 9 8 10 31 11 12 13 127 14 64 32,0 1 3 7 2 15 4 6 5 9 8 10 31 11 12 13 127 14 64 32,phoneme,db8,energy,92,250,250,0
W-NN,W-NN:k=15,11,2.0,0.072,0.11898228984784236,0 1 3 7 2 5 4 6 8 9 10 11 12 13 14 15 16 17 18 19,0 1 3 7 2 15 4 6 5 8 9 10 31 11 16 64 12 13 17 21,phoneme,db8,usage,92,250,250,0
W-QDA,W-QDA:qda,10,2.0,0.08,0.10401596408081816,0 1 3 7 2 5 4 6 8 9 10 11 12 13 14 15 16 17 18 19,0 1 3 7 2 15 4 6 5 8 9 10 31 11 16 64 12 13 17 21,phoneme,db8,usage,92,250,250,0
W-CART,W-CART:cart,10,1.5,0.116,0.17959590920429036,0 1 3 7 2 15 4 5 6 9 8 10 11 12 13 14 16 17 18 19,0 1 3 7 2 15 4 6 5 8 9 10 31 11 16 64 12 13 17 21,phoneme,db8,usage,92,250,250,0
ALL,W-NN:k=15,11,2.0,0.072,0.11898228984784236,0 1 3 7 2 5 4 6 8 9 10 11 12 13 14 15 16 17 18 19,0 1 3 7 2 15 4 6 5 8 9 10 31 11 16 64 12 13 17 21,phoneme,db8,usage,92,250,250,0
W-NN,W-NN:k=7,11,,0.068,0.1144923921177351,0 1 3 7 2 15 4 6 5 9 8 10 11 31 12 14 13 127 32 64,0 1 3 7 2 15 4 6 5 9 8 10 11 31 12 14 13 127 32 64,phoneme,db8,energy,93,250,250,0
W-QDA,W-QDA:qda,11,,0.092,0.11848341232227488,0 1 3 7 2 15 4 6 5 9 8 10 11 31 12 14 13 127 32 64,0 1 3 7 2 15 4 6 5 9 8 10 11 31 12 14 13 127 32 64,phoneme,db8,energy,93,250,250,0
W-CART,W-CART:cart,46,,0.132,0.18009478672985782,0 1 3 7 2 15 4 6 5 9 8 10 11 31 12 14 13 127 32 64,0 1 3 7 2 15 4 6 5 9 8 10 11 31 12 14 13 127 32 64,phoneme,db8,energy,93,250,250,0
ALL,W-NN:k=7,11,,0.068,0.1144923921177351,0 1 3 7 2 15 4 6 5 9 8 10 11 31 12 14 13 127 32 64,0 1 3 7 2 15 4 6 5 9 8 10 11 31 12 14 13 127 32 64,phoneme,db8,energy,93,250,250,0
W-NN,W-NN:k=7,11,0.5,0.068,0.1144923921177351,0 1 3 7 15 2 4 6 9 5 8 31 10 11 12 14 17 127 16 13,0 1 3 7 2 15 4 6 5 9 8 10 11 12 13 16 17 32 14 19,phoneme,db8,usage,93,250,250,0
W-QDA,W-QDA:qda,12,1.5,0.084,0.11948116737340983,0 1 3 7 2 15 6 4 9 11 5 8 10 12 13 14 16 17 18 19,0 1 3 7 2 15 4 6 5 9 8 10 11 12 13 16 17 32 14 19,phoneme,db8,usage,93,250,250,0
W-CART,W-CART:cart,16,1.5,0.124,0.17086555250685956,0 1 3 7 2 15 6 4 9 11 5 8 10 12 13 14 16 17 18 19,0 1 3 7 2 15 4 6 5 9 8 10 11 12 13 16 17 32 14 19,phoneme,db8,usage,93,250,250,0
ALL,W-NN:k=7,11,0.5,0.068,0.1144923921177351,0 1 3 7 15 2 4 6 9 5 8 31 10 11 12 14 17 127 16 13,0 1 3 7 2 15 4 6 5 9 8 10 11 12 13 16 17 32 14 19,phoneme,db8,usage,93,250,250,0
W-NN,W-NN:k=5,10,,0.092,0.10825642304814168,0 1 3 7 2 15 4 6 5 9 8 31 10 11 12 13 14 32 63 64,0 1 3 7 2 15 4 6 5 9 8 31 10 11 12 13 14 32 63 64,phoneme,db8,energy,94,250,250,0
W-QDA,W-QDA:qda,8,,0.112,0.11873285108505861,0 1 3 7 2 15 4 6 5 9 8 31 10 11 12 13 14 32 63 64,0 1 3 7 2 15 4 6 5 9 8 31 10 11 12 13 14 32 63 64,phoneme,db8,energy,94,250,250,0
W-CART,W-CART:cart,45,,0.14,0.1573958593165378,0 1 3 7 2 15 4 6 5 9 8 31 10 11 12 13 14 32 63 64,0 1 3 7 2 15 4 6 5 9 8 31 10 11 12 13 14 32 63 64,phoneme,db8,energy,94,250,250,0
ALL,W-NN:k=5,10,,0.092,0.10825642304814168,0 1 3 7 2 15 4 6 5 9 8 31 10 11 12 13 14 32 63 64,0 1 3 7 2 15 4 6 5 9 8 31 10 11 12 13 14 32 63 64,phoneme,db8,energy,94,250,250,0
W-NN,W-NN:k=5,10,3.0,0.088,0.10750810675979047,0 1 3 2 7 4 5 6 8 9 10 11 12 13 14 15 16 17 18 19,0 1 3 7 2 15 4 6 5 8 9 31 11 10 12 17 32 16 13 64,phoneme,db8,usage,94,250,250,0
W-QDA,W-QDA:qda,7,3.0,0.096,0.11274632077824893,0 1 3 2 7 4 5 6 8 9 10 11 12 13 14 15 16 17 18 19,0 1 3 7 2 15 4 6 5 8 9 31 11 10 12 17 32 16 13 64,phoneme,db8,usage,94,250,250,0
W-CART,W-CART:cart,38,3.0,0.144,0.16238463457221253,0 1 3 2 7 4 5 6 8 9 10 11 12 13 14 15 16 17 18 19,0 1 3 7 2 15 4 6 5 8 9 31 11 10 12 17 32 16 13 64,phoneme,db8,usage,94,250,250,0
ALL,W-NN:k=5,10,3.0,0.088,0.10750810675979047,0 1 3 2 7 4 5 6 8 9 10 11 12 13 14 15 16 17 18 19,0 1 3 7 2 15 4 6 5 8 9 31 11 10 12 17 32 16 13 64,phoneme,db8,usage,94,250,250,0
W-NN,W-NN:k=3,29,,0.096,0.10102269892741332,0 1 3 7 2 15 6 4 5 9 8 10 31 11 12 13 127 14 32 63,0 1 3 7 2 15 6 4 5 9 8 10 31 11 12 13 127 14 32 63,phoneme,db8,energy,95,250,250,0
W-QDA,W-QDA:qda,12,,0.096,0.10401596408081816,0 1 3 7 2 15 6 4 5 9 8 10 31 11 12 13 127 14 32 63,0 1 3 7 2 15 6 4 5 9 8 10 31 11 12 13 127 14 32 63,phoneme,db8,energy,95,250,250,0
W-CART,W-CART:cart,17,,0.196,0.19580942878523322,0 1 3 7 2 15 6 4 5 9 8 10 31 11 12 13 127 14 32 63,0 1 3 7 2 15 6 4 5 9 8 10 31 11 12 13 127 14 32 63,phoneme,db8,energy,95,250,250,0
ALL,W-QDA:qda,12,,0.096,0.10401596408081816,0 1 3 7 2 15 6 4 5 9 8 10 31 11 12 13 127 14 32 63,0 1 3 7 2 15 6 4 5 9 8 10 31 11 12 13 127 14 32 63,phoneme,db8,energy,95,250,250,0
W-NN,W-NN:k=7,30,1.0,0.092,0.09728111748565726,0 1 3 7 2 15 4 6 5 9 8 10 31 12 11 16 17 19 64 127,0 1 3 7 2 15 4 6 5 9 8 10 31 12 11 16 17 19 64 127,phoneme,db8,usage,95,250,250,0
W-QDA,W-QDA:qda,21,1.5,0.084,0.11199800448989773,0 1 3 7 2 15 6 4 5 9 10 64 8 11 12 13 14 16 17 18,0 1 3 7 2 15 4 6 5 9 8 10 31 12 11 16 17 19 64 127,phoneme,db8,usage,95,250,250,0
W-CART,W-CART:cart,10,3.0,0.188,0.17685208281366924,0 1 3 7 2 4 5 6 8 9 10 11 12 13 14 15 16 17 18 19,0 1 3 7 2 15 4 6 5 9 8 10 31 12 11 16 17 19 64 127,phoneme,db8,usage,95,250,250,0
ALL,W-QDA:qda,21,1.5,0.084,0.11199800448989773,0 1 3 7 2 15 6 4 5 9 10 64 8 11 12 13 14 16 17 18,0 1 3 7 2 15 4 6 5 9 8 10 31 12 11 16 17 19 64 127,phoneme,db8,usage,95,250,250,0
W-NN,W-NN:k=9,27,,0.076,0.10351708655525069,0 1 3 7 2 15 4 6 5 8 9 11 10 31 12 13 14 127 64 32,0 1 3 7 2 15 4 6 5 8 9 11 10 31 12 13 14 127 64 32,phoneme,db8,energy,96,250,250,0
W-QDA,W-QDA:qda,11,,0.108,0.11025193315041157,0 1 3 7 2 15 4 6 5 8 9 11 10 31 12 13 14 127 64 32,0 1 3 7 2 15 4 6 5 8 9 11 10 31 12 13 14 127 64 32,phoneme,db8,energy,96,250,250,0
W-CART,W-CART:cart,36,,0.132,0.15140932900972812,0 1 3 7 2 15 4 6 5 8 9 11 10 31 12 13 14 127 64 32,0 1 3 7 2 15 4 6 5 8 9 11 10 31 12 13 14 127 64 32,phoneme,db8,energy,96,250,250,0
ALL,W-NN:k=9,27,,0.076,0.10351708655525069,0 1 3 7 2 15 4 6 5 8 9 11 10 31 12 13 14 127 64 32,0 1 3 7 2 15 4 6 5 8 9 11 10 31 12 13 14 127 64 32,phoneme,db8,energy,96,250,250,0
W-NN,W-NN:k=9,26,0.5,0.076,0.10202045397854827,0 1 3 7 15 2 4 6 9 5 8 31 10 11 12 127 14 64 13 32,0 1 3 7 2 15 4 6 5 8 9 11 10 32 12 31 16 17 20 33,phoneme,db8,usage,96,250,250,0
W-QDA,W-QDA:qda,18,1.5,0.104,0.13444749314043403,0 1 3 7 2 15 4 6 5 8 9 10 11 12 13 14 16 17 18 19,0 1 3 7 2 15 4 6 5 8 9 11 10 32 12 31 16 17 20 33,phoneme,db8,usage,96,250,250,0
W-CART,W-CART:cart,40,1.5,0.124,0.15564978797705165,0 1 3 7 2 15 4 6 5 8 9 10 11 12 13 14 16 17 18 19,0 1 3 7 2 15 4 6 5 8 9 11 10 32 12 31 16 17 20 33,phoneme,db8,usage,96,250,250,0
ALL,W-NN:k=9,26,0.5,0.076,0.10202045397854827,0 1 3 7 15 2 4 6 9 5 8 31 10 11 12 127 14 64 13 32,0 1 3 7 2 15 4 6 5 8 9 11 10 32 12 31 16 17 20 33,phoneme,db8,usage,96,250,250,0
W-NN,W-NN:k=7,44,,0.088,0.10800698428535795,0 1 3 7 2 15 4 6 5 9 8 10 31 11 13 12 14 127 32 63,0 1 3 7 2 15 4 6 5 9 8 10 31 11 13 12 14 127 32 63,phoneme,db8,energy,97,250,250,0
W-QDA,W-QDA:qda,9,,0.12,0.11748565727113994,0 1 3 7 2 15 4 6 5 9 8 10 31 11 13 12 14 127 32 63,0 1 3 7 2 15 4 6 5 9 8 10 31 11 13 12 14 127 32 63,phoneme,db8,energy,97,250,250,0
W-CART,W-CART:cart,32,,0.144,0.15016213519580943,0 1 3 7 2 15 4 6 5 9 8 10 31 11 13 12 14 127 32 63,0 1 3 7 2 15 4 6 5 9 8 10 31 11 13 12 14 127 32 63,phoneme,db8,energy,97,250,250,0
ALL,W-NN:k=7,44,,0.088,0.10800698428535795,0 1 3 7 2 15 4 6 5 9 8 10 31 11 13 12 14 127 32 63,0 1 3 7 2 15 4 6 5 9 8 10 31 11 13 12 14 127 32 63,phoneme,db8,energy,97,250,250,0
W-NN,W-NN:k=5,14,1.0,0.088,0.10800698428535795,0 1 3 7 2 15 4 6 5 9 8 10 11 16 31 20 32 12 13 14,0 1 3 7 2 15 4 6 5 9 8 10 11 16 31 20 32 12 13 14,phoneme,db8,usage,97,250,250,0
W-QDA,W-QDA:qda,13,2.0,0.096,0.1199800448989773,0 1 3 7 2 9 5 6 4 8 10 11 12 13 14 15 16 17 18 19,0 1 3 7 2 15 4 6 5 9 8 10 11 16 31 20 32 12 13 14,phoneme,db8,usage,97,250,250,0
W-CART,W-CART:cart,61,1.0,0.124,0.1601396857071589,0 1 3 7 2 15 4 6 5 9 8 10 11 16 31 20 32 12 13 14,0 1 3 7 2 15 4 6 5 9 8 10 11 16 31 20 32 12 13 14,phoneme,db8,usage,97,250,250,0
ALL,W-NN:k=5,14,1.0,0.088,0.10800698428535795,0 1 3 7 2 15 4 6 5 9 8 10 11 16 31 20 32 12 13 14,0 1 3 7 2 15 4 6 5 9 8 10 11 16 31 20 32 12 13 14,phoneme,db8,usage,97,250,250,0
W-NN,W-NN:k=25,12,,0.088,0.11025193315041157,0 1 3 7 2 15 4 6 5 9 8 10 11 31 12 13 14 127 64 63,0 1 3 7 2 15 4 6 5 9 8 10 11 31 12 13 14 127 64 63,phoneme,db8,energy,98,250,250,0
W-QDA,W-QDA:qda,13,,0.116,0.1050137191319531,0 1 3 7 2 15 4 6 5 9 8 10 11 31 12 13 14 127 64 63,0 1 3 7 2 15 4 6 5 9 8 10 11 31 12 13 14 127 64 63,phoneme,db8,energy,98,250,250,0
W-CART,W-CART:cart,57,,0.172,0.16737340982788726,0 1 3 7 2 15 4 6 5 9 8 10 11 31 12 13 14 127 64 63,0 1 3 7 2 15 4 6 5 9 8 10 11 31 12 13 14 127 64 63,phoneme,db8,energy,98,250,250,0
ALL,W-NN:k=25,12,,0.088,0.11025193315041157,0 1 3 7 2 15 4 6 5 9 8 10 11 31 12 13 14 127 64 63,0 1 3 7 2 15 4 6 5 9 8 10 11 31 12 13 14 127 64 63,phoneme,db8,energy,98,250,250,0
W-NN,W-NN:k=25,12,1.0,0.088,0.11025193315041157,0 1 3 7 2 15 4 6 5 8 9 10 11 12 13 16 31 32 17 21,0 1 3 7 2 15 4 6 5 8 9 10 11 12 13 16 31 32 17 21,phoneme,db8,usage,98,250,250,0
W-QDA,W-QDA:qda,24,1.5,0.08,0.1227238712895984,0 1 3 7 2 15 6 4 5 9 10 11 8 12 13 14 16 17 18 19,0 1 3 7 2 15 4 6 5 8 9 10 11 12 13 16 31 32 17 21,phoneme,db8,usage,98,250,250,0
W-CART,W-CART:cart,37,1.0,0.18,0.17211274632077825,0 1 3 7 2 15 4 6 5 8 9 10 11 12 13 16 31 32 17 21,0 1 3 7 2 15 4 6 5 8 9 10 11 12 13 16 31 32 17 21,phoneme,db8,usage,98,250,250,0
ALL,W-QDA:qda,24,1.5,0.08,0.1227238712895984,0 1 3 7 2 15 6 4 5 9 10 11 8 12 13 14 16 17 18 19,0 1 3 7 2 15 4 6 5 8 9 10 11 12 13 16 31 32 17 21,phoneme,db8,usage,98,250,250,0
W-NN,W-NN:k=5,35,,0.088,0.10052382140184585,0 1 3 2 7 15 4 6 5 8 9 10 31 11 12 14 13 127 64 63,0 1 3 2 7 15 4 6 5 8 9 10 31 11 12 14 13 127 64 63,phoneme,db8,energy,99,250,250,0
W-QDA,W-QDA:qda,11,,0.1,0.10002494387627837,0 1 3 2 7 15 4 6 5 8 9 10 31 11 12 14 13 127 64 63,0 1 3 2 7 15 4 6 5 8 9 10 31 11 12 14 13 127 64 63,phoneme,db8,energy,99,250,250,0
W-CART,W-CART:cart,16,,0.156,0.15115989024694437,0 1 3 2 7 15 4 6 5 8 9 10 31 11 12 14 13 127 64 63,0 1 3 2 7 15 4 6 5 8 9 10 31 11 12 14 13 127 64 63,phoneme,db8,energy,99,250,250,0
ALL,W-NN:k=5,35,,0.088,0.10052382140184585,0 1 3 2 7 15 4 6 5 8 9 10 31 11 12 14 13 127 64 63,0 1 3 2 7 15 4 6 5 8 9 10 31 11 12 14 13 127 64 63,phoneme,db8,energy,99,250,250,0
W-NN,W-NN:k=25,20,1.5,0.08,0.10576203542030431,0 1 3 7 2 15 6 4 5 8 9 11 10 12 13 14 16 17 18 19,0 1 3 7 2 15 4 6 5 8 10 9 11 16 31 12 14 66 20 21,phoneme,db8,usage,99,250,250,0
W-QDA,W-QDA:qda,10,3.0,0.084,0.1015215764529808,0 1 3 2 4 5 6 7 8 9 10 11 12 13 14 15 16 17 18 19,0 1 3 7 2 15 4 6 5 8 10 9 11 16 31 12 14 66 20 21,phoneme,db8,usage,99,250,250,0
W-CART,W-CART:cart,58,0.5,0.152,0.17261162384634574,0 1 3 7 2 15 4 6 5 9 8 31 10 11 12 16 127 14 32 13,0 1 3 7 2 15 4 6 5 8 10 9 11 16 31 12 14 66 20 21,phoneme,db8,usage,99,250,250,0
ALL,W-NN:k=25,20,1.5,0.08,0.10576203542030431,0 1 3 7 2 15 6 4 5 8 9 11 10 12 13 14 16 17 18 19,0 1 3 7 2 15 4 6 5 8 10 9 11 16 31 12 14 66 20 21,phoneme,db8,usage,99,250,250,0
W-NN,W-NN:k=15,15,,0.068,0.1124968820154652,0 1 2 3 4 5 9 8 10 6 7 31 16 14 11 15 17 12 13 30,0 1 2 3 4 5 9 8 10 6 7 31 16 14 11 15 17 12 13 30,phoneme,db10,energy,0,250,250,0
W-QDA,W-QDA:qda,13,,0.084,0.11324519830381641,0 1 2 3 4 5 9 8 10 6 7 31 16 14 11 15 17 12 13 30,0 1 2 3 4 5 9 8 10 6 7 31 16 14 11 15 17 12 13 30,phoneme,db10,energy,0,250,250,0
W-CART,W-CART:cart,11,,0.112,0.16363182838613122,0 1 2 3 4 5 9 8 10 6 7 31 16 14 11 15 17 12 13 30,0 1 2 3 4 5 9 8 10 6 7 31 16 14 11 15 17 12 13 30,phoneme,db10,energy,0,250,250,0
ALL,W-NN:k=15,15,,0.068,0.1124968820154652,0 1 2 3 4 5 9 8 10 6 7 31 16 14 11 15 17 12 13 30,0 1 2 3 4 5 9 8 10 6 7 31 16 14 11 15 17 12 13 30,phoneme,db10,energy,0,250,250,0
W-NN,W-NN:k=15,15,0.5,0.068,0.1124968820154652,0 2 1 3 9 4 5 8 10 7 31 6 16 14 11 15 17 13 12 30,0 1 2 3 4 8 5 9 7 10 6 31 16 15 14 11 13 12 20 30,phoneme,db10,usage,0,250,250,0
W-QDA,W-QDA:qda,9,1.0,0.076,0.10251933150411574,0 1 2 3 4 8 5 9 7 10 6 31 16 15 14 11 13 12 20 30,0 1 2 3 4 8 5 9 7 10 6 31 16 15 14 11 13 12 20 30,phoneme,db10,usage,0,250,250,0
W-CART,W-CART:cart,7,3.0,0.124,0.15315540034921427,0 2 1 4 3 5 6 7 8 9 10 11 12 13 14 15 16 17 18 19,0 1 2 3 4 8 5 9 7 10 6 31 16 15 14 11 13 12 20 30,phoneme,db10,usage,0,250,250,0
ALL,W-NN:k=15,15,0.5,0.068,0.1124968820154652,0 2 1 3 9 4 5 8 10 7 31 6 16 14 11 15 17 13 12 30,0 1 2 3 4 8 5 9 7 10 6 31 16 15 14 11 13 12 20 30,phoneme,db10,usage,0,250,250,0
W-NN,W-NN:k=3,18,,0.1,0.12222499376403093,0 1 2 3 4 5 9 8 6 10 7 31 16 14 11 15 17 12 126 30,0 1 2 3 4 5 9 8 6 10 7 31 16 14 11 15 17 12 126 30,phoneme,db10,energy,1,250,250,0
W-QDA,W-QDA:qda,16,,0.096,0.10301820902968321,0 1 2 3 4 5 9 8 6 10 7 31 16 14 11 15 17 12 126 30,0 1 2 3 4 5 9 8 6 10 7 31 16 14 11 15 17 12 126 30,phoneme,db10,energy,1,250,250,0
W-CART,W-CART:cart,30,,0.152,0.16787228735345472,0 1 2 3 4 5 9 8 6 10 7 31 16 14 11 15 17 12 126 30,0 1 2 3 4 5 9 8 6 10 7 31 16 14 11 15 17 12 126 30,phoneme,db10,energy,1,250,250,0
ALL,W-QDA:qda,16,,0.096,0.10301820902968321,0 1 2 3 4 5 9 8 6 10 7 31 16 14 11 15 17 12 126 30,0 1 2 3 4 5 9 8 6 10 7 31 16 14 11 15 17 12 126 30,phoneme,db10,energy,1,250,250,0
W-NN,W-NN:k=3,19,1.0,0.096,0.11973060613619356,0 2 1 3 4 5 8 9 6 7 10 31 15 16 11 14 64 17 20 23,0 2 1 3 4 5 8 9 6 7 10 31 15 16 11 14 64 17 20 23,phoneme,db10,usage,1,250,250,0
W-QDA,W-QDA:qda,16,0.5,0.096,0.10301820902968321,0 1 2 3 9 4 5 8 10 6 7 31 16 14 15 11 30 17 127 13,0 2 1 3 4 5 8 9 6 7 10 31 15 16 11 14 64 17 20 23,phoneme,db10,usage,1,250,250,0
W-CART,W-CART:cart,34,0.5,0.144,0.1703666749812921,0 1 2 3 9 4 5 8 10 6 7 31 16 14 15 11 30 17 127 13,0 2 1 3 4 5 8 9 6 7 10 31 15 16 11 14 64 17 20 23,phoneme,db10,usage,1,250,250,0
ALL,W-QDA:qda,16,0.5,0.096,0.10301820902968321,0 1 2 3 9 4 5 8 10 6 7 31 16 14 15 11 30 17 127 13,0 2 1 3 4 5 8 9 6 7 10 31 15 16 11 14 64 17 20 23,phoneme,db10,usage,1,250,250,0
W-NN,W-NN:k=3,28,,0.108,0.11349463706660015,0 1 2 3 4 5 9 8 6 10 7 31 16 14 11 17 12 15 13 127,0 1 2 3 4 5 9 8 6 10 7 31 16 14 11 17 12 15 13 127,phoneme,db10,energy,2,250,250,0
W-QDA,W-QDA:qda,16,,0.092,0.10276877026689947,0 1 2 3 4 5 9 8 6 10 7 31 16 14 11 17 12 15 13 127,0 1 2 3 4 5 9 8 6 10 7 31 16 14 11 17 12 15 13 127,phoneme,db10,energy,2,250,250,0
W-CART,W-CART:cart,56,,0.136,0.16487902220004988,0 1 2 3 4 5 9 8 6 10 7 31 16 14 11 17 12 15 13 127,0 1 2 3 4 5 9 8 6 10 7 31 16 14 11 17 12 15 13 127,phoneme,db10,energy,2,250,250,0
ALL,W-QDA:qda,16,,0.092,0.10276877026689947,0 1 2 3 4 5 9 8 6 10 7 31 16 14 11 17 12 15 13 127,0 1 2 3 4 5 9 8 6 10 7 31 16 14 11 17 12 15 13 127,phoneme,db10,energy,2,250,250,0
W-NN,W-NN:k=3,25,2.0,0.096,0.1124968820154652,0 1 2 4 3 8 5 6 7 9 10 11 12 13 14 15 16 17 18 19,0 1 2 3 4 5 8 9 10 6 7 31 16 15 11 14 12 252 17 21,phoneme,db10,usage,2,250,250,0
W-QDA,W-QDA:qda,14,0.5,0.096,0.10426540284360189,0 2 1 3 9 4 5 8 10 6 31 7 16 14 11 15 17 12 127 13,0 1 2 3 4 5 8 9 10 6 7 31 16 15 11 14 12 252 17 21,phoneme,db10,usage,2,250,250,0
W-CART,W-CART:cart,60,0.5,0.136,0.17435769518583188,0 2 1 3 9 4 5 8 10 6 31 7 16 14 11 15 17 12 127 13,0 1 2 3 4 5 8 9 10 6 7 31 16 15 11 14 12 252 17 21,phoneme,db10,usage,2,250,250,0
ALL,W-QDA:qda,14,0.5,0.096,0.10426540284360189,0 2 1 3 9 4 5 8 10 6 31 7 16 14 11 15 17 12 127 13,0 1 2 3 4 5 8 9 10 6 7 31 16 15 11 14 12 252 17 21,phoneme,db10,usage,2,250,250,0
W-NN,W-NN:k=9,13,,0.084,0.10276877026689947,0 1 2 3 4 5 9 8 6 10 7 31 16 14 12 11 17 15 13 30,0 1 2 3 4 5 9 8 6 10 7 31 16 14 12 11 17 15 13 30,phoneme,db10,energy,3,250,250,0
W-QDA,W-QDA:qda,13,,0.08,0.11399351459216762,0 1 2 3 4 5 9 8 6 10 7 31 16 14 12 11 17 15 13 30,0 1 2 3 4 5 9 8 6 10 7 31 16 14 12 11 17 15 13 30,phoneme,db10,energy,3,250,250,0
W-CART,W-CART:cart,26,,0.108,0.16936891993015715,0 1 2 3 4 5 9 8 6 10 7 31 16 14 12 11 17 15 13 30,0 1 2 3 4 5 9 8 6 10 7 31 16 14 12 11 17 15 13 30,phoneme,db10,energy,3,250,250,0
ALL,W-QDA:qda,13,,0.08,0.11399351459216762,0 1 2 3 4 5 9 8 6 10 7 31 16 14 12 11 17 15 13 30,0 1 2 3 4 5 9 8 6 10 7 31 16 14 12 11 17 15 13 30,phoneme,db10,energy,3,250,250,0
W-NN,W-NN:k=9,13,0.5,0.084,0.10276877026689947,0 2 1 3 4 9 8 5 10 6 7 31 16 14 15 11 17 12 13 127,0 2 1 3 4 5 8 9 10 6 7 31 15 16 12 11 127 14 17 30,phoneme,db10,usage,3,250,250,0
W-QDA,W-QDA:qda,13,0.5,0.08,0.11399351459216762,0 2 1 3 4 9 8 5 10 6 7 31 16 14 15 11 17 12 13 127,0 2 1 3 4 5 8 9 10 6 7 31 15 16 12 11 127 14 17 30,phoneme,db10,usage,3,250,250,0
W-CART,W-CART:cart,11,2.0,0.1,0.1506610127213769,0 1 2 4 3 8 5 6 7 9 10 11 12 13 14 15 16 17 18 19,0 2 1 3 4 5 8 9 10 6 7 31 15 16 12 11 127 14 17 30,phoneme,db10,usage,3,250,250,0
ALL,W-QDA:qda,13,0.5,0.08,0.11399351459216762,0 2 1 3 4 9 8 5 10 6 7 31 16 14 15 11 17 12 13 127,0 2 1 3 4 5 8 9 10 6 7 31 15 16 12 11 127 14 17 30,phoneme,db10,usage,3,250,250,0
W-NN,W-NN:k=3,7,,0.088,0.11748565727113994,0 1 2 3 4 5 9 8 10 6 7 31 16 14 11 15 17 12 13 127,0 1 2 3 4 5 9 8 10 6 7 31 16 14 11 15 17 12 13 127,phoneme,db10,energy,4,250,250,0
W-QDA,W-QDA:qda,9,,0.096,0.09927662758792716,0 1 2 3 4 5 9 8 10 6 7 31 16 14 11 15 17 12 13 127,0 1 2 3 4 5 9 8 10 6 7 31 16 14 11 15 17 12 13 127,phoneme,db10,energy,4,250,250,0
W-CART,W-CART:cart,7,,0.128,0.14642055375405338,0 1 2 3 4 5 9 8 10 6 7 31 16 14 11 15 17 12 13 127,0 1 2 3 4 5 9 8 10 6 7 31 16 14 11 15 17 12 13 127,phoneme,db10,energy,4,250,250,0
ALL,W-NN:k=3,7,,0.088,0.11748565727113994,0 1 2 3 4 5 9 8 10 6 7 31 16 14 11 15 17 12 13 127,0 1 2 3 4 5 9 8 10 6 7 31 16 14 11 15 17 12 13 127,phoneme,db10,energy,4,250,250,0
W-NN,W-NN:k=3,14,2.0,0.08,0.1124968820154652,0 1 2 4 3 8 5 6 7 9 10 11 12 13 14 15 16 17 18 19,0 2 1 3 4 5 8 9 10 6 7 31 16 15 11 14 12 64 82 127,phoneme,db10,usage,4,250,250,0
W-QDA,W-QDA:qda,10,0.5,0.088,0.1050137191319531,0 1 2 3 9 4 5 8 10 7 31 16 6 14 15 11 17 12 127 30,0 2 1 3 4 5 8 9 10 6 7 31 16 15 11 14 12 64 82 127,phoneme,db10,usage,4,250,250,0
W-CART,W-CART:cart,8,3.0,0.12,0.1588924918932402,0 1 2 4 3 5 6 7 8 9 10 11 12 13 14 15 16 17 18 19,0 2 1 3 4 5 8 9 10 6 7 31 16 15 11 14 12 64 82 127,phoneme,db10,usage,4,250,250,0
ALL,W-NN:k=3,14,2.0,0.08,0.1124968820154652,0 1 2 4 3 8 5 6 7 9 10 11 12 13 14 15 16 17 18 19,0 2 1 3 4 5 8 9 10 6 7 31 16 15 11 14 12 64 82 127,phoneme,db10,usage,4,250,250,0
W-NN,W-NN:k=7,17,,0.068,0.10476428036916936,0 1 2 3 4 5 9 8 6 10 7 31 16 14 11 15 12 17 13 126,0 1 2 3 4 5 9 8 6 10 7 31 16 14 11 15 12 17 13 126,phoneme,db10,energy,5,250,250,0
W-QDA,W-QDA:qda,10,,0.064,0.09453729109503617,0 1 2 3 4 5 9 8 6 10 7 31 16 14 11 15 12 17 13 126,0 1 2 3 4 5 9 8 6 10 7 31 16 14 11 15 12 17 13 126,phoneme,db10,energy,5,250,250,0
W-CART,W-CART:cart,33,,0.12,0.14766774756797207,0 1 2 3 4 5 9 8 6 10 7 31 16 14 11 15 12 17 13 126,0 1 2 3 4 5 9 8 6 10 7 31 16 14 11 15 12 17 13 126,phoneme,db10,energy,5,250,250,0
ALL,W-QDA:qda,10,,0.064,0.09453729109503617,0 1 2 3 4 5 9 8 6 10 7 31 16 14 11 15 12 17 13 126,0 1 2 3 4 5 9 8 6 10 7 31 16 14 11 15 12 17 13 126,phoneme,db10,energy,5,250,250,0
W-NN,W-NN:k=7,19,1.0,0.068,0.10326764779246694,0 2 1 3 4 5 8 9 7 31 10 6 16 15 14 11 64 12 62 65,0 2 1 3 4 5 8 9 7 31 10 6 16 15 14 11 64 12 62 65,phoneme,db10,usage,5,250,250,0
W-QDA,W-QDA:qda,9,0.5,0.056,0.09902718882514343,0 2 1 3 9 4 5 8 10 7 16 6 31 14 11 15 127 17 13 12,0 2 1 3 4 5 8 9 7 31 10 6 16 15 14 11 64 12 62 65,phoneme,db10,usage,5,250,250,0
W-CART,W-CART:cart,30,1.5,0.124,0.143926166126216,0 2 1 3 4 5 8 9 31 6 10 7 15 16 64 11 12 13 14 17,0 2 1 3 4 5 8 9 7 31 10 6 16 15 14 11 64 12 62 65,phoneme,db10,usage,5,250,250,0
ALL,W-QDA:qda,9,0.5,0.056,0.09902718882514343,0 2 1 3 9 4 5 8 10 7 16 6 31 14 11 15 127 17 13 12,0 2 1 3 4 5 8 9 7 31 10 6 16 15 14 11 64 12 62 65,phoneme,db10,usage,5,250,250,0
W-NN,W-NN:k=5,46,,0.088,0.11050137191319531,0 1 2 3 4 5 9 8 10 6 7 31 16 11 15 14 17 12 13 127,0 1 2 3 4 5 9 8 10 6 7 31 16 11 15 14 17 12 13 127,phoneme,db10,energy,6,250,250,0
W-QDA,W-QDA:qda,9,,0.092,0.10451484160638563,0 1 2 3 4 5 9 8 10 6 7 31 16 11 15 14 17 12 13 127,0 1 2 3 4 5 9 8 10 6 7 31 16 11 15 14 17 12 13 127,phoneme,db10,energy,6,250,250,0
W-CART,W-CART:cart,14,,0.128,0.1758543277625343,0 1 2 3 4 5 9 8 10 6 7 31 16 11 15 14 17 12 13 127,0 1 2 3 4 5 9 8 10 6 7 31 16 11 15 14 17 12 13 127,phoneme,db10,energy,6,250,250,0
ALL,W-NN:k=5,46,,0.088,0.11050137191319531,0 1 2 3 4 5 9 8 10 6 7 31 16 11 15 14 17 12 13 127,0 1 2 3 4 5 9 8 10 6 7 31 16 11 15 14 17 12 13 127,phoneme,db10,energy,6,250,250,0
W-NN,W-NN:k=5,6,2.0,0.08,0.1274632077824894,0 2 1 3 4 8 5 6 7 9 10 11 12 13 14 15 16 17 18 19,0 2 1 3 4 5 8 9 10 7 31 6 16 15 11 127 14 12 20 30,phoneme,db10,usage,6,250,250,0
W-QDA,W-QDA:qda,9,0.5,0.092,0.10451484160638563,0 2 1 3 9 4 8 5 10 6 7 31 16 15 14 11 127 17 13 30,0 2 1 3 4 5 8 9 10 7 31 6 16 15 11 127 14 12 20 30,phoneme,db10,usage,6,250,250,0
W-CART,W-CART:cart,21,3.0,0.12,0.1691194811673734,0 1 2 4 3 5 6 7 8 9 10 11 12 13 14 15 16 17 18 19,0 2 1 3 4 5 8 9 10 7 31 6 16 15 11 127 14 12 20 30,phoneme,db10,usage,6,250,250,0
ALL,W-NN:k=5,6,2.0,0.08,0.1274632077824894,0 2 1 3 4 8 5 6 7 9 10 11 12 13 14 15 16 17 18 19,0 2 1 3 4 5 8 9 10 7 31 6 16 15 11 127 14 12 20 30,phoneme,db10,usage,6,250,250,0
W-NN,W-NN:k=5,11,,0.088,0.12097779995011225,0 2 1 3 4 5 9 8 10 7 6 31 16 11 14 17 15 12 30 126,0 2 1 3 4 5 9 8 10 7 6 31 16 11 14 17 15 12 30 126,phoneme,db10,energy,7,250,250,0
W-QDA,W-QDA:qda,13,,0.088,0.09628336243452232,0 2 1 3 4 5 9 8 10 7 6 31 16 11 14 17 15 12 30 126,0 2 1 3 4 5 9 8 10 7 6 31 16 11 14 17 15 12 30 126,phoneme,db10,energy,7,250,250,0
W-CART,W-CART:cart,7,,0.14,0.1751060114741831,0 2 1 3 4 5 9 8 10 7 6 31 16 11 14 17 15 12 30 126,0 2 1 3 4 5 9 8 10 7 6 31 16 11 14 17 15 12 30 126,phoneme,db10,energy,7,250,250,0
ALL,W-NN:k=5,11,,0.088,0.12097779995011225,0 2 1 3 4 5 9 8 10 7 6 31 16 11 14 17 15 12 30 126,0 2 1 3 4 5 9 8 10 7 6 31 16 11 14 17 15 12 30 126,phoneme,db10,energy,7,250,250,0
W-NN,W-NN:k=5,11,1.0,0.088,0.12097779995011225,0 2 1 3 4 5 9 8 7 6 10 31 16 15 127 11 14 17 12 13,0 2 1 3 4 5 9 8 7 6 10 31 16 15 127 11 14 17 12 13,phoneme,db10,usage,7,250,250,0
W-QDA,W-QDA:qda,14,1.0,0.08,0.09653280119730606,0 2 1 3 4 5 9 8 7 6 10 31 16 15 127 11 14 17 12 13,0 2 1 3 4 5 9 8 7 6 10 31 16 15 127 11 14 17 12 13,phoneme,db10,usage,7,250,250,0
W-CART,W-CART:cart,8,0.5,0.128,0.15016213519580943,0 1 2 3 9 4 5 8 10 7 31 16 6 14 11 15 17 127 12 30,0 2 1 3 4 5 9 8 7 6 10 31 16 15 127 11 14 17 12 13,phoneme,db10,usage,7,250,250,0
ALL,W-QDA:qda,14,1.0,0.08,0.09653280119730606,0 2 1 3 4 5 9 8 7 6 10 31 16 15 127 11 14 17 12 13,0 2 1 3 4 5 9 8 7 6 10 31 16 15 127 11 14 17 12 13,phoneme,db10,usage,7,250,250,0
W-NN,W-NN:k=5,11,,0.104,0.11149912696433026,0 1 2 3 4 5 9 8 6 10 7 31 16 14 11 15 12 17 13 30,0 1 2 3 4 5 9 8 6 10 7 31 16 14 11 15 12 17 13 30,phoneme,db10,energy,8,250,250,0
W-QDA,W-QDA:qda,8,,0.112,0.1050137191319531,0 1 2 3 4 5 9 8 6 10 7 31 16 14 11 15 12 17 13 30,0 1 2 3 4 5 9 8 6 10 7 31 16 14 11 15 12 17 13 30,phoneme,db10,energy,8,250,250,0
W-CART,W-CART:cart,13,,0.152,0.14617111499126964,0 1 2 3 4 5 9 8 6 10 7 31 16 14 11 15 12 17 13 30,0 1 2 3 4 5 9 8 6 10 7 31 16 14 11 15 12 17 13 30,phoneme,db10,energy,8,250,250,0
ALL,W-NN:k=5,11,,0.104,0.11149912696433026,0 1 2 3 4 5 9 8 6 10 7 31 16 14 11 15 12 17 13 30,0 1 2 3 4 5 9 8 6 10 7 31 16 14 11 15 12 17 13 30,phoneme,db10,energy,8,250,250,0
W-NN,W-NN:k=5,11,2.0,0.104,0.11149912696433026,0 1 2 4 3 8 5 6 7 9 10 11 12 13 14 15 16 17 18 19,0 2 1 3 4 5 9 8 10 7 31 6 16 15 11 14 17 12 64 101,phoneme,db10,usage,8,250,250,0
W-QDA,W-QDA:qda,9,0.5,0.104,0.0995260663507109,0 1 2 3 4 9 8 5 10 7 31 6 16 14 15 11 17 12 127 30,0 2 1 3 4 5 9 8 10 7 31 6 16 15 11 14 17 12 64 101,phoneme,db10,usage,8,250,250,0
W-CART,W-CART:cart,10,3.0,0.136,0.16038912446994263,0 1 2 4 3 5 6 7 8 9 10 11 12 13 14 15 16 17 18 19,0 2 1 3 4 5 9 8 10 7 31 6 16 15 11 14 17 12 64 101,phoneme,db10,usage,8,250,250,0
ALL,W-QDA:qda,9,0.5,0.104,0.0995260663507109,0 1 2 3 4 9 8 5 10 7 31 6 16 14 15 11 17 12 127 30,0 2 1 3 4 5 9 8 10 7 31 6 16 15 11 14 17 12 64 101,phoneme,db10,usage,8,250,250,0
W-NN,W-NN:k=15,44,,0.096,0.10276877026689947,0 1 2 3 4 5 9 8 10 6 7 31 16 11 14 17 15 12 30 62,0 1 2 3 4 5 9 8 10 6 7 31 16 11 14 17 15 12 30 62,phoneme,db10,energy,9,250,250,0
W-QDA,W-QDA:qda,10,,0.092,0.10351708655525069,0 1 2 3 4 5 9 8 10 6 7 31 16 11 14 17 15 12 30 62,0 1 2 3 4 5 9 8 10 6 7 31 16 11 14 17 15 12 30 62,phoneme,db10,energy,9,250,250,0
W-CART,W-CART:cart,31,,0.128,0.16138687952107758,0 1 2 3 4 5 9 8 10 6 7 31 16 11 14 17 15 12 30 62,0 1 2 3 4 5 9 8 10 6 7 31 16 11 14 17 15 12 30 62,phoneme,db10,energy,9,250,250,0
ALL,W-QDA:qda,10,,0.092,0.10351708655525069,0 1 2 3 4 5 9 8 10 6 7 31 16 11 14 17 15 12 30 62,0 1 2 3 4 5 9 8 10 6 7 31 16 11 14 17 15 12 30 62,phoneme,db10,energy,9,250,250,0
W-NN,W-NN:k=15,15,1.0,0.096,0.09777999501122474,0 2 1 3 4 5 9 8 7 6 10 31 16 15 11 14 17 127 18 20,0 2 1 3 4 5 9 8 7 6 10 31 16 15 11 14 17 127 18 20,phoneme,db10,usage,9,250,250,0
W-QDA,W-QDA:qda,9,2.0,0.084,0.1050137191319531,0 1 2 3 4 8 5 31 6 7 9 10 11 12 13 14 15 16 17 18,0 2 1 3 4 5 9 8 7 6 10 31 16 15 11 14 17 127 18 20,phoneme,db10,usage,9,250,250,0
W-CART,W-CART:cart,20,1.0,0.124,0.1431778498378648,0 2 1 3 4 5 9 8 7 6 10 31 16 15 11 14 17 127 18 20,0 2 1 3 4 5 9 8 7 6 10 31 16 15 11 14 17 127 18 20,phoneme,db10,usage,9,250,250,0
ALL,W-QDA:qda,9,2.0,0.084,0.1050137191319531,0 1 2 3 4 8 5 31 6 7 9 10 11 12 13 14 15 16 17 18,0 2 1 3 4 5 9 8 7 6 10 31 16 15 11 14 17 127 18 20,phoneme,db10,usage,9,250,250,0
W-NN,W-NN:k=9,13,,0.092,0.10476428036916936,0 1 2 3 4 5 9 8 10 6 7 31 16 11 14 17 12 15 13 30,0 1 2 3 4 5 9 8 10 6 7 31 16 11 14 17 12 15 13 30,phoneme,db10,energy,10,250,250,0
W-QDA,W-QDA:qda,8,,0.104,0.11499126964330257,0 1 2 3 4 5 9 8 10 6 7 31 16 11 14 17 12 15 13 30,0 1 2 3 4 5 9 8 10 6 7 31 16 11 14 17 12 15 13 30,phoneme,db10,energy,10,250,250,0
W-CART,W-CART:cart,11,,0.184,0.18383636817161386,0 1 2 3 4 5 9 8 10 6 7 31 16 11 14 17 12 15 13 30,0 1 2 3 4 5 9 8 10 6 7 31 16 11 14 17 12 15 13 30,phoneme,db10,energy,10,250,250,0
ALL,W-NN:k=9,13,,0.092,0.10476428036916936,0 1 2 3 4 5 9 8 10 6 7 31 16 11 14 17 12 15 13 30,0 1 2 3 4 5 9 8 10 6 7 31 16 11 14 17 12 15 13 30,phoneme,db10,energy,10,250,250,0
W-NN,W-NN:k=9,13,0.5,0.092,0.10476428036916936,0 1 2 3 9 5 4 8 10 7 31 6 16 14 11 15 17 30 12 127,0 2 1 3 4 5 8 9 7 10 6 31 16 15 11 17 12 20 23 35,phoneme,db10,usage,10,250,250,0
W-QDA,W-QDA:qda,10,0.5,0.092,0.11050137191319531,0 1 2 3 9 5 4 8 10 7 31 6 16 14 11 15 17 30 12 127,0 2 1 3 4 5 8 9 7 10 6 31 16 15 11 17 12 20 23 35,phoneme,db10,usage,10,250,250,0
W-CART,W-CART:cart,14,3.0,0.16,0.18508356198553255,0 1 2 4 3 5 6 7 8 9 10 11 12 13 14 15 16 17 18 19,0 2 1 3 4 5 8 9 7 10 6 31 16 15 11 17 12 20 23 35,phoneme,db10,usage,10,250,250,0
ALL,W-QDA:qda,10,0.5,0.092,0.11050137191319531,0 1 2 3 9 5 4 8 10 7 31 6 16 14 11 15 17 30 12 127,0 2 1 3 4 5 8 9 7 10 6 31 16 15 11 17 12 20 23 35,phoneme,db10,usage,10,250,250,0
W-NN,W-NN:k=5,17,,0.06,0.1097530556248441,0 1 2 3 4 5 9 8 6 10 7 31 16 11 14 17 15 13 12 126,0 1 2 3 4 5 9 8 6 10 7 31 16 11 14 17 15 13 12 126,phoneme,db10,energy,11,250,250,0
W-QDA,W-QDA:qda,17,,0.092,0.11499126964330257,0 1 2 3 4 5 9 8 6 10 7 31 16 11 14 17 15 13 12 126,0 1 2 3 4 5 9 8 6 10 7 31 16 11 14 17 15 13 12 126,phoneme,db10,energy,11,250,250,0
W-CART,W-CART:cart,7,,0.132,0.1566475430281866,0 1 2 3 4 5 9 8 6 10 7 31 16 11 14 17 15 13 12 126,0 1 2 3 4 5 9 8 6 10 7 31 16 11 14 17 15 13 12 126,phoneme,db10,energy,11,250,250,0
ALL,W-NN:k=5,17,,0.06,0.1097530556248441,0 1 2 3 4 5 9 8 6 10 7 31 16 11 14 17 15 13 12 126,0 1 2 3 4 5 9 8 6 10 7 31 16 11 14 17 15 13 12 126,phoneme,db10,energy,11,250,250,0
W-NN,W-NN:k=5,17,0.5,0.06,0.1097530556248441,0 2 3 1 9 4 8 5 10 6 31 7 16 15 14 11 17 13 127 12,0 2 1 3 4 5 9 8 6 7 10 31 15 16 11 12 13 14 20 64,phoneme,db10,usage,11,250,250,0
W-QDA,W-QDA:qda,20,2.0,0.084,0.11673734098278872,0 2 1 4 3 8 5 7 6 9 10 11 12 13 14 15 16 17 18 19,0 2 1 3 4 5 9 8 6 7 10 31 15 16 11 12 13 14 20 64,phoneme,db10,usage,11,250,250,0
W-CART,W-CART:cart,6,0.5,0.124,0.1593913694188077,0 2 3 1 9 4 8 5 10 6 31 7 16 15 14 11 17 13 127 12,0 2 1 3 4 5 9 8 6 7 10 31 15 16 11 12 13 14 20 64,phoneme,db10,usage,11,250,250,0
ALL,W-NN:k=5,17,0.5,0.06,0.1097530556248441,0 2 3 1 9 4 8 5 10 6 31 7 16 15 14 11 17 13 127 12,0 2 1 3 4 5 9 8 6 7 10 31 15 16 11 12 13 14 20 64,phoneme,db10,usage,11,250,250,0
W-NN,W-NN:k=15,33,,0.096,0.09528560738338737,0 1 2 3 4 5 8 9 6 10 7 31 16 14 11 17 15 13 12 30,0 1 2 3 4 5 8 9 6 10 7 31 16 14 11 17 15 13 12 30,phoneme,db10,energy,12,250,250,0
W-QDA,W-QDA:qda,11,,0.084,0.09802943377400848,0 1 2 3 4 5 8 9 6 10 7 31 16 14 11 17 15 13 12 30,0 1 2 3 4 5 8 9 6 10 7 31 16 14 11 17 15 13 12 30,phoneme,db10,energy,12,250,250,0
W-CART,W-CART:cart,12,,0.136,0.1716138687952108,0 1 2 3 4 5 8 9 6 10 7 31 16 14 11 17 15 13 12 30,0 1 2 3 4 5 8 9 6 10 7 31 16 14 11 17 15 13 12 30,phoneme,db10,energy,12,250,250,0
ALL,W-QDA:qda,11,,0.084,0.09802943377400848,0 1 2 3 4 5 8 9 6 10 7 31 16 14 11 17 15 13 12 30,0 1 2 3 4 5 8 9 6 10 7 31 16 14 11 17 15 13 12 30,phoneme,db10,energy,12,250,250,0
W-NN,W-NN:k=5,61,1.5,0.092,0.10825642304814168,0 2 1 3 4 8 5 9 6 31 7 10 11 12 13 14 15 16 17 18,0 1 2 3 4 5 8 9 7 10 31 6 15 16 14 11 13 62 64 171,phoneme,db10,usage,12,250,250,0
W-QDA,W-QDA:qda,11,0.5,0.084,0.09802943377400848,0 1 2 3 4 9 5 8 10 7 6 31 16 14 15 17 11 30 13 127,0 1 2 3 4 5 8 9 7 10 31 6 15 16 14 11 13 62 64 171,phoneme,db10,usage,12,250,250,0
W-CART,W-CART:cart,12,1.0,0.132,0.16038912446994263,0 1 2 3 4 5 8 9 7 10 31 6 15 16 14 11 13 62 64 171,0 1 2 3 4 5 8 9 7 10 31 6 15 16 14 11 13 62 64 171,phoneme,db10,usage,12,250,250,0
ALL,W-QDA:qda,11,0.5,0.084,0.09802943377400848,0 1 2 3 4 9 5 8 10 7 6 31 16 14 15 17 11 30 13 127,0 1 2 3 4 5 8 9 7 10 31 6 15 16 14 11 13 62 64 171,phoneme,db10,usage,12,250,250,0
W-NN,W-NN:k=15,10,,0.076,0.11100024943876279,0 1 2 3 4 5 9 8 10 6 7 31 16 14 11 15 12 17 13 127,0 1 2 3 4 5 9 8 10 6 7 31 16 14 11 15 12 17 13 127,phoneme,db10,energy,13,250,250,0
W-QDA,W-QDA:qda,8,,0.08,0.1152407084060863,0 1 2 3 4 5 9 8 10 6 7 31 16 14 11 15 12 17 13 127,0 1 2 3 4 5 9 8 10 6 7 31 16 14 11 15 12 17 13 127,phoneme,db10,energy,13,250,250,0
W-CART,W-CART:cart,14,,0.152,0.16363182838613122,0 1 2 3 4 5 9 8 10 6 7 31 16 14 11 15 12 17 13 127,0 1 2 3 4 5 9 8 10 6 7 31 16 14 11 15 12 17 13 127,phoneme,db10,energy,13,250,250,0
ALL,W-NN:k=15,10,,0.076,0.11100024943876279,0 1 2 3 4 5 9 8 10 6 7 31 16 14 11 15 12 17 13 127,0 1 2 3 4 5 9 8 10 6 7 31 16 14 11 15 12 17 13 127,phoneme,db10,energy,13,250,250,0
W-NN,W-NN:k=9,17,0.5,0.072,0.11349463706660015,0 2 1 3 9 4 8 5 10 7 31 6 16 14 15 11 127 17 30 62,0 2 1 3 4 5 8 9 7 10 31 6 15 16 11 14 30 64 12 17,phoneme,db10,usage,13,250,250,0
W-QDA,W-QDA:qda,8,0.5,0.08,0.1152407084060863,0 2 1 3 9 4 8 5 10 7 31 6 16 14 15 11 127 17 30 62,0 2 1 3 4 5 8 9 7 10 31 6 15 16 11 14 30 64 12 17,phoneme,db10,usage,13,250,250,0
W-CART,W-CART:cart,17,1.5,0.136,0.1608880019955101,0 1 2 3 4 5 8 9 31 6 16 7 10 11 12 13 14 15 17 18,0 2 1 3 4 5 8 9 7 10 31 6 15 16 11 14 30 64 12 17,phoneme,db10,usage,13,250,250,0
ALL,W-NN:k=9,17,0.5,0.072,0.11349463706660015,0 2 1 3 9 4 8 5 10 7 31 6 16 14 15 11 127 17 30 62,0 2 1 3 4 5 8 9 7 10 31 6 15 16 11 14 30 64 12 17,phoneme,db10,usage,13,250,250,0
W-NN,W-NN:k=9,50,,0.096,0.10800698428535795,0 2 1 3 4 5 9 8 6 10 7 31 16 11 14 15 17 12 13 30,0 2 1 3 4 5 9 8 6 10 7 31 16 11 14 15 17 12 13 30,phoneme,db10,energy,14,250,250,0
W-QDA,W-QDA:qda,13,,0.096,0.10526315789473684,0 2 1 3 4 5 9 8 6 10 7 31 16 11 14 15 17 12 13 30,0 2 1 3 4 5 9 8 6 10 7 31 16 11 14 15 17 12 13 30,phoneme,db10,energy,14,250,250,0
W-CART,W-CART:cart,29,,0.072,0.1718633075579945,0 2 1 3 4 5 9 8 6 10 7 31 16 11 14 15 17 12 13 30,0 2 1 3 4 5 9 8 6 10 7 31 16 11 14 15 17 12 13 30,phoneme,db10,energy,14,250,250,0
ALL,W-CART:cart,29,,0.072,0.1718633075579945,0 2 1 3 4 5 9 8 6 10 7 31 16 11 14 15 17 12 13 30,0 2 1 3 4 5 9 8 6 10 7 31 16 11 14 15 17 12 13 30,phoneme,db10,energy,14,250,250,0
W-NN,W-NN:k=3,23,1.5,0.092,0.11424295335495135,0 1 2 3 4 5 8 9 31 6 7 10 15 11 12 13 14 16 17 18,0 1 2 3 4 5 8 9 6 7 10 31 15 11 14 16 12 20 30 13,phoneme,db10,usage,14,250,250,0
W-QDA,W-QDA:qda,19,3.0,0.088,0.11424295335495135,0 2 1 4 3 5 6 7 8 9 10 11 12 13 14 15 16 17 18 19,0 1 2 3 4 5 8 9 6 7 10 31 15 11 14 16 12 20 30 13,phoneme,db10,usage,14,250,250,0
W-CART,W-CART:cart,32,0.5,0.076,0.15914193065602394,0 2 1 3 8 9 4 5 10 7 6 31 16 11 14 15 17 12 127 30,0 1 2 3 4 5 8 9 6 7 10 31 15 11 14 16 12 20 30 13,phoneme,db10,usage,14,250,250,0
ALL,W-CART:cart,32,0.5,0.076,0.15914193065602394,0 2 1 3 8 9 4 5 10 7 6 31 16 11 14 15 17 12 127 30,0 1 2 3 4 5 8 9 6 7 10 31 15 11 14 16 12 20 30 13,phoneme,db10,usage,14,250,250,0
W-NN,W-NN:k=1,12,,0.1,0.12846096283362435,0 1 2 3 4 5 9 8 6 10 7 31 16 11 14 12 13 17 15 127,0 1 2 3 4 5 9 8 6 10 7 31 16 11 14 12 13 17 15 127,phoneme,db10,energy,15,250,250,0
W-QDA,W-QDA:qda,10,,0.104,0.1152407084060863,0 1 2 3 4 5 9 8 6 10 7 31 16 11 14 12 13 17 15 127,0 1 2 3 4 5 9 8 6 10 7 31 16 11 14 12 13 17 15 127,phoneme,db10,energy,15,250,250,0
W-CART,W-CART:cart,20,,0.14,0.15215764529807932,0 1 2 3 4 5 9 8 6 10 7 31 16 11 14 12 13 17 15 127,0 1 2 3 4 5 9 8 6 10 7 31 16 11 14 12 13 17 15 127,phoneme,db10,energy,15,250,250,0
ALL,W-NN:k=1,12,,0.1,0.12846096283362435,0 1 2 3 4 5 9 8 6 10 7 31 16 11 14 12 13 17 15 127,0 1 2 3 4 5 9 8 6 10 7 31 16 11 14 12 13 17 15 127,phoneme,db10,energy,15,250,250,0
W-NN,W-NN:k=1,16,0.5,0.092,0.12147667747567972,0 1 2 3 4 9 8 5 10 6 7 31 16 14 11 15 127 12 17 13,0 1 2 3 4 5 8 9 6 10 7 31 16 15 14 127 11 13 19 20,phoneme,db10,usage,15,250,250,0
W-QDA,W-QDA:qda,10,0.5,0.104,0.1152407084060863,0 1 2 3 4 9 8 5 10 6 7 31 16 14 11 15 127 12 17 13,0 1 2 3 4 5 8 9 6 10 7 31 16 15 14 127 11 13 19 20,phoneme,db10,usage,15,250,250,0
W-CART,W-CART:cart,22,1.0,0.132,0.13719131953105512,0 1 2 3 4 5 8 9 6 10 7 31 16 15 14 127 11 13 19 20,0 1 2 3 4 5 8 9 6 10 7 31 16 15 14 127 11 13 19 20,phoneme,db10,usage,15,250,250,0
ALL,W-NN:k=1,16,0.5,0.092,0.12147667747567972,0 1 2 3 4 9 8 5 10 6 7 31 16 14 11 15 127 12 17 13,0 1 2 3 4 5 8 9 6 10 7 31 16 15 14 127 11 13 19 20,phoneme,db10,usage,15,250,250,0
W-NN,W-NN:k=5,15,,0.064,0.10052382140184585,0 1 2 4 3 5 9 8 6 10 7 31 16 11 14 15 12 17 127 13,0 1 2 4 3 5 9 8 6 10 7 31 16 11 14 15 12 17 127 13,phoneme,db10,energy,16,250,250,0
W-QDA,W-QDA:qda,7,,0.076,0.10551259665752058,0 1 2 4 3 5 9 8 6 10 7 31 16 11 14 15 12 17 127 13,0 1 2 4 3 5 9 8 6 10 7 31 16 11 14 15 12 17 127 13,phoneme,db10,energy,16,250,250,0
W-CART,W-CART:cart,7,,0.18,0.17435769518583188,0 1 2 4 3 5 9 8 6 10 7 31 16 11 14 15 12 17 127 13,0 1 2 4 3 5 9 8 6 10 7 31 16 11 14 15 12 17 127 13,phoneme,db10,energy,16,250,250,0
ALL,W-NN:k=5,15,,0.064,0.10052382140184585,0 1 2 4 3 5 9 8 6 10 7 31 16 11 14 15 12 17 127 13,0 1 2 4 3 5 9 8 6 10 7 31 16 11 14 15 12 17 127 13,phoneme,db10,energy,16,250,250,0
W-NN,W-NN:k=5,15,0.5,0.064,0.10052382140184585,0 2 1 3 4 9 8 5 10 7 6 31 16 14 11 15 127 12 17 30,0 2 1 3 4 5 9 8 7 6 31 10 16 15 11 12 13 14 17 127,phoneme,db10,usage,16,250,250,0
W-QDA,W-QDA:qda,7,1.0,0.076,0.10551259665752058,0 2 1 3 4 5 9 8 7 6 31 10 16 15 11 12 13 14 17 127,0 2 1 3 4 5 9 8 7 6 31 10 16 15 11 12 13 14 17 127,phoneme,db10,usage,16,250,250,0
W-CART,W-CART:cart,63,0.5,0.164,0.17934647044150662,0 2 1 3 4 9 8 5 10 7 6 31 16 14 11 15 127 12 17 30,0 2 1 3 4 5 9 8 7 6 31 10 16 15 11 12 13 14 17 127,phoneme,db10,usage,16,250,250,0
ALL,W-NN:k=5,15,0.5,0.064,0.10052382140184585,0 2 1 3 4 9 8 5 10 7 6 31 16 14 11 15 127 12 17 30,0 2 1 3 4 5 9 8 7 6 31 10 16 15 11 12 13 14 17 127,phoneme,db10,usage,16,250,250,0
W-NN,W-NN:k=5,15,,0.092,0.107009229234223,0 1 2 3 4 5 9 8 6 10 7 31 16 11 14 15 12 17 127 30,0 1 2 3 4 5 9 8 6 10 7 31 16 11 14 15 12 17 127 30,phoneme,db10,energy,17,250,250,0
W-QDA,W-QDA:qda,16,,0.112,0.11549014716887004,0 1 2 3 4 5 9 8 6 10 7 31 16 11 14 15 12 17 127 30,0 1 2 3 4 5 9 8 6 10 7 31 16 11 14 15 12 17 127 30,phoneme,db10,energy,17,250,250,0
W-CART,W-CART:cart,46,,0.172,0.17136443003242705,0 1 2 3 4 5 9 8 6 10 7 31 16 11 14 15 12 17 127 30,0 1 2 3 4 5 9 8 6 10 7 31 16 11 14 15 12 17 127 30,phoneme,db10,energy,17,250,250,0
ALL,W-NN:k=5,15,,0.092,0.107009229234223,0 1 2 3 4 5 9 8 6 10 7 31 16 11 14 15 12 17 127 30,0 1 2 3 4 5 9 8 6 10 7 31 16 11 14 15 12 17 127 30,phoneme,db10,energy,17,250,250,0
W-NN,W-NN:k=5,12,2.0,0.096,0.10875530057370915,0 1 2 3 4 8 5 6 7 9 10 11 12 13 14 15 16 17 18 19,0 2 1 3 4 5 8 9 10 7 6 31 16 15 11 12 14 22 30 64,phoneme,db10,usage,17,250,250,0
W-QDA,W-QDA:qda,16,0.5,0.112,0.11549014716887004,0 2 3 1 9 4 5 8 10 6 31 7 16 14 15 11 127 17 30 12,0 2 1 3 4 5 8 9 10 7 6 31 16 15 11 12 14 22 30 64,phoneme,db10,usage,17,250,250,0
W-CART,W-CART:cart,35,1.5,0.152,0.1683711648790222,0 1 2 3 4 5 8 6 9 10 31 7 16 11 12 13 14 15 17 18,0 2 1 3 4 5 8 9 10 7 6 31 16 15 11 12 14 22 30 64,phoneme,db10,usage,17,250,250,0
ALL,W-NN:k=5,12,2.0,0.096,0.10875530057370915,0 1 2 3 4 8 5 6 7 9 10 11 12 13 14 15 16 17 18 19,0 2 1 3 4 5 8 9 10 7 6 31 16 15 11 12 14 22 30 64,phoneme,db10,usage,17,250,250,0
W-NN,W-NN:k=5,35,,0.068,0.107009229234223,0 1 2 3 4 5 9 8 6 10 7 31 16 11 14 17 15 12 30 126,0 1 2 3 4 5 9 8 6 10 7 31 16 11 14 17 15 12 30 126,phoneme,db10,energy,18,250,250,0
W-QDA,W-QDA:qda,9,,0.072,0.11100024943876279,0 1 2 3 4 5 9 8 6 10 7 31 16 11 14 17 15 12 30 126,0 1 2 3 4 5 9 8 6 10 7 31 16 11 14 17 15 12 30 126,phoneme,db10,energy,18,250,250,0
W-CART,W-CART:cart,8,,0.128,0.16462958343726616,0 1 2 3 4 5 9 8 6 10 7 31 16 11 14 17 15 12 30 126,0 1 2 3 4 5 9 8 6 10 7 31 16 11 14 17 15 12 30 126,phoneme,db10,energy,18,250,250,0
ALL,W-NN:k=5,35,,0.068,0.107009229234223,0 1 2 3 4 5 9 8 6 10 7 31 16 11 14 17 15 12 30 126,0 1 2 3 4 5 9 8 6 10 7 31 16 11 14 17 15 12 30 126,phoneme,db10,energy,18,250,250,0
W-NN,W-NN:k=5,27,1.0,0.072,0.107009229234223,0 1 2 3 4 5 8 9 10 6 7 31 15 16 14 127 11 20 255 12,0 1 2 3 4 5 8 9 10 6 7 31 15 16 14 127 11 20 255 12,phoneme,db10,usage,18,250,250,0
W-QDA,W-QDA:qda,9,1.5,0.072,0.11100024943876279,0 1 2 3 4 5 8 9 6 31 7 10 15 11 12 13 14 16 17 18,0 1 2 3 4 5 8 9 10 6 7 31 15 16 14 127 11 20 255 12,phoneme,db10,usage,18,250,250,0
W-CART,W-CART:cart,8,0.5,0.128,0.16462958343726616,0 1 2 3 4 5 9 8 10 6 7 31 16 14 15 11 17 12 127 13,0 1 2 3 4 5 8 9 10 6 7 31 15 16 14 127 11 20 255 12,phoneme,db10,usage,18,250,250,0
ALL,W-QDA:qda,9,1.5,0.072,0.11100024943876279,0 1 2 3 4 5 8 9 6 31 7 10 15 11 12 13 14 16 17 18,0 1 2 3 4 5 8 9 10 6 7 31 15 16 14 127 11 20 255 12,phoneme,db10,usage,18,250,250,0
W-NN,W-NN:k=3,28,,0.116,0.11374407582938388,0 1 2 3 4 5 9 8 6 10 7 31 16 11 14 17 15 127 12 13,0 1 2 3 4 5 9 8 6 10 7 31 16 11 14 17 15 127 12 13,phoneme,db10,energy,19,250,250,0
W-QDA,W-QDA:qda,18,,0.096,0.10177101521576452,0 1 2 3 4 5 9 8 6 10 7 31 16 11 14 17 15 127 12 13,0 1 2 3 4 5 9 8 6 10 7 31 16 11 14 17 15 127 12 13,phoneme,db10,energy,19,250,250,0
W-CART,W-CART:cart,58,,0.184,0.2132701421800948,0 1 2 3 4 5 9 8 6 10 7 31 16 11 14 17 15 127 12 13,0 1 2 3 4 5 9 8 6 10 7 31 16 11 14 17 15 127 12 13,phoneme,db10,energy,19,250,250,0
ALL,W-QDA:qda,18,,0.096,0.10177101521576452,0 1 2 3 4 5 9 8 6 10 7 31 16 11 14 17 15 127 12 13,0 1 2 3 4 5 9 8 6 10 7 31 16 11 14 17 15 127 12 13,phoneme,db10,energy,19,250,250,0
W-NN,W-NN:k=1,19,0.5,0.116,0.12222499376403093,0 2 3 1 9 8 4 5 10 6 7 31 16 14 11 127 15 17 13 30,0 2 1 3 4 5 8 9 10 6 7 31 16 15 11 14 64 17 62 101,phoneme,db10,usage,19,250,250,0
W-QDA,W-QDA:qda,18,0.5,0.096,0.10177101521576452,0 2 3 1 9 8 4 5 10 6 7 31 16 14 11 127 15 17 13 30,0 2 1 3 4 5 8 9 10 6 7 31 16 15 11 14 64 17 62 101,phoneme,db10,usage,19,250,250,0
W-CART,W-CART:cart,30,1.0,0.168,0.17984534796707408,0 2 1 3 4 5 8 9 10 6 7 31 16 15 11 14 64 17 62 101,0 2 1 3 4 5 8 9 10 6 7 31 16 15 11 14 64 17 62 101,phoneme,db10,usage,19,250,250,0
ALL,W-QDA:qda,18,0.5,0.096,0.10177101521576452,0 2 3 1 9 8 4 5 10 6 7 31 16 14 11 127 15 17 13 30,0 2 1 3 4 5 8 9 10 6 7 31 16 15 11 14 64 17 62 101,phoneme,db10,usage,19,250,250,0
W-NN,W-NN:k=7,9,,0.084,0.11124968820154651,0 1 2 3 4 5 9 8 6 7 10 31 16 11 14 15 17 12 13 64,0 1 2 3 4 5 9 8 6 7 10 31 16 11 14 15 17 12 13 64,phoneme,db10,energy,20,250,250,0
W-QDA,W-QDA:qda,10,,0.108,0.11050137191319531,0 1 2 3 4 5 9 8 6 7 10 31 16 11 14 15 17 12 13 64,0 1 2 3 4 5 9 8 6 7 10 31 16 11 14 15 17 12 13 64,phoneme,db10,energy,20,250,250,0
W-CART,W-CART:cart,7,,0.16,0.1853330007483163,0 1 2 3 4 5 9 8 6 7 10 31 16 11 14 15 17 12 13 64,0 1 2 3 4 5 9 8 6 7 10 31 16 11 14 15 17 12 13 64,phoneme,db10,energy,20,250,250,0
ALL,W-NN:k=7,9,,0.084,0.11124968820154651,0 1 2 3 4 5 9 8 6 7 10 31 16 11 14 15 17 12 13 64,0 1 2 3 4 5 9 8 6 7 10 31 16 11 14 15 17 12 13 64,phoneme,db10,energy,20,250,250,0
W-NN,W-NN:k=7,22,1.5,0.076,0.09628336243452232,0 1 2 3 4 5 8 6 9 31 15 10 16 7 11 12 13 14 17 18,0 1 2 3 4 5 8 9 7 6 31 10 16 15 11 14 127 12 13 17,phoneme,db10,usage,20,250,250,0
W-QDA,W-QDA:qda,6,2.0,0.096,0.1199800448989773,0 2 1 3 4 8 5 6 7 9 10 11 12 13 14 15 16 17 18 19,0 1 2 3 4 5 8 9 7 6 31 10 16 15 11 14 127 12 13 17,phoneme,db10,usage,20,250,250,0
W-CART,W-CART:cart,9,3.0,0.144,0.18707907208780244,0 1 2 3 4 5 6 7 8 9 10 11 12 13 14 15 16 17 18 19,0 1 2 3 4 5 8 9 7 6 31 10 16 15 11 14 127 12 13 17,phoneme,db10,usage,20,250,250,0
ALL,W-NN:k=7,22,1.5,0.076,0.09628336243452232,0 1 2 3 4 5 8 6 9 31 15 10 16 7 11 12 13 14 17 18,0 1 2 3 4 5 8 9 7 6 31 10 16 15 11 14 127 12 13 17,phoneme,db10,usage,20,250,250,0
W-NN,W-NN:k=25,11,,0.072,0.10900473933649289,0 1 2 3 4 5 9 8 6 10 7 31 16 11 14 15 17 12 13 30,0 1 2 3 4 5 9 8 6 10 7 31 16 11 14 15 17 12 13 30,phoneme,db10,energy,21,250,250,0
W-QDA,W-QDA:qda,10,,0.068,0.0995260663507109,0 1 2 3 4 5 9 8 6 10 7 31 16 11 14 15 17 12 13 30,0 1 2 3 4 5 9 8 6 10 7 31 16 11 14 15 17 12 13 30,phoneme,db10,energy,21,250,250,0
W-CART,W-CART:cart,7,,0.128,0.17335994013469694,0 1 2 3 4 5 9 8 6 10 7 31 16 11 14 15 17 12 13 30,0 1 2 3 4 5 9 8 6 10 7 31 16 11 14 15 17 12 13 30,phoneme,db10,energy,21,250,250,0
ALL,W-QDA:qda,10,,0.068,0.0995260663507109,0 1 2 3 4 5 9 8 6 10 7 31 16 11 14 15 17 12 13 30,0 1 2 3 4 5 9 8 6 10 7 31 16 11 14 15 17 12 13 30,phoneme,db10,energy,21,250,250,0
W-NN,W-NN:k=25,10,1.0,0.064,0.11299575954103268,0 2 1 3 4 5 8 9 6 7 31 10 15 16 14 11 12 20 13 17,0 2 1 3 4 5 8 9 6 7 31 10 15 16 14 11 12 20 13 17,phoneme,db10,usage,21,250,250,0
W-QDA,W-QDA:qda,11,2.0,0.072,0.09428785233225243,0 2 1 4 3 8 5 6 7 9 10 11 12 13 14 15 16 17 18 19,0 2 1 3 4 5 8 9 6 7 31 10 15 16 14 11 12 20 13 17,phoneme,db10,usage,21,250,250,0
W-CART,W-CART:cart,6,0.5,0.12,0.17710152157645298,0 1 2 3 9 4 8 5 10 31 6 7 16 15 14 17 11 127 30 12,0 2 1 3 4 5 8 9 6 7 31 10 15 16 14 11 12 20 13 17,phoneme,db10,usage,21,250,250,0
ALL,W-NN:k=25,10,1.0,0.064,0.11299575954103268,0 2 1 3 4 5 8 9 6 7 31 10 15 16 14 11 12 20 13 17,0 2 1 3 4 5 8 9 6 7 31 10 15 16 14 11 12 20 13 17,phoneme,db10,usage,21,250,250,0
W-NN,W-NN:k=9,10,,0.104,0.10326764779246694,0 1 2 3 4 5 9 8 6 10 7 31 16 14 11 15 17 12 127 13,0 1 2 3 4 5 9 8 6 10 7 31 16 14 11 15 17 12 127 13,phoneme,db10,energy,22,250,250,0
W-QDA,W-QDA:qda,7,,0.104,0.11374407582938388,0 1 2 3 4 5 9 8 6 10 7 31 16 14 11 15 17 12 127 13,0 1 2 3 4 5 9 8 6 10 7 31 16 14 11 15 17 12 127 13,phoneme,db10,energy,22,250,250,0
W-CART,W-CART:cart,33,,0.124,0.15989024694437515,0 1 2 3 4 5 9 8 6 10 7 31 16 14 11 15 17 12 127 13,0 1 2 3 4 5 9 8 6 10 7 31 16 14 11 15 17 12 127 13,phoneme,db10,energy,22,250,250,0
ALL,W-QDA:qda,7,,0.104,0.11374407582938388,0 1 2 3 4 5 9 8 6 10 7 31 16 14 11 15 17 12 127 13,0 1 2 3 4 5 9 8 6 10 7 31 16 14 11 15 17 12 127 13,phoneme,db10,energy,22,250,250,0
W-NN,W-NN:k=9,9,0.5,0.1,0.10052382140184585,0 1 2 3 9 4 5 8 10 6 31 7 16 14 15 11 17 127 30 12,0 1 2 3 4 5 8 9 7 6 31 10 16 15 14 17 20 11 13 62,phoneme,db10,usage,22,250,250,0
W-QDA,W-QDA:qda,6,0.5,0.092,0.11100024943876279,0 1 2 3 9 4 5 8 10 6 31 7 16 14 15 11 17 127 30 12,0 1 2 3 4 5 8 9 7 6 31 10 16 15 14 17 20 11 13 62,phoneme,db10,usage,22,250,250,0
W-CART,W-CART:cart,35,1.5,0.1,0.16537789972561737,0 1 2 3 4 5 8 9 31 6 7 15 10 11 12 13 14 16 17 18,0 1 2 3 4 5 8 9 7 6 31 10 16 15 14 17 20 11 13 62,phoneme,db10,usage,22,250,250,0
ALL,W-QDA:qda,6,0.5,0.092,0.11100024943876279,0 1 2 3 9 4 5 8 10 6 31 7 16 14 15 11 17 127 30 12,0 1 2 3 4 5 8 9 7 6 31 10 16 15 14 17 20 11 13 62,phoneme,db10,usage,22,250,250,0
W-NN,W-NN:k=9,29,,0.076,0.10052382140184585,0 1 2 3 4 5 9 8 7 6 10 31 16 14 11 17 15 12 13 30,0 1 2 3 4 5 9 8 7 6 10 31 16 14 11 17 15 12 13 30,phoneme,db10,energy,23,250,250,0
W-QDA,W-QDA:qda,14,,0.084,0.10950361686206037,0 1 2 3 4 5 9 8 7 6 10 31 16 14 11 17 15 12 13 30,0 1 2 3 4 5 9 8 7 6 10 31 16 14 11 17 15 12 13 30,phoneme,db10,energy,23,250,250,0
W-CART,W-CART:cart,25,,0.132,0.17685208281366924,0 1 2 3 4 5 9 8 7 6 10 31 16 14 11 17 15 12 13 30,0 1 2 3 4 5 9 8 7 6 10 31 16 14 11 17 15 12 13 30,phoneme,db10,energy,23,250,250,0
ALL,W-NN:k=9,29,,0.076,0.10052382140184585,0 1 2 3 4 5 9 8 7 6 10 31 16 14 11 17 15 12 13 30,0 1 2 3 4 5 9 8 7 6 10 31 16 14 11 17 15 12 13 30,phoneme,db10,energy,23,250,250,0
W-NN,W-NN:k=9,34,0.5,0.076,0.0995260663507109,0 1 2 3 9 4 8 5 10 7 6 31 16 14 15 11 17 127 13 12,0 2 1 3 4 8 9 5 7 10 31 6 16 15 14 11 20 12 17 18,phoneme,db10,usage,23,250,250,0
W-QDA,W-QDA:qda,15,0.5,0.076,0.11075081067597904,0 1 2 3 9 4 8 5 10 7 6 31 16 14 15 11 17 127 13 12,0 2 1 3 4 8 9 5 7 10 31 6 16 15 14 11 20 12 17 18,phoneme,db10,usage,23,250,250,0
W-CART,W-CART:cart,17,3.0,0.12,0.17660264405088552,0 2 1 4 3 5 6 7 8 9 10 11 12 13 14 15 16 17 18 19,0 2 1 3 4 8 9 5 7 10 31 6 16 15 14 11 20 12 17 18,phoneme,db10,usage,23,250,250,0
ALL,W-QDA:qda,15,0.5,0.076,0.11075081067597904,0 1 2 3 9 4 8 5 10 7 6 31 16 14 15 11 17 127 13 12,0 2 1 3 4 8 9 5 7 10 31 6 16 15 14 11 20 12 17 18,phoneme,db10,usage,23,250,250,0
W-NN,W-NN:k=3,51,,0.084,0.10276877026689947,0 1 2 3 4 5 9 8 6 10 7 31 16 11 14 15 12 17 126 30,0 1 2 3 4 5 9 8 6 10 7 31 16 11 14 15 12 17 126 30,phoneme,db10,energy,24,250,250,0
W-QDA,W-QDA:qda,10,,0.096,0.1077575455225742,0 1 2 3 4 5 9 8 6 10 7 31 16 11 14 15 12 17 126 30,0 1 2 3 4 5 9 8 6 10 7 31 16 11 14 15 12 17 126 30,phoneme,db10,energy,24,250,250,0
W-CART,W-CART:cart,7,,0.132,0.17261162384634574,0 1 2 3 4 5 9 8 6 10 7 31 16 11 14 15 12 17 126 30,0 1 2 3 4 5 9 8 6 10 7 31 16 11 14 15 12 17 126 30,phoneme,db10,energy,24,250,250,0
ALL,W-NN:k=3,51,,0.084,0.10276877026689947,0 1 2 3 4 5 9 8 6 10 7 31 16 11 14 15 12 17 126 30,0 1 2 3 4 5 9 8 6 10 7 31 16 11 14 15 12 17 126 30,phoneme,db10,energy,24,250,250,0
W-NN,W-NN:k=7,48,1.0,0.08,0.09927662758792716,0 2 1 3 4 5 8 9 7 10 31 6 15 16 11 12 14 252 255 13,0 2 1 3 4 5 8 9 7 10 31 6 15 16 11 12 14 252 255 13,phoneme,db10,usage,24,250,250,0
W-QDA,W-QDA:qda,6,0.5,0.1,0.10800698428535795,0 1 2 3 4 9 8 5 7 10 31 16 6 14 11 15 17 30 12 13,0 2 1 3 4 5 8 9 7 10 31 6 15 16 11 12 14 252 255 13,phoneme,db10,usage,24,250,250,0
W-CART,W-CART:cart,10,1.5,0.128,0.16612621601396857,0 2 1 3 4 8 5 31 9 7 10 6 15 16 11 12 13 14 17 18,0 2 1 3 4 5 8 9 7 10 31 6 15 16 11 12 14 252 255 13,phoneme,db10,usage,24,250,250,0
ALL,W-NN:k=7,48,1.0,0.08,0.09927662758792716,0 2 1 3 4 5 8 9 7 10 31 6 15 16 11 12 14 252 255 13,0 2 1 3 4 5 8 9 7 10 31 6 15 16 11 12 14 252 255 13,phoneme,db10,usage,24,250,250,0
W-NN,W-NN:k=3,8,,0.088,0.13868795210775756,0 1 2 4 3 5 9 8 6 10 7 31 16 14 11 15 12 17 127 13,0 1 2 4 3 5 9 8 6 10 7 31 16 14 11 15 12 17 127 13,phoneme,db10,energy,25,250,250,0
W-QDA,W-QDA:qda,7,,0.1,0.12022948366176103,0 1 2 4 3 5 9 8 6 10 7 31 16 14 11 15 12 17 127 13,0 1 2 4 3 5 9 8 6 10 7 31 16 14 11 15 12 17 127 13,phoneme,db10,energy,25,250,250,0
W-CART,W-CART:cart,13,,0.136,0.1541531554003492,0 1 2 4 3 5 9 8 6 10 7 31 16 14 11 15 12 17 127 13,0 1 2 4 3 5 9 8 6 10 7 31 16 14 11 15 12 17 127 13,phoneme,db10,energy,25,250,250,0
ALL,W-NN:k=3,8,,0.088,0.13868795210775756,0 1 2 4 3 5 9 8 6 10 7 31 16 14 11 15 12 17 127 13,0 1 2 4 3 5 9 8 6 10 7 31 16 14 11 15 12 17 127 13,phoneme,db10,energy,25,250,250,0
W-NN,W-NN:k=3,8,0.5,0.088,0.13868795210775756,0 2 1 3 4 9 5 8 10 31 7 6 16 14 15 11 127 17 62 12,0 2 1 3 4 5 8 9 10 6 7 31 15 16 14 11 17 20 127 13,phoneme,db10,usage,25,250,250,0
W-QDA,W-QDA:qda,7,0.5,0.1,0.12022948366176103,0 2 1 3 4 9 5 8 10 31 7 6 16 14 15 11 127 17 62 12,0 2 1 3 4 5 8 9 10 6 7 31 15 16 14 11 17 20 127 13,phoneme,db10,usage,25,250,250,0
W-CART,W-CART:cart,14,1.0,0.136,0.14691943127962084,0 2 1 3 4 5 8 9 10 6 7 31 15 16 14 11 17 20 127 13,0 2 1 3 4 5 8 9 10 6 7 31 15 16 14 11 17 20 127 13,phoneme,db10,usage,25,250,250,0
ALL,W-NN:k=3,8,0.5,0.088,0.13868795210775756,0 2 1 3 4 9 5 8 10 31 7 6 16 14 15 11 127 17 62 12,0 2 1 3 4 5 8 9 10 6 7 31 15 16 14 11 17 20 127 13,phoneme,db10,usage,25,250,250,0
W-NN,W-NN:k=15,38,,0.088,0.10651035170865553,0 1 2 3 4 5 9 8 6 7 10 31 16 14 11 15 17 12 127 30,0 1 2 3 4 5 9 8 6 7 10 31 16 14 11 15 17 12 127 30,phoneme,db10,energy,26,250,250,0
W-QDA,W-QDA:qda,11,,0.108,0.10052382140184585,0 1 2 3 4 5 9 8 6 7 10 31 16 14 11 15 17 12 127 30,0 1 2 3 4 5 9 8 6 7 10 31 16 14 11 15 17 12 127 30,phoneme,db10,energy,26,250,250,0
W-CART,W-CART:cart,37,,0.148,0.16812172611623846,0 1 2 3 4 5 9 8 6 7 10 31 16 14 11 15 17 12 127 30,0 1 2 3 4 5 9 8 6 7 10 31 16 14 11 15 17 12 127 30,phoneme,db10,energy,26,250,250,0
ALL,W-NN:k=15,38,,0.088,0.10651035170865553,0 1 2 3 4 5 9 8 6 7 10 31 16 14 11 15 17 12 127 30,0 1 2 3 4 5 9 8 6 7 10 31 16 14 11 15 17 12 127 30,phoneme,db10,energy,26,250,250,0
W-NN,W-NN:k=15,23,1.0,0.084,0.10950361686206037,0 2 1 3 4 5 8 9 7 6 10 31 15 16 11 17 127 30 12 18,0 2 1 3 4 5 8 9 7 6 10 31 15 16 11 17 127 30 12 18,phoneme,db10,usage,26,250,250,0
W-QDA,W-QDA:qda,22,1.0,0.096,0.11948116737340983,0 2 1 3 4 5 8 9 7 6 10 31 15 16 11 17 127 30 12 18,0 2 1 3 4 5 8 9 7 6 10 31 15 16 11 17 127 30 12 18,phoneme,db10,usage,26,250,250,0
W-CART,W-CART:cart,22,1.0,0.124,0.16313295086056373,0 2 1 3 4 5 8 9 7 6 10 31 15 16 11 17 127 30 12 18,0 2 1 3 4 5 8 9 7 6 10 31 15 16 11 17 127 30 12 18,phoneme,db10,usage,26,250,250,0
ALL,W-NN:k=15,23,1.0,0.084,0.10950361686206037,0 2 1 3 4 5 8 9 7 6 10 31 15 16 11 17 127 30 12 18,0 2 1 3 4 5 8 9 7 6 10 31 15 16 11 17 127 30 12 18,phoneme,db10,usage,26,250,250,0
W-NN,W-NN:k=9,18,,0.064,0.11573958593165377,0 2 1 3 4 5 9 8 6 10 7 31 16 11 14 15 12 17 30 13,0 2 1 3 4 5 9 8 6 10 7 31 16 11 14 15 12 17 30 13,phoneme,db10,energy,27,250,250,0
W-QDA,W-QDA:qda,7,,0.092,0.1207283611873285,0 2 1 3 4 5 9 8 6 10 7 31 16 11 14 15 12 17 30 13,0 2 1 3 4 5 9 8 6 10 7 31 16 11 14 15 12 17 30 13,phoneme,db10,energy,27,250,250,0
W-CART,W-CART:cart,5,,0.144,0.1663756547767523,0 2 1 3 4 5 9 8 6 10 7 31 16 11 14 15 12 17 30 13,0 2 1 3 4 5 9 8 6 10 7 31 16 11 14 15 12 17 30 13,phoneme,db10,energy,27,250,250,0
ALL,W-NN:k=9,18,,0.064,0.11573958593165377,0 2 1 3 4 5 9 8 6 10 7 31 16 11 14 15 12 17 30 13,0 2 1 3 4 5 9 8 6 10 7 31 16 11 14 15 12 17 30 13,phoneme,db10,energy,27,250,250,0
W-NN,W-NN:k=9,13,1.5,0.056,0.1199800448989773,0 2 1 3 4 5 8 9 15 31 6 7 10 11 16 12 13 14 17 18,0 2 1 3 4 5 9 8 7 31 6 10 16 15 11 14 127 12 17 20,phoneme,db10,usage,27,250,250,0
W-QDA,W-QDA:qda,6,0.5,0.092,0.11848341232227488,0 2 1 3 9 4 5 8 10 6 31 7 16 14 11 15 17 12 30 127,0 2 1 3 4 5 9 8 7 31 6 10 16 15 11 14 127 12 17 20,phoneme,db10,usage,27,250,250,0
W-CART,W-CART:cart,18,0.5,0.128,0.18633075579945124,0 2 1 3 9 4 5 8 10 6 31 7 16 14 11 15 17 12 30 127,0 2 1 3 4 5 9 8 7 31 6 10 16 15 11 14 127 12 17 20,phoneme,db10,usage,27,250,250,0
ALL,W-NN:k=9,13,1.5,0.056,0.1199800448989773,0 2 1 3 4 5 8 9 15 31 6 7 10 11 16 12 13 14 17 18,0 2 1 3 4 5 9 8 7 31 6 10 16 15 11 14 127 12 17 20,phoneme,db10,usage,27,250,250,0
W-NN,W-NN:k=7,14,,0.06,0.10251933150411574,0 1 2 3 4 5 9 8 10 7 6 31 16 11 14 12 15 17 13 30,0 1 2 3 4 5 9 8 10 7 6 31 16 11 14 12 15 17 13 30,phoneme,db10,energy,28,250,250,0
W-QDA,W-QDA:qda,12,,0.084,0.09678223996008979,0 1 2 3 4 5 9 8 10 7 6 31 16 11 14 12 15 17 13 30,0 1 2 3 4 5 9 8 10 7 6 31 16 11 14 12 15 17 13 30,phoneme,db10,energy,28,250,250,0
W-CART,W-CART:cart,51,,0.124,0.17410825642304814,0 1 2 3 4 5 9 8 10 7 6 31 16 11 14 12 15 17 13 30,0 1 2 3 4 5 9 8 10 7 6 31 16 11 14 12 15 17 13 30,phoneme,db10,energy,28,250,250,0
ALL,W-NN:k=7,14,,0.06,0.10251933150411574,0 1 2 3 4 5 9 8 10 7 6 31 16 11 14 12 15 17 13 30,0 1 2 3 4 5 9 8 10 7 6 31 16 11 14 12 15 17 13 30,phoneme,db10,energy,28,250,250,0
W-NN,W-NN:k=15,34,0.5,0.056,0.102269892741332,0 1 2 3 9 4 8 5 10 31 7 6 16 14 11 15 127 30 12 13,0 1 2 3 4 5 8 9 7 10 6 31 16 15 14 12 11 13 18 64,phoneme,db10,usage,28,250,250,0
W-QDA,W-QDA:qda,10,0.5,0.084,0.10002494387627837,0 1 2 3 9 4 8 5 10 31 7 6 16 14 11 15 127 30 12 13,0 1 2 3 4 5 8 9 7 10 6 31 16 15 14 12 11 13 18 64,phoneme,db10,usage,28,250,250,0
W-CART,W-CART:cart,34,0.5,0.132,0.17286106260912945,0 1 2 3 9 4 8 5 10 31 7 6 16 14 11 15 127 30 12 13,0 1 2 3 4 5 8 9 7 10 6 31 16 15 14 12 11 13 18 64,phoneme,db10,usage,28,250,250,0
ALL,W-NN:k=15,34,0.5,0.056,0.102269892741332,0 1 2 3 9 4 8 5 10 31 7 6 16 14 11 15 127 30 12 13,0 1 2 3 4 5 8 9 7 10 6 31 16 15 14 12 11 13 18 64,phoneme,db10,usage,28,250,250,0
W-NN,W-NN:k=9,25,,0.088,0.10850586181092542,0 1 2 3 4 5 9 8 6 10 7 31 16 11 14 15 17 12 126 62,0 1 2 3 4 5 9 8 6 10 7 31 16 11 14 15 17 12 126 62,phoneme,db10,energy,29,250,250,0
W-QDA,W-QDA:qda,7,,0.104,0.10351708655525069,0 1 2 3 4 5 9 8 6 10 7 31 16 11 14 15 17 12 126 62,0 1 2 3 4 5 9 8 6 10 7 31 16 11 14 15 17 12 126 62,phoneme,db10,energy,29,250,250,0
W-CART,W-CART:cart,12,,0.12,0.16587677725118483,0 1 2 3 4 5 9 8 6 10 7 31 16 11 14 15 17 12 126 62,0 1 2 3 4 5 9 8 6 10 7 31 16 11 14 15 17 12 126 62,phoneme,db10,energy,29,250,250,0
ALL,W-NN:k=9,25,,0.088,0.10850586181092542,0 1 2 3 4 5 9 8 6 10 7 31 16 11 14 15 17 12 126 62,0 1 2 3 4 5 9 8 6 10 7 31 16 11 14 15 17 12 126 62,phoneme,db10,energy,29,250,250,0
W-NN,W-NN:k=7,17,2.0,0.084,0.1097530556248441,0 1 2 4 3 5 8 6 7 9 10 11 12 13 14 15 16 17 18 19,0 2 1 3 4 5 9 8 7 6 10 31 16 15 11 12 127 14 17 19,phoneme,db10,usage,29,250,250,0
W-QDA,W-QDA:qda,4,2.0,0.092,0.12222499376403093,0 1 2 4 3 5 8 6 7 9 10 11 12 13 14 15 16 17 18 19,0 2 1 3 4 5 9 8 7 6 10 31 16 15 11 12 127 14 17 19,phoneme,db10,usage,29,250,250,0
W-CART,W-CART:cart,15,3.0,0.112,0.16487902220004988,0 1 2 4 3 5 6 7 8 9 10 11 12 13 14 15 16 17 18 19,0 2 1 3 4 5 9 8 7 6 10 31 16 15 11 12 127 14 17 19,phoneme,db10,usage,29,250,250,0
ALL,W-NN:k=7,17,2.0,0.084,0.1097530556248441,0 1 2 4 3 5 8 6 7 9 10 11 12 13 14 15 16 17 18 19,0 2 1 3 4 5 9 8 7 6 10 31 16 15 11 12 127 14 17 19,phoneme,db10,usage,29,250,250,0
W-NN,W-NN:k=5,15,,0.1,0.11424295335495135,0 1 2 3 4 5 9 8 10 6 7 31 16 11 14 17 15 13 12 127,0 1 2 3 4 5 9 8 10 6 7 31 16 11 14 17 15 13 12 127,phoneme,db10,energy,30,250,250,0
W-QDA,W-QDA:qda,15,,0.092,0.1172362185083562,0 1 2 3 4 5 9 8 10 6 7 31 16 11 14 17 15 13 12 127,0 1 2 3 4 5 9 8 10 6 7 31 16 11 14 17 15 13 12 127,phoneme,db10,energy,30,250,250,0
W-CART,W-CART:cart,13,,0.196,0.18308805188326266,0 1 2 3 4 5 9 8 10 6 7 31 16 11 14 17 15 13 12 127,0 1 2 3 4 5 9 8 10 6 7 31 16 11 14 17 15 13 12 127,phoneme,db10,energy,30,250,250,0
ALL,W-QDA:qda,15,,0.092,0.1172362185083562,0 1 2 3 4 5 9 8 10 6 7 31 16 11 14 17 15 13 12 127,0 1 2 3 4 5 9 8 10 6 7 31 16 11 14 17 15 13 12 127,phoneme,db10,energy,30,250,250,0
W-NN,W-NN:k=5,53,1.0,0.096,0.11000249438762784,0 1 2 3 4 5 8 9 10 7 6 31 15 16 11 14 64 17 12 13,0 1 2 3 4 5 8 9 10 7 6 31 15 16 11 14 64 17 12 13,phoneme,db10,usage,30,250,250,0
W-QDA,W-QDA:qda,14,0.5,0.092,0.11848341232227488,0 1 2 3 9 5 4 8 10 6 31 7 16 14 11 15 17 127 12 13,0 1 2 3 4 5 8 9 10 7 6 31 15 16 11 14 64 17 12 13,phoneme,db10,usage,30,250,250,0
W-CART,W-CART:cart,7,1.0,0.18,0.18109254178099277,0 1 2 3 4 5 8 9 10 7 6 31 15 16 11 14 64 17 12 13,0 1 2 3 4 5 8 9 10 7 6 31 15 16 11 14 64 17 12 13,phoneme,db10,usage,30,250,250,0
ALL,W-QDA:qda,14,0.5,0.092,0.11848341232227488,0 1 2 3 9 5 4 8 10 6 31 7 16 14 11 15 17 127 12 13,0 1 2 3 4 5 8 9 10 7 6 31 15 16 11 14 64 17 12 13,phoneme,db10,usage,30,250,250,0
W-NN,W-NN:k=25,12,,0.096,0.11474183088051883,0 1 2 3 4 5 9 8 6 10 7 31 16 14 11 15 17 12 13 126,0 1 2 3 4 5 9 8 6 10 7 31 16 14 11 15 17 12 13 126,phoneme,db10,energy,31,250,250,0
W-QDA,W-QDA:qda,12,,0.112,0.09304065851833375,0 1 2 3 4 5 9 8 6 10 7 31 16 14 11 15 17 12 13 126,0 1 2 3 4 5 9 8 6 10 7 31 16 14 11 15 17 12 13 126,phoneme,db10,energy,31,250,250,0
W-CART,W-CART:cart,15,,0.132,0.15914193065602394,0 1 2 3 4 5 9 8 6 10 7 31 16 14 11 15 17 12 13 126,0 1 2 3 4 5 9 8 6 10 7 31 16 14 11 15 17 12 13 126,phoneme,db10,energy,31,250,250,0
ALL,W-NN:k=25,12,,0.096,0.11474183088051883,0 1 2 3 4 5 9 8 6 10 7 31 16 14 11 15 17 12 13 126,0 1 2 3 4 5 9 8 6 10 7 31 16 14 11 15 17 12 13 126,phoneme,db10,energy,31,250,250,0
W-NN,W-NN:k=3,12,2.0,0.088,0.11149912696433026,0 2 1 4 3 8 5 6 7 9 10 11 12 13 14 15 16 17 18 19,0 1 2 3 4 5 8 9 10 6 7 31 16 15 11 17 252 14 20 23,phoneme,db10,usage,31,250,250,0
W-QDA,W-QDA:qda,6,0.5,0.104,0.1050137191319531,0 1 2 3 4 9 5 8 10 6 7 16 31 14 11 15 17 127 30 12,0 1 2 3 4 5 8 9 10 6 7 31 16 15 11 17 252 14 20 23,phoneme,db10,usage,31,250,250,0
W-CART,W-CART:cart,58,0.5,0.128,0.18084310301820902,0 1 2 3 4 9 5 8 10 6 7 16 31 14 11 15 17 127 30 12,0 1 2 3 4 5 8 9 10 6 7 31 16 15 11 17 252 14 20 23,phoneme,db10,usage,31,250,250,0
ALL,W-NN:k=3,12,2.0,0.088,0.11149912696433026,0 2 1 4 3 8 5 6 7 9 10 11 12 13 14 15 16 17 18 19,0 1 2 3 4 5 8 9 10 6 7 31 16 15 11 17 252 14 20 23,phoneme,db10,usage,31,250,250,0
W-NN,W-NN:k=9,9,,0.076,0.11324519830381641,0 1 2 3 4 5 9 8 6 10 7 31 16 14 11 15 17 13 127 12,0 1 2 3 4 5 9 8 6 10 7 31 16 14 11 15 17 13 127 12,phoneme,db10,energy,32,250,250,0
W-QDA,W-QDA:qda,5,,0.116,0.11474183088051883,0 1 2 3 4 5 9 8 6 10 7 31 16 14 11 15 17 13 127 12,0 1 2 3 4 5 9 8 6 10 7 31 16 14 11 15 17 13 127 12,phoneme,db10,energy,32,250,250,0
W-CART,W-CART:cart,15,,0.152,0.1718633075579945,0 1 2 3 4 5 9 8 6 10 7 31 16 14 11 15 17 13 127 12,0 1 2 3 4 5 9 8 6 10 7 31 16 14 11 15 17 13 127 12,phoneme,db10,energy,32,250,250,0
ALL,W-NN:k=9,9,,0.076,0.11324519830381641,0 1 2 3 4 5 9 8 6 10 7 31 16 14 11 15 17 13 127 12,0 1 2 3 4 5 9 8 6 10 7 31 16 14 11 15 17 13 127 12,phoneme,db10,energy,32,250,250,0
W-NN,W-NN:k=15,15,1.5,0.072,0.10526315789473684,0 1 2 3 4 5 8 6 9 31 10 7 16 11 12 13 14 15 17 18,0 1 2 3 4 5 8 9 10 6 31 7 15 16 11 14 17 30 101 127,phoneme,db10,usage,32,250,250,0
W-QDA,W-QDA:qda,7,3.0,0.108,0.11324519830381641,0 1 2 4 3 5 6 7 8 9 10 11 12 13 14 15 16 17 18 19,0 1 2 3 4 5 8 9 10 6 31 7 15 16 11 14 17 30 101 127,phoneme,db10,usage,32,250,250,0
W-CART,W-CART:cart,17,0.5,0.148,0.16263407333499627,0 1 3 2 9 4 8 5 10 6 7 31 16 14 11 15 127 17 30 13,0 1 2 3 4 5 8 9 10 6 31 7 15 16 11 14 17 30 101 127,phoneme,db10,usage,32,250,250,0
ALL,W-NN:k=15,15,1.5,0.072,0.10526315789473684,0 1 2 3 4 5 8 6 9 31 10 7 16 11 12 13 14 15 17 18,0 1 2 3 4 5 8 9 10 6 31 7 15 16 11 14 17 30 101 127,phoneme,db10,usage,32,250,250,0
W-NN,W-NN:k=7,16,,0.08,0.09528560738338737,0 1 2 3 4 5 9 8 6 7 10 31 16 14 11 15 17 12 13 127,0 1 2 3 4 5 9 8 6 7 10 31 16 14 11 15 17 12 13 127,phoneme,db10,energy,33,250,250,0
W-QDA,W-QDA:qda,10,,0.056,0.10052382140184585,0 1 2 3 4 5 9 8 6 7 10 31 16 14 11 15 17 12 13 127,0 1 2 3 4 5 9 8 6 7 10 31 16 14 11 15 17 12 13 127,phoneme,db10,energy,33,250,250,0
W-CART,W-CART:cart,21,,0.124,0.15914193065602394,0 1 2 3 4 5 9 8 6 7 10 31 16 14 11 15 17 12 13 127,0 1 2 3 4 5 9 8 6 7 10 31 16 14 11 15 17 12 13 127,phoneme,db10,energy,33,250,250,0
ALL,W-QDA:qda,10,,0.056,0.10052382140184585,0 1 2 3 4 5 9 8 6 7 10 31 16 14 11 15 17 12 13 127,0 1 2 3 4 5 9 8 6 7 10 31 16 14 11 15 17 12 13 127,phoneme,db10,energy,33,250,250,0
W-NN,W-NN:k=7,41,1.5,0.056,0.10127213769019705,0 2 1 3 4 8 5 9 6 31 7 10 15 11 12 13 14 16 17 18,0 2 1 3 4 5 9 8 6 7 31 10 16 15 11 14 12 127 13 17,phoneme,db10,usage,33,250,250,0
W-QDA,W-QDA:qda,16,1.5,0.052,0.10077326016462958,0 2 1 3 4 8 5 9 6 31 7 10 15 11 12 13 14 16 17 18,0 2 1 3 4 5 9 8 6 7 31 10 16 15 11 14 12 127 13 17,phoneme,db10,usage,33,250,250,0
W-CART,W-CART:cart,17,2.0,0.108,0.14691943127962084,0 2 1 3 4 8 5 6 9 7 10 11 12 13 14 15 16 17 18 19,0 2 1 3 4 5 9 8 6 7 31 10 16 15 11 14 12 127 13 17,phoneme,db10,usage,33,250,250,0
ALL,W-QDA:qda,16,1.5,0.052,0.10077326016462958,0 2 1 3 4 8 5 9 6 31 7 10 15 11 12 13 14 16 17 18,0 2 1 3 4 5 9 8 6 7 31 10 16 15 11 14 12 127 13 17,phoneme,db10,usage,33,250,250,0
W-NN,W-NN:k=15,12,,0.068,0.11549014716887004,0 1 2 4 3 5 9 8 6 10 7 31 16 11 15 14 17 12 30 13,0 1 2 4 3 5 9 8 6 10 7 31 16 11 15 14 17 12 30 13,phoneme,db10,energy,34,250,250,0
W-QDA,W-QDA:qda,9,,0.092,0.12247443252681467,0 1 2 4 3 5 9 8 6 10 7 31 16 11 15 14 17 12 30 13,0 1 2 4 3 5 9 8 6 10 7 31 16 11 15 14 17 12 30 13,phoneme,db10,energy,34,250,250,0
W-CART,W-CART:cart,8,,0.136,0.16188575704664504,0 1 2 4 3 5 9 8 6 10 7 31 16 11 15 14 17 12 30 13,0 1 2 4 3 5 9 8 6 10 7 31 16 11 15 14 17 12 30 13,phoneme,db10,energy,34,250,250,0
ALL,W-NN:k=15,12,,0.068,0.11549014716887004,0 1 2 4 3 5 9 8 6 10 7 31 16 11 15 14 17 12 30 13,0 1 2 4 3 5 9 8 6 10 7 31 16 11 15 14 17 12 30 13,phoneme,db10,energy,34,250,250,0
W-NN,W-NN:k=15,12,0.5,0.064,0.11499126964330257,0 1 2 3 4 5 9 8 10 7 16 6 31 15 11 14 127 17 13 12,0 2 1 3 4 8 5 9 10 6 31 7 16 15 11 14 127 12 17 22,phoneme,db10,usage,34,250,250,0
W-QDA,W-QDA:qda,9,1.5,0.092,0.12247443252681467,0 2 1 3 4 5 8 9 6 31 7 15 16 10 11 12 13 14 17 18,0 2 1 3 4 8 5 9 10 6 31 7 16 15 11 14 127 12 17 22,phoneme,db10,usage,34,250,250,0
W-CART,W-CART:cart,42,1.5,0.132,0.17485657271139934,0 2 1 3 4 5 8 9 6 31 7 15 16 10 11 12 13 14 17 18,0 2 1 3 4 8 5 9 10 6 31 7 16 15 11 14 127 12 17 22,phoneme,db10,usage,34,250,250,0
ALL,W-NN:k=15,12,0.5,0.064,0.11499126964330257,0 1 2 3 4 5 9 8 10 7 16 6 31 15 11 14 127 17 13 12,0 2 1 3 4 8 5 9 10 6 31 7 16 15 11 14 127 12 17 22,phoneme,db10,usage,34,250,250,0
W-NN,W-NN:k=3,15,,0.084,0.0940384135694687,0 1 2 3 4 5 9 8 6 10 7 31 16 14 15 11 17 12 127 13,0 1 2 3 4 5 9 8 6 10 7 31 16 14 15 11 17 12 127 13,phoneme,db10,energy,35,250,250,0
W-QDA,W-QDA:qda,13,,0.096,0.09927662758792716,0 1 2 3 4 5 9 8 6 10 7 31 16 14 15 11 17 12 127 13,0 1 2 3 4 5 9 8 6 10 7 31 16 14 15 11 17 12 127 13,phoneme,db10,energy,35,250,250,0
W-CART,W-CART:cart,18,,0.132,0.13469693190321777,0 1 2 3 4 5 9 8 6 10 7 31 16 14 15 11 17 12 127 13,0 1 2 3 4 5 9 8 6 10 7 31 16 14 15 11 17 12 127 13,phoneme,db10,energy,35,250,250,0
ALL,W-NN:k=3,15,,0.084,0.0940384135694687,0 1 2 3 4 5 9 8 6 10 7 31 16 14 15 11 17 12 127 13,0 1 2 3 4 5 9 8 6 10 7 31 16 14 15 11 17 12 127 13,phoneme,db10,energy,35,250,250,0
W-NN,W-NN:k=3,15,0.5,0.084,0.0940384135694687,0 2 1 3 9 4 5 8 7 10 6 31 16 14 15 17 127 11 12 13,0 1 2 3 4 5 9 8 7 10 6 31 16 15 14 13 11 12 17 127,phoneme,db10,usage,35,250,250,0
W-QDA,W-QDA:qda,13,0.5,0.096,0.09927662758792716,0 2 1 3 9 4 5 8 7 10 6 31 16 14 15 17 127 11 12 13,0 1 2 3 4 5 9 8 7 10 6 31 16 15 14 13 11 12 17 127,phoneme,db10,usage,35,250,250,0
W-CART,W-CART:cart,17,0.5,0.132,0.14143177849837865,0 2 1 3 9 4 5 8 7 10 6 31 16 14 15 17 127 11 12 13,0 1 2 3 4 5 9 8 7 10 6 31 16 15 14 13 11 12 17 127,phoneme,db10,usage,35,250,250,0
ALL,W-NN:k=3,15,0.5,0.084,0.0940384135694687,0 2 1 3 9 4 5 8 7 10 6 31 16 14 15 17 127 11 12 13,0 1 2 3 4 5 9 8 7 10 6 31 16 15 14 13 11 12 17 127,phoneme,db10,usage,35,250,250,0
W-NN,W-NN:k=25,31,,0.108,0.10900473933649289,0 1 2 3 4 5 9 8 6 10 7 31 16 14 15 11 17 12 126 62,0 1 2 3 4 5 9 8 6 10 7 31 16 14 15 11 17 12 126 62,phoneme,db10,energy,36,250,250,0
W-QDA,W-QDA:qda,8,,0.096,0.10077326016462958,0 1 2 3 4 5 9 8 6 10 7 31 16 14 15 11 17 12 126 62,0 1 2 3 4 5 9 8 6 10 7 31 16 14 15 11 17 12 126 62,phoneme,db10,energy,36,250,250,0
W-CART,W-CART:cart,31,,0.14,0.14966325767024197,0 1 2 3 4 5 9 8 6 10 7 31 16 14 15 11 17 12 126 62,0 1 2 3 4 5 9 8 6 10 7 31 16 14 15 11 17 12 126 62,phoneme,db10,energy,36,250,250,0
ALL,W-QDA:qda,8,,0.096,0.10077326016462958,0 1 2 3 4 5 9 8 6 10 7 31 16 14 15 11 17 12 126 62,0 1 2 3 4 5 9 8 6 10 7 31 16 14 15 11 17 12 126 62,phoneme,db10,energy,36,250,250,0
W-NN,W-NN:k=25,21,1.0,0.104,0.10675979047143926,0 2 1 3 4 5 8 9 7 6 31 10 16 15 11 14 12 62 17 18,0 2 1 3 4 5 8 9 7 6 31 10 16 15 11 14 12 62 17 18,phoneme,db10,usage,36,250,250,0
W-QDA,W-QDA:qda,7,0.5,0.088,0.107009229234223,0 2 1 3 9 4 8 5 10 31 7 6 16 14 15 17 11 12 127 62,0 2 1 3 4 5 8 9 7 6 31 10 16 15 11 14 12 62 17 18,phoneme,db10,usage,36,250,250,0
W-CART,W-CART:cart,52,2.0,0.112,0.16288351209778,0 2 1 4 3 8 5 6 7 9 10 11 12 13 14 15 16 17 18 19,0 2 1 3 4 5 8 9 7 6 31 10 16 15 11 14 12 62 17 18,phoneme,db10,usage,36,250,250,0
ALL,W-QDA:qda,7,0.5,0.088,0.107009229234223,0 2 1 3 9 4 8 5 10 31 7 6 16 14 15 17 11 12 127 62,0 2 1 3 4 5 8 9 7 6 31 10 16 15 11 14 12 62 17 18,phoneme,db10,usage,36,250,250,0
W-NN,W-NN:k=15,32,,0.092,0.10825642304814168,0 1 2 3 4 5 9 8 6 10 7 31 16 14 11 17 15 12 13 30,0 1 2 3 4 5 9 8 6 10 7 31 16 14 11 17 15 12 13 30,phoneme,db10,energy,37,250,250,0
W-QDA,W-QDA:qda,11,,0.084,0.10675979047143926,0 1 2 3 4 5 9 8 6 10 7 31 16 14 11 17 15 12 13 30,0 1 2 3 4 5 9 8 6 10 7 31 16 14 11 17 15 12 13 30,phoneme,db10,energy,37,250,250,0
W-CART,W-CART:cart,5,,0.176,0.16512846096283362,0 1 2 3 4 5 9 8 6 10 7 31 16 14 11 17 15 12 13 30,0 1 2 3 4 5 9 8 6 10 7 31 16 14 11 17 15 12 13 30,phoneme,db10,energy,37,250,250,0
ALL,W-QDA:qda,11,,0.084,0.10675979047143926,0 1 2 3 4 5 9 8 6 10 7 31 16 14 11 17 15 12 13 30,0 1 2 3 4 5 9 8 6 10 7 31 16 14 11 17 15 12 13 30,phoneme,db10,energy,37,250,250,0
W-NN,W-NN:k=9,58,1.0,0.088,0.10276877026689947,0 1 2 3 4 5 8 9 6 7 10 31 16 15 11 14 12 13 17 64,0 1 2 3 4 5 8 9 6 7 10 31 16 15 11 14 12 13 17 64,phoneme,db10,usage,37,250,250,0
W-QDA,W-QDA:qda,11,0.5,0.084,0.10675979047143926,0 2 1 3 9 4 8 5 6 10 7 31 16 14 11 15 17 127 12 30,0 1 2 3 4 5 8 9 6 7 10 31 16 15 11 14 12 13 17 64,phoneme,db10,usage,37,250,250,0
W-CART,W-CART:cart,11,3.0,0.172,0.17909703167872287,0 2 1 4 3 5 6 7 8 9 10 11 12 13 14 15 16 17 18 19,0 1 2 3 4 5 8 9 6 7 10 31 16 15 11 14 12 13 17 64,phoneme,db10,usage,37,250,250,0
ALL,W-QDA:qda,11,0.5,0.084,0.10675979047143926,0 2 1 3 9 4 8 5 6 10 7 31 16 14 11 15 17 127 12 30,0 1 2 3 4 5 8 9 6 7 10 31 16 15 11 14 12 13 17 64,phoneme,db10,usage,37,250,250,0
W-NN,W-NN:k=7,19,,0.092,0.12247443252681467,0 1 2 3 4 5 9 8 6 10 7 31 16 11 14 15 17 13 12 127,0 1 2 3 4 5 9 8 6 10 7 31 16 11 14 15 17 13 12 127,phoneme,db10,energy,38,250,250,0
W-QDA,W-QDA:qda,5,,0.112,0.11698677974557246,0 1 2 3 4 5 9 8 6 10 7 31 16 11 14 15 17 13 12 127,0 1 2 3 4 5 9 8 6 10 7 31 16 11 14 15 17 13 12 127,phoneme,db10,energy,38,250,250,0
W-CART,W-CART:cart,58,,0.124,0.15165876777251186,0 1 2 3 4 5 9 8 6 10 7 31 16 11 14 15 17 13 12 127,0 1 2 3 4 5 9 8 6 10 7 31 16 11 14 15 17 13 12 127,phoneme,db10,energy,38,250,250,0
ALL,W-NN:k=7,19,,0.092,0.12247443252681467,0 1 2 3 4 5 9 8 6 10 7 31 16 11 14 15 17 13 12 127,0 1 2 3 4 5 9 8 6 10 7 31 16 11 14 15 17 13 12 127,phoneme,db10,energy,38,250,250,0
W-NN,W-NN:k=7,19,2.0,0.092,0.12247443252681467,0 1 2 3 4 8 5 6 31 7 9 10 11 12 13 14 15 16 17 18,0 2 1 3 4 5 8 9 6 7 10 31 16 15 14 127 11 13 64 17,phoneme,db10,usage,38,250,250,0
W-QDA,W-QDA:qda,15,1.5,0.096,0.10251933150411574,0 1 2 3 4 5 8 31 9 6 7 10 64 11 12 13 14 15 16 17,0 2 1 3 4 5 8 9 6 7 10 31 16 15 14 127 11 13 64 17,phoneme,db10,usage,38,250,250,0
W-CART,W-CART:cart,50,3.0,0.124,0.14916438014467448,0 1 2 4 3 5 6 7 8 9 10 11 12 13 14 15 16 17 18 19,0 2 1 3 4 5 8 9 6 7 10 31 16 15 14 127 11 13 64 17,phoneme,db10,usage,38,250,250,0
ALL,W-NN:k=7,19,2.0,0.092,0.12247443252681467,0 1 2 3 4 8 5 6 31 7 9 10 11 12 13 14 15 16 17 18,0 2 1 3 4 5 8 9 6 7 10 31 16 15 14 127 11 13 64 17,phoneme,db10,usage,38,250,250,0
W-NN,W-NN:k=7,13,,0.056,0.11274632077824893,0 1 2 3 4 5 9 8 6 10 7 31 16 14 15 11 17 12 127 13,0 1 2 3 4 5 9 8 6 10 7 31 16 14 15 11 17 12 127 13,phoneme,db10,energy,39,250,250,0
W-QDA,W-QDA:qda,11,,0.088,0.1172362185083562,0 1 2 3 4 5 9 8 6 10 7 31 16 14 15 11 17 12 127 13,0 1 2 3 4 5 9 8 6 10 7 31 16 14 15 11 17 12 127 13,phoneme,db10,energy,39,250,250,0
W-CART,W-CART:cart,14,,0.148,0.1718633075579945,0 1 2 3 4 5 9 8 6 10 7 31 16 14 15 11 17 12 127 13,0 1 2 3 4 5 9 8 6 10 7 31 16 14 15 11 17 12 127 13,phoneme,db10,energy,39,250,250,0
ALL,W-NN:k=7,13,,0.056,0.11274632077824893,0 1 2 3 4 5 9 8 6 10 7 31 16 14 15 11 17 12 127 13,0 1 2 3 4 5 9 8 6 10 7 31 16 14 15 11 17 12 127 13,phoneme,db10,energy,39,250,250,0
W-NN,W-NN:k=7,21,1.5,0.052,0.11299575954103268,0 1 2 3 4 8 5 6 7 9 31 10 11 12 13 14 15 16 17 18,0 1 2 3 4 5 8 9 6 10 7 31 16 15 14 11 17 64 126 12,phoneme,db10,usage,39,250,250,0
W-QDA,W-QDA:qda,13,2.0,0.08,0.12397106510351709,0 1 2 3 4 8 5 7 6 9 10 11 12 13 14 15 16 17 18 19,0 1 2 3 4 5 8 9 6 10 7 31 16 15 14 11 17 64 126 12,phoneme,db10,usage,39,250,250,0
W-CART,W-CART:cart,14,0.5,0.144,0.17136443003242705,0 2 1 3 4 9 8 5 10 6 7 31 16 14 15 17 11 12 127 30,0 1 2 3 4 5 8 9 6 10 7 31 16 15 14 11 17 64 126 12,phoneme,db10,usage,39,250,250,0
ALL,W-NN:k=7,21,1.5,0.052,0.11299575954103268,0 1 2 3 4 8 5 6 7 9 31 10 11 12 13 14 15 16 17 18,0 1 2 3 4 5 8 9 6 10 7 31 16 15 14 11 17 64 126 12,phoneme,db10,usage,39,250,250,0
W-NN,W-NN:k=25,18,,0.076,0.10426540284360189,0 1 2 3 4 5 9 8 6 10 7 31 16 14 11 17 15 13 12 30,0 1 2 3 4 5 9 8 6 10 7 31 16 14 11 17 15 13 12 30,phoneme,db10,energy,40,250,250,0
W-QDA,W-QDA:qda,17,,0.068,0.11623846345722125,0 1 2 3 4 5 9 8 6 10 7 31 16 14 11 17 15 13 12 30,0 1 2 3 4 5 9 8 6 10 7 31 16 14 11 17 15 13 12 30,phoneme,db10,energy,40,250,250,0
W-CART,W-CART:cart,20,,0.136,0.16438014467448242,0 1 2 3 4 5 9 8 6 10 7 31 16 14 11 17 15 13 12 30,0 1 2 3 4 5 9 8 6 10 7 31 16 14 11 17 15 13 12 30,phoneme,db10,energy,40,250,250,0
ALL,W-QDA:qda,17,,0.068,0.11623846345722125,0 1 2 3 4 5 9 8 6 10 7 31 16 14 11 17 15 13 12 30,0 1 2 3 4 5 9 8 6 10 7 31 16 14 11 17 15 13 12 30,phoneme,db10,energy,40,250,250,0
W-NN,W-NN:k=25,18,0.5,0.076,0.10426540284360189,0 2 1 3 9 4 5 8 10 16 7 31 6 14 15 17 11 13 30 127,0 2 1 3 4 5 9 8 6 7 31 10 15 16 14 11 20 35 62 127,phoneme,db10,usage,40,250,250,0
W-QDA,W-QDA:qda,20,1.0,0.064,0.11823397355949114,0 2 1 3 4 5 9 8 6 7 31 10 15 16 14 11 20 35 62 127,0 2 1 3 4 5 9 8 6 7 31 10 15 16 14 11 20 35 62 127,phoneme,db10,usage,40,250,250,0
W-CART,W-CART:cart,49,1.0,0.128,0.14617111499126964,0 2 1 3 4 5 9 8 6 7 31 10 15 16 14 11 20 35 62 127,0 2 1 3 4 5 9 8 6 7 31 10 15 16 14 11 20 35 62 127,phoneme,db10,usage,40,250,250,0
ALL,W-QDA:qda,20,1.0,0.064,0.11823397355949114,0 2 1 3 4 5 9 8 6 7 31 10 15 16 14 11 20 35 62 127,0 2 1 3 4 5 9 8 6 7 31 10 15 16 14 11 20 35 62 127,phoneme,db10,usage,40,250,250,0
W-NN,W-NN:k=15,33,,0.092,0.12147667747567972,0 1 2 3 4 5 9 8 6 10 7 31 16 14 11 15 17 12 13 30,0 1 2 3 4 5 9 8 6 10 7 31 16 14 11 15 17 12 13 30,phoneme,db10,energy,41,250,250,0
W-QDA,W-QDA:qda,14,,0.088,0.11100024943876279,0 1 2 3 4 5 9 8 6 10 7 31 16 14 11 15 17 12 13 30,0 1 2 3 4 5 9 8 6 10 7 31 16 14 11 15 17 12 13 30,phoneme,db10,energy,41,250,250,0
W-CART,W-CART:cart,21,,0.116,0.17360937889748068,0 1 2 3 4 5 9 8 6 10 7 31 16 14 11 15 17 12 13 30,0 1 2 3 4 5 9 8 6 10 7 31 16 14 11 15 17 12 13 30,phoneme,db10,energy,41,250,250,0
ALL,W-QDA:qda,14,,0.088,0.11100024943876279,0 1 2 3 4 5 9 8 6 10 7 31 16 14 11 15 17 12 13 30,0 1 2 3 4 5 9 8 6 10 7 31 16 14 11 15 17 12 13 30,phoneme,db10,energy,41,250,250,0
W-NN,W-NN:k=7,22,1.0,0.088,0.12721376901970566,0 2 1 3 4 5 8 9 7 10 6 31 16 15 12 127 11 13 17 19,0 2 1 3 4 5 8 9 7 10 6 31 16 15 12 127 11 13 17 19,phoneme,db10,usage,41,250,250,0
W-QDA,W-QDA:qda,18,2.0,0.084,0.11399351459216762,0 1 2 3 4 8 5 6 7 9 10 11 12 13 14 15 16 17 18 19,0 2 1 3 4 5 8 9 7 10 6 31 16 15 12 127 11 13 17 19,phoneme,db10,usage,41,250,250,0
W-CART,W-CART:cart,19,2.0,0.1,0.1506610127213769,0 1 2 3 4 8 5 6 7 9 10 11 12 13 14 15 16 17 18 19,0 2 1 3 4 5 8 9 7 10 6 31 16 15 12 127 11 13 17 19,phoneme,db10,usage,41,250,250,0
ALL,W-QDA:qda,18,2.0,0.084,0.11399351459216762,0 1 2 3 4 8 5 6 7 9 10 11 12 13 14 15 16 17 18 19,0 2 1 3 4 5 8 9 7 10 6 31 16 15 12 127 11 13 17 19,phoneme,db10,usage,41,250,250,0
W-NN,W-NN:k=15,26,,0.112,0.10750810675979047,0 1 2 3 4 5 9 8 10 6 7 31 16 14 15 11 17 13 12 30,0 1 2 3 4 5 9 8 10 6 7 31 16 14 15 11 17 13 12 30,phoneme,db10,energy,42,250,250,0
W-QDA,W-QDA:qda,6,,0.108,0.11499126964330257,0 1 2 3 4 5 9 8 10 6 7 31 16 14 15 11 17 13 12 30,0 1 2 3 4 5 9 8 10 6 7 31 16 14 15 11 17 13 12 30,phoneme,db10,energy,42,250,250,0
W-CART,W-CART:cart,5,,0.164,0.1696183586929409,0 1 2 3 4 5 9 8 10 6 7 31 16 14 15 11 17 13 12 30,0 1 2 3 4 5 9 8 10 6 7 31 16 14 15 11 17 13 12 30,phoneme,db10,energy,42,250,250,0
ALL,W-QDA:qda,6,,0.108,0.11499126964330257,0 1 2 3 4 5 9 8 10 6 7 31 16 14 15 11 17 13 12 30,0 1 2 3 4 5 9 8 10 6 7 31 16 14 15 11 17 13 12 30,phoneme,db10,energy,42,250,250,0
W-NN,W-NN:k=15,24,2.0,0.104,0.11025193315041157,0 1 2 4 3 5 8 6 7 9 10 11 12 13 14 15 16 17 18 19,0 1 2 3 4 5 8 9 7 10 6 31 15 16 14 11 17 30 62 126,phoneme,db10,usage,42,250,250,0
W-QDA,W-QDA:qda,16,2.0,0.1,0.11199800448989773,0 1 2 4 3 5 8 6 7 9 10 11 12 13 14 15 16 17 18 19,0 1 2 3 4 5 8 9 7 10 6 31 15 16 14 11 17 30 62 126,phoneme,db10,usage,42,250,250,0
W-CART,W-CART:cart,7,1.0,0.152,0.16737340982788726,0 1 2 3 4 5 8 9 7 10 6 31 15 16 14 11 17 30 62 126,0 1 2 3 4 5 8 9 7 10 6 31 15 16 14 11 17 30 62 126,phoneme,db10,usage,42,250,250,0
ALL,W-QDA:qda,16,2.0,0.1,0.11199800448989773,0 1 2 4 3 5 8 6 7 9 10 11 12 13 14 15 16 17 18 19,0 1 2 3 4 5 8 9 7 10 6 31 15 16 14 11 17 30 62 126,phoneme,db10,usage,42,250,250,0
W-NN,W-NN:k=9,17,,0.072,0.10276877026689947,0 1 2 3 4 5 9 8 6 10 7 31 16 14 11 17 12 13 15 30,0 1 2 3 4 5 9 8 6 10 7 31 16 14 11 17 12 13 15 30,phoneme,db10,energy,43,250,250,0
W-QDA,W-QDA:qda,16,,0.096,0.10576203542030431,0 1 2 3 4 5 9 8 6 10 7 31 16 14 11 17 12 13 15 30,0 1 2 3 4 5 9 8 6 10 7 31 16 14 11 17 12 13 15 30,phoneme,db10,energy,43,250,250,0
W-CART,W-CART:cart,27,,0.16,0.18932402095285608,0 1 2 3 4 5 9 8 6 10 7 31 16 14 11 17 12 13 15 30,0 1 2 3 4 5 9 8 6 10 7 31 16 14 11 17 12 13 15 30,phoneme,db10,energy,43,250,250,0
ALL,W-NN:k=9,17,,0.072,0.10276877026689947,0 1 2 3 4 5 9 8 6 10 7 31 16 14 11 17 12 13 15 30,0 1 2 3 4 5 9 8 6 10 7 31 16 14 11 17 12 13 15 30,phoneme,db10,energy,43,250,250,0
W-NN,W-NN:k=9,14,1.0,0.076,0.10351708655525069,0 2 1 3 4 5 8 9 7 6 10 31 16 15 11 14 12 127 13 17,0 2 1 3 4 5 8 9 7 6 10 31 16 15 11 14 12 127 13 17,phoneme,db10,usage,43,250,250,0
W-QDA,W-QDA:qda,8,2.0,0.092,0.10526315789473684,0 2 1 4 3 8 5 6 7 9 10 11 12 13 14 15 16 17 18 19,0 2 1 3 4 5 8 9 7 6 10 31 16 15 11 14 12 127 13 17,phoneme,db10,usage,43,250,250,0
W-CART,W-CART:cart,14,1.5,0.148,0.18233973559491146,0 2 1 3 4 5 8 7 31 6 9 10 16 11 12 13 14 15 17 18,0 2 1 3 4 5 8 9 7 6 10 31 16 15 11 14 12 127 13 17,phoneme,db10,usage,43,250,250,0
ALL,W-NN:k=9,14,1.0,0.076,0.10351708655525069,0 2 1 3 4 5 8 9 7 6 10 31 16 15 11 14 12 127 13 17,0 2 1 3 4 5 8 9 7 6 10 31 16 15 11 14 12 127 13 17,phoneme,db10,usage,43,250,250,0
W-NN,W-NN:k=7,25,,0.076,0.10002494387627837,0 1 2 3 4 5 9 8 6 10 7 31 16 11 15 14 17 12 13 126,0 1 2 3 4 5 9 8 6 10 7 31 16 11 15 14 17 12 13 126,phoneme,db10,energy,44,250,250,0
W-QDA,W-QDA:qda,8,,0.084,0.10376652531803442,0 1 2 3 4 5 9 8 6 10 7 31 16 11 15 14 17 12 13 126,0 1 2 3 4 5 9 8 6 10 7 31 16 11 15 14 17 12 13 126,phoneme,db10,energy,44,250,250,0
W-CART,W-CART:cart,54,,0.132,0.17211274632077825,0 1 2 3 4 5 9 8 6 10 7 31 16 11 15 14 17 12 13 126,0 1 2 3 4 5 9 8 6 10 7 31 16 11 15 14 17 12 13 126,phoneme,db10,energy,44,250,250,0
ALL,W-NN:k=7,25,,0.076,0.10002494387627837,0 1 2 3 4 5 9 8 6 10 7 31 16 11 15 14 17 12 13 126,0 1 2 3 4 5 9 8 6 10 7 31 16 11 15 14 17 12 13 126,phoneme,db10,energy,44,250,250,0
W-NN,W-NN:k=5,12,2.0,0.076,0.10401596408081816,0 1 2 4 3 8 5 6 7 9 10 11 12 13 14 15 16 17 18 19,0 2 1 3 4 5 9 8 10 6 7 31 15 16 11 13 17 64 12 14,phoneme,db10,usage,44,250,250,0
W-QDA,W-QDA:qda,8,0.5,0.084,0.10376652531803442,0 1 2 3 4 9 5 8 10 6 7 31 16 14 15 11 17 12 30 127,0 2 1 3 4 5 9 8 10 6 7 31 15 16 11 13 17 64 12 14,phoneme,db10,usage,44,250,250,0
W-CART,W-CART:cart,42,1.0,0.128,0.16737340982788726,0 2 1 3 4 5 9 8 10 6 7 31 15 16 11 13 17 64 12 14,0 2 1 3 4 5 9 8 10 6 7 31 15 16 11 13 17 64 12 14,phoneme,db10,usage,44,250,250,0
ALL,W-NN:k=5,12,2.0,0.076,0.10401596408081816,0 1 2 4 3 8 5 6 7 9 10 11 12 13 14 15 16 17 18 19,0 2 1 3 4 5 9 8 10 6 7 31 15 16 11 13 17 64 12 14,phoneme,db10,usage,44,250,250,0
W-NN,W-NN:k=25,34,,0.1,0.12172611623846345,0 1 2 3 4 5 9 8 6 10 7 31 16 11 15 14 13 17 12 126,0 1 2 3 4 5 9 8 6 10 7 31 16 11 15 14 13 17 12 126,phoneme,db10,energy,45,250,250,0
W-QDA,W-QDA:qda,7,,0.092,0.11124968820154651,0 1 2 3 4 5 9 8 6 10 7 31 16 11 15 14 13 17 12 126,0 1 2 3 4 5 9 8 6 10 7 31 16 11 15 14 13 17 12 126,phoneme,db10,energy,45,250,250,0
W-CART,W-CART:cart,38,,0.172,0.1738588176602644,0 1 2 3 4 5 9 8 6 10 7 31 16 11 15 14 13 17 12 126,0 1 2 3 4 5 9 8 6 10 7 31 16 11 15 14 13 17 12 126,phoneme,db10,energy,45,250,250,0
ALL,W-QDA:qda,7,,0.092,0.11124968820154651,0 1 2 3 4 5 9 8 6 10 7 31 16 11 15 14 13 17 12 126,0 1 2 3 4 5 9 8 6 10 7 31 16 11 15 14 13 17 12 126,phoneme,db10,energy,45,250,250,0
W-NN,W-NN:k=25,34,1.5,0.096,0.12022948366176103,0 1 2 3 4 8 5 9 6 10 15 7 31 11 12 13 14 16 17 18,0 2 1 3 4 5 8 9 7 10 6 31 15 16 11 20 13 12 17 18,phoneme,db10,usage,45,250,250,0
W-QDA,W-QDA:qda,6,0.5,0.092,0.10750810675979047,0 2 1 3 9 4 5 8 10 7 6 16 31 14 15 11 12 17 30 127,0 2 1 3 4 5 8 9 7 10 6 31 15 16 11 20 13 12 17 18,phoneme,db10,usage,45,250,250,0
W-CART,W-CART:cart,43,0.5,0.16,0.1683711648790222,0 2 1 3 9 4 5 8 10 7 6 16 31 14 15 11 12 17 30 127,0 2 1 3 4 5 8 9 7 10 6 31 15 16 11 20 13 12 17 18,phoneme,db10,usage,45,250,250,0
ALL,W-QDA:qda,6,0.5,0.092,0.10750810675979047,0 2 1 3 9 4 5 8 10 7 6 16 31 14 15 11 12 17 30 127,0 2 1 3 4 5 8 9 7 10 6 31 15 16 11 20 13 12 17 18,phoneme,db10,usage,45,250,250,0
W-NN,W-NN:k=7,15,,0.08,0.1097530556248441,0 1 2 4 3 5 9 8 10 6 7 31 16 11 14 15 17 12 30 126,0 1 2 4 3 5 9 8 10 6 7 31 16 11 14 15 17 12 30 126,phoneme,db10,energy,46,250,250,0
W-QDA,W-QDA:qda,9,,0.088,0.10651035170865553,0 1 2 4 3 5 9 8 10 6 7 31 16 11 14 15 17 12 30 126,0 1 2 4 3 5 9 8 10 6 7 31 16 11 14 15 17 12 30 126,phoneme,db10,energy,46,250,250,0
W-CART,W-CART:cart,31,,0.14,0.15564978797705165,0 1 2 4 3 5 9 8 10 6 7 31 16 11 14 15 17 12 30 126,0 1 2 4 3 5 9 8 10 6 7 31 16 11 14 15 17 12 30 126,phoneme,db10,energy,46,250,250,0
ALL,W-NN:k=7,15,,0.08,0.1097530556248441,0 1 2 4 3 5 9 8 10 6 7 31 16 11 14 15 17 12 30 126,0 1 2 4 3 5 9 8 10 6 7 31 16 11 14 15 17 12 30 126,phoneme,db10,energy,46,250,250,0
W-NN,W-NN:k=7,17,1.0,0.076,0.10725866799700673,0 2 1 3 4 5 9 8 7 10 6 31 16 15 11 14 62 127 17 19,0 2 1 3 4 5 9 8 7 10 6 31 16 15 11 14 62 127 17 19,phoneme,db10,usage,46,250,250,0
W-QDA,W-QDA:qda,9,0.5,0.088,0.10651035170865553,0 1 2 3 9 4 8 5 10 31 7 6 16 11 14 15 17 30 12 127,0 2 1 3 4 5 9 8 7 10 6 31 16 15 11 14 62 127 17 19,phoneme,db10,usage,46,250,250,0
W-CART,W-CART:cart,62,1.5,0.128,0.15564978797705165,0 2 1 3 4 8 5 9 16 31 6 7 10 15 127 11 12 13 14 17,0 2 1 3 4 5 9 8 7 10 6 31 16 15 11 14 62 127 17 19,phoneme,db10,usage,46,250,250,0
ALL,W-NN:k=7,17,1.0,0.076,0.10725866799700673,0 2 1 3 4 5 9 8 7 10 6 31 16 15 11 14 62 127 17 19,0 2 1 3 4 5 9 8 7 10 6 31 16 15 11 14 62 127 17 19,phoneme,db10,usage,46,250,250,0
W-NN,W-NN:k=9,26,,0.08,0.09753055624844101,0 1 2 3 4 5 9 8 10 6 7 31 16 14 11 15 17 13 12 30,0 1 2 3 4 5 9 8 10 6 7 31 16 14 11 15 17 13 12 30,phoneme,db10,energy,47,250,250,0
W-QDA,W-QDA:qda,18,,0.076,0.11349463706660015,0 1 2 3 4 5 9 8 10 6 7 31 16 14 11 15 17 13 12 30,0 1 2 3 4 5 9 8 10 6 7 31 16 14 11 15 17 13 12 30,phoneme,db10,energy,47,250,250,0
W-CART,W-CART:cart,21,,0.148,0.15914193065602394,0 1 2 3 4 5 9 8 10 6 7 31 16 14 11 15 17 13 12 30,0 1 2 3 4 5 9 8 10 6 7 31 16 14 11 15 17 13 12 30,phoneme,db10,energy,47,250,250,0
ALL,W-QDA:qda,18,,0.076,0.11349463706660015,0 1 2 3 4 5 9 8 10 6 7 31 16 14 11 15 17 13 12 30,0 1 2 3 4 5 9 8 10 6 7 31 16 14 11 15 17 13 12 30,phoneme,db10,energy,47,250,250,0
W-NN,W-NN:k=5,27,0.5,0.08,0.10202045397854827,0 1 2 3 9 4 8 5 10 7 31 6 16 14 15 11 17 13 127 30,0 2 1 3 4 5 9 8 7 10 31 6 15 16 127 11 30 12 13 14,phoneme,db10,usage,47,250,250,0
W-QDA,W-QDA:qda,18,0.5,0.076,0.11349463706660015,0 1 2 3 9 4 8 5 10 7 31 6 16 14 15 11 17 13 127 30,0 2 1 3 4 5 9 8 7 10 31 6 15 16 127 11 30 12 13 14,phoneme,db10,usage,47,250,250,0
W-CART,W-CART:cart,18,3.0,0.136,0.16113744075829384,0 2 1 4 3 5 6 7 8 9 10 11 12 13 14 15 16 17 18 19,0 2 1 3 4 5 9 8 7 10 31 6 15 16 127 11 30 12 13 14,phoneme,db10,usage,47,250,250,0
ALL,W-QDA:qda,18,0.5,0.076,0.11349463706660015,0 1 2 3 9 4 8 5 10 7 31 6 16 14 15 11 17 13 127 30,0 2 1 3 4 5 9 8 7 10 31 6 15 16 127 11 30 12 13 14,phoneme,db10,usage,47,250,250,0
W-NN,W-NN:k=7,18,,0.124,0.10850586181092542,0 1 2 4 3 5 9 8 6 10 7 31 16 14 11 15 17 12 13 126,0 1 2 4 3 5 9 8 6 10 7 31 16 14 11 15 17 12 13 126,phoneme,db10,energy,48,250,250,0
W-QDA,W-QDA:qda,13,,0.088,0.10551259665752058,0 1 2 4 3 5 9 8 6 10 7 31 16 14 11 15 17 12 13 126,0 1 2 4 3 5 9 8 6 10 7 31 16 14 11 15 17 12 13 126,phoneme,db10,energy,48,250,250,0
W-CART,W-CART:cart,56,,0.148,0.16213519580942878,0 1 2 4 3 5 9 8 6 10 7 31 16 14 11 15 17 12 13 126,0 1 2 4 3 5 9 8 6 10 7 31 16 14 11 15 17 12 13 126,phoneme,db10,energy,48,250,250,0
ALL,W-QDA:qda,13,,0.088,0.10551259665752058,0 1 2 4 3 5 9 8 6 10 7 31 16 14 11 15 17 12 13 126,0 1 2 4 3 5 9 8 6 10 7 31 16 14 11 15 17 12 13 126,phoneme,db10,energy,48,250,250,0
W-NN,W-NN:k=5,10,3.0,0.12,0.11673734098278872,0 1 2 3 4 5 6 7 8 9 10 11 12 13 14 15 16 17 18 19,0 1 2 3 4 5 9 8 10 6 7 31 15 16 14 11 19 23 30 64,phoneme,db10,usage,48,250,250,0
W-QDA,W-QDA:qda,13,0.5,0.088,0.10551259665752058,0 2 1 3 9 4 8 5 10 6 7 31 16 14 11 15 17 12 13 127,0 1 2 3 4 5 9 8 10 6 7 31 15 16 14 11 19 23 30 64,phoneme,db10,usage,48,250,250,0
W-CART,W-CART:cart,48,0.5,0.132,0.16163631828386132,0 2 1 3 9 4 8 5 10 6 7 31 16 14 11 15 17 12 13 127,0 1 2 3 4 5 9 8 10 6 7 31 15 16 14 11 19 23 30 64,phoneme,db10,usage,48,250,250,0
ALL,W-QDA:qda,13,0.5,0.088,0.10551259665752058,0 2 1 3 9 4 8 5 10 6 7 31 16 14 11 15 17 12 13 127,0 1 2 3 4 5 9 8 10 6 7 31 15 16 14 11 19 23 30 64,phoneme,db10,usage,48,250,250,0
W-NN,W-NN:k=5,38,,0.084,0.10351708655525069,0 2 1 3 4 5 9 8 6 7 10 31 16 11 14 15 17 13 12 127,0 2 1 3 4 5 9 8 6 7 10 31 16 11 14 15 17 13 12 127,phoneme,db10,energy,49,250,250,0
W-QDA,W-QDA:qda,13,,0.096,0.11324519830381641,0 2 1 3 4 5 9 8 6 7 10 31 16 11 14 15 17 13 12 127,0 2 1 3 4 5 9 8 6 7 10 31 16 11 14 15 17 13 12 127,phoneme,db10,energy,49,250,250,0
W-CART,W-CART:cart,51,,0.12,0.15190820653529558,0 2 1 3 4 5 9 8 6 7 10 31 16 11 14 15 17 13 12 127,0 2 1 3 4 5 9 8 6 7 10 31 16 11 14 15 17 13 12 127,phoneme,db10,energy,49,250,250,0
ALL,W-NN:k=5,38,,0.084,0.10351708655525069,0 2 1 3 4 5 9 8 6 7 10 31 16 11 14 15 17 13 12 127,0 2 1 3 4 5 9 8 6 7 10 31 16 11 14 15 17 13 12 127,phoneme,db10,energy,49,250,250,0
W-NN,W-NN:k=9,14,2.0,0.084,0.10551259665752058,0 2 1 4 3 8 5 9 6 7 10 11 12 13 14 15 16 17 18 19,0 2 1 3 4 5 8 9 7 6 31 10 16 15 14 11 127 12 13 17,phoneme,db10,usage,49,250,250,0
W-QDA,W-QDA:qda,9,1.0,0.096,0.10800698428535795,0 2 1 3 4 5 8 9 7 6 31 10 16 15 14 11 127 12 13 17,0 2 1 3 4 5 8 9 7 6 31 10 16 15 14 11 127 12 13 17,phoneme,db10,usage,49,250,250,0
W-CART,W-CART:cart,22,1.0,0.116,0.1411823397355949,0 2 1 3 4 5 8 9 7 6 31 10 16 15 14 11 127 12 13 17,0 2 1 3 4 5 8 9 7 6 31 10 16 15 14 11 127 12 13 17,phoneme,db10,usage,49,250,250,0
ALL,W-NN:k=9,14,2.0,0.084,0.10551259665752058,0 2 1 4 3 8 5 9 6 7 10 11 12 13 14 15 16 17 18 19,0 2 1 3 4 5 8 9 7 6 31 10 16 15 14 11 127 12 13 17,phoneme,db10,usage,49,250,250,0
W-NN,W-NN:k=7,37,,0.088,0.11923172861062609,0 1 2 3 4 5 9 8 7 6 10 31 16 14 11 12 17 15 13 127,0 1 2 3 4 5 9 8 7 6 10 31 16 14 11 12 17 15 13 127,phoneme,db10,energy,50,250,250,0
W-QDA,W-QDA:qda,5,,0.096,0.11673734098278872,0 1 2 3 4 5 9 8 7 6 10 31 16 14 11 12 17 15 13 127,0 1 2 3 4 5 9 8 7 6 10 31 16 14 11 12 17 15 13 127,phoneme,db10,energy,50,250,250,0
W-CART,W-CART:cart,12,,0.128,0.17859815415315541,0 1 2 3 4 5 9 8 7 6 10 31 16 14 11 12 17 15 13 127,0 1 2 3 4 5 9 8 7 6 10 31 16 14 11 12 17 15 13 127,phoneme,db10,energy,50,250,250,0
ALL,W-NN:k=7,37,,0.088,0.11923172861062609,0 1 2 3 4 5 9 8 7 6 10 31 16 14 11 12 17 15 13 127,0 1 2 3 4 5 9 8 7 6 10 31 16 14 11 12 17 15 13 127,phoneme,db10,energy,50,250,250,0
W-NN,W-NN:k=7,43,0.5,0.088,0.11798453479670741,0 1 2 3 9 4 5 8 7 10 31 6 16 14 11 15 127 30 17 12,0 2 1 3 4 5 9 8 7 6 31 10 16 15 11 14 12 13 127 18,phoneme,db10,usage,50,250,250,0
W-QDA,W-QDA:qda,7,1.5,0.092,0.11224744325268146,0 2 1 3 4 8 5 9 7 31 6 10 11 12 13 14 15 16 17 18,0 2 1 3 4 5 9 8 7 6 31 10 16 15 11 14 12 13 127 18,phoneme,db10,usage,50,250,250,0
W-CART,W-CART:cart,12,0.5,0.132,0.17410825642304814,0 1 2 3 9 4 5 8 7 10 31 6 16 14 11 15 127 30 17 12,0 2 1 3 4 5 9 8 7 6 31 10 16 15 11 14 12 13 127 18,phoneme,db10,usage,50,250,250,0
ALL,W-NN:k=7,43,0.5,0.088,0.11798453479670741,0 1 2 3 9 4 5 8 7 10 31 6 16 14 11 15 127 30 17 12,0 2 1 3 4 5 9 8 7 6 31 10 16 15 11 14 12 13 127 18,phoneme,db10,usage,50,250,250,0
W-NN,W-NN:k=7,14,,0.068,0.10127213769019705,0 2 1 3 4 5 9 8 10 6 7 31 16 11 14 17 15 12 13 30,0 2 1 3 4 5 9 8 10 6 7 31 16 11 14 17 15 12 13 30,phoneme,db10,energy,51,250,250,0
W-QDA,W-QDA:qda,9,,0.08,0.10301820902968321,0 2 1 3 4 5 9 8 10 6 7 31 16 11 14 17 15 12 13 30,0 2 1 3 4 5 9 8 10 6 7 31 16 11 14 17 15 12 13 30,phoneme,db10,energy,51,250,250,0
W-CART,W-CART:cart,41,,0.132,0.17735096033923672,0 2 1 3 4 5 9 8 10 6 7 31 16 11 14 17 15 12 13 30,0 2 1 3 4 5 9 8 10 6 7 31 16 11 14 17 15 12 13 30,phoneme,db10,energy,51,250,250,0
ALL,W-NN:k=7,14,,0.068,0.10127213769019705,0 2 1 3 4 5 9 8 10 6 7 31 16 11 14 17 15 12 13 30,0 2 1 3 4 5 9 8 10 6 7 31 16 11 14 17 15 12 13 30,phoneme,db10,energy,51,250,250,0
W-NN,W-NN:k=9,14,0.5,0.068,0.09254178099276628,0 1 2 3 9 4 5 8 10 31 7 6 16 14 11 15 17 13 127 12,0 2 1 3 4 5 9 8 7 10 6 31 15 16 14 11 17 30 64 127,phoneme,db10,usage,51,250,250,0
W-QDA,W-QDA:qda,9,0.5,0.08,0.10301820902968321,0 1 2 3 9 4 5 8 10 31 7 6 16 14 11 15 17 13 127 12,0 2 1 3 4 5 9 8 7 10 6 31 15 16 14 11 17 30 64 127,phoneme,db10,usage,51,250,250,0
W-CART,W-CART:cart,41,1.0,0.108,0.17286106260912945,0 2 1 3 4 5 9 8 7 10 6 31 15 16 14 11 17 30 64 127,0 2 1 3 4 5 9 8 7 10 6 31 15 16 14 11 17 30 64 127,phoneme,db10,usage,51,250,250,0
ALL,W-NN:k=9,14,0.5,0.068,0.09254178099276628,0 1 2 3 9 4 5 8 10 31 7 6 16 14 11 15 17 13 127 12,0 2 1 3 4 5 9 8 7 10 6 31 15 16 14 11 17 30 64 127,phoneme,db10,usage,51,250,250,0
W-NN,W-NN:k=7,9,,0.104,0.12521825891743577,0 1 2 3 4 5 9 8 6 10 7 31 16 14 11 12 17 15 13 30,0 1 2 3 4 5 9 8 6 10 7 31 16 14 11 12 17 15 13 30,phoneme,db10,energy,52,250,250,0
W-QDA,W-QDA:qda,10,,0.108,0.11299575954103268,0 1 2 3 4 5 9 8 6 10 7 31 16 14 11 12 17 15 13 30,0 1 2 3 4 5 9 8 6 10 7 31 16 14 11 12 17 15 13 30,phoneme,db10,energy,52,250,250,0
W-CART,W-CART:cart,28,,0.12,0.15515091045148416,0 1 2 3 4 5 9 8 6 10 7 31 16 14 11 12 17 15 13 30,0 1 2 3 4 5 9 8 6 10 7 31 16 14 11 12 17 15 13 30,phoneme,db10,energy,52,250,250,0
ALL,W-NN:k=7,9,,0.104,0.12521825891743577,0 1 2 3 4 5 9 8 6 10 7 31 16 14 11 12 17 15 13 30,0 1 2 3 4 5 9 8 6 10 7 31 16 14 11 12 17 15 13 30,phoneme,db10,energy,52,250,250,0
W-NN,W-NN:k=7,11,1.5,0.096,0.11698677974557246,0 2 1 3 4 5 8 9 6 31 7 10 11 12 13 14 15 16 17 18,0 1 2 3 4 5 9 8 10 6 7 31 16 15 11 12 13 14 17 20,phoneme,db10,usage,52,250,250,0
W-QDA,W-QDA:qda,13,2.0,0.096,0.12122723871289598,0 2 1 4 3 8 5 6 7 9 10 11 12 13 14 15 16 17 18 19,0 1 2 3 4 5 9 8 10 6 7 31 16 15 11 12 13 14 17 20,phoneme,db10,usage,52,250,250,0
W-CART,W-CART:cart,28,0.5,0.116,0.15564978797705165,0 1 2 3 9 4 5 8 10 7 6 31 16 14 11 15 12 17 30 127,0 1 2 3 4 5 9 8 10 6 7 31 16 15 11 12 13 14 17 20,phoneme,db10,usage,52,250,250,0
ALL,W-NN:k=7,11,1.5,0.096,0.11698677974557246,0 2 1 3 4 5 8 9 6 31 7 10 11 12 13 14 15 16 17 18,0 1 2 3 4 5 9 8 10 6 7 31 16 15 11 12 13 14 17 20,phoneme,db10,usage,52,250,250,0
W-NN,W-NN:k=5,50,,0.072,0.10825642304814168,0 1 2 3 4 5 9 8 6 10 7 31 16 11 14 17 15 12 13 127,0 1 2 3 4 5 9 8 6 10 7 31 16 11 14 17 15 12 13 127,phoneme,db10,energy,53,250,250,0
W-QDA,W-QDA:qda,16,,0.076,0.11025193315041157,0 1 2 3 4 5 9 8 6 10 7 31 16 11 14 17 15 12 13 127,0 1 2 3 4 5 9 8 6 10 7 31 16 11 14 17 15 12 13 127,phoneme,db10,energy,53,250,250,0
W-CART,W-CART:cart,11,,0.12,0.14642055375405338,0 1 2 3 4 5 9 8 6 10 7 31 16 11 14 17 15 12 13 127,0 1 2 3 4 5 9 8 6 10 7 31 16 11 14 17 15 12 13 127,phoneme,db10,energy,53,250,250,0
ALL,W-NN:k=5,50,,0.072,0.10825642304814168,0 1 2 3 4 5 9 8 6 10 7 31 16 11 14 17 15 12 13 127,0 1 2 3 4 5 9 8 6 10 7 31 16 11 14 17 15 12 13 127,phoneme,db10,energy,53,250,250,0
W-NN,W-NN:k=7,27,3.0,0.08,0.10426540284360189,0 1 2 4 3 5 6 7 8 9 10 11 12 13 14 15 16 17 18 19,0 1 2 3 4 5 8 9 10 7 6 31 16 15 11 14 252 17 20 64,phoneme,db10,usage,53,250,250,0
W-QDA,W-QDA:qda,9,0.5,0.076,0.1077575455225742,0 2 1 3 9 4 8 5 10 31 6 7 16 14 11 15 17 12 127 13,0 1 2 3 4 5 8 9 10 7 6 31 16 15 11 14 252 17 20 64,phoneme,db10,usage,53,250,250,0
W-CART,W-CART:cart,19,0.5,0.108,0.15365427787478175,0 2 1 3 9 4 8 5 10 31 6 7 16 14 11 15 17 12 127 13,0 1 2 3 4 5 8 9 10 7 6 31 16 15 11 14 252 17 20 64,phoneme,db10,usage,53,250,250,0
ALL,W-QDA:qda,9,0.5,0.076,0.1077575455225742,0 2 1 3 9 4 8 5 10 31 6 7 16 14 11 15 17 12 127 13,0 1 2 3 4 5 8 9 10 7 6 31 16 15 11 14 252 17 20 64,phoneme,db10,usage,53,250,250,0
W-NN,W-NN:k=1,13,,0.108,0.12471938139186829,0 1 2 3 4 5 9 8 10 7 6 31 16 11 14 15 12 17 13 126,0 1 2 3 4 5 9 8 10 7 6 31 16 11 14 15 12 17 13 126,phoneme,db10,energy,54,250,250,0
W-QDA,W-QDA:qda,13,,0.12,0.09653280119730606,0 1 2 3 4 5 9 8 10 7 6 31 16 11 14 15 12 17 13 126,0 1 2 3 4 5 9 8 10 7 6 31 16 11 14 15 12 17 13 126,phoneme,db10,energy,54,250,250,0
W-CART,W-CART:cart,8,,0.168,0.19057121476677474,0 1 2 3 4 5 9 8 10 7 6 31 16 11 14 15 12 17 13 126,0 1 2 3 4 5 9 8 10 7 6 31 16 11 14 15 12 17 13 126,phoneme,db10,energy,54,250,250,0
ALL,W-NN:k=1,13,,0.108,0.12471938139186829,0 1 2 3 4 5 9 8 10 7 6 31 16 11 14 15 12 17 13 126,0 1 2 3 4 5 9 8 10 7 6 31 16 11 14 15 12 17 13 126,phoneme,db10,energy,54,250,250,0
W-NN,W-NN:k=1,10,2.0,0.096,0.13419805437765028,0 1 2 4 3 8 5 6 7 9 10 11 12 13 14 15 16 17 18 19,0 2 1 3 4 5 9 8 10 7 31 6 15 16 11 12 17 13 14 20,phoneme,db10,usage,54,250,250,0
W-QDA,W-QDA:qda,14,1.0,0.116,0.09553504614617112,0 2 1 3 4 5 9 8 10 7 31 6 15 16 11 12 17 13 14 20,0 2 1 3 4 5 9 8 10 7 31 6 15 16 11 12 17 13 14 20,phoneme,db10,usage,54,250,250,0
W-CART,W-CART:cart,7,2.0,0.16,0.18084310301820902,0 1 2 4 3 8 5 6 7 9 10 11 12 13 14 15 16 17 18 19,0 2 1 3 4 5 9 8 10 7 31 6 15 16 11 12 17 13 14 20,phoneme,db10,usage,54,250,250,0
ALL,W-NN:k=1,10,2.0,0.096,0.13419805437765028,0 1 2 4 3 8 5 6 7 9 10 11 12 13 14 15 16 17 18 19,0 2 1 3 4 5 9 8 10 7 31 6 15 16 11 12 17 13 14 20,phoneme,db10,usage,54,250,250,0
W-NN,W-NN:k=25,17,,0.076,0.10077326016462958,0 1 2 3 4 5 9 8 6 10 7 31 16 11 14 15 17 12 13 127,0 1 2 3 4 5 9 8 6 10 7 31 16 11 14 15 17 12 13 127,phoneme,db10,energy,55,250,250,0
W-QDA,W-QDA:qda,10,,0.096,0.11124968820154651,0 1 2 3 4 5 9 8 6 10 7 31 16 11 14 15 17 12 13 127,0 1 2 3 4 5 9 8 6 10 7 31 16 11 14 15 17 12 13 127,phoneme,db10,energy,55,250,250,0
W-CART,W-CART:cart,7,,0.14,0.15115989024694437,0 1 2 3 4 5 9 8 6 10 7 31 16 11 14 15 17 12 13 127,0 1 2 3 4 5 9 8 6 10 7 31 16 11 14 15 17 12 13 127,phoneme,db10,energy,55,250,250,0
ALL,W-NN:k=25,17,,0.076,0.10077326016462958,0 1 2 3 4 5 9 8 6 10 7 31 16 11 14 15 17 12 13 127,0 1 2 3 4 5 9 8 6 10 7 31 16 11 14 15 17 12 13 127,phoneme,db10,energy,55,250,250,0
W-NN,W-NN:k=3,9,0.5,0.08,0.11848341232227488,0 2 1 3 9 4 5 8 10 6 31 7 16 14 15 11 127 17 12 13,0 2 1 3 4 5 8 9 6 7 31 10 15 16 11 14 12 13 64 126,phoneme,db10,usage,55,250,250,0
W-QDA,W-QDA:qda,9,0.5,0.096,0.11374407582938388,0 2 1 3 9 4 5 8 10 6 31 7 16 14 15 11 127 17 12 13,0 2 1 3 4 5 8 9 6 7 31 10 15 16 11 14 12 13 64 126,phoneme,db10,usage,55,250,250,0
W-CART,W-CART:cart,33,1.5,0.132,0.1506610127213769,0 1 2 3 4 5 8 6 9 31 7 10 11 12 13 14 15 16 17 18,0 2 1 3 4 5 8 9 6 7 31 10 15 16 11 14 12 13 64 126,phoneme,db10,usage,55,250,250,0
ALL,W-NN:k=3,9,0.5,0.08,0.11848341232227488,0 2 1 3 9 4 5 8 10 6 31 7 16 14 15 11 127 17 12 13,0 2 1 3 4 5 8 9 6 7 31 10 15 16 11 14 12 13 64 126,phoneme,db10,usage,55,250,250,0
W-NN,W-NN:k=1,29,,0.096,0.13344973808929908,0 1 2 3 4 5 9 8 6 10 7 31 16 14 11 15 17 12 13 126,0 1 2 3 4 5 9 8 6 10 7 31 16 14 11 15 17 12 13 126,phoneme,db10,energy,56,250,250,0
W-QDA,W-QDA:qda,11,,0.088,0.09279121975555,0 1 2 3 4 5 9 8 6 10 7 31 16 14 11 15 17 12 13 126,0 1 2 3 4 5 9 8 6 10 7 31 16 14 11 15 17 12 13 126,phoneme,db10,energy,56,250,250,0
W-CART,W-CART:cart,30,,0.132,0.17560488899975057,0 1 2 3 4 5 9 8 6 10 7 31 16 14 11 15 17 12 13 126,0 1 2 3 4 5 9 8 6 10 7 31 16 14 11 15 17 12 13 126,phoneme,db10,energy,56,250,250,0
ALL,W-QDA:qda,11,,0.088,0.09279121975555,0 1 2 3 4 5 9 8 6 10 7 31 16 14 11 15 17 12 13 126,0 1 2 3 4 5 9 8 6 10 7 31 16 14 11 15 17 12 13 126,phoneme,db10,energy,56,250,250,0
W-NN,W-NN:k=1,30,0.5,0.092,0.13594412571713643,0 2 3 1 9 8 4 5 10 6 7 16 31 14 11 15 17 12 30 13,0 2 1 3 4 9 5 8 7 10 6 31 15 16 14 11 127 12 17 20,phoneme,db10,usage,56,250,250,0
W-QDA,W-QDA:qda,10,1.0,0.08,0.08830132202544276,0 2 1 3 4 9 5 8 7 10 6 31 15 16 14 11 127 12 17 20,0 2 1 3 4 9 5 8 7 10 6 31 15 16 14 11 127 12 17 20,phoneme,db10,usage,56,250,250,0
W-CART,W-CART:cart,21,1.5,0.128,0.16462958343726616,0 1 2 3 4 8 5 9 31 6 7 10 15 11 12 13 14 16 17 18,0 2 1 3 4 9 5 8 7 10 6 31 15 16 14 11 127 12 17 20,phoneme,db10,usage,56,250,250,0
ALL,W-QDA:qda,10,1.0,0.08,0.08830132202544276,0 2 1 3 4 9 5 8 7 10 6 31 15 16 14 11 127 12 17 20,0 2 1 3 4 9 5 8 7 10 6 31 15 16 14 11 127 12 17 20,phoneme,db10,usage,56,250,250,0
W-NN,W-NN:k=7,17,,0.1,0.0995260663507109,0 1 2 4 3 5 9 8 6 10 7 31 16 11 14 15 12 17 13 126,0 1 2 4 3 5 9 8 6 10 7 31 16 11 14 15 12 17 13 126,phoneme,db10,energy,57,250,250,0
W-QDA,W-QDA:qda,14,,0.088,0.10576203542030431,0 1 2 4 3 5 9 8 6 10 7 31 16 11 14 15 12 17 13 126,0 1 2 4 3 5 9 8 6 10 7 31 16 11 14 15 12 17 13 126,phoneme,db10,energy,57,250,250,0
W-CART,W-CART:cart,11,,0.14,0.18358692940883012,0 1 2 4 3 5 9 8 6 10 7 31 16 11 14 15 12 17 13 126,0 1 2 4 3 5 9 8 6 10 7 31 16 11 14 15 12 17 13 126,phoneme,db10,energy,57,250,250,0
ALL,W-QDA:qda,14,,0.088,0.10576203542030431,0 1 2 4 3 5 9 8 6 10 7 31 16 11 14 15 12 17 13 126,0 1 2 4 3 5 9 8 6 10 7 31 16 11 14 15 12 17 13 126,phoneme,db10,energy,57,250,250,0
W-NN,W-NN:k=5,14,2.0,0.096,0.10675979047143926,0 2 1 4 3 8 5 6 7 9 10 11 12 13 14 15 16 17 18 19,0 2 1 3 4 5 8 9 6 7 31 10 16 15 12 17 11 13 14 18,phoneme,db10,usage,57,250,250,0
W-QDA,W-QDA:qda,6,0.5,0.084,0.10177101521576452,0 1 2 3 4 9 5 8 10 31 7 6 16 14 11 15 17 127 12 13,0 2 1 3 4 5 8 9 6 7 31 10 16 15 12 17 11 13 14 18,phoneme,db10,usage,57,250,250,0
W-CART,W-CART:cart,16,3.0,0.128,0.18932402095285608,0 1 2 4 3 5 6 7 8 9 10 11 12 13 14 15 16 17 18 19,0 2 1 3 4 5 8 9 6 7 31 10 16 15 12 17 11 13 14 18,phoneme,db10,usage,57,250,250,0
ALL,W-QDA:qda,6,0.5,0.084,0.10177101521576452,0 1 2 3 4 9 5 8 10 31 7 6 16 14 11 15 17 127 12 13,0 2 1 3 4 5 8 9 6 7 31 10 16 15 12 17 11 13 14 18,phoneme,db10,usage,57,250,250,0
W-NN,W-NN:k=5,58,,0.064,0.11174856572711399,0 1 2 3 4 5 9 8 6 10 7 31 16 11 14 15 17 13 12 126,0 1 2 3 4 5 9 8 6 10 7 31 16 11 14 15 17 13 12 126,phoneme,db10,energy,58,250,250,0
W-QDA,W-QDA:qda,11,,0.088,0.11050137191319531,0 1 2 3 4 5 9 8 6 10 7 31 16 11 14 15 17 13 12 126,0 1 2 3 4 5 9 8 6 10 7 31 16 11 14 15 17 13 12 126,phoneme,db10,energy,58,250,250,0
W-CART,W-CART:cart,11,,0.128,0.17360937889748068,0 1 2 3 4 5 9 8 6 10 7 31 16 11 14 15 17 13 12 126,0 1 2 3 4 5 9 8 6 10 7 31 16 11 14 15 17 13 12 126,phoneme,db10,energy,58,250,250,0
ALL,W-NN:k=5,58,,0.064,0.11174856572711399,0 1 2 3 4 5 9 8 6 10 7 31 16 11 14 15 17 13 12 126,0 1 2 3 4 5 9 8 6 10 7 31 16 11 14 15 17 13 12 126,phoneme,db10,energy,58,250,250,0
W-NN,W-NN:k=3,25,1.0,0.064,0.1207283611873285,0 2 1 3 4 5 9 8 7 10 31 6 15 16 11 14 127 17 19 171,0 2 1 3 4 5 9 8 7 10 31 6 15 16 11 14 127 17 19 171,phoneme,db10,usage,58,250,250,0
W-QDA,W-QDA:qda,10,1.0,0.088,0.10725866799700673,0 2 1 3 4 5 9 8 7 10 31 6 15 16 11 14 127 17 19 171,0 2 1 3 4 5 9 8 7 10 31 6 15 16 11 14 127 17 19 171,phoneme,db10,usage,58,250,250,0
W-CART,W-CART:cart,19,1.0,0.124,0.16363182838613122,0 2 1 3 4 5 9 8 7 10 31 6 15 16 11 14 127 17 19 171,0 2 1 3 4 5 9 8 7 10 31 6 15 16 11 14 127 17 19 171,phoneme,db10,usage,58,250,250,0
ALL,W-NN:k=3,25,1.0,0.064,0.1207283611873285,0 2 1 3 4 5 9 8 7 10 31 6 15 16 11 14 127 17 19 171,0 2 1 3 4 5 9 8 7 10 31 6 15 16 11 14 127 17 19 171,phoneme,db10,usage,58,250,250,0
W-NN,W-NN:k=3,18,,0.056,0.10601147418308805,0 1 2 3 4 5 9 8 10 6 7 31 16 11 15 14 17 13 12 30,0 1 2 3 4 5 9 8 10 6 7 31 16 11 15 14 17 13 12 30,phoneme,db10,energy,59,250,250,0
W-QDA,W-QDA:qda,8,,0.068,0.10900473933649289,0 1 2 3 4 5 9 8 10 6 7 31 16 11 15 14 17 13 12 30,0 1 2 3 4 5 9 8 10 6 7 31 16 11 15 14 17 13 12 30,phoneme,db10,energy,59,250,250,0
W-CART,W-CART:cart,16,,0.12,0.1593913694188077,0 1 2 3 4 5 9 8 10 6 7 31 16 11 15 14 17 13 12 30,0 1 2 3 4 5 9 8 10 6 7 31 16 11 15 14 17 13 12 30,phoneme,db10,energy,59,250,250,0
ALL,W-NN:k=3,18,,0.056,0.10601147418308805,0 1 2 3 4 5 9 8 10 6 7 31 16 11 15 14 17 13 12 30,0 1 2 3 4 5 9 8 10 6 7 31 16 11 15 14 17 13 12 30,phoneme,db10,energy,59,250,250,0
W-NN,W-NN:k=7,12,0.5,0.056,0.11025193315041157,0 2 1 3 9 4 8 5 10 7 31 16 6 14 15 11 30 17 13 12,0 2 1 3 4 5 8 9 7 10 6 31 15 16 11 127 12 14 30 13,phoneme,db10,usage,59,250,250,0
W-QDA,W-QDA:qda,10,0.5,0.06,0.10576203542030431,0 2 1 3 9 4 8 5 10 7 31 16 6 14 15 11 30 17 13 12,0 2 1 3 4 5 8 9 7 10 6 31 15 16 11 127 12 14 30 13,phoneme,db10,usage,59,250,250,0
W-CART,W-CART:cart,18,3.0,0.116,0.1573958593165378,0 1 2 4 3 5 6 7 8 9 10 11 12 13 14 15 16 17 18 19,0 2 1 3 4 5 8 9 7 10 6 31 15 16 11 127 12 14 30 13,phoneme,db10,usage,59,250,250,0
ALL,W-NN:k=7,12,0.5,0.056,0.11025193315041157,0 2 1 3 9 4 8 5 10 7 31 16 6 14 15 11 30 17 13 12,0 2 1 3 4 5 8 9 7 10 6 31 15 16 11 127 12 14 30 13,phoneme,db10,usage,59,250,250,0
W-NN,W-NN:k=9,8,,0.08,0.11848341232227488,0 1 2 3 4 5 9 8 6 10 7 31 16 14 11 15 17 12 13 127,0 1 2 3 4 5 9 8 6 10 7 31 16 14 11 15 17 12 13 127,phoneme,db10,energy,60,250,250,0
W-QDA,W-QDA:qda,8,,0.056,0.1144923921177351,0 1 2 3 4 5 9 8 6 10 7 31 16 14 11 15 17 12 13 127,0 1 2 3 4 5 9 8 6 10 7 31 16 14 11 15 17 12 13 127,phoneme,db10,energy,60,250,250,0
W-CART,W-CART:cart,8,,0.124,0.15764529807932154,0 1 2 3 4 5 9 8 6 10 7 31 16 14 11 15 17 12 13 127,0 1 2 3 4 5 9 8 6 10 7 31 16 14 11 15 17 12 13 127,phoneme,db10,energy,60,250,250,0
ALL,W-QDA:qda,8,,0.056,0.1144923921177351,0 1 2 3 4 5 9 8 6 10 7 31 16 14 11 15 17 12 13 127,0 1 2 3 4 5 9 8 6 10 7 31 16 14 11 15 17 12 13 127,phoneme,db10,energy,60,250,250,0
W-NN,W-NN:k=9,11,0.5,0.072,0.11025193315041157,0 2 1 3 9 4 8 5 10 7 31 6 16 14 15 11 17 12 30 127,0 2 1 3 4 5 8 9 7 10 31 6 16 15 11 14 17 62 127 12,phoneme,db10,usage,60,250,250,0
W-QDA,W-QDA:qda,8,0.5,0.056,0.1144923921177351,0 2 1 3 9 4 8 5 10 7 31 6 16 14 15 11 17 12 30 127,0 2 1 3 4 5 8 9 7 10 31 6 16 15 11 14 17 62 127 12,phoneme,db10,usage,60,250,250,0
W-CART,W-CART:cart,39,1.0,0.12,0.15440259416313296,0 2 1 3 4 5 8 9 7 10 31 6 16 15 11 14 17 62 127 12,0 2 1 3 4 5 8 9 7 10 31 6 16 15 11 14 17 62 127 12,phoneme,db10,usage,60,250,250,0
ALL,W-QDA:qda,8,0.5,0.056,0.1144923921177351,0 2 1 3 9 4 8 5 10 7 31 6 16 14 15 11 17 12 30 127,0 2 1 3 4 5 8 9 7 10 31 6 16 15 11 14 17 62 127 12,phoneme,db10,usage,60,250,250,0
W-NN,W-NN:k=3,26,,0.084,0.11274632077824893,0 1 2 3 4 5 9 8 6 10 7 31 16 14 11 15 17 12 127 13,0 1 2 3 4 5 9 8 6 10 7 31 16 14 11 15 17 12 127 13,phoneme,db10,energy,61,250,250,0
W-QDA,W-QDA:qda,14,,0.084,0.10202045397854827,0 1 2 3 4 5 9 8 6 10 7 31 16 14 11 15 17 12 127 13,0 1 2 3 4 5 9 8 6 10 7 31 16 14 11 15 17 12 127 13,phoneme,db10,energy,61,250,250,0
W-CART,W-CART:cart,14,,0.14,0.15290596158643052,0 1 2 3 4 5 9 8 6 10 7 31 16 14 11 15 17 12 127 13,0 1 2 3 4 5 9 8 6 10 7 31 16 14 11 15 17 12 127 13,phoneme,db10,energy,61,250,250,0
ALL,W-QDA:qda,14,,0.084,0.10202045397854827,0 1 2 3 4 5 9 8 6 10 7 31 16 14 11 15 17 12 127 13,0 1 2 3 4 5 9 8 6 10 7 31 16 14 11 15 17 12 127 13,phoneme,db10,energy,61,250,250,0
W-NN,W-NN:k=3,27,0.5,0.084,0.11474183088051883,0 2 1 3 9 4 5 8 10 31 7 6 16 14 15 11 127 17 30 64,0 1 2 3 4 5 8 9 7 6 31 10 16 15 11 14 20 12 17 19,phoneme,db10,usage,61,250,250,0
W-QDA,W-QDA:qda,9,0.5,0.064,0.10276877026689947,0 2 1 3 9 4 5 8 10 31 7 6 16 14 15 11 127 17 30 64,0 1 2 3 4 5 8 9 7 6 31 10 16 15 11 14 20 12 17 19,phoneme,db10,usage,61,250,250,0
W-CART,W-CART:cart,11,2.0,0.128,0.16662509353953606,0 2 1 4 3 5 8 6 7 9 10 11 12 13 14 15 16 17 18 19,0 1 2 3 4 5 8 9 7 6 31 10 16 15 11 14 20 12 17 19,phoneme,db10,usage,61,250,250,0
ALL,W-QDA:qda,9,0.5,0.064,0.10276877026689947,0 2 1 3 9 4 5 8 10 31 7 6 16 14 15 11 127 17 30 64,0 1 2 3 4 5 8 9 7 6 31 10 16 15 11 14 20 12 17 19,phoneme,db10,usage,61,250,250,0
W-NN,W-NN:k=5,23,,0.084,0.10950361686206037,0 1 2 3 4 5 9 8 6 7 10 31 16 11 14 15 17 12 13 127,0 1 2 3 4 5 9 8 6 7 10 31 16 11 14 15 17 12 13 127,phoneme,db10,energy,62,250,250,0
W-QDA,W-QDA:qda,13,,0.084,0.10626091294587178,0 1 2 3 4 5 9 8 6 7 10 31 16 11 14 15 17 12 13 127,0 1 2 3 4 5 9 8 6 7 10 31 16 11 14 15 17 12 13 127,phoneme,db10,energy,62,250,250,0
W-CART,W-CART:cart,36,,0.128,0.15290596158643052,0 1 2 3 4 5 9 8 6 7 10 31 16 11 14 15 17 12 13 127,0 1 2 3 4 5 9 8 6 7 10 31 16 11 14 15 17 12 13 127,phoneme,db10,energy,62,250,250,0
ALL,W-QDA:qda,13,,0.084,0.10626091294587178,0 1 2 3 4 5 9 8 6 7 10 31 16 11 14 15 17 12 13 127,0 1 2 3 4 5 9 8 6 7 10 31 16 11 14 15 17 12 13 127,phoneme,db10,energy,62,250,250,0
W-NN,W-NN:k=5,20,1.0,0.08,0.11100024943876279,0 2 1 3 4 5 8 9 7 6 31 10 16 15 11 14 17 30 64 127,0 2 1 3 4 5 8 9 7 6 31 10 16 15 11 14 17 30 64 127,phoneme,db10,usage,62,250,250,0
W-QDA,W-QDA:qda,6,2.0,0.084,0.10800698428535795,0 1 2 4 3 8 5 6 7 9 10 11 12 13 14 15 16 17 18 19,0 2 1 3 4 5 8 9 7 6 31 10 16 15 11 14 17 30 64 127,phoneme,db10,usage,62,250,250,0
W-CART,W-CART:cart,27,1.0,0.128,0.14691943127962084,0 2 1 3 4 5 8 9 7 6 31 10 16 15 11 14 17 30 64 127,0 2 1 3 4 5 8 9 7 6 31 10 16 15 11 14 17 30 64 127,phoneme,db10,usage,62,250,250,0
ALL,W-NN:k=5,20,1.0,0.08,0.11100024943876279,0 2 1 3 4 5 8 9 7 6 31 10 16 15 11 14 17 30 64 127,0 2 1 3 4 5 8 9 7 6 31 10 16 15 11 14 17 30 64 127,phoneme,db10,usage,62,250,250,0
W-NN,W-NN:k=7,42,,0.108,0.11075081067597904,0 1 2 3 4 5 9 8 6 10 7 31 16 14 11 15 17 13 30 12,0 1 2 3 4 5 9 8 6 10 7 31 16 14 11 15 17 13 30 12,phoneme,db10,energy,63,250,250,0
W-QDA,W-QDA:qda,5,,0.112,0.11923172861062609,0 1 2 3 4 5 9 8 6 10 7 31 16 14 11 15 17 13 30 12,0 1 2 3 4 5 9 8 6 10 7 31 16 14 11 15 17 13 30 12,phoneme,db10,energy,63,250,250,0
W-CART,W-CART:cart,20,,0.132,0.16936891993015715,0 1 2 3 4 5 9 8 6 10 7 31 16 14 11 15 17 13 30 12,0 1 2 3 4 5 9 8 6 10 7 31 16 14 11 15 17 13 30 12,phoneme,db10,energy,63,250,250,0
ALL,W-NN:k=7,42,,0.108,0.11075081067597904,0 1 2 3 4 5 9 8 6 10 7 31 16 14 11 15 17 13 30 12,0 1 2 3 4 5 9 8 6 10 7 31 16 14 11 15 17 13 30 12,phoneme,db10,energy,63,250,250,0
W-NN,W-NN:k=9,26,1.0,0.112,0.11000249438762784,0 1 2 3 4 5 8 9 7 10 6 31 15 16 11 14 127 13 19 32,0 1 2 3 4 5 8 9 7 10 6 31 15 16 11 14 127 13 19 32,phoneme,db10,usage,63,250,250,0
W-QDA,W-QDA:qda,16,1.5,0.1,0.11549014716887004,0 2 1 3 4 5 8 7 9 6 31 15 10 16 11 12 13 14 17 18,0 1 2 3 4 5 8 9 7 10 6 31 15 16 11 14 127 13 19 32,phoneme,db10,usage,63,250,250,0
W-CART,W-CART:cart,38,1.5,0.132,0.1716138687952108,0 2 1 3 4 5 8 7 9 6 31 15 10 16 11 12 13 14 17 18,0 1 2 3 4 5 8 9 7 10 6 31 15 16 11 14 127 13 19 32,phoneme,db10,usage,63,250,250,0
ALL,W-QDA:qda,16,1.5,0.1,0.11549014716887004,0 2 1 3 4 5 8 7 9 6 31 15 10 16 11 12 13 14 17 18,0 1 2 3 4 5 8 9 7 10 6 31 15 16 11 14 127 13 19 32,phoneme,db10,usage,63,250,250,0
W-NN,W-NN:k=9,11,,0.064,0.10900473933649289,0 2 1 3 4 5 9 8 6 10 7 31 16 14 11 15 17 12 30 13,0 2 1 3 4 5 9 8 6 10 7 31 16 14 11 15 17 12 30 13,phoneme,db10,energy,64,250,250,0
W-QDA,W-QDA:qda,13,,0.076,0.11025193315041157,0 2 1 3 4 5 9 8 6 10 7 31 16 14 11 15 17 12 30 13,0 2 1 3 4 5 9 8 6 10 7 31 16 14 11 15 17 12 30 13,phoneme,db10,energy,64,250,250,0
W-CART,W-CART:cart,38,,0.156,0.16313295086056373,0 2 1 3 4 5 9 8 6 10 7 31 16 14 11 15 17 12 30 13,0 2 1 3 4 5 9 8 6 10 7 31 16 14 11 15 17 12 30 13,phoneme,db10,energy,64,250,250,0
ALL,W-NN:k=9,11,,0.064,0.10900473933649289,0 2 1 3 4 5 9 8 6 10 7 31 16 14 11 15 17 12 30 13,0 2 1 3 4 5 9 8 6 10 7 31 16 14 11 15 17 12 30 13,phoneme,db10,energy,64,250,250,0
W-NN,W-NN:k=9,11,0.5,0.064,0.10900473933649289,0 2 1 3 4 9 8 5 10 6 7 31 16 14 15 11 17 12 30 62,0 2 1 3 4 5 8 9 10 7 6 31 15 16 11 14 17 64 12 19,phoneme,db10,usage,64,250,250,0
W-QDA,W-QDA:qda,10,1.0,0.072,0.10626091294587178,0 2 1 3 4 5 8 9 10 7 6 31 15 16 11 14 17 64 12 19,0 2 1 3 4 5 8 9 10 7 6 31 15 16 11 14 17 64 12 19,phoneme,db10,usage,64,250,250,0
W-CART,W-CART:cart,49,1.0,0.136,0.1696183586929409,0 2 1 3 4 5 8 9 10 7 6 31 15 16 11 14 17 64 12 19,0 2 1 3 4 5 8 9 10 7 6 31 15 16 11 14 17 64 12 19,phoneme,db10,usage,64,250,250,0
ALL,W-NN:k=9,11,0.5,0.064,0.10900473933649289,0 2 1 3 4 9 8 5 10 6 7 31 16 14 15 11 17 12 30 62,0 2 1 3 4 5 8 9 10 7 6 31 15 16 11 14 17 64 12 19,phoneme,db10,usage,64,250,250,0
W-NN,W-NN:k=15,47,,0.08,0.11349463706660015,0 1 2 4 3 5 9 8 10 7 6 31 16 14 11 15 17 12 30 13,0 1 2 4 3 5 9 8 10 7 6 31 16 14 11 15 17 12 30 13,phoneme,db10,energy,65,250,250,0
W-QDA,W-QDA:qda,4,,0.112,0.12222499376403093,0 1 2 4 3 5 9 8 10 7 6 31 16 14 11 15 17 12 30 13,0 1 2 4 3 5 9 8 10 7 6 31 16 14 11 15 17 12 30 13,phoneme,db10,energy,65,250,250,0
W-CART,W-CART:cart,22,,0.18,0.18633075579945124,0 1 2 4 3 5 9 8 10 7 6 31 16 14 11 15 17 12 30 13,0 1 2 4 3 5 9 8 10 7 6 31 16 14 11 15 17 12 30 13,phoneme,db10,energy,65,250,250,0
ALL,W-NN:k=15,47,,0.08,0.11349463706660015,0 1 2 4 3 5 9 8 10 7 6 31 16 14 11 15 17 12 30 13,0 1 2 4 3 5 9 8 10 7 6 31 16 14 11 15 17 12 30 13,phoneme,db10,energy,65,250,250,0
W-NN,W-NN:k=15,14,1.0,0.084,0.10825642304814168,0 2 1 3 4 5 8 9 7 10 31 6 16 15 14 13 17 20 62 64,0 2 1 3 4 5 8 9 7 10 31 6 16 15 14 13 17 20 62 64,phoneme,db10,usage,65,250,250,0
W-QDA,W-QDA:qda,16,1.0,0.108,0.12721376901970566,0 2 1 3 4 5 8 9 7 10 31 6 16 15 14 13 17 20 62 64,0 2 1 3 4 5 8 9 7 10 31 6 16 15 14 13 17 20 62 64,phoneme,db10,usage,65,250,250,0
W-CART,W-CART:cart,6,0.5,0.172,0.1691194811673734,0 2 1 3 4 9 8 5 10 7 31 16 6 14 15 11 17 30 127 12,0 2 1 3 4 5 8 9 7 10 31 6 16 15 14 13 17 20 62 64,phoneme,db10,usage,65,250,250,0
ALL,W-NN:k=15,14,1.0,0.084,0.10825642304814168,0 2 1 3 4 5 8 9 7 10 31 6 16 15 14 13 17 20 62 64,0 2 1 3 4 5 8 9 7 10 31 6 16 15 14 13 17 20 62 64,phoneme,db10,usage,65,250,250,0
W-NN,W-NN:k=3,6,,0.068,0.1302070341731105,0 1 2 3 4 5 9 8 6 10 7 31 16 14 11 17 15 12 13 127,0 1 2 3 4 5 9 8 6 10 7 31 16 14 11 17 15 12 13 127,phoneme,db10,energy,66,250,250,0
W-QDA,W-QDA:qda,18,,0.06,0.1077575455225742,0 1 2 3 4 5 9 8 6 10 7 31 16 14 11 17 15 12 13 127,0 1 2 3 4 5 9 8 6 10 7 31 16 14 11 17 15 12 13 127,phoneme,db10,energy,66,250,250,0
W-CART,W-CART:cart,7,,0.128,0.16238463457221253,0 1 2 3 4 5 9 8 6 10 7 31 16 14 11 17 15 12 13 127,0 1 2 3 4 5 9 8 6 10 7 31 16 14 11 17 15 12 13 127,phoneme,db10,energy,66,250,250,0
ALL,W-QDA:qda,18,,0.06,0.1077575455225742,0 1 2 3 4 5 9 8 6 10 7 31 16 14 11 17 15 12 13 127,0 1 2 3 4 5 9 8 6 10 7 31 16 14 11 17 15 12 13 127,phoneme,db10,energy,66,250,250,0
W-NN,W-NN:k=25,25,1.5,0.06,0.10725866799700673,0 1 2 3 4 5 8 6 31 7 9 16 10 11 12 13 14 15 17 18,0 2 1 3 4 5 8 9 7 10 6 31 15 16 14 11 17 127 20 30,phoneme,db10,usage,66,250,250,0
W-QDA,W-QDA:qda,18,2.0,0.056,0.10301820902968321,0 1 2 3 4 8 5 6 7 9 10 11 12 13 14 15 16 17 18 19,0 2 1 3 4 5 8 9 7 10 6 31 15 16 14 11 17 127 20 30,phoneme,db10,usage,66,250,250,0
W-CART,W-CART:cart,17,1.0,0.124,0.16512846096283362,0 2 1 3 4 5 8 9 7 10 6 31 15 16 14 11 17 127 20 30,0 2 1 3 4 5 8 9 7 10 6 31 15 16 14 11 17 127 20 30,phoneme,db10,usage,66,250,250,0
ALL,W-QDA:qda,18,2.0,0.056,0.10301820902968321,0 1 2 3 4 8 5 6 7 9 10 11 12 13 14 15 16 17 18 19,0 2 1 3 4 5 8 9 7 10 6 31 15 16 14 11 17 127 20 30,phoneme,db10,usage,66,250,250,0
W-NN,W-NN:k=9,12,,0.088,0.10251933150411574,0 1 2 3 4 5 9 8 6 10 7 31 16 14 11 17 15 12 13 30,0 1 2 3 4 5 9 8 6 10 7 31 16 14 11 17 15 12 13 30,phoneme,db10,energy,67,250,250,0
W-QDA,W-QDA:qda,9,,0.104,0.1050137191319531,0 1 2 3 4 5 9 8 6 10 7 31 16 14 11 17 15 12 13 30,0 1 2 3 4 5 9 8 6 10 7 31 16 14 11 17 15 12 13 30,phoneme,db10,energy,67,250,250,0
W-CART,W-CART:cart,27,,0.128,0.14816662509353953,0 1 2 3 4 5 9 8 6 10 7 31 16 14 11 17 15 12 13 30,0 1 2 3 4 5 9 8 6 10 7 31 16 14 11 17 15 12 13 30,phoneme,db10,energy,67,250,250,0
ALL,W-NN:k=9,12,,0.088,0.10251933150411574,0 1 2 3 4 5 9 8 6 10 7 31 16 14 11 17 15 12 13 30,0 1 2 3 4 5 9 8 6 10 7 31 16 14 11 17 15 12 13 30,phoneme,db10,energy,67,250,250,0
W-NN,W-NN:k=15,46,0.5,0.084,0.10002494387627837,0 2 1 3 9 4 5 8 6 10 7 31 16 14 11 15 17 127 30 12,0 1 2 3 4 5 9 8 7 6 10 31 15 16 14 17 11 18 13 20,phoneme,db10,usage,67,250,250,0
W-QDA,W-QDA:qda,9,0.5,0.104,0.1050137191319531,0 2 1 3 9 4 5 8 6 10 7 31 16 14 11 15 17 127 30 12,0 1 2 3 4 5 9 8 7 6 10 31 15 16 14 17 11 18 13 20,phoneme,db10,usage,67,250,250,0
W-CART,W-CART:cart,27,0.5,0.128,0.14891494138189074,0 2 1 3 9 4 5 8 6 10 7 31 16 14 11 15 17 127 30 12,0 1 2 3 4 5 9 8 7 6 10 31 15 16 14 17 11 18 13 20,phoneme,db10,usage,67,250,250,0
ALL,W-NN:k=15,46,0.5,0.084,0.10002494387627837,0 2 1 3 9 4 5 8 6 10 7 31 16 14 11 15 17 127 30 12,0 1 2 3 4 5 9 8 7 6 10 31 15 16 14 17 11 18 13 20,phoneme,db10,usage,67,250,250,0
W-NN,W-NN:k=7,10,,0.104,0.11124968820154651,0 1 2 3 4 5 9 8 6 10 7 31 16 14 11 17 15 12 13 126,0 1 2 3 4 5 9 8 6 10 7 31 16 14 11 17 15 12 13 126,phoneme,db10,energy,68,250,250,0
W-QDA,W-QDA:qda,14,,0.092,0.09877775006235968,0 1 2 3 4 5 9 8 6 10 7 31 16 14 11 17 15 12 13 126,0 1 2 3 4 5 9 8 6 10 7 31 16 14 11 17 15 12 13 126,phoneme,db10,energy,68,250,250,0
W-CART,W-CART:cart,7,,0.128,0.14966325767024197,0 1 2 3 4 5 9 8 6 10 7 31 16 14 11 17 15 12 13 126,0 1 2 3 4 5 9 8 6 10 7 31 16 14 11 17 15 12 13 126,phoneme,db10,energy,68,250,250,0
ALL,W-QDA:qda,14,,0.092,0.09877775006235968,0 1 2 3 4 5 9 8 6 10 7 31 16 14 11 17 15 12 13 126,0 1 2 3 4 5 9 8 6 10 7 31 16 14 11 17 15 12 13 126,phoneme,db10,energy,68,250,250,0
W-NN,W-NN:k=7,9,0.5,0.096,0.11349463706660015,0 2 3 1 9 8 4 5 10 7 6 31 16 14 17 15 11 13 62 30,0 2 1 3 4 5 9 8 6 7 10 31 15 16 14 127 11 17 20 252,phoneme,db10,usage,68,250,250,0
W-QDA,W-QDA:qda,7,0.5,0.084,0.102269892741332,0 2 3 1 9 8 4 5 10 7 6 31 16 14 17 15 11 13 62 30,0 2 1 3 4 5 9 8 6 7 10 31 15 16 14 127 11 17 20 252,phoneme,db10,usage,68,250,250,0
W-CART,W-CART:cart,10,1.5,0.116,0.16512846096283362,0 2 1 3 4 8 5 6 9 31 7 15 10 11 12 13 14 16 17 18,0 2 1 3 4 5 9 8 6 7 10 31 15 16 14 127 11 17 20 252,phoneme,db10,usage,68,250,250,0
ALL,W-QDA:qda,7,0.5,0.084,0.102269892741332,0 2 3 1 9 8 4 5 10 7 6 31 16 14 17 15 11 13 62 30,0 2 1 3 4 5 9 8 6 7 10 31 15 16 14 127 11 17 20 252,phoneme,db10,usage,68,250,250,0
W-NN,W-NN:k=25,64,,0.1,0.10725866799700673,0 1 2 3 4 5 9 8 10 7 6 31 16 11 14 15 17 12 13 126,0 1 2 3 4 5 9 8 10 7 6 31 16 11 14 15 17 12 13 126,phoneme,db10,energy,69,250,250,0
W-QDA,W-QDA:qda,10,,0.092,0.1050137191319531,0 1 2 3 4 5 9 8 10 7 6 31 16 11 14 15 17 12 13 126,0 1 2 3 4 5 9 8 10 7 6 31 16 11 14 15 17 12 13 126,phoneme,db10,energy,69,250,250,0
W-CART,W-CART:cart,35,,0.168,0.18433524569718135,0 1 2 3 4 5 9 8 10 7 6 31 16 11 14 15 17 12 13 126,0 1 2 3 4 5 9 8 10 7 6 31 16 11 14 15 17 12 13 126,phoneme,db10,energy,69,250,250,0
ALL,W-QDA:qda,10,,0.092,0.1050137191319531,0 1 2 3 4 5 9 8 10 7 6 31 16 11 14 15 17 12 13 126,0 1 2 3 4 5 9 8 10 7 6 31 16 11 14 15 17 12 13 126,phoneme,db10,energy,69,250,250,0
W-NN,W-NN:k=25,44,1.0,0.1,0.10451484160638563,0 2 1 3 4 5 8 9 10 7 31 6 16 14 15 11 127 19 30 171,0 2 1 3 4 5 8 9 10 7 31 6 16 14 15 11 127 19 30 171,phoneme,db10,usage,69,250,250,0
W-QDA,W-QDA:qda,9,1.5,0.088,0.11025193315041157,0 2 1 3 4 8 5 9 6 7 10 31 11 12 13 14 15 16 17 18,0 2 1 3 4 5 8 9 10 7 31 6 16 14 15 11 127 19 30 171,phoneme,db10,usage,69,250,250,0
W-CART,W-CART:cart,7,0.5,0.16,0.1566475430281866,0 2 1 3 9 4 8 5 10 7 31 16 6 14 11 15 17 127 12 62,0 2 1 3 4 5 8 9 10 7 31 6 16 14 15 11 127 19 30 171,phoneme,db10,usage,69,250,250,0
ALL,W-QDA:qda,9,1.5,0.088,0.11025193315041157,0 2 1 3 4 8 5 9 6 7 10 31 11 12 13 14 15 16 17 18,0 2 1 3 4 5 8 9 10 7 31 6 16 14 15 11 127 19 30 171,phoneme,db10,usage,69,250,250,0
W-NN,W-NN:k=3,9,,0.096,0.12596657520578697,0 1 2 3 4 5 9 8 10 6 7 31 16 14 11 15 17 12 126 30,0 1 2 3 4 5 9 8 10 6 7 31 16 14 11 15 17 12 126 30,phoneme,db10,energy,70,250,250,0
W-QDA,W-QDA:qda,17,,0.104,0.1152407084060863,0 1 2 3 4 5 9 8 10 6 7 31 16 14 11 15 17 12 126 30,0 1 2 3 4 5 9 8 10 6 7 31 16 14 11 15 17 12 126 30,phoneme,db10,energy,70,250,250,0
W-CART,W-CART:cart,27,,0.152,0.14966325767024197,0 1 2 3 4 5 9 8 10 6 7 31 16 14 11 15 17 12 126 30,0 1 2 3 4 5 9 8 10 6 7 31 16 14 11 15 17 12 126 30,phoneme,db10,energy,70,250,250,0
ALL,W-NN:k=3,9,,0.096,0.12596657520578697,0 1 2 3 4 5 9 8 10 6 7 31 16 14 11 15 17 12 126 30,0 1 2 3 4 5 9 8 10 6 7 31 16 14 11 15 17 12 126 30,phoneme,db10,energy,70,250,250,0
W-NN,W-NN:k=3,10,1.5,0.092,0.1262160139685707,0 1 2 3 4 5 8 9 31 10 6 7 64 11 12 13 14 15 16 17,0 2 1 3 4 5 8 9 10 7 6 31 16 15 11 14 64 17 20 21,phoneme,db10,usage,70,250,250,0
W-QDA,W-QDA:qda,12,2.0,0.096,0.10526315789473684,0 1 2 3 4 8 5 6 7 9 10 11 12 13 14 15 16 17 18 19,0 2 1 3 4 5 8 9 10 7 6 31 16 15 11 14 64 17 20 21,phoneme,db10,usage,70,250,250,0
W-CART,W-CART:cart,58,1.5,0.148,0.17460713394861563,0 1 2 3 4 5 8 9 31 10 6 7 64 11 12 13 14 15 16 17,0 2 1 3 4 5 8 9 10 7 6 31 16 15 11 14 64 17 20 21,phoneme,db10,usage,70,250,250,0
ALL,W-NN:k=3,10,1.5,0.092,0.1262160139685707,0 1 2 3 4 5 8 9 31 10 6 7 64 11 12 13 14 15 16 17,0 2 1 3 4 5 8 9 10 7 6 31 16 15 11 14 64 17 20 21,phoneme,db10,usage,70,250,250,0
W-NN,W-NN:k=9,17,,0.072,0.11050137191319531,0 1 2 3 4 5 9 8 6 10 7 31 16 11 14 15 17 12 13 126,0 1 2 3 4 5 9 8 6 10 7 31 16 11 14 15 17 12 13 126,phoneme,db10,energy,71,250,250,0
W-QDA,W-QDA:qda,11,,0.1,0.11948116737340983,0 1 2 3 4 5 9 8 6 10 7 31 16 11 14 15 17 12 13 126,0 1 2 3 4 5 9 8 6 10 7 31 16 11 14 15 17 12 13 126,phoneme,db10,energy,71,250,250,0
W-CART,W-CART:cart,26,,0.132,0.158144175604889,0 1 2 3 4 5 9 8 6 10 7 31 16 11 14 15 17 12 13 126,0 1 2 3 4 5 9 8 6 10 7 31 16 11 14 15 17 12 13 126,phoneme,db10,energy,71,250,250,0
ALL,W-NN:k=9,17,,0.072,0.11050137191319531,0 1 2 3 4 5 9 8 6 10 7 31 16 11 14 15 17 12 13 126,0 1 2 3 4 5 9 8 6 10 7 31 16 11 14 15 17 12 13 126,phoneme,db10,energy,71,250,250,0
W-NN,W-NN:k=9,17,0.5,0.072,0.11050137191319531,0 2 1 3 9 4 5 8 10 7 6 31 16 14 11 15 17 12 13 30,0 2 1 3 4 5 9 8 6 7 31 10 16 15 11 64 127 12 13 14,phoneme,db10,usage,71,250,250,0
W-QDA,W-QDA:qda,9,2.0,0.092,0.11948116737340983,0 1 2 3 4 5 8 6 7 9 10 11 12 13 14 15 16 17 18 19,0 2 1 3 4 5 9 8 6 7 31 10 16 15 11 64 127 12 13 14,phoneme,db10,usage,71,250,250,0
W-CART,W-CART:cart,14,1.5,0.136,0.17136443003242705,0 2 1 3 4 8 5 9 31 6 7 15 10 11 12 13 14 16 17 18,0 2 1 3 4 5 9 8 6 7 31 10 16 15 11 64 127 12 13 14,phoneme,db10,usage,71,250,250,0
ALL,W-NN:k=9,17,0.5,0.072,0.11050137191319531,0 2 1 3 9 4 5 8 10 7 6 31 16 14 11 15 17 12 13 30,0 2 1 3 4 5 9 8 6 7 31 10 16 15 11 64 127 12 13 14,phoneme,db10,usage,71,250,250,0
W-NN,W-NN:k=25,16,,0.104,0.11948116737340983,0 1 2 3 4 5 9 8 6 10 7 31 16 11 14 15 17 12 13 30,0 1 2 3 4 5 9 8 6 10 7 31 16 11 14 15 17 12 13 30,phoneme,db10,energy,72,250,250,0
W-QDA,W-QDA:qda,16,,0.092,0.11399351459216762,0 1 2 3 4 5 9 8 6 10 7 31 16 11 14 15 17 12 13 30,0 1 2 3 4 5 9 8 6 10 7 31 16 11 14 15 17 12 13 30,phoneme,db10,energy,72,250,250,0
W-CART,W-CART:cart,7,,0.128,0.15989024694437515,0 1 2 3 4 5 9 8 6 10 7 31 16 11 14 15 17 12 13 30,0 1 2 3 4 5 9 8 6 10 7 31 16 11 14 15 17 12 13 30,phoneme,db10,energy,72,250,250,0
ALL,W-QDA:qda,16,,0.092,0.11399351459216762,0 1 2 3 4 5 9 8 6 10 7 31 16 11 14 15 17 12 13 30,0 1 2 3 4 5 9 8 6 10 7 31 16 11 14 15 17 12 13 30,phoneme,db10,energy,72,250,250,0
W-NN,W-NN:k=25,57,1.0,0.096,0.1172362185083562,0 2 1 3 4 5 8 9 6 7 10 31 15 11 16 14 17 127 13 18,0 2 1 3 4 5 8 9 6 7 10 31 15 11 16 14 17 127 13 18,phoneme,db10,usage,72,250,250,0
W-QDA,W-QDA:qda,16,0.5,0.092,0.11399351459216762,0 1 3 2 4 9 5 8 6 10 7 31 16 14 15 11 17 30 127 12,0 2 1 3 4 5 8 9 6 7 10 31 15 11 16 14 17 127 13 18,phoneme,db10,usage,72,250,250,0
W-CART,W-CART:cart,23,1.5,0.12,0.1416812172611624,0 1 2 3 4 5 8 6 9 7 10 31 11 15 12 13 14 16 17 18,0 2 1 3 4 5 8 9 6 7 10 31 15 11 16 14 17 127 13 18,phoneme,db10,usage,72,250,250,0
ALL,W-QDA:qda,16,0.5,0.092,0.11399351459216762,0 1 3 2 4 9 5 8 6 10 7 31 16 14 15 11 17 30 127 12,0 2 1 3 4 5 8 9 6 7 10 31 15 11 16 14 17 127 13 18,phoneme,db10,usage,72,250,250,0
W-NN,W-NN:k=5,38,,0.044,0.10601147418308805,0 1 2 3 4 5 9 8 6 10 7 31 16 11 14 15 12 17 13 62,0 1 2 3 4 5 9 8 6 10 7 31 16 11 14 15 12 17 13 62,phoneme,db10,energy,73,250,250,0
W-QDA,W-QDA:qda,6,,0.08,0.11124968820154651,0 1 2 3 4 5 9 8 6 10 7 31 16 11 14 15 12 17 13 62,0 1 2 3 4 5 9 8 6 10 7 31 16 11 14 15 12 17 13 62,phoneme,db10,energy,73,250,250,0
W-CART,W-CART:cart,7,,0.132,0.16612621601396857,0 1 2 3 4 5 9 8 6 10 7 31 16 11 14 15 12 17 13 62,0 1 2 3 4 5 9 8 6 10 7 31 16 11 14 15 12 17 13 62,phoneme,db10,energy,73,250,250,0
ALL,W-NN:k=5,38,,0.044,0.10601147418308805,0 1 2 3 4 5 9 8 6 10 7 31 16 11 14 15 12 17 13 62,0 1 2 3 4 5 9 8 6 10 7 31 16 11 14 15 12 17 13 62,phoneme,db10,energy,73,250,250,0
W-NN,W-NN:k=5,43,0.5,0.052,0.10750810675979047,0 2 1 3 9 4 8 5 10 6 7 31 16 14 11 15 12 17 13 127,0 1 2 3 4 9 5 8 6 10 7 31 16 15 11 14 12 20 13 32,phoneme,db10,usage,73,250,250,0
W-QDA,W-QDA:qda,4,2.0,0.08,0.11673734098278872,0 1 2 4 3 8 5 6 7 9 10 11 12 13 14 15 16 17 18 19,0 1 2 3 4 9 5 8 6 10 7 31 16 15 11 14 12 20 13 32,phoneme,db10,usage,73,250,250,0
W-CART,W-CART:cart,7,1.5,0.116,0.15864305313045649,0 2 1 3 4 5 8 6 7 9 31 10 16 11 12 13 14 15 17 18,0 1 2 3 4 9 5 8 6 10 7 31 16 15 11 14 12 20 13 32,phoneme,db10,usage,73,250,250,0
ALL,W-NN:k=5,43,0.5,0.052,0.10750810675979047,0 2 1 3 9 4 8 5 10 6 7 31 16 14 11 15 12 17 13 127,0 1 2 3 4 9 5 8 6 10 7 31 16 15 11 14 12 20 13 32,phoneme,db10,usage,73,250,250,0
W-NN,W-NN:k=5,26,,0.124,0.11274632077824893,0 1 2 4 3 5 9 8 6 10 7 31 16 11 14 15 17 12 126 13,0 1 2 4 3 5 9 8 6 10 7 31 16 11 14 15 17 12 126 13,phoneme,db10,energy,74,250,250,0
W-QDA,W-QDA:qda,18,,0.12,0.10725866799700673,0 1 2 4 3 5 9 8 6 10 7 31 16 11 14 15 17 12 126 13,0 1 2 4 3 5 9 8 6 10 7 31 16 11 14 15 17 12 126 13,phoneme,db10,energy,74,250,250,0
W-CART,W-CART:cart,8,,0.172,0.1566475430281866,0 1 2 4 3 5 9 8 6 10 7 31 16 11 14 15 17 12 126 13,0 1 2 4 3 5 9 8 6 10 7 31 16 11 14 15 17 12 126 13,phoneme,db10,energy,74,250,250,0
ALL,W-QDA:qda,18,,0.12,0.10725866799700673,0 1 2 4 3 5 9 8 6 10 7 31 16 11 14 15 17 12 126 13,0 1 2 4 3 5 9 8 6 10 7 31 16 11 14 15 17 12 126 13,phoneme,db10,energy,74,250,250,0
W-NN,W-NN:k=5,26,0.5,0.124,0.11274632077824893,0 2 1 3 9 4 8 5 10 6 31 7 16 14 11 15 17 127 12 30,0 2 1 3 4 5 9 8 10 6 7 31 15 16 11 14 18 17 23 82,phoneme,db10,usage,74,250,250,0
W-QDA,W-QDA:qda,19,0.5,0.116,0.10651035170865553,0 2 1 3 9 4 8 5 10 6 31 7 16 14 11 15 17 127 12 30,0 2 1 3 4 5 9 8 10 6 7 31 15 16 11 14 18 17 23 82,phoneme,db10,usage,74,250,250,0
W-CART,W-CART:cart,8,2.0,0.168,0.1751060114741831,0 1 2 4 3 8 5 6 7 9 10 11 12 13 14 15 16 17 18 19,0 2 1 3 4 5 9 8 10 6 7 31 15 16 11 14 18 17 23 82,phoneme,db10,usage,74,250,250,0
ALL,W-QDA:qda,19,0.5,0.116,0.10651035170865553,0 2 1 3 9 4 8 5 10 6 31 7 16 14 11 15 17 127 12 30,0 2 1 3 4 5 9 8 10 6 7 31 15 16 11 14 18 17 23 82,phoneme,db10,usage,74,250,250,0
W-NN,W-NN:k=25,45,,0.076,0.11499126964330257,0 1 2 3 4 5 9 8 10 6 7 31 16 11 14 15 17 12 126 13,0 1 2 3 4 5 9 8 10 6 7 31 16 11 14 15 17 12 126 13,phoneme,db10,energy,75,250,250,0
W-QDA,W-QDA:qda,21,,0.08,0.11224744325268146,0 1 2 3 4 5 9 8 10 6 7 31 16 11 14 15 17 12 126 13,0 1 2 3 4 5 9 8 10 6 7 31 16 11 14 15 17 12 126 13,phoneme,db10,energy,75,250,250,0
W-CART,W-CART:cart,11,,0.12,0.1683711648790222,0 1 2 3 4 5 9 8 10 6 7 31 16 11 14 15 17 12 126 13,0 1 2 3 4 5 9 8 10 6 7 31 16 11 14 15 17 12 126 13,phoneme,db10,energy,75,250,250,0
ALL,W-NN:k=25,45,,0.076,0.11499126964330257,0 1 2 3 4 5 9 8 10 6 7 31 16 11 14 15 17 12 126 13,0 1 2 3 4 5 9 8 10 6 7 31 16 11 14 15 17 12 126 13,phoneme,db10,energy,75,250,250,0
W-NN,W-NN:k=3,63,1.5,0.072,0.1050137191319531,0 1 2 3 4 8 5 31 9 6 10 15 7 11 12 13 14 16 17 18,0 1 2 3 4 5 8 9 7 10 31 6 16 15 11 14 17 18 126 12,phoneme,db10,usage,75,250,250,0
W-QDA,W-QDA:qda,16,2.0,0.068,0.11923172861062609,0 1 2 3 4 8 5 6 7 9 10 11 12 13 14 15 16 17 18 19,0 1 2 3 4 5 8 9 7 10 31 6 16 15 11 14 17 18 126 12,phoneme,db10,usage,75,250,250,0
W-CART,W-CART:cart,21,3.0,0.108,0.16263407333499627,0 2 1 4 3 5 6 7 8 9 10 11 12 13 14 15 16 17 18 19,0 1 2 3 4 5 8 9 7 10 31 6 16 15 11 14 17 18 126 12,phoneme,db10,usage,75,250,250,0
ALL,W-QDA:qda,16,2.0,0.068,0.11923172861062609,0 1 2 3 4 8 5 6 7 9 10 11 12 13 14 15 16 17 18 19,0 1 2 3 4 5 8 9 7 10 31 6 16 15 11 14 17 18 126 12,phoneme,db10,usage,75,250,250,0
W-NN,W-NN:k=3,9,,0.096,0.11324519830381641,0 1 2 3 4 5 9 8 10 6 7 31 16 11 14 15 17 126 12 13,0 1 2 3 4 5 9 8 10 6 7 31 16 11 14 15 17 126 12 13,phoneme,db10,energy,76,250,250,0
W-QDA,W-QDA:qda,19,,0.108,0.12721376901970566,0 1 2 3 4 5 9 8 10 6 7 31 16 11 14 15 17 126 12 13,0 1 2 3 4 5 9 8 10 6 7 31 16 11 14 15 17 126 12 13,phoneme,db10,energy,76,250,250,0
W-CART,W-CART:cart,41,,0.144,0.16737340982788726,0 1 2 3 4 5 9 8 10 6 7 31 16 11 14 15 17 126 12 13,0 1 2 3 4 5 9 8 10 6 7 31 16 11 14 15 17 126 12 13,phoneme,db10,energy,76,250,250,0
ALL,W-NN:k=3,9,,0.096,0.11324519830381641,0 1 2 3 4 5 9 8 10 6 7 31 16 11 14 15 17 126 12 13,0 1 2 3 4 5 9 8 10 6 7 31 16 11 14 15 17 126 12 13,phoneme,db10,energy,76,250,250,0
W-NN,W-NN:k=3,9,1.0,0.092,0.11124968820154651,0 2 1 3 4 5 8 9 7 10 31 6 15 16 11 14 62 20 21 12,0 2 1 3 4 5 8 9 7 10 31 6 15 16 11 14 62 20 21 12,phoneme,db10,usage,76,250,250,0
W-QDA,W-QDA:qda,11,1.5,0.108,0.13594412571713643,0 2 1 3 4 8 5 31 10 6 7 9 15 11 12 13 14 16 17 18,0 2 1 3 4 5 8 9 7 10 31 6 15 16 11 14 62 20 21 12,phoneme,db10,usage,76,250,250,0
W-CART,W-CART:cart,60,0.5,0.14,0.16662509353953606,0 2 1 3 9 4 8 5 10 7 6 31 16 14 15 11 17 126 12 13,0 2 1 3 4 5 8 9 7 10 31 6 15 16 11 14 62 20 21 12,phoneme,db10,usage,76,250,250,0
ALL,W-NN:k=3,9,1.0,0.092,0.11124968820154651,0 2 1 3 4 5 8 9 7 10 31 6 15 16 11 14 62 20 21 12,0 2 1 3 4 5 8 9 7 10 31 6 15 16 11 14 62 20 21 12,phoneme,db10,usage,76,250,250,0
W-NN,W-NN:k=25,16,,0.08,0.11823397355949114,0 1 2 3 4 5 9 8 6 10 7 31 16 11 14 15 17 12 13 126,0 1 2 3 4 5 9 8 6 10 7 31 16 11 14 15 17 12 13 126,phoneme,db10,energy,77,250,250,0
W-QDA,W-QDA:qda,15,,0.104,0.1219755550012472,0 1 2 3 4 5 9 8 6 10 7 31 16 11 14 15 17 12 13 126,0 1 2 3 4 5 9 8 6 10 7 31 16 11 14 15 17 12 13 126,phoneme,db10,energy,77,250,250,0
W-CART,W-CART:cart,13,,0.12,0.1805936642554253,0 1 2 3 4 5 9 8 6 10 7 31 16 11 14 15 17 12 13 126,0 1 2 3 4 5 9 8 6 10 7 31 16 11 14 15 17 12 13 126,phoneme,db10,energy,77,250,250,0
ALL,W-NN:k=25,16,,0.08,0.11823397355949114,0 1 2 3 4 5 9 8 6 10 7 31 16 11 14 15 17 12 13 126,0 1 2 3 4 5 9 8 6 10 7 31 16 11 14 15 17 12 13 126,phoneme,db10,energy,77,250,250,0
W-NN,W-NN:k=25,16,0.5,0.08,0.11823397355949114,0 2 3 1 4 9 5 8 10 6 7 31 16 14 11 15 17 127 30 13,0 2 1 3 4 5 9 8 7 31 10 6 16 15 11 17 14 127 12 13,phoneme,db10,usage,77,250,250,0
W-QDA,W-QDA:qda,6,0.5,0.1,0.12571713644300325,0 2 3 1 4 9 5 8 10 6 7 31 16 14 11 15 17 127 30 13,0 2 1 3 4 5 9 8 7 31 10 6 16 15 11 17 14 127 12 13,phoneme,db10,usage,77,250,250,0
W-CART,W-CART:cart,44,1.0,0.116,0.18583187827388375,0 2 1 3 4 5 9 8 7 31 10 6 16 15 11 17 14 127 12 13,0 2 1 3 4 5 9 8 7 31 10 6 16 15 11 17 14 127 12 13,phoneme,db10,usage,77,250,250,0
ALL,W-NN:k=25,16,0.5,0.08,0.11823397355949114,0 2 3 1 4 9 5 8 10 6 7 31 16 14 11 15 17 127 30 13,0 2 1 3 4 5 9 8 7 31 10 6 16 15 11 17 14 127 12 13,phoneme,db10,usage,77,250,250,0
W-NN,W-NN:k=9,34,,0.092,0.10825642304814168,0 1 2 4 3 5 9 8 6 7 10 31 16 11 14 15 12 17 127 30,0 1 2 4 3 5 9 8 6 7 10 31 16 11 14 15 12 17 127 30,phoneme,db10,energy,78,250,250,0
W-QDA,W-QDA:qda,11,,0.08,0.10750810675979047,0 1 2 4 3 5 9 8 6 7 10 31 16 11 14 15 12 17 127 30,0 1 2 4 3 5 9 8 6 7 10 31 16 11 14 15 12 17 127 30,phoneme,db10,energy,78,250,250,0
W-CART,W-CART:cart,18,,0.136,0.18658019456223496,0 1 2 4 3 5 9 8 6 7 10 31 16 11 14 15 12 17 127 30,0 1 2 4 3 5 9 8 6 7 10 31 16 11 14 15 12 17 127 30,phoneme,db10,energy,78,250,250,0
ALL,W-QDA:qda,11,,0.08,0.10750810675979047,0 1 2 4 3 5 9 8 6 7 10 31 16 11 14 15 12 17 127 30,0 1 2 4 3 5 9 8 6 7 10 31 16 11 14 15 12 17 127 30,phoneme,db10,energy,78,250,250,0
W-NN,W-NN:k=7,26,3.0,0.084,0.11424295335495135,0 1 2 4 3 5 6 7 8 9 10 11 12 13 14 15 16 17 18 19,0 2 1 3 4 5 8 9 7 6 31 10 15 16 11 20 14 17 12 23,phoneme,db10,usage,78,250,250,0
W-QDA,W-QDA:qda,11,3.0,0.08,0.10750810675979047,0 1 2 4 3 5 6 7 8 9 10 11 12 13 14 15 16 17 18 19,0 2 1 3 4 5 8 9 7 6 31 10 15 16 11 20 14 17 12 23,phoneme,db10,usage,78,250,250,0
W-CART,W-CART:cart,18,1.0,0.136,0.19730606136193565,0 2 1 3 4 5 8 9 7 6 31 10 15 16 11 20 14 17 12 23,0 2 1 3 4 5 8 9 7 6 31 10 15 16 11 20 14 17 12 23,phoneme,db10,usage,78,250,250,0
ALL,W-QDA:qda,11,3.0,0.08,0.10750810675979047,0 1 2 4 3 5 6 7 8 9 10 11 12 13 14 15 16 17 18 19,0 2 1 3 4 5 8 9 7 6 31 10 15 16 11 20 14 17 12 23,phoneme,db10,usage,78,250,250,0
W-NN,W-NN:k=3,15,,0.08,0.10202045397854827,0 1 2 3 4 5 9 8 6 10 7 31 16 14 11 17 15 13 12 127,0 1 2 3 4 5 9 8 6 10 7 31 16 14 11 17 15 13 12 127,phoneme,db10,energy,79,250,250,0
W-QDA,W-QDA:qda,11,,0.076,0.10526315789473684,0 1 2 3 4 5 9 8 6 10 7 31 16 14 11 17 15 13 12 127,0 1 2 3 4 5 9 8 6 10 7 31 16 14 11 17 15 13 12 127,phoneme,db10,energy,79,250,250,0
W-CART,W-CART:cart,38,,0.132,0.16862060364180595,0 1 2 3 4 5 9 8 6 10 7 31 16 14 11 17 15 13 12 127,0 1 2 3 4 5 9 8 6 10 7 31 16 14 11 17 15 13 12 127,phoneme,db10,energy,79,250,250,0
ALL,W-QDA:qda,11,,0.076,0.10526315789473684,0 1 2 3 4 5 9 8 6 10 7 31 16 14 11 17 15 13 12 127,0 1 2 3 4 5 9 8 6 10 7 31 16 14 11 17 15 13 12 127,phoneme,db10,energy,79,250,250,0
W-NN,W-NN:k=3,12,2.0,0.076,0.10052382140184585,0 1 2 4 3 8 5 6 7 9 10 11 12 13 14 15 16 17 18 19,0 2 1 3 4 5 8 9 10 6 7 31 16 15 14 11 12 126 127 13,phoneme,db10,usage,79,250,250,0
W-QDA,W-QDA:qda,9,0.5,0.076,0.10750810675979047,0 2 3 1 9 4 8 5 10 31 7 6 16 14 15 17 11 127 13 30,0 2 1 3 4 5 8 9 10 6 7 31 16 15 14 11 12 126 127 13,phoneme,db10,usage,79,250,250,0
W-CART,W-CART:cart,6,1.0,0.136,0.1656273384884011,0 2 1 3 4 5 8 9 10 6 7 31 16 15 14 11 12 126 127 13,0 2 1 3 4 5 8 9 10 6 7 31 16 15 14 11 12 126 127 13,phoneme,db10,usage,79,250,250,0
ALL,W-QDA:qda,9,0.5,0.076,0.10750810675979047,0 2 3 1 9 4 8 5 10 31 7 6 16 14 15 17 11 127 13 30,0 2 1 3 4 5 8 9 10 6 7 31 16 15 14 11 12 126 127 13,phoneme,db10,usage,79,250,250,0
W-NN,W-NN:k=5,32,,0.112,0.1124968820154652,0 1 2 3 4 5 8 9 10 7 6 31 16 14 11 15 12 17 13 126,0 1 2 3 4 5 8 9 10 7 6 31 16 14 11 15 12 17 13 126,phoneme,db10,energy,80,250,250,0
W-QDA,W-QDA:qda,8,,0.112,0.11299575954103268,0 1 2 3 4 5 8 9 10 7 6 31 16 14 11 15 12 17 13 126,0 1 2 3 4 5 8 9 10 7 6 31 16 14 11 15 12 17 13 126,phoneme,db10,energy,80,250,250,0
W-CART,W-CART:cart,26,,0.136,0.15515091045148416,0 1 2 3 4 5 8 9 10 7 6 31 16 14 11 15 12 17 13 126,0 1 2 3 4 5 8 9 10 7 6 31 16 14 11 15 12 17 13 126,phoneme,db10,energy,80,250,250,0
ALL,W-QDA:qda,8,,0.112,0.11299575954103268,0 1 2 3 4 5 8 9 10 7 6 31 16 14 11 15 12 17 13 126,0 1 2 3 4 5 8 9 10 7 6 31 16 14 11 15 12 17 13 126,phoneme,db10,energy,80,250,250,0
W-NN,W-NN:k=5,14,1.5,0.112,0.11274632077824893,0 1 2 3 4 8 5 9 31 7 10 6 16 11 12 13 14 15 17 18,0 1 2 3 4 8 5 9 7 31 10 6 16 15 17 11 12 14 13 18,phoneme,db10,usage,80,250,250,0
W-QDA,W-QDA:qda,9,1.5,0.108,0.10651035170865553,0 1 2 3 4 8 5 9 31 7 10 6 16 11 12 13 14 15 17 18,0 1 2 3 4 8 5 9 7 31 10 6 16 15 17 11 12 14 13 18,phoneme,db10,usage,80,250,250,0
W-CART,W-CART:cart,9,1.0,0.132,0.15115989024694437,0 1 2 3 4 8 5 9 7 31 10 6 16 15 17 11 12 14 13 18,0 1 2 3 4 8 5 9 7 31 10 6 16 15 17 11 12 14 13 18,phoneme,db10,usage,80,250,250,0
ALL,W-QDA:qda,9,1.5,0.108,0.10651035170865553,0 1 2 3 4 8 5 9 31 7 10 6 16 11 12 13 14 15 17 18,0 1 2 3 4 8 5 9 7 31 10 6 16 15 17 11 12 14 13 18,phoneme,db10,usage,80,250,250,0
W-NN,W-NN:k=9,25,,0.092,0.09753055624844101,0 1 2 3 4 5 9 8 10 6 7 31 16 11 14 15 17 12 13 127,0 1 2 3 4 5 9 8 10 6 7 31 16 11 14 15 17 12 13 127,phoneme,db10,energy,81,250,250,0
W-QDA,W-QDA:qda,15,,0.092,0.09653280119730606,0 1 2 3 4 5 9 8 10 6 7 31 16 11 14 15 17 12 13 127,0 1 2 3 4 5 9 8 10 6 7 31 16 11 14 15 17 12 13 127,phoneme,db10,energy,81,250,250,0
W-CART,W-CART:cart,8,,0.148,0.17335994013469694,0 1 2 3 4 5 9 8 10 6 7 31 16 11 14 15 17 12 13 127,0 1 2 3 4 5 9 8 10 6 7 31 16 11 14 15 17 12 13 127,phoneme,db10,energy,81,250,250,0
ALL,W-QDA:qda,15,,0.092,0.09653280119730606,0 1 2 3 4 5 9 8 10 6 7 31 16 11 14 15 17 12 13 127,0 1 2 3 4 5 9 8 10 6 7 31 16 11 14 15 17 12 13 127,phoneme,db10,energy,81,250,250,0
W-NN,W-NN:k=1,54,1.5,0.084,0.10925417809927662,0 1 2 3 4 5 8 6 9 31 7 10 11 12 13 14 15 16 17 18,0 2 1 3 4 5 8 9 10 7 31 6 16 15 11 127 12 17 19 13,phoneme,db10,usage,81,250,250,0
W-QDA,W-QDA:qda,6,0.5,0.08,0.10276877026689947,0 2 1 3 9 4 5 8 10 31 7 6 16 14 11 15 127 17 12 13,0 2 1 3 4 5 8 9 10 7 31 6 16 15 11 127 12 17 19 13,phoneme,db10,usage,81,250,250,0
W-CART,W-CART:cart,6,2.0,0.12,0.17211274632077825,0 1 2 4 3 8 5 6 7 9 10 11 12 13 14 15 16 17 18 19,0 2 1 3 4 5 8 9 10 7 31 6 16 15 11 127 12 17 19 13,phoneme,db10,usage,81,250,250,0
ALL,W-QDA:qda,6,0.5,0.08,0.10276877026689947,0 2 1 3 9 4 5 8 10 31 7 6 16 14 11 15 127 17 12 13,0 2 1 3 4 5 8 9 10 7 31 6 16 15 11 127 12 17 19 13,phoneme,db10,usage,81,250,250,0
W-NN,W-NN:k=25,29,,0.108,0.1219755550012472,0 1 2 3 4 5 9 8 6 10 7 31 16 11 14 15 17 12 13 126,0 1 2 3 4 5 9 8 6 10 7 31 16 11 14 15 17 12 13 126,phoneme,db10,energy,82,250,250,0
W-QDA,W-QDA:qda,19,,0.096,0.12970815664754304,0 1 2 3 4 5 9 8 6 10 7 31 16 11 14 15 17 12 13 126,0 1 2 3 4 5 9 8 6 10 7 31 16 11 14 15 17 12 13 126,phoneme,db10,energy,82,250,250,0
W-CART,W-CART:cart,5,,0.12,0.15839361436767274,0 1 2 3 4 5 9 8 6 10 7 31 16 11 14 15 17 12 13 126,0 1 2 3 4 5 9 8 6 10 7 31 16 11 14 15 17 12 13 126,phoneme,db10,energy,82,250,250,0
ALL,W-QDA:qda,19,,0.096,0.12970815664754304,0 1 2 3 4 5 9 8 6 10 7 31 16 11 14 15 17 12 13 126,0 1 2 3 4 5 9 8 6 10 7 31 16 11 14 15 17 12 13 126,phoneme,db10,energy,82,250,250,0
W-NN,W-NN:k=15,43,1.5,0.096,0.11124968820154651,0 2 1 3 4 5 8 31 6 7 9 15 16 10 11 12 13 14 17 18,0 2 1 3 4 5 9 8 6 7 10 31 15 16 11 12 14 255 13 126,phoneme,db10,usage,82,250,250,0
W-QDA,W-QDA:qda,14,1.0,0.084,0.12297331005238214,0 2 1 3 4 5 9 8 6 7 10 31 15 16 11 12 14 255 13 126,0 2 1 3 4 5 9 8 6 7 10 31 15 16 11 12 14 255 13 126,phoneme,db10,usage,82,250,250,0
W-CART,W-CART:cart,5,3.0,0.112,0.16138687952107758,0 1 2 4 3 5 6 7 8 9 10 11 12 13 14 15 16 17 18 19,0 2 1 3 4 5 9 8 6 7 10 31 15 16 11 12 14 255 13 126,phoneme,db10,usage,82,250,250,0
ALL,W-QDA:qda,14,1.0,0.084,0.12297331005238214,0 2 1 3 4 5 9 8 6 7 10 31 15 16 11 12 14 255 13 126,0 2 1 3 4 5 9 8 6 7 10 31 15 16 11 12 14 255 13 126,phoneme,db10,usage,82,250,250,0
W-NN,W-NN:k=9,12,,0.1,0.09378897480668495,0 1 2 3 4 5 9 8 6 10 7 31 16 14 11 15 17 12 13 30,0 1 2 3 4 5 9 8 6 10 7 31 16 14 11 15 17 12 13 30,phoneme,db10,energy,83,250,250,0
W-QDA,W-QDA:qda,7,,0.112,0.11025193315041157,0 1 2 3 4 5 9 8 6 10 7 31 16 14 11 15 17 12 13 30,0 1 2 3 4 5 9 8 6 10 7 31 16 14 11 15 17 12 13 30,phoneme,db10,energy,83,250,250,0
W-CART,W-CART:cart,13,,0.148,0.15764529807932154,0 1 2 3 4 5 9 8 6 10 7 31 16 14 11 15 17 12 13 30,0 1 2 3 4 5 9 8 6 10 7 31 16 14 11 15 17 12 13 30,phoneme,db10,energy,83,250,250,0
ALL,W-NN:k=9,12,,0.1,0.09378897480668495,0 1 2 3 4 5 9 8 6 10 7 31 16 14 11 15 17 12 13 30,0 1 2 3 4 5 9 8 6 10 7 31 16 14 11 15 17 12 13 30,phoneme,db10,energy,83,250,250,0
W-NN,W-NN:k=9,12,0.5,0.1,0.09378897480668495,0 1 2 3 4 9 5 8 10 6 7 31 16 14 15 11 17 30 127 12,0 2 1 3 4 5 9 8 7 10 31 6 15 16 11 14 17 18 30 12,phoneme,db10,usage,83,250,250,0
W-QDA,W-QDA:qda,6,0.5,0.108,0.10825642304814168,0 1 2 3 4 9 5 8 10 6 7 31 16 14 15 11 17 30 127 12,0 2 1 3 4 5 9 8 7 10 31 6 15 16 11 14 17 18 30 12,phoneme,db10,usage,83,250,250,0
W-CART,W-CART:cart,6,0.5,0.136,0.16163631828386132,0 1 2 3 4 9 5 8 10 6 7 31 16 14 15 11 17 30 127 12,0 2 1 3 4 5 9 8 7 10 31 6 15 16 11 14 17 18 30 12,phoneme,db10,usage,83,250,250,0
ALL,W-NN:k=9,12,0.5,0.1,0.09378897480668495,0 1 2 3 4 9 5 8 10 6 7 31 16 14 15 11 17 30 127 12,0 2 1 3 4 5 9 8 7 10 31 6 15 16 11 14 17 18 30 12,phoneme,db10,usage,83,250,250,0
W-NN,W-NN:k=5,15,,0.072,0.09877775006235968,0 1 2 4 3 5 9 8 10 6 7 31 16 11 14 12 15 17 13 62,0 1 2 4 3 5 9 8 10 6 7 31 16 11 14 12 15 17 13 62,phoneme,db10,energy,84,250,250,0
W-QDA,W-QDA:qda,4,,0.092,0.12147667747567972,0 1 2 4 3 5 9 8 10 6 7 31 16 11 14 12 15 17 13 62,0 1 2 4 3 5 9 8 10 6 7 31 16 11 14 12 15 17 13 62,phoneme,db10,energy,84,250,250,0
W-CART,W-CART:cart,29,,0.132,0.16138687952107758,0 1 2 4 3 5 9 8 10 6 7 31 16 11 14 12 15 17 13 62,0 1 2 4 3 5 9 8 10 6 7 31 16 11 14 12 15 17 13 62,phoneme,db10,energy,84,250,250,0
ALL,W-NN:k=5,15,,0.072,0.09877775006235968,0 1 2 4 3 5 9 8 10 6 7 31 16 11 14 12 15 17 13 62,0 1 2 4 3 5 9 8 10 6 7 31 16 11 14 12 15 17 13 62,phoneme,db10,energy,84,250,250,0
W-NN,W-NN:k=3,24,2.0,0.068,0.11075081067597904,0 2 1 4 3 8 5 6 7 9 10 11 12 13 14 15 16 17 18 19,0 2 1 3 4 5 8 9 10 31 6 7 16 15 14 11 17 12 20 22,phoneme,db10,usage,84,250,250,0
W-QDA,W-QDA:qda,4,2.0,0.092,0.12147667747567972,0 2 1 4 3 8 5 6 7 9 10 11 12 13 14 15 16 17 18 19,0 2 1 3 4 5 8 9 10 31 6 7 16 15 14 11 17 12 20 22,phoneme,db10,usage,84,250,250,0
W-CART,W-CART:cart,21,2.0,0.12,0.1561486655026191,0 2 1 4 3 8 5 6 7 9 10 11 12 13 14 15 16 17 18 19,0 2 1 3 4 5 8 9 10 31 6 7 16 15 14 11 17 12 20 22,phoneme,db10,usage,84,250,250,0
ALL,W-NN:k=3,24,2.0,0.068,0.11075081067597904,0 2 1 4 3 8 5 6 7 9 10 11 12 13 14 15 16 17 18 19,0 2 1 3 4 5 8 9 10 31 6 7 16 15 14 11 17 12 20 22,phoneme,db10,usage,84,250,250,0
W-NN,W-NN:k=1,9,,0.084,0.13744075829383887,0 1 2 3 4 5 9 8 10 6 7 31 16 11 14 15 12 17 13 126,0 1 2 3 4 5 9 8 10 6 7 31 16 11 14 15 12 17 13 126,phoneme,db10,energy,85,250,250,0
W-QDA,W-QDA:qda,10,,0.084,0.1254676976802195,0 1 2 3 4 5 9 8 10 6 7 31 16 11 14 15 12 17 13 126,0 1 2 3 4 5 9 8 10 6 7 31 16 11 14 15 12 17 13 126,phoneme,db10,energy,85,250,250,0
W-CART,W-CART:cart,37,,0.132,0.16687453230231977,0 1 2 3 4 5 9 8 10 6 7 31 16 11 14 15 12 17 13 126,0 1 2 3 4 5 9 8 10 6 7 31 16 11 14 15 12 17 13 126,phoneme,db10,energy,85,250,250,0
ALL,W-NN:k=1,9,,0.084,0.13744075829383887,0 1 2 3 4 5 9 8 10 6 7 31 16 11 14 15 12 17 13 126,0 1 2 3 4 5 9 8 10 6 7 31 16 11 14 15 12 17 13 126,phoneme,db10,energy,85,250,250,0
W-NN,W-NN:k=1,9,0.5,0.084,0.13744075829383887,0 2 1 3 9 4 8 5 10 6 7 31 16 14 15 11 17 13 30 12,0 2 1 3 4 5 9 8 10 7 31 6 16 15 11 12 14 20 126 127,phoneme,db10,usage,85,250,250,0
W-QDA,W-QDA:qda,6,1.5,0.084,0.1282115240708406,0 1 2 3 4 8 5 9 31 7 10 6 15 11 12 13 14 16 17 18,0 2 1 3 4 5 9 8 10 7 31 6 16 15 11 12 14 20 126 127,phoneme,db10,usage,85,250,250,0
W-CART,W-CART:cart,22,3.0,0.14,0.17286106260912945,0 1 2 4 3 5 6 7 8 9 10 11 12 13 14 15 16 17 18 19,0 2 1 3 4 5 9 8 10 7 31 6 16 15 11 12 14 20 126 127,phoneme,db10,usage,85,250,250,0
ALL,W-QDA:qda,6,1.5,0.084,0.1282115240708406,0 1 2 3 4 8 5 9 31 7 10 6 15 11 12 13 14 16 17 18,0 2 1 3 4 5 9 8 10 7 31 6 16 15 11 12 14 20 126 127,phoneme,db10,usage,85,250,250,0
W-NN,W-NN:k=7,5,,0.084,0.11549014716887004,0 1 2 3 4 5 9 8 6 10 7 31 16 14 11 12 17 15 13 30,0 1 2 3 4 5 9 8 6 10 7 31 16 14 11 12 17 15 13 30,phoneme,db10,energy,86,250,250,0
W-QDA,W-QDA:qda,15,,0.08,0.11050137191319531,0 1 2 3 4 5 9 8 6 10 7 31 16 14 11 12 17 15 13 30,0 1 2 3 4 5 9 8 6 10 7 31 16 14 11 12 17 15 13 30,phoneme,db10,energy,86,250,250,0
W-CART,W-CART:cart,14,,0.148,0.16063856323272638,0 1 2 3 4 5 9 8 6 10 7 31 16 14 11 12 17 15 13 30,0 1 2 3 4 5 9 8 6 10 7 31 16 14 11 12 17 15 13 30,phoneme,db10,energy,86,250,250,0
ALL,W-QDA:qda,15,,0.08,0.11050137191319531,0 1 2 3 4 5 9 8 6 10 7 31 16 14 11 12 17 15 13 30,0 1 2 3 4 5 9 8 6 10 7 31 16 14 11 12 17 15 13 30,phoneme,db10,energy,86,250,250,0
W-NN,W-NN:k=7,6,0.5,0.072,0.11274632077824893,0 2 1 3 9 4 5 8 10 6 7 31 16 14 15 11 17 12 30 13,0 2 1 3 4 5 9 8 6 10 7 31 16 15 11 14 12 17 23 79,phoneme,db10,usage,86,250,250,0
W-QDA,W-QDA:qda,10,2.0,0.08,0.10875530057370915,0 1 2 4 3 8 5 6 7 9 10 11 12 13 14 15 16 17 18 19,0 2 1 3 4 5 9 8 6 10 7 31 16 15 11 14 12 17 23 79,phoneme,db10,usage,86,250,250,0
W-CART,W-CART:cart,40,3.0,0.14,0.17735096033923672,0 1 2 4 3 5 6 7 8 9 10 11 12 13 14 15 16 17 18 19,0 2 1 3 4 5 9 8 6 10 7 31 16 15 11 14 12 17 23 79,phoneme,db10,usage,86,250,250,0
ALL,W-NN:k=7,6,0.5,0.072,0.11274632077824893,0 2 1 3 9 4 5 8 10 6 7 31 16 14 15 11 17 12 30 13,0 2 1 3 4 5 9 8 6 10 7 31 16 15 11 14 12 17 23 79,phoneme,db10,usage,86,250,250,0
W-NN,W-NN:k=1,26,,0.084,0.12047892242454478,0 1 2 3 4 5 9 8 6 10 7 31 16 14 15 11 17 13 12 30,0 1 2 3 4 5 9 8 6 10 7 31 16 14 15 11 17 13 12 30,phoneme,db10,energy,87,250,250,0
W-QDA,W-QDA:qda,13,,0.1,0.09728111748565726,0 1 2 3 4 5 9 8 6 10 7 31 16 14 15 11 17 13 12 30,0 1 2 3 4 5 9 8 6 10 7 31 16 14 15 11 17 13 12 30,phoneme,db10,energy,87,250,250,0
W-CART,W-CART:cart,5,,0.152,0.17809927662758793,0 1 2 3 4 5 9 8 6 10 7 31 16 14 15 11 17 13 12 30,0 1 2 3 4 5 9 8 6 10 7 31 16 14 15 11 17 13 12 30,phoneme,db10,energy,87,250,250,0
ALL,W-NN:k=1,26,,0.084,0.12047892242454478,0 1 2 3 4 5 9 8 6 10 7 31 16 14 15 11 17 13 12 30,0 1 2 3 4 5 9 8 6 10 7 31 16 14 15 11 17 13 12 30,phoneme,db10,energy,87,250,250,0
W-NN,W-NN:k=1,25,1.0,0.084,0.11898228984784236,0 2 1 3 4 5 8 9 10 6 7 31 15 16 14 64 11 12 17 19,0 2 1 3 4 5 8 9 10 6 7 31 15 16 14 64 11 12 17 19,phoneme,db10,usage,87,250,250,0
W-QDA,W-QDA:qda,12,3.0,0.088,0.09603392367173859,0 1 2 4 3 5 6 7 8 9 10 11 12 13 14 15 16 17 18 19,0 2 1 3 4 5 8 9 10 6 7 31 15 16 14 64 11 12 17 19,phoneme,db10,usage,87,250,250,0
W-CART,W-CART:cart,9,3.0,0.14,0.16737340982788726,0 1 2 4 3 5 6 7 8 9 10 11 12 13 14 15 16 17 18 19,0 2 1 3 4 5 8 9 10 6 7 31 15 16 14 64 11 12 17 19,phoneme,db10,usage,87,250,250,0
ALL,W-NN:k=1,25,1.0,0.084,0.11898228984784236,0 2 1 3 4 5 8 9 10 6 7 31 15 16 14 64 11 12 17 19,0 2 1 3 4 5 8 9 10 6 7 31 15 16 14 64 11 12 17 19,phoneme,db10,usage,87,250,250,0
W-NN,W-NN:k=9,5,,0.092,0.13320029932651534,0 2 1 3 4 5 9 8 6 10 7 31 16 14 11 17 15 12 13 126,0 2 1 3 4 5 9 8 6 10 7 31 16 14 11 17 15 12 13 126,phoneme,db10,energy,88,250,250,0
W-QDA,W-QDA:qda,13,,0.092,0.10376652531803442,0 2 1 3 4 5 9 8 6 10 7 31 16 14 11 17 15 12 13 126,0 2 1 3 4 5 9 8 6 10 7 31 16 14 11 17 15 12 13 126,phoneme,db10,energy,88,250,250,0
W-CART,W-CART:cart,60,,0.14,0.17485657271139934,0 2 1 3 4 5 9 8 6 10 7 31 16 14 11 17 15 12 13 126,0 2 1 3 4 5 9 8 6 10 7 31 16 14 11 17 15 12 13 126,phoneme,db10,energy,88,250,250,0
ALL,W-NN:k=9,5,,0.092,0.13320029932651534,0 2 1 3 4 5 9 8 6 10 7 31 16 14 11 17 15 12 13 126,0 2 1 3 4 5 9 8 6 10 7 31 16 14 11 17 15 12 13 126,phoneme,db10,energy,88,250,250,0
W-NN,W-NN:k=9,5,0.5,0.092,0.13320029932651534,0 2 1 3 4 9 8 5 10 7 31 6 16 14 11 15 17 12 30 13,0 2 1 3 4 5 8 9 7 10 6 31 15 16 11 14 20 18 19 62,phoneme,db10,usage,88,250,250,0
W-QDA,W-QDA:qda,13,0.5,0.092,0.10376652531803442,0 2 1 3 4 9 8 5 10 7 31 6 16 14 11 15 17 12 30 13,0 2 1 3 4 5 8 9 7 10 6 31 15 16 11 14 20 18 19 62,phoneme,db10,usage,88,250,250,0
W-CART,W-CART:cart,46,0.5,0.14,0.16737340982788726,0 2 1 3 4 9 8 5 10 7 31 6 16 14 11 15 17 12 30 13,0 2 1 3 4 5 8 9 7 10 6 31 15 16 11 14 20 18 19 62,phoneme,db10,usage,88,250,250,0
ALL,W-NN:k=9,5,0.5,0.092,0.13320029932651534,0 2 1 3 4 9 8 5 10 7 31 6 16 14 11 15 17 12 30 13,0 2 1 3 4 5 8 9 7 10 6 31 15 16 11 14 20 18 19 62,phoneme,db10,usage,88,250,250,0
W-NN,W-NN:k=9,17,,0.056,0.10426540284360189,0 1 2 3 4 5 9 8 6 10 7 31 16 14 11 15 17 13 126 12,0 1 2 3 4 5 9 8 6 10 7 31 16 14 11 15 17 13 126 12,phoneme,db10,energy,89,250,250,0
W-QDA,W-QDA:qda,7,,0.092,0.12172611623846345,0 1 2 3 4 5 9 8 6 10 7 31 16 14 11 15 17 13 126 12,0 1 2 3 4 5 9 8 6 10 7 31 16 14 11 15 17 13 126 12,phoneme,db10,energy,89,250,250,0
W-CART,W-CART:cart,14,,0.132,0.16612621601396857,0 1 2 3 4 5 9 8 6 10 7 31 16 14 11 15 17 13 126 12,0 1 2 3 4 5 9 8 6 10 7 31 16 14 11 15 17 13 126 12,phoneme,db10,energy,89,250,250,0
ALL,W-NN:k=9,17,,0.056,0.10426540284360189,0 1 2 3 4 5 9 8 6 10 7 31 16 14 11 15 17 13 126 12,0 1 2 3 4 5 9 8 6 10 7 31 16 14 11 15 17 13 126 12,phoneme,db10,energy,89,250,250,0
W-NN,W-NN:k=3,53,2.0,0.044,0.11698677974557246,0 2 1 4 3 5 8 6 7 9 10 11 12 13 14 15 16 17 18 19,0 1 2 3 4 5 9 8 6 7 10 31 15 16 11 14 17 19 64 127,phoneme,db10,usage,89,250,250,0
W-QDA,W-QDA:qda,7,1.0,0.092,0.12172611623846345,0 1 2 3 4 5 9 8 6 7 10 31 15 16 11 14 17 19 64 127,0 1 2 3 4 5 9 8 6 7 10 31 15 16 11 14 17 19 64 127,phoneme,db10,usage,89,250,250,0
W-CART,W-CART:cart,14,0.5,0.128,0.1698677974557246,0 1 2 3 9 4 8 5 10 6 7 31 16 14 11 15 12 17 127 13,0 1 2 3 4 5 9 8 6 7 10 31 15 16 11 14 17 19 64 127,phoneme,db10,usage,89,250,250,0
ALL,W-NN:k=3,53,2.0,0.044,0.11698677974557246,0 2 1 4 3 5 8 6 7 9 10 11 12 13 14 15 16 17 18 19,0 1 2 3 4 5 9 8 6 7 10 31 15 16 11 14 17 19 64 127,phoneme,db10,usage,89,250,250,0
W-NN,W-NN:k=15,15,,0.088,0.09777999501122474,0 1 2 3 4 5 9 8 6 10 7 31 16 14 11 17 15 12 126 127,0 1 2 3 4 5 9 8 6 10 7 31 16 14 11 17 15 12 126 127,phoneme,db10,energy,90,250,250,0
W-QDA,W-QDA:qda,9,,0.092,0.11100024943876279,0 1 2 3 4 5 9 8 6 10 7 31 16 14 11 17 15 12 126 127,0 1 2 3 4 5 9 8 6 10 7 31 16 14 11 17 15 12 126 127,phoneme,db10,energy,90,250,250,0
W-CART,W-CART:cart,64,,0.16,0.17410825642304814,0 1 2 3 4 5 9 8 6 10 7 31 16 14 11 17 15 12 126 127,0 1 2 3 4 5 9 8 6 10 7 31 16 14 11 17 15 12 126 127,phoneme,db10,energy,90,250,250,0
ALL,W-NN:k=15,15,,0.088,0.09777999501122474,0 1 2 3 4 5 9 8 6 10 7 31 16 14 11 17 15 12 126 127,0 1 2 3 4 5 9 8 6 10 7 31 16 14 11 17 15 12 126 127,phoneme,db10,energy,90,250,250,0
W-NN,W-NN:k=15,53,1.0,0.084,0.09728111748565726,0 2 1 3 4 5 8 9 7 6 10 31 15 16 14 11 12 17 21 30,0 2 1 3 4 5 8 9 7 6 10 31 15 16 14 11 12 17 21 30,phoneme,db10,usage,90,250,250,0
W-QDA,W-QDA:qda,10,0.5,0.092,0.107009229234223,0 1 2 3 9 4 5 8 10 31 7 6 16 14 11 15 17 127 12 30,0 2 1 3 4 5 8 9 7 6 10 31 15 16 14 11 12 17 21 30,phoneme,db10,usage,90,250,250,0
W-CART,W-CART:cart,42,0.5,0.152,0.17809927662758793,0 1 2 3 9 4 5 8 10 31 7 6 16 14 11 15 17 127 12 30,0 2 1 3 4 5 8 9 7 6 10 31 15 16 14 11 12 17 21 30,phoneme,db10,usage,90,250,250,0
ALL,W-NN:k=15,53,1.0,0.084,0.09728111748565726,0 2 1 3 4 5 8 9 7 6 10 31 15 16 14 11 12 17 21 30,0 2 1 3 4 5 8 9 7 6 10 31 15 16 14 11 12 17 21 30,phoneme,db10,usage,90,250,250,0
W-NN,W-NN:k=3,16,,0.092,0.12422050386630082,0 1 2 3 4 5 9 8 6 10 7 31 16 14 11 15 17 12 13 30,0 1 2 3 4 5 9 8 6 10 7 31 16 14 11 15 17 12 13 30,phoneme,db10,energy,91,250,250,0
W-QDA,W-QDA:qda,25,,0.096,0.12696433025692191,0 1 2 3 4 5 9 8 6 10 7 31 16 14 11 15 17 12 13 30,0 1 2 3 4 5 9 8 6 10 7 31 16 14 11 15 17 12 13 30,phoneme,db10,energy,91,250,250,0
W-CART,W-CART:cart,58,,0.144,0.17360937889748068,0 1 2 3 4 5 9 8 6 10 7 31 16 14 11 15 17 12 13 30,0 1 2 3 4 5 9 8 6 10 7 31 16 14 11 15 17 12 13 30,phoneme,db10,energy,91,250,250,0
ALL,W-NN:k=3,16,,0.092,0.12422050386630082,0 1 2 3 4 5 9 8 6 10 7 31 16 14 11 15 17 12 13 30,0 1 2 3 4 5 9 8 6 10 7 31 16 14 11 15 17 12 13 30,phoneme,db10,energy,91,250,250,0
W-NN,W-NN:k=3,12,2.0,0.088,0.1262160139685707,0 1 2 4 3 8 5 6 7 9 10 11 12 13 14 15 16 17 18 19,0 2 1 3 4 9 5 8 10 6 7 31 15 16 14 11 12 17 20 30,phoneme,db10,usage,91,250,250,0
W-QDA,W-QDA:qda,19,1.0,0.092,0.1077575455225742,0 2 1 3 4 9 5 8 10 6 7 31 15 16 14 11 12 17 20 30,0 2 1 3 4 9 5 8 10 6 7 31 15 16 14 11 12 17 20 30,phoneme,db10,usage,91,250,250,0
W-CART,W-CART:cart,58,0.5,0.148,0.1691194811673734,0 2 1 3 9 4 5 8 7 10 6 31 16 14 15 17 30 127 11 12,0 2 1 3 4 9 5 8 10 6 7 31 15 16 14 11 12 17 20 30,phoneme,db10,usage,91,250,250,0
ALL,W-NN:k=3,12,2.0,0.088,0.1262160139685707,0 1 2 4 3 8 5 6 7 9 10 11 12 13 14 15 16 17 18 19,0 2 1 3 4 9 5 8 10 6 7 31 15 16 14 11 12 17 20 30,phoneme,db10,usage,91,250,250,0
W-NN,W-NN:k=15,11,,0.072,0.12022948366176103,0 1 2 3 4 5 9 8 10 6 7 31 16 11 14 15 12 17 127 13,0 1 2 3 4 5 9 8 10 6 7 31 16 11 14 15 12 17 127 13,phoneme,db10,energy,92,250,250,0
W-QDA,W-QDA:qda,6,,0.076,0.11549014716887004,0 1 2 3 4 5 9 8 10 6 7 31 16 11 14 15 12 17 127 13,0 1 2 3 4 5 9 8 10 6 7 31 16 11 14 15 12 17 127 13,phoneme,db10,energy,92,250,250,0
W-CART,W-CART:cart,15,,0.104,0.1431778498378648,0 1 2 3 4 5 9 8 10 6 7 31 16 11 14 15 12 17 127 13,0 1 2 3 4 5 9 8 10 6 7 31 16 11 14 15 12 17 127 13,phoneme,db10,energy,92,250,250,0
ALL,W-NN:k=15,11,,0.072,0.12022948366176103,0 1 2 3 4 5 9 8 10 6 7 31 16 11 14 15 12 17 127 13,0 1 2 3 4 5 9 8 10 6 7 31 16 11 14 15 12 17 127 13,phoneme,db10,energy,92,250,250,0
W-NN,W-NN:k=9,8,3.0,0.072,0.12521825891743577,0 1 2 4 3 5 6 7 8 9 10 11 12 13 14 15 16 17 18 19,0 1 2 3 4 5 8 9 7 31 6 10 15 16 11 17 64 12 14 23,phoneme,db10,usage,92,250,250,0
W-QDA,W-QDA:qda,6,1.0,0.076,0.11549014716887004,0 1 2 3 4 5 8 9 7 31 6 10 15 16 11 17 64 12 14 23,0 1 2 3 4 5 8 9 7 31 6 10 15 16 11 17 64 12 14 23,phoneme,db10,usage,92,250,250,0
W-CART,W-CART:cart,17,1.0,0.1,0.14267897231229734,0 1 2 3 4 5 8 9 7 31 6 10 15 16 11 17 64 12 14 23,0 1 2 3 4 5 8 9 7 31 6 10 15 16 11 17 64 12 14 23,phoneme,db10,usage,92,250,250,0
ALL,W-NN:k=9,8,3.0,0.072,0.12521825891743577,0 1 2 4 3 5 6 7 8 9 10 11 12 13 14 15 16 17 18 19,0 1 2 3 4 5 8 9 7 31 6 10 15 16 11 17 64 12 14 23,phoneme,db10,usage,92,250,250,0
W-NN,W-NN:k=15,61,,0.072,0.10626091294587178,0 1 2 3 4 5 9 8 6 10 7 31 16 15 14 11 12 17 13 127,0 1 2 3 4 5 9 8 6 10 7 31 16 15 14 11 12 17 13 127,phoneme,db10,energy,93,250,250,0
W-QDA,W-QDA:qda,11,,0.084,0.1152407084060863,0 1 2 3 4 5 9 8 6 10 7 31 16 15 14 11 12 17 13 127,0 1 2 3 4 5 9 8 6 10 7 31 16 15 14 11 12 17 13 127,phoneme,db10,energy,93,250,250,0
W-CART,W-CART:cart,17,,0.14,0.167622848590671,0 1 2 3 4 5 9 8 6 10 7 31 16 15 14 11 12 17 13 127,0 1 2 3 4 5 9 8 6 10 7 31 16 15 14 11 12 17 13 127,phoneme,db10,energy,93,250,250,0
ALL,W-NN:k=15,61,,0.072,0.10626091294587178,0 1 2 3 4 5 9 8 6 10 7 31 16 15 14 11 12 17 13 127,0 1 2 3 4 5 9 8 6 10 7 31 16 15 14 11 12 17 13 127,phoneme,db10,energy,93,250,250,0
W-NN,W-NN:k=15,13,1.0,0.072,0.1152407084060863,0 2 1 3 4 5 8 9 7 6 31 10 15 16 11 12 14 17 20 126,0 2 1 3 4 5 8 9 7 6 31 10 15 16 11 12 14 17 20 126,phoneme,db10,usage,93,250,250,0
W-QDA,W-QDA:qda,11,0.5,0.084,0.1152407084060863,0 2 1 3 5 9 4 8 10 7 6 16 31 14 15 11 17 12 127 30,0 2 1 3 4 5 8 9 7 6 31 10 15 16 11 12 14 17 20 126,phoneme,db10,usage,93,250,250,0
W-CART,W-CART:cart,8,2.0,0.136,0.17884759291593913,0 2 1 4 3 8 5 6 7 9 10 11 12 13 14 15 16 17 18 19,0 2 1 3 4 5 8 9 7 6 31 10 15 16 11 12 14 17 20 126,phoneme,db10,usage,93,250,250,0
ALL,W-NN:k=15,13,1.0,0.072,0.1152407084060863,0 2 1 3 4 5 8 9 7 6 31 10 15 16 11 12 14 17 20 126,0 2 1 3 4 5 8 9 7 6 31 10 15 16 11 12 14 17 20 126,phoneme,db10,usage,93,250,250,0
W-NN,W-NN:k=7,25,,0.088,0.10177101521576452,0 1 2 3 4 5 9 8 10 7 6 31 16 14 11 15 17 12 30 126,0 1 2 3 4 5 9 8 10 7 6 31 16 14 11 15 17 12 30 126,phoneme,db10,energy,94,250,250,0
W-QDA,W-QDA:qda,7,,0.076,0.11050137191319531,0 1 2 3 4 5 9 8 10 7 6 31 16 14 11 15 17 12 30 126,0 1 2 3 4 5 9 8 10 7 6 31 16 14 11 15 17 12 30 126,phoneme,db10,energy,94,250,250,0
W-CART,W-CART:cart,25,,0.096,0.15365427787478175,0 1 2 3 4 5 9 8 10 7 6 31 16 14 11 15 17 12 30 126,0 1 2 3 4 5 9 8 10 7 6 31 16 14 11 15 17 12 30 126,phoneme,db10,energy,94,250,250,0
ALL,W-QDA:qda,7,,0.076,0.11050137191319531,0 1 2 3 4 5 9 8 10 7 6 31 16 14 11 15 17 12 30 126,0 1 2 3 4 5 9 8 10 7 6 31 16 14 11 15 17 12 30 126,phoneme,db10,energy,94,250,250,0
W-NN,W-NN:k=9,6,0.5,0.092,0.1097530556248441,0 2 1 3 9 4 5 8 10 7 31 6 16 14 15 11 17 30 127 13,0 2 1 3 4 5 8 9 7 10 6 31 16 15 11 14 12 13 17 18,phoneme,db10,usage,94,250,250,0
W-QDA,W-QDA:qda,7,0.5,0.076,0.11050137191319531,0 2 1 3 9 4 5 8 10 7 31 6 16 14 15 11 17 30 127 13,0 2 1 3 4 5 8 9 7 10 6 31 16 15 11 14 12 13 17 18,phoneme,db10,usage,94,250,250,0
W-CART,W-CART:cart,28,0.5,0.108,0.15864305313045649,0 2 1 3 9 4 5 8 10 7 31 6 16 14 15 11 17 30 127 13,0 2 1 3 4 5 8 9 7 10 6 31 16 15 11 14 12 13 17 18,phoneme,db10,usage,94,250,250,0
ALL,W-QDA:qda,7,0.5,0.076,0.11050137191319531,0 2 1 3 9 4 5 8 10 7 31 6 16 14 15 11 17 30 127 13,0 2 1 3 4 5 8 9 7 10 6 31 16 15 11 14 12 13 17 18,phoneme,db10,usage,94,250,250,0
W-NN,W-NN:k=3,58,,0.092,0.10376652531803442,0 1 2 3 4 5 9 8 6 10 7 31 16 11 14 15 17 13 12 126,0 1 2 3 4 5 9 8 6 10 7 31 16 11 14 15 17 13 12 126,phoneme,db10,energy,95,250,250,0
W-QDA,W-QDA:qda,11,,0.088,0.10551259665752058,0 1 2 3 4 5 9 8 6 10 7 31 16 11 14 15 17 13 12 126,0 1 2 3 4 5 9 8 6 10 7 31 16 11 14 15 17 13 12 126,phoneme,db10,energy,95,250,250,0
W-CART,W-CART:cart,30,,0.152,0.15639810426540285,0 1 2 3 4 5 9 8 6 10 7 31 16 11 14 15 17 13 12 126,0 1 2 3 4 5 9 8 6 10 7 31 16 11 14 15 17 13 12 126,phoneme,db10,energy,95,250,250,0
ALL,W-QDA:qda,11,,0.088,0.10551259665752058,0 1 2 3 4 5 9 8 6 10 7 31 16 11 14 15 17 13 12 126,0 1 2 3 4 5 9 8 6 10 7 31 16 11 14 15 17 13 12 126,phoneme,db10,energy,95,250,250,0
W-NN,W-NN:k=5,16,3.0,0.096,0.09852831129957595,0 1 2 4 3 5 6 7 8 9 10 11 12 13 14 15 16 17 18 19,0 2 1 3 4 5 8 9 6 10 31 7 15 16 11 14 17 20 18 64,phoneme,db10,usage,95,250,250,0
W-QDA,W-QDA:qda,11,0.5,0.088,0.10551259665752058,0 2 1 3 9 4 8 5 10 6 7 31 16 15 14 11 17 13 30 12,0 2 1 3 4 5 8 9 6 10 31 7 15 16 11 14 17 20 18 64,phoneme,db10,usage,95,250,250,0
W-CART,W-CART:cart,11,0.5,0.152,0.15914193065602394,0 2 1 3 9 4 8 5 10 6 7 31 16 15 14 11 17 13 30 12,0 2 1 3 4 5 8 9 6 10 31 7 15 16 11 14 17 20 18 64,phoneme,db10,usage,95,250,250,0
ALL,W-QDA:qda,11,0.5,0.088,0.10551259665752058,0 2 1 3 9 4 8 5 10 6 7 31 16 15 14 11 17 13 30 12,0 2 1 3 4 5 8 9 6 10 31 7 15 16 11 14 17 20 18 64,phoneme,db10,usage,95,250,250,0
W-NN,W-NN:k=7,13,,0.084,0.09977550511349463,0 1 2 3 4 5 9 8 6 10 7 31 16 14 11 15 17 13 12 30,0 1 2 3 4 5 9 8 6 10 7 31 16 14 11 15 17 13 12 30,phoneme,db10,energy,96,250,250,0
W-QDA,W-QDA:qda,5,,0.108,0.10850586181092542,0 1 2 3 4 5 9 8 6 10 7 31 16 14 11 15 17 13 12 30,0 1 2 3 4 5 9 8 6 10 7 31 16 14 11 15 17 13 12 30,phoneme,db10,energy,96,250,250,0
W-CART,W-CART:cart,31,,0.128,0.1566475430281866,0 1 2 3 4 5 9 8 6 10 7 31 16 14 11 15 17 13 12 30,0 1 2 3 4 5 9 8 6 10 7 31 16 14 11 15 17 13 12 30,phoneme,db10,energy,96,250,250,0
ALL,W-NN:k=7,13,,0.084,0.09977550511349463,0 1 2 3 4 5 9 8 6 10 7 31 16 14 11 15 17 13 12 30,0 1 2 3 4 5 9 8 6 10 7 31 16 14 11 15 17 13 12 30,phoneme,db10,energy,96,250,250,0
W-NN,W-NN:k=9,32,1.0,0.08,0.10301820902968321,0 2 1 3 4 5 8 9 7 6 10 31 15 16 11 14 12 13 17 252,0 2 1 3 4 5 8 9 7 6 10 31 15 16 11 14 12 13 17 252,phoneme,db10,usage,96,250,250,0
W-QDA,W-QDA:qda,7,0.5,0.096,0.09728111748565726,0 2 1 3 9 4 8 5 6 7 10 31 16 14 15 11 17 30 127 13,0 2 1 3 4 5 8 9 7 6 10 31 15 16 11 14 12 13 17 252,phoneme,db10,usage,96,250,250,0
W-CART,W-CART:cart,23,1.5,0.116,0.14941381890745822,0 1 2 3 4 5 8 6 31 7 9 10 15 16 11 12 13 14 17 18,0 2 1 3 4 5 8 9 7 6 10 31 15 16 11 14 12 13 17 252,phoneme,db10,usage,96,250,250,0
ALL,W-NN:k=9,32,1.0,0.08,0.10301820902968321,0 2 1 3 4 5 8 9 7 6 10 31 15 16 11 14 12 13 17 252,0 2 1 3 4 5 8 9 7 6 10 31 15 16 11 14 12 13 17 252,phoneme,db10,usage,96,250,250,0
W-NN,W-NN:k=5,32,,0.084,0.11124968820154651,0 1 2 4 3 5 9 8 6 10 7 31 16 14 11 15 12 17 13 30,0 1 2 4 3 5 9 8 6 10 7 31 16 14 11 15 12 17 13 30,phoneme,db10,energy,97,250,250,0
W-QDA,W-QDA:qda,13,,0.088,0.107009229234223,0 1 2 4 3 5 9 8 6 10 7 31 16 14 11 15 12 17 13 30,0 1 2 4 3 5 9 8 6 10 7 31 16 14 11 15 12 17 13 30,phoneme,db10,energy,97,250,250,0
W-CART,W-CART:cart,16,,0.12,0.1601396857071589,0 1 2 4 3 5 9 8 6 10 7 31 16 14 11 15 12 17 13 30,0 1 2 4 3 5 9 8 6 10 7 31 16 14 11 15 12 17 13 30,phoneme,db10,energy,97,250,250,0
ALL,W-NN:k=5,32,,0.084,0.11124968820154651,0 1 2 4 3 5 9 8 6 10 7 31 16 14 11 15 12 17 13 30,0 1 2 4 3 5 9 8 6 10 7 31 16 14 11 15 12 17 13 30,phoneme,db10,energy,97,250,250,0
W-NN,W-NN:k=5,14,1.0,0.084,0.10601147418308805,0 1 2 3 4 5 8 9 10 7 6 31 15 16 11 18 14 17 23 127,0 1 2 3 4 5 8 9 10 7 6 31 15 16 11 18 14 17 23 127,phoneme,db10,usage,97,250,250,0
W-QDA,W-QDA:qda,8,2.0,0.084,0.11100024943876279,0 1 2 4 3 8 5 6 7 9 10 11 12 13 14 15 16 17 18 19,0 1 2 3 4 5 8 9 10 7 6 31 15 16 11 18 14 17 23 127,phoneme,db10,usage,97,250,250,0
W-CART,W-CART:cart,19,0.5,0.12,0.16438014467448242,0 1 2 3 4 9 8 5 10 6 31 7 16 14 15 17 11 12 13 30,0 1 2 3 4 5 8 9 10 7 6 31 15 16 11 18 14 17 23 127,phoneme,db10,usage,97,250,250,0
ALL,W-QDA:qda,8,2.0,0.084,0.11100024943876279,0 1 2 4 3 8 5 6 7 9 10 11 12 13 14 15 16 17 18 19,0 1 2 3 4 5 8 9 10 7 6 31 15 16 11 18 14 17 23 127,phoneme,db10,usage,97,250,250,0
W-NN,W-NN:k=25,19,,0.088,0.10825642304814168,0 1 2 3 4 5 9 8 10 6 7 31 16 14 11 17 15 12 127 30,0 1 2 3 4 5 9 8 10 6 7 31 16 14 11 17 15 12 127 30,phoneme,db10,energy,98,250,250,0
W-QDA,W-QDA:qda,5,,0.108,0.1262160139685707,0 1 2 3 4 5 9 8 10 6 7 31 16 14 11 17 15 12 127 30,0 1 2 3 4 5 9 8 10 6 7 31 16 14 11 17 15 12 127 30,phoneme,db10,energy,98,250,250,0
W-CART,W-CART:cart,12,,0.164,0.16363182838613122,0 1 2 3 4 5 9 8 10 6 7 31 16 14 11 17 15 12 127 30,0 1 2 3 4 5 9 8 10 6 7 31 16 14 11 17 15 12 127 30,phoneme,db10,energy,98,250,250,0
ALL,W-NN:k=25,19,,0.088,0.10825642304814168,0 1 2 3 4 5 9 8 10 6 7 31 16 14 11 17 15 12 127 30,0 1 2 3 4 5 9 8 10 6 7 31 16 14 11 17 15 12 127 30,phoneme,db10,energy,98,250,250,0
W-NN,W-NN:k=25,19,1.0,0.088,0.10825642304814168,0 1 2 3 4 5 8 9 10 6 7 31 16 15 11 17 14 127 12 21,0 1 2 3 4 5 8 9 10 6 7 31 16 15 11 17 14 127 12 21,phoneme,db10,usage,98,250,250,0
W-QDA,W-QDA:qda,12,2.0,0.092,0.10052382140184585,0 1 2 3 4 5 8 6 7 9 10 11 12 13 14 15 16 17 18 19,0 1 2 3 4 5 8 9 10 6 7 31 16 15 11 17 14 127 12 21,phoneme,db10,usage,98,250,250,0
W-CART,W-CART:cart,9,2.0,0.16,0.1608880019955101,0 1 2 3 4 5 8 6 7 9 10 11 12 13 14 15 16 17 18 19,0 1 2 3 4 5 8 9 10 6 7 31 16 15 11 17 14 127 12 21,phoneme,db10,usage,98,250,250,0
ALL,W-NN:k=25,19,1.0,0.088,0.10825642304814168,0 1 2 3 4 5 8 9 10 6 7 31 16 15 11 17 14 127 12 21,0 1 2 3 4 5 8 9 10 6 7 31 16 15 11 17 14 127 12 21,phoneme,db10,usage,98,250,250,0
W-NN,W-NN:k=25,25,,0.084,0.10576203542030431,0 1 2 3 4 5 9 8 6 10 7 31 16 11 14 15 17 12 13 126,0 1 2 3 4 5 9 8 6 10 7 31 16 11 14 15 17 12 13 126,phoneme,db10,energy,99,250,250,0
W-QDA,W-QDA:qda,11,,0.096,0.10651035170865553,0 1 2 3 4 5 9 8 6 10 7 31 16 11 14 15 17 12 13 126,0 1 2 3 4 5 9 8 6 10 7 31 16 11 14 15 17 12 13 126,phoneme,db10,energy,99,250,250,0
W-CART,W-CART:cart,7,,0.112,0.1566475430281866,0 1 2 3 4 5 9 8 6 10 7 31 16 11 14 15 17 12 13 126,0 1 2 3 4 5 9 8 6 10 7 31 16 11 14 15 17 12 13 126,phoneme,db10,energy,99,250,250,0
ALL,W-NN:k=25,25,,0.084,0.10576203542030431,0 1 2 3 4 5 9 8 6 10 7 31 16 11 14 15 17 12 13 126,0 1 2 3 4 5 9 8 6 10 7 31 16 11 14 15 17 12 13 126,phoneme,db10,energy,99,250,250,0
W-NN,W-NN:k=25,17,1.0,0.084,0.10651035170865553,0 2 1 3 4 5 8 9 6 7 10 31 16 15 11 14 13 17 30 64,0 2 1 3 4 5 8 9 6 7 10 31 16 15 11 14 13 17 30 64,phoneme,db10,usage,99,250,250,0
W-QDA,W-QDA:qda,6,0.5,0.096,0.10900473933649289,0 2 3 1 9 4 8 5 10 6 7 31 16 14 11 15 17 13 12 127,0 2 1 3 4 5 8 9 6 7 10 31 16 15 11 14 13 17 30 64,phoneme,db10,usage,99,250,250,0
W-CART,W-CART:cart,6,0.5,0.128,0.15515091045148416,0 2 3 1 9 4 8 5 10 6 7 31 16 14 11 15 17 13 12 127,0 2 1 3 4 5 8 9 6 7 10 31 16 15 11 14 13 17 30 64,phoneme,db10,usage,99,250,250,0
ALL,W-NN:k=25,17,1.0,0.084,0.10651035170865553,0 2 1 3 4 5 8 9 6 7 10 31 16 15 11 14 13 17 30 64,0 2 1 3 4 5 8 9 6 7 10 31 16 15 11 14 13 17 30 64,phoneme,db10,usage,99,250,250,0
