family,chosen,d,c,val_err,test_err,top,top_c1,setting,wavelet,rule,rep,n,m,n_outliers
W-NN,W-NN:k=5,2,,0.16,0.178,89 73 111 83 58 80 74 112 110 78 103 118 79 51 215 81 117 102 109 59,89 73 111 83 58 80 74 112 110 78 103 118 79 51 215 81 117 102 109 59,simulation,db4,energy,0,25,25,0
W-QDA,W-QDA:qda,4,,0.04,0.11,89 73 111 83 58 80 74 112 110 78 103 118 79 51 215 81 117 102 109 59,89 73 111 83 58 80 74 112 110 78 103 118 79 51 215 81 117 102 109 59,simulation,db4,energy,0,25,25,0
W-CART,W-CART:cart,2,,0.12,0.146,89 73 111 83 58 80 74 112 110 78 103 118 79 51 215 81 117 102 109 59,89 73 111 83 58 80 74 112 110 78 103 118 79 51 215 81 117 102 109 59,simulation,db4,energy,0,25,25,0
ALL,W-QDA:qda,4,,0.04,0.11,89 73 111 83 58 80 74 112 110 78 103 118 79 51 215 81 117 102 109 59,89 73 111 83 58 80 74 112 110 78 103 118 79 51 215 81 117 102 109 59,simulation,db4,energy,0,25,25,0
W-NN,W-NN:k=1,16,1.0,0.12,0.264,80 111 112 78 113 79 81 114 77 76 82 108 109 110 115 117 74 116 118 160,80 111 112 78 113 79 81 114 77 76 82 108 109 110 115 117 74 116 118 160,simulation,db4,usage,0,25,25,0
W-QDA,W-QDA:qda,7,0.5,0.16,0.194,79 111 75 78 112 114 76 80 113 77 81 82 108 110 221 224 115 155 162 225,80 111 112 78 113 79 81 114 77 76 82 108 109 110 115 117 74 116 118 160,simulation,db4,usage,0,25,25,0
W-CART,W-CART:cart,44,0.5,0.2,0.268,79 111 75 78 112 114 76 80 113 77 81 82 108 110 221 224 115 155 162 225,80 111 112 78 113 79 81 114 77 76 82 108 109 110 115 117 74 116 118 160,simulation,db4,usage,0,25,25,0
ALL,W-NN:k=1,16,1.0,0.12,0.264,80 111 112 78 113 79 81 114 77 76 82 108 109 110 115 117 74 116 118 160,80 111 112 78 113 79 81 114 77 76 82 108 109 110 115 117 74 116 118 160,simulation,db4,usage,0,25,25,0
W-NN,W-NN:k=1,5,,0.08,0.282,114 77 102 38 115 76 104 37 107 109 41 113 177 117 86 105 78 40 57 56,114 77 102 38 115 76 104 37 107 109 41 113 177 117 86 105 78 40 57 56,simulation,db4,energy,1,25,25,0
W-QDA,W-QDA:qda,7,,0.04,0.164,114 77 102 38 115 76 104 37 107 109 41 113 177 117 86 105 78 40 57 56,114 77 102 38 115 76 104 37 107 109 41 113 177 117 86 105 78 40 57 56,simulation,db4,energy,1,25,25,0
W-CART,W-CART:cart,22,,0.08,0.16,114 77 102 38 115 76 104 37 107 109 41 113 177 117 86 105 78 40 57 56,114 77 102 38 115 76 104 37 107 109 41 113 177 117 86 105 78 40 57 56,simulation,db4,energy,1,25,25,0
ALL,W-QDA:qda,7,,0.04,0.164,114 77 102 38 115 76 104 37 107 109 41 113 177 117 86 105 78 40 57 56,114 77 102 38 115 76 104 37 107 109 41 113 177 117 86 105 78 40 57 56,simulation,db4,energy,1,25,25,0
W-NN,W-NN:k=1,42,3.0,0.04,0.266,113 77 114 115 117 76 78 37 74 75 104 118 119 38 72 73 79 85 88 107,114 76 77 113 115 116 75 78 112 117 74 79 111 118 230 80 105 110 234 73,simulation,db4,usage,1,25,25,0
W-QDA,W-QDA:qda,2,1.0,0.04,0.19,114 76 77 113 115 116 75 78 112 117 74 79 111 118 230 80 105 110 234 73,114 76 77 113 115 116 75 78 112 117 74 79 111 118 230 80 105 110 234 73,simulation,db4,usage,1,25,25,0
W-CART,W-CART:cart,32,3.0,0.04,0.192,113 77 114 115 117 76 78 37 74 75 104 118 119 38 72 73 79 85 88 107,114 76 77 113 115 116 75 78 112 117 74 79 111 118 230 80 105 110 234 73,simulation,db4,usage,1,25,25,0
ALL,W-QDA:qda,2,1.0,0.04,0.19,114 76 77 113 115 116 75 78 112 117 74 79 111 118 230 80 105 110 234 73,114 76 77 113 115 116 75 78 112 117 74 79 111 118 230 80 105 110 234 73,simulation,db4,usage,1,25,25,0
W-NN,W-NN:k=5,22,,0.08,0.312,108 84 58 40 69 83 81 117 122 55 41 120 115 119 72 78 116 118 121 80,108 84 58 40 69 83 81 117 122 55 41 120 115 119 72 78 116 118 121 80,simulation,db4,energy,2,25,25,0
W-QDA,W-QDA:qda,2,,0.04,0.138,108 84 58 40 69 83 81 117 122 55 41 120 115 119 72 78 116 118 121 80,108 84 58 40 69 83 81 117 122 55 41 120 115 119 72 78 116 118 121 80,simulation,db4,energy,2,25,25,0
W-CART,W-CART:cart,2,,0.12,0.176,108 84 58 40 69 83 81 117 122 55 41 120 115 119 72 78 116 118 121 80,108 84 58 40 69 83 81 117 122 55 41 120 115 119 72 78 116 118 121 80,simulation,db4,energy,2,25,25,0
ALL,W-QDA:qda,2,,0.04,0.138,108 84 58 40 69 83 81 117 122 55 41 120 115 119 72 78 116 118 121 80,108 84 58 40 69 83 81 117 122 55 41 120 115 119 72 78 116 118 121 80,simulation,db4,energy,2,25,25,0
W-NN,W-NN:k=1,2,2.0,0.04,0.158,117 75 115 76 74 78 80 81 116 40 72 73 79 108 113 114 118 84 85 109,80 81 113 115 117 118 75 77 108 114 73 74 78 112 40 71 72 76 79 85,simulation,db4,usage,2,25,25,0
W-QDA,W-QDA:qda,6,1.0,0.0,0.112,80 81 113 115 117 118 75 77 108 114 73 74 78 112 40 71 72 76 79 85,80 81 113 115 117 118 75 77 108 114 73 74 78 112 40 71 72 76 79 85,simulation,db4,usage,2,25,25,0
W-CART,W-CART:cart,3,1.5,0.12,0.26,75 81 114 115 117 113 40 74 76 80 116 73 78 79 108 118 71 72 77 82,80 81 113 115 117 118 75 77 108 114 73 74 78 112 40 71 72 76 79 85,simulation,db4,usage,2,25,25,0
ALL,W-QDA:qda,6,1.0,0.0,0.112,80 81 113 115 117 118 75 77 108 114 73 74 78 112 40 71 72 76 79 85,80 81 113 115 117 118 75 77 108 114 73 74 78 112 40 71 72 76 79 85,simulation,db4,usage,2,25,25,0
W-NN,W-NN:k=1,3,,0.08,0.12,74 87 51 105 42 70 103 86 72 85 234 60 104 81 235 89 118 84 110 102,74 87 51 105 42 70 103 86 72 85 234 60 104 81 235 89 118 84 110 102,simulation,db4,energy,3,25,25,0
W-QDA,W-QDA:qda,4,,0.04,0.09,74 87 51 105 42 70 103 86 72 85 234 60 104 81 235 89 118 84 110 102,74 87 51 105 42 70 103 86 72 85 234 60 104 81 235 89 118 84 110 102,simulation,db4,energy,3,25,25,0
W-CART,W-CART:cart,41,,0.04,0.206,74 87 51 105 42 70 103 86 72 85 234 60 104 81 235 89 118 84 110 102,74 87 51 105 42 70 103 86 72 85 234 60 104 81 235 89 118 84 110 102,simulation,db4,energy,3,25,25,0
ALL,W-QDA:qda,4,,0.04,0.09,74 87 51 105 42 70 103 86 72 85 234 60 104 81 235 89 118 84 110 102,74 87 51 105 42 70 103 86 72 85 234 60 104 81 235 89 118 84 110 102,simulation,db4,energy,3,25,25,0
W-NN,W-NN:k=1,1,2.0,0.08,0.194,106 83 109 81 82 84 87 104 107 108 116 213 103 115 214 80 85 86 88 105,83 107 108 84 106 216 82 105 217 81 87 103 109 114 213 85 86 104 111 113,simulation,db4,usage,3,25,25,0
W-QDA,W-QDA:qda,1,2.0,0.08,0.136,106 83 109 81 82 84 87 104 107 108 116 213 103 115 214 80 85 86 88 105,83 107 108 84 106 216 82 105 217 81 87 103 109 114 213 85 86 104 111 113,simulation,db4,usage,3,25,25,0
W-CART,W-CART:cart,41,3.0,0.0,0.168,84 104 83 108 109 81 85 87 106 86 88 105 107 110 111 116 212 213 214 215,83 107 108 84 106 216 82 105 217 81 87 103 109 114 213 85 86 104 111 113,simulation,db4,usage,3,25,25,0
ALL,W-CART:cart,41,3.0,0.0,0.168,84 104 83 108 109 81 85 87 106 86 88 105 107 110 111 116 212 213 214 215,83 107 108 84 106 216 82 105 217 81 87 103 109 114 213 85 86 104 111 113,simulation,db4,usage,3,25,25,0
W-NN,W-NN:k=1,1,,0.08,0.192,117 73 54 116 58 81 84 113 147 38 55 146 149 86 37 105 78 115 111 112,117 73 54 116 58 81 84 113 147 38 55 146 149 86 37 105 78 115 111 112,simulation,db4,energy,4,25,25,0
W-QDA,W-QDA:qda,2,,0.08,0.126,117 73 54 116 58 81 84 113 147 38 55 146 149 86 37 105 78 115 111 112,117 73 54 116 58 81 84 113 147 38 55 146 149 86 37 105 78 115 111 112,simulation,db4,energy,4,25,25,0
W-CART,W-CART:cart,7,,0.04,0.156,117 73 54 116 58 81 84 113 147 38 55 146 149 86 37 105 78 115 111 112,117 73 54 116 58 81 84 113 147 38 55 146 149 86 37 105 78 115 111 112,simulation,db4,energy,4,25,25,0
ALL,W-CART:cart,7,,0.04,0.156,117 73 54 116 58 81 84 113 147 38 55 146 149 86 37 105 78 115 111 112,117 73 54 116 58 81 84 113 147 38 55 146 149 86 37 105 78 115 111 112,simulation,db4,energy,4,25,25,0
W-NN,W-NN:k=5,55,1.5,0.04,0.302,80 79 112 81 111 116 73 77 78 110 113 114 115 74 76 83 108 117 118 119,81 79 80 110 112 76 78 111 116 74 83 107 113 114 117 73 75 77 84 108,simulation,db4,usage,4,25,25,0
W-QDA,W-QDA:qda,5,0.5,0.24,0.198,110 81 108 79 76 80 83 75 82 107 109 112 115 116 78 111 114 74 77 84,81 79 80 110 112 76 78 111 116 74 83 107 113 114 117 73 75 77 84 108,simulation,db4,usage,4,25,25,0
W-CART,W-CART:cart,19,1.0,0.04,0.156,81 79 80 110 112 76 78 111 116 74 83 107 113 114 117 73 75 77 84 108,81 79 80 110 112 76 78 111 116 74 83 107 113 114 117 73 75 77 84 108,simulation,db4,usage,4,25,25,0
ALL,W-CART:cart,19,1.0,0.04,0.156,81 79 80 110 112 76 78 111 116 74 83 107 113 114 117 73 75 77 84 108,81 79 80 110 112 76 78 111 116 74 83 107 113 114 117 73 75 77 84 108,simulation,db4,usage,4,25,25,0
W-NN,W-NN:k=9,3,,0.12,0.246,177 206 105 102 114 205 36 88 87 86 77 44 109 21 82 57 81 76 104 59,177 206 105 102 114 205 36 88 87 86 77 44 109 21 82 57 81 76 104 59,simulation,db4,energy,5,25,25,0
W-QDA,W-QDA:qda,3,,0.08,0.11,177 206 105 102 114 205 36 88 87 86 77 44 109 21 82 57 81 76 104 59,177 206 105 102 114 205 36 88 87 86 77 44 109 21 82 57 81 76 104 59,simulation,db4,energy,5,25,25,0
W-CART,W-CART:cart,24,,0.16,0.222,177 206 105 102 114 205 36 88 87 86 77 44 109 21 82 57 81 76 104 59,177 206 105 102 114 205 36 88 87 86 77 44 109 21 82 57 81 76 104 59,simulation,db4,energy,5,25,25,0
ALL,W-QDA:qda,3,,0.08,0.11,177 206 105 102 114 205 36 88 87 86 77 44 109 21 82 57 81 76 104 59,177 206 105 102 114 205 36 88 87 86 77 44 109 21 82 57 81 76 104 59,simulation,db4,energy,5,25,25,0
W-NN,W-NN:k=1,3,1.0,0.04,0.096,82 84 104 106 107 83 85 79 86 103 105 108 109 110 112 75 80 81 87 88,82 84 104 106 107 83 85 79 86 103 105 108 109 110 112 75 80 81 87 88,simulation,db4,usage,5,25,25,0
W-QDA,W-QDA:qda,1,0.5,0.12,0.138,88 104 107 176 81 86 103 111 82 83 84 87 106 110 112 165 166 168 171 172,82 84 104 106 107 83 85 79 86 103 105 108 109 110 112 75 80 81 87 88,simulation,db4,usage,5,25,25,0
W-CART,W-CART:cart,28,2.0,0.04,0.174,83 84 85 107 108 82 109 79 81 86 87 104 106 110 111 167 76 77 78 88,82 84 104 106 107 83 85 79 86 103 105 108 109 110 112 75 80 81 87 88,simulation,db4,usage,5,25,25,0
ALL,W-NN:k=1,3,1.0,0.04,0.096,82 84 104 106 107 83 85 79 86 103 105 108 109 110 112 75 80 81 87 88,82 84 104 106 107 83 85 79 86 103 105 108 109 110 112 75 80 81 87 88,simulation,db4,usage,5,25,25,0
W-NN,W-NN:k=1,4,,0.0,0.15,107 117 58 84 85 83 57 73 74 146 119 105 72 106 118 145 41 75 104 108,107 117 58 84 85 83 57 73 74 146 119 105 72 106 118 145 41 75 104 108,simulation,db4,energy,6,25,25,0
W-QDA,W-QDA:qda,3,,0.0,0.1,107 117 58 84 85 83 57 73 74 146 119 105 72 106 118 145 41 75 104 108,107 117 58 84 85 83 57 73 74 146 119 105 72 106 118 145 41 75 104 108,simulation,db4,energy,6,25,25,0
W-CART,W-CART:cart,2,,0.04,0.124,107 117 58 84 85 83 57 73 74 146 119 105 72 106 118 145 41 75 104 108,107 117 58 84 85 83 57 73 74 146 119 105 72 106 118 145 41 75 104 108,simulation,db4,energy,6,25,25,0
ALL,W-QDA:qda,3,,0.0,0.1,107 117 58 84 85 83 57 73 74 146 119 105 72 106 118 145 41 75 104 108,107 117 58 84 85 83 57 73 74 146 119 105 72 106 118 145 41 75 104 108,simulation,db4,energy,6,25,25,0
W-NN,W-NN:k=1,5,3.0,0.0,0.136,106 83 111 115 117 75 76 84 86 104 108 110 118 74 78 79 80 82 107 109,77 75 107 110 114 76 78 82 105 106 109 111 113 80 81 83 85 86 115 118,simulation,db4,usage,6,25,25,0
W-QDA,W-QDA:qda,2,3.0,0.0,0.122,106 83 111 115 117 75 76 84 86 104 108 110 118 74 78 79 80 82 107 109,77 75 107 110 114 76 78 82 105 106 109 111 113 80 81 83 85 86 115 118,simulation,db4,usage,6,25,25,0
W-CART,W-CART:cart,4,2.0,0.04,0.126,106 75 76 105 107 114 117 74 77 83 85 104 110 111 112 118 71 73 78 80,77 75 107 110 114 76 78 82 105 106 109 111 113 80 81 83 85 86 115 118,simulation,db4,usage,6,25,25,0
ALL,W-QDA:qda,2,3.0,0.0,0.122,106 83 111 115 117 75 76 84 86 104 108 110 118 74 78 79 80 82 107 109,77 75 107 110 114 76 78 82 105 106 109 111 113 80 81 83 85 86 115 118,simulation,db4,usage,6,25,25,0
W-NN,W-NN:k=1,42,,0.08,0.252,73 72 80 70 110 111 114 79 119 121 81 120 115 109 113 117 74 104 75 102,73 72 80 70 110 111 114 79 119 121 81 120 115 109 113 117 74 104 75 102,simulation,db4,energy,7,25,25,0
W-QDA,W-QDA:qda,4,,0.04,0.086,73 72 80 70 110 111 114 79 119 121 81 120 115 109 113 117 74 104 75 102,73 72 80 70 110 111 114 79 119 121 81 120 115 109 113 117 74 104 75 102,simulation,db4,energy,7,25,25,0
W-CART,W-CART:cart,18,,0.04,0.114,73 72 80 70 110 111 114 79 119 121 81 120 115 109 113 117 74 104 75 102,73 72 80 70 110 111 114 79 119 121 81 120 115 109 113 117 74 104 75 102,simulation,db4,energy,7,25,25,0
ALL,W-QDA:qda,4,,0.04,0.086,73 72 80 70 110 111 114 79 119 121 81 120 115 109 113 117 74 104 75 102,73 72 80 70 110 111 114 79 119 121 81 120 115 109 113 117 74 104 75 102,simulation,db4,energy,7,25,25,0
W-NN,W-NN:k=3,24,3.0,0.08,0.242,109 110 81 114 80 83 75 78 79 112 113 115 116 82 111 73 77 84 108 74,114 77 112 76 113 80 81 111 78 79 108 110 115 116 157 75 83 109 117 158,simulation,db4,usage,7,25,25,0
W-QDA,W-QDA:qda,3,1.5,0.16,0.214,112 114 76 77 80 81 113 75 78 83 108 109 110 116 72 79 111 157 82 84,114 77 112 76 113 80 81 111 78 79 108 110 115 116 157 75 83 109 117 158,simulation,db4,usage,7,25,25,0
W-CART,W-CART:cart,52,1.0,0.0,0.196,114 77 112 76 113 80 81 111 78 79 108 110 115 116 157 75 83 109 117 158,114 77 112 76 113 80 81 111 78 79 108 110 115 116 157 75 83 109 117 158,simulation,db4,usage,7,25,25,0
ALL,W-CART:cart,52,1.0,0.0,0.196,114 77 112 76 113 80 81 111 78 79 108 110 115 116 157 75 83 109 117 158,114 77 112 76 113 80 81 111 78 79 108 110 115 116 157 75 83 109 117 158,simulation,db4,usage,7,25,25,0
W-NN,W-NN:k=3,22,,0.04,0.238,72 118 117 36 74 105 115 82 83 73 108 58 120 107 85 59 86 76 84 81,72 118 117 36 74 105 115 82 83 73 108 58 120 107 85 59 86 76 84 81,simulation,db4,energy,8,25,25,0
W-QDA,W-QDA:qda,6,,0.0,0.048,72 118 117 36 74 105 115 82 83 73 108 58 120 107 85 59 86 76 84 81,72 118 117 36 74 105 115 82 83 73 108 58 120 107 85 59 86 76 84 81,simulation,db4,energy,8,25,25,0
W-CART,W-CART:cart,7,,0.16,0.238,72 118 117 36 74 105 115 82 83 73 108 58 120 107 85 59 86 76 84 81,72 118 117 36 74 105 115 82 83 73 108 58 120 107 85 59 86 76 84 81,simulation,db4,energy,8,25,25,0
ALL,W-QDA:qda,6,,0.0,0.048,72 118 117 36 74 105 115 82 83 73 108 58 120 107 85 59 86 76 84 81,72 118 117 36 74 105 115 82 83 73 108 58 120 107 85 59 86 76 84 81,simulation,db4,energy,8,25,25,0
W-NN,W-NN:k=1,4,2.0,0.04,0.144,83 107 84 85 75 105 109 74 82 106 108 115 72 77 80 81 86 87 88 116,107 81 82 83 84 85 74 75 105 106 109 115 76 88 77 86 87 113 114 117,simulation,db4,usage,8,25,25,0
W-QDA,W-QDA:qda,9,0.5,0.08,0.208,82 114 81 107 109 115 74 77 83 84 85 106 111 116 75 76 79 80 88 103,107 81 82 83 84 85 74 75 105 106 109 115 76 88 77 86 87 113 114 117,simulation,db4,usage,8,25,25,0
W-CART,W-CART:cart,1,1.0,0.16,0.164,107 81 82 83 84 85 74 75 105 106 109 115 76 88 77 86 87 113 114 117,107 81 82 83 84 85 74 75 105 106 109 115 76 88 77 86 87 113 114 117,simulation,db4,usage,8,25,25,0
ALL,W-NN:k=1,4,2.0,0.04,0.144,83 107 84 85 75 105 109 74 82 106 108 115 72 77 80 81 86 87 88 116,107 81 82 83 84 85 74 75 105 106 109 115 76 88 77 86 87 113 114 117,simulation,db4,usage,8,25,25,0
W-NN,W-NN:k=1,17,,0.12,0.222,81 110 55 109 163 72 111 162 27 13 40 42 219 113 114 120 220 105 59 104,81 110 55 109 163 72 111 162 27 13 40 42 219 113 114 120 220 105 59 104,simulation,db4,energy,9,25,25,0
W-QDA,W-QDA:qda,8,,0.08,0.226,81 110 55 109 163 72 111 162 27 13 40 42 219 113 114 120 220 105 59 104,81 110 55 109 163 72 111 162 27 13 40 42 219 113 114 120 220 105 59 104,simulation,db4,energy,9,25,25,0
W-CART,W-CART:cart,18,,0.08,0.14,81 110 55 109 163 72 111 162 27 13 40 42 219 113 114 120 220 105 59 104,81 110 55 109 163 72 111 162 27 13 40 42 219 113 114 120 220 105 59 104,simulation,db4,energy,9,25,25,0
ALL,W-QDA:qda,8,,0.08,0.226,81 110 55 109 163 72 111 162 27 13 40 42 219 113 114 120 220 105 59 104,81 110 55 109 163 72 111 162 27 13 40 42 219 113 114 120 220 105 59 104,simulation,db4,energy,9,25,25,0
W-NN,W-NN:k=7,19,0.5,0.12,0.406,111 80 81 82 109 110 77 79 112 108 114 41 76 84 113 115 224 72 74 78,109 111 81 82 84 108 110 112 75 77 80 83 114 41 72 76 85 86 105 115,simulation,db4,usage,9,25,25,0
W-QDA,W-QDA:qda,4,2.0,0.08,0.194,81 83 84 108 111 112 72 75 76 77 85 109 114 73 106 110 113 115 40 41,109 111 81 82 84 108 110 112 75 77 80 83 114 41 72 76 85 86 105 115,simulation,db4,usage,9,25,25,0
W-CART,W-CART:cart,31,1.5,0.04,0.13,111 81 83 84 108 109 76 80 110 112 72 75 77 85 105 106 114 115 40 73,109 111 81 82 84 108 110 112 75 77 80 83 114 41 72 76 85 86 105 115,simulation,db4,usage,9,25,25,0
ALL,W-CART:cart,31,1.5,0.04,0.13,111 81 83 84 108 109 76 80 110 112 72 75 77 85 105 106 114 115 40 73,109 111 81 82 84 108 110 112 75 77 80 83 114 41 72 76 85 86 105 115,simulation,db4,usage,9,25,25,0
W-NN,W-NN:k=1,8,,0.12,0.22,120 82 72 109 43 41 113 81 115 35 70 110 40 42 119 220 104 52 54 112,120 82 72 109 43 41 113 81 115 35 70 110 40 42 119 220 104 52 54 112,simulation,db4,energy,10,25,25,0
W-QDA,W-QDA:qda,9,,0.04,0.104,120 82 72 109 43 41 113 81 115 35 70 110 40 42 119 220 104 52 54 112,120 82 72 109 43 41 113 81 115 35 70 110 40 42 119 220 104 52 54 112,simulation,db4,energy,10,25,25,0
W-CART,W-CART:cart,2,,0.12,0.214,120 82 72 109 43 41 113 81 115 35 70 110 40 42 119 220 104 52 54 112,120 82 72 109 43 41 113 81 115 35 70 110 40 42 119 220 104 52 54 112,simulation,db4,energy,10,25,25,0
ALL,W-QDA:qda,9,,0.04,0.104,120 82 72 109 43 41 113 81 115 35 70 110 40 42 119 220 104 52 54 112,120 82 72 109 43 41 113 81 115 35 70 110 40 42 119 220 104 52 54 112,simulation,db4,energy,10,25,25,0
W-NN,W-NN:k=1,9,1.0,0.04,0.2,110 113 77 81 82 112 114 76 78 79 83 84 111 115 155 73 75 86 106 107,110 113 77 81 82 112 114 76 78 79 83 84 111 115 155 73 75 86 106 107,simulation,db4,usage,10,25,25,0
W-QDA,W-QDA:qda,10,2.0,0.0,0.132,76 112 115 113 114 77 82 110 111 72 73 74 79 81 84 86 108 109 120 150,110 113 77 81 82 112 114 76 78 79 83 84 111 115 155 73 75 86 106 107,simulation,db4,usage,10,25,25,0
W-CART,W-CART:cart,8,0.5,0.08,0.166,111 110 78 81 82 112 221 84 108 113 116 76 77 79 85 106 107 109 156 73,110 113 77 81 82 112 114 76 78 79 83 84 111 115 155 73 75 86 106 107,simulation,db4,usage,10,25,25,0
ALL,W-QDA:qda,10,2.0,0.0,0.132,76 112 115 113 114 77 82 110 111 72 73 74 79 81 84 86 108 109 120 150,110 113 77 81 82 112 114 76 78 79 83 84 111 115 155 73 75 86 106 107,simulation,db4,usage,10,25,25,0
W-NN,W-NN:k=3,5,,0.08,0.11,43 52 87 57 83 105 78 109 106 40 104 85 76 38 113 86 118 117 89 80,43 52 87 57 83 105 78 109 106 40 104 85 76 38 113 86 118 117 89 80,simulation,db4,energy,11,25,25,0
W-QDA,W-QDA:qda,3,,0.16,0.1,43 52 87 57 83 105 78 109 106 40 104 85 76 38 113 86 118 117 89 80,43 52 87 57 83 105 78 109 106 40 104 85 76 38 113 86 118 117 89 80,simulation,db4,energy,11,25,25,0
W-CART,W-CART:cart,12,,0.12,0.092,43 52 87 57 83 105 78 109 106 40 104 85 76 38 113 86 118 117 89 80,43 52 87 57 83 105 78 109 106 40 104 85 76 38 113 86 118 117 89 80,simulation,db4,energy,11,25,25,0
ALL,W-NN:k=3,5,,0.08,0.11,43 52 87 57 83 105 78 109 106 40 104 85 76 38 113 86 118 117 89 80,43 52 87 57 83 105 78 109 106 40 104 85 76 38 113 86 118 117 89 80,simulation,db4,energy,11,25,25,0
W-NN,W-NN:k=3,2,1.5,0.04,0.13,107 85 105 106 81 84 86 89 104 109 76 77 80 83 87 88 108 110 116 117,81 82 109 80 105 106 107 113 76 79 84 85 86 110 112 75 89 104 108 117,simulation,db4,usage,11,25,25,0
W-QDA,W-QDA:qda,5,3.0,0.12,0.062,106 85 86 87 116 83 89 105 107 75 103 104 109 113 77 84 88 110 117 73,81 82 109 80 105 106 107 113 76 79 84 85 86 110 112 75 89 104 108 117,simulation,db4,usage,11,25,25,0
W-CART,W-CART:cart,2,2.0,0.08,0.094,106 85 105 83 84 86 87 88 89 107 108 110 116 76 77 82 103 104 109 113,81 82 109 80 105 106 107 113 76 79 84 85 86 110 112 75 89 104 108 117,simulation,db4,usage,11,25,25,0
ALL,W-NN:k=3,2,1.5,0.04,0.13,107 85 105 106 81 84 86 89 104 109 76 77 80 83 87 88 108 110 116 117,81 82 109 80 105 106 107 113 76 79 84 85 86 110 112 75 89 104 108 117,simulation,db4,usage,11,25,25,0
W-NN,W-NN:k=1,6,,0.16,0.256,219 164 81 109 218 85 54 165 51 89 86 88 83 108 107 82 106 110 113 79,219 164 81 109 218 85 54 165 51 89 86 88 83 108 107 82 106 110 113 79,simulation,db4,energy,12,25,25,0
W-QDA,W-QDA:qda,6,,0.08,0.114,219 164 81 109 218 85 54 165 51 89 86 88 83 108 107 82 106 110 113 79,219 164 81 109 218 85 54 165 51 89 86 88 83 108 107 82 106 110 113 79,simulation,db4,energy,12,25,25,0
W-CART,W-CART:cart,34,,0.12,0.188,219 164 81 109 218 85 54 165 51 89 86 88 83 108 107 82 106 110 113 79,219 164 81 109 218 85 54 165 51 89 86 88 83 108 107 82 106 110 113 79,simulation,db4,energy,12,25,25,0
ALL,W-QDA:qda,6,,0.08,0.114,219 164 81 109 218 85 54 165 51 89 86 88 83 108 107 82 106 110 113 79,219 164 81 109 218 85 54 165 51 89 86 88 83 108 107 82 106 110 113 79,simulation,db4,energy,12,25,25,0
W-NN,W-NN:k=1,9,2.0,0.08,0.226,82 80 109 110 81 112 113 76 78 79 107 108 111 114 116 117 73 74 75 83,82 80 83 109 79 81 113 78 84 107 108 110 85 106 111 112 73 74 75 76,simulation,db4,usage,12,25,25,0
W-QDA,W-QDA:qda,7,3.0,0.08,0.224,109 110 112 116 78 79 81 82 113 114 117 76 77 80 108 73 74 75 85 86,82 80 83 109 79 81 113 78 84 107 108 110 85 106 111 112 73 74 75 76,simulation,db4,usage,12,25,25,0
W-CART,W-CART:cart,16,2.0,0.0,0.108,82 80 109 110 81 112 113 76 78 79 107 108 111 114 116 117 73 74 75 83,82 80 83 109 79 81 113 78 84 107 108 110 85 106 111 112 73 74 75 76,simulation,db4,usage,12,25,25,0
ALL,W-CART:cart,16,2.0,0.0,0.108,82 80 109 110 81 112 113 76 78 79 107 108 111 114 116 117 73 74 75 83,82 80 83 109 79 81 113 78 84 107 108 110 85 106 111 112 73 74 75 76,simulation,db4,usage,12,25,25,0
W-NN,W-NN:k=1,2,,0.12,0.162,118 74 119 81 58 55 71 73 106 72 107 120 110 109 85 105 82 75 54 108,118 74 119 81 58 55 71 73 106 72 107 120 110 109 85 105 82 75 54 108,simulation,db4,energy,13,25,25,0
W-QDA,W-QDA:qda,9,,0.08,0.082,118 74 119 81 58 55 71 73 106 72 107 120 110 109 85 105 82 75 54 108,118 74 119 81 58 55 71 73 106 72 107 120 110 109 85 105 82 75 54 108,simulation,db4,energy,13,25,25,0
W-CART,W-CART:cart,3,,0.12,0.262,118 74 119 81 58 55 71 73 106 72 107 120 110 109 85 105 82 75 54 108,118 74 119 81 58 55 71 73 106 72 107 120 110 109 85 105 82 75 54 108,simulation,db4,energy,13,25,25,0
ALL,W-QDA:qda,9,,0.08,0.082,118 74 119 81 58 55 71 73 106 72 107 120 110 109 85 105 82 75 54 108,118 74 119 81 58 55 71 73 106 72 107 120 110 109 85 105 82 75 54 108,simulation,db4,energy,13,25,25,0
W-NN,W-NN:k=1,2,2.0,0.04,0.134,74 72 75 81 117 118 73 76 77 82 114 119 109 113 115 116 235 71 79 80,113 115 73 74 78 79 81 114 116 75 77 110 111 112 117 72 76 80 82 118,simulation,db4,usage,13,25,25,0
W-QDA,W-QDA:qda,3,3.0,0.12,0.09,74 75 81 73 76 118 119 72 109 115 71 80 82 108 117 121 145 234 79 104,113 115 73 74 78 79 81 114 116 75 77 110 111 112 117 72 76 80 82 118,simulation,db4,usage,13,25,25,0
W-CART,W-CART:cart,36,3.0,0.08,0.156,74 75 81 73 76 118 119 72 109 115 71 80 82 108 117 121 145 234 79 104,113 115 73 74 78 79 81 114 116 75 77 110 111 112 117 72 76 80 82 118,simulation,db4,usage,13,25,25,0
ALL,W-NN:k=1,2,2.0,0.04,0.134,74 72 75 81 117 118 73 76 77 82 114 119 109 113 115 116 235 71 79 80,113 115 73 74 78 79 81 114 116 75 77 110 111 112 117 72 76 80 82 118,simulation,db4,usage,13,25,25,0
W-NN,W-NN:k=3,3,,0.08,0.216,121 84 107 69 115 108 82 109 83 118 75 117 71 116 73 106 76 74 60 79,121 84 107 69 115 108 82 109 83 118 75 117 71 116 73 106 76 74 60 79,simulation,db4,energy,14,25,25,0
W-QDA,W-QDA:qda,5,,0.0,0.076,121 84 107 69 115 108 82 109 83 118 75 117 71 116 73 106 76 74 60 79,121 84 107 69 115 108 82 109 83 118 75 117 71 116 73 106 76 74 60 79,simulation,db4,energy,14,25,25,0
W-CART,W-CART:cart,25,,0.04,0.142,121 84 107 69 115 108 82 109 83 118 75 117 71 116 73 106 76 74 60 79,121 84 107 69 115 108 82 109 83 118 75 117 71 116 73 106 76 74 60 79,simulation,db4,energy,14,25,25,0
ALL,W-QDA:qda,5,,0.0,0.076,121 84 107 69 115 108 82 109 83 118 75 117 71 116 73 106 76 74 60 79,121 84 107 69 115 108 82 109 83 118 75 117 71 116 73 106 76 74 60 79,simulation,db4,energy,14,25,25,0
W-NN,W-NN:k=1,4,3.0,0.04,0.162,75 76 83 84 82 85 73 74 80 81 106 108 111 116 70 86 109 117 119 71,109 111 108 74 80 82 110 75 76 78 83 84 85 106 107 112 81 116 71 73,simulation,db4,usage,14,25,25,0
W-QDA,W-QDA:qda,2,2.0,0.0,0.14,83 84 109 75 76 78 80 85 105 106 107 108 111 112 116 72 73 74 81 82,109 111 108 74 80 82 110 75 76 78 83 84 85 106 107 112 81 116 71 73,simulation,db4,usage,14,25,25,0
W-CART,W-CART:cart,11,2.0,0.04,0.142,83 84 109 75 76 78 80 85 105 106 107 108 111 112 116 72 73 74 81 82,109 111 108 74 80 82 110 75 76 78 83 84 85 106 107 112 81 116 71 73,simulation,db4,usage,14,25,25,0
ALL,W-QDA:qda,2,2.0,0.0,0.14,83 84 109 75 76 78 80 85 105 106 107 108 111 112 116 72 73 74 81 82,109 111 108 74 80 82 110 75 76 78 83 84 85 106 107 112 81 116 71 73,simulation,db4,usage,14,25,25,0
W-NN,W-NN:k=1,2,,0.16,0.088,117 74 116 36 104 103 75 37 115 78 77 87 111 73 114 86 118 71 84 85,117 74 116 36 104 103 75 37 115 78 77 87 111 73 114 86 118 71 84 85,simulation,db4,energy,15,25,25,0
W-QDA,W-QDA:qda,7,,0.08,0.1,117 74 116 36 104 103 75 37 115 78 77 87 111 73 114 86 118 71 84 85,117 74 116 36 104 103 75 37 115 78 77 87 111 73 114 86 118 71 84 85,simulation,db4,energy,15,25,25,0
W-CART,W-CART:cart,4,,0.08,0.092,117 74 116 36 104 103 75 37 115 78 77 87 111 73 114 86 118 71 84 85,117 74 116 36 104 103 75 37 115 78 77 87 111 73 114 86 118 71 84 85,simulation,db4,energy,15,25,25,0
ALL,W-CART:cart,4,,0.08,0.092,117 74 116 36 104 103 75 37 115 78 77 87 111 73 114 86 118 71 84 85,117 74 116 36 104 103 75 37 115 78 77 87 111 73 114 86 118 71 84 85,simulation,db4,energy,15,25,25,0
W-NN,W-NN:k=1,16,0.5,0.04,0.178,112 114 115 75 82 110 76 77 107 113 116 73 79 81 106 108 109 111 117 118,112 113 114 82 83 107 108 109 117 74 75 76 77 80 105 111 118 78 81 85,simulation,db4,usage,15,25,25,0
W-QDA,W-QDA:qda,2,2.0,0.08,0.082,117 118 82 77 80 107 108 109 111 112 74 83 84 85 113 115 76 81 86 110,112 113 114 82 83 107 108 109 117 74 75 76 77 80 105 111 118 78 81 85,simulation,db4,usage,15,25,25,0
W-CART,W-CART:cart,13,1.5,0.04,0.096,117 82 83 107 118 76 77 80 108 109 112 113 74 78 81 85 111 114 72 73,112 113 114 82 83 107 108 109 117 74 75 76 77 80 105 111 118 78 81 85,simulation,db4,usage,15,25,25,0
ALL,W-CART:cart,13,1.5,0.04,0.096,117 82 83 107 118 76 77 80 108 109 112 113 74 78 81 85 111 114 72 73,112 113 114 82 83 107 108 109 117 74 75 76 77 80 105 111 118 78 81 85,simulation,db4,usage,15,25,25,0
W-NN,W-NN:k=3,5,,0.16,0.124,109 81 75 83 70 74 82 84 107 76 71 118 120 115 243 116 42 108 242 73,109 81 75 83 70 74 82 84 107 76 71 118 120 115 243 116 42 108 242 73,simulation,db4,energy,16,25,25,0
W-QDA,W-QDA:qda,4,,0.12,0.13,109 81 75 83 70 74 82 84 107 76 71 118 120 115 243 116 42 108 242 73,109 81 75 83 70 74 82 84 107 76 71 118 120 115 243 116 42 108 242 73,simulation,db4,energy,16,25,25,0
W-CART,W-CART:cart,12,,0.04,0.108,109 81 75 83 70 74 82 84 107 76 71 118 120 115 243 116 42 108 242 73,109 81 75 83 70 74 82 84 107 76 71 118 120 115 243 116 42 108 242 73,simulation,db4,energy,16,25,25,0
ALL,W-CART:cart,12,,0.04,0.108,109 81 75 83 70 74 82 84 107 76 71 118 120 115 243 116 42 108 242 73,109 81 75 83 70 74 82 84 107 76 71 118 120 115 243 116 42 108 242 73,simulation,db4,energy,16,25,25,0
W-NN,W-NN:k=3,5,3.0,0.04,0.09,74 107 109 76 82 84 108 73 79 80 118 69 75 78 81 83 86 113 114 119,81 82 111 113 77 78 79 80 108 109 110 76 83 112 84 114 115 118 74 75,simulation,db4,usage,16,25,25,0
W-QDA,W-QDA:qda,7,2.0,0.0,0.08,79 107 109 74 76 77 80 84 105 108 111 112 78 81 82 83 85 110 113 114,81 82 111 113 77 78 79 80 108 109 110 76 83 112 84 114 115 118 74 75,simulation,db4,usage,16,25,25,0
W-CART,W-CART:cart,9,2.0,0.12,0.128,79 107 109 74 76 77 80 84 105 108 111 112 78 81 82 83 85 110 113 114,81 82 111 113 77 78 79 80 108 109 110 76 83 112 84 114 115 118 74 75,simulation,db4,usage,16,25,25,0
ALL,W-QDA:qda,7,2.0,0.0,0.08,79 107 109 74 76 77 80 84 105 108 111 112 78 81 82 83 85 110 113 114,81 82 111 113 77 78 79 80 108 109 110 76 83 112 84 114 115 118 74 75,simulation,db4,usage,16,25,25,0
W-NN,W-NN:k=3,1,,0.08,0.092,86 113 156 56 105 157 85 112 106 115 155 55 211 52 158 84 88 212 107 53,86 113 156 56 105 157 85 112 106 115 155 55 211 52 158 84 88 212 107 53,simulation,db4,energy,17,25,25,0
W-QDA,W-QDA:qda,7,,0.08,0.126,86 113 156 56 105 157 85 112 106 115 155 55 211 52 158 84 88 212 107 53,86 113 156 56 105 157 85 112 106 115 155 55 211 52 158 84 88 212 107 53,simulation,db4,energy,17,25,25,0
W-CART,W-CART:cart,46,,0.04,0.204,86 113 156 56 105 157 85 112 106 115 155 55 211 52 158 84 88 212 107 53,86 113 156 56 105 157 85 112 106 115 155 55 211 52 158 84 88 212 107 53,simulation,db4,energy,17,25,25,0
ALL,W-CART:cart,46,,0.04,0.204,86 113 156 56 105 157 85 112 106 115 155 55 211 52 158 84 88 212 107 53,86 113 156 56 105 157 85 112 106 115 155 55 211 52 158 84 88 212 107 53,simulation,db4,energy,17,25,25,0
W-NN,W-NN:k=1,1,3.0,0.04,0.176,85 106 80 113 107 111 114 82 83 86 104 105 110 76 77 81 84 87 109 112,82 111 79 107 109 110 112 77 80 83 85 78 81 84 106 113 114 104 108 55,simulation,db4,usage,17,25,25,0
W-QDA,W-QDA:qda,4,3.0,0.08,0.108,85 106 80 113 107 111 114 82 83 86 104 105 110 76 77 81 84 87 109 112,82 111 79 107 109 110 112 77 80 83 85 78 81 84 106 113 114 104 108 55,simulation,db4,usage,17,25,25,0
W-CART,W-CART:cart,1,3.0,0.04,0.176,85 106 80 113 107 111 114 82 83 86 104 105 110 76 77 81 84 87 109 112,82 111 79 107 109 110 112 77 80 83 85 78 81 84 106 113 114 104 108 55,simulation,db4,usage,17,25,25,0
ALL,W-NN:k=1,1,3.0,0.04,0.176,85 106 80 113 107 111 114 82 83 86 104 105 110 76 77 81 84 87 109 112,82 111 79 107 109 110 112 77 80 83 85 78 81 84 106 113 114 104 108 55,simulation,db4,usage,17,25,25,0
W-NN,W-NN:k=5,3,,0.04,0.188,53 83 118 106 112 80 108 103 84 42 81 72 107 41 119 88 79 73 86 78,53 83 118 106 112 80 108 103 84 42 81 72 107 41 119 88 79 73 86 78,simulation,db4,energy,18,25,25,0
W-QDA,W-QDA:qda,9,,0.0,0.08,53 83 118 106 112 80 108 103 84 42 81 72 107 41 119 88 79 73 86 78,53 83 118 106 112 80 108 103 84 42 81 72 107 41 119 88 79 73 86 78,simulation,db4,energy,18,25,25,0
W-CART,W-CART:cart,23,,0.04,0.112,53 83 118 106 112 80 108 103 84 42 81 72 107 41 119 88 79 73 86 78,53 83 118 106 112 80 108 103 84 42 81 72 107 41 119 88 79 73 86 78,simulation,db4,energy,18,25,25,0
ALL,W-QDA:qda,9,,0.0,0.08,53 83 118 106 112 80 108 103 84 42 81 72 107 41 119 88 79 73 86 78,53 83 118 106 112 80 108 103 84 42 81 72 107 41 119 88 79 73 86 78,simulation,db4,energy,18,25,25,0
W-NN,W-NN:k=3,7,1.5,0.08,0.2,80 81 111 74 82 83 108 114 75 77 79 109 110 113 73 76 78 112 115 116,79 82 83 109 111 113 114 74 80 81 108 110 75 77 78 115 117 56 76 112,simulation,db4,usage,18,25,25,0
W-QDA,W-QDA:qda,9,3.0,0.0,0.18,74 77 80 111 73 75 110 72 81 82 83 84 108 109 113 114 116 118 54 70,79 82 83 109 111 113 114 74 80 81 108 110 75 77 78 115 117 56 76 112,simulation,db4,usage,18,25,25,0
W-CART,W-CART:cart,18,0.5,0.04,0.162,82 114 80 81 83 108 109 111 113 76 77 78 79 115 75 110 112 116 154 160,79 82 83 109 111 113 114 74 80 81 108 110 75 77 78 115 117 56 76 112,simulation,db4,usage,18,25,25,0
ALL,W-QDA:qda,9,3.0,0.0,0.18,74 77 80 111 73 75 110 72 81 82 83 84 108 109 113 114 116 118 54 70,79 82 83 109 111 113 114 74 80 81 108 110 75 77 78 115 117 56 76 112,simulation,db4,usage,18,25,25,0
W-NN,W-NN:k=1,22,,0.12,0.132,113 157 112 75 117 73 156 105 107 86 109 116 158 81 104 82 80 88 87 118,113 157 112 75 117 73 156 105 107 86 109 116 158 81 104 82 80 88 87 118,simulation,db4,energy,19,25,25,0
W-QDA,W-QDA:qda,9,,0.04,0.068,113 157 112 75 117 73 156 105 107 86 109 116 158 81 104 82 80 88 87 118,113 157 112 75 117 73 156 105 107 86 109 116 158 81 104 82 80 88 87 118,simulation,db4,energy,19,25,25,0
W-CART,W-CART:cart,10,,0.08,0.12,113 157 112 75 117 73 156 105 107 86 109 116 158 81 104 82 80 88 87 118,113 157 112 75 117 73 156 105 107 86 109 116 158 81 104 82 80 88 87 118,simulation,db4,energy,19,25,25,0
ALL,W-QDA:qda,9,,0.04,0.068,113 157 112 75 117 73 156 105 107 86 109 116 158 81 104 82 80 88 87 118,113 157 112 75 117 73 156 105 107 86 109 116 158 81 104 82 80 88 87 118,simulation,db4,energy,19,25,25,0
W-NN,W-NN:k=1,3,1.5,0.0,0.134,83 107 75 76 85 106 113 77 82 86 112 114 115 79 80 81 104 105 108 109,107 77 83 104 106 75 79 80 86 108 112 113 116 76 81 82 85 87 111 114,simulation,db4,usage,19,25,25,0
W-QDA,W-QDA:qda,4,1.5,0.04,0.088,83 107 75 76 85 106 113 77 82 86 112 114 115 79 80 81 104 105 108 109,107 77 83 104 106 75 79 80 86 108 112 113 116 76 81 82 85 87 111 114,simulation,db4,usage,19,25,25,0
W-CART,W-CART:cart,5,1.5,0.04,0.106,83 107 75 76 85 106 113 77 82 86 112 114 115 79 80 81 104 105 108 109,107 77 83 104 106 75 79 80 86 108 112 113 116 76 81 82 85 87 111 114,simulation,db4,usage,19,25,25,0
ALL,W-NN:k=1,3,1.5,0.0,0.134,83 107 75 76 85 106 113 77 82 86 112 114 115 79 80 81 104 105 108 109,107 77 83 104 106 75 79 80 86 108 112 113 116 76 81 82 85 87 111 114,simulation,db4,usage,19,25,25,0
W-NN,W-NN:k=5,40,,0.04,0.194,112 87 103 80 102 56 176 207 104 224 81 40 88 179 178 107 28 42 52 118,112 87 103 80 102 56 176 207 104 224 81 40 88 179 178 107 28 42 52 118,simulation,db4,energy,20,25,25,0
W-QDA,W-QDA:qda,7,,0.04,0.142,112 87 103 80 102 56 176 207 104 224 81 40 88 179 178 107 28 42 52 118,112 87 103 80 102 56 176 207 104 224 81 40 88 179 178 107 28 42 52 118,simulation,db4,energy,20,25,25,0
W-CART,W-CART:cart,39,,0.12,0.222,112 87 103 80 102 56 176 207 104 224 81 40 88 179 178 107 28 42 52 118,112 87 103 80 102 56 176 207 104 224 81 40 88 179 178 107 28 42 52 118,simulation,db4,energy,20,25,25,0
ALL,W-QDA:qda,7,,0.04,0.142,112 87 103 80 102 56 176 207 104 224 81 40 88 179 178 107 28 42 52 118,112 87 103 80 102 56 176 207 104 224 81 40 88 179 178 107 28 42 52 118,simulation,db4,energy,20,25,25,0
W-NN,W-NN:k=3,10,2.0,0.0,0.186,75 74 109 115 72 76 87 104 116 117 214 77 78 80 81 86 88 105 113 114,74 75 79 115 116 76 77 81 113 71 72 73 80 88 103 104 109 114 117 118,simulation,db4,usage,20,25,25,0
W-QDA,W-QDA:qda,10,3.0,0.04,0.038,75 117 72 74 76 88 119 121 70 103 116 118 71 80 81 87 104 107 109 113,74 75 79 115 116 76 77 81 113 71 72 73 80 88 103 104 109 114 117 118,simulation,db4,usage,20,25,25,0
W-CART,W-CART:cart,5,3.0,0.08,0.18,75 117 72 74 76 88 119 121 70 103 116 118 71 80 81 87 104 107 109 113,74 75 79 115 116 76 77 81 113 71 72 73 80 88 103 104 109 114 117 118,simulation,db4,usage,20,25,25,0
ALL,W-NN:k=3,10,2.0,0.0,0.186,75 74 109 115 72 76 87 104 116 117 214 77 78 80 81 86 88 105 113 114,74 75 79 115 116 76 77 81 113 71 72 73 80 88 103 104 109 114 117 118,simulation,db4,usage,20,25,25,0
W-NN,W-NN:k=3,1,,0.08,0.214,107 84 106 78 109 82 115 116 85 111 114 77 76 56 75 74 108 72 83 59,107 84 106 78 109 82 115 116 85 111 114 77 76 56 75 74 108 72 83 59,simulation,db4,energy,21,25,25,0
W-QDA,W-QDA:qda,1,,0.08,0.2,107 84 106 78 109 82 115 116 85 111 114 77 76 56 75 74 108 72 83 59,107 84 106 78 109 82 115 116 85 111 114 77 76 56 75 74 108 72 83 59,simulation,db4,energy,21,25,25,0
W-CART,W-CART:cart,5,,0.08,0.146,107 84 106 78 109 82 115 116 85 111 114 77 76 56 75 74 108 72 83 59,107 84 106 78 109 82 115 116 85 111 114 77 76 56 75 74 108 72 83 59,simulation,db4,energy,21,25,25,0
ALL,W-NN:k=3,1,,0.08,0.214,107 84 106 78 109 82 115 116 85 111 114 77 76 56 75 74 108 72 83 59,107 84 106 78 109 82 115 116 85 111 114 77 76 56 75 74 108 72 83 59,simulation,db4,energy,21,25,25,0
W-NN,W-NN:k=1,9,2.0,0.12,0.2,78 77 116 75 79 114 115 118 81 117 119 74 76 72 80 111 112 113 70 73,78 112 81 111 116 75 77 79 114 115 118 74 76 80 82 109 113 119 72 73,simulation,db4,usage,21,25,25,0
W-QDA,W-QDA:qda,2,1.5,0.16,0.192,78 75 114 115 77 81 113 116 76 79 111 112 118 119 74 80 117 72 73 70,78 112 81 111 116 75 77 79 114 115 118 74 76 80 82 109 113 119 72 73,simulation,db4,usage,21,25,25,0
W-CART,W-CART:cart,19,3.0,0.08,0.108,77 115 116 78 74 117 72 75 76 81 112 113 114 118 119 79 80 71 82 105,78 112 81 111 116 75 77 79 114 115 118 74 76 80 82 109 113 119 72 73,simulation,db4,usage,21,25,25,0
ALL,W-CART:cart,19,3.0,0.08,0.108,77 115 116 78 74 117 72 75 76 81 112 113 114 118 119 79 80 71 82 105,78 112 81 111 116 75 77 79 114 115 118 74 76 80 82 109 113 119 72 73,simulation,db4,usage,21,25,25,0
W-NN,W-NN:k=3,5,,0.12,0.276,35 113 38 120 40 114 72 80 60 105 111 223 224 73 107 88 81 79 112 117,35 113 38 120 40 114 72 80 60 105 111 223 224 73 107 88 81 79 112 117,simulation,db4,energy,22,25,25,0
W-QDA,W-QDA:qda,7,,0.08,0.154,35 113 38 120 40 114 72 80 60 105 111 223 224 73 107 88 81 79 112 117,35 113 38 120 40 114 72 80 60 105 111 223 224 73 107 88 81 79 112 117,simulation,db4,energy,22,25,25,0
W-CART,W-CART:cart,34,,0.04,0.154,35 113 38 120 40 114 72 80 60 105 111 223 224 73 107 88 81 79 112 117,35 113 38 120 40 114 72 80 60 105 111 223 224 73 107 88 81 79 112 117,simulation,db4,energy,22,25,25,0
ALL,W-CART:cart,34,,0.04,0.154,35 113 38 120 40 114 72 80 60 105 111 223 224 73 107 88 81 79 112 117,35 113 38 120 40 114 72 80 60 105 111 223 224 73 107 88 81 79 112 117,simulation,db4,energy,22,25,25,0
W-NN,W-NN:k=3,11,2.0,0.08,0.252,113 114 112 78 79 81 82 83 80 110 111 115 116 117 76 77 84 74 108 109,78 79 111 112 113 114 76 81 110 115 116 154 77 80 82 83 84 158 221 225,simulation,db4,usage,22,25,25,0
W-QDA,W-QDA:qda,5,3.0,0.08,0.284,79 113 77 111 114 117 78 81 116 72 76 80 105 108 110 112 118 73 82 84,78 79 111 112 113 114 76 81 110 115 116 154 77 80 82 83 84 158 221 225,simulation,db4,usage,22,25,25,0
W-CART,W-CART:cart,50,1.5,0.04,0.144,111 78 79 110 112 113 114 82 116 76 81 83 115 74 77 80 117 118 84 85,78 79 111 112 113 114 76 81 110 115 116 154 77 80 82 83 84 158 221 225,simulation,db4,usage,22,25,25,0
ALL,W-CART:cart,50,1.5,0.04,0.144,111 78 79 110 112 113 114 82 116 76 81 83 115 74 77 80 117 118 84 85,78 79 111 112 113 114 76 81 110 115 116 154 77 80 82 83 84 158 221 225,simulation,db4,usage,22,25,25,0
W-NN,W-NN:k=1,8,,0.12,0.14,41 82 108 218 217 107 109 105 104 81 79 106 167 53 57 166 102 87 110 88,41 82 108 218 217 107 109 105 104 81 79 106 167 53 57 166 102 87 110 88,simulation,db4,energy,23,25,25,0
W-QDA,W-QDA:qda,1,,0.32,0.376,41 82 108 218 217 107 109 105 104 81 79 106 167 53 57 166 102 87 110 88,41 82 108 218 217 107 109 105 104 81 79 106 167 53 57 166 102 87 110 88,simulation,db4,energy,23,25,25,0
W-CART,W-CART:cart,30,,0.2,0.286,41 82 108 218 217 107 109 105 104 81 79 106 167 53 57 166 102 87 110 88,41 82 108 218 217 107 109 105 104 81 79 106 167 53 57 166 102 87 110 88,simulation,db4,energy,23,25,25,0
ALL,W-NN:k=1,8,,0.12,0.14,41 82 108 218 217 107 109 105 104 81 79 106 167 53 57 166 102 87 110 88,41 82 108 218 217 107 109 105 104 81 79 106 167 53 57 166 102 87 110 88,simulation,db4,energy,23,25,25,0
W-NN,W-NN:k=1,4,2.0,0.12,0.134,82 107 83 105 108 84 104 106 87 86 88 102 81 89 101 77 79 103 109 173,82 107 108 84 81 83 109 104 105 87 106 86 110 170 172 88 89 102 167 174,simulation,db4,usage,23,25,25,0
W-QDA,W-QDA:qda,2,3.0,0.12,0.094,105 107 106 108 104 82 84 87 102 83 86 88 109 77 79 81 76 85 89 103,82 107 108 84 81 83 109 104 105 87 106 86 110 170 172 88 89 102 167 174,simulation,db4,usage,23,25,25,0
W-CART,W-CART:cart,3,3.0,0.04,0.17,105 107 106 108 104 82 84 87 102 83 86 88 109 77 79 81 76 85 89 103,82 107 108 84 81 83 109 104 105 87 106 86 110 170 172 88 89 102 167 174,simulation,db4,usage,23,25,25,0
ALL,W-CART:cart,3,3.0,0.04,0.17,105 107 106 108 104 82 84 87 102 83 86 88 109 77 79 81 76 85 89 103,82 107 108 84 81 83 109 104 105 87 106 86 110 170 172 88 89 102 167 174,simulation,db4,usage,23,25,25,0
W-NN,W-NN:k=3,15,,0.08,0.2,119 108 83 117 72 37 109 71 107 103 105 84 36 82 88 144 106 73 118 75,119 108 83 117 72 37 109 71 107 103 105 84 36 82 88 144 106 73 118 75,simulation,db4,energy,24,25,25,0
W-QDA,W-QDA:qda,4,,0.04,0.064,119 108 83 117 72 37 109 71 107 103 105 84 36 82 88 144 106 73 118 75,119 108 83 117 72 37 109 71 107 103 105 84 36 82 88 144 106 73 118 75,simulation,db4,energy,24,25,25,0
W-CART,W-CART:cart,1,,0.16,0.156,119 108 83 117 72 37 109 71 107 103 105 84 36 82 88 144 106 73 118 75,119 108 83 117 72 37 109 71 107 103 105 84 36 82 88 144 106 73 118 75,simulation,db4,energy,24,25,25,0
ALL,W-QDA:qda,4,,0.04,0.064,119 108 83 117 72 37 109 71 107 103 105 84 36 82 88 144 106 73 118 75,119 108 83 117 72 37 109 71 107 103 105 84 36 82 88 144 106 73 118 75,simulation,db4,energy,24,25,25,0
W-NN,W-NN:k=3,3,1.0,0.0,0.136,107 85 106 109 82 83 108 110 79 80 84 87 104 105 217 86 169 172 81 88,107 85 106 109 82 83 108 110 79 80 84 87 104 105 217 86 169 172 81 88,simulation,db4,usage,24,25,25,0
W-QDA,W-QDA:qda,1,0.5,0.08,0.224,108 110 106 109 79 83 85 105 107 80 82 84 104 170 216 81 86 112 166 172,107 85 106 109 82 83 108 110 79 80 84 87 104 105 217 86 169 172 81 88,simulation,db4,usage,24,25,25,0
W-CART,W-CART:cart,21,0.5,0.08,0.16,108 110 106 109 79 83 85 105 107 80 82 84 104 170 216 81 86 112 166 172,107 85 106 109 82 83 108 110 79 80 84 87 104 105 217 86 169 172 81 88,simulation,db4,usage,24,25,25,0
ALL,W-NN:k=3,3,1.0,0.0,0.136,107 85 106 109 82 83 108 110 79 80 84 87 104 105 217 86 169 172 81 88,107 85 106 109 82 83 108 110 79 80 84 87 104 105 217 86 169 172 81 88,simulation,db4,usage,24,25,25,0
W-NN,W-NN:k=9,1,,0.12,0.404,78 77 41 109 42 113 106 112 53 81 107 120 84 40 110 226 39 111 114 73,78 77 41 109 42 113 106 112 53 81 107 120 84 40 110 226 39 111 114 73,simulation,db4,energy,25,25,25,0
W-QDA,W-QDA:qda,1,,0.2,0.406,78 77 41 109 42 113 106 112 53 81 107 120 84 40 110 226 39 111 114 73,78 77 41 109 42 113 106 112 53 81 107 120 84 40 110 226 39 111 114 73,simulation,db4,energy,25,25,25,0
W-CART,W-CART:cart,14,,0.08,0.108,78 77 41 109 42 113 106 112 53 81 107 120 84 40 110 226 39 111 114 73,78 77 41 109 42 113 106 112 53 81 107 120 84 40 110 226 39 111 114 73,simulation,db4,energy,25,25,25,0
ALL,W-CART:cart,14,,0.08,0.108,78 77 41 109 42 113 106 112 53 81 107 120 84 40 110 226 39 111 114 73,78 77 41 109 42 113 106 112 53 81 107 120 84 40 110 226 39 111 114 73,simulation,db4,energy,25,25,25,0
W-NN,W-NN:k=1,4,1.5,0.04,0.226,78 80 109 77 81 83 108 115 76 110 112 84 111 113 38 74 75 82 85 73,78 77 80 108 115 76 109 111 113 79 81 82 83 84 110 112 74 114 227 73,simulation,db4,usage,25,25,25,0
W-QDA,W-QDA:qda,4,1.5,0.08,0.226,78 80 109 77 81 83 108 115 76 110 112 84 111 113 38 74 75 82 85 73,78 77 80 108 115 76 109 111 113 79 81 82 83 84 110 112 74 114 227 73,simulation,db4,usage,25,25,25,0
W-CART,W-CART:cart,62,0.5,0.08,0.278,81 112 113 109 110 76 77 79 111 114 115 78 82 83 224 74 80 84 108 154,78 77 80 108 115 76 109 111 113 79 81 82 83 84 110 112 74 114 227 73,simulation,db4,usage,25,25,25,0
ALL,W-NN:k=1,4,1.5,0.04,0.226,78 80 109 77 81 83 108 115 76 110 112 84 111 113 38 74 75 82 85 73,78 77 80 108 115 76 109 111 113 79 81 82 83 84 110 112 74 114 227 73,simulation,db4,usage,25,25,25,0
W-NN,W-NN:k=1,4,,0.16,0.242,41 108 85 79 106 44 111 105 84 217 112 73 103 37 72 83 216 77 58 104,41 108 85 79 106 44 111 105 84 217 112 73 103 37 72 83 216 77 58 104,simulation,db4,energy,26,25,25,0
W-QDA,W-QDA:qda,7,,0.04,0.146,41 108 85 79 106 44 111 105 84 217 112 73 103 37 72 83 216 77 58 104,41 108 85 79 106 44 111 105 84 217 112 73 103 37 72 83 216 77 58 104,simulation,db4,energy,26,25,25,0
W-CART,W-CART:cart,3,,0.08,0.174,41 108 85 79 106 44 111 105 84 217 112 73 103 37 72 83 216 77 58 104,41 108 85 79 106 44 111 105 84 217 112 73 103 37 72 83 216 77 58 104,simulation,db4,energy,26,25,25,0
ALL,W-QDA:qda,7,,0.04,0.146,41 108 85 79 106 44 111 105 84 217 112 73 103 37 72 83 216 77 58 104,41 108 85 79 106 44 111 105 84 217 112 73 103 37 72 83 216 77 58 104,simulation,db4,energy,26,25,25,0
W-NN,W-NN:k=1,5,3.0,0.0,0.192,74 80 84 107 117 72 73 85 105 106 110 75 77 108 71 76 78 79 81 83,82 107 108 110 112 113 74 76 77 81 83 84 106 111 114 116 117 72 78 80,simulation,db4,usage,26,25,25,0
W-QDA,W-QDA:qda,3,3.0,0.0,0.104,74 80 84 107 117 72 73 85 105 106 110 75 77 108 71 76 78 79 81 83,82 107 108 110 112 113 74 76 77 81 83 84 106 111 114 116 117 72 78 80,simulation,db4,usage,26,25,25,0
W-CART,W-CART:cart,5,3.0,0.08,0.244,74 80 84 107 117 72 73 85 105 106 110 75 77 108 71 76 78 79 81 83,82 107 108 110 112 113 74 76 77 81 83 84 106 111 114 116 117 72 78 80,simulation,db4,usage,26,25,25,0
ALL,W-QDA:qda,3,3.0,0.0,0.104,74 80 84 107 117 72 73 85 105 106 110 75 77 108 71 76 78 79 81 83,82 107 108 110 112 113 74 76 77 81 83 84 106 111 114 116 117 72 78 80,simulation,db4,usage,26,25,25,0
W-NN,W-NN:k=1,9,,0.08,0.252,83 105 82 216 54 86 52 109 110 108 115 166 81 70 120 121 37 107 217 53,83 105 82 216 54 86 52 109 110 108 115 166 81 70 120 121 37 107 217 53,simulation,db4,energy,27,25,25,0
W-QDA,W-QDA:qda,2,,0.0,0.118,83 105 82 216 54 86 52 109 110 108 115 166 81 70 120 121 37 107 217 53,83 105 82 216 54 86 52 109 110 108 115 166 81 70 120 121 37 107 217 53,simulation,db4,energy,27,25,25,0
W-CART,W-CART:cart,10,,0.12,0.216,83 105 82 216 54 86 52 109 110 108 115 166 81 70 120 121 37 107 217 53,83 105 82 216 54 86 52 109 110 108 115 166 81 70 120 121 37 107 217 53,simulation,db4,energy,27,25,25,0
ALL,W-QDA:qda,2,,0.0,0.118,83 105 82 216 54 86 52 109 110 108 115 166 81 70 120 121 37 107 217 53,83 105 82 216 54 86 52 109 110 108 115 166 81 70 120 121 37 107 217 53,simulation,db4,energy,27,25,25,0
W-NN,W-NN:k=3,2,3.0,0.04,0.122,75 82 107 114 74 108 109 115 116 73 83 84 110 119 71 76 80 81 117 69,116 82 109 74 75 80 81 107 108 110 114 115 83 111 113 118 72 73 79 84,simulation,db4,usage,27,25,25,0
W-QDA,W-QDA:qda,5,1.5,0.0,0.074,75 110 115 116 107 108 109 113 73 74 80 81 82 83 111 114 117 119 71 76,116 82 109 74 75 80 81 107 108 110 114 115 83 111 113 118 72 73 79 84,simulation,db4,usage,27,25,25,0
W-CART,W-CART:cart,2,0.5,0.08,0.198,82 108 80 113 115 116 75 79 107 109 111 112 114 117 71 72 74 81 83 110,116 82 109 74 75 80 81 107 108 110 114 115 83 111 113 118 72 73 79 84,simulation,db4,usage,27,25,25,0
ALL,W-QDA:qda,5,1.5,0.0,0.074,75 110 115 116 107 108 109 113 73 74 80 81 82 83 111 114 117 119 71 76,116 82 109 74 75 80 81 107 108 110 114 115 83 111 113 118 72 73 79 84,simulation,db4,usage,27,25,25,0
W-NN,W-NN:k=1,7,,0.12,0.184,79 78 102 87 108 109 111 85 82 107 81 84 86 88 89 112 227 110 106 103,79 78 102 87 108 109 111 85 82 107 81 84 86 88 89 112 227 110 106 103,simulation,db4,energy,28,25,25,0
W-QDA,W-QDA:qda,4,,0.08,0.132,79 78 102 87 108 109 111 85 82 107 81 84 86 88 89 112 227 110 106 103,79 78 102 87 108 109 111 85 82 107 81 84 86 88 89 112 227 110 106 103,simulation,db4,energy,28,25,25,0
W-CART,W-CART:cart,13,,0.04,0.19,79 78 102 87 108 109 111 85 82 107 81 84 86 88 89 112 227 110 106 103,79 78 102 87 108 109 111 85 82 107 81 84 86 88 89 112 227 110 106 103,simulation,db4,energy,28,25,25,0
ALL,W-CART:cart,13,,0.04,0.19,79 78 102 87 108 109 111 85 82 107 81 84 86 88 89 112 227 110 106 103,79 78 102 87 108 109 111 85 82 107 81 84 86 88 89 112 227 110 106 103,simulation,db4,energy,28,25,25,0
W-NN,W-NN:k=3,1,2.0,0.04,0.19,84 108 110 109 82 107 83 85 86 104 105 106 111 112 80 87 88 102 103 222,108 110 82 80 84 85 107 78 81 167 79 104 105 109 111 169 83 86 88 89,simulation,db4,usage,28,25,25,0
W-QDA,W-QDA:qda,1,2.0,0.08,0.204,84 108 110 109 82 107 83 85 86 104 105 106 111 112 80 87 88 102 103 222,108 110 82 80 84 85 107 78 81 167 79 104 105 109 111 169 83 86 88 89,simulation,db4,usage,28,25,25,0
W-CART,W-CART:cart,8,1.5,0.04,0.136,108 110 84 107 82 81 85 104 109 83 105 80 86 106 78 79 87 111 112 216,108 110 82 80 84 85 107 78 81 167 79 104 105 109 111 169 83 86 88 89,simulation,db4,usage,28,25,25,0
ALL,W-NN:k=3,1,2.0,0.04,0.19,84 108 110 109 82 107 83 85 86 104 105 106 111 112 80 87 88 102 103 222,108 110 82 80 84 85 107 78 81 167 79 104 105 109 111 169 83 86 88 89,simulation,db4,usage,28,25,25,0
W-NN,W-NN:k=3,14,,0.04,0.216,81 220 110 327 163 55 234 27 149 326 109 87 112 148 79 41 54 104 219 82,81 220 110 327 163 55 234 27 149 326 109 87 112 148 79 41 54 104 219 82,simulation,db4,energy,29,25,25,0
W-QDA,W-QDA:qda,5,,0.12,0.378,81 220 110 327 163 55 234 27 149 326 109 87 112 148 79 41 54 104 219 82,81 220 110 327 163 55 234 27 149 326 109 87 112 148 79 41 54 104 219 82,simulation,db4,energy,29,25,25,0
W-CART,W-CART:cart,13,,0.12,0.196,81 220 110 327 163 55 234 27 149 326 109 87 112 148 79 41 54 104 219 82,81 220 110 327 163 55 234 27 149 326 109 87 112 148 79 41 54 104 219 82,simulation,db4,energy,29,25,25,0
ALL,W-NN:k=3,14,,0.04,0.216,81 220 110 327 163 55 234 27 149 326 109 87 112 148 79 41 54 104 219 82,81 220 110 327 163 55 234 27 149 326 109 87 112 148 79 41 54 104 219 82,simulation,db4,energy,29,25,25,0
W-NN,W-NN:k=1,7,1.0,0.0,0.176,81 82 111 106 109 79 83 86 107 84 108 110 80 85 105 112 113 87 103 104,81 82 111 106 109 79 83 86 107 84 108 110 80 85 105 112 113 87 103 104,simulation,db4,usage,29,25,25,0
W-QDA,W-QDA:qda,3,3.0,0.0,0.102,82 83 87 108 85 107 109 112 52 81 84 86 110 113 79 104 106 114 54 89,81 82 111 106 109 79 83 86 107 84 108 110 80 85 105 112 113 87 103 104,simulation,db4,usage,29,25,25,0
W-CART,W-CART:cart,5,3.0,0.0,0.128,82 83 87 108 85 107 109 112 52 81 84 86 110 113 79 104 106 114 54 89,81 82 111 106 109 79 83 86 107 84 108 110 80 85 105 112 113 87 103 104,simulation,db4,usage,29,25,25,0
ALL,W-QDA:qda,3,3.0,0.0,0.102,82 83 87 108 85 107 109 112 52 81 84 86 110 113 79 104 106 114 54 89,81 82 111 106 109 79 83 86 107 84 108 110 80 85 105 112 113 87 103 104,simulation,db4,usage,29,25,25,0
W-NN,W-NN:k=3,22,,0.08,0.208,117 54 36 82 83 109 119 73 53 118 110 211 74 51 84 212 86 87 167 108,117 54 36 82 83 109 119 73 53 118 110 211 74 51 84 212 86 87 167 108,simulation,db4,energy,30,25,25,0
W-QDA,W-QDA:qda,8,,0.08,0.104,117 54 36 82 83 109 119 73 53 118 110 211 74 51 84 212 86 87 167 108,117 54 36 82 83 109 119 73 53 118 110 211 74 51 84 212 86 87 167 108,simulation,db4,energy,30,25,25,0
W-CART,W-CART:cart,7,,0.12,0.214,117 54 36 82 83 109 119 73 53 118 110 211 74 51 84 212 86 87 167 108,117 54 36 82 83 109 119 73 53 118 110 211 74 51 84 212 86 87 167 108,simulation,db4,energy,30,25,25,0
ALL,W-QDA:qda,8,,0.08,0.104,117 54 36 82 83 109 119 73 53 118 110 211 74 51 84 212 86 87 167 108,117 54 36 82 83 109 119 73 53 118 110 211 74 51 84 212 86 87 167 108,simulation,db4,energy,30,25,25,0
W-NN,W-NN:k=1,1,1.0,0.04,0.15,85 110 81 106 74 79 82 83 107 111 75 76 78 80 84 86 108 109 113 87,85 110 81 106 74 79 82 83 107 111 75 76 78 80 84 86 108 109 113 87,simulation,db4,usage,30,25,25,0
W-QDA,W-QDA:qda,3,2.0,0.0,0.13,106 107 109 110 83 84 113 80 82 85 86 112 74 75 78 81 108 114 115 116,85 110 81 106 74 79 82 83 107 111 75 76 78 80 84 86 108 109 113 87,simulation,db4,usage,30,25,25,0
W-CART,W-CART:cart,1,1.0,0.04,0.15,85 110 81 106 74 79 82 83 107 111 75 76 78 80 84 86 108 109 113 87,85 110 81 106 74 79 82 83 107 111 75 76 78 80 84 86 108 109 113 87,simulation,db4,usage,30,25,25,0
ALL,W-QDA:qda,3,2.0,0.0,0.13,106 107 109 110 83 84 113 80 82 85 86 112 74 75 78 81 108 114 115 116,85 110 81 106 74 79 82 83 107 111 75 76 78 80 84 86 108 109 113 87,simulation,db4,usage,30,25,25,0
W-NN,W-NN:k=1,5,,0.12,0.138,44 105 36 89 108 51 84 70 106 121 110 55 109 59 104 114 37 85 69 50,44 105 36 89 108 51 84 70 106 121 110 55 109 59 104 114 37 85 69 50,simulation,db4,energy,31,25,25,0
W-QDA,W-QDA:qda,6,,0.08,0.086,44 105 36 89 108 51 84 70 106 121 110 55 109 59 104 114 37 85 69 50,44 105 36 89 108 51 84 70 106 121 110 55 109 59 104 114 37 85 69 50,simulation,db4,energy,31,25,25,0
W-CART,W-CART:cart,4,,0.12,0.22,44 105 36 89 108 51 84 70 106 121 110 55 109 59 104 114 37 85 69 50,44 105 36 89 108 51 84 70 106 121 110 55 109 59 104 114 37 85 69 50,simulation,db4,energy,31,25,25,0
ALL,W-QDA:qda,6,,0.08,0.086,44 105 36 89 108 51 84 70 106 121 110 55 109 59 104 114 37 85 69 50,44 105 36 89 108 51 84 70 106 121 110 55 109 59 104 114 37 85 69 50,simulation,db4,energy,31,25,25,0
W-NN,W-NN:k=9,7,3.0,0.04,0.282,112 108 114 83 75 76 79 80 84 107 109 110 106 111 113 116 36 74 77 81,79 112 78 82 109 81 110 111 113 83 84 108 115 74 77 80 107 114 75 103,simulation,db4,usage,31,25,25,0
W-QDA,W-QDA:qda,5,3.0,0.04,0.084,112 108 114 83 75 76 79 80 84 107 109 110 106 111 113 116 36 74 77 81,79 112 78 82 109 81 110 111 113 83 84 108 115 74 77 80 107 114 75 103,simulation,db4,usage,31,25,25,0
W-CART,W-CART:cart,2,3.0,0.08,0.254,112 108 114 83 75 76 79 80 84 107 109 110 106 111 113 116 36 74 77 81,79 112 78 82 109 81 110 111 113 83 84 108 115 74 77 80 107 114 75 103,simulation,db4,usage,31,25,25,0
ALL,W-QDA:qda,5,3.0,0.04,0.084,112 108 114 83 75 76 79 80 84 107 109 110 106 111 113 116 36 74 77 81,79 112 78 82 109 81 110 111 113 83 84 108 115 74 77 80 107 114 75 103,simulation,db4,usage,31,25,25,0
W-NN,W-NN:k=5,1,,0.12,0.176,115 114 38 113 77 78 76 37 81 80 86 82 55 88 84 107 85 109 110 104,115 114 38 113 77 78 76 37 81 80 86 82 55 88 84 107 85 109 110 104,simulation,db4,energy,32,25,25,0
W-QDA,W-QDA:qda,1,,0.16,0.184,115 114 38 113 77 78 76 37 81 80 86 82 55 88 84 107 85 109 110 104,115 114 38 113 77 78 76 37 81 80 86 82 55 88 84 107 85 109 110 104,simulation,db4,energy,32,25,25,0
W-CART,W-CART:cart,64,,0.12,0.188,115 114 38 113 77 78 76 37 81 80 86 82 55 88 84 107 85 109 110 104,115 114 38 113 77 78 76 37 81 80 86 82 55 88 84 107 85 109 110 104,simulation,db4,energy,32,25,25,0
ALL,W-NN:k=5,1,,0.12,0.176,115 114 38 113 77 78 76 37 81 80 86 82 55 88 84 107 85 109 110 104,115 114 38 113 77 78 76 37 81 80 86 82 55 88 84 107 85 109 110 104,simulation,db4,energy,32,25,25,0
W-NN,W-NN:k=1,17,2.0,0.04,0.24,114 77 113 75 76 78 83 109 112 115 80 108 111 79 82 84 116 81 105 106,114 78 79 81 83 113 77 80 109 110 111 228 76 82 84 108 112 115 116 74,simulation,db4,usage,32,25,25,0
W-QDA,W-QDA:qda,4,2.0,0.16,0.184,114 77 113 75 76 78 83 109 112 115 80 108 111 79 82 84 116 81 105 106,114 78 79 81 83 113 77 80 109 110 111 228 76 82 84 108 112 115 116 74,simulation,db4,usage,32,25,25,0
W-CART,W-CART:cart,4,1.0,0.12,0.28,114 78 79 81 83 113 77 80 109 110 111 228 76 82 84 108 112 115 116 74,114 78 79 81 83 113 77 80 109 110 111 228 76 82 84 108 112 115 116 74,simulation,db4,usage,32,25,25,0
ALL,W-NN:k=1,17,2.0,0.04,0.24,114 77 113 75 76 78 83 109 112 115 80 108 111 79 82 84 116 81 105 106,114 78 79 81 83 113 77 80 109 110 111 228 76 82 84 108 112 115 116 74,simulation,db4,usage,32,25,25,0
W-NN,W-NN:k=5,10,,0.08,0.158,108 88 38 104 115 114 75 116 83 82 76 107 106 105 103 87 74 85 86 56,108 88 38 104 115 114 75 116 83 82 76 107 106 105 103 87 74 85 86 56,simulation,db4,energy,33,25,25,0
W-QDA,W-QDA:qda,2,,0.04,0.104,108 88 38 104 115 114 75 116 83 82 76 107 106 105 103 87 74 85 86 56,108 88 38 104 115 114 75 116 83 82 76 107 106 105 103 87 74 85 86 56,simulation,db4,energy,33,25,25,0
W-CART,W-CART:cart,4,,0.08,0.168,108 88 38 104 115 114 75 116 83 82 76 107 106 105 103 87 74 85 86 56,108 88 38 104 115 114 75 116 83 82 76 107 106 105 103 87 74 85 86 56,simulation,db4,energy,33,25,25,0
ALL,W-QDA:qda,2,,0.04,0.104,108 88 38 104 115 114 75 116 83 82 76 107 106 105 103 87 74 85 86 56,108 88 38 104 115 114 75 116 83 82 76 107 106 105 103 87 74 85 86 56,simulation,db4,energy,33,25,25,0
W-NN,W-NN:k=1,1,1.5,0.04,0.16,85 106 107 112 78 82 108 109 80 81 86 74 75 77 79 84 88 104 105 111,78 82 85 112 80 106 107 109 108 77 79 81 83 86 113 116 74 75 105 111,simulation,db4,usage,33,25,25,0
W-QDA,W-QDA:qda,1,1.5,0.08,0.126,85 106 107 112 78 82 108 109 80 81 86 74 75 77 79 84 88 104 105 111,78 82 85 112 80 106 107 109 108 77 79 81 83 86 113 116 74 75 105 111,simulation,db4,usage,33,25,25,0
W-CART,W-CART:cart,1,1.5,0.04,0.16,85 106 107 112 78 82 108 109 80 81 86 74 75 77 79 84 88 104 105 111,78 82 85 112 80 106 107 109 108 77 79 81 83 86 113 116 74 75 105 111,simulation,db4,usage,33,25,25,0
ALL,W-NN:k=1,1,1.5,0.04,0.16,85 106 107 112 78 82 108 109 80 81 86 74 75 77 79 84 88 104 105 111,78 82 85 112 80 106 107 109 108 77 79 81 83 86 113 116 74 75 105 111,simulation,db4,usage,33,25,25,0
W-NN,W-NN:k=1,5,,0.12,0.136,87 103 88 121 108 35 109 70 82 102 120 208 117 37 73 119 34 72 104 81,87 103 88 121 108 35 109 70 82 102 120 208 117 37 73 119 34 72 104 81,simulation,db4,energy,34,25,25,0
W-QDA,W-QDA:qda,5,,0.04,0.082,87 103 88 121 108 35 109 70 82 102 120 208 117 37 73 119 34 72 104 81,87 103 88 121 108 35 109 70 82 102 120 208 117 37 73 119 34 72 104 81,simulation,db4,energy,34,25,25,0
W-CART,W-CART:cart,3,,0.16,0.186,87 103 88 121 108 35 109 70 82 102 120 208 117 37 73 119 34 72 104 81,87 103 88 121 108 35 109 70 82 102 120 208 117 37 73 119 34 72 104 81,simulation,db4,energy,34,25,25,0
ALL,W-QDA:qda,5,,0.04,0.082,87 103 88 121 108 35 109 70 82 102 120 208 117 37 73 119 34 72 104 81,87 103 88 121 108 35 109 70 82 102 120 208 117 37 73 119 34 72 104 81,simulation,db4,energy,34,25,25,0
W-NN,W-NN:k=5,18,3.0,0.0,0.164,108 109 116 74 75 81 83 112 115 119 57 73 76 80 85 86 105 106 107 110,109 110 82 83 118 74 75 80 81 108 111 115 116 117 119 77 78 107 112 114,simulation,db4,usage,34,25,25,0
W-QDA,W-QDA:qda,3,3.0,0.04,0.184,108 109 116 74 75 81 83 112 115 119 57 73 76 80 85 86 105 106 107 110,109 110 82 83 118 74 75 80 81 108 111 115 116 117 119 77 78 107 112 114,simulation,db4,usage,34,25,25,0
W-CART,W-CART:cart,1,3.0,0.08,0.262,108 109 116 74 75 81 83 112 115 119 57 73 76 80 85 86 105 106 107 110,109 110 82 83 118 74 75 80 81 108 111 115 116 117 119 77 78 107 112 114,simulation,db4,usage,34,25,25,0
ALL,W-NN:k=5,18,3.0,0.0,0.164,108 109 116 74 75 81 83 112 115 119 57 73 76 80 85 86 105 106 107 110,109 110 82 83 118 74 75 80 81 108 111 115 116 117 119 77 78 107 112 114,simulation,db4,usage,34,25,25,0
W-NN,W-NN:k=3,2,,0.04,0.146,41 105 85 83 108 109 107 51 54 84 170 87 86 76 82 117 43 103 115 52,41 105 85 83 108 109 107 51 54 84 170 87 86 76 82 117 43 103 115 52,simulation,db4,energy,35,25,25,0
W-QDA,W-QDA:qda,2,,0.0,0.184,41 105 85 83 108 109 107 51 54 84 170 87 86 76 82 117 43 103 115 52,41 105 85 83 108 109 107 51 54 84 170 87 86 76 82 117 43 103 115 52,simulation,db4,energy,35,25,25,0
W-CART,W-CART:cart,5,,0.04,0.188,41 105 85 83 108 109 107 51 54 84 170 87 86 76 82 117 43 103 115 52,41 105 85 83 108 109 107 51 54 84 170 87 86 76 82 117 43 103 115 52,simulation,db4,energy,35,25,25,0
ALL,W-QDA:qda,2,,0.0,0.184,41 105 85 83 108 109 107 51 54 84 170 87 86 76 82 117 43 103 115 52,41 105 85 83 108 109 107 51 54 84 170 87 86 76 82 117 43 103 115 52,simulation,db4,energy,35,25,25,0
W-NN,W-NN:k=3,2,3.0,0.04,0.162,84 85 107 104 106 108 109 76 89 105 71 74 75 77 78 79 81 86 87 88,109 106 82 108 110 83 84 85 107 81 105 86 104 74 78 113 117 118 221 75,simulation,db4,usage,35,25,25,0
W-QDA,W-QDA:qda,1,3.0,0.08,0.168,84 85 107 104 106 108 109 76 89 105 71 74 75 77 78 79 81 86 87 88,109 106 82 108 110 83 84 85 107 81 105 86 104 74 78 113 117 118 221 75,simulation,db4,usage,35,25,25,0
W-CART,W-CART:cart,14,0.5,0.0,0.114,108 83 109 110 84 85 81 86 106 107 82 105 167 170 171 214 78 104 111 112,109 106 82 108 110 83 84 85 107 81 105 86 104 74 78 113 117 118 221 75,simulation,db4,usage,35,25,25,0
ALL,W-CART:cart,14,0.5,0.0,0.114,108 83 109 110 84 85 81 86 106 107 82 105 167 170 171 214 78 104 111 112,109 106 82 108 110 83 84 85 107 81 105 86 104 74 78 113 117 118 221 75,simulation,db4,usage,35,25,25,0
W-NN,W-NN:k=3,3,,0.24,0.148,71 240 119 74 59 36 117 118 73 112 58 72 41 142 29 35 82 37 18 60,71 240 119 74 59 36 117 118 73 112 58 72 41 142 29 35 82 37 18 60,simulation,db4,energy,36,25,25,0
W-QDA,W-QDA:qda,5,,0.08,0.13,71 240 119 74 59 36 117 118 73 112 58 72 41 142 29 35 82 37 18 60,71 240 119 74 59 36 117 118 73 112 58 72 41 142 29 35 82 37 18 60,simulation,db4,energy,36,25,25,0
W-CART,W-CART:cart,52,,0.16,0.204,71 240 119 74 59 36 117 118 73 112 58 72 41 142 29 35 82 37 18 60,71 240 119 74 59 36 117 118 73 112 58 72 41 142 29 35 82 37 18 60,simulation,db4,energy,36,25,25,0
ALL,W-QDA:qda,5,,0.08,0.13,71 240 119 74 59 36 117 118 73 112 58 72 41 142 29 35 82 37 18 60,71 240 119 74 59 36 117 118 73 112 58 72 41 142 29 35 82 37 18 60,simulation,db4,energy,36,25,25,0
W-NN,W-NN:k=3,6,1.5,0.16,0.202,111 73 74 81 112 108 115 119 72 75 76 78 79 80 84 109 110 114 117 118,111 73 74 80 81 109 112 114 75 82 115 118 70 76 79 84 108 110 119 157,simulation,db4,usage,36,25,25,0
W-QDA,W-QDA:qda,5,1.5,0.0,0.126,111 73 74 81 112 108 115 119 72 75 76 78 79 80 84 109 110 114 117 118,111 73 74 80 81 109 112 114 75 82 115 118 70 76 79 84 108 110 119 157,simulation,db4,usage,36,25,25,0
W-CART,W-CART:cart,43,2.0,0.08,0.242,111 73 74 81 112 72 79 80 84 108 109 119 76 110 115 116 118 54 70 75,111 73 74 80 81 109 112 114 75 82 115 118 70 76 79 84 108 110 119 157,simulation,db4,usage,36,25,25,0
ALL,W-QDA:qda,5,1.5,0.0,0.126,111 73 74 81 112 108 115 119 72 75 76 78 79 80 84 109 110 114 117 118,111 73 74 80 81 109 112 114 75 82 115 118 70 76 79 84 108 110 119 157,simulation,db4,usage,36,25,25,0
W-NN,W-NN:k=3,10,,0.2,0.332,112 111 78 39 80 55 81 119 79 110 120 83 113 118 56 107 105 77 57 108,112 111 78 39 80 55 81 119 79 110 120 83 113 118 56 107 105 77 57 108,simulation,db4,energy,37,25,25,0
W-QDA,W-QDA:qda,2,,0.28,0.5,112 111 78 39 80 55 81 119 79 110 120 83 113 118 56 107 105 77 57 108,112 111 78 39 80 55 81 119 79 110 120 83 113 118 56 107 105 77 57 108,simulation,db4,energy,37,25,25,0
W-CART,W-CART:cart,20,,0.16,0.308,112 111 78 39 80 55 81 119 79 110 120 83 113 118 56 107 105 77 57 108,112 111 78 39 80 55 81 119 79 110 120 83 113 118 56 107 105 77 57 108,simulation,db4,energy,37,25,25,0
ALL,W-CART:cart,20,,0.16,0.308,112 111 78 39 80 55 81 119 79 110 120 83 113 118 56 107 105 77 57 108,112 111 78 39 80 55 81 119 79 110 120 83 113 118 56 107 105 77 57 108,simulation,db4,energy,37,25,25,0
W-NN,W-NN:k=3,7,0.5,0.12,0.368,80 111 79 110 114 81 113 77 78 112 82 115 156 106 107 109 116 117 158 159,80 81 110 111 77 78 79 114 112 113 82 117 85 105 107 109 115 116 162 168,simulation,db4,usage,37,25,25,0
W-QDA,W-QDA:qda,9,2.0,0.12,0.222,81 110 111 78 112 80 84 113 114 77 79 108 115 116 73 74 83 85 105 109,80 81 110 111 77 78 79 114 112 113 82 117 85 105 107 109 115 116 162 168,simulation,db4,usage,37,25,25,0
W-CART,W-CART:cart,12,2.0,0.12,0.322,81 110 111 78 112 80 84 113 114 77 79 108 115 116 73 74 83 85 105 109,80 81 110 111 77 78 79 114 112 113 82 117 85 105 107 109 115 116 162 168,simulation,db4,usage,37,25,25,0
ALL,W-NN:k=3,7,0.5,0.12,0.368,80 111 79 110 114 81 113 77 78 112 82 115 156 106 107 109 116 117 158 159,80 81 110 111 77 78 79 114 112 113 82 117 85 105 107 109 115 116 162 168,simulation,db4,usage,37,25,25,0
W-NN,W-NN:k=1,2,,0.2,0.2,85 106 86 105 107 108 56 83 84 113 38 78 82 39 55 77 115 76 112 87,85 106 86 105 107 108 56 83 84 113 38 78 82 39 55 77 115 76 112 87,simulation,db4,energy,38,25,25,0
W-QDA,W-QDA:qda,1,,0.08,0.154,85 106 86 105 107 108 56 83 84 113 38 78 82 39 55 77 115 76 112 87,85 106 86 105 107 108 56 83 84 113 38 78 82 39 55 77 115 76 112 87,simulation,db4,energy,38,25,25,0
W-CART,W-CART:cart,34,,0.08,0.314,85 106 86 105 107 108 56 83 84 113 38 78 82 39 55 77 115 76 112 87,85 106 86 105 107 108 56 83 84 113 38 78 82 39 55 77 115 76 112 87,simulation,db4,energy,38,25,25,0
ALL,W-QDA:qda,1,,0.08,0.154,85 106 86 105 107 108 56 83 84 113 38 78 82 39 55 77 115 76 112 87,85 106 86 105 107 108 56 83 84 113 38 78 82 39 55 77 115 76 112 87,simulation,db4,energy,38,25,25,0
W-NN,W-NN:k=1,4,2.0,0.04,0.252,114 113 78 116 118 76 79 81 84 112 115 74 75 77 80 82 83 108 111 56,79 116 114 115 78 80 112 113 75 76 81 82 84 111 117 77 83 109 110 118,simulation,db4,usage,38,25,25,0
W-QDA,W-QDA:qda,6,0.5,0.12,0.208,82 83 80 115 116 75 78 79 113 114 117 74 108 111 112 149 76 77 81 84,79 116 114 115 78 80 112 113 75 76 81 82 84 111 117 77 83 109 110 118,simulation,db4,usage,38,25,25,0
W-CART,W-CART:cart,21,0.5,0.08,0.16,82 83 80 115 116 75 78 79 113 114 117 74 108 111 112 149 76 77 81 84,79 116 114 115 78 80 112 113 75 76 81 82 84 111 117 77 83 109 110 118,simulation,db4,usage,38,25,25,0
ALL,W-NN:k=1,4,2.0,0.04,0.252,114 113 78 116 118 76 79 81 84 112 115 74 75 77 80 82 83 108 111 56,79 116 114 115 78 80 112 113 75 76 81 82 84 111 117 77 83 109 110 118,simulation,db4,usage,38,25,25,0
W-NN,W-NN:k=1,9,,0.08,0.174,77 83 54 78 174 105 175 82 115 86 74 227 84 226 104 209 76 85 118 173,77 83 54 78 174 105 175 82 115 86 74 227 84 226 104 209 76 85 118 173,simulation,db4,energy,39,25,25,0
W-QDA,W-QDA:qda,9,,0.0,0.112,77 83 54 78 174 105 175 82 115 86 74 227 84 226 104 209 76 85 118 173,77 83 54 78 174 105 175 82 115 86 74 227 84 226 104 209 76 85 118 173,simulation,db4,energy,39,25,25,0
W-CART,W-CART:cart,6,,0.12,0.13,77 83 54 78 174 105 175 82 115 86 74 227 84 226 104 209 76 85 118 173,77 83 54 78 174 105 175 82 115 86 74 227 84 226 104 209 76 85 118 173,simulation,db4,energy,39,25,25,0
ALL,W-QDA:qda,9,,0.0,0.112,77 83 54 78 174 105 175 82 115 86 74 227 84 226 104 209 76 85 118 173,77 83 54 78 174 105 175 82 115 86 74 227 84 226 104 209 76 85 118 173,simulation,db4,energy,39,25,25,0
W-NN,W-NN:k=1,9,0.5,0.04,0.248,112 110 113 114 80 109 111 77 79 81 108 160 78 82 162 167 76 83 85 105,111 112 80 109 108 110 77 78 82 113 76 79 83 86 106 114 81 104 115 73,simulation,db4,usage,39,25,25,0
W-QDA,W-QDA:qda,8,3.0,0.04,0.044,86 108 76 80 104 105 106 118 79 85 111 115 117 119 120 74 78 83 84 107,111 112 80 109 108 110 77 78 82 113 76 79 83 86 106 114 81 104 115 73,simulation,db4,usage,39,25,25,0
W-CART,W-CART:cart,14,3.0,0.16,0.234,86 108 76 80 104 105 106 118 79 85 111 115 117 119 120 74 78 83 84 107,111 112 80 109 108 110 77 78 82 113 76 79 83 86 106 114 81 104 115 73,simulation,db4,usage,39,25,25,0
ALL,W-QDA:qda,8,3.0,0.04,0.044,86 108 76 80 104 105 106 118 79 85 111 115 117 119 120 74 78 83 84 107,111 112 80 109 108 110 77 78 82 113 76 79 83 86 106 114 81 104 115 73,simulation,db4,usage,39,25,25,0
W-NN,W-NN:k=1,21,,0.2,0.24,113 78 56 39 77 156 43 75 155 19 79 74 87 58 111 105 104 9 81 88,113 78 56 39 77 156 43 75 155 19 79 74 87 58 111 105 104 9 81 88,simulation,db4,energy,40,25,25,0
W-QDA,W-QDA:qda,9,,0.16,0.246,113 78 56 39 77 156 43 75 155 19 79 74 87 58 111 105 104 9 81 88,113 78 56 39 77 156 43 75 155 19 79 74 87 58 111 105 104 9 81 88,simulation,db4,energy,40,25,25,0
W-CART,W-CART:cart,14,,0.08,0.16,113 78 56 39 77 156 43 75 155 19 79 74 87 58 111 105 104 9 81 88,113 78 56 39 77 156 43 75 155 19 79 74 87 58 111 105 104 9 81 88,simulation,db4,energy,40,25,25,0
ALL,W-CART:cart,14,,0.08,0.16,113 78 56 39 77 156 43 75 155 19 79 74 87 58 111 105 104 9 81 88,113 78 56 39 77 156 43 75 155 19 79 74 87 58 111 105 104 9 81 88,simulation,db4,energy,40,25,25,0
W-NN,W-NN:k=1,7,2.0,0.04,0.216,75 76 77 104 106 114 78 79 105 112 115 81 83 85 107 111 113 116 73 74,115 75 76 77 113 104 106 78 85 87 107 114 116 117 74 79 80 81 83 84,simulation,db4,usage,40,25,25,0
W-QDA,W-QDA:qda,5,2.0,0.08,0.06,75 76 77 104 106 114 78 79 105 112 115 81 83 85 107 111 113 116 73 74,115 75 76 77 113 104 106 78 85 87 107 114 116 117 74 79 80 81 83 84,simulation,db4,usage,40,25,25,0
W-CART,W-CART:cart,4,2.0,0.08,0.156,75 76 77 104 106 114 78 79 105 112 115 81 83 85 107 111 113 116 73 74,115 75 76 77 113 104 106 78 85 87 107 114 116 117 74 79 80 81 83 84,simulation,db4,usage,40,25,25,0
ALL,W-NN:k=1,7,2.0,0.04,0.216,75 76 77 104 106 114 78 79 105 112 115 81 83 85 107 111 113 116 73 74,115 75 76 77 113 104 106 78 85 87 107 114 116 117 74 79 80 81 83 84,simulation,db4,usage,40,25,25,0
W-NN,W-NN:k=1,3,,0.04,0.15,103 104 109 102 84 110 83 87 106 80 82 107 81 58 178 105 177 40 86 112,103 104 109 102 84 110 83 87 106 80 82 107 81 58 178 105 177 40 86 112,simulation,db4,energy,41,25,25,0
W-QDA,W-QDA:qda,2,,0.08,0.102,103 104 109 102 84 110 83 87 106 80 82 107 81 58 178 105 177 40 86 112,103 104 109 102 84 110 83 87 106 80 82 107 81 58 178 105 177 40 86 112,simulation,db4,energy,41,25,25,0
W-CART,W-CART:cart,11,,0.08,0.182,103 104 109 102 84 110 83 87 106 80 82 107 81 58 178 105 177 40 86 112,103 104 109 102 84 110 83 87 106 80 82 107 81 58 178 105 177 40 86 112,simulation,db4,energy,41,25,25,0
ALL,W-NN:k=1,3,,0.04,0.15,103 104 109 102 84 110 83 87 106 80 82 107 81 58 178 105 177 40 86 112,103 104 109 102 84 110 83 87 106 80 82 107 81 58 178 105 177 40 86 112,simulation,db4,energy,41,25,25,0
W-NN,W-NN:k=1,1,3.0,0.08,0.272,106 110 84 83 80 107 109 85 105 112 78 79 82 104 108 81 86 163 165 166,110 77 79 106 78 80 81 82 84 105 107 109 83 108 111 86 104 112 171 85,simulation,db4,usage,41,25,25,0
W-QDA,W-QDA:qda,1,3.0,0.04,0.124,106 110 84 83 80 107 109 85 105 112 78 79 82 104 108 81 86 163 165 166,110 77 79 106 78 80 81 82 84 105 107 109 83 108 111 86 104 112 171 85,simulation,db4,usage,41,25,25,0
W-CART,W-CART:cart,8,1.0,0.04,0.166,110 77 79 106 78 80 81 82 84 105 107 109 83 108 111 86 104 112 171 85,110 77 79 106 78 80 81 82 84 105 107 109 83 108 111 86 104 112 171 85,simulation,db4,usage,41,25,25,0
ALL,W-QDA:qda,1,3.0,0.04,0.124,106 110 84 83 80 107 109 85 105 112 78 79 82 104 108 81 86 163 165 166,110 77 79 106 78 80 81 82 84 105 107 109 83 108 111 86 104 112 171 85,simulation,db4,usage,41,25,25,0
W-NN,W-NN:k=3,3,,0.08,0.136,87 52 88 112 110 117 82 80 116 85 111 81 83 89 109 105 86 118 84 77,87 52 88 112 110 117 82 80 116 85 111 81 83 89 109 105 86 118 84 77,simulation,db4,energy,42,25,25,0
W-QDA,W-QDA:qda,1,,0.12,0.112,87 52 88 112 110 117 82 80 116 85 111 81 83 89 109 105 86 118 84 77,87 52 88 112 110 117 82 80 116 85 111 81 83 89 109 105 86 118 84 77,simulation,db4,energy,42,25,25,0
W-CART,W-CART:cart,3,,0.04,0.162,87 52 88 112 110 117 82 80 116 85 111 81 83 89 109 105 86 118 84 77,87 52 88 112 110 117 82 80 116 85 111 81 83 89 109 105 86 118 84 77,simulation,db4,energy,42,25,25,0
ALL,W-CART:cart,3,,0.04,0.162,87 52 88 112 110 117 82 80 116 85 111 81 83 89 109 105 86 118 84 77,87 52 88 112 110 117 82 80 116 85 111 81 83 89 109 105 86 118 84 77,simulation,db4,energy,42,25,25,0
W-NN,W-NN:k=1,2,3.0,0.04,0.168,85 87 82 86 105 109 83 84 81 104 106 80 102 110 111 112 216 217 221 107,109 80 81 82 85 103 104 105 84 106 110 78 79 83 86 87 102 108 112 113,simulation,db4,usage,42,25,25,0
W-QDA,W-QDA:qda,2,3.0,0.04,0.124,85 87 82 86 105 109 83 84 81 104 106 80 102 110 111 112 216 217 221 107,109 80 81 82 85 103 104 105 84 106 110 78 79 83 86 87 102 108 112 113,simulation,db4,usage,42,25,25,0
W-CART,W-CART:cart,5,2.0,0.04,0.13,85 105 82 84 87 109 81 112 86 104 106 108 113 83 110 79 80 103 107 215,109 80 81 82 85 103 104 105 84 106 110 78 79 83 86 87 102 108 112 113,simulation,db4,usage,42,25,25,0
ALL,W-NN:k=1,2,3.0,0.04,0.168,85 87 82 86 105 109 83 84 81 104 106 80 102 110 111 112 216 217 221 107,109 80 81 82 85 103 104 105 84 106 110 78 79 83 86 87 102 108 112 113,simulation,db4,usage,42,25,25,0
W-NN,W-NN:k=3,59,,0.0,0.194,42 79 84 85 105 109 80 60 112 213 43 107 106 111 165 212 83 81 219 164,42 79 84 85 105 109 80 60 112 213 43 107 106 111 165 212 83 81 219 164,simulation,db4,energy,43,25,25,0
W-QDA,W-QDA:qda,3,,0.16,0.148,42 79 84 85 105 109 80 60 112 213 43 107 106 111 165 212 83 81 219 164,42 79 84 85 105 109 80 60 112 213 43 107 106 111 165 212 83 81 219 164,simulation,db4,energy,43,25,25,0
W-CART,W-CART:cart,35,,0.12,0.252,42 79 84 85 105 109 80 60 112 213 43 107 106 111 165 212 83 81 219 164,42 79 84 85 105 109 80 60 112 213 43 107 106 111 165 212 83 81 219 164,simulation,db4,energy,43,25,25,0
ALL,W-NN:k=3,59,,0.0,0.194,42 79 84 85 105 109 80 60 112 213 43 107 106 111 165 212 83 81 219 164,42 79 84 85 105 109 80 60 112 213 43 107 106 111 165 212 83 81 219 164,simulation,db4,energy,43,25,25,0
W-NN,W-NN:k=1,3,2.0,0.08,0.136,84 83 86 107 109 85 87 77 78 104 106 108 212 73 105 114 118 119 213 214,84 107 83 80 86 87 78 79 85 105 106 108 109 212 213 77 81 82 104 112,simulation,db4,usage,43,25,25,0
W-QDA,W-QDA:qda,2,2.0,0.08,0.166,84 83 86 107 109 85 87 77 78 104 106 108 212 73 105 114 118 119 213 214,84 107 83 80 86 87 78 79 85 105 106 108 109 212 213 77 81 82 104 112,simulation,db4,usage,43,25,25,0
W-CART,W-CART:cart,6,1.0,0.04,0.16,84 107 83 80 86 87 78 79 85 105 106 108 109 212 213 77 81 82 104 112,84 107 83 80 86 87 78 79 85 105 106 108 109 212 213 77 81 82 104 112,simulation,db4,usage,43,25,25,0
ALL,W-CART:cart,6,1.0,0.04,0.16,84 107 83 80 86 87 78 79 85 105 106 108 109 212 213 77 81 82 104 112,84 107 83 80 86 87 78 79 85 105 106 108 109 212 213 77 81 82 104 112,simulation,db4,usage,43,25,25,0
W-NN,W-NN:k=1,21,,0.04,0.238,158 56 112 107 85 79 108 84 72 157 119 42 83 113 106 117 159 214 118 88,158 56 112 107 85 79 108 84 72 157 119 42 83 113 106 117 159 214 118 88,simulation,db4,energy,44,25,25,0
W-QDA,W-QDA:qda,5,,0.2,0.198,158 56 112 107 85 79 108 84 72 157 119 42 83 113 106 117 159 214 118 88,158 56 112 107 85 79 108 84 72 157 119 42 83 113 106 117 159 214 118 88,simulation,db4,energy,44,25,25,0
W-CART,W-CART:cart,9,,0.08,0.218,158 56 112 107 85 79 108 84 72 157 119 42 83 113 106 117 159 214 118 88,158 56 112 107 85 79 108 84 72 157 119 42 83 113 106 117 159 214 118 88,simulation,db4,energy,44,25,25,0
ALL,W-NN:k=1,21,,0.04,0.238,158 56 112 107 85 79 108 84 72 157 119 42 83 113 106 117 159 214 118 88,158 56 112 107 85 79 108 84 72 157 119 42 83 113 106 117 159 214 118 88,simulation,db4,energy,44,25,25,0
W-NN,W-NN:k=3,2,3.0,0.0,0.15,106 84 85 108 112 82 107 109 110 111 83 113 76 78 79 81 86 88 117 160,107 108 81 110 82 83 106 109 111 112 79 84 80 113 85 86 103 104 77 78,simulation,db4,usage,44,25,25,0
W-QDA,W-QDA:qda,3,1.0,0.0,0.166,107 108 81 110 82 83 106 109 111 112 79 84 80 113 85 86 103 104 77 78,107 108 81 110 82 83 106 109 111 112 79 84 80 113 85 86 103 104 77 78,simulation,db4,usage,44,25,25,0
W-CART,W-CART:cart,3,3.0,0.0,0.164,106 84 85 108 112 82 107 109 110 111 83 113 76 78 79 81 86 88 117 160,107 108 81 110 82 83 106 109 111 112 79 84 80 113 85 86 103 104 77 78,simulation,db4,usage,44,25,25,0
ALL,W-NN:k=3,2,3.0,0.0,0.15,106 84 85 108 112 82 107 109 110 111 83 113 76 78 79 81 86 88 117 160,107 108 81 110 82 83 106 109 111 112 79 84 80 113 85 86 103 104 77 78,simulation,db4,usage,44,25,25,0
W-NN,W-NN:k=1,6,,0.16,0.196,114 37 76 58 36 75 72 116 60 74 77 71 112 118 40 69 111 109 70 57,114 37 76 58 36 75 72 116 60 74 77 71 112 118 40 69 111 109 70 57,simulation,db4,energy,45,25,25,0
W-QDA,W-QDA:qda,3,,0.16,0.202,114 37 76 58 36 75 72 116 60 74 77 71 112 118 40 69 111 109 70 57,114 37 76 58 36 75 72 116 60 74 77 71 112 118 40 69 111 109 70 57,simulation,db4,energy,45,25,25,0
W-CART,W-CART:cart,7,,0.16,0.138,114 37 76 58 36 75 72 116 60 74 77 71 112 118 40 69 111 109 70 57,114 37 76 58 36 75 72 116 60 74 77 71 112 118 40 69 111 109 70 57,simulation,db4,energy,45,25,25,0
ALL,W-QDA:qda,3,,0.16,0.202,114 37 76 58 36 75 72 116 60 74 77 71 112 118 40 69 111 109 70 57,114 37 76 58 36 75 72 116 60 74 77 71 112 118 40 69 111 109 70 57,simulation,db4,energy,45,25,25,0
W-NN,W-NN:k=1,2,0.5,0.04,0.196,115 116 77 72 73 75 78 114 117 74 76 80 113 118 106 111 233 79 83 112,116 117 73 74 75 114 115 113 76 78 112 118 77 80 84 107 108 110 72 79,simulation,db4,usage,45,25,25,0
W-QDA,W-QDA:qda,2,1.5,0.08,0.082,73 116 74 114 115 117 75 78 112 76 77 80 109 113 81 82 84 85 107 108,116 117 73 74 75 114 115 113 76 78 112 118 77 80 84 107 108 110 72 79,simulation,db4,usage,45,25,25,0
W-CART,W-CART:cart,2,1.5,0.08,0.108,73 116 74 114 115 117 75 78 112 76 77 80 109 113 81 82 84 85 107 108,116 117 73 74 75 114 115 113 76 78 112 118 77 80 84 107 108 110 72 79,simulation,db4,usage,45,25,25,0
ALL,W-NN:k=1,2,0.5,0.04,0.196,115 116 77 72 73 75 78 114 117 74 76 80 113 118 106 111 233 79 83 112,116 117 73 74 75 114 115 113 76 78 112 118 77 80 84 107 108 110 72 79,simulation,db4,usage,45,25,25,0
W-NN,W-NN:k=3,10,,0.24,0.32,81 110 79 80 74 51 112 76 111 116 40 114 78 88 117 39 86 75 77 115,81 110 79 80 74 51 112 76 111 116 40 114 78 88 117 39 86 75 77 115,simulation,db4,energy,46,25,25,0
W-QDA,W-QDA:qda,5,,0.16,0.246,81 110 79 80 74 51 112 76 111 116 40 114 78 88 117 39 86 75 77 115,81 110 79 80 74 51 112 76 111 116 40 114 78 88 117 39 86 75 77 115,simulation,db4,energy,46,25,25,0
W-CART,W-CART:cart,34,,0.12,0.14,81 110 79 80 74 51 112 76 111 116 40 114 78 88 117 39 86 75 77 115,81 110 79 80 74 51 112 76 111 116 40 114 78 88 117 39 86 75 77 115,simulation,db4,energy,46,25,25,0
ALL,W-CART:cart,34,,0.12,0.14,81 110 79 80 74 51 112 76 111 116 40 114 78 88 117 39 86 75 77 115,81 110 79 80 74 51 112 76 111 116 40 114 78 88 117 39 86 75 77 115,simulation,db4,energy,46,25,25,0
W-NN,W-NN:k=3,2,1.0,0.08,0.268,77 110 111 112 78 80 83 113 76 79 81 82 84 108 109 114 115 231 85 107,77 110 111 112 78 80 83 113 76 79 81 82 84 108 109 114 115 231 85 107,simulation,db4,usage,46,25,25,0
W-QDA,W-QDA:qda,2,0.5,0.12,0.328,111 113 79 80 107 109 110 77 78 81 82 108 112 228 83 106 224 231 76 114,77 110 111 112 78 80 83 113 76 79 81 82 84 108 109 114 115 231 85 107,simulation,db4,usage,46,25,25,0
W-CART,W-CART:cart,2,1.0,0.08,0.264,77 110 111 112 78 80 83 113 76 79 81 82 84 108 109 114 115 231 85 107,77 110 111 112 78 80 83 113 76 79 81 82 84 108 109 114 115 231 85 107,simulation,db4,usage,46,25,25,0
ALL,W-NN:k=3,2,1.0,0.08,0.268,77 110 111 112 78 80 83 113 76 79 81 82 84 108 109 114 115 231 85 107,77 110 111 112 78 80 83 113 76 79 81 82 84 108 109 114 115 231 85 107,simulation,db4,usage,46,25,25,0
W-NN,W-NN:k=3,2,,0.04,0.138,75 116 117 112 37 58 115 79 73 118 74 36 57 76 80 151 113 39 114 72,75 116 117 112 37 58 115 79 73 118 74 36 57 76 80 151 113 39 114 72,simulation,db4,energy,47,25,25,0
W-QDA,W-QDA:qda,1,,0.08,0.17,75 116 117 112 37 58 115 79 73 118 74 36 57 76 80 151 113 39 114 72,75 116 117 112 37 58 115 79 73 118 74 36 57 76 80 151 113 39 114 72,simulation,db4,energy,47,25,25,0
W-CART,W-CART:cart,39,,0.12,0.216,75 116 117 112 37 58 115 79 73 118 74 36 57 76 80 151 113 39 114 72,75 116 117 112 37 58 115 79 73 118 74 36 57 76 80 151 113 39 114 72,simulation,db4,energy,47,25,25,0
ALL,W-NN:k=3,2,,0.04,0.138,75 116 117 112 37 58 115 79 73 118 74 36 57 76 80 151 113 39 114 72,75 116 117 112 37 58 115 79 73 118 74 36 57 76 80 151 113 39 114 72,simulation,db4,energy,47,25,25,0
W-NN,W-NN:k=1,5,1.0,0.0,0.212,116 78 77 113 114 118 75 76 115 117 72 79 111 112 74 110 237 71 73 119,116 78 77 113 114 118 75 76 115 117 72 79 111 112 74 110 237 71 73 119,simulation,db4,usage,47,25,25,0
W-QDA,W-QDA:qda,2,2.0,0.08,0.132,116 75 78 117 115 118 73 74 76 79 110 111 72 113 114 36 80 81 82 109,116 78 77 113 114 118 75 76 115 117 72 79 111 112 74 110 237 71 73 119,simulation,db4,usage,47,25,25,0
W-CART,W-CART:cart,2,1.0,0.12,0.136,116 78 77 113 114 118 75 76 115 117 72 79 111 112 74 110 237 71 73 119,116 78 77 113 114 118 75 76 115 117 72 79 111 112 74 110 237 71 73 119,simulation,db4,usage,47,25,25,0
ALL,W-NN:k=1,5,1.0,0.0,0.212,116 78 77 113 114 118 75 76 115 117 72 79 111 112 74 110 237 71 73 119,116 78 77 113 114 118 75 76 115 117 72 79 111 112 74 110 237 71 73 119,simulation,db4,usage,47,25,25,0
W-NN,W-NN:k=3,16,,0.04,0.142,141 120 241 86 85 60 87 121 142 35 70 103 43 75 77 37 114 52 51 115,141 120 241 86 85 60 87 121 142 35 70 103 43 75 77 37 114 52 51 115,simulation,db4,energy,48,25,25,0
W-QDA,W-QDA:qda,6,,0.08,0.08,141 120 241 86 85 60 87 121 142 35 70 103 43 75 77 37 114 52 51 115,141 120 241 86 85 60 87 121 142 35 70 103 43 75 77 37 114 52 51 115,simulation,db4,energy,48,25,25,0
W-CART,W-CART:cart,5,,0.0,0.156,141 120 241 86 85 60 87 121 142 35 70 103 43 75 77 37 114 52 51 115,141 120 241 86 85 60 87 121 142 35 70 103 43 75 77 37 114 52 51 115,simulation,db4,energy,48,25,25,0
ALL,W-CART:cart,5,,0.0,0.156,141 120 241 86 85 60 87 121 142 35 70 103 43 75 77 37 114 52 51 115,141 120 241 86 85 60 87 121 142 35 70 103 43 75 77 37 114 52 51 115,simulation,db4,energy,48,25,25,0
W-NN,W-NN:k=3,7,3.0,0.04,0.144,76 74 75 114 86 113 116 87 117 73 78 84 106 115 51 55 56 71 72 77,112 76 113 114 116 75 77 115 74 78 79 85 111 117 119 71 72 73 80 83,simulation,db4,usage,48,25,25,0
W-QDA,W-QDA:qda,5,3.0,0.0,0.108,76 74 75 114 86 113 116 87 117 73 78 84 106 115 51 55 56 71 72 77,112 76 113 114 116 75 77 115 74 78 79 85 111 117 119 71 72 73 80 83,simulation,db4,usage,48,25,25,0
W-CART,W-CART:cart,12,1.0,0.0,0.156,112 76 113 114 116 75 77 115 74 78 79 85 111 117 119 71 72 73 80 83,112 76 113 114 116 75 77 115 74 78 79 85 111 117 119 71 72 73 80 83,simulation,db4,usage,48,25,25,0
ALL,W-QDA:qda,5,3.0,0.0,0.108,76 74 75 114 86 113 116 87 117 73 78 84 106 115 51 55 56 71 72 77,112 76 113 114 116 75 77 115 74 78 79 85 111 117 119 71 72 73 80 83,simulation,db4,usage,48,25,25,0
W-NN,W-NN:k=3,1,,0.08,0.182,118 36 117 59 72 73 83 74 115 119 85 75 116 106 107 109 81 76 86 84,118 36 117 59 72 73 83 74 115 119 85 75 116 106 107 109 81 76 86 84,simulation,db4,energy,49,25,25,0
W-QDA,W-QDA:qda,1,,0.04,0.11,118 36 117 59 72 73 83 74 115 119 85 75 116 106 107 109 81 76 86 84,118 36 117 59 72 73 83 74 115 119 85 75 116 106 107 109 81 76 86 84,simulation,db4,energy,49,25,25,0
W-CART,W-CART:cart,2,,0.08,0.136,118 36 117 59 72 73 83 74 115 119 85 75 116 106 107 109 81 76 86 84,118 36 117 59 72 73 83 74 115 119 85 75 116 106 107 109 81 76 86 84,simulation,db4,energy,49,25,25,0
ALL,W-QDA:qda,1,,0.04,0.11,118 36 117 59 72 73 83 74 115 119 85 75 116 106 107 109 81 76 86 84,118 36 117 59 72 73 83 74 115 119 85 75 116 106 107 109 81 76 86 84,simulation,db4,energy,49,25,25,0
W-NN,W-NN:k=7,29,1.5,0.0,0.238,114 74 77 72 73 108 113 117 75 76 81 110 71 83 84 109 115 116 118 119,75 117 108 114 72 74 76 77 110 113 115 73 81 107 116 71 80 109 111 112,simulation,db4,usage,49,25,25,0
W-QDA,W-QDA:qda,2,1.0,0.0,0.094,75 117 108 114 72 74 76 77 110 113 115 73 81 107 116 71 80 109 111 112,75 117 108 114 72 74 76 77 110 113 115 73 81 107 116 71 80 109 111 112,simulation,db4,usage,49,25,25,0
W-CART,W-CART:cart,1,2.0,0.04,0.14,74 73 108 75 77 81 117 71 72 76 109 113 114 115 118 85 104 110 116 82,75 117 108 114 72 74 76 77 110 113 115 73 81 107 116 71 80 109 111 112,simulation,db4,usage,49,25,25,0
ALL,W-QDA:qda,2,1.0,0.0,0.094,75 117 108 114 72 74 76 77 110 113 115 73 81 107 116 71 80 109 111 112,75 117 108 114 72 74 76 77 110 113 115 73 81 107 116 71 80 109 111 112,simulation,db4,usage,49,25,25,0
W-NN,W-NN:k=1,15,,0.12,0.238,111 81 79 112 76 77 115 38 78 84 113 53 116 107 85 83 114 80 82 75,111 81 79 112 76 77 115 38 78 84 113 53 116 107 85 83 114 80 82 75,simulation,db4,energy,50,25,25,0
W-QDA,W-QDA:qda,7,,0.12,0.218,111 81 79 112 76 77 115 38 78 84 113 53 116 107 85 83 114 80 82 75,111 81 79 112 76 77 115 38 78 84 113 53 116 107 85 83 114 80 82 75,simulation,db4,energy,50,25,25,0
W-CART,W-CART:cart,5,,0.12,0.248,111 81 79 112 76 77 115 38 78 84 113 53 116 107 85 83 114 80 82 75,111 81 79 112 76 77 115 38 78 84 113 53 116 107 85 83 114 80 82 75,simulation,db4,energy,50,25,25,0
ALL,W-CART:cart,5,,0.12,0.248,111 81 79 112 76 77 115 38 78 84 113 53 116 107 85 83 114 80 82 75,111 81 79 112 76 77 115 38 78 84 113 53 116 107 85 83 114 80 82 75,simulation,db4,energy,50,25,25,0
W-NN,W-NN:k=1,10,3.0,0.08,0.254,111 77 79 82 109 112 115 78 75 76 80 84 87 107 108 114 116 39 81 83,79 80 109 110 111 108 39 75 78 81 84 112 40 77 82 114 41 107 113 115,simulation,db4,usage,50,25,25,0
W-QDA,W-QDA:qda,8,1.0,0.08,0.158,79 80 109 110 111 108 39 75 78 81 84 112 40 77 82 114 41 107 113 115,79 80 109 110 111 108 39 75 78 81 84 112 40 77 82 114 41 107 113 115,simulation,db4,usage,50,25,25,0
W-CART,W-CART:cart,37,3.0,0.08,0.13,111 77 79 82 109 112 115 78 75 76 80 84 87 107 108 114 116 39 81 83,79 80 109 110 111 108 39 75 78 81 84 112 40 77 82 114 41 107 113 115,simulation,db4,usage,50,25,25,0
ALL,W-QDA:qda,8,1.0,0.08,0.158,79 80 109 110 111 108 39 75 78 81 84 112 40 77 82 114 41 107 113 115,79 80 109 110 111 108 39 75 78 81 84 112 40 77 82 114 41 107 113 115,simulation,db4,usage,50,25,25,0
W-NN,W-NN:k=1,2,,0.16,0.112,43 105 118 73 44 39 104 85 103 106 87 117 74 72 84 111 86 58 108 76,43 105 118 73 44 39 104 85 103 106 87 117 74 72 84 111 86 58 108 76,simulation,db4,energy,51,25,25,0
W-QDA,W-QDA:qda,3,,0.04,0.05,43 105 118 73 44 39 104 85 103 106 87 117 74 72 84 111 86 58 108 76,43 105 118 73 44 39 104 85 103 106 87 117 74 72 84 111 86 58 108 76,simulation,db4,energy,51,25,25,0
W-CART,W-CART:cart,4,,0.08,0.114,43 105 118 73 44 39 104 85 103 106 87 117 74 72 84 111 86 58 108 76,43 105 118 73 44 39 104 85 103 106 87 117 74 72 84 111 86 58 108 76,simulation,db4,energy,51,25,25,0
ALL,W-QDA:qda,3,,0.04,0.05,43 105 118 73 44 39 104 85 103 106 87 117 74 72 84 111 86 58 108 76,43 105 118 73 44 39 104 85 103 106 87 117 74 72 84 111 86 58 108 76,simulation,db4,energy,51,25,25,0
W-NN,W-NN:k=1,3,2.0,0.0,0.204,75 85 76 105 82 83 108 117 84 88 104 106 115 41 73 74 77 86 87 103,113 76 77 82 75 83 84 85 105 106 107 114 74 79 104 108 109 110 115 117,simulation,db4,usage,51,25,25,0
W-QDA,W-QDA:qda,3,2.0,0.0,0.102,75 85 76 105 82 83 108 117 84 88 104 106 115 41 73 74 77 86 87 103,113 76 77 82 75 83 84 85 105 106 107 114 74 79 104 108 109 110 115 117,simulation,db4,usage,51,25,25,0
W-CART,W-CART:cart,11,2.0,0.08,0.226,75 85 76 105 82 83 108 117 84 88 104 106 115 41 73 74 77 86 87 103,113 76 77 82 75 83 84 85 105 106 107 114 74 79 104 108 109 110 115 117,simulation,db4,usage,51,25,25,0
ALL,W-NN:k=1,3,2.0,0.0,0.204,75 85 76 105 82 83 108 117 84 88 104 106 115 41 73 74 77 86 87 103,113 76 77 82 75 83 84 85 105 106 107 114 74 79 104 108 109 110 115 117,simulation,db4,usage,51,25,25,0
W-NN,W-NN:k=1,11,,0.04,0.164,114 87 113 78 75 116 86 115 35 117 80 70 39 119 85 72 112 156 74 76,114 87 113 78 75 116 86 115 35 117 80 70 39 119 85 72 112 156 74 76,simulation,db4,energy,52,25,25,0
W-QDA,W-QDA:qda,2,,0.24,0.106,114 87 113 78 75 116 86 115 35 117 80 70 39 119 85 72 112 156 74 76,114 87 113 78 75 116 86 115 35 117 80 70 39 119 85 72 112 156 74 76,simulation,db4,energy,52,25,25,0
W-CART,W-CART:cart,47,,0.12,0.176,114 87 113 78 75 116 86 115 35 117 80 70 39 119 85 72 112 156 74 76,114 87 113 78 75 116 86 115 35 117 80 70 39 119 85 72 112 156 74 76,simulation,db4,energy,52,25,25,0
ALL,W-NN:k=1,11,,0.04,0.164,114 87 113 78 75 116 86 115 35 117 80 70 39 119 85 72 112 156 74 76,114 87 113 78 75 116 86 115 35 117 80 70 39 119 85 72 112 156 74 76,simulation,db4,energy,52,25,25,0
W-NN,W-NN:k=3,1,1.5,0.04,0.14,74 77 78 79 113 114 116 75 80 81 108 109 110 112 115 111 72 73 76 83,77 79 114 74 75 78 108 112 115 80 81 109 110 113 116 72 76 84 111 117,simulation,db4,usage,52,25,25,0
W-QDA,W-QDA:qda,1,1.5,0.08,0.168,74 77 78 79 113 114 116 75 80 81 108 109 110 112 115 111 72 73 76 83,77 79 114 74 75 78 108 112 115 80 81 109 110 113 116 72 76 84 111 117,simulation,db4,usage,52,25,25,0
W-CART,W-CART:cart,15,2.0,0.12,0.182,114 75 109 74 77 78 79 80 81 110 112 113 115 116 72 73 76 111 117 71,77 79 114 74 75 78 108 112 115 80 81 109 110 113 116 72 76 84 111 117,simulation,db4,usage,52,25,25,0
ALL,W-NN:k=3,1,1.5,0.04,0.14,74 77 78 79 113 114 116 75 80 81 108 109 110 112 115 111 72 73 76 83,77 79 114 74 75 78 108 112 115 80 81 109 110 113 116 72 76 84 111 117,simulation,db4,usage,52,25,25,0
W-NN,W-NN:k=5,4,,0.2,0.304,56 141 121 120 111 70 109 107 142 85 84 119 243 77 106 242 78 53 140 71,56 141 121 120 111 70 109 107 142 85 84 119 243 77 106 242 78 53 140 71,simulation,db4,energy,53,25,25,0
W-QDA,W-QDA:qda,6,,0.08,0.098,56 141 121 120 111 70 109 107 142 85 84 119 243 77 106 242 78 53 140 71,56 141 121 120 111 70 109 107 142 85 84 119 243 77 106 242 78 53 140 71,simulation,db4,energy,53,25,25,0
W-CART,W-CART:cart,10,,0.04,0.156,56 141 121 120 111 70 109 107 142 85 84 119 243 77 106 242 78 53 140 71,56 141 121 120 111 70 109 107 142 85 84 119 243 77 106 242 78 53 140 71,simulation,db4,energy,53,25,25,0
ALL,W-CART:cart,10,,0.04,0.156,56 141 121 120 111 70 109 107 142 85 84 119 243 77 106 242 78 53 140 71,56 141 121 120 111 70 109 107 142 85 84 119 243 77 106 242 78 53 140 71,simulation,db4,energy,53,25,25,0
W-NN,W-NN:k=1,17,3.0,0.04,0.244,109 113 111 112 78 79 81 110 80 83 107 114 77 82 105 108 119 73 75 76,114 113 80 82 109 111 79 112 78 81 83 107 110 75 84 85 106 108 115 116,simulation,db4,usage,53,25,25,0
W-QDA,W-QDA:qda,8,0.5,0.04,0.194,82 109 113 114 80 111 112 79 84 108 110 75 81 83 117 222 77 78 85 87,114 113 80 82 109 111 79 112 78 81 83 107 110 75 84 85 106 108 115 116,simulation,db4,usage,53,25,25,0
W-CART,W-CART:cart,15,3.0,0.04,0.166,109 113 111 112 78 79 81 110 80 83 107 114 77 82 105 108 119 73 75 76,114 113 80 82 109 111 79 112 78 81 83 107 110 75 84 85 106 108 115 116,simulation,db4,usage,53,25,25,0
ALL,W-QDA:qda,8,0.5,0.04,0.194,82 109 113 114 80 111 112 79 84 108 110 75 81 83 117 222 77 78 85 87,114 113 80 82 109 111 79 112 78 81 83 107 110 75 84 85 106 108 115 116,simulation,db4,usage,53,25,25,0
W-NN,W-NN:k=5,61,,0.0,0.242,114 35 77 87 112 78 79 34 113 73 104 75 59 89 76 71 86 121 74 119,114 35 77 87 112 78 79 34 113 73 104 75 59 89 76 71 86 121 74 119,simulation,db4,energy,54,25,25,0
W-QDA,W-QDA:qda,4,,0.04,0.116,114 35 77 87 112 78 79 34 113 73 104 75 59 89 76 71 86 121 74 119,114 35 77 87 112 78 79 34 113 73 104 75 59 89 76 71 86 121 74 119,simulation,db4,energy,54,25,25,0
W-CART,W-CART:cart,4,,0.04,0.154,114 35 77 87 112 78 79 34 113 73 104 75 59 89 76 71 86 121 74 119,114 35 77 87 112 78 79 34 113 73 104 75 59 89 76 71 86 121 74 119,simulation,db4,energy,54,25,25,0
ALL,W-NN:k=5,61,,0.0,0.242,114 35 77 87 112 78 79 34 113 73 104 75 59 89 76 71 86 121 74 119,114 35 77 87 112 78 79 34 113 73 104 75 59 89 76 71 86 121 74 119,simulation,db4,energy,54,25,25,0
W-NN,W-NN:k=7,1,0.5,0.0,0.186,75 115 76 77 78 79 113 114 80 112 155 224 231 116 154 73 74 105 106 158,78 75 76 79 115 77 105 112 113 114 116 73 74 80 82 83 84 85 86 104,simulation,db4,usage,54,25,25,0
W-QDA,W-QDA:qda,4,2.0,0.0,0.062,86 116 79 104 115 71 73 74 76 77 83 87 103 105 109 112 113 223 70 72,78 75 76 79 115 77 105 112 113 114 116 73 74 80 82 83 84 85 86 104,simulation,db4,usage,54,25,25,0
W-CART,W-CART:cart,4,3.0,0.04,0.166,73 86 87 103 104 116 70 76 78 79 81 83 105 109 118 71 74 88 106 110,78 75 76 79 115 77 105 112 113 114 116 73 74 80 82 83 84 85 86 104,simulation,db4,usage,54,25,25,0
ALL,W-NN:k=7,1,0.5,0.0,0.186,75 115 76 77 78 79 113 114 80 112 155 224 231 116 154 73 74 105 106 158,78 75 76 79 115 77 105 112 113 114 116 73 74 80 82 83 84 85 86 104,simulation,db4,usage,54,25,25,0
W-NN,W-NN:k=3,11,,0.0,0.124,51 117 88 109 89 112 74 233 107 36 116 77 119 75 43 150 83 110 115 111,51 117 88 109 89 112 74 233 107 36 116 77 119 75 43 150 83 110 115 111,simulation,db4,energy,55,25,25,0
W-QDA,W-QDA:qda,8,,0.04,0.13,51 117 88 109 89 112 74 233 107 36 116 77 119 75 43 150 83 110 115 111,51 117 88 109 89 112 74 233 107 36 116 77 119 75 43 150 83 110 115 111,simulation,db4,energy,55,25,25,0
W-CART,W-CART:cart,51,,0.04,0.232,51 117 88 109 89 112 74 233 107 36 116 77 119 75 43 150 83 110 115 111,51 117 88 109 89 112 74 233 107 36 116 77 119 75 43 150 83 110 115 111,simulation,db4,energy,55,25,25,0
ALL,W-NN:k=3,11,,0.0,0.124,51 117 88 109 89 112 74 233 107 36 116 77 119 75 43 150 83 110 115 111,51 117 88 109 89 112 74 233 107 36 116 77 119 75 43 150 83 110 115 111,simulation,db4,energy,55,25,25,0
W-NN,W-NN:k=3,13,0.5,0.04,0.148,76 109 83 79 81 110 111 114 75 77 82 85 108 113 115 74 80 107 112 162,109 108 114 75 76 79 81 85 110 115 77 80 82 83 111 112 113 78 105 107,simulation,db4,usage,55,25,25,0
W-QDA,W-QDA:qda,10,1.0,0.0,0.108,109 108 114 75 76 79 81 85 110 115 77 80 82 83 111 112 113 78 105 107,109 108 114 75 76 79 81 85 110 115 77 80 82 83 111 112 113 78 105 107,simulation,db4,usage,55,25,25,0
W-CART,W-CART:cart,8,1.0,0.04,0.166,109 108 114 75 76 79 81 85 110 115 77 80 82 83 111 112 113 78 105 107,109 108 114 75 76 79 81 85 110 115 77 80 82 83 111 112 113 78 105 107,simulation,db4,usage,55,25,25,0
ALL,W-QDA:qda,10,1.0,0.0,0.108,109 108 114 75 76 79 81 85 110 115 77 80 82 83 111 112 113 78 105 107,109 108 114 75 76 79 81 85 110 115 77 80 82 83 111 112 113 78 105 107,simulation,db4,usage,55,25,25,0
W-NN,W-NN:k=1,1,,0.16,0.268,76 75 231 232 117 115 73 77 116 83 82 114 113 81 87 84 80 43 104 54,76 75 231 232 117 115 73 77 116 83 82 114 113 81 87 84 80 43 104 54,simulation,db4,energy,56,25,25,0
W-QDA,W-QDA:qda,2,,0.2,0.15,76 75 231 232 117 115 73 77 116 83 82 114 113 81 87 84 80 43 104 54,76 75 231 232 117 115 73 77 116 83 82 114 113 81 87 84 80 43 104 54,simulation,db4,energy,56,25,25,0
W-CART,W-CART:cart,1,,0.16,0.268,76 75 231 232 117 115 73 77 116 83 82 114 113 81 87 84 80 43 104 54,76 75 231 232 117 115 73 77 116 83 82 114 113 81 87 84 80 43 104 54,simulation,db4,energy,56,25,25,0
ALL,W-NN:k=1,1,,0.16,0.268,76 75 231 232 117 115 73 77 116 83 82 114 113 81 87 84 80 43 104 54,76 75 231 232 117 115 73 77 116 83 82 114 113 81 87 84 80 43 104 54,simulation,db4,energy,56,25,25,0
W-NN,W-NN:k=1,8,1.5,0.04,0.242,77 79 80 113 81 112 75 76 105 104 110 111 114 82 83 84 106 116 117 73,77 113 78 80 76 79 81 109 112 84 110 114 75 104 105 111 158 160 228 229,simulation,db4,usage,56,25,25,0
W-QDA,W-QDA:qda,8,3.0,0.08,0.12,77 83 84 75 79 80 76 81 82 113 115 116 117 119 87 104 105 108 112 114,77 113 78 80 76 79 81 109 112 84 110 114 75 104 105 111 158 160 228 229,simulation,db4,usage,56,25,25,0
W-CART,W-CART:cart,13,1.5,0.16,0.182,77 79 80 113 81 112 75 76 105 104 110 111 114 82 83 84 106 116 117 73,77 113 78 80 76 79 81 109 112 84 110 114 75 104 105 111 158 160 228 229,simulation,db4,usage,56,25,25,0
ALL,W-NN:k=1,8,1.5,0.04,0.242,77 79 80 113 81 112 75 76 105 104 110 111 114 82 83 84 106 116 117 73,77 113 78 80 76 79 81 109 112 84 110 114 75 104 105 111 158 160 228 229,simulation,db4,usage,56,25,25,0
W-NN,W-NN:k=3,1,,0.04,0.182,118 72 117 73 78 112 119 113 80 74 76 87 114 110 82 239 79 146 56 115,118 72 117 73 78 112 119 113 80 74 76 87 114 110 82 239 79 146 56 115,simulation,db4,energy,57,25,25,0
W-QDA,W-QDA:qda,2,,0.0,0.094,118 72 117 73 78 112 119 113 80 74 76 87 114 110 82 239 79 146 56 115,118 72 117 73 78 112 119 113 80 74 76 87 114 110 82 239 79 146 56 115,simulation,db4,energy,57,25,25,0
W-CART,W-CART:cart,5,,0.0,0.116,118 72 117 73 78 112 119 113 80 74 76 87 114 110 82 239 79 146 56 115,118 72 117 73 78 112 119 113 80 74 76 87 114 110 82 239 79 146 56 115,simulation,db4,energy,57,25,25,0
ALL,W-QDA:qda,2,,0.0,0.094,118 72 117 73 78 112 119 113 80 74 76 87 114 110 82 239 79 146 56 115,118 72 117 73 78 112 119 113 80 74 76 87 114 110 82 239 79 146 56 115,simulation,db4,energy,57,25,25,0
W-NN,W-NN:k=1,2,3.0,0.04,0.15,114 73 76 118 72 74 113 75 112 115 117 119 77 78 79 111 80 82 110 57,76 77 78 114 74 75 115 118 79 111 113 116 117 73 80 72 110 112 82 119,simulation,db4,usage,57,25,25,0
W-QDA,W-QDA:qda,4,3.0,0.0,0.07,114 73 76 118 72 74 113 75 112 115 117 119 77 78 79 111 80 82 110 57,76 77 78 114 74 75 115 118 79 111 113 116 117 73 80 72 110 112 82 119,simulation,db4,usage,57,25,25,0
W-CART,W-CART:cart,6,1.5,0.0,0.138,76 114 115 74 77 117 118 73 78 79 80 113 72 75 112 119 111 81 108 109,76 77 78 114 74 75 115 118 79 111 113 116 117 73 80 72 110 112 82 119,simulation,db4,usage,57,25,25,0
ALL,W-QDA:qda,4,3.0,0.0,0.07,114 73 76 118 72 74 113 75 112 115 117 119 77 78 79 111 80 82 110 57,76 77 78 114 74 75 115 118 79 111 113 116 117 73 80 72 110 112 82 119,simulation,db4,usage,57,25,25,0
W-NN,W-NN:k=3,4,,0.12,0.226,71 102 44 52 171 110 240 103 117 60 82 83 172 89 109 75 107 74 111 87,71 102 44 52 171 110 240 103 117 60 82 83 172 89 109 75 107 74 111 87,simulation,db4,energy,58,25,25,0
W-QDA,W-QDA:qda,3,,0.04,0.102,71 102 44 52 171 110 240 103 117 60 82 83 172 89 109 75 107 74 111 87,71 102 44 52 171 110 240 103 117 60 82 83 172 89 109 75 107 74 111 87,simulation,db4,energy,58,25,25,0
W-CART,W-CART:cart,12,,0.12,0.142,71 102 44 52 171 110 240 103 117 60 82 83 172 89 109 75 107 74 111 87,71 102 44 52 171 110 240 103 117 60 82 83 172 89 109 75 107 74 111 87,simulation,db4,energy,58,25,25,0
ALL,W-QDA:qda,3,,0.04,0.102,71 102 44 52 171 110 240 103 117 60 82 83 172 89 109 75 107 74 111 87,71 102 44 52 171 110 240 103 117 60 82 83 172 89 109 75 107 74 111 87,simulation,db4,energy,58,25,25,0
W-NN,W-NN:k=1,48,3.0,0.08,0.176,72 75 76 80 83 85 109 110 111 114 73 77 82 108 74 78 79 81 106 112,76 110 74 75 77 78 111 113 114 115 72 73 79 80 106 109 116 71 82 83,simulation,db4,usage,58,25,25,0
W-QDA,W-QDA:qda,6,1.0,0.04,0.154,76 110 74 75 77 78 111 113 114 115 72 73 79 80 106 109 116 71 82 83,76 110 74 75 77 78 111 113 114 115 72 73 79 80 106 109 116 71 82 83,simulation,db4,usage,58,25,25,0
W-CART,W-CART:cart,12,2.0,0.04,0.268,76 109 114 72 75 110 71 77 78 80 85 111 113 79 82 83 106 108 112 73,76 110 74 75 77 78 111 113 114 115 72 73 79 80 106 109 116 71 82 83,simulation,db4,usage,58,25,25,0
ALL,W-QDA:qda,6,1.0,0.04,0.154,76 110 74 75 77 78 111 113 114 115 72 73 79 80 106 109 116 71 82 83,76 110 74 75 77 78 111 113 114 115 72 73 79 80 106 109 116 71 82 83,simulation,db4,usage,58,25,25,0
W-NN,W-NN:k=5,14,,0.08,0.31,35 120 112 71 118 81 80 83 108 110 115 40 73 116 114 79 105 78 119 111,35 120 112 71 118 81 80 83 108 110 115 40 73 116 114 79 105 78 119 111,simulation,db4,energy,59,25,25,0
W-QDA,W-QDA:qda,5,,0.12,0.112,35 120 112 71 118 81 80 83 108 110 115 40 73 116 114 79 105 78 119 111,35 120 112 71 118 81 80 83 108 110 115 40 73 116 114 79 105 78 119 111,simulation,db4,energy,59,25,25,0
W-CART,W-CART:cart,5,,0.08,0.13,35 120 112 71 118 81 80 83 108 110 115 40 73 116 114 79 105 78 119 111,35 120 112 71 118 81 80 83 108 110 115 40 73 116 114 79 105 78 119 111,simulation,db4,energy,59,25,25,0
ALL,W-CART:cart,5,,0.08,0.13,35 120 112 71 118 81 80 83 108 110 115 40 73 116 114 79 105 78 119 111,35 120 112 71 118 81 80 83 108 110 115 40 73 116 114 79 105 78 119 111,simulation,db4,energy,59,25,25,0
W-NN,W-NN:k=1,12,3.0,0.0,0.218,116 80 81 115 117 76 79 110 112 113 114 119 72 73 74 77 109 118 120 71,76 78 79 113 114 116 74 80 77 112 115 117 111 75 81 109 110 118 119 72,simulation,db4,usage,59,25,25,0
W-QDA,W-QDA:qda,4,3.0,0.0,0.104,116 80 81 115 117 76 79 110 112 113 114 119 72 73 74 77 109 118 120 71,76 78 79 113 114 116 74 80 77 112 115 117 111 75 81 109 110 118 119 72,simulation,db4,usage,59,25,25,0
W-CART,W-CART:cart,30,2.0,0.0,0.244,76 78 116 74 77 111 114 115 80 81 112 113 117 118 119 72 79 110 73 75,76 78 79 113 114 116 74 80 77 112 115 117 111 75 81 109 110 118 119 72,simulation,db4,usage,59,25,25,0
ALL,W-QDA:qda,4,3.0,0.0,0.104,116 80 81 115 117 76 79 110 112 113 114 119 72 73 74 77 109 118 120 71,76 78 79 113 114 116 74 80 77 112 115 117 111 75 81 109 110 118 119 72,simulation,db4,usage,59,25,25,0
W-NN,W-NN:k=1,33,,0.16,0.284,81 54 82 104 76 109 77 113 84 88 85 87 53 105 107 106 114 86 72 173,81 54 82 104 76 109 77 113 84 88 85 87 53 105 107 106 114 86 72 173,simulation,db4,energy,60,25,25,0
W-QDA,W-QDA:qda,6,,0.04,0.094,81 54 82 104 76 109 77 113 84 88 85 87 53 105 107 106 114 86 72 173,81 54 82 104 76 109 77 113 84 88 85 87 53 105 107 106 114 86 72 173,simulation,db4,energy,60,25,25,0
W-CART,W-CART:cart,7,,0.04,0.188,81 54 82 104 76 109 77 113 84 88 85 87 53 105 107 106 114 86 72 173,81 54 82 104 76 109 77 113 84 88 85 87 53 105 107 106 114 86 72 173,simulation,db4,energy,60,25,25,0
ALL,W-QDA:qda,6,,0.04,0.094,81 54 82 104 76 109 77 113 84 88 85 87 53 105 107 106 114 86 72 173,81 54 82 104 76 109 77 113 84 88 85 87 53 105 107 106 114 86 72 173,simulation,db4,energy,60,25,25,0
W-NN,W-NN:k=1,8,3.0,0.04,0.172,106 84 85 104 105 107 115 116 87 113 109 114 80 81 82 102 108 76 77 86,107 83 84 106 109 113 78 79 82 85 105 108 110 76 80 81 104 114 115 75,simulation,db4,usage,60,25,25,0
W-QDA,W-QDA:qda,9,1.0,0.04,0.152,107 83 84 106 109 113 78 79 82 85 105 108 110 76 80 81 104 114 115 75,107 83 84 106 109 113 78 79 82 85 105 108 110 76 80 81 104 114 115 75,simulation,db4,usage,60,25,25,0
W-CART,W-CART:cart,52,2.0,0.04,0.268,84 106 107 109 82 85 105 116 81 87 104 113 114 115 83 108 111 117 168 80,107 83 84 106 109 113 78 79 82 85 105 108 110 76 80 81 104 114 115 75,simulation,db4,usage,60,25,25,0
ALL,W-NN:k=1,8,3.0,0.04,0.172,106 84 85 104 105 107 115 116 87 113 109 114 80 81 82 102 108 76 77 86,107 83 84 106 109 113 78 79 82 85 105 108 110 76 80 81 104 114 115 75,simulation,db4,usage,60,25,25,0
W-NN,W-NN:k=1,1,,0.16,0.158,117 74 83 36 75 73 54 118 116 82 119 109 81 106 108 107 77 110 41 72,117 74 83 36 75 73 54 118 116 82 119 109 81 106 108 107 77 110 41 72,simulation,db4,energy,61,25,25,0
W-QDA,W-QDA:qda,2,,0.0,0.102,117 74 83 36 75 73 54 118 116 82 119 109 81 106 108 107 77 110 41 72,117 74 83 36 75 73 54 118 116 82 119 109 81 106 108 107 77 110 41 72,simulation,db4,energy,61,25,25,0
W-CART,W-CART:cart,1,,0.16,0.158,117 74 83 36 75 73 54 118 116 82 119 109 81 106 108 107 77 110 41 72,117 74 83 36 75 73 54 118 116 82 119 109 81 106 108 107 77 110 41 72,simulation,db4,energy,61,25,25,0
ALL,W-QDA:qda,2,,0.0,0.102,117 74 83 36 75 73 54 118 116 82 119 109 81 106 108 107 77 110 41 72,117 74 83 36 75 73 54 118 116 82 119 109 81 106 108 107 77 110 41 72,simulation,db4,energy,61,25,25,0
W-NN,W-NN:k=1,3,3.0,0.16,0.208,109 83 106 108 82 84 74 107 110 117 73 75 78 113 116 118 54 76 77 79,79 82 83 109 84 106 108 85 110 113 74 75 77 80 81 107 111 115 117 78,simulation,db4,usage,61,25,25,0
W-QDA,W-QDA:qda,1,1.5,0.24,0.178,83 109 82 108 85 106 110 84 107 117 75 77 79 81 111 112 113 114 115 74,79 82 83 109 84 106 108 85 110 113 74 75 77 80 81 107 111 115 117 78,simulation,db4,usage,61,25,25,0
W-CART,W-CART:cart,34,1.5,0.16,0.21,83 109 82 108 85 106 110 84 107 117 75 77 79 81 111 112 113 114 115 74,79 82 83 109 84 106 108 85 110 113 74 75 77 80 81 107 111 115 117 78,simulation,db4,usage,61,25,25,0
ALL,W-NN:k=1,3,3.0,0.16,0.208,109 83 106 108 82 84 74 107 110 117 73 75 78 113 116 118 54 76 77 79,79 82 83 109 84 106 108 85 110 113 74 75 77 80 81 107 111 115 117 78,simulation,db4,usage,61,25,25,0
W-NN,W-NN:k=1,6,,0.12,0.22,112 39 114 79 113 74 111 117 60 40 83 77 75 80 76 73 38 78 70 108,112 39 114 79 113 74 111 117 60 40 83 77 75 80 76 73 38 78 70 108,simulation,db4,energy,62,25,25,0
W-QDA,W-QDA:qda,6,,0.16,0.206,112 39 114 79 113 74 111 117 60 40 83 77 75 80 76 73 38 78 70 108,112 39 114 79 113 74 111 117 60 40 83 77 75 80 76 73 38 78 70 108,simulation,db4,energy,62,25,25,0
W-CART,W-CART:cart,35,,0.0,0.082,112 39 114 79 113 74 111 117 60 40 83 77 75 80 76 73 38 78 70 108,112 39 114 79 113 74 111 117 60 40 83 77 75 80 76 73 38 78 70 108,simulation,db4,energy,62,25,25,0
ALL,W-CART:cart,35,,0.0,0.082,112 39 114 79 113 74 111 117 60 40 83 77 75 80 76 73 38 78 70 108,112 39 114 79 113 74 111 117 60 40 83 77 75 80 76 73 38 78 70 108,simulation,db4,energy,62,25,25,0
W-NN,W-NN:k=3,13,0.5,0.0,0.194,80 112 78 79 76 110 114 116 111 224 77 109 113 115 117 74 81 82 108 160,111 112 79 80 113 114 76 78 110 116 75 77 81 107 115 117 108 109 224 225,simulation,db4,usage,62,25,25,0
W-QDA,W-QDA:qda,3,3.0,0.08,0.114,111 112 74 79 80 107 113 114 75 83 116 73 108 109 115 117 76 118 39 69,111 112 79 80 113 114 76 78 110 116 75 77 81 107 115 117 108 109 224 225,simulation,db4,usage,62,25,25,0
W-CART,W-CART:cart,11,2.0,0.0,0.164,113 79 111 114 75 80 116 74 108 112 115 117 77 78 107 81 83 84 109 110,111 112 79 80 113 114 76 78 110 116 75 77 81 107 115 117 108 109 224 225,simulation,db4,usage,62,25,25,0
ALL,W-CART:cart,11,2.0,0.0,0.164,113 79 111 114 75 80 116 74 108 112 115 117 77 78 107 81 83 84 109 110,111 112 79 80 113 114 76 78 110 116 75 77 81 107 115 117 108 109 224 225,simulation,db4,usage,62,25,25,0
W-NN,W-NN:k=1,13,,0.2,0.272,40 55 111 110 56 109 35 102 87 108 82 113 81 79 112 41 104 86 83 114,40 55 111 110 56 109 35 102 87 108 82 113 81 79 112 41 104 86 83 114,simulation,db4,energy,63,25,25,0
W-QDA,W-QDA:qda,11,,0.28,0.228,40 55 111 110 56 109 35 102 87 108 82 113 81 79 112 41 104 86 83 114,40 55 111 110 56 109 35 102 87 108 82 113 81 79 112 41 104 86 83 114,simulation,db4,energy,63,25,25,0
W-CART,W-CART:cart,12,,0.12,0.12,40 55 111 110 56 109 35 102 87 108 82 113 81 79 112 41 104 86 83 114,40 55 111 110 56 109 35 102 87 108 82 113 81 79 112 41 104 86 83 114,simulation,db4,energy,63,25,25,0
ALL,W-CART:cart,12,,0.12,0.12,40 55 111 110 56 109 35 102 87 108 82 113 81 79 112 41 104 86 83 114,40 55 111 110 56 109 35 102 87 108 82 113 81 79 112 41 104 86 83 114,simulation,db4,energy,63,25,25,0
W-NN,W-NN:k=1,30,0.5,0.16,0.236,79 109 111 113 112 153 78 80 81 82 110 76 77 83 108 115 222 85 114 152,111 112 113 79 80 78 109 110 77 81 82 83 85 107 114 161 84 104 105 106,simulation,db4,usage,63,25,25,0
W-QDA,W-QDA:qda,7,2.0,0.12,0.102,78 111 112 79 81 105 108 110 115 80 85 86 113 161 77 82 83 157 74 76,111 112 113 79 80 78 109 110 77 81 82 83 85 107 114 161 84 104 105 106,simulation,db4,usage,63,25,25,0
W-CART,W-CART:cart,61,1.5,0.08,0.126,111 79 78 80 112 113 82 81 83 105 108 110 115 161 84 85 86 104 109 162,111 112 113 79 80 78 109 110 77 81 82 83 85 107 114 161 84 104 105 106,simulation,db4,usage,63,25,25,0
ALL,W-CART:cart,61,1.5,0.08,0.126,111 79 78 80 112 113 82 81 83 105 108 110 115 161 84 85 86 104 109 162,111 112 113 79 80 78 109 110 77 81 82 83 85 107 114 161 84 104 105 106,simulation,db4,usage,63,25,25,0
W-NN,W-NN:k=1,34,,0.08,0.14,111 159 39 112 223 55 40 56 109 224 84 87 105 115 79 108 83 85 58 106,111 159 39 112 223 55 40 56 109 224 84 87 105 115 79 108 83 85 58 106,simulation,db4,energy,64,25,25,0
W-QDA,W-QDA:qda,11,,0.28,0.21,111 159 39 112 223 55 40 56 109 224 84 87 105 115 79 108 83 85 58 106,111 159 39 112 223 55 40 56 109 224 84 87 105 115 79 108 83 85 58 106,simulation,db4,energy,64,25,25,0
W-CART,W-CART:cart,15,,0.16,0.14,111 159 39 112 223 55 40 56 109 224 84 87 105 115 79 108 83 85 58 106,111 159 39 112 223 55 40 56 109 224 84 87 105 115 79 108 83 85 58 106,simulation,db4,energy,64,25,25,0
ALL,W-NN:k=1,34,,0.08,0.14,111 159 39 112 223 55 40 56 109 224 84 87 105 115 79 108 83 85 58 106,111 159 39 112 223 55 40 56 109 224 84 87 105 115 79 108 83 85 58 106,simulation,db4,energy,64,25,25,0
W-NN,W-NN:k=1,12,1.5,0.04,0.208,83 113 82 107 109 114 78 79 80 84 108 115 74 75 76 105 106 112 116 72,82 83 78 80 107 111 112 113 79 84 108 109 114 76 105 106 115 116 74 75,simulation,db4,usage,64,25,25,0
W-QDA,W-QDA:qda,7,1.5,0.04,0.122,83 113 82 107 109 114 78 79 80 84 108 115 74 75 76 105 106 112 116 72,82 83 78 80 107 111 112 113 79 84 108 109 114 76 105 106 115 116 74 75,simulation,db4,usage,64,25,25,0
W-CART,W-CART:cart,5,1.0,0.12,0.206,82 83 78 80 107 111 112 113 79 84 108 109 114 76 105 106 115 116 74 75,82 83 78 80 107 111 112 113 79 84 108 109 114 76 105 106 115 116 74 75,simulation,db4,usage,64,25,25,0
ALL,W-QDA:qda,7,1.5,0.04,0.122,83 113 82 107 109 114 78 79 80 84 108 115 74 75 76 105 106 112 116 72,82 83 78 80 107 111 112 113 79 84 108 109 114 76 105 106 115 116 74 75,simulation,db4,usage,64,25,25,0
W-NN,W-NN:k=3,2,,0.08,0.164,37 116 110 118 115 81 108 56 84 111 55 114 162 163 148 117 76 105 113 112,37 116 110 118 115 81 108 56 84 111 55 114 162 163 148 117 76 105 113 112,simulation,db4,energy,65,25,25,0
W-QDA,W-QDA:qda,4,,0.12,0.106,37 116 110 118 115 81 108 56 84 111 55 114 162 163 148 117 76 105 113 112,37 116 110 118 115 81 108 56 84 111 55 114 162 163 148 117 76 105 113 112,simulation,db4,energy,65,25,25,0
W-CART,W-CART:cart,4,,0.08,0.116,37 116 110 118 115 81 108 56 84 111 55 114 162 163 148 117 76 105 113 112,37 116 110 118 115 81 108 56 84 111 55 114 162 163 148 117 76 105 113 112,simulation,db4,energy,65,25,25,0
ALL,W-NN:k=3,2,,0.08,0.164,37 116 110 118 115 81 108 56 84 111 55 114 162 163 148 117 76 105 113 112,37 116 110 118 115 81 108 56 84 111 55 114 162 163 148 117 76 105 113 112,simulation,db4,energy,65,25,25,0
W-NN,W-NN:k=5,2,3.0,0.04,0.196,82 77 78 108 113 118 74 81 109 112 114 116 117 72 73 75 76 80 107 115,79 80 110 76 77 81 109 112 75 82 108 111 113 114 74 115 116 155 158 160,simulation,db4,usage,65,25,25,0
W-QDA,W-QDA:qda,2,1.5,0.04,0.152,75 76 77 79 110 114 80 81 109 111 112 113 115 82 107 108 116 118 72 73,79 80 110 76 77 81 109 112 75 82 108 111 113 114 74 115 116 155 158 160,simulation,db4,usage,65,25,25,0
W-CART,W-CART:cart,13,2.0,0.04,0.204,75 76 77 79 82 110 113 114 115 116 118 72 73 74 78 80 81 108 109 112,79 80 110 76 77 81 109 112 75 82 108 111 113 114 74 115 116 155 158 160,simulation,db4,usage,65,25,25,0
ALL,W-QDA:qda,2,1.5,0.04,0.152,75 76 77 79 110 114 80 81 109 111 112 113 115 82 107 108 116 118 72 73,79 80 110 76 77 81 109 112 75 82 108 111 113 114 74 115 116 155 158 160,simulation,db4,usage,65,25,25,0
W-NN,W-NN:k=3,46,,0.08,0.278,79 55 163 162 112 107 111 81 27 74 113 54 83 84 56 109 75 108 105 72,79 55 163 162 112 107 111 81 27 74 113 54 83 84 56 109 75 108 105 72,simulation,db4,energy,66,25,25,0
W-QDA,W-QDA:qda,6,,0.24,0.212,79 55 163 162 112 107 111 81 27 74 113 54 83 84 56 109 75 108 105 72,79 55 163 162 112 107 111 81 27 74 113 54 83 84 56 109 75 108 105 72,simulation,db4,energy,66,25,25,0
W-CART,W-CART:cart,24,,0.04,0.144,79 55 163 162 112 107 111 81 27 74 113 54 83 84 56 109 75 108 105 72,79 55 163 162 112 107 111 81 27 74 113 54 83 84 56 109 75 108 105 72,simulation,db4,energy,66,25,25,0
ALL,W-CART:cart,24,,0.04,0.144,79 55 163 162 112 107 111 81 27 74 113 54 83 84 56 109 75 108 105 72,79 55 163 162 112 107 111 81 27 74 113 54 83 84 56 109 75 108 105 72,simulation,db4,energy,66,25,25,0
W-NN,W-NN:k=7,51,0.5,0.08,0.39,80 78 111 77 79 73 76 113 114 72 74 75 112 115 117 118 109 151 157 158,77 74 76 80 113 75 78 79 114 118 112 115 73 109 117 72 81 111 116 151,simulation,db4,usage,66,25,25,0
W-QDA,W-QDA:qda,3,3.0,0.08,0.12,74 72 75 114 115 76 78 79 113 116 117 118 71 77 81 83 107 109 110 111,77 74 76 80 113 75 78 79 114 118 112 115 73 109 117 72 81 111 116 151,simulation,db4,usage,66,25,25,0
W-CART,W-CART:cart,36,2.0,0.04,0.106,74 115 75 76 77 78 114 116 79 80 113 117 72 109 73 81 118 85 107 108,77 74 76 80 113 75 78 79 114 118 112 115 73 109 117 72 81 111 116 151,simulation,db4,usage,66,25,25,0
ALL,W-CART:cart,36,2.0,0.04,0.106,74 115 75 76 77 78 114 116 79 80 113 117 72 109 73 81 118 85 107 108,77 74 76 80 113 75 78 79 114 118 112 115 73 109 117 72 81 111 116 151,simulation,db4,usage,66,25,25,0
W-NN,W-NN:k=3,40,,0.0,0.222,86 85 81 117 36 84 82 119 72 111 109 88 80 57 56 83 104 75 77 105,86 85 81 117 36 84 82 119 72 111 109 88 80 57 56 83 104 75 77 105,simulation,db4,energy,67,25,25,0
W-QDA,W-QDA:qda,9,,0.0,0.04,86 85 81 117 36 84 82 119 72 111 109 88 80 57 56 83 104 75 77 105,86 85 81 117 36 84 82 119 72 111 109 88 80 57 56 83 104 75 77 105,simulation,db4,energy,67,25,25,0
W-CART,W-CART:cart,62,,0.12,0.246,86 85 81 117 36 84 82 119 72 111 109 88 80 57 56 83 104 75 77 105,86 85 81 117 36 84 82 119 72 111 109 88 80 57 56 83 104 75 77 105,simulation,db4,energy,67,25,25,0
ALL,W-QDA:qda,9,,0.0,0.04,86 85 81 117 36 84 82 119 72 111 109 88 80 57 56 83 104 75 77 105,86 85 81 117 36 84 82 119 72 111 109 88 80 57 56 83 104 75 77 105,simulation,db4,energy,67,25,25,0
W-NN,W-NN:k=1,32,3.0,0.04,0.17,82 77 84 86 87 106 109 115 75 76 78 83 85 88 105 73 81 107 111 114,81 82 78 79 83 84 77 105 74 106 107 108 115 116 168 75 76 80 85 86,simulation,db4,usage,67,25,25,0
W-QDA,W-QDA:qda,4,3.0,0.08,0.048,82 77 84 86 87 106 109 115 75 76 78 83 85 88 105 73 81 107 111 114,81 82 78 79 83 84 77 105 74 106 107 108 115 116 168 75 76 80 85 86,simulation,db4,usage,67,25,25,0
W-CART,W-CART:cart,52,0.5,0.12,0.234,80 82 77 78 81 84 83 111 112 113 79 85 109 110 164 87 105 108 218 75,81 82 78 79 83 84 77 105 74 106 107 108 115 116 168 75 76 80 85 86,simulation,db4,usage,67,25,25,0
ALL,W-NN:k=1,32,3.0,0.04,0.17,82 77 84 86 87 106 109 115 75 76 78 83 85 88 105 73 81 107 111 114,81 82 78 79 83 84 77 105 74 106 107 108 115 116 168 75 76 80 85 86,simulation,db4,usage,67,25,25,0
W-NN,W-NN:k=1,56,,0.04,0.234,71 119 72 60 73 120 75 118 108 116 110 106 74 115 121 111 109 117 80 78,71 119 72 60 73 120 75 118 108 116 110 106 74 115 121 111 109 117 80 78,simulation,db4,energy,68,25,25,0
W-QDA,W-QDA:qda,5,,0.12,0.092,71 119 72 60 73 120 75 118 108 116 110 106 74 115 121 111 109 117 80 78,71 119 72 60 73 120 75 118 108 116 110 106 74 115 121 111 109 117 80 78,simulation,db4,energy,68,25,25,0
W-CART,W-CART:cart,18,,0.16,0.2,71 119 72 60 73 120 75 118 108 116 110 106 74 115 121 111 109 117 80 78,71 119 72 60 73 120 75 118 108 116 110 106 74 115 121 111 109 117 80 78,simulation,db4,energy,68,25,25,0
ALL,W-NN:k=1,56,,0.04,0.234,71 119 72 60 73 120 75 118 108 116 110 106 74 115 121 111 109 117 80 78,71 119 72 60 73 120 75 118 108 116 110 106 74 115 121 111 109 117 80 78,simulation,db4,energy,68,25,25,0
W-NN,W-NN:k=1,8,1.5,0.04,0.196,111 112 80 76 113 115 116 119 75 77 78 110 117 118 70 72 79 81 82 84,111 112 80 113 76 77 79 81 116 117 118 72 74 78 110 115 119 156 70 75,simulation,db4,usage,68,25,25,0
W-QDA,W-QDA:qda,5,3.0,0.12,0.108,78 112 72 73 76 109 115 118 119 71 75 82 111 117 77 81 110 120 74 79,111 112 80 113 76 77 79 81 116 117 118 72 74 78 110 115 119 156 70 75,simulation,db4,usage,68,25,25,0
W-CART,W-CART:cart,5,3.0,0.12,0.108,78 112 72 73 76 109 115 118 119 71 75 82 111 117 77 81 110 120 74 79,111 112 80 113 76 77 79 81 116 117 118 72 74 78 110 115 119 156 70 75,simulation,db4,usage,68,25,25,0
ALL,W-NN:k=1,8,1.5,0.04,0.196,111 112 80 76 113 115 116 119 75 77 78 110 117 118 70 72 79 81 82 84,111 112 80 113 76 77 79 81 116 117 118 72 74 78 110 115 119 156 70 75,simulation,db4,usage,68,25,25,0
W-NN,W-NN:k=1,6,,0.16,0.134,173 86 210 209 104 21 87 109 420 105 107 82 108 85 84 54 40 111 83 71,173 86 210 209 104 21 87 109 420 105 107 82 108 85 84 54 40 111 83 71,simulation,db4,energy,69,25,25,0
W-QDA,W-QDA:qda,3,,0.2,0.162,173 86 210 209 104 21 87 109 420 105 107 82 108 85 84 54 40 111 83 71,173 86 210 209 104 21 87 109 420 105 107 82 108 85 84 54 40 111 83 71,simulation,db4,energy,69,25,25,0
W-CART,W-CART:cart,30,,0.12,0.214,173 86 210 209 104 21 87 109 420 105 107 82 108 85 84 54 40 111 83 71,173 86 210 209 104 21 87 109 420 105 107 82 108 85 84 54 40 111 83 71,simulation,db4,energy,69,25,25,0
ALL,W-CART:cart,30,,0.12,0.214,173 86 210 209 104 21 87 109 420 105 107 82 108 85 84 54 40 111 83 71,173 86 210 209 104 21 87 109 420 105 107 82 108 85 84 54 40 111 83 71,simulation,db4,energy,69,25,25,0
W-NN,W-NN:k=1,49,3.0,0.08,0.236,107 83 85 105 111 81 84 110 80 82 104 108 116 77 79 86 87 106 113 117,83 84 108 110 111 81 109 85 86 106 107 113 82 105 53 78 80 88 104 167,simulation,db4,usage,69,25,25,0
W-QDA,W-QDA:qda,1,3.0,0.16,0.156,107 83 85 105 111 81 84 110 80 82 104 108 116 77 79 86 87 106 113 117,83 84 108 110 111 81 109 85 86 106 107 113 82 105 53 78 80 88 104 167,simulation,db4,usage,69,25,25,0
W-CART,W-CART:cart,5,3.0,0.08,0.152,107 83 85 105 111 81 84 110 80 82 104 108 116 77 79 86 87 106 113 117,83 84 108 110 111 81 109 85 86 106 107 113 82 105 53 78 80 88 104 167,simulation,db4,usage,69,25,25,0
ALL,W-CART:cart,5,3.0,0.08,0.152,107 83 85 105 111 81 84 110 80 82 104 108 116 77 79 86 87 106 113 117,83 84 108 110 111 81 109 85 86 106 107 113 82 105 53 78 80 88 104 167,simulation,db4,usage,69,25,25,0
W-NN,W-NN:k=1,7,,0.2,0.272,77 76 56 57 114 111 42 108 80 110 113 78 82 109 115 41 75 107 79 106,77 76 56 57 114 111 42 108 80 110 113 78 82 109 115 41 75 107 79 106,simulation,db4,energy,70,25,25,0
W-QDA,W-QDA:qda,10,,0.16,0.158,77 76 56 57 114 111 42 108 80 110 113 78 82 109 115 41 75 107 79 106,77 76 56 57 114 111 42 108 80 110 113 78 82 109 115 41 75 107 79 106,simulation,db4,energy,70,25,25,0
W-CART,W-CART:cart,36,,0.12,0.216,77 76 56 57 114 111 42 108 80 110 113 78 82 109 115 41 75 107 79 106,77 76 56 57 114 111 42 108 80 110 113 78 82 109 115 41 75 107 79 106,simulation,db4,energy,70,25,25,0
ALL,W-CART:cart,36,,0.12,0.216,77 76 56 57 114 111 42 108 80 110 113 78 82 109 115 41 75 107 79 106,77 76 56 57 114 111 42 108 80 110 113 78 82 109 115 41 75 107 79 106,simulation,db4,energy,70,25,25,0
W-NN,W-NN:k=1,5,1.5,0.2,0.166,83 108 82 107 114 77 78 79 81 84 109 113 80 110 111 115 218 76 105 106,113 82 79 81 83 108 75 77 78 107 112 114 115 76 80 84 106 109 110 218,simulation,db4,usage,70,25,25,0
W-QDA,W-QDA:qda,7,1.0,0.08,0.132,113 82 79 81 83 108 75 77 78 107 112 114 115 76 80 84 106 109 110 218,113 82 79 81 83 108 75 77 78 107 112 114 115 76 80 84 106 109 110 218,simulation,db4,usage,70,25,25,0
W-CART,W-CART:cart,37,1.5,0.12,0.234,83 108 82 107 114 77 78 79 81 84 109 113 80 110 111 115 218 76 105 106,113 82 79 81 83 108 75 77 78 107 112 114 115 76 80 84 106 109 110 218,simulation,db4,usage,70,25,25,0
ALL,W-QDA:qda,7,1.0,0.08,0.132,113 82 79 81 83 108 75 77 78 107 112 114 115 76 80 84 106 109 110 218,113 82 79 81 83 108 75 77 78 107 112 114 115 76 80 84 106 109 110 218,simulation,db4,usage,70,25,25,0
W-NN,W-NN:k=3,12,,0.12,0.306,84 106 107 83 59 53 118 85 73 77 76 109 74 108 114 79 80 117 110 112,84 106 107 83 59 53 118 85 73 77 76 109 74 108 114 79 80 117 110 112,simulation,db4,energy,71,25,25,0
W-QDA,W-QDA:qda,4,,0.0,0.108,84 106 107 83 59 53 118 85 73 77 76 109 74 108 114 79 80 117 110 112,84 106 107 83 59 53 118 85 73 77 76 109 74 108 114 79 80 117 110 112,simulation,db4,energy,71,25,25,0
W-CART,W-CART:cart,14,,0.24,0.236,84 106 107 83 59 53 118 85 73 77 76 109 74 108 114 79 80 117 110 112,84 106 107 83 59 53 118 85 73 77 76 109 74 108 114 79 80 117 110 112,simulation,db4,energy,71,25,25,0
ALL,W-QDA:qda,4,,0.0,0.108,84 106 107 83 59 53 118 85 73 77 76 109 74 108 114 79 80 117 110 112,84 106 107 83 59 53 118 85 73 77 76 109 74 108 114 79 80 117 110 112,simulation,db4,energy,71,25,25,0
W-NN,W-NN:k=1,5,0.5,0.04,0.158,77 80 110 116 76 78 79 82 84 74 81 108 109 111 113 115 73 75 83 86,110 74 77 78 79 81 82 83 114 73 76 108 111 113 115 80 84 106 107 109,simulation,db4,usage,71,25,25,0
W-QDA,W-QDA:qda,5,1.5,0.04,0.124,74 82 79 81 83 111 113 73 77 106 109 110 76 78 84 107 108 114 115 117,110 74 77 78 79 81 82 83 114 73 76 108 111 113 115 80 84 106 107 109,simulation,db4,usage,71,25,25,0
W-CART,W-CART:cart,4,0.5,0.04,0.194,77 80 110 116 76 78 79 82 84 74 81 108 109 111 113 115 73 75 83 86,110 74 77 78 79 81 82 83 114 73 76 108 111 113 115 80 84 106 107 109,simulation,db4,usage,71,25,25,0
ALL,W-CART:cart,4,0.5,0.04,0.194,77 80 110 116 76 78 79 82 84 74 81 108 109 111 113 115 73 75 83 86,110 74 77 78 79 81 82 83 114 73 76 108 111 113 115 80 84 106 107 109,simulation,db4,usage,71,25,25,0
W-NN,W-NN:k=3,2,,0.12,0.208,78 118 76 116 80 113 82 112 77 114 56 110 79 73 83 115 84 81 109 111,78 118 76 116 80 113 82 112 77 114 56 110 79 73 83 115 84 81 109 111,simulation,db4,energy,72,25,25,0
W-QDA,W-QDA:qda,3,,0.0,0.12,78 118 76 116 80 113 82 112 77 114 56 110 79 73 83 115 84 81 109 111,78 118 76 116 80 113 82 112 77 114 56 110 79 73 83 115 84 81 109 111,simulation,db4,energy,72,25,25,0
W-CART,W-CART:cart,3,,0.04,0.13,78 118 76 116 80 113 82 112 77 114 56 110 79 73 83 115 84 81 109 111,78 118 76 116 80 113 82 112 77 114 56 110 79 73 83 115 84 81 109 111,simulation,db4,energy,72,25,25,0
ALL,W-QDA:qda,3,,0.0,0.12,78 118 76 116 80 113 82 112 77 114 56 110 79 73 83 115 84 81 109 111,78 118 76 116 80 113 82 112 77 114 56 110 79 73 83 115 84 81 109 111,simulation,db4,energy,72,25,25,0
W-NN,W-NN:k=1,8,3.0,0.04,0.24,80 109 78 81 82 111 114 74 75 84 108 110 113 79 83 107 112 115 116 117,112 109 111 75 78 79 81 114 77 108 113 82 83 110 160 55 73 74 80 85,simulation,db4,usage,72,25,25,0
W-QDA,W-QDA:qda,4,3.0,0.0,0.296,80 109 78 81 82 111 114 74 75 84 108 110 113 79 83 107 112 115 116 117,112 109 111 75 78 79 81 114 77 108 113 82 83 110 160 55 73 74 80 85,simulation,db4,usage,72,25,25,0
W-CART,W-CART:cart,17,1.5,0.0,0.206,112 75 109 81 111 114 108 78 79 80 82 110 55 73 84 113 115 116 160 165,112 109 111 75 78 79 81 114 77 108 113 82 83 110 160 55 73 74 80 85,simulation,db4,usage,72,25,25,0
ALL,W-QDA:qda,4,3.0,0.0,0.296,80 109 78 81 82 111 114 74 75 84 108 110 113 79 83 107 112 115 116 117,112 109 111 75 78 79 81 114 77 108 113 82 83 110 160 55 73 74 80 85,simulation,db4,usage,72,25,25,0
W-NN,W-NN:k=5,64,,0.16,0.416,166 216 108 83 41 107 82 54 109 80 112 119 114 78 84 81 120 76 42 77,166 216 108 83 41 107 82 54 109 80 112 119 114 78 84 81 120 76 42 77,simulation,db4,energy,73,25,25,0
W-QDA,W-QDA:qda,7,,0.04,0.154,166 216 108 83 41 107 82 54 109 80 112 119 114 78 84 81 120 76 42 77,166 216 108 83 41 107 82 54 109 80 112 119 114 78 84 81 120 76 42 77,simulation,db4,energy,73,25,25,0
W-CART,W-CART:cart,24,,0.08,0.234,166 216 108 83 41 107 82 54 109 80 112 119 114 78 84 81 120 76 42 77,166 216 108 83 41 107 82 54 109 80 112 119 114 78 84 81 120 76 42 77,simulation,db4,energy,73,25,25,0
ALL,W-QDA:qda,7,,0.04,0.154,166 216 108 83 41 107 82 54 109 80 112 119 114 78 84 81 120 76 42 77,166 216 108 83 41 107 82 54 109 80 112 119 114 78 84 81 120 76 42 77,simulation,db4,energy,73,25,25,0
W-NN,W-NN:k=1,6,0.5,0.04,0.12,114 113 75 80 81 115 153 77 82 112 117 71 72 74 76 83 84 108 109 110,81 115 117 114 116 74 80 82 83 84 107 108 73 109 110 113 69 71 76 78,simulation,db4,usage,73,25,25,0
W-QDA,W-QDA:qda,6,3.0,0.04,0.126,82 116 81 109 74 108 111 115 118 119 76 78 80 107 114 117 120 73 79 83,81 115 117 114 116 74 80 82 83 84 107 108 73 109 110 113 69 71 76 78,simulation,db4,usage,73,25,25,0
W-CART,W-CART:cart,37,2.0,0.08,0.286,116 80 117 82 108 109 115 81 74 78 79 83 107 112 114 120 70 73 111 118,81 115 117 114 116 74 80 82 83 84 107 108 73 109 110 113 69 71 76 78,simulation,db4,usage,73,25,25,0
ALL,W-NN:k=1,6,0.5,0.04,0.12,114 113 75 80 81 115 153 77 82 112 117 71 72 74 76 83 84 108 109 110,81 115 117 114 116 74 80 82 83 84 107 108 73 109 110 113 69 71 76 78,simulation,db4,usage,73,25,25,0
W-NN,W-NN:k=1,62,,0.08,0.226,143 71 240 108 75 35 83 166 78 56 77 116 167 114 113 115 144 57 241 119,143 71 240 108 75 35 83 166 78 56 77 116 167 114 113 115 144 57 241 119,simulation,db4,energy,74,25,25,0
W-QDA,W-QDA:qda,5,,0.0,0.076,143 71 240 108 75 35 83 166 78 56 77 116 167 114 113 115 144 57 241 119,143 71 240 108 75 35 83 166 78 56 77 116 167 114 113 115 144 57 241 119,simulation,db4,energy,74,25,25,0
W-CART,W-CART:cart,8,,0.16,0.256,143 71 240 108 75 35 83 166 78 56 77 116 167 114 113 115 144 57 241 119,143 71 240 108 75 35 83 166 78 56 77 116 167 114 113 115 144 57 241 119,simulation,db4,energy,74,25,25,0
ALL,W-QDA:qda,5,,0.0,0.076,143 71 240 108 75 35 83 166 78 56 77 116 167 114 113 115 144 57 241 119,143 71 240 108 75 35 83 166 78 56 77 116 167 114 113 115 144 57 241 119,simulation,db4,energy,74,25,25,0
W-NN,W-NN:k=1,14,1.5,0.0,0.204,112 113 78 75 77 79 114 115 108 110 74 76 81 84 107 80 82 83 117 119,112 113 75 114 78 115 77 79 116 76 80 107 108 110 111 153 74 81 109 150,simulation,db4,usage,74,25,25,0
W-QDA,W-QDA:qda,8,2.0,0.08,0.128,78 75 114 77 112 113 115 108 79 82 83 84 107 117 76 81 109 110 111 116,112 113 75 114 78 115 77 79 116 76 80 107 108 110 111 153 74 81 109 150,simulation,db4,usage,74,25,25,0
W-CART,W-CART:cart,12,1.0,0.12,0.176,112 113 75 114 78 115 77 79 116 76 80 107 108 110 111 153 74 81 109 150,112 113 75 114 78 115 77 79 116 76 80 107 108 110 111 153 74 81 109 150,simulation,db4,usage,74,25,25,0
ALL,W-NN:k=1,14,1.5,0.0,0.204,112 113 78 75 77 79 114 115 108 110 74 76 81 84 107 80 82 83 117 119,112 113 75 114 78 115 77 79 116 76 80 107 108 110 111 153 74 81 109 150,simulation,db4,usage,74,25,25,0
W-NN,W-NN:k=1,2,,0.16,0.29,83 109 53 82 110 107 54 105 112 166 84 165 111 108 81 86 119 113 118 80,83 109 53 82 110 107 54 105 112 166 84 165 111 108 81 86 119 113 118 80,simulation,db4,energy,75,25,25,0
W-QDA,W-QDA:qda,1,,0.24,0.216,83 109 53 82 110 107 54 105 112 166 84 165 111 108 81 86 119 113 118 80,83 109 53 82 110 107 54 105 112 166 84 165 111 108 81 86 119 113 118 80,simulation,db4,energy,75,25,25,0
W-CART,W-CART:cart,1,,0.2,0.242,83 109 53 82 110 107 54 105 112 166 84 165 111 108 81 86 119 113 118 80,83 109 53 82 110 107 54 105 112 166 84 165 111 108 81 86 119 113 118 80,simulation,db4,energy,75,25,25,0
ALL,W-NN:k=1,2,,0.16,0.29,83 109 53 82 110 107 54 105 112 166 84 165 111 108 81 86 119 113 118 80,83 109 53 82 110 107 54 105 112 166 84 165 111 108 81 86 119 113 118 80,simulation,db4,energy,75,25,25,0
W-NN,W-NN:k=1,3,3.0,0.12,0.256,83 82 107 111 84 109 110 105 80 81 106 108 112 113 73 76 77 78 79 85,109 81 82 83 107 110 111 84 108 164 80 113 167 218 77 79 112 114 115 165,simulation,db4,usage,75,25,25,0
W-QDA,W-QDA:qda,2,3.0,0.12,0.206,83 82 107 111 84 109 110 105 80 81 106 108 112 113 73 76 77 78 79 85,109 81 82 83 107 110 111 84 108 164 80 113 167 218 77 79 112 114 115 165,simulation,db4,usage,75,25,25,0
W-CART,W-CART:cart,3,2.0,0.12,0.322,82 109 83 110 111 107 79 80 81 84 108 105 106 112 114 166 76 77 85 113,109 81 82 83 107 110 111 84 108 164 80 113 167 218 77 79 112 114 115 165,simulation,db4,usage,75,25,25,0
ALL,W-QDA:qda,2,3.0,0.12,0.206,83 82 107 111 84 109 110 105 80 81 106 108 112 113 73 76 77 78 79 85,109 81 82 83 107 110 111 84 108 164 80 113 167 218 77 79 112 114 115 165,simulation,db4,usage,75,25,25,0
W-NN,W-NN:k=1,6,,0.08,0.208,85 106 87 84 83 107 105 103 81 112 78 88 113 80 116 82 115 77 39 108,85 106 87 84 83 107 105 103 81 112 78 88 113 80 116 82 115 77 39 108,simulation,db4,energy,76,25,25,0
W-QDA,W-QDA:qda,3,,0.16,0.072,85 106 87 84 83 107 105 103 81 112 78 88 113 80 116 82 115 77 39 108,85 106 87 84 83 107 105 103 81 112 78 88 113 80 116 82 115 77 39 108,simulation,db4,energy,76,25,25,0
W-CART,W-CART:cart,7,,0.16,0.174,85 106 87 84 83 107 105 103 81 112 78 88 113 80 116 82 115 77 39 108,85 106 87 84 83 107 105 103 81 112 78 88 113 80 116 82 115 77 39 108,simulation,db4,energy,76,25,25,0
ALL,W-NN:k=1,6,,0.08,0.208,85 106 87 84 83 107 105 103 81 112 78 88 113 80 116 82 115 77 39 108,85 106 87 84 83 107 105 103 81 112 78 88 113 80 116 82 115 77 39 108,simulation,db4,energy,76,25,25,0
W-NN,W-NN:k=3,12,1.0,0.08,0.308,79 111 113 77 78 80 81 83 84 109 75 82 85 86 105 108 110 112 114 226,79 111 113 77 78 80 81 83 84 109 75 82 85 86 105 108 110 112 114 226,simulation,db4,usage,76,25,25,0
W-QDA,W-QDA:qda,6,3.0,0.12,0.156,85 105 83 77 78 79 80 84 106 114 75 82 107 112 113 76 86 87 103 104,79 111 113 77 78 80 81 83 84 109 75 82 85 86 105 108 110 112 114 226,simulation,db4,usage,76,25,25,0
W-CART,W-CART:cart,2,3.0,0.16,0.174,85 105 83 77 78 79 80 84 106 114 75 82 107 112 113 76 86 87 103 104,79 111 113 77 78 80 81 83 84 109 75 82 85 86 105 108 110 112 114 226,simulation,db4,usage,76,25,25,0
ALL,W-NN:k=3,12,1.0,0.08,0.308,79 111 113 77 78 80 81 83 84 109 75 82 85 86 105 108 110 112 114 226,79 111 113 77 78 80 81 83 84 109 75 82 85 86 105 108 110 112 114 226,simulation,db4,usage,76,25,25,0
W-NN,W-NN:k=1,2,,0.2,0.156,109 103 86 81 88 113 106 82 80 87 104 83 107 89 110 122 76 112 111 101,109 103 86 81 88 113 106 82 80 87 104 83 107 89 110 122 76 112 111 101,simulation,db4,energy,77,25,25,0
W-QDA,W-QDA:qda,7,,0.04,0.098,109 103 86 81 88 113 106 82 80 87 104 83 107 89 110 122 76 112 111 101,109 103 86 81 88 113 106 82 80 87 104 83 107 89 110 122 76 112 111 101,simulation,db4,energy,77,25,25,0
W-CART,W-CART:cart,59,,0.04,0.088,109 103 86 81 88 113 106 82 80 87 104 83 107 89 110 122 76 112 111 101,109 103 86 81 88 113 106 82 80 87 104 83 107 89 110 122 76 112 111 101,simulation,db4,energy,77,25,25,0
ALL,W-QDA:qda,7,,0.04,0.098,109 103 86 81 88 113 106 82 80 87 104 83 107 89 110 122 76 112 111 101,109 103 86 81 88 113 106 82 80 87 104 83 107 89 110 122 76 112 111 101,simulation,db4,energy,77,25,25,0
W-NN,W-NN:k=1,4,1.0,0.08,0.304,81 82 83 112 80 109 113 110 79 108 114 84 106 107 77 78 105 111 103 85,81 82 83 112 80 109 113 110 79 108 114 84 106 107 77 78 105 111 103 85,simulation,db4,usage,77,25,25,0
W-QDA,W-QDA:qda,3,3.0,0.04,0.15,81 109 106 107 80 108 113 79 82 86 111 112 76 77 83 104 87 110 75 78,81 82 83 112 80 109 113 110 79 108 114 84 106 107 77 78 105 111 103 85,simulation,db4,usage,77,25,25,0
W-CART,W-CART:cart,11,2.0,0.0,0.138,81 82 83 80 109 113 106 107 79 84 105 108 110 112 77 78 86 111 74 104,81 82 83 112 80 109 113 110 79 108 114 84 106 107 77 78 105 111 103 85,simulation,db4,usage,77,25,25,0
ALL,W-CART:cart,11,2.0,0.0,0.138,81 82 83 80 109 113 106 107 79 84 105 108 110 112 77 78 86 111 74 104,81 82 83 112 80 109 113 110 79 108 114 84 106 107 77 78 105 111 103 85,simulation,db4,usage,77,25,25,0
W-NN,W-NN:k=9,2,,0.04,0.15,102 117 74 44 89 116 79 101 205 118 179 115 75 76 111 80 112 73 77 78,102 117 74 44 89 116 79 101 205 118 179 115 75 76 111 80 112 73 77 78,simulation,db4,energy,78,25,25,0
W-QDA,W-QDA:qda,3,,0.0,0.064,102 117 74 44 89 116 79 101 205 118 179 115 75 76 111 80 112 73 77 78,102 117 74 44 89 116 79 101 205 118 179 115 75 76 111 80 112 73 77 78,simulation,db4,energy,78,25,25,0
W-CART,W-CART:cart,5,,0.08,0.178,102 117 74 44 89 116 79 101 205 118 179 115 75 76 111 80 112 73 77 78,102 117 74 44 89 116 79 101 205 118 179 115 75 76 111 80 112 73 77 78,simulation,db4,energy,78,25,25,0
ALL,W-QDA:qda,3,,0.0,0.064,102 117 74 44 89 116 79 101 205 118 179 115 75 76 111 80 112 73 77 78,102 117 74 44 89 116 79 101 205 118 179 115 75 76 111 80 112 73 77 78,simulation,db4,energy,78,25,25,0
W-NN,W-NN:k=3,18,1.0,0.0,0.16,231 109 113 227 75 78 79 112 39 74 76 77 80 83 84 85 105 106 108 110,231 109 113 227 75 78 79 112 39 74 76 77 80 83 84 85 105 106 108 110,simulation,db4,usage,78,25,25,0
W-QDA,W-QDA:qda,11,1.5,0.08,0.112,113 75 78 83 106 109 112 76 79 84 105 111 116 227 39 40 74 77 85 86,231 109 113 227 75 78 79 112 39 74 76 77 80 83 84 85 105 106 108 110,simulation,db4,usage,78,25,25,0
W-CART,W-CART:cart,5,3.0,0.04,0.178,76 78 112 117 74 77 115 116 79 83 106 109 111 114 39 75 81 84 85 86,231 109 113 227 75 78 79 112 39 74 76 77 80 83 84 85 105 106 108 110,simulation,db4,usage,78,25,25,0
ALL,W-NN:k=3,18,1.0,0.0,0.16,231 109 113 227 75 78 79 112 39 74 76 77 80 83 84 85 105 106 108 110,231 109 113 227 75 78 79 112 39 74 76 77 80 83 84 85 105 106 108 110,simulation,db4,usage,78,25,25,0
W-NN,W-NN:k=3,2,,0.08,0.118,71 74 72 120 114 119 73 69 106 60 116 107 59 70 121 157 117 75 77 112,71 74 72 120 114 119 73 69 106 60 116 107 59 70 121 157 117 75 77 112,simulation,db4,energy,79,25,25,0
W-QDA,W-QDA:qda,1,,0.24,0.142,71 74 72 120 114 119 73 69 106 60 116 107 59 70 121 157 117 75 77 112,71 74 72 120 114 119 73 69 106 60 116 107 59 70 121 157 117 75 77 112,simulation,db4,energy,79,25,25,0
W-CART,W-CART:cart,7,,0.2,0.142,71 74 72 120 114 119 73 69 106 60 116 107 59 70 121 157 117 75 77 112,71 74 72 120 114 119 73 69 106 60 116 107 59 70 121 157 117 75 77 112,simulation,db4,energy,79,25,25,0
ALL,W-NN:k=3,2,,0.08,0.118,71 74 72 120 114 119 73 69 106 60 116 107 59 70 121 157 117 75 77 112,71 74 72 120 114 119 73 69 106 60 116 107 59 70 121 157 117 75 77 112,simulation,db4,energy,79,25,25,0
W-NN,W-NN:k=1,3,0.5,0.08,0.12,75 114 74 76 78 115 71 72 73 77 80 110 116 117 119 120 146 69 79 111,114 74 77 119 72 76 78 116 71 75 117 118 120 146 148 69 73 110 113 115,simulation,db4,usage,79,25,25,0
W-QDA,W-QDA:qda,4,0.5,0.2,0.24,75 114 74 76 78 115 71 72 73 77 80 110 116 117 119 120 146 69 79 111,114 74 77 119 72 76 78 116 71 75 117 118 120 146 148 69 73 110 113 115,simulation,db4,usage,79,25,25,0
W-CART,W-CART:cart,17,2.0,0.08,0.162,119 77 69 75 118 120 71 74 76 114 115 117 121 146 72 73 107 116 149 78,114 74 77 119 72 76 78 116 71 75 117 118 120 146 148 69 73 110 113 115,simulation,db4,usage,79,25,25,0
ALL,W-NN:k=1,3,0.5,0.08,0.12,75 114 74 76 78 115 71 72 73 77 80 110 116 117 119 120 146 69 79 111,114 74 77 119 72 76 78 116 71 75 117 118 120 146 148 69 73 110 113 115,simulation,db4,usage,79,25,25,0
W-NN,W-NN:k=1,6,,0.12,0.164,114 113 78 39 118 72 117 76 75 71 121 112 119 106 115 86 79 105 116 69,114 113 78 39 118 72 117 76 75 71 121 112 119 106 115 86 79 105 116 69,simulation,db4,energy,80,25,25,0
W-QDA,W-QDA:qda,5,,0.2,0.208,114 113 78 39 118 72 117 76 75 71 121 112 119 106 115 86 79 105 116 69,114 113 78 39 118 72 117 76 75 71 121 112 119 106 115 86 79 105 116 69,simulation,db4,energy,80,25,25,0
W-CART,W-CART:cart,8,,0.08,0.14,114 113 78 39 118 72 117 76 75 71 121 112 119 106 115 86 79 105 116 69,114 113 78 39 118 72 117 76 75 71 121 112 119 106 115 86 79 105 116 69,simulation,db4,energy,80,25,25,0
ALL,W-CART:cart,8,,0.08,0.14,114 113 78 39 118 72 117 76 75 71 121 112 119 106 115 86 79 105 116 69,114 113 78 39 118 72 117 76 75 71 121 112 119 106 115 86 79 105 116 69,simulation,db4,energy,80,25,25,0
W-NN,W-NN:k=3,3,3.0,0.0,0.154,74 76 114 116 75 78 112 117 72 79 110 111 113 115 77 83 118 119 71 80,116 75 77 74 78 112 113 114 79 80 110 115 117 72 76 81 82 83 108 109,simulation,db4,usage,80,25,25,0
W-QDA,W-QDA:qda,2,1.0,0.04,0.114,116 75 77 74 78 112 113 114 79 80 110 115 117 72 76 81 82 83 108 109,116 75 77 74 78 112 113 114 79 80 110 115 117 72 76 81 82 83 108 109,simulation,db4,usage,80,25,25,0
W-CART,W-CART:cart,16,2.0,0.04,0.148,116 74 77 78 114 115 75 79 112 113 118 76 110 117 80 111 72 82 83 109,116 75 77 74 78 112 113 114 79 80 110 115 117 72 76 81 82 83 108 109,simulation,db4,usage,80,25,25,0
ALL,W-NN:k=3,3,3.0,0.0,0.154,74 76 114 116 75 78 112 117 72 79 110 111 113 115 77 83 118 119 71 80,116 75 77 74 78 112 113 114 79 80 110 115 117 72 76 81 82 83 108 109,simulation,db4,usage,80,25,25,0
W-NN,W-NN:k=3,28,,0.0,0.152,106 85 53 84 117 72 107 80 71 118 73 52 171 169 79 74 56 116 83 115,106 85 53 84 117 72 107 80 71 118 73 52 171 169 79 74 56 116 83 115,simulation,db4,energy,81,25,25,0
W-QDA,W-QDA:qda,6,,0.0,0.048,106 85 53 84 117 72 107 80 71 118 73 52 171 169 79 74 56 116 83 115,106 85 53 84 117 72 107 80 71 118 73 52 171 169 79 74 56 116 83 115,simulation,db4,energy,81,25,25,0
W-CART,W-CART:cart,7,,0.0,0.124,106 85 53 84 117 72 107 80 71 118 73 52 171 169 79 74 56 116 83 115,106 85 53 84 117 72 107 80 71 118 73 52 171 169 79 74 56 116 83 115,simulation,db4,energy,81,25,25,0
ALL,W-QDA:qda,6,,0.0,0.048,106 85 53 84 117 72 107 80 71 118 73 52 171 169 79 74 56 116 83 115,106 85 53 84 117 72 107 80 71 118 73 52 171 169 79 74 56 116 83 115,simulation,db4,energy,81,25,25,0
W-NN,W-NN:k=1,8,1.5,0.0,0.172,112 81 79 110 114 117 75 80 82 113 115 74 76 77 116 119 73 78 83 84,81 112 77 79 82 83 110 114 117 75 76 80 109 113 115 74 108 111 118 71,simulation,db4,usage,81,25,25,0
W-QDA,W-QDA:qda,3,3.0,0.0,0.146,79 80 74 75 112 72 77 78 81 82 111 113 115 116 76 86 106 110 117 118,81 112 77 79 82 83 110 114 117 75 76 80 109 113 115 74 108 111 118 71,simulation,db4,usage,81,25,25,0
W-CART,W-CART:cart,6,1.5,0.0,0.132,112 81 79 110 114 117 75 80 82 113 115 74 76 77 116 119 73 78 83 84,81 112 77 79 82 83 110 114 117 75 76 80 109 113 115 74 108 111 118 71,simulation,db4,usage,81,25,25,0
ALL,W-QDA:qda,3,3.0,0.0,0.146,79 80 74 75 112 72 77 78 81 82 111 113 115 116 76 86 106 110 117 118,81 112 77 79 82 83 110 114 117 75 76 80 109 113 115 74 108 111 118 71,simulation,db4,usage,81,25,25,0
W-NN,W-NN:k=1,1,,0.2,0.178,116 75 117 76 58 73 71 72 87 37 120 115 85 74 57 77 119 52 51 59,116 75 117 76 58 73 71 72 87 37 120 115 85 74 57 77 119 52 51 59,simulation,db4,energy,82,25,25,0
W-QDA,W-QDA:qda,7,,0.12,0.154,116 75 117 76 58 73 71 72 87 37 120 115 85 74 57 77 119 52 51 59,116 75 117 76 58 73 71 72 87 37 120 115 85 74 57 77 119 52 51 59,simulation,db4,energy,82,25,25,0
W-CART,W-CART:cart,3,,0.16,0.166,116 75 117 76 58 73 71 72 87 37 120 115 85 74 57 77 119 52 51 59,116 75 117 76 58 73 71 72 87 37 120 115 85 74 57 77 119 52 51 59,simulation,db4,energy,82,25,25,0
ALL,W-QDA:qda,7,,0.12,0.154,116 75 117 76 58 73 71 72 87 37 120 115 85 74 57 77 119 52 51 59,116 75 117 76 58 73 71 72 87 37 120 115 85 74 57 77 119 52 51 59,simulation,db4,energy,82,25,25,0
W-NN,W-NN:k=5,27,1.5,0.12,0.266,73 76 116 117 118 75 77 83 115 85 104 119 74 84 103 107 109 114 72 79,77 116 73 74 76 83 115 117 118 75 105 119 148 79 84 85 104 106 107 108,simulation,db4,usage,82,25,25,0
W-QDA,W-QDA:qda,6,2.0,0.08,0.124,73 76 117 118 83 116 75 77 85 104 74 114 115 119 72 84 87 103 105 107,77 116 73 74 76 83 115 117 118 75 105 119 148 79 84 85 104 106 107 108,simulation,db4,usage,82,25,25,0
W-CART,W-CART:cart,3,1.0,0.12,0.138,77 116 73 74 76 83 115 117 118 75 105 119 148 79 84 85 104 106 107 108,77 116 73 74 76 83 115 117 118 75 105 119 148 79 84 85 104 106 107 108,simulation,db4,usage,82,25,25,0
ALL,W-QDA:qda,6,2.0,0.08,0.124,73 76 117 118 83 116 75 77 85 104 74 114 115 119 72 84 87 103 105 107,77 116 73 74 76 83 115 117 118 75 105 119 148 79 84 85 104 106 107 108,simulation,db4,usage,82,25,25,0
W-NN,W-NN:k=5,1,,0.2,0.392,82 108 88 104 84 103 86 83 111 106 110 107 80 219 102 73 109 87 81 112,82 108 88 104 84 103 86 83 111 106 110 107 80 219 102 73 109 87 81 112,simulation,db4,energy,83,25,25,0
W-QDA,W-QDA:qda,3,,0.04,0.08,82 108 88 104 84 103 86 83 111 106 110 107 80 219 102 73 109 87 81 112,82 108 88 104 84 103 86 83 111 106 110 107 80 219 102 73 109 87 81 112,simulation,db4,energy,83,25,25,0
W-CART,W-CART:cart,26,,0.04,0.13,82 108 88 104 84 103 86 83 111 106 110 107 80 219 102 73 109 87 81 112,82 108 88 104 84 103 86 83 111 106 110 107 80 219 102 73 109 87 81 112,simulation,db4,energy,83,25,25,0
ALL,W-QDA:qda,3,,0.04,0.08,82 108 88 104 84 103 86 83 111 106 110 107 80 219 102 73 109 87 81 112,82 108 88 104 84 103 86 83 111 106 110 107 80 219 102 73 109 87 81 112,simulation,db4,energy,83,25,25,0
W-NN,W-NN:k=1,1,2.0,0.08,0.24,83 80 81 106 109 111 82 84 107 108 110 112 113 73 76 78 79 85 104 105,80 83 77 82 84 78 81 85 106 108 109 113 114 115 76 79 86 107 110 111,simulation,db4,usage,83,25,25,0
W-QDA,W-QDA:qda,6,1.5,0.0,0.152,82 83 80 81 84 106 77 107 108 109 111 112 113 76 78 110 74 79 85 86,80 83 77 82 84 78 81 85 106 108 109 113 114 115 76 79 86 107 110 111,simulation,db4,usage,83,25,25,0
W-CART,W-CART:cart,29,2.0,0.04,0.13,83 80 81 106 109 111 82 84 107 108 110 112 113 73 76 78 79 85 104 105,80 83 77 82 84 78 81 85 106 108 109 113 114 115 76 79 86 107 110 111,simulation,db4,usage,83,25,25,0
ALL,W-QDA:qda,6,1.5,0.0,0.152,82 83 80 81 84 106 77 107 108 109 111 112 113 76 78 110 74 79 85 86,80 83 77 82 84 78 81 85 106 108 109 113 114 115 76 79 86 107 110 111,simulation,db4,usage,83,25,25,0
W-NN,W-NN:k=9,11,,0.04,0.31,72 53 74 118 36 117 116 37 115 71 59 120 73 76 75 57 119 77 70 84,72 53 74 118 36 117 116 37 115 71 59 120 73 76 75 57 119 77 70 84,simulation,db4,energy,84,25,25,0
W-QDA,W-QDA:qda,1,,0.12,0.122,72 53 74 118 36 117 116 37 115 71 59 120 73 76 75 57 119 77 70 84,72 53 74 118 36 117 116 37 115 71 59 120 73 76 75 57 119 77 70 84,simulation,db4,energy,84,25,25,0
W-CART,W-CART:cart,1,,0.08,0.136,72 53 74 118 36 117 116 37 115 71 59 120 73 76 75 57 119 77 70 84,72 53 74 118 36 117 116 37 115 71 59 120 73 76 75 57 119 77 70 84,simulation,db4,energy,84,25,25,0
ALL,W-NN:k=9,11,,0.04,0.31,72 53 74 118 36 117 116 37 115 71 59 120 73 76 75 57 119 77 70 84,72 53 74 118 36 117 116 37 115 71 59 120 73 76 75 57 119 77 70 84,simulation,db4,energy,84,25,25,0
W-NN,W-NN:k=1,1,1.0,0.08,0.136,72 77 117 73 116 74 75 76 115 118 71 119 111 121 109 112 113 120 69 70,72 77 117 73 116 74 75 76 115 118 71 119 111 121 109 112 113 120 69 70,simulation,db4,usage,84,25,25,0
W-QDA,W-QDA:qda,2,2.0,0.08,0.092,117 72 73 116 75 118 74 71 76 77 115 36 114 119 120 37 80 111 70 79,72 77 117 73 116 74 75 76 115 118 71 119 111 121 109 112 113 120 69 70,simulation,db4,usage,84,25,25,0
W-CART,W-CART:cart,1,1.0,0.08,0.136,72 77 117 73 116 74 75 76 115 118 71 119 111 121 109 112 113 120 69 70,72 77 117 73 116 74 75 76 115 118 71 119 111 121 109 112 113 120 69 70,simulation,db4,usage,84,25,25,0
ALL,W-NN:k=1,1,1.0,0.08,0.136,72 77 117 73 116 74 75 76 115 118 71 119 111 121 109 112 113 120 69 70,72 77 117 73 116 74 75 76 115 118 71 119 111 121 109 112 113 120 69 70,simulation,db4,usage,84,25,25,0
W-NN,W-NN:k=3,2,,0.04,0.108,73 84 85 75 82 81 76 106 110 116 107 83 115 109 77 86 72 111 120 79,73 84 85 75 82 81 76 106 110 116 107 83 115 109 77 86 72 111 120 79,simulation,db4,energy,85,25,25,0
W-QDA,W-QDA:qda,2,,0.04,0.086,73 84 85 75 82 81 76 106 110 116 107 83 115 109 77 86 72 111 120 79,73 84 85 75 82 81 76 106 110 116 107 83 115 109 77 86 72 111 120 79,simulation,db4,energy,85,25,25,0
W-CART,W-CART:cart,4,,0.12,0.094,73 84 85 75 82 81 76 106 110 116 107 83 115 109 77 86 72 111 120 79,73 84 85 75 82 81 76 106 110 116 107 83 115 109 77 86 72 111 120 79,simulation,db4,energy,85,25,25,0
ALL,W-NN:k=3,2,,0.04,0.108,73 84 85 75 82 81 76 106 110 116 107 83 115 109 77 86 72 111 120 79,73 84 85 75 82 81 76 106 110 116 107 83 115 109 77 86 72 111 120 79,simulation,db4,energy,85,25,25,0
W-NN,W-NN:k=1,2,3.0,0.08,0.162,82 85 81 83 84 108 109 112 86 74 78 80 110 111 116 75 106 113 114 118,79 81 82 83 112 75 109 110 111 76 77 78 80 85 106 108 115 74 107 114,simulation,db4,usage,85,25,25,0
W-QDA,W-QDA:qda,9,1.5,0.08,0.172,81 109 82 85 111 77 110 112 115 78 79 80 83 106 108 113 74 75 76 84,79 81 82 83 112 75 109 110 111 76 77 78 80 85 106 108 115 74 107 114,simulation,db4,usage,85,25,25,0
W-CART,W-CART:cart,4,0.5,0.04,0.14,76 79 81 82 83 75 77 107 108 109 110 112 74 80 111 114 73 78 85 86,79 81 82 83 112 75 109 110 111 76 77 78 80 85 106 108 115 74 107 114,simulation,db4,usage,85,25,25,0
ALL,W-CART:cart,4,0.5,0.04,0.14,76 79 81 82 83 75 77 107 108 109 110 112 74 80 111 114 73 78 85 86,79 81 82 83 112 75 109 110 111 76 77 78 80 85 106 108 115 74 107 114,simulation,db4,usage,85,25,25,0
W-NN,W-NN:k=3,31,,0.08,0.266,108 83 37 115 109 41 81 76 110 75 113 114 77 107 111 40 112 84 74 79,108 83 37 115 109 41 81 76 110 75 113 114 77 107 111 40 112 84 74 79,simulation,db4,energy,86,25,25,0
W-QDA,W-QDA:qda,5,,0.08,0.12,108 83 37 115 109 41 81 76 110 75 113 114 77 107 111 40 112 84 74 79,108 83 37 115 109 41 81 76 110 75 113 114 77 107 111 40 112 84 74 79,simulation,db4,energy,86,25,25,0
W-CART,W-CART:cart,2,,0.08,0.216,108 83 37 115 109 41 81 76 110 75 113 114 77 107 111 40 112 84 74 79,108 83 37 115 109 41 81 76 110 75 113 114 77 107 111 40 112 84 74 79,simulation,db4,energy,86,25,25,0
ALL,W-CART:cart,2,,0.08,0.216,108 83 37 115 109 41 81 76 110 75 113 114 77 107 111 40 112 84 74 79,108 83 37 115 109 41 81 76 110 75 113 114 77 107 111 40 112 84 74 79,simulation,db4,energy,86,25,25,0
W-NN,W-NN:k=3,29,3.0,0.0,0.25,76 110 115 109 73 74 111 114 116 75 77 78 79 81 107 108 112 82 83 84,112 78 79 76 81 110 113 75 109 111 115 116 117 73 74 108 114 161 162 163,simulation,db4,usage,86,25,25,0
W-QDA,W-QDA:qda,5,3.0,0.08,0.082,76 110 115 109 73 74 111 114 116 75 77 78 79 81 107 108 112 82 83 84,112 78 79 76 81 110 113 75 109 111 115 116 117 73 74 108 114 161 162 163,simulation,db4,usage,86,25,25,0
W-CART,W-CART:cart,16,1.0,0.2,0.25,112 78 79 76 81 110 113 75 109 111 115 116 117 73 74 108 114 161 162 163,112 78 79 76 81 110 113 75 109 111 115 116 117 73 74 108 114 161 162 163,simulation,db4,usage,86,25,25,0
ALL,W-NN:k=3,29,3.0,0.0,0.25,76 110 115 109 73 74 111 114 116 75 77 78 79 81 107 108 112 82 83 84,112 78 79 76 81 110 113 75 109 111 115 116 117 73 74 108 114 161 162 163,simulation,db4,usage,86,25,25,0
W-NN,W-NN:k=1,1,,0.08,0.12,72 111 76 71 115 116 103 114 86 88 113 106 104 80 77 78 82 117 79 44,72 111 76 71 115 116 103 114 86 88 113 106 104 80 77 78 82 117 79 44,simulation,db4,energy,87,25,25,0
W-QDA,W-QDA:qda,4,,0.0,0.066,72 111 76 71 115 116 103 114 86 88 113 106 104 80 77 78 82 117 79 44,72 111 76 71 115 116 103 114 86 88 113 106 104 80 77 78 82 117 79 44,simulation,db4,energy,87,25,25,0
W-CART,W-CART:cart,28,,0.04,0.124,72 111 76 71 115 116 103 114 86 88 113 106 104 80 77 78 82 117 79 44,72 111 76 71 115 116 103 114 86 88 113 106 104 80 77 78 82 117 79 44,simulation,db4,energy,87,25,25,0
ALL,W-QDA:qda,4,,0.0,0.066,72 111 76 71 115 116 103 114 86 88 113 106 104 80 77 78 82 117 79 44,72 111 76 71 115 116 103 114 86 88 113 106 104 80 77 78 82 117 79 44,simulation,db4,energy,87,25,25,0
W-NN,W-NN:k=3,53,2.0,0.08,0.228,113 77 78 76 79 114 115 108 112 117 75 83 86 106 107 111 82 84 85 110,78 79 113 114 77 80 74 107 108 111 115 75 76 82 84 112 81 106 110 117,simulation,db4,usage,87,25,25,0
W-QDA,W-QDA:qda,6,3.0,0.04,0.06,113 114 115 76 86 106 111 112 74 78 79 84 85 104 110 116 77 107 109 117,78 79 113 114 77 80 74 107 108 111 115 75 76 82 84 112 81 106 110 117,simulation,db4,usage,87,25,25,0
W-CART,W-CART:cart,10,0.5,0.04,0.118,77 78 79 82 83 111 113 114 118 74 80 106 107 109 75 81 104 108 110 112,78 79 113 114 77 80 74 107 108 111 115 75 76 82 84 112 81 106 110 117,simulation,db4,usage,87,25,25,0
ALL,W-QDA:qda,6,3.0,0.04,0.06,113 114 115 76 86 106 111 112 74 78 79 84 85 104 110 116 77 107 109 117,78 79 113 114 77 80 74 107 108 111 115 75 76 82 84 112 81 106 110 117,simulation,db4,usage,87,25,25,0
W-NN,W-NN:k=3,2,,0.08,0.164,85 76 86 104 116 115 211 117 77 114 105 212 75 40 54 106 74 84 87 107,85 76 86 104 116 115 211 117 77 114 105 212 75 40 54 106 74 84 87 107,simulation,db4,energy,88,25,25,0
W-QDA,W-QDA:qda,2,,0.08,0.1,85 76 86 104 116 115 211 117 77 114 105 212 75 40 54 106 74 84 87 107,85 76 86 104 116 115 211 117 77 114 105 212 75 40 54 106 74 84 87 107,simulation,db4,energy,88,25,25,0
W-CART,W-CART:cart,6,,0.04,0.144,85 76 86 104 116 115 211 117 77 114 105 212 75 40 54 106 74 84 87 107,85 76 86 104 116 115 211 117 77 114 105 212 75 40 54 106 74 84 87 107,simulation,db4,energy,88,25,25,0
ALL,W-CART:cart,6,,0.04,0.144,85 76 86 104 116 115 211 117 77 114 105 212 75 40 54 106 74 84 87 107,85 76 86 104 116 115 211 117 77 114 105 212 75 40 54 106 74 84 87 107,simulation,db4,energy,88,25,25,0
W-NN,W-NN:k=3,4,3.0,0.0,0.144,76 105 106 73 83 114 117 72 75 77 84 85 86 104 107 108 109 115 118 54,115 75 84 85 86 105 107 108 111 113 76 82 83 104 106 109 110 114 116 73,simulation,db4,usage,88,25,25,0
W-QDA,W-QDA:qda,5,0.5,0.0,0.082,80 85 108 113 115 74 75 79 82 84 106 107 109 105 111 114 116 171 76 78,115 75 84 85 86 105 107 108 111 113 76 82 83 104 106 109 110 114 116 73,simulation,db4,usage,88,25,25,0
W-CART,W-CART:cart,8,0.5,0.04,0.122,80 85 108 113 115 74 75 79 82 84 106 107 109 105 111 114 116 171 76 78,115 75 84 85 86 105 107 108 111 113 76 82 83 104 106 109 110 114 116 73,simulation,db4,usage,88,25,25,0
ALL,W-NN:k=3,4,3.0,0.0,0.144,76 105 106 73 83 114 117 72 75 77 84 85 86 104 107 108 109 115 118 54,115 75 84 85 86 105 107 108 111 113 76 82 83 104 106 109 110 114 116 73,simulation,db4,usage,88,25,25,0
W-NN,W-NN:k=3,57,,0.12,0.25,109 78 108 82 44 111 83 81 112 72 166 165 80 101 102 218 79 73 58 107,109 78 108 82 44 111 83 81 112 72 166 165 80 101 102 218 79 73 58 107,simulation,db4,energy,89,25,25,0
W-QDA,W-QDA:qda,4,,0.08,0.172,109 78 108 82 44 111 83 81 112 72 166 165 80 101 102 218 79 73 58 107,109 78 108 82 44 111 83 81 112 72 166 165 80 101 102 218 79 73 58 107,simulation,db4,energy,89,25,25,0
W-CART,W-CART:cart,5,,0.16,0.242,109 78 108 82 44 111 83 81 112 72 166 165 80 101 102 218 79 73 58 107,109 78 108 82 44 111 83 81 112 72 166 165 80 101 102 218 79 73 58 107,simulation,db4,energy,89,25,25,0
ALL,W-QDA:qda,4,,0.08,0.172,109 78 108 82 44 111 83 81 112 72 166 165 80 101 102 218 79 73 58 107,109 78 108 82 44 111 83 81 112 72 166 165 80 101 102 218 79 73 58 107,simulation,db4,energy,89,25,25,0
W-NN,W-NN:k=3,29,3.0,0.0,0.188,111 115 80 81 82 107 109 118 72 73 77 79 105 108 110 112 113 114 117 74,83 114 75 109 115 76 77 78 79 81 113 80 82 116 73 74 84 106 107 110,simulation,db4,usage,89,25,25,0
W-QDA,W-QDA:qda,6,3.0,0.0,0.154,111 115 80 81 82 107 109 118 72 73 77 79 105 108 110 112 113 114 117 74,83 114 75 109 115 76 77 78 79 81 113 80 82 116 73 74 84 106 107 110,simulation,db4,usage,89,25,25,0
W-CART,W-CART:cart,6,3.0,0.04,0.26,111 115 80 81 82 107 109 118 72 73 77 79 105 108 110 112 113 114 117 74,83 114 75 109 115 76 77 78 79 81 113 80 82 116 73 74 84 106 107 110,simulation,db4,usage,89,25,25,0
ALL,W-QDA:qda,6,3.0,0.0,0.154,111 115 80 81 82 107 109 118 72 73 77 79 105 108 110 112 113 114 117 74,83 114 75 109 115 76 77 78 79 81 113 80 82 116 73 74 84 106 107 110,simulation,db4,usage,89,25,25,0
W-NN,W-NN:k=3,2,,0.12,0.222,103 81 112 109 82 77 175 115 110 108 114 176 86 80 75 116 76 88 107 78,103 81 112 109 82 77 175 115 110 108 114 176 86 80 75 116 76 88 107 78,simulation,db4,energy,90,25,25,0
W-QDA,W-QDA:qda,8,,0.04,0.092,103 81 112 109 82 77 175 115 110 108 114 176 86 80 75 116 76 88 107 78,103 81 112 109 82 77 175 115 110 108 114 176 86 80 75 116 76 88 107 78,simulation,db4,energy,90,25,25,0
W-CART,W-CART:cart,12,,0.12,0.132,103 81 112 109 82 77 175 115 110 108 114 176 86 80 75 116 76 88 107 78,103 81 112 109 82 77 175 115 110 108 114 176 86 80 75 116 76 88 107 78,simulation,db4,energy,90,25,25,0
ALL,W-QDA:qda,8,,0.04,0.092,103 81 112 109 82 77 175 115 110 108 114 176 86 80 75 116 76 88 107 78,103 81 112 109 82 77 175 115 110 108 114 176 86 80 75 116 76 88 107 78,simulation,db4,energy,90,25,25,0
W-NN,W-NN:k=5,7,2.0,0.12,0.29,109 81 110 80 108 113 75 77 112 76 79 82 107 111 115 72 78 114 73 116,109 78 79 80 107 110 81 82 108 113 115 111 112 114 75 77 74 72 76 106,simulation,db4,usage,90,25,25,0
W-QDA,W-QDA:qda,7,2.0,0.08,0.254,109 81 110 80 108 113 75 77 112 76 79 82 107 111 115 72 78 114 73 116,109 78 79 80 107 110 81 82 108 113 115 111 112 114 75 77 74 72 76 106,simulation,db4,usage,90,25,25,0
W-CART,W-CART:cart,10,3.0,0.08,0.17,109 77 80 110 112 81 75 78 72 76 82 108 111 114 115 73 79 85 116 118,109 78 79 80 107 110 81 82 108 113 115 111 112 114 75 77 74 72 76 106,simulation,db4,usage,90,25,25,0
ALL,W-QDA:qda,7,2.0,0.08,0.254,109 81 110 80 108 113 75 77 112 76 79 82 107 111 115 72 78 114 73 116,109 78 79 80 107 110 81 82 108 113 115 111 112 114 75 77 74 72 76 106,simulation,db4,usage,90,25,25,0
W-NN,W-NN:k=1,54,,0.12,0.184,103 51 88 107 52 44 53 43 87 106 170 169 80 109 108 41 86 76 111 105,103 51 88 107 52 44 53 43 87 106 170 169 80 109 108 41 86 76 111 105,simulation,db4,energy,91,25,25,0
W-QDA,W-QDA:qda,2,,0.04,0.17,103 51 88 107 52 44 53 43 87 106 170 169 80 109 108 41 86 76 111 105,103 51 88 107 52 44 53 43 87 106 170 169 80 109 108 41 86 76 111 105,simulation,db4,energy,91,25,25,0
W-CART,W-CART:cart,14,,0.12,0.238,103 51 88 107 52 44 53 43 87 106 170 169 80 109 108 41 86 76 111 105,103 51 88 107 52 44 53 43 87 106 170 169 80 109 108 41 86 76 111 105,simulation,db4,energy,91,25,25,0
ALL,W-QDA:qda,2,,0.04,0.17,103 51 88 107 52 44 53 43 87 106 170 169 80 109 108 41 86 76 111 105,103 51 88 107 52 44 53 43 87 106 170 169 80 109 108 41 86 76 111 105,simulation,db4,energy,91,25,25,0
W-NN,W-NN:k=5,2,0.5,0.08,0.15,83 84 85 106 107 108 109 79 81 110 113 82 86 104 111 218 78 88 89 105,109 84 106 108 82 83 107 110 111 81 85 86 104 78 79 88 103 113 216 77,simulation,db4,usage,91,25,25,0
W-QDA,W-QDA:qda,2,1.5,0.12,0.2,109 83 107 84 106 108 82 104 110 86 103 77 85 88 105 111 81 87 113 78,109 84 106 108 82 83 107 110 111 81 85 86 104 78 79 88 103 113 216 77,simulation,db4,usage,91,25,25,0
W-CART,W-CART:cart,29,3.0,0.0,0.182,107 108 103 109 84 86 87 85 88 106 110 83 81 89 102 104 111 41 43 76,109 84 106 108 82 83 107 110 111 81 85 86 104 78 79 88 103 113 216 77,simulation,db4,usage,91,25,25,0
ALL,W-CART:cart,29,3.0,0.0,0.182,107 108 103 109 84 86 87 85 88 106 110 83 81 89 102 104 111 41 43 76,109 84 106 108 82 83 107 110 111 81 85 86 104 78 79 88 103 113 216 77,simulation,db4,usage,91,25,25,0
W-NN,W-NN:k=1,5,,0.12,0.21,39 81 117 112 84 119 109 85 42 82 113 73 80 55 106 74 107 54 110 52,39 81 117 112 84 119 109 85 42 82 113 73 80 55 106 74 107 54 110 52,simulation,db4,energy,92,25,25,0
W-QDA,W-QDA:qda,7,,0.12,0.062,39 81 117 112 84 119 109 85 42 82 113 73 80 55 106 74 107 54 110 52,39 81 117 112 84 119 109 85 42 82 113 73 80 55 106 74 107 54 110 52,simulation,db4,energy,92,25,25,0
W-CART,W-CART:cart,38,,0.12,0.124,39 81 117 112 84 119 109 85 42 82 113 73 80 55 106 74 107 54 110 52,39 81 117 112 84 119 109 85 42 82 113 73 80 55 106 74 107 54 110 52,simulation,db4,energy,92,25,25,0
ALL,W-NN:k=1,5,,0.12,0.21,39 81 117 112 84 119 109 85 42 82 113 73 80 55 106 74 107 54 110 52,39 81 117 112 84 119 109 85 42 82 113 73 80 55 106 74 107 54 110 52,simulation,db4,energy,92,25,25,0
W-NN,W-NN:k=3,8,1.0,0.16,0.23,80 81 112 113 79 82 83 115 78 84 108 110 114 75 85 104 107 109 111 76,80 81 112 113 79 82 83 115 78 84 108 110 114 75 85 104 107 109 111 76,simulation,db4,usage,92,25,25,0
W-QDA,W-QDA:qda,9,1.0,0.08,0.178,80 81 112 113 79 82 83 115 78 84 108 110 114 75 85 104 107 109 111 76,80 81 112 113 79 82 83 115 78 84 108 110 114 75 85 104 107 109 111 76,simulation,db4,usage,92,25,25,0
W-CART,W-CART:cart,25,1.0,0.08,0.272,80 81 112 113 79 82 83 115 78 84 108 110 114 75 85 104 107 109 111 76,80 81 112 113 79 82 83 115 78 84 108 110 114 75 85 104 107 109 111 76,simulation,db4,usage,92,25,25,0
ALL,W-QDA:qda,9,1.0,0.08,0.178,80 81 112 113 79 82 83 115 78 84 108 110 114 75 85 104 107 109 111 76,80 81 112 113 79 82 83 115 78 84 108 110 114 75 85 104 107 109 111 76,simulation,db4,usage,92,25,25,0
W-NN,W-NN:k=1,10,,0.12,0.188,35 120 83 85 81 53 119 107 108 70 54 82 121 72 60 87 84 34 59 80,35 120 83 85 81 53 119 107 108 70 54 82 121 72 60 87 84 34 59 80,simulation,db4,energy,93,25,25,0
W-QDA,W-QDA:qda,7,,0.08,0.108,35 120 83 85 81 53 119 107 108 70 54 82 121 72 60 87 84 34 59 80,35 120 83 85 81 53 119 107 108 70 54 82 121 72 60 87 84 34 59 80,simulation,db4,energy,93,25,25,0
W-CART,W-CART:cart,27,,0.2,0.24,35 120 83 85 81 53 119 107 108 70 54 82 121 72 60 87 84 34 59 80,35 120 83 85 81 53 119 107 108 70 54 82 121 72 60 87 84 34 59 80,simulation,db4,energy,93,25,25,0
ALL,W-QDA:qda,7,,0.08,0.108,35 120 83 85 81 53 119 107 108 70 54 82 121 72 60 87 84 34 59 80,35 120 83 85 81 53 119 107 108 70 54 82 121 72 60 87 84 34 59 80,simulation,db4,energy,93,25,25,0
W-NN,W-NN:k=7,1,2.0,0.0,0.162,106 80 81 85 111 87 77 78 84 86 105 107 108 112 116 76 82 83 110 115,78 80 81 106 108 113 115 76 77 79 82 85 87 107 111 112 83 84 104 105,simulation,db4,usage,93,25,25,0
W-QDA,W-QDA:qda,1,2.0,0.12,0.132,106 80 81 85 111 87 77 78 84 86 105 107 108 112 116 76 82 83 110 115,78 80 81 106 108 113 115 76 77 79 82 85 87 107 111 112 83 84 104 105,simulation,db4,usage,93,25,25,0
W-CART,W-CART:cart,1,2.0,0.08,0.152,106 80 81 85 111 87 77 78 84 86 105 107 108 112 116 76 82 83 110 115,78 80 81 106 108 113 115 76 77 79 82 85 87 107 111 112 83 84 104 105,simulation,db4,usage,93,25,25,0
ALL,W-NN:k=7,1,2.0,0.0,0.162,106 80 81 85 111 87 77 78 84 86 105 107 108 112 116 76 82 83 110 115,78 80 81 106 108 113 115 76 77 79 82 85 87 107 111 112 83 84 104 105,simulation,db4,usage,93,25,25,0
W-NN,W-NN:k=1,7,,0.08,0.198,72 110 78 73 39 111 109 82 79 74 115 119 36 121 118 40 114 108 37 80,72 110 78 73 39 111 109 82 79 74 115 119 36 121 118 40 114 108 37 80,simulation,db4,energy,94,25,25,0
W-QDA,W-QDA:qda,9,,0.04,0.132,72 110 78 73 39 111 109 82 79 74 115 119 36 121 118 40 114 108 37 80,72 110 78 73 39 111 109 82 79 74 115 119 36 121 118 40 114 108 37 80,simulation,db4,energy,94,25,25,0
W-CART,W-CART:cart,18,,0.12,0.254,72 110 78 73 39 111 109 82 79 74 115 119 36 121 118 40 114 108 37 80,72 110 78 73 39 111 109 82 79 74 115 119 36 121 118 40 114 108 37 80,simulation,db4,energy,94,25,25,0
ALL,W-QDA:qda,9,,0.04,0.132,72 110 78 73 39 111 109 82 79 74 115 119 36 121 118 40 114 108 37 80,72 110 78 73 39 111 109 82 79 74 115 119 36 121 118 40 114 108 37 80,simulation,db4,energy,94,25,25,0
W-NN,W-NN:k=3,4,3.0,0.08,0.232,72 78 79 109 111 118 77 110 114 74 75 76 80 115 73 84 116 119 81 105,78 77 79 111 75 83 84 109 114 74 76 110 113 80 81 82 108 112 115 117,simulation,db4,usage,94,25,25,0
W-QDA,W-QDA:qda,7,2.0,0.12,0.112,78 79 109 111 115 74 75 76 110 113 114 72 118 119 77 80 84 112 73 106,78 77 79 111 75 83 84 109 114 74 76 110 113 80 81 82 108 112 115 117,simulation,db4,usage,94,25,25,0
W-CART,W-CART:cart,6,2.0,0.04,0.136,78 79 109 111 115 74 75 76 110 113 114 72 118 119 77 80 84 112 73 106,78 77 79 111 75 83 84 109 114 74 76 110 113 80 81 82 108 112 115 117,simulation,db4,usage,94,25,25,0
ALL,W-CART:cart,6,2.0,0.04,0.136,78 79 109 111 115 74 75 76 110 113 114 72 118 119 77 80 84 112 73 106,78 77 79 111 75 83 84 109 114 74 76 110 113 80 81 82 108 112 115 117,simulation,db4,usage,94,25,25,0
W-NN,W-NN:k=3,1,,0.04,0.122,86 52 77 81 104 87 119 73 82 71 79 74 85 84 107 105 78 76 72 58,86 52 77 81 104 87 119 73 82 71 79 74 85 84 107 105 78 76 72 58,simulation,db4,energy,95,25,25,0
W-QDA,W-QDA:qda,2,,0.0,0.082,86 52 77 81 104 87 119 73 82 71 79 74 85 84 107 105 78 76 72 58,86 52 77 81 104 87 119 73 82 71 79 74 85 84 107 105 78 76 72 58,simulation,db4,energy,95,25,25,0
W-CART,W-CART:cart,13,,0.0,0.1,86 52 77 81 104 87 119 73 82 71 79 74 85 84 107 105 78 76 72 58,86 52 77 81 104 87 119 73 82 71 79 74 85 84 107 105 78 76 72 58,simulation,db4,energy,95,25,25,0
ALL,W-QDA:qda,2,,0.0,0.082,86 52 77 81 104 87 119 73 82 71 79 74 85 84 107 105 78 76 72 58,86 52 77 81 104 87 119 73 82 71 79 74 85 84 107 105 78 76 72 58,simulation,db4,energy,95,25,25,0
W-NN,W-NN:k=1,8,0.5,0.08,0.244,111 77 78 79 81 82 108 109 110 115 74 75 76 83 84 113 114 116 118 72,79 77 78 80 83 84 111 115 116 72 73 85 108 110 113 114 118 74 81 82,simulation,db4,usage,95,25,25,0
W-QDA,W-QDA:qda,6,1.0,0.04,0.126,79 77 78 80 83 84 111 115 116 72 73 85 108 110 113 114 118 74 81 82,79 77 78 80 83 84 111 115 116 72 73 85 108 110 113 114 118 74 81 82,simulation,db4,usage,95,25,25,0
W-CART,W-CART:cart,64,1.5,0.08,0.194,83 116 78 79 80 108 111 73 74 77 82 85 107 109 117 118 72 76 81 84,79 77 78 80 83 84 111 115 116 72 73 85 108 110 113 114 118 74 81 82,simulation,db4,usage,95,25,25,0
ALL,W-QDA:qda,6,1.0,0.04,0.126,79 77 78 80 83 84 111 115 116 72 73 85 108 110 113 114 118 74 81 82,79 77 78 80 83 84 111 115 116 72 73 85 108 110 113 114 118 74 81 82,simulation,db4,usage,95,25,25,0
W-NN,W-NN:k=1,1,,0.08,0.292,119 112 79 57 113 118 72 117 71 35 85 73 106 78 59 108 76 75 116 74,119 112 79 57 113 118 72 117 71 35 85 73 106 78 59 108 76 75 116 74,simulation,db4,energy,96,25,25,0
W-QDA,W-QDA:qda,4,,0.08,0.242,119 112 79 57 113 118 72 117 71 35 85 73 106 78 59 108 76 75 116 74,119 112 79 57 113 118 72 117 71 35 85 73 106 78 59 108 76 75 116 74,simulation,db4,energy,96,25,25,0
W-CART,W-CART:cart,1,,0.08,0.292,119 112 79 57 113 118 72 117 71 35 85 73 106 78 59 108 76 75 116 74,119 112 79 57 113 118 72 117 71 35 85 73 106 78 59 108 76 75 116 74,simulation,db4,energy,96,25,25,0
ALL,W-NN:k=1,1,,0.08,0.292,119 112 79 57 113 118 72 117 71 35 85 73 106 78 59 108 76 75 116 74,119 112 79 57 113 118 72 117 71 35 85 73 106 78 59 108 76 75 116 74,simulation,db4,energy,96,25,25,0
W-NN,W-NN:k=1,2,3.0,0.0,0.184,73 117 118 74 76 77 78 114 79 113 120 75 112 115 116 71 72 119 121 110,116 73 76 113 114 115 117 118 75 79 72 74 78 81 110 119 77 112 120 70,simulation,db4,usage,96,25,25,0
W-QDA,W-QDA:qda,3,2.0,0.0,0.186,73 116 117 74 114 76 79 113 118 71 115 77 78 119 110 120 70 75 112 147,116 73 76 113 114 115 117 118 75 79 72 74 78 81 110 119 77 112 120 70,simulation,db4,usage,96,25,25,0
W-CART,W-CART:cart,11,3.0,0.04,0.168,73 117 118 74 76 77 78 114 79 113 120 75 112 115 116 71 72 119 121 110,116 73 76 113 114 115 117 118 75 79 72 74 78 81 110 119 77 112 120 70,simulation,db4,usage,96,25,25,0
ALL,W-NN:k=1,2,3.0,0.0,0.184,73 117 118 74 76 77 78 114 79 113 120 75 112 115 116 71 72 119 121 110,116 73 76 113 114 115 117 118 75 79 72 74 78 81 110 119 77 112 120 70,simulation,db4,usage,96,25,25,0
W-NN,W-NN:k=1,4,,0.12,0.19,104 109 112 86 88 82 80 79 117 115 110 105 119 73 83 107 108 76 81 113,104 109 112 86 88 82 80 79 117 115 110 105 119 73 83 107 108 76 81 113,simulation,db4,energy,97,25,25,0
W-QDA,W-QDA:qda,3,,0.04,0.09,104 109 112 86 88 82 80 79 117 115 110 105 119 73 83 107 108 76 81 113,104 109 112 86 88 82 80 79 117 115 110 105 119 73 83 107 108 76 81 113,simulation,db4,energy,97,25,25,0
W-CART,W-CART:cart,4,,0.08,0.156,104 109 112 86 88 82 80 79 117 115 110 105 119 73 83 107 108 76 81 113,104 109 112 86 88 82 80 79 117 115 110 105 119 73 83 107 108 76 81 113,simulation,db4,energy,97,25,25,0
ALL,W-QDA:qda,3,,0.04,0.09,104 109 112 86 88 82 80 79 117 115 110 105 119 73 83 107 108 76 81 113,104 109 112 86 88 82 80 79 117 115 110 105 119 73 83 107 108 76 81 113,simulation,db4,energy,97,25,25,0
W-NN,W-NN:k=3,47,3.0,0.04,0.226,109 107 112 80 82 86 105 106 108 78 84 104 110 76 79 83 85 111 75 81,80 81 107 111 105 108 109 110 112 113 76 78 82 85 88 104 106 79 83 84,simulation,db4,usage,97,25,25,0
W-QDA,W-QDA:qda,3,1.5,0.08,0.146,80 111 105 107 109 82 112 85 86 108 78 79 81 84 87 104 106 113 76 77,80 81 107 111 105 108 109 110 112 113 76 78 82 85 88 104 106 79 83 84,simulation,db4,usage,97,25,25,0
W-CART,W-CART:cart,8,1.5,0.0,0.116,80 111 105 107 109 82 112 85 86 108 78 79 81 84 87 104 106 113 76 77,80 81 107 111 105 108 109 110 112 113 76 78 82 85 88 104 106 79 83 84,simulation,db4,usage,97,25,25,0
ALL,W-CART:cart,8,1.5,0.0,0.116,80 111 105 107 109 82 112 85 86 108 78 79 81 84 87 104 106 113 76 77,80 81 107 111 105 108 109 110 112 113 76 78 82 85 88 104 106 79 83 84,simulation,db4,usage,97,25,25,0
W-NN,W-NN:k=1,22,,0.16,0.222,29 236 87 59 60 114 73 58 76 36 117 237 80 86 82 110 72 88 103 208,29 236 87 59 60 114 73 58 76 36 117 237 80 86 82 110 72 88 103 208,simulation,db4,energy,98,25,25,0
W-QDA,W-QDA:qda,4,,0.08,0.154,29 236 87 59 60 114 73 58 76 36 117 237 80 86 82 110 72 88 103 208,29 236 87 59 60 114 73 58 76 36 117 237 80 86 82 110 72 88 103 208,simulation,db4,energy,98,25,25,0
W-CART,W-CART:cart,3,,0.2,0.24,29 236 87 59 60 114 73 58 76 36 117 237 80 86 82 110 72 88 103 208,29 236 87 59 60 114 73 58 76 36 117 237 80 86 82 110 72 88 103 208,simulation,db4,energy,98,25,25,0
ALL,W-QDA:qda,4,,0.08,0.154,29 236 87 59 60 114 73 58 76 36 117 237 80 86 82 110 72 88 103 208,29 236 87 59 60 114 73 58 76 36 117 237 80 86 82 110 72 88 103 208,simulation,db4,energy,98,25,25,0
W-NN,W-NN:k=1,20,0.5,0.04,0.236,82 83 107 112 78 79 80 81 85 111 84 105 106 109 110 113 168 217 218 75,83 80 81 109 78 79 82 84 85 106 107 111 112 87 108 110 117 77 86 105,simulation,db4,usage,98,25,25,0
W-QDA,W-QDA:qda,1,0.5,0.32,0.248,82 83 107 112 78 79 80 81 85 111 84 105 106 109 110 113 168 217 218 75,83 80 81 109 78 79 82 84 85 106 107 111 112 87 108 110 117 77 86 105,simulation,db4,usage,98,25,25,0
W-CART,W-CART:cart,1,1.0,0.16,0.304,83 80 81 109 78 79 82 84 85 106 107 111 112 87 108 110 117 77 86 105,83 80 81 109 78 79 82 84 85 106 107 111 112 87 108 110 117 77 86 105,simulation,db4,usage,98,25,25,0
ALL,W-NN:k=1,20,0.5,0.04,0.236,82 83 107 112 78 79 80 81 85 111 84 105 106 109 110 113 168 217 218 75,83 80 81 109 78 79 82 84 85 106 107 111 112 87 108 110 117 77 86 105,simulation,db4,usage,98,25,25,0
W-NN,W-NN:k=3,18,,0.2,0.272,109 82 55 81 162 54 42 110 103 83 107 57 40 163 77 41 111 56 161 108,109 82 55 81 162 54 42 110 103 83 107 57 40 163 77 41 111 56 161 108,simulation,db4,energy,99,25,25,0
W-QDA,W-QDA:qda,7,,0.16,0.32,109 82 55 81 162 54 42 110 103 83 107 57 40 163 77 41 111 56 161 108,109 82 55 81 162 54 42 110 103 83 107 57 40 163 77 41 111 56 161 108,simulation,db4,energy,99,25,25,0
W-CART,W-CART:cart,33,,0.2,0.366,109 82 55 81 162 54 42 110 103 83 107 57 40 163 77 41 111 56 161 108,109 82 55 81 162 54 42 110 103 83 107 57 40 163 77 41 111 56 161 108,simulation,db4,energy,99,25,25,0
ALL,W-QDA:qda,7,,0.16,0.32,109 82 55 81 162 54 42 110 103 83 107 57 40 163 77 41 111 56 161 108,109 82 55 81 162 54 42 110 103 83 107 57 40 163 77 41 111 56 161 108,simulation,db4,energy,99,25,25,0
W-NN,W-NN:k=7,1,1.0,0.12,0.148,84 82 110 79 81 83 80 85 109 106 107 108 77 86 111 76 112 78 104 105,84 82 110 79 81 83 80 85 109 106 107 108 77 86 111 76 112 78 104 105,simulation,db4,usage,99,25,25,0
W-QDA,W-QDA:qda,1,1.0,0.12,0.14,84 82 110 79 81 83 80 85 109 106 107 108 77 86 111 76 112 78 104 105,84 82 110 79 81 83 80 85 109 106 107 108 77 86 111 76 112 78 104 105,simulation,db4,usage,99,25,25,0
W-CART,W-CART:cart,5,1.5,0.04,0.136,110 81 85 107 109 79 82 83 84 106 77 80 108 112 111 76 78 86 104 212,84 82 110 79 81 83 80 85 109 106 107 108 77 86 111 76 112 78 104 105,simulation,db4,usage,99,25,25,0
ALL,W-CART:cart,5,1.5,0.04,0.136,110 81 85 107 109 79 82 83 84 106 77 80 108 112 111 76 78 86 104 212,84 82 110 79 81 83 80 85 109 106 107 108 77 86 111 76 112 78 104 105,simulation,db4,usage,99,25,25,0
W-NN,W-NN:k=3,8,,0.08,0.152,88 72 103 79 111 118 114 36 113 102 71 81 117 105 86 119 78 112 116 38,88 72 103 79 111 118 114 36 113 102 71 81 117 105 86 119 78 112 116 38,simulation,db4,energy,0,50,50,0
W-QDA,W-QDA:qda,7,,0.06,0.074,88 72 103 79 111 118 114 36 113 102 71 81 117 105 86 119 78 112 116 38,88 72 103 79 111 118 114 36 113 102 71 81 117 105 86 119 78 112 116 38,simulation,db4,energy,0,50,50,0
W-CART,W-CART:cart,42,,0.06,0.138,88 72 103 79 111 118 114 36 113 102 71 81 117 105 86 119 78 112 116 38,88 72 103 79 111 118 114 36 113 102 71 81 117 105 86 119 78 112 116 38,simulation,db4,energy,0,50,50,0
ALL,W-QDA:qda,7,,0.06,0.074,88 72 103 79 111 118 114 36 113 102 71 81 117 105 86 119 78 112 116 38,88 72 103 79 111 118 114 36 113 102 71 81 117 105 86 119 78 112 116 38,simulation,db4,energy,0,50,50,0
W-NN,W-NN:k=1,3,3.0,0.14,0.288,114 111 113 76 78 79 115 117 74 82 116 75 77 109 112 80 81 83 108 118,111 79 80 112 74 77 81 116 76 109 110 117 75 113 114 78 82 115 83 108,simulation,db4,usage,0,50,50,0
W-QDA,W-QDA:qda,5,1.5,0.14,0.086,109 111 117 74 76 77 81 112 114 79 75 110 115 80 108 116 78 82 83 113,111 79 80 112 74 77 81 116 76 109 110 117 75 113 114 78 82 115 83 108,simulation,db4,usage,0,50,50,0
W-CART,W-CART:cart,32,3.0,0.04,0.108,114 111 113 76 78 79 115 117 74 82 116 75 77 109 112 80 81 83 108 118,111 79 80 112 74 77 81 116 76 109 110 117 75 113 114 78 82 115 83 108,simulation,db4,usage,0,50,50,0
ALL,W-CART:cart,32,3.0,0.04,0.108,114 111 113 76 78 79 115 117 74 82 116 75 77 109 112 80 81 83 108 118,111 79 80 112 74 77 81 116 76 109 110 117 75 113 114 78 82 115 83 108,simulation,db4,usage,0,50,50,0
W-NN,W-NN:k=1,18,,0.08,0.156,115 82 114 78 81 110 80 111 77 75 109 38 74 79 76 113 116 86 112 39,115 82 114 78 81 110 80 111 77 75 109 38 74 79 76 113 116 86 112 39,simulation,db4,energy,1,50,50,0
W-QDA,W-QDA:qda,6,,0.14,0.144,115 82 114 78 81 110 80 111 77 75 109 38 74 79 76 113 116 86 112 39,115 82 114 78 81 110 80 111 77 75 109 38 74 79 76 113 116 86 112 39,simulation,db4,energy,1,50,50,0
W-CART,W-CART:cart,22,,0.1,0.116,115 82 114 78 81 110 80 111 77 75 109 38 74 79 76 113 116 86 112 39,115 82 114 78 81 110 80 111 77 75 109 38 74 79 76 113 116 86 112 39,simulation,db4,energy,1,50,50,0
ALL,W-NN:k=1,18,,0.08,0.156,115 82 114 78 81 110 80 111 77 75 109 38 74 79 76 113 116 86 112 39,115 82 114 78 81 110 80 111 77 75 109 38 74 79 76 113 116 86 112 39,simulation,db4,energy,1,50,50,0
W-NN,W-NN:k=1,32,0.5,0.04,0.154,113 78 79 111 80 110 114 76 77 81 84 112 75 82 83 107 109 115 116 225,77 78 79 111 75 113 114 76 109 110 115 82 112 81 73 74 83 108 80 84,simulation,db4,usage,1,50,50,0
W-QDA,W-QDA:qda,6,2.0,0.16,0.11,77 78 75 76 110 74 80 109 115 81 111 113 114 117 73 112 79 108 116 118,77 78 79 111 75 113 114 76 109 110 115 82 112 81 73 74 83 108 80 84,simulation,db4,usage,1,50,50,0
W-CART,W-CART:cart,23,3.0,0.1,0.116,77 76 115 75 78 109 110 117 74 80 111 73 79 114 116 81 112 113 82 85,77 78 79 111 75 113 114 76 109 110 115 82 112 81 73 74 83 108 80 84,simulation,db4,usage,1,50,50,0
ALL,W-NN:k=1,32,0.5,0.04,0.154,113 78 79 111 80 110 114 76 77 81 84 112 75 82 83 107 109 115 116 225,77 78 79 111 75 113 114 76 109 110 115 82 112 81 73 74 83 108 80 84,simulation,db4,usage,1,50,50,0
W-NN,W-NN:k=1,12,,0.1,0.104,72 110 119 106 118 81 84 76 40 83 120 114 77 108 73 115 117 107 71 116,72 110 119 106 118 81 84 76 40 83 120 114 77 108 73 115 117 107 71 116,simulation,db4,energy,2,50,50,0
W-QDA,W-QDA:qda,17,,0.04,0.038,72 110 119 106 118 81 84 76 40 83 120 114 77 108 73 115 117 107 71 116,72 110 119 106 118 81 84 76 40 83 120 114 77 108 73 115 117 107 71 116,simulation,db4,energy,2,50,50,0
W-CART,W-CART:cart,17,,0.08,0.118,72 110 119 106 118 81 84 76 40 83 120 114 77 108 73 115 117 107 71 116,72 110 119 106 118 81 84 76 40 83 120 114 77 108 73 115 117 107 71 116,simulation,db4,energy,2,50,50,0
ALL,W-QDA:qda,17,,0.04,0.038,72 110 119 106 118 81 84 76 40 83 120 114 77 108 73 115 117 107 71 116,72 110 119 106 118 81 84 76 40 83 120 114 77 108 73 115 117 107 71 116,simulation,db4,energy,2,50,50,0
W-NN,W-NN:k=3,21,1.0,0.06,0.158,115 75 76 77 78 109 80 116 81 111 114 79 83 108 112 73 74 84 85 106,115 75 76 77 78 109 80 116 81 111 114 79 83 108 112 73 74 84 85 106,simulation,db4,usage,2,50,50,0
W-QDA,W-QDA:qda,23,0.5,0.02,0.068,115 76 77 75 74 78 80 81 113 116 114 111 112 117 82 109 85 79 83 84,115 75 76 77 78 109 80 116 81 111 114 79 83 108 112 73 74 84 85 106,simulation,db4,usage,2,50,50,0
W-CART,W-CART:cart,10,1.0,0.04,0.156,115 75 76 77 78 109 80 116 81 111 114 79 83 108 112 73 74 84 85 106,115 75 76 77 78 109 80 116 81 111 114 79 83 108 112 73 74 84 85 106,simulation,db4,usage,2,50,50,0
ALL,W-QDA:qda,23,0.5,0.02,0.068,115 76 77 75 74 78 80 81 113 116 114 111 112 117 82 109 85 79 83 84,115 75 76 77 78 109 80 116 81 111 114 79 83 108 112 73 74 84 85 106,simulation,db4,usage,2,50,50,0
W-NN,W-NN:k=1,5,,0.06,0.136,79 103 82 118 104 87 108 86 81 36 107 83 106 102 105 119 112 84 73 113,79 103 82 118 104 87 108 86 81 36 107 83 106 102 105 119 112 84 73 113,simulation,db4,energy,3,50,50,0
W-QDA,W-QDA:qda,6,,0.04,0.062,79 103 82 118 104 87 108 86 81 36 107 83 106 102 105 119 112 84 73 113,79 103 82 118 104 87 108 86 81 36 107 83 106 102 105 119 112 84 73 113,simulation,db4,energy,3,50,50,0
W-CART,W-CART:cart,7,,0.02,0.138,79 103 82 118 104 87 108 86 81 36 107 83 106 102 105 119 112 84 73 113,79 103 82 118 104 87 108 86 81 36 107 83 106 102 105 119 112 84 73 113,simulation,db4,energy,3,50,50,0
ALL,W-CART:cart,7,,0.02,0.138,79 103 82 118 104 87 108 86 81 36 107 83 106 102 105 119 112 84 73 113,79 103 82 118 104 87 108 86 81 36 107 83 106 102 105 119 112 84 73 113,simulation,db4,energy,3,50,50,0
W-NN,W-NN:k=5,12,0.5,0.04,0.166,111 80 109 83 84 110 78 108 112 113 114 79 85 86 77 81 106 107 76 82,84 110 108 109 78 80 83 81 86 115 85 107 111 112 114 79 82 113 77 87,simulation,db4,usage,3,50,50,0
W-QDA,W-QDA:qda,3,3.0,0.02,0.076,86 81 85 108 82 84 112 113 105 106 110 79 80 83 107 77 78 116 75 87,84 110 108 109 78 80 83 81 86 115 85 107 111 112 114 79 82 113 77 87,simulation,db4,usage,3,50,50,0
W-CART,W-CART:cart,5,3.0,0.04,0.096,86 81 85 108 82 84 112 113 105 106 110 79 80 83 107 77 78 116 75 87,84 110 108 109 78 80 83 81 86 115 85 107 111 112 114 79 82 113 77 87,simulation,db4,usage,3,50,50,0
ALL,W-QDA:qda,3,3.0,0.02,0.076,86 81 85 108 82 84 112 113 105 106 110 79 80 83 107 77 78 116 75 87,84 110 108 109 78 80 83 81 86 115 85 107 111 112 114 79 82 113 77 87,simulation,db4,usage,3,50,50,0
W-NN,W-NN:k=3,11,,0.04,0.158,86 39 111 107 112 116 106 114 110 55 76 58 87 75 74 79 38 82 81 37,86 39 111 107 112 116 106 114 110 55 76 58 87 75 74 79 38 82 81 37,simulation,db4,energy,4,50,50,0
W-QDA,W-QDA:qda,6,,0.02,0.068,86 39 111 107 112 116 106 114 110 55 76 58 87 75 74 79 38 82 81 37,86 39 111 107 112 116 106 114 110 55 76 58 87 75 74 79 38 82 81 37,simulation,db4,energy,4,50,50,0
W-CART,W-CART:cart,19,,0.08,0.112,86 39 111 107 112 116 106 114 110 55 76 58 87 75 74 79 38 82 81 37,86 39 111 107 112 116 106 114 110 55 76 58 87 75 74 79 38 82 81 37,simulation,db4,energy,4,50,50,0
ALL,W-QDA:qda,6,,0.02,0.068,86 39 111 107 112 116 106 114 110 55 76 58 87 75 74 79 38 82 81 37,86 39 111 107 112 116 106 114 110 55 76 58 87 75 74 79 38 82 81 37,simulation,db4,energy,4,50,50,0
W-NN,W-NN:k=5,22,3.0,0.04,0.116,79 80 112 114 78 106 75 77 81 84 110 71 107 109 113 116 117 118 76 83,80 78 79 81 77 112 114 110 113 76 115 75 84 116 82 83 109 111 106 74,simulation,db4,usage,4,50,50,0
W-QDA,W-QDA:qda,14,3.0,0.02,0.076,79 80 112 114 78 106 75 77 81 84 110 71 107 109 113 116 117 118 76 83,80 78 79 81 77 112 114 110 113 76 115 75 84 116 82 83 109 111 106 74,simulation,db4,usage,4,50,50,0
W-CART,W-CART:cart,13,0.5,0.08,0.168,78 79 110 113 114 77 80 81 76 112 82 111 75 109 83 115 116 155 157 74,80 78 79 81 77 112 114 110 113 76 115 75 84 116 82 83 109 111 106 74,simulation,db4,usage,4,50,50,0
ALL,W-QDA:qda,14,3.0,0.02,0.076,79 80 112 114 78 106 75 77 81 84 110 71 107 109 113 116 117 118 76 83,80 78 79 81 77 112 114 110 113 76 115 75 84 116 82 83 109 111 106 74,simulation,db4,usage,4,50,50,0
W-NN,W-NN:k=1,46,,0.02,0.134,86 112 109 211 79 82 80 159 105 83 108 78 43 117 115 166 74 72 118 52,86 112 109 211 79 82 80 159 105 83 108 78 43 117 115 166 74 72 118 52,simulation,db4,energy,5,50,50,0
W-QDA,W-QDA:qda,16,,0.04,0.088,86 112 109 211 79 82 80 159 105 83 108 78 43 117 115 166 74 72 118 52,86 112 109 211 79 82 80 159 105 83 108 78 43 117 115 166 74 72 118 52,simulation,db4,energy,5,50,50,0
W-CART,W-CART:cart,63,,0.08,0.154,86 112 109 211 79 82 80 159 105 83 108 78 43 117 115 166 74 72 118 52,86 112 109 211 79 82 80 159 105 83 108 78 43 117 115 166 74 72 118 52,simulation,db4,energy,5,50,50,0
ALL,W-NN:k=1,46,,0.02,0.134,86 112 109 211 79 82 80 159 105 83 108 78 43 117 115 166 74 72 118 52,86 112 109 211 79 82 80 159 105 83 108 78 43 117 115 166 74 72 118 52,simulation,db4,energy,5,50,50,0
W-NN,W-NN:k=3,23,3.0,0.04,0.146,76 75 78 116 108 109 113 114 117 73 79 80 110 118 81 82 83 85 86 105,75 116 78 109 112 115 117 74 76 80 83 114 79 108 77 85 107 111 82 84,simulation,db4,usage,5,50,50,0
W-QDA,W-QDA:qda,20,1.0,0.02,0.1,75 116 78 109 112 115 117 74 76 80 83 114 79 108 77 85 107 111 82 84,75 116 78 109 112 115 117 74 76 80 83 114 79 108 77 85 107 111 82 84,simulation,db4,usage,5,50,50,0
W-CART,W-CART:cart,6,0.5,0.02,0.196,75 76 78 80 114 74 77 79 82 83 108 109 110 111 116 117 85 112 115 118,75 116 78 109 112 115 117 74 76 80 83 114 79 108 77 85 107 111 82 84,simulation,db4,usage,5,50,50,0
ALL,W-CART:cart,6,0.5,0.02,0.196,75 76 78 80 114 74 77 79 82 83 108 109 110 111 116 117 85 112 115 118,75 116 78 109 112 115 117 74 76 80 83 114 79 108 77 85 107 111 82 84,simulation,db4,usage,5,50,50,0
W-NN,W-NN:k=1,3,,0.14,0.11,82 105 85 42 86 41 110 104 77 83 164 54 87 78 52 81 113 106 80 116,82 105 85 42 86 41 110 104 77 83 164 54 87 78 52 81 113 106 80 116,simulation,db4,energy,6,50,50,0
W-QDA,W-QDA:qda,3,,0.06,0.052,82 105 85 42 86 41 110 104 77 83 164 54 87 78 52 81 113 106 80 116,82 105 85 42 86 41 110 104 77 83 164 54 87 78 52 81 113 106 80 116,simulation,db4,energy,6,50,50,0
W-CART,W-CART:cart,8,,0.12,0.084,82 105 85 42 86 41 110 104 77 83 164 54 87 78 52 81 113 106 80 116,82 105 85 42 86 41 110 104 77 83 164 54 87 78 52 81 113 106 80 116,simulation,db4,energy,6,50,50,0
ALL,W-QDA:qda,3,,0.06,0.052,82 105 85 42 86 41 110 104 77 83 164 54 87 78 52 81 113 106 80 116,82 105 85 42 86 41 110 104 77 83 164 54 87 78 52 81 113 106 80 116,simulation,db4,energy,6,50,50,0
W-NN,W-NN:k=3,2,3.0,0.08,0.094,83 86 105 80 81 104 106 108 82 85 87 84 109 79 107 112 76 88 103 113,80 81 83 108 111 82 107 109 79 84 110 86 105 85 112 113 78 87 106 103,simulation,db4,usage,6,50,50,0
W-QDA,W-QDA:qda,2,3.0,0.06,0.08,83 86 105 80 81 104 106 108 82 85 87 84 109 79 107 112 76 88 103 113,80 81 83 108 111 82 107 109 79 84 110 86 105 85 112 113 78 87 106 103,simulation,db4,usage,6,50,50,0
W-CART,W-CART:cart,19,1.5,0.06,0.138,80 81 83 82 111 86 107 108 109 79 84 85 105 106 112 87 110 103 113 78,80 81 83 108 111 82 107 109 79 84 110 86 105 85 112 113 78 87 106 103,simulation,db4,usage,6,50,50,0
ALL,W-QDA:qda,2,3.0,0.06,0.08,83 86 105 80 81 104 106 108 82 85 87 84 109 79 107 112 76 88 103 113,80 81 83 108 111 82 107 109 79 84 110 86 105 85 112 113 78 87 106 103,simulation,db4,usage,6,50,50,0
W-NN,W-NN:k=5,3,,0.1,0.128,115 86 75 72 104 59 76 81 88 119 151 209 80 118 73 116 37 110 52 84,115 86 75 72 104 59 76 81 88 119 151 209 80 118 73 116 37 110 52 84,simulation,db4,energy,7,50,50,0
W-QDA,W-QDA:qda,20,,0.02,0.028,115 86 75 72 104 59 76 81 88 119 151 209 80 118 73 116 37 110 52 84,115 86 75 72 104 59 76 81 88 119 151 209 80 118 73 116 37 110 52 84,simulation,db4,energy,7,50,50,0
W-CART,W-CART:cart,47,,0.1,0.136,115 86 75 72 104 59 76 81 88 119 151 209 80 118 73 116 37 110 52 84,115 86 75 72 104 59 76 81 88 119 151 209 80 118 73 116 37 110 52 84,simulation,db4,energy,7,50,50,0
ALL,W-QDA:qda,20,,0.02,0.028,115 86 75 72 104 59 76 81 88 119 151 209 80 118 73 116 37 110 52 84,115 86 75 72 104 59 76 81 88 119 151 209 80 118 73 116 37 110 52 84,simulation,db4,energy,7,50,50,0
W-NN,W-NN:k=9,7,2.0,0.06,0.11,84 80 83 107 115 75 77 81 82 74 79 104 106 108 114 72 78 85 109 110,80 84 75 81 107 79 82 111 113 115 78 85 106 109 112 83 108 110 116 74,simulation,db4,usage,7,50,50,0
W-QDA,W-QDA:qda,19,1.5,0.02,0.032,84 75 80 115 83 107 78 82 104 110 113 114 72 74 77 79 81 86 106 108,80 84 75 81 107 79 82 111 113 115 78 85 106 109 112 83 108 110 116 74,simulation,db4,usage,7,50,50,0
W-CART,W-CART:cart,21,2.0,0.1,0.122,84 80 83 107 115 75 77 81 82 74 79 104 106 108 114 72 78 85 109 110,80 84 75 81 107 79 82 111 113 115 78 85 106 109 112 83 108 110 116 74,simulation,db4,usage,7,50,50,0
ALL,W-QDA:qda,19,1.5,0.02,0.032,84 75 80 115 83 107 78 82 104 110 113 114 72 74 77 79 81 86 106 108,80 84 75 81 107 79 82 111 113 115 78 85 106 109 112 83 108 110 116 74,simulation,db4,usage,7,50,50,0
W-NN,W-NN:k=3,1,,0.06,0.154,87 104 119 114 81 116 77 105 79 86 78 76 37 38 112 110 73 111 109 121,87 104 119 114 81 116 77 105 79 86 78 76 37 38 112 110 73 111 109 121,simulation,db4,energy,8,50,50,0
W-QDA,W-QDA:qda,3,,0.02,0.072,87 104 119 114 81 116 77 105 79 86 78 76 37 38 112 110 73 111 109 121,87 104 119 114 81 116 77 105 79 86 78 76 37 38 112 110 73 111 109 121,simulation,db4,energy,8,50,50,0
W-CART,W-CART:cart,2,,0.04,0.126,87 104 119 114 81 116 77 105 79 86 78 76 37 38 112 110 73 111 109 121,87 104 119 114 81 116 77 105 79 86 78 76 37 38 112 110 73 111 109 121,simulation,db4,energy,8,50,50,0
ALL,W-QDA:qda,3,,0.02,0.072,87 104 119 114 81 116 77 105 79 86 78 76 37 38 112 110 73 111 109 121,87 104 119 114 81 116 77 105 79 86 78 76 37 38 112 110 73 111 109 121,simulation,db4,energy,8,50,50,0
W-NN,W-NN:k=1,27,3.0,0.08,0.196,114 78 81 113 118 76 77 79 80 83 112 74 82 84 107 108 109 111 115 117,113 114 112 76 77 81 115 79 80 75 109 110 74 78 82 108 111 116 73 84,simulation,db4,usage,8,50,50,0
W-QDA,W-QDA:qda,10,3.0,0.02,0.102,114 78 81 113 118 76 77 79 80 83 112 74 82 84 107 108 109 111 115 117,113 114 112 76 77 81 115 79 80 75 109 110 74 78 82 108 111 116 73 84,simulation,db4,usage,8,50,50,0
W-CART,W-CART:cart,20,0.5,0.02,0.096,112 114 115 76 113 79 77 81 116 78 75 80 110 111 109 74 82 158 227 73,113 114 112 76 77 81 115 79 80 75 109 110 74 78 82 108 111 116 73 84,simulation,db4,usage,8,50,50,0
ALL,W-QDA:qda,10,3.0,0.02,0.102,114 78 81 113 118 76 77 79 80 83 112 74 82 84 107 108 109 111 115 117,113 114 112 76 77 81 115 79 80 75 109 110 74 78 82 108 111 116 73 84,simulation,db4,usage,8,50,50,0
W-NN,W-NN:k=1,14,,0.0,0.188,80 112 79 111 224 39 77 78 114 110 73 115 113 88 223 75 116 225 40 76,80 112 79 111 224 39 77 78 114 110 73 115 113 88 223 75 116 225 40 76,simulation,db4,energy,9,50,50,0
W-QDA,W-QDA:qda,14,,0.1,0.14,80 112 79 111 224 39 77 78 114 110 73 115 113 88 223 75 116 225 40 76,80 112 79 111 224 39 77 78 114 110 73 115 113 88 223 75 116 225 40 76,simulation,db4,energy,9,50,50,0
W-CART,W-CART:cart,11,,0.14,0.166,80 112 79 111 224 39 77 78 114 110 73 115 113 88 223 75 116 225 40 76,80 112 79 111 224 39 77 78 114 110 73 115 113 88 223 75 116 225 40 76,simulation,db4,energy,9,50,50,0
ALL,W-NN:k=1,14,,0.0,0.188,80 112 79 111 224 39 77 78 114 110 73 115 113 88 223 75 116 225 40 76,80 112 79 111 224 39 77 78 114 110 73 115 113 88 223 75 116 225 40 76,simulation,db4,energy,9,50,50,0
W-NN,W-NN:k=1,12,3.0,0.06,0.21,111 112 80 113 79 81 110 114 115 76 77 78 116 75 83 109 82 107 108 73,81 112 79 111 78 80 110 109 113 76 77 116 114 115 83 75 82 117 118 74,simulation,db4,usage,9,50,50,0
W-QDA,W-QDA:qda,12,0.5,0.12,0.194,79 112 80 81 111 109 110 113 78 108 114 115 227 76 77 116 75 107 223 83,81 112 79 111 78 80 110 109 113 76 77 116 114 115 83 75 82 117 118 74,simulation,db4,usage,9,50,50,0
W-CART,W-CART:cart,19,1.0,0.08,0.156,81 112 79 111 78 80 110 109 113 76 77 116 114 115 83 75 82 117 118 74,81 112 79 111 78 80 110 109 113 76 77 116 114 115 83 75 82 117 118 74,simulation,db4,usage,9,50,50,0
ALL,W-NN:k=1,12,3.0,0.06,0.21,111 112 80 113 79 81 110 114 115 76 77 78 116 75 83 109 82 107 108 73,81 112 79 111 78 80 110 109 113 76 77 116 114 115 83 75 82 117 118 74,simulation,db4,usage,9,50,50,0
W-NN,W-NN:k=5,18,,0.04,0.162,116 51 110 82 150 72 151 108 109 106 107 81 117 83 43 40 42 73 105 111,116 51 110 82 150 72 151 108 109 106 107 81 117 83 43 40 42 73 105 111,simulation,db4,energy,10,50,50,0
W-QDA,W-QDA:qda,10,,0.02,0.086,116 51 110 82 150 72 151 108 109 106 107 81 117 83 43 40 42 73 105 111,116 51 110 82 150 72 151 108 109 106 107 81 117 83 43 40 42 73 105 111,simulation,db4,energy,10,50,50,0
W-CART,W-CART:cart,15,,0.1,0.128,116 51 110 82 150 72 151 108 109 106 107 81 117 83 43 40 42 73 105 111,116 51 110 82 150 72 151 108 109 106 107 81 117 83 43 40 42 73 105 111,simulation,db4,energy,10,50,50,0
ALL,W-QDA:qda,10,,0.02,0.086,116 51 110 82 150 72 151 108 109 106 107 81 117 83 43 40 42 73 105 111,116 51 110 82 150 72 151 108 109 106 107 81 117 83 43 40 42 73 105 111,simulation,db4,energy,10,50,50,0
W-NN,W-NN:k=5,1,1.5,0.06,0.234,83 106 109 108 107 82 84 110 104 115 81 85 105 111 112 76 78 86 113 77,109 108 111 83 106 110 82 81 107 104 112 115 84 113 85 76 77 78 80 87,simulation,db4,usage,10,50,50,0
W-QDA,W-QDA:qda,1,2.0,0.02,0.152,106 107 83 84 109 82 108 104 110 81 105 111 115 76 85 113 78 79 77 87,109 108 111 83 106 110 82 81 107 104 112 115 84 113 85 76 77 78 80 87,simulation,db4,usage,10,50,50,0
W-CART,W-CART:cart,10,2.0,0.02,0.152,106 107 83 84 109 82 108 104 110 81 105 111 115 76 85 113 78 79 77 87,109 108 111 83 106 110 82 81 107 104 112 115 84 113 85 76 77 78 80 87,simulation,db4,usage,10,50,50,0
ALL,W-QDA:qda,1,2.0,0.02,0.152,106 107 83 84 109 82 108 104 110 81 105 111 115 76 85 113 78 79 77 87,109 108 111 83 106 110 82 81 107 104 112 115 84 113 85 76 77 78 80 87,simulation,db4,usage,10,50,50,0
W-NN,W-NN:k=3,2,,0.04,0.114,118 72 82 117 73 83 38 75 107 116 115 218 114 119 109 84 74 88 89 36,118 72 82 117 73 83 38 75 107 116 115 218 114 119 109 84 74 88 89 36,simulation,db4,energy,11,50,50,0
W-QDA,W-QDA:qda,9,,0.02,0.034,118 72 82 117 73 83 38 75 107 116 115 218 114 119 109 84 74 88 89 36,118 72 82 117 73 83 38 75 107 116 115 218 114 119 109 84 74 88 89 36,simulation,db4,energy,11,50,50,0
W-CART,W-CART:cart,42,,0.06,0.124,118 72 82 117 73 83 38 75 107 116 115 218 114 119 109 84 74 88 89 36,118 72 82 117 73 83 38 75 107 116 115 218 114 119 109 84 74 88 89 36,simulation,db4,energy,11,50,50,0
ALL,W-QDA:qda,9,,0.02,0.034,118 72 82 117 73 83 38 75 107 116 115 218 114 119 109 84 74 88 89 36,118 72 82 117 73 83 38 75 107 116 115 218 114 119 109 84 74 88 89 36,simulation,db4,energy,11,50,50,0
W-NN,W-NN:k=9,1,3.0,0.04,0.206,116 76 78 85 117 118 75 79 114 115 82 86 110 113 77 107 111 112 72 74,76 80 115 79 113 75 77 78 82 108 109 112 81 111 114 110 116 117 107 84,simulation,db4,usage,11,50,50,0
W-QDA,W-QDA:qda,8,0.5,0.04,0.112,76 80 81 82 115 108 109 114 75 113 77 78 83 84 107 111 112 79 110 116,76 80 115 79 113 75 77 78 82 108 109 112 81 111 114 110 116 117 107 84,simulation,db4,usage,11,50,50,0
W-CART,W-CART:cart,38,1.5,0.06,0.124,76 80 115 78 79 113 117 75 77 82 108 111 112 114 116 109 81 85 110 72,76 80 115 79 113 75 77 78 82 108 109 112 81 111 114 110 116 117 107 84,simulation,db4,usage,11,50,50,0
ALL,W-NN:k=9,1,3.0,0.04,0.206,116 76 78 85 117 118 75 79 114 115 82 86 110 113 77 107 111 112 72 74,76 80 115 79 113 75 77 78 82 108 109 112 81 111 114 110 116 117 107 84,simulation,db4,usage,11,50,50,0
W-NN,W-NN:k=5,6,,0.1,0.148,80 77 73 85 74 106 116 110 72 112 81 75 119 115 229 118 79 83 52 117,80 77 73 85 74 106 116 110 72 112 81 75 119 115 229 118 79 83 52 117,simulation,db4,energy,12,50,50,0
W-QDA,W-QDA:qda,4,,0.04,0.074,80 77 73 85 74 106 116 110 72 112 81 75 119 115 229 118 79 83 52 117,80 77 73 85 74 106 116 110 72 112 81 75 119 115 229 118 79 83 52 117,simulation,db4,energy,12,50,50,0
W-CART,W-CART:cart,6,,0.1,0.134,80 77 73 85 74 106 116 110 72 112 81 75 119 115 229 118 79 83 52 117,80 77 73 85 74 106 116 110 72 112 81 75 119 115 229 118 79 83 52 117,simulation,db4,energy,12,50,50,0
ALL,W-QDA:qda,4,,0.04,0.074,80 77 73 85 74 106 116 110 72 112 81 75 119 115 229 118 79 83 52 117,80 77 73 85 74 106 116 110 72 112 81 75 119 115 229 118 79 83 52 117,simulation,db4,energy,12,50,50,0
W-NN,W-NN:k=1,5,3.0,0.06,0.116,115 116 85 75 82 114 117 119 72 73 118 77 109 110 112 74 83 84 106 113,79 116 115 76 80 113 114 75 81 83 109 112 77 78 82 85 106 107 117 73,simulation,db4,usage,12,50,50,0
W-QDA,W-QDA:qda,11,2.0,0.0,0.076,116 115 109 75 83 114 79 82 85 112 117 72 74 76 80 81 107 108 118 119,79 116 115 76 80 113 114 75 81 83 109 112 77 78 82 85 106 107 117 73,simulation,db4,usage,12,50,50,0
W-CART,W-CART:cart,54,3.0,0.14,0.194,115 116 85 75 82 114 117 119 72 73 118 77 109 110 112 74 83 84 106 113,79 116 115 76 80 113 114 75 81 83 109 112 77 78 82 85 106 107 117 73,simulation,db4,usage,12,50,50,0
ALL,W-QDA:qda,11,2.0,0.0,0.076,116 115 109 75 83 114 79 82 85 112 117 72 74 76 80 81 107 108 118 119,79 116 115 76 80 113 114 75 81 83 109 112 77 78 82 85 106 107 117 73,simulation,db4,usage,12,50,50,0
W-NN,W-NN:k=1,56,,0.06,0.174,107 84 85 169 104 106 78 53 118 75 77 26 74 120 72 52 119 38 76 117,107 84 85 169 104 106 78 53 118 75 77 26 74 120 72 52 119 38 76 117,simulation,db4,energy,13,50,50,0
W-QDA,W-QDA:qda,20,,0.04,0.058,107 84 85 169 104 106 78 53 118 75 77 26 74 120 72 52 119 38 76 117,107 84 85 169 104 106 78 53 118 75 77 26 74 120 72 52 119 38 76 117,simulation,db4,energy,13,50,50,0
W-CART,W-CART:cart,46,,0.04,0.096,107 84 85 169 104 106 78 53 118 75 77 26 74 120 72 52 119 38 76 117,107 84 85 169 104 106 78 53 118 75 77 26 74 120 72 52 119 38 76 117,simulation,db4,energy,13,50,50,0
ALL,W-QDA:qda,20,,0.04,0.058,107 84 85 169 104 106 78 53 118 75 77 26 74 120 72 52 119 38 76 117,107 84 85 169 104 106 78 53 118 75 77 26 74 120 72 52 119 38 76 117,simulation,db4,energy,13,50,50,0
W-NN,W-NN:k=1,3,1.5,0.1,0.286,79 76 77 112 78 117 75 111 110 113 74 84 114 83 80 81 107 109 115 116,75 112 76 77 78 79 111 80 115 108 110 113 116 81 114 117 74 83 84 109,simulation,db4,usage,13,50,50,0
W-QDA,W-QDA:qda,14,2.0,0.1,0.1,79 77 76 78 112 113 117 111 110 83 84 74 75 107 114 81 104 105 109 116,75 112 76 77 78 79 111 80 115 108 110 113 116 81 114 117 74 83 84 109,simulation,db4,usage,13,50,50,0
W-CART,W-CART:cart,15,3.0,0.04,0.104,79 77 76 78 113 117 75 83 111 114 74 110 112 80 105 119 72 73 82 104,75 112 76 77 78 79 111 80 115 108 110 113 116 81 114 117 74 83 84 109,simulation,db4,usage,13,50,50,0
ALL,W-CART:cart,15,3.0,0.04,0.104,79 77 76 78 113 117 75 83 111 114 74 110 112 80 105 119 72 73 82 104,75 112 76 77 78 79 111 80 115 108 110 113 116 81 114 117 74 83 84 109,simulation,db4,usage,13,50,50,0
W-NN,W-NN:k=7,3,,0.08,0.126,78 107 116 74 103 71 112 113 106 108 119 118 84 120 109 53 86 73 226 225,78 107 116 74 103 71 112 113 106 108 119 118 84 120 109 53 86 73 226 225,simulation,db4,energy,14,50,50,0
W-QDA,W-QDA:qda,5,,0.06,0.06,78 107 116 74 103 71 112 113 106 108 119 118 84 120 109 53 86 73 226 225,78 107 116 74 103 71 112 113 106 108 119 118 84 120 109 53 86 73 226 225,simulation,db4,energy,14,50,50,0
W-CART,W-CART:cart,13,,0.08,0.114,78 107 116 74 103 71 112 113 106 108 119 118 84 120 109 53 86 73 226 225,78 107 116 74 103 71 112 113 106 108 119 118 84 120 109 53 86 73 226 225,simulation,db4,energy,14,50,50,0
ALL,W-QDA:qda,5,,0.06,0.06,78 107 116 74 103 71 112 113 106 108 119 118 84 120 109 53 86 73 226 225,78 107 116 74 103 71 112 113 106 108 119 118 84 120 109 53 86 73 226 225,simulation,db4,energy,14,50,50,0
W-NN,W-NN:k=1,25,1.5,0.02,0.12,78 82 112 84 108 113 73 74 83 116 106 107 76 110 111 117 77 105 109 115,74 82 75 78 83 110 112 113 73 77 108 111 116 76 81 84 107 114 118 85,simulation,db4,usage,14,50,50,0
W-QDA,W-QDA:qda,12,1.0,0.0,0.044,74 82 75 78 83 110 112 113 73 77 108 111 116 76 81 84 107 114 118 85,74 82 75 78 83 110 112 113 73 77 108 111 116 76 81 84 107 114 118 85,simulation,db4,usage,14,50,50,0
W-CART,W-CART:cart,9,1.0,0.04,0.114,74 82 75 78 83 110 112 113 73 77 108 111 116 76 81 84 107 114 118 85,74 82 75 78 83 110 112 113 73 77 108 111 116 76 81 84 107 114 118 85,simulation,db4,usage,14,50,50,0
ALL,W-QDA:qda,12,1.0,0.0,0.044,74 82 75 78 83 110 112 113 73 77 108 111 116 76 81 84 107 114 118 85,74 82 75 78 83 110 112 113 73 77 108 111 116 76 81 84 107 114 118 85,simulation,db4,usage,14,50,50,0
W-NN,W-NN:k=1,13,,0.1,0.166,110 115 81 163 162 109 40 221 77 52 84 107 82 83 108 76 41 106 87 75,110 115 81 163 162 109 40 221 77 52 84 107 82 83 108 76 41 106 87 75,simulation,db4,energy,15,50,50,0
W-QDA,W-QDA:qda,2,,0.24,0.192,110 115 81 163 162 109 40 221 77 52 84 107 82 83 108 76 41 106 87 75,110 115 81 163 162 109 40 221 77 52 84 107 82 83 108 76 41 106 87 75,simulation,db4,energy,15,50,50,0
W-CART,W-CART:cart,12,,0.08,0.128,110 115 81 163 162 109 40 221 77 52 84 107 82 83 108 76 41 106 87 75,110 115 81 163 162 109 40 221 77 52 84 107 82 83 108 76 41 106 87 75,simulation,db4,energy,15,50,50,0
ALL,W-CART:cart,12,,0.08,0.128,110 115 81 163 162 109 40 221 77 52 84 107 82 83 108 76 41 106 87 75,110 115 81 163 162 109 40 221 77 52 84 107 82 83 108 76 41 106 87 75,simulation,db4,energy,15,50,50,0
W-NN,W-NN:k=1,35,3.0,0.06,0.158,109 83 108 110 111 107 81 78 82 84 85 106 79 80 86 87 105 112 115 77,110 109 80 82 84 108 111 79 83 107 112 77 78 81 105 106 114 163 85 86,simulation,db4,usage,15,50,50,0
W-QDA,W-QDA:qda,6,2.0,0.14,0.174,109 108 111 78 82 83 107 110 81 86 79 84 85 104 106 112 80 114 105 74,110 109 80 82 84 108 111 79 83 107 112 77 78 81 105 106 114 163 85 86,simulation,db4,usage,15,50,50,0
W-CART,W-CART:cart,15,2.0,0.04,0.13,109 108 111 78 82 83 107 110 81 86 79 84 85 104 106 112 80 114 105 74,110 109 80 82 84 108 111 79 83 107 112 77 78 81 105 106 114 163 85 86,simulation,db4,usage,15,50,50,0
ALL,W-CART:cart,15,2.0,0.04,0.13,109 108 111 78 82 83 107 110 81 86 79 84 85 104 106 112 80 114 105 74,110 109 80 82 84 108 111 79 83 107 112 77 78 81 105 106 114 163 85 86,simulation,db4,usage,15,50,50,0
W-NN,W-NN:k=1,64,,0.06,0.176,117 114 37 235 115 108 80 111 18 79 104 112 36 74 109 75 82 116 83 107,117 114 37 235 115 108 80 111 18 79 104 112 36 74 109 75 82 116 83 107,simulation,db4,energy,16,50,50,0
W-QDA,W-QDA:qda,19,,0.0,0.052,117 114 37 235 115 108 80 111 18 79 104 112 36 74 109 75 82 116 83 107,117 114 37 235 115 108 80 111 18 79 104 112 36 74 109 75 82 116 83 107,simulation,db4,energy,16,50,50,0
W-CART,W-CART:cart,36,,0.06,0.108,117 114 37 235 115 108 80 111 18 79 104 112 36 74 109 75 82 116 83 107,117 114 37 235 115 108 80 111 18 79 104 112 36 74 109 75 82 116 83 107,simulation,db4,energy,16,50,50,0
ALL,W-QDA:qda,19,,0.0,0.052,117 114 37 235 115 108 80 111 18 79 104 112 36 74 109 75 82 116 83 107,117 114 37 235 115 108 80 111 18 79 104 112 36 74 109 75 82 116 83 107,simulation,db4,energy,16,50,50,0
W-NN,W-NN:k=3,48,1.5,0.02,0.206,81 111 117 78 79 113 115 82 110 112 73 75 76 80 116 74 108 109 114 77,78 111 112 77 79 81 110 115 76 80 82 113 116 117 74 108 109 114 75 73,simulation,db4,usage,16,50,50,0
W-QDA,W-QDA:qda,21,0.5,0.02,0.096,112 78 114 79 81 111 113 77 110 80 109 76 82 115 83 116 74 75 107 108,78 111 112 77 79 81 110 115 76 80 82 113 116 117 74 108 109 114 75 73,simulation,db4,usage,16,50,50,0
W-CART,W-CART:cart,20,3.0,0.04,0.102,115 116 79 75 80 81 110 113 117 78 111 114 74 76 82 106 77 109 112 118,78 111 112 77 79 81 110 115 76 80 82 113 116 117 74 108 109 114 75 73,simulation,db4,usage,16,50,50,0
ALL,W-QDA:qda,21,0.5,0.02,0.096,112 78 114 79 81 111 113 77 110 80 109 76 82 115 83 116 74 75 107 108,78 111 112 77 79 81 110 115 76 80 82 113 116 117 74 108 109 114 75 73,simulation,db4,usage,16,50,50,0
W-NN,W-NN:k=3,16,,0.12,0.194,116 111 39 110 106 105 80 108 81 117 82 40 112 75 79 74 84 71 119 36,116 111 39 110 106 105 80 108 81 117 82 40 112 75 79 74 84 71 119 36,simulation,db4,energy,17,50,50,0
W-QDA,W-QDA:qda,17,,0.04,0.05,116 111 39 110 106 105 80 108 81 117 82 40 112 75 79 74 84 71 119 36,116 111 39 110 106 105 80 108 81 117 82 40 112 75 79 74 84 71 119 36,simulation,db4,energy,17,50,50,0
W-CART,W-CART:cart,19,,0.04,0.088,116 111 39 110 106 105 80 108 81 117 82 40 112 75 79 74 84 71 119 36,116 111 39 110 106 105 80 108 81 117 82 40 112 75 79 74 84 71 119 36,simulation,db4,energy,17,50,50,0
ALL,W-QDA:qda,17,,0.04,0.05,116 111 39 110 106 105 80 108 81 117 82 40 112 75 79 74 84 71 119 36,116 111 39 110 106 105 80 108 81 117 82 40 112 75 79 74 84 71 119 36,simulation,db4,energy,17,50,50,0
W-NN,W-NN:k=1,2,3.0,0.1,0.098,75 117 118 77 116 80 110 115 76 109 113 114 74 79 82 108 57 73 106 111,79 80 112 78 81 108 110 111 117 76 77 75 113 114 116 109 118 73 82 83,simulation,db4,usage,17,50,50,0
W-QDA,W-QDA:qda,2,3.0,0.02,0.084,75 117 118 77 116 80 110 115 76 109 113 114 74 79 82 108 57 73 106 111,79 80 112 78 81 108 110 111 117 76 77 75 113 114 116 109 118 73 82 83,simulation,db4,usage,17,50,50,0
W-CART,W-CART:cart,22,3.0,0.04,0.088,75 117 118 77 116 80 110 115 76 109 113 114 74 79 82 108 57 73 106 111,79 80 112 78 81 108 110 111 117 76 77 75 113 114 116 109 118 73 82 83,simulation,db4,usage,17,50,50,0
ALL,W-QDA:qda,2,3.0,0.02,0.084,75 117 118 77 116 80 110 115 76 109 113 114 74 79 82 108 57 73 106 111,79 80 112 78 81 108 110 111 117 76 77 75 113 114 116 109 118 73 82 83,simulation,db4,usage,17,50,50,0
W-NN,W-NN:k=5,3,,0.06,0.146,73 54 83 72 119 116 117 79 115 118 74 88 107 108 53 75 111 39 81 103,73 54 83 72 119 116 117 79 115 118 74 88 107 108 53 75 111 39 81 103,simulation,db4,energy,18,50,50,0
W-QDA,W-QDA:qda,20,,0.06,0.07,73 54 83 72 119 116 117 79 115 118 74 88 107 108 53 75 111 39 81 103,73 54 83 72 119 116 117 79 115 118 74 88 107 108 53 75 111 39 81 103,simulation,db4,energy,18,50,50,0
W-CART,W-CART:cart,36,,0.18,0.142,73 54 83 72 119 116 117 79 115 118 74 88 107 108 53 75 111 39 81 103,73 54 83 72 119 116 117 79 115 118 74 88 107 108 53 75 111 39 81 103,simulation,db4,energy,18,50,50,0
ALL,W-NN:k=5,3,,0.06,0.146,73 54 83 72 119 116 117 79 115 118 74 88 107 108 53 75 111 39 81 103,73 54 83 72 119 116 117 79 115 118 74 88 107 108 53 75 111 39 81 103,simulation,db4,energy,18,50,50,0
W-NN,W-NN:k=5,14,1.5,0.1,0.176,112 114 113 80 110 111 75 78 82 83 106 116 74 76 77 79 81 107 118 84,111 112 113 79 110 114 78 81 77 80 116 106 75 82 107 83 108 118 73 74,simulation,db4,usage,18,50,50,0
W-QDA,W-QDA:qda,15,1.5,0.02,0.058,112 114 113 80 110 111 75 78 82 83 106 116 74 76 77 79 81 107 118 84,111 112 113 79 110 114 78 81 77 80 116 106 75 82 107 83 108 118 73 74,simulation,db4,usage,18,50,50,0
W-CART,W-CART:cart,34,0.5,0.1,0.122,112 111 79 113 80 81 110 77 82 114 115 78 117 76 106 116 83 108 75 107,111 112 113 79 110 114 78 81 77 80 116 106 75 82 107 83 108 118 73 74,simulation,db4,usage,18,50,50,0
ALL,W-QDA:qda,15,1.5,0.02,0.058,112 114 113 80 110 111 75 78 82 83 106 116 74 76 77 79 81 107 118 84,111 112 113 79 110 114 78 81 77 80 116 106 75 82 107 83 108 118 73 74,simulation,db4,usage,18,50,50,0
W-NN,W-NN:k=1,4,,0.06,0.122,102 88 87 107 84 179 83 104 103 115 178 75 85 114 101 105 108 89 37 106,102 88 87 107 84 179 83 104 103 115 178 75 85 114 101 105 108 89 37 106,simulation,db4,energy,19,50,50,0
W-QDA,W-QDA:qda,3,,0.06,0.104,102 88 87 107 84 179 83 104 103 115 178 75 85 114 101 105 108 89 37 106,102 88 87 107 84 179 83 104 103 115 178 75 85 114 101 105 108 89 37 106,simulation,db4,energy,19,50,50,0
W-CART,W-CART:cart,5,,0.12,0.202,102 88 87 107 84 179 83 104 103 115 178 75 85 114 101 105 108 89 37 106,102 88 87 107 84 179 83 104 103 115 178 75 85 114 101 105 108 89 37 106,simulation,db4,energy,19,50,50,0
ALL,W-QDA:qda,3,,0.06,0.104,102 88 87 107 84 179 83 104 103 115 178 75 85 114 101 105 108 89 37 106,102 88 87 107 84 179 83 104 103 115 178 75 85 114 101 105 108 89 37 106,simulation,db4,energy,19,50,50,0
W-NN,W-NN:k=1,58,2.0,0.06,0.15,79 81 108 80 84 85 87 105 106 107 110 83 104 111 75 77 86 88 78 116,79 81 85 107 108 83 78 80 105 110 112 115 76 77 84 106 111 82 86 113,simulation,db4,usage,19,50,50,0
W-QDA,W-QDA:qda,7,1.5,0.06,0.12,79 81 108 76 80 84 110 111 77 78 106 107 85 87 105 109 82 83 86 104,79 81 85 107 108 83 78 80 105 110 112 115 76 77 84 106 111 82 86 113,simulation,db4,usage,19,50,50,0
W-CART,W-CART:cart,7,2.0,0.1,0.186,79 81 108 80 84 85 87 105 106 107 110 83 104 111 75 77 86 88 78 116,79 81 85 107 108 83 78 80 105 110 112 115 76 77 84 106 111 82 86 113,simulation,db4,usage,19,50,50,0
ALL,W-QDA:qda,7,1.5,0.06,0.12,79 81 108 76 80 84 110 111 77 78 106 107 85 87 105 109 82 83 86 104,79 81 85 107 108 83 78 80 105 110 112 115 76 77 84 106 111 82 86 113,simulation,db4,usage,19,50,50,0
W-NN,W-NN:k=1,33,,0.02,0.158,55 160 75 108 86 81 110 73 72 104 85 111 119 161 74 106 105 76 118 120,55 160 75 108 86 81 110 73 72 104 85 111 119 161 74 106 105 76 118 120,simulation,db4,energy,20,50,50,0
W-QDA,W-QDA:qda,15,,0.02,0.038,55 160 75 108 86 81 110 73 72 104 85 111 119 161 74 106 105 76 118 120,55 160 75 108 86 81 110 73 72 104 85 111 119 161 74 106 105 76 118 120,simulation,db4,energy,20,50,50,0
W-CART,W-CART:cart,22,,0.0,0.124,55 160 75 108 86 81 110 73 72 104 85 111 119 161 74 106 105 76 118 120,55 160 75 108 86 81 110 73 72 104 85 111 119 161 74 106 105 76 118 120,simulation,db4,energy,20,50,50,0
ALL,W-CART:cart,22,,0.0,0.124,55 160 75 108 86 81 110 73 72 104 85 111 119 161 74 106 105 76 118 120,55 160 75 108 86 81 110 73 72 104 85 111 119 161 74 106 105 76 118 120,simulation,db4,energy,20,50,50,0
W-NN,W-NN:k=1,3,3.0,0.04,0.104,85 76 117 72 78 79 86 116 119 75 77 81 105 106 107 108 112 118 82 104,111 80 75 79 109 110 112 116 78 76 81 85 108 83 107 113 115 74 82 84,simulation,db4,usage,20,50,50,0
W-QDA,W-QDA:qda,3,3.0,0.0,0.07,85 76 117 72 78 79 86 116 119 75 77 81 105 106 107 108 112 118 82 104,111 80 75 79 109 110 112 116 78 76 81 85 108 83 107 113 115 74 82 84,simulation,db4,usage,20,50,50,0
W-CART,W-CART:cart,21,3.0,0.0,0.128,85 76 117 72 78 79 86 116 119 75 77 81 105 106 107 108 112 118 82 104,111 80 75 79 109 110 112 116 78 76 81 85 108 83 107 113 115 74 82 84,simulation,db4,usage,20,50,50,0
ALL,W-QDA:qda,3,3.0,0.0,0.07,85 76 117 72 78 79 86 116 119 75 77 81 105 106 107 108 112 118 82 104,111 80 75 79 109 110 112 116 78 76 81 85 108 83 107 113 115 74 82 84,simulation,db4,usage,20,50,50,0
W-NN,W-NN:k=3,1,,0.04,0.15,103 106 42 105 115 53 113 111 112 107 108 87 76 82 85 104 110 114 73 86,103 106 42 105 115 53 113 111 112 107 108 87 76 82 85 104 110 114 73 86,simulation,db4,energy,21,50,50,0
W-QDA,W-QDA:qda,2,,0.04,0.064,103 106 42 105 115 53 113 111 112 107 108 87 76 82 85 104 110 114 73 86,103 106 42 105 115 53 113 111 112 107 108 87 76 82 85 104 110 114 73 86,simulation,db4,energy,21,50,50,0
W-CART,W-CART:cart,1,,0.08,0.192,103 106 42 105 115 53 113 111 112 107 108 87 76 82 85 104 110 114 73 86,103 106 42 105 115 53 113 111 112 107 108 87 76 82 85 104 110 114 73 86,simulation,db4,energy,21,50,50,0
ALL,W-NN:k=3,1,,0.04,0.15,103 106 42 105 115 53 113 111 112 107 108 87 76 82 85 104 110 114 73 86,103 106 42 105 115 53 113 111 112 107 108 87 76 82 85 104 110 114 73 86,simulation,db4,energy,21,50,50,0
W-NN,W-NN:k=1,3,3.0,0.08,0.11,78 105 107 104 106 111 79 81 82 110 114 83 108 77 85 103 109 112 74 76,107 77 84 108 79 80 106 110 111 112 76 78 81 82 83 105 109 114 113 116,simulation,db4,usage,21,50,50,0
W-QDA,W-QDA:qda,10,3.0,0.02,0.052,78 105 107 104 106 111 79 81 82 110 114 83 108 77 85 103 109 112 74 76,107 77 84 108 79 80 106 110 111 112 76 78 81 82 83 105 109 114 113 116,simulation,db4,usage,21,50,50,0
W-CART,W-CART:cart,11,2.0,0.08,0.118,108 107 81 82 78 83 106 111 79 84 104 77 105 112 85 87 110 113 114 76,107 77 84 108 79 80 106 110 111 112 76 78 81 82 83 105 109 114 113 116,simulation,db4,usage,21,50,50,0
ALL,W-QDA:qda,10,3.0,0.02,0.052,78 105 107 104 106 111 79 81 82 110 114 83 108 77 85 103 109 112 74 76,107 77 84 108 79 80 106 110 111 112 76 78 81 82 83 105 109 114 113 116,simulation,db4,usage,21,50,50,0
W-NN,W-NN:k=1,25,,0.02,0.104,105 112 116 44 79 74 84 117 115 71 106 119 72 73 120 102 85 75 35 118,105 112 116 44 79 74 84 117 115 71 106 119 72 73 120 102 85 75 35 118,simulation,db4,energy,22,50,50,0
W-QDA,W-QDA:qda,7,,0.02,0.048,105 112 116 44 79 74 84 117 115 71 106 119 72 73 120 102 85 75 35 118,105 112 116 44 79 74 84 117 115 71 106 119 72 73 120 102 85 75 35 118,simulation,db4,energy,22,50,50,0
W-CART,W-CART:cart,7,,0.04,0.108,105 112 116 44 79 74 84 117 115 71 106 119 72 73 120 102 85 75 35 118,105 112 116 44 79 74 84 117 115 71 106 119 72 73 120 102 85 75 35 118,simulation,db4,energy,22,50,50,0
ALL,W-QDA:qda,7,,0.02,0.048,105 112 116 44 79 74 84 117 115 71 106 119 72 73 120 102 85 75 35 118,105 112 116 44 79 74 84 117 115 71 106 119 72 73 120 102 85 75 35 118,simulation,db4,energy,22,50,50,0
W-NN,W-NN:k=1,54,1.5,0.04,0.112,73 115 118 117 72 74 76 77 116 71 75 78 79 112 114 120 121 113 70 84,76 112 115 118 73 114 116 117 72 77 74 79 78 113 70 75 108 110 119 120,simulation,db4,usage,22,50,50,0
W-QDA,W-QDA:qda,2,1.5,0.08,0.116,73 115 118 117 72 74 76 77 116 71 75 78 79 112 114 120 121 113 70 84,76 112 115 118 73 114 116 117 72 77 74 79 78 113 70 75 108 110 119 120,simulation,db4,usage,22,50,50,0
W-CART,W-CART:cart,8,2.0,0.04,0.114,115 117 72 73 74 118 76 77 78 114 116 71 75 120 121 112 113 119 70 84,76 112 115 118 73 114 116 117 72 77 74 79 78 113 70 75 108 110 119 120,simulation,db4,usage,22,50,50,0
ALL,W-CART:cart,8,2.0,0.04,0.114,115 117 72 73 74 118 76 77 78 114 116 71 75 120 121 112 113 119 70 84,76 112 115 118 73 114 116 117 72 77 74 79 78 113 70 75 108 110 119 120,simulation,db4,usage,22,50,50,0
W-NN,W-NN:k=3,13,,0.04,0.088,58 37 83 76 82 117 77 113 80 75 79 87 104 81 108 116 74 115 114 78,58 37 83 76 82 117 77 113 80 75 79 87 104 81 108 116 74 115 114 78,simulation,db4,energy,23,50,50,0
W-QDA,W-QDA:qda,13,,0.02,0.078,58 37 83 76 82 117 77 113 80 75 79 87 104 81 108 116 74 115 114 78,58 37 83 76 82 117 77 113 80 75 79 87 104 81 108 116 74 115 114 78,simulation,db4,energy,23,50,50,0
W-CART,W-CART:cart,42,,0.14,0.184,58 37 83 76 82 117 77 113 80 75 79 87 104 81 108 116 74 115 114 78,58 37 83 76 82 117 77 113 80 75 79 87 104 81 108 116 74 115 114 78,simulation,db4,energy,23,50,50,0
ALL,W-QDA:qda,13,,0.02,0.078,58 37 83 76 82 117 77 113 80 75 79 87 104 81 108 116 74 115 114 78,58 37 83 76 82 117 77 113 80 75 79 87 104 81 108 116 74 115 114 78,simulation,db4,energy,23,50,50,0
W-NN,W-NN:k=3,14,1.0,0.06,0.112,111 112 79 109 113 81 76 77 114 80 82 83 84 110 107 108 78 115 75 106,111 112 79 109 113 81 76 77 114 80 82 83 84 110 107 108 78 115 75 106,simulation,db4,usage,23,50,50,0
W-QDA,W-QDA:qda,15,1.0,0.04,0.084,111 112 79 109 113 81 76 77 114 80 82 83 84 110 107 108 78 115 75 106,111 112 79 109 113 81 76 77 114 80 82 83 84 110 107 108 78 115 75 106,simulation,db4,usage,23,50,50,0
W-CART,W-CART:cart,10,1.5,0.1,0.128,79 112 81 109 108 77 80 83 84 107 111 114 82 110 113 115 75 76 78 106,111 112 79 109 113 81 76 77 114 80 82 83 84 110 107 108 78 115 75 106,simulation,db4,usage,23,50,50,0
ALL,W-QDA:qda,15,1.0,0.04,0.084,111 112 79 109 113 81 76 77 114 80 82 83 84 110 107 108 78 115 75 106,111 112 79 109 113 81 76 77 114 80 82 83 84 110 107 108 78 115 75 106,simulation,db4,usage,23,50,50,0
W-NN,W-NN:k=1,45,,0.08,0.178,165 82 170 340 106 20 330 85 54 427 42 218 437 109 40 213 108 110 84 107,165 82 170 340 106 20 330 85 54 427 42 218 437 109 40 213 108 110 84 107,simulation,db4,energy,24,50,50,0
W-QDA,W-QDA:qda,8,,0.04,0.09,165 82 170 340 106 20 330 85 54 427 42 218 437 109 40 213 108 110 84 107,165 82 170 340 106 20 330 85 54 427 42 218 437 109 40 213 108 110 84 107,simulation,db4,energy,24,50,50,0
W-CART,W-CART:cart,58,,0.08,0.158,165 82 170 340 106 20 330 85 54 427 42 218 437 109 40 213 108 110 84 107,165 82 170 340 106 20 330 85 54 427 42 218 437 109 40 213 108 110 84 107,simulation,db4,energy,24,50,50,0
ALL,W-QDA:qda,8,,0.04,0.09,165 82 170 340 106 20 330 85 54 427 42 218 437 109 40 213 108 110 84 107,165 82 170 340 106 20 330 85 54 427 42 218 437 109 40 213 108 110 84 107,simulation,db4,energy,24,50,50,0
W-NN,W-NN:k=1,58,2.0,0.08,0.146,77 78 109 76 110 81 108 111 113 115 74 75 79 80 106 107 84 114 73 85,109 80 81 110 79 108 111 77 112 78 82 113 114 84 107 75 76 116 106 74,simulation,db4,usage,24,50,50,0
W-QDA,W-QDA:qda,16,0.5,0.0,0.102,79 112 109 111 81 110 108 78 80 83 113 114 75 82 84 163 76 77 107 159,109 80 81 110 79 108 111 77 112 78 82 113 114 84 107 75 76 116 106 74,simulation,db4,usage,24,50,50,0
W-CART,W-CART:cart,29,1.5,0.04,0.098,109 77 80 78 81 110 113 108 111 75 76 79 82 84 114 106 107 74 83 112,109 80 81 110 79 108 111 77 112 78 82 113 114 84 107 75 76 116 106 74,simulation,db4,usage,24,50,50,0
ALL,W-QDA:qda,16,0.5,0.0,0.102,79 112 109 111 81 110 108 78 80 83 113 114 75 82 84 163 76 77 107 159,109 80 81 110 79 108 111 77 112 78 82 113 114 84 107 75 76 116 106 74,simulation,db4,usage,24,50,50,0
W-NN,W-NN:k=3,25,,0.1,0.144,78 79 73 118 112 114 113 76 56 77 57 80 55 116 81 110 115 88 58 87,78 79 73 118 112 114 113 76 56 77 57 80 55 116 81 110 115 88 58 87,simulation,db4,energy,25,50,50,0
W-QDA,W-QDA:qda,4,,0.06,0.07,78 79 73 118 112 114 113 76 56 77 57 80 55 116 81 110 115 88 58 87,78 79 73 118 112 114 113 76 56 77 57 80 55 116 81 110 115 88 58 87,simulation,db4,energy,25,50,50,0
W-CART,W-CART:cart,8,,0.12,0.14,78 79 73 118 112 114 113 76 56 77 57 80 55 116 81 110 115 88 58 87,78 79 73 118 112 114 113 76 56 77 57 80 55 116 81 110 115 88 58 87,simulation,db4,energy,25,50,50,0
ALL,W-QDA:qda,4,,0.06,0.07,78 79 73 118 112 114 113 76 56 77 57 80 55 116 81 110 115 88 58 87,78 79 73 118 112 114 113 76 56 77 57 80 55 116 81 110 115 88 58 87,simulation,db4,energy,25,50,50,0
W-NN,W-NN:k=1,6,3.0,0.12,0.16,76 79 110 78 80 114 77 116 115 75 81 113 111 112 109 82 84 108 117 55,77 78 114 75 115 76 79 81 80 112 116 111 113 74 109 108 110 73 107 84,simulation,db4,usage,25,50,50,0
W-QDA,W-QDA:qda,6,1.0,0.16,0.196,77 78 114 75 115 76 79 81 80 112 116 111 113 74 109 108 110 73 107 84,77 78 114 75 115 76 79 81 80 112 116 111 113 74 109 108 110 73 107 84,simulation,db4,usage,25,50,50,0
W-CART,W-CART:cart,50,3.0,0.12,0.124,76 79 110 78 80 114 77 116 115 75 81 113 111 112 109 82 84 108 117 55,77 78 114 75 115 76 79 81 80 112 116 111 113 74 109 108 110 73 107 84,simulation,db4,usage,25,50,50,0
ALL,W-NN:k=1,6,3.0,0.12,0.16,76 79 110 78 80 114 77 116 115 75 81 113 111 112 109 82 84 108 117 55,77 78 114 75 115 76 79 81 80 112 116 111 113 74 109 108 110 73 107 84,simulation,db4,usage,25,50,50,0
W-NN,W-NN:k=3,1,,0.1,0.188,72 240 143 144 111 120 119 79 76 112 113 75 43 115 116 78 36 114 77 38,72 240 143 144 111 120 119 79 76 112 113 75 43 115 116 78 36 114 77 38,simulation,db4,energy,26,50,50,0
W-QDA,W-QDA:qda,9,,0.02,0.056,72 240 143 144 111 120 119 79 76 112 113 75 43 115 116 78 36 114 77 38,72 240 143 144 111 120 119 79 76 112 113 75 43 115 116 78 36 114 77 38,simulation,db4,energy,26,50,50,0
W-CART,W-CART:cart,13,,0.08,0.122,72 240 143 144 111 120 119 79 76 112 113 75 43 115 116 78 36 114 77 38,72 240 143 144 111 120 119 79 76 112 113 75 43 115 116 78 36 114 77 38,simulation,db4,energy,26,50,50,0
ALL,W-QDA:qda,9,,0.02,0.056,72 240 143 144 111 120 119 79 76 112 113 75 43 115 116 78 36 114 77 38,72 240 143 144 111 120 119 79 76 112 113 75 43 115 116 78 36 114 77 38,simulation,db4,energy,26,50,50,0
W-NN,W-NN:k=1,6,3.0,0.1,0.178,77 116 113 114 76 72 75 115 78 79 110 73 74 80 81 111 112 109 71 117,77 113 78 116 117 80 112 115 75 79 114 73 76 111 72 74 81 118 119 109,simulation,db4,usage,26,50,50,0
W-QDA,W-QDA:qda,5,1.0,0.06,0.11,77 113 78 116 117 80 112 115 75 79 114 73 76 111 72 74 81 118 119 109,77 113 78 116 117 80 112 115 75 79 114 73 76 111 72 74 81 118 119 109,simulation,db4,usage,26,50,50,0
W-CART,W-CART:cart,6,3.0,0.02,0.088,77 116 113 114 76 72 75 115 78 79 110 73 74 80 81 111 112 109 71 117,77 113 78 116 117 80 112 115 75 79 114 73 76 111 72 74 81 118 119 109,simulation,db4,usage,26,50,50,0
ALL,W-CART:cart,6,3.0,0.02,0.088,77 116 113 114 76 72 75 115 78 79 110 73 74 80 81 111 112 109 71 117,77 113 78 116 117 80 112 115 75 79 114 73 76 111 72 74 81 118 119 109,simulation,db4,usage,26,50,50,0
W-NN,W-NN:k=5,8,,0.04,0.106,77 114 78 117 107 106 42 85 112 76 105 37 75 115 113 74 227 118 111 84,77 114 78 117 107 106 42 85 112 76 105 37 75 115 113 74 227 118 111 84,simulation,db4,energy,27,50,50,0
W-QDA,W-QDA:qda,8,,0.02,0.062,77 114 78 117 107 106 42 85 112 76 105 37 75 115 113 74 227 118 111 84,77 114 78 117 107 106 42 85 112 76 105 37 75 115 113 74 227 118 111 84,simulation,db4,energy,27,50,50,0
W-CART,W-CART:cart,58,,0.04,0.116,77 114 78 117 107 106 42 85 112 76 105 37 75 115 113 74 227 118 111 84,77 114 78 117 107 106 42 85 112 76 105 37 75 115 113 74 227 118 111 84,simulation,db4,energy,27,50,50,0
ALL,W-QDA:qda,8,,0.02,0.062,77 114 78 117 107 106 42 85 112 76 105 37 75 115 113 74 227 118 111 84,77 114 78 117 107 106 42 85 112 76 105 37 75 115 113 74 227 118 111 84,simulation,db4,energy,27,50,50,0
W-NN,W-NN:k=1,36,0.5,0.02,0.146,80 108 76 81 111 113 114 79 112 107 109 110 115 77 82 83 78 219 84 165,79 80 108 109 114 75 81 110 112 76 82 107 111 115 77 83 113 117 74 105,simulation,db4,usage,27,50,50,0
W-QDA,W-QDA:qda,7,1.5,0.06,0.08,80 109 79 77 83 107 112 114 115 74 75 78 113 108 110 116 76 106 111 117,79 80 108 109 114 75 81 110 112 76 82 107 111 115 77 83 113 117 74 105,simulation,db4,usage,27,50,50,0
W-CART,W-CART:cart,23,3.0,0.04,0.118,75 107 114 76 79 115 112 78 106 113 73 74 77 80 81 85 105 108 109 111,79 80 108 109 114 75 81 110 112 76 82 107 111 115 77 83 113 117 74 105,simulation,db4,usage,27,50,50,0
ALL,W-NN:k=1,36,0.5,0.02,0.146,80 108 76 81 111 113 114 79 112 107 109 110 115 77 82 83 78 219 84 165,79 80 108 109 114 75 81 110 112 76 82 107 111 115 77 83 113 117 74 105,simulation,db4,usage,27,50,50,0
W-NN,W-NN:k=3,45,,0.06,0.102,111 112 78 80 110 82 79 159 160 81 76 87 113 73 114 56 74 77 116 119,111 112 78 80 110 82 79 159 160 81 76 87 113 73 114 56 74 77 116 119,simulation,db4,energy,28,50,50,0
W-QDA,W-QDA:qda,14,,0.04,0.084,111 112 78 80 110 82 79 159 160 81 76 87 113 73 114 56 74 77 116 119,111 112 78 80 110 82 79 159 160 81 76 87 113 73 114 56 74 77 116 119,simulation,db4,energy,28,50,50,0
W-CART,W-CART:cart,14,,0.06,0.116,111 112 78 80 110 82 79 159 160 81 76 87 113 73 114 56 74 77 116 119,111 112 78 80 110 82 79 159 160 81 76 87 113 73 114 56 74 77 116 119,simulation,db4,energy,28,50,50,0
ALL,W-QDA:qda,14,,0.04,0.084,111 112 78 80 110 82 79 159 160 81 76 87 113 73 114 56 74 77 116 119,111 112 78 80 110 82 79 159 160 81 76 87 113 73 114 56 74 77 116 119,simulation,db4,energy,28,50,50,0
W-NN,W-NN:k=7,27,1.0,0.02,0.168,108 112 109 114 77 110 111 78 80 82 113 76 79 81 84 106 105 75 116 83,108 112 109 114 77 110 111 78 80 82 113 76 79 81 84 106 105 75 116 83,simulation,db4,usage,28,50,50,0
W-QDA,W-QDA:qda,13,3.0,0.02,0.058,82 81 105 80 116 78 106 108 110 111 117 73 83 84 86 87 104 112 114 85,108 112 109 114 77 110 111 78 80 82 113 76 79 81 84 106 105 75 116 83,simulation,db4,usage,28,50,50,0
W-CART,W-CART:cart,18,0.5,0.04,0.132,79 78 113 111 112 114 75 108 109 80 82 77 110 76 115 81 83 84 106 107,108 112 109 114 77 110 111 78 80 82 113 76 79 81 84 106 105 75 116 83,simulation,db4,usage,28,50,50,0
ALL,W-QDA:qda,13,3.0,0.02,0.058,82 81 105 80 116 78 106 108 110 111 117 73 83 84 86 87 104 112 114 85,108 112 109 114 77 110 111 78 80 82 113 76 79 81 84 106 105 75 116 83,simulation,db4,usage,28,50,50,0
W-NN,W-NN:k=1,3,,0.08,0.126,87 103 108 104 55 82 176 114 79 75 53 167 85 43 115 74 107 52 51 77,87 103 108 104 55 82 176 114 79 75 53 167 85 43 115 74 107 52 51 77,simulation,db4,energy,29,50,50,0
W-QDA,W-QDA:qda,3,,0.02,0.072,87 103 108 104 55 82 176 114 79 75 53 167 85 43 115 74 107 52 51 77,87 103 108 104 55 82 176 114 79 75 53 167 85 43 115 74 107 52 51 77,simulation,db4,energy,29,50,50,0
W-CART,W-CART:cart,32,,0.04,0.128,87 103 108 104 55 82 176 114 79 75 53 167 85 43 115 74 107 52 51 77,87 103 108 104 55 82 176 114 79 75 53 167 85 43 115 74 107 52 51 77,simulation,db4,energy,29,50,50,0
ALL,W-QDA:qda,3,,0.02,0.072,87 103 108 104 55 82 176 114 79 75 53 167 85 43 115 74 107 52 51 77,87 103 108 104 55 82 176 114 79 75 53 167 85 43 115 74 107 52 51 77,simulation,db4,energy,29,50,50,0
W-NN,W-NN:k=1,13,0.5,0.04,0.118,81 110 108 76 83 109 114 77 79 82 112 78 106 107 113 75 84 111 115 80,109 77 108 112 76 78 81 82 110 114 79 83 113 107 80 111 84 115 117 75,simulation,db4,usage,29,50,50,0
W-QDA,W-QDA:qda,9,3.0,0.1,0.076,78 77 82 109 110 112 107 74 75 76 79 81 84 85 104 108 117 80 83 106,109 77 108 112 76 78 81 82 110 114 79 83 113 107 80 111 84 115 117 75,simulation,db4,usage,29,50,50,0
W-CART,W-CART:cart,25,1.0,0.02,0.104,109 77 108 112 76 78 81 82 110 114 79 83 113 107 80 111 84 115 117 75,109 77 108 112 76 78 81 82 110 114 79 83 113 107 80 111 84 115 117 75,simulation,db4,usage,29,50,50,0
ALL,W-CART:cart,25,1.0,0.02,0.104,109 77 108 112 76 78 81 82 110 114 79 83 113 107 80 111 84 115 117 75,109 77 108 112 76 78 81 82 110 114 79 83 113 107 80 111 84 115 117 75,simulation,db4,usage,29,50,50,0
W-NN,W-NN:k=3,1,,0.04,0.14,72 109 83 107 82 81 73 71 77 114 76 113 85 119 108 57 117 116 115 84,72 109 83 107 82 81 73 71 77 114 76 113 85 119 108 57 117 116 115 84,simulation,db4,energy,30,50,50,0
W-QDA,W-QDA:qda,10,,0.0,0.048,72 109 83 107 82 81 73 71 77 114 76 113 85 119 108 57 117 116 115 84,72 109 83 107 82 81 73 71 77 114 76 113 85 119 108 57 117 116 115 84,simulation,db4,energy,30,50,50,0
W-CART,W-CART:cart,58,,0.1,0.25,72 109 83 107 82 81 73 71 77 114 76 113 85 119 108 57 117 116 115 84,72 109 83 107 82 81 73 71 77 114 76 113 85 119 108 57 117 116 115 84,simulation,db4,energy,30,50,50,0
ALL,W-QDA:qda,10,,0.0,0.048,72 109 83 107 82 81 73 71 77 114 76 113 85 119 108 57 117 116 115 84,72 109 83 107 82 81 73 71 77 114 76 113 85 119 108 57 117 116 115 84,simulation,db4,energy,30,50,50,0
W-NN,W-NN:k=1,53,3.0,0.06,0.196,83 111 82 109 77 81 113 74 108 76 107 75 78 110 114 115 80 106 112 116,113 79 81 82 111 114 80 109 112 115 110 76 78 75 116 77 83 107 108 84,simulation,db4,usage,30,50,50,0
W-QDA,W-QDA:qda,8,3.0,0.06,0.12,83 111 82 109 77 81 113 74 108 76 107 75 78 110 114 115 80 106 112 116,113 79 81 82 111 114 80 109 112 115 110 76 78 75 116 77 83 107 108 84,simulation,db4,usage,30,50,50,0
W-CART,W-CART:cart,64,0.5,0.08,0.11,79 114 111 112 113 81 82 80 76 115 75 77 109 110 78 163 108 116 229 73,113 79 81 82 111 114 80 109 112 115 110 76 78 75 116 77 83 107 108 84,simulation,db4,usage,30,50,50,0
ALL,W-QDA:qda,8,3.0,0.06,0.12,83 111 82 109 77 81 113 74 108 76 107 75 78 110 114 115 80 106 112 116,113 79 81 82 111 114 80 109 112 115 110 76 78 75 116 77 83 107 108 84,simulation,db4,usage,30,50,50,0
W-NN,W-NN:k=5,6,,0.1,0.166,141 43 103 44 75 121 242 74 120 70 140 119 116 76 102 118 78 77 110 111,141 43 103 44 75 121 242 74 120 70 140 119 116 76 102 118 78 77 110 111,simulation,db4,energy,31,50,50,0
W-QDA,W-QDA:qda,23,,0.04,0.046,141 43 103 44 75 121 242 74 120 70 140 119 116 76 102 118 78 77 110 111,141 43 103 44 75 121 242 74 120 70 140 119 116 76 102 118 78 77 110 111,simulation,db4,energy,31,50,50,0
W-CART,W-CART:cart,6,,0.1,0.1,141 43 103 44 75 121 242 74 120 70 140 119 116 76 102 118 78 77 110 111,141 43 103 44 75 121 242 74 120 70 140 119 116 76 102 118 78 77 110 111,simulation,db4,energy,31,50,50,0
ALL,W-QDA:qda,23,,0.04,0.046,141 43 103 44 75 121 242 74 120 70 140 119 116 76 102 118 78 77 110 111,141 43 103 44 75 121 242 74 120 70 140 119 116 76 102 118 78 77 110 111,simulation,db4,energy,31,50,50,0
W-NN,W-NN:k=5,7,0.5,0.04,0.136,82 81 83 113 76 79 85 106 109 110 112 114 115 74 75 107 108 111 116 77,78 82 77 83 113 114 116 107 111 115 109 112 76 79 81 84 80 110 74 75,simulation,db4,usage,31,50,50,0
W-QDA,W-QDA:qda,18,3.0,0.0,0.052,113 114 83 76 84 115 79 110 75 80 81 106 111 112 116 78 103 107 108 109,78 82 77 83 113 114 116 107 111 115 109 112 76 79 81 84 80 110 74 75,simulation,db4,usage,31,50,50,0
W-CART,W-CART:cart,52,0.5,0.04,0.108,82 81 83 113 76 79 85 106 109 110 112 114 115 74 75 107 108 111 116 77,78 82 77 83 113 114 116 107 111 115 109 112 76 79 81 84 80 110 74 75,simulation,db4,usage,31,50,50,0
ALL,W-QDA:qda,18,3.0,0.0,0.052,113 114 83 76 84 115 79 110 75 80 81 106 111 112 116 78 103 107 108 109,78 82 77 83 113 114 116 107 111 115 109 112 76 79 81 84 80 110 74 75,simulation,db4,usage,31,50,50,0
W-NN,W-NN:k=3,19,,0.06,0.112,120 82 71 81 38 83 35 113 110 80 109 114 79 111 108 119 51 87 116 88,120 82 71 81 38 83 35 113 110 80 109 114 79 111 108 119 51 87 116 88,simulation,db4,energy,32,50,50,0
W-QDA,W-QDA:qda,14,,0.04,0.054,120 82 71 81 38 83 35 113 110 80 109 114 79 111 108 119 51 87 116 88,120 82 71 81 38 83 35 113 110 80 109 114 79 111 108 119 51 87 116 88,simulation,db4,energy,32,50,50,0
W-CART,W-CART:cart,30,,0.04,0.098,120 82 71 81 38 83 35 113 110 80 109 114 79 111 108 119 51 87 116 88,120 82 71 81 38 83 35 113 110 80 109 114 79 111 108 119 51 87 116 88,simulation,db4,energy,32,50,50,0
ALL,W-QDA:qda,14,,0.04,0.054,120 82 71 81 38 83 35 113 110 80 109 114 79 111 108 119 51 87 116 88,120 82 71 81 38 83 35 113 110 80 109 114 79 111 108 119 51 87 116 88,simulation,db4,energy,32,50,50,0
W-NN,W-NN:k=1,12,1.0,0.06,0.124,80 109 111 79 110 113 114 77 83 81 82 84 108 112 74 107 76 78 75 85,80 109 111 79 110 113 114 77 83 81 82 84 108 112 74 107 76 78 75 85,simulation,db4,usage,32,50,50,0
W-QDA,W-QDA:qda,12,3.0,0.0,0.05,113 81 82 109 112 80 115 74 107 108 114 85 110 75 79 83 84 111 116 117,80 109 111 79 110 113 114 77 83 81 82 84 108 112 74 107 76 78 75 85,simulation,db4,usage,32,50,50,0
W-CART,W-CART:cart,17,1.5,0.02,0.126,109 111 110 114 80 113 79 82 81 83 107 108 112 74 77 84 85 116 75 76,80 109 111 79 110 113 114 77 83 81 82 84 108 112 74 107 76 78 75 85,simulation,db4,usage,32,50,50,0
ALL,W-QDA:qda,12,3.0,0.0,0.05,113 81 82 109 112 80 115 74 107 108 114 85 110 75 79 83 84 111 116 117,80 109 111 79 110 113 114 77 83 81 82 84 108 112 74 107 76 78 75 85,simulation,db4,usage,32,50,50,0
W-NN,W-NN:k=3,56,,0.12,0.164,71 59 119 116 106 115 114 108 75 103 107 78 72 105 112 104 117 109 76 111,71 59 119 116 106 115 114 108 75 103 107 78 72 105 112 104 117 109 76 111,simulation,db4,energy,33,50,50,0
W-QDA,W-QDA:qda,15,,0.0,0.042,71 59 119 116 106 115 114 108 75 103 107 78 72 105 112 104 117 109 76 111,71 59 119 116 106 115 114 108 75 103 107 78 72 105 112 104 117 109 76 111,simulation,db4,energy,33,50,50,0
W-CART,W-CART:cart,11,,0.08,0.112,71 59 119 116 106 115 114 108 75 103 107 78 72 105 112 104 117 109 76 111,71 59 119 116 106 115 114 108 75 103 107 78 72 105 112 104 117 109 76 111,simulation,db4,energy,33,50,50,0
ALL,W-QDA:qda,15,,0.0,0.042,71 59 119 116 106 115 114 108 75 103 107 78 72 105 112 104 117 109 76 111,71 59 119 116 106 115 114 108 75 103 107 78 72 105 112 104 117 109 76 111,simulation,db4,energy,33,50,50,0
W-NN,W-NN:k=5,2,1.5,0.08,0.148,108 85 106 81 84 107 109 111 112 82 114 115 75 78 80 83 116 104 110 74,108 112 81 85 107 111 82 84 106 80 109 75 104 110 114 115 78 83 86 116,simulation,db4,usage,33,50,50,0
W-QDA,W-QDA:qda,14,3.0,0.04,0.08,85 106 84 108 114 115 107 75 78 81 103 76 77 104 111 116 105 112 72 73,108 112 81 85 107 111 82 84 106 80 109 75 104 110 114 115 78 83 86 116,simulation,db4,usage,33,50,50,0
W-CART,W-CART:cart,8,3.0,0.08,0.144,85 106 84 108 114 115 107 75 78 81 103 76 77 104 111 116 105 112 72 73,108 112 81 85 107 111 82 84 106 80 109 75 104 110 114 115 78 83 86 116,simulation,db4,usage,33,50,50,0
ALL,W-QDA:qda,14,3.0,0.04,0.08,85 106 84 108 114 115 107 75 78 81 103 76 77 104 111 116 105 112 72 73,108 112 81 85 107 111 82 84 106 80 109 75 104 110 114 115 78 83 86 116,simulation,db4,usage,33,50,50,0
W-NN,W-NN:k=3,3,,0.1,0.164,115 75 103 114 88 104 105 106 87 76 102 111 78 118 117 116 81 110 84 82,115 75 103 114 88 104 105 106 87 76 102 111 78 118 117 116 81 110 84 82,simulation,db4,energy,34,50,50,0
W-QDA,W-QDA:qda,7,,0.02,0.04,115 75 103 114 88 104 105 106 87 76 102 111 78 118 117 116 81 110 84 82,115 75 103 114 88 104 105 106 87 76 102 111 78 118 117 116 81 110 84 82,simulation,db4,energy,34,50,50,0
W-CART,W-CART:cart,15,,0.1,0.16,115 75 103 114 88 104 105 106 87 76 102 111 78 118 117 116 81 110 84 82,115 75 103 114 88 104 105 106 87 76 102 111 78 118 117 116 81 110 84 82,simulation,db4,energy,34,50,50,0
ALL,W-QDA:qda,7,,0.02,0.04,115 75 103 114 88 104 105 106 87 76 102 111 78 118 117 116 81 110 84 82,115 75 103 114 88 104 105 106 87 76 102 111 78 118 117 116 81 110 84 82,simulation,db4,energy,34,50,50,0
W-NN,W-NN:k=1,5,3.0,0.04,0.114,105 75 115 86 117 76 77 104 114 116 119 103 73 82 84 88 118 74 107 72,76 77 114 112 78 115 116 75 74 113 73 108 110 117 80 106 107 119 81 104,simulation,db4,usage,34,50,50,0
W-QDA,W-QDA:qda,4,3.0,0.02,0.03,105 75 115 86 117 76 77 104 114 116 119 103 73 82 84 88 118 74 107 72,76 77 114 112 78 115 116 75 74 113 73 108 110 117 80 106 107 119 81 104,simulation,db4,usage,34,50,50,0
W-CART,W-CART:cart,30,0.5,0.06,0.184,113 114 115 76 77 78 112 75 116 80 84 111 73 74 81 106 110 117 231 82,76 77 114 112 78 115 116 75 74 113 73 108 110 117 80 106 107 119 81 104,simulation,db4,usage,34,50,50,0
ALL,W-QDA:qda,4,3.0,0.02,0.03,105 75 115 86 117 76 77 104 114 116 119 103 73 82 84 88 118 74 107 72,76 77 114 112 78 115 116 75 74 113 73 108 110 117 80 106 107 119 81 104,simulation,db4,usage,34,50,50,0
W-NN,W-NN:k=7,9,,0.1,0.244,79 112 107 78 84 81 117 108 71 111 55 116 106 73 80 120 39 118 119 86,79 112 107 78 84 81 117 108 71 111 55 116 106 73 80 120 39 118 119 86,simulation,db4,energy,35,50,50,0
W-QDA,W-QDA:qda,16,,0.02,0.056,79 112 107 78 84 81 117 108 71 111 55 116 106 73 80 120 39 118 119 86,79 112 107 78 84 81 117 108 71 111 55 116 106 73 80 120 39 118 119 86,simulation,db4,energy,35,50,50,0
W-CART,W-CART:cart,13,,0.06,0.156,79 112 107 78 84 81 117 108 71 111 55 116 106 73 80 120 39 118 119 86,79 112 107 78 84 81 117 108 71 111 55 116 106 73 80 120 39 118 119 86,simulation,db4,energy,35,50,50,0
ALL,W-QDA:qda,16,,0.02,0.056,79 112 107 78 84 81 117 108 71 111 55 116 106 73 80 120 39 118 119 86,79 112 107 78 84 81 117 108 71 111 55 116 106 73 80 120 39 118 119 86,simulation,db4,energy,35,50,50,0
W-NN,W-NN:k=15,8,1.5,0.08,0.24,112 79 110 76 83 111 113 78 80 114 116 81 108 109 84 117 75 107 115 82,112 108 79 83 110 113 76 78 80 82 109 111 116 84 114 117 81 74 77 85,simulation,db4,usage,35,50,50,0
W-QDA,W-QDA:qda,13,3.0,0.04,0.072,79 84 108 110 113 78 80 83 112 119 74 76 77 85 107 111 117 75 104 105,112 108 79 83 110 113 76 78 80 82 109 111 116 84 114 117 81 74 77 85,simulation,db4,usage,35,50,50,0
W-CART,W-CART:cart,34,2.0,0.06,0.132,79 112 83 78 110 111 113 76 80 81 108 116 75 84 107 109 117 74 85 106,112 108 79 83 110 113 76 78 80 82 109 111 116 84 114 117 81 74 77 85,simulation,db4,usage,35,50,50,0
ALL,W-QDA:qda,13,3.0,0.04,0.072,79 84 108 110 113 78 80 83 112 119 74 76 77 85 107 111 117 75 104 105,112 108 79 83 110 113 76 78 80 82 109 111 116 84 114 117 81 74 77 85,simulation,db4,usage,35,50,50,0
W-NN,W-NN:k=1,7,,0.12,0.14,223 80 88 51 40 111 106 84 53 102 83 87 116 52 108 85 107 82 81 109,223 80 88 51 40 111 106 84 53 102 83 87 116 52 108 85 107 82 81 109,simulation,db4,energy,36,50,50,0
W-QDA,W-QDA:qda,4,,0.02,0.13,223 80 88 51 40 111 106 84 53 102 83 87 116 52 108 85 107 82 81 109,223 80 88 51 40 111 106 84 53 102 83 87 116 52 108 85 107 82 81 109,simulation,db4,energy,36,50,50,0
W-CART,W-CART:cart,22,,0.04,0.106,223 80 88 51 40 111 106 84 53 102 83 87 116 52 108 85 107 82 81 109,223 80 88 51 40 111 106 84 53 102 83 87 116 52 108 85 107 82 81 109,simulation,db4,energy,36,50,50,0
ALL,W-QDA:qda,4,,0.02,0.13,223 80 88 51 40 111 106 84 53 102 83 87 116 52 108 85 107 82 81 109,223 80 88 51 40 111 106 84 53 102 83 87 116 52 108 85 107 82 81 109,simulation,db4,energy,36,50,50,0
W-NN,W-NN:k=1,29,3.0,0.06,0.132,107 108 84 113 81 82 85 106 79 109 112 116 80 83 111 74 86 87 104 110,111 110 82 80 108 109 84 107 85 106 113 76 83 105 78 81 112 115 86 114,simulation,db4,usage,36,50,50,0
W-QDA,W-QDA:qda,3,2.0,0.14,0.106,110 84 106 108 111 80 81 85 107 109 113 79 82 83 112 115 76 74 75 86,111 110 82 80 108 109 84 107 85 106 113 76 83 105 78 81 112 115 86 114,simulation,db4,usage,36,50,50,0
W-CART,W-CART:cart,15,0.5,0.04,0.138,111 80 81 109 82 83 79 108 110 78 106 113 84 105 77 107 115 75 85 86,111 110 82 80 108 109 84 107 85 106 113 76 83 105 78 81 112 115 86 114,simulation,db4,usage,36,50,50,0
ALL,W-CART:cart,15,0.5,0.04,0.138,111 80 81 109 82 83 79 108 110 78 106 113 84 105 77 107 115 75 85 86,111 110 82 80 108 109 84 107 85 106 113 76 83 105 78 81 112 115 86 114,simulation,db4,usage,36,50,50,0
W-NN,W-NN:k=3,4,,0.02,0.126,82 147 117 118 109 80 107 110 85 105 86 108 72 148 73 84 53 119 77 104,82 147 117 118 109 80 107 110 85 105 86 108 72 148 73 84 53 119 77 104,simulation,db4,energy,37,50,50,0
W-QDA,W-QDA:qda,8,,0.0,0.064,82 147 117 118 109 80 107 110 85 105 86 108 72 148 73 84 53 119 77 104,82 147 117 118 109 80 107 110 85 105 86 108 72 148 73 84 53 119 77 104,simulation,db4,energy,37,50,50,0
W-CART,W-CART:cart,4,,0.04,0.104,82 147 117 118 109 80 107 110 85 105 86 108 72 148 73 84 53 119 77 104,82 147 117 118 109 80 107 110 85 105 86 108 72 148 73 84 53 119 77 104,simulation,db4,energy,37,50,50,0
ALL,W-QDA:qda,8,,0.0,0.064,82 147 117 118 109 80 107 110 85 105 86 108 72 148 73 84 53 119 77 104,82 147 117 118 109 80 107 110 85 105 86 108 72 148 73 84 53 119 77 104,simulation,db4,energy,37,50,50,0
W-NN,W-NN:k=1,4,2.0,0.04,0.12,81 111 115 74 75 78 107 109 116 80 110 113 117 108 114 85 118 119 72 73,110 111 114 74 75 112 115 78 81 83 108 80 73 76 107 109 113 116 117 119,simulation,db4,usage,37,50,50,0
W-QDA,W-QDA:qda,9,0.5,0.02,0.072,80 83 109 110 114 111 75 81 84 108 112 113 115 74 76 77 117 234 72 78,110 111 114 74 75 112 115 78 81 83 108 80 73 76 107 109 113 116 117 119,simulation,db4,usage,37,50,50,0
W-CART,W-CART:cart,19,1.5,0.02,0.118,110 75 78 114 74 81 107 108 109 111 115 80 82 116 117 73 84 113 79 83,110 111 114 74 75 112 115 78 81 83 108 80 73 76 107 109 113 116 117 119,simulation,db4,usage,37,50,50,0
ALL,W-QDA:qda,9,0.5,0.02,0.072,80 83 109 110 114 111 75 81 84 108 112 113 115 74 76 77 117 234 72 78,110 111 114 74 75 112 115 78 81 83 108 80 73 76 107 109 113 116 117 119,simulation,db4,usage,37,50,50,0
W-NN,W-NN:k=1,8,,0.02,0.06,116 121 70 103 115 75 87 117 36 111 73 79 102 81 80 78 88 37 57 76,116 121 70 103 115 75 87 117 36 111 73 79 102 81 80 78 88 37 57 76,simulation,db4,energy,38,50,50,0
W-QDA,W-QDA:qda,8,,0.06,0.048,116 121 70 103 115 75 87 117 36 111 73 79 102 81 80 78 88 37 57 76,116 121 70 103 115 75 87 117 36 111 73 79 102 81 80 78 88 37 57 76,simulation,db4,energy,38,50,50,0
W-CART,W-CART:cart,26,,0.04,0.168,116 121 70 103 115 75 87 117 36 111 73 79 102 81 80 78 88 37 57 76,116 121 70 103 115 75 87 117 36 111 73 79 102 81 80 78 88 37 57 76,simulation,db4,energy,38,50,50,0
ALL,W-NN:k=1,8,,0.02,0.06,116 121 70 103 115 75 87 117 36 111 73 79 102 81 80 78 88 37 57 76,116 121 70 103 115 75 87 117 36 111 73 79 102 81 80 78 88 37 57 76,simulation,db4,energy,38,50,50,0
W-NN,W-NN:k=3,9,3.0,0.06,0.172,111 112 110 76 77 80 82 75 78 79 81 84 113 114 115 116 109 117 83 105,77 114 76 75 78 113 115 79 110 81 111 112 116 82 83 108 73 80 84 117,simulation,db4,usage,38,50,50,0
W-QDA,W-QDA:qda,9,3.0,0.02,0.084,111 112 110 76 77 80 82 75 78 79 81 84 113 114 115 116 109 117 83 105,77 114 76 75 78 113 115 79 110 81 111 112 116 82 83 108 73 80 84 117,simulation,db4,usage,38,50,50,0
W-CART,W-CART:cart,5,0.5,0.12,0.144,114 113 77 116 76 78 110 111 115 75 74 79 80 81 82 112 83 108 117 73,77 114 76 75 78 113 115 79 110 81 111 112 116 82 83 108 73 80 84 117,simulation,db4,usage,38,50,50,0
ALL,W-QDA:qda,9,3.0,0.02,0.084,111 112 110 76 77 80 82 75 78 79 81 84 113 114 115 116 109 117 83 105,77 114 76 75 78 113 115 79 110 81 111 112 116 82 83 108 73 80 84 117,simulation,db4,usage,38,50,50,0
W-NN,W-NN:k=3,2,,0.02,0.15,77 106 105 86 115 74 113 172 107 85 114 108 84 75 83 171 104 73 212 118,77 106 105 86 115 74 113 172 107 85 114 108 84 75 83 171 104 73 212 118,simulation,db4,energy,39,50,50,0
W-QDA,W-QDA:qda,3,,0.02,0.078,77 106 105 86 115 74 113 172 107 85 114 108 84 75 83 171 104 73 212 118,77 106 105 86 115 74 113 172 107 85 114 108 84 75 83 171 104 73 212 118,simulation,db4,energy,39,50,50,0
W-CART,W-CART:cart,4,,0.06,0.12,77 106 105 86 115 74 113 172 107 85 114 108 84 75 83 171 104 73 212 118,77 106 105 86 115 74 113 172 107 85 114 108 84 75 83 171 104 73 212 118,simulation,db4,energy,39,50,50,0
ALL,W-NN:k=3,2,,0.02,0.15,77 106 105 86 115 74 113 172 107 85 114 108 84 75 83 171 104 73 212 118,77 106 105 86 115 74 113 172 107 85 114 108 84 75 83 171 104 73 212 118,simulation,db4,energy,39,50,50,0
W-NN,W-NN:k=9,7,1.0,0.04,0.1,78 76 80 114 77 83 107 109 110 111 112 115 113 116 79 82 74 81 85 86,78 76 80 114 77 83 107 109 110 111 112 115 113 116 79 82 74 81 85 86,simulation,db4,usage,39,50,50,0
W-QDA,W-QDA:qda,9,1.0,0.0,0.11,78 76 80 114 77 83 107 109 110 111 112 115 113 116 79 82 74 81 85 86,78 76 80 114 77 83 107 109 110 111 112 115 113 116 79 82 74 81 85 86,simulation,db4,usage,39,50,50,0
W-CART,W-CART:cart,2,3.0,0.14,0.114,74 76 110 75 85 115 79 80 105 106 113 114 117 78 82 112 118 107 116 77,78 76 80 114 77 83 107 109 110 111 112 115 113 116 79 82 74 81 85 86,simulation,db4,usage,39,50,50,0
ALL,W-QDA:qda,9,1.0,0.0,0.11,78 76 80 114 77 83 107 109 110 111 112 115 113 116 79 82 74 81 85 86,78 76 80 114 77 83 107 109 110 111 112 115 113 116 79 82 74 81 85 86,simulation,db4,usage,39,50,50,0
W-NN,W-NN:k=1,26,,0.06,0.062,41 216 108 82 58 85 166 37 54 107 106 73 217 109 87 86 103 55 88 75,41 216 108 82 58 85 166 37 54 107 106 73 217 109 87 86 103 55 88 75,simulation,db4,energy,40,50,50,0
W-QDA,W-QDA:qda,3,,0.1,0.148,41 216 108 82 58 85 166 37 54 107 106 73 217 109 87 86 103 55 88 75,41 216 108 82 58 85 166 37 54 107 106 73 217 109 87 86 103 55 88 75,simulation,db4,energy,40,50,50,0
W-CART,W-CART:cart,24,,0.08,0.12,41 216 108 82 58 85 166 37 54 107 106 73 217 109 87 86 103 55 88 75,41 216 108 82 58 85 166 37 54 107 106 73 217 109 87 86 103 55 88 75,simulation,db4,energy,40,50,50,0
ALL,W-NN:k=1,26,,0.06,0.062,41 216 108 82 58 85 166 37 54 107 106 73 217 109 87 86 103 55 88 75,41 216 108 82 58 85 166 37 54 107 106 73 217 109 87 86 103 55 88 75,simulation,db4,energy,40,50,50,0
W-NN,W-NN:k=1,2,3.0,0.06,0.112,82 75 81 108 73 85 107 111 106 110 77 78 80 84 87 114 74 76 104 109,76 115 82 111 77 79 80 81 107 112 75 78 110 113 106 114 73 84 85 87,simulation,db4,usage,40,50,50,0
W-QDA,W-QDA:qda,13,0.5,0.04,0.1,78 82 114 76 77 79 111 115 75 80 81 108 113 85 110 112 109 116 83 104,76 115 82 111 77 79 80 81 107 112 75 78 110 113 106 114 73 84 85 87,simulation,db4,usage,40,50,50,0
W-CART,W-CART:cart,7,1.5,0.08,0.12,76 78 79 82 110 111 73 75 77 81 85 107 108 112 115 74 80 104 106 113,76 115 82 111 77 79 80 81 107 112 75 78 110 113 106 114 73 84 85 87,simulation,db4,usage,40,50,50,0
ALL,W-QDA:qda,13,0.5,0.04,0.1,78 82 114 76 77 79 111 115 75 80 81 108 113 85 110 112 109 116 83 104,76 115 82 111 77 79 80 81 107 112 75 78 110 113 106 114 73 84 85 87,simulation,db4,usage,40,50,50,0
W-NN,W-NN:k=1,7,,0.06,0.14,113 81 80 112 115 84 77 86 76 111 110 82 108 116 85 103 78 79 109 107,113 81 80 112 115 84 77 86 76 111 110 82 108 116 85 103 78 79 109 107,simulation,db4,energy,41,50,50,0
W-QDA,W-QDA:qda,17,,0.0,0.07,113 81 80 112 115 84 77 86 76 111 110 82 108 116 85 103 78 79 109 107,113 81 80 112 115 84 77 86 76 111 110 82 108 116 85 103 78 79 109 107,simulation,db4,energy,41,50,50,0
W-CART,W-CART:cart,6,,0.08,0.19,113 81 80 112 115 84 77 86 76 111 110 82 108 116 85 103 78 79 109 107,113 81 80 112 115 84 77 86 76 111 110 82 108 116 85 103 78 79 109 107,simulation,db4,energy,41,50,50,0
ALL,W-QDA:qda,17,,0.0,0.07,113 81 80 112 115 84 77 86 76 111 110 82 108 116 85 103 78 79 109 107,113 81 80 112 115 84 77 86 76 111 110 82 108 116 85 103 78 79 109 107,simulation,db4,energy,41,50,50,0
W-NN,W-NN:k=5,6,2.0,0.04,0.226,80 109 110 76 79 83 108 112 113 77 114 78 81 82 107 111 117 74 75 84,80 81 110 77 79 108 78 83 109 112 84 107 113 114 115 223 75 76 82 111,simulation,db4,usage,41,50,50,0
W-QDA,W-QDA:qda,15,1.0,0.0,0.066,80 81 110 77 79 108 78 83 109 112 84 107 113 114 115 223 75 76 82 111,80 81 110 77 79 108 78 83 109 112 84 107 113 114 115 223 75 76 82 111,simulation,db4,usage,41,50,50,0
W-CART,W-CART:cart,12,1.0,0.04,0.14,80 81 110 77 79 108 78 83 109 112 84 107 113 114 115 223 75 76 82 111,80 81 110 77 79 108 78 83 109 112 84 107 113 114 115 223 75 76 82 111,simulation,db4,usage,41,50,50,0
ALL,W-QDA:qda,15,1.0,0.0,0.066,80 81 110 77 79 108 78 83 109 112 84 107 113 114 115 223 75 76 82 111,80 81 110 77 79 108 78 83 109 112 84 107 113 114 115 223 75 76 82 111,simulation,db4,usage,41,50,50,0
W-NN,W-NN:k=7,40,,0.04,0.21,87 104 105 86 43 103 118 58 51 85 88 75 37 117 110 73 84 119 102 76,87 104 105 86 43 103 118 58 51 85 88 75 37 117 110 73 84 119 102 76,simulation,db4,energy,42,50,50,0
W-QDA,W-QDA:qda,16,,0.0,0.044,87 104 105 86 43 103 118 58 51 85 88 75 37 117 110 73 84 119 102 76,87 104 105 86 43 103 118 58 51 85 88 75 37 117 110 73 84 119 102 76,simulation,db4,energy,42,50,50,0
W-CART,W-CART:cart,4,,0.08,0.124,87 104 105 86 43 103 118 58 51 85 88 75 37 117 110 73 84 119 102 76,87 104 105 86 43 103 118 58 51 85 88 75 37 117 110 73 84 119 102 76,simulation,db4,energy,42,50,50,0
ALL,W-QDA:qda,16,,0.0,0.044,87 104 105 86 43 103 118 58 51 85 88 75 37 117 110 73 84 119 102 76,87 104 105 86 43 103 118 58 51 85 88 75 37 117 110 73 84 119 102 76,simulation,db4,energy,42,50,50,0
W-NN,W-NN:k=1,10,0.5,0.04,0.132,78 112 114 77 80 116 76 79 82 83 109 111 81 115 75 85 113 108 110 117,80 112 82 113 115 116 76 75 83 111 77 79 81 84 110 118 78 106 109 114,simulation,db4,usage,42,50,50,0
W-QDA,W-QDA:qda,12,3.0,0.0,0.036,113 116 118 73 74 75 77 87 117 84 85 105 106 71 72 82 83 86 88 119,80 112 82 113 115 116 76 75 83 111 77 79 81 84 110 118 78 106 109 114,simulation,db4,usage,42,50,50,0
W-CART,W-CART:cart,8,1.0,0.04,0.158,80 112 82 113 115 116 76 75 83 111 77 79 81 84 110 118 78 106 109 114,80 112 82 113 115 116 76 75 83 111 77 79 81 84 110 118 78 106 109 114,simulation,db4,usage,42,50,50,0
ALL,W-QDA:qda,12,3.0,0.0,0.036,113 116 118 73 74 75 77 87 117 84 85 105 106 71 72 82 83 86 88 119,80 112 82 113 115 116 76 75 83 111 77 79 81 84 110 118 78 106 109 114,simulation,db4,usage,42,50,50,0
W-NN,W-NN:k=1,12,,0.06,0.112,89 117 43 114 111 107 75 85 116 88 78 118 73 81 79 104 106 72 113 115,89 117 43 114 111 107 75 85 116 88 78 118 73 81 79 104 106 72 113 115,simulation,db4,energy,43,50,50,0
W-QDA,W-QDA:qda,7,,0.02,0.072,89 117 43 114 111 107 75 85 116 88 78 118 73 81 79 104 106 72 113 115,89 117 43 114 111 107 75 85 116 88 78 118 73 81 79 104 106 72 113 115,simulation,db4,energy,43,50,50,0
W-CART,W-CART:cart,8,,0.04,0.094,89 117 43 114 111 107 75 85 116 88 78 118 73 81 79 104 106 72 113 115,89 117 43 114 111 107 75 85 116 88 78 118 73 81 79 104 106 72 113 115,simulation,db4,energy,43,50,50,0
ALL,W-QDA:qda,7,,0.02,0.072,89 117 43 114 111 107 75 85 116 88 78 118 73 81 79 104 106 72 113 115,89 117 43 114 111 107 75 85 116 88 78 118 73 81 79 104 106 72 113 115,simulation,db4,energy,43,50,50,0
W-NN,W-NN:k=7,1,2.0,0.08,0.108,117 76 78 73 74 114 115 116 110 118 72 75 77 79 107 113 108 111 119 84,78 79 117 76 114 115 116 113 74 72 110 118 73 77 75 80 109 112 82 111,simulation,db4,usage,43,50,50,0
W-QDA,W-QDA:qda,15,3.0,0.06,0.072,73 116 74 114 76 78 115 117 107 113 72 75 77 105 108 118 119 71 79 84,78 79 117 76 114 115 116 113 74 72 110 118 73 77 75 80 109 112 82 111,simulation,db4,usage,43,50,50,0
W-CART,W-CART:cart,47,1.5,0.06,0.094,116 117 76 74 78 79 113 114 77 115 72 73 75 110 118 107 81 109 112 119,78 79 117 76 114 115 116 113 74 72 110 118 73 77 75 80 109 112 82 111,simulation,db4,usage,43,50,50,0
ALL,W-QDA:qda,15,3.0,0.06,0.072,73 116 74 114 76 78 115 117 107 113 72 75 77 105 108 118 119 71 79 84,78 79 117 76 114 115 116 113 74 72 110 118 73 77 75 80 109 112 82 111,simulation,db4,usage,43,50,50,0
W-NN,W-NN:k=3,8,,0.1,0.126,104 86 40 72 75 73 38 114 78 85 58 103 112 41 54 84 70 76 117 115,104 86 40 72 75 73 38 114 78 85 58 103 112 41 54 84 70 76 117 115,simulation,db4,energy,44,50,50,0
W-QDA,W-QDA:qda,5,,0.08,0.072,104 86 40 72 75 73 38 114 78 85 58 103 112 41 54 84 70 76 117 115,104 86 40 72 75 73 38 114 78 85 58 103 112 41 54 84 70 76 117 115,simulation,db4,energy,44,50,50,0
W-CART,W-CART:cart,30,,0.06,0.11,104 86 40 72 75 73 38 114 78 85 58 103 112 41 54 84 70 76 117 115,104 86 40 72 75 73 38 114 78 85 58 103 112 41 54 84 70 76 117 115,simulation,db4,energy,44,50,50,0
ALL,W-CART:cart,30,,0.06,0.11,104 86 40 72 75 73 38 114 78 85 58 103 112 41 54 84 70 76 117 115,104 86 40 72 75 73 38 114 78 85 58 103 112 41 54 84 70 76 117 115,simulation,db4,energy,44,50,50,0
W-NN,W-NN:k=7,3,0.5,0.06,0.226,113 108 110 79 81 83 109 111 78 80 114 115 116 77 82 112 107 117 85 225,113 78 79 114 115 110 108 111 112 80 81 83 107 75 82 84 109 72 73 77,simulation,db4,usage,44,50,50,0
W-QDA,W-QDA:qda,7,0.5,0.08,0.168,113 108 110 79 81 83 109 111 78 80 114 115 116 77 82 112 107 117 85 225,113 78 79 114 115 110 108 111 112 80 81 83 107 75 82 84 109 72 73 77,simulation,db4,usage,44,50,50,0
W-CART,W-CART:cart,18,0.5,0.08,0.146,113 108 110 79 81 83 109 111 78 80 114 115 116 77 82 112 107 117 85 225,113 78 79 114 115 110 108 111 112 80 81 83 107 75 82 84 109 72 73 77,simulation,db4,usage,44,50,50,0
ALL,W-NN:k=7,3,0.5,0.06,0.226,113 108 110 79 81 83 109 111 78 80 114 115 116 77 82 112 107 117 85 225,113 78 79 114 115 110 108 111 112 80 81 83 107 75 82 84 109 72 73 77,simulation,db4,usage,44,50,50,0
W-NN,W-NN:k=3,1,,0.04,0.122,73 118 117 119 71 74 72 36 120 84 116 37 58 237 105 85 113 87 108 107,73 118 117 119 71 74 72 36 120 84 116 37 58 237 105 85 113 87 108 107,simulation,db4,energy,45,50,50,0
W-QDA,W-QDA:qda,3,,0.0,0.088,73 118 117 119 71 74 72 36 120 84 116 37 58 237 105 85 113 87 108 107,73 118 117 119 71 74 72 36 120 84 116 37 58 237 105 85 113 87 108 107,simulation,db4,energy,45,50,50,0
W-CART,W-CART:cart,34,,0.0,0.166,73 118 117 119 71 74 72 36 120 84 116 37 58 237 105 85 113 87 108 107,73 118 117 119 71 74 72 36 120 84 116 37 58 237 105 85 113 87 108 107,simulation,db4,energy,45,50,50,0
ALL,W-QDA:qda,3,,0.0,0.088,73 118 117 119 71 74 72 36 120 84 116 37 58 237 105 85 113 87 108 107,73 118 117 119 71 74 72 36 120 84 116 37 58 237 105 85 113 87 108 107,simulation,db4,energy,45,50,50,0
W-NN,W-NN:k=3,51,2.0,0.02,0.13,73 74 72 109 113 114 118 119 80 85 111 112 116 117 81 82 106 120 107 71,111 73 112 72 74 84 114 116 119 76 82 85 110 113 115 117 118 75 80 108,simulation,db4,usage,45,50,50,0
W-QDA,W-QDA:qda,3,3.0,0.0,0.092,73 118 116 74 113 117 119 72 81 85 109 120 75 106 71 78 80 82 83 84,111 73 112 72 74 84 114 116 119 76 82 85 110 113 115 117 118 75 80 108,simulation,db4,usage,45,50,50,0
W-CART,W-CART:cart,2,1.0,0.0,0.138,111 73 112 72 74 84 114 116 119 76 82 85 110 113 115 117 118 75 80 108,111 73 112 72 74 84 114 116 119 76 82 85 110 113 115 117 118 75 80 108,simulation,db4,usage,45,50,50,0
ALL,W-CART:cart,2,1.0,0.0,0.138,111 73 112 72 74 84 114 116 119 76 82 85 110 113 115 117 118 75 80 108,111 73 112 72 74 84 114 116 119 76 82 85 110 113 115 117 118 75 80 108,simulation,db4,usage,45,50,50,0
W-NN,W-NN:k=5,3,,0.04,0.12,104 75 35 108 85 106 71 83 107 88 76 58 84 109 115 120 82 117 114 74,104 75 35 108 85 106 71 83 107 88 76 58 84 109 115 120 82 117 114 74,simulation,db4,energy,46,50,50,0
W-QDA,W-QDA:qda,6,,0.02,0.038,104 75 35 108 85 106 71 83 107 88 76 58 84 109 115 120 82 117 114 74,104 75 35 108 85 106 71 83 107 88 76 58 84 109 115 120 82 117 114 74,simulation,db4,energy,46,50,50,0
W-CART,W-CART:cart,1,,0.08,0.114,104 75 35 108 85 106 71 83 107 88 76 58 84 109 115 120 82 117 114 74,104 75 35 108 85 106 71 83 107 88 76 58 84 109 115 120 82 117 114 74,simulation,db4,energy,46,50,50,0
ALL,W-QDA:qda,6,,0.02,0.038,104 75 35 108 85 106 71 83 107 88 76 58 84 109 115 120 82 117 114 74,104 75 35 108 85 106 71 83 107 88 76 58 84 109 115 120 82 117 114 74,simulation,db4,energy,46,50,50,0
W-NN,W-NN:k=3,7,1.0,0.02,0.134,77 79 80 84 112 78 107 109 110 81 83 105 108 111 113 76 115 116 82 85,77 79 80 84 112 78 107 109 110 81 83 105 108 111 113 76 115 116 82 85,simulation,db4,usage,46,50,50,0
W-QDA,W-QDA:qda,9,2.0,0.04,0.03,78 82 79 84 104 105 112 113 75 77 85 106 107 108 110 109 114 76 111 74,77 79 80 84 112 78 107 109 110 81 83 105 108 111 113 76 115 116 82 85,simulation,db4,usage,46,50,50,0
W-CART,W-CART:cart,1,3.0,0.08,0.114,104 84 85 106 76 105 74 78 81 109 111 112 114 77 108 110 113 115 75 83,77 79 80 84 112 78 107 109 110 81 83 105 108 111 113 76 115 116 82 85,simulation,db4,usage,46,50,50,0
ALL,W-NN:k=3,7,1.0,0.02,0.134,77 79 80 84 112 78 107 109 110 81 83 105 108 111 113 76 115 116 82 85,77 79 80 84 112 78 107 109 110 81 83 105 108 111 113 76 115 116 82 85,simulation,db4,usage,46,50,50,0
W-NN,W-NN:k=1,2,,0.06,0.13,72 108 82 238 109 84 88 87 86 239 83 105 71 55 76 53 51 114 81 107,72 108 82 238 109 84 88 87 86 239 83 105 71 55 76 53 51 114 81 107,simulation,db4,energy,47,50,50,0
W-QDA,W-QDA:qda,8,,0.0,0.032,72 108 82 238 109 84 88 87 86 239 83 105 71 55 76 53 51 114 81 107,72 108 82 238 109 84 88 87 86 239 83 105 71 55 76 53 51 114 81 107,simulation,db4,energy,47,50,50,0
W-CART,W-CART:cart,42,,0.06,0.086,72 108 82 238 109 84 88 87 86 239 83 105 71 55 76 53 51 114 81 107,72 108 82 238 109 84 88 87 86 239 83 105 71 55 76 53 51 114 81 107,simulation,db4,energy,47,50,50,0
ALL,W-QDA:qda,8,,0.0,0.032,72 108 82 238 109 84 88 87 86 239 83 105 71 55 76 53 51 114 81 107,72 108 82 238 109 84 88 87 86 239 83 105 71 55 76 53 51 114 81 107,simulation,db4,energy,47,50,50,0
W-NN,W-NN:k=1,3,0.5,0.06,0.148,78 83 108 109 110 111 79 80 82 84 81 85 86 105 107 113 74 75 87 106,110 84 111 107 79 81 82 108 109 80 85 83 86 105 76 78 113 75 106 116,simulation,db4,usage,47,50,50,0
W-QDA,W-QDA:qda,10,2.0,0.0,0.104,82 84 107 108 81 105 76 83 85 109 86 87 104 106 78 80 114 115 116 118,110 84 111 107 79 81 82 108 109 80 85 83 86 105 76 78 113 75 106 116,simulation,db4,usage,47,50,50,0
W-CART,W-CART:cart,17,3.0,0.02,0.12,107 82 84 87 105 86 109 106 108 76 116 75 83 85 110 114 118 72 73 77,110 84 111 107 79 81 82 108 109 80 85 83 86 105 76 78 113 75 106 116,simulation,db4,usage,47,50,50,0
ALL,W-QDA:qda,10,2.0,0.0,0.104,82 84 107 108 81 105 76 83 85 109 86 87 104 106 78 80 114 115 116 118,110 84 111 107 79 81 82 108 109 80 85 83 86 105 76 78 113 75 106 116,simulation,db4,usage,47,50,50,0
W-NN,W-NN:k=5,2,,0.06,0.158,85 114 71 117 38 72 106 119 118 60 75 73 76 115 116 74 36 120 107 111,85 114 71 117 38 72 106 119 118 60 75 73 76 115 116 74 36 120 107 111,simulation,db4,energy,48,50,50,0
W-QDA,W-QDA:qda,3,,0.0,0.104,85 114 71 117 38 72 106 119 118 60 75 73 76 115 116 74 36 120 107 111,85 114 71 117 38 72 106 119 118 60 75 73 76 115 116 74 36 120 107 111,simulation,db4,energy,48,50,50,0
W-CART,W-CART:cart,7,,0.02,0.114,85 114 71 117 38 72 106 119 118 60 75 73 76 115 116 74 36 120 107 111,85 114 71 117 38 72 106 119 118 60 75 73 76 115 116 74 36 120 107 111,simulation,db4,energy,48,50,50,0
ALL,W-QDA:qda,3,,0.0,0.104,85 114 71 117 38 72 106 119 118 60 75 73 76 115 116 74 36 120 107 111,85 114 71 117 38 72 106 119 118 60 75 73 76 115 116 74 36 120 107 111,simulation,db4,energy,48,50,50,0
W-NN,W-NN:k=3,4,0.5,0.04,0.2,115 112 78 76 116 113 75 80 73 74 77 79 114 118 82 108 109 110 117 81,116 112 115 75 76 114 117 74 78 72 73 80 110 113 119 106 107 108 109 77,simulation,db4,usage,48,50,50,0
W-QDA,W-QDA:qda,4,1.5,0.02,0.122,116 76 112 73 75 114 117 72 74 78 80 107 108 109 113 83 106 119 77 85,116 112 115 75 76 114 117 74 78 72 73 80 110 113 119 106 107 108 109 77,simulation,db4,usage,48,50,50,0
W-CART,W-CART:cart,5,1.5,0.02,0.134,116 76 112 73 75 114 117 72 74 78 80 107 108 109 113 83 106 119 77 85,116 112 115 75 76 114 117 74 78 72 73 80 110 113 119 106 107 108 109 77,simulation,db4,usage,48,50,50,0
ALL,W-QDA:qda,4,1.5,0.02,0.122,116 76 112 73 75 114 117 72 74 78 80 107 108 109 113 83 106 119 77 85,116 112 115 75 76 114 117 74 78 72 73 80 110 113 119 106 107 108 109 77,simulation,db4,usage,48,50,50,0
W-NN,W-NN:k=3,39,,0.04,0.166,115 73 72 119 88 118 59 114 85 106 117 111 74 89 116 58 77 75 79 83,115 73 72 119 88 118 59 114 85 106 117 111 74 89 116 58 77 75 79 83,simulation,db4,energy,49,50,50,0
W-QDA,W-QDA:qda,11,,0.0,0.048,115 73 72 119 88 118 59 114 85 106 117 111 74 89 116 58 77 75 79 83,115 73 72 119 88 118 59 114 85 106 117 111 74 89 116 58 77 75 79 83,simulation,db4,energy,49,50,50,0
W-CART,W-CART:cart,15,,0.04,0.078,115 73 72 119 88 118 59 114 85 106 117 111 74 89 116 58 77 75 79 83,115 73 72 119 88 118 59 114 85 106 117 111 74 89 116 58 77 75 79 83,simulation,db4,energy,49,50,50,0
ALL,W-QDA:qda,11,,0.0,0.048,115 73 72 119 88 118 59 114 85 106 117 111 74 89 116 58 77 75 79 83,115 73 72 119 88 118 59 114 85 106 117 111 74 89 116 58 77 75 79 83,simulation,db4,energy,49,50,50,0
W-NN,W-NN:k=3,48,2.0,0.04,0.17,74 75 115 114 77 73 76 116 72 107 113 117 118 119 78 80 82 79 83 84,115 114 73 75 113 118 76 77 111 74 78 83 116 80 84 110 81 112 71 79,simulation,db4,usage,49,50,50,0
W-QDA,W-QDA:qda,3,1.0,0.08,0.088,115 114 73 75 113 118 76 77 111 74 78 83 116 80 84 110 81 112 71 79,115 114 73 75 113 118 76 77 111 74 78 83 116 80 84 110 81 112 71 79,simulation,db4,usage,49,50,50,0
W-CART,W-CART:cart,23,3.0,0.04,0.082,74 75 114 116 72 76 115 73 77 82 83 118 79 109 110 117 119 120 78 81,115 114 73 75 113 118 76 77 111 74 78 83 116 80 84 110 81 112 71 79,simulation,db4,usage,49,50,50,0
ALL,W-CART:cart,23,3.0,0.04,0.082,74 75 114 116 72 76 115 73 77 82 83 118 79 109 110 117 119 120 78 81,115 114 73 75 113 118 76 77 111 74 78 83 116 80 84 110 81 112 71 79,simulation,db4,usage,49,50,50,0
W-NN,W-NN:k=3,50,,0.12,0.18,109 165 106 81 77 110 107 112 82 41 83 54 78 75 114 79 72 218 71 80,109 165 106 81 77 110 107 112 82 41 83 54 78 75 114 79 72 218 71 80,simulation,db4,energy,50,50,50,0
W-QDA,W-QDA:qda,5,,0.08,0.108,109 165 106 81 77 110 107 112 82 41 83 54 78 75 114 79 72 218 71 80,109 165 106 81 77 110 107 112 82 41 83 54 78 75 114 79 72 218 71 80,simulation,db4,energy,50,50,50,0
W-CART,W-CART:cart,3,,0.1,0.128,109 165 106 81 77 110 107 112 82 41 83 54 78 75 114 79 72 218 71 80,109 165 106 81 77 110 107 112 82 41 83 54 78 75 114 79 72 218 71 80,simulation,db4,energy,50,50,50,0
ALL,W-QDA:qda,5,,0.08,0.108,109 165 106 81 77 110 107 112 82 41 83 54 78 75 114 79 72 218 71 80,109 165 106 81 77 110 107 112 82 41 83 54 78 75 114 79 72 218 71 80,simulation,db4,energy,50,50,50,0
W-NN,W-NN:k=1,17,3.0,0.06,0.154,112 78 77 108 113 115 75 81 110 114 116 117 80 82 83 109 73 74 76 79,112 77 76 110 113 115 74 81 73 75 78 111 114 80 108 109 79 82 72 116,simulation,db4,usage,50,50,50,0
W-QDA,W-QDA:qda,9,1.0,0.06,0.08,112 77 76 110 113 115 74 81 73 75 78 111 114 80 108 109 79 82 72 116,112 77 76 110 113 115 74 81 73 75 78 111 114 80 108 109 79 82 72 116,simulation,db4,usage,50,50,50,0
W-CART,W-CART:cart,9,1.0,0.06,0.152,112 77 76 110 113 115 74 81 73 75 78 111 114 80 108 109 79 82 72 116,112 77 76 110 113 115 74 81 73 75 78 111 114 80 108 109 79 82 72 116,simulation,db4,usage,50,50,50,0
ALL,W-QDA:qda,9,1.0,0.06,0.08,112 77 76 110 113 115 74 81 73 75 78 111 114 80 108 109 79 82 72 116,112 77 76 110 113 115 74 81 73 75 78 111 114 80 108 109 79 82 72 116,simulation,db4,usage,50,50,50,0
W-NN,W-NN:k=5,9,,0.04,0.084,106 118 145 84 72 42 38 104 114 120 115 78 113 110 238 112 107 119 35 111,106 118 145 84 72 42 38 104 114 120 115 78 113 110 238 112 107 119 35 111,simulation,db4,energy,51,50,50,0
W-QDA,W-QDA:qda,3,,0.04,0.1,106 118 145 84 72 42 38 104 114 120 115 78 113 110 238 112 107 119 35 111,106 118 145 84 72 42 38 104 114 120 115 78 113 110 238 112 107 119 35 111,simulation,db4,energy,51,50,50,0
W-CART,W-CART:cart,10,,0.04,0.162,106 118 145 84 72 42 38 104 114 120 115 78 113 110 238 112 107 119 35 111,106 118 145 84 72 42 38 104 114 120 115 78 113 110 238 112 107 119 35 111,simulation,db4,energy,51,50,50,0
ALL,W-QDA:qda,3,,0.04,0.1,106 118 145 84 72 42 38 104 114 120 115 78 113 110 238 112 107 119 35 111,106 118 145 84 72 42 38 104 114 120 115 78 113 110 238 112 107 119 35 111,simulation,db4,energy,51,50,50,0
W-NN,W-NN:k=1,21,1.5,0.04,0.186,77 111 78 113 76 79 114 74 109 110 116 118 80 81 82 84 117 83 107 75,79 78 111 113 77 81 116 82 110 76 84 109 112 114 80 83 74 75 107 115,simulation,db4,usage,51,50,50,0
W-QDA,W-QDA:qda,8,3.0,0.04,0.076,74 82 113 116 79 110 114 76 77 80 83 109 112 111 75 78 73 84 85 115,79 78 111 113 77 81 116 82 110 76 84 109 112 114 80 83 74 75 107 115,simulation,db4,usage,51,50,50,0
W-CART,W-CART:cart,16,3.0,0.08,0.134,74 82 113 116 79 110 114 76 77 80 83 109 112 111 75 78 73 84 85 115,79 78 111 113 77 81 116 82 110 76 84 109 112 114 80 83 74 75 107 115,simulation,db4,usage,51,50,50,0
ALL,W-QDA:qda,8,3.0,0.04,0.076,74 82 113 116 79 110 114 76 77 80 83 109 112 111 75 78 73 84 85 115,79 78 111 113 77 81 116 82 110 76 84 109 112 114 80 83 74 75 107 115,simulation,db4,usage,51,50,50,0
W-NN,W-NN:k=3,62,,0.06,0.182,84 80 107 83 116 81 57 216 110 115 75 106 118 72 113 108 119 112 145 82,84 80 107 83 116 81 57 216 110 115 75 106 118 72 113 108 119 112 145 82,simulation,db4,energy,52,50,50,0
W-QDA,W-QDA:qda,12,,0.04,0.052,84 80 107 83 116 81 57 216 110 115 75 106 118 72 113 108 119 112 145 82,84 80 107 83 116 81 57 216 110 115 75 106 118 72 113 108 119 112 145 82,simulation,db4,energy,52,50,50,0
W-CART,W-CART:cart,35,,0.12,0.148,84 80 107 83 116 81 57 216 110 115 75 106 118 72 113 108 119 112 145 82,84 80 107 83 116 81 57 216 110 115 75 106 118 72 113 108 119 112 145 82,simulation,db4,energy,52,50,50,0
ALL,W-QDA:qda,12,,0.04,0.052,84 80 107 83 116 81 57 216 110 115 75 106 118 72 113 108 119 112 145 82,84 80 107 83 116 81 57 216 110 115 75 106 118 72 113 108 119 112 145 82,simulation,db4,energy,52,50,50,0
W-NN,W-NN:k=1,11,3.0,0.04,0.098,75 83 84 82 78 80 107 111 114 72 79 112 113 74 77 108 110 81 85 106,114 75 78 79 80 112 115 76 81 111 77 82 110 83 84 85 108 113 116 74,simulation,db4,usage,52,50,50,0
W-QDA,W-QDA:qda,20,2.0,0.0,0.06,75 80 83 84 77 78 110 112 113 114 115 79 85 108 111 74 76 81 82 106,114 75 78 79 80 112 115 76 81 111 77 82 110 83 84 85 108 113 116 74,simulation,db4,usage,52,50,50,0
W-CART,W-CART:cart,10,3.0,0.04,0.048,75 83 84 82 78 80 107 111 114 72 79 112 113 74 77 108 110 81 85 106,114 75 78 79 80 112 115 76 81 111 77 82 110 83 84 85 108 113 116 74,simulation,db4,usage,52,50,50,0
ALL,W-QDA:qda,20,2.0,0.0,0.06,75 80 83 84 77 78 110 112 113 114 115 79 85 108 111 74 76 81 82 106,114 75 78 79 80 112 115 76 81 111 77 82 110 83 84 85 108 113 116 74,simulation,db4,usage,52,50,50,0
W-NN,W-NN:k=1,9,,0.06,0.21,53 113 106 56 151 78 115 156 88 77 110 155 109 55 83 107 84 111 108 112,53 113 106 56 151 78 115 156 88 77 110 155 109 55 83 107 84 111 108 112,simulation,db4,energy,53,50,50,0
W-QDA,W-QDA:qda,14,,0.04,0.072,53 113 106 56 151 78 115 156 88 77 110 155 109 55 83 107 84 111 108 112,53 113 106 56 151 78 115 156 88 77 110 155 109 55 83 107 84 111 108 112,simulation,db4,energy,53,50,50,0
W-CART,W-CART:cart,18,,0.04,0.164,53 113 106 56 151 78 115 156 88 77 110 155 109 55 83 107 84 111 108 112,53 113 106 56 151 78 115 156 88 77 110 155 109 55 83 107 84 111 108 112,simulation,db4,energy,53,50,50,0
ALL,W-QDA:qda,14,,0.04,0.072,53 113 106 56 151 78 115 156 88 77 110 155 109 55 83 107 84 111 108 112,53 113 106 56 151 78 115 156 88 77 110 155 109 55 83 107 84 111 108 112,simulation,db4,energy,53,50,50,0
W-NN,W-NN:k=5,5,2.0,0.06,0.198,79 82 112 107 81 109 80 83 106 110 84 108 111 78 85 113 86 87 76 77,82 79 80 81 109 112 110 83 111 113 78 108 84 86 107 77 106 76 105 114,simulation,db4,usage,53,50,50,0
W-QDA,W-QDA:qda,8,2.0,0.06,0.124,79 82 112 107 81 109 80 83 106 110 84 108 111 78 85 113 86 87 76 77,82 79 80 81 109 112 110 83 111 113 78 108 84 86 107 77 106 76 105 114,simulation,db4,usage,53,50,50,0
W-CART,W-CART:cart,17,1.5,0.02,0.12,82 112 79 80 81 83 109 110 111 107 84 113 106 108 78 86 85 114 77 87,82 79 80 81 109 112 110 83 111 113 78 108 84 86 107 77 106 76 105 114,simulation,db4,usage,53,50,50,0
ALL,W-CART:cart,17,1.5,0.02,0.12,82 112 79 80 81 83 109 110 111 107 84 113 106 108 78 86 85 114 77 87,82 79 80 81 109 112 110 83 111 113 78 108 84 86 107 77 106 76 105 114,simulation,db4,usage,53,50,50,0
W-NN,W-NN:k=1,44,,0.16,0.21,81 109 83 108 110 82 219 87 220 107 103 53 84 102 40 76 79 85 112 80,81 109 83 108 110 82 219 87 220 107 103 53 84 102 40 76 79 85 112 80,simulation,db4,energy,54,50,50,0
W-QDA,W-QDA:qda,4,,0.22,0.162,81 109 83 108 110 82 219 87 220 107 103 53 84 102 40 76 79 85 112 80,81 109 83 108 110 82 219 87 220 107 103 53 84 102 40 76 79 85 112 80,simulation,db4,energy,54,50,50,0
W-CART,W-CART:cart,8,,0.12,0.132,81 109 83 108 110 82 219 87 220 107 103 53 84 102 40 76 79 85 112 80,81 109 83 108 110 82 219 87 220 107 103 53 84 102 40 76 79 85 112 80,simulation,db4,energy,54,50,50,0
ALL,W-CART:cart,8,,0.12,0.132,81 109 83 108 110 82 219 87 220 107 103 53 84 102 40 76 79 85 112 80,81 109 83 108 110 82 219 87 220 107 103 53 84 102 40 76 79 85 112 80,simulation,db4,energy,54,50,50,0
W-NN,W-NN:k=3,28,2.0,0.06,0.13,81 109 82 83 110 78 79 85 107 108 84 112 113 114 76 80 111 106 77 115,81 110 109 79 83 108 112 78 82 111 113 80 84 85 106 114 115 76 107 105,simulation,db4,usage,54,50,50,0
W-QDA,W-QDA:qda,2,3.0,0.22,0.21,82 83 81 110 80 109 84 108 111 107 113 78 79 85 106 114 112 115 75 77,81 110 109 79 83 108 112 78 82 111 113 80 84 85 106 114 115 76 107 105,simulation,db4,usage,54,50,50,0
W-CART,W-CART:cart,25,0.5,0.1,0.12,81 110 109 79 80 82 112 113 83 85 108 111 106 107 114 84 86 78 105 115,81 110 109 79 83 108 112 78 82 111 113 80 84 85 106 114 115 76 107 105,simulation,db4,usage,54,50,50,0
ALL,W-NN:k=3,28,2.0,0.06,0.13,81 109 82 83 110 78 79 85 107 108 84 112 113 114 76 80 111 106 77 115,81 110 109 79 83 108 112 78 82 111 113 80 84 85 106 114 115 76 107 105,simulation,db4,usage,54,50,50,0
W-NN,W-NN:k=1,39,,0.1,0.172,79 107 112 84 108 116 109 106 110 82 83 85 54 111 80 53 168 75 114 113,79 107 112 84 108 116 109 106 110 82 83 85 54 111 80 53 168 75 114 113,simulation,db4,energy,55,50,50,0
W-QDA,W-QDA:qda,7,,0.08,0.074,79 107 112 84 108 116 109 106 110 82 83 85 54 111 80 53 168 75 114 113,79 107 112 84 108 116 109 106 110 82 83 85 54 111 80 53 168 75 114 113,simulation,db4,energy,55,50,50,0
W-CART,W-CART:cart,34,,0.1,0.176,79 107 112 84 108 116 109 106 110 82 83 85 54 111 80 53 168 75 114 113,79 107 112 84 108 116 109 106 110 82 83 85 54 111 80 53 168 75 114 113,simulation,db4,energy,55,50,50,0
ALL,W-QDA:qda,7,,0.08,0.074,79 107 112 84 108 116 109 106 110 82 83 85 54 111 80 53 168 75 114 113,79 107 112 84 108 116 109 106 110 82 83 85 54 111 80 53 168 75 114 113,simulation,db4,energy,55,50,50,0
W-NN,W-NN:k=1,8,3.0,0.06,0.178,83 107 106 108 105 109 87 110 81 82 84 86 114 79 85 112 80 111 77 104,82 84 108 109 110 106 83 107 113 81 85 105 112 77 78 218 79 80 111 86,simulation,db4,usage,55,50,50,0
W-QDA,W-QDA:qda,5,3.0,0.08,0.12,83 107 106 108 105 109 87 110 81 82 84 86 114 79 85 112 80 111 77 104,82 84 108 109 110 106 83 107 113 81 85 105 112 77 78 218 79 80 111 86,simulation,db4,usage,55,50,50,0
W-CART,W-CART:cart,5,3.0,0.1,0.178,83 107 106 108 105 109 87 110 81 82 84 86 114 79 85 112 80 111 77 104,82 84 108 109 110 106 83 107 113 81 85 105 112 77 78 218 79 80 111 86,simulation,db4,usage,55,50,50,0
ALL,W-NN:k=1,8,3.0,0.06,0.178,83 107 106 108 105 109 87 110 81 82 84 86 114 79 85 112 80 111 77 104,82 84 108 109 110 106 83 107 113 81 85 105 112 77 78 218 79 80 111 86,simulation,db4,usage,55,50,50,0
W-NN,W-NN:k=3,54,,0.1,0.16,110 80 71 73 86 72 111 78 42 74 79 75 117 104 77 113 103 102 239 116,110 80 71 73 86 72 111 78 42 74 79 75 117 104 77 113 103 102 239 116,simulation,db4,energy,56,50,50,0
W-QDA,W-QDA:qda,14,,0.0,0.036,110 80 71 73 86 72 111 78 42 74 79 75 117 104 77 113 103 102 239 116,110 80 71 73 86 72 111 78 42 74 79 75 117 104 77 113 103 102 239 116,simulation,db4,energy,56,50,50,0
W-CART,W-CART:cart,31,,0.04,0.136,110 80 71 73 86 72 111 78 42 74 79 75 117 104 77 113 103 102 239 116,110 80 71 73 86 72 111 78 42 74 79 75 117 104 77 113 103 102 239 116,simulation,db4,energy,56,50,50,0
ALL,W-QDA:qda,14,,0.0,0.036,110 80 71 73 86 72 111 78 42 74 79 75 117 104 77 113 103 102 239 116,110 80 71 73 86 72 111 78 42 74 79 75 117 104 77 113 103 102 239 116,simulation,db4,energy,56,50,50,0
W-NN,W-NN:k=3,20,2.0,0.0,0.092,109 81 107 74 77 82 80 83 85 79 106 110 111 112 73 75 86 114 78 84,110 79 80 109 111 77 81 82 112 114 74 107 78 83 106 75 113 73 84 105,simulation,db4,usage,56,50,50,0
W-QDA,W-QDA:qda,6,2.0,0.0,0.06,109 81 107 74 77 82 80 83 85 79 106 110 111 112 73 75 86 114 78 84,110 79 80 109 111 77 81 82 112 114 74 107 78 83 106 75 113 73 84 105,simulation,db4,usage,56,50,50,0
W-CART,W-CART:cart,14,1.5,0.04,0.15,77 81 109 110 79 80 107 82 106 111 112 74 78 83 73 85 108 75 86 87,110 79 80 109 111 77 81 82 112 114 74 107 78 83 106 75 113 73 84 105,simulation,db4,usage,56,50,50,0
ALL,W-QDA:qda,6,2.0,0.0,0.06,109 81 107 74 77 82 80 83 85 79 106 110 111 112 73 75 86 114 78 84,110 79 80 109 111 77 81 82 112 114 74 107 78 83 106 75 113 73 84 105,simulation,db4,usage,56,50,50,0
W-NN,W-NN:k=1,13,,0.04,0.112,116 76 37 117 115 75 55 74 52 43 112 42 106 113 111 105 87 73 118 114,116 76 37 117 115 75 55 74 52 43 112 42 106 113 111 105 87 73 118 114,simulation,db4,energy,57,50,50,0
W-QDA,W-QDA:qda,13,,0.12,0.1,116 76 37 117 115 75 55 74 52 43 112 42 106 113 111 105 87 73 118 114,116 76 37 117 115 75 55 74 52 43 112 42 106 113 111 105 87 73 118 114,simulation,db4,energy,57,50,50,0
W-CART,W-CART:cart,4,,0.1,0.148,116 76 37 117 115 75 55 74 52 43 112 42 106 113 111 105 87 73 118 114,116 76 37 117 115 75 55 74 52 43 112 42 106 113 111 105 87 73 118 114,simulation,db4,energy,57,50,50,0
ALL,W-NN:k=1,13,,0.04,0.112,116 76 37 117 115 75 55 74 52 43 112 42 106 113 111 105 87 73 118 114,116 76 37 117 115 75 55 74 52 43 112 42 106 113 111 105 87 73 118 114,simulation,db4,energy,57,50,50,0
W-NN,W-NN:k=3,41,1.5,0.02,0.156,116 115 75 117 113 74 112 73 77 111 118 80 107 109 114 108 110 76 78 79,115 114 111 116 74 73 76 78 79 113 75 80 112 117 110 118 77 107 108 109,simulation,db4,usage,57,50,50,0
W-QDA,W-QDA:qda,13,3.0,0.06,0.11,116 117 73 74 75 115 112 113 118 76 105 106 109 79 111 114 119 77 78 85,115 114 111 116 74 73 76 78 79 113 75 80 112 117 110 118 77 107 108 109,simulation,db4,usage,57,50,50,0
W-CART,W-CART:cart,5,1.5,0.1,0.13,116 115 75 117 113 74 112 73 77 111 118 80 107 109 114 108 110 76 78 79,115 114 111 116 74 73 76 78 79 113 75 80 112 117 110 118 77 107 108 109,simulation,db4,usage,57,50,50,0
ALL,W-NN:k=3,41,1.5,0.02,0.156,116 115 75 117 113 74 112 73 77 111 118 80 107 109 114 108 110 76 78 79,115 114 111 116 74 73 76 78 79 113 75 80 112 117 110 118 77 107 108 109,simulation,db4,usage,57,50,50,0
W-NN,W-NN:k=1,43,,0.06,0.15,83 75 82 109 110 107 53 74 80 81 76 42 115 106 84 112 111 108 54 40,83 75 82 109 110 107 53 74 80 81 76 42 115 106 84 112 111 108 54 40,simulation,db4,energy,58,50,50,0
W-QDA,W-QDA:qda,3,,0.04,0.106,83 75 82 109 110 107 53 74 80 81 76 42 115 106 84 112 111 108 54 40,83 75 82 109 110 107 53 74 80 81 76 42 115 106 84 112 111 108 54 40,simulation,db4,energy,58,50,50,0
W-CART,W-CART:cart,2,,0.12,0.118,83 75 82 109 110 107 53 74 80 81 76 42 115 106 84 112 111 108 54 40,83 75 82 109 110 107 53 74 80 81 76 42 115 106 84 112 111 108 54 40,simulation,db4,energy,58,50,50,0
ALL,W-QDA:qda,3,,0.04,0.106,83 75 82 109 110 107 53 74 80 81 76 42 115 106 84 112 111 108 54 40,83 75 82 109 110 107 53 74 80 81 76 42 115 106 84 112 111 108 54 40,simulation,db4,energy,58,50,50,0
W-NN,W-NN:k=1,37,3.0,0.02,0.142,80 82 110 83 109 75 106 76 84 85 108 74 111 112 113 116 53 79 81 105,113 110 79 80 82 81 109 112 83 76 78 84 111 114 107 77 86 106 108 115,simulation,db4,usage,58,50,50,0
W-QDA,W-QDA:qda,20,0.5,0.0,0.066,113 81 110 112 79 80 109 82 83 114 78 84 111 115 76 77 107 74 116 157,113 110 79 80 82 81 109 112 83 76 78 84 111 114 107 77 86 106 108 115,simulation,db4,usage,58,50,50,0
W-CART,W-CART:cart,8,3.0,0.06,0.108,80 82 110 83 109 75 106 76 84 85 108 74 111 112 113 116 53 79 81 105,113 110 79 80 82 81 109 112 83 76 78 84 111 114 107 77 86 106 108 115,simulation,db4,usage,58,50,50,0
ALL,W-QDA:qda,20,0.5,0.0,0.066,113 81 110 112 79 80 109 82 83 114 78 84 111 115 76 77 107 74 116 157,113 110 79 80 82 81 109 112 83 76 78 84 111 114 107 77 86 106 108 115,simulation,db4,usage,58,50,50,0
W-NN,W-NN:k=1,24,,0.08,0.138,145 88 103 87 119 59 104 89 83 80 112 36 107 79 111 81 86 51 78 84,145 88 103 87 119 59 104 89 83 80 112 36 107 79 111 81 86 51 78 84,simulation,db4,energy,59,50,50,0
W-QDA,W-QDA:qda,13,,0.0,0.054,145 88 103 87 119 59 104 89 83 80 112 36 107 79 111 81 86 51 78 84,145 88 103 87 119 59 104 89 83 80 112 36 107 79 111 81 86 51 78 84,simulation,db4,energy,59,50,50,0
W-CART,W-CART:cart,45,,0.06,0.174,145 88 103 87 119 59 104 89 83 80 112 36 107 79 111 81 86 51 78 84,145 88 103 87 119 59 104 89 83 80 112 36 107 79 111 81 86 51 78 84,simulation,db4,energy,59,50,50,0
ALL,W-QDA:qda,13,,0.0,0.054,145 88 103 87 119 59 104 89 83 80 112 36 107 79 111 81 86 51 78 84,145 88 103 87 119 59 104 89 83 80 112 36 107 79 111 81 86 51 78 84,simulation,db4,energy,59,50,50,0
W-NN,W-NN:k=1,4,3.0,0.06,0.166,86 87 110 79 83 80 81 84 85 88 103 107 109 111 112 104 108 76 78 82,80 81 106 108 110 86 87 105 79 83 85 104 107 109 111 112 113 78 82 77,simulation,db4,usage,59,50,50,0
W-QDA,W-QDA:qda,8,0.5,0.04,0.118,106 80 109 86 104 87 105 110 79 81 108 111 112 82 83 85 84 107 78 88,80 81 106 108 110 86 87 105 79 83 85 104 107 109 111 112 113 78 82 77,simulation,db4,usage,59,50,50,0
W-CART,W-CART:cart,5,0.5,0.08,0.102,106 80 109 86 104 87 105 110 79 81 108 111 112 82 83 85 84 107 78 88,80 81 106 108 110 86 87 105 79 83 85 104 107 109 111 112 113 78 82 77,simulation,db4,usage,59,50,50,0
ALL,W-QDA:qda,8,0.5,0.04,0.118,106 80 109 86 104 87 105 110 79 81 108 111 112 82 83 85 84 107 78 88,80 81 106 108 110 86 87 105 79 83 85 104 107 109 111 112 113 78 82 77,simulation,db4,usage,59,50,50,0
W-NN,W-NN:k=3,15,,0.06,0.12,241 70 118 83 154 141 106 229 74 120 107 116 84 81 105 155 85 242 121 80,241 70 118 83 154 141 106 229 74 120 107 116 84 81 105 155 85 242 121 80,simulation,db4,energy,60,50,50,0
W-QDA,W-QDA:qda,7,,0.02,0.062,241 70 118 83 154 141 106 229 74 120 107 116 84 81 105 155 85 242 121 80,241 70 118 83 154 141 106 229 74 120 107 116 84 81 105 155 85 242 121 80,simulation,db4,energy,60,50,50,0
W-CART,W-CART:cart,4,,0.06,0.128,241 70 118 83 154 141 106 229 74 120 107 116 84 81 105 155 85 242 121 80,241 70 118 83 154 141 106 229 74 120 107 116 84 81 105 155 85 242 121 80,simulation,db4,energy,60,50,50,0
ALL,W-QDA:qda,7,,0.02,0.062,241 70 118 83 154 141 106 229 74 120 107 116 84 81 105 155 85 242 121 80,241 70 118 83 154 141 106 229 74 120 107 116 84 81 105 155 85 242 121 80,simulation,db4,energy,60,50,50,0
W-NN,W-NN:k=1,7,2.0,0.06,0.146,82 107 81 85 106 83 113 114 84 108 109 115 76 78 79 80 105 111 103 112,82 83 108 81 107 84 111 80 85 79 78 112 114 115 106 109 110 113 105 76,simulation,db4,usage,60,50,50,0
W-QDA,W-QDA:qda,14,3.0,0.04,0.048,85 107 82 113 105 80 106 83 84 114 112 115 117 118 76 81 103 108 109 73,82 83 108 81 107 84 111 80 85 79 78 112 114 115 106 109 110 113 105 76,simulation,db4,usage,60,50,50,0
W-CART,W-CART:cart,9,0.5,0.08,0.128,81 82 84 108 107 112 83 85 110 80 111 106 78 217 115 164 79 105 109 113,82 83 108 81 107 84 111 80 85 79 78 112 114 115 106 109 110 113 105 76,simulation,db4,usage,60,50,50,0
ALL,W-QDA:qda,14,3.0,0.04,0.048,85 107 82 113 105 80 106 83 84 114 112 115 117 118 76 81 103 108 109 73,82 83 108 81 107 84 111 80 85 79 78 112 114 115 106 109 110 113 105 76,simulation,db4,usage,60,50,50,0
W-NN,W-NN:k=7,3,,0.08,0.132,71 120 75 77 116 76 114 104 112 118 74 87 82 40 111 117 72 113 119 73,71 120 75 77 116 76 114 104 112 118 74 87 82 40 111 117 72 113 119 73,simulation,db4,energy,61,50,50,0
W-QDA,W-QDA:qda,4,,0.04,0.052,71 120 75 77 116 76 114 104 112 118 74 87 82 40 111 117 72 113 119 73,71 120 75 77 116 76 114 104 112 118 74 87 82 40 111 117 72 113 119 73,simulation,db4,energy,61,50,50,0
W-CART,W-CART:cart,3,,0.1,0.132,71 120 75 77 116 76 114 104 112 118 74 87 82 40 111 117 72 113 119 73,71 120 75 77 116 76 114 104 112 118 74 87 82 40 111 117 72 113 119 73,simulation,db4,energy,61,50,50,0
ALL,W-QDA:qda,4,,0.04,0.052,71 120 75 77 116 76 114 104 112 118 74 87 82 40 111 117 72 113 119 73,71 120 75 77 116 76 114 104 112 118 74 87 82 40 111 117 72 113 119 73,simulation,db4,energy,61,50,50,0
W-NN,W-NN:k=1,11,1.0,0.04,0.148,112 83 116 113 78 79 82 114 77 107 109 117 74 81 108 115 75 76 111 73,112 83 116 113 78 79 82 114 77 107 109 117 74 81 108 115 75 76 111 73,simulation,db4,usage,61,50,50,0
W-QDA,W-QDA:qda,2,1.5,0.02,0.126,83 114 113 77 109 116 117 75 78 82 107 112 73 74 76 79 110 111 115 84,112 83 116 113 78 79 82 114 77 107 109 117 74 81 108 115 75 76 111 73,simulation,db4,usage,61,50,50,0
W-CART,W-CART:cart,6,1.5,0.06,0.182,83 114 113 77 109 116 117 75 78 82 107 112 73 74 76 79 110 111 115 84,112 83 116 113 78 79 82 114 77 107 109 117 74 81 108 115 75 76 111 73,simulation,db4,usage,61,50,50,0
ALL,W-QDA:qda,2,1.5,0.02,0.126,83 114 113 77 109 116 117 75 78 82 107 112 73 74 76 79 110 111 115 84,112 83 116 113 78 79 82 114 77 107 109 117 74 81 108 115 75 76 111 73,simulation,db4,usage,61,50,50,0
W-NN,W-NN:k=1,8,,0.06,0.17,109 110 54 83 119 87 84 85 81 107 105 78 89 112 103 104 80 72 108 53,109 110 54 83 119 87 84 85 81 107 105 78 89 112 103 104 80 72 108 53,simulation,db4,energy,62,50,50,0
W-QDA,W-QDA:qda,10,,0.02,0.078,109 110 54 83 119 87 84 85 81 107 105 78 89 112 103 104 80 72 108 53,109 110 54 83 119 87 84 85 81 107 105 78 89 112 103 104 80 72 108 53,simulation,db4,energy,62,50,50,0
W-CART,W-CART:cart,25,,0.02,0.1,109 110 54 83 119 87 84 85 81 107 105 78 89 112 103 104 80 72 108 53,109 110 54 83 119 87 84 85 81 107 105 78 89 112 103 104 80 72 108 53,simulation,db4,energy,62,50,50,0
ALL,W-QDA:qda,10,,0.02,0.078,109 110 54 83 119 87 84 85 81 107 105 78 89 112 103 104 80 72 108 53,109 110 54 83 119 87 84 85 81 107 105 78 89 112 103 104 80 72 108 53,simulation,db4,energy,62,50,50,0
W-NN,W-NN:k=5,2,1.0,0.06,0.182,108 107 109 79 80 83 112 78 81 82 84 110 106 85 105 114 77 76 111 115,108 107 109 79 80 83 112 78 81 82 84 110 106 85 105 114 77 76 111 115,simulation,db4,usage,62,50,50,0
W-QDA,W-QDA:qda,7,3.0,0.02,0.096,108 80 81 84 85 109 107 112 78 106 79 105 110 111 77 82 83 116 103 114,108 107 109 79 80 83 112 78 81 82 84 110 106 85 105 114 77 76 111 115,simulation,db4,usage,62,50,50,0
W-CART,W-CART:cart,14,3.0,0.02,0.126,108 80 81 84 85 109 107 112 78 106 79 105 110 111 77 82 83 116 103 114,108 107 109 79 80 83 112 78 81 82 84 110 106 85 105 114 77 76 111 115,simulation,db4,usage,62,50,50,0
ALL,W-QDA:qda,7,3.0,0.02,0.096,108 80 81 84 85 109 107 112 78 106 79 105 110 111 77 82 83 116 103 114,108 107 109 79 80 83 112 78 81 82 84 110 106 85 105 114 77 76 111 115,simulation,db4,usage,62,50,50,0
W-NN,W-NN:k=3,42,,0.06,0.16,113 77 119 162 72 81 71 221 112 155 56 118 117 111 105 55 87 240 79 52,113 77 119 162 72 81 71 221 112 155 56 118 117 111 105 55 87 240 79 52,simulation,db4,energy,63,50,50,0
W-QDA,W-QDA:qda,3,,0.04,0.096,113 77 119 162 72 81 71 221 112 155 56 118 117 111 105 55 87 240 79 52,113 77 119 162 72 81 71 221 112 155 56 118 117 111 105 55 87 240 79 52,simulation,db4,energy,63,50,50,0
W-CART,W-CART:cart,57,,0.06,0.152,113 77 119 162 72 81 71 221 112 155 56 118 117 111 105 55 87 240 79 52,113 77 119 162 72 81 71 221 112 155 56 118 117 111 105 55 87 240 79 52,simulation,db4,energy,63,50,50,0
ALL,W-QDA:qda,3,,0.04,0.096,113 77 119 162 72 81 71 221 112 155 56 118 117 111 105 55 87 240 79 52,113 77 119 162 72 81 71 221 112 155 56 118 117 111 105 55 87 240 79 52,simulation,db4,energy,63,50,50,0
W-NN,W-NN:k=7,4,3.0,0.02,0.076,106 115 116 73 117 74 77 72 78 111 113 75 87 112 114 118 119 76 85 104,113 114 110 115 72 111 112 77 78 109 116 117 74 75 80 81 82 73 76 118,simulation,db4,usage,63,50,50,0
W-QDA,W-QDA:qda,2,3.0,0.02,0.108,106 115 116 73 117 74 77 72 78 111 113 75 87 112 114 118 119 76 85 104,113 114 110 115 72 111 112 77 78 109 116 117 74 75 80 81 82 73 76 118,simulation,db4,usage,63,50,50,0
W-CART,W-CART:cart,5,3.0,0.02,0.168,106 115 116 73 117 74 77 72 78 111 113 75 87 112 114 118 119 76 85 104,113 114 110 115 72 111 112 77 78 109 116 117 74 75 80 81 82 73 76 118,simulation,db4,usage,63,50,50,0
ALL,W-QDA:qda,2,3.0,0.02,0.108,106 115 116 73 117 74 77 72 78 111 113 75 87 112 114 118 119 76 85 104,113 114 110 115 72 111 112 77 78 109 116 117 74 75 80 81 82 73 76 118,simulation,db4,usage,63,50,50,0
W-NN,W-NN:k=1,22,,0.06,0.158,40 221 110 80 81 27 51 88 103 75 114 87 113 76 115 116 54 74 82 44,40 221 110 80 81 27 51 88 103 75 114 87 113 76 115 116 54 74 82 44,simulation,db4,energy,64,50,50,0
W-QDA,W-QDA:qda,14,,0.04,0.076,40 221 110 80 81 27 51 88 103 75 114 87 113 76 115 116 54 74 82 44,40 221 110 80 81 27 51 88 103 75 114 87 113 76 115 116 54 74 82 44,simulation,db4,energy,64,50,50,0
W-CART,W-CART:cart,23,,0.14,0.162,40 221 110 80 81 27 51 88 103 75 114 87 113 76 115 116 54 74 82 44,40 221 110 80 81 27 51 88 103 75 114 87 113 76 115 116 54 74 82 44,simulation,db4,energy,64,50,50,0
ALL,W-QDA:qda,14,,0.04,0.076,40 221 110 80 81 27 51 88 103 75 114 87 113 76 115 116 54 74 82 44,40 221 110 80 81 27 51 88 103 75 114 87 113 76 115 116 54 74 82 44,simulation,db4,energy,64,50,50,0
W-NN,W-NN:k=3,54,0.5,0.06,0.184,79 80 110 78 109 112 77 82 84 114 115 83 111 113 222 223 76 81 107 108,80 109 82 83 111 114 78 84 112 76 108 110 113 115 75 79 81 107 116 77,simulation,db4,usage,64,50,50,0
W-QDA,W-QDA:qda,6,3.0,0.02,0.07,76 113 82 107 114 104 111 108 112 116 81 106 109 115 74 78 80 84 87 103,80 109 82 83 111 114 78 84 112 76 108 110 113 115 75 79 81 107 116 77,simulation,db4,usage,64,50,50,0
W-CART,W-CART:cart,18,2.0,0.02,0.112,114 76 113 81 109 111 115 116 82 107 108 80 83 104 106 84 105 112 75 77,80 109 82 83 111 114 78 84 112 76 108 110 113 115 75 79 81 107 116 77,simulation,db4,usage,64,50,50,0
ALL,W-QDA:qda,6,3.0,0.02,0.07,76 113 82 107 114 104 111 108 112 116 81 106 109 115 74 78 80 84 87 103,80 109 82 83 111 114 78 84 112 76 108 110 113 115 75 79 81 107 116 77,simulation,db4,usage,64,50,50,0
W-NN,W-NN:k=3,5,,0.14,0.192,107 141 41 109 83 17 84 108 54 82 75 110 105 114 70 242 115 76 77 81,107 141 41 109 83 17 84 108 54 82 75 110 105 114 70 242 115 76 77 81,simulation,db4,energy,65,50,50,0
W-QDA,W-QDA:qda,11,,0.12,0.094,107 141 41 109 83 17 84 108 54 82 75 110 105 114 70 242 115 76 77 81,107 141 41 109 83 17 84 108 54 82 75 110 105 114 70 242 115 76 77 81,simulation,db4,energy,65,50,50,0
W-CART,W-CART:cart,34,,0.1,0.136,107 141 41 109 83 17 84 108 54 82 75 110 105 114 70 242 115 76 77 81,107 141 41 109 83 17 84 108 54 82 75 110 105 114 70 242 115 76 77 81,simulation,db4,energy,65,50,50,0
ALL,W-CART:cart,34,,0.1,0.136,107 141 41 109 83 17 84 108 54 82 75 110 105 114 70 242 115 76 77 81,107 141 41 109 83 17 84 108 54 82 75 110 105 114 70 242 115 76 77 81,simulation,db4,energy,65,50,50,0
W-NN,W-NN:k=3,1,0.5,0.08,0.21,84 111 82 83 80 81 110 112 107 79 106 108 113 85 109 77 105 115 216 217,82 81 83 107 108 111 80 84 109 110 112 106 113 77 79 105 76 114 85 115,simulation,db4,usage,65,50,50,0
W-QDA,W-QDA:qda,9,0.5,0.12,0.194,84 111 82 83 80 81 110 112 107 79 106 108 113 85 109 77 105 115 216 217,82 81 83 107 108 111 80 84 109 110 112 106 113 77 79 105 76 114 85 115,simulation,db4,usage,65,50,50,0
W-CART,W-CART:cart,51,1.5,0.06,0.108,81 82 83 107 80 111 108 106 109 113 84 112 110 105 79 77 85 114 86 87,82 81 83 107 108 111 80 84 109 110 112 106 113 77 79 105 76 114 85 115,simulation,db4,usage,65,50,50,0
ALL,W-CART:cart,51,1.5,0.06,0.108,81 82 83 107 80 111 108 106 109 113 84 112 110 105 79 77 85 114 86 87,82 81 83 107 108 111 80 84 109 110 112 106 113 77 79 105 76 114 85 115,simulation,db4,usage,65,50,50,0
W-NN,W-NN:k=1,4,,0.06,0.152,163 110 74 115 76 55 58 27 78 116 109 117 75 112 106 81 214 220 86 169,163 110 74 115 76 55 58 27 78 116 109 117 75 112 106 81 214 220 86 169,simulation,db4,energy,66,50,50,0
W-QDA,W-QDA:qda,6,,0.02,0.096,163 110 74 115 76 55 58 27 78 116 109 117 75 112 106 81 214 220 86 169,163 110 74 115 76 55 58 27 78 116 109 117 75 112 106 81 214 220 86 169,simulation,db4,energy,66,50,50,0
W-CART,W-CART:cart,5,,0.06,0.198,163 110 74 115 76 55 58 27 78 116 109 117 75 112 106 81 214 220 86 169,163 110 74 115 76 55 58 27 78 116 109 117 75 112 106 81 214 220 86 169,simulation,db4,energy,66,50,50,0
ALL,W-QDA:qda,6,,0.02,0.096,163 110 74 115 76 55 58 27 78 116 109 117 75 112 106 81 214 220 86 169,163 110 74 115 76 55 58 27 78 116 109 117 75 112 106 81 214 220 86 169,simulation,db4,energy,66,50,50,0
W-NN,W-NN:k=1,24,3.0,0.0,0.11,76 105 116 77 78 85 106 75 83 84 115 117 74 79 104 114 80 81 86 103,75 83 116 74 76 80 108 78 84 107 111 114 117 77 81 85 115 154 106 109,simulation,db4,usage,66,50,50,0
W-QDA,W-QDA:qda,15,0.5,0.0,0.04,76 77 80 115 75 79 81 83 108 112 82 84 109 113 116 155 74 78 107 111,75 83 116 74 76 80 108 78 84 107 111 114 117 77 81 85 115 154 106 109,simulation,db4,usage,66,50,50,0
W-CART,W-CART:cart,6,1.0,0.04,0.102,75 83 116 74 76 80 108 78 84 107 111 114 117 77 81 85 115 154 106 109,75 83 116 74 76 80 108 78 84 107 111 114 117 77 81 85 115 154 106 109,simulation,db4,usage,66,50,50,0
ALL,W-QDA:qda,15,0.5,0.0,0.04,76 77 80 115 75 79 81 83 108 112 82 84 109 113 116 155 74 78 107 111,75 83 116 74 76 80 108 78 84 107 111 114 117 77 81 85 115 154 106 109,simulation,db4,usage,66,50,50,0
W-NN,W-NN:k=1,8,,0.06,0.068,81 109 58 103 106 36 76 105 84 119 85 86 89 87 82 108 110 75 52 104,81 109 58 103 106 36 76 105 84 119 85 86 89 87 82 108 110 75 52 104,simulation,db4,energy,67,50,50,0
W-QDA,W-QDA:qda,7,,0.06,0.076,81 109 58 103 106 36 76 105 84 119 85 86 89 87 82 108 110 75 52 104,81 109 58 103 106 36 76 105 84 119 85 86 89 87 82 108 110 75 52 104,simulation,db4,energy,67,50,50,0
W-CART,W-CART:cart,4,,0.06,0.12,81 109 58 103 106 36 76 105 84 119 85 86 89 87 82 108 110 75 52 104,81 109 58 103 106 36 76 105 84 119 85 86 89 87 82 108 110 75 52 104,simulation,db4,energy,67,50,50,0
ALL,W-CART:cart,4,,0.06,0.12,81 109 58 103 106 36 76 105 84 119 85 86 89 87 82 108 110 75 52 104,81 109 58 103 106 36 76 105 84 119 85 86 89 87 82 108 110 75 52 104,simulation,db4,energy,67,50,50,0
W-NN,W-NN:k=1,7,3.0,0.02,0.108,105 86 108 84 87 104 107 110 109 77 82 83 85 106 89 73 81 88 102 76,84 108 86 110 82 107 109 85 106 104 105 83 87 80 81 88 103 77 79 111,simulation,db4,usage,67,50,50,0
W-QDA,W-QDA:qda,1,3.0,0.02,0.098,105 86 108 84 87 104 107 110 109 77 82 83 85 106 89 73 81 88 102 76,84 108 86 110 82 107 109 85 106 104 105 83 87 80 81 88 103 77 79 111,simulation,db4,usage,67,50,50,0
W-CART,W-CART:cart,10,1.5,0.04,0.146,84 86 108 82 85 107 109 83 87 104 105 106 110 88 77 81 89 103 112 78,84 108 86 110 82 107 109 85 106 104 105 83 87 80 81 88 103 77 79 111,simulation,db4,usage,67,50,50,0
ALL,W-QDA:qda,1,3.0,0.02,0.098,105 86 108 84 87 104 107 110 109 77 82 83 85 106 89 73 81 88 102 76,84 108 86 110 82 107 109 85 106 104 105 83 87 80 81 88 103 77 79 111,simulation,db4,usage,67,50,50,0
W-NN,W-NN:k=3,3,,0.04,0.128,110 73 87 80 81 109 53 41 111 106 86 108 105 82 107 120 42 117 103 119,110 73 87 80 81 109 53 41 111 106 86 108 105 82 107 120 42 117 103 119,simulation,db4,energy,68,50,50,0
W-QDA,W-QDA:qda,3,,0.02,0.078,110 73 87 80 81 109 53 41 111 106 86 108 105 82 107 120 42 117 103 119,110 73 87 80 81 109 53 41 111 106 86 108 105 82 107 120 42 117 103 119,simulation,db4,energy,68,50,50,0
W-CART,W-CART:cart,7,,0.06,0.188,110 73 87 80 81 109 53 41 111 106 86 108 105 82 107 120 42 117 103 119,110 73 87 80 81 109 53 41 111 106 86 108 105 82 107 120 42 117 103 119,simulation,db4,energy,68,50,50,0
ALL,W-QDA:qda,3,,0.02,0.078,110 73 87 80 81 109 53 41 111 106 86 108 105 82 107 120 42 117 103 119,110 73 87 80 81 109 53 41 111 106 86 108 105 82 107 120 42 117 103 119,simulation,db4,energy,68,50,50,0
W-NN,W-NN:k=1,7,3.0,0.0,0.106,84 110 109 106 82 83 105 107 81 111 103 104 112 85 86 80 88 108 113 77,106 84 109 82 105 107 108 81 83 111 110 80 87 85 112 113 88 104 79 103,simulation,db4,usage,68,50,50,0
W-QDA,W-QDA:qda,1,1.0,0.06,0.082,106 84 109 82 105 107 108 81 83 111 110 80 87 85 112 113 88 104 79 103,106 84 109 82 105 107 108 81 83 111 110 80 87 85 112 113 88 104 79 103,simulation,db4,usage,68,50,50,0
W-CART,W-CART:cart,26,0.5,0.04,0.112,109 80 81 108 111 85 106 110 82 105 107 79 83 84 112 104 113 163 164 218,106 84 109 82 105 107 108 81 83 111 110 80 87 85 112 113 88 104 79 103,simulation,db4,usage,68,50,50,0
ALL,W-NN:k=1,7,3.0,0.0,0.106,84 110 109 106 82 83 105 107 81 111 103 104 112 85 86 80 88 108 113 77,106 84 109 82 105 107 108 81 83 111 110 80 87 85 112 113 88 104 79 103,simulation,db4,usage,68,50,50,0
W-NN,W-NN:k=1,62,,0.12,0.204,79 84 224 107 81 39 112 53 78 114 108 113 109 80 115 225 82 83 75 52,79 84 224 107 81 39 112 53 78 114 108 113 109 80 115 225 82 83 75 52,simulation,db4,energy,69,50,50,0
W-QDA,W-QDA:qda,4,,0.06,0.132,79 84 224 107 81 39 112 53 78 114 108 113 109 80 115 225 82 83 75 52,79 84 224 107 81 39 112 53 78 114 108 113 109 80 115 225 82 83 75 52,simulation,db4,energy,69,50,50,0
W-CART,W-CART:cart,55,,0.08,0.126,79 84 224 107 81 39 112 53 78 114 108 113 109 80 115 225 82 83 75 52,79 84 224 107 81 39 112 53 78 114 108 113 109 80 115 225 82 83 75 52,simulation,db4,energy,69,50,50,0
ALL,W-QDA:qda,4,,0.06,0.132,79 84 224 107 81 39 112 53 78 114 108 113 109 80 115 225 82 83 75 52,79 84 224 107 81 39 112 53 78 114 108 113 109 80 115 225 82 83 75 52,simulation,db4,energy,69,50,50,0
W-NN,W-NN:k=1,14,1.0,0.08,0.112,78 112 76 108 109 77 75 79 81 107 115 116 80 111 113 114 83 85 159 74,78 112 76 108 109 77 75 79 81 107 115 116 80 111 113 114 83 85 159 74,simulation,db4,usage,69,50,50,0
W-QDA,W-QDA:qda,23,2.0,0.06,0.122,112 77 78 108 76 113 75 107 114 80 81 83 111 115 109 79 116 82 85 110,78 112 76 108 109 77 75 79 81 107 115 116 80 111 113 114 83 85 159 74,simulation,db4,usage,69,50,50,0
W-CART,W-CART:cart,19,3.0,0.06,0.098,77 112 113 108 114 75 81 107 111 76 78 79 82 83 80 84 110 115 118 109,78 112 76 108 109 77 75 79 81 107 115 116 80 111 113 114 83 85 159 74,simulation,db4,usage,69,50,50,0
ALL,W-CART:cart,19,3.0,0.06,0.098,77 112 113 108 114 75 81 107 111 76 78 79 82 83 80 84 110 115 118 109,78 112 76 108 109 77 75 79 81 107 115 116 80 111 113 114 83 85 159 74,simulation,db4,usage,69,50,50,0
W-NN,W-NN:k=5,3,,0.08,0.116,119 86 104 106 109 72 105 42 117 73 118 103 115 107 116 85 108 75 88 111,119 86 104 106 109 72 105 42 117 73 118 103 115 107 116 85 108 75 88 111,simulation,db4,energy,70,50,50,0
W-QDA,W-QDA:qda,13,,0.02,0.026,119 86 104 106 109 72 105 42 117 73 118 103 115 107 116 85 108 75 88 111,119 86 104 106 109 72 105 42 117 73 118 103 115 107 116 85 108 75 88 111,simulation,db4,energy,70,50,50,0
W-CART,W-CART:cart,21,,0.1,0.102,119 86 104 106 109 72 105 42 117 73 118 103 115 107 116 85 108 75 88 111,119 86 104 106 109 72 105 42 117 73 118 103 115 107 116 85 108 75 88 111,simulation,db4,energy,70,50,50,0
ALL,W-QDA:qda,13,,0.02,0.026,119 86 104 106 109 72 105 42 117 73 118 103 115 107 116 85 108 75 88 111,119 86 104 106 109 72 105 42 117 73 118 103 115 107 116 85 108 75 88 111,simulation,db4,energy,70,50,50,0
W-NN,W-NN:k=1,4,1.5,0.06,0.152,108 106 82 105 107 83 110 111 76 80 81 75 77 79 84 86 104 109 113 118,82 106 107 108 109 110 80 111 81 77 84 85 105 78 83 112 75 76 86 113,simulation,db4,usage,70,50,50,0
W-QDA,W-QDA:qda,14,3.0,0.0,0.026,108 106 75 104 109 105 111 82 83 117 76 81 85 78 84 86 107 112 114 116,82 106 107 108 109 110 80 111 81 77 84 85 105 78 83 112 75 76 86 113,simulation,db4,usage,70,50,50,0
W-CART,W-CART:cart,14,1.0,0.08,0.09,82 106 107 108 109 110 80 111 81 77 84 85 105 78 83 112 75 76 86 113,82 106 107 108 109 110 80 111 81 77 84 85 105 78 83 112 75 76 86 113,simulation,db4,usage,70,50,50,0
ALL,W-QDA:qda,14,3.0,0.0,0.026,108 106 75 104 109 105 111 82 83 117 76 81 85 78 84 86 107 112 114 116,82 106 107 108 109 110 80 111 81 77 84 85 105 78 83 112 75 76 86 113,simulation,db4,usage,70,50,50,0
W-NN,W-NN:k=3,2,,0.08,0.14,51 88 74 70 117 109 111 243 75 52 116 76 73 40 71 234 79 78 80 81,51 88 74 70 117 109 111 243 75 52 116 76 73 40 71 234 79 78 80 81,simulation,db4,energy,71,50,50,0
W-QDA,W-QDA:qda,5,,0.02,0.066,51 88 74 70 117 109 111 243 75 52 116 76 73 40 71 234 79 78 80 81,51 88 74 70 117 109 111 243 75 52 116 76 73 40 71 234 79 78 80 81,simulation,db4,energy,71,50,50,0
W-CART,W-CART:cart,26,,0.06,0.116,51 88 74 70 117 109 111 243 75 52 116 76 73 40 71 234 79 78 80 81,51 88 74 70 117 109 111 243 75 52 116 76 73 40 71 234 79 78 80 81,simulation,db4,energy,71,50,50,0
ALL,W-QDA:qda,5,,0.02,0.066,51 88 74 70 117 109 111 243 75 52 116 76 73 40 71 234 79 78 80 81,51 88 74 70 117 109 111 243 75 52 116 76 73 40 71 234 79 78 80 81,simulation,db4,energy,71,50,50,0
W-NN,W-NN:k=1,29,1.5,0.08,0.134,77 79 74 76 111 112 78 108 110 113 116 80 81 115 75 83 114 82 107 117,77 112 76 113 79 81 111 74 110 115 116 78 80 83 108 114 75 82 107 84,simulation,db4,usage,71,50,50,0
W-QDA,W-QDA:qda,4,1.5,0.06,0.118,77 79 74 76 111 112 78 108 110 113 116 80 81 115 75 83 114 82 107 117,77 112 76 113 79 81 111 74 110 115 116 78 80 83 108 114 75 82 107 84,simulation,db4,usage,71,50,50,0
W-CART,W-CART:cart,28,1.5,0.04,0.092,77 79 74 76 111 112 78 108 110 113 116 80 81 115 75 83 114 82 107 117,77 112 76 113 79 81 111 74 110 115 116 78 80 83 108 114 75 82 107 84,simulation,db4,usage,71,50,50,0
ALL,W-CART:cart,28,1.5,0.04,0.092,77 79 74 76 111 112 78 108 110 113 116 80 81 115 75 83 114 82 107 117,77 112 76 113 79 81 111 74 110 115 116 78 80 83 108 114 75 82 107 84,simulation,db4,usage,71,50,50,0
W-NN,W-NN:k=1,34,,0.12,0.122,71 75 118 116 117 109 119 107 59 84 36 83 106 105 72 85 104 70 81 120,71 75 118 116 117 109 119 107 59 84 36 83 106 105 72 85 104 70 81 120,simulation,db4,energy,72,50,50,0
W-QDA,W-QDA:qda,6,,0.02,0.056,71 75 118 116 117 109 119 107 59 84 36 83 106 105 72 85 104 70 81 120,71 75 118 116 117 109 119 107 59 84 36 83 106 105 72 85 104 70 81 120,simulation,db4,energy,72,50,50,0
W-CART,W-CART:cart,40,,0.06,0.116,71 75 118 116 117 109 119 107 59 84 36 83 106 105 72 85 104 70 81 120,71 75 118 116 117 109 119 107 59 84 36 83 106 105 72 85 104 70 81 120,simulation,db4,energy,72,50,50,0
ALL,W-QDA:qda,6,,0.02,0.056,71 75 118 116 117 109 119 107 59 84 36 83 106 105 72 85 104 70 81 120,71 75 118 116 117 109 119 107 59 84 36 83 106 105 72 85 104 70 81 120,simulation,db4,energy,72,50,50,0
W-NN,W-NN:k=5,2,1.5,0.06,0.102,106 85 81 82 83 104 108 84 105 107 73 110 111 78 87 109 112 77 113 114,106 108 110 82 83 85 107 81 84 104 109 168 169 73 76 78 105 112 166 170,simulation,db4,usage,72,50,50,0
W-QDA,W-QDA:qda,1,1.0,0.1,0.122,106 108 110 82 83 85 107 81 84 104 109 168 169 73 76 78 105 112 166 170,106 108 110 82 83 85 107 81 84 104 109 168 169 73 76 78 105 112 166 170,simulation,db4,usage,72,50,50,0
W-CART,W-CART:cart,36,3.0,0.06,0.116,85 106 81 110 84 107 83 104 111 82 105 108 118 119 72 73 78 86 109 112,106 108 110 82 83 85 107 81 84 104 109 168 169 73 76 78 105 112 166 170,simulation,db4,usage,72,50,50,0
ALL,W-NN:k=5,2,1.5,0.06,0.102,106 85 81 82 83 104 108 84 105 107 73 110 111 78 87 109 112 77 113 114,106 108 110 82 83 85 107 81 84 104 109 168 169 73 76 78 105 112 166 170,simulation,db4,usage,72,50,50,0
W-NN,W-NN:k=5,24,,0.04,0.118,226 116 37 112 79 117 39 157 81 84 71 83 82 115 74 118 225 110 108 89,226 116 37 112 79 117 39 157 81 84 71 83 82 115 74 118 225 110 108 89,simulation,db4,energy,73,50,50,0
W-QDA,W-QDA:qda,14,,0.02,0.082,226 116 37 112 79 117 39 157 81 84 71 83 82 115 74 118 225 110 108 89,226 116 37 112 79 117 39 157 81 84 71 83 82 115 74 118 225 110 108 89,simulation,db4,energy,73,50,50,0
W-CART,W-CART:cart,11,,0.06,0.112,226 116 37 112 79 117 39 157 81 84 71 83 82 115 74 118 225 110 108 89,226 116 37 112 79 117 39 157 81 84 71 83 82 115 74 118 225 110 108 89,simulation,db4,energy,73,50,50,0
ALL,W-QDA:qda,14,,0.02,0.082,226 116 37 112 79 117 39 157 81 84 71 83 82 115 74 118 225 110 108 89,226 116 37 112 79 117 39 157 81 84 71 83 82 115 74 118 225 110 108 89,simulation,db4,energy,73,50,50,0
W-NN,W-NN:k=1,4,1.5,0.02,0.142,82 81 107 79 106 113 114 115 83 84 105 111 117 75 76 86 108 110 74 77,79 113 81 82 83 107 114 76 77 78 84 106 115 75 105 110 111 112 117 80,simulation,db4,usage,73,50,50,0
W-QDA,W-QDA:qda,6,1.5,0.06,0.106,82 81 107 79 106 113 114 115 83 84 105 111 117 75 76 86 108 110 74 77,79 113 81 82 83 107 114 76 77 78 84 106 115 75 105 110 111 112 117 80,simulation,db4,usage,73,50,50,0
W-CART,W-CART:cart,3,3.0,0.06,0.08,81 83 105 106 107 110 84 108 117 82 85 115 104 109 114 118 74 78 75 80,79 113 81 82 83 107 114 76 77 78 84 106 115 75 105 110 111 112 117 80,simulation,db4,usage,73,50,50,0
ALL,W-NN:k=1,4,1.5,0.02,0.142,82 81 107 79 106 113 114 115 83 84 105 111 117 75 76 86 108 110 74 77,79 113 81 82 83 107 114 76 77 78 84 106 115 75 105 110 111 112 117 80,simulation,db4,usage,73,50,50,0
W-NN,W-NN:k=1,8,,0.06,0.092,88 108 57 82 103 75 102 107 81 116 71 110 109 115 83 114 76 72 152 77,88 108 57 82 103 75 102 107 81 116 71 110 109 115 83 114 76 72 152 77,simulation,db4,energy,74,50,50,0
W-QDA,W-QDA:qda,21,,0.02,0.022,88 108 57 82 103 75 102 107 81 116 71 110 109 115 83 114 76 72 152 77,88 108 57 82 103 75 102 107 81 116 71 110 109 115 83 114 76 72 152 77,simulation,db4,energy,74,50,50,0
W-CART,W-CART:cart,8,,0.06,0.11,88 108 57 82 103 75 102 107 81 116 71 110 109 115 83 114 76 72 152 77,88 108 57 82 103 75 102 107 81 116 71 110 109 115 83 114 76 72 152 77,simulation,db4,energy,74,50,50,0
ALL,W-QDA:qda,21,,0.02,0.022,88 108 57 82 103 75 102 107 81 116 71 110 109 115 83 114 76 72 152 77,88 108 57 82 103 75 102 107 81 116 71 110 109 115 83 114 76 72 152 77,simulation,db4,energy,74,50,50,0
W-NN,W-NN:k=3,11,1.5,0.0,0.164,84 78 83 80 81 82 105 106 112 79 85 108 110 117 107 109 111 113 116 87,84 78 110 81 108 112 80 83 106 109 114 79 105 77 82 85 107 113 75 111,simulation,db4,usage,74,50,50,0
W-QDA,W-QDA:qda,12,0.5,0.02,0.064,109 110 114 81 78 84 108 112 80 107 113 77 85 79 83 105 111 76 82 106,84 78 110 81 108 112 80 83 106 109 114 79 105 77 82 85 107 113 75 111,simulation,db4,usage,74,50,50,0
W-CART,W-CART:cart,62,1.0,0.08,0.128,84 78 110 81 108 112 80 83 106 109 114 79 105 77 82 85 107 113 75 111,84 78 110 81 108 112 80 83 106 109 114 79 105 77 82 85 107 113 75 111,simulation,db4,usage,74,50,50,0
ALL,W-NN:k=3,11,1.5,0.0,0.164,84 78 83 80 81 82 105 106 112 79 85 108 110 117 107 109 111 113 116 87,84 78 110 81 108 112 80 83 106 109 114 79 105 77 82 85 107 113 75 111,simulation,db4,usage,74,50,50,0
W-NN,W-NN:k=1,14,,0.08,0.134,107 108 111 116 83 109 74 84 106 110 115 82 117 39 85 75 78 76 54 73,107 108 111 116 83 109 74 84 106 110 115 82 117 39 85 75 78 76 54 73,simulation,db4,energy,75,50,50,0
W-QDA,W-QDA:qda,8,,0.04,0.096,107 108 111 116 83 109 74 84 106 110 115 82 117 39 85 75 78 76 54 73,107 108 111 116 83 109 74 84 106 110 115 82 117 39 85 75 78 76 54 73,simulation,db4,energy,75,50,50,0
W-CART,W-CART:cart,42,,0.06,0.138,107 108 111 116 83 109 74 84 106 110 115 82 117 39 85 75 78 76 54 73,107 108 111 116 83 109 74 84 106 110 115 82 117 39 85 75 78 76 54 73,simulation,db4,energy,75,50,50,0
ALL,W-QDA:qda,8,,0.04,0.096,107 108 111 116 83 109 74 84 106 110 115 82 117 39 85 75 78 76 54 73,107 108 111 116 83 109 74 84 106 110 115 82 117 39 85 75 78 76 54 73,simulation,db4,energy,75,50,50,0
W-NN,W-NN:k=1,16,2.0,0.12,0.188,80 78 79 109 112 114 83 108 110 111 113 115 77 107 75 76 116 73 82 117,109 112 79 80 82 110 111 114 76 77 78 83 75 108 115 113 81 107 117 74,simulation,db4,usage,75,50,50,0
W-QDA,W-QDA:qda,18,0.5,0.02,0.092,111 80 82 83 110 77 109 79 108 114 78 112 113 115 75 76 81 84 107 163,109 112 79 80 82 110 111 114 76 77 78 83 75 108 115 113 81 107 117 74,simulation,db4,usage,75,50,50,0
W-CART,W-CART:cart,37,1.0,0.06,0.138,109 112 79 80 82 110 111 114 76 77 78 83 75 108 115 113 81 107 117 74,109 112 79 80 82 110 111 114 76 77 78 83 75 108 115 113 81 107 117 74,simulation,db4,usage,75,50,50,0
ALL,W-QDA:qda,18,0.5,0.02,0.092,111 80 82 83 110 77 109 79 108 114 78 112 113 115 75 76 81 84 107 163,109 112 79 80 82 110 111 114 76 77 78 83 75 108 115 113 81 107 117 74,simulation,db4,usage,75,50,50,0
W-NN,W-NN:k=1,3,,0.04,0.128,84 78 106 112 113 53 85 111 71 119 82 70 77 83 80 213 79 107 226 108,84 78 106 112 113 53 85 111 71 119 82 70 77 83 80 213 79 107 226 108,simulation,db4,energy,76,50,50,0
W-QDA,W-QDA:qda,9,,0.02,0.05,84 78 106 112 113 53 85 111 71 119 82 70 77 83 80 213 79 107 226 108,84 78 106 112 113 53 85 111 71 119 82 70 77 83 80 213 79 107 226 108,simulation,db4,energy,76,50,50,0
W-CART,W-CART:cart,24,,0.06,0.126,84 78 106 112 113 53 85 111 71 119 82 70 77 83 80 213 79 107 226 108,84 78 106 112 113 53 85 111 71 119 82 70 77 83 80 213 79 107 226 108,simulation,db4,energy,76,50,50,0
ALL,W-QDA:qda,9,,0.02,0.05,84 78 106 112 113 53 85 111 71 119 82 70 77 83 80 213 79 107 226 108,84 78 106 112 113 53 85 111 71 119 82 70 77 83 80 213 79 107 226 108,simulation,db4,energy,76,50,50,0
W-NN,W-NN:k=1,16,0.5,0.08,0.17,111 82 109 112 113 77 79 80 83 78 84 108 110 81 75 106 115 74 85 114,111 112 78 80 82 110 113 77 79 108 81 83 109 75 114 85 115 84 106 74,simulation,db4,usage,76,50,50,0
W-QDA,W-QDA:qda,21,3.0,0.04,0.066,112 78 82 111 113 77 79 80 110 114 83 84 109 76 106 108 85 115 105 107,111 112 78 80 82 110 113 77 79 108 81 83 109 75 114 85 115 84 106 74,simulation,db4,usage,76,50,50,0
W-CART,W-CART:cart,32,3.0,0.06,0.126,112 78 82 111 113 77 79 80 110 114 83 84 109 76 106 108 85 115 105 107,111 112 78 80 82 110 113 77 79 108 81 83 109 75 114 85 115 84 106 74,simulation,db4,usage,76,50,50,0
ALL,W-QDA:qda,21,3.0,0.04,0.066,112 78 82 111 113 77 79 80 110 114 83 84 109 76 106 108 85 115 105 107,111 112 78 80 82 110 113 77 79 108 81 83 109 75 114 85 115 84 106 74,simulation,db4,usage,76,50,50,0
W-NN,W-NN:k=5,18,,0.08,0.104,110 161 40 81 443 323 162 324 80 109 79 111 83 82 119 106 74 115 58 72,110 161 40 81 443 323 162 324 80 109 79 111 83 82 119 106 74 115 58 72,simulation,db4,energy,77,50,50,0
W-QDA,W-QDA:qda,19,,0.12,0.136,110 161 40 81 443 323 162 324 80 109 79 111 83 82 119 106 74 115 58 72,110 161 40 81 443 323 162 324 80 109 79 111 83 82 119 106 74 115 58 72,simulation,db4,energy,77,50,50,0
W-CART,W-CART:cart,18,,0.1,0.104,110 161 40 81 443 323 162 324 80 109 79 111 83 82 119 106 74 115 58 72,110 161 40 81 443 323 162 324 80 109 79 111 83 82 119 106 74 115 58 72,simulation,db4,energy,77,50,50,0
ALL,W-NN:k=5,18,,0.08,0.104,110 161 40 81 443 323 162 324 80 109 79 111 83 82 119 106 74 115 58 72,110 161 40 81 443 323 162 324 80 109 79 111 83 82 119 106 74 115 58 72,simulation,db4,energy,77,50,50,0
W-NN,W-NN:k=1,10,3.0,0.04,0.106,109 76 110 77 114 81 83 106 115 74 75 79 80 82 84 111 113 116 72 73,77 109 110 114 76 112 113 78 79 80 83 81 107 111 115 74 82 108 75 85,simulation,db4,usage,77,50,50,0
W-QDA,W-QDA:qda,11,3.0,0.04,0.054,109 76 110 77 114 81 83 106 115 74 75 79 80 82 84 111 113 116 72 73,77 109 110 114 76 112 113 78 79 80 83 81 107 111 115 74 82 108 75 85,simulation,db4,usage,77,50,50,0
W-CART,W-CART:cart,21,3.0,0.06,0.118,109 76 110 77 114 81 83 106 115 74 75 79 80 82 84 111 113 116 72 73,77 109 110 114 76 112 113 78 79 80 83 81 107 111 115 74 82 108 75 85,simulation,db4,usage,77,50,50,0
ALL,W-NN:k=1,10,3.0,0.04,0.106,109 76 110 77 114 81 83 106 115 74 75 79 80 82 84 111 113 116 72 73,77 109 110 114 76 112 113 78 79 80 83 81 107 111 115 74 82 108 75 85,simulation,db4,usage,77,50,50,0
W-NN,W-NN:k=1,2,,0.08,0.162,106 81 109 110 170 80 111 85 107 55 108 84 40 54 112 113 41 53 39 76,106 81 109 110 170 80 111 85 107 55 108 84 40 54 112 113 41 53 39 76,simulation,db4,energy,78,50,50,0
W-QDA,W-QDA:qda,2,,0.08,0.132,106 81 109 110 170 80 111 85 107 55 108 84 40 54 112 113 41 53 39 76,106 81 109 110 170 80 111 85 107 55 108 84 40 54 112 113 41 53 39 76,simulation,db4,energy,78,50,50,0
W-CART,W-CART:cart,8,,0.1,0.126,106 81 109 110 170 80 111 85 107 55 108 84 40 54 112 113 41 53 39 76,106 81 109 110 170 80 111 85 107 55 108 84 40 54 112 113 41 53 39 76,simulation,db4,energy,78,50,50,0
ALL,W-NN:k=1,2,,0.08,0.162,106 81 109 110 170 80 111 85 107 55 108 84 40 54 112 113 41 53 39 76,106 81 109 110 170 80 111 85 107 55 108 84 40 54 112 113 41 53 39 76,simulation,db4,energy,78,50,50,0
W-NN,W-NN:k=1,53,1.0,0.06,0.16,80 81 83 108 109 79 110 112 84 107 111 113 82 106 114 78 85 104 105 116,80 81 83 108 109 79 110 112 84 107 111 113 82 106 114 78 85 104 105 116,simulation,db4,usage,78,50,50,0
W-QDA,W-QDA:qda,14,3.0,0.04,0.058,106 81 83 107 110 84 111 80 85 112 116 113 114 76 108 117 104 105 109 115,80 81 83 108 109 79 110 112 84 107 111 113 82 106 114 78 85 104 105 116,simulation,db4,usage,78,50,50,0
W-CART,W-CART:cart,7,1.5,0.08,0.19,108 80 112 81 83 110 107 111 84 109 113 85 106 79 114 116 82 104 105 76,80 81 83 108 109 79 110 112 84 107 111 113 82 106 114 78 85 104 105 116,simulation,db4,usage,78,50,50,0
ALL,W-QDA:qda,14,3.0,0.04,0.058,106 81 83 107 110 84 111 80 85 112 116 113 114 76 108 117 104 105 109 115,80 81 83 108 109 79 110 112 84 107 111 113 82 106 114 78 85 104 105 116,simulation,db4,usage,78,50,50,0
W-NN,W-NN:k=9,1,,0.06,0.152,120 81 82 116 71 35 75 110 117 109 111 83 74 114 70 108 58 54 77 80,120 81 82 116 71 35 75 110 117 109 111 83 74 114 70 108 58 54 77 80,simulation,db4,energy,79,50,50,0
W-QDA,W-QDA:qda,12,,0.04,0.052,120 81 82 116 71 35 75 110 117 109 111 83 74 114 70 108 58 54 77 80,120 81 82 116 71 35 75 110 117 109 111 83 74 114 70 108 58 54 77 80,simulation,db4,energy,79,50,50,0
W-CART,W-CART:cart,14,,0.06,0.096,120 81 82 116 71 35 75 110 117 109 111 83 74 114 70 108 58 54 77 80,120 81 82 116 71 35 75 110 117 109 111 83 74 114 70 108 58 54 77 80,simulation,db4,energy,79,50,50,0
ALL,W-QDA:qda,12,,0.04,0.052,120 81 82 116 71 35 75 110 117 109 111 83 74 114 70 108 58 54 77 80,120 81 82 116 71 35 75 110 117 109 111 83 74 114 70 108 58 54 77 80,simulation,db4,energy,79,50,50,0
W-NN,W-NN:k=1,29,3.0,0.08,0.13,77 112 116 117 76 79 81 83 109 110 115 118 80 82 84 114 78 111 75 107,80 78 77 112 79 82 81 110 111 114 116 76 83 113 115 84 74 109 117 108,simulation,db4,usage,79,50,50,0
W-QDA,W-QDA:qda,7,2.0,0.04,0.108,76 77 112 81 115 78 83 110 116 74 80 117 79 82 109 111 118 75 84 113,80 78 77 112 79 82 81 110 111 114 116 76 83 113 115 84 74 109 117 108,simulation,db4,usage,79,50,50,0
W-CART,W-CART:cart,17,2.0,0.08,0.118,76 77 112 81 115 78 83 110 116 74 80 117 79 82 109 111 118 75 84 113,80 78 77 112 79 82 81 110 111 114 116 76 83 113 115 84 74 109 117 108,simulation,db4,usage,79,50,50,0
ALL,W-QDA:qda,7,2.0,0.04,0.108,76 77 112 81 115 78 83 110 116 74 80 117 79 82 109 111 118 75 84 113,80 78 77 112 79 82 81 110 111 114 116 76 83 113 115 84 74 109 117 108,simulation,db4,usage,79,50,50,0
W-NN,W-NN:k=1,8,,0.08,0.126,114 115 80 72 76 55 154 118 105 113 74 117 106 84 116 78 104 121 107 153,114 115 80 72 76 55 154 118 105 113 74 117 106 84 116 78 104 121 107 153,simulation,db4,energy,80,50,50,0
W-QDA,W-QDA:qda,14,,0.02,0.052,114 115 80 72 76 55 154 118 105 113 74 117 106 84 116 78 104 121 107 153,114 115 80 72 76 55 154 118 105 113 74 117 106 84 116 78 104 121 107 153,simulation,db4,energy,80,50,50,0
W-CART,W-CART:cart,63,,0.04,0.152,114 115 80 72 76 55 154 118 105 113 74 117 106 84 116 78 104 121 107 153,114 115 80 72 76 55 154 118 105 113 74 117 106 84 116 78 104 121 107 153,simulation,db4,energy,80,50,50,0
ALL,W-QDA:qda,14,,0.02,0.052,114 115 80 72 76 55 154 118 105 113 74 117 106 84 116 78 104 121 107 153,114 115 80 72 76 55 154 118 105 113 74 117 106 84 116 78 104 121 107 153,simulation,db4,energy,80,50,50,0
W-NN,W-NN:k=1,6,1.0,0.04,0.204,113 114 76 77 78 83 115 75 116 74 79 107 111 112 117 72 80 109 73 81,113 114 76 77 78 83 115 75 116 74 79 107 111 112 117 72 80 109 73 81,simulation,db4,usage,80,50,50,0
W-QDA,W-QDA:qda,15,2.0,0.02,0.074,78 114 79 115 116 74 75 77 113 72 76 117 84 107 108 109 110 112 81 111,113 114 76 77 78 83 115 75 116 74 79 107 111 112 117 72 80 109 73 81,simulation,db4,usage,80,50,50,0
W-CART,W-CART:cart,6,3.0,0.04,0.13,78 79 115 74 116 117 76 114 112 113 72 77 81 83 84 73 75 107 111 80,113 114 76 77 78 83 115 75 116 74 79 107 111 112 117 72 80 109 73 81,simulation,db4,usage,80,50,50,0
ALL,W-QDA:qda,15,2.0,0.02,0.074,78 114 79 115 116 74 75 77 113 72 76 117 84 107 108 109 110 112 81 111,113 114 76 77 78 83 115 75 116 74 79 107 111 112 117 72 80 109 73 81,simulation,db4,usage,80,50,50,0
W-NN,W-NN:k=5,38,,0.04,0.206,114 77 117 75 58 41 109 82 79 80 113 108 110 112 76 111 118 81 52 116,114 77 117 75 58 41 109 82 79 80 113 108 110 112 76 111 118 81 52 116,simulation,db4,energy,81,50,50,0
W-QDA,W-QDA:qda,3,,0.04,0.084,114 77 117 75 58 41 109 82 79 80 113 108 110 112 76 111 118 81 52 116,114 77 117 75 58 41 109 82 79 80 113 108 110 112 76 111 118 81 52 116,simulation,db4,energy,81,50,50,0
W-CART,W-CART:cart,30,,0.04,0.144,114 77 117 75 58 41 109 82 79 80 113 108 110 112 76 111 118 81 52 116,114 77 117 75 58 41 109 82 79 80 113 108 110 112 76 111 118 81 52 116,simulation,db4,energy,81,50,50,0
ALL,W-QDA:qda,3,,0.04,0.084,114 77 117 75 58 41 109 82 79 80 113 108 110 112 76 111 118 81 52 116,114 77 117 75 58 41 109 82 79 80 113 108 110 112 76 111 118 81 52 116,simulation,db4,energy,81,50,50,0
W-NN,W-NN:k=1,23,2.0,0.02,0.146,113 77 109 110 112 78 81 82 76 108 114 75 115 79 111 80 83 74 116 117,81 80 76 110 114 77 79 108 111 113 82 109 112 78 116 115 75 83 74 107,simulation,db4,usage,81,50,50,0
W-QDA,W-QDA:qda,17,0.5,0.02,0.062,81 77 82 110 80 109 111 112 78 114 79 108 76 113 107 116 74 75 83 115,81 80 76 110 114 77 79 108 111 113 82 109 112 78 116 115 75 83 74 107,simulation,db4,usage,81,50,50,0
W-CART,W-CART:cart,26,1.5,0.04,0.132,113 109 112 76 78 80 82 108 110 111 114 77 81 79 75 116 115 74 83 107,81 80 76 110 114 77 79 108 111 113 82 109 112 78 116 115 75 83 74 107,simulation,db4,usage,81,50,50,0
ALL,W-QDA:qda,17,0.5,0.02,0.062,81 77 82 110 80 109 111 112 78 114 79 108 76 113 107 116 74 75 83 115,81 80 76 110 114 77 79 108 111 113 82 109 112 78 116 115 75 83 74 107,simulation,db4,usage,81,50,50,0
W-NN,W-NN:k=3,5,,0.02,0.194,117 234 58 296 73 235 14 297 110 148 81 74 86 59 118 111 116 82 470 80,117 234 58 296 73 235 14 297 110 148 81 74 86 59 118 111 116 82 470 80,simulation,db4,energy,82,50,50,0
W-QDA,W-QDA:qda,23,,0.02,0.062,117 234 58 296 73 235 14 297 110 148 81 74 86 59 118 111 116 82 470 80,117 234 58 296 73 235 14 297 110 148 81 74 86 59 118 111 116 82 470 80,simulation,db4,energy,82,50,50,0
W-CART,W-CART:cart,2,,0.06,0.128,117 234 58 296 73 235 14 297 110 148 81 74 86 59 118 111 116 82 470 80,117 234 58 296 73 235 14 297 110 148 81 74 86 59 118 111 116 82 470 80,simulation,db4,energy,82,50,50,0
ALL,W-NN:k=3,5,,0.02,0.194,117 234 58 296 73 235 14 297 110 148 81 74 86 59 118 111 116 82 470 80,117 234 58 296 73 235 14 297 110 148 81 74 86 59 118 111 116 82 470 80,simulation,db4,energy,82,50,50,0
W-NN,W-NN:k=1,14,2.0,0.04,0.156,81 111 110 112 80 73 109 113 116 85 108 78 82 83 107 115 117 79 84 114,112 82 80 109 110 111 81 79 108 113 117 78 83 106 116 84 107 114 75 77,simulation,db4,usage,82,50,50,0
W-QDA,W-QDA:qda,11,2.0,0.0,0.082,81 111 110 112 80 73 109 113 116 85 108 78 82 83 107 115 117 79 84 114,112 82 80 109 110 111 81 79 108 113 117 78 83 106 116 84 107 114 75 77,simulation,db4,usage,82,50,50,0
W-CART,W-CART:cart,37,1.0,0.02,0.128,112 82 80 109 110 111 81 79 108 113 117 78 83 106 116 84 107 114 75 77,112 82 80 109 110 111 81 79 108 113 117 78 83 106 116 84 107 114 75 77,simulation,db4,usage,82,50,50,0
ALL,W-QDA:qda,11,2.0,0.0,0.082,81 111 110 112 80 73 109 113 116 85 108 78 82 83 107 115 117 79 84 114,112 82 80 109 110 111 81 79 108 113 117 78 83 106 116 84 107 114 75 77,simulation,db4,usage,82,50,50,0
W-NN,W-NN:k=1,54,,0.1,0.15,75 117 73 74 118 72 116 76 114 71 119 43 37 115 106 77 58 85 112 232,75 117 73 74 118 72 116 76 114 71 119 43 37 115 106 77 58 85 112 232,simulation,db4,energy,83,50,50,0
W-QDA,W-QDA:qda,3,,0.16,0.072,75 117 73 74 118 72 116 76 114 71 119 43 37 115 106 77 58 85 112 232,75 117 73 74 118 72 116 76 114 71 119 43 37 115 106 77 58 85 112 232,simulation,db4,energy,83,50,50,0
W-CART,W-CART:cart,21,,0.1,0.108,75 117 73 74 118 72 116 76 114 71 119 43 37 115 106 77 58 85 112 232,75 117 73 74 118 72 116 76 114 71 119 43 37 115 106 77 58 85 112 232,simulation,db4,energy,83,50,50,0
ALL,W-CART:cart,21,,0.1,0.108,75 117 73 74 118 72 116 76 114 71 119 43 37 115 106 77 58 85 112 232,75 117 73 74 118 72 116 76 114 71 119 43 37 115 106 77 58 85 112 232,simulation,db4,energy,83,50,50,0
W-NN,W-NN:k=1,47,3.0,0.08,0.188,73 74 76 72 75 77 118 115 114 112 116 117 111 119 78 113 71 79 109 84,74 115 78 114 75 81 116 77 112 117 76 110 73 79 82 118 71 72 113 119,simulation,db4,usage,83,50,50,0
W-QDA,W-QDA:qda,1,3.0,0.14,0.108,73 74 76 72 75 77 118 115 114 112 116 117 111 119 78 113 71 79 109 84,74 115 78 114 75 81 116 77 112 117 76 110 73 79 82 118 71 72 113 119,simulation,db4,usage,83,50,50,0
W-CART,W-CART:cart,34,1.5,0.08,0.104,74 115 116 75 76 77 78 73 112 114 71 118 72 81 117 119 79 80 82 111,74 115 78 114 75 81 116 77 112 117 76 110 73 79 82 118 71 72 113 119,simulation,db4,usage,83,50,50,0
ALL,W-CART:cart,34,1.5,0.08,0.104,74 115 116 75 76 77 78 73 112 114 71 118 72 81 117 119 79 80 82 111,74 115 78 114 75 81 116 77 112 117 76 110 73 79 82 118 71 72 113 119,simulation,db4,usage,83,50,50,0
W-NN,W-NN:k=1,12,,0.04,0.078,115 116 113 114 39 75 38 104 37 107 108 105 103 43 84 117 121 70 83 76,115 116 113 114 39 75 38 104 37 107 108 105 103 43 84 117 121 70 83 76,simulation,db4,energy,84,50,50,0
W-QDA,W-QDA:qda,20,,0.08,0.062,115 116 113 114 39 75 38 104 37 107 108 105 103 43 84 117 121 70 83 76,115 116 113 114 39 75 38 104 37 107 108 105 103 43 84 117 121 70 83 76,simulation,db4,energy,84,50,50,0
W-CART,W-CART:cart,13,,0.06,0.134,115 116 113 114 39 75 38 104 37 107 108 105 103 43 84 117 121 70 83 76,115 116 113 114 39 75 38 104 37 107 108 105 103 43 84 117 121 70 83 76,simulation,db4,energy,84,50,50,0
ALL,W-NN:k=1,12,,0.04,0.078,115 116 113 114 39 75 38 104 37 107 108 105 103 43 84 117 121 70 83 76,115 116 113 114 39 75 38 104 37 107 108 105 103 43 84 117 121 70 83 76,simulation,db4,energy,84,50,50,0
W-NN,W-NN:k=3,7,2.0,0.04,0.098,83 116 84 77 106 80 81 82 85 104 105 114 76 107 115 74 79 87 108 110,77 81 83 108 113 114 76 78 80 84 79 82 85 86 106 110 112 87 104 105,simulation,db4,usage,84,50,50,0
W-QDA,W-QDA:qda,6,2.0,0.0,0.064,83 116 84 77 106 80 81 82 85 104 105 114 76 107 115 74 79 87 108 110,77 81 83 108 113 114 76 78 80 84 79 82 85 86 106 110 112 87 104 105,simulation,db4,usage,84,50,50,0
W-CART,W-CART:cart,8,3.0,0.04,0.124,83 116 82 84 81 104 105 115 77 106 107 88 103 108 110 114 78 79 85 87,77 81 83 108 113 114 76 78 80 84 79 82 85 86 106 110 112 87 104 105,simulation,db4,usage,84,50,50,0
ALL,W-QDA:qda,6,2.0,0.0,0.064,83 116 84 77 106 80 81 82 85 104 105 114 76 107 115 74 79 87 108 110,77 81 83 108 113 114 76 78 80 84 79 82 85 86 106 110 112 87 104 105,simulation,db4,usage,84,50,50,0
W-NN,W-NN:k=1,3,,0.06,0.138,83 84 113 81 108 82 76 77 105 88 103 109 86 75 107 80 114 115 116 106,83 84 113 81 108 82 76 77 105 88 103 109 86 75 107 80 114 115 116 106,simulation,db4,energy,85,50,50,0
W-QDA,W-QDA:qda,14,,0.02,0.06,83 84 113 81 108 82 76 77 105 88 103 109 86 75 107 80 114 115 116 106,83 84 113 81 108 82 76 77 105 88 103 109 86 75 107 80 114 115 116 106,simulation,db4,energy,85,50,50,0
W-CART,W-CART:cart,3,,0.04,0.15,83 84 113 81 108 82 76 77 105 88 103 109 86 75 107 80 114 115 116 106,83 84 113 81 108 82 76 77 105 88 103 109 86 75 107 80 114 115 116 106,simulation,db4,energy,85,50,50,0
ALL,W-QDA:qda,14,,0.02,0.06,83 84 113 81 108 82 76 77 105 88 103 109 86 75 107 80 114 115 116 106,83 84 113 81 108 82 76 77 105 88 103 109 86 75 107 80 114 115 116 106,simulation,db4,energy,85,50,50,0
W-NN,W-NN:k=1,8,3.0,0.0,0.132,83 108 84 109 79 80 107 75 77 78 82 112 115 81 106 113 116 117 110 111,79 83 112 107 108 80 84 109 113 77 81 82 106 105 111 114 78 110 85 75,simulation,db4,usage,85,50,50,0
W-QDA,W-QDA:qda,14,3.0,0.06,0.088,83 108 84 109 79 80 107 75 77 78 82 112 115 81 106 113 116 117 110 111,79 83 112 107 108 80 84 109 113 77 81 82 106 105 111 114 78 110 85 75,simulation,db4,usage,85,50,50,0
W-CART,W-CART:cart,5,3.0,0.04,0.134,83 108 84 109 79 80 107 75 77 78 82 112 115 81 106 113 116 117 110 111,79 83 112 107 108 80 84 109 113 77 81 82 106 105 111 114 78 110 85 75,simulation,db4,usage,85,50,50,0
ALL,W-NN:k=1,8,3.0,0.0,0.132,83 108 84 109 79 80 107 75 77 78 82 112 115 81 106 113 116 117 110 111,79 83 112 107 108 80 84 109 113 77 81 82 106 105 111 114 78 110 85 75,simulation,db4,usage,85,50,50,0
W-NN,W-NN:k=1,16,,0.08,0.12,81 110 107 84 72 106 82 108 111 85 83 79 70 109 113 118 112 120 71 78,81 110 107 84 72 106 82 108 111 85 83 79 70 109 113 118 112 120 71 78,simulation,db4,energy,86,50,50,0
W-QDA,W-QDA:qda,6,,0.06,0.08,81 110 107 84 72 106 82 108 111 85 83 79 70 109 113 118 112 120 71 78,81 110 107 84 72 106 82 108 111 85 83 79 70 109 113 118 112 120 71 78,simulation,db4,energy,86,50,50,0
W-CART,W-CART:cart,23,,0.08,0.146,81 110 107 84 72 106 82 108 111 85 83 79 70 109 113 118 112 120 71 78,81 110 107 84 72 106 82 108 111 85 83 79 70 109 113 118 112 120 71 78,simulation,db4,energy,86,50,50,0
ALL,W-QDA:qda,6,,0.06,0.08,81 110 107 84 72 106 82 108 111 85 83 79 70 109 113 118 112 120 71 78,81 110 107 84 72 106 82 108 111 85 83 79 70 109 113 118 112 120 71 78,simulation,db4,energy,86,50,50,0
W-NN,W-NN:k=3,22,3.0,0.1,0.134,79 107 112 106 81 108 109 84 115 78 80 82 83 85 105 110 111 113 73 76,108 111 82 109 78 79 81 107 112 76 84 110 83 106 75 77 85 113 115 80,simulation,db4,usage,86,50,50,0
W-QDA,W-QDA:qda,4,3.0,0.08,0.116,79 107 112 106 81 108 109 84 115 78 80 82 83 85 105 110 111 113 73 76,108 111 82 109 78 79 81 107 112 76 84 110 83 106 75 77 85 113 115 80,simulation,db4,usage,86,50,50,0
W-CART,W-CART:cart,4,3.0,0.06,0.166,79 107 112 106 81 108 109 84 115 78 80 82 83 85 105 110 111 113 73 76,108 111 82 109 78 79 81 107 112 76 84 110 83 106 75 77 85 113 115 80,simulation,db4,usage,86,50,50,0
ALL,W-CART:cart,4,3.0,0.06,0.166,79 107 112 106 81 108 109 84 115 78 80 82 83 85 105 110 111 113 73 76,108 111 82 109 78 79 81 107 112 76 84 110 83 106 75 77 85 113 115 80,simulation,db4,usage,86,50,50,0
W-NN,W-NN:k=3,2,,0.1,0.106,87 104 114 37 109 116 76 52 113 77 108 115 117 120 72 86 71 88 154 107,87 104 114 37 109 116 76 52 113 77 108 115 117 120 72 86 71 88 154 107,simulation,db4,energy,87,50,50,0
W-QDA,W-QDA:qda,8,,0.02,0.038,87 104 114 37 109 116 76 52 113 77 108 115 117 120 72 86 71 88 154 107,87 104 114 37 109 116 76 52 113 77 108 115 117 120 72 86 71 88 154 107,simulation,db4,energy,87,50,50,0
W-CART,W-CART:cart,16,,0.04,0.106,87 104 114 37 109 116 76 52 113 77 108 115 117 120 72 86 71 88 154 107,87 104 114 37 109 116 76 52 113 77 108 115 117 120 72 86 71 88 154 107,simulation,db4,energy,87,50,50,0
ALL,W-QDA:qda,8,,0.02,0.038,87 104 114 37 109 116 76 52 113 77 108 115 117 120 72 86 71 88 154 107,87 104 114 37 109 116 76 52 113 77 108 115 117 120 72 86 71 88 154 107,simulation,db4,energy,87,50,50,0
W-NN,W-NN:k=3,1,2.0,0.08,0.16,75 113 74 109 112 114 79 80 108 116 76 77 111 73 110 115 78 81 83 117,78 79 115 74 76 80 111 112 113 75 109 114 77 81 116 72 73 108 110 82,simulation,db4,usage,87,50,50,0
W-QDA,W-QDA:qda,3,3.0,0.06,0.092,113 109 73 74 110 115 75 77 83 112 116 76 78 80 108 111 114 72 79 81,78 79 115 74 76 80 111 112 113 75 109 114 77 81 116 72 73 108 110 82,simulation,db4,usage,87,50,50,0
W-CART,W-CART:cart,23,3.0,0.02,0.112,113 109 73 74 110 115 75 77 83 112 116 76 78 80 108 111 114 72 79 81,78 79 115 74 76 80 111 112 113 75 109 114 77 81 116 72 73 108 110 82,simulation,db4,usage,87,50,50,0
ALL,W-CART:cart,23,3.0,0.02,0.112,113 109 73 74 110 115 75 77 83 112 116 76 78 80 108 111 114 72 79 81,78 79 115 74 76 80 111 112 113 75 109 114 77 81 116 72 73 108 110 82,simulation,db4,usage,87,50,50,0
W-NN,W-NN:k=5,7,,0.04,0.08,84 116 107 106 75 74 71 115 70 59 109 85 60 83 214 72 53 114 108 79,84 116 107 106 75 74 71 115 70 59 109 85 60 83 214 72 53 114 108 79,simulation,db4,energy,88,50,50,0
W-QDA,W-QDA:qda,9,,0.02,0.028,84 116 107 106 75 74 71 115 70 59 109 85 60 83 214 72 53 114 108 79,84 116 107 106 75 74 71 115 70 59 109 85 60 83 214 72 53 114 108 79,simulation,db4,energy,88,50,50,0
W-CART,W-CART:cart,27,,0.08,0.126,84 116 107 106 75 74 71 115 70 59 109 85 60 83 214 72 53 114 108 79,84 116 107 106 75 74 71 115 70 59 109 85 60 83 214 72 53 114 108 79,simulation,db4,energy,88,50,50,0
ALL,W-QDA:qda,9,,0.02,0.028,84 116 107 106 75 74 71 115 70 59 109 85 60 83 214 72 53 114 108 79,84 116 107 106 75 74 71 115 70 59 109 85 60 83 214 72 53 114 108 79,simulation,db4,energy,88,50,50,0
W-NN,W-NN:k=1,6,2.0,0.04,0.162,79 84 78 109 74 75 82 83 106 107 113 85 105 111 115 116 73 76 77 80,83 79 108 113 78 81 111 116 77 80 85 109 112 114 74 75 106 84 105 107,simulation,db4,usage,88,50,50,0
W-QDA,W-QDA:qda,7,2.0,0.02,0.058,79 84 78 109 74 75 82 83 106 107 113 85 105 111 115 116 73 76 77 80,83 79 108 113 78 81 111 116 77 80 85 109 112 114 74 75 106 84 105 107,simulation,db4,usage,88,50,50,0
W-CART,W-CART:cart,6,2.0,0.06,0.12,79 84 78 109 74 75 82 83 106 107 113 85 105 111 115 116 73 76 77 80,83 79 108 113 78 81 111 116 77 80 85 109 112 114 74 75 106 84 105 107,simulation,db4,usage,88,50,50,0
ALL,W-QDA:qda,7,2.0,0.02,0.058,79 84 78 109 74 75 82 83 106 107 113 85 105 111 115 116 73 76 77 80,83 79 108 113 78 81 111 116 77 80 85 109 112 114 74 75 106 84 105 107,simulation,db4,usage,88,50,50,0
W-NN,W-NN:k=7,1,,0.08,0.128,117 118 74 77 78 113 73 227 75 114 72 228 115 116 148 80 88 35 147 82,117 118 74 77 78 113 73 227 75 114 72 228 115 116 148 80 88 35 147 82,simulation,db4,energy,89,50,50,0
W-QDA,W-QDA:qda,1,,0.1,0.12,117 118 74 77 78 113 73 227 75 114 72 228 115 116 148 80 88 35 147 82,117 118 74 77 78 113 73 227 75 114 72 228 115 116 148 80 88 35 147 82,simulation,db4,energy,89,50,50,0
W-CART,W-CART:cart,2,,0.12,0.114,117 118 74 77 78 113 73 227 75 114 72 228 115 116 148 80 88 35 147 82,117 118 74 77 78 113 73 227 75 114 72 228 115 116 148 80 88 35 147 82,simulation,db4,energy,89,50,50,0
ALL,W-NN:k=7,1,,0.08,0.128,117 118 74 77 78 113 73 227 75 114 72 228 115 116 148 80 88 35 147 82,117 118 74 77 78 113 73 227 75 114 72 228 115 116 148 80 88 35 147 82,simulation,db4,energy,89,50,50,0
W-NN,W-NN:k=1,6,3.0,0.04,0.106,117 73 74 72 118 116 150 75 80 108 113 115 77 86 114 76 84 105 111 88,114 72 73 76 74 115 117 118 75 80 149 150 151 81 113 116 79 109 111 234,simulation,db4,usage,89,50,50,0
W-QDA,W-QDA:qda,2,0.5,0.06,0.084,115 72 114 75 76 73 74 77 80 110 111 112 113 117 118 83 150 233 81 108,114 72 73 76 74 115 117 118 75 80 149 150 151 81 113 116 79 109 111 234,simulation,db4,usage,89,50,50,0
W-CART,W-CART:cart,2,1.5,0.1,0.112,72 73 74 114 117 76 115 118 149 116 75 150 234 237 79 113 77 80 84 151,114 72 73 76 74 115 117 118 75 80 149 150 151 81 113 116 79 109 111 234,simulation,db4,usage,89,50,50,0
ALL,W-NN:k=1,6,3.0,0.04,0.106,117 73 74 72 118 116 150 75 80 108 113 115 77 86 114 76 84 105 111 88,114 72 73 76 74 115 117 118 75 80 149 150 151 81 113 116 79 109 111 234,simulation,db4,usage,89,50,50,0
W-NN,W-NN:k=3,3,,0.06,0.14,58 103 74 75 116 77 113 78 121 112 108 40 70 37 76 120 119 87 82 84,58 103 74 75 116 77 113 78 121 112 108 40 70 37 76 120 119 87 82 84,simulation,db4,energy,90,50,50,0
W-QDA,W-QDA:qda,4,,0.04,0.074,58 103 74 75 116 77 113 78 121 112 108 40 70 37 76 120 119 87 82 84,58 103 74 75 116 77 113 78 121 112 108 40 70 37 76 120 119 87 82 84,simulation,db4,energy,90,50,50,0
W-CART,W-CART:cart,54,,0.08,0.126,58 103 74 75 116 77 113 78 121 112 108 40 70 37 76 120 119 87 82 84,58 103 74 75 116 77 113 78 121 112 108 40 70 37 76 120 119 87 82 84,simulation,db4,energy,90,50,50,0
ALL,W-QDA:qda,4,,0.04,0.074,58 103 74 75 116 77 113 78 121 112 108 40 70 37 76 120 119 87 82 84,58 103 74 75 116 77 113 78 121 112 108 40 70 37 76 120 119 87 82 84,simulation,db4,energy,90,50,50,0
W-NN,W-NN:k=5,11,1.0,0.06,0.124,115 75 76 77 78 79 81 82 108 111 114 109 112 80 113 116 107 110 73 84,115 75 76 77 78 79 81 82 108 111 114 109 112 80 113 116 107 110 73 84,simulation,db4,usage,90,50,50,0
W-QDA,W-QDA:qda,8,3.0,0.02,0.088,76 82 79 78 109 111 119 80 84 106 74 81 85 104 107 113 116 117 118 72,115 75 76 77 78 79 81 82 108 111 114 109 112 80 113 116 107 110 73 84,simulation,db4,usage,90,50,50,0
W-CART,W-CART:cart,22,1.5,0.08,0.126,76 75 77 78 79 114 82 108 109 115 73 81 83 111 116 118 119 80 107 72,115 75 76 77 78 79 81 82 108 111 114 109 112 80 113 116 107 110 73 84,simulation,db4,usage,90,50,50,0
ALL,W-QDA:qda,8,3.0,0.02,0.088,76 82 79 78 109 111 119 80 84 106 74 81 85 104 107 113 116 117 118 72,115 75 76 77 78 79 81 82 108 111 114 109 112 80 113 116 107 110 73 84,simulation,db4,usage,90,50,50,0
W-NN,W-NN:k=5,2,,0.16,0.142,84 107 108 80 111 83 79 110 40 169 43 113 78 109 81 222 41 114 106 76,84 107 108 80 111 83 79 110 40 169 43 113 78 109 81 222 41 114 106 76,simulation,db4,energy,91,50,50,0
W-QDA,W-QDA:qda,5,,0.12,0.142,84 107 108 80 111 83 79 110 40 169 43 113 78 109 81 222 41 114 106 76,84 107 108 80 111 83 79 110 40 169 43 113 78 109 81 222 41 114 106 76,simulation,db4,energy,91,50,50,0
W-CART,W-CART:cart,39,,0.08,0.156,84 107 108 80 111 83 79 110 40 169 43 113 78 109 81 222 41 114 106 76,84 107 108 80 111 83 79 110 40 169 43 113 78 109 81 222 41 114 106 76,simulation,db4,energy,91,50,50,0
ALL,W-CART:cart,39,,0.08,0.156,84 107 108 80 111 83 79 110 40 169 43 113 78 109 81 222 41 114 106 76,84 107 108 80 111 83 79 110 40 169 43 113 78 109 81 222 41 114 106 76,simulation,db4,energy,91,50,50,0
W-NN,W-NN:k=3,15,3.0,0.08,0.09,108 80 81 79 111 109 115 77 106 110 83 107 112 114 117 76 85 113 116 78,79 78 108 110 111 80 81 109 113 77 114 82 84 85 83 107 115 76 75 106,simulation,db4,usage,91,50,50,0
W-QDA,W-QDA:qda,9,3.0,0.1,0.122,108 80 81 79 111 109 115 77 106 110 83 107 112 114 117 76 85 113 116 78,79 78 108 110 111 80 81 109 113 77 114 82 84 85 83 107 115 76 75 106,simulation,db4,usage,91,50,50,0
W-CART,W-CART:cart,13,1.5,0.08,0.188,79 108 80 109 113 78 81 110 111 77 83 84 85 107 82 112 115 106 114 76,79 78 108 110 111 80 81 109 113 77 114 82 84 85 83 107 115 76 75 106,simulation,db4,usage,91,50,50,0
ALL,W-CART:cart,13,1.5,0.08,0.188,79 108 80 109 113 78 81 110 111 77 83 84 85 107 82 112 115 106 114 76,79 78 108 110 111 80 81 109 113 77 114 82 84 85 83 107 115 76 75 106,simulation,db4,usage,91,50,50,0
W-NN,W-NN:k=5,7,,0.08,0.15,109 81 82 77 117 84 113 114 76 37 85 105 112 73 108 86 80 78 116 83,109 81 82 77 117 84 113 114 76 37 85 105 112 73 108 86 80 78 116 83,simulation,db4,energy,92,50,50,0
W-QDA,W-QDA:qda,16,,0.0,0.032,109 81 82 77 117 84 113 114 76 37 85 105 112 73 108 86 80 78 116 83,109 81 82 77 117 84 113 114 76 37 85 105 112 73 108 86 80 78 116 83,simulation,db4,energy,92,50,50,0
W-CART,W-CART:cart,7,,0.1,0.166,109 81 82 77 117 84 113 114 76 37 85 105 112 73 108 86 80 78 116 83,109 81 82 77 117 84 113 114 76 37 85 105 112 73 108 86 80 78 116 83,simulation,db4,energy,92,50,50,0
ALL,W-QDA:qda,16,,0.0,0.032,109 81 82 77 117 84 113 114 76 37 85 105 112 73 108 86 80 78 116 83,109 81 82 77 117 84 113 114 76 37 85 105 112 73 108 86 80 78 116 83,simulation,db4,energy,92,50,50,0
W-NN,W-NN:k=1,5,0.5,0.12,0.162,80 75 81 111 115 77 79 82 76 108 110 114 116 74 78 109 112 113 83 107,81 82 77 110 112 79 111 114 80 109 78 113 116 76 75 108 115 85 86 105,simulation,db4,usage,92,50,50,0
W-QDA,W-QDA:qda,13,2.0,0.08,0.106,79 111 112 114 81 76 82 110 113 80 77 78 85 108 109 115 75 107 83 84,81 82 77 110 112 79 111 114 80 109 78 113 116 76 75 108 115 85 86 105,simulation,db4,usage,92,50,50,0
W-CART,W-CART:cart,23,0.5,0.04,0.112,80 75 81 111 115 77 79 82 76 108 110 114 116 74 78 109 112 113 83 107,81 82 77 110 112 79 111 114 80 109 78 113 116 76 75 108 115 85 86 105,simulation,db4,usage,92,50,50,0
ALL,W-CART:cart,23,0.5,0.04,0.112,80 75 81 111 115 77 79 82 76 108 110 114 116 74 78 109 112 113 83 107,81 82 77 110 112 79 111 114 80 109 78 113 116 76 75 108 115 85 86 105,simulation,db4,usage,92,50,50,0
W-NN,W-NN:k=1,9,,0.04,0.11,88 72 116 114 57 109 76 84 78 74 82 87 81 85 115 104 83 118 75 117,88 72 116 114 57 109 76 84 78 74 82 87 81 85 115 104 83 118 75 117,simulation,db4,energy,93,50,50,0
W-QDA,W-QDA:qda,20,,0.06,0.088,88 72 116 114 57 109 76 84 78 74 82 87 81 85 115 104 83 118 75 117,88 72 116 114 57 109 76 84 78 74 82 87 81 85 115 104 83 118 75 117,simulation,db4,energy,93,50,50,0
W-CART,W-CART:cart,27,,0.1,0.112,88 72 116 114 57 109 76 84 78 74 82 87 81 85 115 104 83 118 75 117,88 72 116 114 57 109 76 84 78 74 82 87 81 85 115 104 83 118 75 117,simulation,db4,energy,93,50,50,0
ALL,W-NN:k=1,9,,0.04,0.11,88 72 116 114 57 109 76 84 78 74 82 87 81 85 115 104 83 118 75 117,88 72 116 114 57 109 76 84 78 74 82 87 81 85 115 104 83 118 75 117,simulation,db4,energy,93,50,50,0
W-NN,W-NN:k=1,6,3.0,0.06,0.13,116 74 75 115 76 81 84 72 73 78 105 112 114 117 77 118 80 107 111 83,115 77 114 116 74 75 76 78 79 80 81 112 73 113 117 118 84 111 151 152,simulation,db4,usage,93,50,50,0
W-QDA,W-QDA:qda,9,3.0,0.08,0.052,116 74 75 115 76 81 84 72 73 78 105 112 114 117 77 118 80 107 111 83,115 77 114 116 74 75 76 78 79 80 81 112 73 113 117 118 84 111 151 152,simulation,db4,usage,93,50,50,0
W-CART,W-CART:cart,4,1.5,0.08,0.088,115 116 74 73 76 114 75 78 112 117 77 79 81 84 113 80 85 109 111 72,115 77 114 116 74 75 76 78 79 80 81 112 73 113 117 118 84 111 151 152,simulation,db4,usage,93,50,50,0
ALL,W-NN:k=1,6,3.0,0.06,0.13,116 74 75 115 76 81 84 72 73 78 105 112 114 117 77 118 80 107 111 83,115 77 114 116 74 75 76 78 79 80 81 112 73 113 117 118 84 111 151 152,simulation,db4,usage,93,50,50,0
W-NN,W-NN:k=1,4,,0.02,0.162,117 73 72 110 51 78 77 84 44 113 85 115 74 103 118 112 43 81 86 53,117 73 72 110 51 78 77 84 44 113 85 115 74 103 118 112 43 81 86 53,simulation,db4,energy,94,50,50,0
W-QDA,W-QDA:qda,7,,0.0,0.052,117 73 72 110 51 78 77 84 44 113 85 115 74 103 118 112 43 81 86 53,117 73 72 110 51 78 77 84 44 113 85 115 74 103 118 112 43 81 86 53,simulation,db4,energy,94,50,50,0
W-CART,W-CART:cart,1,,0.04,0.148,117 73 72 110 51 78 77 84 44 113 85 115 74 103 118 112 43 81 86 53,117 73 72 110 51 78 77 84 44 113 85 115 74 103 118 112 43 81 86 53,simulation,db4,energy,94,50,50,0
ALL,W-QDA:qda,7,,0.0,0.052,117 73 72 110 51 78 77 84 44 113 85 115 74 103 118 112 43 81 86 53,117 73 72 110 51 78 77 84 44 113 85 115 74 103 118 112 43 81 86 53,simulation,db4,energy,94,50,50,0
W-NN,W-NN:k=7,17,3.0,0.06,0.26,106 78 79 108 109 77 85 105 113 115 80 84 111 72 110 74 81 82 83 86,79 108 81 106 107 78 112 80 86 113 116 75 84 85 109 82 105 110 115 117,simulation,db4,usage,94,50,50,0
W-QDA,W-QDA:qda,18,3.0,0.02,0.078,106 78 79 108 109 77 85 105 113 115 80 84 111 72 110 74 81 82 83 86,79 108 81 106 107 78 112 80 86 113 116 75 84 85 109 82 105 110 115 117,simulation,db4,usage,94,50,50,0
W-CART,W-CART:cart,8,3.0,0.12,0.13,106 78 79 108 109 77 85 105 113 115 80 84 111 72 110 74 81 82 83 86,79 108 81 106 107 78 112 80 86 113 116 75 84 85 109 82 105 110 115 117,simulation,db4,usage,94,50,50,0
ALL,W-QDA:qda,18,3.0,0.02,0.078,106 78 79 108 109 77 85 105 113 115 80 84 111 72 110 74 81 82 83 86,79 108 81 106 107 78 112 80 86 113 116 75 84 85 109 82 105 110 115 117,simulation,db4,usage,94,50,50,0
W-NN,W-NN:k=1,6,,0.04,0.134,83 70 71 108 107 116 114 60 41 84 118 117 74 72 85 115 119 76 54 82,83 70 71 108 107 116 114 60 41 84 118 117 74 72 85 115 119 76 54 82,simulation,db4,energy,95,50,50,0
W-QDA,W-QDA:qda,16,,0.04,0.032,83 70 71 108 107 116 114 60 41 84 118 117 74 72 85 115 119 76 54 82,83 70 71 108 107 116 114 60 41 84 118 117 74 72 85 115 119 76 54 82,simulation,db4,energy,95,50,50,0
W-CART,W-CART:cart,40,,0.08,0.166,83 70 71 108 107 116 114 60 41 84 118 117 74 72 85 115 119 76 54 82,83 70 71 108 107 116 114 60 41 84 118 117 74 72 85 115 119 76 54 82,simulation,db4,energy,95,50,50,0
ALL,W-NN:k=1,6,,0.04,0.134,83 70 71 108 107 116 114 60 41 84 118 117 74 72 85 115 119 76 54 82,83 70 71 108 107 116 114 60 41 84 118 117 74 72 85 115 119 76 54 82,simulation,db4,energy,95,50,50,0
W-NN,W-NN:k=5,10,3.0,0.02,0.078,74 84 83 116 82 85 106 115 117 73 105 118 76 78 107 79 104 77 109 112,114 83 82 108 74 77 107 78 84 106 109 110 117 72 80 81 85 115 116 76,simulation,db4,usage,95,50,50,0
W-QDA,W-QDA:qda,13,2.0,0.0,0.026,83 114 74 78 107 115 82 116 84 106 108 117 75 77 85 73 76 79 104 109,114 83 82 108 74 77 107 78 84 106 109 110 117 72 80 81 85 115 116 76,simulation,db4,usage,95,50,50,0
W-CART,W-CART:cart,11,3.0,0.08,0.166,74 84 83 116 82 85 106 115 117 73 105 118 76 78 107 79 104 77 109 112,114 83 82 108 74 77 107 78 84 106 109 110 117 72 80 81 85 115 116 76,simulation,db4,usage,95,50,50,0
ALL,W-QDA:qda,13,2.0,0.0,0.026,83 114 74 78 107 115 82 116 84 106 108 117 75 77 85 73 76 79 104 109,114 83 82 108 74 77 107 78 84 106 109 110 117 72 80 81 85 115 116 76,simulation,db4,usage,95,50,50,0
W-NN,W-NN:k=3,6,,0.08,0.124,107 87 51 84 72 115 88 108 59 116 86 114 119 113 103 83 110 77 82 118,107 87 51 84 72 115 88 108 59 116 86 114 119 113 103 83 110 77 82 118,simulation,db4,energy,96,50,50,0
W-QDA,W-QDA:qda,8,,0.0,0.04,107 87 51 84 72 115 88 108 59 116 86 114 119 113 103 83 110 77 82 118,107 87 51 84 72 115 88 108 59 116 86 114 119 113 103 83 110 77 82 118,simulation,db4,energy,96,50,50,0
W-CART,W-CART:cart,5,,0.04,0.092,107 87 51 84 72 115 88 108 59 116 86 114 119 113 103 83 110 77 82 118,107 87 51 84 72 115 88 108 59 116 86 114 119 113 103 83 110 77 82 118,simulation,db4,energy,96,50,50,0
ALL,W-QDA:qda,8,,0.0,0.04,107 87 51 84 72 115 88 108 59 116 86 114 119 113 103 83 110 77 82 118,107 87 51 84 72 115 88 108 59 116 86 114 119 113 103 83 110 77 82 118,simulation,db4,energy,96,50,50,0
W-NN,W-NN:k=9,4,0.5,0.02,0.23,79 109 76 114 115 116 75 82 113 77 78 108 81 107 110 83 117 80 112 118,75 79 114 115 80 81 112 113 76 77 108 110 116 74 82 107 109 117 73 111,simulation,db4,usage,96,50,50,0
W-QDA,W-QDA:qda,3,1.0,0.04,0.166,75 79 114 115 80 81 112 113 76 77 108 110 116 74 82 107 109 117 73 111,75 79 114 115 80 81 112 113 76 77 108 110 116 74 82 107 109 117 73 111,simulation,db4,usage,96,50,50,0
W-CART,W-CART:cart,25,1.5,0.04,0.11,75 79 112 115 80 81 114 116 74 108 110 113 117 76 78 82 84 111 73 109,75 79 114 115 80 81 112 113 76 77 108 110 116 74 82 107 109 117 73 111,simulation,db4,usage,96,50,50,0
ALL,W-NN:k=9,4,0.5,0.02,0.23,79 109 76 114 115 116 75 82 113 77 78 108 81 107 110 83 117 80 112 118,75 79 114 115 80 81 112 113 76 77 108 110 116 74 82 107 109 117 73 111,simulation,db4,usage,96,50,50,0
W-NN,W-NN:k=1,5,,0.06,0.076,106 85 119 73 118 76 71 36 120 116 84 114 72 117 88 115 59 75 107 74,106 85 119 73 118 76 71 36 120 116 84 114 72 117 88 115 59 75 107 74,simulation,db4,energy,97,50,50,0
W-QDA,W-QDA:qda,7,,0.02,0.034,106 85 119 73 118 76 71 36 120 116 84 114 72 117 88 115 59 75 107 74,106 85 119 73 118 76 71 36 120 116 84 114 72 117 88 115 59 75 107 74,simulation,db4,energy,97,50,50,0
W-CART,W-CART:cart,7,,0.14,0.116,106 85 119 73 118 76 71 36 120 116 84 114 72 117 88 115 59 75 107 74,106 85 119 73 118 76 71 36 120 116 84 114 72 117 88 115 59 75 107 74,simulation,db4,energy,97,50,50,0
ALL,W-QDA:qda,7,,0.02,0.034,106 85 119 73 118 76 71 36 120 116 84 114 72 117 88 115 59 75 107 74,106 85 119 73 118 76 71 36 120 116 84 114 72 117 88 115 59 75 107 74,simulation,db4,energy,97,50,50,0
W-NN,W-NN:k=1,4,3.0,0.06,0.138,76 115 74 114 116 73 75 118 119 77 78 111 117 72 79 80 113 71 57 58,112 74 78 75 115 116 76 80 111 113 114 117 119 73 77 79 72 120 81 82,simulation,db4,usage,97,50,50,0
W-QDA,W-QDA:qda,2,1.0,0.06,0.168,112 74 78 75 115 116 76 80 111 113 114 117 119 73 77 79 72 120 81 82,112 74 78 75 115 116 76 80 111 113 114 117 119 73 77 79 72 120 81 82,simulation,db4,usage,97,50,50,0
W-CART,W-CART:cart,1,2.0,0.08,0.126,74 76 78 114 115 116 75 119 79 73 77 111 112 72 80 113 117 120 118 71,112 74 78 75 115 116 76 80 111 113 114 117 119 73 77 79 72 120 81 82,simulation,db4,usage,97,50,50,0
ALL,W-QDA:qda,2,1.0,0.06,0.168,112 74 78 75 115 116 76 80 111 113 114 117 119 73 77 79 72 120 81 82,112 74 78 75 115 116 76 80 111 113 114 117 119 73 77 79 72 120 81 82,simulation,db4,usage,97,50,50,0
W-NN,W-NN:k=1,5,,0.16,0.134,78 113 116 117 107 114 38 71 73 79 109 84 72 110 118 81 106 112 74 119,78 113 116 117 107 114 38 71 73 79 109 84 72 110 118 81 106 112 74 119,simulation,db4,energy,98,50,50,0
W-QDA,W-QDA:qda,8,,0.0,0.08,78 113 116 117 107 114 38 71 73 79 109 84 72 110 118 81 106 112 74 119,78 113 116 117 107 114 38 71 73 79 109 84 72 110 118 81 106 112 74 119,simulation,db4,energy,98,50,50,0
W-CART,W-CART:cart,7,,0.04,0.11,78 113 116 117 107 114 38 71 73 79 109 84 72 110 118 81 106 112 74 119,78 113 116 117 107 114 38 71 73 79 109 84 72 110 118 81 106 112 74 119,simulation,db4,energy,98,50,50,0
ALL,W-QDA:qda,8,,0.0,0.08,78 113 116 117 107 114 38 71 73 79 109 84 72 110 118 81 106 112 74 119,78 113 116 117 107 114 38 71 73 79 109 84 72 110 118 81 106 112 74 119,simulation,db4,energy,98,50,50,0
W-NN,W-NN:k=1,24,0.5,0.1,0.162,76 77 116 78 79 111 113 80 75 109 112 114 115 110 74 81 158 226 230 117,77 113 78 76 111 109 116 80 114 115 75 79 81 110 112 74 83 84 117 73,simulation,db4,usage,98,50,50,0
W-QDA,W-QDA:qda,3,0.5,0.1,0.118,76 77 116 78 79 111 113 80 75 109 112 114 115 110 74 81 158 226 230 117,77 113 78 76 111 109 116 80 114 115 75 79 81 110 112 74 83 84 117 73,simulation,db4,usage,98,50,50,0
W-CART,W-CART:cart,23,2.0,0.02,0.106,77 78 113 76 112 115 116 109 111 117 79 110 114 81 71 80 73 75 72 106,77 113 78 76 111 109 116 80 114 115 75 79 81 110 112 74 83 84 117 73,simulation,db4,usage,98,50,50,0
ALL,W-CART:cart,23,2.0,0.02,0.106,77 78 113 76 112 115 116 109 111 117 79 110 114 81 71 80 73 75 72 106,77 113 78 76 111 109 116 80 114 115 75 79 81 110 112 74 83 84 117 73,simulation,db4,usage,98,50,50,0
W-NN,W-NN:k=1,5,,0.12,0.126,240 143 118 72 71 70 102 120 119 89 78 144 76 73 35 113 239 79 74 56,240 143 118 72 71 70 102 120 119 89 78 144 76 73 35 113 239 79 74 56,simulation,db4,energy,99,50,50,0
W-QDA,W-QDA:qda,7,,0.06,0.07,240 143 118 72 71 70 102 120 119 89 78 144 76 73 35 113 239 79 74 56,240 143 118 72 71 70 102 120 119 89 78 144 76 73 35 113 239 79 74 56,simulation,db4,energy,99,50,50,0
W-CART,W-CART:cart,19,,0.1,0.108,240 143 118 72 71 70 102 120 119 89 78 144 76 73 35 113 239 79 74 56,240 143 118 72 71 70 102 120 119 89 78 144 76 73 35 113 239 79 74 56,simulation,db4,energy,99,50,50,0
ALL,W-QDA:qda,7,,0.06,0.07,240 143 118 72 71 70 102 120 119 89 78 144 76 73 35 113 239 79 74 56,240 143 118 72 71 70 102 120 119 89 78 144 76 73 35 113 239 79 74 56,simulation,db4,energy,99,50,50,0
W-NN,W-NN:k=3,4,2.0,0.08,0.094,77 78 72 83 113 119 112 114 118 71 73 76 79 116 82 110 111 117 75 81,77 113 78 114 117 79 82 112 76 80 119 72 75 83 109 71 73 108 115 116,simulation,db4,usage,99,50,50,0
W-QDA,W-QDA:qda,13,3.0,0.04,0.054,78 119 76 77 83 72 79 118 73 82 112 116 81 110 113 114 75 84 117 71,77 113 78 114 117 79 82 112 76 80 119 72 75 83 109 71 73 108 115 116,simulation,db4,usage,99,50,50,0
W-CART,W-CART:cart,31,3.0,0.08,0.114,78 119 76 77 83 72 79 118 73 82 112 116 81 110 113 114 75 84 117 71,77 113 78 114 117 79 82 112 76 80 119 72 75 83 109 71 73 108 115 116,simulation,db4,usage,99,50,50,0
ALL,W-QDA:qda,13,3.0,0.04,0.054,78 119 76 77 83 72 79 118 73 82 112 116 81 110 113 114 75 84 117 71,77 113 78 114 117 79 82 112 76 80 119 72 75 83 109 71 73 108 115 116,simulation,db4,usage,99,50,50,0
W-NN,W-NN:k=1,4,,0.06,0.192,82 103 79 112 88 77 54 86 111 113 78 83 56 55 119 87 104 52 110 118,82 103 79 112 88 77 54 86 111 113 78 83 56 55 119 87 104 52 110 118,simulation,db4,energy,0,100,100,0
W-QDA,W-QDA:qda,10,,0.03,0.062,82 103 79 112 88 77 54 86 111 113 78 83 56 55 119 87 104 52 110 118,82 103 79 112 88 77 54 86 111 113 78 83 56 55 119 87 104 52 110 118,simulation,db4,energy,0,100,100,0
W-CART,W-CART:cart,27,,0.08,0.106,82 103 79 112 88 77 54 86 111 113 78 83 56 55 119 87 104 52 110 118,82 103 79 112 88 77 54 86 111 113 78 83 56 55 119 87 104 52 110 118,simulation,db4,energy,0,100,100,0
ALL,W-QDA:qda,10,,0.03,0.062,82 103 79 112 88 77 54 86 111 113 78 83 56 55 119 87 104 52 110 118,82 103 79 112 88 77 54 86 111 113 78 83 56 55 119 87 104 52 110 118,simulation,db4,energy,0,100,100,0
W-NN,W-NN:k=7,23,2.0,0.06,0.098,80 82 109 110 81 112 78 83 111 84 113 79 77 114 85 105 108 106 107 117,110 111 80 81 82 113 79 108 112 83 109 77 84 107 78 85 106 114 115 76,simulation,db4,usage,0,100,100,0
W-QDA,W-QDA:qda,16,2.0,0.02,0.048,80 82 109 110 81 112 78 83 111 84 113 79 77 114 85 105 108 106 107 117,110 111 80 81 82 113 79 108 112 83 109 77 84 107 78 85 106 114 115 76,simulation,db4,usage,0,100,100,0
W-CART,W-CART:cart,19,2.0,0.04,0.12,80 82 109 110 81 112 78 83 111 84 113 79 77 114 85 105 108 106 107 117,110 111 80 81 82 113 79 108 112 83 109 77 84 107 78 85 106 114 115 76,simulation,db4,usage,0,100,100,0
ALL,W-QDA:qda,16,2.0,0.02,0.048,80 82 109 110 81 112 78 83 111 84 113 79 77 114 85 105 108 106 107 117,110 111 80 81 82 113 79 108 112 83 109 77 84 107 78 85 106 114 115 76,simulation,db4,usage,0,100,100,0
W-NN,W-NN:k=1,48,,0.12,0.18,111 159 39 56 55 105 224 79 73 112 85 120 80 318 72 113 78 77 104 121,111 159 39 56 55 105 224 79 73 112 85 120 80 318 72 113 78 77 104 121,simulation,db4,energy,1,100,100,0
W-QDA,W-QDA:qda,20,,0.06,0.038,111 159 39 56 55 105 224 79 73 112 85 120 80 318 72 113 78 77 104 121,111 159 39 56 55 105 224 79 73 112 85 120 80 318 72 113 78 77 104 121,simulation,db4,energy,1,100,100,0
W-CART,W-CART:cart,44,,0.09,0.084,111 159 39 56 55 105 224 79 73 112 85 120 80 318 72 113 78 77 104 121,111 159 39 56 55 105 224 79 73 112 85 120 80 318 72 113 78 77 104 121,simulation,db4,energy,1,100,100,0
ALL,W-QDA:qda,20,,0.06,0.038,111 159 39 56 55 105 224 79 73 112 85 120 80 318 72 113 78 77 104 121,111 159 39 56 55 105 224 79 73 112 85 120 80 318 72 113 78 77 104 121,simulation,db4,energy,1,100,100,0
W-NN,W-NN:k=7,18,0.5,0.08,0.114,80 112 114 77 79 111 78 81 110 113 82 83 115 108 109 75 76 84 116 74,114 78 112 77 79 111 113 110 81 80 76 83 109 115 82 84 75 108 74 116,simulation,db4,usage,1,100,100,0
W-QDA,W-QDA:qda,19,0.5,0.04,0.068,80 112 114 77 79 111 78 81 110 113 82 83 115 108 109 75 76 84 116 74,114 78 112 77 79 111 113 110 81 80 76 83 109 115 82 84 75 108 74 116,simulation,db4,usage,1,100,100,0
W-CART,W-CART:cart,22,0.5,0.05,0.082,80 112 114 77 79 111 78 81 110 113 82 83 115 108 109 75 76 84 116 74,114 78 112 77 79 111 113 110 81 80 76 83 109 115 82 84 75 108 74 116,simulation,db4,usage,1,100,100,0
ALL,W-QDA:qda,19,0.5,0.04,0.068,80 112 114 77 79 111 78 81 110 113 82 83 115 108 109 75 76 84 116 74,114 78 112 77 79 111 113 110 81 80 76 83 109 115 82 84 75 108 74 116,simulation,db4,usage,1,100,100,0
W-NN,W-NN:k=5,2,,0.04,0.094,73 74 115 75 104 76 77 116 87 114 112 37 59 109 117 118 78 84 86 111,73 74 115 75 104 76 77 116 87 114 112 37 59 109 117 118 78 84 86 111,simulation,db4,energy,2,100,100,0
W-QDA,W-QDA:qda,44,,0.05,0.06,73 74 115 75 104 76 77 116 87 114 112 37 59 109 117 118 78 84 86 111,73 74 115 75 104 76 77 116 87 114 112 37 59 109 117 118 78 84 86 111,simulation,db4,energy,2,100,100,0
W-CART,W-CART:cart,27,,0.07,0.132,73 74 115 75 104 76 77 116 87 114 112 37 59 109 117 118 78 84 86 111,73 74 115 75 104 76 77 116 87 114 112 37 59 109 117 118 78 84 86 111,simulation,db4,energy,2,100,100,0
ALL,W-NN:k=5,2,,0.04,0.094,73 74 115 75 104 76 77 116 87 114 112 37 59 109 117 118 78 84 86 111,73 74 115 75 104 76 77 116 87 114 112 37 59 109 117 118 78 84 86 111,simulation,db4,energy,2,100,100,0
W-NN,W-NN:k=5,14,0.5,0.03,0.068,78 110 112 113 79 76 80 84 111 81 114 77 107 115 82 83 108 75 116 109,78 111 80 113 79 83 112 115 76 108 110 114 75 77 117 81 107 82 84 109,simulation,db4,usage,2,100,100,0
W-QDA,W-QDA:qda,29,2.0,0.04,0.026,115 114 79 76 113 78 81 84 75 77 116 117 73 82 110 118 80 85 86 106,78 111 80 113 79 83 112 115 76 108 110 114 75 77 117 81 107 82 84 109,simulation,db4,usage,2,100,100,0
W-CART,W-CART:cart,21,2.0,0.07,0.108,115 114 79 76 113 78 81 84 75 77 116 117 73 82 110 118 80 85 86 106,78 111 80 113 79 83 112 115 76 108 110 114 75 77 117 81 107 82 84 109,simulation,db4,usage,2,100,100,0
ALL,W-NN:k=5,14,0.5,0.03,0.068,78 110 112 113 79 76 80 84 111 81 114 77 107 115 82 83 108 75 116 109,78 111 80 113 79 83 112 115 76 108 110 114 75 77 117 81 107 82 84 109,simulation,db4,usage,2,100,100,0
W-NN,W-NN:k=1,22,,0.07,0.116,169 112 113 84 78 74 85 427 115 79 114 679 107 111 116 82 42 120 108 80,169 112 113 84 78 74 85 427 115 79 114 679 107 111 116 82 42 120 108 80,simulation,db4,energy,3,100,100,0
W-QDA,W-QDA:qda,19,,0.01,0.048,169 112 113 84 78 74 85 427 115 79 114 679 107 111 116 82 42 120 108 80,169 112 113 84 78 74 85 427 115 79 114 679 107 111 116 82 42 120 108 80,simulation,db4,energy,3,100,100,0
W-CART,W-CART:cart,18,,0.09,0.116,169 112 113 84 78 74 85 427 115 79 114 679 107 111 116 82 42 120 108 80,169 112 113 84 78 74 85 427 115 79 114 679 107 111 116 82 42 120 108 80,simulation,db4,energy,3,100,100,0
ALL,W-QDA:qda,19,,0.01,0.048,169 112 113 84 78 74 85 427 115 79 114 679 107 111 116 82 42 120 108 80,169 112 113 84 78 74 85 427 115 79 114 679 107 111 116 82 42 120 108 80,simulation,db4,energy,3,100,100,0
W-NN,W-NN:k=3,45,0.5,0.06,0.104,78 112 77 79 114 80 81 110 111 113 107 108 76 83 115 227 75 82 109 74,78 77 80 79 112 114 108 110 107 111 76 113 115 75 81 82 83 109 116 84,simulation,db4,usage,3,100,100,0
W-QDA,W-QDA:qda,27,1.0,0.01,0.042,78 77 80 79 112 114 108 110 107 111 76 113 115 75 81 82 83 109 116 84,78 77 80 79 112 114 108 110 107 111 76 113 115 75 81 82 83 109 116 84,simulation,db4,usage,3,100,100,0
W-CART,W-CART:cart,24,3.0,0.06,0.108,112 81 113 114 77 110 108 111 78 79 80 107 76 82 115 83 109 84 116 106,78 77 80 79 112 114 108 110 107 111 76 113 115 75 81 82 83 109 116 84,simulation,db4,usage,3,100,100,0
ALL,W-QDA:qda,27,1.0,0.01,0.042,78 77 80 79 112 114 108 110 107 111 76 113 115 75 81 82 83 109 116 84,78 77 80 79 112 114 108 110 107 111 76 113 115 75 81 82 83 109 116 84,simulation,db4,usage,3,100,100,0
W-NN,W-NN:k=1,12,,0.08,0.106,82 117 217 83 114 113 112 41 74 119 108 165 54 79 84 81 120 76 77 37,82 117 217 83 114 113 112 41 74 119 108 165 54 79 84 81 120 76 77 37,simulation,db4,energy,4,100,100,0
W-QDA,W-QDA:qda,17,,0.03,0.046,82 117 217 83 114 113 112 41 74 119 108 165 54 79 84 81 120 76 77 37,82 117 217 83 114 113 112 41 74 119 108 165 54 79 84 81 120 76 77 37,simulation,db4,energy,4,100,100,0
W-CART,W-CART:cart,14,,0.08,0.11,82 117 217 83 114 113 112 41 74 119 108 165 54 79 84 81 120 76 77 37,82 117 217 83 114 113 112 41 74 119 108 165 54 79 84 81 120 76 77 37,simulation,db4,energy,4,100,100,0
ALL,W-QDA:qda,17,,0.03,0.046,82 117 217 83 114 113 112 41 74 119 108 165 54 79 84 81 120 76 77 37,82 117 217 83 114 113 112 41 74 119 108 165 54 79 84 81 120 76 77 37,simulation,db4,energy,4,100,100,0
W-NN,W-NN:k=5,24,3.0,0.06,0.074,114 112 81 84 113 108 109 76 82 110 111 80 106 117 78 79 115 107 77 83,109 81 108 82 110 112 113 80 84 107 111 83 114 79 78 106 76 115 77 116,simulation,db4,usage,4,100,100,0
W-QDA,W-QDA:qda,41,1.5,0.01,0.04,81 109 108 110 113 112 111 80 82 84 114 83 107 79 78 115 76 116 106 77,109 81 108 82 110 112 113 80 84 107 111 83 114 79 78 106 76 115 77 116,simulation,db4,usage,4,100,100,0
W-CART,W-CART:cart,16,0.5,0.05,0.174,109 80 81 108 82 110 113 111 84 112 83 114 79 78 107 77 106 224 115 219,109 81 108 82 110 112 113 80 84 107 111 83 114 79 78 106 76 115 77 116,simulation,db4,usage,4,100,100,0
ALL,W-QDA:qda,41,1.5,0.01,0.04,81 109 108 110 113 112 111 80 82 84 114 83 107 79 78 115 76 116 106 77,109 81 108 82 110 112 113 80 84 107 111 83 114 79 78 106 76 115 77 116,simulation,db4,usage,4,100,100,0
W-NN,W-NN:k=1,5,,0.11,0.14,104 78 105 111 83 80 81 86 112 79 85 103 53 110 77 108 87 114 82 106,104 78 105 111 83 80 81 86 112 79 85 103 53 110 77 108 87 114 82 106,simulation,db4,energy,5,100,100,0
W-QDA,W-QDA:qda,35,,0.01,0.038,104 78 105 111 83 80 81 86 112 79 85 103 53 110 77 108 87 114 82 106,104 78 105 111 83 80 81 86 112 79 85 103 53 110 77 108 87 114 82 106,simulation,db4,energy,5,100,100,0
W-CART,W-CART:cart,53,,0.02,0.102,104 78 105 111 83 80 81 86 112 79 85 103 53 110 77 108 87 114 82 106,104 78 105 111 83 80 81 86 112 79 85 103 53 110 77 108 87 114 82 106,simulation,db4,energy,5,100,100,0
ALL,W-QDA:qda,35,,0.01,0.038,104 78 105 111 83 80 81 86 112 79 85 103 53 110 77 108 87 114 82 106,104 78 105 111 83 80 81 86 112 79 85 103 53 110 77 108 87 114 82 106,simulation,db4,energy,5,100,100,0
W-NN,W-NN:k=1,50,2.0,0.06,0.104,80 79 81 111 112 107 82 83 85 108 109 115 84 86 105 114 106 78 75 110,81 80 111 79 83 108 78 107 106 114 109 112 75 82 110 84 115 116 86 105,simulation,db4,usage,5,100,100,0
W-QDA,W-QDA:qda,29,3.0,0.02,0.036,82 83 115 85 108 79 81 111 80 84 86 104 106 110 112 105 109 116 76 78,81 80 111 79 83 108 78 107 106 114 109 112 75 82 110 84 115 116 86 105,simulation,db4,usage,5,100,100,0
W-CART,W-CART:cart,35,1.5,0.01,0.092,80 81 108 79 111 109 112 82 83 114 78 107 115 75 84 85 86 105 106 110,81 80 111 79 83 108 78 107 106 114 109 112 75 82 110 84 115 116 86 105,simulation,db4,usage,5,100,100,0
ALL,W-CART:cart,35,1.5,0.01,0.092,80 81 108 79 111 109 112 82 83 114 78 107 115 75 84 85 86 105 106 110,81 80 111 79 83 108 78 107 106 114 109 112 75 82 110 84 115 116 86 105,simulation,db4,usage,5,100,100,0
W-NN,W-NN:k=3,13,,0.04,0.072,114 88 77 82 87 103 108 81 71 38 115 113 116 78 119 102 104 75 76 112,114 88 77 82 87 103 108 81 71 38 115 113 116 78 119 102 104 75 76 112,simulation,db4,energy,6,100,100,0
W-QDA,W-QDA:qda,13,,0.0,0.024,114 88 77 82 87 103 108 81 71 38 115 113 116 78 119 102 104 75 76 112,114 88 77 82 87 103 108 81 71 38 115 113 116 78 119 102 104 75 76 112,simulation,db4,energy,6,100,100,0
W-CART,W-CART:cart,5,,0.05,0.12,114 88 77 82 87 103 108 81 71 38 115 113 116 78 119 102 104 75 76 112,114 88 77 82 87 103 108 81 71 38 115 113 116 78 119 102 104 75 76 112,simulation,db4,energy,6,100,100,0
ALL,W-QDA:qda,13,,0.0,0.024,114 88 77 82 87 103 108 81 71 38 115 113 116 78 119 102 104 75 76 112,114 88 77 82 87 103 108 81 71 38 115 113 116 78 119 102 104 75 76 112,simulation,db4,energy,6,100,100,0
W-NN,W-NN:k=1,16,2.0,0.03,0.132,78 83 82 112 77 79 113 80 108 109 76 106 110 111 74 75 81 84 115 116,79 78 112 81 108 77 111 113 114 110 80 82 109 83 115 76 84 107 105 106,simulation,db4,usage,6,100,100,0
W-QDA,W-QDA:qda,19,3.0,0.0,0.038,76 77 78 79 82 83 109 112 111 115 113 106 108 80 114 81 85 107 73 84,79 78 112 81 108 77 111 113 114 110 80 82 109 83 115 76 84 107 105 106,simulation,db4,usage,6,100,100,0
W-CART,W-CART:cart,13,3.0,0.04,0.13,76 77 78 79 82 83 109 112 111 115 113 106 108 80 114 81 85 107 73 84,79 78 112 81 108 77 111 113 114 110 80 82 109 83 115 76 84 107 105 106,simulation,db4,usage,6,100,100,0
ALL,W-QDA:qda,19,3.0,0.0,0.038,76 77 78 79 82 83 109 112 111 115 113 106 108 80 114 81 85 107 73 84,79 78 112 81 108 77 111 113 114 110 80 82 109 83 115 76 84 107 105 106,simulation,db4,usage,6,100,100,0
W-NN,W-NN:k=3,36,,0.06,0.116,71 35 41 108 81 118 82 110 74 88 112 241 102 83 75 111 104 72 89 113,71 35 41 108 81 118 82 110 74 88 112 241 102 83 75 111 104 72 89 113,simulation,db4,energy,7,100,100,0
W-QDA,W-QDA:qda,15,,0.0,0.026,71 35 41 108 81 118 82 110 74 88 112 241 102 83 75 111 104 72 89 113,71 35 41 108 81 118 82 110 74 88 112 241 102 83 75 111 104 72 89 113,simulation,db4,energy,7,100,100,0
W-CART,W-CART:cart,64,,0.06,0.09,71 35 41 108 81 118 82 110 74 88 112 241 102 83 75 111 104 72 89 113,71 35 41 108 81 118 82 110 74 88 112 241 102 83 75 111 104 72 89 113,simulation,db4,energy,7,100,100,0
ALL,W-QDA:qda,15,,0.0,0.026,71 35 41 108 81 118 82 110 74 88 112 241 102 83 75 111 104 72 89 113,71 35 41 108 81 118 82 110 74 88 112 241 102 83 75 111 104 72 89 113,simulation,db4,energy,7,100,100,0
W-NN,W-NN:k=3,19,0.5,0.03,0.064,78 112 111 113 79 80 77 82 109 76 114 75 108 81 83 110 115 107 116 84,112 79 80 111 113 81 77 78 114 75 109 110 115 108 76 83 82 84 107 116,simulation,db4,usage,7,100,100,0
W-QDA,W-QDA:qda,20,1.5,0.0,0.04,111 113 79 80 77 109 112 76 78 82 110 81 115 84 75 108 106 114 83 118,112 79 80 111 113 81 77 78 114 75 109 110 115 108 76 83 82 84 107 116,simulation,db4,usage,7,100,100,0
W-CART,W-CART:cart,44,2.0,0.05,0.1,111 80 79 110 113 109 81 82 75 76 77 84 108 112 78 106 107 114 117 74,112 79 80 111 113 81 77 78 114 75 109 110 115 108 76 83 82 84 107 116,simulation,db4,usage,7,100,100,0
ALL,W-QDA:qda,20,1.5,0.0,0.04,111 113 79 80 77 109 112 76 78 82 110 81 115 84 75 108 106 114 83 118,112 79 80 111 113 81 77 78 114 75 109 110 115 108 76 83 82 84 107 116,simulation,db4,usage,7,100,100,0
W-NN,W-NN:k=3,4,,0.06,0.112,88 70 87 104 60 86 105 110 111 115 77 103 43 106 85 121 120 17 81 71,88 70 87 104 60 86 105 110 111 115 77 103 43 106 85 121 120 17 81 71,simulation,db4,energy,8,100,100,0
W-QDA,W-QDA:qda,21,,0.02,0.052,88 70 87 104 60 86 105 110 111 115 77 103 43 106 85 121 120 17 81 71,88 70 87 104 60 86 105 110 111 115 77 103 43 106 85 121 120 17 81 71,simulation,db4,energy,8,100,100,0
W-CART,W-CART:cart,11,,0.07,0.112,88 70 87 104 60 86 105 110 111 115 77 103 43 106 85 121 120 17 81 71,88 70 87 104 60 86 105 110 111 115 77 103 43 106 85 121 120 17 81 71,simulation,db4,energy,8,100,100,0
ALL,W-QDA:qda,21,,0.02,0.052,88 70 87 104 60 86 105 110 111 115 77 103 43 106 85 121 120 17 81 71,88 70 87 104 60 86 105 110 111 115 77 103 43 106 85 121 120 17 81 71,simulation,db4,energy,8,100,100,0
W-NN,W-NN:k=3,22,0.5,0.04,0.094,80 81 82 110 111 112 84 109 113 78 105 108 79 106 107 76 116 83 85 77,81 84 110 82 83 107 80 109 112 108 111 113 78 114 105 106 77 79 115 116,simulation,db4,usage,8,100,100,0
W-QDA,W-QDA:qda,19,2.0,0.06,0.082,110 82 107 81 84 112 83 108 111 113 85 114 78 106 77 104 115 76 86 109,81 84 110 82 83 107 80 109 112 108 111 113 78 114 105 106 77 79 115 116,simulation,db4,usage,8,100,100,0
W-CART,W-CART:cart,53,0.5,0.07,0.092,80 81 82 110 111 112 84 109 113 78 105 108 79 106 107 76 116 83 85 77,81 84 110 82 83 107 80 109 112 108 111 113 78 114 105 106 77 79 115 116,simulation,db4,usage,8,100,100,0
ALL,W-NN:k=3,22,0.5,0.04,0.094,80 81 82 110 111 112 84 109 113 78 105 108 79 106 107 76 116 83 85 77,81 84 110 82 83 107 80 109 112 108 111 113 78 114 105 106 77 79 115 116,simulation,db4,usage,8,100,100,0
W-NN,W-NN:k=3,14,,0.04,0.112,73 78 109 104 77 58 81 72 114 106 227 118 59 87 172 110 108 76 41 113,73 78 109 104 77 58 81 72 114 106 227 118 59 87 172 110 108 76 41 113,simulation,db4,energy,9,100,100,0
W-QDA,W-QDA:qda,35,,0.02,0.028,73 78 109 104 77 58 81 72 114 106 227 118 59 87 172 110 108 76 41 113,73 78 109 104 77 58 81 72 114 106 227 118 59 87 172 110 108 76 41 113,simulation,db4,energy,9,100,100,0
W-CART,W-CART:cart,8,,0.06,0.104,73 78 109 104 77 58 81 72 114 106 227 118 59 87 172 110 108 76 41 113,73 78 109 104 77 58 81 72 114 106 227 118 59 87 172 110 108 76 41 113,simulation,db4,energy,9,100,100,0
ALL,W-QDA:qda,35,,0.02,0.028,73 78 109 104 77 58 81 72 114 106 227 118 59 87 172 110 108 76 41 113,73 78 109 104 77 58 81 72 114 106 227 118 59 87 172 110 108 76 41 113,simulation,db4,energy,9,100,100,0
W-NN,W-NN:k=1,16,2.0,0.05,0.12,108 109 111 110 82 83 107 80 81 84 106 79 113 75 78 86 112 76 85 115,109 108 111 110 80 81 82 83 79 107 106 113 76 112 84 85 75 78 77 86,simulation,db4,usage,9,100,100,0
W-QDA,W-QDA:qda,30,0.5,0.02,0.03,82 110 108 81 109 111 80 83 79 112 78 77 107 113 85 76 105 116 106 114,109 108 111 110 80 81 82 83 79 107 106 113 76 112 84 85 75 78 77 86,simulation,db4,usage,9,100,100,0
W-CART,W-CART:cart,53,3.0,0.07,0.12,108 109 81 110 84 79 82 106 80 107 113 111 75 83 86 104 76 78 87 105,109 108 111 110 80 81 82 83 79 107 106 113 76 112 84 85 75 78 77 86,simulation,db4,usage,9,100,100,0
ALL,W-QDA:qda,30,0.5,0.02,0.03,82 110 108 81 109 111 80 83 79 112 78 77 107 113 85 76 105 116 106 114,109 108 111 110 80 81 82 83 79 107 106 113 76 112 84 85 75 78 77 86,simulation,db4,usage,9,100,100,0
W-NN,W-NN:k=9,10,,0.03,0.092,77 114 113 227 104 84 103 38 119 108 88 83 82 79 109 78 87 76 106 228,77 114 113 227 104 84 103 38 119 108 88 83 82 79 109 78 87 76 106 228,simulation,db4,energy,10,100,100,0
W-QDA,W-QDA:qda,18,,0.03,0.048,77 114 113 227 104 84 103 38 119 108 88 83 82 79 109 78 87 76 106 228,77 114 113 227 104 84 103 38 119 108 88 83 82 79 109 78 87 76 106 228,simulation,db4,energy,10,100,100,0
W-CART,W-CART:cart,62,,0.05,0.102,77 114 113 227 104 84 103 38 119 108 88 83 82 79 109 78 87 76 106 228,77 114 113 227 104 84 103 38 119 108 88 83 82 79 109 78 87 76 106 228,simulation,db4,energy,10,100,100,0
ALL,W-NN:k=9,10,,0.03,0.092,77 114 113 227 104 84 103 38 119 108 88 83 82 79 109 78 87 76 106 228,77 114 113 227 104 84 103 38 119 108 88 83 82 79 109 78 87 76 106 228,simulation,db4,energy,10,100,100,0
W-NN,W-NN:k=9,57,2.0,0.06,0.142,82 80 84 109 81 106 110 111 79 107 108 76 78 113 112 114 83 77 85 116,111 80 81 109 112 110 79 82 107 78 83 108 114 84 106 113 76 77 85 115,simulation,db4,usage,10,100,100,0
W-QDA,W-QDA:qda,24,1.0,0.05,0.04,111 80 81 109 112 110 79 82 107 78 83 108 114 84 106 113 76 77 85 115,111 80 81 109 112 110 79 82 107 78 83 108 114 84 106 113 76 77 85 115,simulation,db4,usage,10,100,100,0
W-CART,W-CART:cart,27,3.0,0.05,0.094,80 79 81 107 113 84 111 78 112 109 83 108 110 77 82 106 85 114 116 76,111 80 81 109 112 110 79 82 107 78 83 108 114 84 106 113 76 77 85 115,simulation,db4,usage,10,100,100,0
ALL,W-QDA:qda,24,1.0,0.05,0.04,111 80 81 109 112 110 79 82 107 78 83 108 114 84 106 113 76 77 85 115,111 80 81 109 112 110 79 82 107 78 83 108 114 84 106 113 76 77 85 115,simulation,db4,usage,10,100,100,0
W-NN,W-NN:k=1,10,,0.03,0.124,117 74 116 37 72 103 109 75 118 76 58 119 88 81 71 85 115 107 73 120,117 74 116 37 72 103 109 75 118 76 58 119 88 81 71 85 115 107 73 120,simulation,db4,energy,11,100,100,0
W-QDA,W-QDA:qda,28,,0.01,0.032,117 74 116 37 72 103 109 75 118 76 58 119 88 81 71 85 115 107 73 120,117 74 116 37 72 103 109 75 118 76 58 119 88 81 71 85 115 107 73 120,simulation,db4,energy,11,100,100,0
W-CART,W-CART:cart,7,,0.08,0.092,117 74 116 37 72 103 109 75 118 76 58 119 88 81 71 85 115 107 73 120,117 74 116 37 72 103 109 75 118 76 58 119 88 81 71 85 115 107 73 120,simulation,db4,energy,11,100,100,0
ALL,W-QDA:qda,28,,0.01,0.032,117 74 116 37 72 103 109 75 118 76 58 119 88 81 71 85 115 107 73 120,117 74 116 37 72 103 109 75 118 76 58 119 88 81 71 85 115 107 73 120,simulation,db4,energy,11,100,100,0
W-NN,W-NN:k=1,7,2.0,0.02,0.086,75 76 81 117 78 115 118 107 116 74 77 80 113 79 108 111 112 73 82 109,79 75 78 113 111 112 116 81 82 76 80 114 118 109 77 115 119 74 83 108,simulation,db4,usage,11,100,100,0
W-QDA,W-QDA:qda,33,1.5,0.03,0.076,75 76 81 113 78 118 74 79 111 116 80 108 117 107 112 115 82 77 114 119,79 75 78 113 111 112 116 81 82 76 80 114 118 109 77 115 119 74 83 108,simulation,db4,usage,11,100,100,0
W-CART,W-CART:cart,7,1.5,0.04,0.094,75 76 81 113 78 118 74 79 111 116 80 108 117 107 112 115 82 77 114 119,79 75 78 113 111 112 116 81 82 76 80 114 118 109 77 115 119 74 83 108,simulation,db4,usage,11,100,100,0
ALL,W-NN:k=1,7,2.0,0.02,0.086,75 76 81 117 78 115 118 107 116 74 77 80 113 79 108 111 112 73 82 109,79 75 78 113 111 112 116 81 82 76 80 114 118 109 77 115 119 74 83 108,simulation,db4,usage,11,100,100,0
W-NN,W-NN:k=9,13,,0.07,0.114,107 84 109 79 113 71 80 78 81 110 83 82 120 117 214 72 75 73 74 111,107 84 109 79 113 71 80 78 81 110 83 82 120 117 214 72 75 73 74 111,simulation,db4,energy,12,100,100,0
W-QDA,W-QDA:qda,19,,0.02,0.03,107 84 109 79 113 71 80 78 81 110 83 82 120 117 214 72 75 73 74 111,107 84 109 79 113 71 80 78 81 110 83 82 120 117 214 72 75 73 74 111,simulation,db4,energy,12,100,100,0
W-CART,W-CART:cart,5,,0.07,0.11,107 84 109 79 113 71 80 78 81 110 83 82 120 117 214 72 75 73 74 111,107 84 109 79 113 71 80 78 81 110 83 82 120 117 214 72 75 73 74 111,simulation,db4,energy,12,100,100,0
ALL,W-QDA:qda,19,,0.02,0.03,107 84 109 79 113 71 80 78 81 110 83 82 120 117 214 72 75 73 74 111,107 84 109 79 113 71 80 78 81 110 83 82 120 117 214 72 75 73 74 111,simulation,db4,energy,12,100,100,0
W-NN,W-NN:k=15,22,1.5,0.08,0.148,81 79 76 112 113 77 80 111 114 116 78 83 109 110 115 117 74 82 107 108,112 79 80 77 81 111 76 113 78 109 110 114 117 115 83 116 75 82 108 74,simulation,db4,usage,12,100,100,0
W-QDA,W-QDA:qda,34,2.0,0.02,0.01,79 114 76 81 111 113 78 80 110 109 112 116 74 82 117 77 115 75 83 108,112 79 80 77 81 111 76 113 78 109 110 114 117 115 83 116 75 82 108 74,simulation,db4,usage,12,100,100,0
W-CART,W-CART:cart,19,3.0,0.07,0.082,79 113 80 78 111 74 81 82 114 116 110 75 112 118 73 76 77 117 72 108,112 79 80 77 81 111 76 113 78 109 110 114 117 115 83 116 75 82 108 74,simulation,db4,usage,12,100,100,0
ALL,W-QDA:qda,34,2.0,0.02,0.01,79 114 76 81 111 113 78 80 110 109 112 116 74 82 117 77 115 75 83 108,112 79 80 77 81 111 76 113 78 109 110 114 117 115 83 116 75 82 108 74,simulation,db4,usage,12,100,100,0
W-NN,W-NN:k=1,4,,0.08,0.126,77 85 114 71 72 113 240 57 118 109 76 108 117 52 81 110 75 38 115 105,77 85 114 71 72 113 240 57 118 109 76 108 117 52 81 110 75 38 115 105,simulation,db4,energy,13,100,100,0
W-QDA,W-QDA:qda,25,,0.01,0.026,77 85 114 71 72 113 240 57 118 109 76 108 117 52 81 110 75 38 115 105,77 85 114 71 72 113 240 57 118 109 76 108 117 52 81 110 75 38 115 105,simulation,db4,energy,13,100,100,0
W-CART,W-CART:cart,21,,0.03,0.12,77 85 114 71 72 113 240 57 118 109 76 108 117 52 81 110 75 38 115 105,77 85 114 71 72 113 240 57 118 109 76 108 117 52 81 110 75 38 115 105,simulation,db4,energy,13,100,100,0
ALL,W-QDA:qda,25,,0.01,0.026,77 85 114 71 72 113 240 57 118 109 76 108 117 52 81 110 75 38 115 105,77 85 114 71 72 113 240 57 118 109 76 108 117 52 81 110 75 38 115 105,simulation,db4,energy,13,100,100,0
W-NN,W-NN:k=5,14,2.0,0.07,0.102,81 77 76 108 111 79 80 83 110 75 107 114 117 82 109 113 115 106 112 84,81 110 79 80 108 109 111 76 82 77 78 115 75 107 112 113 116 83 114 74,simulation,db4,usage,13,100,100,0
W-QDA,W-QDA:qda,39,1.0,0.02,0.056,81 110 79 80 108 109 111 76 82 77 78 115 75 107 112 113 116 83 114 74,81 110 79 80 108 109 111 76 82 77 78 115 75 107 112 113 116 83 114 74,simulation,db4,usage,13,100,100,0
W-CART,W-CART:cart,25,1.5,0.03,0.112,81 80 108 111 79 110 77 82 109 115 75 76 83 78 114 107 113 117 106 74,81 110 79 80 108 109 111 76 82 77 78 115 75 107 112 113 116 83 114 74,simulation,db4,usage,13,100,100,0
ALL,W-QDA:qda,39,1.0,0.02,0.056,81 110 79 80 108 109 111 76 82 77 78 115 75 107 112 113 116 83 114 74,81 110 79 80 108 109 111 76 82 77 78 115 75 107 112 113 116 83 114 74,simulation,db4,usage,13,100,100,0
W-NN,W-NN:k=15,28,,0.05,0.148,84 108 107 106 81 109 82 73 80 110 119 85 118 83 41 117 116 111 71 170,84 108 107 106 81 109 82 73 80 110 119 85 118 83 41 117 116 111 71 170,simulation,db4,energy,14,100,100,0
W-QDA,W-QDA:qda,5,,0.05,0.086,84 108 107 106 81 109 82 73 80 110 119 85 118 83 41 117 116 111 71 170,84 108 107 106 81 109 82 73 80 110 119 85 118 83 41 117 116 111 71 170,simulation,db4,energy,14,100,100,0
W-CART,W-CART:cart,8,,0.09,0.074,84 108 107 106 81 109 82 73 80 110 119 85 118 83 41 117 116 111 71 170,84 108 107 106 81 109 82 73 80 110 119 85 118 83 41 117 116 111 71 170,simulation,db4,energy,14,100,100,0
ALL,W-QDA:qda,5,,0.05,0.086,84 108 107 106 81 109 82 73 80 110 119 85 118 83 41 117 116 111 71 170,84 108 107 106 81 109 82 73 80 110 119 85 118 83 41 117 116 111 71 170,simulation,db4,energy,14,100,100,0
W-NN,W-NN:k=3,7,2.0,0.03,0.128,109 82 108 77 83 106 113 115 78 110 112 79 80 107 84 76 111 75 81 85,113 80 108 112 82 110 79 106 115 78 83 109 111 107 114 75 76 85 77 84,simulation,db4,usage,14,100,100,0
W-QDA,W-QDA:qda,8,2.0,0.04,0.09,109 82 108 77 83 106 113 115 78 110 112 79 80 107 84 76 111 75 81 85,113 80 108 112 82 110 79 106 115 78 83 109 111 107 114 75 76 85 77 84,simulation,db4,usage,14,100,100,0
W-CART,W-CART:cart,16,3.0,0.07,0.078,82 107 78 80 108 81 83 84 106 109 110 113 73 77 79 115 111 114 105 112,113 80 108 112 82 110 79 106 115 78 83 109 111 107 114 75 76 85 77 84,simulation,db4,usage,14,100,100,0
ALL,W-NN:k=3,7,2.0,0.03,0.128,109 82 108 77 83 106 113 115 78 110 112 79 80 107 84 76 111 75 81 85,113 80 108 112 82 110 79 106 115 78 83 109 111 107 114 75 76 85 77 84,simulation,db4,usage,14,100,100,0
W-NN,W-NN:k=1,19,,0.08,0.122,108 80 78 107 73 83 81 41 109 117 84 112 111 106 74 110 77 118 113 87,108 80 78 107 73 83 81 41 109 117 84 112 111 106 74 110 77 118 113 87,simulation,db4,energy,15,100,100,0
W-QDA,W-QDA:qda,36,,0.03,0.05,108 80 78 107 73 83 81 41 109 117 84 112 111 106 74 110 77 118 113 87,108 80 78 107 73 83 81 41 109 117 84 112 111 106 74 110 77 118 113 87,simulation,db4,energy,15,100,100,0
W-CART,W-CART:cart,14,,0.04,0.116,108 80 78 107 73 83 81 41 109 117 84 112 111 106 74 110 77 118 113 87,108 80 78 107 73 83 81 41 109 117 84 112 111 106 74 110 77 118 113 87,simulation,db4,energy,15,100,100,0
ALL,W-QDA:qda,36,,0.03,0.05,108 80 78 107 73 83 81 41 109 117 84 112 111 106 74 110 77 118 113 87,108 80 78 107 73 83 81 41 109 117 84 112 111 106 74 110 77 118 113 87,simulation,db4,energy,15,100,100,0
W-NN,W-NN:k=9,39,3.0,0.06,0.14,112 80 108 110 111 84 78 113 81 83 77 109 82 79 114 74 107 75 85 116,111 81 82 80 110 113 108 112 77 109 78 83 114 84 79 107 115 76 116 85,simulation,db4,usage,15,100,100,0
W-QDA,W-QDA:qda,33,3.0,0.02,0.056,112 80 108 110 111 84 78 113 81 83 77 109 82 79 114 74 107 75 85 116,111 81 82 80 110 113 108 112 77 109 78 83 114 84 79 107 115 76 116 85,simulation,db4,usage,15,100,100,0
W-CART,W-CART:cart,34,2.0,0.03,0.092,80 112 81 110 82 113 83 108 109 77 84 111 78 79 76 107 114 116 85 74,111 81 82 80 110 113 108 112 77 109 78 83 114 84 79 107 115 76 116 85,simulation,db4,usage,15,100,100,0
ALL,W-QDA:qda,33,3.0,0.02,0.056,112 80 108 110 111 84 78 113 81 83 77 109 82 79 114 74 107 75 85 116,111 81 82 80 110 113 108 112 77 109 78 83 114 84 79 107 115 76 116 85,simulation,db4,usage,15,100,100,0
W-NN,W-NN:k=1,13,,0.06,0.084,102 219 113 156 107 82 73 117 44 103 88 118 83 84 86 109 25 108 105 77,102 219 113 156 107 82 73 117 44 103 88 118 83 84 86 109 25 108 105 77,simulation,db4,energy,16,100,100,0
W-QDA,W-QDA:qda,7,,0.02,0.042,102 219 113 156 107 82 73 117 44 103 88 118 83 84 86 109 25 108 105 77,102 219 113 156 107 82 73 117 44 103 88 118 83 84 86 109 25 108 105 77,simulation,db4,energy,16,100,100,0
W-CART,W-CART:cart,42,,0.08,0.112,102 219 113 156 107 82 73 117 44 103 88 118 83 84 86 109 25 108 105 77,102 219 113 156 107 82 73 117 44 103 88 118 83 84 86 109 25 108 105 77,simulation,db4,energy,16,100,100,0
ALL,W-QDA:qda,7,,0.02,0.042,102 219 113 156 107 82 73 117 44 103 88 118 83 84 86 109 25 108 105 77,102 219 113 156 107 82 73 117 44 103 88 118 83 84 86 109 25 108 105 77,simulation,db4,energy,16,100,100,0
W-NN,W-NN:k=1,32,3.0,0.04,0.108,73 74 75 84 72 106 77 105 108 85 109 113 114 115 116 117 76 82 83 86,75 76 114 74 77 115 73 84 109 112 116 78 81 110 117 83 108 80 106 118,simulation,db4,usage,16,100,100,0
W-QDA,W-QDA:qda,20,3.0,0.01,0.034,73 74 75 84 72 106 77 105 108 85 109 113 114 115 116 117 76 82 83 86,75 76 114 74 77 115 73 84 109 112 116 78 81 110 117 83 108 80 106 118,simulation,db4,usage,16,100,100,0
W-CART,W-CART:cart,5,1.5,0.08,0.104,84 75 114 73 74 76 109 115 116 77 106 108 118 81 117 83 105 110 82 86,75 76 114 74 77 115 73 84 109 112 116 78 81 110 117 83 108 80 106 118,simulation,db4,usage,16,100,100,0
ALL,W-QDA:qda,20,3.0,0.01,0.034,73 74 75 84 72 106 77 105 108 85 109 113 114 115 116 117 76 82 83 86,75 76 114 74 77 115 73 84 109 112 116 78 81 110 117 83 108 80 106 118,simulation,db4,usage,16,100,100,0
W-NN,W-NN:k=9,46,,0.04,0.166,76 77 114 57 115 110 81 154 113 229 111 75 107 72 56 89 82 112 78 116,76 77 114 57 115 110 81 154 113 229 111 75 107 72 56 89 82 112 78 116,simulation,db4,energy,17,100,100,0
W-QDA,W-QDA:qda,33,,0.0,0.038,76 77 114 57 115 110 81 154 113 229 111 75 107 72 56 89 82 112 78 116,76 77 114 57 115 110 81 154 113 229 111 75 107 72 56 89 82 112 78 116,simulation,db4,energy,17,100,100,0
W-CART,W-CART:cart,17,,0.04,0.09,76 77 114 57 115 110 81 154 113 229 111 75 107 72 56 89 82 112 78 116,76 77 114 57 115 110 81 154 113 229 111 75 107 72 56 89 82 112 78 116,simulation,db4,energy,17,100,100,0
ALL,W-QDA:qda,33,,0.0,0.038,76 77 114 57 115 110 81 154 113 229 111 75 107 72 56 89 82 112 78 116,76 77 114 57 115 110 81 154 113 229 111 75 107 72 56 89 82 112 78 116,simulation,db4,energy,17,100,100,0
W-NN,W-NN:k=3,37,3.0,0.02,0.104,110 113 111 109 114 115 79 76 77 81 82 108 112 78 107 116 85 80 75 106,111 114 109 78 110 112 108 80 113 79 81 107 115 77 82 84 76 106 116 75,simulation,db4,usage,17,100,100,0
W-QDA,W-QDA:qda,31,3.0,0.02,0.054,110 113 111 109 114 115 79 76 77 81 82 108 112 78 107 116 85 80 75 106,111 114 109 78 110 112 108 80 113 79 81 107 115 77 82 84 76 106 116 75,simulation,db4,usage,17,100,100,0
W-CART,W-CART:cart,40,3.0,0.03,0.088,110 113 111 109 114 115 79 76 77 81 82 108 112 78 107 116 85 80 75 106,111 114 109 78 110 112 108 80 113 79 81 107 115 77 82 84 76 106 116 75,simulation,db4,usage,17,100,100,0
ALL,W-QDA:qda,31,3.0,0.02,0.054,110 113 111 109 114 115 79 76 77 81 82 108 112 78 107 116 85 80 75 106,111 114 109 78 110 112 108 80 113 79 81 107 115 77 82 84 76 106 116 75,simulation,db4,usage,17,100,100,0
W-NN,W-NN:k=1,17,,0.03,0.082,74 83 114 108 116 115 79 41 86 107 111 76 36 118 84 119 104 78 73 105,74 83 114 108 116 115 79 41 86 107 111 76 36 118 84 119 104 78 73 105,simulation,db4,energy,18,100,100,0
W-QDA,W-QDA:qda,37,,0.01,0.02,74 83 114 108 116 115 79 41 86 107 111 76 36 118 84 119 104 78 73 105,74 83 114 108 116 115 79 41 86 107 111 76 36 118 84 119 104 78 73 105,simulation,db4,energy,18,100,100,0
W-CART,W-CART:cart,28,,0.06,0.098,74 83 114 108 116 115 79 41 86 107 111 76 36 118 84 119 104 78 73 105,74 83 114 108 116 115 79 41 86 107 111 76 36 118 84 119 104 78 73 105,simulation,db4,energy,18,100,100,0
ALL,W-QDA:qda,37,,0.01,0.02,74 83 114 108 116 115 79 41 86 107 111 76 36 118 84 119 104 78 73 105,74 83 114 108 116 115 79 41 86 107 111 76 36 118 84 119 104 78 73 105,simulation,db4,energy,18,100,100,0
W-NN,W-NN:k=1,10,3.0,0.04,0.084,79 106 107 76 116 75 77 83 108 114 81 86 105 78 80 111 115 74 82 84,80 83 110 109 111 112 81 82 108 79 76 113 77 107 84 75 78 116 106 74,simulation,db4,usage,18,100,100,0
W-QDA,W-QDA:qda,24,2.0,0.01,0.02,82 83 109 79 80 81 107 108 78 111 76 112 113 75 106 114 115 116 77 84,80 83 110 109 111 112 81 82 108 79 76 113 77 107 84 75 78 116 106 74,simulation,db4,usage,18,100,100,0
W-CART,W-CART:cart,35,3.0,0.06,0.098,79 106 107 76 116 75 77 83 108 114 81 86 105 78 80 111 115 74 82 84,80 83 110 109 111 112 81 82 108 79 76 113 77 107 84 75 78 116 106 74,simulation,db4,usage,18,100,100,0
ALL,W-QDA:qda,24,2.0,0.01,0.02,82 83 109 79 80 81 107 108 78 111 76 112 113 75 106 114 115 116 77 84,80 83 110 109 111 112 81 82 108 79 76 113 77 107 84 75 78 116 106 74,simulation,db4,usage,18,100,100,0
W-NN,W-NN:k=1,7,,0.09,0.104,84 115 168 75 104 114 107 215 105 83 86 77 116 111 76 113 87 78 108 53,84 115 168 75 104 114 107 215 105 83 86 77 116 111 76 113 87 78 108 53,simulation,db4,energy,19,100,100,0
W-QDA,W-QDA:qda,17,,0.05,0.054,84 115 168 75 104 114 107 215 105 83 86 77 116 111 76 113 87 78 108 53,84 115 168 75 104 114 107 215 105 83 86 77 116 111 76 113 87 78 108 53,simulation,db4,energy,19,100,100,0
W-CART,W-CART:cart,39,,0.08,0.116,84 115 168 75 104 114 107 215 105 83 86 77 116 111 76 113 87 78 108 53,84 115 168 75 104 114 107 215 105 83 86 77 116 111 76 113 87 78 108 53,simulation,db4,energy,19,100,100,0
ALL,W-QDA:qda,17,,0.05,0.054,84 115 168 75 104 114 107 215 105 83 86 77 116 111 76 113 87 78 108 53,84 115 168 75 104 114 107 215 105 83 86 77 116 111 76 113 87 78 108 53,simulation,db4,energy,19,100,100,0
W-NN,W-NN:k=3,14,3.0,0.09,0.094,75 79 114 83 112 115 107 77 82 113 76 78 109 116 106 108 110 80 81 84,78 79 111 112 80 113 83 114 77 81 110 107 109 82 84 75 76 85 108 115,simulation,db4,usage,19,100,100,0
W-QDA,W-QDA:qda,13,1.5,0.06,0.068,79 111 112 114 77 78 80 110 83 113 81 107 85 84 108 109 115 116 117 75,78 79 111 112 80 113 83 114 77 81 110 107 109 82 84 75 76 85 108 115,simulation,db4,usage,19,100,100,0
W-CART,W-CART:cart,27,0.5,0.08,0.116,112 79 111 114 110 78 80 113 77 83 76 81 109 82 108 107 115 106 75 84,78 79 111 112 80 113 83 114 77 81 110 107 109 82 84 75 76 85 108 115,simulation,db4,usage,19,100,100,0
ALL,W-QDA:qda,13,1.5,0.06,0.068,79 111 112 114 77 78 80 110 83 113 81 107 85 84 108 109 115 116 117 75,78 79 111 112 80 113 83 114 77 81 110 107 109 82 84 75 76 85 108 115,simulation,db4,usage,19,100,100,0
W-NN,W-NN:k=5,44,,0.03,0.066,82 109 106 112 85 81 79 78 107 57 111 108 105 80 113 115 42 77 76 86,82 109 106 112 85 81 79 78 107 57 111 108 105 80 113 115 42 77 76 86,simulation,db4,energy,20,100,100,0
W-QDA,W-QDA:qda,24,,0.01,0.036,82 109 106 112 85 81 79 78 107 57 111 108 105 80 113 115 42 77 76 86,82 109 106 112 85 81 79 78 107 57 111 108 105 80 113 115 42 77 76 86,simulation,db4,energy,20,100,100,0
W-CART,W-CART:cart,25,,0.03,0.076,82 109 106 112 85 81 79 78 107 57 111 108 105 80 113 115 42 77 76 86,82 109 106 112 85 81 79 78 107 57 111 108 105 80 113 115 42 77 76 86,simulation,db4,energy,20,100,100,0
ALL,W-QDA:qda,24,,0.01,0.036,82 109 106 112 85 81 79 78 107 57 111 108 105 80 113 115 42 77 76 86,82 109 106 112 85 81 79 78 107 57 111 108 105 80 113 115 42 77 76 86,simulation,db4,energy,20,100,100,0
W-NN,W-NN:k=3,5,3.0,0.07,0.092,81 79 82 78 107 80 106 109 108 77 85 84 110 113 86 111 105 75 83 112,81 80 82 78 107 109 79 108 111 84 85 110 112 77 106 113 83 86 76 105,simulation,db4,usage,20,100,100,0
W-QDA,W-QDA:qda,22,0.5,0.01,0.072,107 82 81 84 108 79 80 110 111 83 109 112 78 106 85 113 77 114 76 224,81 80 82 78 107 109 79 108 111 84 85 110 112 77 106 113 83 86 76 105,simulation,db4,usage,20,100,100,0
W-CART,W-CART:cart,21,1.0,0.03,0.078,81 80 82 78 107 109 79 108 111 84 85 110 112 77 106 113 83 86 76 105,81 80 82 78 107 109 79 108 111 84 85 110 112 77 106 113 83 86 76 105,simulation,db4,usage,20,100,100,0
ALL,W-QDA:qda,22,0.5,0.01,0.072,107 82 81 84 108 79 80 110 111 83 109 112 78 106 85 113 77 114 76 224,81 80 82 78 107 109 79 108 111 84 85 110 112 77 106 113 83 86 76 105,simulation,db4,usage,20,100,100,0
W-NN,W-NN:k=1,33,,0.07,0.116,76 109 107 108 84 82 77 81 85 113 83 120 106 114 79 111 42 110 78 80,76 109 107 108 84 82 77 81 85 113 83 120 106 114 79 111 42 110 78 80,simulation,db4,energy,21,100,100,0
W-QDA,W-QDA:qda,30,,0.05,0.042,76 109 107 108 84 82 77 81 85 113 83 120 106 114 79 111 42 110 78 80,76 109 107 108 84 82 77 81 85 113 83 120 106 114 79 111 42 110 78 80,simulation,db4,energy,21,100,100,0
W-CART,W-CART:cart,23,,0.1,0.104,76 109 107 108 84 82 77 81 85 113 83 120 106 114 79 111 42 110 78 80,76 109 107 108 84 82 77 81 85 113 83 120 106 114 79 111 42 110 78 80,simulation,db4,energy,21,100,100,0
ALL,W-QDA:qda,30,,0.05,0.042,76 109 107 108 84 82 77 81 85 113 83 120 106 114 79 111 42 110 78 80,76 109 107 108 84 82 77 81 85 113 83 120 106 114 79 111 42 110 78 80,simulation,db4,energy,21,100,100,0
W-NN,W-NN:k=3,14,2.0,0.09,0.122,82 109 110 81 80 108 77 107 113 79 106 76 111 112 78 83 84 85 105 114,82 108 81 109 110 80 107 111 79 113 106 78 76 77 112 83 84 114 115 75,simulation,db4,usage,21,100,100,0
W-QDA,W-QDA:qda,30,2.0,0.06,0.048,82 109 110 81 80 108 77 107 113 79 106 76 111 112 78 83 84 85 105 114,82 108 81 109 110 80 107 111 79 113 106 78 76 77 112 83 84 114 115 75,simulation,db4,usage,21,100,100,0
W-CART,W-CART:cart,12,3.0,0.07,0.11,108 82 81 107 109 110 83 85 76 77 78 80 106 113 111 84 105 114 79 112,82 108 81 109 110 80 107 111 79 113 106 78 76 77 112 83 84 114 115 75,simulation,db4,usage,21,100,100,0
ALL,W-QDA:qda,30,2.0,0.06,0.048,82 109 110 81 80 108 77 107 113 79 106 76 111 112 78 83 84 85 105 114,82 108 81 109 110 80 107 111 79 113 106 78 76 77 112 83 84 114 115 75,simulation,db4,usage,21,100,100,0
W-NN,W-NN:k=3,5,,0.03,0.118,115 116 118 86 117 84 87 52 110 114 108 71 107 111 119 120 85 75 73 72,115 116 118 86 117 84 87 52 110 114 108 71 107 111 119 120 85 75 73 72,simulation,db4,energy,22,100,100,0
W-QDA,W-QDA:qda,4,,0.02,0.076,115 116 118 86 117 84 87 52 110 114 108 71 107 111 119 120 85 75 73 72,115 116 118 86 117 84 87 52 110 114 108 71 107 111 119 120 85 75 73 72,simulation,db4,energy,22,100,100,0
W-CART,W-CART:cart,5,,0.05,0.104,115 116 118 86 117 84 87 52 110 114 108 71 107 111 119 120 85 75 73 72,115 116 118 86 117 84 87 52 110 114 108 71 107 111 119 120 85 75 73 72,simulation,db4,energy,22,100,100,0
ALL,W-QDA:qda,4,,0.02,0.076,115 116 118 86 117 84 87 52 110 114 108 71 107 111 119 120 85 75 73 72,115 116 118 86 117 84 87 52 110 114 108 71 107 111 119 120 85 75 73 72,simulation,db4,energy,22,100,100,0
W-NN,W-NN:k=1,4,2.0,0.05,0.158,115 116 117 76 77 75 109 113 78 79 118 74 114 80 110 111 72 73 112 82,78 79 76 115 77 74 80 113 75 110 111 116 117 118 81 112 114 109 108 73,simulation,db4,usage,22,100,100,0
W-QDA,W-QDA:qda,3,2.0,0.06,0.136,115 116 117 76 77 75 109 113 78 79 118 74 114 80 110 111 72 73 112 82,78 79 76 115 77 74 80 113 75 110 111 116 117 118 81 112 114 109 108 73,simulation,db4,usage,22,100,100,0
W-CART,W-CART:cart,59,1.0,0.04,0.106,78 79 76 115 77 74 80 113 75 110 111 116 117 118 81 112 114 109 108 73,78 79 76 115 77 74 80 113 75 110 111 116 117 118 81 112 114 109 108 73,simulation,db4,usage,22,100,100,0
ALL,W-CART:cart,59,1.0,0.04,0.106,78 79 76 115 77 74 80 113 75 110 111 116 117 118 81 112 114 109 108 73,78 79 76 115 77 74 80 113 75 110 111 116 117 118 81 112 114 109 108 73,simulation,db4,usage,22,100,100,0
W-NN,W-NN:k=1,7,,0.07,0.126,81 110 55 79 72 114 76 111 59 80 78 113 118 77 82 73 117 38 57 87,81 110 55 79 72 114 76 111 59 80 78 113 118 77 82 73 117 38 57 87,simulation,db4,energy,23,100,100,0
W-QDA,W-QDA:qda,6,,0.04,0.046,81 110 55 79 72 114 76 111 59 80 78 113 118 77 82 73 117 38 57 87,81 110 55 79 72 114 76 111 59 80 78 113 118 77 82 73 117 38 57 87,simulation,db4,energy,23,100,100,0
W-CART,W-CART:cart,18,,0.04,0.062,81 110 55 79 72 114 76 111 59 80 78 113 118 77 82 73 117 38 57 87,81 110 55 79 72 114 76 111 59 80 78 113 118 77 82 73 117 38 57 87,simulation,db4,energy,23,100,100,0
ALL,W-QDA:qda,6,,0.04,0.046,81 110 55 79 72 114 76 111 59 80 78 113 118 77 82 73 117 38 57 87,81 110 55 79 72 114 76 111 59 80 78 113 118 77 82 73 117 38 57 87,simulation,db4,energy,23,100,100,0
W-NN,W-NN:k=1,14,1.0,0.03,0.15,78 79 81 110 113 80 111 82 112 76 77 109 75 114 115 116 84 108 117 74,78 79 81 110 113 80 111 82 112 76 77 109 75 114 115 116 84 108 117 74,simulation,db4,usage,23,100,100,0
W-QDA,W-QDA:qda,23,1.5,0.03,0.036,78 80 79 82 110 76 81 113 77 84 111 116 112 114 75 107 109 117 83 73,78 79 81 110 113 80 111 82 112 76 77 109 75 114 115 116 84 108 117 74,simulation,db4,usage,23,100,100,0
W-CART,W-CART:cart,16,3.0,0.05,0.1,78 79 80 110 111 77 116 76 81 82 112 114 117 113 84 107 75 83 85 106,78 79 81 110 113 80 111 82 112 76 77 109 75 114 115 116 84 108 117 74,simulation,db4,usage,23,100,100,0
ALL,W-NN:k=1,14,1.0,0.03,0.15,78 79 81 110 113 80 111 82 112 76 77 109 75 114 115 116 84 108 117 74,78 79 81 110 113 80 111 82 112 76 77 109 75 114 115 116 84 108 117 74,simulation,db4,usage,23,100,100,0
W-NN,W-NN:k=1,6,,0.04,0.056,119 106 86 85 105 73 108 83 118 75 82 84 104 72 109 103 116 107 115 74,119 106 86 85 105 73 108 83 118 75 82 84 104 72 109 103 116 107 115 74,simulation,db4,energy,24,100,100,0
W-QDA,W-QDA:qda,35,,0.02,0.034,119 106 86 85 105 73 108 83 118 75 82 84 104 72 109 103 116 107 115 74,119 106 86 85 105 73 108 83 118 75 82 84 104 72 109 103 116 107 115 74,simulation,db4,energy,24,100,100,0
W-CART,W-CART:cart,39,,0.06,0.096,119 106 86 85 105 73 108 83 118 75 82 84 104 72 109 103 116 107 115 74,119 106 86 85 105 73 108 83 118 75 82 84 104 72 109 103 116 107 115 74,simulation,db4,energy,24,100,100,0
ALL,W-QDA:qda,35,,0.02,0.034,119 106 86 85 105 73 108 83 118 75 82 84 104 72 109 103 116 107 115 74,119 106 86 85 105 73 108 83 118 75 82 84 104 72 109 103 116 107 115 74,simulation,db4,energy,24,100,100,0
W-NN,W-NN:k=5,17,3.0,0.03,0.098,107 108 109 83 84 85 72 113 76 78 114 80 112 73 77 86 104 106 115 74,79 114 77 112 75 80 84 108 109 111 76 113 78 110 82 116 115 74 83 106,simulation,db4,usage,24,100,100,0
W-QDA,W-QDA:qda,24,3.0,0.02,0.038,107 108 109 83 84 85 72 113 76 78 114 80 112 73 77 86 104 106 115 74,79 114 77 112 75 80 84 108 109 111 76 113 78 110 82 116 115 74 83 106,simulation,db4,usage,24,100,100,0
W-CART,W-CART:cart,25,2.0,0.06,0.104,113 77 108 109 114 112 85 83 107 76 80 84 115 72 79 106 73 74 75 82,79 114 77 112 75 80 84 108 109 111 76 113 78 110 82 116 115 74 83 106,simulation,db4,usage,24,100,100,0
ALL,W-QDA:qda,24,3.0,0.02,0.038,107 108 109 83 84 85 72 113 76 78 114 80 112 73 77 86 104 106 115 74,79 114 77 112 75 80 84 108 109 111 76 113 78 110 82 116 115 74 83 106,simulation,db4,usage,24,100,100,0
W-NN,W-NN:k=3,13,,0.06,0.138,78 56 113 103 116 118 115 114 119 120 88 104 84 117 79 77 112 37 76 106,78 56 113 103 116 118 115 114 119 120 88 104 84 117 79 77 112 37 76 106,simulation,db4,energy,25,100,100,0
W-QDA,W-QDA:qda,13,,0.03,0.046,78 56 113 103 116 118 115 114 119 120 88 104 84 117 79 77 112 37 76 106,78 56 113 103 116 118 115 114 119 120 88 104 84 117 79 77 112 37 76 106,simulation,db4,energy,25,100,100,0
W-CART,W-CART:cart,64,,0.05,0.096,78 56 113 103 116 118 115 114 119 120 88 104 84 117 79 77 112 37 76 106,78 56 113 103 116 118 115 114 119 120 88 104 84 117 79 77 112 37 76 106,simulation,db4,energy,25,100,100,0
ALL,W-QDA:qda,13,,0.03,0.046,78 56 113 103 116 118 115 114 119 120 88 104 84 117 79 77 112 37 76 106,78 56 113 103 116 118 115 114 119 120 88 104 84 117 79 77 112 37 76 106,simulation,db4,energy,25,100,100,0
W-NN,W-NN:k=1,39,0.5,0.06,0.122,76 79 113 78 112 114 77 80 111 115 109 75 110 116 83 108 82 117 81 74,76 78 113 114 79 80 115 75 116 77 111 112 108 110 117 74 82 109 81 84,simulation,db4,usage,25,100,100,0
W-QDA,W-QDA:qda,27,0.5,0.02,0.038,76 79 113 78 112 114 77 80 111 115 109 75 110 116 83 108 82 117 81 74,76 78 113 114 79 80 115 75 116 77 111 112 108 110 117 74 82 109 81 84,simulation,db4,usage,25,100,100,0
W-CART,W-CART:cart,64,3.0,0.04,0.09,76 115 78 113 116 118 74 75 114 77 79 117 84 106 112 73 80 107 72 111,76 78 113 114 79 80 115 75 116 77 111 112 108 110 117 74 82 109 81 84,simulation,db4,usage,25,100,100,0
ALL,W-QDA:qda,27,0.5,0.02,0.038,76 79 113 78 112 114 77 80 111 115 109 75 110 116 83 108 82 117 81 74,76 78 113 114 79 80 115 75 116 77 111 112 108 110 117 74 82 109 81 84,simulation,db4,usage,25,100,100,0
W-NN,W-NN:k=1,20,,0.06,0.084,83 216 167 41 107 54 109 77 53 163 433 334 108 75 219 42 115 80 114 38,83 216 167 41 107 54 109 77 53 163 433 334 108 75 219 42 115 80 114 38,simulation,db4,energy,26,100,100,0
W-QDA,W-QDA:qda,30,,0.02,0.048,83 216 167 41 107 54 109 77 53 163 433 334 108 75 219 42 115 80 114 38,83 216 167 41 107 54 109 77 53 163 433 334 108 75 219 42 115 80 114 38,simulation,db4,energy,26,100,100,0
W-CART,W-CART:cart,43,,0.04,0.066,83 216 167 41 107 54 109 77 53 163 433 334 108 75 219 42 115 80 114 38,83 216 167 41 107 54 109 77 53 163 433 334 108 75 219 42 115 80 114 38,simulation,db4,energy,26,100,100,0
ALL,W-QDA:qda,30,,0.02,0.048,83 216 167 41 107 54 109 77 53 163 433 334 108 75 219 42 115 80 114 38,83 216 167 41 107 54 109 77 53 163 433 334 108 75 219 42 115 80 114 38,simulation,db4,energy,26,100,100,0
W-NN,W-NN:k=9,35,2.0,0.05,0.112,78 79 82 113 112 81 111 114 77 80 108 109 83 110 107 76 74 75 84 116,108 78 80 81 112 113 109 111 77 107 110 76 79 82 83 114 75 116 84 85,simulation,db4,usage,26,100,100,0
W-QDA,W-QDA:qda,29,1.0,0.02,0.018,108 78 80 81 112 113 109 111 77 107 110 76 79 82 83 114 75 116 84 85,108 78 80 81 112 113 109 111 77 107 110 76 79 82 83 114 75 116 84 85,simulation,db4,usage,26,100,100,0
W-CART,W-CART:cart,28,1.0,0.05,0.084,108 78 80 81 112 113 109 111 77 107 110 76 79 82 83 114 75 116 84 85,108 78 80 81 112 113 109 111 77 107 110 76 79 82 83 114 75 116 84 85,simulation,db4,usage,26,100,100,0
ALL,W-QDA:qda,29,1.0,0.02,0.018,108 78 80 81 112 113 109 111 77 107 110 76 79 82 83 114 75 116 84 85,108 78 80 81 112 113 109 111 77 107 110 76 79 82 83 114 75 116 84 85,simulation,db4,usage,26,100,100,0
W-NN,W-NN:k=1,3,,0.07,0.128,112 105 85 86 78 106 52 71 113 84 79 111 39 211 82 72 80 117 116 119,112 105 85 86 78 106 52 71 113 84 79 111 39 211 82 72 80 117 116 119,simulation,db4,energy,27,100,100,0
W-QDA,W-QDA:qda,21,,0.03,0.08,112 105 85 86 78 106 52 71 113 84 79 111 39 211 82 72 80 117 116 119,112 105 85 86 78 106 52 71 113 84 79 111 39 211 82 72 80 117 116 119,simulation,db4,energy,27,100,100,0
W-CART,W-CART:cart,57,,0.11,0.104,112 105 85 86 78 106 52 71 113 84 79 111 39 211 82 72 80 117 116 119,112 105 85 86 78 106 52 71 113 84 79 111 39 211 82 72 80 117 116 119,simulation,db4,energy,27,100,100,0
ALL,W-QDA:qda,21,,0.03,0.08,112 105 85 86 78 106 52 71 113 84 79 111 39 211 82 72 80 117 116 119,112 105 85 86 78 106 52 71 113 84 79 111 39 211 82 72 80 117 116 119,simulation,db4,energy,27,100,100,0
W-NN,W-NN:k=3,51,0.5,0.05,0.096,77 112 111 76 78 113 108 109 114 110 115 79 80 75 107 82 83 81 116 84,112 113 76 77 79 108 110 78 80 109 111 81 106 84 74 75 105 115 83 107,simulation,db4,usage,27,100,100,0
W-QDA,W-QDA:qda,26,1.0,0.04,0.1,112 113 76 77 79 108 110 78 80 109 111 81 106 84 74 75 105 115 83 107,112 113 76 77 79 108 110 78 80 109 111 81 106 84 74 75 105 115 83 107,simulation,db4,usage,27,100,100,0
W-CART,W-CART:cart,20,0.5,0.08,0.138,77 112 111 76 78 113 108 109 114 110 115 79 80 75 107 82 83 81 116 84,112 113 76 77 79 108 110 78 80 109 111 81 106 84 74 75 105 115 83 107,simulation,db4,usage,27,100,100,0
ALL,W-QDA:qda,26,1.0,0.04,0.1,112 113 76 77 79 108 110 78 80 109 111 81 106 84 74 75 105 115 83 107,112 113 76 77 79 108 110 78 80 109 111 81 106 84 74 75 105 115 83 107,simulation,db4,usage,27,100,100,0
W-NN,W-NN:k=3,15,,0.04,0.042,109 82 114 77 115 54 84 85 76 87 104 73 81 118 120 80 119 117 105 86,109 82 114 77 115 54 84 85 76 87 104 73 81 118 120 80 119 117 105 86,simulation,db4,energy,28,100,100,0
W-QDA,W-QDA:qda,12,,0.05,0.036,109 82 114 77 115 54 84 85 76 87 104 73 81 118 120 80 119 117 105 86,109 82 114 77 115 54 84 85 76 87 104 73 81 118 120 80 119 117 105 86,simulation,db4,energy,28,100,100,0
W-CART,W-CART:cart,14,,0.1,0.126,109 82 114 77 115 54 84 85 76 87 104 73 81 118 120 80 119 117 105 86,109 82 114 77 115 54 84 85 76 87 104 73 81 118 120 80 119 117 105 86,simulation,db4,energy,28,100,100,0
ALL,W-NN:k=3,15,,0.04,0.042,109 82 114 77 115 54 84 85 76 87 104 73 81 118 120 80 119 117 105 86,109 82 114 77 115 54 84 85 76 87 104 73 81 118 120 80 119 117 105 86,simulation,db4,energy,28,100,100,0
W-NN,W-NN:k=7,11,1.5,0.06,0.122,81 109 115 83 111 113 78 79 77 82 108 116 114 117 84 85 74 80 86 105,77 113 115 78 81 114 76 109 75 82 83 111 116 79 108 112 84 110 117 85,simulation,db4,usage,28,100,100,0
W-QDA,W-QDA:qda,10,1.0,0.03,0.07,77 113 115 78 81 114 76 109 75 82 83 111 116 79 108 112 84 110 117 85,77 113 115 78 81 114 76 109 75 82 83 111 116 79 108 112 84 110 117 85,simulation,db4,usage,28,100,100,0
W-CART,W-CART:cart,17,2.0,0.07,0.126,83 113 82 111 78 81 109 79 85 115 117 84 108 106 114 76 77 80 105 110,77 113 115 78 81 114 76 109 75 82 83 111 116 79 108 112 84 110 117 85,simulation,db4,usage,28,100,100,0
ALL,W-QDA:qda,10,1.0,0.03,0.07,77 113 115 78 81 114 76 109 75 82 83 111 116 79 108 112 84 110 117 85,77 113 115 78 81 114 76 109 75 82 83 111 116 79 108 112 84 110 117 85,simulation,db4,usage,28,100,100,0
W-NN,W-NN:k=5,30,,0.05,0.088,111 112 110 39 80 84 81 53 223 118 85 117 74 114 77 76 113 115 104 73,111 112 110 39 80 84 81 53 223 118 85 117 74 114 77 76 113 115 104 73,simulation,db4,energy,29,100,100,0
W-QDA,W-QDA:qda,23,,0.04,0.048,111 112 110 39 80 84 81 53 223 118 85 117 74 114 77 76 113 115 104 73,111 112 110 39 80 84 81 53 223 118 85 117 74 114 77 76 113 115 104 73,simulation,db4,energy,29,100,100,0
W-CART,W-CART:cart,16,,0.09,0.114,111 112 110 39 80 84 81 53 223 118 85 117 74 114 77 76 113 115 104 73,111 112 110 39 80 84 81 53 223 118 85 117 74 114 77 76 113 115 104 73,simulation,db4,energy,29,100,100,0
ALL,W-QDA:qda,23,,0.04,0.048,111 112 110 39 80 84 81 53 223 118 85 117 74 114 77 76 113 115 104 73,111 112 110 39 80 84 81 53 223 118 85 117 74 114 77 76 113 115 104 73,simulation,db4,energy,29,100,100,0
W-NN,W-NN:k=1,9,3.0,0.08,0.16,112 115 74 76 75 81 117 118 78 79 114 116 77 110 113 119 111 84 85 82,78 77 113 114 79 110 111 112 115 116 81 76 80 109 74 82 75 107 108 117,simulation,db4,usage,29,100,100,0
W-QDA,W-QDA:qda,7,3.0,0.03,0.082,112 115 74 76 75 81 117 118 78 79 114 116 77 110 113 119 111 84 85 82,78 77 113 114 79 110 111 112 115 116 81 76 80 109 74 82 75 107 108 117,simulation,db4,usage,29,100,100,0
W-CART,W-CART:cart,29,0.5,0.08,0.084,78 79 113 81 111 114 77 80 112 110 82 83 109 115 116 76 108 75 107 84,78 77 113 114 79 110 111 112 115 116 81 76 80 109 74 82 75 107 108 117,simulation,db4,usage,29,100,100,0
ALL,W-QDA:qda,7,3.0,0.03,0.082,112 115 74 76 75 81 117 118 78 79 114 116 77 110 113 119 111 84 85 82,78 77 113 114 79 110 111 112 115 116 81 76 80 109 74 82 75 107 108 117,simulation,db4,usage,29,100,100,0
W-NN,W-NN:k=3,4,,0.08,0.12,170 106 42 213 78 79 113 112 26 53 74 84 73 75 85 117 52 118 111 110,170 106 42 213 78 79 113 112 26 53 74 84 73 75 85 117 52 118 111 110,simulation,db4,energy,30,100,100,0
W-QDA,W-QDA:qda,29,,0.0,0.034,170 106 42 213 78 79 113 112 26 53 74 84 73 75 85 117 52 118 111 110,170 106 42 213 78 79 113 112 26 53 74 84 73 75 85 117 52 118 111 110,simulation,db4,energy,30,100,100,0
W-CART,W-CART:cart,57,,0.1,0.07,170 106 42 213 78 79 113 112 26 53 74 84 73 75 85 117 52 118 111 110,170 106 42 213 78 79 113 112 26 53 74 84 73 75 85 117 52 118 111 110,simulation,db4,energy,30,100,100,0
ALL,W-QDA:qda,29,,0.0,0.034,170 106 42 213 78 79 113 112 26 53 74 84 73 75 85 117 52 118 111 110,170 106 42 213 78 79 113 112 26 53 74 84 73 75 85 117 52 118 111 110,simulation,db4,energy,30,100,100,0
W-NN,W-NN:k=9,2,3.0,0.08,0.096,75 73 76 114 115 117 74 111 113 116 118 77 79 82 110 112 78 109 80 83,75 114 74 111 115 78 112 77 113 116 117 76 79 110 108 118 72 73 80 81,simulation,db4,usage,30,100,100,0
W-QDA,W-QDA:qda,27,1.0,0.01,0.028,75 114 74 111 115 78 112 77 113 116 117 76 79 110 108 118 72 73 80 81,75 114 74 111 115 78 112 77 113 116 117 76 79 110 108 118 72 73 80 81,simulation,db4,usage,30,100,100,0
W-CART,W-CART:cart,4,2.0,0.09,0.1,75 74 114 116 73 79 115 113 117 110 118 76 77 111 112 78 109 81 82 83,75 114 74 111 115 78 112 77 113 116 117 76 79 110 108 118 72 73 80 81,simulation,db4,usage,30,100,100,0
ALL,W-QDA:qda,27,1.0,0.01,0.028,75 114 74 111 115 78 112 77 113 116 117 76 79 110 108 118 72 73 80 81,75 114 74 111 115 78 112 77 113 116 117 76 79 110 108 118 72 73 80 81,simulation,db4,usage,30,100,100,0
W-NN,W-NN:k=3,12,,0.09,0.118,79 112 110 82 80 111 78 81 83 118 109 108 38 113 56 39 106 84 114 73,79 112 110 82 80 111 78 81 83 118 109 108 38 113 56 39 106 84 114 73,simulation,db4,energy,31,100,100,0
W-QDA,W-QDA:qda,37,,0.02,0.028,79 112 110 82 80 111 78 81 83 118 109 108 38 113 56 39 106 84 114 73,79 112 110 82 80 111 78 81 83 118 109 108 38 113 56 39 106 84 114 73,simulation,db4,energy,31,100,100,0
W-CART,W-CART:cart,20,,0.04,0.078,79 112 110 82 80 111 78 81 83 118 109 108 38 113 56 39 106 84 114 73,79 112 110 82 80 111 78 81 83 118 109 108 38 113 56 39 106 84 114 73,simulation,db4,energy,31,100,100,0
ALL,W-QDA:qda,37,,0.02,0.028,79 112 110 82 80 111 78 81 83 118 109 108 38 113 56 39 106 84 114 73,79 112 110 82 80 111 78 81 83 118 109 108 38 113 56 39 106 84 114 73,simulation,db4,energy,31,100,100,0
W-NN,W-NN:k=15,34,3.0,0.07,0.114,110 109 112 79 83 81 80 82 76 106 111 84 113 78 114 108 117 74 85 107,79 113 78 80 110 111 83 109 112 114 81 82 108 76 77 115 116 75 84 107,simulation,db4,usage,31,100,100,0
W-QDA,W-QDA:qda,19,3.0,0.03,0.034,110 109 112 79 83 81 80 82 76 106 111 84 113 78 114 108 117 74 85 107,79 113 78 80 110 111 83 109 112 114 81 82 108 76 77 115 116 75 84 107,simulation,db4,usage,31,100,100,0
W-CART,W-CART:cart,53,0.5,0.04,0.086,111 79 109 80 81 112 110 113 78 114 82 83 108 115 75 77 84 116 76 107,79 113 78 80 110 111 83 109 112 114 81 82 108 76 77 115 116 75 84 107,simulation,db4,usage,31,100,100,0
ALL,W-QDA:qda,19,3.0,0.03,0.034,110 109 112 79 83 81 80 82 76 106 111 84 113 78 114 108 117 74 85 107,79 113 78 80 110 111 83 109 112 114 81 82 108 76 77 115 116 75 84 107,simulation,db4,usage,31,100,100,0
W-NN,W-NN:k=3,36,,0.05,0.058,83 88 80 110 86 107 103 82 111 216 85 119 87 117 75 57 109 106 116 115,83 88 80 110 86 107 103 82 111 216 85 119 87 117 75 57 109 106 116 115,simulation,db4,energy,32,100,100,0
W-QDA,W-QDA:qda,29,,0.02,0.038,83 88 80 110 86 107 103 82 111 216 85 119 87 117 75 57 109 106 116 115,83 88 80 110 86 107 103 82 111 216 85 119 87 117 75 57 109 106 116 115,simulation,db4,energy,32,100,100,0
W-CART,W-CART:cart,13,,0.07,0.066,83 88 80 110 86 107 103 82 111 216 85 119 87 117 75 57 109 106 116 115,83 88 80 110 86 107 103 82 111 216 85 119 87 117 75 57 109 106 116 115,simulation,db4,energy,32,100,100,0
ALL,W-QDA:qda,29,,0.02,0.038,83 88 80 110 86 107 103 82 111 216 85 119 87 117 75 57 109 106 116 115,83 88 80 110 86 107 103 82 111 216 85 119 87 117 75 57 109 106 116 115,simulation,db4,energy,32,100,100,0
W-NN,W-NN:k=3,11,2.0,0.02,0.068,80 81 108 110 111 107 112 116 84 117 77 109 82 83 106 76 114 119 73 74,110 80 81 112 79 84 107 108 109 113 111 114 116 77 82 78 74 83 115 75,simulation,db4,usage,32,100,100,0
W-QDA,W-QDA:qda,39,0.5,0.01,0.046,80 109 81 111 79 110 114 76 77 83 108 112 113 78 82 115 116 84 107 75,110 80 81 112 79 84 107 108 109 113 111 114 116 77 82 78 74 83 115 75,simulation,db4,usage,32,100,100,0
W-CART,W-CART:cart,17,1.0,0.06,0.12,110 80 81 112 79 84 107 108 109 113 111 114 116 77 82 78 74 83 115 75,110 80 81 112 79 84 107 108 109 113 111 114 116 77 82 78 74 83 115 75,simulation,db4,usage,32,100,100,0
ALL,W-QDA:qda,39,0.5,0.01,0.046,80 109 81 111 79 110 114 76 77 83 108 112 113 78 82 115 116 84 107 75,110 80 81 112 79 84 107 108 109 113 111 114 116 77 82 78 74 83 115 75,simulation,db4,usage,32,100,100,0
W-NN,W-NN:k=5,2,,0.1,0.156,220 86 110 105 163 81 87 79 85 104 112 103 75 80 43 162 78 52 116 106,220 86 110 105 163 81 87 79 85 104 112 103 75 80 43 162 78 52 116 106,simulation,db4,energy,33,100,100,0
W-QDA,W-QDA:qda,5,,0.0,0.068,220 86 110 105 163 81 87 79 85 104 112 103 75 80 43 162 78 52 116 106,220 86 110 105 163 81 87 79 85 104 112 103 75 80 43 162 78 52 116 106,simulation,db4,energy,33,100,100,0
W-CART,W-CART:cart,4,,0.06,0.112,220 86 110 105 163 81 87 79 85 104 112 103 75 80 43 162 78 52 116 106,220 86 110 105 163 81 87 79 85 104 112 103 75 80 43 162 78 52 116 106,simulation,db4,energy,33,100,100,0
ALL,W-QDA:qda,5,,0.0,0.068,220 86 110 105 163 81 87 79 85 104 112 103 75 80 43 162 78 52 116 106,220 86 110 105 163 81 87 79 85 104 112 103 75 80 43 162 78 52 116 106,simulation,db4,energy,33,100,100,0
W-NN,W-NN:k=5,10,0.5,0.06,0.112,110 82 109 80 81 108 113 84 111 76 77 79 112 114 78 107 75 83 115 85,110 108 109 81 75 76 78 113 116 77 80 111 112 114 85 82 79 84 106 107,simulation,db4,usage,33,100,100,0
W-QDA,W-QDA:qda,37,0.5,0.02,0.046,110 82 109 80 81 108 113 84 111 76 77 79 112 114 78 107 75 83 115 85,110 108 109 81 75 76 78 113 116 77 80 111 112 114 85 82 79 84 106 107,simulation,db4,usage,33,100,100,0
W-CART,W-CART:cart,2,2.0,0.12,0.164,108 75 110 81 77 78 84 109 113 114 79 76 85 107 112 80 86 106 115 82,110 108 109 81 75 76 78 113 116 77 80 111 112 114 85 82 79 84 106 107,simulation,db4,usage,33,100,100,0
ALL,W-QDA:qda,37,0.5,0.02,0.046,110 82 109 80 81 108 113 84 111 76 77 79 112 114 78 107 75 83 115 85,110 108 109 81 75 76 78 113 116 77 80 111 112 114 85 82 79 84 106 107,simulation,db4,usage,33,100,100,0
W-NN,W-NN:k=3,10,,0.09,0.152,76 39 112 158 111 57 75 118 78 80 110 73 120 74 79 119 81 113 115 72,76 39 112 158 111 57 75 118 78 80 110 73 120 74 79 119 81 113 115 72,simulation,db4,energy,34,100,100,0
W-QDA,W-QDA:qda,8,,0.06,0.134,76 39 112 158 111 57 75 118 78 80 110 73 120 74 79 119 81 113 115 72,76 39 112 158 111 57 75 118 78 80 110 73 120 74 79 119 81 113 115 72,simulation,db4,energy,34,100,100,0
W-CART,W-CART:cart,11,,0.05,0.148,76 39 112 158 111 57 75 118 78 80 110 73 120 74 79 119 81 113 115 72,76 39 112 158 111 57 75 118 78 80 110 73 120 74 79 119 81 113 115 72,simulation,db4,energy,34,100,100,0
ALL,W-CART:cart,11,,0.05,0.148,76 39 112 158 111 57 75 118 78 80 110 73 120 74 79 119 81 113 115 72,76 39 112 158 111 57 75 118 78 80 110 73 120 74 79 119 81 113 115 72,simulation,db4,energy,34,100,100,0
W-NN,W-NN:k=3,18,1.0,0.03,0.092,76 77 113 110 114 115 109 111 112 75 78 80 81 73 108 74 79 107 117 83,76 77 113 110 114 115 109 111 112 75 78 80 81 73 108 74 79 107 117 83,simulation,db4,usage,34,100,100,0
W-QDA,W-QDA:qda,2,3.0,0.04,0.12,75 74 78 76 108 109 111 113 117 110 81 82 114 115 80 112 116 71 73 77,76 77 113 110 114 115 109 111 112 75 78 80 81 73 108 74 79 107 117 83,simulation,db4,usage,34,100,100,0
W-CART,W-CART:cart,37,2.0,0.04,0.064,76 109 78 74 111 73 112 113 114 117 75 115 108 116 80 107 110 77 79 82,76 77 113 110 114 115 109 111 112 75 78 80 81 73 108 74 79 107 117 83,simulation,db4,usage,34,100,100,0
ALL,W-NN:k=3,18,1.0,0.03,0.092,76 77 113 110 114 115 109 111 112 75 78 80 81 73 108 74 79 107 117 83,76 77 113 110 114 115 109 111 112 75 78 80 81 73 108 74 79 107 117 83,simulation,db4,usage,34,100,100,0
W-NN,W-NN:k=1,16,,0.04,0.114,111 79 80 110 78 81 114 115 112 75 40 113 107 109 85 116 83 104 77 38,111 79 80 110 78 81 114 115 112 75 40 113 107 109 85 116 83 104 77 38,simulation,db4,energy,35,100,100,0
W-QDA,W-QDA:qda,39,,0.01,0.036,111 79 80 110 78 81 114 115 112 75 40 113 107 109 85 116 83 104 77 38,111 79 80 110 78 81 114 115 112 75 40 113 107 109 85 116 83 104 77 38,simulation,db4,energy,35,100,100,0
W-CART,W-CART:cart,43,,0.06,0.114,111 79 80 110 78 81 114 115 112 75 40 113 107 109 85 116 83 104 77 38,111 79 80 110 78 81 114 115 112 75 40 113 107 109 85 116 83 104 77 38,simulation,db4,energy,35,100,100,0
ALL,W-QDA:qda,39,,0.01,0.036,111 79 80 110 78 81 114 115 112 75 40 113 107 109 85 116 83 104 77 38,111 79 80 110 78 81 114 115 112 75 40 113 107 109 85 116 83 104 77 38,simulation,db4,energy,35,100,100,0
W-NN,W-NN:k=1,21,2.0,0.03,0.118,81 113 111 78 80 82 76 110 109 112 79 114 115 107 84 106 77 83 108 75,81 110 111 80 82 113 79 109 78 112 77 108 76 83 114 84 106 107 115 75,simulation,db4,usage,35,100,100,0
W-QDA,W-QDA:qda,36,3.0,0.01,0.026,81 111 80 79 109 113 82 112 107 110 114 76 78 77 108 83 84 115 86 106,81 110 111 80 82 113 79 109 78 112 77 108 76 83 114 84 106 107 115 75,simulation,db4,usage,35,100,100,0
W-CART,W-CART:cart,28,2.0,0.06,0.078,81 113 111 78 80 82 76 110 109 112 79 114 115 107 84 106 77 83 108 75,81 110 111 80 82 113 79 109 78 112 77 108 76 83 114 84 106 107 115 75,simulation,db4,usage,35,100,100,0
ALL,W-QDA:qda,36,3.0,0.01,0.026,81 111 80 79 109 113 82 112 107 110 114 76 78 77 108 83 84 115 86 106,81 110 111 80 82 113 79 109 78 112 77 108 76 83 114 84 106 107 115 75,simulation,db4,usage,35,100,100,0
W-NN,W-NN:k=3,32,,0.04,0.082,110 80 109 81 73 107 82 76 102 75 116 44 103 104 111 114 83 117 77 119,110 80 109 81 73 107 82 76 102 75 116 44 103 104 111 114 83 117 77 119,simulation,db4,energy,36,100,100,0
W-QDA,W-QDA:qda,11,,0.0,0.046,110 80 109 81 73 107 82 76 102 75 116 44 103 104 111 114 83 117 77 119,110 80 109 81 73 107 82 76 102 75 116 44 103 104 111 114 83 117 77 119,simulation,db4,energy,36,100,100,0
W-CART,W-CART:cart,18,,0.05,0.102,110 80 109 81 73 107 82 76 102 75 116 44 103 104 111 114 83 117 77 119,110 80 109 81 73 107 82 76 102 75 116 44 103 104 111 114 83 117 77 119,simulation,db4,energy,36,100,100,0
ALL,W-QDA:qda,11,,0.0,0.046,110 80 109 81 73 107 82 76 102 75 116 44 103 104 111 114 83 117 77 119,110 80 109 81 73 107 82 76 102 75 116 44 103 104 111 114 83 117 77 119,simulation,db4,energy,36,100,100,0
W-NN,W-NN:k=3,31,0.5,0.05,0.09,110 80 111 78 79 112 82 76 77 113 81 109 114 83 107 75 115 84 108 164,80 110 81 78 109 111 112 82 114 77 79 76 113 83 84 85 107 105 116 117,simulation,db4,usage,36,100,100,0
W-QDA,W-QDA:qda,15,3.0,0.02,0.054,109 110 82 76 83 80 107 111 81 108 77 85 117 73 75 84 112 113 105 106,80 110 81 78 109 111 112 82 114 77 79 76 113 83 84 85 107 105 116 117,simulation,db4,usage,36,100,100,0
W-CART,W-CART:cart,27,3.0,0.03,0.092,109 110 82 76 83 80 107 111 81 108 77 85 117 73 75 84 112 113 105 106,80 110 81 78 109 111 112 82 114 77 79 76 113 83 84 85 107 105 116 117,simulation,db4,usage,36,100,100,0
ALL,W-QDA:qda,15,3.0,0.02,0.054,109 110 82 76 83 80 107 111 81 108 77 85 117 73 75 84 112 113 105 106,80 110 81 78 109 111 112 82 114 77 79 76 113 83 84 85 107 105 116 117,simulation,db4,usage,36,100,100,0
W-NN,W-NN:k=3,59,,0.03,0.084,113 77 106 86 81 108 110 112 114 78 85 105 80 82 84 111 72 104 76 87,113 77 106 86 81 108 110 112 114 78 85 105 80 82 84 111 72 104 76 87,simulation,db4,energy,37,100,100,0
W-QDA,W-QDA:qda,40,,0.04,0.052,113 77 106 86 81 108 110 112 114 78 85 105 80 82 84 111 72 104 76 87,113 77 106 86 81 108 110 112 114 78 85 105 80 82 84 111 72 104 76 87,simulation,db4,energy,37,100,100,0
W-CART,W-CART:cart,27,,0.05,0.104,113 77 106 86 81 108 110 112 114 78 85 105 80 82 84 111 72 104 76 87,113 77 106 86 81 108 110 112 114 78 85 105 80 82 84 111 72 104 76 87,simulation,db4,energy,37,100,100,0
ALL,W-NN:k=3,59,,0.03,0.084,113 77 106 86 81 108 110 112 114 78 85 105 80 82 84 111 72 104 76 87,113 77 106 86 81 108 110 112 114 78 85 105 80 82 84 111 72 104 76 87,simulation,db4,energy,37,100,100,0
W-NN,W-NN:k=5,44,1.5,0.04,0.114,78 84 83 110 111 112 114 81 108 115 79 80 82 106 77 85 105 107 113 74,110 79 112 111 78 80 84 81 82 83 114 115 107 75 77 108 113 106 85 109,simulation,db4,usage,37,100,100,0
W-QDA,W-QDA:qda,34,3.0,0.03,0.048,84 83 106 108 85 110 81 105 112 80 82 86 109 113 107 115 76 78 79 116,110 79 112 111 78 80 84 81 82 83 114 115 107 75 77 108 113 106 85 109,simulation,db4,usage,37,100,100,0
W-CART,W-CART:cart,24,1.5,0.05,0.114,78 84 83 110 111 112 114 81 108 115 79 80 82 106 77 85 105 107 113 74,110 79 112 111 78 80 84 81 82 83 114 115 107 75 77 108 113 106 85 109,simulation,db4,usage,37,100,100,0
ALL,W-QDA:qda,34,3.0,0.03,0.048,84 83 106 108 85 110 81 105 112 80 82 86 109 113 107 115 76 78 79 116,110 79 112 111 78 80 84 81 82 83 114 115 107 75 77 108 113 106 85 109,simulation,db4,usage,37,100,100,0
W-NN,W-NN:k=1,5,,0.08,0.11,70 121 115 116 113 114 76 72 83 85 112 75 84 77 120 117 106 111 86 79,70 121 115 116 113 114 76 72 83 85 112 75 84 77 120 117 106 111 86 79,simulation,db4,energy,38,100,100,0
W-QDA,W-QDA:qda,22,,0.02,0.036,70 121 115 116 113 114 76 72 83 85 112 75 84 77 120 117 106 111 86 79,70 121 115 116 113 114 76 72 83 85 112 75 84 77 120 117 106 111 86 79,simulation,db4,energy,38,100,100,0
W-CART,W-CART:cart,9,,0.06,0.084,70 121 115 116 113 114 76 72 83 85 112 75 84 77 120 117 106 111 86 79,70 121 115 116 113 114 76 72 83 85 112 75 84 77 120 117 106 111 86 79,simulation,db4,energy,38,100,100,0
ALL,W-QDA:qda,22,,0.02,0.036,70 121 115 116 113 114 76 72 83 85 112 75 84 77 120 117 106 111 86 79,70 121 115 116 113 114 76 72 83 85 112 75 84 77 120 117 106 111 86 79,simulation,db4,energy,38,100,100,0
W-NN,W-NN:k=3,19,0.5,0.02,0.074,110 109 79 82 112 80 114 77 81 111 115 76 113 75 78 108 107 83 106 116,110 112 115 79 82 114 76 77 78 113 75 80 109 111 81 116 83 107 108 118,simulation,db4,usage,38,100,100,0
W-QDA,W-QDA:qda,33,2.0,0.01,0.042,113 110 76 77 115 112 116 82 114 75 109 78 80 111 74 83 84 85 106 118,110 112 115 79 82 114 76 77 78 113 75 80 109 111 81 116 83 107 108 118,simulation,db4,usage,38,100,100,0
W-CART,W-CART:cart,20,1.5,0.07,0.104,110 77 78 113 76 112 115 80 82 109 111 114 116 83 75 81 84 106 107 118,110 112 115 79 82 114 76 77 78 113 75 80 109 111 81 116 83 107 108 118,simulation,db4,usage,38,100,100,0
ALL,W-QDA:qda,33,2.0,0.01,0.042,113 110 76 77 115 112 116 82 114 75 109 78 80 111 74 83 84 85 106 118,110 112 115 79 82 114 76 77 78 113 75 80 109 111 81 116 83 107 108 118,simulation,db4,usage,38,100,100,0
W-NN,W-NN:k=9,35,,0.05,0.084,104 74 58 111 79 116 110 87 86 84 55 80 117 81 43 75 107 73 109 108,104 74 58 111 79 116 110 87 86 84 55 80 117 81 43 75 107 73 109 108,simulation,db4,energy,39,100,100,0
W-QDA,W-QDA:qda,10,,0.02,0.06,104 74 58 111 79 116 110 87 86 84 55 80 117 81 43 75 107 73 109 108,104 74 58 111 79 116 110 87 86 84 55 80 117 81 43 75 107 73 109 108,simulation,db4,energy,39,100,100,0
W-CART,W-CART:cart,15,,0.09,0.12,104 74 58 111 79 116 110 87 86 84 55 80 117 81 43 75 107 73 109 108,104 74 58 111 79 116 110 87 86 84 55 80 117 81 43 75 107 73 109 108,simulation,db4,energy,39,100,100,0
ALL,W-QDA:qda,10,,0.02,0.06,104 74 58 111 79 116 110 87 86 84 55 80 117 81 43 75 107 73 109 108,104 74 58 111 79 116 110 87 86 84 55 80 117 81 43 75 107 73 109 108,simulation,db4,energy,39,100,100,0
W-NN,W-NN:k=7,24,0.5,0.05,0.142,79 80 81 112 111 82 110 76 83 109 77 114 74 78 113 108 84 75 107 115,111 79 81 80 76 77 82 110 83 84 112 115 114 117 116 74 107 113 75 108,simulation,db4,usage,39,100,100,0
W-QDA,W-QDA:qda,35,2.0,0.03,0.048,115 111 76 116 113 114 78 107 112 74 83 110 84 108 80 82 75 77 85 117,111 79 81 80 76 77 82 110 83 84 112 115 114 117 116 74 107 113 75 108,simulation,db4,usage,39,100,100,0
W-CART,W-CART:cart,25,1.5,0.09,0.102,111 115 76 80 114 116 77 83 84 107 112 113 117 74 108 110 78 75 82 79,111 79 81 80 76 77 82 110 83 84 112 115 114 117 116 74 107 113 75 108,simulation,db4,usage,39,100,100,0
ALL,W-QDA:qda,35,2.0,0.03,0.048,115 111 76 116 113 114 78 107 112 74 83 110 84 108 80 82 75 77 85 117,111 79 81 80 76 77 82 110 83 84 112 115 114 117 116 74 107 113 75 108,simulation,db4,usage,39,100,100,0
W-NN,W-NN:k=1,29,,0.04,0.102,78 113 83 106 85 56 108 105 42 226 77 117 86 75 73 107 109 76 82 114,78 113 83 106 85 56 108 105 42 226 77 117 86 75 73 107 109 76 82 114,simulation,db4,energy,40,100,100,0
W-QDA,W-QDA:qda,28,,0.0,0.018,78 113 83 106 85 56 108 105 42 226 77 117 86 75 73 107 109 76 82 114,78 113 83 106 85 56 108 105 42 226 77 117 86 75 73 107 109 76 82 114,simulation,db4,energy,40,100,100,0
W-CART,W-CART:cart,5,,0.11,0.076,78 113 83 106 85 56 108 105 42 226 77 117 86 75 73 107 109 76 82 114,78 113 83 106 85 56 108 105 42 226 77 117 86 75 73 107 109 76 82 114,simulation,db4,energy,40,100,100,0
ALL,W-QDA:qda,28,,0.0,0.018,78 113 83 106 85 56 108 105 42 226 77 117 86 75 73 107 109 76 82 114,78 113 83 106 85 56 108 105 42 226 77 117 86 75 73 107 109 76 82 114,simulation,db4,energy,40,100,100,0
W-NN,W-NN:k=3,10,3.0,0.02,0.052,107 75 106 76 73 83 84 85 108 72 78 82 105 110 115 116 74 77 81 109,78 79 77 112 109 111 113 110 81 83 114 106 80 107 115 76 85 75 84 82,simulation,db4,usage,40,100,100,0
W-QDA,W-QDA:qda,24,3.0,0.0,0.026,107 75 106 76 73 83 84 85 108 72 78 82 105 110 115 116 74 77 81 109,78 79 77 112 109 111 113 110 81 83 114 106 80 107 115 76 85 75 84 82,simulation,db4,usage,40,100,100,0
W-CART,W-CART:cart,2,2.0,0.1,0.16,107 106 77 75 76 78 113 85 109 110 111 82 83 105 108 112 73 74 81 84,78 79 77 112 109 111 113 110 81 83 114 106 80 107 115 76 85 75 84 82,simulation,db4,usage,40,100,100,0
ALL,W-QDA:qda,24,3.0,0.0,0.026,107 75 106 76 73 83 84 85 108 72 78 82 105 110 115 116 74 77 81 109,78 79 77 112 109 111 113 110 81 83 114 106 80 107 115 76 85 75 84 82,simulation,db4,usage,40,100,100,0
W-NN,W-NN:k=3,56,,0.05,0.134,119 76 77 80 114 112 144 111 75 110 113 35 78 82 103 73 115 79 81 71,119 76 77 80 114 112 144 111 75 110 113 35 78 82 103 73 115 79 81 71,simulation,db4,energy,41,100,100,0
W-QDA,W-QDA:qda,15,,0.03,0.038,119 76 77 80 114 112 144 111 75 110 113 35 78 82 103 73 115 79 81 71,119 76 77 80 114 112 144 111 75 110 113 35 78 82 103 73 115 79 81 71,simulation,db4,energy,41,100,100,0
W-CART,W-CART:cart,40,,0.04,0.094,119 76 77 80 114 112 144 111 75 110 113 35 78 82 103 73 115 79 81 71,119 76 77 80 114 112 144 111 75 110 113 35 78 82 103 73 115 79 81 71,simulation,db4,energy,41,100,100,0
ALL,W-QDA:qda,15,,0.03,0.038,119 76 77 80 114 112 144 111 75 110 113 35 78 82 103 73 115 79 81 71,119 76 77 80 114 112 144 111 75 110 113 35 78 82 103 73 115 79 81 71,simulation,db4,energy,41,100,100,0
W-NN,W-NN:k=3,18,0.5,0.09,0.124,77 115 114 76 112 113 78 79 110 75 80 111 109 116 117 118 81 82 74 83,77 76 112 115 78 114 113 79 80 75 111 117 116 109 110 81 118 74 73 82,simulation,db4,usage,41,100,100,0
W-QDA,W-QDA:qda,23,3.0,0.04,0.044,113 78 111 76 77 75 112 80 114 79 74 110 115 116 117 73 109 82 107 72,77 76 112 115 78 114 113 79 80 75 111 117 116 109 110 81 118 74 73 82,simulation,db4,usage,41,100,100,0
W-CART,W-CART:cart,20,2.0,0.06,0.074,77 113 78 112 76 111 114 75 79 80 110 115 116 73 117 74 81 118 83 72,77 76 112 115 78 114 113 79 80 75 111 117 116 109 110 81 118 74 73 82,simulation,db4,usage,41,100,100,0
ALL,W-QDA:qda,23,3.0,0.04,0.044,113 78 111 76 77 75 112 80 114 79 74 110 115 116 117 73 109 82 107 72,77 76 112 115 78 114 113 79 80 75 111 117 116 109 110 81 118 74 73 82,simulation,db4,usage,41,100,100,0
W-NN,W-NN:k=1,5,,0.05,0.104,482 118 73 76 75 57 117 115 72 58 119 59 77 120 74 116 114 36 87 81,482 118 73 76 75 57 117 115 72 58 119 59 77 120 74 116 114 36 87 81,simulation,db4,energy,42,100,100,0
W-QDA,W-QDA:qda,30,,0.01,0.092,482 118 73 76 75 57 117 115 72 58 119 59 77 120 74 116 114 36 87 81,482 118 73 76 75 57 117 115 72 58 119 59 77 120 74 116 114 36 87 81,simulation,db4,energy,42,100,100,0
W-CART,W-CART:cart,4,,0.05,0.158,482 118 73 76 75 57 117 115 72 58 119 59 77 120 74 116 114 36 87 81,482 118 73 76 75 57 117 115 72 58 119 59 77 120 74 116 114 36 87 81,simulation,db4,energy,42,100,100,0
ALL,W-QDA:qda,30,,0.01,0.092,482 118 73 76 75 57 117 115 72 58 119 59 77 120 74 116 114 36 87 81,482 118 73 76 75 57 117 115 72 58 119 59 77 120 74 116 114 36 87 81,simulation,db4,energy,42,100,100,0
W-NN,W-NN:k=3,3,2.0,0.03,0.114,75 116 113 114 77 115 76 73 111 81 112 117 74 80 118 78 83 82 79 72,114 77 78 113 116 75 76 111 112 115 74 79 81 80 82 110 117 73 109 118,simulation,db4,usage,42,100,100,0
W-QDA,W-QDA:qda,27,1.0,0.03,0.09,114 77 78 113 116 75 76 111 112 115 74 79 81 80 82 110 117 73 109 118,114 77 78 113 116 75 76 111 112 115 74 79 81 80 82 110 117 73 109 118,simulation,db4,usage,42,100,100,0
W-CART,W-CART:cart,11,1.0,0.04,0.162,114 77 78 113 116 75 76 111 112 115 74 79 81 80 82 110 117 73 109 118,114 77 78 113 116 75 76 111 112 115 74 79 81 80 82 110 117 73 109 118,simulation,db4,usage,42,100,100,0
ALL,W-NN:k=3,3,2.0,0.03,0.114,75 116 113 114 77 115 76 73 111 81 112 117 74 80 118 78 83 82 79 72,114 77 78 113 116 75 76 111 112 115 74 79 81 80 82 110 117 73 109 118,simulation,db4,usage,42,100,100,0
W-NN,W-NN:k=15,12,,0.01,0.07,78 107 42 84 81 119 110 116 71 106 85 41 109 79 108 111 74 53 82 118,78 107 42 84 81 119 110 116 71 106 85 41 109 79 108 111 74 53 82 118,simulation,db4,energy,43,100,100,0
W-QDA,W-QDA:qda,9,,0.02,0.034,78 107 42 84 81 119 110 116 71 106 85 41 109 79 108 111 74 53 82 118,78 107 42 84 81 119 110 116 71 106 85 41 109 79 108 111 74 53 82 118,simulation,db4,energy,43,100,100,0
W-CART,W-CART:cart,22,,0.07,0.11,78 107 42 84 81 119 110 116 71 106 85 41 109 79 108 111 74 53 82 118,78 107 42 84 81 119 110 116 71 106 85 41 109 79 108 111 74 53 82 118,simulation,db4,energy,43,100,100,0
ALL,W-NN:k=15,12,,0.01,0.07,78 107 42 84 81 119 110 116 71 106 85 41 109 79 108 111 74 53 82 118,78 107 42 84 81 119 110 116 71 106 85 41 109 79 108 111 74 53 82 118,simulation,db4,energy,43,100,100,0
W-NN,W-NN:k=3,22,1.5,0.01,0.07,84 108 83 109 110 111 78 85 112 79 107 82 116 106 118 80 81 73 76 104,108 109 84 111 110 79 82 112 83 85 77 78 105 107 80 81 106 116 118 86,simulation,db4,usage,43,100,100,0
W-QDA,W-QDA:qda,27,2.0,0.01,0.036,109 108 84 83 110 111 85 106 107 79 82 73 78 112 116 77 86 74 118 81,108 109 84 111 110 79 82 112 83 85 77 78 105 107 80 81 106 116 118 86,simulation,db4,usage,43,100,100,0
W-CART,W-CART:cart,12,3.0,0.01,0.094,108 84 107 83 106 109 111 85 73 116 79 110 82 74 78 112 105 118 81 104,108 109 84 111 110 79 82 112 83 85 77 78 105 107 80 81 106 116 118 86,simulation,db4,usage,43,100,100,0
ALL,W-CART:cart,12,3.0,0.01,0.094,108 84 107 83 106 109 111 85 73 116 79 110 82 74 78 112 105 118 81 104,108 109 84 111 110 79 82 112 83 85 77 78 105 107 80 81 106 116 118 86,simulation,db4,usage,43,100,100,0
W-NN,W-NN:k=1,7,,0.08,0.148,231 76 75 38 88 80 110 119 117 112 72 77 116 81 118 82 73 111 79 71,231 76 75 38 88 80 110 119 117 112 72 77 116 81 118 82 73 111 79 71,simulation,db4,energy,44,100,100,0
W-QDA,W-QDA:qda,11,,0.04,0.064,231 76 75 38 88 80 110 119 117 112 72 77 116 81 118 82 73 111 79 71,231 76 75 38 88 80 110 119 117 112 72 77 116 81 118 82 73 111 79 71,simulation,db4,energy,44,100,100,0
W-CART,W-CART:cart,45,,0.06,0.084,231 76 75 38 88 80 110 119 117 112 72 77 116 81 118 82 73 111 79 71,231 76 75 38 88 80 110 119 117 112 72 77 116 81 118 82 73 111 79 71,simulation,db4,energy,44,100,100,0
ALL,W-QDA:qda,11,,0.04,0.064,231 76 75 38 88 80 110 119 117 112 72 77 116 81 118 82 73 111 79 71,231 76 75 38 88 80 110 119 117 112 72 77 116 81 118 82 73 111 79 71,simulation,db4,energy,44,100,100,0
W-NN,W-NN:k=3,13,3.0,0.05,0.088,110 113 112 81 82 109 73 108 78 111 114 115 79 80 116 75 117 74 77 83,80 114 77 76 111 112 115 75 78 81 116 110 79 82 113 109 83 108 73 117,simulation,db4,usage,44,100,100,0
W-QDA,W-QDA:qda,26,1.5,0.02,0.048,75 81 110 76 80 114 112 113 77 78 79 109 115 116 82 108 111 83 73 74,80 114 77 76 111 112 115 75 78 81 116 110 79 82 113 109 83 108 73 117,simulation,db4,usage,44,100,100,0
W-CART,W-CART:cart,46,3.0,0.06,0.104,110 113 112 81 82 109 73 108 78 111 114 115 79 80 116 75 117 74 77 83,80 114 77 76 111 112 115 75 78 81 116 110 79 82 113 109 83 108 73 117,simulation,db4,usage,44,100,100,0
ALL,W-QDA:qda,26,1.5,0.02,0.048,75 81 110 76 80 114 112 113 77 78 79 109 115 116 82 108 111 83 73 74,80 114 77 76 111 112 115 75 78 81 116 110 79 82 113 109 83 108 73 117,simulation,db4,usage,44,100,100,0
W-NN,W-NN:k=1,3,,0.07,0.176,87 86 105 104 114 103 44 78 43 85 108 102 112 82 113 73 209 40 111 75,87 86 105 104 114 103 44 78 43 85 108 102 112 82 113 73 209 40 111 75,simulation,db4,energy,45,100,100,0
W-QDA,W-QDA:qda,16,,0.04,0.052,87 86 105 104 114 103 44 78 43 85 108 102 112 82 113 73 209 40 111 75,87 86 105 104 114 103 44 78 43 85 108 102 112 82 113 73 209 40 111 75,simulation,db4,energy,45,100,100,0
W-CART,W-CART:cart,20,,0.04,0.076,87 86 105 104 114 103 44 78 43 85 108 102 112 82 113 73 209 40 111 75,87 86 105 104 114 103 44 78 43 85 108 102 112 82 113 73 209 40 111 75,simulation,db4,energy,45,100,100,0
ALL,W-QDA:qda,16,,0.04,0.052,87 86 105 104 114 103 44 78 43 85 108 102 112 82 113 73 209 40 111 75,87 86 105 104 114 103 44 78 43 85 108 102 112 82 113 73 209 40 111 75,simulation,db4,energy,45,100,100,0
W-NN,W-NN:k=3,8,2.0,0.08,0.128,82 83 113 80 84 110 81 85 86 106 108 111 107 109 112 114 78 88 104 87,83 108 81 82 107 84 80 110 109 85 105 78 111 106 113 112 114 115 76 77,simulation,db4,usage,45,100,100,0
W-QDA,W-QDA:qda,6,3.0,0.06,0.068,86 111 84 82 85 105 106 109 113 83 78 103 110 114 81 87 104 108 112 107,83 108 81 82 107 84 80 110 109 85 105 78 111 106 113 112 114 115 76 77,simulation,db4,usage,45,100,100,0
W-CART,W-CART:cart,29,2.0,0.04,0.088,82 83 113 80 84 110 81 85 86 106 108 111 107 109 112 114 78 88 104 87,83 108 81 82 107 84 80 110 109 85 105 78 111 106 113 112 114 115 76 77,simulation,db4,usage,45,100,100,0
ALL,W-CART:cart,29,2.0,0.04,0.088,82 83 113 80 84 110 81 85 86 106 108 111 107 109 112 114 78 88 104 87,83 108 81 82 107 84 80 110 109 85 105 78 111 106 113 112 114 115 76 77,simulation,db4,usage,45,100,100,0
W-NN,W-NN:k=9,47,,0.06,0.086,107 84 105 168 83 85 116 75 106 82 108 42 43 115 109 74 216 104 110 86,107 84 105 168 83 85 116 75 106 82 108 42 43 115 109 74 216 104 110 86,simulation,db4,energy,46,100,100,0
W-QDA,W-QDA:qda,27,,0.05,0.03,107 84 105 168 83 85 116 75 106 82 108 42 43 115 109 74 216 104 110 86,107 84 105 168 83 85 116 75 106 82 108 42 43 115 109 74 216 104 110 86,simulation,db4,energy,46,100,100,0
W-CART,W-CART:cart,27,,0.08,0.088,107 84 105 168 83 85 116 75 106 82 108 42 43 115 109 74 216 104 110 86,107 84 105 168 83 85 116 75 106 82 108 42 43 115 109 74 216 104 110 86,simulation,db4,energy,46,100,100,0
ALL,W-QDA:qda,27,,0.05,0.03,107 84 105 168 83 85 116 75 106 82 108 42 43 115 109 74 216 104 110 86,107 84 105 168 83 85 116 75 106 82 108 42 43 115 109 74 216 104 110 86,simulation,db4,energy,46,100,100,0
W-NN,W-NN:k=1,62,1.5,0.06,0.092,84 83 85 106 107 82 108 113 104 81 105 110 80 86 112 114 76 77 87 109,83 106 84 85 82 107 108 80 81 109 110 113 105 79 86 104 112 114 78 115,simulation,db4,usage,46,100,100,0
W-QDA,W-QDA:qda,21,3.0,0.05,0.03,84 85 83 107 106 82 104 108 86 113 112 87 105 109 115 81 116 117 75 114,83 106 84 85 82 107 108 80 81 109 110 113 105 79 86 104 112 114 78 115,simulation,db4,usage,46,100,100,0
W-CART,W-CART:cart,34,1.0,0.08,0.072,83 106 84 85 82 107 108 80 81 109 110 113 105 79 86 104 112 114 78 115,83 106 84 85 82 107 108 80 81 109 110 113 105 79 86 104 112 114 78 115,simulation,db4,usage,46,100,100,0
ALL,W-QDA:qda,21,3.0,0.05,0.03,84 85 83 107 106 82 104 108 86 113 112 87 105 109 115 81 116 117 75 114,83 106 84 85 82 107 108 80 81 109 110 113 105 79 86 104 112 114 78 115,simulation,db4,usage,46,100,100,0
W-NN,W-NN:k=3,62,,0.04,0.106,74 117 108 145 72 73 116 59 75 118 71 85 109 119 76 167 84 83 120 105,74 117 108 145 72 73 116 59 75 118 71 85 109 119 76 167 84 83 120 105,simulation,db4,energy,47,100,100,0
W-QDA,W-QDA:qda,8,,0.04,0.066,74 117 108 145 72 73 116 59 75 118 71 85 109 119 76 167 84 83 120 105,74 117 108 145 72 73 116 59 75 118 71 85 109 119 76 167 84 83 120 105,simulation,db4,energy,47,100,100,0
W-CART,W-CART:cart,24,,0.05,0.122,74 117 108 145 72 73 116 59 75 118 71 85 109 119 76 167 84 83 120 105,74 117 108 145 72 73 116 59 75 118 71 85 109 119 76 167 84 83 120 105,simulation,db4,energy,47,100,100,0
ALL,W-QDA:qda,8,,0.04,0.066,74 117 108 145 72 73 116 59 75 118 71 85 109 119 76 167 84 83 120 105,74 117 108 145 72 73 116 59 75 118 71 85 109 119 76 167 84 83 120 105,simulation,db4,energy,47,100,100,0
W-NN,W-NN:k=3,42,3.0,0.03,0.098,74 75 116 117 118 76 73 111 71 72 81 108 110 114 115 85 109 113 77 82,77 76 78 111 75 79 112 74 110 113 118 116 117 81 82 108 114 115 73 80,simulation,db4,usage,47,100,100,0
W-QDA,W-QDA:qda,28,3.0,0.05,0.05,74 75 116 117 118 76 73 111 71 72 81 108 110 114 115 85 109 113 77 82,77 76 78 111 75 79 112 74 110 113 118 116 117 81 82 108 114 115 73 80,simulation,db4,usage,47,100,100,0
W-CART,W-CART:cart,28,1.0,0.06,0.092,77 76 78 111 75 79 112 74 110 113 118 116 117 81 82 108 114 115 73 80,77 76 78 111 75 79 112 74 110 113 118 116 117 81 82 108 114 115 73 80,simulation,db4,usage,47,100,100,0
ALL,W-NN:k=3,42,3.0,0.03,0.098,74 75 116 117 118 76 73 111 71 72 81 108 110 114 115 85 109 113 77 82,77 76 78 111 75 79 112 74 110 113 118 116 117 81 82 108 114 115 73 80,simulation,db4,usage,47,100,100,0
W-NN,W-NN:k=5,14,,0.07,0.118,76 115 113 75 79 111 110 57 77 87 112 82 78 80 104 85 114 86 105 56,76 115 113 75 79 111 110 57 77 87 112 82 78 80 104 85 114 86 105 56,simulation,db4,energy,48,100,100,0
W-QDA,W-QDA:qda,45,,0.08,0.074,76 115 113 75 79 111 110 57 77 87 112 82 78 80 104 85 114 86 105 56,76 115 113 75 79 111 110 57 77 87 112 82 78 80 104 85 114 86 105 56,simulation,db4,energy,48,100,100,0
W-CART,W-CART:cart,33,,0.06,0.124,76 115 113 75 79 111 110 57 77 87 112 82 78 80 104 85 114 86 105 56,76 115 113 75 79 111 110 57 77 87 112 82 78 80 104 85 114 86 105 56,simulation,db4,energy,48,100,100,0
ALL,W-CART:cart,33,,0.06,0.124,76 115 113 75 79 111 110 57 77 87 112 82 78 80 104 85 114 86 105 56,76 115 113 75 79 111 110 57 77 87 112 82 78 80 104 85 114 86 105 56,simulation,db4,energy,48,100,100,0
W-NN,W-NN:k=3,9,3.0,0.07,0.102,114 115 76 82 110 75 116 85 108 117 78 83 113 80 81 74 79 111 77 112,79 78 80 81 82 112 110 111 75 76 77 84 109 115 108 113 114 83 106 107,simulation,db4,usage,48,100,100,0
W-QDA,W-QDA:qda,43,1.0,0.06,0.07,79 78 80 81 82 112 110 111 75 76 77 84 109 115 108 113 114 83 106 107,79 78 80 81 82 112 110 111 75 76 77 84 109 115 108 113 114 83 106 107,simulation,db4,usage,48,100,100,0
W-CART,W-CART:cart,42,0.5,0.08,0.136,80 79 112 81 78 82 111 77 108 110 113 114 115 109 76 84 75 83 85 107,79 78 80 81 82 112 110 111 75 76 77 84 109 115 108 113 114 83 106 107,simulation,db4,usage,48,100,100,0
ALL,W-QDA:qda,43,1.0,0.06,0.07,79 78 80 81 82 112 110 111 75 76 77 84 109 115 108 113 114 83 106 107,79 78 80 81 82 112 110 111 75 76 77 84 109 115 108 113 114 83 106 107,simulation,db4,usage,48,100,100,0
W-NN,W-NN:k=1,20,,0.06,0.098,105 104 111 80 117 119 79 110 106 73 116 85 118 87 86 74 115 83 81 75,105 104 111 80 117 119 79 110 106 73 116 85 118 87 86 74 115 83 81 75,simulation,db4,energy,49,100,100,0
W-QDA,W-QDA:qda,12,,0.04,0.034,105 104 111 80 117 119 79 110 106 73 116 85 118 87 86 74 115 83 81 75,105 104 111 80 117 119 79 110 106 73 116 85 118 87 86 74 115 83 81 75,simulation,db4,energy,49,100,100,0
W-CART,W-CART:cart,3,,0.08,0.1,105 104 111 80 117 119 79 110 106 73 116 85 118 87 86 74 115 83 81 75,105 104 111 80 117 119 79 110 106 73 116 85 118 87 86 74 115 83 81 75,simulation,db4,energy,49,100,100,0
ALL,W-QDA:qda,12,,0.04,0.034,105 104 111 80 117 119 79 110 106 73 116 85 118 87 86 74 115 83 81 75,105 104 111 80 117 119 79 110 106 73 116 85 118 87 86 74 115 83 81 75,simulation,db4,energy,49,100,100,0
W-NN,W-NN:k=1,24,1.0,0.04,0.058,76 113 78 75 111 114 79 112 115 74 77 116 117 73 81 107 80 82 83 109,76 113 78 75 111 114 79 112 115 74 77 116 117 73 81 107 80 82 83 109,simulation,db4,usage,49,100,100,0
W-QDA,W-QDA:qda,26,0.5,0.04,0.062,112 75 79 80 113 115 76 114 78 81 116 77 74 111 73 109 110 117 85 72,76 113 78 75 111 114 79 112 115 74 77 116 117 73 81 107 80 82 83 109,simulation,db4,usage,49,100,100,0
W-CART,W-CART:cart,61,3.0,0.07,0.128,117 79 83 81 76 115 116 73 74 75 112 118 77 80 104 72 82 106 110 113,76 113 78 75 111 114 79 112 115 74 77 116 117 73 81 107 80 82 83 109,simulation,db4,usage,49,100,100,0
ALL,W-NN:k=1,24,1.0,0.04,0.058,76 113 78 75 111 114 79 112 115 74 77 116 117 73 81 107 80 82 83 109,76 113 78 75 111 114 79 112 115 74 77 116 117 73 81 107 80 82 83 109,simulation,db4,usage,49,100,100,0
W-NN,W-NN:k=3,3,,0.05,0.12,86 172 87 43 79 105 104 118 103 107 81 114 88 116 80 78 108 111 83 117,86 172 87 43 79 105 104 118 103 107 81 114 88 116 80 78 108 111 83 117,simulation,db4,energy,50,100,100,0
W-QDA,W-QDA:qda,15,,0.02,0.04,86 172 87 43 79 105 104 118 103 107 81 114 88 116 80 78 108 111 83 117,86 172 87 43 79 105 104 118 103 107 81 114 88 116 80 78 108 111 83 117,simulation,db4,energy,50,100,100,0
W-CART,W-CART:cart,10,,0.04,0.124,86 172 87 43 79 105 104 118 103 107 81 114 88 116 80 78 108 111 83 117,86 172 87 43 79 105 104 118 103 107 81 114 88 116 80 78 108 111 83 117,simulation,db4,energy,50,100,100,0
ALL,W-QDA:qda,15,,0.02,0.04,86 172 87 43 79 105 104 118 103 107 81 114 88 116 80 78 108 111 83 117,86 172 87 43 79 105 104 118 103 107 81 114 88 116 80 78 108 111 83 117,simulation,db4,energy,50,100,100,0
W-NN,W-NN:k=1,4,3.0,0.02,0.122,107 108 84 77 79 112 113 83 114 81 78 109 115 80 82 116 105 75 106 110,109 80 81 112 107 110 78 79 82 83 108 84 106 77 76 111 114 75 104 113,simulation,db4,usage,50,100,100,0
W-QDA,W-QDA:qda,20,2.0,0.01,0.048,107 77 80 108 110 78 81 84 109 82 115 79 83 112 114 113 116 85 75 105,109 80 81 112 107 110 78 79 82 83 108 84 106 77 76 111 114 75 104 113,simulation,db4,usage,50,100,100,0
W-CART,W-CART:cart,26,1.0,0.03,0.12,109 80 81 112 107 110 78 79 82 83 108 84 106 77 76 111 114 75 104 113,109 80 81 112 107 110 78 79 82 83 108 84 106 77 76 111 114 75 104 113,simulation,db4,usage,50,100,100,0
ALL,W-QDA:qda,20,2.0,0.01,0.048,107 77 80 108 110 78 81 84 109 82 115 79 83 112 114 113 116 85 75 105,109 80 81 112 107 110 78 79 82 83 108 84 106 77 76 111 114 75 104 113,simulation,db4,usage,50,100,100,0
W-NN,W-NN:k=15,8,,0.04,0.102,72 120 59 82 118 86 85 77 119 37 109 73 108 74 107 57 105 84 71 36,72 120 59 82 118 86 85 77 119 37 109 73 108 74 107 57 105 84 71 36,simulation,db4,energy,51,100,100,0
W-QDA,W-QDA:qda,10,,0.04,0.064,72 120 59 82 118 86 85 77 119 37 109 73 108 74 107 57 105 84 71 36,72 120 59 82 118 86 85 77 119 37 109 73 108 74 107 57 105 84 71 36,simulation,db4,energy,51,100,100,0
W-CART,W-CART:cart,46,,0.09,0.092,72 120 59 82 118 86 85 77 119 37 109 73 108 74 107 57 105 84 71 36,72 120 59 82 118 86 85 77 119 37 109 73 108 74 107 57 105 84 71 36,simulation,db4,energy,51,100,100,0
ALL,W-NN:k=15,8,,0.04,0.102,72 120 59 82 118 86 85 77 119 37 109 73 108 74 107 57 105 84 71 36,72 120 59 82 118 86 85 77 119 37 109 73 108 74 107 57 105 84 71 36,simulation,db4,energy,51,100,100,0
W-NN,W-NN:k=1,4,3.0,0.05,0.088,115 116 74 117 118 73 76 77 75 108 110 80 84 72 78 112 119 79 107 113,112 111 75 77 78 79 81 110 115 76 109 74 113 114 80 116 82 108 73 107,simulation,db4,usage,51,100,100,0
W-QDA,W-QDA:qda,13,3.0,0.05,0.078,115 116 74 117 118 73 76 77 75 108 110 80 84 72 78 112 119 79 107 113,112 111 75 77 78 79 81 110 115 76 109 74 113 114 80 116 82 108 73 107,simulation,db4,usage,51,100,100,0
W-CART,W-CART:cart,8,3.0,0.06,0.134,115 116 74 117 118 73 76 77 75 108 110 80 84 72 78 112 119 79 107 113,112 111 75 77 78 79 81 110 115 76 109 74 113 114 80 116 82 108 73 107,simulation,db4,usage,51,100,100,0
ALL,W-NN:k=1,4,3.0,0.05,0.088,115 116 74 117 118 73 76 77 75 108 110 80 84 72 78 112 119 79 107 113,112 111 75 77 78 79 81 110 115 76 109 74 113 114 80 116 82 108 73 107,simulation,db4,usage,51,100,100,0
W-NN,W-NN:k=9,6,,0.03,0.072,112 75 116 84 107 108 86 81 77 78 117 85 106 109 83 114 87 115 82 104,112 75 116 84 107 108 86 81 77 78 117 85 106 109 83 114 87 115 82 104,simulation,db4,energy,52,100,100,0
W-QDA,W-QDA:qda,10,,0.01,0.038,112 75 116 84 107 108 86 81 77 78 117 85 106 109 83 114 87 115 82 104,112 75 116 84 107 108 86 81 77 78 117 85 106 109 83 114 87 115 82 104,simulation,db4,energy,52,100,100,0
W-CART,W-CART:cart,5,,0.06,0.124,112 75 116 84 107 108 86 81 77 78 117 85 106 109 83 114 87 115 82 104,112 75 116 84 107 108 86 81 77 78 117 85 106 109 83 114 87 115 82 104,simulation,db4,energy,52,100,100,0
ALL,W-QDA:qda,10,,0.01,0.038,112 75 116 84 107 108 86 81 77 78 117 85 106 109 83 114 87 115 82 104,112 75 116 84 107 108 86 81 77 78 117 85 106 109 83 114 87 115 82 104,simulation,db4,energy,52,100,100,0
W-NN,W-NN:k=3,14,0.5,0.06,0.128,83 80 110 109 111 79 82 112 77 81 107 78 114 84 108 113 76 116 75 160,111 83 78 79 81 110 77 80 82 76 84 109 107 108 112 113 114 115 75 74,simulation,db4,usage,52,100,100,0
W-QDA,W-QDA:qda,28,0.5,0.04,0.062,83 80 110 109 111 79 82 112 77 81 107 78 114 84 108 113 76 116 75 160,111 83 78 79 81 110 77 80 82 76 84 109 107 108 112 113 114 115 75 74,simulation,db4,usage,52,100,100,0
W-CART,W-CART:cart,19,3.0,0.07,0.084,111 78 75 79 114 83 112 115 107 110 116 76 108 77 80 81 113 105 106 82,111 83 78 79 81 110 77 80 82 76 84 109 107 108 112 113 114 115 75 74,simulation,db4,usage,52,100,100,0
ALL,W-QDA:qda,28,0.5,0.04,0.062,83 80 110 109 111 79 82 112 77 81 107 78 114 84 108 113 76 116 75 160,111 83 78 79 81 110 77 80 82 76 84 109 107 108 112 113 114 115 75 74,simulation,db4,usage,52,100,100,0
W-NN,W-NN:k=3,10,,0.04,0.096,120 112 115 75 113 84 78 71 87 76 105 86 77 117 114 39 81 116 74 79,120 112 115 75 113 84 78 71 87 76 105 86 77 117 114 39 81 116 74 79,simulation,db4,energy,53,100,100,0
W-QDA,W-QDA:qda,4,,0.02,0.054,120 112 115 75 113 84 78 71 87 76 105 86 77 117 114 39 81 116 74 79,120 112 115 75 113 84 78 71 87 76 105 86 77 117 114 39 81 116 74 79,simulation,db4,energy,53,100,100,0
W-CART,W-CART:cart,30,,0.02,0.096,120 112 115 75 113 84 78 71 87 76 105 86 77 117 114 39 81 116 74 79,120 112 115 75 113 84 78 71 87 76 105 86 77 117 114 39 81 116 74 79,simulation,db4,energy,53,100,100,0
ALL,W-QDA:qda,4,,0.02,0.054,120 112 115 75 113 84 78 71 87 76 105 86 77 117 114 39 81 116 74 79,120 112 115 75 113 84 78 71 87 76 105 86 77 117 114 39 81 116 74 79,simulation,db4,energy,53,100,100,0
W-NN,W-NN:k=3,23,1.5,0.03,0.066,114 75 76 77 81 82 111 112 115 78 80 79 83 110 116 74 108 109 113 107,114 77 81 75 76 78 80 82 113 112 115 74 79 110 111 83 108 107 109 116,simulation,db4,usage,53,100,100,0
W-QDA,W-QDA:qda,19,2.0,0.03,0.036,114 75 77 76 110 80 82 81 83 108 111 112 115 74 116 79 85 106 86 113,114 77 81 75 76 78 80 82 113 112 115 74 79 110 111 83 108 107 109 116,simulation,db4,usage,53,100,100,0
W-CART,W-CART:cart,23,3.0,0.03,0.094,114 76 82 115 75 74 85 77 110 78 81 111 112 116 80 84 86 105 117 118,114 77 81 75 76 78 80 82 113 112 115 74 79 110 111 83 108 107 109 116,simulation,db4,usage,53,100,100,0
ALL,W-QDA:qda,19,2.0,0.03,0.036,114 75 77 76 110 80 82 81 83 108 111 112 115 74 116 79 85 106 86 113,114 77 81 75 76 78 80 82 113 112 115 74 79 110 111 83 108 107 109 116,simulation,db4,usage,53,100,100,0
W-NN,W-NN:k=7,46,,0.04,0.106,57 114 88 77 153 87 115 107 104 118 39 73 82 79 119 83 108 80 56 36,57 114 88 77 153 87 115 107 104 118 39 73 82 79 119 83 108 80 56 36,simulation,db4,energy,54,100,100,0
W-QDA,W-QDA:qda,13,,0.04,0.03,57 114 88 77 153 87 115 107 104 118 39 73 82 79 119 83 108 80 56 36,57 114 88 77 153 87 115 107 104 118 39 73 82 79 119 83 108 80 56 36,simulation,db4,energy,54,100,100,0
W-CART,W-CART:cart,16,,0.07,0.09,57 114 88 77 153 87 115 107 104 118 39 73 82 79 119 83 108 80 56 36,57 114 88 77 153 87 115 107 104 118 39 73 82 79 119 83 108 80 56 36,simulation,db4,energy,54,100,100,0
ALL,W-QDA:qda,13,,0.04,0.03,57 114 88 77 153 87 115 107 104 118 39 73 82 79 119 83 108 80 56 36,57 114 88 77 153 87 115 107 104 118 39 73 82 79 119 83 108 80 56 36,simulation,db4,energy,54,100,100,0
W-NN,W-NN:k=9,14,2.0,0.07,0.092,82 115 83 76 80 81 111 116 79 84 110 113 112 77 78 106 109 114 85 74,82 110 77 81 113 76 115 80 109 112 111 78 83 114 79 116 84 75 85 74,simulation,db4,usage,54,100,100,0
W-QDA,W-QDA:qda,17,3.0,0.04,0.028,82 84 77 83 115 81 112 79 85 106 107 111 78 80 116 113 73 114 74 76,82 110 77 81 113 76 115 80 109 112 111 78 83 114 79 116 84 75 85 74,simulation,db4,usage,54,100,100,0
W-CART,W-CART:cart,37,1.0,0.06,0.094,82 110 77 81 113 76 115 80 109 112 111 78 83 114 79 116 84 75 85 74,82 110 77 81 113 76 115 80 109 112 111 78 83 114 79 116 84 75 85 74,simulation,db4,usage,54,100,100,0
ALL,W-QDA:qda,17,3.0,0.04,0.028,82 84 77 83 115 81 112 79 85 106 107 111 78 80 116 113 73 114 74 76,82 110 77 81 113 76 115 80 109 112 111 78 83 114 79 116 84 75 85 74,simulation,db4,usage,54,100,100,0
W-NN,W-NN:k=3,36,,0.08,0.134,80 104 110 77 105 111 86 155 81 113 85 79 78 83 74 112 108 174 40 82,80 104 110 77 105 111 86 155 81 113 85 79 78 83 74 112 108 174 40 82,simulation,db4,energy,55,100,100,0
W-QDA,W-QDA:qda,8,,0.02,0.074,80 104 110 77 105 111 86 155 81 113 85 79 78 83 74 112 108 174 40 82,80 104 110 77 105 111 86 155 81 113 85 79 78 83 74 112 108 174 40 82,simulation,db4,energy,55,100,100,0
W-CART,W-CART:cart,7,,0.06,0.104,80 104 110 77 105 111 86 155 81 113 85 79 78 83 74 112 108 174 40 82,80 104 110 77 105 111 86 155 81 113 85 79 78 83 74 112 108 174 40 82,simulation,db4,energy,55,100,100,0
ALL,W-QDA:qda,8,,0.02,0.074,80 104 110 77 105 111 86 155 81 113 85 79 78 83 74 112 108 174 40 82,80 104 110 77 105 111 86 155 81 113 85 79 78 83 74 112 108 174 40 82,simulation,db4,energy,55,100,100,0
W-NN,W-NN:k=5,19,0.5,0.06,0.136,110 111 113 77 78 79 80 115 82 112 81 109 76 114 108 75 83 116 106 107,77 111 78 79 110 113 114 81 109 80 82 112 83 108 115 106 116 76 84 75,simulation,db4,usage,55,100,100,0
W-QDA,W-QDA:qda,34,1.5,0.02,0.06,78 111 79 113 80 82 77 81 112 114 84 109 110 83 115 106 108 75 107 116,77 111 78 79 110 113 114 81 109 80 82 112 83 108 115 106 116 76 84 75,simulation,db4,usage,55,100,100,0
W-CART,W-CART:cart,18,1.5,0.09,0.14,78 111 79 113 80 82 77 81 112 114 84 109 110 83 115 106 108 75 107 116,77 111 78 79 110 113 114 81 109 80 82 112 83 108 115 106 116 76 84 75,simulation,db4,usage,55,100,100,0
ALL,W-QDA:qda,34,1.5,0.02,0.06,78 111 79 113 80 82 77 81 112 114 84 109 110 83 115 106 108 75 107 116,77 111 78 79 110 113 114 81 109 80 82 112 83 108 115 106 116 76 84 75,simulation,db4,usage,55,100,100,0
W-NN,W-NN:k=1,12,,0.04,0.15,103 88 83 106 108 87 73 104 41 53 51 80 84 79 42 119 82 107 109 85,103 88 83 106 108 87 73 104 41 53 51 80 84 79 42 119 82 107 109 85,simulation,db4,energy,56,100,100,0
W-QDA,W-QDA:qda,4,,0.04,0.056,103 88 83 106 108 87 73 104 41 53 51 80 84 79 42 119 82 107 109 85,103 88 83 106 108 87 73 104 41 53 51 80 84 79 42 119 82 107 109 85,simulation,db4,energy,56,100,100,0
W-CART,W-CART:cart,18,,0.01,0.094,103 88 83 106 108 87 73 104 41 53 51 80 84 79 42 119 82 107 109 85,103 88 83 106 108 87 73 104 41 53 51 80 84 79 42 119 82 107 109 85,simulation,db4,energy,56,100,100,0
ALL,W-CART:cart,18,,0.01,0.094,103 88 83 106 108 87 73 104 41 53 51 80 84 79 42 119 82 107 109 85,103 88 83 106 108 87 73 104 41 53 51 80 84 79 42 119 82 107 109 85,simulation,db4,energy,56,100,100,0
W-NN,W-NN:k=5,9,1.5,0.05,0.146,108 84 81 80 83 107 79 109 105 82 85 86 106 110 113 78 111 87 114 77,108 80 81 83 84 82 107 79 85 113 78 86 105 111 106 109 110 112 77 87,simulation,db4,usage,56,100,100,0
W-QDA,W-QDA:qda,25,3.0,0.07,0.088,83 80 84 109 82 107 108 81 85 104 106 111 79 87 114 86 105 110 118 77,108 80 81 83 84 82 107 79 85 113 78 86 105 111 106 109 110 112 77 87,simulation,db4,usage,56,100,100,0
W-CART,W-CART:cart,35,1.0,0.03,0.092,108 80 81 83 84 82 107 79 85 113 78 86 105 111 106 109 110 112 77 87,108 80 81 83 84 82 107 79 85 113 78 86 105 111 106 109 110 112 77 87,simulation,db4,usage,56,100,100,0
ALL,W-CART:cart,35,1.0,0.03,0.092,108 80 81 83 84 82 107 79 85 113 78 86 105 111 106 109 110 112 77 87,108 80 81 83 84 82 107 79 85 113 78 86 105 111 106 109 110 112 77 87,simulation,db4,usage,56,100,100,0
W-NN,W-NN:k=5,16,,0.02,0.076,102 88 83 108 114 75 103 76 78 79 112 72 107 77 73 80 115 56 118 104,102 88 83 108 114 75 103 76 78 79 112 72 107 77 73 80 115 56 118 104,simulation,db4,energy,57,100,100,0
W-QDA,W-QDA:qda,12,,0.02,0.042,102 88 83 108 114 75 103 76 78 79 112 72 107 77 73 80 115 56 118 104,102 88 83 108 114 75 103 76 78 79 112 72 107 77 73 80 115 56 118 104,simulation,db4,energy,57,100,100,0
W-CART,W-CART:cart,14,,0.04,0.078,102 88 83 108 114 75 103 76 78 79 112 72 107 77 73 80 115 56 118 104,102 88 83 108 114 75 103 76 78 79 112 72 107 77 73 80 115 56 118 104,simulation,db4,energy,57,100,100,0
ALL,W-QDA:qda,12,,0.02,0.042,102 88 83 108 114 75 103 76 78 79 112 72 107 77 73 80 115 56 118 104,102 88 83 108 114 75 103 76 78 79 112 72 107 77 73 80 115 56 118 104,simulation,db4,energy,57,100,100,0
W-NN,W-NN:k=5,14,1.5,0.04,0.1,112 79 111 113 80 107 116 76 77 78 114 115 106 110 108 81 82 75 84 109,113 78 114 112 111 115 77 76 79 80 116 75 82 83 107 81 106 109 110 84,simulation,db4,usage,57,100,100,0
W-QDA,W-QDA:qda,18,1.0,0.05,0.056,113 78 114 112 111 115 77 76 79 80 116 75 82 83 107 81 106 109 110 84,113 78 114 112 111 115 77 76 79 80 116 75 82 83 107 81 106 109 110 84,simulation,db4,usage,57,100,100,0
W-CART,W-CART:cart,55,1.5,0.04,0.094,112 79 111 113 80 107 116 76 77 78 114 115 106 110 108 81 82 75 84 109,113 78 114 112 111 115 77 76 79 80 116 75 82 83 107 81 106 109 110 84,simulation,db4,usage,57,100,100,0
ALL,W-NN:k=5,14,1.5,0.04,0.1,112 79 111 113 80 107 116 76 77 78 114 115 106 110 108 81 82 75 84 109,113 78 114 112 111 115 77 76 79 80 116 75 82 83 107 81 106 109 110 84,simulation,db4,usage,57,100,100,0
W-NN,W-NN:k=1,36,,0.06,0.132,87 86 103 104 52 54 115 109 82 81 108 110 105 85 83 80 112 88 106 107,87 86 103 104 52 54 115 109 82 81 108 110 105 85 83 80 112 88 106 107,simulation,db4,energy,58,100,100,0
W-QDA,W-QDA:qda,9,,0.02,0.062,87 86 103 104 52 54 115 109 82 81 108 110 105 85 83 80 112 88 106 107,87 86 103 104 52 54 115 109 82 81 108 110 105 85 83 80 112 88 106 107,simulation,db4,energy,58,100,100,0
W-CART,W-CART:cart,32,,0.08,0.128,87 86 103 104 52 54 115 109 82 81 108 110 105 85 83 80 112 88 106 107,87 86 103 104 52 54 115 109 82 81 108 110 105 85 83 80 112 88 106 107,simulation,db4,energy,58,100,100,0
ALL,W-QDA:qda,9,,0.02,0.062,87 86 103 104 52 54 115 109 82 81 108 110 105 85 83 80 112 88 106 107,87 86 103 104 52 54 115 109 82 81 108 110 105 85 83 80 112 88 106 107,simulation,db4,energy,58,100,100,0
W-NN,W-NN:k=5,7,2.0,0.01,0.076,108 84 85 107 74 76 77 106 115 80 73 82 109 114 116 117 81 111 75 83,79 112 114 113 76 78 109 111 115 77 80 81 82 84 83 85 108 106 107 110,simulation,db4,usage,58,100,100,0
W-QDA,W-QDA:qda,24,3.0,0.0,0.046,74 107 80 106 108 82 83 84 85 75 76 118 109 73 81 113 115 116 117 71,79 112 114 113 76 78 109 111 115 77 80 81 82 84 83 85 108 106 107 110,simulation,db4,usage,58,100,100,0
W-CART,W-CART:cart,22,0.5,0.03,0.116,79 112 113 114 78 81 80 106 109 76 77 110 82 115 74 107 84 111 83 108,79 112 114 113 76 78 109 111 115 77 80 81 82 84 83 85 108 106 107 110,simulation,db4,usage,58,100,100,0
ALL,W-QDA:qda,24,3.0,0.0,0.046,74 107 80 106 108 82 83 84 85 75 76 118 109 73 81 113 115 116 117 71,79 112 114 113 76 78 109 111 115 77 80 81 82 84 83 85 108 106 107 110,simulation,db4,usage,58,100,100,0
W-NN,W-NN:k=5,23,,0.05,0.078,85 78 79 112 114 39 211 104 113 87 227 70 118 56 80 71 212 86 105 111,85 78 79 112 114 39 211 104 113 87 227 70 118 56 80 71 212 86 105 111,simulation,db4,energy,59,100,100,0
W-QDA,W-QDA:qda,23,,0.05,0.078,85 78 79 112 114 39 211 104 113 87 227 70 118 56 80 71 212 86 105 111,85 78 79 112 114 39 211 104 113 87 227 70 118 56 80 71 212 86 105 111,simulation,db4,energy,59,100,100,0
W-CART,W-CART:cart,42,,0.08,0.124,85 78 79 112 114 39 211 104 113 87 227 70 118 56 80 71 212 86 105 111,85 78 79 112 114 39 211 104 113 87 227 70 118 56 80 71 212 86 105 111,simulation,db4,energy,59,100,100,0
ALL,W-NN:k=5,23,,0.05,0.078,85 78 79 112 114 39 211 104 113 87 227 70 118 56 80 71 212 86 105 111,85 78 79 112 114 39 211 104 113 87 227 70 118 56 80 71 212 86 105 111,simulation,db4,energy,59,100,100,0
W-NN,W-NN:k=3,14,0.5,0.03,0.126,80 113 114 79 78 81 77 111 112 76 109 107 110 82 116 115 106 108 75 84,79 113 114 112 77 115 76 78 80 116 75 81 111 74 107 108 110 109 117 83,simulation,db4,usage,59,100,100,0
W-QDA,W-QDA:qda,17,3.0,0.06,0.124,114 115 116 76 112 78 79 113 75 118 119 77 81 117 72 104 74 82 105 109,79 113 114 112 77 115 76 78 80 116 75 81 111 74 107 108 110 109 117 83,simulation,db4,usage,59,100,100,0
W-CART,W-CART:cart,27,1.5,0.07,0.082,79 77 114 113 115 116 112 75 76 78 81 74 111 117 80 109 110 82 108 83,79 113 114 112 77 115 76 78 80 116 75 81 111 74 107 108 110 109 117 83,simulation,db4,usage,59,100,100,0
ALL,W-NN:k=3,14,0.5,0.03,0.126,80 113 114 79 78 81 77 111 112 76 109 107 110 82 116 115 106 108 75 84,79 113 114 112 77 115 76 78 80 116 75 81 111 74 107 108 110 109 117 83,simulation,db4,usage,59,100,100,0
W-NN,W-NN:k=1,8,,0.09,0.116,109 165 83 82 87 54 110 84 218 80 81 79 85 106 217 114 111 104 73 72,109 165 83 82 87 54 110 84 218 80 81 79 85 106 217 114 111 104 73 72,simulation,db4,energy,60,100,100,0
W-QDA,W-QDA:qda,5,,0.1,0.058,109 165 83 82 87 54 110 84 218 80 81 79 85 106 217 114 111 104 73 72,109 165 83 82 87 54 110 84 218 80 81 79 85 106 217 114 111 104 73 72,simulation,db4,energy,60,100,100,0
W-CART,W-CART:cart,50,,0.06,0.08,109 165 83 82 87 54 110 84 218 80 81 79 85 106 217 114 111 104 73 72,109 165 83 82 87 54 110 84 218 80 81 79 85 106 217 114 111 104 73 72,simulation,db4,energy,60,100,100,0
ALL,W-CART:cart,50,,0.06,0.08,109 165 83 82 87 54 110 84 218 80 81 79 85 106 217 114 111 104 73 72,109 165 83 82 87 54 110 84 218 80 81 79 85 106 217 114 111 104 73 72,simulation,db4,energy,60,100,100,0
W-NN,W-NN:k=3,25,1.0,0.05,0.084,82 81 109 84 107 110 112 111 108 113 83 80 76 77 78 75 115 74 79 106,82 81 109 84 107 110 112 111 108 113 83 80 76 77 78 75 115 74 79 106,simulation,db4,usage,60,100,100,0
W-QDA,W-QDA:qda,28,1.0,0.04,0.056,82 81 109 84 107 110 112 111 108 113 83 80 76 77 78 75 115 74 79 106,82 81 109 84 107 110 112 111 108 113 83 80 76 77 78 75 115 74 79 106,simulation,db4,usage,60,100,100,0
W-CART,W-CART:cart,58,1.0,0.03,0.09,82 81 109 84 107 110 112 111 108 113 83 80 76 77 78 75 115 74 79 106,82 81 109 84 107 110 112 111 108 113 83 80 76 77 78 75 115 74 79 106,simulation,db4,usage,60,100,100,0
ALL,W-CART:cart,58,1.0,0.03,0.09,82 81 109 84 107 110 112 111 108 113 83 80 76 77 78 75 115 74 79 106,82 81 109 84 107 110 112 111 108 113 83 80 76 77 78 75 115 74 79 106,simulation,db4,usage,60,100,100,0
W-NN,W-NN:k=7,22,,0.03,0.074,81 84 110 82 107 112 109 114 111 83 108 78 74 75 39 53 80 79 117 38,81 84 110 82 107 112 109 114 111 83 108 78 74 75 39 53 80 79 117 38,simulation,db4,energy,61,100,100,0
W-QDA,W-QDA:qda,27,,0.03,0.056,81 84 110 82 107 112 109 114 111 83 108 78 74 75 39 53 80 79 117 38,81 84 110 82 107 112 109 114 111 83 108 78 74 75 39 53 80 79 117 38,simulation,db4,energy,61,100,100,0
W-CART,W-CART:cart,28,,0.05,0.112,81 84 110 82 107 112 109 114 111 83 108 78 74 75 39 53 80 79 117 38,81 84 110 82 107 112 109 114 111 83 108 78 74 75 39 53 80 79 117 38,simulation,db4,energy,61,100,100,0
ALL,W-NN:k=7,22,,0.03,0.074,81 84 110 82 107 112 109 114 111 83 108 78 74 75 39 53 80 79 117 38,81 84 110 82 107 112 109 114 111 83 108 78 74 75 39 53 80 79 117 38,simulation,db4,energy,61,100,100,0
W-NN,W-NN:k=7,21,3.0,0.04,0.108,82 83 110 84 107 114 111 81 85 109 79 108 80 105 112 113 115 74 73 78,109 82 83 108 110 80 81 84 112 79 111 107 113 75 78 115 76 77 105 114,simulation,db4,usage,61,100,100,0
W-QDA,W-QDA:qda,28,1.0,0.03,0.048,109 82 83 108 110 80 81 84 112 79 111 107 113 75 78 115 76 77 105 114,109 82 83 108 110 80 81 84 112 79 111 107 113 75 78 115 76 77 105 114,simulation,db4,usage,61,100,100,0
W-CART,W-CART:cart,33,1.5,0.03,0.092,83 109 110 82 81 108 111 113 80 107 112 77 84 115 76 85 114 78 105 116,109 82 83 108 110 80 81 84 112 79 111 107 113 75 78 115 76 77 105 114,simulation,db4,usage,61,100,100,0
ALL,W-QDA:qda,28,1.0,0.03,0.048,109 82 83 108 110 80 81 84 112 79 111 107 113 75 78 115 76 77 105 114,109 82 83 108 110 80 81 84 112 79 111 107 113 75 78 115 76 77 105 114,simulation,db4,usage,61,100,100,0
W-NN,W-NN:k=5,2,,0.13,0.12,118 73 79 112 59 147 119 113 37 115 87 72 236 74 111 80 39 75 78 81,118 73 79 112 59 147 119 113 37 115 87 72 236 74 111 80 39 75 78 81,simulation,db4,energy,62,100,100,0
W-QDA,W-QDA:qda,13,,0.0,0.044,118 73 79 112 59 147 119 113 37 115 87 72 236 74 111 80 39 75 78 81,118 73 79 112 59 147 119 113 37 115 87 72 236 74 111 80 39 75 78 81,simulation,db4,energy,62,100,100,0
W-CART,W-CART:cart,39,,0.05,0.094,118 73 79 112 59 147 119 113 37 115 87 72 236 74 111 80 39 75 78 81,118 73 79 112 59 147 119 113 37 115 87 72 236 74 111 80 39 75 78 81,simulation,db4,energy,62,100,100,0
ALL,W-QDA:qda,13,,0.0,0.044,118 73 79 112 59 147 119 113 37 115 87 72 236 74 111 80 39 75 78 81,118 73 79 112 59 147 119 113 37 115 87 72 236 74 111 80 39 75 78 81,simulation,db4,energy,62,100,100,0
W-NN,W-NN:k=5,11,1.5,0.04,0.08,114 77 81 113 78 80 82 83 107 109 74 76 108 112 75 84 111 110 115 117,77 113 80 83 114 78 81 108 112 109 76 82 107 79 84 111 110 115 74 106,simulation,db4,usage,62,100,100,0
W-QDA,W-QDA:qda,16,1.5,0.01,0.052,114 77 81 113 78 80 82 83 107 109 74 76 108 112 75 84 111 110 115 117,77 113 80 83 114 78 81 108 112 109 76 82 107 79 84 111 110 115 74 106,simulation,db4,usage,62,100,100,0
W-CART,W-CART:cart,32,2.0,0.05,0.094,113 114 82 78 76 77 83 112 75 80 81 107 109 115 74 110 108 79 84 105,77 113 80 83 114 78 81 108 112 109 76 82 107 79 84 111 110 115 74 106,simulation,db4,usage,62,100,100,0
ALL,W-QDA:qda,16,1.5,0.01,0.052,114 77 81 113 78 80 82 83 107 109 74 76 108 112 75 84 111 110 115 117,77 113 80 83 114 78 81 108 112 109 76 82 107 79 84 111 110 115 74 106,simulation,db4,usage,62,100,100,0
W-NN,W-NN:k=5,33,,0.09,0.124,103 36 116 104 110 81 105 58 117 73 114 118 85 72 111 38 87 80 119 44,103 36 116 104 110 81 105 58 117 73 114 118 85 72 111 38 87 80 119 44,simulation,db4,energy,63,100,100,0
W-QDA,W-QDA:qda,9,,0.02,0.032,103 36 116 104 110 81 105 58 117 73 114 118 85 72 111 38 87 80 119 44,103 36 116 104 110 81 105 58 117 73 114 118 85 72 111 38 87 80 119 44,simulation,db4,energy,63,100,100,0
W-CART,W-CART:cart,5,,0.08,0.118,103 36 116 104 110 81 105 58 117 73 114 118 85 72 111 38 87 80 119 44,103 36 116 104 110 81 105 58 117 73 114 118 85 72 111 38 87 80 119 44,simulation,db4,energy,63,100,100,0
ALL,W-QDA:qda,9,,0.02,0.032,103 36 116 104 110 81 105 58 117 73 114 118 85 72 111 38 87 80 119 44,103 36 116 104 110 81 105 58 117 73 114 118 85 72 111 38 87 80 119 44,simulation,db4,energy,63,100,100,0
W-NN,W-NN:k=5,23,2.0,0.08,0.066,116 77 76 114 115 78 113 117 75 111 107 73 83 108 74 84 85 112 118 82,76 116 113 75 77 81 115 78 114 117 108 112 118 74 82 79 110 111 73 85,simulation,db4,usage,63,100,100,0
W-QDA,W-QDA:qda,23,2.0,0.05,0.056,116 77 76 114 115 78 113 117 75 111 107 73 83 108 74 84 85 112 118 82,76 116 113 75 77 81 115 78 114 117 108 112 118 74 82 79 110 111 73 85,simulation,db4,usage,63,100,100,0
W-CART,W-CART:cart,20,2.0,0.08,0.098,116 77 76 114 115 78 113 117 75 111 107 73 83 108 74 84 85 112 118 82,76 116 113 75 77 81 115 78 114 117 108 112 118 74 82 79 110 111 73 85,simulation,db4,usage,63,100,100,0
ALL,W-QDA:qda,23,2.0,0.05,0.056,116 77 76 114 115 78 113 117 75 111 107 73 83 108 74 84 85 112 118 82,76 116 113 75 77 81 115 78 114 117 108 112 118 74 82 79 110 111 73 85,simulation,db4,usage,63,100,100,0
W-NN,W-NN:k=5,2,,0.06,0.12,117 74 73 116 115 171 105 111 77 75 110 85 118 37 109 86 76 72 114 43,117 74 73 116 115 171 105 111 77 75 110 85 118 37 109 86 76 72 114 43,simulation,db4,energy,64,100,100,0
W-QDA,W-QDA:qda,8,,0.02,0.05,117 74 73 116 115 171 105 111 77 75 110 85 118 37 109 86 76 72 114 43,117 74 73 116 115 171 105 111 77 75 110 85 118 37 109 86 76 72 114 43,simulation,db4,energy,64,100,100,0
W-CART,W-CART:cart,5,,0.08,0.1,117 74 73 116 115 171 105 111 77 75 110 85 118 37 109 86 76 72 114 43,117 74 73 116 115 171 105 111 77 75 110 85 118 37 109 86 76 72 114 43,simulation,db4,energy,64,100,100,0
ALL,W-QDA:qda,8,,0.02,0.05,117 74 73 116 115 171 105 111 77 75 110 85 118 37 109 86 76 72 114 43,117 74 73 116 115 171 105 111 77 75 110 85 118 37 109 86 76 72 114 43,simulation,db4,energy,64,100,100,0
W-NN,W-NN:k=3,31,2.0,0.06,0.088,74 76 111 114 115 112 108 117 77 113 75 81 110 118 82 73 79 83 116 80,75 111 76 77 114 113 115 82 116 117 80 108 110 74 109 78 112 73 79 81,simulation,db4,usage,64,100,100,0
W-QDA,W-QDA:qda,35,2.0,0.01,0.034,74 76 111 114 115 112 108 117 77 113 75 81 110 118 82 73 79 83 116 80,75 111 76 77 114 113 115 82 116 117 80 108 110 74 109 78 112 73 79 81,simulation,db4,usage,64,100,100,0
W-CART,W-CART:cart,24,3.0,0.07,0.098,76 112 115 117 74 82 118 111 114 75 77 108 110 81 109 73 116 80 72 78,75 111 76 77 114 113 115 82 116 117 80 108 110 74 109 78 112 73 79 81,simulation,db4,usage,64,100,100,0
ALL,W-QDA:qda,35,2.0,0.01,0.034,74 76 111 114 115 112 108 117 77 113 75 81 110 118 82 73 79 83 116 80,75 111 76 77 114 113 115 82 116 117 80 108 110 74 109 78 112 73 79 81,simulation,db4,usage,64,100,100,0
W-NN,W-NN:k=7,42,,0.03,0.086,164 109 113 82 81 115 218 83 75 76 41 119 117 108 36 118 78 112 116 72,164 109 113 82 81 115 218 83 75 76 41 119 117 108 36 118 78 112 116 72,simulation,db4,energy,65,100,100,0
W-QDA,W-QDA:qda,13,,0.06,0.068,164 109 113 82 81 115 218 83 75 76 41 119 117 108 36 118 78 112 116 72,164 109 113 82 81 115 218 83 75 76 41 119 117 108 36 118 78 112 116 72,simulation,db4,energy,65,100,100,0
W-CART,W-CART:cart,42,,0.08,0.08,164 109 113 82 81 115 218 83 75 76 41 119 117 108 36 118 78 112 116 72,164 109 113 82 81 115 218 83 75 76 41 119 117 108 36 118 78 112 116 72,simulation,db4,energy,65,100,100,0
ALL,W-NN:k=7,42,,0.03,0.086,164 109 113 82 81 115 218 83 75 76 41 119 117 108 36 118 78 112 116 72,164 109 113 82 81 115 218 83 75 76 41 119 117 108 36 118 78 112 116 72,simulation,db4,energy,65,100,100,0
W-NN,W-NN:k=5,34,3.0,0.06,0.088,76 116 115 75 113 117 114 118 74 77 111 79 80 112 119 72 81 109 82 73,81 116 75 79 115 76 77 117 111 114 78 113 110 74 82 112 118 73 80 109,simulation,db4,usage,65,100,100,0
W-QDA,W-QDA:qda,3,1.5,0.09,0.098,116 117 75 113 76 115 114 118 74 79 81 77 112 80 111 72 119 73 78 107,81 116 75 79 115 76 77 117 111 114 78 113 110 74 82 112 118 73 80 109,simulation,db4,usage,65,100,100,0
W-CART,W-CART:cart,44,2.0,0.06,0.078,117 76 116 118 75 74 113 114 77 112 115 79 111 80 81 82 72 108 119 73,81 116 75 79 115 76 77 117 111 114 78 113 110 74 82 112 118 73 80 109,simulation,db4,usage,65,100,100,0
ALL,W-NN:k=5,34,3.0,0.06,0.088,76 116 115 75 113 117 114 118 74 77 111 79 80 112 119 72 81 109 82 73,81 116 75 79 115 76 77 117 111 114 78 113 110 74 82 112 118 73 80 109,simulation,db4,usage,65,100,100,0
W-NN,W-NN:k=3,50,,0.12,0.128,76 151 231 115 71 75 109 72 114 117 116 77 56 111 232 119 118 112 74 113,76 151 231 115 71 75 109 72 114 117 116 77 56 111 232 119 118 112 74 113,simulation,db4,energy,66,100,100,0
W-QDA,W-QDA:qda,7,,0.07,0.062,76 151 231 115 71 75 109 72 114 117 116 77 56 111 232 119 118 112 74 113,76 151 231 115 71 75 109 72 114 117 116 77 56 111 232 119 118 112 74 113,simulation,db4,energy,66,100,100,0
W-CART,W-CART:cart,10,,0.12,0.08,76 151 231 115 71 75 109 72 114 117 116 77 56 111 232 119 118 112 74 113,76 151 231 115 71 75 109 72 114 117 116 77 56 111 232 119 118 112 74 113,simulation,db4,energy,66,100,100,0
ALL,W-QDA:qda,7,,0.07,0.062,76 151 231 115 71 75 109 72 114 117 116 77 56 111 232 119 118 112 74 113,76 151 231 115 71 75 109 72 114 117 116 77 56 111 232 119 118 112 74 113,simulation,db4,energy,66,100,100,0
W-NN,W-NN:k=3,9,0.5,0.05,0.136,78 79 113 112 108 77 81 114 80 83 84 110 111 115 76 106 107 109 82 116,108 77 114 78 79 113 115 81 76 83 106 112 82 74 80 109 110 117 84 107,simulation,db4,usage,66,100,100,0
W-QDA,W-QDA:qda,31,3.0,0.06,0.058,77 76 75 114 78 108 116 79 80 115 117 74 109 112 81 110 111 83 113 82,108 77 114 78 79 113 115 81 76 83 106 112 82 74 80 109 110 117 84 107,simulation,db4,usage,66,100,100,0
W-CART,W-CART:cart,26,3.0,0.05,0.132,77 76 75 114 78 108 116 79 80 115 117 74 109 112 81 110 111 83 113 82,108 77 114 78 79 113 115 81 76 83 106 112 82 74 80 109 110 117 84 107,simulation,db4,usage,66,100,100,0
ALL,W-NN:k=3,9,0.5,0.05,0.136,78 79 113 112 108 77 81 114 80 83 84 110 111 115 76 106 107 109 82 116,108 77 114 78 79 113 115 81 76 83 106 112 82 74 80 109 110 117 84 107,simulation,db4,usage,66,100,100,0
W-NN,W-NN:k=1,3,,0.05,0.08,72 84 89 88 73 54 83 82 114 107 59 74 103 102 77 109 76 115 85 106,72 84 89 88 73 54 83 82 114 107 59 74 103 102 77 109 76 115 85 106,simulation,db4,energy,67,100,100,0
W-QDA,W-QDA:qda,34,,0.0,0.026,72 84 89 88 73 54 83 82 114 107 59 74 103 102 77 109 76 115 85 106,72 84 89 88 73 54 83 82 114 107 59 74 103 102 77 109 76 115 85 106,simulation,db4,energy,67,100,100,0
W-CART,W-CART:cart,32,,0.05,0.108,72 84 89 88 73 54 83 82 114 107 59 74 103 102 77 109 76 115 85 106,72 84 89 88 73 54 83 82 114 107 59 74 103 102 77 109 76 115 85 106,simulation,db4,energy,67,100,100,0
ALL,W-QDA:qda,34,,0.0,0.026,72 84 89 88 73 54 83 82 114 107 59 74 103 102 77 109 76 115 85 106,72 84 89 88 73 54 83 82 114 107 59 74 103 102 77 109 76 115 85 106,simulation,db4,energy,67,100,100,0
W-NN,W-NN:k=1,4,3.0,0.04,0.102,75 116 114 73 74 107 76 79 82 84 106 111 115 81 83 108 109 117 77 110,109 110 108 111 80 82 83 116 76 79 81 84 114 115 78 107 75 77 112 117,simulation,db4,usage,67,100,100,0
W-QDA,W-QDA:qda,14,1.5,0.01,0.028,109 116 82 110 111 115 83 73 75 79 76 81 84 108 114 78 77 106 112 80,109 110 108 111 80 82 83 116 76 79 81 84 114 115 78 107 75 77 112 117,simulation,db4,usage,67,100,100,0
W-CART,W-CART:cart,3,2.0,0.03,0.068,116 109 73 75 111 81 77 82 110 115 76 79 107 114 117 83 84 85 106 108,109 110 108 111 80 82 83 116 76 79 81 84 114 115 78 107 75 77 112 117,simulation,db4,usage,67,100,100,0
ALL,W-QDA:qda,14,1.5,0.01,0.028,109 116 82 110 111 115 83 73 75 79 76 81 84 108 114 78 77 106 112 80,109 110 108 111 80 82 83 116 76 79 81 84 114 115 78 107 75 77 112 117,simulation,db4,usage,67,100,100,0
W-NN,W-NN:k=1,6,,0.03,0.064,116 118 86 74 117 105 73 110 77 80 72 111 115 119 114 52 81 75 107 82,116 118 86 74 117 105 73 110 77 80 72 111 115 119 114 52 81 75 107 82,simulation,db4,energy,68,100,100,0
W-QDA,W-QDA:qda,9,,0.02,0.044,116 118 86 74 117 105 73 110 77 80 72 111 115 119 114 52 81 75 107 82,116 118 86 74 117 105 73 110 77 80 72 111 115 119 114 52 81 75 107 82,simulation,db4,energy,68,100,100,0
W-CART,W-CART:cart,29,,0.06,0.084,116 118 86 74 117 105 73 110 77 80 72 111 115 119 114 52 81 75 107 82,116 118 86 74 117 105 73 110 77 80 72 111 115 119 114 52 81 75 107 82,simulation,db4,energy,68,100,100,0
ALL,W-QDA:qda,9,,0.02,0.044,116 118 86 74 117 105 73 110 77 80 72 111 115 119 114 52 81 75 107 82,116 118 86 74 117 105 73 110 77 80 72 111 115 119 114 52 81 75 107 82,simulation,db4,energy,68,100,100,0
W-NN,W-NN:k=3,21,0.5,0.03,0.062,79 80 111 78 109 114 108 110 112 76 81 82 113 77 115 74 83 107 116 75,79 112 80 110 111 115 109 76 81 78 113 77 74 75 108 114 107 84 116 83,simulation,db4,usage,68,100,100,0
W-QDA,W-QDA:qda,10,2.0,0.0,0.04,115 112 111 78 79 75 80 107 114 84 108 109 110 82 116 117 73 76 81 118,79 112 80 110 111 115 109 76 81 78 113 77 74 75 108 114 107 84 116 83,simulation,db4,usage,68,100,100,0
W-CART,W-CART:cart,5,3.0,0.06,0.076,110 115 107 111 118 78 114 84 112 79 108 116 117 73 80 81 82 105 106 119,79 112 80 110 111 115 109 76 81 78 113 77 74 75 108 114 107 84 116 83,simulation,db4,usage,68,100,100,0
ALL,W-QDA:qda,10,2.0,0.0,0.04,115 112 111 78 79 75 80 107 114 84 108 109 110 82 116 117 73 76 81 118,79 112 80 110 111 115 109 76 81 78 113 77 74 75 108 114 107 84 116 83,simulation,db4,usage,68,100,100,0
W-NN,W-NN:k=3,7,,0.04,0.074,77 114 118 73 72 83 109 113 85 52 86 76 121 84 70 115 108 82 107 58,77 114 118 73 72 83 109 113 85 52 86 76 121 84 70 115 108 82 107 58,simulation,db4,energy,69,100,100,0
W-QDA,W-QDA:qda,10,,0.01,0.03,77 114 118 73 72 83 109 113 85 52 86 76 121 84 70 115 108 82 107 58,77 114 118 73 72 83 109 113 85 52 86 76 121 84 70 115 108 82 107 58,simulation,db4,energy,69,100,100,0
W-CART,W-CART:cart,3,,0.06,0.108,77 114 118 73 72 83 109 113 85 52 86 76 121 84 70 115 108 82 107 58,77 114 118 73 72 83 109 113 85 52 86 76 121 84 70 115 108 82 107 58,simulation,db4,energy,69,100,100,0
ALL,W-QDA:qda,10,,0.01,0.03,77 114 118 73 72 83 109 113 85 52 86 76 121 84 70 115 108 82 107 58,77 114 118 73 72 83 109 113 85 52 86 76 121 84 70 115 108 82 107 58,simulation,db4,energy,69,100,100,0
W-NN,W-NN:k=9,15,2.0,0.04,0.12,81 114 82 111 113 75 109 115 76 77 78 108 112 79 117 84 106 74 80 86,77 81 111 82 109 110 79 113 114 78 76 80 112 74 83 84 85 108 116 75,simulation,db4,usage,69,100,100,0
W-QDA,W-QDA:qda,16,3.0,0.06,0.032,114 81 77 76 108 79 85 86 115 75 106 113 82 83 107 111 116 74 80 84,77 81 111 82 109 110 79 113 114 78 76 80 112 74 83 84 85 108 116 75,simulation,db4,usage,69,100,100,0
W-CART,W-CART:cart,20,2.0,0.05,0.088,81 114 82 111 113 75 109 115 76 77 78 108 112 79 117 84 106 74 80 86,77 81 111 82 109 110 79 113 114 78 76 80 112 74 83 84 85 108 116 75,simulation,db4,usage,69,100,100,0
ALL,W-NN:k=9,15,2.0,0.04,0.12,81 114 82 111 113 75 109 115 76 77 78 108 112 79 117 84 106 74 80 86,77 81 111 82 109 110 79 113 114 78 76 80 112 74 83 84 85 108 116 75,simulation,db4,usage,69,100,100,0
W-NN,W-NN:k=1,9,,0.02,0.076,119 72 86 118 104 71 106 73 107 117 75 88 120 84 103 115 76 105 114 116,119 72 86 118 104 71 106 73 107 117 75 88 120 84 103 115 76 105 114 116,simulation,db4,energy,70,100,100,0
W-QDA,W-QDA:qda,19,,0.01,0.022,119 72 86 118 104 71 106 73 107 117 75 88 120 84 103 115 76 105 114 116,119 72 86 118 104 71 106 73 107 117 75 88 120 84 103 115 76 105 114 116,simulation,db4,energy,70,100,100,0
W-CART,W-CART:cart,57,,0.04,0.07,119 72 86 118 104 71 106 73 107 117 75 88 120 84 103 115 76 105 114 116,119 72 86 118 104 71 106 73 107 117 75 88 120 84 103 115 76 105 114 116,simulation,db4,energy,70,100,100,0
ALL,W-QDA:qda,19,,0.01,0.022,119 72 86 118 104 71 106 73 107 117 75 88 120 84 103 115 76 105 114 116,119 72 86 118 104 71 106 73 107 117 75 88 120 84 103 115 76 105 114 116,simulation,db4,energy,70,100,100,0
W-NN,W-NN:k=1,6,3.0,0.05,0.078,73 118 117 72 119 106 71 74 75 84 108 116 85 104 115 120 105 114 70 86,73 113 117 72 75 78 114 118 119 116 71 74 76 77 112 84 82 83 106 110,simulation,db4,usage,70,100,100,0
W-QDA,W-QDA:qda,20,3.0,0.02,0.032,73 118 117 72 119 106 71 74 75 84 108 116 85 104 115 120 105 114 70 86,73 113 117 72 75 78 114 118 119 116 71 74 76 77 112 84 82 83 106 110,simulation,db4,usage,70,100,100,0
W-CART,W-CART:cart,44,2.0,0.04,0.068,117 72 118 73 119 75 74 71 84 106 116 120 70 81 114 105 111 113 82 87,73 113 117 72 75 78 114 118 119 116 71 74 76 77 112 84 82 83 106 110,simulation,db4,usage,70,100,100,0
ALL,W-QDA:qda,20,3.0,0.02,0.032,73 118 117 72 119 106 71 74 75 84 108 116 85 104 115 120 105 114 70 86,73 113 117 72 75 78 114 118 119 116 71 74 76 77 112 84 82 83 106 110,simulation,db4,usage,70,100,100,0
W-NN,W-NN:k=5,34,,0.07,0.124,81 113 110 80 77 119 105 116 74 118 79 104 103 76 88 111 86 87 112 85,81 113 110 80 77 119 105 116 74 118 79 104 103 76 88 111 86 87 112 85,simulation,db4,energy,71,100,100,0
W-QDA,W-QDA:qda,13,,0.0,0.026,81 113 110 80 77 119 105 116 74 118 79 104 103 76 88 111 86 87 112 85,81 113 110 80 77 119 105 116 74 118 79 104 103 76 88 111 86 87 112 85,simulation,db4,energy,71,100,100,0
W-CART,W-CART:cart,31,,0.05,0.074,81 113 110 80 77 119 105 116 74 118 79 104 103 76 88 111 86 87 112 85,81 113 110 80 77 119 105 116 74 118 79 104 103 76 88 111 86 87 112 85,simulation,db4,energy,71,100,100,0
ALL,W-QDA:qda,13,,0.0,0.026,81 113 110 80 77 119 105 116 74 118 79 104 103 76 88 111 86 87 112 85,81 113 110 80 77 119 105 116 74 118 79 104 103 76 88 111 86 87 112 85,simulation,db4,energy,71,100,100,0
W-NN,W-NN:k=3,11,3.0,0.03,0.12,77 85 79 114 84 111 76 83 106 113 112 115 116 78 107 86 105 118 75 81,111 82 112 77 78 114 79 109 81 83 108 113 115 76 80 84 85 110 105 107,simulation,db4,usage,71,100,100,0
W-QDA,W-QDA:qda,24,3.0,0.04,0.03,77 85 79 114 84 111 76 83 106 113 112 115 116 78 107 86 105 118 75 81,111 82 112 77 78 114 79 109 81 83 108 113 115 76 80 84 85 110 105 107,simulation,db4,usage,71,100,100,0
W-CART,W-CART:cart,18,3.0,0.06,0.092,77 85 79 114 84 111 76 83 106 113 112 115 116 78 107 86 105 118 75 81,111 82 112 77 78 114 79 109 81 83 108 113 115 76 80 84 85 110 105 107,simulation,db4,usage,71,100,100,0
ALL,W-NN:k=3,11,3.0,0.03,0.12,77 85 79 114 84 111 76 83 106 113 112 115 116 78 107 86 105 118 75 81,111 82 112 77 78 114 79 109 81 83 108 113 115 76 80 84 85 110 105 107,simulation,db4,usage,71,100,100,0
W-NN,W-NN:k=3,41,,0.03,0.11,113 105 117 76 78 86 80 115 112 79 75 56 77 114 85 103 72 104 106 109,113 105 117 76 78 86 80 115 112 79 75 56 77 114 85 103 72 104 106 109,simulation,db4,energy,72,100,100,0
W-QDA,W-QDA:qda,22,,0.02,0.026,113 105 117 76 78 86 80 115 112 79 75 56 77 114 85 103 72 104 106 109,113 105 117 76 78 86 80 115 112 79 75 56 77 114 85 103 72 104 106 109,simulation,db4,energy,72,100,100,0
W-CART,W-CART:cart,27,,0.08,0.116,113 105 117 76 78 86 80 115 112 79 75 56 77 114 85 103 72 104 106 109,113 105 117 76 78 86 80 115 112 79 75 56 77 114 85 103 72 104 106 109,simulation,db4,energy,72,100,100,0
ALL,W-QDA:qda,22,,0.02,0.026,113 105 117 76 78 86 80 115 112 79 75 56 77 114 85 103 72 104 106 109,113 105 117 76 78 86 80 115 112 79 75 56 77 114 85 103 72 104 106 109,simulation,db4,energy,72,100,100,0
W-NN,W-NN:k=5,28,2.0,0.05,0.096,75 78 113 111 115 77 76 80 112 114 117 108 116 74 79 109 85 118 73 81,76 80 113 78 77 111 112 114 115 75 79 81 110 82 109 108 116 74 83 84,simulation,db4,usage,72,100,100,0
W-QDA,W-QDA:qda,22,1.0,0.02,0.062,76 80 113 78 77 111 112 114 115 75 79 81 110 82 109 108 116 74 83 84,76 80 113 78 77 111 112 114 115 75 79 81 110 82 109 108 116 74 83 84,simulation,db4,usage,72,100,100,0
W-CART,W-CART:cart,21,3.0,0.05,0.09,75 113 115 117 77 78 111 79 85 114 76 80 112 116 73 109 74 108 87 106,76 80 113 78 77 111 112 114 115 75 79 81 110 82 109 108 116 74 83 84,simulation,db4,usage,72,100,100,0
ALL,W-QDA:qda,22,1.0,0.02,0.062,76 80 113 78 77 111 112 114 115 75 79 81 110 82 109 108 116 74 83 84,76 80 113 78 77 111 112 114 115 75 79 81 110 82 109 108 116 74 83 84,simulation,db4,usage,72,100,100,0
W-NN,W-NN:k=1,50,,0.03,0.108,206 103 88 177 108 51 104 87 102 355 82 109 117 72 81 84 79 41 112 107,206 103 88 177 108 51 104 87 102 355 82 109 117 72 81 84 79 41 112 107,simulation,db4,energy,73,100,100,0
W-QDA,W-QDA:qda,31,,0.0,0.038,206 103 88 177 108 51 104 87 102 355 82 109 117 72 81 84 79 41 112 107,206 103 88 177 108 51 104 87 102 355 82 109 117 72 81 84 79 41 112 107,simulation,db4,energy,73,100,100,0
W-CART,W-CART:cart,20,,0.06,0.126,206 103 88 177 108 51 104 87 102 355 82 109 117 72 81 84 79 41 112 107,206 103 88 177 108 51 104 87 102 355 82 109 117 72 81 84 79 41 112 107,simulation,db4,energy,73,100,100,0
ALL,W-QDA:qda,31,,0.0,0.038,206 103 88 177 108 51 104 87 102 355 82 109 117 72 81 84 79 41 112 107,206 103 88 177 108 51 104 87 102 355 82 109 117 72 81 84 79 41 112 107,simulation,db4,energy,73,100,100,0
W-NN,W-NN:k=1,7,1.5,0.0,0.098,82 114 81 108 78 83 115 80 109 113 116 84 75 107 110 76 117 74 112 79,78 82 114 79 113 81 80 116 76 77 109 110 115 108 112 75 84 107 111 73,simulation,db4,usage,73,100,100,0
W-QDA,W-QDA:qda,16,3.0,0.0,0.038,81 83 82 75 108 109 76 80 107 114 115 117 84 85 113 116 104 112 106 111,78 82 114 79 113 81 80 116 76 77 109 110 115 108 112 75 84 107 111 73,simulation,db4,usage,73,100,100,0
W-CART,W-CART:cart,22,1.0,0.01,0.08,78 82 114 79 113 81 80 116 76 77 109 110 115 108 112 75 84 107 111 73,78 82 114 79 113 81 80 116 76 77 109 110 115 108 112 75 84 107 111 73,simulation,db4,usage,73,100,100,0
ALL,W-NN:k=1,7,1.5,0.0,0.098,82 114 81 108 78 83 115 80 109 113 116 84 75 107 110 76 117 74 112 79,78 82 114 79 113 81 80 116 76 77 109 110 115 108 112 75 84 107 111 73,simulation,db4,usage,73,100,100,0
W-NN,W-NN:k=1,17,,0.03,0.074,114 107 115 113 81 80 116 84 75 110 82 85 86 83 87 119 106 74 77 54,114 107 115 113 81 80 116 84 75 110 82 85 86 83 87 119 106 74 77 54,simulation,db4,energy,74,100,100,0
W-QDA,W-QDA:qda,12,,0.03,0.036,114 107 115 113 81 80 116 84 75 110 82 85 86 83 87 119 106 74 77 54,114 107 115 113 81 80 116 84 75 110 82 85 86 83 87 119 106 74 77 54,simulation,db4,energy,74,100,100,0
W-CART,W-CART:cart,3,,0.1,0.136,114 107 115 113 81 80 116 84 75 110 82 85 86 83 87 119 106 74 77 54,114 107 115 113 81 80 116 84 75 110 82 85 86 83 87 119 106 74 77 54,simulation,db4,energy,74,100,100,0
ALL,W-QDA:qda,12,,0.03,0.036,114 107 115 113 81 80 116 84 75 110 82 85 86 83 87 119 106 74 77 54,114 107 115 113 81 80 116 84 75 110 82 85 86 83 87 119 106 74 77 54,simulation,db4,energy,74,100,100,0
W-NN,W-NN:k=3,21,3.0,0.05,0.066,84 85 77 113 80 83 107 82 76 79 112 105 108 116 75 78 110 114 106 74,82 80 81 84 79 83 108 110 113 111 78 112 109 106 75 114 107 115 77 85,simulation,db4,usage,74,100,100,0
W-QDA,W-QDA:qda,20,3.0,0.02,0.03,84 85 77 113 80 83 107 82 76 79 112 105 108 116 75 78 110 114 106 74,82 80 81 84 79 83 108 110 113 111 78 112 109 106 75 114 107 115 77 85,simulation,db4,usage,74,100,100,0
W-CART,W-CART:cart,51,0.5,0.09,0.11,82 81 111 113 84 109 112 79 80 108 114 78 83 110 107 115 77 106 116 75,82 80 81 84 79 83 108 110 113 111 78 112 109 106 75 114 107 115 77 85,simulation,db4,usage,74,100,100,0
ALL,W-QDA:qda,20,3.0,0.02,0.03,84 85 77 113 80 83 107 82 76 79 112 105 108 116 75 78 110 114 106 74,82 80 81 84 79 83 108 110 113 111 78 112 109 106 75 114 107 115 77 85,simulation,db4,usage,74,100,100,0
W-NN,W-NN:k=3,42,,0.08,0.112,88 79 84 224 107 112 51 108 114 83 103 113 106 115 78 86 85 82 159 87,88 79 84 224 107 112 51 108 114 83 103 113 106 115 78 86 85 82 159 87,simulation,db4,energy,75,100,100,0
W-QDA,W-QDA:qda,14,,0.03,0.052,88 79 84 224 107 112 51 108 114 83 103 113 106 115 78 86 85 82 159 87,88 79 84 224 107 112 51 108 114 83 103 113 106 115 78 86 85 82 159 87,simulation,db4,energy,75,100,100,0
W-CART,W-CART:cart,27,,0.09,0.118,88 79 84 224 107 112 51 108 114 83 103 113 106 115 78 86 85 82 159 87,88 79 84 224 107 112 51 108 114 83 103 113 106 115 78 86 85 82 159 87,simulation,db4,energy,75,100,100,0
ALL,W-QDA:qda,14,,0.03,0.052,88 79 84 224 107 112 51 108 114 83 103 113 106 115 78 86 85 82 159 87,88 79 84 224 107 112 51 108 114 83 103 113 106 115 78 86 85 82 159 87,simulation,db4,energy,75,100,100,0
W-NN,W-NN:k=1,6,3.0,0.07,0.09,105 86 107 106 108 82 85 104 87 111 112 84 109 78 83 110 113 115 114 75,111 105 106 107 110 78 82 85 113 84 108 77 80 86 109 112 79 81 83 115,simulation,db4,usage,75,100,100,0
W-QDA,W-QDA:qda,26,3.0,0.01,0.034,105 86 107 106 108 82 85 104 87 111 112 84 109 78 83 110 113 115 114 75,111 105 106 107 110 78 82 85 113 84 108 77 80 86 109 112 79 81 83 115,simulation,db4,usage,75,100,100,0
W-CART,W-CART:cart,2,3.0,0.07,0.092,105 86 107 106 108 82 85 104 87 111 112 84 109 78 83 110 113 115 114 75,111 105 106 107 110 78 82 85 113 84 108 77 80 86 109 112 79 81 83 115,simulation,db4,usage,75,100,100,0
ALL,W-QDA:qda,26,3.0,0.01,0.034,105 86 107 106 108 82 85 104 87 111 112 84 109 78 83 110 113 115 114 75,111 105 106 107 110 78 82 85 113 84 108 77 80 86 109 112 79 81 83 115,simulation,db4,usage,75,100,100,0
W-NN,W-NN:k=3,26,,0.06,0.074,111 79 74 85 87 84 106 112 118 104 86 75 78 105 80 73 83 109 108 72,111 79 74 85 87 84 106 112 118 104 86 75 78 105 80 73 83 109 108 72,simulation,db4,energy,76,100,100,0
W-QDA,W-QDA:qda,21,,0.01,0.036,111 79 74 85 87 84 106 112 118 104 86 75 78 105 80 73 83 109 108 72,111 79 74 85 87 84 106 112 118 104 86 75 78 105 80 73 83 109 108 72,simulation,db4,energy,76,100,100,0
W-CART,W-CART:cart,5,,0.07,0.116,111 79 74 85 87 84 106 112 118 104 86 75 78 105 80 73 83 109 108 72,111 79 74 85 87 84 106 112 118 104 86 75 78 105 80 73 83 109 108 72,simulation,db4,energy,76,100,100,0
ALL,W-QDA:qda,21,,0.01,0.036,111 79 74 85 87 84 106 112 118 104 86 75 78 105 80 73 83 109 108 72,111 79 74 85 87 84 106 112 118 104 86 75 78 105 80 73 83 109 108 72,simulation,db4,energy,76,100,100,0
W-NN,W-NN:k=3,13,1.0,0.04,0.134,114 77 79 83 112 80 113 78 81 110 84 111 75 82 85 105 106 107 108 115,114 77 79 83 112 80 113 78 81 110 84 111 75 82 85 105 106 107 108 115,simulation,db4,usage,76,100,100,0
W-QDA,W-QDA:qda,45,2.0,0.0,0.062,85 111 75 80 81 83 114 77 82 84 112 106 73 108 113 74 78 79 105 110,114 77 79 83 112 80 113 78 81 110 84 111 75 82 85 105 106 107 108 115,simulation,db4,usage,76,100,100,0
W-CART,W-CART:cart,20,1.5,0.06,0.128,80 85 112 75 114 77 78 83 111 81 84 110 113 76 82 106 105 107 74 79,114 77 79 83 112 80 113 78 81 110 84 111 75 82 85 105 106 107 108 115,simulation,db4,usage,76,100,100,0
ALL,W-QDA:qda,45,2.0,0.0,0.062,85 111 75 80 81 83 114 77 82 84 112 106 73 108 113 74 78 79 105 110,114 77 79 83 112 80 113 78 81 110 84 111 75 82 85 105 106 107 108 115,simulation,db4,usage,76,100,100,0
W-NN,W-NN:k=1,63,,0.08,0.088,110 109 118 79 81 111 75 80 119 72 114 83 117 84 77 115 82 112 116 76,110 109 118 79 81 111 75 80 119 72 114 83 117 84 77 115 82 112 116 76,simulation,db4,energy,77,100,100,0
W-QDA,W-QDA:qda,13,,0.01,0.058,110 109 118 79 81 111 75 80 119 72 114 83 117 84 77 115 82 112 116 76,110 109 118 79 81 111 75 80 119 72 114 83 117 84 77 115 82 112 116 76,simulation,db4,energy,77,100,100,0
W-CART,W-CART:cart,46,,0.03,0.094,110 109 118 79 81 111 75 80 119 72 114 83 117 84 77 115 82 112 116 76,110 109 118 79 81 111 75 80 119 72 114 83 117 84 77 115 82 112 116 76,simulation,db4,energy,77,100,100,0
ALL,W-QDA:qda,13,,0.01,0.058,110 109 118 79 81 111 75 80 119 72 114 83 117 84 77 115 82 112 116 76,110 109 118 79 81 111 75 80 119 72 114 83 117 84 77 115 82 112 116 76,simulation,db4,energy,77,100,100,0
W-NN,W-NN:k=3,20,0.5,0.04,0.1,112 114 113 77 79 109 81 111 115 76 78 108 80 116 74 82 75 110 117 231,114 77 79 112 115 113 76 81 78 109 111 80 82 75 116 108 117 110 73 83,simulation,db4,usage,77,100,100,0
W-QDA,W-QDA:qda,33,3.0,0.01,0.04,114 117 77 115 76 80 81 109 74 82 113 75 78 73 111 116 118 79 112 72,114 77 79 112 115 113 76 81 78 109 111 80 82 75 116 108 117 110 73 83,simulation,db4,usage,77,100,100,0
W-CART,W-CART:cart,21,3.0,0.03,0.086,114 117 77 115 76 80 81 109 74 82 113 75 78 73 111 116 118 79 112 72,114 77 79 112 115 113 76 81 78 109 111 80 82 75 116 108 117 110 73 83,simulation,db4,usage,77,100,100,0
ALL,W-QDA:qda,33,3.0,0.01,0.04,114 117 77 115 76 80 81 109 74 82 113 75 78 73 111 116 118 79 112 72,114 77 79 112 115 113 76 81 78 109 111 80 82 75 116 108 117 110 73 83,simulation,db4,usage,77,100,100,0
W-NN,W-NN:k=1,50,,0.03,0.102,82 85 110 106 115 109 84 83 111 37 81 105 54 40 107 75 38 76 78 80,82 85 110 106 115 109 84 83 111 37 81 105 54 40 107 75 38 76 78 80,simulation,db4,energy,78,100,100,0
W-QDA,W-QDA:qda,31,,0.02,0.046,82 85 110 106 115 109 84 83 111 37 81 105 54 40 107 75 38 76 78 80,82 85 110 106 115 109 84 83 111 37 81 105 54 40 107 75 38 76 78 80,simulation,db4,energy,78,100,100,0
W-CART,W-CART:cart,48,,0.05,0.102,82 85 110 106 115 109 84 83 111 37 81 105 54 40 107 75 38 76 78 80,82 85 110 106 115 109 84 83 111 37 81 105 54 40 107 75 38 76 78 80,simulation,db4,energy,78,100,100,0
ALL,W-QDA:qda,31,,0.02,0.046,82 85 110 106 115 109 84 83 111 37 81 105 54 40 107 75 38 76 78 80,82 85 110 106 115 109 84 83 111 37 81 105 54 40 107 75 38 76 78 80,simulation,db4,energy,78,100,100,0
W-NN,W-NN:k=3,7,3.0,0.03,0.082,76 106 115 79 85 111 108 112 80 82 105 75 114 73 78 110 113 117 77 83,79 113 111 78 80 107 112 108 110 81 82 83 114 115 77 109 75 76 84 73,simulation,db4,usage,78,100,100,0
W-QDA,W-QDA:qda,13,3.0,0.02,0.044,76 106 115 79 85 111 108 112 80 82 105 75 114 73 78 110 113 117 77 83,79 113 111 78 80 107 112 108 110 81 82 83 114 115 77 109 75 76 84 73,simulation,db4,usage,78,100,100,0
W-CART,W-CART:cart,25,1.0,0.05,0.112,79 113 111 78 80 107 112 108 110 81 82 83 114 115 77 109 75 76 84 73,79 113 111 78 80 107 112 108 110 81 82 83 114 115 77 109 75 76 84 73,simulation,db4,usage,78,100,100,0
ALL,W-QDA:qda,13,3.0,0.02,0.044,76 106 115 79 85 111 108 112 80 82 105 75 114 73 78 110 113 117 77 83,79 113 111 78 80 107 112 108 110 81 82 83 114 115 77 109 75 76 84 73,simulation,db4,usage,78,100,100,0
W-NN,W-NN:k=3,9,,0.05,0.1,105 85 71 74 106 73 117 82 118 107 119 104 108 83 84 120 113 86 76 72,105 85 71 74 106 73 117 82 118 107 119 104 108 83 84 120 113 86 76 72,simulation,db4,energy,79,100,100,0
W-QDA,W-QDA:qda,13,,0.02,0.046,105 85 71 74 106 73 117 82 118 107 119 104 108 83 84 120 113 86 76 72,105 85 71 74 106 73 117 82 118 107 119 104 108 83 84 120 113 86 76 72,simulation,db4,energy,79,100,100,0
W-CART,W-CART:cart,4,,0.06,0.132,105 85 71 74 106 73 117 82 118 107 119 104 108 83 84 120 113 86 76 72,105 85 71 74 106 73 117 82 118 107 119 104 108 83 84 120 113 86 76 72,simulation,db4,energy,79,100,100,0
ALL,W-QDA:qda,13,,0.02,0.046,105 85 71 74 106 73 117 82 118 107 119 104 108 83 84 120 113 86 76 72,105 85 71 74 106 73 117 82 118 107 119 104 108 83 84 120 113 86 76 72,simulation,db4,energy,79,100,100,0
W-NN,W-NN:k=3,8,1.5,0.03,0.102,74 111 110 75 82 83 109 113 114 77 81 115 118 106 112 117 80 116 76 78,82 111 81 74 112 113 75 110 80 114 83 109 115 76 77 78 116 117 73 84,simulation,db4,usage,79,100,100,0
W-QDA,W-QDA:qda,11,3.0,0.02,0.038,118 82 74 117 119 80 105 111 112 115 75 76 108 116 73 81 83 84 110 77,82 111 81 74 112 113 75 110 80 114 83 109 115 76 77 78 116 117 73 84,simulation,db4,usage,79,100,100,0
W-CART,W-CART:cart,10,3.0,0.05,0.11,118 82 74 117 119 80 105 111 112 115 75 76 108 116 73 81 83 84 110 77,82 111 81 74 112 113 75 110 80 114 83 109 115 76 77 78 116 117 73 84,simulation,db4,usage,79,100,100,0
ALL,W-QDA:qda,11,3.0,0.02,0.038,118 82 74 117 119 80 105 111 112 115 75 76 108 116 73 81 83 84 110 77,82 111 81 74 112 113 75 110 80 114 83 109 115 76 77 78 116 117 73 84,simulation,db4,usage,79,100,100,0
W-NN,W-NN:k=5,27,,0.04,0.08,112 109 107 83 113 82 78 39 115 80 116 75 81 74 79 108 114 84 110 111,112 109 107 83 113 82 78 39 115 80 116 75 81 74 79 108 114 84 110 111,simulation,db4,energy,80,100,100,0
W-QDA,W-QDA:qda,42,,0.01,0.06,112 109 107 83 113 82 78 39 115 80 116 75 81 74 79 108 114 84 110 111,112 109 107 83 113 82 78 39 115 80 116 75 81 74 79 108 114 84 110 111,simulation,db4,energy,80,100,100,0
W-CART,W-CART:cart,46,,0.04,0.08,112 109 107 83 113 82 78 39 115 80 116 75 81 74 79 108 114 84 110 111,112 109 107 83 113 82 78 39 115 80 116 75 81 74 79 108 114 84 110 111,simulation,db4,energy,80,100,100,0
ALL,W-QDA:qda,42,,0.01,0.06,112 109 107 83 113 82 78 39 115 80 116 75 81 74 79 108 114 84 110 111,112 109 107 83 113 82 78 39 115 80 116 75 81 74 79 108 114 84 110 111,simulation,db4,energy,80,100,100,0
W-NN,W-NN:k=7,29,2.0,0.04,0.11,83 82 112 81 109 110 111 107 113 84 78 79 115 108 114 116 77 80 76 75,109 112 82 111 81 83 110 80 113 77 78 107 79 108 114 76 115 116 84 85,simulation,db4,usage,80,100,100,0
W-QDA,W-QDA:qda,25,1.0,0.0,0.034,109 112 82 111 81 83 110 80 113 77 78 107 79 108 114 76 115 116 84 85,109 112 82 111 81 83 110 80 113 77 78 107 79 108 114 76 115 116 84 85,simulation,db4,usage,80,100,100,0
W-CART,W-CART:cart,26,1.5,0.03,0.072,112 82 83 111 109 81 107 110 113 78 114 77 79 80 115 76 84 116 108 74,109 112 82 111 81 83 110 80 113 77 78 107 79 108 114 76 115 116 84 85,simulation,db4,usage,80,100,100,0
ALL,W-QDA:qda,25,1.0,0.0,0.034,109 112 82 111 81 83 110 80 113 77 78 107 79 108 114 76 115 116 84 85,109 112 82 111 81 83 110 80 113 77 78 107 79 108 114 76 115 116 84 85,simulation,db4,usage,80,100,100,0
W-NN,W-NN:k=3,5,,0.04,0.062,117 107 83 108 77 118 74 75 73 78 110 76 115 80 116 113 81 111 102 72,117 107 83 108 77 118 74 75 73 78 110 76 115 80 116 113 81 111 102 72,simulation,db4,energy,81,100,100,0
W-QDA,W-QDA:qda,7,,0.02,0.048,117 107 83 108 77 118 74 75 73 78 110 76 115 80 116 113 81 111 102 72,117 107 83 108 77 118 74 75 73 78 110 76 115 80 116 113 81 111 102 72,simulation,db4,energy,81,100,100,0
W-CART,W-CART:cart,6,,0.06,0.11,117 107 83 108 77 118 74 75 73 78 110 76 115 80 116 113 81 111 102 72,117 107 83 108 77 118 74 75 73 78 110 76 115 80 116 113 81 111 102 72,simulation,db4,energy,81,100,100,0
ALL,W-QDA:qda,7,,0.02,0.048,117 107 83 108 77 118 74 75 73 78 110 76 115 80 116 113 81 111 102 72,117 107 83 108 77 118 74 75 73 78 110 76 115 80 116 113 81 111 102 72,simulation,db4,energy,81,100,100,0
W-NN,W-NN:k=1,5,3.0,0.07,0.094,115 75 80 76 108 110 78 79 81 107 109 113 114 116 118 74 77 117 83 73,79 80 114 115 75 77 112 111 76 82 107 81 116 74 78 83 113 108 84 109,simulation,db4,usage,81,100,100,0
W-QDA,W-QDA:qda,34,1.0,0.02,0.042,79 80 114 115 75 77 112 111 76 82 107 81 116 74 78 83 113 108 84 109,79 80 114 115 75 77 112 111 76 82 107 81 116 74 78 83 113 108 84 109,simulation,db4,usage,81,100,100,0
W-CART,W-CART:cart,22,0.5,0.07,0.104,80 76 77 79 81 82 113 114 78 111 115 112 108 75 84 107 109 110 116 83,79 80 114 115 75 77 112 111 76 82 107 81 116 74 78 83 113 108 84 109,simulation,db4,usage,81,100,100,0
ALL,W-QDA:qda,34,1.0,0.02,0.042,79 80 114 115 75 77 112 111 76 82 107 81 116 74 78 83 113 108 84 109,79 80 114 115 75 77 112 111 76 82 107 81 116 74 78 83 113 108 84 109,simulation,db4,usage,81,100,100,0
W-NN,W-NN:k=9,6,,0.07,0.1,57 115 84 111 86 75 112 104 79 78 107 114 76 38 37 77 106 110 105 81,57 115 84 111 86 75 112 104 79 78 107 114 76 38 37 77 106 110 105 81,simulation,db4,energy,82,100,100,0
W-QDA,W-QDA:qda,13,,0.01,0.04,57 115 84 111 86 75 112 104 79 78 107 114 76 38 37 77 106 110 105 81,57 115 84 111 86 75 112 104 79 78 107 114 76 38 37 77 106 110 105 81,simulation,db4,energy,82,100,100,0
W-CART,W-CART:cart,48,,0.06,0.122,57 115 84 111 86 75 112 104 79 78 107 114 76 38 37 77 106 110 105 81,57 115 84 111 86 75 112 104 79 78 107 114 76 38 37 77 106 110 105 81,simulation,db4,energy,82,100,100,0
ALL,W-QDA:qda,13,,0.01,0.04,57 115 84 111 86 75 112 104 79 78 107 114 76 38 37 77 106 110 105 81,57 115 84 111 86 75 112 104 79 78 107 114 76 38 37 77 106 110 105 81,simulation,db4,energy,82,100,100,0
W-NN,W-NN:k=5,25,1.5,0.05,0.094,112 113 114 115 76 77 79 110 111 80 78 109 81 75 116 82 74 83 106 108,113 112 81 114 115 75 78 110 79 80 109 111 76 77 116 82 83 108 74 84,simulation,db4,usage,82,100,100,0
W-QDA,W-QDA:qda,24,3.0,0.02,0.032,112 80 113 76 114 111 77 79 78 115 109 116 81 110 74 75 83 82 84 105,113 112 81 114 115 75 78 110 79 80 109 111 76 77 116 82 83 108 74 84,simulation,db4,usage,82,100,100,0
W-CART,W-CART:cart,39,1.5,0.06,0.126,112 113 114 115 76 77 79 110 111 80 78 109 81 75 116 82 74 83 106 108,113 112 81 114 115 75 78 110 79 80 109 111 76 77 116 82 83 108 74 84,simulation,db4,usage,82,100,100,0
ALL,W-QDA:qda,24,3.0,0.02,0.032,112 80 113 76 114 111 77 79 78 115 109 116 81 110 74 75 83 82 84 105,113 112 81 114 115 75 78 110 79 80 109 111 76 77 116 82 83 108 74 84,simulation,db4,usage,82,100,100,0
W-NN,W-NN:k=3,56,,0.08,0.092,79 75 232 112 72 119 159 116 39 115 71 76 118 73 37 74 151 117 120 103,79 75 232 112 72 119 159 116 39 115 71 76 118 73 37 74 151 117 120 103,simulation,db4,energy,83,100,100,0
W-QDA,W-QDA:qda,6,,0.07,0.06,79 75 232 112 72 119 159 116 39 115 71 76 118 73 37 74 151 117 120 103,79 75 232 112 72 119 159 116 39 115 71 76 118 73 37 74 151 117 120 103,simulation,db4,energy,83,100,100,0
W-CART,W-CART:cart,46,,0.04,0.096,79 75 232 112 72 119 159 116 39 115 71 76 118 73 37 74 151 117 120 103,79 75 232 112 72 119 159 116 39 115 71 76 118 73 37 74 151 117 120 103,simulation,db4,energy,83,100,100,0
ALL,W-CART:cart,46,,0.04,0.096,79 75 232 112 72 119 159 116 39 115 71 76 118 73 37 74 151 117 120 103,79 75 232 112 72 119 159 116 39 115 71 76 118 73 37 74 151 117 120 103,simulation,db4,energy,83,100,100,0
W-NN,W-NN:k=1,7,3.0,0.05,0.06,116 74 79 117 73 108 84 110 111 113 115 118 78 81 119 77 107 83 112 114,79 114 110 116 113 115 78 111 77 80 117 75 108 83 112 74 109 73 76 118,simulation,db4,usage,83,100,100,0
W-QDA,W-QDA:qda,19,1.0,0.02,0.05,79 114 110 116 113 115 78 111 77 80 117 75 108 83 112 74 109 73 76 118,79 114 110 116 113 115 78 111 77 80 117 75 108 83 112 74 109 73 76 118,simulation,db4,usage,83,100,100,0
W-CART,W-CART:cart,35,2.0,0.04,0.106,113 116 115 79 117 118 108 74 111 114 77 78 76 81 110 119 73 80 83 109,79 114 110 116 113 115 78 111 77 80 117 75 108 83 112 74 109 73 76 118,simulation,db4,usage,83,100,100,0
ALL,W-QDA:qda,19,1.0,0.02,0.05,79 114 110 116 113 115 78 111 77 80 117 75 108 83 112 74 109 73 76 118,79 114 110 116 113 115 78 111 77 80 117 75 108 83 112 74 109 73 76 118,simulation,db4,usage,83,100,100,0
W-NN,W-NN:k=5,13,,0.05,0.074,119 72 118 71 87 120 109 73 107 83 78 106 104 36 108 110 74 82 37 35,119 72 118 71 87 120 109 73 107 83 78 106 104 36 108 110 74 82 37 35,simulation,db4,energy,84,100,100,0
W-QDA,W-QDA:qda,28,,0.01,0.018,119 72 118 71 87 120 109 73 107 83 78 106 104 36 108 110 74 82 37 35,119 72 118 71 87 120 109 73 107 83 78 106 104 36 108 110 74 82 37 35,simulation,db4,energy,84,100,100,0
W-CART,W-CART:cart,40,,0.09,0.1,119 72 118 71 87 120 109 73 107 83 78 106 104 36 108 110 74 82 37 35,119 72 118 71 87 120 109 73 107 83 78 106 104 36 108 110 74 82 37 35,simulation,db4,energy,84,100,100,0
ALL,W-QDA:qda,28,,0.01,0.018,119 72 118 71 87 120 109 73 107 83 78 106 104 36 108 110 74 82 37 35,119 72 118 71 87 120 109 73 107 83 78 106 104 36 108 110 74 82 37 35,simulation,db4,energy,84,100,100,0
W-NN,W-NN:k=7,5,0.5,0.07,0.136,79 76 77 80 110 112 111 78 109 113 114 81 74 115 116 108 118 73 75 82,76 110 80 109 111 79 81 114 116 77 115 78 112 73 74 113 117 118 82 72,simulation,db4,usage,84,100,100,0
W-QDA,W-QDA:qda,32,1.5,0.03,0.028,79 118 80 81 109 110 111 115 77 112 114 76 83 108 113 117 74 75 78 82,76 110 80 109 111 79 81 114 116 77 115 78 112 73 74 113 117 118 82 72,simulation,db4,usage,84,100,100,0
W-CART,W-CART:cart,15,3.0,0.09,0.1,118 117 73 119 72 74 109 78 79 106 71 77 82 83 84 110 116 86 108 112,76 110 80 109 111 79 81 114 116 77 115 78 112 73 74 113 117 118 82 72,simulation,db4,usage,84,100,100,0
ALL,W-QDA:qda,32,1.5,0.03,0.028,79 118 80 81 109 110 111 115 77 112 114 76 83 108 113 117 74 75 78 82,76 110 80 109 111 79 81 114 116 77 115 78 112 73 74 113 117 118 82 72,simulation,db4,usage,84,100,100,0
W-NN,W-NN:k=9,5,,0.06,0.06,75 116 84 83 87 86 104 82 106 109 107 105 151 78 81 85 103 117 88 113,75 116 84 83 87 86 104 82 106 109 107 105 151 78 81 85 103 117 88 113,simulation,db4,energy,85,100,100,0
W-QDA,W-QDA:qda,5,,0.04,0.054,75 116 84 83 87 86 104 82 106 109 107 105 151 78 81 85 103 117 88 113,75 116 84 83 87 86 104 82 106 109 107 105 151 78 81 85 103 117 88 113,simulation,db4,energy,85,100,100,0
W-CART,W-CART:cart,38,,0.08,0.112,75 116 84 83 87 86 104 82 106 109 107 105 151 78 81 85 103 117 88 113,75 116 84 83 87 86 104 82 106 109 107 105 151 78 81 85 103 117 88 113,simulation,db4,energy,85,100,100,0
ALL,W-QDA:qda,5,,0.04,0.054,75 116 84 83 87 86 104 82 106 109 107 105 151 78 81 85 103 117 88 113,75 116 84 83 87 86 104 82 106 109 107 105 151 78 81 85 103 117 88 113,simulation,db4,energy,85,100,100,0
W-NN,W-NN:k=3,3,3.0,0.08,0.118,107 83 84 82 109 108 81 86 113 85 87 105 106 111 75 80 104 110 112 88,109 83 81 80 82 84 110 108 111 107 79 105 86 106 114 75 85 113 76 77,simulation,db4,usage,85,100,100,0
W-QDA,W-QDA:qda,31,1.5,0.03,0.076,83 84 109 82 107 110 108 111 86 79 80 105 81 114 75 106 85 113 115 76,109 83 81 80 82 84 110 108 111 107 79 105 86 106 114 75 85 113 76 77,simulation,db4,usage,85,100,100,0
W-CART,W-CART:cart,50,0.5,0.07,0.118,79 83 110 80 82 84 81 106 109 111 113 107 108 85 77 86 112 114 76 105,109 83 81 80 82 84 110 108 111 107 79 105 86 106 114 75 85 113 76 77,simulation,db4,usage,85,100,100,0
ALL,W-QDA:qda,31,1.5,0.03,0.076,83 84 109 82 107 110 108 111 86 79 80 105 81 114 75 106 85 113 115 76,109 83 81 80 82 84 110 108 111 107 79 105 86 106 114 75 85 113 76 77,simulation,db4,usage,85,100,100,0
W-NN,W-NN:k=9,28,,0.02,0.122,106 38 77 84 113 112 85 86 104 87 88 58 114 78 228 82 105 37 111 75,106 38 77 84 113 112 85 86 104 87 88 58 114 78 228 82 105 37 111 75,simulation,db4,energy,86,100,100,0
W-QDA,W-QDA:qda,13,,0.02,0.046,106 38 77 84 113 112 85 86 104 87 88 58 114 78 228 82 105 37 111 75,106 38 77 84 113 112 85 86 104 87 88 58 114 78 228 82 105 37 111 75,simulation,db4,energy,86,100,100,0
W-CART,W-CART:cart,10,,0.04,0.086,106 38 77 84 113 112 85 86 104 87 88 58 114 78 228 82 105 37 111 75,106 38 77 84 113 112 85 86 104 87 88 58 114 78 228 82 105 37 111 75,simulation,db4,energy,86,100,100,0
ALL,W-QDA:qda,13,,0.02,0.046,106 38 77 84 113 112 85 86 104 87 88 58 114 78 228 82 105 37 111 75,106 38 77 84 113 112 85 86 104 87 88 58 114 78 228 82 105 37 111 75,simulation,db4,energy,86,100,100,0
W-NN,W-NN:k=7,6,3.0,0.03,0.062,74 84 116 75 85 115 118 78 73 76 87 117 79 105 107 114 81 86 112 83,114 78 115 76 77 107 108 116 83 74 75 80 84 111 113 81 117 112 110 118,simulation,db4,usage,86,100,100,0
W-QDA,W-QDA:qda,18,3.0,0.02,0.058,74 84 116 75 85 115 118 78 73 76 87 117 79 105 107 114 81 86 112 83,114 78 115 76 77 107 108 116 83 74 75 80 84 111 113 81 117 112 110 118,simulation,db4,usage,86,100,100,0
W-CART,W-CART:cart,32,3.0,0.02,0.07,74 84 116 75 85 115 118 78 73 76 87 117 79 105 107 114 81 86 112 83,114 78 115 76 77 107 108 116 83 74 75 80 84 111 113 81 117 112 110 118,simulation,db4,usage,86,100,100,0
ALL,W-QDA:qda,18,3.0,0.02,0.058,74 84 116 75 85 115 118 78 73 76 87 117 79 105 107 114 81 86 112 83,114 78 115 76 77 107 108 116 83 74 75 80 84 111 113 81 117 112 110 118,simulation,db4,usage,86,100,100,0
W-NN,W-NN:k=1,33,,0.05,0.116,83 216 115 73 78 117 75 41 118 105 74 79 116 77 72 76 86 107 111 84,83 216 115 73 78 117 75 41 118 105 74 79 116 77 72 76 86 107 111 84,simulation,db4,energy,87,100,100,0
W-QDA,W-QDA:qda,25,,0.01,0.038,83 216 115 73 78 117 75 41 118 105 74 79 116 77 72 76 86 107 111 84,83 216 115 73 78 117 75 41 118 105 74 79 116 77 72 76 86 107 111 84,simulation,db4,energy,87,100,100,0
W-CART,W-CART:cart,33,,0.07,0.066,83 216 115 73 78 117 75 41 118 105 74 79 116 77 72 76 86 107 111 84,83 216 115 73 78 117 75 41 118 105 74 79 116 77 72 76 86 107 111 84,simulation,db4,energy,87,100,100,0
ALL,W-QDA:qda,25,,0.01,0.038,83 216 115 73 78 117 75 41 118 105 74 79 116 77 72 76 86 107 111 84,83 216 115 73 78 117 75 41 118 105 74 79 116 77 72 76 86 107 111 84,simulation,db4,energy,87,100,100,0
W-NN,W-NN:k=5,4,2.0,0.03,0.098,113 114 108 74 76 84 111 77 79 83 107 115 116 117 75 80 73 78 109 110,113 111 114 115 76 109 80 110 79 81 83 107 108 77 84 116 75 112 74 78,simulation,db4,usage,87,100,100,0
W-QDA,W-QDA:qda,26,0.5,0.01,0.062,111 76 80 113 115 110 77 79 108 83 78 81 114 116 109 82 84 112 74 117,113 111 114 115 76 109 80 110 79 81 83 107 108 77 84 116 75 112 74 78,simulation,db4,usage,87,100,100,0
W-CART,W-CART:cart,42,0.5,0.07,0.098,111 76 80 113 115 110 77 79 108 83 78 81 114 116 109 82 84 112 74 117,113 111 114 115 76 109 80 110 79 81 83 107 108 77 84 116 75 112 74 78,simulation,db4,usage,87,100,100,0
ALL,W-QDA:qda,26,0.5,0.01,0.062,111 76 80 113 115 110 77 79 108 83 78 81 114 116 109 82 84 112 74 117,113 111 114 115 76 109 80 110 79 81 83 107 108 77 84 116 75 112 74 78,simulation,db4,usage,87,100,100,0
W-NN,W-NN:k=3,2,,0.05,0.084,117 74 73 36 174 118 58 52 57 54 75 59 87 76 109 104 86 112 105 37,117 74 73 36 174 118 58 52 57 54 75 59 87 76 109 104 86 112 105 37,simulation,db4,energy,88,100,100,0
W-QDA,W-QDA:qda,17,,0.01,0.042,117 74 73 36 174 118 58 52 57 54 75 59 87 76 109 104 86 112 105 37,117 74 73 36 174 118 58 52 57 54 75 59 87 76 109 104 86 112 105 37,simulation,db4,energy,88,100,100,0
W-CART,W-CART:cart,19,,0.04,0.088,117 74 73 36 174 118 58 52 57 54 75 59 87 76 109 104 86 112 105 37,117 74 73 36 174 118 58 52 57 54 75 59 87 76 109 104 86 112 105 37,simulation,db4,energy,88,100,100,0
ALL,W-QDA:qda,17,,0.01,0.042,117 74 73 36 174 118 58 52 57 54 75 59 87 76 109 104 86 112 105 37,117 74 73 36 174 118 58 52 57 54 75 59 87 76 109 104 86 112 105 37,simulation,db4,energy,88,100,100,0
W-NN,W-NN:k=5,23,1.0,0.05,0.138,114 78 79 76 80 75 113 115 111 116 82 109 112 117 77 83 81 110 74 108,114 78 79 76 80 75 113 115 111 116 82 109 112 117 77 83 81 110 74 108,simulation,db4,usage,88,100,100,0
W-QDA,W-QDA:qda,44,1.0,0.0,0.05,114 78 79 76 80 75 113 115 111 116 82 109 112 117 77 83 81 110 74 108,114 78 79 76 80 75 113 115 111 116 82 109 112 117 77 83 81 110 74 108,simulation,db4,usage,88,100,100,0
W-CART,W-CART:cart,26,1.0,0.05,0.082,114 78 79 76 80 75 113 115 111 116 82 109 112 117 77 83 81 110 74 108,114 78 79 76 80 75 113 115 111 116 82 109 112 117 77 83 81 110 74 108,simulation,db4,usage,88,100,100,0
ALL,W-QDA:qda,44,1.0,0.0,0.05,114 78 79 76 80 75 113 115 111 116 82 109 112 117 77 83 81 110 74 108,114 78 79 76 80 75 113 115 111 116 82 109 112 117 77 83 81 110 74 108,simulation,db4,usage,88,100,100,0
W-NN,W-NN:k=5,2,,0.09,0.152,116 112 72 71 73 113 114 119 117 74 105 77 120 75 76 85 79 78 86 38,116 112 72 71 73 113 114 119 117 74 105 77 120 75 76 85 79 78 86 38,simulation,db4,energy,89,100,100,0
W-QDA,W-QDA:qda,11,,0.05,0.062,116 112 72 71 73 113 114 119 117 74 105 77 120 75 76 85 79 78 86 38,116 112 72 71 73 113 114 119 117 74 105 77 120 75 76 85 79 78 86 38,simulation,db4,energy,89,100,100,0
W-CART,W-CART:cart,22,,0.08,0.104,116 112 72 71 73 113 114 119 117 74 105 77 120 75 76 85 79 78 86 38,116 112 72 71 73 113 114 119 117 74 105 77 120 75 76 85 79 78 86 38,simulation,db4,energy,89,100,100,0
ALL,W-QDA:qda,11,,0.05,0.062,116 112 72 71 73 113 114 119 117 74 105 77 120 75 76 85 79 78 86 38,116 112 72 71 73 113 114 119 117 74 105 77 120 75 76 85 79 78 86 38,simulation,db4,energy,89,100,100,0
W-NN,W-NN:k=5,4,0.5,0.06,0.106,76 77 74 116 114 75 79 113 78 115 73 110 111 118 119 80 117 112 72 81,75 116 76 74 73 77 115 114 117 113 118 72 119 79 112 82 78 80 81 120,simulation,db4,usage,89,100,100,0
W-QDA,W-QDA:qda,3,1.5,0.06,0.06,73 75 116 74 76 117 118 114 72 115 77 113 119 112 78 79 80 82 111 120,75 116 76 74 73 77 115 114 117 113 118 72 119 79 112 82 78 80 81 120,simulation,db4,usage,89,100,100,0
W-CART,W-CART:cart,36,1.0,0.06,0.07,75 116 76 74 73 77 115 114 117 113 118 72 119 79 112 82 78 80 81 120,75 116 76 74 73 77 115 114 117 113 118 72 119 79 112 82 78 80 81 120,simulation,db4,usage,89,100,100,0
ALL,W-QDA:qda,3,1.5,0.06,0.06,73 75 116 74 76 117 118 114 72 115 77 113 119 112 78 79 80 82 111 120,75 116 76 74 73 77 115 114 117 113 118 72 119 79 112 82 78 80 81 120,simulation,db4,usage,89,100,100,0
W-NN,W-NN:k=1,6,,0.09,0.122,81 110 163 75 115 220 231 74 41 76 73 117 37 82 55 111 107 116 72 113,81 110 163 75 115 220 231 74 41 76 73 117 37 82 55 111 107 116 72 113,simulation,db4,energy,90,100,100,0
W-QDA,W-QDA:qda,8,,0.07,0.078,81 110 163 75 115 220 231 74 41 76 73 117 37 82 55 111 107 116 72 113,81 110 163 75 115 220 231 74 41 76 73 117 37 82 55 111 107 116 72 113,simulation,db4,energy,90,100,100,0
W-CART,W-CART:cart,40,,0.1,0.102,81 110 163 75 115 220 231 74 41 76 73 117 37 82 55 111 107 116 72 113,81 110 163 75 115 220 231 74 41 76 73 117 37 82 55 111 107 116 72 113,simulation,db4,energy,90,100,100,0
ALL,W-QDA:qda,8,,0.07,0.078,81 110 163 75 115 220 231 74 41 76 73 117 37 82 55 111 107 116 72 113,81 110 163 75 115 220 231 74 41 76 73 117 37 82 55 111 107 116 72 113,simulation,db4,energy,90,100,100,0
W-NN,W-NN:k=1,5,0.5,0.07,0.116,112 81 75 76 79 80 110 111 77 116 78 109 114 113 115 82 74 231 73 83,75 77 114 76 116 110 115 80 112 79 82 78 81 111 118 113 73 74 117 109,simulation,db4,usage,90,100,100,0
W-QDA,W-QDA:qda,7,3.0,0.08,0.076,74 75 115 73 117 116 118 77 114 76 113 79 112 119 72 78 80 81 109 111,75 77 114 76 116 110 115 80 112 79 82 78 81 111 118 113 73 74 117 109,simulation,db4,usage,90,100,100,0
W-CART,W-CART:cart,16,1.0,0.07,0.088,75 77 114 76 116 110 115 80 112 79 82 78 81 111 118 113 73 74 117 109,75 77 114 76 116 110 115 80 112 79 82 78 81 111 118 113 73 74 117 109,simulation,db4,usage,90,100,100,0
ALL,W-NN:k=1,5,0.5,0.07,0.116,112 81 75 76 79 80 110 111 77 116 78 109 114 113 115 82 74 231 73 83,75 77 114 76 116 110 115 80 112 79 82 78 81 111 118 113 73 74 117 109,simulation,db4,usage,90,100,100,0
W-NN,W-NN:k=5,12,,0.06,0.048,104 59 87 76 110 114 113 77 237 73 115 83 106 72 108 109 105 78 58 71,104 59 87 76 110 114 113 77 237 73 115 83 106 72 108 109 105 78 58 71,simulation,db4,energy,91,100,100,0
W-QDA,W-QDA:qda,39,,0.01,0.05,104 59 87 76 110 114 113 77 237 73 115 83 106 72 108 109 105 78 58 71,104 59 87 76 110 114 113 77 237 73 115 83 106 72 108 109 105 78 58 71,simulation,db4,energy,91,100,100,0
W-CART,W-CART:cart,36,,0.07,0.134,104 59 87 76 110 114 113 77 237 73 115 83 106 72 108 109 105 78 58 71,104 59 87 76 110 114 113 77 237 73 115 83 106 72 108 109 105 78 58 71,simulation,db4,energy,91,100,100,0
ALL,W-QDA:qda,39,,0.01,0.05,104 59 87 76 110 114 113 77 237 73 115 83 106 72 108 109 105 78 58 71,104 59 87 76 110 114 113 77 237 73 115 83 106 72 108 109 105 78 58 71,simulation,db4,energy,91,100,100,0
W-NN,W-NN:k=3,7,2.0,0.02,0.046,75 106 115 117 76 83 108 80 114 73 77 119 104 105 110 116 118 78 79 82,77 79 110 83 75 80 109 111 114 78 81 107 113 84 115 117 76 85 106 108,simulation,db4,usage,91,100,100,0
W-QDA,W-QDA:qda,8,3.0,0.01,0.05,115 108 106 76 117 75 104 107 114 73 110 113 116 79 84 87 112 77 80 83,77 79 110 83 75 80 109 111 114 78 81 107 113 84 115 117 76 85 106 108,simulation,db4,usage,91,100,100,0
W-CART,W-CART:cart,32,1.5,0.04,0.094,75 77 83 114 115 106 110 78 76 80 117 85 108 111 74 82 109 116 73 84,77 79 110 83 75 80 109 111 114 78 81 107 113 84 115 117 76 85 106 108,simulation,db4,usage,91,100,100,0
ALL,W-QDA:qda,8,3.0,0.01,0.05,115 108 106 76 117 75 104 107 114 73 110 113 116 79 84 87 112 77 80 83,77 79 110 83 75 80 109 111 114 78 81 107 113 84 115 117 76 85 106 108,simulation,db4,usage,91,100,100,0
W-NN,W-NN:k=3,38,,0.07,0.118,118 73 81 110 76 77 117 78 113 80 114 74 82 79 75 104 109 112 83 72,118 73 81 110 76 77 117 78 113 80 114 74 82 79 75 104 109 112 83 72,simulation,db4,energy,92,100,100,0
W-QDA,W-QDA:qda,10,,0.06,0.072,118 73 81 110 76 77 117 78 113 80 114 74 82 79 75 104 109 112 83 72,118 73 81 110 76 77 117 78 113 80 114 74 82 79 75 104 109 112 83 72,simulation,db4,energy,92,100,100,0
W-CART,W-CART:cart,62,,0.07,0.09,118 73 81 110 76 77 117 78 113 80 114 74 82 79 75 104 109 112 83 72,118 73 81 110 76 77 117 78 113 80 114 74 82 79 75 104 109 112 83 72,simulation,db4,energy,92,100,100,0
ALL,W-QDA:qda,10,,0.06,0.072,118 73 81 110 76 77 117 78 113 80 114 74 82 79 75 104 109 112 83 72,118 73 81 110 76 77 117 78 113 80 114 74 82 79 75 104 109 112 83 72,simulation,db4,energy,92,100,100,0
W-NN,W-NN:k=3,4,3.0,0.11,0.1,75 114 115 73 74 117 76 78 79 110 116 77 113 112 80 109 81 119 72 82,76 113 75 114 115 77 78 74 80 117 110 111 81 109 112 116 79 108 107 83,simulation,db4,usage,92,100,100,0
W-QDA,W-QDA:qda,35,2.0,0.05,0.062,115 75 76 77 114 74 113 80 116 117 73 78 79 110 112 109 82 111 81 119,76 113 75 114 115 77 78 74 80 117 110 111 81 109 112 116 79 108 107 83,simulation,db4,usage,92,100,100,0
W-CART,W-CART:cart,38,0.5,0.06,0.11,113 114 76 77 78 79 111 75 80 81 112 74 110 115 117 109 108 116 82 84,76 113 75 114 115 77 78 74 80 117 110 111 81 109 112 116 79 108 107 83,simulation,db4,usage,92,100,100,0
ALL,W-QDA:qda,35,2.0,0.05,0.062,115 75 76 77 114 74 113 80 116 117 73 78 79 110 112 109 82 111 81 119,76 113 75 114 115 77 78 74 80 117 110 111 81 109 112 116 79 108 107 83,simulation,db4,usage,92,100,100,0
W-NN,W-NN:k=9,16,,0.02,0.08,73 118 83 119 108 107 78 71 74 113 215 112 85 146 111 104 237 72 106 76,73 118 83 119 108 107 78 71 74 113 215 112 85 146 111 104 237 72 106 76,simulation,db4,energy,93,100,100,0
W-QDA,W-QDA:qda,29,,0.01,0.026,73 118 83 119 108 107 78 71 74 113 215 112 85 146 111 104 237 72 106 76,73 118 83 119 108 107 78 71 74 113 215 112 85 146 111 104 237 72 106 76,simulation,db4,energy,93,100,100,0
W-CART,W-CART:cart,28,,0.05,0.082,73 118 83 119 108 107 78 71 74 113 215 112 85 146 111 104 237 72 106 76,73 118 83 119 108 107 78 71 74 113 215 112 85 146 111 104 237 72 106 76,simulation,db4,energy,93,100,100,0
ALL,W-QDA:qda,29,,0.01,0.026,73 118 83 119 108 107 78 71 74 113 215 112 85 146 111 104 237 72 106 76,73 118 83 119 108 107 78 71 74 113 215 112 85 146 111 104 237 72 106 76,simulation,db4,energy,93,100,100,0
W-NN,W-NN:k=9,33,1.5,0.05,0.14,80 110 78 79 76 113 81 82 111 77 83 106 107 74 84 109 112 114 85 108,78 79 81 110 113 76 77 80 111 109 112 114 115 74 82 84 116 83 107 75,simulation,db4,usage,93,100,100,0
W-QDA,W-QDA:qda,18,3.0,0.01,0.036,81 76 107 78 108 110 112 77 80 105 106 113 117 73 83 82 85 111 114 118,78 79 81 110 113 76 77 80 111 109 112 114 115 74 82 84 116 83 107 75,simulation,db4,usage,93,100,100,0
W-CART,W-CART:cart,11,3.0,0.06,0.084,81 76 107 78 108 110 112 77 80 105 106 113 117 73 83 82 85 111 114 118,78 79 81 110 113 76 77 80 111 109 112 114 115 74 82 84 116 83 107 75,simulation,db4,usage,93,100,100,0
ALL,W-QDA:qda,18,3.0,0.01,0.036,81 76 107 78 108 110 112 77 80 105 106 113 117 73 83 82 85 111 114 118,78 79 81 110 113 76 77 80 111 109 112 114 115 74 82 84 116 83 107 75,simulation,db4,usage,93,100,100,0
W-NN,W-NN:k=3,9,,0.04,0.086,145 72 103 83 73 106 84 213 107 85 41 108 43 119 87 114 70 42 115 71,145 72 103 83 73 106 84 213 107 85 41 108 43 119 87 114 70 42 115 71,simulation,db4,energy,94,100,100,0
W-QDA,W-QDA:qda,22,,0.01,0.04,145 72 103 83 73 106 84 213 107 85 41 108 43 119 87 114 70 42 115 71,145 72 103 83 73 106 84 213 107 85 41 108 43 119 87 114 70 42 115 71,simulation,db4,energy,94,100,100,0
W-CART,W-CART:cart,15,,0.1,0.1,145 72 103 83 73 106 84 213 107 85 41 108 43 119 87 114 70 42 115 71,145 72 103 83 73 106 84 213 107 85 41 108 43 119 87 114 70 42 115 71,simulation,db4,energy,94,100,100,0
ALL,W-QDA:qda,22,,0.01,0.04,145 72 103 83 73 106 84 213 107 85 41 108 43 119 87 114 70 42 115 71,145 72 103 83 73 106 84 213 107 85 41 108 43 119 87 114 70 42 115 71,simulation,db4,energy,94,100,100,0
W-NN,W-NN:k=5,6,2.0,0.03,0.082,108 106 84 85 107 116 104 110 77 105 111 112 114 78 109 75 81 86 82 113,107 108 110 109 106 81 85 114 78 77 82 79 83 113 80 105 84 86 111 112,simulation,db4,usage,94,100,100,0
W-QDA,W-QDA:qda,7,2.0,0.02,0.068,108 106 84 85 107 116 104 110 77 105 111 112 114 78 109 75 81 86 82 113,107 108 110 109 106 81 85 114 78 77 82 79 83 113 80 105 84 86 111 112,simulation,db4,usage,94,100,100,0
W-CART,W-CART:cart,21,1.0,0.01,0.084,107 108 110 109 106 81 85 114 78 77 82 79 83 113 80 105 84 86 111 112,107 108 110 109 106 81 85 114 78 77 82 79 83 113 80 105 84 86 111 112,simulation,db4,usage,94,100,100,0
ALL,W-CART:cart,21,1.0,0.01,0.084,107 108 110 109 106 81 85 114 78 77 82 79 83 113 80 105 84 86 111 112,107 108 110 109 106 81 85 114 78 77 82 79 83 113 80 105 84 86 111 112,simulation,db4,usage,94,100,100,0
W-NN,W-NN:k=9,6,,0.05,0.092,82 219 164 117 106 115 41 110 87 86 85 104 107 75 74 220 83 112 114 77,82 219 164 117 106 115 41 110 87 86 85 104 107 75 74 220 83 112 114 77,simulation,db4,energy,95,100,100,0
W-QDA,W-QDA:qda,15,,0.01,0.022,82 219 164 117 106 115 41 110 87 86 85 104 107 75 74 220 83 112 114 77,82 219 164 117 106 115 41 110 87 86 85 104 107 75 74 220 83 112 114 77,simulation,db4,energy,95,100,100,0
W-CART,W-CART:cart,17,,0.09,0.082,82 219 164 117 106 115 41 110 87 86 85 104 107 75 74 220 83 112 114 77,82 219 164 117 106 115 41 110 87 86 85 104 107 75 74 220 83 112 114 77,simulation,db4,energy,95,100,100,0
ALL,W-QDA:qda,15,,0.01,0.022,82 219 164 117 106 115 41 110 87 86 85 104 107 75 74 220 83 112 114 77,82 219 164 117 106 115 41 110 87 86 85 104 107 75 74 220 83 112 114 77,simulation,db4,energy,95,100,100,0
W-NN,W-NN:k=7,14,3.0,0.01,0.06,115 76 75 113 114 110 73 74 83 108 117 77 87 85 109 111 116 119 80 106,77 115 76 114 116 111 75 79 113 82 83 80 74 78 110 117 81 112 118 73,simulation,db4,usage,95,100,100,0
W-QDA,W-QDA:qda,14,3.0,0.04,0.044,115 76 75 113 114 110 73 74 83 108 117 77 87 85 109 111 116 119 80 106,77 115 76 114 116 111 75 79 113 82 83 80 74 78 110 117 81 112 118 73,simulation,db4,usage,95,100,100,0
W-CART,W-CART:cart,18,3.0,0.07,0.088,115 76 75 113 114 110 73 74 83 108 117 77 87 85 109 111 116 119 80 106,77 115 76 114 116 111 75 79 113 82 83 80 74 78 110 117 81 112 118 73,simulation,db4,usage,95,100,100,0
ALL,W-NN:k=7,14,3.0,0.01,0.06,115 76 75 113 114 110 73 74 83 108 117 77 87 85 109 111 116 119 80 106,77 115 76 114 116 111 75 79 113 82 83 80 74 78 110 117 81 112 118 73,simulation,db4,usage,95,100,100,0
W-NN,W-NN:k=3,64,,0.11,0.144,74 116 78 112 79 113 77 117 75 80 114 115 58 87 110 111 108 105 76 85,74 116 78 112 79 113 77 117 75 80 114 115 58 87 110 111 108 105 76 85,simulation,db4,energy,96,100,100,0
W-QDA,W-QDA:qda,19,,0.05,0.082,74 116 78 112 79 113 77 117 75 80 114 115 58 87 110 111 108 105 76 85,74 116 78 112 79 113 77 117 75 80 114 115 58 87 110 111 108 105 76 85,simulation,db4,energy,96,100,100,0
W-CART,W-CART:cart,26,,0.08,0.09,74 116 78 112 79 113 77 117 75 80 114 115 58 87 110 111 108 105 76 85,74 116 78 112 79 113 77 117 75 80 114 115 58 87 110 111 108 105 76 85,simulation,db4,energy,96,100,100,0
ALL,W-QDA:qda,19,,0.05,0.082,74 116 78 112 79 113 77 117 75 80 114 115 58 87 110 111 108 105 76 85,74 116 78 112 79 113 77 117 75 80 114 115 58 87 110 111 108 105 76 85,simulation,db4,energy,96,100,100,0
W-NN,W-NN:k=7,29,1.5,0.06,0.068,78 80 79 110 112 77 111 114 75 76 113 115 109 81 82 108 84 116 83 73,77 78 79 110 112 80 115 109 111 113 75 114 82 108 81 76 116 83 84 106,simulation,db4,usage,96,100,100,0
W-QDA,W-QDA:qda,33,0.5,0.04,0.074,78 77 79 80 110 111 81 109 112 114 115 82 108 76 116 83 84 113 75 107,77 78 79 110 112 80 115 109 111 113 75 114 82 108 81 76 116 83 84 106,simulation,db4,usage,96,100,100,0
W-CART,W-CART:cart,32,2.0,0.05,0.06,112 79 78 76 80 77 110 111 114 113 75 82 115 81 84 108 109 83 116 73,77 78 79 110 112 80 115 109 111 113 75 114 82 108 81 76 116 83 84 106,simulation,db4,usage,96,100,100,0
ALL,W-QDA:qda,33,0.5,0.04,0.074,78 77 79 80 110 111 81 109 112 114 115 82 108 76 116 83 84 113 75 107,77 78 79 110 112 80 115 109 111 113 75 114 82 108 81 76 116 83 84 106,simulation,db4,usage,96,100,100,0
W-NN,W-NN:k=3,5,,0.04,0.062,81 75 115 85 83 110 105 106 112 80 37 57 116 87 79 76 220 86 111 107,81 75 115 85 83 110 105 106 112 80 37 57 116 87 79 76 220 86 111 107,simulation,db4,energy,97,100,100,0
W-QDA,W-QDA:qda,11,,0.0,0.048,81 75 115 85 83 110 105 106 112 80 37 57 116 87 79 76 220 86 111 107,81 75 115 85 83 110 105 106 112 80 37 57 116 87 79 76 220 86 111 107,simulation,db4,energy,97,100,100,0
W-CART,W-CART:cart,5,,0.06,0.106,81 75 115 85 83 110 105 106 112 80 37 57 116 87 79 76 220 86 111 107,81 75 115 85 83 110 105 106 112 80 37 57 116 87 79 76 220 86 111 107,simulation,db4,energy,97,100,100,0
ALL,W-QDA:qda,11,,0.0,0.048,81 75 115 85 83 110 105 106 112 80 37 57 116 87 79 76 220 86 111 107,81 75 115 85 83 110 105 106 112 80 37 57 116 87 79 76 220 86 111 107,simulation,db4,energy,97,100,100,0
W-NN,W-NN:k=3,9,1.5,0.08,0.12,81 80 82 111 110 109 113 114 83 78 115 77 106 112 75 76 79 116 105 84,81 80 109 82 110 111 113 114 78 83 79 112 77 116 107 108 115 76 105 106,simulation,db4,usage,97,100,100,0
W-QDA,W-QDA:qda,20,1.5,0.03,0.042,81 80 82 111 110 109 113 114 83 78 115 77 106 112 75 76 79 116 105 84,81 80 109 82 110 111 113 114 78 83 79 112 77 116 107 108 115 76 105 106,simulation,db4,usage,97,100,100,0
W-CART,W-CART:cart,19,1.0,0.07,0.106,81 80 109 82 110 111 113 114 78 83 79 112 77 116 107 108 115 76 105 106,81 80 109 82 110 111 113 114 78 83 79 112 77 116 107 108 115 76 105 106,simulation,db4,usage,97,100,100,0
ALL,W-QDA:qda,20,1.5,0.03,0.042,81 80 82 111 110 109 113 114 83 78 115 77 106 112 75 76 79 116 105 84,81 80 109 82 110 111 113 114 78 83 79 112 77 116 107 108 115 76 105 106,simulation,db4,usage,97,100,100,0
W-NN,W-NN:k=5,36,,0.09,0.08,78 113 79 83 36 82 117 112 119 114 35 74 108 77 109 81 120 80 75 107,78 113 79 83 36 82 117 112 119 114 35 74 108 77 109 81 120 80 75 107,simulation,db4,energy,98,100,100,0
W-QDA,W-QDA:qda,12,,0.0,0.04,78 113 79 83 36 82 117 112 119 114 35 74 108 77 109 81 120 80 75 107,78 113 79 83 36 82 117 112 119 114 35 74 108 77 109 81 120 80 75 107,simulation,db4,energy,98,100,100,0
W-CART,W-CART:cart,16,,0.05,0.104,78 113 79 83 36 82 117 112 119 114 35 74 108 77 109 81 120 80 75 107,78 113 79 83 36 82 117 112 119 114 35 74 108 77 109 81 120 80 75 107,simulation,db4,energy,98,100,100,0
ALL,W-QDA:qda,12,,0.0,0.04,78 113 79 83 36 82 117 112 119 114 35 74 108 77 109 81 120 80 75 107,78 113 79 83 36 82 117 112 119 114 35 74 108 77 109 81 120 80 75 107,simulation,db4,energy,98,100,100,0
W-NN,W-NN:k=3,22,2.0,0.04,0.094,78 113 76 109 114 111 112 75 110 77 79 82 108 116 115 80 81 83 73 74,76 109 113 114 78 110 112 77 111 115 79 80 82 108 75 83 116 81 84 74,simulation,db4,usage,98,100,100,0
W-QDA,W-QDA:qda,19,2.0,0.02,0.052,78 113 76 109 114 111 112 75 110 77 79 82 108 116 115 80 81 83 73 74,76 109 113 114 78 110 112 77 111 115 79 80 82 108 75 83 116 81 84 74,simulation,db4,usage,98,100,100,0
W-CART,W-CART:cart,19,2.0,0.04,0.102,78 113 76 109 114 111 112 75 110 77 79 82 108 116 115 80 81 83 73 74,76 109 113 114 78 110 112 77 111 115 79 80 82 108 75 83 116 81 84 74,simulation,db4,usage,98,100,100,0
ALL,W-QDA:qda,19,2.0,0.02,0.052,78 113 76 109 114 111 112 75 110 77 79 82 108 116 115 80 81 83 73 74,76 109 113 114 78 110 112 77 111 115 79 80 82 108 75 83 116 81 84 74,simulation,db4,usage,98,100,100,0
W-NN,W-NN:k=5,16,,0.06,0.106,173 210 105 80 86 117 52 142 109 74 87 110 79 111 40 73 75 112 82 221,173 210 105 80 86 117 52 142 109 74 87 110 79 111 40 73 75 112 82 221,simulation,db4,energy,99,100,100,0
W-QDA,W-QDA:qda,20,,0.01,0.048,173 210 105 80 86 117 52 142 109 74 87 110 79 111 40 73 75 112 82 221,173 210 105 80 86 117 52 142 109 74 87 110 79 111 40 73 75 112 82 221,simulation,db4,energy,99,100,100,0
W-CART,W-CART:cart,17,,0.04,0.118,173 210 105 80 86 117 52 142 109 74 87 110 79 111 40 73 75 112 82 221,173 210 105 80 86 117 52 142 109 74 87 110 79 111 40 73 75 112 82 221,simulation,db4,energy,99,100,100,0
ALL,W-QDA:qda,20,,0.01,0.048,173 210 105 80 86 117 52 142 109 74 87 110 79 111 40 73 75 112 82 221,173 210 105 80 86 117 52 142 109 74 87 110 79 111 40 73 75 112 82 221,simulation,db4,energy,99,100,100,0
W-NN,W-NN:k=1,17,3.0,0.05,0.104,82 108 109 81 115 83 106 79 111 85 110 114 117 73 76 75 78 116 80 113,82 110 81 108 79 80 83 109 111 112 76 84 106 114 117 78 85 113 75 77,simulation,db4,usage,99,100,100,0
W-QDA,W-QDA:qda,42,1.5,0.0,0.024,79 81 108 109 80 82 83 84 110 112 116 86 106 76 78 111 115 77 114 113,82 110 81 108 79 80 83 109 111 112 76 84 106 114 117 78 85 113 75 77,simulation,db4,usage,99,100,100,0
W-CART,W-CART:cart,25,3.0,0.04,0.106,82 108 109 81 115 83 106 79 111 85 110 114 117 73 76 75 78 116 80 113,82 110 81 108 79 80 83 109 111 112 76 84 106 114 117 78 85 113 75 77,simulation,db4,usage,99,100,100,0
ALL,W-QDA:qda,42,1.5,0.0,0.024,79 81 108 109 80 82 83 84 110 112 116 86 106 76 78 111 115 77 114 113,82 110 81 108 79 80 83 109 111 112 76 84 106 114 117 78 85 113 75 77,simulation,db4,usage,99,100,100,0
W-NN,W-NN:k=3,46,,0.07,0.06,113 79 74 78 111 117 109 77 73 75 118 116 72 110 114 84 115 106 83 80,113 79 74 78 111 117 109 77 73 75 118 116 72 110 114 84 115 106 83 80,simulation,db4,energy,0,200,200,0
W-QDA,W-QDA:qda,48,,0.03,0.016,113 79 74 78 111 117 109 77 73 75 118 116 72 110 114 84 115 106 83 80,113 79 74 78 111 117 109 77 73 75 118 116 72 110 114 84 115 106 83 80,simulation,db4,energy,0,200,200,0
W-CART,W-CART:cart,14,,0.085,0.084,113 79 74 78 111 117 109 77 73 75 118 116 72 110 114 84 115 106 83 80,113 79 74 78 111 117 109 77 73 75 118 116 72 110 114 84 115 106 83 80,simulation,db4,energy,0,200,200,0
ALL,W-QDA:qda,48,,0.03,0.016,113 79 74 78 111 117 109 77 73 75 118 116 72 110 114 84 115 106 83 80,113 79 74 78 111 117 109 77 73 75 118 116 72 110 114 84 115 106 83 80,simulation,db4,energy,0,200,200,0
W-NN,W-NN:k=7,10,3.0,0.05,0.08,75 80 107 108 114 116 82 110 81 109 79 83 84 77 113 115 117 112 111 74,114 113 112 78 79 80 115 81 82 76 108 111 83 107 109 77 110 116 75 84,simulation,db4,usage,0,200,200,0
W-QDA,W-QDA:qda,34,0.5,0.03,0.024,113 114 81 79 115 78 80 112 111 77 110 76 109 82 108 116 107 75 83 84,114 113 112 78 79 80 115 81 82 76 108 111 83 107 109 77 110 116 75 84,simulation,db4,usage,0,200,200,0
W-CART,W-CART:cart,27,0.5,0.055,0.076,113 114 81 79 115 78 80 112 111 77 110 76 109 82 108 116 107 75 83 84,114 113 112 78 79 80 115 81 82 76 108 111 83 107 109 77 110 116 75 84,simulation,db4,usage,0,200,200,0
ALL,W-QDA:qda,34,0.5,0.03,0.024,113 114 81 79 115 78 80 112 111 77 110 76 109 82 108 116 107 75 83 84,114 113 112 78 79 80 115 81 82 76 108 111 83 107 109 77 110 116 75 84,simulation,db4,usage,0,200,200,0
W-NN,W-NN:k=7,54,,0.035,0.052,77 78 87 79 117 114 39 104 84 75 113 76 83 80 73 86 121 107 141 85,77 78 87 79 117 114 39 104 84 75 113 76 83 80 73 86 121 107 141 85,simulation,db4,energy,1,200,200,0
W-QDA,W-QDA:qda,25,,0.03,0.026,77 78 87 79 117 114 39 104 84 75 113 76 83 80 73 86 121 107 141 85,77 78 87 79 117 114 39 104 84 75 113 76 83 80 73 86 121 107 141 85,simulation,db4,energy,1,200,200,0
W-CART,W-CART:cart,14,,0.065,0.07,77 78 87 79 117 114 39 104 84 75 113 76 83 80 73 86 121 107 141 85,77 78 87 79 117 114 39 104 84 75 113 76 83 80 73 86 121 107 141 85,simulation,db4,energy,1,200,200,0
ALL,W-QDA:qda,25,,0.03,0.026,77 78 87 79 117 114 39 104 84 75 113 76 83 80 73 86 121 107 141 85,77 78 87 79 117 114 39 104 84 75 113 76 83 80 73 86 121 107 141 85,simulation,db4,energy,1,200,200,0
W-NN,W-NN:k=5,28,1.5,0.025,0.034,79 80 78 112 107 82 77 81 111 114 117 75 109 110 113 115 83 74 76 108,79 80 81 78 82 109 112 111 115 110 114 75 76 77 83 116 107 108 113 117,simulation,db4,usage,1,200,200,0
W-QDA,W-QDA:qda,42,2.0,0.02,0.022,79 107 112 74 117 110 78 81 75 77 115 82 83 113 111 114 76 108 116 80,79 80 81 78 82 109 112 111 115 110 114 75 76 77 83 116 107 108 113 117,simulation,db4,usage,1,200,200,0
W-CART,W-CART:cart,23,0.5,0.06,0.084,81 82 80 78 109 79 111 112 110 114 113 77 83 76 108 115 116 75 107 117,79 80 81 78 82 109 112 111 115 110 114 75 76 77 83 116 107 108 113 117,simulation,db4,usage,1,200,200,0
ALL,W-QDA:qda,42,2.0,0.02,0.022,79 107 112 74 117 110 78 81 75 77 115 82 83 113 111 114 76 108 116 80,79 80 81 78 82 109 112 111 115 110 114 75 76 77 83 116 107 108 113 117,simulation,db4,usage,1,200,200,0
W-NN,W-NN:k=5,28,,0.04,0.06,76 115 106 117 73 79 118 113 78 39 85 74 84 83 75 116 77 108 119 112,76 115 106 117 73 79 118 113 78 39 85 74 84 83 75 116 77 108 119 112,simulation,db4,energy,2,200,200,0
W-QDA,W-QDA:qda,32,,0.01,0.024,76 115 106 117 73 79 118 113 78 39 85 74 84 83 75 116 77 108 119 112,76 115 106 117 73 79 118 113 78 39 85 74 84 83 75 116 77 108 119 112,simulation,db4,energy,2,200,200,0
W-CART,W-CART:cart,43,,0.06,0.102,76 115 106 117 73 79 118 113 78 39 85 74 84 83 75 116 77 108 119 112,76 115 106 117 73 79 118 113 78 39 85 74 84 83 75 116 77 108 119 112,simulation,db4,energy,2,200,200,0
ALL,W-QDA:qda,32,,0.01,0.024,76 115 106 117 73 79 118 113 78 39 85 74 84 83 75 116 77 108 119 112,76 115 106 117 73 79 118 113 78 39 85 74 84 83 75 116 77 108 119 112,simulation,db4,energy,2,200,200,0
W-NN,W-NN:k=9,9,3.0,0.03,0.082,85 113 83 115 75 77 107 114 117 78 111 82 106 108 109 116 84 112 76 110,111 79 78 109 112 113 81 110 114 80 77 83 108 82 115 76 107 116 75 84,simulation,db4,usage,2,200,200,0
W-QDA,W-QDA:qda,34,1.5,0.01,0.022,78 113 111 114 77 79 83 109 112 110 82 76 107 116 115 75 80 108 81 117,111 79 78 109 112 113 81 110 114 80 77 83 108 82 115 76 107 116 75 84,simulation,db4,usage,2,200,200,0
W-CART,W-CART:cart,36,3.0,0.055,0.08,85 113 83 115 75 77 107 114 117 78 111 82 106 108 109 116 84 112 76 110,111 79 78 109 112 113 81 110 114 80 77 83 108 82 115 76 107 116 75 84,simulation,db4,usage,2,200,200,0
ALL,W-QDA:qda,34,1.5,0.01,0.022,78 113 111 114 77 79 83 109 112 110 82 76 107 116 115 75 80 108 81 117,111 79 78 109 112 113 81 110 114 80 77 83 108 82 115 76 107 116 75 84,simulation,db4,usage,2,200,200,0
W-NN,W-NN:k=1,17,,0.08,0.128,108 83 107 82 84 78 79 80 85 114 109 112 110 77 113 81 86 105 76 87,108 83 107 82 84 78 79 80 85 114 109 112 110 77 113 81 86 105 76 87,simulation,db4,energy,3,200,200,0
W-QDA,W-QDA:qda,37,,0.025,0.05,108 83 107 82 84 78 79 80 85 114 109 112 110 77 113 81 86 105 76 87,108 83 107 82 84 78 79 80 85 114 109 112 110 77 113 81 86 105 76 87,simulation,db4,energy,3,200,200,0
W-CART,W-CART:cart,41,,0.065,0.072,108 83 107 82 84 78 79 80 85 114 109 112 110 77 113 81 86 105 76 87,108 83 107 82 84 78 79 80 85 114 109 112 110 77 113 81 86 105 76 87,simulation,db4,energy,3,200,200,0
ALL,W-QDA:qda,37,,0.025,0.05,108 83 107 82 84 78 79 80 85 114 109 112 110 77 113 81 86 105 76 87,108 83 107 82 84 78 79 80 85 114 109 112 110 77 113 81 86 105 76 87,simulation,db4,energy,3,200,200,0
W-NN,W-NN:k=3,16,0.5,0.065,0.118,79 80 81 110 112 109 78 111 82 83 113 107 108 77 84 115 114 76 85 106,80 79 109 78 81 83 110 84 113 112 77 108 82 114 111 115 107 76 85 116,simulation,db4,usage,3,200,200,0
W-QDA,W-QDA:qda,33,2.0,0.015,0.034,80 79 109 111 112 78 108 84 110 81 107 114 82 113 83 85 77 115 76 86,80 79 109 78 81 83 110 84 113 112 77 108 82 114 111 115 107 76 85 116,simulation,db4,usage,3,200,200,0
W-CART,W-CART:cart,54,3.0,0.06,0.084,79 109 78 80 84 112 110 82 108 85 81 107 113 114 83 111 106 105 86 77,80 79 109 78 81 83 110 84 113 112 77 108 82 114 111 115 107 76 85 116,simulation,db4,usage,3,200,200,0
ALL,W-QDA:qda,33,2.0,0.015,0.034,80 79 109 111 112 78 108 84 110 81 107 114 82 113 83 85 77 115 76 86,80 79 109 78 81 83 110 84 113 112 77 108 82 114 111 115 107 76 85 116,simulation,db4,usage,3,200,200,0
W-NN,W-NN:k=5,40,,0.04,0.09,82 81 74 110 78 113 112 79 115 84 114 108 73 77 76 109 83 75 87 80,82 81 74 110 78 113 112 79 115 84 114 108 73 77 76 109 83 75 87 80,simulation,db4,energy,4,200,200,0
W-QDA,W-QDA:qda,41,,0.02,0.032,82 81 74 110 78 113 112 79 115 84 114 108 73 77 76 109 83 75 87 80,82 81 74 110 78 113 112 79 115 84 114 108 73 77 76 109 83 75 87 80,simulation,db4,energy,4,200,200,0
W-CART,W-CART:cart,25,,0.09,0.076,82 81 74 110 78 113 112 79 115 84 114 108 73 77 76 109 83 75 87 80,82 81 74 110 78 113 112 79 115 84 114 108 73 77 76 109 83 75 87 80,simulation,db4,energy,4,200,200,0
ALL,W-QDA:qda,41,,0.02,0.032,82 81 74 110 78 113 112 79 115 84 114 108 73 77 76 109 83 75 87 80,82 81 74 110 78 113 112 79 115 84 114 108 73 77 76 109 83 75 87 80,simulation,db4,energy,4,200,200,0
W-NN,W-NN:k=7,14,3.0,0.04,0.056,78 77 76 79 115 84 113 116 83 107 80 106 108 74 109 86 114 82 87 112,112 78 113 77 79 114 76 111 80 115 81 110 109 82 83 74 116 108 75 107,simulation,db4,usage,4,200,200,0
W-QDA,W-QDA:qda,55,1.5,0.015,0.018,78 79 114 81 77 113 112 76 115 80 110 82 109 116 74 111 75 83 84 107,112 78 113 77 79 114 76 111 80 115 81 110 109 82 83 74 116 108 75 107,simulation,db4,usage,4,200,200,0
W-CART,W-CART:cart,52,3.0,0.075,0.074,78 77 76 79 115 84 113 116 83 107 80 106 108 74 109 86 114 82 87 112,112 78 113 77 79 114 76 111 80 115 81 110 109 82 83 74 116 108 75 107,simulation,db4,usage,4,200,200,0
ALL,W-QDA:qda,55,1.5,0.015,0.018,78 79 114 81 77 113 112 76 115 80 110 82 109 116 74 111 75 83 84 107,112 78 113 77 79 114 76 111 80 115 81 110 109 82 83 74 116 108 75 107,simulation,db4,usage,4,200,200,0
W-NN,W-NN:k=15,38,,0.03,0.048,80 81 113 115 78 77 106 86 55 84 114 107 110 88 116 109 108 83 76 79,80 81 113 115 78 77 106 86 55 84 114 107 110 88 116 109 108 83 76 79,simulation,db4,energy,5,200,200,0
W-QDA,W-QDA:qda,11,,0.015,0.034,80 81 113 115 78 77 106 86 55 84 114 107 110 88 116 109 108 83 76 79,80 81 113 115 78 77 106 86 55 84 114 107 110 88 116 109 108 83 76 79,simulation,db4,energy,5,200,200,0
W-CART,W-CART:cart,26,,0.055,0.102,80 81 113 115 78 77 106 86 55 84 114 107 110 88 116 109 108 83 76 79,80 81 113 115 78 77 106 86 55 84 114 107 110 88 116 109 108 83 76 79,simulation,db4,energy,5,200,200,0
ALL,W-QDA:qda,11,,0.015,0.034,80 81 113 115 78 77 106 86 55 84 114 107 110 88 116 109 108 83 76 79,80 81 113 115 78 77 106 86 55 84 114 107 110 88 116 109 108 83 76 79,simulation,db4,energy,5,200,200,0
W-NN,W-NN:k=5,35,0.5,0.015,0.04,112 80 78 79 81 110 111 113 77 109 114 82 76 83 108 107 84 115 85 106,80 81 114 109 111 112 82 78 79 113 108 110 83 106 115 76 77 107 84 75,simulation,db4,usage,5,200,200,0
W-QDA,W-QDA:qda,9,3.0,0.015,0.048,76 82 108 115 79 83 81 85 86 80 106 78 84 107 112 105 109 110 113 117,80 81 114 109 111 112 82 78 79 113 108 110 83 106 115 76 77 107 84 75,simulation,db4,usage,5,200,200,0
W-CART,W-CART:cart,23,1.0,0.06,0.122,80 81 114 109 111 112 82 78 79 113 108 110 83 106 115 76 77 107 84 75,80 81 114 109 111 112 82 78 79 113 108 110 83 106 115 76 77 107 84 75,simulation,db4,usage,5,200,200,0
ALL,W-QDA:qda,9,3.0,0.015,0.048,76 82 108 115 79 83 81 85 86 80 106 78 84 107 112 105 109 110 113 117,80 81 114 109 111 112 82 78 79 113 108 110 83 106 115 76 77 107 84 75,simulation,db4,usage,5,200,200,0
W-NN,W-NN:k=3,24,,0.03,0.08,113 77 78 112 79 111 39 73 105 71 107 80 85 109 84 108 83 40 104 114,113 77 78 112 79 111 39 73 105 71 107 80 85 109 84 108 83 40 104 114,simulation,db4,energy,6,200,200,0
W-QDA,W-QDA:qda,54,,0.0,0.014,113 77 78 112 79 111 39 73 105 71 107 80 85 109 84 108 83 40 104 114,113 77 78 112 79 111 39 73 105 71 107 80 85 109 84 108 83 40 104 114,simulation,db4,energy,6,200,200,0
W-CART,W-CART:cart,21,,0.04,0.084,113 77 78 112 79 111 39 73 105 71 107 80 85 109 84 108 83 40 104 114,113 77 78 112 79 111 39 73 105 71 107 80 85 109 84 108 83 40 104 114,simulation,db4,energy,6,200,200,0
ALL,W-QDA:qda,54,,0.0,0.014,113 77 78 112 79 111 39 73 105 71 107 80 85 109 84 108 83 40 104 114,113 77 78 112 79 111 39 73 105 71 107 80 85 109 84 108 83 40 104 114,simulation,db4,energy,6,200,200,0
W-NN,W-NN:k=9,38,0.5,0.015,0.042,80 111 79 112 78 109 110 113 81 77 82 114 108 83 107 115 76 75 84 106,79 78 80 111 113 112 114 77 82 110 81 109 107 83 75 115 76 108 106 84,simulation,db4,usage,6,200,200,0
W-QDA,W-QDA:qda,60,0.5,0.0,0.026,80 111 79 112 78 109 110 113 81 77 82 114 108 83 107 115 76 75 84 106,79 78 80 111 113 112 114 77 82 110 81 109 107 83 75 115 76 108 106 84,simulation,db4,usage,6,200,200,0
W-CART,W-CART:cart,26,3.0,0.045,0.074,111 78 77 112 114 82 83 76 106 107 79 115 75 80 105 81 108 110 85 84,79 78 80 111 113 112 114 77 82 110 81 109 107 83 75 115 76 108 106 84,simulation,db4,usage,6,200,200,0
ALL,W-QDA:qda,60,0.5,0.0,0.026,80 111 79 112 78 109 110 113 81 77 82 114 108 83 107 115 76 75 84 106,79 78 80 111 113 112 114 77 82 110 81 109 107 83 75 115 76 108 106 84,simulation,db4,usage,6,200,200,0
W-NN,W-NN:k=3,30,,0.02,0.072,81 111 73 118 79 74 72 75 107 80 85 110 117 120 84 116 83 119 109 112,81 111 73 118 79 74 72 75 107 80 85 110 117 120 84 116 83 119 109 112,simulation,db4,energy,7,200,200,0
W-QDA,W-QDA:qda,38,,0.0,0.018,81 111 73 118 79 74 72 75 107 80 85 110 117 120 84 116 83 119 109 112,81 111 73 118 79 74 72 75 107 80 85 110 117 120 84 116 83 119 109 112,simulation,db4,energy,7,200,200,0
W-CART,W-CART:cart,64,,0.05,0.084,81 111 73 118 79 74 72 75 107 80 85 110 117 120 84 116 83 119 109 112,81 111 73 118 79 74 72 75 107 80 85 110 117 120 84 116 83 119 109 112,simulation,db4,energy,7,200,200,0
ALL,W-QDA:qda,38,,0.0,0.018,81 111 73 118 79 74 72 75 107 80 85 110 117 120 84 116 83 119 109 112,81 111 73 118 79 74 72 75 107 80 85 110 117 120 84 116 83 119 109 112,simulation,db4,energy,7,200,200,0
W-NN,W-NN:k=25,8,3.0,0.025,0.062,85 117 75 73 109 107 108 84 110 118 76 79 83 106 114 81 115 80 111 72,80 81 111 113 110 108 109 112 115 79 82 114 77 78 76 107 83 117 75 116,simulation,db4,usage,7,200,200,0
W-QDA,W-QDA:qda,7,3.0,0.005,0.044,85 117 75 73 109 107 108 84 110 118 76 79 83 106 114 81 115 80 111 72,80 81 111 113 110 108 109 112 115 79 82 114 77 78 76 107 83 117 75 116,simulation,db4,usage,7,200,200,0
W-CART,W-CART:cart,3,3.0,0.05,0.082,85 117 75 73 109 107 108 84 110 118 76 79 83 106 114 81 115 80 111 72,80 81 111 113 110 108 109 112 115 79 82 114 77 78 76 107 83 117 75 116,simulation,db4,usage,7,200,200,0
ALL,W-QDA:qda,7,3.0,0.005,0.044,85 117 75 73 109 107 108 84 110 118 76 79 83 106 114 81 115 80 111 72,80 81 111 113 110 108 109 112 115 79 82 114 77 78 76 107 83 117 75 116,simulation,db4,usage,7,200,200,0
W-NN,W-NN:k=3,9,,0.065,0.078,141 83 72 107 108 116 109 119 84 70 105 117 81 106 40 115 111 82 118 71,141 83 72 107 108 116 109 119 84 70 105 117 81 106 40 115 111 82 118 71,simulation,db4,energy,8,200,200,0
W-QDA,W-QDA:qda,39,,0.025,0.016,141 83 72 107 108 116 109 119 84 70 105 117 81 106 40 115 111 82 118 71,141 83 72 107 108 116 109 119 84 70 105 117 81 106 40 115 111 82 118 71,simulation,db4,energy,8,200,200,0
W-CART,W-CART:cart,37,,0.07,0.08,141 83 72 107 108 116 109 119 84 70 105 117 81 106 40 115 111 82 118 71,141 83 72 107 108 116 109 119 84 70 105 117 81 106 40 115 111 82 118 71,simulation,db4,energy,8,200,200,0
ALL,W-QDA:qda,39,,0.025,0.016,141 83 72 107 108 116 109 119 84 70 105 117 81 106 40 115 111 82 118 71,141 83 72 107 108 116 109 119 84 70 105 117 81 106 40 115 111 82 118 71,simulation,db4,energy,8,200,200,0
W-NN,W-NN:k=7,31,1.0,0.06,0.084,81 109 82 108 110 79 83 113 111 84 112 78 80 76 77 114 107 75 115 106,81 109 82 108 110 79 83 113 111 84 112 78 80 76 77 114 107 75 115 106,simulation,db4,usage,8,200,200,0
W-QDA,W-QDA:qda,36,3.0,0.02,0.014,109 83 84 107 82 108 80 110 112 111 81 85 77 79 113 106 75 78 74 76,81 109 82 108 110 79 83 113 111 84 112 78 80 76 77 114 107 75 115 106,simulation,db4,usage,8,200,200,0
W-CART,W-CART:cart,25,1.5,0.06,0.074,109 110 82 81 108 83 79 111 84 113 77 107 112 114 76 78 80 85 106 115,81 109 82 108 110 79 83 113 111 84 112 78 80 76 77 114 107 75 115 106,simulation,db4,usage,8,200,200,0
ALL,W-QDA:qda,36,3.0,0.02,0.014,109 83 84 107 82 108 80 110 112 111 81 85 77 79 113 106 75 78 74 76,81 109 82 108 110 79 83 113 111 84 112 78 80 76 77 114 107 75 115 106,simulation,db4,usage,8,200,200,0
W-NN,W-NN:k=5,41,,0.045,0.068,74 117 116 115 75 110 118 113 73 70 107 120 84 109 112 119 82 79 71 83,74 117 116 115 75 110 118 113 73 70 107 120 84 109 112 119 82 79 71 83,simulation,db4,energy,9,200,200,0
W-QDA,W-QDA:qda,42,,0.01,0.016,74 117 116 115 75 110 118 113 73 70 107 120 84 109 112 119 82 79 71 83,74 117 116 115 75 110 118 113 73 70 107 120 84 109 112 119 82 79 71 83,simulation,db4,energy,9,200,200,0
W-CART,W-CART:cart,18,,0.065,0.06,74 117 116 115 75 110 118 113 73 70 107 120 84 109 112 119 82 79 71 83,74 117 116 115 75 110 118 113 73 70 107 120 84 109 112 119 82 79 71 83,simulation,db4,energy,9,200,200,0
ALL,W-QDA:qda,42,,0.01,0.016,74 117 116 115 75 110 118 113 73 70 107 120 84 109 112 119 82 79 71 83,74 117 116 115 75 110 118 113 73 70 107 120 84 109 112 119 82 79 71 83,simulation,db4,energy,9,200,200,0
W-NN,W-NN:k=5,28,1.5,0.035,0.058,114 81 109 113 112 111 79 80 82 108 116 75 76 77 115 110 78 83 74 84,112 114 109 78 79 81 108 111 113 80 110 77 82 116 115 75 83 76 107 74,simulation,db4,usage,9,200,200,0
W-QDA,W-QDA:qda,42,1.5,0.005,0.02,114 81 109 113 112 111 79 80 82 108 116 75 76 77 115 110 78 83 74 84,112 114 109 78 79 81 108 111 113 80 110 77 82 116 115 75 83 76 107 74,simulation,db4,usage,9,200,200,0
W-CART,W-CART:cart,6,3.0,0.07,0.096,116 113 108 110 75 82 81 109 74 117 76 114 77 80 112 107 79 86 78 85,112 114 109 78 79 81 108 111 113 80 110 77 82 116 115 75 83 76 107 74,simulation,db4,usage,9,200,200,0
ALL,W-QDA:qda,42,1.5,0.005,0.02,114 81 109 113 112 111 79 80 82 108 116 75 76 77 115 110 78 83 74 84,112 114 109 78 79 81 108 111 113 80 110 77 82 116 115 75 83 76 107 74,simulation,db4,usage,9,200,200,0
W-NN,W-NN:k=3,19,,0.04,0.048,74 116 115 106 111 71 113 76 112 117 79 75 103 87 83 82 105 85 107 84,74 116 115 106 111 71 113 76 112 117 79 75 103 87 83 82 105 85 107 84,simulation,db4,energy,10,200,200,0
W-QDA,W-QDA:qda,21,,0.005,0.014,74 116 115 106 111 71 113 76 112 117 79 75 103 87 83 82 105 85 107 84,74 116 115 106 111 71 113 76 112 117 79 75 103 87 83 82 105 85 107 84,simulation,db4,energy,10,200,200,0
W-CART,W-CART:cart,7,,0.04,0.056,74 116 115 106 111 71 113 76 112 117 79 75 103 87 83 82 105 85 107 84,74 116 115 106 111 71 113 76 112 117 79 75 103 87 83 82 105 85 107 84,simulation,db4,energy,10,200,200,0
ALL,W-QDA:qda,21,,0.005,0.014,74 116 115 106 111 71 113 76 112 117 79 75 103 87 83 82 105 85 107 84,74 116 115 106 111 71 113 76 112 117 79 75 103 87 83 82 105 85 107 84,simulation,db4,energy,10,200,200,0
W-NN,W-NN:k=7,20,3.0,0.035,0.038,112 116 76 78 75 111 107 74 77 79 84 115 83 105 73 109 113 114 85 110,111 109 79 80 81 77 113 112 110 76 78 82 108 116 83 107 115 74 75 114,simulation,db4,usage,10,200,200,0
W-QDA,W-QDA:qda,33,3.0,0.01,0.016,112 116 76 78 75 111 107 74 77 79 84 115 83 105 73 109 113 114 85 110,111 109 79 80 81 77 113 112 110 76 78 82 108 116 83 107 115 74 75 114,simulation,db4,usage,10,200,200,0
W-CART,W-CART:cart,15,3.0,0.045,0.084,112 116 76 78 75 111 107 74 77 79 84 115 83 105 73 109 113 114 85 110,111 109 79 80 81 77 113 112 110 76 78 82 108 116 83 107 115 74 75 114,simulation,db4,usage,10,200,200,0
ALL,W-QDA:qda,33,3.0,0.01,0.016,112 116 76 78 75 111 107 74 77 79 84 115 83 105 73 109 113 114 85 110,111 109 79 80 81 77 113 112 110 76 78 82 108 116 83 107 115 74 75 114,simulation,db4,usage,10,200,200,0
W-NN,W-NN:k=3,45,,0.065,0.09,104 113 111 109 79 110 78 40 106 76 87 85 81 107 84 82 116 108 77 86,104 113 111 109 79 110 78 40 106 76 87 85 81 107 84 82 116 108 77 86,simulation,db4,energy,11,200,200,0
W-QDA,W-QDA:qda,38,,0.02,0.03,104 113 111 109 79 110 78 40 106 76 87 85 81 107 84 82 116 108 77 86,104 113 111 109 79 110 78 40 106 76 87 85 81 107 84 82 116 108 77 86,simulation,db4,energy,11,200,200,0
W-CART,W-CART:cart,52,,0.075,0.102,104 113 111 109 79 110 78 40 106 76 87 85 81 107 84 82 116 108 77 86,104 113 111 109 79 110 78 40 106 76 87 85 81 107 84 82 116 108 77 86,simulation,db4,energy,11,200,200,0
ALL,W-QDA:qda,38,,0.02,0.03,104 113 111 109 79 110 78 40 106 76 87 85 81 107 84 82 116 108 77 86,104 113 111 109 79 110 78 40 106 76 87 85 81 107 84 82 116 108 77 86,simulation,db4,energy,11,200,200,0
W-NN,W-NN:k=3,64,1.5,0.035,0.086,112 81 80 111 79 110 108 78 82 113 109 77 75 76 116 107 83 114 115 84,112 80 111 110 81 79 82 78 113 108 109 77 107 76 116 75 83 114 115 84,simulation,db4,usage,11,200,200,0
W-QDA,W-QDA:qda,59,2.0,0.015,0.03,108 109 112 82 79 81 110 80 111 78 77 76 113 107 114 75 116 115 83 74,112 80 111 110 81 79 82 78 113 108 109 77 107 76 116 75 83 114 115 84,simulation,db4,usage,11,200,200,0
W-CART,W-CART:cart,24,1.5,0.07,0.094,112 81 80 111 79 110 108 78 82 113 109 77 75 76 116 107 83 114 115 84,112 80 111 110 81 79 82 78 113 108 109 77 107 76 116 75 83 114 115 84,simulation,db4,usage,11,200,200,0
ALL,W-QDA:qda,59,2.0,0.015,0.03,108 109 112 82 79 81 110 80 111 78 77 76 113 107 114 75 116 115 83 74,112 80 111 110 81 79 82 78 113 108 109 77 107 76 116 75 83 114 115 84,simulation,db4,usage,11,200,200,0
W-NN,W-NN:k=7,23,,0.03,0.054,117 73 77 74 113 116 118 78 112 119 76 114 83 104 72 105 84 115 110 75,117 73 77 74 113 116 118 78 112 119 76 114 83 104 72 105 84 115 110 75,simulation,db4,energy,12,200,200,0
W-QDA,W-QDA:qda,17,,0.03,0.022,117 73 77 74 113 116 118 78 112 119 76 114 83 104 72 105 84 115 110 75,117 73 77 74 113 116 118 78 112 119 76 114 83 104 72 105 84 115 110 75,simulation,db4,energy,12,200,200,0
W-CART,W-CART:cart,36,,0.08,0.074,117 73 77 74 113 116 118 78 112 119 76 114 83 104 72 105 84 115 110 75,117 73 77 74 113 116 118 78 112 119 76 114 83 104 72 105 84 115 110 75,simulation,db4,energy,12,200,200,0
ALL,W-QDA:qda,17,,0.03,0.022,117 73 77 74 113 116 118 78 112 119 76 114 83 104 72 105 84 115 110 75,117 73 77 74 113 116 118 78 112 119 76 114 83 104 72 105 84 115 110 75,simulation,db4,energy,12,200,200,0
W-NN,W-NN:k=3,24,0.5,0.04,0.078,111 80 78 113 114 77 110 81 79 112 108 115 82 109 75 117 76 116 74 73,114 80 111 113 77 110 112 115 79 81 75 78 82 83 109 117 74 84 108 116,simulation,db4,usage,12,200,200,0
W-QDA,W-QDA:qda,35,2.0,0.03,0.016,117 75 110 114 74 112 113 81 115 73 79 83 76 108 111 116 80 82 77 78,114 80 111 113 77 110 112 115 79 81 75 78 82 83 109 117 74 84 108 116,simulation,db4,usage,12,200,200,0
W-CART,W-CART:cart,37,2.0,0.08,0.076,117 75 110 114 74 112 113 81 115 73 79 83 76 108 111 116 80 82 77 78,114 80 111 113 77 110 112 115 79 81 75 78 82 83 109 117 74 84 108 116,simulation,db4,usage,12,200,200,0
ALL,W-QDA:qda,35,2.0,0.03,0.016,117 75 110 114 74 112 113 81 115 73 79 83 76 108 111 116 80 82 77 78,114 80 111 113 77 110 112 115 79 81 75 78 82 83 109 117 74 84 108 116,simulation,db4,usage,12,200,200,0
W-NN,W-NN:k=3,6,,0.025,0.062,84 85 104 118 107 119 82 83 105 73 114 86 77 214 121 106 103 81 120 110,84 85 104 118 107 119 82 83 105 73 114 86 77 214 121 106 103 81 120 110,simulation,db4,energy,13,200,200,0
W-QDA,W-QDA:qda,14,,0.015,0.032,84 85 104 118 107 119 82 83 105 73 114 86 77 214 121 106 103 81 120 110,84 85 104 118 107 119 82 83 105 73 114 86 77 214 121 106 103 81 120 110,simulation,db4,energy,13,200,200,0
W-CART,W-CART:cart,64,,0.05,0.08,84 85 104 118 107 119 82 83 105 73 114 86 77 214 121 106 103 81 120 110,84 85 104 118 107 119 82 83 105 73 114 86 77 214 121 106 103 81 120 110,simulation,db4,energy,13,200,200,0
ALL,W-QDA:qda,14,,0.015,0.032,84 85 104 118 107 119 82 83 105 73 114 86 77 214 121 106 103 81 120 110,84 85 104 118 107 119 82 83 105 73 114 86 77 214 121 106 103 81 120 110,simulation,db4,energy,13,200,200,0
W-NN,W-NN:k=7,21,0.5,0.04,0.076,78 79 80 113 77 81 76 109 111 115 114 108 112 110 83 82 75 116 107 117,77 79 115 78 81 76 113 109 114 110 108 80 112 106 82 111 73 75 83 116,simulation,db4,usage,13,200,200,0
W-QDA,W-QDA:qda,46,0.5,0.015,0.016,78 79 80 113 77 81 76 109 111 115 114 108 112 110 83 82 75 116 107 117,77 79 115 78 81 76 113 109 114 110 108 80 112 106 82 111 73 75 83 116,simulation,db4,usage,13,200,200,0
W-CART,W-CART:cart,33,1.5,0.045,0.062,77 78 79 108 119 76 81 115 72 113 114 73 106 75 83 109 112 80 84 110,77 79 115 78 81 76 113 109 114 110 108 80 112 106 82 111 73 75 83 116,simulation,db4,usage,13,200,200,0
ALL,W-QDA:qda,46,0.5,0.015,0.016,78 79 80 113 77 81 76 109 111 115 114 108 112 110 83 82 75 116 107 117,77 79 115 78 81 76 113 109 114 110 108 80 112 106 82 111 73 75 83 116,simulation,db4,usage,13,200,200,0
W-NN,W-NN:k=9,18,,0.055,0.06,78 112 104 77 79 58 74 80 111 84 113 37 114 107 117 109 86 110 56 87,78 112 104 77 79 58 74 80 111 84 113 37 114 107 117 109 86 110 56 87,simulation,db4,energy,14,200,200,0
W-QDA,W-QDA:qda,33,,0.015,0.018,78 112 104 77 79 58 74 80 111 84 113 37 114 107 117 109 86 110 56 87,78 112 104 77 79 58 74 80 111 84 113 37 114 107 117 109 86 110 56 87,simulation,db4,energy,14,200,200,0
W-CART,W-CART:cart,28,,0.085,0.062,78 112 104 77 79 58 74 80 111 84 113 37 114 107 117 109 86 110 56 87,78 112 104 77 79 58 74 80 111 84 113 37 114 107 117 109 86 110 56 87,simulation,db4,energy,14,200,200,0
ALL,W-QDA:qda,33,,0.015,0.018,78 112 104 77 79 58 74 80 111 84 113 37 114 107 117 109 86 110 56 87,78 112 104 77 79 58 74 80 111 84 113 37 114 107 117 109 86 110 56 87,simulation,db4,energy,14,200,200,0
W-NN,W-NN:k=7,15,3.0,0.05,0.072,112 79 80 111 113 82 116 108 109 110 77 78 107 76 85 105 117 86 106 115,112 113 80 114 78 79 82 108 111 77 109 76 81 110 83 115 84 106 107 116,simulation,db4,usage,14,200,200,0
W-QDA,W-QDA:qda,23,1.5,0.005,0.032,112 113 79 82 109 110 111 114 76 108 77 80 78 107 81 115 84 83 116 117,112 113 80 114 78 79 82 108 111 77 109 76 81 110 83 115 84 106 107 116,simulation,db4,usage,14,200,200,0
W-CART,W-CART:cart,25,1.0,0.085,0.064,112 113 80 114 78 79 82 108 111 77 109 76 81 110 83 115 84 106 107 116,112 113 80 114 78 79 82 108 111 77 109 76 81 110 83 115 84 106 107 116,simulation,db4,usage,14,200,200,0
ALL,W-QDA:qda,23,1.5,0.005,0.032,112 113 79 82 109 110 111 114 76 108 77 80 78 107 81 115 84 83 116 117,112 113 80 114 78 79 82 108 111 77 109 76 81 110 83 115 84 106 107 116,simulation,db4,usage,14,200,200,0
W-NN,W-NN:k=7,42,,0.045,0.09,75 105 111 78 80 116 108 83 84 87 104 102 88 86 112 107 117 77 110 109,75 105 111 78 80 116 108 83 84 87 104 102 88 86 112 107 117 77 110 109,simulation,db4,energy,15,200,200,0
W-QDA,W-QDA:qda,10,,0.005,0.024,75 105 111 78 80 116 108 83 84 87 104 102 88 86 112 107 117 77 110 109,75 105 111 78 80 116 108 83 84 87 104 102 88 86 112 107 117 77 110 109,simulation,db4,energy,15,200,200,0
W-CART,W-CART:cart,52,,0.08,0.09,75 105 111 78 80 116 108 83 84 87 104 102 88 86 112 107 117 77 110 109,75 105 111 78 80 116 108 83 84 87 104 102 88 86 112 107 117 77 110 109,simulation,db4,energy,15,200,200,0
ALL,W-QDA:qda,10,,0.005,0.024,75 105 111 78 80 116 108 83 84 87 104 102 88 86 112 107 117 77 110 109,75 105 111 78 80 116 108 83 84 87 104 102 88 86 112 107 117 77 110 109,simulation,db4,energy,15,200,200,0
W-NN,W-NN:k=9,44,2.0,0.035,0.09,111 107 108 83 80 109 81 106 110 77 82 84 79 112 113 78 105 115 76 116,81 111 80 83 108 112 76 79 82 109 110 77 84 78 106 107 114 75 113 115,simulation,db4,usage,15,200,200,0
W-QDA,W-QDA:qda,57,2.0,0.005,0.018,111 107 108 83 80 109 81 106 110 77 82 84 79 112 113 78 105 115 76 116,81 111 80 83 108 112 76 79 82 109 110 77 84 78 106 107 114 75 113 115,simulation,db4,usage,15,200,200,0
W-CART,W-CART:cart,40,0.5,0.06,0.082,111 112 81 79 108 80 109 110 78 77 82 83 76 113 84 107 114 115 75 85,81 111 80 83 108 112 76 79 82 109 110 77 84 78 106 107 114 75 113 115,simulation,db4,usage,15,200,200,0
ALL,W-QDA:qda,57,2.0,0.005,0.018,111 107 108 83 80 109 81 106 110 77 82 84 79 112 113 78 105 115 76 116,81 111 80 83 108 112 76 79 82 109 110 77 84 78 106 107 114 75 113 115,simulation,db4,usage,15,200,200,0
W-NN,W-NN:k=7,36,,0.025,0.078,148 297 73 81 106 109 84 107 37 104 78 108 112 121 82 18 111 118 58 79,148 297 73 81 106 109 84 107 37 104 78 108 112 121 82 18 111 118 58 79,simulation,db4,energy,16,200,200,0
W-QDA,W-QDA:qda,20,,0.01,0.028,148 297 73 81 106 109 84 107 37 104 78 108 112 121 82 18 111 118 58 79,148 297 73 81 106 109 84 107 37 104 78 108 112 121 82 18 111 118 58 79,simulation,db4,energy,16,200,200,0
W-CART,W-CART:cart,52,,0.065,0.086,148 297 73 81 106 109 84 107 37 104 78 108 112 121 82 18 111 118 58 79,148 297 73 81 106 109 84 107 37 104 78 108 112 121 82 18 111 118 58 79,simulation,db4,energy,16,200,200,0
ALL,W-QDA:qda,20,,0.01,0.028,148 297 73 81 106 109 84 107 37 104 78 108 112 121 82 18 111 118 58 79,148 297 73 81 106 109 84 107 37 104 78 108 112 121 82 18 111 118 58 79,simulation,db4,energy,16,200,200,0
W-NN,W-NN:k=5,43,1.5,0.02,0.056,81 78 80 82 109 84 77 79 108 75 111 74 107 112 76 110 83 73 114 116,81 82 109 80 78 77 111 79 112 84 83 108 110 74 76 75 107 114 116 113,simulation,db4,usage,16,200,200,0
W-QDA,W-QDA:qda,35,1.0,0.01,0.032,81 82 109 80 78 77 111 79 112 84 83 108 110 74 76 75 107 114 116 113,81 82 109 80 78 77 111 79 112 84 83 108 110 74 76 75 107 114 116 113,simulation,db4,usage,16,200,200,0
W-CART,W-CART:cart,14,3.0,0.06,0.086,81 84 80 107 73 75 78 82 106 74 77 108 79 109 76 86 112 110 111 116,81 82 109 80 78 77 111 79 112 84 83 108 110 74 76 75 107 114 116 113,simulation,db4,usage,16,200,200,0
ALL,W-QDA:qda,35,1.0,0.01,0.032,81 82 109 80 78 77 111 79 112 84 83 108 110 74 76 75 107 114 116 113,81 82 109 80 78 77 111 79 112 84 83 108 110 74 76 75 107 114 116 113,simulation,db4,usage,16,200,200,0
W-NN,W-NN:k=3,14,,0.05,0.07,79 112 39 115 117 76 107 118 109 81 74 106 78 85 77 72 108 84 86 58,79 112 39 115 117 76 107 118 109 81 74 106 78 85 77 72 108 84 86 58,simulation,db4,energy,17,200,200,0
W-QDA,W-QDA:qda,21,,0.015,0.024,79 112 39 115 117 76 107 118 109 81 74 106 78 85 77 72 108 84 86 58,79 112 39 115 117 76 107 118 109 81 74 106 78 85 77 72 108 84 86 58,simulation,db4,energy,17,200,200,0
W-CART,W-CART:cart,17,,0.055,0.076,79 112 39 115 117 76 107 118 109 81 74 106 78 85 77 72 108 84 86 58,79 112 39 115 117 76 107 118 109 81 74 106 78 85 77 72 108 84 86 58,simulation,db4,energy,17,200,200,0
ALL,W-QDA:qda,21,,0.015,0.024,79 112 39 115 117 76 107 118 109 81 74 106 78 85 77 72 108 84 86 58,79 112 39 115 117 76 107 118 109 81 74 106 78 85 77 72 108 84 86 58,simulation,db4,energy,17,200,200,0
W-NN,W-NN:k=15,18,2.0,0.035,0.084,112 79 107 108 78 81 109 77 80 82 116 113 114 83 76 115 106 75 117 111,79 81 80 77 109 107 78 108 82 112 83 76 114 116 111 113 106 75 84 85,simulation,db4,usage,17,200,200,0
W-QDA,W-QDA:qda,19,1.0,0.01,0.036,79 81 80 77 109 107 78 108 82 112 83 76 114 116 111 113 106 75 84 85,79 81 80 77 109 107 78 108 82 112 83 76 114 116 111 113 106 75 84 85,simulation,db4,usage,17,200,200,0
W-CART,W-CART:cart,23,3.0,0.05,0.076,78 108 112 79 81 109 114 77 107 113 75 106 115 80 82 116 76 83 111 110,79 81 80 77 109 107 78 108 82 112 83 76 114 116 111 113 106 75 84 85,simulation,db4,usage,17,200,200,0
ALL,W-QDA:qda,19,1.0,0.01,0.036,79 81 80 77 109 107 78 108 82 112 83 76 114 116 111 113 106 75 84 85,79 81 80 77 109 107 78 108 82 112 83 76 114 116 111 113 106 75 84 85,simulation,db4,usage,17,200,200,0
W-NN,W-NN:k=3,61,,0.025,0.062,83 108 118 74 80 110 82 111 81 59 117 116 72 84 109 73 78 54 76 86,83 108 118 74 80 110 82 111 81 59 117 116 72 84 109 73 78 54 76 86,simulation,db4,energy,18,200,200,0
W-QDA,W-QDA:qda,17,,0.005,0.048,83 108 118 74 80 110 82 111 81 59 117 116 72 84 109 73 78 54 76 86,83 108 118 74 80 110 82 111 81 59 117 116 72 84 109 73 78 54 76 86,simulation,db4,energy,18,200,200,0
W-CART,W-CART:cart,4,,0.07,0.082,83 108 118 74 80 110 82 111 81 59 117 116 72 84 109 73 78 54 76 86,83 108 118 74 80 110 82 111 81 59 117 116 72 84 109 73 78 54 76 86,simulation,db4,energy,18,200,200,0
ALL,W-QDA:qda,17,,0.005,0.048,83 108 118 74 80 110 82 111 81 59 117 116 72 84 109 73 78 54 76 86,83 108 118 74 80 110 82 111 81 59 117 116 72 84 109 73 78 54 76 86,simulation,db4,energy,18,200,200,0
W-NN,W-NN:k=7,24,1.5,0.03,0.086,84 83 110 82 109 111 108 80 77 78 79 81 107 114 76 113 106 75 112 115,83 84 108 110 112 111 80 81 82 77 78 109 107 113 114 79 75 76 74 117,simulation,db4,usage,18,200,200,0
W-QDA,W-QDA:qda,24,0.5,0.01,0.038,80 82 83 110 109 111 81 78 84 79 108 113 112 114 77 75 107 76 106 74,83 84 108 110 112 111 80 81 82 77 78 109 107 113 114 79 75 76 74 117,simulation,db4,usage,18,200,200,0
W-CART,W-CART:cart,24,3.0,0.045,0.074,82 108 84 85 83 106 111 76 109 110 81 79 74 75 86 107 114 80 113 77,83 84 108 110 112 111 80 81 82 77 78 109 107 113 114 79 75 76 74 117,simulation,db4,usage,18,200,200,0
ALL,W-QDA:qda,24,0.5,0.01,0.038,80 82 83 110 109 111 81 78 84 79 108 113 112 114 77 75 107 76 106 74,83 84 108 110 112 111 80 81 82 77 78 109 107 113 114 79 75 76 74 117,simulation,db4,usage,18,200,200,0
W-NN,W-NN:k=3,4,,0.065,0.102,85 82 83 106 84 108 111 86 54 78 107 120 110 109 79 87 81 105 80 113,85 82 83 106 84 108 111 86 54 78 107 120 110 109 79 87 81 105 80 113,simulation,db4,energy,19,200,200,0
W-QDA,W-QDA:qda,50,,0.025,0.02,85 82 83 106 84 108 111 86 54 78 107 120 110 109 79 87 81 105 80 113,85 82 83 106 84 108 111 86 54 78 107 120 110 109 79 87 81 105 80 113,simulation,db4,energy,19,200,200,0
W-CART,W-CART:cart,4,,0.085,0.084,85 82 83 106 84 108 111 86 54 78 107 120 110 109 79 87 81 105 80 113,85 82 83 106 84 108 111 86 54 78 107 120 110 109 79 87 81 105 80 113,simulation,db4,energy,19,200,200,0
ALL,W-QDA:qda,50,,0.025,0.02,85 82 83 106 84 108 111 86 54 78 107 120 110 109 79 87 81 105 80 113,85 82 83 106 84 108 111 86 54 78 107 120 110 109 79 87 81 105 80 113,simulation,db4,energy,19,200,200,0
W-NN,W-NN:k=3,22,1.0,0.065,0.09,81 82 110 80 113 78 79 83 107 111 108 109 84 112 77 114 85 115 106 116,81 82 110 80 113 78 79 83 107 111 108 109 84 112 77 114 85 115 106 116,simulation,db4,usage,19,200,200,0
W-QDA,W-QDA:qda,31,1.5,0.03,0.014,110 81 82 107 108 109 79 83 80 78 84 112 113 85 111 114 115 77 106 116,81 82 110 80 113 78 79 83 107 111 108 109 84 112 77 114 85 115 106 116,simulation,db4,usage,19,200,200,0
W-CART,W-CART:cart,18,0.5,0.065,0.088,110 82 81 111 80 83 109 79 78 84 113 112 108 77 106 85 107 114 115 75,81 82 110 80 113 78 79 83 107 111 108 109 84 112 77 114 85 115 106 116,simulation,db4,usage,19,200,200,0
ALL,W-QDA:qda,31,1.5,0.03,0.014,110 81 82 107 108 109 79 83 80 78 84 112 113 85 111 114 115 77 106 116,81 82 110 80 113 78 79 83 107 111 108 109 84 112 77 114 85 115 106 116,simulation,db4,usage,19,200,200,0
W-NN,W-NN:k=3,36,,0.02,0.086,82 109 75 84 79 74 116 118 81 107 117 80 114 110 115 108 106 111 83 78,82 109 75 84 79 74 116 118 81 107 117 80 114 110 115 108 106 111 83 78,simulation,db4,energy,20,200,200,0
W-QDA,W-QDA:qda,26,,0.0,0.028,82 109 75 84 79 74 116 118 81 107 117 80 114 110 115 108 106 111 83 78,82 109 75 84 79 74 116 118 81 107 117 80 114 110 115 108 106 111 83 78,simulation,db4,energy,20,200,200,0
W-CART,W-CART:cart,6,,0.05,0.096,82 109 75 84 79 74 116 118 81 107 117 80 114 110 115 108 106 111 83 78,82 109 75 84 79 74 116 118 81 107 117 80 114 110 115 108 106 111 83 78,simulation,db4,energy,20,200,200,0
ALL,W-QDA:qda,26,,0.0,0.028,82 109 75 84 79 74 116 118 81 107 117 80 114 110 115 108 106 111 83 78,82 109 75 84 79 74 116 118 81 107 117 80 114 110 115 108 106 111 83 78,simulation,db4,energy,20,200,200,0
W-NN,W-NN:k=9,46,3.0,0.02,0.078,79 77 80 111 76 115 78 108 82 109 112 116 110 113 114 81 74 107 83 84,79 111 81 112 78 113 115 80 110 114 76 77 116 82 108 109 75 83 117 74,simulation,db4,usage,20,200,200,0
W-QDA,W-QDA:qda,26,1.0,0.0,0.028,79 111 81 112 78 113 115 80 110 114 76 77 116 82 108 109 75 83 117 74,79 111 81 112 78 113 115 80 110 114 76 77 116 82 108 109 75 83 117 74,simulation,db4,usage,20,200,200,0
W-CART,W-CART:cart,21,0.5,0.045,0.092,112 78 79 111 110 80 82 113 81 114 76 109 115 77 116 75 83 108 74 84,79 111 81 112 78 113 115 80 110 114 76 77 116 82 108 109 75 83 117 74,simulation,db4,usage,20,200,200,0
ALL,W-QDA:qda,26,1.0,0.0,0.028,79 111 81 112 78 113 115 80 110 114 76 77 116 82 108 109 75 83 117 74,79 111 81 112 78 113 115 80 110 114 76 77 116 82 108 109 75 83 117 74,simulation,db4,usage,20,200,200,0
W-NN,W-NN:k=5,7,,0.07,0.112,82 85 81 79 108 113 80 78 83 105 77 54 164 84 104 73 219 109 117 86,82 85 81 79 108 113 80 78 83 105 77 54 164 84 104 73 219 109 117 86,simulation,db4,energy,21,200,200,0
W-QDA,W-QDA:qda,44,,0.01,0.034,82 85 81 79 108 113 80 78 83 105 77 54 164 84 104 73 219 109 117 86,82 85 81 79 108 113 80 78 83 105 77 54 164 84 104 73 219 109 117 86,simulation,db4,energy,21,200,200,0
W-CART,W-CART:cart,25,,0.065,0.076,82 85 81 79 108 113 80 78 83 105 77 54 164 84 104 73 219 109 117 86,82 85 81 79 108 113 80 78 83 105 77 54 164 84 104 73 219 109 117 86,simulation,db4,energy,21,200,200,0
ALL,W-QDA:qda,44,,0.01,0.034,82 85 81 79 108 113 80 78 83 105 77 54 164 84 104 73 219 109 117 86,82 85 81 79 108 113 80 78 83 105 77 54 164 84 104 73 219 109 117 86,simulation,db4,energy,21,200,200,0
W-NN,W-NN:k=5,27,3.0,0.045,0.05,82 79 83 85 109 78 81 108 111 80 110 77 84 73 112 114 76 107 75 116,81 82 79 113 80 109 111 107 77 112 78 110 114 76 83 84 108 115 75 85,simulation,db4,usage,21,200,200,0
W-QDA,W-QDA:qda,41,3.0,0.005,0.018,82 79 83 85 109 78 81 108 111 80 110 77 84 73 112 114 76 107 75 116,81 82 79 113 80 109 111 107 77 112 78 110 114 76 83 84 108 115 75 85,simulation,db4,usage,21,200,200,0
W-CART,W-CART:cart,50,1.5,0.06,0.08,82 81 77 79 80 110 78 109 84 107 113 112 76 108 111 83 85 114 75 115,81 82 79 113 80 109 111 107 77 112 78 110 114 76 83 84 108 115 75 85,simulation,db4,usage,21,200,200,0
ALL,W-QDA:qda,41,3.0,0.005,0.018,82 79 83 85 109 78 81 108 111 80 110 77 84 73 112 114 76 107 75 116,81 82 79 113 80 109 111 107 77 112 78 110 114 76 83 84 108 115 75 85,simulation,db4,usage,21,200,200,0
W-NN,W-NN:k=7,64,,0.035,0.064,220 113 84 80 114 79 107 81 54 106 105 112 55 77 85 104 162 108 87 118,220 113 84 80 114 79 107 81 54 106 105 112 55 77 85 104 162 108 87 118,simulation,db4,energy,22,200,200,0
W-QDA,W-QDA:qda,47,,0.04,0.032,220 113 84 80 114 79 107 81 54 106 105 112 55 77 85 104 162 108 87 118,220 113 84 80 114 79 107 81 54 106 105 112 55 77 85 104 162 108 87 118,simulation,db4,energy,22,200,200,0
W-CART,W-CART:cart,19,,0.065,0.064,220 113 84 80 114 79 107 81 54 106 105 112 55 77 85 104 162 108 87 118,220 113 84 80 114 79 107 81 54 106 105 112 55 77 85 104 162 108 87 118,simulation,db4,energy,22,200,200,0
ALL,W-NN:k=7,64,,0.035,0.064,220 113 84 80 114 79 107 81 54 106 105 112 55 77 85 104 162 108 87 118,220 113 84 80 114 79 107 81 54 106 105 112 55 77 85 104 162 108 87 118,simulation,db4,energy,22,200,200,0
W-NN,W-NN:k=9,47,1.0,0.04,0.052,112 111 78 79 80 82 113 81 110 114 77 109 76 108 83 75 84 115 117 74,112 111 78 79 80 82 113 81 110 114 77 109 76 108 83 75 84 115 117 74,simulation,db4,usage,22,200,200,0
W-QDA,W-QDA:qda,50,1.0,0.035,0.028,112 111 78 79 80 82 113 81 110 114 77 109 76 108 83 75 84 115 117 74,112 111 78 79 80 82 113 81 110 114 77 109 76 108 83 75 84 115 117 74,simulation,db4,usage,22,200,200,0
W-CART,W-CART:cart,31,3.0,0.085,0.058,80 111 79 81 82 110 85 113 78 108 112 117 83 84 75 76 77 74 106 114,112 111 78 79 80 82 113 81 110 114 77 109 76 108 83 75 84 115 117 74,simulation,db4,usage,22,200,200,0
ALL,W-QDA:qda,50,1.0,0.035,0.028,112 111 78 79 80 82 113 81 110 114 77 109 76 108 83 75 84 115 117 74,112 111 78 79 80 82 113 81 110 114 77 109 76 108 83 75 84 115 117 74,simulation,db4,usage,22,200,200,0
W-NN,W-NN:k=3,6,,0.075,0.056,108 106 102 105 104 74 84 107 87 83 81 119 82 103 85 72 109 86 79 78,108 106 102 105 104 74 84 107 87 83 81 119 82 103 85 72 109 86 79 78,simulation,db4,energy,23,200,200,0
W-QDA,W-QDA:qda,42,,0.03,0.03,108 106 102 105 104 74 84 107 87 83 81 119 82 103 85 72 109 86 79 78,108 106 102 105 104 74 84 107 87 83 81 119 82 103 85 72 109 86 79 78,simulation,db4,energy,23,200,200,0
W-CART,W-CART:cart,40,,0.04,0.09,108 106 102 105 104 74 84 107 87 83 81 119 82 103 85 72 109 86 79 78,108 106 102 105 104 74 84 107 87 83 81 119 82 103 85 72 109 86 79 78,simulation,db4,energy,23,200,200,0
ALL,W-QDA:qda,42,,0.03,0.03,108 106 102 105 104 74 84 107 87 83 81 119 82 103 85 72 109 86 79 78,108 106 102 105 104 74 84 107 87 83 81 119 82 103 85 72 109 86 79 78,simulation,db4,energy,23,200,200,0
W-NN,W-NN:k=5,26,0.5,0.075,0.062,82 80 110 111 83 112 79 81 107 84 109 78 108 77 106 114 85 115 113 116,112 81 83 82 110 80 111 79 84 106 77 78 107 108 109 114 113 105 116 76,simulation,db4,usage,23,200,200,0
W-QDA,W-QDA:qda,30,1.5,0.04,0.032,84 80 81 106 112 110 107 82 79 83 78 77 109 111 113 114 108 76 85 115,112 81 83 82 110 80 111 79 84 106 77 78 107 108 109 114 113 105 116 76,simulation,db4,usage,23,200,200,0
W-CART,W-CART:cart,32,1.5,0.04,0.106,84 80 81 106 112 110 107 82 79 83 78 77 109 111 113 114 108 76 85 115,112 81 83 82 110 80 111 79 84 106 77 78 107 108 109 114 113 105 116 76,simulation,db4,usage,23,200,200,0
ALL,W-QDA:qda,30,1.5,0.04,0.032,84 80 81 106 112 110 107 82 79 83 78 77 109 111 113 114 108 76 85 115,112 81 83 82 110 80 111 79 84 106 77 78 107 108 109 114 113 105 116 76,simulation,db4,usage,23,200,200,0
W-NN,W-NN:k=25,15,,0.02,0.054,72 78 119 73 84 87 105 75 115 102 118 86 117 120 107 77 104 83 106 111,72 78 119 73 84 87 105 75 115 102 118 86 117 120 107 77 104 83 106 111,simulation,db4,energy,24,200,200,0
W-QDA,W-QDA:qda,17,,0.025,0.036,72 78 119 73 84 87 105 75 115 102 118 86 117 120 107 77 104 83 106 111,72 78 119 73 84 87 105 75 115 102 118 86 117 120 107 77 104 83 106 111,simulation,db4,energy,24,200,200,0
W-CART,W-CART:cart,43,,0.05,0.092,72 78 119 73 84 87 105 75 115 102 118 86 117 120 107 77 104 83 106 111,72 78 119 73 84 87 105 75 115 102 118 86 117 120 107 77 104 83 106 111,simulation,db4,energy,24,200,200,0
ALL,W-NN:k=25,15,,0.02,0.054,72 78 119 73 84 87 105 75 115 102 118 86 117 120 107 77 104 83 106 111,72 78 119 73 84 87 105 75 115 102 118 86 117 120 107 77 104 83 106 111,simulation,db4,energy,24,200,200,0
W-NN,W-NN:k=1,11,1.0,0.025,0.11,77 80 111 114 81 76 79 110 108 115 83 109 112 78 113 75 107 106 116 117,77 80 111 114 81 76 79 110 108 115 83 109 112 78 113 75 107 106 116 117,simulation,db4,usage,24,200,200,0
W-QDA,W-QDA:qda,13,3.0,0.03,0.056,79 81 111 75 78 106 77 82 83 116 80 117 107 113 115 76 84 110 105 112,77 80 111 114 81 76 79 110 108 115 83 109 112 78 113 75 107 106 116 117,simulation,db4,usage,24,200,200,0
W-CART,W-CART:cart,61,1.5,0.045,0.1,80 77 111 81 114 76 79 83 115 75 107 110 82 84 78 109 113 106 117 108,77 80 111 114 81 76 79 110 108 115 83 109 112 78 113 75 107 106 116 117,simulation,db4,usage,24,200,200,0
ALL,W-NN:k=1,11,1.0,0.025,0.11,77 80 111 114 81 76 79 110 108 115 83 109 112 78 113 75 107 106 116 117,77 80 111 114 81 76 79 110 108 115 83 109 112 78 113 75 107 106 116 117,simulation,db4,usage,24,200,200,0
W-NN,W-NN:k=1,12,,0.025,0.06,115 106 74 72 73 84 82 107 108 85 114 103 104 105 120 119 118 75 59 71,115 106 74 72 73 84 82 107 108 85 114 103 104 105 120 119 118 75 59 71,simulation,db4,energy,25,200,200,0
W-QDA,W-QDA:qda,39,,0.005,0.022,115 106 74 72 73 84 82 107 108 85 114 103 104 105 120 119 118 75 59 71,115 106 74 72 73 84 82 107 108 85 114 103 104 105 120 119 118 75 59 71,simulation,db4,energy,25,200,200,0
W-CART,W-CART:cart,11,,0.07,0.088,115 106 74 72 73 84 82 107 108 85 114 103 104 105 120 119 118 75 59 71,115 106 74 72 73 84 82 107 108 85 114 103 104 105 120 119 118 75 59 71,simulation,db4,energy,25,200,200,0
ALL,W-QDA:qda,39,,0.005,0.022,115 106 74 72 73 84 82 107 108 85 114 103 104 105 120 119 118 75 59 71,115 106 74 72 73 84 82 107 108 85 114 103 104 105 120 119 118 75 59 71,simulation,db4,energy,25,200,200,0
W-NN,W-NN:k=9,36,3.0,0.04,0.07,84 105 106 107 76 83 85 81 118 75 86 109 110 111 115 74 78 104 108 79,80 78 110 79 111 83 85 108 112 81 109 114 82 106 107 115 84 75 76 77,simulation,db4,usage,25,200,200,0
W-QDA,W-QDA:qda,35,1.0,0.005,0.026,80 78 110 79 111 83 85 108 112 81 109 114 82 106 107 115 84 75 76 77,80 78 110 79 111 83 85 108 112 81 109 114 82 106 107 115 84 75 76 77,simulation,db4,usage,25,200,200,0
W-CART,W-CART:cart,9,3.0,0.065,0.114,84 105 106 107 76 83 85 81 118 75 86 109 110 111 115 74 78 104 108 79,80 78 110 79 111 83 85 108 112 81 109 114 82 106 107 115 84 75 76 77,simulation,db4,usage,25,200,200,0
ALL,W-QDA:qda,35,1.0,0.005,0.026,80 78 110 79 111 83 85 108 112 81 109 114 82 106 107 115 84 75 76 77,80 78 110 79 111 83 85 108 112 81 109 114 82 106 107 115 84 75 76 77,simulation,db4,usage,25,200,200,0
W-NN,W-NN:k=5,47,,0.055,0.052,109 82 104 117 83 108 79 105 119 113 81 88 106 107 84 73 102 86 110 78,109 82 104 117 83 108 79 105 119 113 81 88 106 107 84 73 102 86 110 78,simulation,db4,energy,26,200,200,0
W-QDA,W-QDA:qda,38,,0.02,0.028,109 82 104 117 83 108 79 105 119 113 81 88 106 107 84 73 102 86 110 78,109 82 104 117 83 108 79 105 119 113 81 88 106 107 84 73 102 86 110 78,simulation,db4,energy,26,200,200,0
W-CART,W-CART:cart,4,,0.07,0.096,109 82 104 117 83 108 79 105 119 113 81 88 106 107 84 73 102 86 110 78,109 82 104 117 83 108 79 105 119 113 81 88 106 107 84 73 102 86 110 78,simulation,db4,energy,26,200,200,0
ALL,W-QDA:qda,38,,0.02,0.028,109 82 104 117 83 108 79 105 119 113 81 88 106 107 84 73 102 86 110 78,109 82 104 117 83 108 79 105 119 113 81 88 106 107 84 73 102 86 110 78,simulation,db4,energy,26,200,200,0
W-NN,W-NN:k=3,37,3.0,0.055,0.064,107 106 108 84 83 105 104 109 85 86 110 82 80 81 87 103 112 114 79 113,82 109 107 81 108 84 110 80 83 113 78 79 111 112 114 86 105 106 85 115,simulation,db4,usage,26,200,200,0
W-QDA,W-QDA:qda,33,2.0,0.02,0.034,107 108 83 84 109 105 106 82 85 86 113 81 110 80 104 115 79 111 112 78,82 109 107 81 108 84 110 80 83 113 78 79 111 112 114 86 105 106 85 115,simulation,db4,usage,26,200,200,0
W-CART,W-CART:cart,47,1.0,0.075,0.084,82 109 107 81 108 84 110 80 83 113 78 79 111 112 114 86 105 106 85 115,82 109 107 81 108 84 110 80 83 113 78 79 111 112 114 86 105 106 85 115,simulation,db4,usage,26,200,200,0
ALL,W-QDA:qda,33,2.0,0.02,0.034,107 108 83 84 109 105 106 82 85 86 113 81 110 80 104 115 79 111 112 78,82 109 107 81 108 84 110 80 83 113 78 79 111 112 114 86 105 106 85 115,simulation,db4,usage,26,200,200,0
W-NN,W-NN:k=15,25,,0.045,0.076,79 111 112 78 80 85 57 76 81 40 70 110 74 113 77 73 119 115 82 56,79 111 112 78 80 85 57 76 81 40 70 110 74 113 77 73 119 115 82 56,simulation,db4,energy,27,200,200,0
W-QDA,W-QDA:qda,57,,0.015,0.022,79 111 112 78 80 85 57 76 81 40 70 110 74 113 77 73 119 115 82 56,79 111 112 78 80 85 57 76 81 40 70 110 74 113 77 73 119 115 82 56,simulation,db4,energy,27,200,200,0
W-CART,W-CART:cart,35,,0.045,0.066,79 111 112 78 80 85 57 76 81 40 70 110 74 113 77 73 119 115 82 56,79 111 112 78 80 85 57 76 81 40 70 110 74 113 77 73 119 115 82 56,simulation,db4,energy,27,200,200,0
ALL,W-QDA:qda,57,,0.015,0.022,79 111 112 78 80 85 57 76 81 40 70 110 74 113 77 73 119 115 82 56,79 111 112 78 80 85 57 76 81 40 70 110 74 113 77 73 119 115 82 56,simulation,db4,energy,27,200,200,0
W-NN,W-NN:k=7,42,2.0,0.045,0.08,80 110 111 112 106 109 84 75 79 108 82 115 85 105 107 76 113 81 83 116,80 111 112 79 81 83 109 110 78 84 115 113 114 82 108 76 77 85 106 75,simulation,db4,usage,27,200,200,0
W-QDA,W-QDA:qda,27,0.5,0.015,0.028,113 80 79 112 78 110 109 111 114 77 81 82 76 83 115 108 84 116 75 107,80 111 112 79 81 83 109 110 78 84 115 113 114 82 108 76 77 85 106 75,simulation,db4,usage,27,200,200,0
W-CART,W-CART:cart,36,1.5,0.04,0.066,109 80 111 110 112 108 85 106 84 115 75 79 114 83 81 82 105 113 78 107,80 111 112 79 81 83 109 110 78 84 115 113 114 82 108 76 77 85 106 75,simulation,db4,usage,27,200,200,0
ALL,W-QDA:qda,27,0.5,0.015,0.028,113 80 79 112 78 110 109 111 114 77 81 82 76 83 115 108 84 116 75 107,80 111 112 79 81 83 109 110 78 84 115 113 114 82 108 76 77 85 106 75,simulation,db4,usage,27,200,200,0
W-NN,W-NN:k=1,61,,0.045,0.076,115 75 105 77 116 114 117 76 113 86 102 74 103 85 106 37 79 112 84 55,115 75 105 77 116 114 117 76 113 86 102 74 103 85 106 37 79 112 84 55,simulation,db4,energy,28,200,200,0
W-QDA,W-QDA:qda,33,,0.035,0.042,115 75 105 77 116 114 117 76 113 86 102 74 103 85 106 37 79 112 84 55,115 75 105 77 116 114 117 76 113 86 102 74 103 85 106 37 79 112 84 55,simulation,db4,energy,28,200,200,0
W-CART,W-CART:cart,20,,0.055,0.1,115 75 105 77 116 114 117 76 113 86 102 74 103 85 106 37 79 112 84 55,115 75 105 77 116 114 117 76 113 86 102 74 103 85 106 37 79 112 84 55,simulation,db4,energy,28,200,200,0
ALL,W-QDA:qda,33,,0.035,0.042,115 75 105 77 116 114 117 76 113 86 102 74 103 85 106 37 79 112 84 55,115 75 105 77 116 114 117 76 113 86 102 74 103 85 106 37 79 112 84 55,simulation,db4,energy,28,200,200,0
W-NN,W-NN:k=7,31,3.0,0.04,0.064,116 76 74 75 115 78 77 73 82 113 117 81 114 79 112 72 80 110 118 111,78 77 112 115 79 116 76 113 114 75 81 109 80 111 117 110 74 73 82 106,simulation,db4,usage,28,200,200,0
W-QDA,W-QDA:qda,28,2.0,0.04,0.05,116 78 75 114 77 76 115 74 113 117 79 73 112 110 82 118 80 81 72 83,78 77 112 115 79 116 76 113 114 75 81 109 80 111 117 110 74 73 82 106,simulation,db4,usage,28,200,200,0
W-CART,W-CART:cart,9,3.0,0.075,0.098,116 76 74 75 115 78 77 73 82 113 117 81 114 79 112 72 80 110 118 111,78 77 112 115 79 116 76 113 114 75 81 109 80 111 117 110 74 73 82 106,simulation,db4,usage,28,200,200,0
ALL,W-QDA:qda,28,2.0,0.04,0.05,116 78 75 114 77 76 115 74 113 117 79 73 112 110 82 118 80 81 72 83,78 77 112 115 79 116 76 113 114 75 81 109 80 111 117 110 74 73 82 106,simulation,db4,usage,28,200,200,0
W-NN,W-NN:k=1,22,,0.05,0.094,119 118 117 79 112 74 72 108 73 71 103 107 115 55 77 81 76 41 116 78,119 118 117 79 112 74 72 108 73 71 103 107 115 55 77 81 76 41 116 78,simulation,db4,energy,29,200,200,0
W-QDA,W-QDA:qda,63,,0.02,0.024,119 118 117 79 112 74 72 108 73 71 103 107 115 55 77 81 76 41 116 78,119 118 117 79 112 74 72 108 73 71 103 107 115 55 77 81 76 41 116 78,simulation,db4,energy,29,200,200,0
W-CART,W-CART:cart,4,,0.07,0.118,119 118 117 79 112 74 72 108 73 71 103 107 115 55 77 81 76 41 116 78,119 118 117 79 112 74 72 108 73 71 103 107 115 55 77 81 76 41 116 78,simulation,db4,energy,29,200,200,0
ALL,W-QDA:qda,63,,0.02,0.024,119 118 117 79 112 74 72 108 73 71 103 107 115 55 77 81 76 41 116 78,119 118 117 79 112 74 72 108 73 71 103 107 115 55 77 81 76 41 116 78,simulation,db4,energy,29,200,200,0
W-NN,W-NN:k=3,31,1.5,0.035,0.088,112 114 78 113 77 79 111 110 107 108 116 76 81 83 80 84 115 74 82 75,112 77 79 80 114 78 111 113 81 83 110 107 116 76 108 84 109 115 75 82,simulation,db4,usage,29,200,200,0
W-QDA,W-QDA:qda,46,0.5,0.005,0.036,81 79 113 78 80 114 111 110 77 112 116 83 109 76 108 107 82 115 84 117,112 77 79 80 114 78 111 113 81 83 110 107 116 76 108 84 109 115 75 82,simulation,db4,usage,29,200,200,0
W-CART,W-CART:cart,44,0.5,0.05,0.108,81 79 113 78 80 114 111 110 77 112 116 83 109 76 108 107 82 115 84 117,112 77 79 80 114 78 111 113 81 83 110 107 116 76 108 84 109 115 75 82,simulation,db4,usage,29,200,200,0
ALL,W-QDA:qda,46,0.5,0.005,0.036,81 79 113 78 80 114 111 110 77 112 116 83 109 76 108 107 82 115 84 117,112 77 79 80 114 78 111 113 81 83 110 107 116 76 108 84 109 115 75 82,simulation,db4,usage,29,200,200,0
W-NN,W-NN:k=7,30,,0.025,0.07,112 79 39 316 76 78 224 115 82 157 225 71 86 105 54 120 83 75 107 81,112 79 39 316 76 78 224 115 82 157 225 71 86 105 54 120 83 75 107 81,simulation,db4,energy,30,200,200,0
W-QDA,W-QDA:qda,46,,0.005,0.028,112 79 39 316 76 78 224 115 82 157 225 71 86 105 54 120 83 75 107 81,112 79 39 316 76 78 224 115 82 157 225 71 86 105 54 120 83 75 107 81,simulation,db4,energy,30,200,200,0
W-CART,W-CART:cart,53,,0.025,0.064,112 79 39 316 76 78 224 115 82 157 225 71 86 105 54 120 83 75 107 81,112 79 39 316 76 78 224 115 82 157 225 71 86 105 54 120 83 75 107 81,simulation,db4,energy,30,200,200,0
ALL,W-QDA:qda,46,,0.005,0.028,112 79 39 316 76 78 224 115 82 157 225 71 86 105 54 120 83 75 107 81,112 79 39 316 76 78 224 115 82 157 225 71 86 105 54 120 83 75 107 81,simulation,db4,energy,30,200,200,0
W-NN,W-NN:k=3,52,0.5,0.035,0.054,82 79 113 80 81 111 112 78 109 114 107 110 83 108 84 115 75 76 77 116,81 82 79 108 110 113 80 111 78 109 114 83 84 112 77 107 75 76 116 85,simulation,db4,usage,30,200,200,0
W-QDA,W-QDA:qda,33,3.0,0.005,0.014,112 82 106 77 81 114 79 83 110 111 85 108 75 80 84 105 109 76 78 107,81 82 79 108 110 113 80 111 78 109 114 83 84 112 77 107 75 76 116 85,simulation,db4,usage,30,200,200,0
W-CART,W-CART:cart,40,1.5,0.03,0.066,82 79 81 108 83 109 84 112 114 111 80 110 78 77 75 113 76 106 85 116,81 82 79 108 110 113 80 111 78 109 114 83 84 112 77 107 75 76 116 85,simulation,db4,usage,30,200,200,0
ALL,W-QDA:qda,33,3.0,0.005,0.014,112 82 106 77 81 114 79 83 110 111 85 108 75 80 84 105 109 76 78 107,81 82 79 108 110 113 80 111 78 109 114 83 84 112 77 107 75 76 116 85,simulation,db4,usage,30,200,200,0
W-NN,W-NN:k=9,5,,0.025,0.03,116 74 107 84 87 115 108 104 75 83 88 109 76 72 71 114 82 103 77 106,116 74 107 84 87 115 108 104 75 83 88 109 76 72 71 114 82 103 77 106,simulation,db4,energy,31,200,200,0
W-QDA,W-QDA:qda,19,,0.005,0.018,116 74 107 84 87 115 108 104 75 83 88 109 76 72 71 114 82 103 77 106,116 74 107 84 87 115 108 104 75 83 88 109 76 72 71 114 82 103 77 106,simulation,db4,energy,31,200,200,0
W-CART,W-CART:cart,16,,0.03,0.066,116 74 107 84 87 115 108 104 75 83 88 109 76 72 71 114 82 103 77 106,116 74 107 84 87 115 108 104 75 83 88 109 76 72 71 114 82 103 77 106,simulation,db4,energy,31,200,200,0
ALL,W-QDA:qda,19,,0.005,0.018,116 74 107 84 87 115 108 104 75 83 88 109 76 72 71 114 82 103 77 106,116 74 107 84 87 115 108 104 75 83 88 109 76 72 71 114 82 103 77 106,simulation,db4,energy,31,200,200,0
W-NN,W-NN:k=3,19,1.5,0.03,0.062,80 78 110 77 83 81 116 109 108 75 76 79 115 74 113 107 84 82 112 114,81 78 82 80 77 79 109 113 110 83 112 76 107 115 75 84 116 108 111 74,simulation,db4,usage,31,200,200,0
W-QDA,W-QDA:qda,51,2.0,0.005,0.024,75 76 78 109 110 113 115 74 108 116 77 83 114 80 81 107 84 73 82 79,81 78 82 80 77 79 109 113 110 83 112 76 107 115 75 84 116 108 111 74,simulation,db4,usage,31,200,200,0
W-CART,W-CART:cart,38,3.0,0.04,0.068,116 74 75 76 109 115 110 73 107 83 80 108 114 78 81 85 105 77 106 113,81 78 82 80 77 79 109 113 110 83 112 76 107 115 75 84 116 108 111 74,simulation,db4,usage,31,200,200,0
ALL,W-QDA:qda,51,2.0,0.005,0.024,75 76 78 109 110 113 115 74 108 116 77 83 114 80 81 107 84 73 82 79,81 78 82 80 77 79 109 113 110 83 112 76 107 115 75 84 116 108 111 74,simulation,db4,usage,31,200,200,0
W-NN,W-NN:k=7,17,,0.04,0.066,77 114 110 80 113 117 109 111 119 81 118 103 105 88 115 78 82 104 72 76,77 114 110 80 113 117 109 111 119 81 118 103 105 88 115 78 82 104 72 76,simulation,db4,energy,32,200,200,0
W-QDA,W-QDA:qda,36,,0.005,0.03,77 114 110 80 113 117 109 111 119 81 118 103 105 88 115 78 82 104 72 76,77 114 110 80 113 117 109 111 119 81 118 103 105 88 115 78 82 104 72 76,simulation,db4,energy,32,200,200,0
W-CART,W-CART:cart,11,,0.065,0.088,77 114 110 80 113 117 109 111 119 81 118 103 105 88 115 78 82 104 72 76,77 114 110 80 113 117 109 111 119 81 118 103 105 88 115 78 82 104 72 76,simulation,db4,energy,32,200,200,0
ALL,W-QDA:qda,36,,0.005,0.03,77 114 110 80 113 117 109 111 119 81 118 103 105 88 115 78 82 104 72 76,77 114 110 80 113 117 109 111 119 81 118 103 105 88 115 78 82 104 72 76,simulation,db4,energy,32,200,200,0
W-NN,W-NN:k=9,15,2.0,0.04,0.056,110 107 80 109 116 83 114 111 117 82 106 78 79 81 108 113 115 75 85 84,80 109 110 112 81 82 113 111 114 78 107 116 79 115 83 84 108 75 76 117,simulation,db4,usage,32,200,200,0
W-QDA,W-QDA:qda,34,3.0,0.005,0.022,110 109 114 107 116 117 78 79 106 80 115 111 113 75 77 82 84 108 85 105,80 109 110 112 81 82 113 111 114 78 107 116 79 115 83 84 108 75 76 117,simulation,db4,usage,32,200,200,0
W-CART,W-CART:cart,35,0.5,0.075,0.096,80 110 112 111 113 79 82 109 115 78 81 83 84 114 77 108 107 116 76 74,80 109 110 112 81 82 113 111 114 78 107 116 79 115 83 84 108 75 76 117,simulation,db4,usage,32,200,200,0
ALL,W-QDA:qda,34,3.0,0.005,0.022,110 109 114 107 116 117 78 79 106 80 115 111 113 75 77 82 84 108 85 105,80 109 110 112 81 82 113 111 114 78 107 116 79 115 83 84 108 75 76 117,simulation,db4,usage,32,200,200,0
W-NN,W-NN:k=9,58,,0.025,0.056,120 76 84 77 82 57 105 106 107 113 118 75 85 78 87 80 111 86 83 115,120 76 84 77 82 57 105 106 107 113 118 75 85 78 87 80 111 86 83 115,simulation,db4,energy,33,200,200,0
W-QDA,W-QDA:qda,44,,0.015,0.014,120 76 84 77 82 57 105 106 107 113 118 75 85 78 87 80 111 86 83 115,120 76 84 77 82 57 105 106 107 113 118 75 85 78 87 80 111 86 83 115,simulation,db4,energy,33,200,200,0
W-CART,W-CART:cart,5,,0.055,0.09,120 76 84 77 82 57 105 106 107 113 118 75 85 78 87 80 111 86 83 115,120 76 84 77 82 57 105 106 107 113 118 75 85 78 87 80 111 86 83 115,simulation,db4,energy,33,200,200,0
ALL,W-QDA:qda,44,,0.015,0.014,120 76 84 77 82 57 105 106 107 113 118 75 85 78 87 80 111 86 83 115,120 76 84 77 82 57 105 106 107 113 118 75 85 78 87 80 111 86 83 115,simulation,db4,energy,33,200,200,0
W-NN,W-NN:k=9,59,3.0,0.025,0.042,108 81 83 75 117 80 106 77 78 79 107 85 105 109 84 82 111 110 76 112,77 78 114 81 108 109 82 111 113 79 83 112 84 107 110 76 106 116 75 115,simulation,db4,usage,33,200,200,0
W-QDA,W-QDA:qda,9,3.0,0.01,0.03,108 81 83 75 117 80 106 77 78 79 107 85 105 109 84 82 111 110 76 112,77 78 114 81 108 109 82 111 113 79 83 112 84 107 110 76 106 116 75 115,simulation,db4,usage,33,200,200,0
W-CART,W-CART:cart,35,2.0,0.05,0.046,108 84 77 75 79 78 83 107 109 113 114 80 81 85 106 111 76 82 112 117,77 78 114 81 108 109 82 111 113 79 83 112 84 107 110 76 106 116 75 115,simulation,db4,usage,33,200,200,0
ALL,W-QDA:qda,9,3.0,0.01,0.03,108 81 83 75 117 80 106 77 78 79 107 85 105 109 84 82 111 110 76 112,77 78 114 81 108 109 82 111 113 79 83 112 84 107 110 76 106 116 75 115,simulation,db4,usage,33,200,200,0
W-NN,W-NN:k=3,47,,0.04,0.076,73 112 117 79 78 115 75 80 113 118 74 116 81 114 111 77 76 87 108 84,73 112 117 79 78 115 75 80 113 118 74 116 81 114 111 77 76 87 108 84,simulation,db4,energy,34,200,200,0
W-QDA,W-QDA:qda,26,,0.03,0.032,73 112 117 79 78 115 75 80 113 118 74 116 81 114 111 77 76 87 108 84,73 112 117 79 78 115 75 80 113 118 74 116 81 114 111 77 76 87 108 84,simulation,db4,energy,34,200,200,0
W-CART,W-CART:cart,35,,0.05,0.066,73 112 117 79 78 115 75 80 113 118 74 116 81 114 111 77 76 87 108 84,73 112 117 79 78 115 75 80 113 118 74 116 81 114 111 77 76 87 108 84,simulation,db4,energy,34,200,200,0
ALL,W-QDA:qda,26,,0.03,0.032,73 112 117 79 78 115 75 80 113 118 74 116 81 114 111 77 76 87 108 84,73 112 117 79 78 115 75 80 113 118 74 116 81 114 111 77 76 87 108 84,simulation,db4,energy,34,200,200,0
W-NN,W-NN:k=1,38,1.0,0.06,0.078,113 79 76 78 80 112 111 77 110 116 81 109 114 82 75 115 83 117 74 108,113 79 76 78 80 112 111 77 110 116 81 109 114 82 75 115 83 117 74 108,simulation,db4,usage,34,200,200,0
W-QDA,W-QDA:qda,58,3.0,0.01,0.03,76 112 113 78 75 116 110 115 117 74 79 111 77 81 114 80 83 106 108 109,113 79 76 78 80 112 111 77 110 116 81 109 114 82 75 115 83 117 74 108,simulation,db4,usage,34,200,200,0
W-CART,W-CART:cart,31,3.0,0.045,0.07,76 112 113 78 75 116 110 115 117 74 79 111 77 81 114 80 83 106 108 109,113 79 76 78 80 112 111 77 110 116 81 109 114 82 75 115 83 117 74 108,simulation,db4,usage,34,200,200,0
ALL,W-QDA:qda,58,3.0,0.01,0.03,76 112 113 78 75 116 110 115 117 74 79 111 77 81 114 80 83 106 108 109,113 79 76 78 80 112 111 77 110 116 81 109 114 82 75 115 83 117 74 108,simulation,db4,usage,34,200,200,0
W-NN,W-NN:k=7,27,,0.055,0.062,80 113 115 104 87 108 83 103 76 84 58 117 79 109 112 110 107 81 116 78,80 113 115 104 87 108 83 103 76 84 58 117 79 109 112 110 107 81 116 78,simulation,db4,energy,35,200,200,0
W-QDA,W-QDA:qda,30,,0.015,0.032,80 113 115 104 87 108 83 103 76 84 58 117 79 109 112 110 107 81 116 78,80 113 115 104 87 108 83 103 76 84 58 117 79 109 112 110 107 81 116 78,simulation,db4,energy,35,200,200,0
W-CART,W-CART:cart,61,,0.07,0.08,80 113 115 104 87 108 83 103 76 84 58 117 79 109 112 110 107 81 116 78,80 113 115 104 87 108 83 103 76 84 58 117 79 109 112 110 107 81 116 78,simulation,db4,energy,35,200,200,0
ALL,W-QDA:qda,30,,0.015,0.032,80 113 115 104 87 108 83 103 76 84 58 117 79 109 112 110 107 81 116 78,80 113 115 104 87 108 83 103 76 84 58 117 79 109 112 110 107 81 116 78,simulation,db4,energy,35,200,200,0
W-NN,W-NN:k=15,17,0.5,0.045,0.11,110 111 113 81 80 108 109 112 82 78 79 84 107 115 114 76 77 83 75 116,110 80 111 81 108 113 78 82 109 83 112 114 79 107 115 76 77 84 85 75,simulation,db4,usage,35,200,200,0
W-QDA,W-QDA:qda,46,3.0,0.01,0.032,115 110 79 80 83 111 108 82 112 113 107 109 77 78 114 76 84 117 81 116,110 80 111 81 108 113 78 82 109 83 112 114 79 107 115 76 77 84 85 75,simulation,db4,usage,35,200,200,0
W-CART,W-CART:cart,27,2.0,0.055,0.066,110 78 80 115 79 82 108 109 114 111 113 112 83 76 107 81 84 116 75 77,110 80 111 81 108 113 78 82 109 83 112 114 79 107 115 76 77 84 85 75,simulation,db4,usage,35,200,200,0
ALL,W-QDA:qda,46,3.0,0.01,0.032,115 110 79 80 83 111 108 82 112 113 107 109 77 78 114 76 84 117 81 116,110 80 111 81 108 113 78 82 109 83 112 114 79 107 115 76 77 84 85 75,simulation,db4,usage,35,200,200,0
W-NN,W-NN:k=9,58,,0.035,0.06,77 88 102 113 114 118 107 105 80 117 103 76 112 110 78 79 84 119 85 86,77 88 102 113 114 118 107 105 80 117 103 76 112 110 78 79 84 119 85 86,simulation,db4,energy,36,200,200,0
W-QDA,W-QDA:qda,19,,0.02,0.026,77 88 102 113 114 118 107 105 80 117 103 76 112 110 78 79 84 119 85 86,77 88 102 113 114 118 107 105 80 117 103 76 112 110 78 79 84 119 85 86,simulation,db4,energy,36,200,200,0
W-CART,W-CART:cart,26,,0.09,0.094,77 88 102 113 114 118 107 105 80 117 103 76 112 110 78 79 84 119 85 86,77 88 102 113 114 118 107 105 80 117 103 76 112 110 78 79 84 119 85 86,simulation,db4,energy,36,200,200,0
ALL,W-QDA:qda,19,,0.02,0.026,77 88 102 113 114 118 107 105 80 117 103 76 112 110 78 79 84 119 85 86,77 88 102 113 114 118 107 105 80 117 103 76 112 110 78 79 84 119 85 86,simulation,db4,energy,36,200,200,0
W-NN,W-NN:k=9,22,0.5,0.045,0.058,80 110 112 111 79 81 113 78 82 77 109 83 108 84 114 107 76 85 115 116,110 78 111 79 82 109 80 81 112 113 76 77 83 108 114 107 84 115 116 85,simulation,db4,usage,36,200,200,0
W-QDA,W-QDA:qda,48,0.5,0.005,0.038,80 110 112 111 79 81 113 78 82 77 109 83 108 84 114 107 76 85 115 116,110 78 111 79 82 109 80 81 112 113 76 77 83 108 114 107 84 115 116 85,simulation,db4,usage,36,200,200,0
W-CART,W-CART:cart,18,2.0,0.07,0.108,110 111 79 114 112 78 82 81 76 107 113 85 109 77 80 83 86 106 108 116,110 78 111 79 82 109 80 81 112 113 76 77 83 108 114 107 84 115 116 85,simulation,db4,usage,36,200,200,0
ALL,W-QDA:qda,48,0.5,0.005,0.038,80 110 112 111 79 81 113 78 82 77 109 83 108 84 114 107 76 85 115 116,110 78 111 79 82 109 80 81 112 113 76 77 83 108 114 107 84 115 116 85,simulation,db4,usage,36,200,200,0
W-NN,W-NN:k=7,33,,0.085,0.066,110 82 80 118 81 220 108 73 117 116 111 119 109 36 72 55 74 114 75 76,110 82 80 118 81 220 108 73 117 116 111 119 109 36 72 55 74 114 75 76,simulation,db4,energy,37,200,200,0
W-QDA,W-QDA:qda,18,,0.04,0.058,110 82 80 118 81 220 108 73 117 116 111 119 109 36 72 55 74 114 75 76,110 82 80 118 81 220 108 73 117 116 111 119 109 36 72 55 74 114 75 76,simulation,db4,energy,37,200,200,0
W-CART,W-CART:cart,19,,0.065,0.08,110 82 80 118 81 220 108 73 117 116 111 119 109 36 72 55 74 114 75 76,110 82 80 118 81 220 108 73 117 116 111 119 109 36 72 55 74 114 75 76,simulation,db4,energy,37,200,200,0
ALL,W-QDA:qda,18,,0.04,0.058,110 82 80 118 81 220 108 73 117 116 111 119 109 36 72 55 74 114 75 76,110 82 80 118 81 220 108 73 117 116 111 119 109 36 72 55 74 114 75 76,simulation,db4,energy,37,200,200,0
W-NN,W-NN:k=3,18,1.0,0.08,0.082,79 76 78 80 113 112 77 81 115 75 111 116 114 110 109 82 108 74 117 73,79 76 78 80 113 112 77 81 115 75 111 116 114 110 109 82 108 74 117 73,simulation,db4,usage,37,200,200,0
W-QDA,W-QDA:qda,35,1.0,0.02,0.038,79 76 78 80 113 112 77 81 115 75 111 116 114 110 109 82 108 74 117 73,79 76 78 80 113 112 77 81 115 75 111 116 114 110 109 82 108 74 117 73,simulation,db4,usage,37,200,200,0
W-CART,W-CART:cart,30,1.5,0.06,0.068,79 78 80 111 113 75 76 115 81 110 112 114 116 77 82 74 108 109 117 84,79 76 78 80 113 112 77 81 115 75 111 116 114 110 109 82 108 74 117 73,simulation,db4,usage,37,200,200,0
ALL,W-QDA:qda,35,1.0,0.02,0.038,79 76 78 80 113 112 77 81 115 75 111 116 114 110 109 82 108 74 117 73,79 76 78 80 113 112 77 81 115 75 111 116 114 110 109 82 108 74 117 73,simulation,db4,usage,37,200,200,0
W-NN,W-NN:k=15,20,,0.04,0.082,113 118 88 112 72 79 87 115 75 116 77 78 104 103 114 76 111 36 84 86,113 118 88 112 72 79 87 115 75 116 77 78 104 103 114 76 111 36 84 86,simulation,db4,energy,38,200,200,0
W-QDA,W-QDA:qda,22,,0.02,0.044,113 118 88 112 72 79 87 115 75 116 77 78 104 103 114 76 111 36 84 86,113 118 88 112 72 79 87 115 75 116 77 78 104 103 114 76 111 36 84 86,simulation,db4,energy,38,200,200,0
W-CART,W-CART:cart,52,,0.03,0.068,113 118 88 112 72 79 87 115 75 116 77 78 104 103 114 76 111 36 84 86,113 118 88 112 72 79 87 115 75 116 77 78 104 103 114 76 111 36 84 86,simulation,db4,energy,38,200,200,0
ALL,W-QDA:qda,22,,0.02,0.044,113 118 88 112 72 79 87 115 75 116 77 78 104 103 114 76 111 36 84 86,113 118 88 112 72 79 87 115 75 116 77 78 104 103 114 76 111 36 84 86,simulation,db4,energy,38,200,200,0
W-NN,W-NN:k=5,43,3.0,0.04,0.082,113 115 114 77 112 76 111 116 110 75 78 80 79 117 74 81 82 83 108 73,113 77 112 111 115 76 80 114 78 79 110 116 75 81 82 109 83 84 107 108,simulation,db4,usage,38,200,200,0
W-QDA,W-QDA:qda,39,1.5,0.015,0.036,115 114 112 77 113 80 76 78 111 110 116 75 79 82 83 81 84 109 117 74,113 77 112 111 115 76 80 114 78 79 110 116 75 81 82 109 83 84 107 108,simulation,db4,usage,38,200,200,0
W-CART,W-CART:cart,40,3.0,0.03,0.07,113 115 114 77 112 76 111 116 110 75 78 80 79 117 74 81 82 83 108 73,113 77 112 111 115 76 80 114 78 79 110 116 75 81 82 109 83 84 107 108,simulation,db4,usage,38,200,200,0
ALL,W-QDA:qda,39,1.5,0.015,0.036,115 114 112 77 113 80 76 78 111 110 116 75 79 82 83 81 84 109 117 74,113 77 112 111 115 76 80 114 78 79 110 116 75 81 82 109 83 84 107 108,simulation,db4,usage,38,200,200,0
W-NN,W-NN:k=5,47,,0.025,0.052,109 118 72 115 111 81 110 84 79 82 78 73 80 71 108 114 77 119 54 112,109 118 72 115 111 81 110 84 79 82 78 73 80 71 108 114 77 119 54 112,simulation,db4,energy,39,200,200,0
W-QDA,W-QDA:qda,24,,0.015,0.034,109 118 72 115 111 81 110 84 79 82 78 73 80 71 108 114 77 119 54 112,109 118 72 115 111 81 110 84 79 82 78 73 80 71 108 114 77 119 54 112,simulation,db4,energy,39,200,200,0
W-CART,W-CART:cart,11,,0.055,0.072,109 118 72 115 111 81 110 84 79 82 78 73 80 71 108 114 77 119 54 112,109 118 72 115 111 81 110 84 79 82 78 73 80 71 108 114 77 119 54 112,simulation,db4,energy,39,200,200,0
ALL,W-QDA:qda,24,,0.015,0.034,109 118 72 115 111 81 110 84 79 82 78 73 80 71 108 114 77 119 54 112,109 118 72 115 111 81 110 84 79 82 78 73 80 71 108 114 77 119 54 112,simulation,db4,energy,39,200,200,0
W-NN,W-NN:k=5,39,3.0,0.035,0.058,109 108 110 83 111 78 79 80 107 81 112 85 82 113 105 106 115 77 84 114,82 109 79 80 111 113 81 108 83 110 107 112 78 114 77 84 106 76 75 85,simulation,db4,usage,39,200,200,0
W-QDA,W-QDA:qda,49,2.0,0.02,0.036,110 107 109 82 108 81 83 79 111 80 113 112 76 78 106 85 115 84 105 77,82 109 79 80 111 113 81 108 83 110 107 112 78 114 77 84 106 76 75 85,simulation,db4,usage,39,200,200,0
W-CART,W-CART:cart,42,1.0,0.075,0.062,82 109 79 80 111 113 81 108 83 110 107 112 78 114 77 84 106 76 75 85,82 109 79 80 111 113 81 108 83 110 107 112 78 114 77 84 106 76 75 85,simulation,db4,usage,39,200,200,0
ALL,W-QDA:qda,49,2.0,0.02,0.036,110 107 109 82 108 81 83 79 111 80 113 112 76 78 106 85 115 84 105 77,82 109 79 80 111 113 81 108 83 110 107 112 78 114 77 84 106 76 75 85,simulation,db4,usage,39,200,200,0
W-NN,W-NN:k=15,22,,0.04,0.05,74 116 73 86 75 117 112 105 115 118 106 79 85 114 76 109 107 113 110 104,74 116 73 86 75 117 112 105 115 118 106 79 85 114 76 109 107 113 110 104,simulation,db4,energy,40,200,200,0
W-QDA,W-QDA:qda,33,,0.01,0.03,74 116 73 86 75 117 112 105 115 118 106 79 85 114 76 109 107 113 110 104,74 116 73 86 75 117 112 105 115 118 106 79 85 114 76 109 107 113 110 104,simulation,db4,energy,40,200,200,0
W-CART,W-CART:cart,35,,0.045,0.066,74 116 73 86 75 117 112 105 115 118 106 79 85 114 76 109 107 113 110 104,74 116 73 86 75 117 112 105 115 118 106 79 85 114 76 109 107 113 110 104,simulation,db4,energy,40,200,200,0
ALL,W-QDA:qda,33,,0.01,0.03,74 116 73 86 75 117 112 105 115 118 106 79 85 114 76 109 107 113 110 104,74 116 73 86 75 117 112 105 115 118 106 79 85 114 76 109 107 113 110 104,simulation,db4,energy,40,200,200,0
W-NN,W-NN:k=5,24,1.0,0.03,0.058,77 114 75 112 116 76 110 115 78 111 113 117 80 81 109 108 79 74 73 83,77 114 75 112 116 76 110 115 78 111 113 117 80 81 109 108 79 74 73 83,simulation,db4,usage,40,200,200,0
W-QDA,W-QDA:qda,25,0.5,0.01,0.034,112 111 79 114 76 115 80 77 78 75 110 113 81 116 108 83 109 82 117 74,77 114 75 112 116 76 110 115 78 111 113 117 80 81 109 108 79 74 73 83,simulation,db4,usage,40,200,200,0
W-CART,W-CART:cart,40,3.0,0.04,0.064,75 116 113 74 111 115 73 114 77 112 117 72 76 80 81 79 109 110 118 78,77 114 75 112 116 76 110 115 78 111 113 117 80 81 109 108 79 74 73 83,simulation,db4,usage,40,200,200,0
ALL,W-QDA:qda,25,0.5,0.01,0.034,112 111 79 114 76 115 80 77 78 75 110 113 81 116 108 83 109 82 117 74,77 114 75 112 116 76 110 115 78 111 113 117 80 81 109 108 79 74 73 83,simulation,db4,usage,40,200,200,0
W-NN,W-NN:k=9,50,,0.05,0.098,87 104 103 105 111 77 112 116 88 75 79 71 85 113 86 118 106 78 107 110,87 104 103 105 111 77 112 116 88 75 79 71 85 113 86 118 106 78 107 110,simulation,db4,energy,41,200,200,0
W-QDA,W-QDA:qda,30,,0.01,0.028,87 104 103 105 111 77 112 116 88 75 79 71 85 113 86 118 106 78 107 110,87 104 103 105 111 77 112 116 88 75 79 71 85 113 86 118 106 78 107 110,simulation,db4,energy,41,200,200,0
W-CART,W-CART:cart,29,,0.035,0.066,87 104 103 105 111 77 112 116 88 75 79 71 85 113 86 118 106 78 107 110,87 104 103 105 111 77 112 116 88 75 79 71 85 113 86 118 106 78 107 110,simulation,db4,energy,41,200,200,0
ALL,W-QDA:qda,30,,0.01,0.028,87 104 103 105 111 77 112 116 88 75 79 71 85 113 86 118 106 78 107 110,87 104 103 105 111 77 112 116 88 75 79 71 85 113 86 118 106 78 107 110,simulation,db4,energy,41,200,200,0
W-NN,W-NN:k=5,12,3.0,0.015,0.068,77 82 105 107 114 76 113 116 110 81 83 108 112 85 87 104 78 106 115 84,110 113 77 78 111 83 112 106 84 107 109 76 108 81 82 114 85 80 105 79,simulation,db4,usage,41,200,200,0
W-QDA,W-QDA:qda,31,3.0,0.01,0.034,77 82 105 107 114 76 113 116 110 81 83 108 112 85 87 104 78 106 115 84,110 113 77 78 111 83 112 106 84 107 109 76 108 81 82 114 85 80 105 79,simulation,db4,usage,41,200,200,0
W-CART,W-CART:cart,64,2.0,0.04,0.074,77 107 108 113 76 83 112 114 116 82 85 106 105 78 111 104 110 115 80 81,110 113 77 78 111 83 112 106 84 107 109 76 108 81 82 114 85 80 105 79,simulation,db4,usage,41,200,200,0
ALL,W-QDA:qda,31,3.0,0.01,0.034,77 82 105 107 114 76 113 116 110 81 83 108 112 85 87 104 78 106 115 84,110 113 77 78 111 83 112 106 84 107 109 76 108 81 82 114 85 80 105 79,simulation,db4,usage,41,200,200,0
W-NN,W-NN:k=5,3,,0.05,0.062,71 84 74 79 119 113 118 117 73 143 106 78 111 72 105 86 107 235 77 82,71 84 74 79 119 113 118 117 73 143 106 78 111 72 105 86 107 235 77 82,simulation,db4,energy,42,200,200,0
W-QDA,W-QDA:qda,46,,0.01,0.024,71 84 74 79 119 113 118 117 73 143 106 78 111 72 105 86 107 235 77 82,71 84 74 79 119 113 118 117 73 143 106 78 111 72 105 86 107 235 77 82,simulation,db4,energy,42,200,200,0
W-CART,W-CART:cart,42,,0.06,0.102,71 84 74 79 119 113 118 117 73 143 106 78 111 72 105 86 107 235 77 82,71 84 74 79 119 113 118 117 73 143 106 78 111 72 105 86 107 235 77 82,simulation,db4,energy,42,200,200,0
ALL,W-QDA:qda,46,,0.01,0.024,71 84 74 79 119 113 118 117 73 143 106 78 111 72 105 86 107 235 77 82,71 84 74 79 119 113 118 117 73 143 106 78 111 72 105 86 107 235 77 82,simulation,db4,energy,42,200,200,0
W-NN,W-NN:k=1,23,1.0,0.045,0.056,112 113 77 110 79 111 80 114 78 81 76 109 116 82 75 108 115 74 84 83,112 113 77 110 79 111 80 114 78 81 76 109 116 82 75 108 115 74 84 83,simulation,db4,usage,42,200,200,0
W-QDA,W-QDA:qda,27,3.0,0.005,0.022,77 113 112 78 111 110 114 115 79 81 80 76 82 109 116 75 84 74 108 117,112 113 77 110 79 111 80 114 78 81 76 109 116 82 75 108 115 74 84 83,simulation,db4,usage,42,200,200,0
W-CART,W-CART:cart,32,2.0,0.06,0.084,113 112 77 78 110 111 79 114 81 82 115 75 116 74 80 84 76 117 109 107,112 113 77 110 79 111 80 114 78 81 76 109 116 82 75 108 115 74 84 83,simulation,db4,usage,42,200,200,0
ALL,W-QDA:qda,27,3.0,0.005,0.022,77 113 112 78 111 110 114 115 79 81 80 76 82 109 116 75 84 74 108 117,112 113 77 110 79 111 80 114 78 81 76 109 116 82 75 108 115 74 84 83,simulation,db4,usage,42,200,200,0
W-NN,W-NN:k=9,19,,0.05,0.052,82 81 113 84 79 109 106 78 76 104 112 116 115 77 83 103 118 111 59 85,82 81 113 84 79 109 106 78 76 104 112 116 115 77 83 103 118 111 59 85,simulation,db4,energy,43,200,200,0
W-QDA,W-QDA:qda,64,,0.015,0.022,82 81 113 84 79 109 106 78 76 104 112 116 115 77 83 103 118 111 59 85,82 81 113 84 79 109 106 78 76 104 112 116 115 77 83 103 118 111 59 85,simulation,db4,energy,43,200,200,0
W-CART,W-CART:cart,17,,0.07,0.09,82 81 113 84 79 109 106 78 76 104 112 116 115 77 83 103 118 111 59 85,82 81 113 84 79 109 106 78 76 104 112 116 115 77 83 103 118 111 59 85,simulation,db4,energy,43,200,200,0
ALL,W-QDA:qda,64,,0.015,0.022,82 81 113 84 79 109 106 78 76 104 112 116 115 77 83 103 118 111 59 85,82 81 113 84 79 109 106 78 76 104 112 116 115 77 83 103 118 111 59 85,simulation,db4,energy,43,200,200,0
W-NN,W-NN:k=3,24,0.5,0.025,0.052,80 79 112 111 81 78 113 109 108 76 77 82 110 115 114 83 84 116 74 107,79 112 113 78 80 108 77 109 82 111 76 114 110 81 115 83 84 116 75 107,simulation,db4,usage,43,200,200,0
W-QDA,W-QDA:qda,58,3.0,0.015,0.02,82 79 81 111 76 112 78 77 109 113 80 83 108 110 114 75 106 84 85 105,79 112 113 78 80 108 77 109 82 111 76 114 110 81 115 83 84 116 75 107,simulation,db4,usage,43,200,200,0
W-CART,W-CART:cart,21,3.0,0.07,0.058,82 79 81 111 76 112 78 77 109 113 80 83 108 110 114 75 106 84 85 105,79 112 113 78 80 108 77 109 82 111 76 114 110 81 115 83 84 116 75 107,simulation,db4,usage,43,200,200,0
ALL,W-QDA:qda,58,3.0,0.015,0.02,82 79 81 111 76 112 78 77 109 113 80 83 108 110 114 75 106 84 85 105,79 112 113 78 80 108 77 109 82 111 76 114 110 81 115 83 84 116 75 107,simulation,db4,usage,43,200,200,0
W-NN,W-NN:k=15,50,,0.03,0.078,104 87 86 110 103 80 107 105 43 75 116 85 111 113 83 77 84 81 89 208,104 87 86 110 103 80 107 105 43 75 116 85 111 113 83 77 84 81 89 208,simulation,db4,energy,44,200,200,0
W-QDA,W-QDA:qda,41,,0.01,0.024,104 87 86 110 103 80 107 105 43 75 116 85 111 113 83 77 84 81 89 208,104 87 86 110 103 80 107 105 43 75 116 85 111 113 83 77 84 81 89 208,simulation,db4,energy,44,200,200,0
W-CART,W-CART:cart,44,,0.055,0.094,104 87 86 110 103 80 107 105 43 75 116 85 111 113 83 77 84 81 89 208,104 87 86 110 103 80 107 105 43 75 116 85 111 113 83 77 84 81 89 208,simulation,db4,energy,44,200,200,0
ALL,W-QDA:qda,41,,0.01,0.024,104 87 86 110 103 80 107 105 43 75 116 85 111 113 83 77 84 81 89 208,104 87 86 110 103 80 107 105 43 75 116 85 111 113 83 77 84 81 89 208,simulation,db4,energy,44,200,200,0
W-NN,W-NN:k=9,59,2.0,0.04,0.08,114 108 76 112 113 75 80 78 82 84 107 77 109 110 116 79 115 81 111 74,112 77 76 114 79 80 82 111 115 108 113 75 81 110 116 83 84 109 78 107,simulation,db4,usage,44,200,200,0
W-QDA,W-QDA:qda,42,3.0,0.01,0.028,76 113 108 112 79 75 109 85 78 84 110 114 116 80 77 81 115 107 83 82,112 77 76 114 79 80 82 111 115 108 113 75 81 110 116 83 84 109 78 107,simulation,db4,usage,44,200,200,0
W-CART,W-CART:cart,36,3.0,0.045,0.082,76 113 108 112 79 75 109 85 78 84 110 114 116 80 77 81 115 107 83 82,112 77 76 114 79 80 82 111 115 108 113 75 81 110 116 83 84 109 78 107,simulation,db4,usage,44,200,200,0
ALL,W-QDA:qda,42,3.0,0.01,0.028,76 113 108 112 79 75 109 85 78 84 110 114 116 80 77 81 115 107 83 82,112 77 76 114 79 80 82 111 115 108 113 75 81 110 116 83 84 109 78 107,simulation,db4,usage,44,200,200,0
W-NN,W-NN:k=3,4,,0.07,0.094,119 74 117 116 75 118 72 73 76 78 111 112 115 114 82 79 71 110 107 113,119 74 117 116 75 118 72 73 76 78 111 112 115 114 82 79 71 110 107 113,simulation,db4,energy,45,200,200,0
W-QDA,W-QDA:qda,31,,0.04,0.036,119 74 117 116 75 118 72 73 76 78 111 112 115 114 82 79 71 110 107 113,119 74 117 116 75 118 72 73 76 78 111 112 115 114 82 79 71 110 107 113,simulation,db4,energy,45,200,200,0
W-CART,W-CART:cart,34,,0.07,0.098,119 74 117 116 75 118 72 73 76 78 111 112 115 114 82 79 71 110 107 113,119 74 117 116 75 118 72 73 76 78 111 112 115 114 82 79 71 110 107 113,simulation,db4,energy,45,200,200,0
ALL,W-QDA:qda,31,,0.04,0.036,119 74 117 116 75 118 72 73 76 78 111 112 115 114 82 79 71 110 107 113,119 74 117 116 75 118 72 73 76 78 111 112 115 114 82 79 71 110 107 113,simulation,db4,energy,45,200,200,0
W-NN,W-NN:k=7,37,3.0,0.055,0.062,76 74 118 73 75 78 117 116 114 77 112 111 115 113 83 79 72 80 84 107,78 76 77 75 113 116 79 112 114 115 111 80 74 81 110 73 117 109 108 118,simulation,db4,usage,45,200,200,0
W-QDA,W-QDA:qda,28,1.5,0.035,0.03,116 78 76 75 111 112 113 114 74 77 115 117 73 79 80 81 118 83 110 72,78 76 77 75 113 116 79 112 114 115 111 80 74 81 110 73 117 109 108 118,simulation,db4,usage,45,200,200,0
W-CART,W-CART:cart,23,0.5,0.085,0.11,78 76 111 77 75 80 112 81 79 113 110 114 115 116 109 74 82 83 108 73,78 76 77 75 113 116 79 112 114 115 111 80 74 81 110 73 117 109 108 118,simulation,db4,usage,45,200,200,0
ALL,W-QDA:qda,28,1.5,0.035,0.03,116 78 76 75 111 112 113 114 74 77 115 117 73 79 80 81 118 83 110 72,78 76 77 75 113 116 79 112 114 115 111 80 74 81 110 73 117 109 108 118,simulation,db4,usage,45,200,200,0
W-NN,W-NN:k=5,53,,0.055,0.074,112 79 73 72 39 111 118 75 74 115 113 116 81 117 114 77 76 71 78 56,112 79 73 72 39 111 118 75 74 115 113 116 81 117 114 77 76 71 78 56,simulation,db4,energy,46,200,200,0
W-QDA,W-QDA:qda,53,,0.03,0.03,112 79 73 72 39 111 118 75 74 115 113 116 81 117 114 77 76 71 78 56,112 79 73 72 39 111 118 75 74 115 113 116 81 117 114 77 76 71 78 56,simulation,db4,energy,46,200,200,0
W-CART,W-CART:cart,13,,0.085,0.098,112 79 73 72 39 111 118 75 74 115 113 116 81 117 114 77 76 71 78 56,112 79 73 72 39 111 118 75 74 115 113 116 81 117 114 77 76 71 78 56,simulation,db4,energy,46,200,200,0
ALL,W-QDA:qda,53,,0.03,0.03,112 79 73 72 39 111 118 75 74 115 113 116 81 117 114 77 76 71 78 56,112 79 73 72 39 111 118 75 74 115 113 116 81 117 114 77 76 71 78 56,simulation,db4,energy,46,200,200,0
W-NN,W-NN:k=7,50,3.0,0.045,0.088,79 111 114 82 112 81 75 78 115 80 109 74 110 113 83 117 76 77 84 116,79 78 111 80 112 81 110 113 114 77 115 116 76 83 108 82 109 74 75 117,simulation,db4,usage,46,200,200,0
W-QDA,W-QDA:qda,46,3.0,0.02,0.024,79 111 114 82 112 81 75 78 115 80 109 74 110 113 83 117 76 77 84 116,79 78 111 80 112 81 110 113 114 77 115 116 76 83 108 82 109 74 75 117,simulation,db4,usage,46,200,200,0
W-CART,W-CART:cart,62,0.5,0.065,0.112,78 111 79 113 80 81 114 112 110 77 115 109 76 75 82 116 108 83 84 74,79 78 111 80 112 81 110 113 114 77 115 116 76 83 108 82 109 74 75 117,simulation,db4,usage,46,200,200,0
ALL,W-QDA:qda,46,3.0,0.02,0.024,79 111 114 82 112 81 75 78 115 80 109 74 110 113 83 117 76 77 84 116,79 78 111 80 112 81 110 113 114 77 115 116 76 83 108 82 109 74 75 117,simulation,db4,usage,46,200,200,0
W-NN,W-NN:k=7,48,,0.055,0.074,111 80 118 147 72 85 79 78 117 75 73 106 77 114 84 115 119 74 113 107,111 80 118 147 72 85 79 78 117 75 73 106 77 114 84 115 119 74 113 107,simulation,db4,energy,47,200,200,0
W-QDA,W-QDA:qda,15,,0.015,0.03,111 80 118 147 72 85 79 78 117 75 73 106 77 114 84 115 119 74 113 107,111 80 118 147 72 85 79 78 117 75 73 106 77 114 84 115 119 74 113 107,simulation,db4,energy,47,200,200,0
W-CART,W-CART:cart,42,,0.09,0.094,111 80 118 147 72 85 79 78 117 75 73 106 77 114 84 115 119 74 113 107,111 80 118 147 72 85 79 78 117 75 73 106 77 114 84 115 119 74 113 107,simulation,db4,energy,47,200,200,0
ALL,W-QDA:qda,15,,0.015,0.03,111 80 118 147 72 85 79 78 117 75 73 106 77 114 84 115 119 74 113 107,111 80 118 147 72 85 79 78 117 75 73 106 77 114 84 115 119 74 113 107,simulation,db4,energy,47,200,200,0
W-NN,W-NN:k=9,38,3.0,0.045,0.076,82 113 79 112 78 115 76 114 80 111 81 75 83 110 116 84 107 74 117 77,78 112 115 110 111 80 81 79 82 107 113 114 109 75 76 108 83 116 77 74,simulation,db4,usage,47,200,200,0
W-QDA,W-QDA:qda,26,1.0,0.02,0.028,78 112 115 110 111 80 81 79 82 107 113 114 109 75 76 108 83 116 77 74,78 112 115 110 111 80 81 79 82 107 113 114 109 75 76 108 83 116 77 74,simulation,db4,usage,47,200,200,0
W-CART,W-CART:cart,22,3.0,0.08,0.086,82 113 79 112 78 115 76 114 80 111 81 75 83 110 116 84 107 74 117 77,78 112 115 110 111 80 81 79 82 107 113 114 109 75 76 108 83 116 77 74,simulation,db4,usage,47,200,200,0
ALL,W-QDA:qda,26,1.0,0.02,0.028,78 112 115 110 111 80 81 79 82 107 113 114 109 75 76 108 83 116 77 74,78 112 115 110 111 80 81 79 82 107 113 114 109 75 76 108 83 116 77 74,simulation,db4,usage,47,200,200,0
W-NN,W-NN:k=9,11,,0.045,0.1,114 112 110 79 241 80 77 113 111 84 116 70 78 86 119 87 81 71 74 76,114 112 110 79 241 80 77 113 111 84 116 70 78 86 119 87 81 71 74 76,simulation,db4,energy,48,200,200,0
W-QDA,W-QDA:qda,60,,0.01,0.016,114 112 110 79 241 80 77 113 111 84 116 70 78 86 119 87 81 71 74 76,114 112 110 79 241 80 77 113 111 84 116 70 78 86 119 87 81 71 74 76,simulation,db4,energy,48,200,200,0
W-CART,W-CART:cart,30,,0.06,0.09,114 112 110 79 241 80 77 113 111 84 116 70 78 86 119 87 81 71 74 76,114 112 110 79 241 80 77 113 111 84 116 70 78 86 119 87 81 71 74 76,simulation,db4,energy,48,200,200,0
ALL,W-QDA:qda,60,,0.01,0.016,114 112 110 79 241 80 77 113 111 84 116 70 78 86 119 87 81 71 74 76,114 112 110 79 241 80 77 113 111 84 116 70 78 86 119 87 81 71 74 76,simulation,db4,energy,48,200,200,0
W-NN,W-NN:k=5,62,3.0,0.03,0.058,80 113 85 79 107 112 108 110 81 86 75 106 114 76 74 111 83 84 105 109,80 113 110 111 114 76 79 82 109 77 112 78 75 81 83 108 107 115 84 106,simulation,db4,usage,48,200,200,0
W-QDA,W-QDA:qda,52,1.0,0.01,0.018,80 113 110 111 114 76 79 82 109 77 112 78 75 81 83 108 107 115 84 106,80 113 110 111 114 76 79 82 109 77 112 78 75 81 83 108 107 115 84 106,simulation,db4,usage,48,200,200,0
W-CART,W-CART:cart,16,3.0,0.055,0.084,80 113 85 79 107 112 108 110 81 86 75 106 114 76 74 111 83 84 105 109,80 113 110 111 114 76 79 82 109 77 112 78 75 81 83 108 107 115 84 106,simulation,db4,usage,48,200,200,0
ALL,W-QDA:qda,52,1.0,0.01,0.018,80 113 110 111 114 76 79 82 109 77 112 78 75 81 83 108 107 115 84 106,80 113 110 111 114 76 79 82 109 77 112 78 75 81 83 108 107 115 84 106,simulation,db4,usage,48,200,200,0
W-NN,W-NN:k=9,49,,0.025,0.062,110 119 72 80 40 86 111 107 113 85 105 114 84 106 120 118 79 77 81 78,110 119 72 80 40 86 111 107 113 85 105 114 84 106 120 118 79 77 81 78,simulation,db4,energy,49,200,200,0
W-QDA,W-QDA:qda,44,,0.01,0.022,110 119 72 80 40 86 111 107 113 85 105 114 84 106 120 118 79 77 81 78,110 119 72 80 40 86 111 107 113 85 105 114 84 106 120 118 79 77 81 78,simulation,db4,energy,49,200,200,0
W-CART,W-CART:cart,33,,0.045,0.086,110 119 72 80 40 86 111 107 113 85 105 114 84 106 120 118 79 77 81 78,110 119 72 80 40 86 111 107 113 85 105 114 84 106 120 118 79 77 81 78,simulation,db4,energy,49,200,200,0
ALL,W-QDA:qda,44,,0.01,0.022,110 119 72 80 40 86 111 107 113 85 105 114 84 106 120 118 79 77 81 78,110 119 72 80 40 86 111 107 113 85 105 114 84 106 120 118 79 77 81 78,simulation,db4,energy,49,200,200,0
W-NN,W-NN:k=7,28,3.0,0.02,0.06,107 108 82 83 116 85 79 84 80 106 115 75 105 110 111 117 113 114 81 109,111 79 80 78 81 109 110 82 112 115 83 107 113 84 108 76 85 114 75 77,simulation,db4,usage,49,200,200,0
W-QDA,W-QDA:qda,33,3.0,0.005,0.024,107 108 82 83 116 85 79 84 80 106 115 75 105 110 111 117 113 114 81 109,111 79 80 78 81 109 110 82 112 115 83 107 113 84 108 76 85 114 75 77,simulation,db4,usage,49,200,200,0
W-CART,W-CART:cart,24,1.5,0.06,0.086,79 78 82 112 109 84 107 108 80 113 83 81 85 111 115 110 114 76 75 116,111 79 80 78 81 109 110 82 112 115 83 107 113 84 108 76 85 114 75 77,simulation,db4,usage,49,200,200,0
ALL,W-QDA:qda,33,3.0,0.005,0.024,107 108 82 83 116 85 79 84 80 106 115 75 105 110 111 117 113 114 81 109,111 79 80 78 81 109 110 82 112 115 83 107 113 84 108 76 85 114 75 77,simulation,db4,usage,49,200,200,0
W-NN,W-NN:k=5,16,,0.06,0.102,104 83 77 110 112 78 114 81 113 109 87 80 107 111 118 74 86 117 85 79,104 83 77 110 112 78 114 81 113 109 87 80 107 111 118 74 86 117 85 79,simulation,db4,energy,50,200,200,0
W-QDA,W-QDA:qda,31,,0.005,0.016,104 83 77 110 112 78 114 81 113 109 87 80 107 111 118 74 86 117 85 79,104 83 77 110 112 78 114 81 113 109 87 80 107 111 118 74 86 117 85 79,simulation,db4,energy,50,200,200,0
W-CART,W-CART:cart,13,,0.075,0.072,104 83 77 110 112 78 114 81 113 109 87 80 107 111 118 74 86 117 85 79,104 83 77 110 112 78 114 81 113 109 87 80 107 111 118 74 86 117 85 79,simulation,db4,energy,50,200,200,0
ALL,W-QDA:qda,31,,0.005,0.016,104 83 77 110 112 78 114 81 113 109 87 80 107 111 118 74 86 117 85 79,104 83 77 110 112 78 114 81 113 109 87 80 107 111 118 74 86 117 85 79,simulation,db4,energy,50,200,200,0
W-NN,W-NN:k=9,26,2.0,0.04,0.064,79 78 112 80 113 111 77 114 115 110 76 116 81 75 109 108 83 82 84 106,111 78 113 109 79 80 112 81 114 110 115 77 76 108 75 83 116 107 84 82,simulation,db4,usage,50,200,200,0
W-QDA,W-QDA:qda,33,1.0,0.005,0.018,111 78 113 109 79 80 112 81 114 110 115 77 76 108 75 83 116 107 84 82,111 78 113 109 79 80 112 81 114 110 115 77 76 108 75 83 116 107 84 82,simulation,db4,usage,50,200,200,0
W-CART,W-CART:cart,19,3.0,0.1,0.088,113 112 78 79 77 80 116 110 111 115 75 76 81 109 114 117 106 82 85 118,111 78 113 109 79 80 112 81 114 110 115 77 76 108 75 83 116 107 84 82,simulation,db4,usage,50,200,200,0
ALL,W-QDA:qda,33,1.0,0.005,0.018,111 78 113 109 79 80 112 81 114 110 115 77 76 108 75 83 116 107 84 82,111 78 113 109 79 80 112 81 114 110 115 77 76 108 75 83 116 107 84 82,simulation,db4,usage,50,200,200,0
W-NN,W-NN:k=7,39,,0.04,0.096,76 110 74 85 114 84 105 112 75 79 111 106 82 80 81 116 78 108 83 77,76 110 74 85 114 84 105 112 75 79 111 106 82 80 81 116 78 108 83 77,simulation,db4,energy,51,200,200,0
W-QDA,W-QDA:qda,48,,0.01,0.022,76 110 74 85 114 84 105 112 75 79 111 106 82 80 81 116 78 108 83 77,76 110 74 85 114 84 105 112 75 79 111 106 82 80 81 116 78 108 83 77,simulation,db4,energy,51,200,200,0
W-CART,W-CART:cart,6,,0.085,0.096,76 110 74 85 114 84 105 112 75 79 111 106 82 80 81 116 78 108 83 77,76 110 74 85 114 84 105 112 75 79 111 106 82 80 81 116 78 108 83 77,simulation,db4,energy,51,200,200,0
ALL,W-QDA:qda,48,,0.01,0.022,76 110 74 85 114 84 105 112 75 79 111 106 82 80 81 116 78 108 83 77,76 110 74 85 114 84 105 112 75 79 111 106 82 80 81 116 78 108 83 77,simulation,db4,energy,51,200,200,0
W-NN,W-NN:k=5,26,2.0,0.025,0.07,80 76 75 114 115 74 77 82 110 83 85 116 81 84 112 113 106 108 109 79,115 112 80 77 110 113 76 78 75 79 111 114 82 116 81 83 74 109 84 85,simulation,db4,usage,51,200,200,0
W-QDA,W-QDA:qda,36,1.0,0.015,0.016,115 112 80 77 110 113 76 78 75 79 111 114 82 116 81 83 74 109 84 85,115 112 80 77 110 113 76 78 75 79 111 114 82 116 81 83 74 109 84 85,simulation,db4,usage,51,200,200,0
W-CART,W-CART:cart,15,3.0,0.055,0.088,74 80 109 78 106 75 73 82 108 76 85 112 77 81 115 116 83 113 114 84,115 112 80 77 110 113 76 78 75 79 111 114 82 116 81 83 74 109 84 85,simulation,db4,usage,51,200,200,0
ALL,W-QDA:qda,36,1.0,0.015,0.016,115 112 80 77 110 113 76 78 75 79 111 114 82 116 81 83 74 109 84 85,115 112 80 77 110 113 76 78 75 79 111 114 82 116 81 83 74 109 84 85,simulation,db4,usage,51,200,200,0
W-NN,W-NN:k=9,44,,0.04,0.086,119 118 75 80 111 117 84 81 74 110 79 145 83 76 109 231 112 107 82 116,119 118 75 80 111 117 84 81 74 110 79 145 83 76 109 231 112 107 82 116,simulation,db4,energy,52,200,200,0
W-QDA,W-QDA:qda,54,,0.025,0.03,119 118 75 80 111 117 84 81 74 110 79 145 83 76 109 231 112 107 82 116,119 118 75 80 111 117 84 81 74 110 79 145 83 76 109 231 112 107 82 116,simulation,db4,energy,52,200,200,0
W-CART,W-CART:cart,22,,0.07,0.09,119 118 75 80 111 117 84 81 74 110 79 145 83 76 109 231 112 107 82 116,119 118 75 80 111 117 84 81 74 110 79 145 83 76 109 231 112 107 82 116,simulation,db4,energy,52,200,200,0
ALL,W-QDA:qda,54,,0.025,0.03,119 118 75 80 111 117 84 81 74 110 79 145 83 76 109 231 112 107 82 116,119 118 75 80 111 117 84 81 74 110 79 145 83 76 109 231 112 107 82 116,simulation,db4,energy,52,200,200,0
W-NN,W-NN:k=5,30,3.0,0.025,0.078,84 83 106 108 81 82 109 110 85 86 118 80 107 119 112 79 113 115 117 116,109 83 113 79 81 82 112 107 108 114 110 78 80 111 115 76 106 84 75 77,simulation,db4,usage,52,200,200,0
W-QDA,W-QDA:qda,47,3.0,0.03,0.024,84 83 106 108 81 82 109 110 85 86 118 80 107 119 112 79 113 115 117 116,109 83 113 79 81 82 112 107 108 114 110 78 80 111 115 76 106 84 75 77,simulation,db4,usage,52,200,200,0
W-CART,W-CART:cart,24,1.5,0.06,0.078,83 109 108 81 79 82 84 113 110 107 80 106 112 114 76 75 115 77 78 118,109 83 113 79 81 82 112 107 108 114 110 78 80 111 115 76 106 84 75 77,simulation,db4,usage,52,200,200,0
ALL,W-NN:k=5,30,3.0,0.025,0.078,84 83 106 108 81 82 109 110 85 86 118 80 107 119 112 79 113 115 117 116,109 83 113 79 81 82 112 107 108 114 110 78 80 111 115 76 106 84 75 77,simulation,db4,usage,52,200,200,0
W-NN,W-NN:k=5,33,,0.06,0.046,79 110 77 112 114 108 117 82 111 84 107 115 81 80 106 78 116 83 109 74,79 110 77 112 114 108 117 82 111 84 107 115 81 80 106 78 116 83 109 74,simulation,db4,energy,53,200,200,0
W-QDA,W-QDA:qda,30,,0.02,0.024,79 110 77 112 114 108 117 82 111 84 107 115 81 80 106 78 116 83 109 74,79 110 77 112 114 108 117 82 111 84 107 115 81 80 106 78 116 83 109 74,simulation,db4,energy,53,200,200,0
W-CART,W-CART:cart,13,,0.085,0.108,79 110 77 112 114 108 117 82 111 84 107 115 81 80 106 78 116 83 109 74,79 110 77 112 114 108 117 82 111 84 107 115 81 80 106 78 116 83 109 74,simulation,db4,energy,53,200,200,0
ALL,W-QDA:qda,30,,0.02,0.024,79 110 77 112 114 108 117 82 111 84 107 115 81 80 106 78 116 83 109 74,79 110 77 112 114 108 117 82 111 84 107 115 81 80 106 78 116 83 109 74,simulation,db4,energy,53,200,200,0
W-NN,W-NN:k=5,29,1.5,0.05,0.048,80 112 79 110 108 109 111 78 113 81 82 77 114 115 76 83 84 116 117 107,112 81 110 79 111 80 78 113 109 77 108 82 114 115 76 83 75 116 84 107,simulation,db4,usage,53,200,200,0
W-QDA,W-QDA:qda,26,1.0,0.02,0.024,112 81 110 79 111 80 78 113 109 77 108 82 114 115 76 83 75 116 84 107,112 81 110 79 111 80 78 113 109 77 108 82 114 115 76 83 75 116 84 107,simulation,db4,usage,53,200,200,0
W-CART,W-CART:cart,34,0.5,0.07,0.08,81 112 113 79 111 78 77 80 82 114 115 109 110 108 83 76 75 116 84 117,112 81 110 79 111 80 78 113 109 77 108 82 114 115 76 83 75 116 84 107,simulation,db4,usage,53,200,200,0
ALL,W-QDA:qda,26,1.0,0.02,0.024,112 81 110 79 111 80 78 113 109 77 108 82 114 115 76 83 75 116 84 107,112 81 110 79 111 80 78 113 109 77 108 82 114 115 76 83 75 116 84 107,simulation,db4,usage,53,200,200,0
W-NN,W-NN:k=9,45,,0.035,0.054,105 82 108 76 115 84 117 75 81 86 85 73 118 106 114 80 83 104 116 78,105 82 108 76 115 84 117 75 81 86 85 73 118 106 114 80 83 104 116 78,simulation,db4,energy,54,200,200,0
W-QDA,W-QDA:qda,27,,0.015,0.022,105 82 108 76 115 84 117 75 81 86 85 73 118 106 114 80 83 104 116 78,105 82 108 76 115 84 117 75 81 86 85 73 118 106 114 80 83 104 116 78,simulation,db4,energy,54,200,200,0
W-CART,W-CART:cart,11,,0.065,0.084,105 82 108 76 115 84 117 75 81 86 85 73 118 106 114 80 83 104 116 78,105 82 108 76 115 84 117 75 81 86 85 73 118 106 114 80 83 104 116 78,simulation,db4,energy,54,200,200,0
ALL,W-QDA:qda,27,,0.015,0.022,105 82 108 76 115 84 117 75 81 86 85 73 118 106 114 80 83 104 116 78,105 82 108 76 115 84 117 75 81 86 85 73 118 106 114 80 83 104 116 78,simulation,db4,energy,54,200,200,0
W-NN,W-NN:k=9,33,1.0,0.03,0.056,80 82 113 81 114 111 112 77 78 108 115 76 84 109 79 110 106 107 75 83,80 82 113 81 114 111 112 77 78 108 115 76 84 109 79 110 106 107 75 83,simulation,db4,usage,54,200,200,0
W-QDA,W-QDA:qda,33,1.0,0.01,0.022,80 82 113 81 114 111 112 77 78 108 115 76 84 109 79 110 106 107 75 83,80 82 113 81 114 111 112 77 78 108 115 76 84 109 79 110 106 107 75 83,simulation,db4,usage,54,200,200,0
W-CART,W-CART:cart,37,1.0,0.06,0.084,80 82 113 81 114 111 112 77 78 108 115 76 84 109 79 110 106 107 75 83,80 82 113 81 114 111 112 77 78 108 115 76 84 109 79 110 106 107 75 83,simulation,db4,usage,54,200,200,0
ALL,W-QDA:qda,33,1.0,0.01,0.022,80 82 113 81 114 111 112 77 78 108 115 76 84 109 79 110 106 107 75 83,80 82 113 81 114 111 112 77 78 108 115 76 84 109 79 110 106 107 75 83,simulation,db4,usage,54,200,200,0
W-NN,W-NN:k=9,19,,0.04,0.064,79 112 111 104 86 81 118 84 52 53 80 119 73 110 82 78 72 41 115 85,79 112 111 104 86 81 118 84 52 53 80 119 73 110 82 78 72 41 115 85,simulation,db4,energy,55,200,200,0
W-QDA,W-QDA:qda,31,,0.02,0.02,79 112 111 104 86 81 118 84 52 53 80 119 73 110 82 78 72 41 115 85,79 112 111 104 86 81 118 84 52 53 80 119 73 110 82 78 72 41 115 85,simulation,db4,energy,55,200,200,0
W-CART,W-CART:cart,41,,0.07,0.082,79 112 111 104 86 81 118 84 52 53 80 119 73 110 82 78 72 41 115 85,79 112 111 104 86 81 118 84 52 53 80 119 73 110 82 78 72 41 115 85,simulation,db4,energy,55,200,200,0
ALL,W-QDA:qda,31,,0.02,0.02,79 112 111 104 86 81 118 84 52 53 80 119 73 110 82 78 72 41 115 85,79 112 111 104 86 81 118 84 52 53 80 119 73 110 82 78 72 41 115 85,simulation,db4,energy,55,200,200,0
W-NN,W-NN:k=3,22,0.5,0.055,0.084,78 77 112 114 80 111 113 79 110 81 76 82 75 83 109 115 116 117 84 74,77 113 78 79 114 81 80 75 112 116 82 115 111 76 83 110 84 109 74 85,simulation,db4,usage,55,200,200,0
W-QDA,W-QDA:qda,39,2.0,0.01,0.032,116 75 78 77 113 79 80 83 114 117 82 112 74 81 118 111 115 76 107 73,77 113 78 79 114 81 80 75 112 116 82 115 111 76 83 110 84 109 74 85,simulation,db4,usage,55,200,200,0
W-CART,W-CART:cart,15,3.0,0.065,0.084,118 116 75 74 114 117 73 76 78 79 112 82 80 83 111 115 72 84 113 81,77 113 78 79 114 81 80 75 112 116 82 115 111 76 83 110 84 109 74 85,simulation,db4,usage,55,200,200,0
ALL,W-QDA:qda,39,2.0,0.01,0.032,116 75 78 77 113 79 80 83 114 117 82 112 74 81 118 111 115 76 107 73,77 113 78 79 114 81 80 75 112 116 82 115 111 76 83 110 84 109 74 85,simulation,db4,usage,55,200,200,0
W-NN,W-NN:k=5,49,,0.04,0.092,78 116 77 73 81 115 113 71 112 114 38 85 110 74 83 82 107 117 79 88,78 116 77 73 81 115 113 71 112 114 38 85 110 74 83 82 107 117 79 88,simulation,db4,energy,56,200,200,0
W-QDA,W-QDA:qda,16,,0.01,0.03,78 116 77 73 81 115 113 71 112 114 38 85 110 74 83 82 107 117 79 88,78 116 77 73 81 115 113 71 112 114 38 85 110 74 83 82 107 117 79 88,simulation,db4,energy,56,200,200,0
W-CART,W-CART:cart,12,,0.05,0.068,78 116 77 73 81 115 113 71 112 114 38 85 110 74 83 82 107 117 79 88,78 116 77 73 81 115 113 71 112 114 38 85 110 74 83 82 107 117 79 88,simulation,db4,energy,56,200,200,0
ALL,W-QDA:qda,16,,0.01,0.03,78 116 77 73 81 115 113 71 112 114 38 85 110 74 83 82 107 117 79 88,78 116 77 73 81 115 113 71 112 114 38 85 110 74 83 82 107 117 79 88,simulation,db4,energy,56,200,200,0
W-NN,W-NN:k=15,28,3.0,0.025,0.072,82 113 76 79 83 77 111 85 108 112 78 81 80 109 74 110 117 84 115 116,79 77 80 109 113 81 82 111 110 76 112 78 115 75 108 114 83 116 84 107,simulation,db4,usage,56,200,200,0
W-QDA,W-QDA:qda,30,1.5,0.01,0.036,80 77 79 81 82 113 112 76 78 111 115 108 114 75 83 109 110 116 84 85,79 77 80 109 113 81 82 111 110 76 112 78 115 75 108 114 83 116 84 107,simulation,db4,usage,56,200,200,0
W-CART,W-CART:cart,31,1.5,0.04,0.082,80 77 79 81 82 113 112 76 78 111 115 108 114 75 83 109 110 116 84 85,79 77 80 109 113 81 82 111 110 76 112 78 115 75 108 114 83 116 84 107,simulation,db4,usage,56,200,200,0
ALL,W-QDA:qda,30,1.5,0.01,0.036,80 77 79 81 82 113 112 76 78 111 115 108 114 75 83 109 110 116 84 85,79 77 80 109 113 81 82 111 110 76 112 78 115 75 108 114 83 116 84 107,simulation,db4,usage,56,200,200,0
W-NN,W-NN:k=25,34,,0.075,0.092,102 44 242 89 87 79 118 60 111 88 115 77 112 78 73 83 81 80 70 110,102 44 242 89 87 79 118 60 111 88 115 77 112 78 73 83 81 80 70 110,simulation,db4,energy,57,200,200,0
W-QDA,W-QDA:qda,44,,0.025,0.016,102 44 242 89 87 79 118 60 111 88 115 77 112 78 73 83 81 80 70 110,102 44 242 89 87 79 118 60 111 88 115 77 112 78 73 83 81 80 70 110,simulation,db4,energy,57,200,200,0
W-CART,W-CART:cart,48,,0.08,0.088,102 44 242 89 87 79 118 60 111 88 115 77 112 78 73 83 81 80 70 110,102 44 242 89 87 79 118 60 111 88 115 77 112 78 73 83 81 80 70 110,simulation,db4,energy,57,200,200,0
ALL,W-QDA:qda,44,,0.025,0.016,102 44 242 89 87 79 118 60 111 88 115 77 112 78 73 83 81 80 70 110,102 44 242 89 87 79 118 60 111 88 115 77 112 78 73 83 81 80 70 110,simulation,db4,energy,57,200,200,0
W-NN,W-NN:k=3,26,3.0,0.04,0.074,79 82 78 77 112 80 111 83 84 107 81 85 108 109 76 114 115 106 105 110,79 111 78 80 82 77 81 76 109 113 114 110 112 108 115 107 85 83 84 106,simulation,db4,usage,57,200,200,0
W-QDA,W-QDA:qda,32,1.0,0.025,0.018,79 111 78 80 82 77 81 76 109 113 114 110 112 108 115 107 85 83 84 106,79 111 78 80 82 77 81 76 109 113 114 110 112 108 115 107 85 83 84 106,simulation,db4,usage,57,200,200,0
W-CART,W-CART:cart,24,1.0,0.06,0.082,79 111 78 80 82 77 81 76 109 113 114 110 112 108 115 107 85 83 84 106,79 111 78 80 82 77 81 76 109 113 114 110 112 108 115 107 85 83 84 106,simulation,db4,usage,57,200,200,0
ALL,W-QDA:qda,32,1.0,0.025,0.018,79 111 78 80 82 77 81 76 109 113 114 110 112 108 115 107 85 83 84 106,79 111 78 80 82 77 81 76 109 113 114 110 112 108 115 107 85 83 84 106,simulation,db4,usage,57,200,200,0
W-NN,W-NN:k=3,60,,0.045,0.126,108 83 86 76 82 107 105 84 109 114 85 77 110 106 79 74 104 87 116 81,108 83 86 76 82 107 105 84 109 114 85 77 110 106 79 74 104 87 116 81,simulation,db4,energy,58,200,200,0
W-QDA,W-QDA:qda,22,,0.01,0.026,108 83 86 76 82 107 105 84 109 114 85 77 110 106 79 74 104 87 116 81,108 83 86 76 82 107 105 84 109 114 85 77 110 106 79 74 104 87 116 81,simulation,db4,energy,58,200,200,0
W-CART,W-CART:cart,50,,0.045,0.068,108 83 86 76 82 107 105 84 109 114 85 77 110 106 79 74 104 87 116 81,108 83 86 76 82 107 105 84 109 114 85 77 110 106 79 74 104 87 116 81,simulation,db4,energy,58,200,200,0
ALL,W-QDA:qda,22,,0.01,0.026,108 83 86 76 82 107 105 84 109 114 85 77 110 106 79 74 104 87 116 81,108 83 86 76 82 107 105 84 109 114 85 77 110 106 79 74 104 87 116 81,simulation,db4,energy,58,200,200,0
W-NN,W-NN:k=7,26,1.0,0.045,0.078,82 80 81 107 108 110 109 83 79 84 113 78 85 106 115 77 112 86 114 76,82 80 81 107 108 110 109 83 79 84 113 78 85 106 115 77 112 86 114 76,simulation,db4,usage,58,200,200,0
W-QDA,W-QDA:qda,25,0.5,0.01,0.04,80 110 81 82 112 79 109 78 108 111 83 107 113 114 85 84 77 106 86 115,82 80 81 107 108 110 109 83 79 84 113 78 85 106 115 77 112 86 114 76,simulation,db4,usage,58,200,200,0
W-CART,W-CART:cart,19,1.5,0.05,0.104,82 83 109 108 107 84 81 80 110 115 106 113 76 79 112 114 105 85 86 77,82 80 81 107 108 110 109 83 79 84 113 78 85 106 115 77 112 86 114 76,simulation,db4,usage,58,200,200,0
ALL,W-QDA:qda,25,0.5,0.01,0.04,80 110 81 82 112 79 109 78 108 111 83 107 113 114 85 84 77 106 86 115,82 80 81 107 108 110 109 83 79 84 113 78 85 106 115 77 112 86 114 76,simulation,db4,usage,58,200,200,0
W-NN,W-NN:k=9,61,,0.045,0.08,83 85 111 79 75 167 84 87 107 104 109 108 112 105 81 116 59 119 80 73,83 85 111 79 75 167 84 87 107 104 109 108 112 105 81 116 59 119 80 73,simulation,db4,energy,59,200,200,0
W-QDA,W-QDA:qda,45,,0.0,0.034,83 85 111 79 75 167 84 87 107 104 109 108 112 105 81 116 59 119 80 73,83 85 111 79 75 167 84 87 107 104 109 108 112 105 81 116 59 119 80 73,simulation,db4,energy,59,200,200,0
W-CART,W-CART:cart,11,,0.045,0.07,83 85 111 79 75 167 84 87 107 104 109 108 112 105 81 116 59 119 80 73,83 85 111 79 75 167 84 87 107 104 109 108 112 105 81 116 59 119 80 73,simulation,db4,energy,59,200,200,0
ALL,W-QDA:qda,45,,0.0,0.034,83 85 111 79 75 167 84 87 107 104 109 108 112 105 81 116 59 119 80 73,83 85 111 79 75 167 84 87 107 104 109 108 112 105 81 116 59 119 80 73,simulation,db4,energy,59,200,200,0
W-NN,W-NN:k=7,51,1.0,0.04,0.06,81 79 111 80 112 83 109 113 107 82 84 85 110 78 108 116 76 114 75 77,81 79 111 80 112 83 109 113 107 82 84 85 110 78 108 116 76 114 75 77,simulation,db4,usage,59,200,200,0
W-QDA,W-QDA:qda,28,3.0,0.0,0.036,81 107 111 113 79 108 109 82 76 80 83 112 116 84 86 85 114 115 110 87,81 79 111 80 112 83 109 113 107 82 84 85 110 78 108 116 76 114 75 77,simulation,db4,usage,59,200,200,0
W-CART,W-CART:cart,22,3.0,0.045,0.08,81 107 111 113 79 108 109 82 76 80 83 112 116 84 86 85 114 115 110 87,81 79 111 80 112 83 109 113 107 82 84 85 110 78 108 116 76 114 75 77,simulation,db4,usage,59,200,200,0
ALL,W-QDA:qda,28,3.0,0.0,0.036,81 107 111 113 79 108 109 82 76 80 83 112 116 84 86 85 114 115 110 87,81 79 111 80 112 83 109 113 107 82 84 85 110 78 108 116 76 114 75 77,simulation,db4,usage,59,200,200,0
W-NN,W-NN:k=5,18,,0.03,0.072,115 409 204 76 77 116 114 84 81 74 85 82 80 106 78 109 75 110 105 111,115 409 204 76 77 116 114 84 81 74 85 82 80 106 78 109 75 110 105 111,simulation,db4,energy,60,200,200,0
W-QDA,W-QDA:qda,44,,0.01,0.016,115 409 204 76 77 116 114 84 81 74 85 82 80 106 78 109 75 110 105 111,115 409 204 76 77 116 114 84 81 74 85 82 80 106 78 109 75 110 105 111,simulation,db4,energy,60,200,200,0
W-CART,W-CART:cart,26,,0.07,0.07,115 409 204 76 77 116 114 84 81 74 85 82 80 106 78 109 75 110 105 111,115 409 204 76 77 116 114 84 81 74 85 82 80 106 78 109 75 110 105 111,simulation,db4,energy,60,200,200,0
ALL,W-QDA:qda,44,,0.01,0.016,115 409 204 76 77 116 114 84 81 74 85 82 80 106 78 109 75 110 105 111,115 409 204 76 77 116 114 84 81 74 85 82 80 106 78 109 75 110 105 111,simulation,db4,energy,60,200,200,0
W-NN,W-NN:k=3,16,2.0,0.035,0.076,112 78 79 111 108 76 80 82 110 113 75 114 81 84 106 109 83 105 77 115,112 79 111 78 80 77 81 82 110 76 109 113 114 75 83 115 108 84 107 106,simulation,db4,usage,60,200,200,0
W-QDA,W-QDA:qda,35,0.5,0.01,0.026,112 79 111 80 110 78 82 81 109 76 113 114 75 77 108 115 83 107 84 106,112 79 111 78 80 77 81 82 110 76 109 113 114 75 83 115 108 84 107 106,simulation,db4,usage,60,200,200,0
W-CART,W-CART:cart,30,0.5,0.065,0.06,112 79 111 80 110 78 82 81 109 76 113 114 75 77 108 115 83 107 84 106,112 79 111 78 80 77 81 82 110 76 109 113 114 75 83 115 108 84 107 106,simulation,db4,usage,60,200,200,0
ALL,W-QDA:qda,35,0.5,0.01,0.026,112 79 111 80 110 78 82 81 109 76 113 114 75 77 108 115 83 107 84 106,112 79 111 78 80 77 81 82 110 76 109 113 114 75 83 115 108 84 107 106,simulation,db4,usage,60,200,200,0
W-NN,W-NN:k=3,10,,0.02,0.062,86 116 85 74 106 105 104 37 71 73 87 88 120 75 82 84 118 112 109 110,86 116 85 74 106 105 104 37 71 73 87 88 120 75 82 84 118 112 109 110,simulation,db4,energy,61,200,200,0
W-QDA,W-QDA:qda,25,,0.0,0.016,86 116 85 74 106 105 104 37 71 73 87 88 120 75 82 84 118 112 109 110,86 116 85 74 106 105 104 37 71 73 87 88 120 75 82 84 118 112 109 110,simulation,db4,energy,61,200,200,0
W-CART,W-CART:cart,11,,0.05,0.102,86 116 85 74 106 105 104 37 71 73 87 88 120 75 82 84 118 112 109 110,86 116 85 74 106 105 104 37 71 73 87 88 120 75 82 84 118 112 109 110,simulation,db4,energy,61,200,200,0
ALL,W-QDA:qda,25,,0.0,0.016,86 116 85 74 106 105 104 37 71 73 87 88 120 75 82 84 118 112 109 110,86 116 85 74 106 105 104 37 71 73 87 88 120 75 82 84 118 112 109 110,simulation,db4,energy,61,200,200,0
W-NN,W-NN:k=1,5,3.0,0.035,0.052,84 86 75 74 107 116 78 85 106 76 108 117 82 105 77 80 83 104 112 114,77 76 111 79 83 110 112 78 106 108 82 75 84 114 107 81 109 113 80 116,simulation,db4,usage,61,200,200,0
W-QDA,W-QDA:qda,54,1.0,0.0,0.02,77 76 111 79 83 110 112 78 106 108 82 75 84 114 107 81 109 113 80 116,77 76 111 79 83 110 112 78 106 108 82 75 84 114 107 81 109 113 80 116,simulation,db4,usage,61,200,200,0
W-CART,W-CART:cart,28,0.5,0.05,0.084,110 79 80 111 78 81 82 114 77 113 112 115 109 75 83 76 84 106 108 116,77 76 111 79 83 110 112 78 106 108 82 75 84 114 107 81 109 113 80 116,simulation,db4,usage,61,200,200,0
ALL,W-QDA:qda,54,1.0,0.0,0.02,77 76 111 79 83 110 112 78 106 108 82 75 84 114 107 81 109 113 80 116,77 76 111 79 83 110 112 78 106 108 82 75 84 114 107 81 109 113 80 116,simulation,db4,usage,61,200,200,0
W-NN,W-NN:k=5,61,,0.04,0.07,73 118 79 112 77 72 119 83 78 87 82 110 117 113 56 81 108 71 111 80,73 118 79 112 77 72 119 83 78 87 82 110 117 113 56 81 108 71 111 80,simulation,db4,energy,62,200,200,0
W-QDA,W-QDA:qda,19,,0.015,0.024,73 118 79 112 77 72 119 83 78 87 82 110 117 113 56 81 108 71 111 80,73 118 79 112 77 72 119 83 78 87 82 110 117 113 56 81 108 71 111 80,simulation,db4,energy,62,200,200,0
W-CART,W-CART:cart,5,,0.055,0.082,73 118 79 112 77 72 119 83 78 87 82 110 117 113 56 81 108 71 111 80,73 118 79 112 77 72 119 83 78 87 82 110 117 113 56 81 108 71 111 80,simulation,db4,energy,62,200,200,0
ALL,W-QDA:qda,19,,0.015,0.024,73 118 79 112 77 72 119 83 78 87 82 110 117 113 56 81 108 71 111 80,73 118 79 112 77 72 119 83 78 87 82 110 117 113 56 81 108 71 111 80,simulation,db4,energy,62,200,200,0
W-NN,W-NN:k=7,26,1.0,0.04,0.038,79 112 113 82 109 110 114 77 80 81 111 78 83 107 108 76 115 106 75 84,79 112 113 82 109 110 114 77 80 81 111 78 83 107 108 76 115 106 75 84,simulation,db4,usage,62,200,200,0
W-QDA,W-QDA:qda,38,1.0,0.025,0.018,79 112 113 82 109 110 114 77 80 81 111 78 83 107 108 76 115 106 75 84,79 112 113 82 109 110 114 77 80 81 111 78 83 107 108 76 115 106 75 84,simulation,db4,usage,62,200,200,0
W-CART,W-CART:cart,56,2.0,0.065,0.108,79 109 112 113 83 111 77 110 108 84 78 82 107 81 106 76 114 75 74 80,79 112 113 82 109 110 114 77 80 81 111 78 83 107 108 76 115 106 75 84,simulation,db4,usage,62,200,200,0
ALL,W-QDA:qda,38,1.0,0.025,0.018,79 112 113 82 109 110 114 77 80 81 111 78 83 107 108 76 115 106 75 84,79 112 113 82 109 110 114 77 80 81 111 78 83 107 108 76 115 106 75 84,simulation,db4,usage,62,200,200,0
W-NN,W-NN:k=3,28,,0.055,0.054,117 116 80 77 113 111 76 114 110 87 78 107 112 115 108 109 79 41 118 75,117 116 80 77 113 111 76 114 110 87 78 107 112 115 108 109 79 41 118 75,simulation,db4,energy,63,200,200,0
W-QDA,W-QDA:qda,28,,0.015,0.032,117 116 80 77 113 111 76 114 110 87 78 107 112 115 108 109 79 41 118 75,117 116 80 77 113 111 76 114 110 87 78 107 112 115 108 109 79 41 118 75,simulation,db4,energy,63,200,200,0
W-CART,W-CART:cart,35,,0.08,0.084,117 116 80 77 113 111 76 114 110 87 78 107 112 115 108 109 79 41 118 75,117 116 80 77 113 111 76 114 110 87 78 107 112 115 108 109 79 41 118 75,simulation,db4,energy,63,200,200,0
ALL,W-QDA:qda,28,,0.015,0.032,117 116 80 77 113 111 76 114 110 87 78 107 112 115 108 109 79 41 118 75,117 116 80 77 113 111 76 114 110 87 78 107 112 115 108 109 79 41 118 75,simulation,db4,energy,63,200,200,0
W-NN,W-NN:k=5,56,0.5,0.06,0.062,111 110 112 79 113 80 109 78 81 108 77 83 114 116 82 76 107 115 84 106,111 112 79 77 113 78 109 110 80 81 108 114 82 116 107 83 75 115 76 84,simulation,db4,usage,63,200,200,0
W-QDA,W-QDA:qda,27,2.0,0.02,0.034,79 111 112 116 78 77 108 109 114 82 115 113 80 75 76 81 110 84 107 83,111 112 79 77 113 78 109 110 80 81 108 114 82 116 107 83 75 115 76 84,simulation,db4,usage,63,200,200,0
W-CART,W-CART:cart,43,1.0,0.075,0.092,111 112 79 77 113 78 109 110 80 81 108 114 82 116 107 83 75 115 76 84,111 112 79 77 113 78 109 110 80 81 108 114 82 116 107 83 75 115 76 84,simulation,db4,usage,63,200,200,0
ALL,W-QDA:qda,27,2.0,0.02,0.034,79 111 112 116 78 77 108 109 114 82 115 113 80 75 76 81 110 84 107 83,111 112 79 77 113 78 109 110 80 81 108 114 82 116 107 83 75 115 76 84,simulation,db4,usage,63,200,200,0
W-NN,W-NN:k=9,63,,0.045,0.086,112 79 84 85 118 119 105 82 106 113 107 114 73 83 121 53 78 120 76 115,112 79 84 85 118 119 105 82 106 113 107 114 73 83 121 53 78 120 76 115,simulation,db4,energy,64,200,200,0
W-QDA,W-QDA:qda,38,,0.015,0.028,112 79 84 85 118 119 105 82 106 113 107 114 73 83 121 53 78 120 76 115,112 79 84 85 118 119 105 82 106 113 107 114 73 83 121 53 78 120 76 115,simulation,db4,energy,64,200,200,0
W-CART,W-CART:cart,63,,0.05,0.07,112 79 84 85 118 119 105 82 106 113 107 114 73 83 121 53 78 120 76 115,112 79 84 85 118 119 105 82 106 113 107 114 73 83 121 53 78 120 76 115,simulation,db4,energy,64,200,200,0
ALL,W-QDA:qda,38,,0.015,0.028,112 79 84 85 118 119 105 82 106 113 107 114 73 83 121 53 78 120 76 115,112 79 84 85 118 119 105 82 106 113 107 114 73 83 121 53 78 120 76 115,simulation,db4,energy,64,200,200,0
W-NN,W-NN:k=3,35,0.5,0.03,0.054,112 111 75 80 82 109 113 77 79 110 76 115 78 114 81 108 74 116 83 107,77 82 111 76 79 110 75 109 112 116 114 80 81 113 115 108 78 117 74 84,simulation,db4,usage,64,200,200,0
W-QDA,W-QDA:qda,34,1.5,0.01,0.024,79 76 82 114 110 77 111 112 115 75 116 113 109 74 78 84 108 80 107 73,77 82 111 76 79 110 75 109 112 116 114 80 81 113 115 108 78 117 74 84,simulation,db4,usage,64,200,200,0
W-CART,W-CART:cart,42,1.0,0.05,0.07,77 82 111 76 79 110 75 109 112 116 114 80 81 113 115 108 78 117 74 84,77 82 111 76 79 110 75 109 112 116 114 80 81 113 115 108 78 117 74 84,simulation,db4,usage,64,200,200,0
ALL,W-QDA:qda,34,1.5,0.01,0.024,79 76 82 114 110 77 111 112 115 75 116 113 109 74 78 84 108 80 107 73,77 82 111 76 79 110 75 109 112 116 114 80 81 113 115 108 78 117 74 84,simulation,db4,usage,64,200,200,0
W-NN,W-NN:k=25,47,,0.04,0.064,112 237 117 120 71 73 106 76 75 118 72 113 79 110 43 119 84 82 107 114,112 237 117 120 71 73 106 76 75 118 72 113 79 110 43 119 84 82 107 114,simulation,db4,energy,65,200,200,0
W-QDA,W-QDA:qda,33,,0.005,0.018,112 237 117 120 71 73 106 76 75 118 72 113 79 110 43 119 84 82 107 114,112 237 117 120 71 73 106 76 75 118 72 113 79 110 43 119 84 82 107 114,simulation,db4,energy,65,200,200,0
W-CART,W-CART:cart,20,,0.07,0.102,112 237 117 120 71 73 106 76 75 118 72 113 79 110 43 119 84 82 107 114,112 237 117 120 71 73 106 76 75 118 72 113 79 110 43 119 84 82 107 114,simulation,db4,energy,65,200,200,0
ALL,W-QDA:qda,33,,0.005,0.018,112 237 117 120 71 73 106 76 75 118 72 113 79 110 43 119 84 82 107 114,112 237 117 120 71 73 106 76 75 118 72 113 79 110 43 119 84 82 107 114,simulation,db4,energy,65,200,200,0
W-NN,W-NN:k=7,22,1.0,0.04,0.064,78 113 112 116 114 76 81 75 80 115 79 77 117 111 108 107 109 110 74 82,78 113 112 116 114 76 81 75 80 115 79 77 117 111 108 107 109 110 74 82,simulation,db4,usage,65,200,200,0
W-QDA,W-QDA:qda,24,1.0,0.0,0.028,78 113 112 116 114 76 81 75 80 115 79 77 117 111 108 107 109 110 74 82,78 113 112 116 114 76 81 75 80 115 79 77 117 111 108 107 109 110 74 82,simulation,db4,usage,65,200,200,0
W-CART,W-CART:cart,12,3.0,0.055,0.068,76 115 118 80 78 75 114 116 108 81 112 73 109 113 117 72 107 111 77 79,78 113 112 116 114 76 81 75 80 115 79 77 117 111 108 107 109 110 74 82,simulation,db4,usage,65,200,200,0
ALL,W-QDA:qda,24,1.0,0.0,0.028,78 113 112 116 114 76 81 75 80 115 79 77 117 111 108 107 109 110 74 82,78 113 112 116 114 76 81 75 80 115 79 77 117 111 108 107 109 110 74 82,simulation,db4,usage,65,200,200,0
W-NN,W-NN:k=15,27,,0.025,0.05,77 75 115 114 102 78 79 113 80 81 120 111 110 85 57 112 88 116 117 82,77 75 115 114 102 78 79 113 80 81 120 111 110 85 57 112 88 116 117 82,simulation,db4,energy,66,200,200,0
W-QDA,W-QDA:qda,44,,0.01,0.036,77 75 115 114 102 78 79 113 80 81 120 111 110 85 57 112 88 116 117 82,77 75 115 114 102 78 79 113 80 81 120 111 110 85 57 112 88 116 117 82,simulation,db4,energy,66,200,200,0
W-CART,W-CART:cart,32,,0.05,0.102,77 75 115 114 102 78 79 113 80 81 120 111 110 85 57 112 88 116 117 82,77 75 115 114 102 78 79 113 80 81 120 111 110 85 57 112 88 116 117 82,simulation,db4,energy,66,200,200,0
ALL,W-QDA:qda,44,,0.01,0.036,77 75 115 114 102 78 79 113 80 81 120 111 110 85 57 112 88 116 117 82,77 75 115 114 102 78 79 113 80 81 120 111 110 85 57 112 88 116 117 82,simulation,db4,energy,66,200,200,0
W-NN,W-NN:k=5,44,1.0,0.02,0.054,79 77 78 81 110 80 109 111 114 115 82 83 112 76 108 113 84 107 116 74,79 77 78 81 110 80 109 111 114 115 82 83 112 76 108 113 84 107 116 74,simulation,db4,usage,66,200,200,0
W-QDA,W-QDA:qda,40,1.5,0.005,0.046,77 81 110 79 80 115 78 82 83 111 114 108 109 76 84 113 112 107 117 74,79 77 78 81 110 80 109 111 114 115 82 83 112 76 108 113 84 107 116 74,simulation,db4,usage,66,200,200,0
W-CART,W-CART:cart,30,1.5,0.045,0.102,77 81 110 79 80 115 78 82 83 111 114 108 109 76 84 113 112 107 117 74,79 77 78 81 110 80 109 111 114 115 82 83 112 76 108 113 84 107 116 74,simulation,db4,usage,66,200,200,0
ALL,W-QDA:qda,40,1.5,0.005,0.046,77 81 110 79 80 115 78 82 83 111 114 108 109 76 84 113 112 107 117 74,79 77 78 81 110 80 109 111 114 115 82 83 112 76 108 113 84 107 116 74,simulation,db4,usage,66,200,200,0
W-NN,W-NN:k=3,40,,0.04,0.068,113 78 111 55 76 115 77 110 85 80 114 112 109 82 106 104 86 73 84 81,113 78 111 55 76 115 77 110 85 80 114 112 109 82 106 104 86 73 84 81,simulation,db4,energy,67,200,200,0
W-QDA,W-QDA:qda,21,,0.025,0.038,113 78 111 55 76 115 77 110 85 80 114 112 109 82 106 104 86 73 84 81,113 78 111 55 76 115 77 110 85 80 114 112 109 82 106 104 86 73 84 81,simulation,db4,energy,67,200,200,0
W-CART,W-CART:cart,16,,0.065,0.09,113 78 111 55 76 115 77 110 85 80 114 112 109 82 106 104 86 73 84 81,113 78 111 55 76 115 77 110 85 80 114 112 109 82 106 104 86 73 84 81,simulation,db4,energy,67,200,200,0
ALL,W-QDA:qda,21,,0.025,0.038,113 78 111 55 76 115 77 110 85 80 114 112 109 82 106 104 86 73 84 81,113 78 111 55 76 115 77 110 85 80 114 112 109 82 106 104 86 73 84 81,simulation,db4,energy,67,200,200,0
W-NN,W-NN:k=7,29,1.5,0.05,0.064,77 79 114 111 76 115 112 116 78 80 110 74 117 73 75 113 81 109 82 83,77 111 78 114 115 79 112 76 80 113 116 110 75 81 74 83 73 109 82 117,simulation,db4,usage,67,200,200,0
W-QDA,W-QDA:qda,26,2.0,0.02,0.036,76 77 111 115 79 114 116 74 110 78 80 117 75 112 73 81 82 109 113 108,77 111 78 114 115 79 112 76 80 113 116 110 75 81 74 83 73 109 82 117,simulation,db4,usage,67,200,200,0
W-CART,W-CART:cart,25,3.0,0.07,0.072,76 116 115 77 114 79 74 111 110 73 75 112 117 80 78 81 118 82 113 72,77 111 78 114 115 79 112 76 80 113 116 110 75 81 74 83 73 109 82 117,simulation,db4,usage,67,200,200,0
ALL,W-QDA:qda,26,2.0,0.02,0.036,76 77 111 115 79 114 116 74 110 78 80 117 75 112 73 81 82 109 113 108,77 111 78 114 115 79 112 76 80 113 116 110 75 81 74 83 73 109 82 117,simulation,db4,usage,67,200,200,0
W-NN,W-NN:k=5,39,,0.04,0.062,86 104 85 117 102 116 105 119 106 88 84 74 113 114 110 107 38 87 108 103,86 104 85 117 102 116 105 119 106 88 84 74 113 114 110 107 38 87 108 103,simulation,db4,energy,68,200,200,0
W-QDA,W-QDA:qda,26,,0.01,0.022,86 104 85 117 102 116 105 119 106 88 84 74 113 114 110 107 38 87 108 103,86 104 85 117 102 116 105 119 106 88 84 74 113 114 110 107 38 87 108 103,simulation,db4,energy,68,200,200,0
W-CART,W-CART:cart,14,,0.035,0.058,86 104 85 117 102 116 105 119 106 88 84 74 113 114 110 107 38 87 108 103,86 104 85 117 102 116 105 119 106 88 84 74 113 114 110 107 38 87 108 103,simulation,db4,energy,68,200,200,0
ALL,W-QDA:qda,26,,0.01,0.022,86 104 85 117 102 116 105 119 106 88 84 74 113 114 110 107 38 87 108 103,86 104 85 117 102 116 105 119 106 88 84 74 113 114 110 107 38 87 108 103,simulation,db4,energy,68,200,200,0
W-NN,W-NN:k=5,42,3.0,0.045,0.048,83 110 108 107 84 105 106 111 104 81 82 76 85 87 78 79 80 86 103 113,82 107 106 83 84 110 85 81 105 108 109 80 112 79 113 111 86 77 78 114,simulation,db4,usage,68,200,200,0
W-QDA,W-QDA:qda,33,1.5,0.03,0.03,84 107 108 83 106 110 105 82 85 80 109 81 113 86 76 78 111 79 104 112,82 107 106 83 84 110 85 81 105 108 109 80 112 79 113 111 86 77 78 114,simulation,db4,usage,68,200,200,0
W-CART,W-CART:cart,36,1.0,0.07,0.074,82 107 106 83 84 110 85 81 105 108 109 80 112 79 113 111 86 77 78 114,82 107 106 83 84 110 85 81 105 108 109 80 112 79 113 111 86 77 78 114,simulation,db4,usage,68,200,200,0
ALL,W-QDA:qda,33,1.5,0.03,0.03,84 107 108 83 106 110 105 82 85 80 109 81 113 86 76 78 111 79 104 112,82 107 106 83 84 110 85 81 105 108 109 80 112 79 113 111 86 77 78 114,simulation,db4,usage,68,200,200,0
W-NN,W-NN:k=25,20,,0.035,0.052,115 117 75 152 85 76 37 82 116 77 87 108 113 74 110 81 83 104 72 106,115 117 75 152 85 76 37 82 116 77 87 108 113 74 110 81 83 104 72 106,simulation,db4,energy,69,200,200,0
W-QDA,W-QDA:qda,38,,0.015,0.024,115 117 75 152 85 76 37 82 116 77 87 108 113 74 110 81 83 104 72 106,115 117 75 152 85 76 37 82 116 77 87 108 113 74 110 81 83 104 72 106,simulation,db4,energy,69,200,200,0
W-CART,W-CART:cart,24,,0.065,0.086,115 117 75 152 85 76 37 82 116 77 87 108 113 74 110 81 83 104 72 106,115 117 75 152 85 76 37 82 116 77 87 108 113 74 110 81 83 104 72 106,simulation,db4,energy,69,200,200,0
ALL,W-QDA:qda,38,,0.015,0.024,115 117 75 152 85 76 37 82 116 77 87 108 113 74 110 81 83 104 72 106,115 117 75 152 85 76 37 82 116 77 87 108 113 74 110 81 83 104 72 106,simulation,db4,energy,69,200,200,0
W-NN,W-NN:k=5,27,1.0,0.035,0.072,81 82 110 111 80 114 115 75 78 77 83 109 108 113 79 74 76 112 116 107,81 82 110 111 80 114 115 75 78 77 83 109 108 113 79 74 76 112 116 107,simulation,db4,usage,69,200,200,0
W-QDA,W-QDA:qda,26,0.5,0.015,0.036,81 82 111 110 114 77 76 115 78 83 113 79 80 75 112 116 109 108 107 74,81 82 110 111 80 114 115 75 78 77 83 109 108 113 79 74 76 112 116 107,simulation,db4,usage,69,200,200,0
W-CART,W-CART:cart,28,3.0,0.06,0.092,115 110 82 108 113 114 116 80 109 111 85 117 76 112 75 77 79 107 74 78,81 82 110 111 80 114 115 75 78 77 83 109 108 113 79 74 76 112 116 107,simulation,db4,usage,69,200,200,0
ALL,W-QDA:qda,26,0.5,0.015,0.036,81 82 111 110 114 77 76 115 78 83 113 79 80 75 112 116 109 108 107 74,81 82 110 111 80 114 115 75 78 77 83 109 108 113 79 74 76 112 116 107,simulation,db4,usage,69,200,200,0
W-NN,W-NN:k=1,55,,0.075,0.072,78 108 113 118 112 83 116 75 84 76 36 117 107 106 80 115 111 74 82 72,78 108 113 118 112 83 116 75 84 76 36 117 107 106 80 115 111 74 82 72,simulation,db4,energy,70,200,200,0
W-QDA,W-QDA:qda,21,,0.025,0.028,78 108 113 118 112 83 116 75 84 76 36 117 107 106 80 115 111 74 82 72,78 108 113 118 112 83 116 75 84 76 36 117 107 106 80 115 111 74 82 72,simulation,db4,energy,70,200,200,0
W-CART,W-CART:cart,34,,0.075,0.076,78 108 113 118 112 83 116 75 84 76 36 117 107 106 80 115 111 74 82 72,78 108 113 118 112 83 116 75 84 76 36 117 107 106 80 115 111 74 82 72,simulation,db4,energy,70,200,200,0
ALL,W-QDA:qda,21,,0.025,0.028,78 108 113 118 112 83 116 75 84 76 36 117 107 106 80 115 111 74 82 72,78 108 113 118 112 83 116 75 84 76 36 117 107 106 80 115 111 74 82 72,simulation,db4,energy,70,200,200,0
W-NN,W-NN:k=3,35,2.0,0.045,0.068,81 77 78 76 113 109 111 80 110 82 112 108 114 115 75 79 83 117 84 116,79 81 111 113 80 110 112 77 78 109 76 82 114 108 115 84 107 117 75 83,simulation,db4,usage,70,200,200,0
W-QDA,W-QDA:qda,27,1.0,0.015,0.014,79 81 111 113 80 110 112 77 78 109 76 82 114 108 115 84 107 117 75 83,79 81 111 113 80 110 112 77 78 109 76 82 114 108 115 84 107 117 75 83,simulation,db4,usage,70,200,200,0
W-CART,W-CART:cart,46,1.0,0.055,0.05,79 81 111 113 80 110 112 77 78 109 76 82 114 108 115 84 107 117 75 83,79 81 111 113 80 110 112 77 78 109 76 82 114 108 115 84 107 117 75 83,simulation,db4,usage,70,200,200,0
ALL,W-QDA:qda,27,1.0,0.015,0.014,79 81 111 113 80 110 112 77 78 109 76 82 114 108 115 84 107 117 75 83,79 81 111 113 80 110 112 77 78 109 76 82 114 108 115 84 107 117 75 83,simulation,db4,usage,70,200,200,0
W-NN,W-NN:k=9,57,,0.06,0.078,71 84 80 119 106 59 104 88 87 81 112 109 72 79 86 78 55 102 107 120,71 84 80 119 106 59 104 88 87 81 112 109 72 79 86 78 55 102 107 120,simulation,db4,energy,71,200,200,0
W-QDA,W-QDA:qda,14,,0.02,0.044,71 84 80 119 106 59 104 88 87 81 112 109 72 79 86 78 55 102 107 120,71 84 80 119 106 59 104 88 87 81 112 109 72 79 86 78 55 102 107 120,simulation,db4,energy,71,200,200,0
W-CART,W-CART:cart,29,,0.09,0.096,71 84 80 119 106 59 104 88 87 81 112 109 72 79 86 78 55 102 107 120,71 84 80 119 106 59 104 88 87 81 112 109 72 79 86 78 55 102 107 120,simulation,db4,energy,71,200,200,0
ALL,W-QDA:qda,14,,0.02,0.044,71 84 80 119 106 59 104 88 87 81 112 109 72 79 86 78 55 102 107 120,71 84 80 119 106 59 104 88 87 81 112 109 72 79 86 78 55 102 107 120,simulation,db4,energy,71,200,200,0
W-NN,W-NN:k=5,29,0.5,0.02,0.064,81 110 78 111 79 113 82 109 108 80 112 83 114 77 107 106 115 84 85 76,81 80 83 109 108 79 110 111 78 113 82 107 114 77 84 112 85 115 76 106,simulation,db4,usage,71,200,200,0
W-QDA,W-QDA:qda,50,1.0,0.015,0.032,81 80 83 109 108 79 110 111 78 113 82 107 114 77 84 112 85 115 76 106,81 80 83 109 108 79 110 111 78 113 82 107 114 77 84 112 85 115 76 106,simulation,db4,usage,71,200,200,0
W-CART,W-CART:cart,15,2.0,0.06,0.08,83 81 107 85 84 109 78 108 80 111 113 77 105 79 104 110 86 75 76 82,81 80 83 109 108 79 110 111 78 113 82 107 114 77 84 112 85 115 76 106,simulation,db4,usage,71,200,200,0
ALL,W-QDA:qda,50,1.0,0.015,0.032,81 80 83 109 108 79 110 111 78 113 82 107 114 77 84 112 85 115 76 106,81 80 83 109 108 79 110 111 78 113 82 107 114 77 84 112 85 115 76 106,simulation,db4,usage,71,200,200,0
W-NN,W-NN:k=3,4,,0.045,0.066,104 77 83 86 114 80 112 72 87 110 111 78 115 103 85 119 105 109 113 107,104 77 83 86 114 80 112 72 87 110 111 78 115 103 85 119 105 109 113 107,simulation,db4,energy,72,200,200,0
W-QDA,W-QDA:qda,8,,0.03,0.038,104 77 83 86 114 80 112 72 87 110 111 78 115 103 85 119 105 109 113 107,104 77 83 86 114 80 112 72 87 110 111 78 115 103 85 119 105 109 113 107,simulation,db4,energy,72,200,200,0
W-CART,W-CART:cart,13,,0.065,0.056,104 77 83 86 114 80 112 72 87 110 111 78 115 103 85 119 105 109 113 107,104 77 83 86 114 80 112 72 87 110 111 78 115 103 85 119 105 109 113 107,simulation,db4,energy,72,200,200,0
ALL,W-QDA:qda,8,,0.03,0.038,104 77 83 86 114 80 112 72 87 110 111 78 115 103 85 119 105 109 113 107,104 77 83 86 114 80 112 72 87 110 111 78 115 103 85 119 105 109 113 107,simulation,db4,energy,72,200,200,0
W-NN,W-NN:k=15,23,1.5,0.045,0.08,111 109 115 110 80 112 108 116 74 76 113 83 82 75 77 78 81 114 117 79,108 111 109 82 76 115 80 110 112 77 113 114 78 75 81 83 116 74 117 79,simulation,db4,usage,72,200,200,0
W-QDA,W-QDA:qda,38,3.0,0.035,0.024,115 74 77 112 116 75 76 114 117 80 85 111 108 109 110 113 78 106 72 79,108 111 109 82 76 115 80 110 112 77 113 114 78 75 81 83 116 74 117 79,simulation,db4,usage,72,200,200,0
W-CART,W-CART:cart,36,3.0,0.055,0.108,115 74 77 112 116 75 76 114 117 80 85 111 108 109 110 113 78 106 72 79,108 111 109 82 76 115 80 110 112 77 113 114 78 75 81 83 116 74 117 79,simulation,db4,usage,72,200,200,0
ALL,W-QDA:qda,38,3.0,0.035,0.024,115 74 77 112 116 75 76 114 117 80 85 111 108 109 110 113 78 106 72 79,108 111 109 82 76 115 80 110 112 77 113 114 78 75 81 83 116 74 117 79,simulation,db4,usage,72,200,200,0
W-NN,W-NN:k=3,11,,0.025,0.058,107 106 75 74 111 108 77 115 42 76 84 85 116 114 112 82 73 79 78 120,107 106 75 74 111 108 77 115 42 76 84 85 116 114 112 82 73 79 78 120,simulation,db4,energy,73,200,200,0
W-QDA,W-QDA:qda,24,,0.015,0.024,107 106 75 74 111 108 77 115 42 76 84 85 116 114 112 82 73 79 78 120,107 106 75 74 111 108 77 115 42 76 84 85 116 114 112 82 73 79 78 120,simulation,db4,energy,73,200,200,0
W-CART,W-CART:cart,18,,0.065,0.08,107 106 75 74 111 108 77 115 42 76 84 85 116 114 112 82 73 79 78 120,107 106 75 74 111 108 77 115 42 76 84 85 116 114 112 82 73 79 78 120,simulation,db4,energy,73,200,200,0
ALL,W-QDA:qda,24,,0.015,0.024,107 106 75 74 111 108 77 115 42 76 84 85 116 114 112 82 73 79 78 120,107 106 75 74 111 108 77 115 42 76 84 85 116 114 112 82 73 79 78 120,simulation,db4,energy,73,200,200,0
W-NN,W-NN:k=1,16,3.0,0.035,0.08,81 74 77 115 79 111 75 82 83 114 73 78 109 76 84 108 110 112 116 107,79 81 111 78 82 114 109 113 108 77 112 76 116 80 75 74 110 115 117 83,simulation,db4,usage,73,200,200,0
W-QDA,W-QDA:qda,25,0.5,0.015,0.024,111 79 112 78 113 114 81 82 80 109 110 76 77 108 116 74 75 115 83 84,79 81 111 78 82 114 109 113 108 77 112 76 116 80 75 74 110 115 117 83,simulation,db4,usage,73,200,200,0
W-CART,W-CART:cart,12,3.0,0.055,0.102,81 74 77 115 79 111 75 82 83 114 73 78 109 76 84 108 110 112 116 107,79 81 111 78 82 114 109 113 108 77 112 76 116 80 75 74 110 115 117 83,simulation,db4,usage,73,200,200,0
ALL,W-QDA:qda,25,0.5,0.015,0.024,111 79 112 78 113 114 81 82 80 109 110 76 77 108 116 74 75 115 83 84,79 81 111 78 82 114 109 113 108 77 112 76 116 80 75 74 110 115 117 83,simulation,db4,usage,73,200,200,0
W-NN,W-NN:k=5,64,,0.045,0.07,115 75 76 116 80 72 111 105 118 110 86 119 103 117 85 73 81 71 112 79,115 75 76 116 80 72 111 105 118 110 86 119 103 117 85 73 81 71 112 79,simulation,db4,energy,74,200,200,0
W-QDA,W-QDA:qda,15,,0.025,0.04,115 75 76 116 80 72 111 105 118 110 86 119 103 117 85 73 81 71 112 79,115 75 76 116 80 72 111 105 118 110 86 119 103 117 85 73 81 71 112 79,simulation,db4,energy,74,200,200,0
W-CART,W-CART:cart,12,,0.05,0.1,115 75 76 116 80 72 111 105 118 110 86 119 103 117 85 73 81 71 112 79,115 75 76 116 80 72 111 105 118 110 86 119 103 117 85 73 81 71 112 79,simulation,db4,energy,74,200,200,0
ALL,W-QDA:qda,15,,0.025,0.04,115 75 76 116 80 72 111 105 118 110 86 119 103 117 85 73 81 71 112 79,115 75 76 116 80 72 111 105 118 110 86 119 103 117 85 73 81 71 112 79,simulation,db4,energy,74,200,200,0
W-NN,W-NN:k=5,3,3.0,0.05,0.054,116 85 84 117 73 76 75 80 82 110 106 114 115 79 72 107 112 111 118 78,112 114 76 78 75 113 82 80 111 116 77 79 81 83 84 115 109 110 108 117,simulation,db4,usage,74,200,200,0
W-QDA,W-QDA:qda,7,3.0,0.04,0.052,116 85 84 117 73 76 75 80 82 110 106 114 115 79 72 107 112 111 118 78,112 114 76 78 75 113 82 80 111 116 77 79 81 83 84 115 109 110 108 117,simulation,db4,usage,74,200,200,0
W-CART,W-CART:cart,7,2.0,0.065,0.07,116 75 115 117 82 84 73 79 110 118 80 85 107 113 114 76 78 77 81 106,112 114 76 78 75 113 82 80 111 116 77 79 81 83 84 115 109 110 108 117,simulation,db4,usage,74,200,200,0
ALL,W-QDA:qda,7,3.0,0.04,0.052,116 85 84 117 73 76 75 80 82 110 106 114 115 79 72 107 112 111 118 78,112 114 76 78 75 113 82 80 111 116 77 79 81 83 84 115 109 110 108 117,simulation,db4,usage,74,200,200,0
W-NN,W-NN:k=9,54,,0.015,0.082,86 109 81 110 82 108 83 112 80 105 107 72 79 119 104 111 106 78 77 84,86 109 81 110 82 108 83 112 80 105 107 72 79 119 104 111 106 78 77 84,simulation,db4,energy,75,200,200,0
W-QDA,W-QDA:qda,29,,0.0,0.036,86 109 81 110 82 108 83 112 80 105 107 72 79 119 104 111 106 78 77 84,86 109 81 110 82 108 83 112 80 105 107 72 79 119 104 111 106 78 77 84,simulation,db4,energy,75,200,200,0
W-CART,W-CART:cart,17,,0.06,0.098,86 109 81 110 82 108 83 112 80 105 107 72 79 119 104 111 106 78 77 84,86 109 81 110 82 108 83 112 80 105 107 72 79 119 104 111 106 78 77 84,simulation,db4,energy,75,200,200,0
ALL,W-QDA:qda,29,,0.0,0.036,86 109 81 110 82 108 83 112 80 105 107 72 79 119 104 111 106 78 77 84,86 109 81 110 82 108 83 112 80 105 107 72 79 119 104 111 106 78 77 84,simulation,db4,energy,75,200,200,0
W-NN,W-NN:k=9,55,3.0,0.01,0.076,107 109 108 85 84 83 78 79 82 105 114 110 106 81 86 77 76 80 115 112,80 82 79 108 78 109 83 110 81 112 107 84 111 113 85 77 106 114 115 76,simulation,db4,usage,75,200,200,0
W-QDA,W-QDA:qda,29,3.0,0.0,0.038,107 109 108 85 84 83 78 79 82 105 114 110 106 81 86 77 76 80 115 112,80 82 79 108 78 109 83 110 81 112 107 84 111 113 85 77 106 114 115 76,simulation,db4,usage,75,200,200,0
W-CART,W-CART:cart,11,3.0,0.025,0.08,107 109 108 85 84 83 78 79 82 105 114 110 106 81 86 77 76 80 115 112,80 82 79 108 78 109 83 110 81 112 107 84 111 113 85 77 106 114 115 76,simulation,db4,usage,75,200,200,0
ALL,W-QDA:qda,29,3.0,0.0,0.038,107 109 108 85 84 83 78 79 82 105 114 110 106 81 86 77 76 80 115 112,80 82 79 108 78 109 83 110 81 112 107 84 111 113 85 77 106 114 115 76,simulation,db4,usage,75,200,200,0
W-NN,W-NN:k=1,8,,0.075,0.054,105 85 81 116 106 113 117 115 86 79 80 75 107 110 112 84 87 104 72 76,105 85 81 116 106 113 117 115 86 79 80 75 107 110 112 84 87 104 72 76,simulation,db4,energy,76,200,200,0
W-QDA,W-QDA:qda,32,,0.025,0.022,105 85 81 116 106 113 117 115 86 79 80 75 107 110 112 84 87 104 72 76,105 85 81 116 106 113 117 115 86 79 80 75 107 110 112 84 87 104 72 76,simulation,db4,energy,76,200,200,0
W-CART,W-CART:cart,31,,0.075,0.076,105 85 81 116 106 113 117 115 86 79 80 75 107 110 112 84 87 104 72 76,105 85 81 116 106 113 117 115 86 79 80 75 107 110 112 84 87 104 72 76,simulation,db4,energy,76,200,200,0
ALL,W-QDA:qda,32,,0.025,0.022,105 85 81 116 106 113 117 115 86 79 80 75 107 110 112 84 87 104 72 76,105 85 81 116 106 113 117 115 86 79 80 75 107 110 112 84 87 104 72 76,simulation,db4,energy,76,200,200,0
W-NN,W-NN:k=5,30,0.5,0.08,0.06,83 109 81 110 82 108 111 77 84 107 112 113 80 78 85 76 106 115 114 79,110 83 81 108 82 84 77 107 109 111 85 79 80 106 112 113 115 114 76 116,simulation,db4,usage,76,200,200,0
W-QDA,W-QDA:qda,54,3.0,0.025,0.014,107 85 83 115 82 114 84 79 109 116 106 105 108 76 77 80 113 81 110 75,110 83 81 108 82 84 77 107 109 111 85 79 80 106 112 113 115 114 76 116,simulation,db4,usage,76,200,200,0
W-CART,W-CART:cart,49,2.0,0.1,0.076,83 107 108 85 80 82 109 110 79 106 115 116 114 84 81 77 112 113 75 76,110 83 81 108 82 84 77 107 109 111 85 79 80 106 112 113 115 114 76 116,simulation,db4,usage,76,200,200,0
ALL,W-QDA:qda,54,3.0,0.025,0.014,107 85 83 115 82 114 84 79 109 116 106 105 108 76 77 80 113 81 110 75,110 83 81 108 82 84 77 107 109 111 85 79 80 106 112 113 115 114 76 116,simulation,db4,usage,76,200,200,0
W-NN,W-NN:k=15,52,,0.04,0.086,81 86 82 105 104 85 114 106 54 80 109 79 111 107 77 84 110 108 52 71,81 86 82 105 104 85 114 106 54 80 109 79 111 107 77 84 110 108 52 71,simulation,db4,energy,77,200,200,0
W-QDA,W-QDA:qda,29,,0.01,0.034,81 86 82 105 104 85 114 106 54 80 109 79 111 107 77 84 110 108 52 71,81 86 82 105 104 85 114 106 54 80 109 79 111 107 77 84 110 108 52 71,simulation,db4,energy,77,200,200,0
W-CART,W-CART:cart,5,,0.06,0.088,81 86 82 105 104 85 114 106 54 80 109 79 111 107 77 84 110 108 52 71,81 86 82 105 104 85 114 106 54 80 109 79 111 107 77 84 110 108 52 71,simulation,db4,energy,77,200,200,0
ALL,W-QDA:qda,29,,0.01,0.034,81 86 82 105 104 85 114 106 54 80 109 79 111 107 77 84 110 108 52 71,81 86 82 105 104 85 114 106 54 80 109 79 111 107 77 84 110 108 52 71,simulation,db4,energy,77,200,200,0
W-NN,W-NN:k=3,16,0.5,0.06,0.086,109 81 83 108 110 82 80 79 84 111 78 112 114 107 113 76 77 85 106 115,84 108 81 83 109 110 80 113 79 82 85 107 111 78 114 77 76 105 115 112,simulation,db4,usage,77,200,200,0
W-QDA,W-QDA:qda,40,1.0,0.005,0.038,84 108 81 83 109 110 80 113 79 82 85 107 111 78 114 77 76 105 115 112,84 108 81 83 109 110 80 113 79 82 85 107 111 78 114 77 76 105 115 112,simulation,db4,usage,77,200,200,0
W-CART,W-CART:cart,23,3.0,0.06,0.068,81 83 107 84 79 80 105 108 113 82 109 78 106 85 111 87 104 110 114 77,84 108 81 83 109 110 80 113 79 82 85 107 111 78 114 77 76 105 115 112,simulation,db4,usage,77,200,200,0
ALL,W-QDA:qda,40,1.0,0.005,0.038,84 108 81 83 109 110 80 113 79 82 85 107 111 78 114 77 76 105 115 112,84 108 81 83 109 110 80 113 79 82 85 107 111 78 114 77 76 105 115 112,simulation,db4,usage,77,200,200,0
W-NN,W-NN:k=5,55,,0.05,0.058,113 117 74 73 114 105 83 72 75 112 78 103 120 115 116 79 104 86 118 77,113 117 74 73 114 105 83 72 75 112 78 103 120 115 116 79 104 86 118 77,simulation,db4,energy,78,200,200,0
W-QDA,W-QDA:qda,13,,0.05,0.054,113 117 74 73 114 105 83 72 75 112 78 103 120 115 116 79 104 86 118 77,113 117 74 73 114 105 83 72 75 112 78 103 120 115 116 79 104 86 118 77,simulation,db4,energy,78,200,200,0
W-CART,W-CART:cart,26,,0.08,0.09,113 117 74 73 114 105 83 72 75 112 78 103 120 115 116 79 104 86 118 77,113 117 74 73 114 105 83 72 75 112 78 103 120 115 116 79 104 86 118 77,simulation,db4,energy,78,200,200,0
ALL,W-QDA:qda,13,,0.05,0.054,113 117 74 73 114 105 83 72 75 112 78 103 120 115 116 79 104 86 118 77,113 117 74 73 114 105 83 72 75 112 78 103 120 115 116 79 104 86 118 77,simulation,db4,energy,78,200,200,0
W-NN,W-NN:k=15,34,3.0,0.045,0.07,116 118 117 72 75 113 74 115 77 76 80 73 112 107 78 79 108 114 82 105,79 77 78 112 80 81 76 110 113 114 115 108 111 74 107 116 109 82 73 75,simulation,db4,usage,78,200,200,0
W-QDA,W-QDA:qda,63,1.5,0.05,0.048,114 77 79 115 116 80 109 112 81 110 73 74 75 108 111 76 107 117 118 113,79 77 78 112 80 81 76 110 113 114 115 108 111 74 107 116 109 82 73 75,simulation,db4,usage,78,200,200,0
W-CART,W-CART:cart,22,2.0,0.085,0.078,116 75 115 109 112 114 117 77 80 108 113 76 118 73 74 79 107 105 111 110,79 77 78 112 80 81 76 110 113 114 115 108 111 74 107 116 109 82 73 75,simulation,db4,usage,78,200,200,0
ALL,W-NN:k=15,34,3.0,0.045,0.07,116 118 117 72 75 113 74 115 77 76 80 73 112 107 78 79 108 114 82 105,79 77 78 112 80 81 76 110 113 114 115 108 111 74 107 116 109 82 73 75,simulation,db4,usage,78,200,200,0
W-NN,W-NN:k=3,32,,0.045,0.072,104 80 110 82 107 86 83 111 109 78 119 87 108 105 106 84 79 81 76 113,104 80 110 82 107 86 83 111 109 78 119 87 108 105 106 84 79 81 76 113,simulation,db4,energy,79,200,200,0
W-QDA,W-QDA:qda,36,,0.035,0.01,104 80 110 82 107 86 83 111 109 78 119 87 108 105 106 84 79 81 76 113,104 80 110 82 107 86 83 111 109 78 119 87 108 105 106 84 79 81 76 113,simulation,db4,energy,79,200,200,0
W-CART,W-CART:cart,28,,0.08,0.076,104 80 110 82 107 86 83 111 109 78 119 87 108 105 106 84 79 81 76 113,104 80 110 82 107 86 83 111 109 78 119 87 108 105 106 84 79 81 76 113,simulation,db4,energy,79,200,200,0
ALL,W-QDA:qda,36,,0.035,0.01,104 80 110 82 107 86 83 111 109 78 119 87 108 105 106 84 79 81 76 113,104 80 110 82 107 86 83 111 109 78 119 87 108 105 106 84 79 81 76 113,simulation,db4,energy,79,200,200,0
W-NN,W-NN:k=1,28,0.5,0.05,0.092,79 80 111 109 78 82 112 113 110 81 108 77 83 114 85 107 106 76 84 115,82 109 111 81 78 79 112 113 108 80 77 83 76 107 85 110 114 84 106 115,simulation,db4,usage,79,200,200,0
W-QDA,W-QDA:qda,20,3.0,0.03,0.038,82 80 107 83 109 108 81 76 79 110 111 75 84 113 77 114 78 106 105 112,82 109 111 81 78 79 112 113 108 80 77 83 76 107 85 110 114 84 106 115,simulation,db4,usage,79,200,200,0
W-CART,W-CART:cart,23,2.0,0.075,0.094,82 76 109 107 111 80 81 113 79 78 108 77 83 106 110 112 75 84 85 114,82 109 111 81 78 79 112 113 108 80 77 83 76 107 85 110 114 84 106 115,simulation,db4,usage,79,200,200,0
ALL,W-QDA:qda,20,3.0,0.03,0.038,82 80 107 83 109 108 81 76 79 110 111 75 84 113 77 114 78 106 105 112,82 109 111 81 78 79 112 113 108 80 77 83 76 107 85 110 114 84 106 115,simulation,db4,usage,79,200,200,0
W-NN,W-NN:k=1,9,,0.055,0.086,108 83 106 84 113 112 107 78 85 111 77 79 115 82 104 116 75 109 114 81,108 83 106 84 113 112 107 78 85 111 77 79 115 82 104 116 75 109 114 81,simulation,db4,energy,80,200,200,0
W-QDA,W-QDA:qda,59,,0.015,0.03,108 83 106 84 113 112 107 78 85 111 77 79 115 82 104 116 75 109 114 81,108 83 106 84 113 112 107 78 85 111 77 79 115 82 104 116 75 109 114 81,simulation,db4,energy,80,200,200,0
W-CART,W-CART:cart,17,,0.07,0.094,108 83 106 84 113 112 107 78 85 111 77 79 115 82 104 116 75 109 114 81,108 83 106 84 113 112 107 78 85 111 77 79 115 82 104 116 75 109 114 81,simulation,db4,energy,80,200,200,0
ALL,W-QDA:qda,59,,0.015,0.03,108 83 106 84 113 112 107 78 85 111 77 79 115 82 104 116 75 109 114 81,108 83 106 84 113 112 107 78 85 111 77 79 115 82 104 116 75 109 114 81,simulation,db4,energy,80,200,200,0
W-NN,W-NN:k=5,29,1.0,0.03,0.06,109 80 81 82 77 78 112 113 79 115 111 83 108 114 110 76 84 116 75 85,109 80 81 82 77 78 112 113 79 115 111 83 108 114 110 76 84 116 75 85,simulation,db4,usage,80,200,200,0
W-QDA,W-QDA:qda,37,2.0,0.02,0.038,82 109 113 81 83 111 77 78 80 115 112 116 108 110 79 114 74 84 75 76,109 80 81 82 77 78 112 113 79 115 111 83 108 114 110 76 84 116 75 85,simulation,db4,usage,80,200,200,0
W-CART,W-CART:cart,25,3.0,0.065,0.094,83 82 80 111 108 109 77 81 116 78 75 84 110 113 115 107 76 114 79 112,109 80 81 82 77 78 112 113 79 115 111 83 108 114 110 76 84 116 75 85,simulation,db4,usage,80,200,200,0
ALL,W-QDA:qda,37,2.0,0.02,0.038,82 109 113 81 83 111 77 78 80 115 112 116 108 110 79 114 74 84 75 76,109 80 81 82 77 78 112 113 79 115 111 83 108 114 110 76 84 116 75 85,simulation,db4,usage,80,200,200,0
W-NN,W-NN:k=3,4,,0.035,0.064,102 108 115 76 86 83 82 117 116 85 75 89 114 112 107 71 77 37 106 74,102 108 115 76 86 83 82 117 116 85 75 89 114 112 107 71 77 37 106 74,simulation,db4,energy,81,200,200,0
W-QDA,W-QDA:qda,18,,0.015,0.024,102 108 115 76 86 83 82 117 116 85 75 89 114 112 107 71 77 37 106 74,102 108 115 76 86 83 82 117 116 85 75 89 114 112 107 71 77 37 106 74,simulation,db4,energy,81,200,200,0
W-CART,W-CART:cart,5,,0.08,0.104,102 108 115 76 86 83 82 117 116 85 75 89 114 112 107 71 77 37 106 74,102 108 115 76 86 83 82 117 116 85 75 89 114 112 107 71 77 37 106 74,simulation,db4,energy,81,200,200,0
ALL,W-QDA:qda,18,,0.015,0.024,102 108 115 76 86 83 82 117 116 85 75 89 114 112 107 71 77 37 106 74,102 108 115 76 86 83 82 117 116 85 75 89 114 112 107 71 77 37 106 74,simulation,db4,energy,81,200,200,0
W-NN,W-NN:k=15,36,2.0,0.055,0.108,115 76 116 75 117 77 113 108 80 114 79 74 112 111 118 110 81 109 82 83,76 77 115 116 78 75 79 112 113 114 80 108 117 111 74 82 107 110 81 109,simulation,db4,usage,81,200,200,0
W-QDA,W-QDA:qda,53,1.5,0.015,0.032,115 116 76 77 75 114 117 79 80 112 74 108 111 113 78 81 73 83 118 110,76 77 115 116 78 75 79 112 113 114 80 108 117 111 74 82 107 110 81 109,simulation,db4,usage,81,200,200,0
W-CART,W-CART:cart,7,3.0,0.075,0.108,76 115 116 75 117 113 118 74 79 112 108 77 80 110 73 114 81 83 72 109,76 77 115 116 78 75 79 112 113 114 80 108 117 111 74 82 107 110 81 109,simulation,db4,usage,81,200,200,0
ALL,W-QDA:qda,53,1.5,0.015,0.032,115 116 76 77 75 114 117 79 80 112 74 108 111 113 78 81 73 83 118 110,76 77 115 116 78 75 79 112 113 114 80 108 117 111 74 82 107 110 81 109,simulation,db4,usage,81,200,200,0
W-NN,W-NN:k=5,14,,0.035,0.058,118 81 108 79 73 82 112 113 85 110 107 104 83 114 71 109 77 78 76 106,118 81 108 79 73 82 112 113 85 110 107 104 83 114 71 109 77 78 76 106,simulation,db4,energy,82,200,200,0
W-QDA,W-QDA:qda,18,,0.02,0.03,118 81 108 79 73 82 112 113 85 110 107 104 83 114 71 109 77 78 76 106,118 81 108 79 73 82 112 113 85 110 107 104 83 114 71 109 77 78 76 106,simulation,db4,energy,82,200,200,0
W-CART,W-CART:cart,15,,0.055,0.094,118 81 108 79 73 82 112 113 85 110 107 104 83 114 71 109 77 78 76 106,118 81 108 79 73 82 112 113 85 110 107 104 83 114 71 109 77 78 76 106,simulation,db4,energy,82,200,200,0
ALL,W-QDA:qda,18,,0.02,0.03,118 81 108 79 73 82 112 113 85 110 107 104 83 114 71 109 77 78 76 106,118 81 108 79 73 82 112 113 85 110 107 104 83 114 71 109 77 78 76 106,simulation,db4,energy,82,200,200,0
W-NN,W-NN:k=9,35,1.0,0.04,0.07,80 78 82 79 81 83 108 109 110 107 112 77 113 114 76 84 106 111 85 115,80 78 82 79 81 83 108 109 110 107 112 77 113 114 76 84 106 111 85 115,simulation,db4,usage,82,200,200,0
W-QDA,W-QDA:qda,32,1.0,0.015,0.018,80 78 82 79 81 83 108 109 110 107 112 77 113 114 76 84 106 111 85 115,80 78 82 79 81 83 108 109 110 107 112 77 113 114 76 84 106 111 85 115,simulation,db4,usage,82,200,200,0
W-CART,W-CART:cart,23,0.5,0.06,0.09,80 78 79 108 82 112 111 81 110 109 83 113 107 77 114 115 84 76 106 85,80 78 82 79 81 83 108 109 110 107 112 77 113 114 76 84 106 111 85 115,simulation,db4,usage,82,200,200,0
ALL,W-QDA:qda,32,1.0,0.015,0.018,80 78 82 79 81 83 108 109 110 107 112 77 113 114 76 84 106 111 85 115,80 78 82 79 81 83 108 109 110 107 112 77 113 114 76 84 106 111 85 115,simulation,db4,usage,82,200,200,0
W-NN,W-NN:k=3,16,,0.02,0.054,109 83 108 82 110 78 73 114 74 76 84 117 104 116 43 77 75 80 120 81,109 83 108 82 110 78 73 114 74 76 84 117 104 116 43 77 75 80 120 81,simulation,db4,energy,83,200,200,0
W-QDA,W-QDA:qda,23,,0.01,0.032,109 83 108 82 110 78 73 114 74 76 84 117 104 116 43 77 75 80 120 81,109 83 108 82 110 78 73 114 74 76 84 117 104 116 43 77 75 80 120 81,simulation,db4,energy,83,200,200,0
W-CART,W-CART:cart,58,,0.03,0.076,109 83 108 82 110 78 73 114 74 76 84 117 104 116 43 77 75 80 120 81,109 83 108 82 110 78 73 114 74 76 84 117 104 116 43 77 75 80 120 81,simulation,db4,energy,83,200,200,0
ALL,W-QDA:qda,23,,0.01,0.032,109 83 108 82 110 78 73 114 74 76 84 117 104 116 43 77 75 80 120 81,109 83 108 82 110 78 73 114 74 76 84 117 104 116 43 77 75 80 120 81,simulation,db4,energy,83,200,200,0
W-NN,W-NN:k=5,18,3.0,0.02,0.068,76 77 79 82 84 83 110 112 113 114 115 116 81 85 109 117 107 75 80 105,108 76 107 109 112 80 111 77 113 81 82 110 115 78 79 116 114 83 84 85,simulation,db4,usage,83,200,200,0
W-QDA,W-QDA:qda,51,1.5,0.005,0.028,112 79 107 108 114 76 78 77 82 111 84 81 110 109 116 83 85 106 113 115,108 76 107 109 112 80 111 77 113 81 82 110 115 78 79 116 114 83 84 85,simulation,db4,usage,83,200,200,0
W-CART,W-CART:cart,27,2.0,0.025,0.066,79 107 112 76 77 84 81 78 83 111 114 116 82 108 75 106 110 113 117 109,108 76 107 109 112 80 111 77 113 81 82 110 115 78 79 116 114 83 84 85,simulation,db4,usage,83,200,200,0
ALL,W-QDA:qda,51,1.5,0.005,0.028,112 79 107 108 114 76 78 77 82 111 84 81 110 109 116 83 85 106 113 115,108 76 107 109 112 80 111 77 113 81 82 110 115 78 79 116 114 83 84 85,simulation,db4,usage,83,200,200,0
W-NN,W-NN:k=5,43,,0.04,0.032,105 83 85 106 86 84 79 75 113 117 114 115 108 76 104 87 77 107 74 78,105 83 85 106 86 84 79 75 113 117 114 115 108 76 104 87 77 107 74 78,simulation,db4,energy,84,200,200,0
W-QDA,W-QDA:qda,38,,0.01,0.02,105 83 85 106 86 84 79 75 113 117 114 115 108 76 104 87 77 107 74 78,105 83 85 106 86 84 79 75 113 117 114 115 108 76 104 87 77 107 74 78,simulation,db4,energy,84,200,200,0
W-CART,W-CART:cart,27,,0.05,0.066,105 83 85 106 86 84 79 75 113 117 114 115 108 76 104 87 77 107 74 78,105 83 85 106 86 84 79 75 113 117 114 115 108 76 104 87 77 107 74 78,simulation,db4,energy,84,200,200,0
ALL,W-QDA:qda,38,,0.01,0.02,105 83 85 106 86 84 79 75 113 117 114 115 108 76 104 87 77 107 74 78,105 83 85 106 86 84 79 75 113 117 114 115 108 76 104 87 77 107 74 78,simulation,db4,energy,84,200,200,0
W-NN,W-NN:k=5,53,2.0,0.02,0.06,114 76 77 83 78 74 107 112 113 115 82 106 75 79 111 80 108 109 117 84,77 76 114 79 80 113 111 107 112 78 81 115 82 109 110 84 108 83 75 116,simulation,db4,usage,84,200,200,0
W-QDA,W-QDA:qda,25,1.5,0.005,0.022,114 76 77 112 115 107 108 78 82 113 74 75 111 79 83 116 80 84 110 109,77 76 114 79 80 113 111 107 112 78 81 115 82 109 110 84 108 83 75 116,simulation,db4,usage,84,200,200,0
W-CART,W-CART:cart,26,0.5,0.035,0.088,110 80 77 111 78 79 76 81 113 107 109 112 115 108 114 82 84 106 116 83,77 76 114 79 80 113 111 107 112 78 81 115 82 109 110 84 108 83 75 116,simulation,db4,usage,84,200,200,0
ALL,W-QDA:qda,25,1.5,0.005,0.022,114 76 77 112 115 107 108 78 82 113 74 75 111 79 83 116 80 84 110 109,77 76 114 79 80 113 111 107 112 78 81 115 82 109 110 84 108 83 75 116,simulation,db4,usage,84,200,200,0
W-NN,W-NN:k=3,10,,0.075,0.106,117 76 75 116 73 115 108 114 74 109 72 113 57 81 119 77 118 83 105 71,117 76 75 116 73 115 108 114 74 109 72 113 57 81 119 77 118 83 105 71,simulation,db4,energy,85,200,200,0
W-QDA,W-QDA:qda,50,,0.03,0.032,117 76 75 116 73 115 108 114 74 109 72 113 57 81 119 77 118 83 105 71,117 76 75 116 73 115 108 114 74 109 72 113 57 81 119 77 118 83 105 71,simulation,db4,energy,85,200,200,0
W-CART,W-CART:cart,37,,0.07,0.062,117 76 75 116 73 115 108 114 74 109 72 113 57 81 119 77 118 83 105 71,117 76 75 116 73 115 108 114 74 109 72 113 57 81 119 77 118 83 105 71,simulation,db4,energy,85,200,200,0
ALL,W-QDA:qda,50,,0.03,0.032,117 76 75 116 73 115 108 114 74 109 72 113 57 81 119 77 118 83 105 71,117 76 75 116 73 115 108 114 74 109 72 113 57 81 119 77 118 83 105 71,simulation,db4,energy,85,200,200,0
W-NN,W-NN:k=3,33,3.0,0.09,0.09,75 76 115 113 74 77 114 116 112 117 80 79 82 78 111 73 81 108 118 72,77 76 114 115 112 113 79 80 75 116 78 74 81 111 117 110 82 108 109 73,simulation,db4,usage,85,200,200,0
W-QDA,W-QDA:qda,28,1.0,0.03,0.032,77 76 114 115 112 113 79 80 75 116 78 74 81 111 117 110 82 108 109 73,77 76 114 115 112 113 79 80 75 116 78 74 81 111 117 110 82 108 109 73,simulation,db4,usage,85,200,200,0
W-CART,W-CART:cart,38,2.0,0.07,0.056,75 114 76 115 77 112 113 116 74 111 78 79 80 117 81 73 118 82 83 110,77 76 114 115 112 113 79 80 75 116 78 74 81 111 117 110 82 108 109 73,simulation,db4,usage,85,200,200,0
ALL,W-QDA:qda,28,1.0,0.03,0.032,77 76 114 115 112 113 79 80 75 116 78 74 81 111 117 110 82 108 109 73,77 76 114 115 112 113 79 80 75 116 78 74 81 111 117 110 82 108 109 73,simulation,db4,usage,85,200,200,0
W-NN,W-NN:k=7,38,,0.04,0.054,114 84 108 38 106 115 37 109 110 81 80 112 105 78 113 86 79 82 107 74,114 84 108 38 106 115 37 109 110 81 80 112 105 78 113 86 79 82 107 74,simulation,db4,energy,86,200,200,0
W-QDA,W-QDA:qda,56,,0.035,0.022,114 84 108 38 106 115 37 109 110 81 80 112 105 78 113 86 79 82 107 74,114 84 108 38 106 115 37 109 110 81 80 112 105 78 113 86 79 82 107 74,simulation,db4,energy,86,200,200,0
W-CART,W-CART:cart,8,,0.08,0.108,114 84 108 38 106 115 37 109 110 81 80 112 105 78 113 86 79 82 107 74,114 84 108 38 106 115 37 109 110 81 80 112 105 78 113 86 79 82 107 74,simulation,db4,energy,86,200,200,0
ALL,W-QDA:qda,56,,0.035,0.022,114 84 108 38 106 115 37 109 110 81 80 112 105 78 113 86 79 82 107 74,114 84 108 38 106 115 37 109 110 81 80 112 105 78 113 86 79 82 107 74,simulation,db4,energy,86,200,200,0
W-NN,W-NN:k=5,61,1.5,0.035,0.05,114 78 112 113 80 79 108 110 81 111 76 82 75 107 115 77 84 109 116 106,78 112 111 80 110 113 108 114 79 109 115 76 81 77 82 75 107 84 106 83,simulation,db4,usage,86,200,200,0
W-QDA,W-QDA:qda,40,2.0,0.025,0.018,114 78 79 112 113 108 110 80 107 109 115 76 75 81 111 82 77 84 116 83,78 112 111 80 110 113 108 114 79 109 115 76 81 77 82 75 107 84 106 83,simulation,db4,usage,86,200,200,0
W-CART,W-CART:cart,57,0.5,0.065,0.094,79 112 78 113 110 111 80 108 81 109 77 82 114 115 76 75 83 84 107 106,78 112 111 80 110 113 108 114 79 109 115 76 81 77 82 75 107 84 106 83,simulation,db4,usage,86,200,200,0
ALL,W-QDA:qda,40,2.0,0.025,0.018,114 78 79 112 113 108 110 80 107 109 115 76 75 81 111 82 77 84 116 83,78 112 111 80 110 113 108 114 79 109 115 76 81 77 82 75 107 84 106 83,simulation,db4,usage,86,200,200,0
W-NN,W-NN:k=3,21,,0.055,0.074,111 112 104 81 86 79 80 106 78 109 110 82 76 108 107 84 119 117 105 74,111 112 104 81 86 79 80 106 78 109 110 82 76 108 107 84 119 117 105 74,simulation,db4,energy,87,200,200,0
W-QDA,W-QDA:qda,51,,0.01,0.016,111 112 104 81 86 79 80 106 78 109 110 82 76 108 107 84 119 117 105 74,111 112 104 81 86 79 80 106 78 109 110 82 76 108 107 84 119 117 105 74,simulation,db4,energy,87,200,200,0
W-CART,W-CART:cart,32,,0.04,0.058,111 112 104 81 86 79 80 106 78 109 110 82 76 108 107 84 119 117 105 74,111 112 104 81 86 79 80 106 78 109 110 82 76 108 107 84 119 117 105 74,simulation,db4,energy,87,200,200,0
ALL,W-QDA:qda,51,,0.01,0.016,111 112 104 81 86 79 80 106 78 109 110 82 76 108 107 84 119 117 105 74,111 112 104 81 86 79 80 106 78 109 110 82 76 108 107 84 119 117 105 74,simulation,db4,energy,87,200,200,0
W-NN,W-NN:k=7,50,1.0,0.035,0.054,111 81 110 82 78 109 79 108 112 107 114 77 80 76 83 106 115 84 113 75,111 81 110 82 78 109 79 108 112 107 114 77 80 76 83 106 115 84 113 75,simulation,db4,usage,87,200,200,0
W-QDA,W-QDA:qda,37,1.0,0.01,0.024,111 81 110 82 78 109 79 108 112 107 114 77 80 76 83 106 115 84 113 75,111 81 110 82 78 109 79 108 112 107 114 77 80 76 83 106 115 84 113 75,simulation,db4,usage,87,200,200,0
W-CART,W-CART:cart,58,1.0,0.03,0.066,111 81 110 82 78 109 79 108 112 107 114 77 80 76 83 106 115 84 113 75,111 81 110 82 78 109 79 108 112 107 114 77 80 76 83 106 115 84 113 75,simulation,db4,usage,87,200,200,0
ALL,W-QDA:qda,37,1.0,0.01,0.024,111 81 110 82 78 109 79 108 112 107 114 77 80 76 83 106 115 84 113 75,111 81 110 82 78 109 79 108 112 107 114 77 80 76 83 106 115 84 113 75,simulation,db4,usage,87,200,200,0
W-NN,W-NN:k=3,12,,0.065,0.086,113 104 86 118 52 87 73 110 78 81 108 80 79 105 82 115 112 109 116 111,113 104 86 118 52 87 73 110 78 81 108 80 79 105 82 115 112 109 116 111,simulation,db4,energy,88,200,200,0
W-QDA,W-QDA:qda,21,,0.005,0.022,113 104 86 118 52 87 73 110 78 81 108 80 79 105 82 115 112 109 116 111,113 104 86 118 52 87 73 110 78 81 108 80 79 105 82 115 112 109 116 111,simulation,db4,energy,88,200,200,0
W-CART,W-CART:cart,56,,0.075,0.072,113 104 86 118 52 87 73 110 78 81 108 80 79 105 82 115 112 109 116 111,113 104 86 118 52 87 73 110 78 81 108 80 79 105 82 115 112 109 116 111,simulation,db4,energy,88,200,200,0
ALL,W-QDA:qda,21,,0.005,0.022,113 104 86 118 52 87 73 110 78 81 108 80 79 105 82 115 112 109 116 111,113 104 86 118 52 87 73 110 78 81 108 80 79 105 82 115 112 109 116 111,simulation,db4,energy,88,200,200,0
W-NN,W-NN:k=1,15,3.0,0.045,0.056,83 82 81 114 79 109 108 84 111 77 86 106 110 115 78 80 107 113 112 85,83 80 81 111 108 82 79 106 112 109 113 114 110 115 78 77 107 76 84 75,simulation,db4,usage,88,200,200,0
W-QDA,W-QDA:qda,61,0.5,0.01,0.032,81 110 79 111 80 112 83 78 82 109 113 77 108 114 115 107 75 106 76 84,83 80 81 111 108 82 79 106 112 109 113 114 110 115 78 77 107 76 84 75,simulation,db4,usage,88,200,200,0
W-CART,W-CART:cart,29,1.0,0.065,0.082,83 80 81 111 108 82 79 106 112 109 113 114 110 115 78 77 107 76 84 75,83 80 81 111 108 82 79 106 112 109 113 114 110 115 78 77 107 76 84 75,simulation,db4,usage,88,200,200,0
ALL,W-QDA:qda,61,0.5,0.01,0.032,81 110 79 111 80 112 83 78 82 109 113 77 108 114 115 107 75 106 76 84,83 80 81 111 108 82 79 106 112 109 113 114 110 115 78 77 107 76 84 75,simulation,db4,usage,88,200,200,0
W-NN,W-NN:k=5,7,,0.025,0.1,83 217 117 41 110 74 166 112 79 109 81 111 113 80 108 77 118 84 75 73,83 217 117 41 110 74 166 112 79 109 81 111 113 80 108 77 118 84 75 73,simulation,db4,energy,89,200,200,0
W-QDA,W-QDA:qda,24,,0.005,0.026,83 217 117 41 110 74 166 112 79 109 81 111 113 80 108 77 118 84 75 73,83 217 117 41 110 74 166 112 79 109 81 111 113 80 108 77 118 84 75 73,simulation,db4,energy,89,200,200,0
W-CART,W-CART:cart,17,,0.05,0.122,83 217 117 41 110 74 166 112 79 109 81 111 113 80 108 77 118 84 75 73,83 217 117 41 110 74 166 112 79 109 81 111 113 80 108 77 118 84 75 73,simulation,db4,energy,89,200,200,0
ALL,W-QDA:qda,24,,0.005,0.026,83 217 117 41 110 74 166 112 79 109 81 111 113 80 108 77 118 84 75 73,83 217 117 41 110 74 166 112 79 109 81 111 113 80 108 77 118 84 75 73,simulation,db4,energy,89,200,200,0
W-NN,W-NN:k=3,18,2.0,0.015,0.062,83 82 110 114 107 115 74 84 113 73 76 108 116 75 81 109 117 85 77 79,112 80 76 82 113 114 115 77 111 79 108 110 78 83 75 81 84 74 109 107,simulation,db4,usage,89,200,200,0
W-QDA,W-QDA:qda,42,3.0,0.0,0.014,108 83 110 115 73 82 107 109 116 74 75 84 85 77 81 114 112 117 76 104,112 80 76 82 113 114 115 77 111 79 108 110 78 83 75 81 84 74 109 107,simulation,db4,usage,89,200,200,0
W-CART,W-CART:cart,29,3.0,0.03,0.06,108 83 110 115 73 82 107 109 116 74 75 84 85 77 81 114 112 117 76 104,112 80 76 82 113 114 115 77 111 79 108 110 78 83 75 81 84 74 109 107,simulation,db4,usage,89,200,200,0
ALL,W-QDA:qda,42,3.0,0.0,0.014,108 83 110 115 73 82 107 109 116 74 75 84 85 77 81 114 112 117 76 104,112 80 76 82 113 114 115 77 111 79 108 110 78 83 75 81 84 74 109 107,simulation,db4,usage,89,200,200,0
W-NN,W-NN:k=5,27,,0.045,0.072,80 110 111 81 79 105 112 82 78 102 115 88 121 109 77 120 70 119 86 108,80 110 111 81 79 105 112 82 78 102 115 88 121 109 77 120 70 119 86 108,simulation,db4,energy,90,200,200,0
W-QDA,W-QDA:qda,18,,0.005,0.018,80 110 111 81 79 105 112 82 78 102 115 88 121 109 77 120 70 119 86 108,80 110 111 81 79 105 112 82 78 102 115 88 121 109 77 120 70 119 86 108,simulation,db4,energy,90,200,200,0
W-CART,W-CART:cart,25,,0.05,0.086,80 110 111 81 79 105 112 82 78 102 115 88 121 109 77 120 70 119 86 108,80 110 111 81 79 105 112 82 78 102 115 88 121 109 77 120 70 119 86 108,simulation,db4,energy,90,200,200,0
ALL,W-QDA:qda,18,,0.005,0.018,80 110 111 81 79 105 112 82 78 102 115 88 121 109 77 120 70 119 86 108,80 110 111 81 79 105 112 82 78 102 115 88 121 109 77 120 70 119 86 108,simulation,db4,energy,90,200,200,0
W-NN,W-NN:k=9,27,1.0,0.015,0.048,81 80 82 111 112 109 79 113 110 77 78 108 76 83 114 107 74 75 116 84,81 80 82 111 112 109 79 113 110 77 78 108 76 83 114 107 74 75 116 84,simulation,db4,usage,90,200,200,0
W-QDA,W-QDA:qda,34,2.0,0.005,0.012,79 81 80 82 78 113 109 110 111 74 112 75 77 76 107 108 83 114 117 116,81 80 82 111 112 109 79 113 110 77 78 108 76 83 114 107 74 75 116 84,simulation,db4,usage,90,200,200,0
W-CART,W-CART:cart,31,3.0,0.04,0.094,80 81 110 111 79 82 75 77 107 78 112 109 113 108 74 114 83 115 116 73,81 80 82 111 112 109 79 113 110 77 78 108 76 83 114 107 74 75 116 84,simulation,db4,usage,90,200,200,0
ALL,W-QDA:qda,34,2.0,0.005,0.012,79 81 80 82 78 113 109 110 111 74 112 75 77 76 107 108 83 114 117 116,81 80 82 111 112 109 79 113 110 77 78 108 76 83 114 107 74 75 116 84,simulation,db4,usage,90,200,200,0
W-NN,W-NN:k=7,25,,0.03,0.062,111 107 115 81 108 113 79 80 75 112 109 114 76 87 78 82 117 83 105 77,111 107 115 81 108 113 79 80 75 112 109 114 76 87 78 82 117 83 105 77,simulation,db4,energy,91,200,200,0
W-QDA,W-QDA:qda,28,,0.01,0.024,111 107 115 81 108 113 79 80 75 112 109 114 76 87 78 82 117 83 105 77,111 107 115 81 108 113 79 80 75 112 109 114 76 87 78 82 117 83 105 77,simulation,db4,energy,91,200,200,0
W-CART,W-CART:cart,16,,0.045,0.092,111 107 115 81 108 113 79 80 75 112 109 114 76 87 78 82 117 83 105 77,111 107 115 81 108 113 79 80 75 112 109 114 76 87 78 82 117 83 105 77,simulation,db4,energy,91,200,200,0
ALL,W-QDA:qda,28,,0.01,0.024,111 107 115 81 108 113 79 80 75 112 109 114 76 87 78 82 117 83 105 77,111 107 115 81 108 113 79 80 75 112 109 114 76 87 78 82 117 83 105 77,simulation,db4,energy,91,200,200,0
W-NN,W-NN:k=7,46,1.0,0.025,0.08,114 81 111 77 78 113 76 79 112 80 82 109 83 115 110 108 116 84 75 117,114 81 111 77 78 113 76 79 112 80 82 109 83 115 110 108 116 84 75 117,simulation,db4,usage,91,200,200,0
W-QDA,W-QDA:qda,26,2.0,0.01,0.028,114 78 76 77 81 112 80 111 113 83 115 79 116 82 109 108 75 84 110 117,114 81 111 77 78 113 76 79 112 80 82 109 83 115 110 108 116 84 75 117,simulation,db4,usage,91,200,200,0
W-CART,W-CART:cart,24,0.5,0.06,0.094,111 79 114 80 113 81 110 78 76 77 112 109 82 108 83 115 84 116 107 74,114 81 111 77 78 113 76 79 112 80 82 109 83 115 110 108 116 84 75 117,simulation,db4,usage,91,200,200,0
ALL,W-QDA:qda,26,2.0,0.01,0.028,114 78 76 77 81 112 80 111 113 83 115 79 116 82 109 108 75 84 110 117,114 81 111 77 78 113 76 79 112 80 82 109 83 115 110 108 116 84 75 117,simulation,db4,usage,91,200,200,0
W-NN,W-NN:k=15,43,,0.055,0.052,79 75 110 107 115 112 116 81 82 84 108 78 74 39 83 109 113 80 76 114,79 75 110 107 115 112 116 81 82 84 108 78 74 39 83 109 113 80 76 114,simulation,db4,energy,92,200,200,0
W-QDA,W-QDA:qda,30,,0.025,0.016,79 75 110 107 115 112 116 81 82 84 108 78 74 39 83 109 113 80 76 114,79 75 110 107 115 112 116 81 82 84 108 78 74 39 83 109 113 80 76 114,simulation,db4,energy,92,200,200,0
W-CART,W-CART:cart,47,,0.08,0.064,79 75 110 107 115 112 116 81 82 84 108 78 74 39 83 109 113 80 76 114,79 75 110 107 115 112 116 81 82 84 108 78 74 39 83 109 113 80 76 114,simulation,db4,energy,92,200,200,0
ALL,W-QDA:qda,30,,0.025,0.016,79 75 110 107 115 112 116 81 82 84 108 78 74 39 83 109 113 80 76 114,79 75 110 107 115 112 116 81 82 84 108 78 74 39 83 109 113 80 76 114,simulation,db4,energy,92,200,200,0
W-NN,W-NN:k=3,19,1.5,0.055,0.066,81 80 114 78 79 110 109 108 115 76 77 82 112 83 111 113 117 75 106 107,81 114 80 77 79 109 78 83 108 113 82 110 76 111 116 115 112 107 117 75,simulation,db4,usage,92,200,200,0
W-QDA,W-QDA:qda,29,2.0,0.02,0.014,81 80 78 76 108 110 114 115 79 82 109 116 75 77 107 113 117 111 112 106,81 114 80 77 79 109 78 83 108 113 82 110 76 111 116 115 112 107 117 75,simulation,db4,usage,92,200,200,0
W-CART,W-CART:cart,32,3.0,0.055,0.064,81 79 76 78 80 82 108 115 110 116 109 114 111 75 77 107 117 118 112 74,81 114 80 77 79 109 78 83 108 113 82 110 76 111 116 115 112 107 117 75,simulation,db4,usage,92,200,200,0
ALL,W-QDA:qda,29,2.0,0.02,0.014,81 80 78 76 108 110 114 115 79 82 109 116 75 77 107 113 117 111 112 106,81 114 80 77 79 109 78 83 108 113 82 110 76 111 116 115 112 107 117 75,simulation,db4,usage,92,200,200,0
W-NN,W-NN:k=5,50,,0.025,0.084,106 84 111 233 42 85 74 79 78 117 112 120 80 116 105 86 87 108 109 81,106 84 111 233 42 85 74 79 78 117 112 120 80 116 105 86 87 108 109 81,simulation,db4,energy,93,200,200,0
W-QDA,W-QDA:qda,27,,0.0,0.014,106 84 111 233 42 85 74 79 78 117 112 120 80 116 105 86 87 108 109 81,106 84 111 233 42 85 74 79 78 117 112 120 80 116 105 86 87 108 109 81,simulation,db4,energy,93,200,200,0
W-CART,W-CART:cart,10,,0.055,0.082,106 84 111 233 42 85 74 79 78 117 112 120 80 116 105 86 87 108 109 81,106 84 111 233 42 85 74 79 78 117 112 120 80 116 105 86 87 108 109 81,simulation,db4,energy,93,200,200,0
ALL,W-QDA:qda,27,,0.0,0.014,106 84 111 233 42 85 74 79 78 117 112 120 80 116 105 86 87 108 109 81,106 84 111 233 42 85 74 79 78 117 112 120 80 116 105 86 87 108 109 81,simulation,db4,energy,93,200,200,0
W-NN,W-NN:k=5,32,1.5,0.05,0.088,109 81 82 77 83 108 107 106 112 78 84 111 79 110 80 113 85 114 76 86,109 80 82 81 83 112 84 110 77 107 113 79 111 106 108 78 76 85 114 105,simulation,db4,usage,93,200,200,0
W-QDA,W-QDA:qda,26,1.5,0.0,0.016,109 81 82 77 83 108 107 106 112 78 84 111 79 110 80 113 85 114 76 86,109 80 82 81 83 112 84 110 77 107 113 79 111 106 108 78 76 85 114 105,simulation,db4,usage,93,200,200,0
W-CART,W-CART:cart,23,0.5,0.035,0.086,82 109 108 112 80 81 110 79 84 111 107 83 78 113 77 85 106 114 76 115,109 80 82 81 83 112 84 110 77 107 113 79 111 106 108 78 76 85 114 105,simulation,db4,usage,93,200,200,0
ALL,W-QDA:qda,26,1.5,0.0,0.016,109 81 82 77 83 108 107 106 112 78 84 111 79 110 80 113 85 114 76 86,109 80 82 81 83 112 84 110 77 107 113 79 111 106 108 78 76 85 114 105,simulation,db4,usage,93,200,200,0
W-NN,W-NN:k=3,40,,0.055,0.076,76 75 116 81 111 109 163 77 153 79 115 113 108 307 103 74 114 118 71 104,76 75 116 81 111 109 163 77 153 79 115 113 108 307 103 74 114 118 71 104,simulation,db4,energy,94,200,200,0
W-QDA,W-QDA:qda,64,,0.005,0.024,76 75 116 81 111 109 163 77 153 79 115 113 108 307 103 74 114 118 71 104,76 75 116 81 111 109 163 77 153 79 115 113 108 307 103 74 114 118 71 104,simulation,db4,energy,94,200,200,0
W-CART,W-CART:cart,46,,0.05,0.086,76 75 116 81 111 109 163 77 153 79 115 113 108 307 103 74 114 118 71 104,76 75 116 81 111 109 163 77 153 79 115 113 108 307 103 74 114 118 71 104,simulation,db4,energy,94,200,200,0
ALL,W-QDA:qda,64,,0.005,0.024,76 75 116 81 111 109 163 77 153 79 115 113 108 307 103 74 114 118 71 104,76 75 116 81 111 109 163 77 153 79 115 113 108 307 103 74 114 118 71 104,simulation,db4,energy,94,200,200,0
W-NN,W-NN:k=15,44,3.0,0.04,0.084,116 75 76 77 74 114 115 117 118 111 72 85 108 73 113 112 119 78 79 81,78 113 115 75 77 79 76 80 116 112 111 114 74 81 110 108 109 82 117 107,simulation,db4,usage,94,200,200,0
W-QDA,W-QDA:qda,27,0.5,0.005,0.026,78 113 79 80 81 112 111 115 76 77 110 75 114 116 74 82 109 117 108 73,78 113 115 75 77 79 76 80 116 112 111 114 74 81 110 108 109 82 117 107,simulation,db4,usage,94,200,200,0
W-CART,W-CART:cart,56,1.5,0.045,0.084,77 115 116 75 78 79 76 80 113 74 111 81 114 112 110 108 109 82 72 118,78 113 115 75 77 79 76 80 116 112 111 114 74 81 110 108 109 82 117 107,simulation,db4,usage,94,200,200,0
ALL,W-QDA:qda,27,0.5,0.005,0.026,78 113 79 80 81 112 111 115 76 77 110 75 114 116 74 82 109 117 108 73,78 113 115 75 77 79 76 80 116 112 111 114 74 81 110 108 109 82 117 107,simulation,db4,usage,94,200,200,0
W-NN,W-NN:k=7,11,,0.025,0.08,120 110 82 109 111 80 85 75 84 74 108 118 117 115 81 119 71 106 113 73,120 110 82 109 111 80 85 75 84 74 108 118 117 115 81 119 71 106 113 73,simulation,db4,energy,95,200,200,0
W-QDA,W-QDA:qda,30,,0.005,0.032,120 110 82 109 111 80 85 75 84 74 108 118 117 115 81 119 71 106 113 73,120 110 82 109 111 80 85 75 84 74 108 118 117 115 81 119 71 106 113 73,simulation,db4,energy,95,200,200,0
W-CART,W-CART:cart,9,,0.05,0.108,120 110 82 109 111 80 85 75 84 74 108 118 117 115 81 119 71 106 113 73,120 110 82 109 111 80 85 75 84 74 108 118 117 115 81 119 71 106 113 73,simulation,db4,energy,95,200,200,0
ALL,W-QDA:qda,30,,0.005,0.032,120 110 82 109 111 80 85 75 84 74 108 118 117 115 81 119 71 106 113 73,120 110 82 109 111 80 85 75 84 74 108 118 117 115 81 119 71 106 113 73,simulation,db4,energy,95,200,200,0
W-NN,W-NN:k=9,23,3.0,0.03,0.074,110 113 108 80 79 84 112 115 111 74 77 78 85 107 75 82 83 81 109 73,111 109 80 78 112 77 110 113 108 82 79 83 114 75 81 76 116 74 115 107,simulation,db4,usage,95,200,200,0
W-QDA,W-QDA:qda,37,1.5,0.005,0.022,113 109 110 78 80 77 108 82 111 112 114 83 79 81 75 76 116 107 74 84,111 109 80 78 112 77 110 113 108 82 79 83 114 75 81 76 116 74 115 107,simulation,db4,usage,95,200,200,0
W-CART,W-CART:cart,28,2.0,0.05,0.09,113 110 80 108 83 111 79 82 109 77 78 112 107 114 81 75 76 84 115 74,111 109 80 78 112 77 110 113 108 82 79 83 114 75 81 76 116 74 115 107,simulation,db4,usage,95,200,200,0
ALL,W-QDA:qda,37,1.5,0.005,0.022,113 109 110 78 80 77 108 82 111 112 114 83 79 81 75 76 116 107 74 84,111 109 80 78 112 77 110 113 108 82 79 83 114 75 81 76 116 74 115 107,simulation,db4,usage,95,200,200,0
W-NN,W-NN:k=7,40,,0.04,0.078,106 78 112 74 105 85 116 117 111 114 107 73 118 110 79 80 75 77 113 58,106 78 112 74 105 85 116 117 111 114 107 73 118 110 79 80 75 77 113 58,simulation,db4,energy,96,200,200,0
W-QDA,W-QDA:qda,43,,0.015,0.03,106 78 112 74 105 85 116 117 111 114 107 73 118 110 79 80 75 77 113 58,106 78 112 74 105 85 116 117 111 114 107 73 118 110 79 80 75 77 113 58,simulation,db4,energy,96,200,200,0
W-CART,W-CART:cart,11,,0.045,0.118,106 78 112 74 105 85 116 117 111 114 107 73 118 110 79 80 75 77 113 58,106 78 112 74 105 85 116 117 111 114 107 73 118 110 79 80 75 77 113 58,simulation,db4,energy,96,200,200,0
ALL,W-QDA:qda,43,,0.015,0.03,106 78 112 74 105 85 116 117 111 114 107 73 118 110 79 80 75 77 113 58,106 78 112 74 105 85 116 117 111 114 107 73 118 110 79 80 75 77 113 58,simulation,db4,energy,96,200,200,0
W-NN,W-NN:k=9,31,2.0,0.025,0.058,112 76 78 77 113 79 80 114 117 110 115 108 116 75 111 74 109 84 107 81,112 77 110 79 80 113 109 111 75 76 115 108 78 114 117 81 82 116 107 83,simulation,db4,usage,96,200,200,0
W-QDA,W-QDA:qda,24,3.0,0.01,0.048,112 78 77 116 117 113 114 76 79 108 74 80 75 107 115 73 109 85 110 111,112 77 110 79 80 113 109 111 75 76 115 108 78 114 117 81 82 116 107 83,simulation,db4,usage,96,200,200,0
W-CART,W-CART:cart,14,3.0,0.065,0.11,112 78 77 116 117 113 114 76 79 108 74 80 75 107 115 73 109 85 110 111,112 77 110 79 80 113 109 111 75 76 115 108 78 114 117 81 82 116 107 83,simulation,db4,usage,96,200,200,0
ALL,W-QDA:qda,24,3.0,0.01,0.048,112 78 77 116 117 113 114 76 79 108 74 80 75 107 115 73 109 85 110 111,112 77 110 79 80 113 109 111 75 76 115 108 78 114 117 81 82 116 107 83,simulation,db4,usage,96,200,200,0
W-NN,W-NN:k=25,54,,0.03,0.106,86 83 103 112 104 85 109 108 81 88 105 115 102 87 80 106 75 111 39 79,86 83 103 112 104 85 109 108 81 88 105 115 102 87 80 106 75 111 39 79,simulation,db4,energy,97,200,200,0
W-QDA,W-QDA:qda,56,,0.0,0.026,86 83 103 112 104 85 109 108 81 88 105 115 102 87 80 106 75 111 39 79,86 83 103 112 104 85 109 108 81 88 105 115 102 87 80 106 75 111 39 79,simulation,db4,energy,97,200,200,0
W-CART,W-CART:cart,42,,0.035,0.086,86 83 103 112 104 85 109 108 81 88 105 115 102 87 80 106 75 111 39 79,86 83 103 112 104 85 109 108 81 88 105 115 102 87 80 106 75 111 39 79,simulation,db4,energy,97,200,200,0
ALL,W-QDA:qda,56,,0.0,0.026,86 83 103 112 104 85 109 108 81 88 105 115 102 87 80 106 75 111 39 79,86 83 103 112 104 85 109 108 81 88 105 115 102 87 80 106 75 111 39 79,simulation,db4,energy,97,200,200,0
W-NN,W-NN:k=5,41,1.0,0.035,0.078,80 109 111 113 78 81 110 77 82 112 83 79 106 108 114 76 86 107 115 85,80 109 111 113 78 81 110 77 82 112 83 79 106 108 114 76 86 107 115 85,simulation,db4,usage,97,200,200,0
W-QDA,W-QDA:qda,62,3.0,0.0,0.03,109 78 83 106 111 112 81 85 108 105 113 115 76 84 75 110 116 80 82 86,80 109 111 113 78 81 110 77 82 112 83 79 106 108 114 76 86 107 115 85,simulation,db4,usage,97,200,200,0
W-CART,W-CART:cart,41,3.0,0.035,0.076,109 78 83 106 111 112 81 85 108 105 113 115 76 84 75 110 116 80 82 86,80 109 111 113 78 81 110 77 82 112 83 79 106 108 114 76 86 107 115 85,simulation,db4,usage,97,200,200,0
ALL,W-QDA:qda,62,3.0,0.0,0.03,109 78 83 106 111 112 81 85 108 105 113 115 76 84 75 110 116 80 82 86,80 109 111 113 78 81 110 77 82 112 83 79 106 108 114 76 86 107 115 85,simulation,db4,usage,97,200,200,0
W-NN,W-NN:k=3,41,,0.06,0.072,80 73 112 110 76 115 84 117 75 116 107 77 79 81 118 119 74 113 111 78,80 73 112 110 76 115 84 117 75 116 107 77 79 81 118 119 74 113 111 78,simulation,db4,energy,98,200,200,0
W-QDA,W-QDA:qda,38,,0.01,0.016,80 73 112 110 76 115 84 117 75 116 107 77 79 81 118 119 74 113 111 78,80 73 112 110 76 115 84 117 75 116 107 77 79 81 118 119 74 113 111 78,simulation,db4,energy,98,200,200,0
W-CART,W-CART:cart,18,,0.045,0.094,80 73 112 110 76 115 84 117 75 116 107 77 79 81 118 119 74 113 111 78,80 73 112 110 76 115 84 117 75 116 107 77 79 81 118 119 74 113 111 78,simulation,db4,energy,98,200,200,0
ALL,W-QDA:qda,38,,0.01,0.016,80 73 112 110 76 115 84 117 75 116 107 77 79 81 118 119 74 113 111 78,80 73 112 110 76 115 84 117 75 116 107 77 79 81 118 119 74 113 111 78,simulation,db4,energy,98,200,200,0
W-NN,W-NN:k=15,63,1.0,0.035,0.068,78 113 77 76 114 116 81 109 112 115 75 79 80 110 108 111 82 83 84 117,78 113 77 76 114 116 81 109 112 115 75 79 80 110 108 111 82 83 84 117,simulation,db4,usage,98,200,200,0
W-QDA,W-QDA:qda,25,1.5,0.005,0.032,77 76 78 113 110 114 115 116 75 81 80 109 112 79 108 111 83 117 84 82,78 113 77 76 114 116 81 109 112 115 75 79 80 110 108 111 82 83 84 117,simulation,db4,usage,98,200,200,0
W-CART,W-CART:cart,23,1.5,0.045,0.092,77 76 78 113 110 114 115 116 75 81 80 109 112 79 108 111 83 117 84 82,78 113 77 76 114 116 81 109 112 115 75 79 80 110 108 111 82 83 84 117,simulation,db4,usage,98,200,200,0
ALL,W-QDA:qda,25,1.5,0.005,0.032,77 76 78 113 110 114 115 116 75 81 80 109 112 79 108 111 83 117 84 82,78 113 77 76 114 116 81 109 112 115 75 79 80 110 108 111 82 83 84 117,simulation,db4,usage,98,200,200,0
W-NN,W-NN:k=1,28,,0.1,0.124,76 77 114 112 79 74 88 115 120 70 111 72 113 75 57 119 103 56 117 73,76 77 114 112 79 74 88 115 120 70 111 72 113 75 57 119 103 56 117 73,simulation,db4,energy,99,200,200,0
W-QDA,W-QDA:qda,12,,0.03,0.044,76 77 114 112 79 74 88 115 120 70 111 72 113 75 57 119 103 56 117 73,76 77 114 112 79 74 88 115 120 70 111 72 113 75 57 119 103 56 117 73,simulation,db4,energy,99,200,200,0
W-CART,W-CART:cart,34,,0.065,0.07,76 77 114 112 79 74 88 115 120 70 111 72 113 75 57 119 103 56 117 73,76 77 114 112 79 74 88 115 120 70 111 72 113 75 57 119 103 56 117 73,simulation,db4,energy,99,200,200,0
ALL,W-QDA:qda,12,,0.03,0.044,76 77 114 112 79 74 88 115 120 70 111 72 113 75 57 119 103 56 117 73,76 77 114 112 79 74 88 115 120 70 111 72 113 75 57 119 103 56 117 73,simulation,db4,energy,99,200,200,0
W-NN,W-NN:k=5,24,1.0,0.025,0.062,77 112 76 113 114 110 111 79 80 109 82 115 75 78 116 81 83 107 74 108,77 112 76 113 114 110 111 79 80 109 82 115 75 78 116 81 83 107 74 108,simulation,db4,usage,99,200,200,0
W-QDA,W-QDA:qda,23,1.5,0.025,0.04,77 112 114 111 75 76 80 82 110 115 113 116 78 79 109 81 83 108 74 107,77 112 76 113 114 110 111 79 80 109 82 115 75 78 116 81 83 107 74 108,simulation,db4,usage,99,200,200,0
W-CART,W-CART:cart,57,0.5,0.065,0.086,111 77 79 80 112 113 110 76 78 114 115 75 81 82 109 108 116 83 117 107,77 112 76 113 114 110 111 79 80 109 82 115 75 78 116 81 83 107 74 108,simulation,db4,usage,99,200,200,0
ALL,W-QDA:qda,23,1.5,0.025,0.04,77 112 114 111 75 76 80 82 110 115 113 116 78 79 109 81 83 108 74 107,77 112 76 113 114 110 111 79 80 109 82 115 75 78 116 81 83 107 74 108,simulation,db4,usage,99,200,200,0
W-NN,W-NN:k=7,30,,0.0375,0.058,80 76 115 117 77 108 73 75 112 118 79 86 82 114 105 116 85 109 106 119,80 76 115 117 77 108 73 75 112 118 79 86 82 114 105 116 85 109 106 119,simulation,db4,energy,0,400,400,0
W-QDA,W-QDA:qda,32,,0.0075,0.024,80 76 115 117 77 108 73 75 112 118 79 86 82 114 105 116 85 109 106 119,80 76 115 117 77 108 73 75 112 118 79 86 82 114 105 116 85 109 106 119,simulation,db4,energy,0,400,400,0
W-CART,W-CART:cart,39,,0.05,0.07,80 76 115 117 77 108 73 75 112 118 79 86 82 114 105 116 85 109 106 119,80 76 115 117 77 108 73 75 112 118 79 86 82 114 105 116 85 109 106 119,simulation,db4,energy,0,400,400,0
ALL,W-QDA:qda,32,,0.0075,0.024,80 76 115 117 77 108 73 75 112 118 79 86 82 114 105 116 85 109 106 119,80 76 115 117 77 108 73 75 112 118 79 86 82 114 105 116 85 109 106 119,simulation,db4,energy,0,400,400,0
W-NN,W-NN:k=15,45,1.5,0.03,0.038,75 78 114 111 112 77 113 116 79 80 115 82 76 110 81 117 109 107 74 73,78 79 77 111 112 114 80 82 113 75 116 81 115 76 110 117 83 109 74 108,simulation,db4,usage,0,400,400,0
W-QDA,W-QDA:qda,27,1.0,0.0025,0.018,78 79 77 111 112 114 80 82 113 75 116 81 115 76 110 117 83 109 74 108,78 79 77 111 112 114 80 82 113 75 116 81 115 76 110 117 83 109 74 108,simulation,db4,usage,0,400,400,0
W-CART,W-CART:cart,34,0.5,0.03,0.068,78 111 79 113 77 81 110 112 114 80 115 76 82 116 75 109 108 83 117 74,78 79 77 111 112 114 80 82 113 75 116 81 115 76 110 117 83 109 74 108,simulation,db4,usage,0,400,400,0
ALL,W-QDA:qda,27,1.0,0.0025,0.018,78 79 77 111 112 114 80 82 113 75 116 81 115 76 110 117 83 109 74 108,78 79 77 111 112 114 80 82 113 75 116 81 115 76 110 117 83 109 74 108,simulation,db4,usage,0,400,400,0
W-NN,W-NN:k=9,38,,0.03,0.048,76 115 72 116 78 87 117 113 77 119 114 75 104 118 82 103 73 74 111 79,76 115 72 116 78 87 117 113 77 119 114 75 104 118 82 103 73 74 111 79,simulation,db4,energy,1,400,400,0
W-QDA,W-QDA:qda,58,,0.005,0.01,76 115 72 116 78 87 117 113 77 119 114 75 104 118 82 103 73 74 111 79,76 115 72 116 78 87 117 113 77 119 114 75 104 118 82 103 73 74 111 79,simulation,db4,energy,1,400,400,0
W-CART,W-CART:cart,39,,0.05,0.054,76 115 72 116 78 87 117 113 77 119 114 75 104 118 82 103 73 74 111 79,76 115 72 116 78 87 117 113 77 119 114 75 104 118 82 103 73 74 111 79,simulation,db4,energy,1,400,400,0
ALL,W-QDA:qda,58,,0.005,0.01,76 115 72 116 78 87 117 113 77 119 114 75 104 118 82 103 73 74 111 79,76 115 72 116 78 87 117 113 77 119 114 75 104 118 82 103 73 74 111 79,simulation,db4,energy,1,400,400,0
W-NN,W-NN:k=15,37,2.0,0.0275,0.06,114 78 113 76 77 115 112 80 75 111 79 110 109 116 81 74 83 82 117 73,79 112 114 113 78 111 81 80 110 77 76 109 82 75 115 116 83 108 117 74,simulation,db4,usage,1,400,400,0
W-QDA,W-QDA:qda,45,1.0,0.0025,0.016,79 112 114 113 78 111 81 80 110 77 76 109 82 75 115 116 83 108 117 74,79 112 114 113 78 111 81 80 110 77 76 109 82 75 115 116 83 108 117 74,simulation,db4,usage,1,400,400,0
W-CART,W-CART:cart,26,2.0,0.0475,0.084,114 78 113 76 77 115 112 80 75 111 79 110 109 116 81 74 83 82 117 73,79 112 114 113 78 111 81 80 110 77 76 109 82 75 115 116 83 108 117 74,simulation,db4,usage,1,400,400,0
ALL,W-QDA:qda,45,1.0,0.0025,0.016,79 112 114 113 78 111 81 80 110 77 76 109 82 75 115 116 83 108 117 74,79 112 114 113 78 111 81 80 110 77 76 109 82 75 115 116 83 108 117 74,simulation,db4,usage,1,400,400,0
W-NN,W-NN:k=15,30,,0.03,0.05,75 116 111 115 112 79 78 80 76 109 117 77 86 81 107 41 108 85 110 58,75 116 111 115 112 79 78 80 76 109 117 77 86 81 107 41 108 85 110 58,simulation,db4,energy,2,400,400,0
W-QDA,W-QDA:qda,52,,0.0125,0.014,75 116 111 115 112 79 78 80 76 109 117 77 86 81 107 41 108 85 110 58,75 116 111 115 112 79 78 80 76 109 117 77 86 81 107 41 108 85 110 58,simulation,db4,energy,2,400,400,0
W-CART,W-CART:cart,19,,0.0775,0.072,75 116 111 115 112 79 78 80 76 109 117 77 86 81 107 41 108 85 110 58,75 116 111 115 112 79 78 80 76 109 117 77 86 81 107 41 108 85 110 58,simulation,db4,energy,2,400,400,0
ALL,W-QDA:qda,52,,0.0125,0.014,75 116 111 115 112 79 78 80 76 109 117 77 86 81 107 41 108 85 110 58,75 116 111 115 112 79 78 80 76 109 117 77 86 81 107 41 108 85 110 58,simulation,db4,energy,2,400,400,0
W-NN,W-NN:k=9,25,1.0,0.025,0.048,81 110 113 80 111 79 109 78 82 77 76 112 114 83 108 84 107 75 115 116,81 110 113 80 111 79 109 78 82 77 76 112 114 83 108 84 107 75 115 116,simulation,db4,usage,2,400,400,0
W-QDA,W-QDA:qda,47,3.0,0.01,0.018,78 80 116 109 76 81 77 79 115 107 110 113 111 83 84 85 108 114 117 106,81 110 113 80 111 79 109 78 82 77 76 112 114 83 108 84 107 75 115 116,simulation,db4,usage,2,400,400,0
W-CART,W-CART:cart,25,1.0,0.0625,0.06,81 110 113 80 111 79 109 78 82 77 76 112 114 83 108 84 107 75 115 116,81 110 113 80 111 79 109 78 82 77 76 112 114 83 108 84 107 75 115 116,simulation,db4,usage,2,400,400,0
ALL,W-QDA:qda,47,3.0,0.01,0.018,78 80 116 109 76 81 77 79 115 107 110 113 111 83 84 85 108 114 117 106,81 110 113 80 111 79 109 78 82 77 76 112 114 83 108 84 107 75 115 116,simulation,db4,usage,2,400,400,0
W-NN,W-NN:k=3,35,,0.035,0.038,81 116 74 109 113 110 79 72 111 77 78 112 73 115 84 104 85 87 75 107,81 116 74 109 113 110 79 72 111 77 78 112 73 115 84 104 85 87 75 107,simulation,db4,energy,3,400,400,0
W-QDA,W-QDA:qda,41,,0.01,0.014,81 116 74 109 113 110 79 72 111 77 78 112 73 115 84 104 85 87 75 107,81 116 74 109 113 110 79 72 111 77 78 112 73 115 84 104 85 87 75 107,simulation,db4,energy,3,400,400,0
W-CART,W-CART:cart,19,,0.055,0.052,81 116 74 109 113 110 79 72 111 77 78 112 73 115 84 104 85 87 75 107,81 116 74 109 113 110 79 72 111 77 78 112 73 115 84 104 85 87 75 107,simulation,db4,energy,3,400,400,0
ALL,W-QDA:qda,41,,0.01,0.014,81 116 74 109 113 110 79 72 111 77 78 112 73 115 84 104 85 87 75 107,81 116 74 109 113 110 79 72 111 77 78 112 73 115 84 104 85 87 75 107,simulation,db4,energy,3,400,400,0
W-NN,W-NN:k=9,30,1.0,0.035,0.024,79 80 78 114 113 112 81 76 77 111 75 82 108 109 115 83 110 74 84 107,79 80 78 114 113 112 81 76 77 111 75 82 108 109 115 83 110 74 84 107,simulation,db4,usage,3,400,400,0
W-QDA,W-QDA:qda,54,3.0,0.01,0.016,79 115 75 116 114 78 109 76 81 83 113 82 107 74 84 106 111 80 108 110,79 80 78 114 113 112 81 76 77 111 75 82 108 109 115 83 110 74 84 107,simulation,db4,usage,3,400,400,0
W-CART,W-CART:cart,17,3.0,0.0575,0.078,79 115 75 116 114 78 109 76 81 83 113 82 107 74 84 106 111 80 108 110,79 80 78 114 113 112 81 76 77 111 75 82 108 109 115 83 110 74 84 107,simulation,db4,usage,3,400,400,0
ALL,W-QDA:qda,54,3.0,0.01,0.016,79 115 75 116 114 78 109 76 81 83 113 82 107 74 84 106 111 80 108 110,79 80 78 114 113 112 81 76 77 111 75 82 108 109 115 83 110 74 84 107,simulation,db4,usage,3,400,400,0
W-NN,W-NN:k=3,63,,0.07,0.096,109 104 83 82 106 79 86 118 87 111 71 76 120 85 81 110 72 112 84 105,109 104 83 82 106 79 86 118 87 111 71 76 120 85 81 110 72 112 84 105,simulation,db4,energy,4,400,400,0
W-QDA,W-QDA:qda,40,,0.02,0.02,109 104 83 82 106 79 86 118 87 111 71 76 120 85 81 110 72 112 84 105,109 104 83 82 106 79 86 118 87 111 71 76 120 85 81 110 72 112 84 105,simulation,db4,energy,4,400,400,0
W-CART,W-CART:cart,42,,0.08,0.09,109 104 83 82 106 79 86 118 87 111 71 76 120 85 81 110 72 112 84 105,109 104 83 82 106 79 86 118 87 111 71 76 120 85 81 110 72 112 84 105,simulation,db4,energy,4,400,400,0
ALL,W-QDA:qda,40,,0.02,0.02,109 104 83 82 106 79 86 118 87 111 71 76 120 85 81 110 72 112 84 105,109 104 83 82 106 79 86 118 87 111 71 76 120 85 81 110 72 112 84 105,simulation,db4,energy,4,400,400,0
W-NN,W-NN:k=25,35,3.0,0.065,0.046,83 84 107 108 110 81 106 111 112 80 105 85 109 79 104 86 78 113 82 76,81 108 109 110 112 84 111 78 107 113 79 83 80 82 114 106 77 85 115 105,simulation,db4,usage,4,400,400,0
W-QDA,W-QDA:qda,49,2.0,0.02,0.018,108 83 109 111 107 110 84 78 81 112 113 80 106 82 79 85 77 105 86 114,81 108 109 110 112 84 111 78 107 113 79 83 80 82 114 106 77 85 115 105,simulation,db4,usage,4,400,400,0
W-CART,W-CART:cart,51,3.0,0.075,0.096,83 84 107 108 110 81 106 111 112 80 105 85 109 79 104 86 78 113 82 76,81 108 109 110 112 84 111 78 107 113 79 83 80 82 114 106 77 85 115 105,simulation,db4,usage,4,400,400,0
ALL,W-QDA:qda,49,2.0,0.02,0.018,108 83 109 111 107 110 84 78 81 112 113 80 106 82 79 85 77 105 86 114,81 108 109 110 112 84 111 78 107 113 79 83 80 82 114 106 77 85 115 105,simulation,db4,usage,4,400,400,0
W-NN,W-NN:k=15,34,,0.035,0.052,80 111 117 79 74 78 118 76 116 85 115 73 84 72 75 81 112 106 114 105,80 111 117 79 74 78 118 76 116 85 115 73 84 72 75 81 112 106 114 105,simulation,db4,energy,5,400,400,0
W-QDA,W-QDA:qda,46,,0.015,0.014,80 111 117 79 74 78 118 76 116 85 115 73 84 72 75 81 112 106 114 105,80 111 117 79 74 78 118 76 116 85 115 73 84 72 75 81 112 106 114 105,simulation,db4,energy,5,400,400,0
W-CART,W-CART:cart,39,,0.03,0.06,80 111 117 79 74 78 118 76 116 85 115 73 84 72 75 81 112 106 114 105,80 111 117 79 74 78 118 76 116 85 115 73 84 72 75 81 112 106 114 105,simulation,db4,energy,5,400,400,0
ALL,W-QDA:qda,46,,0.015,0.014,80 111 117 79 74 78 118 76 116 85 115 73 84 72 75 81 112 106 114 105,80 111 117 79 74 78 118 76 116 85 115 73 84 72 75 81 112 106 114 105,simulation,db4,energy,5,400,400,0
W-NN,W-NN:k=15,37,2.0,0.0475,0.06,78 81 79 76 80 115 113 75 116 77 83 111 110 114 112 82 74 109 117 73,78 79 81 77 80 112 113 111 110 115 76 116 82 114 109 75 74 83 117 84,simulation,db4,usage,5,400,400,0
W-QDA,W-QDA:qda,38,0.5,0.0125,0.028,79 78 80 111 77 110 113 112 114 76 81 115 82 75 109 116 108 74 83 117,78 79 81 77 80 112 113 111 110 115 76 116 82 114 109 75 74 83 117 84,simulation,db4,usage,5,400,400,0
W-CART,W-CART:cart,37,3.0,0.03,0.06,76 116 78 75 79 80 115 81 74 83 112 77 114 117 111 73 113 118 108 82,78 79 81 77 80 112 113 111 110 115 76 116 82 114 109 75 74 83 117 84,simulation,db4,usage,5,400,400,0
ALL,W-QDA:qda,38,0.5,0.0125,0.028,79 78 80 111 77 110 113 112 114 76 81 115 82 75 109 116 108 74 83 117,78 79 81 77 80 112 113 111 110 115 76 116 82 114 109 75 74 83 117 84,simulation,db4,usage,5,400,400,0
W-NN,W-NN:k=15,53,,0.055,0.03,102 105 85 73 81 88 110 106 86 42 82 104 79 89 83 107 109 74 75 108,102 105 85 73 81 88 110 106 86 42 82 104 79 89 83 107 109 74 75 108,simulation,db4,energy,6,400,400,0
W-QDA,W-QDA:qda,44,,0.005,0.008,102 105 85 73 81 88 110 106 86 42 82 104 79 89 83 107 109 74 75 108,102 105 85 73 81 88 110 106 86 42 82 104 79 89 83 107 109 74 75 108,simulation,db4,energy,6,400,400,0
W-CART,W-CART:cart,28,,0.0425,0.056,102 105 85 73 81 88 110 106 86 42 82 104 79 89 83 107 109 74 75 108,102 105 85 73 81 88 110 106 86 42 82 104 79 89 83 107 109 74 75 108,simulation,db4,energy,6,400,400,0
ALL,W-QDA:qda,44,,0.005,0.008,102 105 85 73 81 88 110 106 86 42 82 104 79 89 83 107 109 74 75 108,102 105 85 73 81 88 110 106 86 42 82 104 79 89 83 107 109 74 75 108,simulation,db4,energy,6,400,400,0
W-NN,W-NN:k=15,62,3.0,0.03,0.026,84 106 107 110 82 108 85 105 83 79 81 114 113 78 109 111 75 77 76 80,78 113 110 81 111 112 83 79 84 82 80 107 108 109 76 77 115 114 106 116,simulation,db4,usage,6,400,400,0
W-QDA,W-QDA:qda,31,0.5,0.0075,0.008,111 81 80 113 78 112 79 108 110 77 109 114 82 84 107 76 83 115 75 116,78 113 110 81 111 112 83 79 84 82 80 107 108 109 76 77 115 114 106 116,simulation,db4,usage,6,400,400,0
W-CART,W-CART:cart,35,1.0,0.05,0.052,78 113 110 81 111 112 83 79 84 82 80 107 108 109 76 77 115 114 106 116,78 113 110 81 111 112 83 79 84 82 80 107 108 109 76 77 115 114 106 116,simulation,db4,usage,6,400,400,0
ALL,W-QDA:qda,31,0.5,0.0075,0.008,111 81 80 113 78 112 79 108 110 77 109 114 82 84 107 76 83 115 75 116,78 113 110 81 111 112 83 79 84 82 80 107 108 109 76 77 115 114 106 116,simulation,db4,usage,6,400,400,0
W-NN,W-NN:k=9,41,,0.035,0.046,80 111 75 74 72 117 76 116 110 79 115 112 83 81 107 55 108 114 73 82,80 111 75 74 72 117 76 116 110 79 115 112 83 81 107 55 108 114 73 82,simulation,db4,energy,7,400,400,0
W-QDA,W-QDA:qda,31,,0.0075,0.022,80 111 75 74 72 117 76 116 110 79 115 112 83 81 107 55 108 114 73 82,80 111 75 74 72 117 76 116 110 79 115 112 83 81 107 55 108 114 73 82,simulation,db4,energy,7,400,400,0
W-CART,W-CART:cart,28,,0.0325,0.05,80 111 75 74 72 117 76 116 110 79 115 112 83 81 107 55 108 114 73 82,80 111 75 74 72 117 76 116 110 79 115 112 83 81 107 55 108 114 73 82,simulation,db4,energy,7,400,400,0
ALL,W-QDA:qda,31,,0.0075,0.022,80 111 75 74 72 117 76 116 110 79 115 112 83 81 107 55 108 114 73 82,80 111 75 74 72 117 76 116 110 79 115 112 83 81 107 55 108 114 73 82,simulation,db4,energy,7,400,400,0
W-NN,W-NN:k=9,21,1.5,0.0325,0.052,77 113 112 75 76 78 81 110 111 80 109 114 115 79 82 116 108 107 74 83,113 112 75 77 111 76 80 114 81 110 78 109 79 115 82 116 108 83 107 73,simulation,db4,usage,7,400,400,0
W-QDA,W-QDA:qda,36,1.0,0.0075,0.026,113 112 75 77 111 76 80 114 81 110 78 109 79 115 82 116 108 83 107 73,113 112 75 77 111 76 80 114 81 110 78 109 79 115 82 116 108 83 107 73,simulation,db4,usage,7,400,400,0
W-CART,W-CART:cart,56,0.5,0.0425,0.054,80 113 111 110 112 78 79 77 81 75 76 82 114 108 115 109 116 83 107 117,113 112 75 77 111 76 80 114 81 110 78 109 79 115 82 116 108 83 107 73,simulation,db4,usage,7,400,400,0
ALL,W-QDA:qda,36,1.0,0.0075,0.026,113 112 75 77 111 76 80 114 81 110 78 109 79 115 82 116 108 83 107 73,113 112 75 77 111 76 80 114 81 110 78 109 79 115 82 116 108 83 107 73,simulation,db4,usage,7,400,400,0
W-NN,W-NN:k=5,35,,0.0325,0.056,111 114 112 77 109 108 118 83 81 82 110 73 78 79 80 113 87 117 84 76,111 114 112 77 109 108 118 83 81 82 110 73 78 79 80 113 87 117 84 76,simulation,db4,energy,8,400,400,0
W-QDA,W-QDA:qda,42,,0.0075,0.024,111 114 112 77 109 108 118 83 81 82 110 73 78 79 80 113 87 117 84 76,111 114 112 77 109 108 118 83 81 82 110 73 78 79 80 113 87 117 84 76,simulation,db4,energy,8,400,400,0
W-CART,W-CART:cart,59,,0.0475,0.064,111 114 112 77 109 108 118 83 81 82 110 73 78 79 80 113 87 117 84 76,111 114 112 77 109 108 118 83 81 82 110 73 78 79 80 113 87 117 84 76,simulation,db4,energy,8,400,400,0
ALL,W-QDA:qda,42,,0.0075,0.024,111 114 112 77 109 108 118 83 81 82 110 73 78 79 80 113 87 117 84 76,111 114 112 77 109 108 118 83 81 82 110 73 78 79 80 113 87 117 84 76,simulation,db4,energy,8,400,400,0
W-NN,W-NN:k=25,26,0.5,0.02,0.046,112 111 110 79 80 113 78 81 114 83 77 76 109 82 108 75 115 116 107 84,111 112 113 78 110 79 80 81 109 82 76 83 114 77 115 75 108 84 107 116,simulation,db4,usage,8,400,400,0
W-QDA,W-QDA:qda,30,3.0,0.005,0.03,82 108 111 83 81 78 110 112 80 84 79 109 77 114 76 75 85 116 107 113,111 112 113 78 110 79 80 81 109 82 76 83 114 77 115 75 108 84 107 116,simulation,db4,usage,8,400,400,0
W-CART,W-CART:cart,24,1.5,0.035,0.096,112 110 111 113 82 79 78 81 80 83 109 77 108 76 114 84 75 116 107 115,111 112 113 78 110 79 80 81 109 82 76 83 114 77 115 75 108 84 107 116,simulation,db4,usage,8,400,400,0
ALL,W-QDA:qda,30,3.0,0.005,0.03,82 108 111 83 81 78 110 112 80 84 79 109 77 114 76 75 85 116 107 113,111 112 113 78 110 79 80 81 109 82 76 83 114 77 115 75 108 84 107 116,simulation,db4,usage,8,400,400,0
W-NN,W-NN:k=15,46,,0.0225,0.066,102 85 80 106 82 105 84 107 111 115 113 116 109 87 88 86 76 75 112 77,102 85 80 106 82 105 84 107 111 115 113 116 109 87 88 86 76 75 112 77,simulation,db4,energy,9,400,400,0
W-QDA,W-QDA:qda,27,,0.0,0.026,102 85 80 106 82 105 84 107 111 115 113 116 109 87 88 86 76 75 112 77,102 85 80 106 82 105 84 107 111 115 113 116 109 87 88 86 76 75 112 77,simulation,db4,energy,9,400,400,0
W-CART,W-CART:cart,45,,0.0425,0.064,102 85 80 106 82 105 84 107 111 115 113 116 109 87 88 86 76 75 112 77,102 85 80 106 82 105 84 107 111 115 113 116 109 87 88 86 76 75 112 77,simulation,db4,energy,9,400,400,0
ALL,W-QDA:qda,27,,0.0,0.026,102 85 80 106 82 105 84 107 111 115 113 116 109 87 88 86 76 75 112 77,102 85 80 106 82 105 84 107 111 115 113 116 109 87 88 86 76 75 112 77,simulation,db4,energy,9,400,400,0
W-NN,W-NN:k=15,62,0.5,0.0125,0.058,112 79 111 81 78 82 80 109 110 113 83 114 108 76 77 107 75 115 116 84,82 112 79 78 81 109 111 113 108 76 114 110 80 83 115 77 84 116 106 75,simulation,db4,usage,9,400,400,0
W-QDA,W-QDA:qda,32,1.5,0.0,0.024,82 112 79 110 78 81 76 83 116 108 111 113 115 80 109 77 84 114 75 106,82 112 79 78 81 109 111 113 108 76 114 110 80 83 115 77 84 116 106 75,simulation,db4,usage,9,400,400,0
W-CART,W-CART:cart,39,2.0,0.0275,0.078,82 112 76 116 80 81 115 84 113 108 110 75 77 83 79 111 114 78 85 106,82 112 79 78 81 109 111 113 108 76 114 110 80 83 115 77 84 116 106 75,simulation,db4,usage,9,400,400,0
ALL,W-QDA:qda,32,1.5,0.0,0.024,82 112 79 110 78 81 76 83 116 108 111 113 115 80 109 77 84 114 75 106,82 112 79 78 81 109 111 113 108 76 114 110 80 83 115 77 84 116 106 75,simulation,db4,usage,9,400,400,0
W-NN,W-NN:k=9,64,,0.04,0.058,112 113 102 110 89 79 44 78 115 111 119 108 80 83 72 105 88 81 86 107,112 113 102 110 89 79 44 78 115 111 119 108 80 83 72 105 88 81 86 107,simulation,db4,energy,10,400,400,0
W-QDA,W-QDA:qda,59,,0.0125,0.012,112 113 102 110 89 79 44 78 115 111 119 108 80 83 72 105 88 81 86 107,112 113 102 110 89 79 44 78 115 111 119 108 80 83 72 105 88 81 86 107,simulation,db4,energy,10,400,400,0
W-CART,W-CART:cart,39,,0.0525,0.066,112 113 102 110 89 79 44 78 115 111 119 108 80 83 72 105 88 81 86 107,112 113 102 110 89 79 44 78 115 111 119 108 80 83 72 105 88 81 86 107,simulation,db4,energy,10,400,400,0
ALL,W-QDA:qda,59,,0.0125,0.012,112 113 102 110 89 79 44 78 115 111 119 108 80 83 72 105 88 81 86 107,112 113 102 110 89 79 44 78 115 111 119 108 80 83 72 105 88 81 86 107,simulation,db4,energy,10,400,400,0
W-NN,W-NN:k=7,34,1.0,0.0225,0.06,79 112 78 113 80 114 77 81 110 76 111 108 115 82 75 84 109 116 83 106,79 112 78 113 80 114 77 81 110 76 111 108 115 82 75 84 109 116 83 106,simulation,db4,usage,10,400,400,0
W-QDA,W-QDA:qda,32,0.5,0.0075,0.018,79 113 78 80 110 77 112 114 111 81 76 82 115 109 108 116 107 75 83 84,79 112 78 113 80 114 77 81 110 76 111 108 115 82 75 84 109 116 83 106,simulation,db4,usage,10,400,400,0
W-CART,W-CART:cart,30,1.5,0.0425,0.074,114 77 78 76 113 79 112 81 75 80 110 108 83 111 84 109 116 74 82 106,79 112 78 113 80 114 77 81 110 76 111 108 115 82 75 84 109 116 83 106,simulation,db4,usage,10,400,400,0
ALL,W-QDA:qda,32,0.5,0.0075,0.018,79 113 78 80 110 77 112 114 111 81 76 82 115 109 108 116 107 75 83 84,79 112 78 113 80 114 77 81 110 76 111 108 115 82 75 84 109 116 83 106,simulation,db4,usage,10,400,400,0
W-NN,W-NN:k=15,45,,0.0275,0.064,84 109 81 107 113 108 83 110 82 77 120 78 79 114 80 106 75 119 111 54,84 109 81 107 113 108 83 110 82 77 120 78 79 114 80 106 75 119 111 54,simulation,db4,energy,11,400,400,0
W-QDA,W-QDA:qda,43,,0.02,0.016,84 109 81 107 113 108 83 110 82 77 120 78 79 114 80 106 75 119 111 54,84 109 81 107 113 108 83 110 82 77 120 78 79 114 80 106 75 119 111 54,simulation,db4,energy,11,400,400,0
W-CART,W-CART:cart,22,,0.05,0.06,84 109 81 107 113 108 83 110 82 77 120 78 79 114 80 106 75 119 111 54,84 109 81 107 113 108 83 110 82 77 120 78 79 114 80 106 75 119 111 54,simulation,db4,energy,11,400,400,0
ALL,W-QDA:qda,43,,0.02,0.016,84 109 81 107 113 108 83 110 82 77 120 78 79 114 80 106 75 119 111 54,84 109 81 107 113 108 83 110 82 77 120 78 79 114 80 106 75 119 111 54,simulation,db4,energy,11,400,400,0
W-NN,W-NN:k=9,49,2.0,0.0325,0.044,82 114 80 111 79 108 76 110 81 83 84 112 77 109 78 113 107 115 106 85,111 78 80 79 81 110 82 113 114 77 112 108 84 109 83 76 115 107 116 75,simulation,db4,usage,11,400,400,0
W-QDA,W-QDA:qda,34,2.0,0.0175,0.026,82 114 80 111 79 108 76 110 81 83 84 112 77 109 78 113 107 115 106 85,111 78 80 79 81 110 82 113 114 77 112 108 84 109 83 76 115 107 116 75,simulation,db4,usage,11,400,400,0
W-CART,W-CART:cart,24,2.0,0.05,0.066,82 114 80 111 79 108 76 110 81 83 84 112 77 109 78 113 107 115 106 85,111 78 80 79 81 110 82 113 114 77 112 108 84 109 83 76 115 107 116 75,simulation,db4,usage,11,400,400,0
ALL,W-QDA:qda,34,2.0,0.0175,0.026,82 114 80 111 79 108 76 110 81 83 84 112 77 109 78 113 107 115 106 85,111 78 80 79 81 110 82 113 114 77 112 108 84 109 83 76 115 107 116 75,simulation,db4,usage,11,400,400,0
W-NN,W-NN:k=7,51,,0.0325,0.066,106 84 78 114 83 74 108 107 72 113 110 112 76 82 77 80 75 109 73 116,106 84 78 114 83 74 108 107 72 113 110 112 76 82 77 80 75 109 73 116,simulation,db4,energy,12,400,400,0
W-QDA,W-QDA:qda,40,,0.0075,0.01,106 84 78 114 83 74 108 107 72 113 110 112 76 82 77 80 75 109 73 116,106 84 78 114 83 74 108 107 72 113 110 112 76 82 77 80 75 109 73 116,simulation,db4,energy,12,400,400,0
W-CART,W-CART:cart,16,,0.0575,0.048,106 84 78 114 83 74 108 107 72 113 110 112 76 82 77 80 75 109 73 116,106 84 78 114 83 74 108 107 72 113 110 112 76 82 77 80 75 109 73 116,simulation,db4,energy,12,400,400,0
ALL,W-QDA:qda,40,,0.0075,0.01,106 84 78 114 83 74 108 107 72 113 110 112 76 82 77 80 75 109 73 116,106 84 78 114 83 74 108 107 72 113 110 112 76 82 77 80 75 109 73 116,simulation,db4,energy,12,400,400,0
W-NN,W-NN:k=15,34,3.0,0.03,0.046,112 84 111 83 85 114 77 78 108 107 113 115 80 116 81 82 110 109 106 79,111 82 81 79 112 109 113 80 108 83 114 110 78 77 84 115 76 107 116 75,simulation,db4,usage,12,400,400,0
W-QDA,W-QDA:qda,49,2.0,0.005,0.016,108 111 112 109 77 83 79 81 78 107 82 84 114 113 115 76 110 85 80 116,111 82 81 79 112 109 113 80 108 83 114 110 78 77 84 115 76 107 116 75,simulation,db4,usage,12,400,400,0
W-CART,W-CART:cart,47,2.0,0.055,0.06,108 111 112 109 77 83 79 81 78 107 82 84 114 113 115 76 110 85 80 116,111 82 81 79 112 109 113 80 108 83 114 110 78 77 84 115 76 107 116 75,simulation,db4,usage,12,400,400,0
ALL,W-QDA:qda,49,2.0,0.005,0.016,108 111 112 109 77 83 79 81 78 107 82 84 114 113 115 76 110 85 80 116,111 82 81 79 112 109 113 80 108 83 114 110 78 77 84 115 76 107 116 75,simulation,db4,usage,12,400,400,0
W-NN,W-NN:k=15,27,,0.015,0.032,79 110 118 75 117 112 73 80 119 76 82 77 116 88 74 108 115 113 78 83,79 110 118 75 117 112 73 80 119 76 82 77 116 88 74 108 115 113 78 83,simulation,db4,energy,13,400,400,0
W-QDA,W-QDA:qda,30,,0.0125,0.014,79 110 118 75 117 112 73 80 119 76 82 77 116 88 74 108 115 113 78 83,79 110 118 75 117 112 73 80 119 76 82 77 116 88 74 108 115 113 78 83,simulation,db4,energy,13,400,400,0
W-CART,W-CART:cart,28,,0.06,0.054,79 110 118 75 117 112 73 80 119 76 82 77 116 88 74 108 115 113 78 83,79 110 118 75 117 112 73 80 119 76 82 77 116 88 74 108 115 113 78 83,simulation,db4,energy,13,400,400,0
ALL,W-QDA:qda,30,,0.0125,0.014,79 110 118 75 117 112 73 80 119 76 82 77 116 88 74 108 115 113 78 83,79 110 118 75 117 112 73 80 119 76 82 77 116 88 74 108 115 113 78 83,simulation,db4,energy,13,400,400,0
W-NN,W-NN:k=15,31,3.0,0.02,0.042,110 78 109 75 112 76 108 77 80 82 117 79 83 111 114 115 81 113 116 107,79 112 111 80 76 78 81 114 110 113 108 109 77 75 82 115 116 83 117 84,simulation,db4,usage,13,400,400,0
W-QDA,W-QDA:qda,51,3.0,0.005,0.01,110 78 109 75 112 76 108 77 80 82 117 79 83 111 114 115 81 113 116 107,79 112 111 80 76 78 81 114 110 113 108 109 77 75 82 115 116 83 117 84,simulation,db4,usage,13,400,400,0
W-CART,W-CART:cart,34,0.5,0.05,0.044,79 112 111 80 77 113 78 114 81 110 76 108 109 75 82 115 83 116 107 84,79 112 111 80 76 78 81 114 110 113 108 109 77 75 82 115 116 83 117 84,simulation,db4,usage,13,400,400,0
ALL,W-QDA:qda,51,3.0,0.005,0.01,110 78 109 75 112 76 108 77 80 82 117 79 83 111 114 115 81 113 116 107,79 112 111 80 76 78 81 114 110 113 108 109 77 75 82 115 116 83 117 84,simulation,db4,usage,13,400,400,0
W-NN,W-NN:k=3,22,,0.035,0.03,105 82 86 106 104 87 118 113 117 75 78 85 107 103 77 73 119 114 108 109,105 82 86 106 104 87 118 113 117 75 78 85 107 103 77 73 119 114 108 109,simulation,db4,energy,14,400,400,0
W-QDA,W-QDA:qda,38,,0.01,0.012,105 82 86 106 104 87 118 113 117 75 78 85 107 103 77 73 119 114 108 109,105 82 86 106 104 87 118 113 117 75 78 85 107 103 77 73 119 114 108 109,simulation,db4,energy,14,400,400,0
W-CART,W-CART:cart,8,,0.05,0.054,105 82 86 106 104 87 118 113 117 75 78 85 107 103 77 73 119 114 108 109,105 82 86 106 104 87 118 113 117 75 78 85 107 103 77 73 119 114 108 109,simulation,db4,energy,14,400,400,0
ALL,W-QDA:qda,38,,0.01,0.012,105 82 86 106 104 87 118 113 117 75 78 85 107 103 77 73 119 114 108 109,105 82 86 106 104 87 118 113 117 75 78 85 107 103 77 73 119 114 108 109,simulation,db4,energy,14,400,400,0
W-NN,W-NN:k=3,32,3.0,0.0375,0.038,85 108 109 82 80 83 79 105 106 76 84 107 78 110 111 112 113 114 81 86,109 82 111 80 81 108 79 83 113 110 112 77 84 114 78 85 107 115 76 106,simulation,db4,usage,14,400,400,0
W-QDA,W-QDA:qda,47,1.5,0.005,0.01,109 108 82 80 111 81 83 84 79 85 110 106 112 77 78 107 113 114 76 105,109 82 111 80 81 108 79 83 113 110 112 77 84 114 78 85 107 115 76 106,simulation,db4,usage,14,400,400,0
W-CART,W-CART:cart,19,1.5,0.0525,0.08,109 108 82 80 111 81 83 84 79 85 110 106 112 77 78 107 113 114 76 105,109 82 111 80 81 108 79 83 113 110 112 77 84 114 78 85 107 115 76 106,simulation,db4,usage,14,400,400,0
ALL,W-QDA:qda,47,1.5,0.005,0.01,109 108 82 80 111 81 83 84 79 85 110 106 112 77 78 107 113 114 76 105,109 82 111 80 81 108 79 83 113 110 112 77 84 114 78 85 107 115 76 106,simulation,db4,usage,14,400,400,0
W-NN,W-NN:k=7,11,,0.0275,0.038,240 117 75 113 105 74 76 86 109 77 84 106 115 78 111 107 104 83 116 81,240 117 75 113 105 74 76 86 109 77 84 106 115 78 111 107 104 83 116 81,simulation,db4,energy,15,400,400,0
W-QDA,W-QDA:qda,42,,0.0125,0.028,240 117 75 113 105 74 76 86 109 77 84 106 115 78 111 107 104 83 116 81,240 117 75 113 105 74 76 86 109 77 84 106 115 78 111 107 104 83 116 81,simulation,db4,energy,15,400,400,0
W-CART,W-CART:cart,30,,0.0325,0.05,240 117 75 113 105 74 76 86 109 77 84 106 115 78 111 107 104 83 116 81,240 117 75 113 105 74 76 86 109 77 84 106 115 78 111 107 104 83 116 81,simulation,db4,energy,15,400,400,0
ALL,W-QDA:qda,42,,0.0125,0.028,240 117 75 113 105 74 76 86 109 77 84 106 115 78 111 107 104 83 116 81,240 117 75 113 105 74 76 86 109 77 84 106 115 78 111 107 104 83 116 81,simulation,db4,energy,15,400,400,0
W-NN,W-NN:k=15,13,3.0,0.0275,0.032,84 115 75 80 77 83 113 76 106 117 74 78 107 116 111 85 86 79 82 105,111 77 113 80 81 82 83 109 112 110 108 115 114 76 84 79 107 78 75 116,simulation,db4,usage,15,400,400,0
W-QDA,W-QDA:qda,23,0.5,0.01,0.028,111 80 81 112 79 77 109 113 110 78 82 108 114 83 76 84 75 107 115 116,111 77 113 80 81 82 83 109 112 110 108 115 114 76 84 79 107 78 75 116,simulation,db4,usage,15,400,400,0
W-CART,W-CART:cart,36,0.5,0.04,0.084,111 80 81 112 79 77 109 113 110 78 82 108 114 83 76 84 75 107 115 116,111 77 113 80 81 82 83 109 112 110 108 115 114 76 84 79 107 78 75 116,simulation,db4,usage,15,400,400,0
ALL,W-QDA:qda,23,0.5,0.01,0.028,111 80 81 112 79 77 109 113 110 78 82 108 114 83 76 84 75 107 115 116,111 77 113 80 81 82 83 109 112 110 108 115 114 76 84 79 107 78 75 116,simulation,db4,usage,15,400,400,0
W-NN,W-NN:k=15,63,,0.045,0.064,80 108 81 78 109 82 85 111 110 112 77 114 117 74 161 76 72 55 79 75,80 108 81 78 109 82 85 111 110 112 77 114 117 74 161 76 72 55 79 75,simulation,db4,energy,16,400,400,0
W-QDA,W-QDA:qda,60,,0.01,0.018,80 108 81 78 109 82 85 111 110 112 77 114 117 74 161 76 72 55 79 75,80 108 81 78 109 82 85 111 110 112 77 114 117 74 161 76 72 55 79 75,simulation,db4,energy,16,400,400,0
W-CART,W-CART:cart,33,,0.0525,0.052,80 108 81 78 109 82 85 111 110 112 77 114 117 74 161 76 72 55 79 75,80 108 81 78 109 82 85 111 110 112 77 114 117 74 161 76 72 55 79 75,simulation,db4,energy,16,400,400,0
ALL,W-QDA:qda,60,,0.01,0.018,80 108 81 78 109 82 85 111 110 112 77 114 117 74 161 76 72 55 79 75,80 108 81 78 109 82 85 111 110 112 77 114 117 74 161 76 72 55 79 75,simulation,db4,energy,16,400,400,0
W-NN,W-NN:k=9,62,2.0,0.0575,0.068,76 81 80 115 113 79 114 78 111 82 112 110 75 116 74 108 77 73 109 117,79 80 111 78 81 113 110 112 114 77 115 76 109 108 82 116 75 117 74 107,simulation,db4,usage,16,400,400,0
W-QDA,W-QDA:qda,54,3.0,0.005,0.016,81 80 75 110 115 112 76 82 116 117 78 111 74 113 114 73 84 108 79 109,79 80 111 78 81 113 110 112 114 77 115 76 109 108 82 116 75 117 74 107,simulation,db4,usage,16,400,400,0
W-CART,W-CART:cart,59,1.0,0.05,0.054,79 80 111 78 81 113 110 112 114 77 115 76 109 108 82 116 75 117 74 107,79 80 111 78 81 113 110 112 114 77 115 76 109 108 82 116 75 117 74 107,simulation,db4,usage,16,400,400,0
ALL,W-QDA:qda,54,3.0,0.005,0.016,81 80 75 110 115 112 76 82 116 117 78 111 74 113 114 73 84 108 79 109,79 80 111 78 81 113 110 112 114 77 115 76 109 108 82 116 75 117 74 107,simulation,db4,usage,16,400,400,0
W-NN,W-NN:k=7,24,,0.035,0.042,113 112 84 79 78 111 116 106 114 76 115 83 107 74 85 77 109 82 108 75,113 112 84 79 78 111 116 106 114 76 115 83 107 74 85 77 109 82 108 75,simulation,db4,energy,17,400,400,0
W-QDA,W-QDA:qda,22,,0.0325,0.012,113 112 84 79 78 111 116 106 114 76 115 83 107 74 85 77 109 82 108 75,113 112 84 79 78 111 116 106 114 76 115 83 107 74 85 77 109 82 108 75,simulation,db4,energy,17,400,400,0
W-CART,W-CART:cart,43,,0.07,0.056,113 112 84 79 78 111 116 106 114 76 115 83 107 74 85 77 109 82 108 75,113 112 84 79 78 111 116 106 114 76 115 83 107 74 85 77 109 82 108 75,simulation,db4,energy,17,400,400,0
ALL,W-QDA:qda,22,,0.0325,0.012,113 112 84 79 78 111 116 106 114 76 115 83 107 74 85 77 109 82 108 75,113 112 84 79 78 111 116 106 114 76 115 83 107 74 85 77 109 82 108 75,simulation,db4,energy,17,400,400,0
W-NN,W-NN:k=15,26,1.0,0.0375,0.05,78 110 81 112 113 82 111 114 79 80 109 77 115 76 83 107 108 84 106 116,78 110 81 112 113 82 111 114 79 80 109 77 115 76 83 107 108 84 106 116,simulation,db4,usage,17,400,400,0
W-QDA,W-QDA:qda,41,1.0,0.0325,0.016,78 110 81 112 113 82 111 114 79 80 109 77 115 76 83 107 108 84 106 116,78 110 81 112 113 82 111 114 79 80 109 77 115 76 83 107 108 84 106 116,simulation,db4,usage,17,400,400,0
W-CART,W-CART:cart,44,1.0,0.0675,0.058,78 110 81 112 113 82 111 114 79 80 109 77 115 76 83 107 108 84 106 116,78 110 81 112 113 82 111 114 79 80 109 77 115 76 83 107 108 84 106 116,simulation,db4,usage,17,400,400,0
ALL,W-QDA:qda,41,1.0,0.0325,0.016,78 110 81 112 113 82 111 114 79 80 109 77 115 76 83 107 108 84 106 116,78 110 81 112 113 82 111 114 79 80 109 77 115 76 83 107 108 84 106 116,simulation,db4,usage,17,400,400,0
W-NN,W-NN:k=9,47,,0.0325,0.04,242 106 120 81 84 85 87 107 112 60 104 42 86 103 111 105 110 115 83 80,242 106 120 81 84 85 87 107 112 60 104 42 86 103 111 105 110 115 83 80,simulation,db4,energy,18,400,400,0
W-QDA,W-QDA:qda,57,,0.02,0.014,242 106 120 81 84 85 87 107 112 60 104 42 86 103 111 105 110 115 83 80,242 106 120 81 84 85 87 107 112 60 104 42 86 103 111 105 110 115 83 80,simulation,db4,energy,18,400,400,0
W-CART,W-CART:cart,30,,0.05,0.06,242 106 120 81 84 85 87 107 112 60 104 42 86 103 111 105 110 115 83 80,242 106 120 81 84 85 87 107 112 60 104 42 86 103 111 105 110 115 83 80,simulation,db4,energy,18,400,400,0
ALL,W-QDA:qda,57,,0.02,0.014,242 106 120 81 84 85 87 107 112 60 104 42 86 103 111 105 110 115 83 80,242 106 120 81 84 85 87 107 112 60 104 42 86 103 111 105 110 115 83 80,simulation,db4,energy,18,400,400,0
W-NN,W-NN:k=9,28,3.0,0.0325,0.034,111 108 112 80 81 83 107 109 82 110 115 106 79 113 84 85 86 116 78 114,113 81 110 79 111 82 112 108 109 78 80 114 77 83 107 115 76 84 116 75,simulation,db4,usage,18,400,400,0
W-QDA,W-QDA:qda,51,1.5,0.0125,0.014,81 111 113 108 110 80 82 109 112 79 78 83 77 84 114 107 76 115 106 116,113 81 110 79 111 82 112 108 109 78 80 114 77 83 107 115 76 84 116 75,simulation,db4,usage,18,400,400,0
W-CART,W-CART:cart,33,0.5,0.045,0.078,110 81 111 113 80 112 82 79 114 109 77 78 83 108 107 115 76 106 75 84,113 81 110 79 111 82 112 108 109 78 80 114 77 83 107 115 76 84 116 75,simulation,db4,usage,18,400,400,0
ALL,W-QDA:qda,51,1.5,0.0125,0.014,81 111 113 108 110 80 82 109 112 79 78 83 77 84 114 107 76 115 106 116,113 81 110 79 111 82 112 108 109 78 80 114 77 83 107 115 76 84 116 75,simulation,db4,usage,18,400,400,0
W-NN,W-NN:k=9,13,,0.0325,0.036,115 76 83 108 116 75 107 82 74 117 77 85 38 112 109 80 111 110 114 106,115 76 83 108 116 75 107 82 74 117 77 85 38 112 109 80 111 110 114 106,simulation,db4,energy,19,400,400,0
W-QDA,W-QDA:qda,62,,0.0125,0.02,115 76 83 108 116 75 107 82 74 117 77 85 38 112 109 80 111 110 114 106,115 76 83 108 116 75 107 82 74 117 77 85 38 112 109 80 111 110 114 106,simulation,db4,energy,19,400,400,0
W-CART,W-CART:cart,52,,0.0575,0.068,115 76 83 108 116 75 107 82 74 117 77 85 38 112 109 80 111 110 114 106,115 76 83 108 116 75 107 82 74 117 77 85 38 112 109 80 111 110 114 106,simulation,db4,energy,19,400,400,0
ALL,W-QDA:qda,62,,0.0125,0.02,115 76 83 108 116 75 107 82 74 117 77 85 38 112 109 80 111 110 114 106,115 76 83 108 116 75 107 82 74 117 77 85 38 112 109 80 111 110 114 106,simulation,db4,energy,19,400,400,0
W-NN,W-NN:k=7,38,1.0,0.0275,0.036,82 79 112 111 113 109 114 77 81 80 78 108 110 83 76 115 84 75 116 107,82 79 112 111 113 109 114 77 81 80 78 108 110 83 76 115 84 75 116 107,simulation,db4,usage,19,400,400,0
W-QDA,W-QDA:qda,61,1.5,0.0125,0.016,112 83 108 113 80 81 82 110 111 115 77 109 78 114 79 107 84 76 75 74,82 79 112 111 113 109 114 77 81 80 78 108 110 83 76 115 84 75 116 107,simulation,db4,usage,19,400,400,0
W-CART,W-CART:cart,40,0.5,0.045,0.068,78 111 79 80 82 110 112 77 109 113 81 114 83 115 116 108 76 107 84 75,82 79 112 111 113 109 114 77 81 80 78 108 110 83 76 115 84 75 116 107,simulation,db4,usage,19,400,400,0
ALL,W-QDA:qda,61,1.5,0.0125,0.016,112 83 108 113 80 81 82 110 111 115 77 109 78 114 79 107 84 76 75 74,82 79 112 111 113 109 114 77 81 80 78 108 110 83 76 115 84 75 116 107,simulation,db4,usage,19,400,400,0
W-NN,W-NN:k=25,23,,0.0275,0.06,116 76 111 106 115 74 80 117 78 85 84 75 231 105 81 112 79 77 118 109,116 76 111 106 115 74 80 117 78 85 84 75 231 105 81 112 79 77 118 109,simulation,db4,energy,20,400,400,0
W-QDA,W-QDA:qda,23,,0.0125,0.03,116 76 111 106 115 74 80 117 78 85 84 75 231 105 81 112 79 77 118 109,116 76 111 106 115 74 80 117 78 85 84 75 231 105 81 112 79 77 118 109,simulation,db4,energy,20,400,400,0
W-CART,W-CART:cart,22,,0.055,0.064,116 76 111 106 115 74 80 117 78 85 84 75 231 105 81 112 79 77 118 109,116 76 111 106 115 74 80 117 78 85 84 75 231 105 81 112 79 77 118 109,simulation,db4,energy,20,400,400,0
ALL,W-QDA:qda,23,,0.0125,0.03,116 76 111 106 115 74 80 117 78 85 84 75 231 105 81 112 79 77 118 109,116 76 111 106 115 74 80 117 78 85 84 75 231 105 81 112 79 77 118 109,simulation,db4,energy,20,400,400,0
W-NN,W-NN:k=25,30,1.0,0.0375,0.052,77 79 80 112 113 78 115 110 114 76 111 116 75 81 109 117 82 74 108 83,77 79 80 112 113 78 115 110 114 76 111 116 75 81 109 117 82 74 108 83,simulation,db4,usage,20,400,400,0
W-QDA,W-QDA:qda,26,0.5,0.0125,0.02,112 79 80 77 111 110 78 113 114 115 109 81 116 75 76 82 108 117 74 83,77 79 80 112 113 78 115 110 114 76 111 116 75 81 109 117 82 74 108 83,simulation,db4,usage,20,400,400,0
W-CART,W-CART:cart,34,1.0,0.0525,0.072,77 79 80 112 113 78 115 110 114 76 111 116 75 81 109 117 82 74 108 83,77 79 80 112 113 78 115 110 114 76 111 116 75 81 109 117 82 74 108 83,simulation,db4,usage,20,400,400,0
ALL,W-QDA:qda,26,0.5,0.0125,0.02,112 79 80 77 111 110 78 113 114 115 109 81 116 75 76 82 108 117 74 83,77 79 80 112 113 78 115 110 114 76 111 116 75 81 109 117 82 74 108 83,simulation,db4,usage,20,400,400,0
W-NN,W-NN:k=25,46,,0.025,0.04,110 118 80 84 81 111 72 78 114 108 77 76 109 82 73 112 74 79 115 75,110 118 80 84 81 111 72 78 114 108 77 76 109 82 73 112 74 79 115 75,simulation,db4,energy,21,400,400,0
W-QDA,W-QDA:qda,48,,0.0075,0.014,110 118 80 84 81 111 72 78 114 108 77 76 109 82 73 112 74 79 115 75,110 118 80 84 81 111 72 78 114 108 77 76 109 82 73 112 74 79 115 75,simulation,db4,energy,21,400,400,0
W-CART,W-CART:cart,24,,0.0425,0.072,110 118 80 84 81 111 72 78 114 108 77 76 109 82 73 112 74 79 115 75,110 118 80 84 81 111 72 78 114 108 77 76 109 82 73 112 74 79 115 75,simulation,db4,energy,21,400,400,0
ALL,W-QDA:qda,48,,0.0075,0.014,110 118 80 84 81 111 72 78 114 108 77 76 109 82 73 112 74 79 115 75,110 118 80 84 81 111 72 78 114 108 77 76 109 82 73 112 74 79 115 75,simulation,db4,energy,21,400,400,0
W-NN,W-NN:k=9,63,2.0,0.02,0.056,79 111 78 114 77 81 82 109 80 113 112 108 75 115 110 76 83 84 85 107,79 78 111 81 77 112 80 82 109 110 113 108 114 83 76 75 115 117 116 74,simulation,db4,usage,21,400,400,0
W-QDA,W-QDA:qda,55,3.0,0.01,0.016,78 79 114 109 111 108 81 77 80 82 76 112 113 75 74 84 115 85 110 83,79 78 111 81 77 112 80 82 109 110 113 108 114 83 76 75 115 117 116 74,simulation,db4,usage,21,400,400,0
W-CART,W-CART:cart,52,1.5,0.04,0.062,79 111 78 80 82 81 112 113 77 114 110 83 108 109 76 75 115 84 117 85,79 78 111 81 77 112 80 82 109 110 113 108 114 83 76 75 115 117 116 74,simulation,db4,usage,21,400,400,0
ALL,W-QDA:qda,55,3.0,0.01,0.016,78 79 114 109 111 108 81 77 80 82 76 112 113 75 74 84 115 85 110 83,79 78 111 81 77 112 80 82 109 110 113 108 114 83 76 75 115 117 116 74,simulation,db4,usage,21,400,400,0
W-NN,W-NN:k=25,48,,0.0325,0.05,84 83 108 107 86 109 104 53 117 114 82 105 54 76 79 73 87 74 106 71,84 83 108 107 86 109 104 53 117 114 82 105 54 76 79 73 87 74 106 71,simulation,db4,energy,22,400,400,0
W-QDA,W-QDA:qda,42,,0.01,0.022,84 83 108 107 86 109 104 53 117 114 82 105 54 76 79 73 87 74 106 71,84 83 108 107 86 109 104 53 117 114 82 105 54 76 79 73 87 74 106 71,simulation,db4,energy,22,400,400,0
W-CART,W-CART:cart,22,,0.045,0.054,84 83 108 107 86 109 104 53 117 114 82 105 54 76 79 73 87 74 106 71,84 83 108 107 86 109 104 53 117 114 82 105 54 76 79 73 87 74 106 71,simulation,db4,energy,22,400,400,0
ALL,W-QDA:qda,42,,0.01,0.022,84 83 108 107 86 109 104 53 117 114 82 105 54 76 79 73 87 74 106 71,84 83 108 107 86 109 104 53 117 114 82 105 54 76 79 73 87 74 106 71,simulation,db4,energy,22,400,400,0
W-NN,W-NN:k=15,40,0.5,0.0225,0.052,113 112 77 111 78 79 80 110 81 108 114 76 82 109 83 75 115 84 107 116,113 77 109 112 79 108 111 82 76 78 83 110 114 75 115 80 81 116 84 107,simulation,db4,usage,22,400,400,0
W-QDA,W-QDA:qda,39,1.5,0.005,0.018,108 76 111 75 79 82 83 77 113 114 84 109 110 116 78 107 80 112 81 74,113 77 109 112 79 108 111 82 76 78 83 110 114 75 115 80 81 116 84 107,simulation,db4,usage,22,400,400,0
W-CART,W-CART:cart,24,3.0,0.055,0.058,76 110 75 79 107 81 108 73 111 84 74 116 80 115 118 82 114 117 77 109,113 77 109 112 79 108 111 82 76 78 83 110 114 75 115 80 81 116 84 107,simulation,db4,usage,22,400,400,0
ALL,W-QDA:qda,39,1.5,0.005,0.018,108 76 111 75 79 82 83 77 113 114 84 109 110 116 78 107 80 112 81 74,113 77 109 112 79 108 111 82 76 78 83 110 114 75 115 80 81 116 84 107,simulation,db4,usage,22,400,400,0
W-NN,W-NN:k=5,35,,0.0525,0.076,114 115 76 118 120 119 72 73 81 77 153 87 110 75 113 117 111 80 71 109,114 115 76 118 120 119 72 73 81 77 153 87 110 75 113 117 111 80 71 109,simulation,db4,energy,23,400,400,0
W-QDA,W-QDA:qda,63,,0.015,0.03,114 115 76 118 120 119 72 73 81 77 153 87 110 75 113 117 111 80 71 109,114 115 76 118 120 119 72 73 81 77 153 87 110 75 113 117 111 80 71 109,simulation,db4,energy,23,400,400,0
W-CART,W-CART:cart,42,,0.05,0.076,114 115 76 118 120 119 72 73 81 77 153 87 110 75 113 117 111 80 71 109,114 115 76 118 120 119 72 73 81 77 153 87 110 75 113 117 111 80 71 109,simulation,db4,energy,23,400,400,0
ALL,W-QDA:qda,63,,0.015,0.03,114 115 76 118 120 119 72 73 81 77 153 87 110 75 113 117 111 80 71 109,114 115 76 118 120 119 72 73 81 77 153 87 110 75 113 117 111 80 71 109,simulation,db4,energy,23,400,400,0
W-NN,W-NN:k=15,25,1.0,0.0225,0.03,76 113 112 114 81 82 115 78 110 111 75 77 79 80 108 116 83 109 74 117,76 113 112 114 81 82 115 78 110 111 75 77 79 80 108 116 83 109 74 117,simulation,db4,usage,23,400,400,0
W-QDA,W-QDA:qda,23,3.0,0.0125,0.026,115 75 77 112 114 113 81 82 109 76 74 110 116 111 118 84 85 106 108 117,76 113 112 114 81 82 115 78 110 111 75 77 79 80 108 116 83 109 74 117,simulation,db4,usage,23,400,400,0
W-CART,W-CART:cart,29,0.5,0.05,0.094,78 80 113 77 79 111 81 82 110 114 112 75 76 115 116 83 108 109 74 107,76 113 112 114 81 82 115 78 110 111 75 77 79 80 108 116 83 109 74 117,simulation,db4,usage,23,400,400,0
ALL,W-QDA:qda,23,3.0,0.0125,0.026,115 75 77 112 114 113 81 82 109 76 74 110 116 111 118 84 85 106 108 117,76 113 112 114 81 82 115 78 110 111 75 77 79 80 108 116 83 109 74 117,simulation,db4,usage,23,400,400,0
W-NN,W-NN:k=25,26,,0.0475,0.05,111 84 80 115 114 75 79 108 81 82 83 109 76 70 118 112 110 86 107 113,111 84 80 115 114 75 79 108 81 82 83 109 76 70 118 112 110 86 107 113,simulation,db4,energy,24,400,400,0
W-QDA,W-QDA:qda,28,,0.0125,0.024,111 84 80 115 114 75 79 108 81 82 83 109 76 70 118 112 110 86 107 113,111 84 80 115 114 75 79 108 81 82 83 109 76 70 118 112 110 86 107 113,simulation,db4,energy,24,400,400,0
W-CART,W-CART:cart,46,,0.0375,0.076,111 84 80 115 114 75 79 108 81 82 83 109 76 70 118 112 110 86 107 113,111 84 80 115 114 75 79 108 81 82 83 109 76 70 118 112 110 86 107 113,simulation,db4,energy,24,400,400,0
ALL,W-QDA:qda,28,,0.0125,0.024,111 84 80 115 114 75 79 108 81 82 83 109 76 70 118 112 110 86 107 113,111 84 80 115 114 75 79 108 81 82 83 109 76 70 118 112 110 86 107 113,simulation,db4,energy,24,400,400,0
W-NN,W-NN:k=25,33,0.5,0.0375,0.05,81 110 111 80 112 113 78 82 79 109 83 114 76 77 115 108 75 107 84 116,111 82 110 81 113 80 114 112 77 109 78 76 79 83 115 108 116 107 75 74,simulation,db4,usage,24,400,400,0
W-QDA,W-QDA:qda,47,1.5,0.0075,0.018,82 80 81 111 110 77 113 114 79 108 78 76 109 115 83 112 107 116 75 74,111 82 110 81 113 80 114 112 77 109 78 76 79 83 115 108 116 107 75 74,simulation,db4,usage,24,400,400,0
W-CART,W-CART:cart,49,1.5,0.0425,0.062,82 80 81 111 110 77 113 114 79 108 78 76 109 115 83 112 107 116 75 74,111 82 110 81 113 80 114 112 77 109 78 76 79 83 115 108 116 107 75 74,simulation,db4,usage,24,400,400,0
ALL,W-QDA:qda,47,1.5,0.0075,0.018,82 80 81 111 110 77 113 114 79 108 78 76 109 115 83 112 107 116 75 74,111 82 110 81 113 80 114 112 77 109 78 76 79 83 115 108 116 107 75 74,simulation,db4,usage,24,400,400,0
W-NN,W-NN:k=15,35,,0.0475,0.054,111 112 106 71 79 85 84 80 83 82 78 119 113 108 77 81 109 114 105 72,111 112 106 71 79 85 84 80 83 82 78 119 113 108 77 81 109 114 105 72,simulation,db4,energy,25,400,400,0
W-QDA,W-QDA:qda,21,,0.0175,0.02,111 112 106 71 79 85 84 80 83 82 78 119 113 108 77 81 109 114 105 72,111 112 106 71 79 85 84 80 83 82 78 119 113 108 77 81 109 114 105 72,simulation,db4,energy,25,400,400,0
W-CART,W-CART:cart,48,,0.0725,0.11,111 112 106 71 79 85 84 80 83 82 78 119 113 108 77 81 109 114 105 72,111 112 106 71 79 85 84 80 83 82 78 119 113 108 77 81 109 114 105 72,simulation,db4,energy,25,400,400,0
ALL,W-QDA:qda,21,,0.0175,0.02,111 112 106 71 79 85 84 80 83 82 78 119 113 108 77 81 109 114 105 72,111 112 106 71 79 85 84 80 83 82 78 119 113 108 77 81 109 114 105 72,simulation,db4,energy,25,400,400,0
W-NN,W-NN:k=9,30,1.0,0.0475,0.048,79 80 81 82 78 112 110 77 108 109 113 83 114 115 111 107 76 75 106 116,79 80 81 82 78 112 110 77 108 109 113 83 114 115 111 107 76 75 106 116,simulation,db4,usage,25,400,400,0
W-QDA,W-QDA:qda,41,1.0,0.015,0.016,79 80 81 82 78 112 110 77 108 109 113 83 114 115 111 107 76 75 106 116,79 80 81 82 78 112 110 77 108 109 113 83 114 115 111 107 76 75 106 116,simulation,db4,usage,25,400,400,0
W-CART,W-CART:cart,50,1.0,0.0675,0.094,79 80 81 82 78 112 110 77 108 109 113 83 114 115 111 107 76 75 106 116,79 80 81 82 78 112 110 77 108 109 113 83 114 115 111 107 76 75 106 116,simulation,db4,usage,25,400,400,0
ALL,W-QDA:qda,41,1.0,0.015,0.016,79 80 81 82 78 112 110 77 108 109 113 83 114 115 111 107 76 75 106 116,79 80 81 82 78 112 110 77 108 109 113 83 114 115 111 107 76 75 106 116,simulation,db4,usage,25,400,400,0
W-NN,W-NN:k=3,15,,0.055,0.056,76 70 82 113 87 77 78 80 115 79 109 114 83 75 108 111 117 110 118 71,76 70 82 113 87 77 78 80 115 79 109 114 83 75 108 111 117 110 118 71,simulation,db4,energy,26,400,400,0
W-QDA,W-QDA:qda,50,,0.01,0.022,76 70 82 113 87 77 78 80 115 79 109 114 83 75 108 111 117 110 118 71,76 70 82 113 87 77 78 80 115 79 109 114 83 75 108 111 117 110 118 71,simulation,db4,energy,26,400,400,0
W-CART,W-CART:cart,37,,0.0525,0.066,76 70 82 113 87 77 78 80 115 79 109 114 83 75 108 111 117 110 118 71,76 70 82 113 87 77 78 80 115 79 109 114 83 75 108 111 117 110 118 71,simulation,db4,energy,26,400,400,0
ALL,W-QDA:qda,50,,0.01,0.022,76 70 82 113 87 77 78 80 115 79 109 114 83 75 108 111 117 110 118 71,76 70 82 113 87 77 78 80 115 79 109 114 83 75 108 111 117 110 118 71,simulation,db4,energy,26,400,400,0
W-NN,W-NN:k=15,20,0.5,0.0325,0.078,80 113 110 111 79 78 82 112 81 109 77 114 115 108 83 116 76 107 75 84,112 113 109 110 80 81 82 111 78 79 115 77 83 114 76 108 116 75 107 84,simulation,db4,usage,26,400,400,0
W-QDA,W-QDA:qda,34,0.5,0.005,0.026,80 113 110 111 79 78 82 112 81 109 77 114 115 108 83 116 76 107 75 84,112 113 109 110 80 81 82 111 78 79 115 77 83 114 76 108 116 75 107 84,simulation,db4,usage,26,400,400,0
W-CART,W-CART:cart,42,1.5,0.055,0.074,109 112 78 113 110 81 111 114 115 79 82 80 77 83 76 108 116 75 107 84,112 113 109 110 80 81 82 111 78 79 115 77 83 114 76 108 116 75 107 84,simulation,db4,usage,26,400,400,0
ALL,W-QDA:qda,34,0.5,0.005,0.026,80 113 110 111 79 78 82 112 81 109 77 114 115 108 83 116 76 107 75 84,112 113 109 110 80 81 82 111 78 79 115 77 83 114 76 108 116 75 107 84,simulation,db4,usage,26,400,400,0
W-NN,W-NN:k=25,33,,0.0325,0.056,88 112 72 104 106 117 85 78 84 77 113 71 119 114 87 118 80 110 103 74,88 112 72 104 106 117 85 78 84 77 113 71 119 114 87 118 80 110 103 74,simulation,db4,energy,27,400,400,0
W-QDA,W-QDA:qda,39,,0.0175,0.028,88 112 72 104 106 117 85 78 84 77 113 71 119 114 87 118 80 110 103 74,88 112 72 104 106 117 85 78 84 77 113 71 119 114 87 118 80 110 103 74,simulation,db4,energy,27,400,400,0
W-CART,W-CART:cart,44,,0.0325,0.068,88 112 72 104 106 117 85 78 84 77 113 71 119 114 87 118 80 110 103 74,88 112 72 104 106 117 85 78 84 77 113 71 119 114 87 118 80 110 103 74,simulation,db4,energy,27,400,400,0
ALL,W-QDA:qda,39,,0.0175,0.028,88 112 72 104 106 117 85 78 84 77 113 71 119 114 87 118 80 110 103 74,88 112 72 104 106 117 85 78 84 77 113 71 119 114 87 118 80 110 103 74,simulation,db4,energy,27,400,400,0
W-NN,W-NN:k=7,48,2.0,0.025,0.06,80 82 81 110 111 79 84 114 107 109 83 113 75 76 78 108 112 85 115 117,81 80 110 111 82 79 109 78 77 112 114 107 113 76 108 115 84 75 83 116,simulation,db4,usage,27,400,400,0
W-QDA,W-QDA:qda,48,0.5,0.0125,0.026,79 80 81 110 111 78 109 82 77 114 113 112 108 83 107 75 84 115 116 76,81 80 110 111 82 79 109 78 77 112 114 107 113 76 108 115 84 75 83 116,simulation,db4,usage,27,400,400,0
W-CART,W-CART:cart,48,1.0,0.0325,0.064,81 80 110 111 82 79 109 78 77 112 114 107 113 76 108 115 84 75 83 116,81 80 110 111 82 79 109 78 77 112 114 107 113 76 108 115 84 75 83 116,simulation,db4,usage,27,400,400,0
ALL,W-QDA:qda,48,0.5,0.0125,0.026,79 80 81 110 111 78 109 82 77 114 113 112 108 83 107 75 84 115 116 76,81 80 110 111 82 79 109 78 77 112 114 107 113 76 108 115 84 75 83 116,simulation,db4,usage,27,400,400,0
W-NN,W-NN:k=7,11,,0.035,0.042,80 71 115 111 76 119 83 82 88 72 106 77 75 112 110 85 84 81 107 116,80 71 115 111 76 119 83 82 88 72 106 77 75 112 110 85 84 81 107 116,simulation,db4,energy,28,400,400,0
W-QDA,W-QDA:qda,14,,0.0125,0.014,80 71 115 111 76 119 83 82 88 72 106 77 75 112 110 85 84 81 107 116,80 71 115 111 76 119 83 82 88 72 106 77 75 112 110 85 84 81 107 116,simulation,db4,energy,28,400,400,0
W-CART,W-CART:cart,18,,0.055,0.044,80 71 115 111 76 119 83 82 88 72 106 77 75 112 110 85 84 81 107 116,80 71 115 111 76 119 83 82 88 72 106 77 75 112 110 85 84 81 107 116,simulation,db4,energy,28,400,400,0
ALL,W-QDA:qda,14,,0.0125,0.014,80 71 115 111 76 119 83 82 88 72 106 77 75 112 110 85 84 81 107 116,80 71 115 111 76 119 83 82 88 72 106 77 75 112 110 85 84 81 107 116,simulation,db4,energy,28,400,400,0
W-NN,W-NN:k=15,25,1.5,0.03,0.04,110 81 111 82 78 77 114 113 115 79 75 80 76 109 112 116 83 107 74 108,110 111 81 78 77 113 82 112 79 109 80 115 76 114 83 75 108 116 84 107,simulation,db4,usage,28,400,400,0
W-QDA,W-QDA:qda,44,0.5,0.0125,0.014,79 78 111 80 81 110 112 113 114 82 77 109 76 115 108 83 116 75 107 84,110 111 81 78 77 113 82 112 79 109 80 115 76 114 83 75 108 116 84 107,simulation,db4,usage,28,400,400,0
W-CART,W-CART:cart,23,2.0,0.045,0.048,110 81 82 77 111 113 115 76 75 78 80 79 114 107 109 116 84 108 106 112,110 111 81 78 77 113 82 112 79 109 80 115 76 114 83 75 108 116 84 107,simulation,db4,usage,28,400,400,0
ALL,W-QDA:qda,44,0.5,0.0125,0.014,79 78 111 80 81 110 112 113 114 82 77 109 76 115 108 83 116 75 107 84,110 111 81 78 77 113 82 112 79 109 80 115 76 114 83 75 108 116 84 107,simulation,db4,usage,28,400,400,0
W-NN,W-NN:k=5,54,,0.05,0.052,117 242 60 112 74 58 81 109 111 114 83 86 110 78 116 76 82 113 141 85,117 242 60 112 74 58 81 109 111 114 83 86 110 78 116 76 82 113 141 85,simulation,db4,energy,29,400,400,0
W-QDA,W-QDA:qda,36,,0.0125,0.01,117 242 60 112 74 58 81 109 111 114 83 86 110 78 116 76 82 113 141 85,117 242 60 112 74 58 81 109 111 114 83 86 110 78 116 76 82 113 141 85,simulation,db4,energy,29,400,400,0
W-CART,W-CART:cart,12,,0.05,0.07,117 242 60 112 74 58 81 109 111 114 83 86 110 78 116 76 82 113 141 85,117 242 60 112 74 58 81 109 111 114 83 86 110 78 116 76 82 113 141 85,simulation,db4,energy,29,400,400,0
ALL,W-QDA:qda,36,,0.0125,0.01,117 242 60 112 74 58 81 109 111 114 83 86 110 78 116 76 82 113 141 85,117 242 60 112 74 58 81 109 111 114 83 86 110 78 116 76 82 113 141 85,simulation,db4,energy,29,400,400,0
W-NN,W-NN:k=25,31,3.0,0.03,0.038,82 109 112 110 108 106 81 83 107 84 113 116 78 80 76 117 75 115 111 77,81 82 110 113 108 109 78 79 107 111 77 80 112 114 83 76 106 115 84 85,simulation,db4,usage,29,400,400,0
W-QDA,W-QDA:qda,28,0.5,0.01,0.018,79 81 78 112 111 80 110 113 77 82 108 114 83 109 76 115 107 84 106 85,81 82 110 113 108 109 78 79 107 111 77 80 112 114 83 76 106 115 84 85,simulation,db4,usage,29,400,400,0
W-CART,W-CART:cart,41,0.5,0.0475,0.064,79 81 78 112 111 80 110 113 77 82 108 114 83 109 76 115 107 84 106 85,81 82 110 113 108 109 78 79 107 111 77 80 112 114 83 76 106 115 84 85,simulation,db4,usage,29,400,400,0
ALL,W-QDA:qda,28,0.5,0.01,0.018,79 81 78 112 111 80 110 113 77 82 108 114 83 109 76 115 107 84 106 85,81 82 110 113 108 109 78 79 107 111 77 80 112 114 83 76 106 115 84 85,simulation,db4,usage,29,400,400,0
W-NN,W-NN:k=15,32,,0.0275,0.036,74 117 73 116 118 81 85 106 87 86 75 110 105 115 72 113 109 114 80 108,74 117 73 116 118 81 85 106 87 86 75 110 105 115 72 113 109 114 80 108,simulation,db4,energy,30,400,400,0
W-QDA,W-QDA:qda,56,,0.01,0.016,74 117 73 116 118 81 85 106 87 86 75 110 105 115 72 113 109 114 80 108,74 117 73 116 118 81 85 106 87 86 75 110 105 115 72 113 109 114 80 108,simulation,db4,energy,30,400,400,0
W-CART,W-CART:cart,15,,0.0525,0.066,74 117 73 116 118 81 85 106 87 86 75 110 105 115 72 113 109 114 80 108,74 117 73 116 118 81 85 106 87 86 75 110 105 115 72 113 109 114 80 108,simulation,db4,energy,30,400,400,0
ALL,W-QDA:qda,56,,0.01,0.016,74 117 73 116 118 81 85 106 87 86 75 110 105 115 72 113 109 114 80 108,74 117 73 116 118 81 85 106 87 86 75 110 105 115 72 113 109 114 80 108,simulation,db4,energy,30,400,400,0
W-NN,W-NN:k=15,32,1.5,0.0275,0.036,116 78 80 111 76 81 113 114 115 110 77 74 75 79 117 109 112 82 107 83,78 111 110 79 113 115 112 116 81 80 75 76 77 114 109 117 74 82 83 107,simulation,db4,usage,30,400,400,0
W-QDA,W-QDA:qda,40,0.5,0.0075,0.014,79 112 80 111 78 116 77 110 113 81 115 75 82 109 114 76 74 108 117 83,78 111 110 79 113 115 112 116 81 80 75 76 77 114 109 117 74 82 83 107,simulation,db4,usage,30,400,400,0
W-CART,W-CART:cart,48,1.0,0.0575,0.062,78 111 110 79 113 115 112 116 81 80 75 76 77 114 109 117 74 82 83 107,78 111 110 79 113 115 112 116 81 80 75 76 77 114 109 117 74 82 83 107,simulation,db4,usage,30,400,400,0
ALL,W-QDA:qda,40,0.5,0.0075,0.014,79 112 80 111 78 116 77 110 113 81 115 75 82 109 114 76 74 108 117 83,78 111 110 79 113 115 112 116 81 80 75 76 77 114 109 117 74 82 83 107,simulation,db4,usage,30,400,400,0
W-NN,W-NN:k=25,46,,0.0125,0.052,118 86 73 106 72 119 109 84 105 85 74 111 83 103 114 107 81 78 117 82,118 86 73 106 72 119 109 84 105 85 74 111 83 103 114 107 81 78 117 82,simulation,db4,energy,31,400,400,0
W-QDA,W-QDA:qda,16,,0.015,0.02,118 86 73 106 72 119 109 84 105 85 74 111 83 103 114 107 81 78 117 82,118 86 73 106 72 119 109 84 105 85 74 111 83 103 114 107 81 78 117 82,simulation,db4,energy,31,400,400,0
W-CART,W-CART:cart,38,,0.035,0.064,118 86 73 106 72 119 109 84 105 85 74 111 83 103 114 107 81 78 117 82,118 86 73 106 72 119 109 84 105 85 74 111 83 103 114 107 81 78 117 82,simulation,db4,energy,31,400,400,0
ALL,W-NN:k=25,46,,0.0125,0.052,118 86 73 106 72 119 109 84 105 85 74 111 83 103 114 107 81 78 117 82,118 86 73 106 72 119 109 84 105 85 74 111 83 103 114 107 81 78 117 82,simulation,db4,energy,31,400,400,0
W-NN,W-NN:k=15,41,1.0,0.03,0.054,113 111 108 112 114 81 82 83 78 109 110 77 80 84 107 76 79 115 116 75,113 111 108 112 114 81 82 83 78 109 110 77 80 84 107 76 79 115 116 75,simulation,db4,usage,31,400,400,0
W-QDA,W-QDA:qda,27,1.5,0.03,0.03,111 113 83 108 109 78 82 110 112 77 84 81 85 106 114 76 107 115 116 105,113 111 108 112 114 81 82 83 78 109 110 77 80 84 107 76 79 115 116 75,simulation,db4,usage,31,400,400,0
W-CART,W-CART:cart,38,2.0,0.035,0.042,83 108 85 111 113 107 112 82 106 110 109 84 81 115 78 116 75 105 80 76,113 111 108 112 114 81 82 83 78 109 110 77 80 84 107 76 79 115 116 75,simulation,db4,usage,31,400,400,0
ALL,W-QDA:qda,27,1.5,0.03,0.03,111 113 83 108 109 78 82 110 112 77 84 81 85 106 114 76 107 115 116 105,113 111 108 112 114 81 82 83 78 109 110 77 80 84 107 76 79 115 116 75,simulation,db4,usage,31,400,400,0
W-NN,W-NN:k=1,4,,0.05,0.044,172 105 117 72 111 71 345 79 85 115 120 113 107 73 110 80 78 112 118 82,172 105 117 72 111 71 345 79 85 115 120 113 107 73 110 80 78 112 118 82,simulation,db4,energy,32,400,400,0
W-QDA,W-QDA:qda,52,,0.015,0.016,172 105 117 72 111 71 345 79 85 115 120 113 107 73 110 80 78 112 118 82,172 105 117 72 111 71 345 79 85 115 120 113 107 73 110 80 78 112 118 82,simulation,db4,energy,32,400,400,0
W-CART,W-CART:cart,14,,0.0275,0.08,172 105 117 72 111 71 345 79 85 115 120 113 107 73 110 80 78 112 118 82,172 105 117 72 111 71 345 79 85 115 120 113 107 73 110 80 78 112 118 82,simulation,db4,energy,32,400,400,0
ALL,W-QDA:qda,52,,0.015,0.016,172 105 117 72 111 71 345 79 85 115 120 113 107 73 110 80 78 112 118 82,172 105 117 72 111 71 345 79 85 115 120 113 107 73 110 80 78 112 118 82,simulation,db4,energy,32,400,400,0
W-NN,W-NN:k=7,24,0.5,0.04,0.048,81 80 79 111 112 113 110 78 77 76 114 109 82 108 83 115 107 116 84 106,80 81 110 108 79 111 113 115 109 82 112 107 77 114 76 83 78 84 116 85,simulation,db4,usage,32,400,400,0
W-QDA,W-QDA:qda,31,3.0,0.015,0.016,110 82 81 107 111 80 108 113 115 109 79 73 78 84 112 83 116 85 77 114,80 81 110 108 79 111 113 115 109 82 112 107 77 114 76 83 78 84 116 85,simulation,db4,usage,32,400,400,0
W-CART,W-CART:cart,30,3.0,0.04,0.078,110 82 81 107 111 80 108 113 115 109 79 73 78 84 112 83 116 85 77 114,80 81 110 108 79 111 113 115 109 82 112 107 77 114 76 83 78 84 116 85,simulation,db4,usage,32,400,400,0
ALL,W-QDA:qda,31,3.0,0.015,0.016,110 82 81 107 111 80 108 113 115 109 79 73 78 84 112 83 116 85 77 114,80 81 110 108 79 111 113 115 109 82 112 107 77 114 76 83 78 84 116 85,simulation,db4,usage,32,400,400,0
W-NN,W-NN:k=9,25,,0.015,0.044,76 115 84 75 110 114 38 107 57 77 78 116 108 113 109 85 112 80 73 111,76 115 84 75 110 114 38 107 57 77 78 116 108 113 109 85 112 80 73 111,simulation,db4,energy,33,400,400,0
W-QDA,W-QDA:qda,42,,0.01,0.01,76 115 84 75 110 114 38 107 57 77 78 116 108 113 109 85 112 80 73 111,76 115 84 75 110 114 38 107 57 77 78 116 108 113 109 85 112 80 73 111,simulation,db4,energy,33,400,400,0
W-CART,W-CART:cart,30,,0.0475,0.046,76 115 84 75 110 114 38 107 57 77 78 116 108 113 109 85 112 80 73 111,76 115 84 75 110 114 38 107 57 77 78 116 108 113 109 85 112 80 73 111,simulation,db4,energy,33,400,400,0
ALL,W-QDA:qda,42,,0.01,0.01,76 115 84 75 110 114 38 107 57 77 78 116 108 113 109 85 112 80 73 111,76 115 84 75 110 114 38 107 57 77 78 116 108 113 109 85 112 80 73 111,simulation,db4,energy,33,400,400,0
W-NN,W-NN:k=15,61,2.0,0.015,0.05,114 77 78 109 112 110 76 111 81 115 75 79 80 108 113 116 83 82 107 74,111 81 110 112 80 79 113 77 78 109 114 115 108 75 76 82 83 107 116 84,simulation,db4,usage,33,400,400,0
W-QDA,W-QDA:qda,47,3.0,0.01,0.012,77 112 78 75 115 114 111 79 108 109 76 110 113 116 81 80 74 82 84 107,111 81 110 112 80 79 113 77 78 109 114 115 108 75 76 82 83 107 116 84,simulation,db4,usage,33,400,400,0
W-CART,W-CART:cart,36,3.0,0.0475,0.052,77 112 78 75 115 114 111 79 108 109 76 110 113 116 81 80 74 82 84 107,111 81 110 112 80 79 113 77 78 109 114 115 108 75 76 82 83 107 116 84,simulation,db4,usage,33,400,400,0
ALL,W-QDA:qda,47,3.0,0.01,0.012,77 112 78 75 115 114 111 79 108 109 76 110 113 116 81 80 74 82 84 107,111 81 110 112 80 79 113 77 78 109 114 115 108 75 76 82 83 107 116 84,simulation,db4,usage,33,400,400,0
W-NN,W-NN:k=9,48,,0.0375,0.054,73 85 118 76 114 106 75 77 107 71 74 80 78 111 115 120 84 83 79 117,73 85 118 76 114 106 75 77 107 71 74 80 78 111 115 120 84 83 79 117,simulation,db4,energy,34,400,400,0
W-QDA,W-QDA:qda,48,,0.015,0.018,73 85 118 76 114 106 75 77 107 71 74 80 78 111 115 120 84 83 79 117,73 85 118 76 114 106 75 77 107 71 74 80 78 111 115 120 84 83 79 117,simulation,db4,energy,34,400,400,0
W-CART,W-CART:cart,10,,0.055,0.054,73 85 118 76 114 106 75 77 107 71 74 80 78 111 115 120 84 83 79 117,73 85 118 76 114 106 75 77 107 71 74 80 78 111 115 120 84 83 79 117,simulation,db4,energy,34,400,400,0
ALL,W-QDA:qda,48,,0.015,0.018,73 85 118 76 114 106 75 77 107 71 74 80 78 111 115 120 84 83 79 117,73 85 118 76 114 106 75 77 107 71 74 80 78 111 115 120 84 83 79 117,simulation,db4,energy,34,400,400,0
W-NN,W-NN:k=15,42,1.0,0.0175,0.056,109 110 79 111 81 80 112 78 77 108 82 113 114 76 83 107 84 106 75 115,109 110 79 111 81 80 112 78 77 108 82 113 114 76 83 107 84 106 75 115,simulation,db4,usage,34,400,400,0
W-QDA,W-QDA:qda,38,1.0,0.01,0.022,109 110 79 111 81 80 112 78 77 108 82 113 114 76 83 107 84 106 75 115,109 110 79 111 81 80 112 78 77 108 82 113 114 76 83 107 84 106 75 115,simulation,db4,usage,34,400,400,0
W-CART,W-CART:cart,32,1.5,0.055,0.07,109 110 108 111 78 80 81 77 79 84 107 113 114 76 83 82 112 85 75 115,109 110 79 111 81 80 112 78 77 108 82 113 114 76 83 107 84 106 75 115,simulation,db4,usage,34,400,400,0
ALL,W-QDA:qda,38,1.0,0.01,0.022,109 110 79 111 81 80 112 78 77 108 82 113 114 76 83 107 84 106 75 115,109 110 79 111 81 80 112 78 77 108 82 113 114 76 83 107 84 106 75 115,simulation,db4,usage,34,400,400,0
W-NN,W-NN:k=3,7,,0.0425,0.044,114 77 105 119 82 118 109 78 112 71 79 104 73 115 116 72 74 87 103 117,114 77 105 119 82 118 109 78 112 71 79 104 73 115 116 72 74 87 103 117,simulation,db4,energy,35,400,400,0
W-QDA,W-QDA:qda,25,,0.0,0.022,114 77 105 119 82 118 109 78 112 71 79 104 73 115 116 72 74 87 103 117,114 77 105 119 82 118 109 78 112 71 79 104 73 115 116 72 74 87 103 117,simulation,db4,energy,35,400,400,0
W-CART,W-CART:cart,61,,0.0525,0.07,114 77 105 119 82 118 109 78 112 71 79 104 73 115 116 72 74 87 103 117,114 77 105 119 82 118 109 78 112 71 79 104 73 115 116 72 74 87 103 117,simulation,db4,energy,35,400,400,0
ALL,W-QDA:qda,25,,0.0,0.022,114 77 105 119 82 118 109 78 112 71 79 104 73 115 116 72 74 87 103 117,114 77 105 119 82 118 109 78 112 71 79 104 73 115 116 72 74 87 103 117,simulation,db4,energy,35,400,400,0
W-NN,W-NN:k=9,26,0.5,0.0175,0.044,112 113 80 110 78 79 77 109 115 111 82 114 108 83 81 76 107 75 116 84,112 80 79 113 115 77 78 114 109 83 110 81 108 111 76 82 116 84 107 75,simulation,db4,usage,35,400,400,0
W-QDA,W-QDA:qda,50,3.0,0.005,0.024,114 79 112 113 105 115 78 83 106 116 110 117 74 80 109 77 84 107 75 111,112 80 79 113 115 77 78 114 109 83 110 81 108 111 76 82 116 84 107 75,simulation,db4,usage,35,400,400,0
W-CART,W-CART:cart,29,3.0,0.05,0.076,114 79 112 113 105 115 78 83 106 116 110 117 74 80 109 77 84 107 75 111,112 80 79 113 115 77 78 114 109 83 110 81 108 111 76 82 116 84 107 75,simulation,db4,usage,35,400,400,0
ALL,W-QDA:qda,50,3.0,0.005,0.024,114 79 112 113 105 115 78 83 106 116 110 117 74 80 109 77 84 107 75 111,112 80 79 113 115 77 78 114 109 83 110 81 108 111 76 82 116 84 107 75,simulation,db4,usage,35,400,400,0
W-NN,W-NN:k=7,23,,0.0375,0.048,78 82 81 109 79 112 55 110 111 118 72 115 108 104 75 54 116 73 77 106,78 82 81 109 79 112 55 110 111 118 72 115 108 104 75 54 116 73 77 106,simulation,db4,energy,36,400,400,0
W-QDA,W-QDA:qda,44,,0.0075,0.022,78 82 81 109 79 112 55 110 111 118 72 115 108 104 75 54 116 73 77 106,78 82 81 109 79 112 55 110 111 118 72 115 108 104 75 54 116 73 77 106,simulation,db4,energy,36,400,400,0
W-CART,W-CART:cart,22,,0.0525,0.058,78 82 81 109 79 112 55 110 111 118 72 115 108 104 75 54 116 73 77 106,78 82 81 109 79 112 55 110 111 118 72 115 108 104 75 54 116 73 77 106,simulation,db4,energy,36,400,400,0
ALL,W-QDA:qda,44,,0.0075,0.022,78 82 81 109 79 112 55 110 111 118 72 115 108 104 75 54 116 73 77 106,78 82 81 109 79 112 55 110 111 118 72 115 108 104 75 54 116 73 77 106,simulation,db4,energy,36,400,400,0
W-NN,W-NN:k=15,55,1.0,0.0275,0.034,112 110 77 113 78 79 76 80 81 111 114 109 82 115 108 116 107 75 83 84,112 110 77 113 78 79 76 80 81 111 114 109 82 115 108 116 107 75 83 84,simulation,db4,usage,36,400,400,0
W-QDA,W-QDA:qda,21,3.0,0.005,0.024,109 108 77 81 85 82 83 115 75 78 112 116 80 76 107 114 86 113 74 79,112 110 77 113 78 79 76 80 81 111 114 109 82 115 108 116 107 75 83 84,simulation,db4,usage,36,400,400,0
W-CART,W-CART:cart,32,1.0,0.035,0.08,112 110 77 113 78 79 76 80 81 111 114 109 82 115 108 116 107 75 83 84,112 110 77 113 78 79 76 80 81 111 114 109 82 115 108 116 107 75 83 84,simulation,db4,usage,36,400,400,0
ALL,W-QDA:qda,21,3.0,0.005,0.024,109 108 77 81 85 82 83 115 75 78 112 116 80 76 107 114 86 113 74 79,112 110 77 113 78 79 76 80 81 111 114 109 82 115 108 116 107 75 83 84,simulation,db4,usage,36,400,400,0
W-NN,W-NN:k=3,35,,0.0475,0.064,115 76 71 112 83 119 105 117 74 116 86 75 113 106 108 79 118 73 104 110,115 76 71 112 83 119 105 117 74 116 86 75 113 106 108 79 118 73 104 110,simulation,db4,energy,37,400,400,0
W-QDA,W-QDA:qda,14,,0.01,0.012,115 76 71 112 83 119 105 117 74 116 86 75 113 106 108 79 118 73 104 110,115 76 71 112 83 119 105 117 74 116 86 75 113 106 108 79 118 73 104 110,simulation,db4,energy,37,400,400,0
W-CART,W-CART:cart,23,,0.055,0.048,115 76 71 112 83 119 105 117 74 116 86 75 113 106 108 79 118 73 104 110,115 76 71 112 83 119 105 117 74 116 86 75 113 106 108 79 118 73 104 110,simulation,db4,energy,37,400,400,0
ALL,W-QDA:qda,14,,0.01,0.012,115 76 71 112 83 119 105 117 74 116 86 75 113 106 108 79 118 73 104 110,115 76 71 112 83 119 105 117 74 116 86 75 113 106 108 79 118 73 104 110,simulation,db4,energy,37,400,400,0
W-NN,W-NN:k=7,29,1.0,0.035,0.052,76 115 113 77 114 81 75 112 116 78 79 80 82 110 111 74 109 117 83 107,76 115 113 77 114 81 75 112 116 78 79 80 82 110 111 74 109 117 83 107,simulation,db4,usage,37,400,400,0
W-QDA,W-QDA:qda,27,1.0,0.0075,0.026,76 115 113 77 114 81 75 112 116 78 79 80 82 110 111 74 109 117 83 107,76 115 113 77 114 81 75 112 116 78 79 80 82 110 111 74 109 117 83 107,simulation,db4,usage,37,400,400,0
W-CART,W-CART:cart,25,2.0,0.07,0.072,114 115 76 113 75 112 78 79 116 77 80 81 117 82 110 74 83 111 107 109,76 115 113 77 114 81 75 112 116 78 79 80 82 110 111 74 109 117 83 107,simulation,db4,usage,37,400,400,0
ALL,W-QDA:qda,27,1.0,0.0075,0.026,76 115 113 77 114 81 75 112 116 78 79 80 82 110 111 74 109 117 83 107,76 115 113 77 114 81 75 112 116 78 79 80 82 110 111 74 109 117 83 107,simulation,db4,usage,37,400,400,0
W-NN,W-NN:k=25,46,,0.045,0.03,83 106 85 109 108 82 111 114 105 81 77 112 113 78 107 87 84 110 80 79,83 106 85 109 108 82 111 114 105 81 77 112 113 78 107 87 84 110 80 79,simulation,db4,energy,38,400,400,0
W-QDA,W-QDA:qda,49,,0.0175,0.018,83 106 85 109 108 82 111 114 105 81 77 112 113 78 107 87 84 110 80 79,83 106 85 109 108 82 111 114 105 81 77 112 113 78 107 87 84 110 80 79,simulation,db4,energy,38,400,400,0
W-CART,W-CART:cart,32,,0.0725,0.062,83 106 85 109 108 82 111 114 105 81 77 112 113 78 107 87 84 110 80 79,83 106 85 109 108 82 111 114 105 81 77 112 113 78 107 87 84 110 80 79,simulation,db4,energy,38,400,400,0
ALL,W-QDA:qda,49,,0.0175,0.018,83 106 85 109 108 82 111 114 105 81 77 112 113 78 107 87 84 110 80 79,83 106 85 109 108 82 111 114 105 81 77 112 113 78 107 87 84 110 80 79,simulation,db4,energy,38,400,400,0
W-NN,W-NN:k=5,64,1.5,0.035,0.042,109 107 80 84 82 83 110 77 78 111 79 112 108 106 76 81 113 114 115 85,109 80 111 110 78 107 82 112 79 83 81 113 114 108 77 84 115 106 76 85,simulation,db4,usage,38,400,400,0
W-QDA,W-QDA:qda,28,3.0,0.02,0.024,83 107 80 106 82 108 111 84 109 77 112 110 79 85 105 114 81 115 117 75,109 80 111 110 78 107 82 112 79 83 81 113 114 108 77 84 115 106 76 85,simulation,db4,usage,38,400,400,0
W-CART,W-CART:cart,24,1.0,0.07,0.08,109 80 111 110 78 107 82 112 79 83 81 113 114 108 77 84 115 106 76 85,109 80 111 110 78 107 82 112 79 83 81 113 114 108 77 84 115 106 76 85,simulation,db4,usage,38,400,400,0
ALL,W-QDA:qda,28,3.0,0.02,0.024,83 107 80 106 82 108 111 84 109 77 112 110 79 85 105 114 81 115 117 75,109 80 111 110 78 107 82 112 79 83 81 113 114 108 77 84 115 106 76 85,simulation,db4,usage,38,400,400,0
W-NN,W-NN:k=25,47,,0.045,0.062,108 80 81 110 109 83 78 111 112 86 55 115 104 79 82 105 76 120 84 107,108 80 81 110 109 83 78 111 112 86 55 115 104 79 82 105 76 120 84 107,simulation,db4,energy,39,400,400,0
W-QDA,W-QDA:qda,33,,0.02,0.026,108 80 81 110 109 83 78 111 112 86 55 115 104 79 82 105 76 120 84 107,108 80 81 110 109 83 78 111 112 86 55 115 104 79 82 105 76 120 84 107,simulation,db4,energy,39,400,400,0
W-CART,W-CART:cart,26,,0.06,0.06,108 80 81 110 109 83 78 111 112 86 55 115 104 79 82 105 76 120 84 107,108 80 81 110 109 83 78 111 112 86 55 115 104 79 82 105 76 120 84 107,simulation,db4,energy,39,400,400,0
ALL,W-QDA:qda,33,,0.02,0.026,108 80 81 110 109 83 78 111 112 86 55 115 104 79 82 105 76 120 84 107,108 80 81 110 109 83 78 111 112 86 55 115 104 79 82 105 76 120 84 107,simulation,db4,energy,39,400,400,0
W-NN,W-NN:k=9,23,0.5,0.045,0.066,111 80 110 82 109 81 79 83 113 78 112 114 76 107 108 84 115 77 85 106,81 111 80 110 82 78 83 109 112 79 108 113 107 84 114 76 77 85 115 106,simulation,db4,usage,39,400,400,0
W-QDA,W-QDA:qda,28,1.5,0.015,0.022,109 81 111 79 82 78 83 112 80 110 113 107 108 114 76 84 115 85 77 75,81 111 80 110 82 78 83 109 112 79 108 113 107 84 114 76 77 85 115 106,simulation,db4,usage,39,400,400,0
W-CART,W-CART:cart,26,3.0,0.0625,0.08,79 83 81 109 111 112 80 78 82 75 116 105 110 85 76 106 74 107 108 113,81 111 80 110 82 78 83 109 112 79 108 113 107 84 114 76 77 85 115 106,simulation,db4,usage,39,400,400,0
ALL,W-QDA:qda,28,1.5,0.015,0.022,109 81 111 79 82 78 83 112 80 110 113 107 108 114 76 84 115 85 77 75,81 111 80 110 82 78 83 109 112 79 108 113 107 84 114 76 77 85 115 106,simulation,db4,usage,39,400,400,0
W-NN,W-NN:k=7,14,,0.035,0.044,75 112 118 109 82 73 116 106 78 85 79 105 108 107 83 111 86 113 76 110,75 112 118 109 82 73 116 106 78 85 79 105 108 107 83 111 86 113 76 110,simulation,db4,energy,40,400,400,0
W-QDA,W-QDA:qda,27,,0.01,0.02,75 112 118 109 82 73 116 106 78 85 79 105 108 107 83 111 86 113 76 110,75 112 118 109 82 73 116 106 78 85 79 105 108 107 83 111 86 113 76 110,simulation,db4,energy,40,400,400,0
W-CART,W-CART:cart,40,,0.0575,0.048,75 112 118 109 82 73 116 106 78 85 79 105 108 107 83 111 86 113 76 110,75 112 118 109 82 73 116 106 78 85 79 105 108 107 83 111 86 113 76 110,simulation,db4,energy,40,400,400,0
ALL,W-QDA:qda,27,,0.01,0.02,75 112 118 109 82 73 116 106 78 85 79 105 108 107 83 111 86 113 76 110,75 112 118 109 82 73 116 106 78 85 79 105 108 107 83 111 86 113 76 110,simulation,db4,energy,40,400,400,0
W-NN,W-NN:k=15,59,0.5,0.03,0.022,79 111 112 78 80 110 113 81 109 77 82 83 114 108 76 115 75 116 107 84,79 112 111 81 78 110 113 80 109 114 108 77 75 82 83 76 115 84 107 116,simulation,db4,usage,40,400,400,0
W-QDA,W-QDA:qda,38,1.5,0.0075,0.012,113 79 111 112 114 80 110 81 78 109 108 82 77 75 83 76 84 115 116 107,79 112 111 81 78 110 113 80 109 114 108 77 75 82 83 76 115 84 107 116,simulation,db4,usage,40,400,400,0
W-CART,W-CART:cart,40,1.0,0.04,0.054,79 112 111 81 78 110 113 80 109 114 108 77 75 82 83 76 115 84 107 116,79 112 111 81 78 110 113 80 109 114 108 77 75 82 83 76 115 84 107 116,simulation,db4,usage,40,400,400,0
ALL,W-QDA:qda,38,1.5,0.0075,0.012,113 79 111 112 114 80 110 81 78 109 108 82 77 75 83 76 84 115 116 107,79 112 111 81 78 110 113 80 109 114 108 77 75 82 83 76 115 84 107 116,simulation,db4,usage,40,400,400,0
W-NN,W-NN:k=5,43,,0.0275,0.052,107 77 82 112 85 84 109 110 106 113 114 105 86 78 116 79 111 108 118 80,107 77 82 112 85 84 109 110 106 113 114 105 86 78 116 79 111 108 118 80,simulation,db4,energy,41,400,400,0
W-QDA,W-QDA:qda,22,,0.0125,0.01,107 77 82 112 85 84 109 110 106 113 114 105 86 78 116 79 111 108 118 80,107 77 82 112 85 84 109 110 106 113 114 105 86 78 116 79 111 108 118 80,simulation,db4,energy,41,400,400,0
W-CART,W-CART:cart,20,,0.045,0.056,107 77 82 112 85 84 109 110 106 113 114 105 86 78 116 79 111 108 118 80,107 77 82 112 85 84 109 110 106 113 114 105 86 78 116 79 111 108 118 80,simulation,db4,energy,41,400,400,0
ALL,W-QDA:qda,22,,0.0125,0.01,107 77 82 112 85 84 109 110 106 113 114 105 86 78 116 79 111 108 118 80,107 77 82 112 85 84 109 110 106 113 114 105 86 78 116 79 111 108 118 80,simulation,db4,energy,41,400,400,0
W-NN,W-NN:k=15,34,1.0,0.0225,0.022,111 110 109 113 114 112 77 78 81 108 79 80 83 107 76 82 115 116 84 75,111 110 109 113 114 112 77 78 81 108 79 80 83 107 76 82 115 116 84 75,simulation,db4,usage,41,400,400,0
W-QDA,W-QDA:qda,23,0.5,0.0075,0.024,111 79 110 109 112 113 114 78 80 77 82 81 83 108 76 107 116 115 84 75,111 110 109 113 114 112 77 78 81 108 79 80 83 107 76 82 115 116 84 75,simulation,db4,usage,41,400,400,0
W-CART,W-CART:cart,12,3.0,0.065,0.072,77 109 110 111 114 78 107 116 108 79 106 115 112 83 113 117 84 85 82 74,111 110 109 113 114 112 77 78 81 108 79 80 83 107 76 82 115 116 84 75,simulation,db4,usage,41,400,400,0
ALL,W-QDA:qda,23,0.5,0.0075,0.024,111 79 110 109 112 113 114 78 80 77 82 81 83 108 76 107 116 115 84 75,111 110 109 113 114 112 77 78 81 108 79 80 83 107 76 82 115 116 84 75,simulation,db4,usage,41,400,400,0
W-NN,W-NN:k=7,25,,0.0375,0.048,113 77 86 114 78 105 85 104 73 75 118 38 106 81 112 119 115 117 80 110,113 77 86 114 78 105 85 104 73 75 118 38 106 81 112 119 115 117 80 110,simulation,db4,energy,42,400,400,0
W-QDA,W-QDA:qda,40,,0.0025,0.02,113 77 86 114 78 105 85 104 73 75 118 38 106 81 112 119 115 117 80 110,113 77 86 114 78 105 85 104 73 75 118 38 106 81 112 119 115 117 80 110,simulation,db4,energy,42,400,400,0
W-CART,W-CART:cart,22,,0.05,0.044,113 77 86 114 78 105 85 104 73 75 118 38 106 81 112 119 115 117 80 110,113 77 86 114 78 105 85 104 73 75 118 38 106 81 112 119 115 117 80 110,simulation,db4,energy,42,400,400,0
ALL,W-QDA:qda,40,,0.0025,0.02,113 77 86 114 78 105 85 104 73 75 118 38 106 81 112 119 115 117 80 110,113 77 86 114 78 105 85 104 73 75 118 38 106 81 112 119 115 117 80 110,simulation,db4,energy,42,400,400,0
W-NN,W-NN:k=25,20,3.0,0.02,0.036,77 114 75 115 78 82 112 113 81 84 116 74 107 73 79 110 108 109 86 105,112 77 80 81 78 82 114 79 110 113 111 76 115 109 75 83 84 108 116 85,simulation,db4,usage,42,400,400,0
W-QDA,W-QDA:qda,46,3.0,0.0,0.014,77 114 75 115 78 82 112 113 81 84 116 74 107 73 79 110 108 109 86 105,112 77 80 81 78 82 114 79 110 113 111 76 115 109 75 83 84 108 116 85,simulation,db4,usage,42,400,400,0
W-CART,W-CART:cart,49,0.5,0.0475,0.048,80 112 113 78 79 77 81 111 82 114 110 109 76 108 115 107 75 85 116 83,112 77 80 81 78 82 114 79 110 113 111 76 115 109 75 83 84 108 116 85,simulation,db4,usage,42,400,400,0
ALL,W-QDA:qda,46,3.0,0.0,0.014,77 114 75 115 78 82 112 113 81 84 116 74 107 73 79 110 108 109 86 105,112 77 80 81 78 82 114 79 110 113 111 76 115 109 75 83 84 108 116 85,simulation,db4,usage,42,400,400,0
W-NN,W-NN:k=25,54,,0.03,0.044,82 108 115 86 84 79 103 76 85 109 107 75 114 110 81 105 111 112 104 83,82 108 115 86 84 79 103 76 85 109 107 75 114 110 81 105 111 112 104 83,simulation,db4,energy,43,400,400,0
W-QDA,W-QDA:qda,44,,0.01,0.014,82 108 115 86 84 79 103 76 85 109 107 75 114 110 81 105 111 112 104 83,82 108 115 86 84 79 103 76 85 109 107 75 114 110 81 105 111 112 104 83,simulation,db4,energy,43,400,400,0
W-CART,W-CART:cart,7,,0.05,0.06,82 108 115 86 84 79 103 76 85 109 107 75 114 110 81 105 111 112 104 83,82 108 115 86 84 79 103 76 85 109 107 75 114 110 81 105 111 112 104 83,simulation,db4,energy,43,400,400,0
ALL,W-QDA:qda,44,,0.01,0.014,82 108 115 86 84 79 103 76 85 109 107 75 114 110 81 105 111 112 104 83,82 108 115 86 84 79 103 76 85 109 107 75 114 110 81 105 111 112 104 83,simulation,db4,energy,43,400,400,0
W-NN,W-NN:k=9,31,1.5,0.025,0.036,81 83 79 111 82 109 112 80 77 108 78 114 115 110 107 84 113 76 106 116,81 79 80 110 111 109 112 83 77 78 82 113 114 108 107 115 76 84 106 116,simulation,db4,usage,43,400,400,0
W-QDA,W-QDA:qda,30,0.5,0.01,0.026,79 80 81 111 110 112 82 78 109 77 113 83 114 76 108 84 115 107 116 75,81 79 80 110 111 109 112 83 77 78 82 113 114 108 107 115 76 84 106 116,simulation,db4,usage,43,400,400,0
W-CART,W-CART:cart,42,1.0,0.0525,0.054,81 79 80 110 111 109 112 83 77 78 82 113 114 108 107 115 76 84 106 116,81 79 80 110 111 109 112 83 77 78 82 113 114 108 107 115 76 84 106 116,simulation,db4,usage,43,400,400,0
ALL,W-QDA:qda,30,0.5,0.01,0.026,79 80 81 111 110 112 82 78 109 77 113 83 114 76 108 84 115 107 116 75,81 79 80 110 111 109 112 83 77 78 82 113 114 108 107 115 76 84 106 116,simulation,db4,usage,43,400,400,0
W-NN,W-NN:k=5,26,,0.0375,0.036,76 111 118 80 113 115 81 103 82 110 78 114 79 84 112 116 85 88 72 77,76 111 118 80 113 115 81 103 82 110 78 114 79 84 112 116 85 88 72 77,simulation,db4,energy,44,400,400,0
W-QDA,W-QDA:qda,35,,0.0075,0.012,76 111 118 80 113 115 81 103 82 110 78 114 79 84 112 116 85 88 72 77,76 111 118 80 113 115 81 103 82 110 78 114 79 84 112 116 85 88 72 77,simulation,db4,energy,44,400,400,0
W-CART,W-CART:cart,22,,0.0475,0.042,76 111 118 80 113 115 81 103 82 110 78 114 79 84 112 116 85 88 72 77,76 111 118 80 113 115 81 103 82 110 78 114 79 84 112 116 85 88 72 77,simulation,db4,energy,44,400,400,0
ALL,W-QDA:qda,35,,0.0075,0.012,76 111 118 80 113 115 81 103 82 110 78 114 79 84 112 116 85 88 72 77,76 111 118 80 113 115 81 103 82 110 78 114 79 84 112 116 85 88 72 77,simulation,db4,energy,44,400,400,0
W-NN,W-NN:k=5,47,3.0,0.035,0.062,113 112 76 109 111 115 77 114 80 81 116 79 110 75 78 84 82 108 106 107,79 81 78 80 113 111 112 76 109 110 82 77 114 115 108 83 75 116 107 84,simulation,db4,usage,44,400,400,0
W-QDA,W-QDA:qda,32,1.0,0.01,0.008,79 81 78 80 113 111 112 76 109 110 82 77 114 115 108 83 75 116 107 84,79 81 78 80 113 111 112 76 109 110 82 77 114 115 108 83 75 116 107 84,simulation,db4,usage,44,400,400,0
W-CART,W-CART:cart,51,1.0,0.05,0.056,79 81 78 80 113 111 112 76 109 110 82 77 114 115 108 83 75 116 107 84,79 81 78 80 113 111 112 76 109 110 82 77 114 115 108 83 75 116 107 84,simulation,db4,usage,44,400,400,0
ALL,W-QDA:qda,32,1.0,0.01,0.008,79 81 78 80 113 111 112 76 109 110 82 77 114 115 108 83 75 116 107 84,79 81 78 80 113 111 112 76 109 110 82 77 114 115 108 83 75 116 107 84,simulation,db4,usage,44,400,400,0
W-NN,W-NN:k=9,25,,0.0425,0.034,80 111 82 83 76 118 84 109 113 78 115 114 81 110 108 112 72 86 117 107,80 111 82 83 76 118 84 109 113 78 115 114 81 110 108 112 72 86 117 107,simulation,db4,energy,45,400,400,0
W-QDA,W-QDA:qda,51,,0.0125,0.01,80 111 82 83 76 118 84 109 113 78 115 114 81 110 108 112 72 86 117 107,80 111 82 83 76 118 84 109 113 78 115 114 81 110 108 112 72 86 117 107,simulation,db4,energy,45,400,400,0
W-CART,W-CART:cart,20,,0.05,0.06,80 111 82 83 76 118 84 109 113 78 115 114 81 110 108 112 72 86 117 107,80 111 82 83 76 118 84 109 113 78 115 114 81 110 108 112 72 86 117 107,simulation,db4,energy,45,400,400,0
ALL,W-QDA:qda,51,,0.0125,0.01,80 111 82 83 76 118 84 109 113 78 115 114 81 110 108 112 72 86 117 107,80 111 82 83 76 118 84 109 113 78 115 114 81 110 108 112 72 86 117 107,simulation,db4,energy,45,400,400,0
W-NN,W-NN:k=15,39,3.0,0.0325,0.056,83 81 113 76 78 114 84 111 80 116 82 110 79 109 115 77 107 112 117 106,111 110 80 112 78 109 82 77 113 76 81 79 114 83 115 84 108 107 75 116,simulation,db4,usage,45,400,400,0
W-QDA,W-QDA:qda,51,2.0,0.015,0.008,111 83 78 113 115 81 80 114 109 76 82 110 112 77 79 84 116 75 107 117,111 110 80 112 78 109 82 77 113 76 81 79 114 83 115 84 108 107 75 116,simulation,db4,usage,45,400,400,0
W-CART,W-CART:cart,24,3.0,0.0725,0.058,83 81 113 76 78 114 84 111 80 116 82 110 79 109 115 77 107 112 117 106,111 110 80 112 78 109 82 77 113 76 81 79 114 83 115 84 108 107 75 116,simulation,db4,usage,45,400,400,0
ALL,W-QDA:qda,51,2.0,0.015,0.008,111 83 78 113 115 81 80 114 109 76 82 110 112 77 79 84 116 75 107 117,111 110 80 112 78 109 82 77 113 76 81 79 114 83 115 84 108 107 75 116,simulation,db4,usage,45,400,400,0
W-NN,W-NN:k=15,32,,0.0325,0.03,113 110 80 81 117 75 116 83 112 82 78 72 79 111 109 74 108 73 119 77,113 110 80 81 117 75 116 83 112 82 78 72 79 111 109 74 108 73 119 77,simulation,db4,energy,46,400,400,0
W-QDA,W-QDA:qda,52,,0.015,0.006,113 110 80 81 117 75 116 83 112 82 78 72 79 111 109 74 108 73 119 77,113 110 80 81 117 75 116 83 112 82 78 72 79 111 109 74 108 73 119 77,simulation,db4,energy,46,400,400,0
W-CART,W-CART:cart,19,,0.05,0.044,113 110 80 81 117 75 116 83 112 82 78 72 79 111 109 74 108 73 119 77,113 110 80 81 117 75 116 83 112 82 78 72 79 111 109 74 108 73 119 77,simulation,db4,energy,46,400,400,0
ALL,W-QDA:qda,52,,0.015,0.006,113 110 80 81 117 75 116 83 112 82 78 72 79 111 109 74 108 73 119 77,113 110 80 81 117 75 116 83 112 82 78 72 79 111 109 74 108 73 119 77,simulation,db4,energy,46,400,400,0
W-NN,W-NN:k=25,31,1.5,0.0275,0.026,80 81 113 77 78 111 109 110 108 79 114 82 115 112 76 75 107 74 84 83,80 113 78 81 77 110 111 79 109 112 114 82 108 115 76 107 75 83 116 84,simulation,db4,usage,46,400,400,0
W-QDA,W-QDA:qda,55,1.5,0.015,0.014,80 81 113 77 78 111 109 110 108 79 114 82 115 112 76 75 107 74 84 83,80 113 78 81 77 110 111 79 109 112 114 82 108 115 76 107 75 83 116 84,simulation,db4,usage,46,400,400,0
W-CART,W-CART:cart,35,1.5,0.06,0.05,80 81 113 77 78 111 109 110 108 79 114 82 115 112 76 75 107 74 84 83,80 113 78 81 77 110 111 79 109 112 114 82 108 115 76 107 75 83 116 84,simulation,db4,usage,46,400,400,0
ALL,W-QDA:qda,55,1.5,0.015,0.014,80 81 113 77 78 111 109 110 108 79 114 82 115 112 76 75 107 74 84 83,80 113 78 81 77 110 111 79 109 112 114 82 108 115 76 107 75 83 116 84,simulation,db4,usage,46,400,400,0
W-NN,W-NN:k=9,11,,0.035,0.066,86 106 85 105 120 73 117 79 77 80 76 78 115 75 118 112 72 56 104 87,86 106 85 105 120 73 117 79 77 80 76 78 115 75 118 112 72 56 104 87,simulation,db4,energy,47,400,400,0
W-QDA,W-QDA:qda,55,,0.01,0.016,86 106 85 105 120 73 117 79 77 80 76 78 115 75 118 112 72 56 104 87,86 106 85 105 120 73 117 79 77 80 76 78 115 75 118 112 72 56 104 87,simulation,db4,energy,47,400,400,0
W-CART,W-CART:cart,44,,0.04,0.054,86 106 85 105 120 73 117 79 77 80 76 78 115 75 118 112 72 56 104 87,86 106 85 105 120 73 117 79 77 80 76 78 115 75 118 112 72 56 104 87,simulation,db4,energy,47,400,400,0
ALL,W-QDA:qda,55,,0.01,0.016,86 106 85 105 120 73 117 79 77 80 76 78 115 75 118 112 72 56 104 87,86 106 85 105 120 73 117 79 77 80 76 78 115 75 118 112 72 56 104 87,simulation,db4,energy,47,400,400,0
W-NN,W-NN:k=15,32,3.0,0.03,0.03,76 115 75 77 117 113 112 78 114 80 116 81 74 79 118 111 83 82 110 108,79 77 113 112 80 114 111 115 76 78 116 81 110 75 117 74 82 83 108 109,simulation,db4,usage,47,400,400,0
W-QDA,W-QDA:qda,51,1.5,0.0125,0.018,113 112 115 77 114 111 79 76 80 116 75 78 117 81 74 110 108 109 83 82,79 77 113 112 80 114 111 115 76 78 116 81 110 75 117 74 82 83 108 109,simulation,db4,usage,47,400,400,0
W-CART,W-CART:cart,40,1.5,0.035,0.048,113 112 115 77 114 111 79 76 80 116 75 78 117 81 74 110 108 109 83 82,79 77 113 112 80 114 111 115 76 78 116 81 110 75 117 74 82 83 108 109,simulation,db4,usage,47,400,400,0
ALL,W-QDA:qda,51,1.5,0.0125,0.018,113 112 115 77 114 111 79 76 80 116 75 78 117 81 74 110 108 109 83 82,79 77 113 112 80 114 111 115 76 78 116 81 110 75 117 74 82 83 108 109,simulation,db4,usage,47,400,400,0
W-NN,W-NN:k=15,26,,0.025,0.03,75 83 107 74 115 113 85 37 116 86 72 105 108 84 104 76 80 79 77 81,75 83 107 74 115 113 85 37 116 86 72 105 108 84 104 76 80 79 77 81,simulation,db4,energy,48,400,400,0
W-QDA,W-QDA:qda,59,,0.005,0.006,75 83 107 74 115 113 85 37 116 86 72 105 108 84 104 76 80 79 77 81,75 83 107 74 115 113 85 37 116 86 72 105 108 84 104 76 80 79 77 81,simulation,db4,energy,48,400,400,0
W-CART,W-CART:cart,34,,0.0575,0.07,75 83 107 74 115 113 85 37 116 86 72 105 108 84 104 76 80 79 77 81,75 83 107 74 115 113 85 37 116 86 72 105 108 84 104 76 80 79 77 81,simulation,db4,energy,48,400,400,0
ALL,W-QDA:qda,59,,0.005,0.006,75 83 107 74 115 113 85 37 116 86 72 105 108 84 104 76 80 79 77 81,75 83 107 74 115 113 85 37 116 86 72 105 108 84 104 76 80 79 77 81,simulation,db4,energy,48,400,400,0
W-NN,W-NN:k=25,13,3.0,0.04,0.05,108 113 110 75 80 76 114 84 107 109 116 77 78 83 79 85 112 111 115 82,112 78 113 76 79 80 111 109 110 83 82 108 75 114 116 84 77 81 107 115,simulation,db4,usage,48,400,400,0
W-QDA,W-QDA:qda,48,3.0,0.0075,0.008,108 113 110 75 80 76 114 84 107 109 116 77 78 83 79 85 112 111 115 82,112 78 113 76 79 80 111 109 110 83 82 108 75 114 116 84 77 81 107 115,simulation,db4,usage,48,400,400,0
W-CART,W-CART:cart,59,0.5,0.05,0.07,112 113 110 78 79 80 76 111 81 109 114 82 77 115 83 108 107 75 116 106,112 78 113 76 79 80 111 109 110 83 82 108 75 114 116 84 77 81 107 115,simulation,db4,usage,48,400,400,0
ALL,W-QDA:qda,48,3.0,0.0075,0.008,108 113 110 75 80 76 114 84 107 109 116 77 78 83 79 85 112 111 115 82,112 78 113 76 79 80 111 109 110 83 82 108 75 114 116 84 77 81 107 115,simulation,db4,usage,48,400,400,0
W-NN,W-NN:k=7,36,,0.0325,0.052,76 85 109 82 115 83 84 79 57 105 106 114 77 73 113 54 112 107 78 80,76 85 109 82 115 83 84 79 57 105 106 114 77 73 113 54 112 107 78 80,simulation,db4,energy,49,400,400,0
W-QDA,W-QDA:qda,57,,0.02,0.024,76 85 109 82 115 83 84 79 57 105 106 114 77 73 113 54 112 107 78 80,76 85 109 82 115 83 84 79 57 105 106 114 77 73 113 54 112 107 78 80,simulation,db4,energy,49,400,400,0
W-CART,W-CART:cart,27,,0.0725,0.082,76 85 109 82 115 83 84 79 57 105 106 114 77 73 113 54 112 107 78 80,76 85 109 82 115 83 84 79 57 105 106 114 77 73 113 54 112 107 78 80,simulation,db4,energy,49,400,400,0
ALL,W-QDA:qda,57,,0.02,0.024,76 85 109 82 115 83 84 79 57 105 106 114 77 73 113 54 112 107 78 80,76 85 109 82 115 83 84 79 57 105 106 114 77 73 113 54 112 107 78 80,simulation,db4,energy,49,400,400,0
W-NN,W-NN:k=7,61,0.5,0.0175,0.022,80 79 112 78 110 111 77 81 109 113 114 76 83 82 75 108 115 116 107 106,112 79 111 110 109 80 81 77 108 113 78 76 82 83 114 115 107 75 84 116,simulation,db4,usage,49,400,400,0
W-QDA,W-QDA:qda,53,0.5,0.015,0.018,80 79 112 78 110 111 77 81 109 113 114 76 83 82 75 108 115 116 107 106,112 79 111 110 109 80 81 77 108 113 78 76 82 83 114 115 107 75 84 116,simulation,db4,usage,49,400,400,0
W-CART,W-CART:cart,25,1.0,0.065,0.062,112 79 111 110 109 80 81 77 108 113 78 76 82 83 114 115 107 75 84 116,112 79 111 110 109 80 81 77 108 113 78 76 82 83 114 115 107 75 84 116,simulation,db4,usage,49,400,400,0
ALL,W-QDA:qda,53,0.5,0.015,0.018,80 79 112 78 110 111 77 81 109 113 114 76 83 82 75 108 115 116 107 106,112 79 111 110 109 80 81 77 108 113 78 76 82 83 114 115 107 75 84 116,simulation,db4,usage,49,400,400,0
W-NN,W-NN:k=5,34,,0.03,0.048,111 110 79 80 118 85 86 72 76 81 113 77 82 87 78 109 115 40 84 114,111 110 79 80 118 85 86 72 76 81 113 77 82 87 78 109 115 40 84 114,simulation,db4,energy,50,400,400,0
W-QDA,W-QDA:qda,62,,0.0075,0.01,111 110 79 80 118 85 86 72 76 81 113 77 82 87 78 109 115 40 84 114,111 110 79 80 118 85 86 72 76 81 113 77 82 87 78 109 115 40 84 114,simulation,db4,energy,50,400,400,0
W-CART,W-CART:cart,16,,0.0575,0.058,111 110 79 80 118 85 86 72 76 81 113 77 82 87 78 109 115 40 84 114,111 110 79 80 118 85 86 72 76 81 113 77 82 87 78 109 115 40 84 114,simulation,db4,energy,50,400,400,0
ALL,W-QDA:qda,62,,0.0075,0.01,111 110 79 80 118 85 86 72 76 81 113 77 82 87 78 109 115 40 84 114,111 110 79 80 118 85 86 72 76 81 113 77 82 87 78 109 115 40 84 114,simulation,db4,energy,50,400,400,0
W-NN,W-NN:k=15,64,1.0,0.02,0.028,79 111 108 83 110 112 80 81 78 109 114 82 77 107 115 84 113 116 76 74,79 111 108 83 110 112 80 81 78 109 114 82 77 107 115 84 113 116 76 74,simulation,db4,usage,50,400,400,0
W-QDA,W-QDA:qda,30,1.0,0.01,0.012,79 111 108 83 110 112 80 81 78 109 114 82 77 107 115 84 113 116 76 74,79 111 108 83 110 112 80 81 78 109 114 82 77 107 115 84 113 116 76 74,simulation,db4,usage,50,400,400,0
W-CART,W-CART:cart,34,0.5,0.045,0.07,110 79 112 78 80 113 108 111 109 83 81 77 82 114 107 76 75 84 115 116,79 111 108 83 110 112 80 81 78 109 114 82 77 107 115 84 113 116 76 74,simulation,db4,usage,50,400,400,0
ALL,W-QDA:qda,30,1.0,0.01,0.012,79 111 108 83 110 112 80 81 78 109 114 82 77 107 115 84 113 116 76 74,79 111 108 83 110 112 80 81 78 109 114 82 77 107 115 84 113 116 76 74,simulation,db4,usage,50,400,400,0
W-NN,W-NN:k=7,47,,0.0425,0.052,117 73 115 118 75 76 110 114 79 112 78 116 77 84 113 111 72 85 104 71,117 73 115 118 75 76 110 114 79 112 78 116 77 84 113 111 72 85 104 71,simulation,db4,energy,51,400,400,0
W-QDA,W-QDA:qda,60,,0.015,0.012,117 73 115 118 75 76 110 114 79 112 78 116 77 84 113 111 72 85 104 71,117 73 115 118 75 76 110 114 79 112 78 116 77 84 113 111 72 85 104 71,simulation,db4,energy,51,400,400,0
W-CART,W-CART:cart,28,,0.06,0.046,117 73 115 118 75 76 110 114 79 112 78 116 77 84 113 111 72 85 104 71,117 73 115 118 75 76 110 114 79 112 78 116 77 84 113 111 72 85 104 71,simulation,db4,energy,51,400,400,0
ALL,W-QDA:qda,60,,0.015,0.012,117 73 115 118 75 76 110 114 79 112 78 116 77 84 113 111 72 85 104 71,117 73 115 118 75 76 110 114 79 112 78 116 77 84 113 111 72 85 104 71,simulation,db4,energy,51,400,400,0
W-NN,W-NN:k=9,56,3.0,0.0375,0.034,76 75 73 78 74 113 114 115 77 117 116 79 84 80 118 110 85 109 112 72,77 78 113 114 76 79 111 115 75 80 112 74 109 110 116 81 73 82 107 108,simulation,db4,usage,51,400,400,0
W-QDA,W-QDA:qda,47,2.0,0.01,0.012,77 75 78 114 115 113 76 79 74 112 116 110 80 73 81 109 117 84 111 118,77 78 113 114 76 79 111 115 75 80 112 74 109 110 116 81 73 82 107 108,simulation,db4,usage,51,400,400,0
W-CART,W-CART:cart,25,2.0,0.0525,0.042,77 75 78 114 115 113 76 79 74 112 116 110 80 73 81 109 117 84 111 118,77 78 113 114 76 79 111 115 75 80 112 74 109 110 116 81 73 82 107 108,simulation,db4,usage,51,400,400,0
ALL,W-QDA:qda,47,2.0,0.01,0.012,77 75 78 114 115 113 76 79 74 112 116 110 80 73 81 109 117 84 111 118,77 78 113 114 76 79 111 115 75 80 112 74 109 110 116 81 73 82 107 108,simulation,db4,usage,51,400,400,0
W-NN,W-NN:k=15,21,,0.03,0.042,86 82 119 109 104 81 43 110 76 113 89 111 72 114 75 80 117 108 115 78,86 82 119 109 104 81 43 110 76 113 89 111 72 114 75 80 117 108 115 78,simulation,db4,energy,52,400,400,0
W-QDA,W-QDA:qda,45,,0.01,0.016,86 82 119 109 104 81 43 110 76 113 89 111 72 114 75 80 117 108 115 78,86 82 119 109 104 81 43 110 76 113 89 111 72 114 75 80 117 108 115 78,simulation,db4,energy,52,400,400,0
W-CART,W-CART:cart,25,,0.055,0.094,86 82 119 109 104 81 43 110 76 113 89 111 72 114 75 80 117 108 115 78,86 82 119 109 104 81 43 110 76 113 89 111 72 114 75 80 117 108 115 78,simulation,db4,energy,52,400,400,0
ALL,W-QDA:qda,45,,0.01,0.016,86 82 119 109 104 81 43 110 76 113 89 111 72 114 75 80 117 108 115 78,86 82 119 109 104 81 43 110 76 113 89 111 72 114 75 80 117 108 115 78,simulation,db4,energy,52,400,400,0
W-NN,W-NN:k=5,47,1.5,0.035,0.058,78 76 113 112 110 111 75 79 77 80 81 115 108 109 116 114 82 74 117 107,78 112 79 110 111 113 81 77 80 76 109 114 75 108 115 82 116 117 83 107,simulation,db4,usage,52,400,400,0
W-QDA,W-QDA:qda,51,1.5,0.01,0.012,78 76 113 112 110 111 75 79 77 80 81 115 108 109 116 114 82 74 117 107,78 112 79 110 111 113 81 77 80 76 109 114 75 108 115 82 116 117 83 107,simulation,db4,usage,52,400,400,0
W-CART,W-CART:cart,33,1.5,0.055,0.09,78 76 113 112 110 111 75 79 77 80 81 115 108 109 116 114 82 74 117 107,78 112 79 110 111 113 81 77 80 76 109 114 75 108 115 82 116 117 83 107,simulation,db4,usage,52,400,400,0
ALL,W-QDA:qda,51,1.5,0.01,0.012,78 76 113 112 110 111 75 79 77 80 81 115 108 109 116 114 82 74 117 107,78 112 79 110 111 113 81 77 80 76 109 114 75 108 115 82 116 117 83 107,simulation,db4,usage,52,400,400,0
W-NN,W-NN:k=5,6,,0.035,0.076,83 88 82 108 116 112 106 109 86 84 85 104 87 113 81 54 74 52 103 107,83 88 82 108 116 112 106 109 86 84 85 104 87 113 81 54 74 52 103 107,simulation,db4,energy,53,400,400,0
W-QDA,W-QDA:qda,6,,0.015,0.04,83 88 82 108 116 112 106 109 86 84 85 104 87 113 81 54 74 52 103 107,83 88 82 108 116 112 106 109 86 84 85 104 87 113 81 54 74 52 103 107,simulation,db4,energy,53,400,400,0
W-CART,W-CART:cart,38,,0.0425,0.058,83 88 82 108 116 112 106 109 86 84 85 104 87 113 81 54 74 52 103 107,83 88 82 108 116 112 106 109 86 84 85 104 87 113 81 54 74 52 103 107,simulation,db4,energy,53,400,400,0
ALL,W-QDA:qda,6,,0.015,0.04,83 88 82 108 116 112 106 109 86 84 85 104 87 113 81 54 74 52 103 107,83 88 82 108 116 112 106 109 86 84 85 104 87 113 81 54 74 52 103 107,simulation,db4,energy,53,400,400,0
W-NN,W-NN:k=7,35,3.0,0.05,0.072,82 83 84 112 81 85 111 108 78 86 110 109 114 80 106 79 107 113 115 116,82 80 110 111 81 112 79 108 109 83 84 107 114 78 113 85 77 106 76 115,simulation,db4,usage,53,400,400,0
W-QDA,W-QDA:qda,41,1.5,0.005,0.01,110 82 111 81 80 83 109 84 112 108 79 85 114 107 113 78 115 106 116 77,82 80 110 111 81 112 79 108 109 83 84 107 114 78 113 85 77 106 76 115,simulation,db4,usage,53,400,400,0
W-CART,W-CART:cart,20,2.0,0.04,0.07,82 110 111 80 83 84 81 85 112 107 114 109 108 106 78 79 116 113 115 86,82 80 110 111 81 112 79 108 109 83 84 107 114 78 113 85 77 106 76 115,simulation,db4,usage,53,400,400,0
ALL,W-QDA:qda,41,1.5,0.005,0.01,110 82 111 81 80 83 109 84 112 108 79 85 114 107 113 78 115 106 116 77,82 80 110 111 81 112 79 108 109 83 84 107 114 78 113 85 77 106 76 115,simulation,db4,usage,53,400,400,0
W-NN,W-NN:k=15,63,,0.04,0.03,81 104 84 118 112 73 111 79 105 106 116 78 86 82 113 110 80 109 108 326,81 104 84 118 112 73 111 79 105 106 116 78 86 82 113 110 80 109 108 326,simulation,db4,energy,54,400,400,0
W-QDA,W-QDA:qda,12,,0.02,0.028,81 104 84 118 112 73 111 79 105 106 116 78 86 82 113 110 80 109 108 326,81 104 84 118 112 73 111 79 105 106 116 78 86 82 113 110 80 109 108 326,simulation,db4,energy,54,400,400,0
W-CART,W-CART:cart,15,,0.06,0.056,81 104 84 118 112 73 111 79 105 106 116 78 86 82 113 110 80 109 108 326,81 104 84 118 112 73 111 79 105 106 116 78 86 82 113 110 80 109 108 326,simulation,db4,energy,54,400,400,0
ALL,W-QDA:qda,12,,0.02,0.028,81 104 84 118 112 73 111 79 105 106 116 78 86 82 113 110 80 109 108 326,81 104 84 118 112 73 111 79 105 106 116 78 86 82 113 110 80 109 108 326,simulation,db4,energy,54,400,400,0
W-NN,W-NN:k=3,16,1.5,0.03,0.06,112 113 79 80 76 83 115 82 108 109 81 106 107 111 75 85 110 77 84 117,80 113 111 81 78 112 76 79 108 114 110 82 109 115 77 107 83 106 75 85,simulation,db4,usage,54,400,400,0
W-QDA,W-QDA:qda,30,2.0,0.015,0.018,83 115 82 106 112 79 105 107 80 85 108 113 81 109 76 84 116 111 110 117,80 113 111 81 78 112 76 79 108 114 110 82 109 115 77 107 83 106 75 85,simulation,db4,usage,54,400,400,0
W-CART,W-CART:cart,29,3.0,0.04,0.066,85 106 84 113 82 83 105 107 112 75 109 115 80 81 108 86 110 116 117 114,80 113 111 81 78 112 76 79 108 114 110 82 109 115 77 107 83 106 75 85,simulation,db4,usage,54,400,400,0
ALL,W-QDA:qda,30,2.0,0.015,0.018,83 115 82 106 112 79 105 107 80 85 108 113 81 109 76 84 116 111 110 117,80 113 111 81 78 112 76 79 108 114 110 82 109 115 77 107 83 106 75 85,simulation,db4,usage,54,400,400,0
W-NN,W-NN:k=25,42,,0.0325,0.048,83 106 108 107 85 86 74 73 105 84 82 110 109 111 104 117 80 78 72 81,83 106 108 107 85 86 74 73 105 84 82 110 109 111 104 117 80 78 72 81,simulation,db4,energy,55,400,400,0
W-QDA,W-QDA:qda,50,,0.01,0.02,83 106 108 107 85 86 74 73 105 84 82 110 109 111 104 117 80 78 72 81,83 106 108 107 85 86 74 73 105 84 82 110 109 111 104 117 80 78 72 81,simulation,db4,energy,55,400,400,0
W-CART,W-CART:cart,7,,0.0625,0.072,83 106 108 107 85 86 74 73 105 84 82 110 109 111 104 117 80 78 72 81,83 106 108 107 85 86 74 73 105 84 82 110 109 111 104 117 80 78 72 81,simulation,db4,energy,55,400,400,0
ALL,W-QDA:qda,50,,0.01,0.02,83 106 108 107 85 86 74 73 105 84 82 110 109 111 104 117 80 78 72 81,83 106 108 107 85 86 74 73 105 84 82 110 109 111 104 117 80 78 72 81,simulation,db4,energy,55,400,400,0
W-NN,W-NN:k=15,49,3.0,0.0375,0.052,108 83 85 86 107 106 82 109 84 105 112 81 79 80 78 110 113 75 111 116,109 108 112 110 81 79 82 78 83 111 80 84 113 107 114 85 77 106 76 75,simulation,db4,usage,55,400,400,0
W-QDA,W-QDA:qda,57,3.0,0.0075,0.012,108 83 85 86 107 106 82 109 84 105 112 81 79 80 78 110 113 75 111 116,109 108 112 110 81 79 82 78 83 111 80 84 113 107 114 85 77 106 76 75,simulation,db4,usage,55,400,400,0
W-CART,W-CART:cart,52,1.5,0.0625,0.062,108 109 83 110 112 107 79 78 81 84 106 111 85 82 80 113 76 77 114 75,109 108 112 110 81 79 82 78 83 111 80 84 113 107 114 85 77 106 76 75,simulation,db4,usage,55,400,400,0
ALL,W-QDA:qda,57,3.0,0.0075,0.012,108 83 85 86 107 106 82 109 84 105 112 81 79 80 78 110 113 75 111 116,109 108 112 110 81 79 82 78 83 111 80 84 113 107 114 85 77 106 76 75,simulation,db4,usage,55,400,400,0
W-NN,W-NN:k=5,39,,0.035,0.046,105 85 113 107 106 84 86 79 78 77 108 80 42 76 73 112 110 88 81 104,105 85 113 107 106 84 86 79 78 77 108 80 42 76 73 112 110 88 81 104,simulation,db4,energy,56,400,400,0
W-QDA,W-QDA:qda,43,,0.0125,0.006,105 85 113 107 106 84 86 79 78 77 108 80 42 76 73 112 110 88 81 104,105 85 113 107 106 84 86 79 78 77 108 80 42 76 73 112 110 88 81 104,simulation,db4,energy,56,400,400,0
W-CART,W-CART:cart,28,,0.0575,0.044,105 85 113 107 106 84 86 79 78 77 108 80 42 76 73 112 110 88 81 104,105 85 113 107 106 84 86 79 78 77 108 80 42 76 73 112 110 88 81 104,simulation,db4,energy,56,400,400,0
ALL,W-QDA:qda,43,,0.0125,0.006,105 85 113 107 106 84 86 79 78 77 108 80 42 76 73 112 110 88 81 104,105 85 113 107 106 84 86 79 78 77 108 80 42 76 73 112 110 88 81 104,simulation,db4,energy,56,400,400,0
W-NN,W-NN:k=7,25,3.0,0.03,0.034,108 77 83 84 79 76 107 109 80 106 81 111 115 85 110 112 105 114 82 78,81 77 109 80 108 79 112 82 83 110 111 76 113 78 115 107 84 114 85 106,simulation,db4,usage,56,400,400,0
W-QDA,W-QDA:qda,45,3.0,0.015,0.006,108 77 83 84 79 76 107 109 80 106 81 111 115 85 110 112 105 114 82 78,81 77 109 80 108 79 112 82 83 110 111 76 113 78 115 107 84 114 85 106,simulation,db4,usage,56,400,400,0
W-CART,W-CART:cart,35,2.0,0.06,0.084,83 79 108 109 77 84 107 80 82 76 81 106 110 112 115 85 111 114 78 105,81 77 109 80 108 79 112 82 83 110 111 76 113 78 115 107 84 114 85 106,simulation,db4,usage,56,400,400,0
ALL,W-QDA:qda,45,3.0,0.015,0.006,108 77 83 84 79 76 107 109 80 106 81 111 115 85 110 112 105 114 82 78,81 77 109 80 108 79 112 82 83 110 111 76 113 78 115 107 84 114 85 106,simulation,db4,usage,56,400,400,0
W-NN,W-NN:k=25,43,,0.045,0.036,241 120 71 210 52 142 104 284 119 72 421 483 105 59 114 35 115 87 80 76,241 120 71 210 52 142 104 284 119 72 421 483 105 59 114 35 115 87 80 76,simulation,db4,energy,57,400,400,0
W-QDA,W-QDA:qda,39,,0.015,0.012,241 120 71 210 52 142 104 284 119 72 421 483 105 59 114 35 115 87 80 76,241 120 71 210 52 142 104 284 119 72 421 483 105 59 114 35 115 87 80 76,simulation,db4,energy,57,400,400,0
W-CART,W-CART:cart,27,,0.0675,0.084,241 120 71 210 52 142 104 284 119 72 421 483 105 59 114 35 115 87 80 76,241 120 71 210 52 142 104 284 119 72 421 483 105 59 114 35 115 87 80 76,simulation,db4,energy,57,400,400,0
ALL,W-QDA:qda,39,,0.015,0.012,241 120 71 210 52 142 104 284 119 72 421 483 105 59 114 35 115 87 80 76,241 120 71 210 52 142 104 284 119 72 421 483 105 59 114 35 115 87 80 76,simulation,db4,energy,57,400,400,0
W-NN,W-NN:k=25,35,1.5,0.045,0.044,109 84 108 82 110 81 80 111 83 85 112 77 79 106 107 78 75 114 113 76,109 108 80 81 111 84 82 110 112 83 79 85 114 106 77 76 113 107 115 78,simulation,db4,usage,57,400,400,0
W-QDA,W-QDA:qda,58,0.5,0.015,0.026,82 108 112 109 111 110 80 79 81 78 113 84 83 114 77 107 106 115 76 85,109 108 80 81 111 84 82 110 112 83 79 85 114 106 77 76 113 107 115 78,simulation,db4,usage,57,400,400,0
W-CART,W-CART:cart,16,3.0,0.0475,0.07,84 108 110 109 81 83 107 111 85 106 80 82 86 105 77 104 114 76 79 87,109 108 80 81 111 84 82 110 112 83 79 85 114 106 77 76 113 107 115 78,simulation,db4,usage,57,400,400,0
ALL,W-QDA:qda,58,0.5,0.015,0.026,82 108 112 109 111 110 80 79 81 78 113 84 83 114 77 107 106 115 76 85,109 108 80 81 111 84 82 110 112 83 79 85 114 106 77 76 113 107 115 78,simulation,db4,usage,57,400,400,0
W-NN,W-NN:k=15,21,,0.04,0.038,109 80 78 112 113 116 108 111 115 85 76 86 82 79 83 105 74 118 72 104,109 80 78 112 113 116 108 111 115 85 76 86 82 79 83 105 74 118 72 104,simulation,db4,energy,58,400,400,0
W-QDA,W-QDA:qda,32,,0.0225,0.016,109 80 78 112 113 116 108 111 115 85 76 86 82 79 83 105 74 118 72 104,109 80 78 112 113 116 108 111 115 85 76 86 82 79 83 105 74 118 72 104,simulation,db4,energy,58,400,400,0
W-CART,W-CART:cart,21,,0.0675,0.074,109 80 78 112 113 116 108 111 115 85 76 86 82 79 83 105 74 118 72 104,109 80 78 112 113 116 108 111 115 85 76 86 82 79 83 105 74 118 72 104,simulation,db4,energy,58,400,400,0
ALL,W-QDA:qda,32,,0.0225,0.016,109 80 78 112 113 116 108 111 115 85 76 86 82 79 83 105 74 118 72 104,109 80 78 112 113 116 108 111 115 85 76 86 82 79 83 105 74 118 72 104,simulation,db4,energy,58,400,400,0
W-NN,W-NN:k=7,56,2.0,0.0325,0.052,76 77 79 78 82 111 80 112 113 114 108 109 75 81 83 116 110 115 107 84,112 81 78 111 76 110 80 114 79 113 77 82 75 108 83 109 115 116 107 84,simulation,db4,usage,58,400,400,0
W-QDA,W-QDA:qda,31,2.0,0.025,0.016,76 77 79 78 82 111 80 112 113 114 108 109 75 81 83 116 110 115 107 84,112 81 78 111 76 110 80 114 79 113 77 82 75 108 83 109 115 116 107 84,simulation,db4,usage,58,400,400,0
W-CART,W-CART:cart,26,0.5,0.065,0.06,111 112 80 81 110 113 78 79 77 82 114 109 76 108 83 75 115 117 107 116,112 81 78 111 76 110 80 114 79 113 77 82 75 108 83 109 115 116 107 84,simulation,db4,usage,58,400,400,0
ALL,W-QDA:qda,31,2.0,0.025,0.016,76 77 79 78 82 111 80 112 113 114 108 109 75 81 83 116 110 115 107 84,112 81 78 111 76 110 80 114 79 113 77 82 75 108 83 109 115 116 107 84,simulation,db4,usage,58,400,400,0
W-NN,W-NN:k=5,42,,0.0325,0.068,107 84 83 105 74 85 117 115 88 87 78 116 114 106 77 79 108 75 104 86,107 84 83 105 74 85 117 115 88 87 78 116 114 106 77 79 108 75 104 86,simulation,db4,energy,59,400,400,0
W-QDA,W-QDA:qda,43,,0.0075,0.024,107 84 83 105 74 85 117 115 88 87 78 116 114 106 77 79 108 75 104 86,107 84 83 105 74 85 117 115 88 87 78 116 114 106 77 79 108 75 104 86,simulation,db4,energy,59,400,400,0
W-CART,W-CART:cart,8,,0.0525,0.074,107 84 83 105 74 85 117 115 88 87 78 116 114 106 77 79 108 75 104 86,107 84 83 105 74 85 117 115 88 87 78 116 114 106 77 79 108 75 104 86,simulation,db4,energy,59,400,400,0
ALL,W-QDA:qda,43,,0.0075,0.024,107 84 83 105 74 85 117 115 88 87 78 116 114 106 77 79 108 75 104 86,107 84 83 105 74 85 117 115 88 87 78 116 114 106 77 79 108 75 104 86,simulation,db4,energy,59,400,400,0
W-NN,W-NN:k=25,58,1.5,0.03,0.058,114 75 79 112 76 78 115 107 80 77 83 108 111 113 116 81 106 110 84 109,114 79 115 78 80 111 76 112 113 75 77 110 81 116 83 107 109 82 108 84,simulation,db4,usage,59,400,400,0
W-QDA,W-QDA:qda,42,1.0,0.005,0.024,114 79 115 78 80 111 76 112 113 75 77 110 81 116 83 107 109 82 108 84,114 79 115 78 80 111 76 112 113 75 77 110 81 116 83 107 109 82 108 84,simulation,db4,usage,59,400,400,0
W-CART,W-CART:cart,25,2.0,0.055,0.084,114 79 76 107 75 115 78 106 108 112 111 113 116 81 80 83 84 77 74 85,114 79 115 78 80 111 76 112 113 75 77 110 81 116 83 107 109 82 108 84,simulation,db4,usage,59,400,400,0
ALL,W-QDA:qda,42,1.0,0.005,0.024,114 79 115 78 80 111 76 112 113 75 77 110 81 116 83 107 109 82 108 84,114 79 115 78 80 111 76 112 113 75 77 110 81 116 83 107 109 82 108 84,simulation,db4,usage,59,400,400,0
W-NN,W-NN:k=9,48,,0.0425,0.052,106 212 104 85 110 105 119 86 107 82 80 87 109 81 111 89 115 108 76 72,106 212 104 85 110 105 119 86 107 82 80 87 109 81 111 89 115 108 76 72,simulation,db4,energy,60,400,400,0
W-QDA,W-QDA:qda,55,,0.0075,0.01,106 212 104 85 110 105 119 86 107 82 80 87 109 81 111 89 115 108 76 72,106 212 104 85 110 105 119 86 107 82 80 87 109 81 111 89 115 108 76 72,simulation,db4,energy,60,400,400,0
W-CART,W-CART:cart,35,,0.0575,0.064,106 212 104 85 110 105 119 86 107 82 80 87 109 81 111 89 115 108 76 72,106 212 104 85 110 105 119 86 107 82 80 87 109 81 111 89 115 108 76 72,simulation,db4,energy,60,400,400,0
ALL,W-QDA:qda,55,,0.0075,0.01,106 212 104 85 110 105 119 86 107 82 80 87 109 81 111 89 115 108 76 72,106 212 104 85 110 105 119 86 107 82 80 87 109 81 111 89 115 108 76 72,simulation,db4,energy,60,400,400,0
W-NN,W-NN:k=9,57,3.0,0.025,0.036,115 108 81 106 82 83 112 111 77 84 109 76 79 85 110 113 107 78 114 75,110 79 80 82 81 111 108 109 113 112 78 77 83 115 107 114 84 75 76 106,simulation,db4,usage,60,400,400,0
W-QDA,W-QDA:qda,41,3.0,0.005,0.012,115 108 81 106 82 83 112 111 77 84 109 76 79 85 110 113 107 78 114 75,110 79 80 82 81 111 108 109 113 112 78 77 83 115 107 114 84 75 76 106,simulation,db4,usage,60,400,400,0
W-CART,W-CART:cart,51,2.0,0.0475,0.072,82 108 110 81 76 83 115 84 111 77 79 109 112 113 107 114 80 78 106 75,110 79 80 82 81 111 108 109 113 112 78 77 83 115 107 114 84 75 76 106,simulation,db4,usage,60,400,400,0
ALL,W-QDA:qda,41,3.0,0.005,0.012,115 108 81 106 82 83 112 111 77 84 109 76 79 85 110 113 107 78 114 75,110 79 80 82 81 111 108 109 113 112 78 77 83 115 107 114 84 75 76 106,simulation,db4,usage,60,400,400,0
W-NN,W-NN:k=25,30,,0.025,0.036,83 76 108 82 104 79 107 106 74 86 113 109 78 105 71 77 112 84 111 117,83 76 108 82 104 79 107 106 74 86 113 109 78 105 71 77 112 84 111 117,simulation,db4,energy,61,400,400,0
W-QDA,W-QDA:qda,33,,0.005,0.014,83 76 108 82 104 79 107 106 74 86 113 109 78 105 71 77 112 84 111 117,83 76 108 82 104 79 107 106 74 86 113 109 78 105 71 77 112 84 111 117,simulation,db4,energy,61,400,400,0
W-CART,W-CART:cart,29,,0.0325,0.056,83 76 108 82 104 79 107 106 74 86 113 109 78 105 71 77 112 84 111 117,83 76 108 82 104 79 107 106 74 86 113 109 78 105 71 77 112 84 111 117,simulation,db4,energy,61,400,400,0
ALL,W-QDA:qda,33,,0.005,0.014,83 76 108 82 104 79 107 106 74 86 113 109 78 105 71 77 112 84 111 117,83 76 108 82 104 79 107 106 74 86 113 109 78 105 71 77 112 84 111 117,simulation,db4,energy,61,400,400,0
W-NN,W-NN:k=15,33,2.0,0.025,0.048,83 78 79 80 77 113 112 81 82 84 107 108 109 114 106 111 115 75 76 110,112 80 78 113 81 79 77 109 110 111 83 114 82 76 115 75 108 84 107 106,simulation,db4,usage,61,400,400,0
W-QDA,W-QDA:qda,42,1.0,0.0025,0.014,112 80 78 113 81 79 77 109 110 111 83 114 82 76 115 75 108 84 107 106,112 80 78 113 81 79 77 109 110 111 83 114 82 76 115 75 108 84 107 106,simulation,db4,usage,61,400,400,0
W-CART,W-CART:cart,53,1.0,0.0375,0.064,112 80 78 113 81 79 77 109 110 111 83 114 82 76 115 75 108 84 107 106,112 80 78 113 81 79 77 109 110 111 83 114 82 76 115 75 108 84 107 106,simulation,db4,usage,61,400,400,0
ALL,W-QDA:qda,42,1.0,0.0025,0.014,112 80 78 113 81 79 77 109 110 111 83 114 82 76 115 75 108 84 107 106,112 80 78 113 81 79 77 109 110 111 83 114 82 76 115 75 108 84 107 106,simulation,db4,usage,61,400,400,0
W-NN,W-NN:k=5,6,,0.0325,0.05,115 72 153 76 107 83 119 77 117 75 73 118 86 82 116 70 74 108 81 80,115 72 153 76 107 83 119 77 117 75 73 118 86 82 116 70 74 108 81 80,simulation,db4,energy,62,400,400,0
W-QDA,W-QDA:qda,25,,0.0125,0.024,115 72 153 76 107 83 119 77 117 75 73 118 86 82 116 70 74 108 81 80,115 72 153 76 107 83 119 77 117 75 73 118 86 82 116 70 74 108 81 80,simulation,db4,energy,62,400,400,0
W-CART,W-CART:cart,10,,0.0375,0.082,115 72 153 76 107 83 119 77 117 75 73 118 86 82 116 70 74 108 81 80,115 72 153 76 107 83 119 77 117 75 73 118 86 82 116 70 74 108 81 80,simulation,db4,energy,62,400,400,0
ALL,W-QDA:qda,25,,0.0125,0.024,115 72 153 76 107 83 119 77 117 75 73 118 86 82 116 70 74 108 81 80,115 72 153 76 107 83 119 77 117 75 73 118 86 82 116 70 74 108 81 80,simulation,db4,energy,62,400,400,0
W-NN,W-NN:k=5,32,3.0,0.03,0.048,109 76 83 81 113 110 82 77 107 108 80 73 112 114 115 74 111 78 117 75,109 78 111 110 113 80 81 83 112 79 82 108 76 77 114 116 115 75 84 74,simulation,db4,usage,62,400,400,0
W-QDA,W-QDA:qda,24,3.0,0.015,0.016,109 76 83 81 113 110 82 77 107 108 80 73 112 114 115 74 111 78 117 75,109 78 111 110 113 80 81 83 112 79 82 108 76 77 114 116 115 75 84 74,simulation,db4,usage,62,400,400,0
W-CART,W-CART:cart,25,3.0,0.04,0.054,109 76 83 81 113 110 82 77 107 108 80 73 112 114 115 74 111 78 117 75,109 78 111 110 113 80 81 83 112 79 82 108 76 77 114 116 115 75 84 74,simulation,db4,usage,62,400,400,0
ALL,W-QDA:qda,24,3.0,0.015,0.016,109 76 83 81 113 110 82 77 107 108 80 73 112 114 115 74 111 78 117 75,109 78 111 110 113 80 81 83 112 79 82 108 76 77 114 116 115 75 84 74,simulation,db4,usage,62,400,400,0
W-NN,W-NN:k=7,31,,0.045,0.034,117 114 118 113 106 79 116 115 112 80 78 107 77 85 84 111 76 73 86 108,117 114 118 113 106 79 116 115 112 80 78 107 77 85 84 111 76 73 86 108,simulation,db4,energy,63,400,400,0
W-QDA,W-QDA:qda,48,,0.0075,0.014,117 114 118 113 106 79 116 115 112 80 78 107 77 85 84 111 76 73 86 108,117 114 118 113 106 79 116 115 112 80 78 107 77 85 84 111 76 73 86 108,simulation,db4,energy,63,400,400,0
W-CART,W-CART:cart,30,,0.045,0.076,117 114 118 113 106 79 116 115 112 80 78 107 77 85 84 111 76 73 86 108,117 114 118 113 106 79 116 115 112 80 78 107 77 85 84 111 76 73 86 108,simulation,db4,energy,63,400,400,0
ALL,W-QDA:qda,48,,0.0075,0.014,117 114 118 113 106 79 116 115 112 80 78 107 77 85 84 111 76 73 86 108,117 114 118 113 106 79 116 115 112 80 78 107 77 85 84 111 76 73 86 108,simulation,db4,energy,63,400,400,0
W-NN,W-NN:k=7,52,0.5,0.025,0.04,79 80 113 111 112 114 78 81 110 77 109 115 82 76 108 116 75 83 107 74,79 80 111 113 115 77 112 114 110 81 109 76 82 78 75 108 116 107 74 83,simulation,db4,usage,63,400,400,0
W-QDA,W-QDA:qda,41,3.0,0.005,0.014,115 77 113 78 112 76 79 82 114 80 84 75 107 105 116 117 74 85 106 111,79 80 111 113 115 77 112 114 110 81 109 76 82 78 75 108 116 107 74 83,simulation,db4,usage,63,400,400,0
W-CART,W-CART:cart,29,0.5,0.0475,0.062,79 80 113 111 112 114 78 81 110 77 109 115 82 76 108 116 75 83 107 74,79 80 111 113 115 77 112 114 110 81 109 76 82 78 75 108 116 107 74 83,simulation,db4,usage,63,400,400,0
ALL,W-QDA:qda,41,3.0,0.005,0.014,115 77 113 78 112 76 79 82 114 80 84 75 107 105 116 117 74 85 106 111,79 80 111 113 115 77 112 114 110 81 109 76 82 78 75 108 116 107 74 83,simulation,db4,usage,63,400,400,0
W-NN,W-NN:k=9,27,,0.0475,0.038,72 107 112 85 84 82 79 81 105 111 80 119 108 113 83 86 110 75 74 87,72 107 112 85 84 82 79 81 105 111 80 119 108 113 83 86 110 75 74 87,simulation,db4,energy,64,400,400,0
W-QDA,W-QDA:qda,28,,0.005,0.032,72 107 112 85 84 82 79 81 105 111 80 119 108 113 83 86 110 75 74 87,72 107 112 85 84 82 79 81 105 111 80 119 108 113 83 86 110 75 74 87,simulation,db4,energy,64,400,400,0
W-CART,W-CART:cart,61,,0.0625,0.082,72 107 112 85 84 82 79 81 105 111 80 119 108 113 83 86 110 75 74 87,72 107 112 85 84 82 79 81 105 111 80 119 108 113 83 86 110 75 74 87,simulation,db4,energy,64,400,400,0
ALL,W-QDA:qda,28,,0.005,0.032,72 107 112 85 84 82 79 81 105 111 80 119 108 113 83 86 110 75 74 87,72 107 112 85 84 82 79 81 105 111 80 119 108 113 83 86 110 75 74 87,simulation,db4,energy,64,400,400,0
W-NN,W-NN:k=9,26,1.0,0.035,0.048,110 80 82 109 111 79 112 83 81 113 108 78 77 76 115 114 84 107 75 117,110 80 82 109 111 79 112 83 81 113 108 78 77 76 115 114 84 107 75 117,simulation,db4,usage,64,400,400,0
W-QDA,W-QDA:qda,41,2.0,0.0125,0.016,110 82 109 112 111 79 108 80 81 115 78 83 107 76 84 113 75 114 77 74,110 80 82 109 111 79 112 83 81 113 108 78 77 76 115 114 84 107 75 117,simulation,db4,usage,64,400,400,0
W-CART,W-CART:cart,56,3.0,0.0625,0.092,112 82 115 110 111 79 109 78 80 83 116 114 108 81 107 75 84 113 77 74,110 80 82 109 111 79 112 83 81 113 108 78 77 76 115 114 84 107 75 117,simulation,db4,usage,64,400,400,0
ALL,W-QDA:qda,41,2.0,0.0125,0.016,110 82 109 112 111 79 108 80 81 115 78 83 107 76 84 113 75 114 77 74,110 80 82 109 111 79 112 83 81 113 108 78 77 76 115 114 84 107 75 117,simulation,db4,usage,64,400,400,0
W-NN,W-NN:k=15,25,,0.025,0.032,117 108 80 74 84 106 83 87 107 110 113 82 73 116 104 81 109 75 85 111,117 108 80 74 84 106 83 87 107 110 113 82 73 116 104 81 109 75 85 111,simulation,db4,energy,65,400,400,0
W-QDA,W-QDA:qda,31,,0.0075,0.02,117 108 80 74 84 106 83 87 107 110 113 82 73 116 104 81 109 75 85 111,117 108 80 74 84 106 83 87 107 110 113 82 73 116 104 81 109 75 85 111,simulation,db4,energy,65,400,400,0
W-CART,W-CART:cart,24,,0.0425,0.054,117 108 80 74 84 106 83 87 107 110 113 82 73 116 104 81 109 75 85 111,117 108 80 74 84 106 83 87 107 110 113 82 73 116 104 81 109 75 85 111,simulation,db4,energy,65,400,400,0
ALL,W-QDA:qda,31,,0.0075,0.02,117 108 80 74 84 106 83 87 107 110 113 82 73 116 104 81 109 75 85 111,117 108 80 74 84 106 83 87 107 110 113 82 73 116 104 81 109 75 85 111,simulation,db4,energy,65,400,400,0
W-NN,W-NN:k=9,52,3.0,0.03,0.04,108 82 111 84 110 113 107 115 116 78 79 83 74 109 117 80 106 112 81 114,110 78 113 114 76 112 80 111 77 115 81 109 79 82 108 116 75 107 83 117,simulation,db4,usage,65,400,400,0
W-QDA,W-QDA:qda,32,0.5,0.005,0.018,111 110 113 78 79 80 112 109 114 76 81 77 82 115 75 83 116 108 117 107,110 78 113 114 76 112 80 111 77 115 81 109 79 82 108 116 75 107 83 117,simulation,db4,usage,65,400,400,0
W-CART,W-CART:cart,20,3.0,0.0575,0.068,108 82 111 84 110 113 107 115 116 78 79 83 74 109 117 80 106 112 81 114,110 78 113 114 76 112 80 111 77 115 81 109 79 82 108 116 75 107 83 117,simulation,db4,usage,65,400,400,0
ALL,W-QDA:qda,32,0.5,0.005,0.018,111 110 113 78 79 80 112 109 114 76 81 77 82 115 75 83 116 108 117 107,110 78 113 114 76 112 80 111 77 115 81 109 79 82 108 116 75 107 83 117,simulation,db4,usage,65,400,400,0
W-NN,W-NN:k=15,32,,0.03,0.058,85 212 171 342 42 116 106 105 113 75 117 79 78 112 73 104 77 72 81 118,85 212 171 342 42 116 106 105 113 75 117 79 78 112 73 104 77 72 81 118,simulation,db4,energy,66,400,400,0
W-QDA,W-QDA:qda,42,,0.0125,0.016,85 212 171 342 42 116 106 105 113 75 117 79 78 112 73 104 77 72 81 118,85 212 171 342 42 116 106 105 113 75 117 79 78 112 73 104 77 72 81 118,simulation,db4,energy,66,400,400,0
W-CART,W-CART:cart,35,,0.06,0.078,85 212 171 342 42 116 106 105 113 75 117 79 78 112 73 104 77 72 81 118,85 212 171 342 42 116 106 105 113 75 117 79 78 112 73 104 77 72 81 118,simulation,db4,energy,66,400,400,0
ALL,W-QDA:qda,42,,0.0125,0.016,85 212 171 342 42 116 106 105 113 75 117 79 78 112 73 104 77 72 81 118,85 212 171 342 42 116 106 105 113 75 117 79 78 112 73 104 77 72 81 118,simulation,db4,energy,66,400,400,0
W-NN,W-NN:k=15,33,1.0,0.0225,0.046,80 78 110 81 79 112 77 108 83 109 111 76 113 75 114 115 107 106 82 84,80 78 110 81 79 112 77 108 83 109 111 76 113 75 114 115 107 106 82 84,simulation,db4,usage,66,400,400,0
W-QDA,W-QDA:qda,47,3.0,0.01,0.02,79 75 77 83 106 80 105 76 116 78 113 74 84 107 114 117 73 85 110 115,80 78 110 81 79 112 77 108 83 109 111 76 113 75 114 115 107 106 82 84,simulation,db4,usage,66,400,400,0
W-CART,W-CART:cart,29,1.5,0.0575,0.084,80 78 79 110 77 83 81 108 113 106 75 76 112 114 107 109 111 84 115 82,80 78 110 81 79 112 77 108 83 109 111 76 113 75 114 115 107 106 82 84,simulation,db4,usage,66,400,400,0
ALL,W-QDA:qda,47,3.0,0.01,0.02,79 75 77 83 106 80 105 76 116 78 113 74 84 107 114 117 73 85 110 115,80 78 110 81 79 112 77 108 83 109 111 76 113 75 114 115 107 106 82 84,simulation,db4,usage,66,400,400,0
W-NN,W-NN:k=15,41,,0.0125,0.032,76 84 75 108 115 111 83 114 107 116 118 74 71 73 82 117 80 106 110 79,76 84 75 108 115 111 83 114 107 116 118 74 71 73 82 117 80 106 110 79,simulation,db4,energy,67,400,400,0
W-QDA,W-QDA:qda,51,,0.005,0.012,76 84 75 108 115 111 83 114 107 116 118 74 71 73 82 117 80 106 110 79,76 84 75 108 115 111 83 114 107 116 118 74 71 73 82 117 80 106 110 79,simulation,db4,energy,67,400,400,0
W-CART,W-CART:cart,14,,0.0375,0.086,76 84 75 108 115 111 83 114 107 116 118 74 71 73 82 117 80 106 110 79,76 84 75 108 115 111 83 114 107 116 118 74 71 73 82 117 80 106 110 79,simulation,db4,energy,67,400,400,0
ALL,W-QDA:qda,51,,0.005,0.012,76 84 75 108 115 111 83 114 107 116 118 74 71 73 82 117 80 106 110 79,76 84 75 108 115 111 83 114 107 116 118 74 71 73 82 117 80 106 110 79,simulation,db4,energy,67,400,400,0
W-NN,W-NN:k=9,57,3.0,0.0125,0.044,76 77 82 84 107 79 81 83 112 114 74 75 113 78 108 73 117 106 115 80,80 79 81 82 110 78 111 77 112 109 108 113 114 83 76 115 75 84 107 85,simulation,db4,usage,67,400,400,0
W-QDA,W-QDA:qda,44,2.0,0.0075,0.012,79 82 112 78 76 77 113 84 81 109 80 111 75 108 115 106 107 110 83 117,80 79 81 82 110 78 111 77 112 109 108 113 114 83 76 115 75 84 107 85,simulation,db4,usage,67,400,400,0
W-CART,W-CART:cart,57,0.5,0.045,0.106,80 111 78 79 81 110 82 112 109 108 113 77 76 83 114 115 84 75 107 117,80 79 81 82 110 78 111 77 112 109 108 113 114 83 76 115 75 84 107 85,simulation,db4,usage,67,400,400,0
ALL,W-QDA:qda,44,2.0,0.0075,0.012,79 82 112 78 76 77 113 84 81 109 80 111 75 108 115 106 107 110 83 117,80 79 81 82 110 78 111 77 112 109 108 113 114 83 76 115 75 84 107 85,simulation,db4,usage,67,400,400,0
W-NN,W-NN:k=9,25,,0.0375,0.044,105 77 75 83 116 109 76 86 108 115 114 117 104 112 120 84 110 85 111 73,105 77 75 83 116 109 76 86 108 115 114 117 104 112 120 84 110 85 111 73,simulation,db4,energy,68,400,400,0
W-QDA,W-QDA:qda,29,,0.005,0.02,105 77 75 83 116 109 76 86 108 115 114 117 104 112 120 84 110 85 111 73,105 77 75 83 116 109 76 86 108 115 114 117 104 112 120 84 110 85 111 73,simulation,db4,energy,68,400,400,0
W-CART,W-CART:cart,14,,0.06,0.066,105 77 75 83 116 109 76 86 108 115 114 117 104 112 120 84 110 85 111 73,105 77 75 83 116 109 76 86 108 115 114 117 104 112 120 84 110 85 111 73,simulation,db4,energy,68,400,400,0
ALL,W-QDA:qda,29,,0.005,0.02,105 77 75 83 116 109 76 86 108 115 114 117 104 112 120 84 110 85 111 73,105 77 75 83 116 109 76 86 108 115 114 117 104 112 120 84 110 85 111 73,simulation,db4,energy,68,400,400,0
W-NN,W-NN:k=25,45,3.0,0.03,0.036,114 113 115 76 112 116 77 111 107 78 110 75 79 108 117 74 83 109 82 84,114 79 78 111 76 77 113 80 112 110 75 81 116 109 108 115 82 74 83 117,simulation,db4,usage,68,400,400,0
W-QDA,W-QDA:qda,38,3.0,0.0075,0.024,114 113 115 76 112 116 77 111 107 78 110 75 79 108 117 74 83 109 82 84,114 79 78 111 76 77 113 80 112 110 75 81 116 109 108 115 82 74 83 117,simulation,db4,usage,68,400,400,0
W-CART,W-CART:cart,27,0.5,0.06,0.066,111 112 80 78 79 113 110 81 77 114 76 109 82 75 115 108 83 116 74 107,114 79 78 111 76 77 113 80 112 110 75 81 116 109 108 115 82 74 83 117,simulation,db4,usage,68,400,400,0
ALL,W-QDA:qda,38,3.0,0.0075,0.024,114 113 115 76 112 116 77 111 107 78 110 75 79 108 117 74 83 109 82 84,114 79 78 111 76 77 113 80 112 110 75 81 116 109 108 115 82 74 83 117,simulation,db4,usage,68,400,400,0
W-NN,W-NN:k=15,51,,0.0275,0.06,110 108 80 83 81 88 120 112 79 104 103 76 106 107 73 72 78 84 111 118,110 108 80 83 81 88 120 112 79 104 103 76 106 107 73 72 78 84 111 118,simulation,db4,energy,69,400,400,0
W-QDA,W-QDA:qda,49,,0.0025,0.016,110 108 80 83 81 88 120 112 79 104 103 76 106 107 73 72 78 84 111 118,110 108 80 83 81 88 120 112 79 104 103 76 106 107 73 72 78 84 111 118,simulation,db4,energy,69,400,400,0
W-CART,W-CART:cart,33,,0.0325,0.054,110 108 80 83 81 88 120 112 79 104 103 76 106 107 73 72 78 84 111 118,110 108 80 83 81 88 120 112 79 104 103 76 106 107 73 72 78 84 111 118,simulation,db4,energy,69,400,400,0
ALL,W-QDA:qda,49,,0.0025,0.016,110 108 80 83 81 88 120 112 79 104 103 76 106 107 73 72 78 84 111 118,110 108 80 83 81 88 120 112 79 104 103 76 106 107 73 72 78 84 111 118,simulation,db4,energy,69,400,400,0
W-NN,W-NN:k=5,23,0.5,0.0225,0.056,111 110 80 81 79 82 109 112 113 108 78 114 76 77 115 83 107 84 116 85,80 81 111 112 113 82 110 109 108 79 114 77 78 76 83 115 84 75 107 106,simulation,db4,usage,69,400,400,0
W-QDA,W-QDA:qda,45,1.5,0.0025,0.014,81 110 80 112 113 77 76 78 82 111 79 108 109 83 115 84 114 107 75 116,80 81 111 112 113 82 110 109 108 79 114 77 78 76 83 115 84 75 107 106,simulation,db4,usage,69,400,400,0
W-CART,W-CART:cart,38,2.0,0.02,0.066,81 80 111 78 110 113 79 108 109 82 112 76 77 83 106 115 84 75 107 116,80 81 111 112 113 82 110 109 108 79 114 77 78 76 83 115 84 75 107 106,simulation,db4,usage,69,400,400,0
ALL,W-QDA:qda,45,1.5,0.0025,0.014,81 110 80 112 113 77 76 78 82 111 79 108 109 83 115 84 114 107 75 116,80 81 111 112 113 82 110 109 108 79 114 77 78 76 83 115 84 75 107 106,simulation,db4,usage,69,400,400,0
W-NN,W-NN:k=5,56,,0.055,0.058,105 86 87 116 110 104 85 78 79 112 111 80 88 107 84 108 81 83 75 103,105 86 87 116 110 104 85 78 79 112 111 80 88 107 84 108 81 83 75 103,simulation,db4,energy,70,400,400,0
W-QDA,W-QDA:qda,56,,0.015,0.01,105 86 87 116 110 104 85 78 79 112 111 80 88 107 84 108 81 83 75 103,105 86 87 116 110 104 85 78 79 112 111 80 88 107 84 108 81 83 75 103,simulation,db4,energy,70,400,400,0
W-CART,W-CART:cart,18,,0.065,0.048,105 86 87 116 110 104 85 78 79 112 111 80 88 107 84 108 81 83 75 103,105 86 87 116 110 104 85 78 79 112 111 80 88 107 84 108 81 83 75 103,simulation,db4,energy,70,400,400,0
ALL,W-QDA:qda,56,,0.015,0.01,105 86 87 116 110 104 85 78 79 112 111 80 88 107 84 108 81 83 75 103,105 86 87 116 110 104 85 78 79 112 111 80 88 107 84 108 81 83 75 103,simulation,db4,energy,70,400,400,0
W-NN,W-NN:k=7,41,1.5,0.0375,0.042,110 81 109 82 83 112 111 84 108 80 114 76 79 113 115 85 78 107 106 105,111 81 110 82 109 83 108 78 80 112 113 79 77 115 114 84 76 85 107 105,simulation,db4,usage,70,400,400,0
W-QDA,W-QDA:qda,37,2.0,0.015,0.014,81 109 110 112 85 82 83 84 108 76 113 107 111 79 114 115 78 80 105 106,111 81 110 82 109 83 108 78 80 112 113 79 77 115 114 84 76 85 107 105,simulation,db4,usage,70,400,400,0
W-CART,W-CART:cart,41,0.5,0.0425,0.038,111 112 78 79 81 80 82 108 113 77 110 114 109 83 115 107 84 76 75 85,111 81 110 82 109 83 108 78 80 112 113 79 77 115 114 84 76 85 107 105,simulation,db4,usage,70,400,400,0
ALL,W-QDA:qda,37,2.0,0.015,0.014,81 109 110 112 85 82 83 84 108 76 113 107 111 79 114 115 78 80 105 106,111 81 110 82 109 83 108 78 80 112 113 79 77 115 114 84 76 85 107 105,simulation,db4,usage,70,400,400,0
W-NN,W-NN:k=25,61,,0.0425,0.036,106 107 85 114 84 76 79 77 75 116 112 74 118 72 115 73 83 78 117 105,106 107 85 114 84 76 79 77 75 116 112 74 118 72 115 73 83 78 117 105,simulation,db4,energy,71,400,400,0
W-QDA,W-QDA:qda,37,,0.01,0.018,106 107 85 114 84 76 79 77 75 116 112 74 118 72 115 73 83 78 117 105,106 107 85 114 84 76 79 77 75 116 112 74 118 72 115 73 83 78 117 105,simulation,db4,energy,71,400,400,0
W-CART,W-CART:cart,14,,0.055,0.06,106 107 85 114 84 76 79 77 75 116 112 74 118 72 115 73 83 78 117 105,106 107 85 114 84 76 79 77 75 116 112 74 118 72 115 73 83 78 117 105,simulation,db4,energy,71,400,400,0
ALL,W-QDA:qda,37,,0.01,0.018,106 107 85 114 84 76 79 77 75 116 112 74 118 72 115 73 83 78 117 105,106 107 85 114 84 76 79 77 75 116 112 74 118 72 115 73 83 78 117 105,simulation,db4,energy,71,400,400,0
W-NN,W-NN:k=25,47,1.5,0.0325,0.036,78 112 77 80 113 114 81 111 116 76 79 115 110 75 82 108 109 84 74 83,81 78 111 112 113 76 77 80 114 79 109 110 82 115 116 83 108 75 84 117,simulation,db4,usage,71,400,400,0
W-QDA,W-QDA:qda,43,2.0,0.0125,0.018,114 77 111 113 112 78 79 116 76 115 75 80 81 108 110 74 84 117 83 107,81 78 111 112 113 76 77 80 114 79 109 110 82 115 116 83 108 75 84 117,simulation,db4,usage,71,400,400,0
W-CART,W-CART:cart,42,3.0,0.0525,0.074,78 76 116 75 114 115 79 80 74 108 77 113 112 111 81 117 84 107 109 83,81 78 111 112 113 76 77 80 114 79 109 110 82 115 116 83 108 75 84 117,simulation,db4,usage,71,400,400,0
ALL,W-QDA:qda,43,2.0,0.0125,0.018,114 77 111 113 112 78 79 116 76 115 75 80 81 108 110 74 84 117 83 107,81 78 111 112 113 76 77 80 114 79 109 110 82 115 116 83 108 75 84 117,simulation,db4,usage,71,400,400,0
W-NN,W-NN:k=7,43,,0.0225,0.036,84 106 107 53 74 76 111 115 78 117 79 109 105 116 83 77 119 112 113 85,84 106 107 53 74 76 111 115 78 117 79 109 105 116 83 77 119 112 113 85,simulation,db4,energy,72,400,400,0
W-QDA,W-QDA:qda,18,,0.0175,0.02,84 106 107 53 74 76 111 115 78 117 79 109 105 116 83 77 119 112 113 85,84 106 107 53 74 76 111 115 78 117 79 109 105 116 83 77 119 112 113 85,simulation,db4,energy,72,400,400,0
W-CART,W-CART:cart,15,,0.0525,0.06,84 106 107 53 74 76 111 115 78 117 79 109 105 116 83 77 119 112 113 85,84 106 107 53 74 76 111 115 78 117 79 109 105 116 83 77 119 112 113 85,simulation,db4,energy,72,400,400,0
ALL,W-QDA:qda,18,,0.0175,0.02,84 106 107 53 74 76 111 115 78 117 79 109 105 116 83 77 119 112 113 85,84 106 107 53 74 76 111 115 78 117 79 109 105 116 83 77 119 112 113 85,simulation,db4,energy,72,400,400,0
W-NN,W-NN:k=15,43,2.0,0.025,0.028,114 113 110 78 116 111 112 75 109 74 81 76 80 79 83 82 84 115 85 106,109 110 113 111 82 112 80 114 78 81 79 115 116 76 77 83 75 117 74 84,simulation,db4,usage,72,400,400,0
W-QDA,W-QDA:qda,20,2.0,0.02,0.022,114 113 110 78 116 111 112 75 109 74 81 76 80 79 83 82 84 115 85 106,109 110 113 111 82 112 80 114 78 81 79 115 116 76 77 83 75 117 74 84,simulation,db4,usage,72,400,400,0
W-CART,W-CART:cart,27,2.0,0.05,0.082,114 113 110 78 116 111 112 75 109 74 81 76 80 79 83 82 84 115 85 106,109 110 113 111 82 112 80 114 78 81 79 115 116 76 77 83 75 117 74 84,simulation,db4,usage,72,400,400,0
ALL,W-QDA:qda,20,2.0,0.02,0.022,114 113 110 78 116 111 112 75 109 74 81 76 80 79 83 82 84 115 85 106,109 110 113 111 82 112 80 114 78 81 79 115 116 76 77 83 75 117 74 84,simulation,db4,usage,72,400,400,0
W-NN,W-NN:k=25,37,,0.02,0.034,76 225 112 79 113 75 74 84 116 153 115 86 104 87 105 109 108 77 119 78,76 225 112 79 113 75 74 84 116 153 115 86 104 87 105 109 108 77 119 78,simulation,db4,energy,73,400,400,0
W-QDA,W-QDA:qda,42,,0.005,0.028,76 225 112 79 113 75 74 84 116 153 115 86 104 87 105 109 108 77 119 78,76 225 112 79 113 75 74 84 116 153 115 86 104 87 105 109 108 77 119 78,simulation,db4,energy,73,400,400,0
W-CART,W-CART:cart,35,,0.0275,0.082,76 225 112 79 113 75 74 84 116 153 115 86 104 87 105 109 108 77 119 78,76 225 112 79 113 75 74 84 116 153 115 86 104 87 105 109 108 77 119 78,simulation,db4,energy,73,400,400,0
ALL,W-QDA:qda,42,,0.005,0.028,76 225 112 79 113 75 74 84 116 153 115 86 104 87 105 109 108 77 119 78,76 225 112 79 113 75 74 84 116 153 115 86 104 87 105 109 108 77 119 78,simulation,db4,energy,73,400,400,0
W-NN,W-NN:k=15,29,1.5,0.0225,0.05,79 110 113 76 77 78 112 81 114 80 75 83 115 116 111 82 109 108 107 117,79 113 78 112 81 76 80 111 110 77 109 114 75 115 82 83 116 108 107 84,simulation,db4,usage,73,400,400,0
W-QDA,W-QDA:qda,40,1.0,0.0025,0.022,79 113 78 112 81 76 80 111 110 77 109 114 75 115 82 83 116 108 107 84,79 113 78 112 81 76 80 111 110 77 109 114 75 115 82 83 116 108 107 84,simulation,db4,usage,73,400,400,0
W-CART,W-CART:cart,33,3.0,0.0325,0.038,77 115 75 116 110 113 114 79 78 76 106 74 73 83 82 109 111 117 108 81,79 113 78 112 81 76 80 111 110 77 109 114 75 115 82 83 116 108 107 84,simulation,db4,usage,73,400,400,0
ALL,W-QDA:qda,40,1.0,0.0025,0.022,79 113 78 112 81 76 80 111 110 77 109 114 75 115 82 83 116 108 107 84,79 113 78 112 81 76 80 111 110 77 109 114 75 115 82 83 116 108 107 84,simulation,db4,usage,73,400,400,0
W-NN,W-NN:k=25,64,,0.0225,0.052,112 113 83 79 75 80 77 73 84 120 115 114 78 74 117 70 116 76 81 104,112 113 83 79 75 80 77 73 84 120 115 114 78 74 117 70 116 76 81 104,simulation,db4,energy,74,400,400,0
W-QDA,W-QDA:qda,34,,0.0075,0.016,112 113 83 79 75 80 77 73 84 120 115 114 78 74 117 70 116 76 81 104,112 113 83 79 75 80 77 73 84 120 115 114 78 74 117 70 116 76 81 104,simulation,db4,energy,74,400,400,0
W-CART,W-CART:cart,32,,0.055,0.066,112 113 83 79 75 80 77 73 84 120 115 114 78 74 117 70 116 76 81 104,112 113 83 79 75 80 77 73 84 120 115 114 78 74 117 70 116 76 81 104,simulation,db4,energy,74,400,400,0
ALL,W-QDA:qda,34,,0.0075,0.016,112 113 83 79 75 80 77 73 84 120 115 114 78 74 117 70 116 76 81 104,112 113 83 79 75 80 77 73 84 120 115 114 78 74 117 70 116 76 81 104,simulation,db4,energy,74,400,400,0
W-NN,W-NN:k=25,32,2.0,0.02,0.04,111 80 75 81 113 79 112 78 116 77 109 114 83 76 82 115 110 108 74 117,111 81 79 80 78 112 113 110 77 82 75 109 114 115 76 84 108 116 83 107,simulation,db4,usage,74,400,400,0
W-QDA,W-QDA:qda,28,1.5,0.01,0.022,81 111 79 78 80 112 113 82 75 109 114 110 77 76 116 115 83 108 84 74,111 81 79 80 78 112 113 110 77 82 75 109 114 115 76 84 108 116 83 107,simulation,db4,usage,74,400,400,0
W-CART,W-CART:cart,33,1.5,0.05,0.056,81 111 79 78 80 112 113 82 75 109 114 110 77 76 116 115 83 108 84 74,111 81 79 80 78 112 113 110 77 82 75 109 114 115 76 84 108 116 83 107,simulation,db4,usage,74,400,400,0
ALL,W-QDA:qda,28,1.5,0.01,0.022,81 111 79 78 80 112 113 82 75 109 114 110 77 76 116 115 83 108 84 74,111 81 79 80 78 112 113 110 77 82 75 109 114 115 76 84 108 116 83 107,simulation,db4,usage,74,400,400,0
W-NN,W-NN:k=25,52,,0.035,0.062,119 102 78 82 81 142 109 112 72 110 77 120 111 117 71 79 73 116 118 88,119 102 78 82 81 142 109 112 72 110 77 120 111 117 71 79 73 116 118 88,simulation,db4,energy,75,400,400,0
W-QDA,W-QDA:qda,33,,0.0125,0.022,119 102 78 82 81 142 109 112 72 110 77 120 111 117 71 79 73 116 118 88,119 102 78 82 81 142 109 112 72 110 77 120 111 117 71 79 73 116 118 88,simulation,db4,energy,75,400,400,0
W-CART,W-CART:cart,37,,0.0625,0.08,119 102 78 82 81 142 109 112 72 110 77 120 111 117 71 79 73 116 118 88,119 102 78 82 81 142 109 112 72 110 77 120 111 117 71 79 73 116 118 88,simulation,db4,energy,75,400,400,0
ALL,W-QDA:qda,33,,0.0125,0.022,119 102 78 82 81 142 109 112 72 110 77 120 111 117 71 79 73 116 118 88,119 102 78 82 81 142 109 112 72 110 77 120 111 117 71 79 73 116 118 88,simulation,db4,energy,75,400,400,0
W-NN,W-NN:k=15,61,1.5,0.0325,0.044,112 77 78 113 114 111 110 79 80 81 108 76 82 115 75 74 109 117 116 83,77 112 78 80 79 82 111 113 110 81 109 114 76 83 108 115 84 75 116 117,simulation,db4,usage,75,400,400,0
W-QDA,W-QDA:qda,46,1.5,0.0025,0.026,112 77 78 113 114 111 110 79 80 81 108 76 82 115 75 74 109 117 116 83,77 112 78 80 79 82 111 113 110 81 109 114 76 83 108 115 84 75 116 117,simulation,db4,usage,75,400,400,0
W-CART,W-CART:cart,31,1.5,0.06,0.07,112 77 78 113 114 111 110 79 80 81 108 76 82 115 75 74 109 117 116 83,77 112 78 80 79 82 111 113 110 81 109 114 76 83 108 115 84 75 116 117,simulation,db4,usage,75,400,400,0
ALL,W-QDA:qda,46,1.5,0.0025,0.026,112 77 78 113 114 111 110 79 80 81 108 76 82 115 75 74 109 117 116 83,77 112 78 80 79 82 111 113 110 81 109 114 76 83 108 115 84 75 116 117,simulation,db4,usage,75,400,400,0
W-NN,W-NN:k=15,27,,0.0325,0.03,81 79 109 112 110 40 104 114 105 80 75 111 82 73 118 162 72 84 108 117,81 79 109 112 110 40 104 114 105 80 75 111 82 73 118 162 72 84 108 117,simulation,db4,energy,76,400,400,0
W-QDA,W-QDA:qda,30,,0.0125,0.03,81 79 109 112 110 40 104 114 105 80 75 111 82 73 118 162 72 84 108 117,81 79 109 112 110 40 104 114 105 80 75 111 82 73 118 162 72 84 108 117,simulation,db4,energy,76,400,400,0
W-CART,W-CART:cart,37,,0.0425,0.074,81 79 109 112 110 40 104 114 105 80 75 111 82 73 118 162 72 84 108 117,81 79 109 112 110 40 104 114 105 80 75 111 82 73 118 162 72 84 108 117,simulation,db4,energy,76,400,400,0
ALL,W-QDA:qda,30,,0.0125,0.03,81 79 109 112 110 40 104 114 105 80 75 111 82 73 118 162 72 84 108 117,81 79 109 112 110 40 104 114 105 80 75 111 82 73 118 162 72 84 108 117,simulation,db4,energy,76,400,400,0
W-NN,W-NN:k=15,32,3.0,0.035,0.046,82 80 81 109 108 83 107 79 114 84 110 111 77 85 112 105 76 113 115 78,80 81 109 110 111 82 112 113 83 108 79 77 114 78 76 84 115 75 107 106,simulation,db4,usage,76,400,400,0
W-QDA,W-QDA:qda,51,3.0,0.01,0.034,82 80 81 109 108 83 107 79 114 84 110 111 77 85 112 105 76 113 115 78,80 81 109 110 111 82 112 113 83 108 79 77 114 78 76 84 115 75 107 106,simulation,db4,usage,76,400,400,0
W-CART,W-CART:cart,30,2.0,0.0375,0.068,80 81 82 111 109 110 112 83 79 108 84 113 114 115 106 77 75 76 107 85,80 81 109 110 111 82 112 113 83 108 79 77 114 78 76 84 115 75 107 106,simulation,db4,usage,76,400,400,0
ALL,W-QDA:qda,51,3.0,0.01,0.034,82 80 81 109 108 83 107 79 114 84 110 111 77 85 112 105 76 113 115 78,80 81 109 110 111 82 112 113 83 108 79 77 114 78 76 84 115 75 107 106,simulation,db4,usage,76,400,400,0
W-NN,W-NN:k=7,14,,0.0425,0.056,76 83 71 108 120 114 116 115 79 75 81 77 107 88 119 118 117 110 109 112,76 83 71 108 120 114 116 115 79 75 81 77 107 88 119 118 117 110 109 112,simulation,db4,energy,77,400,400,0
W-QDA,W-QDA:qda,32,,0.015,0.02,76 83 71 108 120 114 116 115 79 75 81 77 107 88 119 118 117 110 109 112,76 83 71 108 120 114 116 115 79 75 81 77 107 88 119 118 117 110 109 112,simulation,db4,energy,77,400,400,0
W-CART,W-CART:cart,32,,0.0575,0.066,76 83 71 108 120 114 116 115 79 75 81 77 107 88 119 118 117 110 109 112,76 83 71 108 120 114 116 115 79 75 81 77 107 88 119 118 117 110 109 112,simulation,db4,energy,77,400,400,0
ALL,W-QDA:qda,32,,0.015,0.02,76 83 71 108 120 114 116 115 79 75 81 77 107 88 119 118 117 110 109 112,76 83 71 108 120 114 116 115 79 75 81 77 107 88 119 118 117 110 109 112,simulation,db4,energy,77,400,400,0
W-NN,W-NN:k=25,48,2.0,0.0425,0.036,77 113 76 79 114 115 110 75 78 109 116 117 74 83 112 81 111 80 82 84,77 113 78 76 114 110 112 79 80 81 111 116 82 75 109 115 83 117 74 108,simulation,db4,usage,77,400,400,0
W-QDA,W-QDA:qda,42,1.5,0.0125,0.014,77 76 114 113 78 110 116 79 112 115 80 111 75 109 74 81 82 83 117 84,77 113 78 76 114 110 112 79 80 81 111 116 82 75 109 115 83 117 74 108,simulation,db4,usage,77,400,400,0
W-CART,W-CART:cart,32,2.0,0.055,0.064,77 113 76 79 114 115 110 75 78 109 116 117 74 83 112 81 111 80 82 84,77 113 78 76 114 110 112 79 80 81 111 116 82 75 109 115 83 117 74 108,simulation,db4,usage,77,400,400,0
ALL,W-QDA:qda,42,1.5,0.0125,0.014,77 76 114 113 78 110 116 79 112 115 80 111 75 109 74 81 82 83 117 84,77 113 78 76 114 110 112 79 80 81 111 116 82 75 109 115 83 117 74 108,simulation,db4,usage,77,400,400,0
W-NN,W-NN:k=25,29,,0.035,0.05,83 117 113 108 84 116 115 76 78 112 114 77 111 118 79 72 107 105 74 75,83 117 113 108 84 116 115 76 78 112 114 77 111 118 79 72 107 105 74 75,simulation,db4,energy,78,400,400,0
W-QDA,W-QDA:qda,54,,0.0275,0.024,83 117 113 108 84 116 115 76 78 112 114 77 111 118 79 72 107 105 74 75,83 117 113 108 84 116 115 76 78 112 114 77 111 118 79 72 107 105 74 75,simulation,db4,energy,78,400,400,0
W-CART,W-CART:cart,5,,0.0625,0.114,83 117 113 108 84 116 115 76 78 112 114 77 111 118 79 72 107 105 74 75,83 117 113 108 84 116 115 76 78 112 114 77 111 118 79 72 107 105 74 75,simulation,db4,energy,78,400,400,0
ALL,W-QDA:qda,54,,0.0275,0.024,83 117 113 108 84 116 115 76 78 112 114 77 111 118 79 72 107 105 74 75,83 117 113 108 84 116 115 76 78 112 114 77 111 118 79 72 107 105 74 75,simulation,db4,energy,78,400,400,0
W-NN,W-NN:k=5,26,2.0,0.04,0.058,112 79 111 76 115 116 78 113 114 80 75 108 109 77 81 110 107 84 106 117,114 113 79 78 80 112 77 111 115 110 76 81 109 116 75 108 82 107 83 84,simulation,db4,usage,78,400,400,0
W-QDA,W-QDA:qda,34,3.0,0.0275,0.022,115 111 116 75 112 79 108 76 114 78 80 81 77 84 110 107 109 113 85 106,114 113 79 78 80 112 77 111 115 110 76 81 109 116 75 108 82 107 83 84,simulation,db4,usage,78,400,400,0
W-CART,W-CART:cart,62,1.0,0.065,0.104,114 113 79 78 80 112 77 111 115 110 76 81 109 116 75 108 82 107 83 84,114 113 79 78 80 112 77 111 115 110 76 81 109 116 75 108 82 107 83 84,simulation,db4,usage,78,400,400,0
ALL,W-QDA:qda,34,3.0,0.0275,0.022,115 111 116 75 112 79 108 76 114 78 80 81 77 84 110 107 109 113 85 106,114 113 79 78 80 112 77 111 115 110 76 81 109 116 75 108 82 107 83 84,simulation,db4,usage,78,400,400,0
W-NN,W-NN:k=7,54,,0.055,0.046,118 119 59 72 74 82 110 80 84 109 81 112 87 111 106 79 73 117 83 108,118 119 59 72 74 82 110 80 84 109 81 112 87 111 106 79 73 117 83 108,simulation,db4,energy,79,400,400,0
W-QDA,W-QDA:qda,32,,0.02,0.016,118 119 59 72 74 82 110 80 84 109 81 112 87 111 106 79 73 117 83 108,118 119 59 72 74 82 110 80 84 109 81 112 87 111 106 79 73 117 83 108,simulation,db4,energy,79,400,400,0
W-CART,W-CART:cart,36,,0.0575,0.072,118 119 59 72 74 82 110 80 84 109 81 112 87 111 106 79 73 117 83 108,118 119 59 72 74 82 110 80 84 109 81 112 87 111 106 79 73 117 83 108,simulation,db4,energy,79,400,400,0
ALL,W-QDA:qda,32,,0.02,0.016,118 119 59 72 74 82 110 80 84 109 81 112 87 111 106 79 73 117 83 108,118 119 59 72 74 82 110 80 84 109 81 112 87 111 106 79 73 117 83 108,simulation,db4,energy,79,400,400,0
W-NN,W-NN:k=9,22,1.5,0.025,0.048,82 110 109 108 83 79 111 107 112 81 84 80 76 78 106 114 113 77 85 75,82 110 109 112 108 79 80 111 78 83 81 84 113 107 76 114 106 115 77 85,simulation,db4,usage,79,400,400,0
W-QDA,W-QDA:qda,29,1.0,0.0125,0.02,82 110 109 112 108 79 80 111 78 83 81 84 113 107 76 114 106 115 77 85,82 110 109 112 108 79 80 111 78 83 81 84 113 107 76 114 106 115 77 85,simulation,db4,usage,79,400,400,0
W-CART,W-CART:cart,32,0.5,0.05,0.054,82 109 79 110 111 112 81 80 78 83 108 84 113 77 107 76 114 115 106 116,82 110 109 112 108 79 80 111 78 83 81 84 113 107 76 114 106 115 77 85,simulation,db4,usage,79,400,400,0
ALL,W-QDA:qda,29,1.0,0.0125,0.02,82 110 109 112 108 79 80 111 78 83 81 84 113 107 76 114 106 115 77 85,82 110 109 112 108 79 80 111 78 83 81 84 113 107 76 114 106 115 77 85,simulation,db4,usage,79,400,400,0
W-NN,W-NN:k=9,27,,0.0275,0.048,110 116 76 77 83 114 108 80 115 78 105 107 111 81 71 75 112 41 82 106,110 116 76 77 83 114 108 80 115 78 105 107 111 81 71 75 112 41 82 106,simulation,db4,energy,80,400,400,0
W-QDA,W-QDA:qda,29,,0.0025,0.032,110 116 76 77 83 114 108 80 115 78 105 107 111 81 71 75 112 41 82 106,110 116 76 77 83 114 108 80 115 78 105 107 111 81 71 75 112 41 82 106,simulation,db4,energy,80,400,400,0
W-CART,W-CART:cart,23,,0.0525,0.058,110 116 76 77 83 114 108 80 115 78 105 107 111 81 71 75 112 41 82 106,110 116 76 77 83 114 108 80 115 78 105 107 111 81 71 75 112 41 82 106,simulation,db4,energy,80,400,400,0
ALL,W-QDA:qda,29,,0.0025,0.032,110 116 76 77 83 114 108 80 115 78 105 107 111 81 71 75 112 41 82 106,110 116 76 77 83 114 108 80 115 78 105 107 111 81 71 75 112 41 82 106,simulation,db4,energy,80,400,400,0
W-NN,W-NN:k=9,41,1.5,0.025,0.048,82 81 78 110 108 79 107 77 83 113 112 114 111 84 109 80 76 106 75 115,78 112 110 79 82 77 81 80 108 111 109 113 76 83 114 84 107 115 116 75,simulation,db4,usage,80,400,400,0
W-QDA,W-QDA:qda,52,1.5,0.0,0.018,82 81 78 110 108 79 107 77 83 113 112 114 111 84 109 80 76 106 75 115,78 112 110 79 82 77 81 80 108 111 109 113 76 83 114 84 107 115 116 75,simulation,db4,usage,80,400,400,0
W-CART,W-CART:cart,24,2.0,0.0575,0.07,82 108 107 83 77 78 111 109 113 110 81 84 114 79 106 112 80 115 76 75,78 112 110 79 82 77 81 80 108 111 109 113 76 83 114 84 107 115 116 75,simulation,db4,usage,80,400,400,0
ALL,W-QDA:qda,52,1.5,0.0,0.018,82 81 78 110 108 79 107 77 83 113 112 114 111 84 109 80 76 106 75 115,78 112 110 79 82 77 81 80 108 111 109 113 76 83 114 84 107 115 116 75,simulation,db4,usage,80,400,400,0
W-NN,W-NN:k=9,29,,0.03,0.038,78 226 112 116 110 115 109 74 111 76 113 79 75 114 118 80 73 85 117 82,78 226 112 116 110 115 109 74 111 76 113 79 75 114 118 80 73 85 117 82,simulation,db4,energy,81,400,400,0
W-QDA,W-QDA:qda,36,,0.015,0.022,78 226 112 116 110 115 109 74 111 76 113 79 75 114 118 80 73 85 117 82,78 226 112 116 110 115 109 74 111 76 113 79 75 114 118 80 73 85 117 82,simulation,db4,energy,81,400,400,0
W-CART,W-CART:cart,38,,0.0425,0.038,78 226 112 116 110 115 109 74 111 76 113 79 75 114 118 80 73 85 117 82,78 226 112 116 110 115 109 74 111 76 113 79 75 114 118 80 73 85 117 82,simulation,db4,energy,81,400,400,0
ALL,W-QDA:qda,36,,0.015,0.022,78 226 112 116 110 115 109 74 111 76 113 79 75 114 118 80 73 85 117 82,78 226 112 116 110 115 109 74 111 76 113 79 75 114 118 80 73 85 117 82,simulation,db4,energy,81,400,400,0
W-NN,W-NN:k=9,40,2.0,0.0325,0.048,77 113 76 78 114 79 116 111 75 110 80 115 74 81 112 82 117 109 108 73,79 77 78 111 110 113 76 112 75 80 109 114 116 115 81 82 117 74 83 108,simulation,db4,usage,81,400,400,0
W-QDA,W-QDA:qda,34,1.5,0.015,0.018,78 79 76 113 75 77 111 114 110 80 116 81 74 112 115 109 82 117 83 108,79 77 78 111 110 113 76 112 75 80 109 114 116 115 81 82 117 74 83 108,simulation,db4,usage,81,400,400,0
W-CART,W-CART:cart,42,2.0,0.045,0.04,77 113 76 78 114 79 116 111 75 110 80 115 74 81 112 82 117 109 108 73,79 77 78 111 110 113 76 112 75 80 109 114 116 115 81 82 117 74 83 108,simulation,db4,usage,81,400,400,0
ALL,W-QDA:qda,34,1.5,0.015,0.018,78 79 76 113 75 77 111 114 110 80 116 81 74 112 115 109 82 117 83 108,79 77 78 111 110 113 76 112 75 80 109 114 116 115 81 82 117 74 83 108,simulation,db4,usage,81,400,400,0
W-NN,W-NN:k=25,27,,0.025,0.03,73 106 80 85 114 83 82 111 84 77 107 78 113 86 115 105 109 76 75 104,73 106 80 85 114 83 82 111 84 77 107 78 113 86 115 105 109 76 75 104,simulation,db4,energy,82,400,400,0
W-QDA,W-QDA:qda,54,,0.01,0.014,73 106 80 85 114 83 82 111 84 77 107 78 113 86 115 105 109 76 75 104,73 106 80 85 114 83 82 111 84 77 107 78 113 86 115 105 109 76 75 104,simulation,db4,energy,82,400,400,0
W-CART,W-CART:cart,29,,0.035,0.056,73 106 80 85 114 83 82 111 84 77 107 78 113 86 115 105 109 76 75 104,73 106 80 85 114 83 82 111 84 77 107 78 113 86 115 105 109 76 75 104,simulation,db4,energy,82,400,400,0
ALL,W-QDA:qda,54,,0.01,0.014,73 106 80 85 114 83 82 111 84 77 107 78 113 86 115 105 109 76 75 104,73 106 80 85 114 83 82 111 84 77 107 78 113 86 115 105 109 76 75 104,simulation,db4,energy,82,400,400,0
W-NN,W-NN:k=15,40,1.0,0.0275,0.026,113 80 79 78 111 81 109 112 77 76 110 114 108 82 83 75 115 107 116 84,113 80 79 78 111 81 109 112 77 76 110 114 108 82 83 75 115 107 116 84,simulation,db4,usage,82,400,400,0
W-QDA,W-QDA:qda,39,1.0,0.01,0.016,113 80 79 78 111 81 109 112 77 76 110 114 108 82 83 75 115 107 116 84,113 80 79 78 111 81 109 112 77 76 110 114 108 82 83 75 115 107 116 84,simulation,db4,usage,82,400,400,0
W-CART,W-CART:cart,41,0.5,0.0325,0.058,79 80 112 81 111 113 78 110 114 82 109 76 77 115 108 83 107 75 116 84,113 80 79 78 111 81 109 112 77 76 110 114 108 82 83 75 115 107 116 84,simulation,db4,usage,82,400,400,0
ALL,W-QDA:qda,39,1.0,0.01,0.016,113 80 79 78 111 81 109 112 77 76 110 114 108 82 83 75 115 107 116 84,113 80 79 78 111 81 109 112 77 76 110 114 108 82 83 75 115 107 116 84,simulation,db4,usage,82,400,400,0
W-NN,W-NN:k=15,22,,0.0325,0.032,106 114 84 103 77 87 86 75 115 113 85 82 83 81 74 109 116 104 107 73,106 114 84 103 77 87 86 75 115 113 85 82 83 81 74 109 116 104 107 73,simulation,db4,energy,83,400,400,0
W-QDA,W-QDA:qda,21,,0.005,0.018,106 114 84 103 77 87 86 75 115 113 85 82 83 81 74 109 116 104 107 73,106 114 84 103 77 87 86 75 115 113 85 82 83 81 74 109 116 104 107 73,simulation,db4,energy,83,400,400,0
W-CART,W-CART:cart,61,,0.055,0.084,106 114 84 103 77 87 86 75 115 113 85 82 83 81 74 109 116 104 107 73,106 114 84 103 77 87 86 75 115 113 85 82 83 81 74 109 116 104 107 73,simulation,db4,energy,83,400,400,0
ALL,W-QDA:qda,21,,0.005,0.018,106 114 84 103 77 87 86 75 115 113 85 82 83 81 74 109 116 104 107 73,106 114 84 103 77 87 86 75 115 113 85 82 83 81 74 109 116 104 107 73,simulation,db4,energy,83,400,400,0
W-NN,W-NN:k=25,20,3.0,0.0375,0.056,108 83 82 110 115 80 106 85 81 84 111 107 113 116 114 78 79 77 117 76,111 112 109 113 78 83 80 110 108 82 77 81 114 79 84 107 115 76 75 85,simulation,db4,usage,83,400,400,0
W-QDA,W-QDA:qda,31,1.5,0.005,0.01,108 111 107 80 82 113 114 83 109 112 78 110 81 79 84 115 77 76 75 106,111 112 109 113 78 83 80 110 108 82 77 81 114 79 84 107 115 76 75 85,simulation,db4,usage,83,400,400,0
W-CART,W-CART:cart,44,3.0,0.055,0.088,108 83 82 110 115 80 106 85 81 84 111 107 113 116 114 78 79 77 117 76,111 112 109 113 78 83 80 110 108 82 77 81 114 79 84 107 115 76 75 85,simulation,db4,usage,83,400,400,0
ALL,W-QDA:qda,31,1.5,0.005,0.01,108 111 107 80 82 113 114 83 109 112 78 110 81 79 84 115 77 76 75 106,111 112 109 113 78 83 80 110 108 82 77 81 114 79 84 107 115 76 75 85,simulation,db4,usage,83,400,400,0
W-NN,W-NN:k=15,54,,0.03,0.03,114 109 110 83 77 107 108 103 78 112 81 76 115 82 111 113 80 75 84 87,114 109 110 83 77 107 108 103 78 112 81 76 115 82 111 113 80 75 84 87,simulation,db4,energy,84,400,400,0
W-QDA,W-QDA:qda,37,,0.0075,0.01,114 109 110 83 77 107 108 103 78 112 81 76 115 82 111 113 80 75 84 87,114 109 110 83 77 107 108 103 78 112 81 76 115 82 111 113 80 75 84 87,simulation,db4,energy,84,400,400,0
W-CART,W-CART:cart,55,,0.0525,0.048,114 109 110 83 77 107 108 103 78 112 81 76 115 82 111 113 80 75 84 87,114 109 110 83 77 107 108 103 78 112 81 76 115 82 111 113 80 75 84 87,simulation,db4,energy,84,400,400,0
ALL,W-QDA:qda,37,,0.0075,0.01,114 109 110 83 77 107 108 103 78 112 81 76 115 82 111 113 80 75 84 87,114 109 110 83 77 107 108 103 78 112 81 76 115 82 111 113 80 75 84 87,simulation,db4,energy,84,400,400,0
W-NN,W-NN:k=15,64,3.0,0.02,0.032,114 110 79 78 83 81 109 115 80 113 77 82 112 84 107 76 111 108 116 75,80 79 81 78 77 111 110 113 82 112 114 109 84 115 83 108 76 107 116 75,simulation,db4,usage,84,400,400,0
W-QDA,W-QDA:qda,64,3.0,0.0075,0.006,114 110 79 78 83 81 109 115 80 113 77 82 112 84 107 76 111 108 116 75,80 79 81 78 77 111 110 113 82 112 114 109 84 115 83 108 76 107 116 75,simulation,db4,usage,84,400,400,0
W-CART,W-CART:cart,32,1.5,0.0425,0.052,80 79 78 81 77 113 110 112 114 82 83 107 109 111 115 108 84 76 116 75,80 79 81 78 77 111 110 113 82 112 114 109 84 115 83 108 76 107 116 75,simulation,db4,usage,84,400,400,0
ALL,W-QDA:qda,64,3.0,0.0075,0.006,114 110 79 78 83 81 109 115 80 113 77 82 112 84 107 76 111 108 116 75,80 79 81 78 77 111 110 113 82 112 114 109 84 115 83 108 76 107 116 75,simulation,db4,usage,84,400,400,0
W-NN,W-NN:k=9,34,,0.0375,0.04,85 115 106 118 76 73 116 114 74 84 117 81 110 75 72 119 109 77 80 107,85 115 106 118 76 73 116 114 74 84 117 81 110 75 72 119 109 77 80 107,simulation,db4,energy,85,400,400,0
W-QDA,W-QDA:qda,43,,0.0125,0.022,85 115 106 118 76 73 116 114 74 84 117 81 110 75 72 119 109 77 80 107,85 115 106 118 76 73 116 114 74 84 117 81 110 75 72 119 109 77 80 107,simulation,db4,energy,85,400,400,0
W-CART,W-CART:cart,21,,0.0575,0.068,85 115 106 118 76 73 116 114 74 84 117 81 110 75 72 119 109 77 80 107,85 115 106 118 76 73 116 114 74 84 117 81 110 75 72 119 109 77 80 107,simulation,db4,energy,85,400,400,0
ALL,W-QDA:qda,43,,0.0125,0.022,85 115 106 118 76 73 116 114 74 84 117 81 110 75 72 119 109 77 80 107,85 115 106 118 76 73 116 114 74 84 117 81 110 75 72 119 109 77 80 107,simulation,db4,energy,85,400,400,0
W-NN,W-NN:k=9,29,0.5,0.03,0.042,79 112 78 113 80 114 77 110 111 76 115 109 81 82 83 116 75 108 84 74,79 110 78 113 115 80 81 114 112 111 76 109 77 82 83 116 75 84 108 117,simulation,db4,usage,85,400,400,0
W-QDA,W-QDA:qda,52,3.0,0.01,0.018,115 114 76 74 110 113 84 77 79 108 80 116 75 83 111 82 81 107 112 117,79 110 78 113 115 80 81 114 112 111 76 109 77 82 83 116 75 84 108 117,simulation,db4,usage,85,400,400,0
W-CART,W-CART:cart,53,0.5,0.0475,0.068,79 112 78 113 80 114 77 110 111 76 115 109 81 82 83 116 75 108 84 74,79 110 78 113 115 80 81 114 112 111 76 109 77 82 83 116 75 84 108 117,simulation,db4,usage,85,400,400,0
ALL,W-QDA:qda,52,3.0,0.01,0.018,115 114 76 74 110 113 84 77 79 108 80 116 75 83 111 82 81 107 112 117,79 110 78 113 115 80 81 114 112 111 76 109 77 82 83 116 75 84 108 117,simulation,db4,usage,85,400,400,0
W-NN,W-NN:k=25,34,,0.0375,0.058,144 238 82 110 84 79 109 74 111 83 76 289 59 78 77 81 108 75 113 72,144 238 82 110 84 79 109 74 111 83 76 289 59 78 77 81 108 75 113 72,simulation,db4,energy,86,400,400,0
W-QDA,W-QDA:qda,40,,0.0075,0.012,144 238 82 110 84 79 109 74 111 83 76 289 59 78 77 81 108 75 113 72,144 238 82 110 84 79 109 74 111 83 76 289 59 78 77 81 108 75 113 72,simulation,db4,energy,86,400,400,0
W-CART,W-CART:cart,17,,0.0575,0.056,144 238 82 110 84 79 109 74 111 83 76 289 59 78 77 81 108 75 113 72,144 238 82 110 84 79 109 74 111 83 76 289 59 78 77 81 108 75 113 72,simulation,db4,energy,86,400,400,0
ALL,W-QDA:qda,40,,0.0075,0.012,144 238 82 110 84 79 109 74 111 83 76 289 59 78 77 81 108 75 113 72,144 238 82 110 84 79 109 74 111 83 76 289 59 78 77 81 108 75 113 72,simulation,db4,energy,86,400,400,0
W-NN,W-NN:k=7,38,1.0,0.035,0.054,81 109 110 78 79 113 80 111 82 112 108 114 83 77 107 76 84 75 115 85,81 109 110 78 79 113 80 111 82 112 108 114 83 77 107 76 84 75 115 85,simulation,db4,usage,86,400,400,0
W-QDA,W-QDA:qda,31,1.0,0.0075,0.02,81 109 110 78 79 113 80 111 82 112 108 114 83 77 107 76 84 75 115 85,81 109 110 78 79 113 80 111 82 112 108 114 83 77 107 76 84 75 115 85,simulation,db4,usage,86,400,400,0
W-CART,W-CART:cart,46,3.0,0.0725,0.058,111 78 83 79 82 107 110 77 108 113 114 81 112 80 109 75 76 106 116 115,81 109 110 78 79 113 80 111 82 112 108 114 83 77 107 76 84 75 115 85,simulation,db4,usage,86,400,400,0
ALL,W-QDA:qda,31,1.0,0.0075,0.02,81 109 110 78 79 113 80 111 82 112 108 114 83 77 107 76 84 75 115 85,81 109 110 78 79 113 80 111 82 112 108 114 83 77 107 76 84 75 115 85,simulation,db4,usage,86,400,400,0
W-NN,W-NN:k=9,18,,0.0225,0.04,81 111 109 86 76 107 73 114 79 119 112 113 105 83 108 74 110 85 80 82,81 111 109 86 76 107 73 114 79 119 112 113 105 83 108 74 110 85 80 82,simulation,db4,energy,87,400,400,0
W-QDA,W-QDA:qda,54,,0.01,0.018,81 111 109 86 76 107 73 114 79 119 112 113 105 83 108 74 110 85 80 82,81 111 109 86 76 107 73 114 79 119 112 113 105 83 108 74 110 85 80 82,simulation,db4,energy,87,400,400,0
W-CART,W-CART:cart,15,,0.0625,0.054,81 111 109 86 76 107 73 114 79 119 112 113 105 83 108 74 110 85 80 82,81 111 109 86 76 107 73 114 79 119 112 113 105 83 108 74 110 85 80 82,simulation,db4,energy,87,400,400,0
ALL,W-QDA:qda,54,,0.01,0.018,81 111 109 86 76 107 73 114 79 119 112 113 105 83 108 74 110 85 80 82,81 111 109 86 76 107 73 114 79 119 112 113 105 83 108 74 110 85 80 82,simulation,db4,energy,87,400,400,0
W-NN,W-NN:k=5,48,2.0,0.0325,0.048,108 112 113 81 109 83 84 111 110 82 80 85 107 79 77 114 78 76 106 115,111 110 81 82 109 80 112 113 108 79 78 77 83 114 84 76 115 106 85 107,simulation,db4,usage,87,400,400,0
W-QDA,W-QDA:qda,36,3.0,0.01,0.014,108 84 112 109 81 111 83 80 85 113 110 82 107 105 114 115 106 79 86 78,111 110 81 82 109 80 112 113 108 79 78 77 83 114 84 76 115 106 85 107,simulation,db4,usage,87,400,400,0
W-CART,W-CART:cart,40,2.0,0.055,0.056,108 112 113 81 109 83 84 111 110 82 80 85 107 79 77 114 78 76 106 115,111 110 81 82 109 80 112 113 108 79 78 77 83 114 84 76 115 106 85 107,simulation,db4,usage,87,400,400,0
ALL,W-QDA:qda,36,3.0,0.01,0.014,108 84 112 109 81 111 83 80 85 113 110 82 107 105 114 115 106 79 86 78,111 110 81 82 109 80 112 113 108 79 78 77 83 114 84 76 115 106 85 107,simulation,db4,usage,87,400,400,0
W-NN,W-NN:k=25,24,,0.035,0.048,112 82 111 108 113 118 78 109 77 79 116 84 72 85 107 76 83 74 81 117,112 82 111 108 113 118 78 109 77 79 116 84 72 85 107 76 83 74 81 117,simulation,db4,energy,88,400,400,0
W-QDA,W-QDA:qda,15,,0.025,0.028,112 82 111 108 113 118 78 109 77 79 116 84 72 85 107 76 83 74 81 117,112 82 111 108 113 118 78 109 77 79 116 84 72 85 107 76 83 74 81 117,simulation,db4,energy,88,400,400,0
W-CART,W-CART:cart,36,,0.0525,0.068,112 82 111 108 113 118 78 109 77 79 116 84 72 85 107 76 83 74 81 117,112 82 111 108 113 118 78 109 77 79 116 84 72 85 107 76 83 74 81 117,simulation,db4,energy,88,400,400,0
ALL,W-QDA:qda,15,,0.025,0.028,112 82 111 108 113 118 78 109 77 79 116 84 72 85 107 76 83 74 81 117,112 82 111 108 113 118 78 109 77 79 116 84 72 85 107 76 83 74 81 117,simulation,db4,energy,88,400,400,0
W-NN,W-NN:k=15,63,0.5,0.035,0.04,110 81 111 80 112 79 109 108 78 82 77 83 113 114 84 76 115 107 75 116,109 81 78 110 111 112 82 83 79 80 108 77 113 114 76 84 115 106 107 116,simulation,db4,usage,88,400,400,0
W-QDA,W-QDA:qda,47,0.5,0.02,0.012,110 81 111 80 112 79 109 108 78 82 77 83 113 114 84 76 115 107 75 116,109 81 78 110 111 112 82 83 79 80 108 77 113 114 76 84 115 106 107 116,simulation,db4,usage,88,400,400,0
W-CART,W-CART:cart,35,1.5,0.0475,0.062,81 83 78 109 110 80 108 112 77 111 79 82 113 114 76 107 84 115 116 75,109 81 78 110 111 112 82 83 79 80 108 77 113 114 76 84 115 106 107 116,simulation,db4,usage,88,400,400,0
ALL,W-QDA:qda,47,0.5,0.02,0.012,110 81 111 80 112 79 109 108 78 82 77 83 113 114 84 76 115 107 75 116,109 81 78 110 111 112 82 83 79 80 108 77 113 114 76 84 115 106 107 116,simulation,db4,usage,88,400,400,0
W-NN,W-NN:k=25,27,,0.03,0.048,111 110 86 113 83 73 79 80 118 107 115 105 106 84 74 77 82 112 108 76,111 110 86 113 83 73 79 80 118 107 115 105 106 84 74 77 82 112 108 76,simulation,db4,energy,89,400,400,0
W-QDA,W-QDA:qda,43,,0.0175,0.014,111 110 86 113 83 73 79 80 118 107 115 105 106 84 74 77 82 112 108 76,111 110 86 113 83 73 79 80 118 107 115 105 106 84 74 77 82 112 108 76,simulation,db4,energy,89,400,400,0
W-CART,W-CART:cart,31,,0.065,0.062,111 110 86 113 83 73 79 80 118 107 115 105 106 84 74 77 82 112 108 76,111 110 86 113 83 73 79 80 118 107 115 105 106 84 74 77 82 112 108 76,simulation,db4,energy,89,400,400,0
ALL,W-QDA:qda,43,,0.0175,0.014,111 110 86 113 83 73 79 80 118 107 115 105 106 84 74 77 82 112 108 76,111 110 86 113 83 73 79 80 118 107 115 105 106 84 74 77 82 112 108 76,simulation,db4,energy,89,400,400,0
W-NN,W-NN:k=7,41,1.5,0.0275,0.04,113 79 80 76 77 111 112 75 110 115 116 81 82 83 109 84 108 78 74 114,111 110 80 112 79 113 81 109 76 82 75 77 115 116 74 78 108 114 83 84,simulation,db4,usage,89,400,400,0
W-QDA,W-QDA:qda,38,3.0,0.0225,0.008,84 75 83 113 115 77 76 73 74 111 78 116 110 117 81 108 80 109 112 79,111 110 80 112 79 113 81 109 76 82 75 77 115 116 74 78 108 114 83 84,simulation,db4,usage,89,400,400,0
W-CART,W-CART:cart,14,3.0,0.055,0.074,84 75 83 113 115 77 76 73 74 111 78 116 110 117 81 108 80 109 112 79,111 110 80 112 79 113 81 109 76 82 75 77 115 116 74 78 108 114 83 84,simulation,db4,usage,89,400,400,0
ALL,W-QDA:qda,38,3.0,0.0225,0.008,84 75 83 113 115 77 76 73 74 111 78 116 110 117 81 108 80 109 112 79,111 110 80 112 79 113 81 109 76 82 75 77 115 116 74 78 108 114 83 84,simulation,db4,usage,89,400,400,0
W-NN,W-NN:k=15,54,,0.0375,0.068,119 106 115 80 72 117 73 112 118 74 85 86 105 116 75 111 104 107 76 120,119 106 115 80 72 117 73 112 118 74 85 86 105 116 75 111 104 107 76 120,simulation,db4,energy,90,400,400,0
W-QDA,W-QDA:qda,42,,0.0075,0.02,119 106 115 80 72 117 73 112 118 74 85 86 105 116 75 111 104 107 76 120,119 106 115 80 72 117 73 112 118 74 85 86 105 116 75 111 104 107 76 120,simulation,db4,energy,90,400,400,0
W-CART,W-CART:cart,11,,0.065,0.07,119 106 115 80 72 117 73 112 118 74 85 86 105 116 75 111 104 107 76 120,119 106 115 80 72 117 73 112 118 74 85 86 105 116 75 111 104 107 76 120,simulation,db4,energy,90,400,400,0
ALL,W-QDA:qda,42,,0.0075,0.02,119 106 115 80 72 117 73 112 118 74 85 86 105 116 75 111 104 107 76 120,119 106 115 80 72 117 73 112 118 74 85 86 105 116 75 111 104 107 76 120,simulation,db4,energy,90,400,400,0
W-NN,W-NN:k=25,15,3.0,0.03,0.046,112 75 85 106 107 74 79 81 108 76 118 82 105 115 109 86 113 114 117 80,82 110 79 81 80 109 111 108 112 78 83 113 107 77 106 114 84 115 75 76,simulation,db4,usage,90,400,400,0
W-QDA,W-QDA:qda,45,0.5,0.0075,0.016,80 79 110 81 82 109 111 83 78 112 113 108 77 107 76 84 114 106 115 75,82 110 79 81 80 109 111 108 112 78 83 113 107 77 106 114 84 115 75 76,simulation,db4,usage,90,400,400,0
W-CART,W-CART:cart,23,1.0,0.045,0.076,82 110 79 81 80 109 111 108 112 78 83 113 107 77 106 114 84 115 75 76,82 110 79 81 80 109 111 108 112 78 83 113 107 77 106 114 84 115 75 76,simulation,db4,usage,90,400,400,0
ALL,W-QDA:qda,45,0.5,0.0075,0.016,80 79 110 81 82 109 111 83 78 112 113 108 77 107 76 84 114 106 115 75,82 110 79 81 80 109 111 108 112 78 83 113 107 77 106 114 84 115 75 76,simulation,db4,usage,90,400,400,0
W-NN,W-NN:k=5,11,,0.0325,0.074,114 76 108 77 78 104 75 87 109 83 111 107 112 79 80 115 86 81 38 82,114 76 108 77 78 104 75 87 109 83 111 107 112 79 80 115 86 81 38 82,simulation,db4,energy,91,400,400,0
W-QDA,W-QDA:qda,21,,0.0175,0.01,114 76 108 77 78 104 75 87 109 83 111 107 112 79 80 115 86 81 38 82,114 76 108 77 78 104 75 87 109 83 111 107 112 79 80 115 86 81 38 82,simulation,db4,energy,91,400,400,0
W-CART,W-CART:cart,39,,0.0425,0.072,114 76 108 77 78 104 75 87 109 83 111 107 112 79 80 115 86 81 38 82,114 76 108 77 78 104 75 87 109 83 111 107 112 79 80 115 86 81 38 82,simulation,db4,energy,91,400,400,0
ALL,W-QDA:qda,21,,0.0175,0.01,114 76 108 77 78 104 75 87 109 83 111 107 112 79 80 115 86 81 38 82,114 76 108 77 78 104 75 87 109 83 111 107 112 79 80 115 86 81 38 82,simulation,db4,energy,91,400,400,0
W-NN,W-NN:k=9,27,1.5,0.04,0.05,114 79 110 81 109 77 111 112 82 76 80 108 78 83 116 75 115 113 107 84,77 110 79 114 112 78 81 111 80 109 113 82 83 76 115 108 75 116 84 107,simulation,db4,usage,91,400,400,0
W-QDA,W-QDA:qda,55,0.5,0.0175,0.016,79 111 77 80 110 114 81 78 112 113 109 82 108 76 83 115 116 75 84 107,77 110 79 114 112 78 81 111 80 109 113 82 83 76 115 108 75 116 84 107,simulation,db4,usage,91,400,400,0
W-CART,W-CART:cart,40,1.0,0.045,0.072,77 110 79 114 112 78 81 111 80 109 113 82 83 76 115 108 75 116 84 107,77 110 79 114 112 78 81 111 80 109 113 82 83 76 115 108 75 116 84 107,simulation,db4,usage,91,400,400,0
ALL,W-QDA:qda,55,0.5,0.0175,0.016,79 111 77 80 110 114 81 78 112 113 109 82 108 76 83 115 116 75 84 107,77 110 79 114 112 78 81 111 80 109 113 82 83 76 115 108 75 116 84 107,simulation,db4,usage,91,400,400,0
W-NN,W-NN:k=15,33,,0.03,0.034,82 109 108 81 112 78 76 113 116 84 114 75 73 79 107 115 72 111 118 110,82 109 108 81 112 78 76 113 116 84 114 75 73 79 107 115 72 111 118 110,simulation,db4,energy,92,400,400,0
W-QDA,W-QDA:qda,61,,0.0075,0.026,82 109 108 81 112 78 76 113 116 84 114 75 73 79 107 115 72 111 118 110,82 109 108 81 112 78 76 113 116 84 114 75 73 79 107 115 72 111 118 110,simulation,db4,energy,92,400,400,0
W-CART,W-CART:cart,23,,0.0475,0.052,82 109 108 81 112 78 76 113 116 84 114 75 73 79 107 115 72 111 118 110,82 109 108 81 112 78 76 113 116 84 114 75 73 79 107 115 72 111 118 110,simulation,db4,energy,92,400,400,0
ALL,W-QDA:qda,61,,0.0075,0.026,82 109 108 81 112 78 76 113 116 84 114 75 73 79 107 115 72 111 118 110,82 109 108 81 112 78 76 113 116 84 114 75 73 79 107 115 72 111 118 110,simulation,db4,energy,92,400,400,0
W-NN,W-NN:k=15,40,3.0,0.025,0.056,114 112 115 76 113 116 75 74 110 79 81 77 78 117 118 80 84 111 85 108,79 113 80 76 114 110 112 111 77 109 81 115 78 108 83 116 82 75 107 84,simulation,db4,usage,92,400,400,0
W-QDA,W-QDA:qda,32,1.0,0.0075,0.024,79 113 80 76 114 110 112 111 77 109 81 115 78 108 83 116 82 75 107 84,79 113 80 76 114 110 112 111 77 109 81 115 78 108 83 116 82 75 107 84,simulation,db4,usage,92,400,400,0
W-CART,W-CART:cart,28,1.5,0.0425,0.06,113 114 76 112 79 110 111 80 115 77 109 116 81 83 75 78 84 117 108 74,79 113 80 76 114 110 112 111 77 109 81 115 78 108 83 116 82 75 107 84,simulation,db4,usage,92,400,400,0
ALL,W-QDA:qda,32,1.0,0.0075,0.024,79 113 80 76 114 110 112 111 77 109 81 115 78 108 83 116 82 75 107 84,79 113 80 76 114 110 112 111 77 109 81 115 78 108 83 116 82 75 107 84,simulation,db4,usage,92,400,400,0
W-NN,W-NN:k=15,49,,0.015,0.038,80 76 114 110 111 77 113 83 109 84 40 112 115 74 81 85 117 78 79 82,80 76 114 110 111 77 113 83 109 84 40 112 115 74 81 85 117 78 79 82,simulation,db4,energy,93,400,400,0
W-QDA,W-QDA:qda,63,,0.0175,0.012,80 76 114 110 111 77 113 83 109 84 40 112 115 74 81 85 117 78 79 82,80 76 114 110 111 77 113 83 109 84 40 112 115 74 81 85 117 78 79 82,simulation,db4,energy,93,400,400,0
W-CART,W-CART:cart,33,,0.0475,0.058,80 76 114 110 111 77 113 83 109 84 40 112 115 74 81 85 117 78 79 82,80 76 114 110 111 77 113 83 109 84 40 112 115 74 81 85 117 78 79 82,simulation,db4,energy,93,400,400,0
ALL,W-NN:k=15,49,,0.015,0.038,80 76 114 110 111 77 113 83 109 84 40 112 115 74 81 85 117 78 79 82,80 76 114 110 111 77 113 83 109 84 40 112 115 74 81 85 117 78 79 82,simulation,db4,energy,93,400,400,0
W-NN,W-NN:k=15,30,3.0,0.02,0.038,80 114 78 83 107 111 112 77 115 82 109 110 76 84 113 106 75 81 74 79,78 80 79 112 111 109 81 77 82 108 114 76 83 110 113 115 75 107 116 84,simulation,db4,usage,93,400,400,0
W-QDA,W-QDA:qda,39,2.0,0.0125,0.006,111 109 78 77 115 83 79 110 75 80 82 114 76 81 112 107 113 116 108 84,78 80 79 112 111 109 81 77 82 108 114 76 83 110 113 115 75 107 116 84,simulation,db4,usage,93,400,400,0
W-CART,W-CART:cart,25,1.0,0.045,0.072,78 80 79 112 111 109 81 77 82 108 114 76 83 110 113 115 75 107 116 84,78 80 79 112 111 109 81 77 82 108 114 76 83 110 113 115 75 107 116 84,simulation,db4,usage,93,400,400,0
ALL,W-QDA:qda,39,2.0,0.0125,0.006,111 109 78 77 115 83 79 110 75 80 82 114 76 81 112 107 113 116 108 84,78 80 79 112 111 109 81 77 82 108 114 76 83 110 113 115 75 107 116 84,simulation,db4,usage,93,400,400,0
W-NN,W-NN:k=9,10,,0.055,0.05,85 157 105 114 73 120 78 86 75 106 35 76 52 74 118 117 79 119 113 115,85 157 105 114 73 120 78 86 75 106 35 76 52 74 118 117 79 119 113 115,simulation,db4,energy,94,400,400,0
W-QDA,W-QDA:qda,44,,0.0125,0.008,85 157 105 114 73 120 78 86 75 106 35 76 52 74 118 117 79 119 113 115,85 157 105 114 73 120 78 86 75 106 35 76 52 74 118 117 79 119 113 115,simulation,db4,energy,94,400,400,0
W-CART,W-CART:cart,37,,0.0575,0.052,85 157 105 114 73 120 78 86 75 106 35 76 52 74 118 117 79 119 113 115,85 157 105 114 73 120 78 86 75 106 35 76 52 74 118 117 79 119 113 115,simulation,db4,energy,94,400,400,0
ALL,W-QDA:qda,44,,0.0125,0.008,85 157 105 114 73 120 78 86 75 106 35 76 52 74 118 117 79 119 113 115,85 157 105 114 73 120 78 86 75 106 35 76 52 74 118 117 79 119 113 115,simulation,db4,energy,94,400,400,0
W-NN,W-NN:k=7,13,3.0,0.035,0.024,114 115 118 77 73 75 107 110 82 76 83 105 109 79 81 117 74 78 85 108,80 109 110 82 77 79 75 81 111 114 115 83 116 76 74 78 108 113 84 112,simulation,db4,usage,94,400,400,0
W-QDA,W-QDA:qda,19,1.5,0.0175,0.014,80 75 82 109 115 114 110 77 116 76 74 108 79 84 107 78 83 85 118 111,80 109 110 82 77 79 75 81 111 114 115 83 116 76 74 78 108 113 84 112,simulation,db4,usage,94,400,400,0
W-CART,W-CART:cart,58,2.0,0.0475,0.072,75 115 80 110 114 76 82 109 107 118 77 116 78 83 117 74 79 85 108 84,80 109 110 82 77 79 75 81 111 114 115 83 116 76 74 78 108 113 84 112,simulation,db4,usage,94,400,400,0
ALL,W-QDA:qda,19,1.5,0.0175,0.014,80 75 82 109 115 114 110 77 116 76 74 108 79 84 107 78 83 85 118 111,80 109 110 82 77 79 75 81 111 114 115 83 116 76 74 78 108 113 84 112,simulation,db4,usage,94,400,400,0
W-NN,W-NN:k=5,21,,0.035,0.072,77 76 80 113 78 119 110 75 115 114 106 107 72 71 83 112 81 79 86 109,77 76 80 113 78 119 110 75 115 114 106 107 72 71 83 112 81 79 86 109,simulation,db4,energy,95,400,400,0
W-QDA,W-QDA:qda,57,,0.0125,0.008,77 76 80 113 78 119 110 75 115 114 106 107 72 71 83 112 81 79 86 109,77 76 80 113 78 119 110 75 115 114 106 107 72 71 83 112 81 79 86 109,simulation,db4,energy,95,400,400,0
W-CART,W-CART:cart,26,,0.04,0.042,77 76 80 113 78 119 110 75 115 114 106 107 72 71 83 112 81 79 86 109,77 76 80 113 78 119 110 75 115 114 106 107 72 71 83 112 81 79 86 109,simulation,db4,energy,95,400,400,0
ALL,W-QDA:qda,57,,0.0125,0.008,77 76 80 113 78 119 110 75 115 114 106 107 72 71 83 112 81 79 86 109,77 76 80 113 78 119 110 75 115 114 106 107 72 71 83 112 81 79 86 109,simulation,db4,energy,95,400,400,0
W-NN,W-NN:k=25,31,1.5,0.0175,0.04,80 83 79 110 81 82 107 76 77 109 111 78 108 115 84 114 75 85 113 106,80 110 79 81 109 108 111 112 83 82 77 84 107 78 76 115 114 113 116 85,simulation,db4,usage,95,400,400,0
W-QDA,W-QDA:qda,36,0.5,0.005,0.012,80 110 81 79 109 111 112 83 78 113 82 108 77 114 107 84 76 115 116 75,80 110 79 81 109 108 111 112 83 82 77 84 107 78 76 115 114 113 116 85,simulation,db4,usage,95,400,400,0
W-CART,W-CART:cart,19,3.0,0.0625,0.072,76 83 115 85 111 116 75 114 79 108 78 113 77 84 107 74 110 109 80 81,80 110 79 81 109 108 111 112 83 82 77 84 107 78 76 115 114 113 116 85,simulation,db4,usage,95,400,400,0
ALL,W-QDA:qda,36,0.5,0.005,0.012,80 110 81 79 109 111 112 83 78 113 82 108 77 114 107 84 76 115 116 75,80 110 79 81 109 108 111 112 83 82 77 84 107 78 76 115 114 113 116 85,simulation,db4,usage,95,400,400,0
W-NN,W-NN:k=25,49,,0.035,0.038,160 111 106 213 85 82 81 115 110 222 109 76 83 80 55 75 39 113 73 445,160 111 106 213 85 82 81 115 110 222 109 76 83 80 55 75 39 113 73 445,simulation,db4,energy,96,400,400,0
W-QDA,W-QDA:qda,49,,0.015,0.012,160 111 106 213 85 82 81 115 110 222 109 76 83 80 55 75 39 113 73 445,160 111 106 213 85 82 81 115 110 222 109 76 83 80 55 75 39 113 73 445,simulation,db4,energy,96,400,400,0
W-CART,W-CART:cart,41,,0.04,0.06,160 111 106 213 85 82 81 115 110 222 109 76 83 80 55 75 39 113 73 445,160 111 106 213 85 82 81 115 110 222 109 76 83 80 55 75 39 113 73 445,simulation,db4,energy,96,400,400,0
ALL,W-QDA:qda,49,,0.015,0.012,160 111 106 213 85 82 81 115 110 222 109 76 83 80 55 75 39 113 73 445,160 111 106 213 85 82 81 115 110 222 109 76 83 80 55 75 39 113 73 445,simulation,db4,energy,96,400,400,0
W-NN,W-NN:k=25,46,3.0,0.03,0.036,111 112 78 115 76 107 110 82 109 77 84 75 113 116 83 79 81 85 117 108,110 111 113 81 112 82 79 109 107 78 80 83 108 77 84 114 75 76 115 116,simulation,db4,usage,96,400,400,0
W-QDA,W-QDA:qda,43,1.0,0.0075,0.012,110 111 113 81 112 82 79 109 107 78 80 83 108 77 84 114 75 76 115 116,110 111 113 81 112 82 79 109 107 78 80 83 108 77 84 114 75 76 115 116,simulation,db4,usage,96,400,400,0
W-CART,W-CART:cart,34,2.0,0.05,0.066,111 109 110 112 79 115 107 108 113 76 78 81 82 77 84 83 114 75 80 116,110 111 113 81 112 82 79 109 107 78 80 83 108 77 84 114 75 76 115 116,simulation,db4,usage,96,400,400,0
ALL,W-QDA:qda,43,1.0,0.0075,0.012,110 111 113 81 112 82 79 109 107 78 80 83 108 77 84 114 75 76 115 116,110 111 113 81 112 82 79 109 107 78 80 83 108 77 84 114 75 76 115 116,simulation,db4,usage,96,400,400,0
W-NN,W-NN:k=25,25,,0.0325,0.042,75 106 115 110 107 116 108 74 76 117 80 113 112 79 85 88 84 86 120 87,75 106 115 110 107 116 108 74 76 117 80 113 112 79 85 88 84 86 120 87,simulation,db4,energy,97,400,400,0
W-QDA,W-QDA:qda,20,,0.01,0.026,75 106 115 110 107 116 108 74 76 117 80 113 112 79 85 88 84 86 120 87,75 106 115 110 107 116 108 74 76 117 80 113 112 79 85 88 84 86 120 87,simulation,db4,energy,97,400,400,0
W-CART,W-CART:cart,26,,0.045,0.06,75 106 115 110 107 116 108 74 76 117 80 113 112 79 85 88 84 86 120 87,75 106 115 110 107 116 108 74 76 117 80 113 112 79 85 88 84 86 120 87,simulation,db4,energy,97,400,400,0
ALL,W-QDA:qda,20,,0.01,0.026,75 106 115 110 107 116 108 74 76 117 80 113 112 79 85 88 84 86 120 87,75 106 115 110 107 116 108 74 76 117 80 113 112 79 85 88 84 86 120 87,simulation,db4,energy,97,400,400,0
W-NN,W-NN:k=15,46,2.0,0.0325,0.048,84 114 111 107 112 79 81 105 83 76 80 77 106 108 78 113 82 110 85 115,80 81 111 110 79 108 112 107 113 82 83 84 109 114 78 115 77 106 116 76,simulation,db4,usage,97,400,400,0
W-QDA,W-QDA:qda,46,1.5,0.01,0.03,111 110 80 81 84 114 113 79 107 108 77 78 82 112 83 76 115 105 106 109,80 81 111 110 79 108 112 107 113 82 83 84 109 114 78 115 77 106 116 76,simulation,db4,usage,97,400,400,0
W-CART,W-CART:cart,32,0.5,0.035,0.064,78 80 112 111 81 79 108 110 82 113 109 107 83 77 115 76 84 114 85 116,80 81 111 110 79 108 112 107 113 82 83 84 109 114 78 115 77 106 116 76,simulation,db4,usage,97,400,400,0
ALL,W-QDA:qda,46,1.5,0.01,0.03,111 110 80 81 84 114 113 79 107 108 77 78 82 112 83 76 115 105 106 109,80 81 111 110 79 108 112 107 113 82 83 84 109 114 78 115 77 106 116 76,simulation,db4,usage,97,400,400,0
W-NN,W-NN:k=25,43,,0.045,0.052,73 118 83 71 72 116 115 107 74 85 84 80 75 117 102 77 119 120 108 56,73 118 83 71 72 116 115 107 74 85 84 80 75 117 102 77 119 120 108 56,simulation,db4,energy,98,400,400,0
W-QDA,W-QDA:qda,41,,0.005,0.022,73 118 83 71 72 116 115 107 74 85 84 80 75 117 102 77 119 120 108 56,73 118 83 71 72 116 115 107 74 85 84 80 75 117 102 77 119 120 108 56,simulation,db4,energy,98,400,400,0
W-CART,W-CART:cart,25,,0.0625,0.076,73 118 83 71 72 116 115 107 74 85 84 80 75 117 102 77 119 120 108 56,73 118 83 71 72 116 115 107 74 85 84 80 75 117 102 77 119 120 108 56,simulation,db4,energy,98,400,400,0
ALL,W-QDA:qda,41,,0.005,0.022,73 118 83 71 72 116 115 107 74 85 84 80 75 117 102 77 119 120 108 56,73 118 83 71 72 116 115 107 74 85 84 80 75 117 102 77 119 120 108 56,simulation,db4,energy,98,400,400,0
W-NN,W-NN:k=25,37,1.5,0.0425,0.058,77 76 114 81 113 80 75 78 111 116 109 79 110 112 118 117 82 115 74 108,77 111 113 114 76 78 80 112 81 75 109 110 79 116 82 115 108 74 117 118,simulation,db4,usage,98,400,400,0
W-QDA,W-QDA:qda,44,2.0,0.01,0.018,77 76 75 111 113 78 116 114 109 117 118 81 74 115 79 80 110 82 108 112,77 111 113 114 76 78 80 112 81 75 109 110 79 116 82 115 108 74 117 118,simulation,db4,usage,98,400,400,0
W-CART,W-CART:cart,18,3.0,0.0525,0.082,77 76 118 75 109 116 117 115 81 78 112 74 80 82 111 114 113 73 108 79,77 111 113 114 76 78 80 112 81 75 109 110 79 116 82 115 108 74 117 118,simulation,db4,usage,98,400,400,0
ALL,W-QDA:qda,44,2.0,0.01,0.018,77 76 75 111 113 78 116 114 109 117 118 81 74 115 79 80 110 82 108 112,77 111 113 114 76 78 80 112 81 75 109 110 79 116 82 115 108 74 117 118,simulation,db4,usage,98,400,400,0
W-NN,W-NN:k=25,59,,0.0375,0.046,113 107 77 74 112 78 83 111 117 114 79 82 73 80 110 81 84 72 108 109,113 107 77 74 112 78 83 111 117 114 79 82 73 80 110 81 84 72 108 109,simulation,db4,energy,99,400,400,0
W-QDA,W-QDA:qda,53,,0.01,0.016,113 107 77 74 112 78 83 111 117 114 79 82 73 80 110 81 84 72 108 109,113 107 77 74 112 78 83 111 117 114 79 82 73 80 110 81 84 72 108 109,simulation,db4,energy,99,400,400,0
W-CART,W-CART:cart,17,,0.0375,0.072,113 107 77 74 112 78 83 111 117 114 79 82 73 80 110 81 84 72 108 109,113 107 77 74 112 78 83 111 117 114 79 82 73 80 110 81 84 72 108 109,simulation,db4,energy,99,400,400,0
ALL,W-QDA:qda,53,,0.01,0.016,113 107 77 74 112 78 83 111 117 114 79 82 73 80 110 81 84 72 108 109,113 107 77 74 112 78 83 111 117 114 79 82 73 80 110 81 84 72 108 109,simulation,db4,energy,99,400,400,0
W-NN,W-NN:k=15,54,0.5,0.035,0.034,111 80 79 113 78 82 81 112 110 114 77 76 115 108 109 83 75 116 107 84,113 111 80 112 82 79 76 78 77 114 81 110 108 115 83 109 75 107 116 106,simulation,db4,usage,99,400,400,0
W-QDA,W-QDA:qda,28,1.0,0.005,0.016,113 111 80 112 82 79 76 78 77 114 81 110 108 115 83 109 75 107 116 106,113 111 80 112 82 79 76 78 77 114 81 110 108 115 83 109 75 107 116 106,simulation,db4,usage,99,400,400,0
W-CART,W-CART:cart,25,1.0,0.0325,0.054,113 111 80 112 82 79 76 78 77 114 81 110 108 115 83 109 75 107 116 106,113 111 80 112 82 79 76 78 77 114 81 110 108 115 83 109 75 107 116 106,simulation,db4,usage,99,400,400,0
ALL,W-QDA:qda,28,1.0,0.005,0.016,113 111 80 112 82 79 76 78 77 114 81 110 108 115 83 109 75 107 116 106,113 111 80 112 82 79 76 78 77 114 81 110 108 115 83 109 75 107 116 106,simulation,db4,usage,99,400,400,0
