family,chosen,d,c,val_err,test_err,top,top_c1,setting,wavelet,rule,rep,n,m,n_outliers
W-NN,W-NN:k=7,1,,0.1,0.152,103 88 72 118 111 119 36 110 89 79 78 109 114 120 87 37 102 113 104 38,103 88 72 118 111 119 36 110 89 79 78 109 114 120 87 37 102 113 104 38,simulation,db1,energy,0,50,50,0
W-QDA,W-QDA:qda,8,,0.1,0.082,103 88 72 118 111 119 36 110 89 79 78 109 114 120 87 37 102 113 104 38,103 88 72 118 111 119 36 110 89 79 78 109 114 120 87 37 102 113 104 38,simulation,db1,energy,0,50,50,0
W-CART,W-CART:cart,21,,0.1,0.132,103 88 72 118 111 119 36 110 89 79 78 109 114 120 87 37 102 113 104 38,103 88 72 118 111 119 36 110 89 79 78 109 114 120 87 37 102 113 104 38,simulation,db1,energy,0,50,50,0
ALL,W-NN:k=7,1,,0.1,0.152,103 88 72 118 111 119 36 110 89 79 78 109 114 120 87 37 102 113 104 38,103 88 72 118 111 119 36 110 89 79 78 109 114 120 87 37 102 113 104 38,simulation,db1,energy,0,50,50,0
W-NN,W-NN:k=1,3,1.5,0.12,0.134,79 117 75 115 113 114 118 74 76 80 81 112 116 155 72 77 110 111 231 57,80 77 79 113 115 117 81 155 75 76 78 111 114 116 118 157 231 110 112 74,simulation,db1,usage,0,50,50,0
W-QDA,W-QDA:qda,3,1.5,0.06,0.088,79 117 75 115 113 114 118 74 76 80 81 112 116 155 72 77 110 111 231 57,80 77 79 113 115 117 81 155 75 76 78 111 114 116 118 157 231 110 112 74,simulation,db1,usage,0,50,50,0
W-CART,W-CART:cart,42,1.0,0.06,0.13,80 77 79 113 115 117 81 155 75 76 78 111 114 116 118 157 231 110 112 74,80 77 79 113 115 117 81 155 75 76 78 111 114 116 118 157 231 110 112 74,simulation,db1,usage,0,50,50,0
ALL,W-QDA:qda,3,1.5,0.06,0.088,79 117 75 115 113 114 118 74 76 80 81 112 116 155 72 77 110 111 231 57,80 77 79 113 115 117 81 155 75 76 78 111 114 116 118 157 231 110 112 74,simulation,db1,usage,0,50,50,0
W-NN,W-NN:k=1,38,,0.08,0.198,115 82 111 77 76 78 116 81 80 75 113 114 109 37 39 38 86 110 55 153,115 82 111 77 76 78 116 81 80 75 113 114 109 37 39 38 86 110 55 153,simulation,db1,energy,1,50,50,0
W-QDA,W-QDA:qda,3,,0.2,0.21,115 82 111 77 76 78 116 81 80 75 113 114 109 37 39 38 86 110 55 153,115 82 111 77 76 78 116 81 80 75 113 114 109 37 39 38 86 110 55 153,simulation,db1,energy,1,50,50,0
W-CART,W-CART:cart,25,,0.26,0.28,115 82 111 77 76 78 116 81 80 75 113 114 109 37 39 38 86 110 55 153,115 82 111 77 76 78 116 81 80 75 113 114 109 37 39 38 86 110 55 153,simulation,db1,energy,1,50,50,0
ALL,W-NN:k=1,38,,0.08,0.198,115 82 111 77 76 78 116 81 80 75 113 114 109 37 39 38 86 110 55 153,115 82 111 77 76 78 116 81 80 75 113 114 109 37 39 38 86 110 55 153,simulation,db1,energy,1,50,50,0
W-NN,W-NN:k=1,42,3.0,0.04,0.114,76 77 111 75 109 112 117 37 79 80 110 113 78 81 115 116 118 74 232 39,76 113 77 78 111 230 109 110 114 75 79 112 81 82 232 80 83 233 39 73,simulation,db1,usage,1,50,50,0
W-QDA,W-QDA:qda,5,3.0,0.1,0.12,76 77 111 75 109 112 117 37 79 80 110 113 78 81 115 116 118 74 232 39,76 113 77 78 111 230 109 110 114 75 79 112 81 82 232 80 83 233 39 73,simulation,db1,usage,1,50,50,0
W-CART,W-CART:cart,17,2.0,0.1,0.164,77 76 110 111 75 109 112 113 114 230 80 116 79 81 117 118 73 115 228 232,76 113 77 78 111 230 109 110 114 75 79 112 81 82 232 80 83 233 39 73,simulation,db1,usage,1,50,50,0
ALL,W-NN:k=1,42,3.0,0.04,0.114,76 77 111 75 109 112 117 37 79 80 110 113 78 81 115 116 118 74 232 39,76 113 77 78 111 230 109 110 114 75 79 112 81 82 232 80 83 233 39 73,simulation,db1,usage,1,50,50,0
W-NN,W-NN:k=1,6,,0.2,0.152,72 119 110 84 73 118 40 114 76 109 77 41 107 59 115 36 53 81 106 120,72 119 110 84 73 118 40 114 76 109 77 41 107 59 115 36 53 81 106 120,simulation,db1,energy,2,50,50,0
W-QDA,W-QDA:qda,11,,0.04,0.044,72 119 110 84 73 118 40 114 76 109 77 41 107 59 115 36 53 81 106 120,72 119 110 84 73 118 40 114 76 109 77 41 107 59 115 36 53 81 106 120,simulation,db1,energy,2,50,50,0
W-CART,W-CART:cart,8,,0.1,0.068,72 119 110 84 73 118 40 114 76 109 77 41 107 59 115 36 53 81 106 120,72 119 110 84 73 118 40 114 76 109 77 41 107 59 115 36 53 81 106 120,simulation,db1,energy,2,50,50,0
ALL,W-QDA:qda,11,,0.04,0.044,72 119 110 84 73 118 40 114 76 109 77 41 107 59 115 36 53 81 106 120,72 119 110 84 73 118 40 114 76 109 77 41 107 59 115 36 53 81 106 120,simulation,db1,energy,2,50,50,0
W-NN,W-NN:k=3,3,1.5,0.08,0.176,77 114 83 78 111 113 81 109 80 82 118 75 84 107 108 110 112 115 225 85,77 115 38 75 111 114 78 83 113 76 80 81 82 109 112 116 107 108 223 225,simulation,db1,usage,2,50,50,0
W-QDA,W-QDA:qda,15,0.5,0.0,0.056,75 114 115 116 77 81 111 9 37 76 78 82 223 231 38 112 113 227 230 74,77 115 38 75 111 114 78 83 113 76 80 81 82 109 112 116 107 108 223 225,simulation,db1,usage,2,50,50,0
W-CART,W-CART:cart,9,0.5,0.06,0.12,75 114 115 116 77 81 111 9 37 76 78 82 223 231 38 112 113 227 230 74,77 115 38 75 111 114 78 83 113 76 80 81 82 109 112 116 107 108 223 225,simulation,db1,usage,2,50,50,0
ALL,W-QDA:qda,15,0.5,0.0,0.056,75 114 115 116 77 81 111 9 37 76 78 82 223 231 38 112 113 227 230 74,77 115 38 75 111 114 78 83 113 76 80 81 82 109 112 116 107 108 223 225,simulation,db1,usage,2,50,50,0
W-NN,W-NN:k=1,7,,0.06,0.114,104 103 79 37 118 82 108 81 107 87 109 83 88 117 84 105 43 74 113 56,104 103 79 37 118 82 108 81 107 87 109 83 88 117 84 105 43 74 113 56,simulation,db1,energy,3,50,50,0
W-QDA,W-QDA:qda,10,,0.02,0.04,104 103 79 37 118 82 108 81 107 87 109 83 88 117 84 105 43 74 113 56,104 103 79 37 118 82 108 81 107 87 109 83 88 117 84 105 43 74 113 56,simulation,db1,energy,3,50,50,0
W-CART,W-CART:cart,15,,0.06,0.128,104 103 79 37 118 82 108 81 107 87 109 83 88 117 84 105 43 74 113 56,104 103 79 37 118 82 108 81 107 87 109 83 88 117 84 105 43 74 113 56,simulation,db1,energy,3,50,50,0
ALL,W-QDA:qda,10,,0.02,0.04,104 103 79 37 118 82 108 81 107 87 109 83 88 117 84 105 43 74 113 56,104 103 79 37 118 82 108 81 107 87 109 83 88 117 84 105 43 74 113 56,simulation,db1,energy,3,50,50,0
W-NN,W-NN:k=1,11,2.0,0.04,0.114,81 113 115 82 85 108 110 74 79 80 86 112 83 109 114 73 77 78 84 105,108 110 80 81 107 109 219 83 216 78 79 82 84 105 111 112 114 85 106 113,simulation,db1,usage,3,50,50,0
W-QDA,W-QDA:qda,8,2.0,0.04,0.056,81 113 115 82 85 108 110 74 79 80 86 112 83 109 114 73 77 78 84 105,108 110 80 81 107 109 219 83 216 78 79 82 84 105 111 112 114 85 106 113,simulation,db1,usage,3,50,50,0
W-CART,W-CART:cart,6,2.0,0.0,0.09,81 113 115 82 85 108 110 74 79 80 86 112 83 109 114 73 77 78 84 105,108 110 80 81 107 109 219 83 216 78 79 82 84 105 111 112 114 85 106 113,simulation,db1,usage,3,50,50,0
ALL,W-CART:cart,6,2.0,0.0,0.09,81 113 115 82 85 108 110 74 79 80 86 112 83 109 114 73 77 78 84 105,108 110 80 81 107 109 219 83 216 78 79 82 84 105 111 112 114 85 106 113,simulation,db1,usage,3,50,50,0
W-NN,W-NN:k=1,7,,0.06,0.11,86 40 112 107 58 52 75 39 110 115 76 38 111 106 57 82 74 114 55 105,86 40 112 107 58 52 75 39 110 115 76 38 111 106 57 82 74 114 55 105,simulation,db1,energy,4,50,50,0
W-QDA,W-QDA:qda,16,,0.0,0.05,86 40 112 107 58 52 75 39 110 115 76 38 111 106 57 82 74 114 55 105,86 40 112 107 58 52 75 39 110 115 76 38 111 106 57 82 74 114 55 105,simulation,db1,energy,4,50,50,0
W-CART,W-CART:cart,56,,0.04,0.094,86 40 112 107 58 52 75 39 110 115 76 38 111 106 57 82 74 114 55 105,86 40 112 107 58 52 75 39 110 115 76 38 111 106 57 82 74 114 55 105,simulation,db1,energy,4,50,50,0
ALL,W-QDA:qda,16,,0.0,0.05,86 40 112 107 58 52 75 39 110 115 76 38 111 106 57 82 74 114 55 105,86 40 112 107 58 52 75 39 110 115 76 38 111 106 57 82 74 114 55 105,simulation,db1,energy,4,50,50,0
W-NN,W-NN:k=3,6,3.0,0.06,0.138,74 114 110 115 79 84 75 78 80 107 57 76 77 106 111 113 116 117 71 105,78 79 112 115 77 80 76 81 110 114 113 232 156 160 84 111 154 158 75 107,simulation,db1,usage,4,50,50,0
W-QDA,W-QDA:qda,6,3.0,0.02,0.042,74 114 110 115 79 84 75 78 80 107 57 76 77 106 111 113 116 117 71 105,78 79 112 115 77 80 76 81 110 114 113 232 156 160 84 111 154 158 75 107,simulation,db1,usage,4,50,50,0
W-CART,W-CART:cart,17,3.0,0.04,0.132,74 114 110 115 79 84 75 78 80 107 57 76 77 106 111 113 116 117 71 105,78 79 112 115 77 80 76 81 110 114 113 232 156 160 84 111 154 158 75 107,simulation,db1,usage,4,50,50,0
ALL,W-QDA:qda,6,3.0,0.02,0.042,74 114 110 115 79 84 75 78 80 107 57 76 77 106 111 113 116 117 71 105,78 79 112 115 77 80 76 81 110 114 113 232 156 160 84 111 154 158 75 107,simulation,db1,usage,4,50,50,0
W-NN,W-NN:k=5,19,,0.04,0.156,86 112 211 109 159 79 83 82 111 43 52 212 118 80 218 117 115 75 73 166,86 112 211 109 159 79 83 82 111 43 52 212 118 80 218 117 115 75 73 166,simulation,db1,energy,5,50,50,0
W-QDA,W-QDA:qda,14,,0.04,0.082,86 112 211 109 159 79 83 82 111 43 52 212 118 80 218 117 115 75 73 166,86 112 211 109 159 79 83 82 111 43 52 212 118 80 218 117 115 75 73 166,simulation,db1,energy,5,50,50,0
W-CART,W-CART:cart,53,,0.06,0.12,86 112 211 109 159 79 83 82 111 43 52 212 118 80 218 117 115 75 73 166,86 112 211 109 159 79 83 82 111 43 52 212 118 80 218 117 115 75 73 166,simulation,db1,energy,5,50,50,0
ALL,W-QDA:qda,14,,0.04,0.082,86 112 211 109 159 79 83 82 111 43 52 212 118 80 218 117 115 75 73 166,86 112 211 109 159 79 83 82 111 43 52 212 118 80 218 117 115 75 73 166,simulation,db1,energy,5,50,50,0
W-NN,W-NN:k=3,3,0.5,0.06,0.146,76 83 109 112 75 78 79 80 110 114 116 111 234 77 81 108 113 115 117 118,76 75 116 80 78 109 115 117 149 77 79 112 84 108 111 113 118 148 73 110,simulation,db1,usage,5,50,50,0
W-QDA,W-QDA:qda,5,3.0,0.06,0.092,76 115 80 109 117 77 114 116 118 73 75 78 82 111 74 79 108 110 81 83,76 75 116 80 78 109 115 117 149 77 79 112 84 108 111 113 118 148 73 110,simulation,db1,usage,5,50,50,0
W-CART,W-CART:cart,11,2.0,0.02,0.134,76 80 115 116 75 117 108 109 114 118 82 111 73 77 78 113 74 79 112 81,76 75 116 80 78 109 115 117 149 77 79 112 84 108 111 113 118 148 73 110,simulation,db1,usage,5,50,50,0
ALL,W-CART:cart,11,2.0,0.02,0.134,76 80 115 116 75 117 108 109 114 118 82 111 73 77 78 113 74 79 112 81,76 75 116 80 78 109 115 117 149 77 79 112 84 108 111 113 118 148 73 110,simulation,db1,usage,5,50,50,0
W-NN,W-NN:k=1,3,,0.12,0.098,82 105 85 42 110 164 86 55 77 81 116 104 219 52 163 212 41 103 54 83,82 105 85 42 110 164 86 55 77 81 116 104 219 52 163 212 41 103 54 83,simulation,db1,energy,6,50,50,0
W-QDA,W-QDA:qda,3,,0.06,0.046,82 105 85 42 110 164 86 55 77 81 116 104 219 52 163 212 41 103 54 83,82 105 85 42 110 164 86 55 77 81 116 104 219 52 163 212 41 103 54 83,simulation,db1,energy,6,50,50,0
W-CART,W-CART:cart,2,,0.1,0.11,82 105 85 42 110 164 86 55 77 81 116 104 219 52 163 212 41 103 54 83,82 105 85 42 110 164 86 55 77 81 116 104 219 52 163 212 41 103 54 83,simulation,db1,energy,6,50,50,0
ALL,W-QDA:qda,3,,0.06,0.046,82 105 85 42 110 164 86 55 77 81 116 104 219 52 163 212 41 103 54 83,82 105 85 42 110 164 86 55 77 81 116 104 219 52 163 212 41 103 54 83,simulation,db1,energy,6,50,50,0
W-NN,W-NN:k=7,1,3.0,0.08,0.132,105 82 83 104 81 84 107 108 86 106 111 213 109 85 87 88 103 112 113 169,109 220 81 84 110 82 111 219 83 105 107 112 167 218 106 108 169 170 171 211,simulation,db1,usage,6,50,50,0
W-QDA,W-QDA:qda,3,2.0,0.08,0.064,81 105 108 83 106 109 82 84 86 104 107 111 171 213 85 112 169 80 87 88,109 220 81 84 110 82 111 219 83 105 107 112 167 218 106 108 169 170 171 211,simulation,db1,usage,6,50,50,0
W-CART,W-CART:cart,4,1.5,0.06,0.116,81 82 105 109 83 108 171 213 84 86 106 111 220 104 107 112 217 219 80 85,109 220 81 84 110 82 111 219 83 105 107 112 167 218 106 108 169 170 171 211,simulation,db1,usage,6,50,50,0
ALL,W-CART:cart,4,1.5,0.06,0.116,81 82 105 109 83 108 171 213 84 86 106 111 220 104 107 112 217 219 80 85,109 220 81 84 110 82 111 219 83 105 107 112 167 218 106 108 169 170 171 211,simulation,db1,usage,6,50,50,0
W-NN,W-NN:k=5,2,,0.08,0.134,115 86 76 36 210 59 81 43 57 72 231 55 88 38 52 75 119 105 87 152,115 86 76 36 210 59 81 43 57 72 231 55 88 38 52 75 119 105 87 152,simulation,db1,energy,7,50,50,0
W-QDA,W-QDA:qda,11,,0.02,0.034,115 86 76 36 210 59 81 43 57 72 231 55 88 38 52 75 119 105 87 152,115 86 76 36 210 59 81 43 57 72 231 55 88 38 52 75 119 105 87 152,simulation,db1,energy,7,50,50,0
W-CART,W-CART:cart,33,,0.1,0.08,115 86 76 36 210 59 81 43 57 72 231 55 88 38 52 75 119 105 87 152,115 86 76 36 210 59 81 43 57 72 231 55 88 38 52 75 119 105 87 152,simulation,db1,energy,7,50,50,0
ALL,W-QDA:qda,11,,0.02,0.034,115 86 76 36 210 59 81 43 57 72 231 55 88 38 52 75 119 105 87 152,115 86 76 36 210 59 81 43 57 72 231 55 88 38 52 75 119 105 87 152,simulation,db1,energy,7,50,50,0
W-NN,W-NN:k=1,4,3.0,0.08,0.116,82 87 115 118 108 73 77 83 119 74 81 104 106 107 109 110 114 80 84 85,81 109 82 115 80 83 114 76 77 84 85 108 110 111 116 78 79 86 104 105,simulation,db1,usage,7,50,50,0
W-QDA,W-QDA:qda,13,3.0,0.0,0.028,82 87 115 118 108 73 77 83 119 74 81 104 106 107 109 110 114 80 84 85,81 109 82 115 80 83 114 76 77 84 85 108 110 111 116 78 79 86 104 105,simulation,db1,usage,7,50,50,0
W-CART,W-CART:cart,26,0.5,0.06,0.094,109 81 110 111 83 85 14 77 78 82 114 160 79 80 112 113 115 116 222 226,81 109 82 115 80 83 114 76 77 84 85 108 110 111 116 78 79 86 104 105,simulation,db1,usage,7,50,50,0
ALL,W-QDA:qda,13,3.0,0.0,0.028,82 87 115 118 108 73 77 83 119 74 81 104 106 107 109 110 114 80 84 85,81 109 82 115 80 83 114 76 77 84 85 108 110 111 116 78 79 86 104 105,simulation,db1,usage,7,50,50,0
W-NN,W-NN:k=1,3,,0.02,0.134,104 87 119 114 81 77 115 113 111 73 121 78 39 116 37 38 86 109 83 35,104 87 119 114 81 77 115 113 111 73 121 78 39 116 37 38 86 109 83 35,simulation,db1,energy,8,50,50,0
W-QDA,W-QDA:qda,5,,0.02,0.066,104 87 119 114 81 77 115 113 111 73 121 78 39 116 37 38 86 109 83 35,104 87 119 114 81 77 115 113 111 73 121 78 39 116 37 38 86 109 83 35,simulation,db1,energy,8,50,50,0
W-CART,W-CART:cart,1,,0.06,0.14,104 87 119 114 81 77 115 113 111 73 121 78 39 116 37 38 86 109 83 35,104 87 119 114 81 77 115 113 111 73 121 78 39 116 37 38 86 109 83 35,simulation,db1,energy,8,50,50,0
ALL,W-NN:k=1,3,,0.02,0.134,104 87 119 114 81 77 115 113 111 73 121 78 39 116 37 38 86 109 83 35,104 87 119 114 81 77 115 113 111 73 121 78 39 116 37 38 86 109 83 35,simulation,db1,energy,8,50,50,0
W-NN,W-NN:k=3,1,3.0,0.1,0.14,73 114 113 74 77 78 80 81 83 110 117 79 107 109 111 115 116 119 37 71,115 114 77 79 113 76 78 157 224 232 73 74 75 81 110 111 112 154 80 116,simulation,db1,usage,8,50,50,0
W-QDA,W-QDA:qda,2,3.0,0.02,0.076,73 114 113 74 77 78 80 81 83 110 117 79 107 109 111 115 116 119 37 71,115 114 77 79 113 76 78 157 224 232 73 74 75 81 110 111 112 154 80 116,simulation,db1,usage,8,50,50,0
W-CART,W-CART:cart,2,3.0,0.04,0.11,73 114 113 74 77 78 80 81 83 110 117 79 107 109 111 115 116 119 37 71,115 114 77 79 113 76 78 157 224 232 73 74 75 81 110 111 112 154 80 116,simulation,db1,usage,8,50,50,0
ALL,W-QDA:qda,2,3.0,0.02,0.076,73 114 113 74 77 78 80 81 83 110 117 79 107 109 111 115 116 119 37 71,115 114 77 79 113 76 78 157 224 232 73 74 75 81 110 111 112 154 80 116,simulation,db1,usage,8,50,50,0
W-NN,W-NN:k=1,16,,0.06,0.23,80 112 224 111 79 40 223 114 78 77 56 88 113 76 81 115 159 110 225 75,80 112 224 111 79 40 223 114 78 77 56 88 113 76 81 115 159 110 225 75,simulation,db1,energy,9,50,50,0
W-QDA,W-QDA:qda,14,,0.2,0.228,80 112 224 111 79 40 223 114 78 77 56 88 113 76 81 115 159 110 225 75,80 112 224 111 79 40 223 114 78 77 56 88 113 76 81 115 159 110 225 75,simulation,db1,energy,9,50,50,0
W-CART,W-CART:cart,15,,0.08,0.134,80 112 224 111 79 40 223 114 78 77 56 88 113 76 81 115 159 110 225 75,80 112 224 111 79 40 223 114 78 77 56 88 113 76 81 115 159 110 225 75,simulation,db1,energy,9,50,50,0
ALL,W-NN:k=1,16,,0.06,0.23,80 112 224 111 79 40 223 114 78 77 56 88 113 76 81 115 159 110 225 75,80 112 224 111 79 40 223 114 78 77 56 88 113 76 81 115 159 110 225 75,simulation,db1,energy,9,50,50,0
W-NN,W-NN:k=1,20,3.0,0.08,0.176,111 80 76 112 114 77 78 79 81 110 113 75 82 109 108 115 116 226 230 73,80 79 110 111 112 81 75 78 113 159 161 226 76 109 114 156 158 222 77 82,simulation,db1,usage,9,50,50,0
W-QDA,W-QDA:qda,7,1.0,0.12,0.17,80 79 110 111 112 81 75 78 113 159 161 226 76 109 114 156 158 222 77 82,80 79 110 111 112 81 75 78 113 159 161 226 76 109 114 156 158 222 77 82,simulation,db1,usage,9,50,50,0
W-CART,W-CART:cart,10,2.0,0.06,0.182,111 80 110 77 78 112 76 79 114 75 109 113 81 221 229 82 116 117 158 226,80 79 110 111 112 81 75 78 113 159 161 226 76 109 114 156 158 222 77 82,simulation,db1,usage,9,50,50,0
ALL,W-CART:cart,10,2.0,0.06,0.182,111 80 110 77 78 112 76 79 114 75 109 113 81 221 229 82 116 117 158 226,80 79 110 111 112 81 75 78 113 159 161 226 76 109 114 156 158 222 77 82,simulation,db1,usage,9,50,50,0
W-NN,W-NN:k=1,15,,0.02,0.102,116 51 82 110 150 151 40 42 83 108 72 75 44 43 111 118 117 74 54 119,116 51 82 110 150 151 40 42 83 108 72 75 44 43 111 118 117 74 54 119,simulation,db1,energy,10,50,50,0
W-QDA,W-QDA:qda,7,,0.02,0.14,116 51 82 110 150 151 40 42 83 108 72 75 44 43 111 118 117 74 54 119,116 51 82 110 150 151 40 42 83 108 72 75 44 43 111 118 117 74 54 119,simulation,db1,energy,10,50,50,0
W-CART,W-CART:cart,3,,0.06,0.174,116 51 82 110 150 151 40 42 83 108 72 75 44 43 111 118 117 74 54 119,116 51 82 110 150 151 40 42 83 108 72 75 44 43 111 118 117 74 54 119,simulation,db1,energy,10,50,50,0
ALL,W-QDA:qda,7,,0.02,0.14,116 51 82 110 150 151 40 42 83 108 72 75 44 43 111 118 117 74 54 119,116 51 82 110 150 151 40 42 83 108 72 75 44 43 111 118 117 74 54 119,simulation,db1,energy,10,50,50,0
W-NN,W-NN:k=1,7,3.0,0.04,0.182,83 108 84 107 110 82 105 80 104 111 81 106 112 218 43 78 85 86 115 116,84 109 82 83 106 108 107 110 115 85 105 111 113 80 112 168 169 212 215 217,simulation,db1,usage,10,50,50,0
W-QDA,W-QDA:qda,9,1.0,0.02,0.15,84 109 82 83 106 108 107 110 115 85 105 111 113 80 112 168 169 212 215 217,84 109 82 83 106 108 107 110 115 85 105 111 113 80 112 168 169 212 215 217,simulation,db1,usage,10,50,50,0
W-CART,W-CART:cart,9,0.5,0.04,0.128,110 111 80 79 82 83 105 108 109 113 84 81 85 106 107 112 114 76 77 165,84 109 82 83 106 108 107 110 115 85 105 111 113 80 112 168 169 212 215 217,simulation,db1,usage,10,50,50,0
ALL,W-QDA:qda,9,1.0,0.02,0.15,84 109 82 83 106 108 107 110 115 85 105 111 113 80 112 168 169 212 215 217,84 109 82 83 106 108 107 110 115 85 105 111 113 80 112 168 169 212 215 217,simulation,db1,usage,10,50,50,0
W-NN,W-NN:k=1,4,,0.06,0.088,82 72 118 117 73 36 59 75 218 119 39 41 219 116 217 115 114 88 107 238,82 72 118 117 73 36 59 75 218 119 39 41 219 116 217 115 114 88 107 238,simulation,db1,energy,11,50,50,0
W-QDA,W-QDA:qda,19,,0.06,0.054,82 72 118 117 73 36 59 75 218 119 39 41 219 116 217 115 114 88 107 238,82 72 118 117 73 36 59 75 218 119 39 41 219 116 217 115 114 88 107 238,simulation,db1,energy,11,50,50,0
W-CART,W-CART:cart,5,,0.08,0.106,82 72 118 117 73 36 59 75 218 119 39 41 219 116 217 115 114 88 107 238,82 72 118 117 73 36 59 75 218 119 39 41 219 116 217 115 114 88 107 238,simulation,db1,energy,11,50,50,0
ALL,W-NN:k=1,4,,0.06,0.088,82 72 118 117 73 36 59 75 218 119 39 41 219 116 217 115 114 88 107 238,82 72 118 117 73 36 59 75 218 119 39 41 219 116 217 115 114 88 107 238,simulation,db1,energy,11,50,50,0
W-NN,W-NN:k=1,3,3.0,0.06,0.1,76 117 73 75 77 79 110 115 116 118 111 112 78 80 81 82 108 74 107 114,79 112 114 75 76 77 80 111 115 110 113 83 231 81 82 107 109 116 117 118,simulation,db1,usage,11,50,50,0
W-QDA,W-QDA:qda,4,0.5,0.1,0.118,76 77 83 114 153 75 79 82 109 112 81 116 155 157 231 111 113 156 80 108,79 112 114 75 76 77 80 111 115 110 113 83 231 81 82 107 109 116 117 118,simulation,db1,usage,11,50,50,0
W-CART,W-CART:cart,2,3.0,0.06,0.134,76 117 73 75 77 79 110 115 116 118 111 112 78 80 81 82 108 74 107 114,79 112 114 75 76 77 80 111 115 110 113 83 231 81 82 107 109 116 117 118,simulation,db1,usage,11,50,50,0
ALL,W-CART:cart,2,3.0,0.06,0.134,76 117 73 75 77 79 110 115 116 118 111 112 78 80 81 82 108 74 107 114,79 112 114 75 76 77 80 111 115 110 113 83 231 81 82 107 109 116 117 118,simulation,db1,usage,11,50,50,0
W-NN,W-NN:k=1,4,,0.12,0.13,53 77 73 85 80 74 72 229 81 117 118 115 116 79 112 106 119 169 75 110,53 77 73 85 80 74 72 229 81 117 118 115 116 79 112 106 119 169 75 110,simulation,db1,energy,12,50,50,0
W-QDA,W-QDA:qda,3,,0.04,0.08,53 77 73 85 80 74 72 229 81 117 118 115 116 79 112 106 119 169 75 110,53 77 73 85 80 74 72 229 81 117 118 115 116 79 112 106 119 169 75 110,simulation,db1,energy,12,50,50,0
W-CART,W-CART:cart,7,,0.12,0.11,53 77 73 85 80 74 72 229 81 117 118 115 116 79 112 106 119 169 75 110,53 77 73 85 80 74 72 229 81 117 118 115 116 79 112 106 119 169 75 110,simulation,db1,energy,12,50,50,0
ALL,W-QDA:qda,3,,0.04,0.08,53 77 73 85 80 74 72 229 81 117 118 115 116 79 112 106 119 169 75 110,53 77 73 85 80 74 72 229 81 117 118 115 116 79 112 106 119 169 75 110,simulation,db1,energy,12,50,50,0
W-NN,W-NN:k=1,29,3.0,0.08,0.142,116 72 73 85 109 117 118 74 76 106 110 114 75 77 107 115 78 79 81 108,114 115 116 77 79 82 84 112 76 108 113 75 78 80 107 73 83 85 109 110,simulation,db1,usage,12,50,50,0
W-QDA,W-QDA:qda,11,1.5,0.0,0.046,114 77 116 76 109 115 83 108 110 117 73 84 112 72 74 75 79 85 107 118,114 115 116 77 79 82 84 112 76 108 113 75 78 80 107 73 83 85 109 110,simulation,db1,usage,12,50,50,0
W-CART,W-CART:cart,12,2.0,0.1,0.104,109 116 77 76 114 115 73 85 110 72 74 106 117 75 83 107 108 112 79 81,114 115 116 77 79 82 84 112 76 108 113 75 78 80 107 73 83 85 109 110,simulation,db1,usage,12,50,50,0
ALL,W-QDA:qda,11,1.5,0.0,0.046,114 77 116 76 109 115 83 108 110 117 73 84 112 72 74 75 79 85 107 118,114 115 116 77 79 82 84 112 76 108 113 75 78 80 107 73 83 85 109 110,simulation,db1,usage,12,50,50,0
W-NN,W-NN:k=1,23,,0.06,0.142,107 84 85 53 169 104 118 106 78 72 26 73 119 79 120 74 117 75 88 227,107 84 85 53 169 104 118 106 78 72 26 73 119 79 120 74 117 75 88 227,simulation,db1,energy,13,50,50,0
W-QDA,W-QDA:qda,17,,0.04,0.038,107 84 85 53 169 104 118 106 78 72 26 73 119 79 120 74 117 75 88 227,107 84 85 53 169 104 118 106 78 72 26 73 119 79 120 74 117 75 88 227,simulation,db1,energy,13,50,50,0
W-CART,W-CART:cart,21,,0.06,0.126,107 84 85 53 169 104 118 106 78 72 26 73 119 79 120 74 117 75 88 227,107 84 85 53 169 104 118 106 78 72 26 73 119 79 120 74 117 75 88 227,simulation,db1,energy,13,50,50,0
ALL,W-QDA:qda,17,,0.04,0.038,107 84 85 53 169 104 118 106 78 72 26 73 119 79 120 74 117 75 88 227,107 84 85 53 169 104 118 106 78 72 26 73 119 79 120 74 117 75 88 227,simulation,db1,energy,13,50,50,0
W-NN,W-NN:k=1,41,3.0,0.06,0.192,79 77 114 117 74 81 76 80 110 111 75 78 113 118 84 106 115 116 119 72,75 112 77 113 76 79 109 111 114 115 116 154 157 227 78 156 80 152 225 74,simulation,db1,usage,13,50,50,0
W-QDA,W-QDA:qda,1,0.5,0.12,0.166,75 76 111 112 225 116 227 78 81 114 115 117 152 156 157 160 161 222 226 229,75 112 77 113 76 79 109 111 114 115 116 154 157 227 78 156 80 152 225 74,simulation,db1,usage,13,50,50,0
W-CART,W-CART:cart,21,3.0,0.04,0.074,79 77 114 117 74 81 76 80 110 111 75 78 113 118 84 106 115 116 119 72,75 112 77 113 76 79 109 111 114 115 116 154 157 227 78 156 80 152 225 74,simulation,db1,usage,13,50,50,0
ALL,W-CART:cart,21,3.0,0.04,0.074,79 77 114 117 74 81 76 80 110 111 75 78 113 118 84 106 115 116 119 72,75 112 77 113 76 79 109 111 114 115 116 154 157 227 78 156 80 152 225 74,simulation,db1,usage,13,50,50,0
W-NN,W-NN:k=1,7,,0.06,0.11,78 39 107 71 106 116 74 226 112 103 84 225 108 120 119 58 113 53 169 109,78 39 107 71 106 116 74 226 112 103 84 225 108 120 119 58 113 53 169 109,simulation,db1,energy,14,50,50,0
W-QDA,W-QDA:qda,7,,0.08,0.036,78 39 107 71 106 116 74 226 112 103 84 225 108 120 119 58 113 53 169 109,78 39 107 71 106 116 74 226 112 103 84 225 108 120 119 58 113 53 169 109,simulation,db1,energy,14,50,50,0
W-CART,W-CART:cart,26,,0.1,0.116,78 39 107 71 106 116 74 226 112 103 84 225 108 120 119 58 113 53 169 109,78 39 107 71 106 116 74 226 112 103 84 225 108 120 119 58 113 53 169 109,simulation,db1,energy,14,50,50,0
ALL,W-NN:k=1,7,,0.06,0.11,78 39 107 71 106 116 74 226 112 103 84 225 108 120 119 58 113 53 169 109,78 39 107 71 106 116 74 226 112 103 84 225 108 120 119 58 113 53 169 109,simulation,db1,energy,14,50,50,0
W-NN,W-NN:k=1,2,2.0,0.0,0.068,107 117 84 76 109 113 81 82 106 108 111 112 116 78 110 118 74 75 80 83,76 78 84 110 113 74 109 117 75 85 106 107 108 116 118 169 171 77 82 111,simulation,db1,usage,14,50,50,0
W-QDA,W-QDA:qda,9,1.0,0.02,0.032,76 78 84 110 113 74 109 117 75 85 106 107 108 116 118 169 171 77 82 111,76 78 84 110 113 74 109 117 75 85 106 107 108 116 118 169 171 77 82 111,simulation,db1,usage,14,50,50,0
W-CART,W-CART:cart,2,2.0,0.04,0.156,107 117 84 76 109 113 81 82 106 108 111 112 116 78 110 118 74 75 80 83,76 78 84 110 113 74 109 117 75 85 106 107 108 116 118 169 171 77 82 111,simulation,db1,usage,14,50,50,0
ALL,W-NN:k=1,2,2.0,0.0,0.068,107 117 84 76 109 113 81 82 106 108 111 112 116 78 110 118 74 75 80 83,76 78 84 110 113 74 109 117 75 85 106 107 108 116 118 169 171 77 82 111,simulation,db1,usage,14,50,50,0
W-NN,W-NN:k=1,22,,0.12,0.212,110 81 163 115 76 83 108 40 82 109 84 53 59 77 162 325 41 86 221 111,110 81 163 115 76 83 108 40 82 109 84 53 59 77 162 325 41 86 221 111,simulation,db1,energy,15,50,50,0
W-QDA,W-QDA:qda,14,,0.1,0.112,110 81 163 115 76 83 108 40 82 109 84 53 59 77 162 325 41 86 221 111,110 81 163 115 76 83 108 40 82 109 84 53 59 77 162 325 41 86 221 111,simulation,db1,energy,15,50,50,0
W-CART,W-CART:cart,42,,0.04,0.114,110 81 163 115 76 83 108 40 82 109 84 53 59 77 162 325 41 86 221 111,110 81 163 115 76 83 108 40 82 109 84 53 59 77 162 325 41 86 221 111,simulation,db1,energy,15,50,50,0
ALL,W-CART:cart,42,,0.04,0.114,110 81 163 115 76 83 108 40 82 109 84 53 59 77 162 325 41 86 221 111,110 81 163 115 76 83 108 40 82 109 84 53 59 77 162 325 41 86 221 111,simulation,db1,energy,15,50,50,0
W-NN,W-NN:k=1,8,2.0,0.1,0.164,83 109 108 110 219 84 82 105 217 81 85 106 107 163 165 166 214 216 111 218,83 110 82 109 165 166 220 81 84 108 163 111 113 162 214 105 164 218 219 221,simulation,db1,usage,15,50,50,0
W-QDA,W-QDA:qda,4,1.5,0.08,0.138,83 110 108 84 109 82 165 81 214 105 163 166 219 85 107 167 218 164 169 216,83 110 82 109 165 166 220 81 84 108 163 111 113 162 214 105 164 218 219 221,simulation,db1,usage,15,50,50,0
W-CART,W-CART:cart,29,1.0,0.02,0.196,83 110 82 109 165 166 220 81 84 108 163 111 113 162 214 105 164 218 219 221,83 110 82 109 165 166 220 81 84 108 163 111 113 162 214 105 164 218 219 221,simulation,db1,usage,15,50,50,0
ALL,W-CART:cart,29,1.0,0.02,0.196,83 110 82 109 165 166 220 81 84 108 163 111 113 162 214 105 164 218 219 221,83 110 82 109 165 166 220 81 84 108 163 111 113 162 214 105 164 218 219 221,simulation,db1,usage,15,50,50,0
W-NN,W-NN:k=3,3,,0.06,0.11,37 117 74 79 235 112 115 114 80 107 108 58 118 149 104 113 18 77 109 78,37 117 74 79 235 112 115 114 80 107 108 58 118 149 104 113 18 77 109 78,simulation,db1,energy,16,50,50,0
W-QDA,W-QDA:qda,10,,0.02,0.09,37 117 74 79 235 112 115 114 80 107 108 58 118 149 104 113 18 77 109 78,37 117 74 79 235 112 115 114 80 107 108 58 118 149 104 113 18 77 109 78,simulation,db1,energy,16,50,50,0
W-CART,W-CART:cart,30,,0.0,0.128,37 117 74 79 235 112 115 114 80 107 108 58 118 149 104 113 18 77 109 78,37 117 74 79 235 112 115 114 80 107 108 58 118 149 104 113 18 77 109 78,simulation,db1,energy,16,50,50,0
ALL,W-CART:cart,30,,0.0,0.128,37 117 74 79 235 112 115 114 80 107 108 58 118 149 104 113 18 77 109 78,37 117 74 79 235 112 115 114 80 107 108 58 118 149 104 113 18 77 109 78,simulation,db1,energy,16,50,50,0
W-NN,W-NN:k=3,23,0.5,0.06,0.194,77 112 79 114 115 78 110 228 80 113 156 224 82 111 226 76 109 157 160 163,77 80 112 78 110 113 79 82 114 115 116 111 118 74 75 76 81 83 108 109,simulation,db1,usage,16,50,50,0
W-QDA,W-QDA:qda,9,1.5,0.0,0.076,79 112 77 74 80 82 109 116 117 118 76 115 75 81 111 113 150 83 108 110,77 80 112 78 110 113 79 82 114 115 116 111 118 74 75 76 81 83 108 109,simulation,db1,usage,16,50,50,0
W-CART,W-CART:cart,17,1.5,0.02,0.14,79 112 77 74 80 82 109 116 117 118 76 115 75 81 111 113 150 83 108 110,77 80 112 78 110 113 79 82 114 115 116 111 118 74 75 76 81 83 108 109,simulation,db1,usage,16,50,50,0
ALL,W-QDA:qda,9,1.5,0.0,0.076,79 112 77 74 80 82 109 116 117 118 76 115 75 81 111 113 150 83 108 110,77 80 112 78 110 113 79 82 114 115 116 111 118 74 75 76 81 83 108 109,simulation,db1,usage,16,50,50,0
W-NN,W-NN:k=1,2,,0.04,0.098,105 116 112 111 40 80 110 117 82 58 39 106 81 108 109 36 71 74 75 86,105 116 112 111 40 80 110 117 82 58 39 106 81 108 109 36 71 74 75 86,simulation,db1,energy,17,50,50,0
W-QDA,W-QDA:qda,4,,0.06,0.078,105 116 112 111 40 80 110 117 82 58 39 106 81 108 109 36 71 74 75 86,105 116 112 111 40 80 110 117 82 58 39 106 81 108 109 36 71 74 75 86,simulation,db1,energy,17,50,50,0
W-CART,W-CART:cart,14,,0.04,0.11,105 116 112 111 40 80 110 117 82 58 39 106 81 108 109 36 71 74 75 86,105 116 112 111 40 80 110 117 82 58 39 106 81 108 109 36 71 74 75 86,simulation,db1,energy,17,50,50,0
ALL,W-NN:k=1,2,,0.04,0.098,105 116 112 111 40 80 110 117 82 58 39 106 81 108 109 36 71 74 75 86,105 116 112 111 40 80 110 117 82 58 39 106 81 108 109 36 71 74 75 86,simulation,db1,energy,17,50,50,0
W-NN,W-NN:k=3,2,2.0,0.08,0.198,75 79 74 109 112 117 76 78 81 113 77 80 110 115 116 73 82 108 114 118,79 113 112 80 81 75 117 77 109 116 76 78 110 111 114 115 74 82 108 118,simulation,db1,usage,17,50,50,0
W-QDA,W-QDA:qda,4,2.0,0.02,0.064,75 79 74 109 112 117 76 78 81 113 77 80 110 115 116 73 82 108 114 118,79 113 112 80 81 75 117 77 109 116 76 78 110 111 114 115 74 82 108 118,simulation,db1,usage,17,50,50,0
W-CART,W-CART:cart,4,2.0,0.06,0.118,75 79 74 109 112 117 76 78 81 113 77 80 110 115 116 73 82 108 114 118,79 113 112 80 81 75 117 77 109 116 76 78 110 111 114 115 74 82 108 118,simulation,db1,usage,17,50,50,0
ALL,W-QDA:qda,4,2.0,0.02,0.064,75 79 74 109 112 117 76 78 81 113 77 80 110 115 116 73 82 108 114 118,79 113 112 80 81 75 117 77 109 116 76 78 110 111 114 115 74 82 108 118,simulation,db1,usage,17,50,50,0
W-NN,W-NN:k=1,31,,0.12,0.154,54 72 73 119 40 118 111 115 117 83 112 108 74 107 89 116 84 75 120 59,54 72 73 119 40 118 111 115 117 83 112 108 74 107 89 116 84 75 120 59,simulation,db1,energy,18,50,50,0
W-QDA,W-QDA:qda,16,,0.08,0.068,54 72 73 119 40 118 111 115 117 83 112 108 74 107 89 116 84 75 120 59,54 72 73 119 40 118 111 115 117 83 112 108 74 107 89 116 84 75 120 59,simulation,db1,energy,18,50,50,0
W-CART,W-CART:cart,64,,0.12,0.116,54 72 73 119 40 118 111 115 117 83 112 108 74 107 89 116 84 75 120 59,54 72 73 119 40 118 111 115 117 83 112 108 74 107 89 116 84 75 120 59,simulation,db1,energy,18,50,50,0
ALL,W-QDA:qda,16,,0.08,0.068,54 72 73 119 40 118 111 115 117 83 112 108 74 107 89 116 84 75 120 59,54 72 73 119 40 118 111 115 117 83 112 108 74 107 89 116 84 75 120 59,simulation,db1,energy,18,50,50,0
W-NN,W-NN:k=1,27,1.0,0.06,0.188,111 112 75 80 79 113 82 110 114 76 77 115 220 78 81 107 108 109 116 73,111 112 75 80 79 113 82 110 114 76 77 115 220 78 81 107 108 109 116 73,simulation,db1,usage,18,50,50,0
W-QDA,W-QDA:qda,9,3.0,0.0,0.052,107 108 72 111 118 146 75 83 117 119 74 85 110 112 70 73 81 82 84 86,111 112 75 80 79 113 82 110 114 76 77 115 220 78 81 107 108 109 116 73,simulation,db1,usage,18,50,50,0
W-CART,W-CART:cart,15,2.0,0.06,0.1,112 113 79 83 86 107 108 110 111 117 75 85 114 115 119 219 72 78 81 84,111 112 75 80 79 113 82 110 114 76 77 115 220 78 81 107 108 109 116 73,simulation,db1,usage,18,50,50,0
ALL,W-QDA:qda,9,3.0,0.0,0.052,107 108 72 111 118 146 75 83 117 119 74 85 110 112 70 73 81 82 84 86,111 112 75 80 79 113 82 110 114 76 77 115 220 78 81 107 108 109 116 73,simulation,db1,usage,18,50,50,0
W-NN,W-NN:k=3,15,,0.14,0.222,88 89 102 51 84 104 103 38 179 107 87 85 114 117 108 82 74 106 83 75,88 89 102 51 84 104 103 38 179 107 87 85 114 117 108 82 74 106 83 75,simulation,db1,energy,19,50,50,0
W-QDA,W-QDA:qda,10,,0.04,0.068,88 89 102 51 84 104 103 38 179 107 87 85 114 117 108 82 74 106 83 75,88 89 102 51 84 104 103 38 179 107 87 85 114 117 108 82 74 106 83 75,simulation,db1,energy,19,50,50,0
W-CART,W-CART:cart,13,,0.1,0.186,88 89 102 51 84 104 103 38 179 107 87 85 114 117 108 82 74 106 83 75,88 89 102 51 84 104 103 38 179 107 87 85 114 117 108 82 74 106 83 75,simulation,db1,energy,19,50,50,0
ALL,W-QDA:qda,10,,0.04,0.068,88 89 102 51 84 104 103 38 179 107 87 85 114 117 108 82 74 106 83 75,88 89 102 51 84 104 103 38 179 107 87 85 114 117 108 82 74 106 83 75,simulation,db1,energy,19,50,50,0
W-NN,W-NN:k=5,30,1.0,0.08,0.14,110 82 83 111 79 80 84 85 108 215 77 81 105 106 109 78 107 112 115 171,110 82 83 111 79 80 84 85 108 215 77 81 105 106 109 78 107 112 115 171,simulation,db1,usage,19,50,50,0
W-QDA,W-QDA:qda,6,2.0,0.04,0.152,108 83 109 76 78 82 84 85 106 110 111 80 86 105 88 103 112 87 79 104,110 82 83 111 79 80 84 85 108 215 77 81 105 106 109 78 107 112 115 171,simulation,db1,usage,19,50,50,0
W-CART,W-CART:cart,7,3.0,0.04,0.104,108 84 85 82 86 87 103 110 76 106 109 83 104 107 111 117 112 116 74 78,110 82 83 111 79 80 84 85 108 215 77 81 105 106 109 78 107 112 115 171,simulation,db1,usage,19,50,50,0
ALL,W-QDA:qda,6,2.0,0.04,0.152,108 83 109 76 78 82 84 85 106 110 111 80 86 105 88 103 112 87 79 104,110 82 83 111 79 80 84 85 108 215 77 81 105 106 109 78 107 112 115 171,simulation,db1,usage,19,50,50,0
W-NN,W-NN:k=5,6,,0.1,0.158,55 160 86 161 72 110 85 119 75 73 108 88 118 104 74 83 105 79 37 81,55 160 86 161 72 110 85 119 75 73 108 88 118 104 74 83 105 79 37 81,simulation,db1,energy,20,50,50,0
W-QDA,W-QDA:qda,16,,0.0,0.036,55 160 86 161 72 110 85 119 75 73 108 88 118 104 74 83 105 79 37 81,55 160 86 161 72 110 85 119 75 73 108 88 118 104 74 83 105 79 37 81,simulation,db1,energy,20,50,50,0
W-CART,W-CART:cart,28,,0.06,0.178,55 160 86 161 72 110 85 119 75 73 108 88 118 104 74 83 105 79 37 81,55 160 86 161 72 110 85 119 75 73 108 88 118 104 74 83 105 79 37 81,simulation,db1,energy,20,50,50,0
ALL,W-QDA:qda,16,,0.0,0.036,55 160 86 161 72 110 85 119 75 73 108 88 118 104 74 83 105 79 37 81,55 160 86 161 72 110 85 119 75 73 108 88 118 104 74 83 105 79 37 81,simulation,db1,energy,20,50,50,0
W-NN,W-NN:k=3,2,1.5,0.02,0.112,108 106 78 79 80 110 109 117 169 76 83 75 82 85 86 87 111 118 171 230,79 80 108 78 111 74 83 109 110 117 169 76 106 107 113 116 86 105 114 147,simulation,db1,usage,20,50,50,0
W-QDA,W-QDA:qda,7,3.0,0.0,0.036,85 106 117 78 86 108 118 76 79 110 115 74 82 105 72 73 75 88 107 109,79 80 108 78 111 74 83 109 110 117 169 76 106 107 113 116 86 105 114 147,simulation,db1,usage,20,50,50,0
W-CART,W-CART:cart,2,1.5,0.02,0.15,108 106 78 79 80 110 109 117 169 76 83 75 82 85 86 87 111 118 171 230,79 80 108 78 111 74 83 109 110 117 169 76 106 107 113 116 86 105 114 147,simulation,db1,usage,20,50,50,0
ALL,W-QDA:qda,7,3.0,0.0,0.036,85 106 117 78 86 108 118 76 79 110 115 74 82 105 72 73 75 88 107 109,79 80 108 78 111 74 83 109 110 117 169 76 106 107 113 116 86 105 114 147,simulation,db1,usage,20,50,50,0
W-NN,W-NN:k=1,7,,0.04,0.142,43 106 105 103 115 107 110 104 86 113 109 111 108 82 112 42 87 78 79 117,43 106 105 103 115 107 110 104 86 113 109 111 108 82 112 42 87 78 79 117,simulation,db1,energy,21,50,50,0
W-QDA,W-QDA:qda,7,,0.02,0.044,43 106 105 103 115 107 110 104 86 113 109 111 108 82 112 42 87 78 79 117,43 106 105 103 115 107 110 104 86 113 109 111 108 82 112 42 87 78 79 117,simulation,db1,energy,21,50,50,0
W-CART,W-CART:cart,21,,0.12,0.172,43 106 105 103 115 107 110 104 86 113 109 111 108 82 112 42 87 78 79 117,43 106 105 103 115 107 110 104 86 113 109 111 108 82 112 42 87 78 79 117,simulation,db1,energy,21,50,50,0
ALL,W-QDA:qda,7,,0.02,0.044,43 106 105 103 115 107 110 104 86 113 109 111 108 82 112 42 87 78 79 117,43 106 105 103 115 107 110 104 86 113 109 111 108 82 112 42 87 78 79 117,simulation,db1,energy,21,50,50,0
W-NN,W-NN:k=3,8,0.5,0.06,0.122,80 111 77 79 81 107 78 85 112 163 115 82 106 108 167 169 221 222 224 83,80 78 111 107 108 167 79 84 112 83 85 105 106 77 81 82 86 109 110 113,simulation,db1,usage,21,50,50,0
W-QDA,W-QDA:qda,11,2.0,0.02,0.062,78 111 79 86 104 106 109 83 105 107 110 112 81 108 77 82 85 114 167 80,80 78 111 107 108 167 79 84 112 83 85 105 106 77 81 82 86 109 110 113,simulation,db1,usage,21,50,50,0
W-CART,W-CART:cart,8,3.0,0.08,0.168,111 105 106 109 78 81 83 104 110 80 82 108 107 77 79 84 86 114 115 76,80 78 111 107 108 167 79 84 112 83 85 105 106 77 81 82 86 109 110 113,simulation,db1,usage,21,50,50,0
ALL,W-QDA:qda,11,2.0,0.02,0.062,78 111 79 86 104 106 109 83 105 107 110 112 81 108 77 82 85 114 167 80,80 78 111 107 108 167 79 84 112 83 85 105 106 77 81 82 86 109 110 113,simulation,db1,usage,21,50,50,0
W-NN,W-NN:k=3,32,,0.04,0.09,44 105 79 117 75 112 102 106 116 85 74 86 119 78 72 73 115 83 71 109,44 105 79 117 75 112 102 106 116 85 74 86 119 78 72 73 115 83 71 109,simulation,db1,energy,22,50,50,0
W-QDA,W-QDA:qda,11,,0.02,0.026,44 105 79 117 75 112 102 106 116 85 74 86 119 78 72 73 115 83 71 109,44 105 79 117 75 112 102 106 116 85 74 86 119 78 72 73 115 83 71 109,simulation,db1,energy,22,50,50,0
W-CART,W-CART:cart,7,,0.04,0.146,44 105 79 117 75 112 102 106 116 85 74 86 119 78 72 73 115 83 71 109,44 105 79 117 75 112 102 106 116 85 74 86 119 78 72 73 115 83 71 109,simulation,db1,energy,22,50,50,0
ALL,W-QDA:qda,11,,0.02,0.026,44 105 79 117 75 112 102 106 116 85 74 86 119 78 72 73 115 83 71 109,44 105 79 117 75 112 102 106 116 85 74 86 119 78 72 73 115 83 71 109,simulation,db1,energy,22,50,50,0
W-NN,W-NN:k=5,2,1.0,0.02,0.142,77 74 75 115 72 73 76 79 111 112 114 152 78 113 116 117 118 119 120 148,77 74 75 115 72 73 76 79 111 112 114 152 78 113 116 117 118 119 120 148,simulation,db1,usage,22,50,50,0
W-QDA,W-QDA:qda,10,3.0,0.06,0.05,117 73 74 72 75 118 115 116 78 84 119 120 71 114 85 106 107 121 77 76,77 74 75 115 72 73 76 79 111 112 114 152 78 113 116 117 118 119 120 148,simulation,db1,usage,22,50,50,0
W-CART,W-CART:cart,10,0.5,0.06,0.098,229 77 78 79 115 113 152 72 75 76 111 112 119 73 74 148 155 163 228 230,77 74 75 115 72 73 76 79 111 112 114 152 78 113 116 117 118 119 120 148,simulation,db1,usage,22,50,50,0
ALL,W-NN:k=5,2,1.0,0.02,0.142,77 74 75 115 72 73 76 79 111 112 114 152 78 113 116 117 118 119 120 148,77 74 75 115 72 73 76 79 111 112 114 152 78 113 116 117 118 119 120 148,simulation,db1,usage,22,50,50,0
W-NN,W-NN:k=1,4,,0.1,0.122,37 117 116 58 114 82 80 76 78 108 115 113 75 87 79 83 77 109 74 81,37 117 116 58 114 82 80 76 78 108 115 113 75 87 79 83 77 109 74 81,simulation,db1,energy,23,50,50,0
W-QDA,W-QDA:qda,22,,0.1,0.088,37 117 116 58 114 82 80 76 78 108 115 113 75 87 79 83 77 109 74 81,37 117 116 58 114 82 80 76 78 108 115 113 75 87 79 83 77 109 74 81,simulation,db1,energy,23,50,50,0
W-CART,W-CART:cart,19,,0.04,0.1,37 117 116 58 114 82 80 76 78 108 115 113 75 87 79 83 77 109 74 81,37 117 116 58 114 82 80 76 78 108 115 113 75 87 79 83 77 109 74 81,simulation,db1,energy,23,50,50,0
ALL,W-CART:cart,19,,0.04,0.1,37 117 116 58 114 82 80 76 78 108 115 113 75 87 79 83 77 109 74 81,37 117 116 58 114 82 80 76 78 108 115 113 75 87 79 83 77 109 74 81,simulation,db1,energy,23,50,50,0
W-NN,W-NN:k=1,3,2.0,0.06,0.2,108 78 110 112 113 79 80 85 107 115 106 77 81 111 75 109 83 86 116 73,80 112 113 110 78 79 109 115 81 223 77 83 85 111 114 167 224 82 107 108,simulation,db1,usage,23,50,50,0
W-QDA,W-QDA:qda,14,3.0,0.02,0.062,108 80 77 85 110 112 115 116 82 106 107 114 117 76 78 79 81 113 75 86,80 112 113 110 78 79 109 115 81 223 77 83 85 111 114 167 224 82 107 108,simulation,db1,usage,23,50,50,0
W-CART,W-CART:cart,25,1.5,0.04,0.108,113 80 110 78 77 81 85 115 79 108 112 106 107 109 76 84 116 74 75 82,80 112 113 110 78 79 109 115 81 223 77 83 85 111 114 167 224 82 107 108,simulation,db1,usage,23,50,50,0
ALL,W-QDA:qda,14,3.0,0.02,0.062,108 80 77 85 110 112 115 116 82 106 107 114 117 76 78 79 81 113 75 86,80 112 113 110 78 79 109 115 81 223 77 83 85 111 114 167 224 82 107 108,simulation,db1,usage,23,50,50,0
W-NN,W-NN:k=1,39,,0.06,0.152,165 82 170 218 85 41 213 340 109 106 42 20 54 53 10 110 107 855 680 21,165 82 170 218 85 41 213 340 109 106 42 20 54 53 10 110 107 855 680 21,simulation,db1,energy,24,50,50,0
W-QDA,W-QDA:qda,5,,0.06,0.07,165 82 170 218 85 41 213 340 109 106 42 20 54 53 10 110 107 855 680 21,165 82 170 218 85 41 213 340 109 106 42 20 54 53 10 110 107 855 680 21,simulation,db1,energy,24,50,50,0
W-CART,W-CART:cart,48,,0.12,0.18,165 82 170 218 85 41 213 340 109 106 42 20 54 53 10 110 107 855 680 21,165 82 170 218 85 41 213 340 109 106 42 20 54 53 10 110 107 855 680 21,simulation,db1,energy,24,50,50,0
ALL,W-QDA:qda,5,,0.06,0.07,165 82 170 218 85 41 213 340 109 106 42 20 54 53 10 110 107 855 680 21,165 82 170 218 85 41 213 340 109 106 42 20 54 53 10 110 107 855 680 21,simulation,db1,energy,24,50,50,0
W-NN,W-NN:k=1,16,1.0,0.06,0.186,81 112 110 111 82 162 109 163 77 78 79 108 116 75 76 113 226 230 232 80,81 112 110 111 82 162 109 163 77 78 79 108 116 75 76 113 226 230 232 80,simulation,db1,usage,24,50,50,0
W-QDA,W-QDA:qda,19,2.0,0.06,0.168,111 76 75 77 82 78 83 109 230 112 225 73 79 80 81 108 114 224 228 229,81 112 110 111 82 162 109 163 77 78 79 108 116 75 76 113 226 230 232 80,simulation,db1,usage,24,50,50,0
W-CART,W-CART:cart,24,3.0,0.08,0.174,76 77 112 75 78 79 83 106 109 114 74 80 82 108 111 113 115 226 73 107,81 112 110 111 82 162 109 163 77 78 79 108 116 75 76 113 226 230 232 80,simulation,db1,usage,24,50,50,0
ALL,W-NN:k=1,16,1.0,0.06,0.186,81 112 110 111 82 162 109 163 77 78 79 108 116 75 76 113 226 230 232 80,81 112 110 111 82 162 109 163 77 78 79 108 116 75 76 113 226 230 232 80,simulation,db1,usage,24,50,50,0
W-NN,W-NN:k=1,27,,0.1,0.176,78 79 118 57 73 112 113 77 114 76 56 116 80 115 81 110 38 111 117 88,78 79 118 57 73 112 113 77 114 76 56 116 80 115 81 110 38 111 117 88,simulation,db1,energy,25,50,50,0
W-QDA,W-QDA:qda,5,,0.06,0.05,78 79 118 57 73 112 113 77 114 76 56 116 80 115 81 110 38 111 117 88,78 79 118 57 73 112 113 77 114 76 56 116 80 115 81 110 38 111 117 88,simulation,db1,energy,25,50,50,0
W-CART,W-CART:cart,4,,0.12,0.146,78 79 118 57 73 112 113 77 114 76 56 116 80 115 81 110 38 111 117 88,78 79 118 57 73 112 113 77 114 76 56 116 80 115 81 110 38 111 117 88,simulation,db1,energy,25,50,50,0
ALL,W-QDA:qda,5,,0.06,0.05,78 79 118 57 73 112 113 77 114 76 56 116 80 115 81 110 38 111 117 88,78 79 118 57 73 112 113 77 114 76 56 116 80 115 81 110 38 111 117 88,simulation,db1,energy,25,50,50,0
W-NN,W-NN:k=1,62,3.0,0.12,0.138,110 79 76 77 112 78 111 80 114 115 75 113 109 81 117 73 82 84 118 56,114 77 78 79 113 75 76 80 112 115 116 110 158 225 151 156 81 109 154 155,simulation,db1,usage,25,50,50,0
W-QDA,W-QDA:qda,7,2.0,0.12,0.164,77 76 79 110 115 114 75 80 112 78 111 81 116 109 223 84 113 155 83 156,114 77 78 79 113 75 76 80 112 115 116 110 158 225 151 156 81 109 154 155,simulation,db1,usage,25,50,50,0
W-CART,W-CART:cart,20,1.0,0.1,0.196,114 77 78 79 113 75 76 80 112 115 116 110 158 225 151 156 81 109 154 155,114 77 78 79 113 75 76 80 112 115 116 110 158 225 151 156 81 109 154 155,simulation,db1,usage,25,50,50,0
ALL,W-CART:cart,20,1.0,0.1,0.196,114 77 78 79 113 75 76 80 112 115 116 110 158 225 151 156 81 109 154 155,114 77 78 79 113 75 76 80 112 115 116 110 158 225 151 156 81 109 154 155,simulation,db1,usage,25,50,50,0
W-NN,W-NN:k=1,18,,0.1,0.206,120 144 72 240 76 143 79 112 36 60 116 86 111 287 113 110 43 42 114 38,120 144 72 240 76 143 79 112 36 60 116 86 111 287 113 110 43 42 114 38,simulation,db1,energy,26,50,50,0
W-QDA,W-QDA:qda,7,,0.04,0.054,120 144 72 240 76 143 79 112 36 60 116 86 111 287 113 110 43 42 114 38,120 144 72 240 76 143 79 112 36 60 116 86 111 287 113 110 43 42 114 38,simulation,db1,energy,26,50,50,0
W-CART,W-CART:cart,17,,0.12,0.088,120 144 72 240 76 143 79 112 36 60 116 86 111 287 113 110 43 42 114 38,120 144 72 240 76 143 79 112 36 60 116 86 111 287 113 110 43 42 114 38,simulation,db1,energy,26,50,50,0
ALL,W-QDA:qda,7,,0.04,0.054,120 144 72 240 76 143 79 112 36 60 116 86 111 287 113 110 43 42 114 38,120 144 72 240 76 143 79 112 36 60 116 86 111 287 113 110 43 42 114 38,simulation,db1,energy,26,50,50,0
W-NN,W-NN:k=5,1,3.0,0.16,0.234,76 115 116 77 72 113 73 75 79 80 114 78 74 110 112 71 117 119 120 81,77 78 113 114 79 76 116 117 75 80 115 224 229 111 118 227 228 72 73 74,simulation,db1,usage,26,50,50,0
W-QDA,W-QDA:qda,5,3.0,0.06,0.112,76 115 116 77 72 113 73 75 79 80 114 78 74 110 112 71 117 119 120 81,77 78 113 114 79 76 116 117 75 80 115 224 229 111 118 227 228 72 73 74,simulation,db1,usage,26,50,50,0
W-CART,W-CART:cart,7,0.5,0.06,0.27,78 77 79 113 114 116 74 115 117 160 231 72 76 80 112 159 162 229 110 153,77 78 113 114 79 76 116 117 75 80 115 224 229 111 118 227 228 72 73 74,simulation,db1,usage,26,50,50,0
ALL,W-QDA:qda,5,3.0,0.06,0.112,76 115 116 77 72 113 73 75 79 80 114 78 74 110 112 71 117 119 120 81,77 78 113 114 79 76 116 117 75 80 115 224 229 111 118 227 228 72 73 74,simulation,db1,usage,26,50,50,0
W-NN,W-NN:k=1,14,,0.04,0.09,77 78 114 117 227 42 107 106 228 113 85 74 111 83 118 76 112 37 75 84,77 78 114 117 227 42 107 106 228 113 85 74 111 83 118 76 112 37 75 84,simulation,db1,energy,27,50,50,0
W-QDA,W-QDA:qda,14,,0.04,0.088,77 78 114 117 227 42 107 106 228 113 85 74 111 83 118 76 112 37 75 84,77 78 114 117 227 42 107 106 228 113 85 74 111 83 118 76 112 37 75 84,simulation,db1,energy,27,50,50,0
W-CART,W-CART:cart,33,,0.06,0.13,77 78 114 117 227 42 107 106 228 113 85 74 111 83 118 76 112 37 75 84,77 78 114 117 227 42 107 106 228 113 85 74 111 83 118 76 112 37 75 84,simulation,db1,energy,27,50,50,0
ALL,W-NN:k=1,14,,0.04,0.09,77 78 114 117 227 42 107 106 228 113 85 74 111 83 118 76 112 37 75 84,77 78 114 117 227 42 107 106 228 113 85 74 111 83 118 76 112 37 75 84,simulation,db1,energy,27,50,50,0
W-NN,W-NN:k=3,35,2.0,0.02,0.204,75 108 76 79 111 81 106 109 113 115 73 74 78 110 114 116 117 77 80 85,81 80 108 109 110 75 111 83 112 114 77 79 106 113 115 161 220 76 160 221,simulation,db1,usage,27,50,50,0
W-QDA,W-QDA:qda,4,3.0,0.02,0.044,76 75 106 108 79 112 113 117 73 107 111 114 78 116 74 80 103 115 213 77,81 80 108 109 110 75 111 83 112 114 77 79 106 113 115 161 220 76 160 221,simulation,db1,usage,27,50,50,0
W-CART,W-CART:cart,21,3.0,0.06,0.13,76 75 106 108 79 112 113 117 73 107 111 114 78 116 74 80 103 115 213 77,81 80 108 109 110 75 111 83 112 114 77 79 106 113 115 161 220 76 160 221,simulation,db1,usage,27,50,50,0
ALL,W-QDA:qda,4,3.0,0.02,0.044,76 75 106 108 79 112 113 117 73 107 111 114 78 116 74 80 103 115 213 77,81 80 108 109 110 75 111 83 112 114 77 79 106 113 115 161 220 76 160 221,simulation,db1,usage,27,50,50,0
W-NN,W-NN:k=5,23,,0.04,0.116,112 111 159 160 110 79 82 78 109 81 73 87 56 80 86 116 114 77 76 113,112 111 159 160 110 79 82 78 109 81 73 87 56 80 86 116 114 77 76 113,simulation,db1,energy,28,50,50,0
W-QDA,W-QDA:qda,14,,0.1,0.14,112 111 159 160 110 79 82 78 109 81 73 87 56 80 86 116 114 77 76 113,112 111 159 160 110 79 82 78 109 81 73 87 56 80 86 116 114 77 76 113,simulation,db1,energy,28,50,50,0
W-CART,W-CART:cart,13,,0.1,0.152,112 111 159 160 110 79 82 78 109 81 73 87 56 80 86 116 114 77 76 113,112 111 159 160 110 79 82 78 109 81 73 87 56 80 86 116 114 77 76 113,simulation,db1,energy,28,50,50,0
ALL,W-NN:k=5,23,,0.04,0.116,112 111 159 160 110 79 82 78 109 81 73 87 56 80 86 116 114 77 76 113,112 111 159 160 110 79 82 78 109 81 73 87 56 80 86 116 114 77 76 113,simulation,db1,energy,28,50,50,0
W-NN,W-NN:k=5,57,3.0,0.04,0.15,86 81 105 110 111 116 73 75 79 82 83 87 106 84 103 117 76 85 102 104,107 109 111 81 110 112 114 78 80 84 221 82 85 106 113 159 160 76 77 83,simulation,db1,usage,28,50,50,0
W-QDA,W-QDA:qda,8,3.0,0.0,0.064,86 81 105 110 111 116 73 75 79 82 83 87 106 84 103 117 76 85 102 104,107 109 111 81 110 112 114 78 80 84 221 82 85 106 113 159 160 76 77 83,simulation,db1,usage,28,50,50,0
W-CART,W-CART:cart,25,1.0,0.06,0.122,107 109 111 81 110 112 114 78 80 84 221 82 85 106 113 159 160 76 77 83,107 109 111 81 110 112 114 78 80 84 221 82 85 106 113 159 160 76 77 83,simulation,db1,usage,28,50,50,0
ALL,W-QDA:qda,8,3.0,0.0,0.064,86 81 105 110 111 116 73 75 79 82 83 87 106 84 103 117 76 85 102 104,107 109 111 81 110 112 114 78 80 84 221 82 85 106 113 159 160 76 77 83,simulation,db1,usage,28,50,50,0
W-NN,W-NN:k=9,1,,0.1,0.114,104 87 52 54 108 88 43 83 37 114 26 75 167 82 84 85 56 79 107 55,104 87 52 54 108 88 43 83 37 114 26 75 167 82 84 85 56 79 107 55,simulation,db1,energy,29,50,50,0
W-QDA,W-QDA:qda,12,,0.02,0.042,104 87 52 54 108 88 43 83 37 114 26 75 167 82 84 85 56 79 107 55,104 87 52 54 108 88 43 83 37 114 26 75 167 82 84 85 56 79 107 55,simulation,db1,energy,29,50,50,0
W-CART,W-CART:cart,14,,0.08,0.144,104 87 52 54 108 88 43 83 37 114 26 75 167 82 84 85 56 79 107 55,104 87 52 54 108 88 43 83 37 114 26 75 167 82 84 85 56 79 107 55,simulation,db1,energy,29,50,50,0
ALL,W-QDA:qda,12,,0.02,0.042,104 87 52 54 108 88 43 83 37 114 26 75 167 82 84 85 56 79 107 55,104 87 52 54 108 88 43 83 37 114 26 75 167 82 84 85 56 79 107 55,simulation,db1,energy,29,50,50,0
W-NN,W-NN:k=1,53,0.5,0.06,0.13,81 80 83 110 111 113 114 78 82 84 109 77 79 108 162 107 112 155 165 169,78 109 77 79 83 84 110 113 114 81 82 108 111 76 112 107 164 165 116 167,simulation,db1,usage,29,50,50,0
W-QDA,W-QDA:qda,14,2.0,0.06,0.076,77 109 111 113 78 82 83 76 81 85 106 108 114 75 107 110 84 105 167 74,78 109 77 79 83 84 110 113 114 81 82 108 111 76 112 107 164 165 116 167,simulation,db1,usage,29,50,50,0
W-CART,W-CART:cart,29,1.5,0.04,0.166,83 113 109 110 114 77 78 81 82 76 84 111 75 106 108 167 216 220 85 107,78 109 77 79 83 84 110 113 114 81 82 108 111 76 112 107 164 165 116 167,simulation,db1,usage,29,50,50,0
ALL,W-CART:cart,29,1.5,0.04,0.166,83 113 109 110 114 77 78 81 82 76 84 111 75 106 108 167 216 220 85 107,78 109 77 79 83 84 110 113 114 81 82 108 111 76 112 107 164 165 116 167,simulation,db1,usage,29,50,50,0
W-NN,W-NN:k=5,5,,0.04,0.09,73 109 108 114 119 81 77 72 107 85 113 38 82 116 57 83 106 237 39 115,73 109 108 114 119 81 77 72 107 85 113 38 82 116 57 83 106 237 39 115,simulation,db1,energy,30,50,50,0
W-QDA,W-QDA:qda,5,,0.0,0.048,73 109 108 114 119 81 77 72 107 85 113 38 82 116 57 83 106 237 39 115,73 109 108 114 119 81 77 72 107 85 113 38 82 116 57 83 106 237 39 115,simulation,db1,energy,30,50,50,0
W-CART,W-CART:cart,5,,0.08,0.098,73 109 108 114 119 81 77 72 107 85 113 38 82 116 57 83 106 237 39 115,73 109 108 114 119 81 77 72 107 85 113 38 82 116 57 83 106 237 39 115,simulation,db1,energy,30,50,50,0
ALL,W-QDA:qda,5,,0.0,0.048,73 109 108 114 119 81 77 72 107 85 113 38 82 116 57 83 106 237 39 115,73 109 108 114 119 81 77 72 107 85 113 38 82 116 57 83 106 237 39 115,simulation,db1,energy,30,50,50,0
W-NN,W-NN:k=5,36,0.5,0.06,0.114,79 113 82 111 112 80 81 225 77 78 110 115 160 224 229 230 76 155 159 161,82 79 111 112 113 81 80 77 110 114 76 78 109 115 161 225 228 75 83 84,simulation,db1,usage,30,50,50,0
W-QDA,W-QDA:qda,20,2.0,0.02,0.078,79 81 82 108 109 112 113 78 83 111 76 110 114 161 74 75 84 166 77 107,82 79 111 112 113 81 80 77 110 114 76 78 109 115 161 225 228 75 83 84,simulation,db1,usage,30,50,50,0
W-CART,W-CART:cart,56,1.5,0.06,0.15,79 82 81 76 111 114 109 112 113 75 80 108 110 161 78 83 77 107 168 228,82 79 111 112 113 81 80 77 110 114 76 78 109 115 161 225 228 75 83 84,simulation,db1,usage,30,50,50,0
ALL,W-QDA:qda,20,2.0,0.02,0.078,79 81 82 108 109 112 113 78 83 111 76 110 114 161 74 75 84 166 77 107,82 79 111 112 113 81 80 77 110 114 76 78 109 115 161 225 228 75 83 84,simulation,db1,usage,30,50,50,0
W-NN,W-NN:k=3,9,,0.12,0.148,70 141 102 121 242 44 243 43 76 116 75 74 81 89 111 88 73 103 77 119,70 141 102 121 242 44 243 43 76 116 75 74 81 89 111 88 73 103 77 119,simulation,db1,energy,31,50,50,0
W-QDA,W-QDA:qda,11,,0.04,0.05,70 141 102 121 242 44 243 43 76 116 75 74 81 89 111 88 73 103 77 119,70 141 102 121 242 44 243 43 76 116 75 74 81 89 111 88 73 103 77 119,simulation,db1,energy,31,50,50,0
W-CART,W-CART:cart,9,,0.1,0.138,70 141 102 121 242 44 243 43 76 116 75 74 81 89 111 88 73 103 77 119,70 141 102 121 242 44 243 43 76 116 75 74 81 89 111 88 73 103 77 119,simulation,db1,energy,31,50,50,0
ALL,W-QDA:qda,11,,0.04,0.05,70 141 102 121 242 44 243 43 76 116 75 74 81 89 111 88 73 103 77 119,70 141 102 121 242 44 243 43 76 116 75 74 81 89 111 88 73 103 77 119,simulation,db1,energy,31,50,50,0
W-NN,W-NN:k=7,3,2.0,0.02,0.152,114 76 84 113 78 115 112 116 75 83 108 109 111 81 82 107 77 80 106 110,114 110 113 82 84 76 78 83 81 107 108 111 112 115 116 74 75 109 153 155,simulation,db1,usage,31,50,50,0
W-QDA,W-QDA:qda,14,3.0,0.0,0.052,114 115 76 112 75 80 81 111 84 116 117 73 77 105 113 119 74 78 79 106,114 110 113 82 84 76 78 83 81 107 108 111 112 115 116 74 75 109 153 155,simulation,db1,usage,31,50,50,0
W-CART,W-CART:cart,47,0.5,0.06,0.194,81 114 76 111 154 82 83 109 110 113 116 151 78 80 84 112 115 157 161 227,114 110 113 82 84 76 78 83 81 107 108 111 112 115 116 74 75 109 153 155,simulation,db1,usage,31,50,50,0
ALL,W-QDA:qda,14,3.0,0.0,0.052,114 115 76 112 75 80 81 111 84 116 117 73 77 105 113 119 74 78 79 106,114 110 113 82 84 76 78 83 81 107 108 111 112 115 116 74 75 109 153 155,simulation,db1,usage,31,50,50,0
W-NN,W-NN:k=7,26,,0.06,0.16,120 82 83 81 35 38 71 110 113 80 119 115 109 217 112 52 103 51 114 218,120 82 83 81 35 38 71 110 113 80 119 115 109 217 112 52 103 51 114 218,simulation,db1,energy,32,50,50,0
W-QDA,W-QDA:qda,12,,0.02,0.052,120 82 83 81 35 38 71 110 113 80 119 115 109 217 112 52 103 51 114 218,120 82 83 81 35 38 71 110 113 80 119 115 109 217 112 52 103 51 114 218,simulation,db1,energy,32,50,50,0
W-CART,W-CART:cart,13,,0.06,0.112,120 82 83 81 35 38 71 110 113 80 119 115 109 217 112 52 103 51 114 218,120 82 83 81 35 38 71 110 113 80 119 115 109 217 112 52 103 51 114 218,simulation,db1,energy,32,50,50,0
ALL,W-QDA:qda,12,,0.02,0.052,120 82 83 81 35 38 71 110 113 80 119 115 109 217 112 52 103 51 114 218,120 82 83 81 35 38 71 110 113 80 119 115 109 217 112 52 103 51 114 218,simulation,db1,energy,32,50,50,0
W-NN,W-NN:k=3,4,0.5,0.04,0.118,110 113 82 114 78 79 80 109 112 162 111 221 225 228 77 81 83 108 154 157,82 78 81 111 80 109 110 113 115 154 220 77 79 85 108 116 169 226 228 76,simulation,db1,usage,32,50,50,0
W-QDA,W-QDA:qda,12,2.0,0.02,0.06,82 80 81 115 83 109 112 116 74 78 79 85 111 113 84 86 114 107 110 75,82 78 81 111 80 109 110 113 115 154 220 77 79 85 108 116 169 226 228 76,simulation,db1,usage,32,50,50,0
W-CART,W-CART:cart,10,2.0,0.06,0.128,82 80 81 115 83 109 112 116 74 78 79 85 111 113 84 86 114 107 110 75,82 78 81 111 80 109 110 113 115 154 220 77 79 85 108 116 169 226 228 76,simulation,db1,usage,32,50,50,0
ALL,W-QDA:qda,12,2.0,0.02,0.06,82 80 81 115 83 109 112 116 74 78 79 85 111 113 84 86 114 107 110 75,82 78 81 111 80 109 110 113 115 154 220 77 79 85 108 116 169 226 228 76,simulation,db1,usage,32,50,50,0
W-NN,W-NN:k=5,20,,0.08,0.15,60 71 116 72 106 115 105 108 78 76 103 44 112 119 107 114 104 75 42 52,60 71 116 72 106 115 105 108 78 76 103 44 112 119 107 114 104 75 42 52,simulation,db1,energy,33,50,50,0
W-QDA,W-QDA:qda,9,,0.0,0.044,60 71 116 72 106 115 105 108 78 76 103 44 112 119 107 114 104 75 42 52,60 71 116 72 106 115 105 108 78 76 103 44 112 119 107 114 104 75 42 52,simulation,db1,energy,33,50,50,0
W-CART,W-CART:cart,4,,0.12,0.136,60 71 116 72 106 115 105 108 78 76 103 44 112 119 107 114 104 75 42 52,60 71 116 72 106 115 105 108 78 76 103 44 112 119 107 114 104 75 42 52,simulation,db1,energy,33,50,50,0
ALL,W-QDA:qda,9,,0.0,0.044,60 71 116 72 106 115 105 108 78 76 103 44 112 119 107 114 104 75 42 52,60 71 116 72 106 115 105 108 78 76 103 44 112 119 107 114 104 75 42 52,simulation,db1,energy,33,50,50,0
W-NN,W-NN:k=7,4,2.0,0.08,0.13,108 84 75 115 83 104 106 78 85 109 111 116 77 105 107 76 82 112 113 227,108 83 84 109 107 111 82 85 110 115 74 75 76 80 81 214 77 78 104 106,simulation,db1,usage,33,50,50,0
W-QDA,W-QDA:qda,6,2.0,0.02,0.062,108 84 75 115 83 104 106 78 85 109 111 116 77 105 107 76 82 112 113 227,108 83 84 109 107 111 82 85 110 115 74 75 76 80 81 214 77 78 104 106,simulation,db1,usage,33,50,50,0
W-CART,W-CART:cart,8,1.0,0.12,0.128,108 83 84 109 107 111 82 85 110 115 74 75 76 80 81 214 77 78 104 106,108 83 84 109 107 111 82 85 110 115 74 75 76 80 81 214 77 78 104 106,simulation,db1,usage,33,50,50,0
ALL,W-QDA:qda,6,2.0,0.02,0.062,108 84 75 115 83 104 106 78 85 109 111 116 77 105 107 76 82 112 113 227,108 83 84 109 107 111 82 85 110 115 74 75 76 80 81 214 77 78 104 106,simulation,db1,usage,33,50,50,0
W-NN,W-NN:k=1,7,,0.06,0.16,115 76 75 116 103 117 105 104 87 88 114 86 106 107 110 74 102 78 77 73,115 76 75 116 103 117 105 104 87 88 114 86 106 107 110 74 102 78 77 73,simulation,db1,energy,34,50,50,0
W-QDA,W-QDA:qda,13,,0.02,0.024,115 76 75 116 103 117 105 104 87 88 114 86 106 107 110 74 102 78 77 73,115 76 75 116 103 117 105 104 87 88 114 86 106 107 110 74 102 78 77 73,simulation,db1,energy,34,50,50,0
W-CART,W-CART:cart,27,,0.04,0.13,115 76 75 116 103 117 105 104 87 88 114 86 106 107 110 74 102 78 77 73,115 76 75 116 103 117 105 104 87 88 114 86 106 107 110 74 102 78 77 73,simulation,db1,energy,34,50,50,0
ALL,W-QDA:qda,13,,0.02,0.024,115 76 75 116 103 117 105 104 87 88 114 86 106 107 110 74 102 78 77 73,115 76 75 116 103 117 105 104 87 88 114 86 106 107 110 74 102 78 77 73,simulation,db1,energy,34,50,50,0
W-NN,W-NN:k=1,12,3.0,0.04,0.16,73 116 118 74 75 76 77 105 115 149 86 106 114 117 104 82 87 120 233 81,77 115 76 114 116 113 74 117 154 233 236 75 86 105 110 149 155 156 229 235,simulation,db1,usage,34,50,50,0
W-QDA,W-QDA:qda,16,3.0,0.04,0.038,73 116 118 74 75 76 77 105 115 149 86 106 114 117 104 82 87 120 233 81,77 115 76 114 116 113 74 117 154 233 236 75 86 105 110 149 155 156 229 235,simulation,db1,usage,34,50,50,0
W-CART,W-CART:cart,13,2.0,0.04,0.13,76 115 75 77 105 117 118 235 73 74 86 116 233 236 78 106 114 149 113 120,77 115 76 114 116 113 74 117 154 233 236 75 86 105 110 149 155 156 229 235,simulation,db1,usage,34,50,50,0
ALL,W-NN:k=1,12,3.0,0.04,0.16,73 116 118 74 75 76 77 105 115 149 86 106 114 117 104 82 87 120 233 81,77 115 76 114 116 113 74 117 154 233 236 75 86 105 110 149 155 156 229 235,simulation,db1,usage,34,50,50,0
W-NN,W-NN:k=1,6,,0.1,0.194,112 107 79 39 59 84 81 106 55 116 108 78 73 120 85 74 75 113 56 119,112 107 79 39 59 84 81 106 55 116 108 78 73 120 85 74 75 113 56 119,simulation,db1,energy,35,50,50,0
W-QDA,W-QDA:qda,13,,0.02,0.058,112 107 79 39 59 84 81 106 55 116 108 78 73 120 85 74 75 113 56 119,112 107 79 39 59 84 81 106 55 116 108 78 73 120 85 74 75 113 56 119,simulation,db1,energy,35,50,50,0
W-CART,W-CART:cart,11,,0.1,0.144,112 107 79 39 59 84 81 106 55 116 108 78 73 120 85 74 75 113 56 119,112 107 79 39 59 84 81 106 55 116 108 78 73 120 85 74 75 113 56 119,simulation,db1,energy,35,50,50,0
ALL,W-QDA:qda,13,,0.02,0.058,112 107 79 39 59 84 81 106 55 116 108 78 73 120 85 74 75 113 56 119,112 107 79 39 59 84 81 106 55 116 108 78 73 120 85 74 75 113 56 119,simulation,db1,energy,35,50,50,0
W-NN,W-NN:k=1,5,3.0,0.1,0.21,79 111 106 112 84 113 73 78 74 76 108 117 118 75 80 107 110 81 85 105,83 79 81 111 80 110 160 76 108 112 116 219 226 84 113 159 164 165 82 106,simulation,db1,usage,35,50,50,0
W-QDA,W-QDA:qda,14,3.0,0.0,0.056,79 111 106 112 84 113 73 78 74 76 108 117 118 75 80 107 110 81 85 105,83 79 81 111 80 110 160 76 108 112 116 219 226 84 113 159 164 165 82 106,simulation,db1,usage,35,50,50,0
W-CART,W-CART:cart,41,3.0,0.08,0.172,79 111 106 112 84 113 73 78 74 76 108 117 118 75 80 107 110 81 85 105,83 79 81 111 80 110 160 76 108 112 116 219 226 84 113 159 164 165 82 106,simulation,db1,usage,35,50,50,0
ALL,W-QDA:qda,14,3.0,0.0,0.056,79 111 106 112 84 113 73 78 74 76 108 117 118 75 80 107 110 81 85 105,83 79 81 111 80 110 160 76 108 112 116 219 226 84 113 159 164 165 82 106,simulation,db1,usage,35,50,50,0
W-NN,W-NN:k=1,9,,0.1,0.184,80 51 223 88 53 40 116 224 177 107 85 84 108 82 115 109 111 76 79 169,80 51 223 88 53 40 116 224 177 107 85 84 108 82 115 109 111 76 79 169,simulation,db1,energy,36,50,50,0
W-QDA,W-QDA:qda,10,,0.1,0.09,80 51 223 88 53 40 116 224 177 107 85 84 108 82 115 109 111 76 79 169,80 51 223 88 53 40 116 224 177 107 85 84 108 82 115 109 111 76 79 169,simulation,db1,energy,36,50,50,0
W-CART,W-CART:cart,48,,0.08,0.174,80 51 223 88 53 40 116 224 177 107 85 84 108 82 115 109 111 76 79 169,80 51 223 88 53 40 116 224 177 107 85 84 108 82 115 109 111 76 79 169,simulation,db1,energy,36,50,50,0
ALL,W-CART:cart,48,,0.08,0.174,80 51 223 88 53 40 116 224 177 107 85 84 108 82 115 109 111 76 79 169,80 51 223 88 53 40 116 224 177 107 85 84 108 82 115 109 111 76 79 169,simulation,db1,energy,36,50,50,0
W-NN,W-NN:k=3,25,2.0,0.1,0.15,108 82 83 111 110 80 84 85 109 79 86 107 112 113 76 106 114 81 116 75,82 80 109 110 108 111 112 83 114 81 85 84 214 226 76 86 107 113 162 78,simulation,db1,usage,36,50,50,0
W-QDA,W-QDA:qda,4,3.0,0.14,0.072,82 85 107 108 79 109 80 113 83 110 111 114 81 84 86 112 115 117 75 106,82 80 109 110 108 111 112 83 114 81 85 84 214 226 76 86 107 113 162 78,simulation,db1,usage,36,50,50,0
W-CART,W-CART:cart,45,3.0,0.06,0.186,82 85 107 108 79 109 80 113 83 110 111 114 81 84 86 112 115 117 75 106,82 80 109 110 108 111 112 83 114 81 85 84 214 226 76 86 107 113 162 78,simulation,db1,usage,36,50,50,0
ALL,W-CART:cart,45,3.0,0.06,0.186,82 85 107 108 79 109 80 113 83 110 111 114 81 84 86 112 115 117 75 106,82 80 109 110 108 111 112 83 114 81 85 84 214 226 76 86 107 113 162 78,simulation,db1,usage,36,50,50,0
W-NN,W-NN:k=3,36,,0.1,0.174,147 82 109 148 110 86 118 117 106 72 85 107 105 104 81 236 73 119 87 80,147 82 109 148 110 86 118 117 106 72 85 107 105 104 81 236 73 119 87 80,simulation,db1,energy,37,50,50,0
W-QDA,W-QDA:qda,4,,0.02,0.06,147 82 109 148 110 86 118 117 106 72 85 107 105 104 81 236 73 119 87 80,147 82 109 148 110 86 118 117 106 72 85 107 105 104 81 236 73 119 87 80,simulation,db1,energy,37,50,50,0
W-CART,W-CART:cart,5,,0.1,0.112,147 82 109 148 110 86 118 117 106 72 85 107 105 104 81 236 73 119 87 80,147 82 109 148 110 86 118 117 106 72 85 107 105 104 81 236 73 119 87 80,simulation,db1,energy,37,50,50,0
ALL,W-QDA:qda,4,,0.02,0.06,147 82 109 148 110 86 118 117 106 72 85 107 105 104 81 236 73 119 87 80,147 82 109 148 110 86 118 117 106 72 85 107 105 104 81 236 73 119 87 80,simulation,db1,energy,37,50,50,0
W-NN,W-NN:k=1,11,2.0,0.02,0.128,111 76 115 75 80 81 107 108 116 117 118 72 78 82 106 109 112 119 73 77,111 234 112 113 114 116 74 75 76 81 108 149 73 77 78 80 82 107 109 110,simulation,db1,usage,37,50,50,0
W-QDA,W-QDA:qda,6,1.5,0.02,0.11,76 108 111 75 78 81 82 109 113 115 107 118 234 73 74 80 110 112 116 117,111 234 112 113 114 116 74 75 76 81 108 149 73 77 78 80 82 107 109 110,simulation,db1,usage,37,50,50,0
W-CART,W-CART:cart,7,3.0,0.06,0.15,80 108 115 107 116 75 72 112 73 76 77 81 86 104 105 111 117 118 119 148,111 234 112 113 114 116 74 75 76 81 108 149 73 77 78 80 82 107 109 110,simulation,db1,usage,37,50,50,0
ALL,W-QDA:qda,6,1.5,0.02,0.11,76 108 111 75 78 81 82 109 113 115 107 118 234 73 74 80 110 112 116 117,111 234 112 113 114 116 74 75 76 81 108 149 73 77 78 80 82 107 109 110,simulation,db1,usage,37,50,50,0
W-NN,W-NN:k=1,3,,0.12,0.1,121 37 116 117 58 75 35 115 70 80 112 87 81 88 111 78 102 104 113 83,121 37 116 117 58 75 35 115 70 80 112 87 81 88 111 78 102 104 113 83,simulation,db1,energy,38,50,50,0
W-QDA,W-QDA:qda,3,,0.02,0.064,121 37 116 117 58 75 35 115 70 80 112 87 81 88 111 78 102 104 113 83,121 37 116 117 58 75 35 115 70 80 112 87 81 88 111 78 102 104 113 83,simulation,db1,energy,38,50,50,0
W-CART,W-CART:cart,5,,0.1,0.124,121 37 116 117 58 75 35 115 70 80 112 87 81 88 111 78 102 104 113 83,121 37 116 117 58 75 35 115 70 80 112 87 81 88 111 78 102 104 113 83,simulation,db1,energy,38,50,50,0
ALL,W-QDA:qda,3,,0.02,0.064,121 37 116 117 58 75 35 115 70 80 112 87 81 88 111 78 102 104 113 83,121 37 116 117 58 75 35 115 70 80 112 87 81 88 111 78 102 104 113 83,simulation,db1,energy,38,50,50,0
W-NN,W-NN:k=3,43,1.5,0.06,0.152,81 112 78 114 113 76 79 80 110 75 82 111 115 77 83 224 231 232 73 116,77 113 78 81 79 80 110 112 114 231 232 75 116 218 74 76 226 82 83 152,simulation,db1,usage,38,50,50,0
W-QDA,W-QDA:qda,9,3.0,0.02,0.062,112 111 78 77 80 82 117 76 81 114 75 110 113 83 84 115 116 108 109 79,77 113 78 81 79 80 110 112 114 231 232 75 116 218 74 76 226 82 83 152,simulation,db1,usage,38,50,50,0
W-CART,W-CART:cart,2,0.5,0.1,0.204,116 77 80 115 227 231 75 81 110 112 113 114 161 78 79 159 226 228 229 13,77 113 78 81 79 80 110 112 114 231 232 75 116 218 74 76 226 82 83 152,simulation,db1,usage,38,50,50,0
ALL,W-QDA:qda,9,3.0,0.02,0.062,112 111 78 77 80 82 117 76 81 114 75 110 113 83 84 115 116 108 109 79,77 113 78 81 79 80 110 112 114 231 232 75 116 218 74 76 226 82 83 152,simulation,db1,usage,38,50,50,0
W-NN,W-NN:k=5,6,,0.02,0.096,114 77 86 106 105 74 172 212 108 85 84 211 115 171 83 107 75 116 88 117,114 77 86 106 105 74 172 212 108 85 84 211 115 171 83 107 75 116 88 117,simulation,db1,energy,39,50,50,0
W-QDA,W-QDA:qda,4,,0.02,0.062,114 77 86 106 105 74 172 212 108 85 84 211 115 171 83 107 75 116 88 117,114 77 86 106 105 74 172 212 108 85 84 211 115 171 83 107 75 116 88 117,simulation,db1,energy,39,50,50,0
W-CART,W-CART:cart,9,,0.06,0.098,114 77 86 106 105 74 172 212 108 85 84 211 115 171 83 107 75 116 88 117,114 77 86 106 105 74 172 212 108 85 84 211 115 171 83 107 75 116 88 117,simulation,db1,energy,39,50,50,0
ALL,W-QDA:qda,4,,0.02,0.062,114 77 86 106 105 74 172 212 108 85 84 211 115 171 83 107 75 116 88 117,114 77 86 106 105 74 172 212 108 85 84 211 115 171 83 107 75 116 88 117,simulation,db1,energy,39,50,50,0
W-NN,W-NN:k=5,21,3.0,0.04,0.094,74 75 76 116 85 115 117 80 105 106 112 79 86 108 114 78 84 73 83 107,114 78 113 77 81 111 112 108 110 76 79 80 115 116 117 75 82 83 105 152,simulation,db1,usage,39,50,50,0
W-QDA,W-QDA:qda,16,2.0,0.02,0.088,115 116 75 76 78 74 79 105 112 114 77 80 86 113 117 73 82 85 106 110,114 78 113 77 81 111 112 108 110 76 79 80 115 116 117 75 82 83 105 152,simulation,db1,usage,39,50,50,0
W-CART,W-CART:cart,27,0.5,0.06,0.142,111 78 81 82 114 112 113 80 226 76 77 109 110 79 108 115 116 152 153 160,114 78 113 77 81 111 112 108 110 76 79 80 115 116 117 75 82 83 105 152,simulation,db1,usage,39,50,50,0
ALL,W-QDA:qda,16,2.0,0.02,0.088,115 116 75 76 78 74 79 105 112 114 77 80 86 113 117 73 82 85 106 110,114 78 113 77 81 111 112 108 110 76 79 80 115 116 117 75 82 83 105 152,simulation,db1,usage,39,50,50,0
W-NN,W-NN:k=1,33,,0.06,0.064,217 41 166 108 58 37 20 167 434 85 55 87 105 119 53 106 216 83 75 109,217 41 166 108 58 37 20 167 434 85 55 87 105 119 53 106 216 83 75 109,simulation,db1,energy,40,50,50,0
W-QDA,W-QDA:qda,3,,0.16,0.166,217 41 166 108 58 37 20 167 434 85 55 87 105 119 53 106 216 83 75 109,217 41 166 108 58 37 20 167 434 85 55 87 105 119 53 106 216 83 75 109,simulation,db1,energy,40,50,50,0
W-CART,W-CART:cart,47,,0.06,0.108,217 41 166 108 58 37 20 167 434 85 55 87 105 119 53 106 216 83 75 109,217 41 166 108 58 37 20 167 434 85 55 87 105 119 53 106 216 83 75 109,simulation,db1,energy,40,50,50,0
ALL,W-NN:k=1,33,,0.06,0.064,217 41 166 108 58 37 20 167 434 85 55 87 105 119 53 106 216 83 75 109,217 41 166 108 58 37 20 167 434 85 55 87 105 119 53 106 216 83 75 109,simulation,db1,energy,40,50,50,0
W-NN,W-NN:k=3,3,2.0,0.04,0.11,106 82 85 112 74 78 108 113 114 73 77 79 109 111 117 167 87 75 104 107,76 78 108 113 115 79 80 82 112 111 167 74 85 106 114 168 77 81 83 107,simulation,db1,usage,40,50,50,0
W-QDA,W-QDA:qda,3,3.0,0.06,0.074,108 74 106 109 73 78 85 82 87 75 77 80 83 116 119 76 79 81 111 113,76 78 108 113 115 79 80 82 112 111 167 74 85 106 114 168 77 81 83 107,simulation,db1,usage,40,50,50,0
W-CART,W-CART:cart,2,2.0,0.06,0.136,106 82 85 112 74 78 108 113 114 73 77 79 109 111 117 167 87 75 104 107,76 78 108 113 115 79 80 82 112 111 167 74 85 106 114 168 77 81 83 107,simulation,db1,usage,40,50,50,0
ALL,W-NN:k=3,3,2.0,0.04,0.11,106 82 85 112 74 78 108 113 114 73 77 79 109 111 117 167 87 75 104 107,76 78 108 113 115 79 80 82 112 111 167 74 85 106 114 168 77 81 83 107,simulation,db1,usage,40,50,50,0
W-NN,W-NN:k=1,9,,0.04,0.12,112 81 80 76 113 115 85 82 84 79 116 77 78 108 57 109 111 103 86 87,112 81 80 76 113 115 85 82 84 79 116 77 78 108 57 109 111 103 86 87,simulation,db1,energy,41,50,50,0
W-QDA,W-QDA:qda,7,,0.02,0.106,112 81 80 76 113 115 85 82 84 79 116 77 78 108 57 109 111 103 86 87,112 81 80 76 113 115 85 82 84 79 116 77 78 108 57 109 111 103 86 87,simulation,db1,energy,41,50,50,0
W-CART,W-CART:cart,13,,0.06,0.162,112 81 80 76 113 115 85 82 84 79 116 77 78 108 57 109 111 103 86 87,112 81 80 76 113 115 85 82 84 79 116 77 78 108 57 109 111 103 86 87,simulation,db1,energy,41,50,50,0
ALL,W-QDA:qda,7,,0.02,0.106,112 81 80 76 113 115 85 82 84 79 116 77 78 108 57 109 111 103 86 87,112 81 80 76 113 115 85 82 84 79 116 77 78 108 57 109 111 103 86 87,simulation,db1,energy,41,50,50,0
W-NN,W-NN:k=1,10,1.5,0.02,0.194,80 78 111 77 79 112 115 84 221 76 81 108 109 110 82 114 157 223 226 228,111 80 221 78 79 109 110 112 76 115 220 81 162 77 82 84 114 163 167 222,simulation,db1,usage,41,50,50,0
W-QDA,W-QDA:qda,10,1.0,0.0,0.124,111 80 221 78 79 109 110 112 76 115 220 81 162 77 82 84 114 163 167 222,111 80 221 78 79 109 110 112 76 115 220 81 162 77 82 84 114 163 167 222,simulation,db1,usage,41,50,50,0
W-CART,W-CART:cart,33,0.5,0.04,0.2,111 110 112 79 221 219 78 80 109 163 81 82 108 224 77 161 164 222 223 228,111 80 221 78 79 109 110 112 76 115 220 81 162 77 82 84 114 163 167 222,simulation,db1,usage,41,50,50,0
ALL,W-QDA:qda,10,1.0,0.0,0.124,111 80 221 78 79 109 110 112 76 115 220 81 162 77 82 84 114 163 167 222,111 80 221 78 79 109 110 112 76 115 220 81 162 77 82 84 114 163 167 222,simulation,db1,usage,41,50,50,0
W-NN,W-NN:k=5,28,,0.06,0.082,87 104 52 75 103 37 26 58 105 118 116 43 51 86 85 88 117 106 84 74,87 104 52 75 103 37 26 58 105 118 116 43 51 86 85 88 117 106 84 74,simulation,db1,energy,42,50,50,0
W-QDA,W-QDA:qda,21,,0.0,0.036,87 104 52 75 103 37 26 58 105 118 116 43 51 86 85 88 117 106 84 74,87 104 52 75 103 37 26 58 105 118 116 43 51 86 85 88 117 106 84 74,simulation,db1,energy,42,50,50,0
W-CART,W-CART:cart,21,,0.12,0.13,87 104 52 75 103 37 26 58 105 118 116 43 51 86 85 88 117 106 84 74,87 104 52 75 103 37 26 58 105 118 116 43 51 86 85 88 117 106 84 74,simulation,db1,energy,42,50,50,0
ALL,W-QDA:qda,21,,0.0,0.036,87 104 52 75 103 37 26 58 105 118 116 43 51 86 85 88 117 106 84 74,87 104 52 75 103 37 26 58 105 118 116 43 51 86 85 88 117 106 84 74,simulation,db1,energy,42,50,50,0
W-NN,W-NN:k=1,10,1.0,0.02,0.086,77 115 76 113 106 74 85 86 108 117 75 81 82 110 116 105 109 111 112 228,77 115 76 113 106 74 85 86 108 117 75 81 82 110 116 105 109 111 112 228,simulation,db1,usage,42,50,50,0
W-QDA,W-QDA:qda,18,3.0,0.0,0.032,118 74 71 75 72 116 73 84 106 107 108 113 117 119 82 86 105 110 115 120,77 115 76 113 106 74 85 86 108 117 75 81 82 110 116 105 109 111 112 228,simulation,db1,usage,42,50,50,0
W-CART,W-CART:cart,4,1.5,0.06,0.136,77 113 85 115 81 82 108 117 75 76 86 110 116 74 105 118 72 73 84 87,77 115 76 113 106 74 85 86 108 117 75 81 82 110 116 105 109 111 112 228,simulation,db1,usage,42,50,50,0
ALL,W-QDA:qda,18,3.0,0.0,0.032,118 74 71 75 72 116 73 84 106 107 108 113 117 119 82 86 105 110 115 120,77 115 76 113 106 74 85 86 108 117 75 81 82 110 116 105 109 111 112 228,simulation,db1,usage,42,50,50,0
W-NN,W-NN:k=3,4,,0.06,0.112,89 117 104 72 111 73 114 43 118 77 71 88 115 116 74 75 79 105 119 85,89 117 104 72 111 73 114 43 118 77 71 88 115 116 74 75 79 105 119 85,simulation,db1,energy,43,50,50,0
W-QDA,W-QDA:qda,11,,0.0,0.058,89 117 104 72 111 73 114 43 118 77 71 88 115 116 74 75 79 105 119 85,89 117 104 72 111 73 114 43 118 77 71 88 115 116 74 75 79 105 119 85,simulation,db1,energy,43,50,50,0
W-CART,W-CART:cart,43,,0.02,0.11,89 117 104 72 111 73 114 43 118 77 71 88 115 116 74 75 79 105 119 85,89 117 104 72 111 73 114 43 118 77 71 88 115 116 74 75 79 105 119 85,simulation,db1,energy,43,50,50,0
ALL,W-QDA:qda,11,,0.0,0.058,89 117 104 72 111 73 114 43 118 77 71 88 115 116 74 75 79 105 119 85,89 117 104 72 111 73 114 43 118 77 71 88 115 116 74 75 79 105 119 85,simulation,db1,energy,43,50,50,0
W-NN,W-NN:k=1,16,0.5,0.1,0.13,78 113 116 77 80 112 114 74 75 76 79 111 117 150 153 115 221 110 149 226,116 117 77 76 114 115 75 78 73 109 118 74 230 236 72 113 119 149 153 228,simulation,db1,usage,43,50,50,0
W-QDA,W-QDA:qda,4,3.0,0.04,0.052,114 77 117 73 115 116 74 75 78 79 72 76 80 107 108 112 84 111 118 226,116 117 77 76 114 115 75 78 73 109 118 74 230 236 72 113 119 149 153 228,simulation,db1,usage,43,50,50,0
W-CART,W-CART:cart,40,3.0,0.02,0.11,114 77 117 73 115 116 74 75 78 79 72 76 80 107 108 112 84 111 118 226,116 117 77 76 114 115 75 78 73 109 118 74 230 236 72 113 119 149 153 228,simulation,db1,usage,43,50,50,0
ALL,W-CART:cart,40,3.0,0.02,0.11,114 77 117 73 115 116 74 75 78 79 72 76 80 107 108 112 84 111 118 226,116 117 77 76 114 115 75 78 73 109 118 74 230 236 72 113 119 149 153 228,simulation,db1,usage,43,50,50,0
W-NN,W-NN:k=3,6,,0.06,0.078,41 58 104 72 76 117 83 39 86 78 114 55 75 112 73 85 115 84 70 77,41 58 104 72 76 117 83 39 86 78 114 55 75 112 73 85 115 84 70 77,simulation,db1,energy,44,50,50,0
W-QDA,W-QDA:qda,5,,0.06,0.086,41 58 104 72 76 117 83 39 86 78 114 55 75 112 73 85 115 84 70 77,41 58 104 72 76 117 83 39 86 78 114 55 75 112 73 85 115 84 70 77,simulation,db1,energy,44,50,50,0
W-CART,W-CART:cart,15,,0.08,0.1,41 58 104 72 76 117 83 39 86 78 114 55 75 112 73 85 115 84 70 77,41 58 104 72 76 117 83 39 86 78 114 55 75 112 73 85 115 84 70 77,simulation,db1,energy,44,50,50,0
ALL,W-QDA:qda,5,,0.06,0.086,41 58 104 72 76 117 83 39 86 78 114 55 75 112 73 85 115 84 70 77,41 58 104 72 76 117 83 39 86 78 114 55 75 112 73 85 115 84 70 77,simulation,db1,energy,44,50,50,0
W-NN,W-NN:k=1,27,2.0,0.08,0.166,79 78 114 115 73 107 111 117 150 76 81 112 153 83 155 77 80 85 116 226,78 79 112 114 115 155 110 116 227 73 74 75 76 82 83 84 107 109 111 117,simulation,db1,usage,44,50,50,0
W-QDA,W-QDA:qda,8,2.0,0.1,0.096,79 78 114 115 73 107 111 117 150 76 81 112 153 83 155 77 80 85 116 226,78 79 112 114 115 155 110 116 227 73 74 75 76 82 83 84 107 109 111 117,simulation,db1,usage,44,50,50,0
W-CART,W-CART:cart,3,3.0,0.08,0.1,79 114 73 115 117 78 111 112 75 77 85 149 72 74 81 82 84 86 104 107,78 79 112 114 115 155 110 116 227 73 74 75 76 82 83 84 107 109 111 117,simulation,db1,usage,44,50,50,0
ALL,W-CART:cart,3,3.0,0.08,0.1,79 114 73 115 117 78 111 112 75 77 85 149 72 74 81 82 84 86 104 107,78 79 112 114 115 155 110 116 227 73 74 75 76 82 83 84 107 109 111 117,simulation,db1,usage,44,50,50,0
W-NN,W-NN:k=3,1,,0.08,0.212,73 118 119 36 72 74 120 117 237 84 145 146 59 71 37 236 238 144 116 107,73 118 119 36 72 74 120 117 237 84 145 146 59 71 37 236 238 144 116 107,simulation,db1,energy,45,50,50,0
W-QDA,W-QDA:qda,7,,0.0,0.082,73 118 119 36 72 74 120 117 237 84 145 146 59 71 37 236 238 144 116 107,73 118 119 36 72 74 120 117 237 84 145 146 59 71 37 236 238 144 116 107,simulation,db1,energy,45,50,50,0
W-CART,W-CART:cart,2,,0.02,0.152,73 118 119 36 72 74 120 117 237 84 145 146 59 71 37 236 238 144 116 107,73 118 119 36 72 74 120 117 237 84 145 146 59 71 37 236 238 144 116 107,simulation,db1,energy,45,50,50,0
ALL,W-QDA:qda,7,,0.0,0.082,73 118 119 36 72 74 120 117 237 84 145 146 59 71 37 236 238 144 116 107,73 118 119 36 72 74 120 117 237 84 145 146 59 71 37 236 238 144 116 107,simulation,db1,energy,45,50,50,0
W-NN,W-NN:k=1,7,0.5,0.02,0.118,74 76 115 113 116 117 77 80 110 78 109 112 114 118 158 75 79 81 147 150,74 80 118 238 76 79 108 116 236 73 75 81 109 110 111 147 149 150 72 112,simulation,db1,usage,45,50,50,0
W-QDA,W-QDA:qda,3,3.0,0.0,0.088,117 73 74 119 120 72 118 83 105 116 84 145 75 76 82 85 86 106 108 111,74 80 118 238 76 79 108 116 236 73 75 81 109 110 111 147 149 150 72 112,simulation,db1,usage,45,50,50,0
W-CART,W-CART:cart,2,2.0,0.02,0.122,118 73 74 116 117 84 108 120 72 75 83 113 115 119 145 238 79 80 82 85,74 80 118 238 76 79 108 116 236 73 75 81 109 110 111 147 149 150 72 112,simulation,db1,usage,45,50,50,0
ALL,W-QDA:qda,3,3.0,0.0,0.088,117 73 74 119 120 72 118 83 105 116 84 145 75 76 82 85 86 106 108 111,74 80 118 238 76 79 108 116 236 73 75 81 109 110 111 147 149 150 72 112,simulation,db1,usage,45,50,50,0
W-NN,W-NN:k=5,4,,0.0,0.13,104 71 35 121 108 75 58 106 74 76 88 84 85 83 107 43 120 87 82 115,104 71 35 121 108 75 58 106 74 76 88 84 85 83 107 43 120 87 82 115,simulation,db1,energy,46,50,50,0
W-QDA,W-QDA:qda,7,,0.02,0.042,104 71 35 121 108 75 58 106 74 76 88 84 85 83 107 43 120 87 82 115,104 71 35 121 108 75 58 106 74 76 88 84 85 83 107 43 120 87 82 115,simulation,db1,energy,46,50,50,0
W-CART,W-CART:cart,13,,0.04,0.086,104 71 35 121 108 75 58 106 74 76 88 84 85 83 107 43 120 87 82 115,104 71 35 121 108 75 58 106 74 76 88 84 85 83 107 43 120 87 82 115,simulation,db1,energy,46,50,50,0
ALL,W-NN:k=5,4,,0.0,0.13,104 71 35 121 108 75 58 106 74 76 88 84 85 83 107 43 120 87 82 115,104 71 35 121 108 75 58 106 74 76 88 84 85 83 107 43 120 87 82 115,simulation,db1,energy,46,50,50,0
W-NN,W-NN:k=3,2,2.0,0.02,0.14,106 75 78 80 79 104 109 111 112 76 81 82 87 105 108 117 73 74 84 107,78 79 106 111 80 109 110 77 81 108 112 75 76 83 85 107 173 82 84 86,simulation,db1,usage,46,50,50,0
W-QDA,W-QDA:qda,16,2.0,0.02,0.036,106 75 78 80 79 104 109 111 112 76 81 82 87 105 108 117 73 74 84 107,78 79 106 111 80 109 110 77 81 108 112 75 76 83 85 107 173 82 84 86,simulation,db1,usage,46,50,50,0
W-CART,W-CART:cart,4,3.0,0.04,0.116,76 75 106 104 105 109 73 74 82 85 107 108 111 114 117 84 87 88 112 115,78 79 106 111 80 109 110 77 81 108 112 75 76 83 85 107 173 82 84 86,simulation,db1,usage,46,50,50,0
ALL,W-NN:k=3,2,2.0,0.02,0.14,106 75 78 80 79 104 109 111 112 76 81 82 87 105 108 117 73 74 84 107,78 79 106 111 80 109 110 77 81 108 112 75 76 83 85 107 173 82 84 86,simulation,db1,usage,46,50,50,0
W-NN,W-NN:k=1,40,,0.04,0.086,109 82 72 36 83 108 238 84 239 87 88 85 86 76 54 105 52 114 55 106,109 82 72 36 83 108 238 84 239 87 88 85 86 76 54 105 52 114 55 106,simulation,db1,energy,47,50,50,0
W-QDA,W-QDA:qda,7,,0.0,0.082,109 82 72 36 83 108 238 84 239 87 88 85 86 76 54 105 52 114 55 106,109 82 72 36 83 108 238 84 239 87 88 85 86 76 54 105 52 114 55 106,simulation,db1,energy,47,50,50,0
W-CART,W-CART:cart,3,,0.12,0.112,109 82 72 36 83 108 238 84 239 87 88 85 86 76 54 105 52 114 55 106,109 82 72 36 83 108 238 84 239 87 88 85 86 76 54 105 52 114 55 106,simulation,db1,energy,47,50,50,0
ALL,W-QDA:qda,7,,0.0,0.082,109 82 72 36 83 108 238 84 239 87 88 85 86 76 54 105 52 114 55 106,109 82 72 36 83 108 238 84 239 87 88 85 86 76 54 105 52 114 55 106,simulation,db1,energy,47,50,50,0
W-NN,W-NN:k=7,1,1.0,0.08,0.172,84 107 111 83 85 109 78 79 106 112 80 82 105 108 213 81 86 217 110 162,84 107 111 83 85 109 78 79 106 112 80 82 105 108 213 81 86 217 110 162,simulation,db1,usage,47,50,50,0
W-QDA,W-QDA:qda,17,2.0,0.0,0.05,105 76 82 84 85 107 106 109 110 83 75 78 87 108 209 72 73 86 88 89,84 107 111 83 85 109 78 79 106 112 80 82 105 108 213 81 86 217 110 162,simulation,db1,usage,47,50,50,0
W-CART,W-CART:cart,46,0.5,0.08,0.178,110 107 109 112 85 79 82 162 78 84 86 219 80 81 83 105 106 108 111 160,84 107 111 83 85 109 78 79 106 112 80 82 105 108 213 81 86 217 110 162,simulation,db1,usage,47,50,50,0
ALL,W-QDA:qda,17,2.0,0.0,0.05,105 76 82 84 85 107 106 109 110 83 75 78 87 108 209 72 73 86 88 89,84 107 111 83 85 109 78 79 106 112 80 82 105 108 213 81 86 217 110 162,simulation,db1,usage,47,50,50,0
W-NN,W-NN:k=3,5,,0.02,0.102,85 71 106 114 38 120 117 75 60 72 118 116 74 73 36 35 107 76 121 241,85 71 106 114 38 120 117 75 60 72 118 116 74 73 36 35 107 76 121 241,simulation,db1,energy,48,50,50,0
W-QDA,W-QDA:qda,5,,0.0,0.066,85 71 106 114 38 120 117 75 60 72 118 116 74 73 36 35 107 76 121 241,85 71 106 114 38 120 117 75 60 72 118 116 74 73 36 35 107 76 121 241,simulation,db1,energy,48,50,50,0
W-CART,W-CART:cart,2,,0.12,0.134,85 71 106 114 38 120 117 75 60 72 118 116 74 73 36 35 107 76 121 241,85 71 106 114 38 120 117 75 60 72 118 116 74 73 36 35 107 76 121 241,simulation,db1,energy,48,50,50,0
ALL,W-QDA:qda,5,,0.0,0.066,85 71 106 114 38 120 117 75 60 72 118 116 74 73 36 35 107 76 121 241,85 71 106 114 38 120 117 75 60 72 118 116 74 73 36 35 107 76 121 241,simulation,db1,energy,48,50,50,0
W-NN,W-NN:k=1,14,0.5,0.04,0.13,113 78 76 77 109 112 115 75 82 85 114 159 73 79 118 226 228 81 117 152,77 75 78 76 112 107 113 114 117 157 73 74 82 84 108 118 156 236 79 106,simulation,db1,usage,48,50,50,0
W-QDA,W-QDA:qda,2,1.5,0.0,0.124,77 73 75 78 74 108 117 76 82 107 114 106 110 112 113 118 152 236 72 84,77 75 78 76 112 107 113 114 117 157 73 74 82 84 108 118 156 236 79 106,simulation,db1,usage,48,50,50,0
W-CART,W-CART:cart,2,1.5,0.06,0.154,77 73 75 78 74 108 117 76 82 107 114 106 110 112 113 118 152 236 72 84,77 75 78 76 112 107 113 114 117 157 73 74 82 84 108 118 156 236 79 106,simulation,db1,usage,48,50,50,0
ALL,W-QDA:qda,2,1.5,0.0,0.124,77 73 75 78 74 108 117 76 82 107 114 106 110 112 113 118 152 236 72 84,77 75 78 76 112 107 113 114 117 157 73 74 82 84 108 118 156 236 79 106,simulation,db1,usage,48,50,50,0
W-NN,W-NN:k=3,5,,0.06,0.134,119 59 72 73 89 116 114 88 85 115 117 106 118 71 102 74 36 75 120 77,119 59 72 73 89 116 114 88 85 115 117 106 118 71 102 74 36 75 120 77,simulation,db1,energy,49,50,50,0
W-QDA,W-QDA:qda,5,,0.02,0.098,119 59 72 73 89 116 114 88 85 115 117 106 118 71 102 74 36 75 120 77,119 59 72 73 89 116 114 88 85 115 117 106 118 71 102 74 36 75 120 77,simulation,db1,energy,49,50,50,0
W-CART,W-CART:cart,6,,0.06,0.106,119 59 72 73 89 116 114 88 85 115 117 106 118 71 102 74 36 75 120 77,119 59 72 73 89 116 114 88 85 115 117 106 118 71 102 74 36 75 120 77,simulation,db1,energy,49,50,50,0
ALL,W-QDA:qda,5,,0.02,0.098,119 59 72 73 89 116 114 88 85 115 117 106 118 71 102 74 36 75 120 77,119 59 72 73 89 116 114 88 85 115 117 106 118 71 102 74 36 75 120 77,simulation,db1,energy,49,50,50,0
W-NN,W-NN:k=1,3,2.0,0.02,0.108,115 116 73 78 114 75 76 77 82 118 74 117 148 151 235 72 113 119 71 85,114 115 116 117 76 78 75 82 148 229 74 77 113 153 233 73 111 79 118 150,simulation,db1,usage,49,50,50,0
W-QDA,W-QDA:qda,4,3.0,0.06,0.064,116 115 119 73 75 77 118 72 76 82 117 120 74 78 106 108 71 85 86 114,114 115 116 117 76 78 75 82 148 229 74 77 113 153 233 73 111 79 118 150,simulation,db1,usage,49,50,50,0
W-CART,W-CART:cart,8,1.0,0.06,0.132,114 115 116 117 76 78 75 82 148 229 74 77 113 153 233 73 111 79 118 150,114 115 116 117 76 78 75 82 148 229 74 77 113 153 233 73 111 79 118 150,simulation,db1,usage,49,50,50,0
ALL,W-NN:k=1,3,2.0,0.02,0.108,115 116 73 78 114 75 76 77 82 118 74 117 148 151 235 72 113 119 71 85,114 115 116 117 76 78 75 82 148 229 74 77 113 153 233 73 111 79 118 150,simulation,db1,usage,49,50,50,0
W-NN,W-NN:k=3,24,,0.08,0.132,109 165 107 41 77 82 81 71 110 78 57 111 112 106 108 114 169 79 164 75,109 165 107 41 77 82 81 71 110 78 57 111 112 106 108 114 169 79 164 75,simulation,db1,energy,50,50,50,0
W-QDA,W-QDA:qda,14,,0.06,0.116,109 165 107 41 77 82 81 71 110 78 57 111 112 106 108 114 169 79 164 75,109 165 107 41 77 82 81 71 110 78 57 111 112 106 108 114 169 79 164 75,simulation,db1,energy,50,50,50,0
W-CART,W-CART:cart,15,,0.1,0.132,109 165 107 41 77 82 81 71 110 78 57 111 112 106 108 114 169 79 164 75,109 165 107 41 77 82 81 71 110 78 57 111 112 106 108 114 169 79 164 75,simulation,db1,energy,50,50,50,0
ALL,W-QDA:qda,14,,0.06,0.116,109 165 107 41 77 82 81 71 110 78 57 111 112 106 108 114 169 79 164 75,109 165 107 41 77 82 81 71 110 78 57 111 112 106 108 114 169 79 164 75,simulation,db1,energy,50,50,50,0
W-NN,W-NN:k=1,31,1.0,0.08,0.148,80 114 81 76 77 111 112 113 109 156 227 75 115 116 78 79 110 82 155 229,80 114 81 76 77 111 112 113 109 156 227 75 115 116 78 79 110 82 155 229,simulation,db1,usage,50,50,50,0
W-QDA,W-QDA:qda,17,1.0,0.04,0.136,80 114 81 76 77 111 112 113 109 156 227 75 115 116 78 79 110 82 155 229,80 114 81 76 77 111 112 113 109 156 227 75 115 116 78 79 110 82 155 229,simulation,db1,usage,50,50,50,0
W-CART,W-CART:cart,8,2.0,0.08,0.162,78 76 81 109 112 75 114 116 79 77 82 83 110 111 113 115 80 108 117 153,80 114 81 76 77 111 112 113 109 156 227 75 115 116 78 79 110 82 155 229,simulation,db1,usage,50,50,50,0
ALL,W-QDA:qda,17,1.0,0.04,0.136,80 114 81 76 77 111 112 113 109 156 227 75 115 116 78 79 110 82 155 229,80 114 81 76 77 111 112 113 109 156 227 75 115 116 78 79 110 82 155 229,simulation,db1,usage,50,50,50,0
W-NN,W-NN:k=1,21,,0.04,0.094,145 106 238 42 38 114 118 119 110 77 85 113 111 78 72 59 84 109 112 35,145 106 238 42 38 114 118 119 110 77 85 113 111 78 72 59 84 109 112 35,simulation,db1,energy,51,50,50,0
W-QDA,W-QDA:qda,9,,0.0,0.036,145 106 238 42 38 114 118 119 110 77 85 113 111 78 72 59 84 109 112 35,145 106 238 42 38 114 118 119 110 77 85 113 111 78 72 59 84 109 112 35,simulation,db1,energy,51,50,50,0
W-CART,W-CART:cart,8,,0.04,0.086,145 106 238 42 38 114 118 119 110 77 85 113 111 78 72 59 84 109 112 35,145 106 238 42 38 114 118 119 110 77 85 113 111 78 72 59 84 109 112 35,simulation,db1,energy,51,50,50,0
ALL,W-QDA:qda,9,,0.0,0.036,145 106 238 42 38 114 118 119 110 77 85 113 111 78 72 59 84 109 112 35,145 106 238 42 38 114 118 119 110 77 85 113 111 78 72 59 84 109 112 35,simulation,db1,energy,51,50,50,0
W-NN,W-NN:k=3,33,1.5,0.04,0.126,111 77 78 110 112 79 82 83 114 76 84 74 113 80 81 107 109 115 117 222,79 111 78 112 113 77 110 114 153 162 228 74 76 83 109 160 230 80 82 84,simulation,db1,usage,51,50,50,0
W-QDA,W-QDA:qda,11,2.0,0.06,0.07,110 111 77 79 114 78 84 112 82 83 74 113 117 76 115 116 81 72 73 80,79 111 78 112 113 77 110 114 153 162 228 74 76 83 109 160 230 80 82 84,simulation,db1,usage,51,50,50,0
W-CART,W-CART:cart,36,3.0,0.08,0.182,110 112 77 79 111 113 78 80 84 117 76 83 116 114 75 82 115 118 85 107,79 111 78 112 113 77 110 114 153 162 228 74 76 83 109 160 230 80 82 84,simulation,db1,usage,51,50,50,0
ALL,W-NN:k=3,33,1.5,0.04,0.126,111 77 78 110 112 79 82 83 114 76 84 74 113 80 81 107 109 115 117 222,79 111 78 112 113 77 110 114 153 162 228 74 76 83 109 160 230 80 82 84,simulation,db1,usage,51,50,50,0
W-NN,W-NN:k=1,24,,0.0,0.102,84 107 83 81 80 108 72 115 57 116 239 111 114 112 75 216 77 106 38 89,84 107 83 81 80 108 72 115 57 116 239 111 114 112 75 216 77 106 38 89,simulation,db1,energy,52,50,50,0
W-QDA,W-QDA:qda,18,,0.04,0.054,84 107 83 81 80 108 72 115 57 116 239 111 114 112 75 216 77 106 38 89,84 107 83 81 80 108 72 115 57 116 239 111 114 112 75 216 77 106 38 89,simulation,db1,energy,52,50,50,0
W-CART,W-CART:cart,9,,0.02,0.114,84 107 83 81 80 108 72 115 57 116 239 111 114 112 75 216 77 106 38 89,84 107 83 81 80 108 72 115 57 116 239 111 114 112 75 216 77 106 38 89,simulation,db1,energy,52,50,50,0
ALL,W-NN:k=1,24,,0.0,0.102,84 107 83 81 80 108 72 115 57 116 239 111 114 112 75 216 77 106 38 89,84 107 83 81 80 108 72 115 57 116 239 111 114 112 75 216 77 106 38 89,simulation,db1,energy,52,50,50,0
W-NN,W-NN:k=5,50,3.0,0.04,0.136,75 81 83 113 80 82 85 108 109 78 79 84 106 117 76 107 114 74 77 110,78 76 75 113 115 116 80 114 82 160 77 79 83 81 110 153 231 84 85 112,simulation,db1,usage,52,50,50,0
W-QDA,W-QDA:qda,17,1.5,0.0,0.044,83 113 78 79 80 82 114 115 75 76 81 231 84 106 110 153 73 77 109 112,78 76 75 113 115 116 80 114 82 160 77 79 83 81 110 153 231 84 85 112,simulation,db1,usage,52,50,50,0
W-CART,W-CART:cart,22,1.5,0.0,0.098,83 113 78 79 80 82 114 115 75 76 81 231 84 106 110 153 73 77 109 112,78 76 75 113 115 116 80 114 82 160 77 79 83 81 110 153 231 84 85 112,simulation,db1,usage,52,50,50,0
ALL,W-QDA:qda,17,1.5,0.0,0.044,83 113 78 79 80 82 114 115 75 76 81 231 84 106 110 153 73 77 109 112,78 76 75 113 115 116 80 114 82 160 77 79 83 81 110 153 231 84 85 112,simulation,db1,usage,52,50,50,0
W-NN,W-NN:k=1,24,,0.04,0.158,53 107 113 156 56 151 116 88 78 42 83 57 111 109 77 169 155 75 28 103,53 107 113 156 56 151 116 88 78 42 83 57 111 109 77 169 155 75 28 103,simulation,db1,energy,53,50,50,0
W-QDA,W-QDA:qda,14,,0.0,0.036,53 107 113 156 56 151 116 88 78 42 83 57 111 109 77 169 155 75 28 103,53 107 113 156 56 151 116 88 78 42 83 57 111 109 77 169 155 75 28 103,simulation,db1,energy,53,50,50,0
W-CART,W-CART:cart,8,,0.06,0.124,53 107 113 156 56 151 116 88 78 42 83 57 111 109 77 169 155 75 28 103,53 107 113 156 56 151 116 88 78 42 83 57 111 109 77 169 155 75 28 103,simulation,db1,energy,53,50,50,0
ALL,W-QDA:qda,14,,0.0,0.036,53 107 113 156 56 151 116 88 78 42 83 57 111 109 77 169 155 75 28 103,53 107 113 156 56 151 116 88 78 42 83 57 111 109 77 169 155 75 28 103,simulation,db1,energy,53,50,50,0
W-NN,W-NN:k=1,13,1.5,0.1,0.186,110 81 109 80 82 107 111 112 108 79 83 106 113 167 76 84 85 214 220 77,110 81 109 82 80 111 112 79 108 107 83 106 169 214 219 226 78 85 113 162,simulation,db1,usage,53,50,50,0
W-QDA,W-QDA:qda,3,0.5,0.1,0.196,110 109 78 81 112 80 82 108 111 162 164 219 226 79 113 223 225 83 161 165,110 81 109 82 80 111 112 79 108 107 83 106 169 214 219 226 78 85 113 162,simulation,db1,usage,53,50,50,0
W-CART,W-CART:cart,24,1.0,0.06,0.126,110 81 109 82 80 111 112 79 108 107 83 106 169 214 219 226 78 85 113 162,110 81 109 82 80 111 112 79 108 107 83 106 169 214 219 226 78 85 113 162,simulation,db1,usage,53,50,50,0
ALL,W-CART:cart,24,1.0,0.06,0.126,110 81 109 82 80 111 112 79 108 107 83 106 169 214 219 226 78 85 113 162,110 81 109 82 80 111 112 79 108 107 83 106 169 214 219 226 78 85 113 162,simulation,db1,usage,53,50,50,0
W-NN,W-NN:k=1,11,,0.2,0.216,81 82 110 109 220 83 108 54 219 84 87 40 41 103 79 76 85 78 112 104,81 82 110 109 220 83 108 54 219 84 87 40 41 103 79 76 85 78 112 104,simulation,db1,energy,54,50,50,0
W-QDA,W-QDA:qda,2,,0.26,0.312,81 82 110 109 220 83 108 54 219 84 87 40 41 103 79 76 85 78 112 104,81 82 110 109 220 83 108 54 219 84 87 40 41 103 79 76 85 78 112 104,simulation,db1,energy,54,50,50,0
W-CART,W-CART:cart,38,,0.1,0.188,81 82 110 109 220 83 108 54 219 84 87 40 41 103 79 76 85 78 112 104,81 82 110 109 220 83 108 54 219 84 87 40 41 103 79 76 85 78 112 104,simulation,db1,energy,54,50,50,0
ALL,W-CART:cart,38,,0.1,0.188,81 82 110 109 220 83 108 54 219 84 87 40 41 103 79 76 85 78 112 104,81 82 110 109 220 83 108 54 219 84 87 40 41 103 79 76 85 78 112 104,simulation,db1,energy,54,50,50,0
W-NN,W-NN:k=1,13,3.0,0.08,0.166,82 81 83 110 109 108 84 78 79 85 76 114 115 106 111 113 104 107 112 86,110 80 81 83 109 111 160 82 107 108 84 113 226 85 114 161 86 106 165 168,simulation,db1,usage,54,50,50,0
W-QDA,W-QDA:qda,6,2.0,0.18,0.18,81 82 83 110 109 84 111 78 108 85 114 106 80 107 115 76 77 79 113 104,110 80 81 83 109 111 160 82 107 108 84 113 226 85 114 161 86 106 165 168,simulation,db1,usage,54,50,50,0
W-CART,W-CART:cart,57,3.0,0.1,0.204,82 81 83 110 109 108 84 78 79 85 76 114 115 106 111 113 104 107 112 86,110 80 81 83 109 111 160 82 107 108 84 113 226 85 114 161 86 106 165 168,simulation,db1,usage,54,50,50,0
ALL,W-NN:k=1,13,3.0,0.08,0.166,82 81 83 110 109 108 84 78 79 85 76 114 115 106 111 113 104 107 112 86,110 80 81 83 109 111 160 82 107 108 84 113 226 85 114 161 86 106 165 168,simulation,db1,usage,54,50,50,0
W-NN,W-NN:k=1,40,,0.1,0.152,112 80 108 84 107 106 83 79 109 116 168 111 54 105 86 53 82 72 85 42,112 80 108 84 107 106 83 79 109 116 168 111 54 105 86 53 82 72 85 42,simulation,db1,energy,55,50,50,0
W-QDA,W-QDA:qda,4,,0.1,0.15,112 80 108 84 107 106 83 79 109 116 168 111 54 105 86 53 82 72 85 42,112 80 108 84 107 106 83 79 109 116 168 111 54 105 86 53 82 72 85 42,simulation,db1,energy,55,50,50,0
W-CART,W-CART:cart,4,,0.14,0.178,112 80 108 84 107 106 83 79 109 116 168 111 54 105 86 53 82 72 85 42,112 80 108 84 107 106 83 79 109 116 168 111 54 105 86 53 82 72 85 42,simulation,db1,energy,55,50,50,0
ALL,W-QDA:qda,4,,0.1,0.15,112 80 108 84 107 106 83 79 109 116 168 111 54 105 86 53 82 72 85 42,112 80 108 84 107 106 83 79 109 116 168 111 54 105 86 53 82 72 85 42,simulation,db1,energy,55,50,50,0
W-NN,W-NN:k=1,2,3.0,0.1,0.188,83 107 84 105 106 108 86 109 81 80 82 87 111 112 85 113 79 104 110 219,82 107 108 83 84 85 109 167 81 106 111 165 166 214 80 110 113 164 169 215,simulation,db1,usage,55,50,50,0
W-QDA,W-QDA:qda,7,3.0,0.04,0.118,83 107 84 105 106 108 86 109 81 80 82 87 111 112 85 113 79 104 110 219,82 107 108 83 84 85 109 167 81 106 111 165 166 214 80 110 113 164 169 215,simulation,db1,usage,55,50,50,0
W-CART,W-CART:cart,8,0.5,0.08,0.176,83 82 108 84 107 109 110 79 85 106 111 164 81 114 165 214 217 80 112 166,82 107 108 83 84 85 109 167 81 106 111 165 166 214 80 110 113 164 169 215,simulation,db1,usage,55,50,50,0
ALL,W-QDA:qda,7,3.0,0.04,0.118,83 107 84 105 106 108 86 109 81 80 82 87 111 112 85 113 79 104 110 219,82 107 108 83 84 85 109 167 81 106 111 165 166 214 80 110 113 164 169 215,simulation,db1,usage,55,50,50,0
W-NN,W-NN:k=1,41,,0.06,0.124,72 43 80 111 110 74 86 117 71 79 113 81 210 78 239 112 73 102 82 76,72 43 80 111 110 74 86 117 71 79 113 81 210 78 239 112 73 102 82 76,simulation,db1,energy,56,50,50,0
W-QDA,W-QDA:qda,7,,0.02,0.044,72 43 80 111 110 74 86 117 71 79 113 81 210 78 239 112 73 102 82 76,72 43 80 111 110 74 86 117 71 79 113 81 210 78 239 112 73 102 82 76,simulation,db1,energy,56,50,50,0
W-CART,W-CART:cart,25,,0.08,0.13,72 43 80 111 110 74 86 117 71 79 113 81 210 78 239 112 73 102 82 76,72 43 80 111 110 74 86 117 71 79 113 81 210 78 239 112 73 102 82 76,simulation,db1,energy,56,50,50,0
ALL,W-QDA:qda,7,,0.02,0.044,72 43 80 111 110 74 86 117 71 79 113 81 210 78 239 112 73 102 82 76,72 43 80 111 110 74 86 117 71 79 113 81 210 78 239 112 73 102 82 76,simulation,db1,energy,56,50,50,0
W-NN,W-NN:k=5,17,2.0,0.04,0.158,83 109 82 85 112 80 81 107 111 114 223 73 74 76 79 86 106 77 78 110,81 82 79 80 77 110 111 112 76 109 113 223 78 83 108 114 117 163 221 227,simulation,db1,usage,56,50,50,0
W-QDA,W-QDA:qda,8,3.0,0.0,0.05,83 85 74 78 80 107 112 113 115 73 76 79 81 82 109 110 77 87 88 106,81 82 79 80 77 110 111 112 76 109 113 223 78 83 108 114 117 163 221 227,simulation,db1,usage,56,50,50,0
W-CART,W-CART:cart,3,3.0,0.06,0.134,83 85 74 78 80 107 112 113 115 73 76 79 81 82 109 110 77 87 88 106,81 82 79 80 77 110 111 112 76 109 113 223 78 83 108 114 117 163 221 227,simulation,db1,usage,56,50,50,0
ALL,W-QDA:qda,8,3.0,0.0,0.05,83 85 74 78 80 107 112 113 115 73 76 79 81 82 109 110 77 87 88 106,81 82 79 80 77 110 111 112 76 109 113 223 78 83 108 114 117 163 221 227,simulation,db1,usage,56,50,50,0
W-NN,W-NN:k=1,22,,0.04,0.14,37 116 117 76 43 111 115 58 55 75 106 74 112 113 87 52 79 42 73 114,37 116 117 76 43 111 115 58 55 75 106 74 112 113 87 52 79 42 73 114,simulation,db1,energy,57,50,50,0
W-QDA,W-QDA:qda,3,,0.06,0.12,37 116 117 76 43 111 115 58 55 75 106 74 112 113 87 52 79 42 73 114,37 116 117 76 43 111 115 58 55 75 106 74 112 113 87 52 79 42 73 114,simulation,db1,energy,57,50,50,0
W-CART,W-CART:cart,15,,0.08,0.098,37 116 117 76 43 111 115 58 55 75 106 74 112 113 87 52 79 42 73 114,37 116 117 76 43 111 115 58 55 75 106 74 112 113 87 52 79 42 73 114,simulation,db1,energy,57,50,50,0
ALL,W-NN:k=1,22,,0.04,0.14,37 116 117 76 43 111 115 58 55 75 106 74 112 113 87 52 79 42 73 114,37 116 117 76 43 111 115 58 55 75 106 74 112 113 87 52 79 42 73 114,simulation,db1,energy,57,50,50,0
W-NN,W-NN:k=1,28,3.0,0.02,0.096,75 117 74 116 118 73 105 106 76 85 114 86 87 113 115 72 77 79 84 111,111 117 114 116 113 118 74 75 79 115 73 78 80 112 119 152 76 110 231 232,simulation,db1,usage,57,50,50,0
W-QDA,W-QDA:qda,14,3.0,0.06,0.094,75 117 74 116 118 73 105 106 76 85 114 86 87 113 115 72 77 79 84 111,111 117 114 116 113 118 74 75 79 115 73 78 80 112 119 152 76 110 231 232,simulation,db1,usage,57,50,50,0
W-CART,W-CART:cart,14,3.0,0.1,0.116,75 117 74 116 118 73 105 106 76 85 114 86 87 113 115 72 77 79 84 111,111 117 114 116 113 118 74 75 79 115 73 78 80 112 119 152 76 110 231 232,simulation,db1,usage,57,50,50,0
ALL,W-NN:k=1,28,3.0,0.02,0.096,75 117 74 116 118 73 105 106 76 85 114 86 87 113 115 72 77 79 84 111,111 117 114 116 113 118 74 75 79 115 73 78 80 112 119 152 76 110 231 232,simulation,db1,usage,57,50,50,0
W-NN,W-NN:k=1,52,,0.04,0.126,83 75 82 43 109 108 110 80 53 116 115 81 54 112 106 52 76 111 79 74,83 75 82 43 109 108 110 80 53 116 115 81 54 112 106 52 76 111 79 74,simulation,db1,energy,58,50,50,0
W-QDA,W-QDA:qda,9,,0.02,0.082,83 75 82 43 109 108 110 80 53 116 115 81 54 112 106 52 76 111 79 74,83 75 82 43 109 108 110 80 53 116 115 81 54 112 106 52 76 111 79 74,simulation,db1,energy,58,50,50,0
W-CART,W-CART:cart,14,,0.08,0.192,83 75 82 43 109 108 110 80 53 116 115 81 54 112 106 52 76 111 79 74,83 75 82 43 109 108 110 80 53 116 115 81 54 112 106 52 76 111 79 74,simulation,db1,energy,58,50,50,0
ALL,W-QDA:qda,9,,0.02,0.082,83 75 82 43 109 108 110 80 53 116 115 81 54 112 106 52 76 111 79 74,83 75 82 43 109 108 110 80 53 116 115 81 54 112 106 52 76 111 79 74,simulation,db1,energy,58,50,50,0
W-NN,W-NN:k=1,29,3.0,0.0,0.13,80 75 83 110 77 81 82 109 107 116 74 84 108 112 106 111 115 117 53 78,109 80 83 81 110 79 112 168 77 78 82 113 164 217 107 111 162 219 222 84,simulation,db1,usage,58,50,50,0
W-QDA,W-QDA:qda,17,2.0,0.02,0.034,80 81 82 83 110 107 109 77 79 111 112 113 75 78 106 115 74 84 108 116,109 80 83 81 110 79 112 168 77 78 82 113 164 217 107 111 162 219 222 84,simulation,db1,usage,58,50,50,0
W-CART,W-CART:cart,6,3.0,0.14,0.16,80 75 83 110 77 81 82 109 107 116 74 84 108 112 106 111 115 117 53 78,109 80 83 81 110 79 112 168 77 78 82 113 164 217 107 111 162 219 222 84,simulation,db1,usage,58,50,50,0
ALL,W-NN:k=1,29,3.0,0.0,0.13,80 75 83 110 77 81 82 109 107 116 74 84 108 112 106 111 115 117 53 78,109 80 83 81 110 79 112 168 77 78 82 113 164 217 107 111 162 219 222 84,simulation,db1,usage,58,50,50,0
W-NN,W-NN:k=7,3,,0.08,0.128,145 119 88 103 104 87 36 59 29 80 111 83 112 39 44 89 79 107 110 109,145 119 88 103 104 87 36 59 29 80 111 83 112 39 44 89 79 107 110 109,simulation,db1,energy,59,50,50,0
W-QDA,W-QDA:qda,12,,0.04,0.042,145 119 88 103 104 87 36 59 29 80 111 83 112 39 44 89 79 107 110 109,145 119 88 103 104 87 36 59 29 80 111 83 112 39 44 89 79 107 110 109,simulation,db1,energy,59,50,50,0
W-CART,W-CART:cart,50,,0.02,0.138,145 119 88 103 104 87 36 59 29 80 111 83 112 39 44 89 79 107 110 109,145 119 88 103 104 87 36 59 29 80 111 83 112 39 44 89 79 107 110 109,simulation,db1,energy,59,50,50,0
ALL,W-CART:cart,50,,0.02,0.138,145 119 88 103 104 87 36 59 29 80 111 83 112 39 44 89 79 107 110 109,145 119 88 103 104 87 36 59 29 80 111 83 112 39 44 89 79 107 110 109,simulation,db1,energy,59,50,50,0
W-NN,W-NN:k=1,6,1.0,0.06,0.164,107 86 108 110 79 80 82 85 109 111 83 87 106 169 81 88 105 112 164 168,107 86 108 110 79 80 82 85 109 111 83 87 106 169 81 88 105 112 164 168,simulation,db1,usage,59,50,50,0
W-QDA,W-QDA:qda,4,3.0,0.04,0.062,87 108 109 83 104 111 79 81 110 80 88 107 84 86 103 114 77 106 113 76,107 86 108 110 79 80 82 85 109 111 83 87 106 169 81 88 105 112 164 168,simulation,db1,usage,59,50,50,0
W-CART,W-CART:cart,21,0.5,0.04,0.108,107 82 221 79 85 110 111 81 84 86 108 109 112 162 163 169 10 80 87 106,107 86 108 110 79 80 82 85 109 111 83 87 106 169 81 88 105 112 164 168,simulation,db1,usage,59,50,50,0
ALL,W-QDA:qda,4,3.0,0.04,0.062,87 108 109 83 104 111 79 81 110 80 88 107 84 86 103 114 77 106 113 76,107 86 108 110 79 80 82 85 109 111 83 87 106 169 81 88 105 112 164 168,simulation,db1,usage,59,50,50,0
W-NN,W-NN:k=1,3,,0.08,0.174,241 242 229 142 141 118 154 70 83 155 35 73 107 116 117 106 84 74 228 85,241 242 229 142 141 118 154 70 83 155 35 73 107 116 117 106 84 74 228 85,simulation,db1,energy,60,50,50,0
W-QDA,W-QDA:qda,16,,0.0,0.058,241 242 229 142 141 118 154 70 83 155 35 73 107 116 117 106 84 74 228 85,241 242 229 142 141 118 154 70 83 155 35 73 107 116 117 106 84 74 228 85,simulation,db1,energy,60,50,50,0
W-CART,W-CART:cart,6,,0.06,0.146,241 242 229 142 141 118 154 70 83 155 35 73 107 116 117 106 84 74 228 85,241 242 229 142 141 118 154 70 83 155 35 73 107 116 117 106 84 74 228 85,simulation,db1,energy,60,50,50,0
ALL,W-QDA:qda,16,,0.0,0.058,241 242 229 142 141 118 154 70 83 155 35 73 107 116 117 106 84 74 228 85,241 242 229 142 141 118 154 70 83 155 35 73 107 116 117 106 84 74 228 85,simulation,db1,energy,60,50,50,0
W-NN,W-NN:k=1,11,3.0,0.04,0.124,105 107 108 81 84 85 112 114 117 75 76 83 86 87 113 118 79 106 73 74,83 82 84 108 79 81 107 109 111 113 221 77 85 217 112 220 80 105 110 114,simulation,db1,usage,60,50,50,0
W-QDA,W-QDA:qda,14,3.0,0.0,0.046,105 107 108 81 84 85 112 114 117 75 76 83 86 87 113 118 79 106 73 74,83 82 84 108 79 81 107 109 111 113 221 77 85 217 112 220 80 105 110 114,simulation,db1,usage,60,50,50,0
W-CART,W-CART:cart,20,2.0,0.06,0.118,84 81 82 105 109 113 83 107 108 111 112 87 114 76 85 106 77 80 117 168,83 82 84 108 79 81 107 109 111 113 221 77 85 217 112 220 80 105 110 114,simulation,db1,usage,60,50,50,0
ALL,W-QDA:qda,14,3.0,0.0,0.046,105 107 108 81 84 85 112 114 117 75 76 83 86 87 113 118 79 106 73 74,83 82 84 108 79 81 107 109 111 113 221 77 85 217 112 220 80 105 110 114,simulation,db1,usage,60,50,50,0
W-NN,W-NN:k=3,4,,0.1,0.142,71 120 60 76 116 75 77 117 110 114 104 81 112 72 111 105 74 142 80 119,71 120 60 76 116 75 77 117 110 114 104 81 112 72 111 105 74 142 80 119,simulation,db1,energy,61,50,50,0
W-QDA,W-QDA:qda,6,,0.04,0.076,71 120 60 76 116 75 77 117 110 114 104 81 112 72 111 105 74 142 80 119,71 120 60 76 116 75 77 117 110 114 104 81 112 72 111 105 74 142 80 119,simulation,db1,energy,61,50,50,0
W-CART,W-CART:cart,29,,0.12,0.126,71 120 60 76 116 75 77 117 110 114 104 81 112 72 111 105 74 142 80 119,71 120 60 76 116 75 77 117 110 114 104 81 112 72 111 105 74 142 80 119,simulation,db1,energy,61,50,50,0
ALL,W-QDA:qda,6,,0.04,0.076,71 120 60 76 116 75 77 117 110 114 104 81 112 72 111 105 74 142 80 119,71 120 60 76 116 75 77 117 110 114 104 81 112 72 111 105 74 142 80 119,simulation,db1,energy,61,50,50,0
W-NN,W-NN:k=5,6,2.0,0.08,0.086,77 110 116 75 82 83 111 112 113 114 76 79 108 115 117 105 233 74 84 109,82 110 113 83 108 115 79 114 116 75 77 80 81 109 111 230 112 117 163 222,simulation,db1,usage,61,50,50,0
W-QDA,W-QDA:qda,8,1.0,0.04,0.12,82 110 113 83 108 115 79 114 116 75 77 80 81 109 111 230 112 117 163 222,82 110 113 83 108 115 79 114 116 75 77 80 81 109 111 230 112 117 163 222,simulation,db1,usage,61,50,50,0
W-CART,W-CART:cart,5,3.0,0.1,0.18,110 112 76 77 117 105 113 75 79 109 114 81 82 83 108 111 116 80 115 84,82 110 113 83 108 115 79 114 116 75 77 80 81 109 111 230 112 117 163 222,simulation,db1,usage,61,50,50,0
ALL,W-QDA:qda,8,1.0,0.04,0.12,82 110 113 83 108 115 79 114 116 75 77 80 81 109 111 230 112 117 163 222,82 110 113 83 108 115 79 114 116 75 77 80 81 109 111 230 112 117 163 222,simulation,db1,usage,61,50,50,0
W-NN,W-NN:k=3,3,,0.14,0.192,110 81 85 83 55 82 109 87 105 107 72 80 54 89 104 108 43 103 120 114,110 81 85 83 55 82 109 87 105 107 72 80 54 89 104 108 43 103 120 114,simulation,db1,energy,62,50,50,0
W-QDA,W-QDA:qda,11,,0.0,0.086,110 81 85 83 55 82 109 87 105 107 72 80 54 89 104 108 43 103 120 114,110 81 85 83 55 82 109 87 105 107 72 80 54 89 104 108 43 103 120 114,simulation,db1,energy,62,50,50,0
W-CART,W-CART:cart,12,,0.04,0.156,110 81 85 83 55 82 109 87 105 107 72 80 54 89 104 108 43 103 120 114,110 81 85 83 55 82 109 87 105 107 72 80 54 89 104 108 43 103 120 114,simulation,db1,energy,62,50,50,0
ALL,W-QDA:qda,11,,0.0,0.086,110 81 85 83 55 82 109 87 105 107 72 80 54 89 104 108 43 103 120 114,110 81 85 83 55 82 109 87 105 107 72 80 54 89 104 108 43 103 120 114,simulation,db1,energy,62,50,50,0
W-NN,W-NN:k=3,4,0.5,0.04,0.17,109 80 107 108 83 110 112 79 81 82 84 85 166 217 221 106 163 219 78 111,82 109 110 80 83 108 112 78 84 107 81 85 79 105 106 111 168 115 160 161,simulation,db1,usage,62,50,50,0
W-QDA,W-QDA:qda,8,3.0,0.02,0.124,80 81 108 109 82 107 112 105 85 110 111 78 83 84 104 113 87 79 103 114,82 109 110 80 83 108 112 78 84 107 81 85 79 105 106 111 168 115 160 161,simulation,db1,usage,62,50,50,0
W-CART,W-CART:cart,29,0.5,0.04,0.15,109 80 107 108 83 110 112 79 81 82 84 85 166 217 221 106 163 219 78 111,82 109 110 80 83 108 112 78 84 107 81 85 79 105 106 111 168 115 160 161,simulation,db1,usage,62,50,50,0
ALL,W-QDA:qda,8,3.0,0.02,0.124,80 81 108 109 82 107 112 105 85 110 111 78 83 84 104 113 87 79 103 114,82 109 110 80 83 108 112 78 84 107 81 85 79 105 106 111 168 115 160 161,simulation,db1,usage,62,50,50,0
W-NN,W-NN:k=3,21,,0.06,0.098,72 119 162 81 113 221 77 120 111 112 71 155 222 56 87 144 78 105 143 28,72 119 162 81 113 221 77 120 111 112 71 155 222 56 87 144 78 105 143 28,simulation,db1,energy,63,50,50,0
W-QDA,W-QDA:qda,5,,0.02,0.082,72 119 162 81 113 221 77 120 111 112 71 155 222 56 87 144 78 105 143 28,72 119 162 81 113 221 77 120 111 112 71 155 222 56 87 144 78 105 143 28,simulation,db1,energy,63,50,50,0
W-CART,W-CART:cart,5,,0.08,0.114,72 119 162 81 113 221 77 120 111 112 71 155 222 56 87 144 78 105 143 28,72 119 162 81 113 221 77 120 111 112 71 155 222 56 87 144 78 105 143 28,simulation,db1,energy,63,50,50,0
ALL,W-QDA:qda,5,,0.02,0.082,72 119 162 81 113 221 77 120 111 112 71 155 222 56 87 144 78 105 143 28,72 119 162 81 113 221 77 120 111 112 71 155 222 56 87 144 78 105 143 28,simulation,db1,energy,63,50,50,0
W-NN,W-NN:k=1,30,0.5,0.04,0.186,77 78 113 110 114 75 111 112 115 161 164 226 229 83 108 116 117 119 150 159,113 77 75 111 114 115 72 74 78 81 116 229 73 112 120 153 159 79 80 109,simulation,db1,usage,63,50,50,0
W-QDA,W-QDA:qda,10,3.0,0.04,0.094,116 117 114 77 74 75 113 73 85 86 115 118 119 72 78 84 120 71 76 81,113 77 75 111 114 115 72 74 78 81 116 229 73 112 120 153 159 79 80 109,simulation,db1,usage,63,50,50,0
W-CART,W-CART:cart,2,3.0,0.06,0.216,116 117 114 77 74 75 113 73 85 86 115 118 119 72 78 84 120 71 76 81,113 77 75 111 114 115 72 74 78 81 116 229 73 112 120 153 159 79 80 109,simulation,db1,usage,63,50,50,0
ALL,W-QDA:qda,10,3.0,0.04,0.094,116 117 114 77 74 75 113 73 85 86 115 118 119 72 78 84 120 71 76 81,113 77 75 111 114 115 72 74 78 81 116 229 73 112 120 153 159 79 80 109,simulation,db1,usage,63,50,50,0
W-NN,W-NN:k=1,20,,0.06,0.146,221 81 110 40 162 55 44 20 27 51 75 103 115 114 88 113 76 10 117 116,221 81 110 40 162 55 44 20 27 51 75 103 115 114 88 113 76 10 117 116,simulation,db1,energy,64,50,50,0
W-QDA,W-QDA:qda,13,,0.1,0.094,221 81 110 40 162 55 44 20 27 51 75 103 115 114 88 113 76 10 117 116,221 81 110 40 162 55 44 20 27 51 75 103 115 114 88 113 76 10 117 116,simulation,db1,energy,64,50,50,0
W-CART,W-CART:cart,48,,0.1,0.138,221 81 110 40 162 55 44 20 27 51 75 103 115 114 88 113 76 10 117 116,221 81 110 40 162 55 44 20 27 51 75 103 115 114 88 113 76 10 117 116,simulation,db1,energy,64,50,50,0
ALL,W-NN:k=1,20,,0.06,0.146,221 81 110 40 162 55 44 20 27 51 75 103 115 114 88 113 76 10 117 116,221 81 110 40 162 55 44 20 27 51 75 103 115 114 88 113 76 10 117 116,simulation,db1,energy,64,50,50,0
W-NN,W-NN:k=1,12,1.5,0.06,0.068,110 114 116 76 80 82 84 87 107 109 115 164 222 75 77 104 226 78 105 108,114 109 110 116 77 80 84 107 222 75 76 112 113 164 82 83 115 163 223 79,simulation,db1,usage,64,50,50,0
W-QDA,W-QDA:qda,4,3.0,0.02,0.084,114 76 107 84 112 115 104 113 87 105 116 75 77 78 74 80 82 108 110 81,114 109 110 116 77 80 84 107 222 75 76 112 113 164 82 83 115 163 223 79,simulation,db1,usage,64,50,50,0
W-CART,W-CART:cart,48,0.5,0.04,0.104,110 114 111 223 225 79 163 222 80 218 226 75 78 84 85 107 109 112 113 116,114 109 110 116 77 80 84 107 222 75 76 112 113 164 82 83 115 163 223 79,simulation,db1,usage,64,50,50,0
ALL,W-QDA:qda,4,3.0,0.02,0.084,114 76 107 84 112 115 104 113 87 105 116 75 77 78 74 80 82 108 110 81,114 109 110 116 77 80 84 107 222 75 76 112 113 164 82 83 115 163 223 79,simulation,db1,usage,64,50,50,0
W-NN,W-NN:k=3,14,,0.08,0.108,141 35 109 83 107 41 108 84 70 217 17 82 115 76 85 106 110 216 75 121,141 35 109 83 107 41 108 84 70 217 17 82 115 76 85 106 110 216 75 121,simulation,db1,energy,65,50,50,0
W-QDA,W-QDA:qda,14,,0.16,0.158,141 35 109 83 107 41 108 84 70 217 17 82 115 76 85 106 110 216 75 121,141 35 109 83 107 41 108 84 70 217 17 82 115 76 85 106 110 216 75 121,simulation,db1,energy,65,50,50,0
W-CART,W-CART:cart,15,,0.1,0.14,141 35 109 83 107 41 108 84 70 217 17 82 115 76 85 106 110 216 75 121,141 35 109 83 107 41 108 84 70 217 17 82 115 76 85 106 110 216 75 121,simulation,db1,energy,65,50,50,0
ALL,W-NN:k=3,14,,0.08,0.108,141 35 109 83 107 41 108 84 70 217 17 82 115 76 85 106 110 216 75 121,141 35 109 83 107 41 108 84 70 217 17 82 115 76 85 106 110 216 75 121,simulation,db1,energy,65,50,50,0
W-NN,W-NN:k=1,2,1.5,0.14,0.154,107 82 83 108 109 84 80 81 106 111 79 110 166 167 216 217 77 168 218 85,82 109 83 108 81 107 84 167 217 79 80 85 106 216 110 111 165 166 215 218,simulation,db1,usage,65,50,50,0
W-QDA,W-QDA:qda,14,3.0,0.1,0.14,82 109 81 108 107 80 84 110 111 83 85 106 75 76 87 113 105 114 54 86,82 109 83 108 81 107 84 167 217 79 80 85 106 216 110 111 165 166 215 218,simulation,db1,usage,65,50,50,0
W-CART,W-CART:cart,25,3.0,0.1,0.192,82 109 81 108 107 80 84 110 111 83 85 106 75 76 87 113 105 114 54 86,82 109 83 108 81 107 84 167 217 79 80 85 106 216 110 111 165 166 215 218,simulation,db1,usage,65,50,50,0
ALL,W-QDA:qda,14,3.0,0.1,0.14,82 109 81 108 107 80 84 110 111 83 85 106 75 76 87 113 105 114 54 86,82 109 83 108 81 107 84 167 217 79 80 85 106 216 110 111 165 166 215 218,simulation,db1,usage,65,50,50,0
W-NN,W-NN:k=5,5,,0.08,0.164,110 115 55 163 76 74 58 27 117 106 327 81 441 113 79 75 169 85 149 214,110 115 55 163 76 74 58 27 117 106 327 81 441 113 79 75 169 85 149 214,simulation,db1,energy,66,50,50,0
W-QDA,W-QDA:qda,6,,0.02,0.1,110 115 55 163 76 74 58 27 117 106 327 81 441 113 79 75 169 85 149 214,110 115 55 163 76 74 58 27 117 106 327 81 441 113 79 75 169 85 149 214,simulation,db1,energy,66,50,50,0
W-CART,W-CART:cart,30,,0.1,0.172,110 115 55 163 76 74 58 27 117 106 327 81 441 113 79 75 169 85 149 214,110 115 55 163 76 74 58 27 117 106 327 81 441 113 79 75 169 85 149 214,simulation,db1,energy,66,50,50,0
ALL,W-QDA:qda,6,,0.02,0.1,110 115 55 163 76 74 58 27 117 106 327 81 441 113 79 75 169 85 149 214,110 115 55 163 76 74 58 27 117 106 327 81 441 113 79 75 169 85 149 214,simulation,db1,energy,66,50,50,0
W-NN,W-NN:k=3,6,2.0,0.0,0.088,117 76 84 114 83 106 77 115 150 215 81 109 154 214 73 75 78 79 85 104,114 79 83 84 154 82 108 75 76 77 107 109 116 117 118 156 215 231 233 74,simulation,db1,usage,66,50,50,0
W-QDA,W-QDA:qda,9,3.0,0.0,0.052,76 106 77 84 117 107 114 74 79 85 109 75 83 86 104 118 150 78 105 115,114 79 83 84 154 82 108 75 76 77 107 109 116 117 118 156 215 231 233 74,simulation,db1,usage,66,50,50,0
W-CART,W-CART:cart,2,0.5,0.06,0.136,75 84 77 80 109 74 76 81 83 116 154 229 79 82 106 108 113 114 167 219,114 79 83 84 154 82 108 75 76 77 107 109 116 117 118 156 215 231 233 74,simulation,db1,usage,66,50,50,0
ALL,W-NN:k=3,6,2.0,0.0,0.088,117 76 84 114 83 106 77 115 150 215 81 109 154 214 73 75 78 79 85 104,114 79 83 84 154 82 108 75 76 77 107 109 116 117 118 156 215 231 233 74,simulation,db1,usage,66,50,50,0
W-NN,W-NN:k=1,21,,0.06,0.152,109 36 52 86 59 119 81 82 88 103 105 89 106 53 73 58 76 85 108 87,109 36 52 86 59 119 81 82 88 103 105 89 106 53 73 58 76 85 108 87,simulation,db1,energy,67,50,50,0
W-QDA,W-QDA:qda,6,,0.04,0.056,109 36 52 86 59 119 81 82 88 103 105 89 106 53 73 58 76 85 108 87,109 36 52 86 59 119 81 82 88 103 105 89 106 53 73 58 76 85 108 87,simulation,db1,energy,67,50,50,0
W-CART,W-CART:cart,15,,0.04,0.084,109 36 52 86 59 119 81 82 88 103 105 89 106 53 73 58 76 85 108 87,109 36 52 86 59 119 81 82 88 103 105 89 106 53 73 58 76 85 108 87,simulation,db1,energy,67,50,50,0
ALL,W-QDA:qda,6,,0.04,0.056,109 36 52 86 59 119 81 82 88 103 105 89 106 53 73 58 76 85 108 87,109 36 52 86 59 119 81 82 88 103 105 89 106 53 73 58 76 85 108 87,simulation,db1,energy,67,50,50,0
W-NN,W-NN:k=1,5,3.0,0.0,0.074,86 108 104 107 83 84 88 106 82 105 87 109 111 73 53 85 103 171 173 81,168 82 83 108 86 106 107 110 87 109 166 167 218 81 84 85 104 170 171 209,simulation,db1,usage,67,50,50,0
W-QDA,W-QDA:qda,3,3.0,0.06,0.088,86 108 104 107 83 84 88 106 82 105 87 109 111 73 53 85 103 171 173 81,168 82 83 108 86 106 107 110 87 109 166 167 218 81 84 85 104 170 171 209,simulation,db1,usage,67,50,50,0
W-CART,W-CART:cart,14,3.0,0.02,0.106,86 108 104 107 83 84 88 106 82 105 87 109 111 73 53 85 103 171 173 81,168 82 83 108 86 106 107 110 87 109 166 167 218 81 84 85 104 170 171 209,simulation,db1,usage,67,50,50,0
ALL,W-NN:k=1,5,3.0,0.0,0.074,86 108 104 107 83 84 88 106 82 105 87 109 111 73 53 85 103 171 173 81,168 82 83 108 86 106 107 110 87 109 166 167 218 81 84 85 104 170 171 209,simulation,db1,usage,67,50,50,0
W-NN,W-NN:k=1,12,,0.04,0.118,73 110 81 87 109 88 108 82 53 120 42 105 85 119 83 54 84 237 106 80,73 110 81 87 109 88 108 82 53 120 42 105 85 119 83 54 84 237 106 80,simulation,db1,energy,68,50,50,0
W-QDA,W-QDA:qda,3,,0.08,0.116,73 110 81 87 109 88 108 82 53 120 42 105 85 119 83 54 84 237 106 80,73 110 81 87 109 88 108 82 53 120 42 105 85 119 83 54 84 237 106 80,simulation,db1,energy,68,50,50,0
W-CART,W-CART:cart,41,,0.06,0.13,73 110 81 87 109 88 108 82 53 120 42 105 85 119 83 54 84 237 106 80,73 110 81 87 109 88 108 82 53 120 42 105 85 119 83 54 84 237 106 80,simulation,db1,energy,68,50,50,0
ALL,W-NN:k=1,12,,0.04,0.118,73 110 81 87 109 88 108 82 53 120 42 105 85 119 83 54 84 237 106 80,73 110 81 87 109 88 108 82 53 120 42 105 85 119 83 54 84 237 106 80,simulation,db1,energy,68,50,50,0
W-NN,W-NN:k=1,15,3.0,0.0,0.148,109 110 83 85 107 108 82 104 106 84 111 81 114 86 105 87 112 113 78 88,108 106 84 109 110 81 80 82 164 166 167 83 113 162 86 111 114 165 168 215,simulation,db1,usage,68,50,50,0
W-QDA,W-QDA:qda,2,1.0,0.08,0.066,108 106 84 109 110 81 80 82 164 166 167 83 113 162 86 111 114 165 168 215,108 106 84 109 110 81 80 82 164 166 167 83 113 162 86 111 114 165 168 215,simulation,db1,usage,68,50,50,0
W-CART,W-CART:cart,27,3.0,0.02,0.108,109 110 83 85 107 108 82 104 106 84 111 81 114 86 105 87 112 113 78 88,108 106 84 109 110 81 80 82 164 166 167 83 113 162 86 111 114 165 168 215,simulation,db1,usage,68,50,50,0
ALL,W-NN:k=1,15,3.0,0.0,0.148,109 110 83 85 107 108 82 104 106 84 111 81 114 86 105 87 112 113 78 88,108 106 84 109 110 81 80 82 164 166 167 83 113 162 86 111 114 165 168 215,simulation,db1,usage,68,50,50,0
W-NN,W-NN:k=1,14,,0.14,0.194,224 79 81 112 107 106 84 39 78 170 115 82 109 53 225 80 55 113 76 114,224 79 81 112 107 106 84 39 78 170 115 82 109 53 225 80 55 113 76 114,simulation,db1,energy,69,50,50,0
W-QDA,W-QDA:qda,11,,0.06,0.076,224 79 81 112 107 106 84 39 78 170 115 82 109 53 225 80 55 113 76 114,224 79 81 112 107 106 84 39 78 170 115 82 109 53 225 80 55 113 76 114,simulation,db1,energy,69,50,50,0
W-CART,W-CART:cart,23,,0.1,0.15,224 79 81 112 107 106 84 39 78 170 115 82 109 53 225 80 55 113 76 114,224 79 81 112 107 106 84 39 78 170 115 82 109 53 225 80 55 113 76 114,simulation,db1,energy,69,50,50,0
ALL,W-QDA:qda,11,,0.06,0.076,224 79 81 112 107 106 84 39 78 170 115 82 109 53 225 80 55 113 76 114,224 79 81 112 107 106 84 39 78 170 115 82 109 53 225 80 55 113 76 114,simulation,db1,energy,69,50,50,0
W-NN,W-NN:k=1,7,1.5,0.1,0.132,78 79 80 115 112 107 108 113 76 110 114 223 82 83 109 116 159 77 158 224,79 112 113 226 78 80 115 108 228 75 82 83 107 110 158 223 76 114 159 161,simulation,db1,usage,69,50,50,0
W-QDA,W-QDA:qda,7,1.5,0.1,0.114,78 79 80 115 112 107 108 113 76 110 114 223 82 83 109 116 159 77 158 224,79 112 113 226 78 80 115 108 228 75 82 83 107 110 158 223 76 114 159 161,simulation,db1,usage,69,50,50,0
W-CART,W-CART:cart,17,1.0,0.08,0.154,79 112 113 226 78 80 115 108 228 75 82 83 107 110 158 223 76 114 159 161,79 112 113 226 78 80 115 108 228 75 82 83 107 110 158 223 76 114 159 161,simulation,db1,usage,69,50,50,0
ALL,W-CART:cart,17,1.0,0.08,0.154,79 112 113 226 78 80 115 108 228 75 82 83 107 110 158 223 76 114 159 161,79 112 113 226 78 80 115 108 228 75 82 83 107 110 158 223 76 114 159 161,simulation,db1,usage,69,50,50,0
W-NN,W-NN:k=3,5,,0.08,0.11,119 72 118 104 106 86 105 85 117 109 87 73 83 84 110 42 88 107 82 103,119 72 118 104 106 86 105 85 117 109 87 73 83 84 110 42 88 107 82 103,simulation,db1,energy,70,50,50,0
W-QDA,W-QDA:qda,11,,0.02,0.014,119 72 118 104 106 86 105 85 117 109 87 73 83 84 110 42 88 107 82 103,119 72 118 104 106 86 105 85 117 109 87 73 83 84 110 42 88 107 82 103,simulation,db1,energy,70,50,50,0
W-CART,W-CART:cart,2,,0.1,0.142,119 72 118 104 106 86 105 85 117 109 87 73 83 84 110 42 88 107 82 103,119 72 118 104 106 86 105 85 117 109 87 73 83 84 110 42 88 107 82 103,simulation,db1,energy,70,50,50,0
ALL,W-QDA:qda,11,,0.02,0.014,119 72 118 104 106 86 105 85 117 109 87 73 83 84 110 42 88 107 82 103,119 72 118 104 106 86 105 85 117 109 87 73 83 84 110 42 88 107 82 103,simulation,db1,energy,70,50,50,0
W-NN,W-NN:k=1,9,0.5,0.06,0.13,82 108 111 112 107 81 162 77 80 84 109 110 165 168 219 220 106 214 10 76,82 107 84 77 80 106 108 81 105 109 111 76 78 85 110 79 86 163 168 172,simulation,db1,usage,70,50,50,0
W-QDA,W-QDA:qda,12,3.0,0.0,0.022,105 106 82 85 108 74 76 77 79 109 110 75 84 103 107 116 73 80 83 87,82 107 84 77 80 106 108 81 105 109 111 76 78 85 110 79 86 163 168 172,simulation,db1,usage,70,50,50,0
W-CART,W-CART:cart,7,1.0,0.08,0.142,82 107 84 77 80 106 108 81 105 109 111 76 78 85 110 79 86 163 168 172,82 107 84 77 80 106 108 81 105 109 111 76 78 85 110 79 86 163 168 172,simulation,db1,usage,70,50,50,0
ALL,W-QDA:qda,12,3.0,0.0,0.022,105 106 82 85 108 74 76 77 79 109 110 75 84 103 107 116 73 80 83 87,82 107 84 77 80 106 108 81 105 109 111 76 78 85 110 79 86 163 168 172,simulation,db1,usage,70,50,50,0
W-NN,W-NN:k=5,1,,0.1,0.138,88 51 70 74 25 117 75 243 111 109 57 121 73 40 207 79 234 110 118 113,88 51 70 74 25 117 75 243 111 109 57 121 73 40 207 79 234 110 118 113,simulation,db1,energy,71,50,50,0
W-QDA,W-QDA:qda,7,,0.04,0.068,88 51 70 74 25 117 75 243 111 109 57 121 73 40 207 79 234 110 118 113,88 51 70 74 25 117 75 243 111 109 57 121 73 40 207 79 234 110 118 113,simulation,db1,energy,71,50,50,0
W-CART,W-CART:cart,25,,0.02,0.116,88 51 70 74 25 117 75 243 111 109 57 121 73 40 207 79 234 110 118 113,88 51 70 74 25 117 75 243 111 109 57 121 73 40 207 79 234 110 118 113,simulation,db1,energy,71,50,50,0
ALL,W-CART:cart,25,,0.02,0.116,88 51 70 74 25 117 75 243 111 109 57 121 73 40 207 79 234 110 118 113,88 51 70 74 25 117 75 243 111 109 57 121 73 40 207 79 234 110 118 113,simulation,db1,energy,71,50,50,0
W-NN,W-NN:k=3,7,2.0,0.1,0.184,80 79 78 111 113 76 83 110 114 74 75 77 81 107 108 112 115 230 109 116,79 80 113 114 109 111 219 74 75 77 78 81 110 76 83 112 115 116 163 151,simulation,db1,usage,71,50,50,0
W-QDA,W-QDA:qda,11,2.0,0.04,0.06,80 79 78 111 113 76 83 110 114 74 75 77 81 107 108 112 115 230 109 116,79 80 113 114 109 111 219 74 75 77 78 81 110 76 83 112 115 116 163 151,simulation,db1,usage,71,50,50,0
W-CART,W-CART:cart,15,3.0,0.0,0.124,113 79 111 78 76 83 108 112 80 81 117 74 77 109 75 110 114 115 118 82,79 80 113 114 109 111 219 74 75 77 78 81 110 76 83 112 115 116 163 151,simulation,db1,usage,71,50,50,0
ALL,W-CART:cart,15,3.0,0.0,0.124,113 79 111 78 76 83 108 112 80 81 117 74 77 109 75 110 114 115 118 82,79 80 113 114 109 111 219 74 75 77 78 81 110 76 83 112 115 116 163 151,simulation,db1,usage,71,50,50,0
W-NN,W-NN:k=1,2,,0.04,0.178,117 37 116 71 75 118 18 109 83 106 107 72 84 105 110 119 120 59 108 86,117 37 116 71 75 118 18 109 83 106 107 72 84 105 110 119 120 59 108 86,simulation,db1,energy,72,50,50,0
W-QDA,W-QDA:qda,10,,0.02,0.064,117 37 116 71 75 118 18 109 83 106 107 72 84 105 110 119 120 59 108 86,117 37 116 71 75 118 18 109 83 106 107 72 84 105 110 119 120 59 108 86,simulation,db1,energy,72,50,50,0
W-CART,W-CART:cart,3,,0.08,0.11,117 37 116 71 75 118 18 109 83 106 107 72 84 105 110 119 120 59 108 86,117 37 116 71 75 118 18 109 83 106 107 72 84 105 110 119 120 59 108 86,simulation,db1,energy,72,50,50,0
ALL,W-QDA:qda,10,,0.02,0.064,117 37 116 71 75 118 18 109 83 106 107 72 84 105 110 119 120 59 108 86,117 37 116 71 75 118 18 109 83 106 107 72 84 105 110 119 120 59 108 86,simulation,db1,energy,72,50,50,0
W-NN,W-NN:k=7,24,3.0,0.08,0.17,106 107 110 85 109 81 83 84 104 105 108 111 113 78 87 117 112 116 119 146,83 106 81 84 85 105 107 164 166 86 104 108 109 110 161 163 168 169 214 216,simulation,db1,usage,72,50,50,0
W-QDA,W-QDA:qda,2,1.5,0.14,0.076,105 106 107 85 109 111 83 168 78 164 170 81 82 84 87 104 108 110 112 116,83 106 81 84 85 105 107 164 166 86 104 108 109 110 161 163 168 169 214 216,simulation,db1,usage,72,50,50,0
W-CART,W-CART:cart,27,1.0,0.04,0.084,83 106 81 84 85 105 107 164 166 86 104 108 109 110 161 163 168 169 214 216,83 106 81 84 85 105 107 164 166 86 104 108 109 110 161 163 168 169 214 216,simulation,db1,usage,72,50,50,0
ALL,W-CART:cart,27,1.0,0.04,0.084,83 106 81 84 85 105 107 164 166 86 104 108 109 110 161 163 168 169 214 216,83 106 81 84 85 105 107 164 166 86 104 108 109 110 161 163 168 169 214 216,simulation,db1,usage,72,50,50,0
W-NN,W-NN:k=3,27,,0.04,0.098,226 116 157 37 117 39 79 81 83 108 105 84 71 110 111 74 109 112 78 119,226 116 157 37 117 39 79 81 83 108 105 84 71 110 111 74 109 112 78 119,simulation,db1,energy,73,50,50,0
W-QDA,W-QDA:qda,10,,0.04,0.088,226 116 157 37 117 39 79 81 83 108 105 84 71 110 111 74 109 112 78 119,226 116 157 37 117 39 79 81 83 108 105 84 71 110 111 74 109 112 78 119,simulation,db1,energy,73,50,50,0
W-CART,W-CART:cart,5,,0.06,0.114,226 116 157 37 117 39 79 81 83 108 105 84 71 110 111 74 109 112 78 119,226 116 157 37 117 39 79 81 83 108 105 84 71 110 111 74 109 112 78 119,simulation,db1,energy,73,50,50,0
ALL,W-QDA:qda,10,,0.04,0.088,226 116 157 37 117 39 79 81 83 108 105 84 71 110 111 74 109 112 78 119,226 116 157 37 117 39 79 81 83 108 105 84 71 110 111 74 109 112 78 119,simulation,db1,energy,73,50,50,0
W-NN,W-NN:k=7,2,1.0,0.0,0.102,83 115 78 81 82 108 75 76 77 84 110 114 106 107 113 217 79 80 86 109,83 115 78 81 82 108 75 76 77 84 110 114 106 107 113 217 79 80 86 109,simulation,db1,usage,73,50,50,0
W-QDA,W-QDA:qda,8,1.0,0.02,0.052,83 115 78 81 82 108 75 76 77 84 110 114 106 107 113 217 79 80 86 109,83 115 78 81 82 108 75 76 77 84 110 114 106 107 113 217 79 80 86 109,simulation,db1,usage,73,50,50,0
W-CART,W-CART:cart,9,1.5,0.06,0.136,83 81 82 106 107 108 110 76 84 115 105 111 114 78 85 104 109 112 75 86,83 115 78 81 82 108 75 76 77 84 110 114 106 107 113 217 79 80 86 109,simulation,db1,usage,73,50,50,0
ALL,W-NN:k=7,2,1.0,0.0,0.102,83 115 78 81 82 108 75 76 77 84 110 114 106 107 113 217 79 80 86 109,83 115 78 81 82 108 75 76 77 84 110 114 106 107 113 217 79 80 86 109,simulation,db1,usage,73,50,50,0
W-NN,W-NN:k=5,56,,0.08,0.128,82 108 57 88 75 109 41 103 102 71 83 107 116 152 44 81 77 110 76 58,82 108 57 88 75 109 41 103 102 71 83 107 116 152 44 81 77 110 76 58,simulation,db1,energy,74,50,50,0
W-QDA,W-QDA:qda,14,,0.02,0.036,82 108 57 88 75 109 41 103 102 71 83 107 116 152 44 81 77 110 76 58,82 108 57 88 75 109 41 103 102 71 83 107 116 152 44 81 77 110 76 58,simulation,db1,energy,74,50,50,0
W-CART,W-CART:cart,4,,0.04,0.14,82 108 57 88 75 109 41 103 102 71 83 107 116 152 44 81 77 110 76 58,82 108 57 88 75 109 41 103 102 71 83 107 116 152 44 81 77 110 76 58,simulation,db1,energy,74,50,50,0
ALL,W-QDA:qda,14,,0.02,0.036,82 108 57 88 75 109 41 103 102 71 83 107 116 152 44 81 77 110 76 58,82 108 57 88 75 109 41 103 102 71 83 107 116 152 44 81 77 110 76 58,simulation,db1,energy,74,50,50,0
W-NN,W-NN:k=7,22,3.0,0.02,0.11,106 87 116 75 77 88 108 117 76 83 84 105 78 104 107 115 82 86 109 110,80 83 107 109 78 82 105 113 79 81 106 110 112 114 162 220 77 85 108 111,simulation,db1,usage,74,50,50,0
W-QDA,W-QDA:qda,7,3.0,0.02,0.052,106 87 116 75 77 88 108 117 76 83 84 105 78 104 107 115 82 86 109 110,80 83 107 109 78 82 105 113 79 81 106 110 112 114 162 220 77 85 108 111,simulation,db1,usage,74,50,50,0
W-CART,W-CART:cart,47,0.5,0.08,0.124,80 82 112 113 114 81 83 84 107 108 111 155 160 223 77 109 110 162 166 220,80 83 107 109 78 82 105 113 79 81 106 110 112 114 162 220 77 85 108 111,simulation,db1,usage,74,50,50,0
ALL,W-QDA:qda,7,3.0,0.02,0.052,106 87 116 75 77 88 108 117 76 83 84 105 78 104 107 115 82 86 109 110,80 83 107 109 78 82 105 113 79 81 106 110 112 114 162 220 77 85 108 111,simulation,db1,usage,74,50,50,0
W-NN,W-NN:k=3,5,,0.1,0.164,108 40 116 106 111 83 85 84 54 74 112 109 107 76 165 110 115 78 117 114,108 40 116 106 111 83 85 84 54 74 112 109 107 76 165 110 115 78 117 114,simulation,db1,energy,75,50,50,0
W-QDA,W-QDA:qda,10,,0.02,0.078,108 40 116 106 111 83 85 84 54 74 112 109 107 76 165 110 115 78 117 114,108 40 116 106 111 83 85 84 54 74 112 109 107 76 165 110 115 78 117 114,simulation,db1,energy,75,50,50,0
W-CART,W-CART:cart,49,,0.12,0.096,108 40 116 106 111 83 85 84 54 74 112 109 107 76 165 110 115 78 117 114,108 40 116 106 111 83 85 84 54 74 112 109 107 76 165 110 115 78 117 114,simulation,db1,energy,75,50,50,0
ALL,W-QDA:qda,10,,0.02,0.078,108 40 116 106 111 83 85 84 54 74 112 109 107 76 165 110 115 78 117 114,108 40 116 106 111 83 85 84 54 74 112 109 107 76 165 110 115 78 117 114,simulation,db1,energy,75,50,50,0
W-NN,W-NN:k=1,16,2.0,0.12,0.188,80 112 114 76 109 115 77 79 83 84 110 111 78 82 107 75 156 74 85 108,82 112 76 110 80 83 108 109 113 77 115 79 114 75 81 84 107 156 158 230,simulation,db1,usage,75,50,50,0
W-QDA,W-QDA:qda,15,3.0,0.04,0.072,112 114 115 80 78 111 82 85 109 110 116 117 76 77 107 108 75 79 113 106,82 112 76 110 80 83 108 109 113 77 115 79 114 75 81 84 107 156 158 230,simulation,db1,usage,75,50,50,0
W-CART,W-CART:cart,35,1.5,0.12,0.132,112 82 115 76 79 80 110 77 83 84 114 78 109 111 74 75 107 158 113 116,82 112 76 110 80 83 108 109 113 77 115 79 114 75 81 84 107 156 158 230,simulation,db1,usage,75,50,50,0
ALL,W-QDA:qda,15,3.0,0.04,0.072,112 114 115 80 78 111 82 85 109 110 116 117 76 77 107 108 75 79 113 106,82 112 76 110 80 83 108 109 113 77 115 79 114 75 81 84 107 156 158 230,simulation,db1,usage,75,50,50,0
W-NN,W-NN:k=1,20,,0.04,0.204,84 78 53 42 112 113 39 214 226 107 121 56 106 85 70 79 111 227 169 83,84 78 53 42 112 113 39 214 226 107 121 56 106 85 70 79 111 227 169 83,simulation,db1,energy,76,50,50,0
W-QDA,W-QDA:qda,10,,0.02,0.062,84 78 53 42 112 113 39 214 226 107 121 56 106 85 70 79 111 227 169 83,84 78 53 42 112 113 39 214 226 107 121 56 106 85 70 79 111 227 169 83,simulation,db1,energy,76,50,50,0
W-CART,W-CART:cart,10,,0.1,0.116,84 78 53 42 112 113 39 214 226 107 121 56 106 85 70 79 111 227 169 83,84 78 53 42 112 113 39 214 226 107 121 56 106 85 70 79 111 227 169 83,simulation,db1,energy,76,50,50,0
ALL,W-QDA:qda,10,,0.02,0.062,84 78 53 42 112 113 39 214 226 107 121 56 106 85 70 79 111 227 169 83,84 78 53 42 112 113 39 214 226 107 121 56 106 85 70 79 111 227 169 83,simulation,db1,energy,76,50,50,0
W-NN,W-NN:k=1,13,1.5,0.02,0.136,112 82 110 113 78 80 108 226 77 83 106 107 111 114 79 81 84 156 85 162,112 82 110 78 113 83 114 226 77 80 111 81 84 75 108 221 76 79 106 160,simulation,db1,usage,76,50,50,0
W-QDA,W-QDA:qda,6,0.5,0.04,0.126,82 110 111 78 108 112 226 79 76 113 114 163 219 227 229 77 80 81 83 85,112 82 110 78 113 83 114 226 77 80 111 81 84 75 108 221 76 79 106 160,simulation,db1,usage,76,50,50,0
W-CART,W-CART:cart,25,0.5,0.04,0.1,82 110 111 78 108 112 226 79 76 113 114 163 219 227 229 77 80 81 83 85,112 82 110 78 113 83 114 226 77 80 111 81 84 75 108 221 76 79 106 160,simulation,db1,usage,76,50,50,0
ALL,W-NN:k=1,13,1.5,0.02,0.136,112 82 110 113 78 80 108 226 77 83 106 107 111 114 79 81 84 156 85 162,112 82 110 78 113 83 114 226 77 80 111 81 84 75 108 221 76 79 106 160,simulation,db1,usage,76,50,50,0
W-NN,W-NN:k=1,48,,0.08,0.124,162 110 221 81 55 324 40 109 41 20 80 74 79 111 82 58 59 112 120 115,162 110 221 81 55 324 40 109 41 20 80 74 79 111 82 58 59 112 120 115,simulation,db1,energy,77,50,50,0
W-QDA,W-QDA:qda,19,,0.12,0.216,162 110 221 81 55 324 40 109 41 20 80 74 79 111 82 58 59 112 120 115,162 110 221 81 55 324 40 109 41 20 80 74 79 111 82 58 59 112 120 115,simulation,db1,energy,77,50,50,0
W-CART,W-CART:cart,31,,0.06,0.158,162 110 221 81 55 324 40 109 41 20 80 74 79 111 82 58 59 112 120 115,162 110 221 81 55 324 40 109 41 20 80 74 79 111 82 58 59 112 120 115,simulation,db1,energy,77,50,50,0
ALL,W-CART:cart,31,,0.06,0.158,162 110 221 81 55 324 40 109 41 20 80 74 79 111 82 58 59 112 120 115,162 110 221 81 55 324 40 109 41 20 80 74 79 111 82 58 59 112 120 115,simulation,db1,energy,77,50,50,0
W-NN,W-NN:k=1,43,3.0,0.04,0.104,110 109 114 78 76 77 81 79 83 73 74 80 85 106 107 108 113 116 82 111,77 110 111 79 80 113 114 115 108 109 78 76 81 106 112 74 82 83 107 117,simulation,db1,usage,77,50,50,0
W-QDA,W-QDA:qda,8,2.0,0.02,0.07,110 80 109 115 74 77 114 81 108 111 75 76 78 82 83 79 85 106 112 107,77 110 111 79 80 113 114 115 108 109 78 76 81 106 112 74 82 83 107 117,simulation,db1,usage,77,50,50,0
W-CART,W-CART:cart,25,2.0,0.06,0.082,110 80 109 115 74 77 114 81 108 111 75 76 78 82 83 79 85 106 112 107,77 110 111 79 80 113 114 115 108 109 78 76 81 106 112 74 82 83 107 117,simulation,db1,usage,77,50,50,0
ALL,W-QDA:qda,8,2.0,0.02,0.07,110 80 109 115 74 77 114 81 108 111 75 76 78 82 83 79 85 106 112 107,77 110 111 79 80 113 114 115 108 109 78 76 81 106 112 74 82 83 107 117,simulation,db1,usage,77,50,50,0
W-NN,W-NN:k=1,3,,0.08,0.178,109 107 110 85 80 170 53 106 111 81 84 55 164 165 54 41 40 82 42 113,109 107 110 85 80 170 53 106 111 81 84 55 164 165 54 41 40 82 42 113,simulation,db1,energy,78,50,50,0
W-QDA,W-QDA:qda,4,,0.08,0.106,109 107 110 85 80 170 53 106 111 81 84 55 164 165 54 41 40 82 42 113,109 107 110 85 80 170 53 106 111 81 84 55 164 165 54 41 40 82 42 113,simulation,db1,energy,78,50,50,0
W-CART,W-CART:cart,2,,0.08,0.178,109 107 110 85 80 170 53 106 111 81 84 55 164 165 54 41 40 82 42 113,109 107 110 85 80 170 53 106 111 81 84 55 164 165 54 41 40 82 42 113,simulation,db1,energy,78,50,50,0
ALL,W-CART:cart,2,,0.08,0.178,109 107 110 85 80 170 53 106 111 81 84 55 164 165 54 41 40 82 42 113,109 107 110 85 80 170 53 106 111 81 84 55 164 165 54 41 40 82 42 113,simulation,db1,energy,78,50,50,0
W-NN,W-NN:k=1,12,3.0,0.06,0.118,81 84 106 85 107 83 110 114 109 111 117 76 79 80 82 86 105 116 40 54,80 81 82 108 165 110 83 84 109 112 222 79 111 113 107 219 77 78 169 76,simulation,db1,usage,78,50,50,0
W-QDA,W-QDA:qda,12,3.0,0.04,0.058,81 84 106 85 107 83 110 114 109 111 117 76 79 80 82 86 105 116 40 54,80 81 82 108 165 110 83 84 109 112 222 79 111 113 107 219 77 78 169 76,simulation,db1,usage,78,50,50,0
W-CART,W-CART:cart,5,0.5,0.08,0.24,80 79 108 165 221 81 82 109 110 111 112 159 162 13 83 113 218 224 77 107,80 81 82 108 165 110 83 84 109 112 222 79 111 113 107 219 77 78 169 76,simulation,db1,usage,78,50,50,0
ALL,W-QDA:qda,12,3.0,0.04,0.058,81 84 106 85 107 83 110 114 109 111 117 76 79 80 82 86 105 116 40 54,80 81 82 108 165 110 83 84 109 112 222 79 111 113 107 219 77 78 169 76,simulation,db1,usage,78,50,50,0
W-NN,W-NN:k=1,56,,0.08,0.1,120 35 82 116 81 54 75 71 142 111 83 110 74 117 76 80 114 77 115 109,120 35 82 116 81 54 75 71 142 111 83 110 74 117 76 80 114 77 115 109,simulation,db1,energy,79,50,50,0
W-QDA,W-QDA:qda,11,,0.04,0.072,120 35 82 116 81 54 75 71 142 111 83 110 74 117 76 80 114 77 115 109,120 35 82 116 81 54 75 71 142 111 83 110 74 117 76 80 114 77 115 109,simulation,db1,energy,79,50,50,0
W-CART,W-CART:cart,64,,0.14,0.158,120 35 82 116 81 54 75 71 142 111 83 110 74 117 76 80 114 77 115 109,120 35 82 116 81 54 75 71 142 111 83 110 74 117 76 80 114 77 115 109,simulation,db1,energy,79,50,50,0
ALL,W-QDA:qda,11,,0.04,0.072,120 35 82 116 81 54 75 71 142 111 83 110 74 117 76 80 114 77 115 109,120 35 82 116 81 54 75 71 142 111 83 110 74 117 76 80 114 77 115 109,simulation,db1,energy,79,50,50,0
W-NN,W-NN:k=5,9,1.5,0.08,0.164,77 114 78 115 116 83 80 81 111 75 76 84 110 154 74 82 108 118 152 161,77 80 81 114 78 115 116 79 82 111 113 76 83 110 220 227 75 84 112 152,simulation,db1,usage,79,50,50,0
W-QDA,W-QDA:qda,17,1.5,0.04,0.058,77 114 78 115 116 83 80 81 111 75 76 84 110 154 74 82 108 118 152 161,77 80 81 114 78 115 116 79 82 111 113 76 83 110 220 227 75 84 112 152,simulation,db1,usage,79,50,50,0
W-CART,W-CART:cart,6,3.0,0.12,0.2,115 77 83 76 111 74 75 81 114 116 118 78 80 82 79 84 113 117 106 58,77 80 81 114 78 115 116 79 82 111 113 76 83 110 220 227 75 84 112 152,simulation,db1,usage,79,50,50,0
ALL,W-QDA:qda,17,1.5,0.04,0.058,77 114 78 115 116 83 80 81 111 75 76 84 110 154 74 82 108 118 152 161,77 80 81 114 78 115 116 79 82 111 113 76 83 110 220 227 75 84 112 152,simulation,db1,usage,79,50,50,0
W-NN,W-NN:k=1,53,,0.06,0.122,114 115 154 35 55 40 72 76 80 106 118 121 116 120 73 79 105 153 104 155,114 115 154 35 55 40 72 76 80 106 118 121 116 120 73 79 105 153 104 155,simulation,db1,energy,80,50,50,0
W-QDA,W-QDA:qda,12,,0.02,0.06,114 115 154 35 55 40 72 76 80 106 118 121 116 120 73 79 105 153 104 155,114 115 154 35 55 40 72 76 80 106 118 121 116 120 73 79 105 153 104 155,simulation,db1,energy,80,50,50,0
W-CART,W-CART:cart,9,,0.06,0.124,114 115 154 35 55 40 72 76 80 106 118 121 116 120 73 79 105 153 104 155,114 115 154 35 55 40 72 76 80 106 118 121 116 120 73 79 105 153 104 155,simulation,db1,energy,80,50,50,0
ALL,W-QDA:qda,12,,0.02,0.06,114 115 154 35 55 40 72 76 80 106 118 121 116 120 73 79 105 153 104 155,114 115 154 35 55 40 72 76 80 106 118 121 116 120 73 79 105 153 104 155,simulation,db1,energy,80,50,50,0
W-NN,W-NN:k=1,9,0.5,0.06,0.102,111 113 225 112 114 76 110 115 14 79 83 155 162 227 228 80 77 78 151 153,76 115 78 79 111 77 114 117 225 75 80 112 152 226 227 228 74 113 118 156,simulation,db1,usage,80,50,50,0
W-QDA,W-QDA:qda,3,3.0,0.02,0.12,78 75 115 116 79 113 76 112 118 72 73 74 84 117 119 80 85 110 83 106,76 115 78 79 111 77 114 117 225 75 80 112 152 226 227 228 74 113 118 156,simulation,db1,usage,80,50,50,0
W-CART,W-CART:cart,15,1.5,0.1,0.128,78 79 111 76 74 77 80 115 117 152 230 75 113 116 118 160 72 114 225 71,76 115 78 79 111 77 114 117 225 75 80 112 152 226 227 228 74 113 118 156,simulation,db1,usage,80,50,50,0
ALL,W-QDA:qda,3,3.0,0.02,0.12,78 75 115 116 79 113 76 112 118 72 73 74 84 117 119 80 85 110 83 106,76 115 78 79 111 77 114 117 225 75 80 112 152 226 227 228 74 113 118 156,simulation,db1,usage,80,50,50,0
W-NN,W-NN:k=3,2,,0.06,0.1,117 77 114 75 55 41 113 116 76 108 57 81 109 79 80 52 58 37 111 115,117 77 114 75 55 41 113 116 76 108 57 81 109 79 80 52 58 37 111 115,simulation,db1,energy,81,50,50,0
W-QDA,W-QDA:qda,6,,0.04,0.096,117 77 114 75 55 41 113 116 76 108 57 81 109 79 80 52 58 37 111 115,117 77 114 75 55 41 113 116 76 108 57 81 109 79 80 52 58 37 111 115,simulation,db1,energy,81,50,50,0
W-CART,W-CART:cart,25,,0.02,0.156,117 77 114 75 55 41 113 116 76 108 57 81 109 79 80 52 58 37 111 115,117 77 114 75 55 41 113 116 76 108 57 81 109 79 80 52 58 37 111 115,simulation,db1,energy,81,50,50,0
ALL,W-CART:cart,25,,0.02,0.156,117 77 114 75 55 41 113 116 76 108 57 81 109 79 80 52 58 37 111 115,117 77 114 75 55 41 113 116 76 108 57 81 109 79 80 52 58 37 111 115,simulation,db1,energy,81,50,50,0
W-NN,W-NN:k=1,50,3.0,0.02,0.104,77 79 112 76 109 111 114 116 78 82 83 113 115 75 107 74 80 81 86 105,115 81 80 109 79 82 110 108 112 157 77 78 83 75 76 113 114 116 111 232,simulation,db1,usage,81,50,50,0
W-QDA,W-QDA:qda,5,0.5,0.02,0.174,81 79 80 109 76 78 82 111 113 115 110 220 77 112 114 75 108 116 157 83,115 81 80 109 79 82 110 108 112 157 77 78 83 75 76 113 114 116 111 232,simulation,db1,usage,81,50,50,0
W-CART,W-CART:cart,39,1.0,0.06,0.168,115 81 80 109 79 82 110 108 112 157 77 78 83 75 76 113 114 116 111 232,115 81 80 109 79 82 110 108 112 157 77 78 83 75 76 113 114 116 111 232,simulation,db1,usage,81,50,50,0
ALL,W-QDA:qda,5,0.5,0.02,0.174,81 79 80 109 76 78 82 111 113 115 110 220 77 112 114 75 108 116 157 83,115 81 80 109 79 82 110 108 112 157 77 78 83 75 76 113 114 116 111 232,simulation,db1,usage,81,50,50,0
W-NN,W-NN:k=1,7,,0.02,0.168,117 148 58 471 470 29 74 37 14 80 81 111 110 86 119 105 235 104 87 85,117 148 58 471 470 29 74 37 14 80 81 111 110 86 119 105 235 104 87 85,simulation,db1,energy,82,50,50,0
W-QDA,W-QDA:qda,3,,0.02,0.07,117 148 58 471 470 29 74 37 14 80 81 111 110 86 119 105 235 104 87 85,117 148 58 471 470 29 74 37 14 80 81 111 110 86 119 105 235 104 87 85,simulation,db1,energy,82,50,50,0
W-CART,W-CART:cart,9,,0.08,0.136,117 148 58 471 470 29 74 37 14 80 81 111 110 86 119 105 235 104 87 85,117 148 58 471 470 29 74 37 14 80 81 111 110 86 119 105 235 104 87 85,simulation,db1,energy,82,50,50,0
ALL,W-QDA:qda,3,,0.02,0.07,117 148 58 471 470 29 74 37 14 80 81 111 110 86 119 105 235 104 87 85,117 148 58 471 470 29 74 37 14 80 81 111 110 86 119 105 235 104 87 85,simulation,db1,energy,82,50,50,0
W-NN,W-NN:k=1,59,1.5,0.04,0.118,111 80 113 110 117 79 109 112 81 82 114 39 73 78 108 115 116 83 107 158,111 79 81 112 78 80 82 109 110 113 117 77 108 115 161 221 75 83 114 158,simulation,db1,usage,82,50,50,0
W-QDA,W-QDA:qda,16,2.0,0.0,0.082,110 111 80 113 112 115 117 116 73 78 81 114 83 86 108 109 74 77 79 82,111 79 81 112 78 80 82 109 110 113 117 77 108 115 161 221 75 83 114 158,simulation,db1,usage,82,50,50,0
W-CART,W-CART:cart,33,1.0,0.02,0.18,111 79 81 112 78 80 82 109 110 113 117 77 108 115 161 221 75 83 114 158,111 79 81 112 78 80 82 109 110 113 117 77 108 115 161 221 75 83 114 158,simulation,db1,usage,82,50,50,0
ALL,W-QDA:qda,16,2.0,0.0,0.082,110 111 80 113 112 115 117 116 73 78 81 114 83 86 108 109 74 77 79 82,111 79 81 112 78 80 82 109 110 113 117 77 108 115 161 221 75 83 114 158,simulation,db1,usage,82,50,50,0
W-NN,W-NN:k=1,2,,0.14,0.118,74 118 75 73 117 72 231 232 76 43 119 58 114 77 38 106 115 71 116 233,74 118 75 73 117 72 231 232 76 43 119 58 114 77 38 106 115 71 116 233,simulation,db1,energy,83,50,50,0
W-QDA,W-QDA:qda,3,,0.12,0.082,74 118 75 73 117 72 231 232 76 43 119 58 114 77 38 106 115 71 116 233,74 118 75 73 117 72 231 232 76 43 119 58 114 77 38 106 115 71 116 233,simulation,db1,energy,83,50,50,0
W-CART,W-CART:cart,33,,0.1,0.194,74 118 75 73 117 72 231 232 76 43 119 58 114 77 38 106 115 71 116 233,74 118 75 73 117 72 231 232 76 43 119 58 114 77 38 106 115 71 116 233,simulation,db1,energy,83,50,50,0
ALL,W-CART:cart,33,,0.1,0.194,74 118 75 73 117 72 231 232 76 43 119 58 114 77 38 106 115 71 116 233,74 118 75 73 117 72 231 232 76 43 119 58 114 77 38 106 115 71 116 233,simulation,db1,energy,83,50,50,0
W-NN,W-NN:k=3,1,3.0,0.1,0.132,73 74 76 77 75 117 72 111 114 116 118 119 78 115 79 108 112 113 150 71,77 78 114 116 117 73 74 76 115 75 79 118 235 38 112 113 119 153 232 234,simulation,db1,usage,83,50,50,0
W-QDA,W-QDA:qda,1,3.0,0.14,0.128,73 74 76 77 75 117 72 111 114 116 118 119 78 115 79 108 112 113 150 71,77 78 114 116 117 73 74 76 115 75 79 118 235 38 112 113 119 153 232 234,simulation,db1,usage,83,50,50,0
W-CART,W-CART:cart,11,1.5,0.1,0.148,116 77 74 76 78 118 114 73 115 75 112 119 234 72 38 79 117 232 233 71,77 78 114 116 117 73 74 76 115 75 79 118 235 38 112 113 119 153 232 234,simulation,db1,usage,83,50,50,0
ALL,W-NN:k=3,1,3.0,0.1,0.132,73 74 76 77 75 117 72 111 114 116 118 119 78 115 79 108 112 113 150 71,77 78 114 116 117 73 74 76 115 75 79 118 235 38 112 113 119 153 232 234,simulation,db1,usage,83,50,50,0
W-NN,W-NN:k=3,21,,0.08,0.14,115 116 38 70 113 107 114 117 75 44 78 39 103 74 54 60 79 84 105 43,115 116 38 70 113 107 114 117 75 44 78 39 103 74 54 60 79 84 105 43,simulation,db1,energy,84,50,50,0
W-QDA,W-QDA:qda,22,,0.06,0.094,115 116 38 70 113 107 114 117 75 44 78 39 103 74 54 60 79 84 105 43,115 116 38 70 113 107 114 117 75 44 78 39 103 74 54 60 79 84 105 43,simulation,db1,energy,84,50,50,0
W-CART,W-CART:cart,35,,0.04,0.112,115 116 38 70 113 107 114 117 75 44 78 39 103 74 54 60 79 84 105 43,115 116 38 70 113 107 114 117 75 44 78 39 103 74 54 60 79 84 105 43,simulation,db1,energy,84,50,50,0
ALL,W-CART:cart,35,,0.04,0.112,115 116 38 70 113 107 114 117 75 44 78 39 103 74 54 60 79 84 105 43,115 116 38 70 113 107 114 117 75 44 78 39 103 74 54 60 79 84 105 43,simulation,db1,energy,84,50,50,0
W-NN,W-NN:k=1,5,3.0,0.02,0.066,116 83 105 108 115 87 82 84 85 104 110 74 77 107 117 86 103 106 111 114,77 111 78 80 84 110 85 107 81 83 105 108 164 166 215 79 87 106 109 171,simulation,db1,usage,84,50,50,0
W-QDA,W-QDA:qda,9,3.0,0.02,0.05,116 83 105 108 115 87 82 84 85 104 110 74 77 107 117 86 103 106 111 114,77 111 78 80 84 110 85 107 81 83 105 108 164 166 215 79 87 106 109 171,simulation,db1,usage,84,50,50,0
W-CART,W-CART:cart,3,3.0,0.04,0.076,116 83 105 108 115 87 82 84 85 104 110 74 77 107 117 86 103 106 111 114,77 111 78 80 84 110 85 107 81 83 105 108 164 166 215 79 87 106 109 171,simulation,db1,usage,84,50,50,0
ALL,W-NN:k=1,5,3.0,0.02,0.066,116 83 105 108 115 87 82 84 85 104 110 74 77 107 117 86 103 106 111 114,77 111 78 80 84 110 85 107 81 83 105 108 164 166 215 79 87 106 109 171,simulation,db1,usage,84,50,50,0
W-NN,W-NN:k=3,6,,0.04,0.154,83 82 84 81 76 113 108 107 109 105 77 75 54 88 86 115 106 104 55 87,83 82 84 81 76 113 108 107 109 105 77 75 54 88 86 115 106 104 55 87,simulation,db1,energy,85,50,50,0
W-QDA,W-QDA:qda,12,,0.04,0.078,83 82 84 81 76 113 108 107 109 105 77 75 54 88 86 115 106 104 55 87,83 82 84 81 76 113 108 107 109 105 77 75 54 88 86 115 106 104 55 87,simulation,db1,energy,85,50,50,0
W-CART,W-CART:cart,15,,0.08,0.154,83 82 84 81 76 113 108 107 109 105 77 75 54 88 86 115 106 104 55 87,83 82 84 81 76 113 108 107 109 105 77 75 54 88 86 115 106 104 55 87,simulation,db1,energy,85,50,50,0
ALL,W-NN:k=3,6,,0.04,0.154,83 82 84 81 76 113 108 107 109 105 77 75 54 88 86 115 106 104 55 87,83 82 84 81 76 113 108 107 109 105 77 75 54 88 86 115 106 104 55 87,simulation,db1,energy,85,50,50,0
W-NN,W-NN:k=3,5,1.0,0.04,0.196,84 79 80 81 82 83 112 108 109 110 113 218 163 220 106 107 111 160 162 77,84 79 80 81 82 83 112 108 109 110 113 218 163 220 106 107 111 160 162 77,simulation,db1,usage,85,50,50,0
W-QDA,W-QDA:qda,13,3.0,0.02,0.094,84 82 83 109 110 80 107 113 75 108 117 78 111 115 77 81 85 116 76 79,84 79 80 81 82 83 112 108 109 110 113 218 163 220 106 107 111 160 162 77,simulation,db1,usage,85,50,50,0
W-CART,W-CART:cart,45,0.5,0.02,0.122,112 113 81 80 82 83 111 160 223 79 77 109 158 161 220 225 226 108 162 222,84 79 80 81 82 83 112 108 109 110 113 218 163 220 106 107 111 160 162 77,simulation,db1,usage,85,50,50,0
ALL,W-QDA:qda,13,3.0,0.02,0.094,84 82 83 109 110 80 107 113 75 108 117 78 111 115 77 81 85 116 76 79,84 79 80 81 82 83 112 108 109 110 113 218 163 220 106 107 111 160 162 77,simulation,db1,usage,85,50,50,0
W-NN,W-NN:k=1,9,,0.08,0.138,81 110 107 84 106 72 39 118 82 109 85 108 73 71 121 111 120 112 80 119,81 110 107 84 106 72 39 118 82 109 85 108 73 71 121 111 120 112 80 119,simulation,db1,energy,86,50,50,0
W-QDA,W-QDA:qda,10,,0.06,0.078,81 110 107 84 106 72 39 118 82 109 85 108 73 71 121 111 120 112 80 119,81 110 107 84 106 72 39 118 82 109 85 108 73 71 121 111 120 112 80 119,simulation,db1,energy,86,50,50,0
W-CART,W-CART:cart,20,,0.1,0.122,81 110 107 84 106 72 39 118 82 109 85 108 73 71 121 111 120 112 80 119,81 110 107 84 106 72 39 118 82 109 85 108 73 71 121 111 120 112 80 119,simulation,db1,energy,86,50,50,0
ALL,W-QDA:qda,10,,0.06,0.078,81 110 107 84 106 72 39 118 82 109 85 108 73 71 121 111 120 112 80 119,81 110 107 84 106 72 39 118 82 109 85 108 73 71 121 111 120 112 80 119,simulation,db1,energy,86,50,50,0
W-NN,W-NN:k=1,5,3.0,0.08,0.18,79 106 107 78 84 114 73 77 80 82 108 111 112 83 105 109 110 113 81 85,79 111 112 80 110 81 82 108 77 83 84 109 165 78 85 107 219 106 113 114,simulation,db1,usage,86,50,50,0
W-QDA,W-QDA:qda,10,3.0,0.02,0.08,79 106 107 78 84 114 73 77 80 82 108 111 112 83 105 109 110 113 81 85,79 111 112 80 110 81 82 108 77 83 84 109 165 78 85 107 219 106 113 114,simulation,db1,usage,86,50,50,0
W-CART,W-CART:cart,11,2.0,0.06,0.102,79 84 111 85 106 109 110 77 80 82 105 114 83 107 221 78 108 112 113 219,79 111 112 80 110 81 82 108 77 83 84 109 165 78 85 107 219 106 113 114,simulation,db1,usage,86,50,50,0
ALL,W-QDA:qda,10,3.0,0.02,0.08,79 106 107 78 84 114 73 77 80 82 108 111 112 83 105 109 110 113 81 85,79 111 112 80 110 81 82 108 77 83 84 109 165 78 85 107 219 106 113 114,simulation,db1,usage,86,50,50,0
W-NN,W-NN:k=5,24,,0.06,0.156,87 52 116 114 115 109 104 37 108 154 38 113 103 76 77 155 117 75 119 166,87 52 116 114 115 109 104 37 108 154 38 113 103 76 77 155 117 75 119 166,simulation,db1,energy,87,50,50,0
W-QDA,W-QDA:qda,2,,0.04,0.11,87 52 116 114 115 109 104 37 108 154 38 113 103 76 77 155 117 75 119 166,87 52 116 114 115 109 104 37 108 154 38 113 103 76 77 155 117 75 119 166,simulation,db1,energy,87,50,50,0
W-CART,W-CART:cart,14,,0.1,0.126,87 52 116 114 115 109 104 37 108 154 38 113 103 76 77 155 117 75 119 166,87 52 116 114 115 109 104 37 108 154 38 113 103 76 77 155 117 75 119 166,simulation,db1,energy,87,50,50,0
ALL,W-QDA:qda,2,,0.04,0.11,87 52 116 114 115 109 104 37 108 154 38 113 103 76 77 155 117 75 119 166,87 52 116 114 115 109 104 37 108 154 38 113 103 76 77 155 117 75 119 166,simulation,db1,energy,87,50,50,0
W-NN,W-NN:k=1,43,3.0,0.04,0.142,113 117 80 114 115 75 76 82 109 116 77 79 81 83 118 151 154 155 231 73,79 113 76 115 78 80 82 229 81 112 116 154 151 75 110 114 155 228 109 111,simulation,db1,usage,87,50,50,0
W-QDA,W-QDA:qda,4,2.0,0.08,0.098,113 80 117 115 75 76 78 81 114 73 112 116 79 109 151 74 82 110 118 153,79 113 76 115 78 80 82 229 81 112 116 154 151 75 110 114 155 228 109 111,simulation,db1,usage,87,50,50,0
W-CART,W-CART:cart,8,1.5,0.06,0.118,113 78 79 115 80 81 82 117 75 76 114 116 112 73 74 109 151 153 154 155,79 113 76 115 78 80 82 229 81 112 116 154 151 75 110 114 155 228 109 111,simulation,db1,usage,87,50,50,0
ALL,W-NN:k=1,43,3.0,0.04,0.142,113 117 80 114 115 75 76 82 109 116 77 79 81 83 118 151 154 155 231 73,79 113 76 115 78 80 82 229 81 112 116 154 151 75 110 114 155 228 109 111,simulation,db1,usage,87,50,50,0
W-NN,W-NN:k=1,43,,0.04,0.122,84 116 75 214 60 107 106 85 71 83 42 70 108 213 115 109 53 74 76 73,84 116 75 214 60 107 106 85 71 83 42 70 108 213 115 109 53 74 76 73,simulation,db1,energy,88,50,50,0
W-QDA,W-QDA:qda,12,,0.04,0.054,84 116 75 214 60 107 106 85 71 83 42 70 108 213 115 109 53 74 76 73,84 116 75 214 60 107 106 85 71 83 42 70 108 213 115 109 53 74 76 73,simulation,db1,energy,88,50,50,0
W-CART,W-CART:cart,25,,0.14,0.098,84 116 75 214 60 107 106 85 71 83 42 70 108 213 115 109 53 74 76 73,84 116 75 214 60 107 106 85 71 83 42 70 108 213 115 109 53 74 76 73,simulation,db1,energy,88,50,50,0
ALL,W-QDA:qda,12,,0.04,0.054,84 116 75 214 60 107 106 85 71 83 42 70 108 213 115 109 53 74 76 73,84 116 75 214 60 107 106 85 71 83 42 70 108 213 115 109 53 74 76 73,simulation,db1,energy,88,50,50,0
W-NN,W-NN:k=3,43,3.0,0.04,0.188,83 107 78 79 84 108 73 74 85 115 116 109 72 75 106 111 112 76 80 82,109 107 80 78 85 106 108 111 113 168 73 74 75 76 79 84 112 114 115 116,simulation,db1,usage,88,50,50,0
W-QDA,W-QDA:qda,17,2.0,0.0,0.042,109 107 83 74 84 115 116 75 78 106 108 112 76 79 111 82 85 110 114 73,109 107 80 78 85 106 108 111 113 168 73 74 75 76 79 84 112 114 115 116,simulation,db1,usage,88,50,50,0
W-CART,W-CART:cart,38,3.0,0.12,0.104,83 107 78 79 84 108 73 74 85 115 116 109 72 75 106 111 112 76 80 82,109 107 80 78 85 106 108 111 113 168 73 74 75 76 79 84 112 114 115 116,simulation,db1,usage,88,50,50,0
ALL,W-QDA:qda,17,2.0,0.0,0.042,109 107 83 74 84 115 116 75 78 106 108 112 76 79 111 82 85 110 114 73,109 107 80 78 85 106 108 111 113 168 73 74 75 76 79 84 112 114 115 116,simulation,db1,usage,88,50,50,0
W-NN,W-NN:k=1,9,,0.1,0.172,78 117 228 227 118 73 74 75 113 35 148 114 147 236 19 39 235 77 72 88,78 117 228 227 118 73 74 75 113 35 148 114 147 236 19 39 235 77 72 88,simulation,db1,energy,89,50,50,0
W-QDA,W-QDA:qda,5,,0.06,0.086,78 117 228 227 118 73 74 75 113 35 148 114 147 236 19 39 235 77 72 88,78 117 228 227 118 73 74 75 113 35 148 114 147 236 19 39 235 77 72 88,simulation,db1,energy,89,50,50,0
W-CART,W-CART:cart,2,,0.14,0.15,78 117 228 227 118 73 74 75 113 35 148 114 147 236 19 39 235 77 72 88,78 117 228 227 118 73 74 75 113 35 148 114 147 236 19 39 235 77 72 88,simulation,db1,energy,89,50,50,0
ALL,W-QDA:qda,5,,0.06,0.086,78 117 228 227 118 73 74 75 113 35 148 114 147 236 19 39 235 77 72 88,78 117 228 227 118 73 74 75 113 35 148 114 147 236 19 39 235 77 72 88,simulation,db1,energy,89,50,50,0
W-NN,W-NN:k=3,5,0.5,0.02,0.12,114 113 76 74 80 112 115 146 149 229 232 75 77 83 150 152 234 237 110 230,115 74 114 77 149 150 73 234 76 118 152 75 117 151 153 237 107 113 116 232,simulation,db1,usage,89,50,50,0
W-QDA,W-QDA:qda,14,3.0,0.04,0.068,117 73 74 118 75 114 116 72 77 239 85 86 110 112 113 145 149 150 233 71,115 74 114 77 149 150 73 234 76 118 152 75 117 151 153 237 107 113 116 232,simulation,db1,usage,89,50,50,0
W-CART,W-CART:cart,43,0.5,0.1,0.12,114 113 76 74 80 112 115 146 149 229 232 75 77 83 150 152 234 237 110 230,115 74 114 77 149 150 73 234 76 118 152 75 117 151 153 237 107 113 116 232,simulation,db1,usage,89,50,50,0
ALL,W-NN:k=3,5,0.5,0.02,0.12,114 113 76 74 80 112 115 146 149 229 232 75 77 83 150 152 234 237 110 230,115 74 114 77 149 150 73 234 76 118 152 75 117 151 153 237 107 113 116 232,simulation,db1,usage,89,50,50,0
W-NN,W-NN:k=1,14,,0.1,0.106,58 74 78 41 75 120 70 109 77 121 113 103 108 79 116 76 114 112 71 88,58 74 78 41 75 120 70 109 77 121 113 103 108 79 116 76 114 112 71 88,simulation,db1,energy,90,50,50,0
W-QDA,W-QDA:qda,8,,0.04,0.074,58 74 78 41 75 120 70 109 77 121 113 103 108 79 116 76 114 112 71 88,58 74 78 41 75 120 70 109 77 121 113 103 108 79 116 76 114 112 71 88,simulation,db1,energy,90,50,50,0
W-CART,W-CART:cart,57,,0.06,0.112,58 74 78 41 75 120 70 109 77 121 113 103 108 79 116 76 114 112 71 88,58 74 78 41 75 120 70 109 77 121 113 103 108 79 116 76 114 112 71 88,simulation,db1,energy,90,50,50,0
ALL,W-QDA:qda,8,,0.04,0.074,58 74 78 41 75 120 70 109 77 121 113 103 108 79 116 76 114 112 71 88,58 74 78 41 75 120 70 109 77 121 113 103 108 79 116 76 114 112 71 88,simulation,db1,energy,90,50,50,0
W-NN,W-NN:k=5,9,3.0,0.06,0.094,78 74 75 76 108 73 79 82 106 111 117 118 77 86 105 109 110 112 70 72,76 78 80 111 115 110 113 75 77 81 109 79 83 112 114 116 73 107 108 117,simulation,db1,usage,90,50,50,0
W-QDA,W-QDA:qda,5,3.0,0.02,0.074,78 74 75 76 108 73 79 82 106 111 117 118 77 86 105 109 110 112 70 72,76 78 80 111 115 110 113 75 77 81 109 79 83 112 114 116 73 107 108 117,simulation,db1,usage,90,50,50,0
W-CART,W-CART:cart,63,0.5,0.02,0.074,77 78 80 14 75 79 76 110 111 112 114 115 81 82 108 116 117 160 228 231,76 78 80 111 115 110 113 75 77 81 109 79 83 112 114 116 73 107 108 117,simulation,db1,usage,90,50,50,0
ALL,W-QDA:qda,5,3.0,0.02,0.074,78 74 75 76 108 73 79 82 106 111 117 118 77 86 105 109 110 112 70 72,76 78 80 111 115 110 113 75 77 81 109 79 83 112 114 116 73 107 108 117,simulation,db1,usage,90,50,50,0
W-NN,W-NN:k=5,2,,0.08,0.132,84 107 42 108 80 40 81 111 110 83 79 113 109 43 222 112 41 114 78 77,84 107 42 108 80 40 81 111 110 83 79 113 109 43 222 112 41 114 78 77,simulation,db1,energy,91,50,50,0
W-QDA,W-QDA:qda,3,,0.12,0.104,84 107 42 108 80 40 81 111 110 83 79 113 109 43 222 112 41 114 78 77,84 107 42 108 80 40 81 111 110 83 79 113 109 43 222 112 41 114 78 77,simulation,db1,energy,91,50,50,0
W-CART,W-CART:cart,51,,0.1,0.15,84 107 42 108 80 40 81 111 110 83 79 113 109 43 222 112 41 114 78 77,84 107 42 108 80 40 81 111 110 83 79 113 109 43 222 112 41 114 78 77,simulation,db1,energy,91,50,50,0
ALL,W-NN:k=5,2,,0.08,0.132,84 107 42 108 80 40 81 111 110 83 79 113 109 43 222 112 41 114 78 77,84 107 42 108 80 40 81 111 110 83 79 113 109 43 222 112 41 114 78 77,simulation,db1,energy,91,50,50,0
W-NN,W-NN:k=3,24,3.0,0.08,0.124,81 110 112 79 82 108 109 107 77 80 84 111 115 116 76 78 83 85 106 75,79 109 112 113 81 111 78 80 82 110 161 227 108 160 165 221 223 226 106 107,simulation,db1,usage,91,50,50,0
W-QDA,W-QDA:qda,9,3.0,0.12,0.184,81 110 112 79 82 108 109 107 77 80 84 111 115 116 76 78 83 85 106 75,79 109 112 113 81 111 78 80 82 110 161 227 108 160 165 221 223 226 106 107,simulation,db1,usage,91,50,50,0
W-CART,W-CART:cart,29,3.0,0.06,0.12,81 110 112 79 82 108 109 107 77 80 84 111 115 116 76 78 83 85 106 75,79 109 112 113 81 111 78 80 82 110 161 227 108 160 165 221 223 226 106 107,simulation,db1,usage,91,50,50,0
ALL,W-CART:cart,29,3.0,0.06,0.12,81 110 112 79 82 108 109 107 77 80 84 111 115 116 76 78 83 85 106 75,79 109 112 113 81 111 78 80 82 110 161 227 108 160 165 221 223 226 106 107,simulation,db1,usage,91,50,50,0
W-NN,W-NN:k=1,7,,0.1,0.088,82 109 81 37 114 77 117 84 56 110 113 83 156 105 39 116 43 79 80 155,82 109 81 37 114 77 117 84 56 110 113 83 156 105 39 116 43 79 80 155,simulation,db1,energy,92,50,50,0
W-QDA,W-QDA:qda,15,,0.08,0.07,82 109 81 37 114 77 117 84 56 110 113 83 156 105 39 116 43 79 80 155,82 109 81 37 114 77 117 84 56 110 113 83 156 105 39 116 43 79 80 155,simulation,db1,energy,92,50,50,0
W-CART,W-CART:cart,14,,0.08,0.154,82 109 81 37 114 77 117 84 56 110 113 83 156 105 39 116 43 79 80 155,82 109 81 37 114 77 117 84 56 110 113 83 156 105 39 116 43 79 80 155,simulation,db1,energy,92,50,50,0
ALL,W-CART:cart,14,,0.08,0.154,82 109 81 37 114 77 117 84 56 110 113 83 156 105 39 116 43 79 80 155,82 109 81 37 114 77 117 84 56 110 113 83 156 105 39 116 43 79 80 155,simulation,db1,energy,92,50,50,0
W-NN,W-NN:k=1,8,0.5,0.08,0.132,75 77 81 82 115 79 109 114 221 80 111 112 156 158 76 78 110 113 116 151,79 82 77 80 81 112 114 109 156 76 111 113 158 78 83 110 162 84 108 115,simulation,db1,usage,92,50,50,0
W-QDA,W-QDA:qda,12,0.5,0.08,0.092,75 77 81 82 115 79 109 114 221 80 111 112 156 158 76 78 110 113 116 151,79 82 77 80 81 112 114 109 156 76 111 113 158 78 83 110 162 84 108 115,simulation,db1,usage,92,50,50,0
W-CART,W-CART:cart,45,3.0,0.08,0.114,80 109 112 79 81 82 83 107 111 113 114 76 78 84 108 110 116 117 77 115,79 82 77 80 81 112 114 109 156 76 111 113 158 78 83 110 162 84 108 115,simulation,db1,usage,92,50,50,0
ALL,W-NN:k=1,8,0.5,0.08,0.132,75 77 81 82 115 79 109 114 221 80 111 112 156 158 76 78 110 113 116 151,79 82 77 80 81 112 114 109 156 76 111 113 158 78 83 110 162 84 108 115,simulation,db1,usage,92,50,50,0
W-NN,W-NN:k=5,6,,0.1,0.126,88 57 114 72 109 82 103 85 78 84 74 116 115 83 104 59 73 77 76 117,88 57 114 72 109 82 103 85 78 84 74 116 115 83 104 59 73 77 76 117,simulation,db1,energy,93,50,50,0
W-QDA,W-QDA:qda,10,,0.02,0.026,88 57 114 72 109 82 103 85 78 84 74 116 115 83 104 59 73 77 76 117,88 57 114 72 109 82 103 85 78 84 74 116 115 83 104 59 73 77 76 117,simulation,db1,energy,93,50,50,0
W-CART,W-CART:cart,8,,0.1,0.11,88 57 114 72 109 82 103 85 78 84 74 116 115 83 104 59 73 77 76 117,88 57 114 72 109 82 103 85 78 84 74 116 115 83 104 59 73 77 76 117,simulation,db1,energy,93,50,50,0
ALL,W-QDA:qda,10,,0.02,0.026,88 57 114 72 109 82 103 85 78 84 74 116 115 83 104 59 73 77 76 117,88 57 114 72 109 82 103 85 78 84 74 116 115 83 104 59 73 77 76 117,simulation,db1,energy,93,50,50,0
W-NN,W-NN:k=1,5,3.0,0.08,0.166,115 74 116 75 81 82 117 72 76 77 78 79 85 105 113 118 106 109 111 114,75 115 114 74 113 77 78 112 155 116 80 117 152 79 118 230 73 76 81 82,simulation,db1,usage,93,50,50,0
W-QDA,W-QDA:qda,18,3.0,0.04,0.102,115 74 116 75 81 82 117 72 76 77 78 79 85 105 113 118 106 109 111 114,75 115 114 74 113 77 78 112 155 116 80 117 152 79 118 230 73 76 81 82,simulation,db1,usage,93,50,50,0
W-CART,W-CART:cart,11,2.0,0.08,0.128,74 114 115 75 77 116 85 152 78 82 113 117 76 79 80 81 112 83 105 109,75 115 114 74 113 77 78 112 155 116 80 117 152 79 118 230 73 76 81 82,simulation,db1,usage,93,50,50,0
ALL,W-QDA:qda,18,3.0,0.04,0.102,115 74 116 75 81 82 117 72 76 77 78 79 85 105 113 118 106 109 111 114,75 115 114 74 113 77 78 112 155 116 80 117 152 79 118 230 73 76 81 82,simulation,db1,usage,93,50,50,0
W-NN,W-NN:k=1,5,,0.02,0.144,117 74 73 77 110 102 103 44 78 84 85 113 72 86 41 115 53 76 236 111,117 74 73 77 110 102 103 44 78 84 85 113 72 86 41 115 53 76 236 111,simulation,db1,energy,94,50,50,0
W-QDA,W-QDA:qda,4,,0.0,0.058,117 74 73 77 110 102 103 44 78 84 85 113 72 86 41 115 53 76 236 111,117 74 73 77 110 102 103 44 78 84 85 113 72 86 41 115 53 76 236 111,simulation,db1,energy,94,50,50,0
W-CART,W-CART:cart,6,,0.0,0.094,117 74 73 77 110 102 103 44 78 84 85 113 72 86 41 115 53 76 236 111,117 74 73 77 110 102 103 44 78 84 85 113 72 86 41 115 53 76 236 111,simulation,db1,energy,94,50,50,0
ALL,W-QDA:qda,4,,0.0,0.058,117 74 73 77 110 102 103 44 78 84 85 113 72 86 41 115 53 76 236 111,117 74 73 77 110 102 103 44 78 84 85 113 72 86 41 115 53 76 236 111,simulation,db1,energy,94,50,50,0
W-NN,W-NN:k=3,3,1.5,0.02,0.122,80 106 74 77 78 81 84 85 107 108 110 113 114 115 79 109 225 82 105 111,107 80 79 109 115 74 77 81 82 114 78 106 108 110 117 73 75 83 84 111,simulation,db1,usage,94,50,50,0
W-QDA,W-QDA:qda,3,1.5,0.0,0.098,80 106 74 77 78 81 84 85 107 108 110 113 114 115 79 109 225 82 105 111,107 80 79 109 115 74 77 81 82 114 78 106 108 110 117 73 75 83 84 111,simulation,db1,usage,94,50,50,0
W-CART,W-CART:cart,13,0.5,0.0,0.138,110 79 107 109 113 78 80 81 83 108 111 230 74 75 77 84 106 116 155 170,107 80 79 109 115 74 77 81 82 114 78 106 108 110 117 73 75 83 84 111,simulation,db1,usage,94,50,50,0
ALL,W-QDA:qda,3,1.5,0.0,0.098,80 106 74 77 78 81 84 85 107 108 110 113 114 115 79 109 225 82 105 111,107 80 79 109 115 74 77 81 82 114 78 106 108 110 117 73 75 83 84 111,simulation,db1,usage,94,50,50,0
W-NN,W-NN:k=3,8,,0.06,0.074,107 41 84 71 108 118 60 76 116 114 83 70 117 74 120 115 72 75 167 85,107 41 84 71 108 118 60 76 116 114 83 70 117 74 120 115 72 75 167 85,simulation,db1,energy,95,50,50,0
W-QDA,W-QDA:qda,8,,0.04,0.066,107 41 84 71 108 118 60 76 116 114 83 70 117 74 120 115 72 75 167 85,107 41 84 71 108 118 60 76 116 114 83 70 117 74 120 115 72 75 167 85,simulation,db1,energy,95,50,50,0
W-CART,W-CART:cart,44,,0.06,0.12,107 41 84 71 108 118 60 76 116 114 83 70 117 74 120 115 72 75 167 85,107 41 84 71 108 118 60 76 116 114 83 70 117 74 120 115 72 75 167 85,simulation,db1,energy,95,50,50,0
ALL,W-QDA:qda,8,,0.04,0.066,107 41 84 71 108 118 60 76 116 114 83 70 117 74 120 115 72 75 167 85,107 41 84 71 108 118 60 76 116 114 83 70 117 74 120 115 72 75 167 85,simulation,db1,energy,95,50,50,0
W-NN,W-NN:k=5,5,2.0,0.02,0.052,76 83 74 84 108 73 75 78 106 114 115 86 105 107 116 118 234 79 82 85,78 108 114 76 77 83 84 112 75 79 107 82 109 115 74 230 234 85 86 116,simulation,db1,usage,95,50,50,0
W-QDA,W-QDA:qda,7,2.0,0.02,0.038,76 83 74 84 108 73 75 78 106 114 115 86 105 107 116 118 234 79 82 85,78 108 114 76 77 83 84 112 75 79 107 82 109 115 74 230 234 85 86 116,simulation,db1,usage,95,50,50,0
W-CART,W-CART:cart,10,1.5,0.06,0.1,83 114 108 76 84 74 75 78 73 77 79 82 85 86 107 115 116 234 71 106,78 108 114 76 77 83 84 112 75 79 107 82 109 115 74 230 234 85 86 116,simulation,db1,usage,95,50,50,0
ALL,W-NN:k=5,5,2.0,0.02,0.052,76 83 74 84 108 73 75 78 106 114 115 86 105 107 116 118 234 79 82 85,78 108 114 76 77 83 84 112 75 79 107 82 109 115 74 230 234 85 86 116,simulation,db1,usage,95,50,50,0
W-NN,W-NN:k=1,7,,0.06,0.072,107 59 84 87 52 72 115 114 88 108 77 116 86 37 73 119 51 118 85 104,107 59 84 87 52 72 115 114 88 108 77 116 86 37 73 119 51 118 85 104,simulation,db1,energy,96,50,50,0
W-QDA,W-QDA:qda,7,,0.02,0.042,107 59 84 87 52 72 115 114 88 108 77 116 86 37 73 119 51 118 85 104,107 59 84 87 52 72 115 114 88 108 77 116 86 37 73 119 51 118 85 104,simulation,db1,energy,96,50,50,0
W-CART,W-CART:cart,4,,0.04,0.12,107 59 84 87 52 72 115 114 88 108 77 116 86 37 73 119 51 118 85 104,107 59 84 87 52 72 115 114 88 108 77 116 86 37 73 119 51 118 85 104,simulation,db1,energy,96,50,50,0
ALL,W-QDA:qda,7,,0.02,0.042,107 59 84 87 52 72 115 114 88 108 77 116 86 37 73 119 51 118 85 104,107 59 84 87 52 72 115 114 88 108 77 116 86 37 73 119 51 118 85 104,simulation,db1,energy,96,50,50,0
W-NN,W-NN:k=1,7,0.5,0.04,0.084,115 76 77 81 154 75 108 109 114 227 111 112 156 158 160 229 79 82 110 116,76 115 77 108 111 112 74 75 79 110 114 116 156 80 81 117 157 109 113 147,simulation,db1,usage,96,50,50,0
W-QDA,W-QDA:qda,4,1.0,0.02,0.128,76 115 77 108 111 112 74 75 79 110 114 116 156 80 81 117 157 109 113 147,76 115 77 108 111 112 74 75 79 110 114 116 156 80 81 117 157 109 113 147,simulation,db1,usage,96,50,50,0
W-CART,W-CART:cart,34,2.0,0.04,0.12,116 79 81 74 75 110 111 113 115 114 76 77 80 117 84 85 112 156 223 108,76 115 77 108 111 112 74 75 79 110 114 116 156 80 81 117 157 109 113 147,simulation,db1,usage,96,50,50,0
ALL,W-QDA:qda,4,1.0,0.02,0.128,76 115 77 108 111 112 74 75 79 110 114 116 156 80 81 117 157 109 113 147,76 115 77 108 111 112 74 75 79 110 114 116 156 80 81 117 157 109 113 147,simulation,db1,usage,96,50,50,0
W-NN,W-NN:k=1,59,,0.06,0.12,85 119 118 53 106 73 107 36 76 120 37 84 88 116 104 71 115 59 58 146,85 119 118 53 106 73 107 36 76 120 37 84 88 116 104 71 115 59 58 146,simulation,db1,energy,97,50,50,0
W-QDA,W-QDA:qda,9,,0.04,0.044,85 119 118 53 106 73 107 36 76 120 37 84 88 116 104 71 115 59 58 146,85 119 118 53 106 73 107 36 76 120 37 84 88 116 104 71 115 59 58 146,simulation,db1,energy,97,50,50,0
W-CART,W-CART:cart,59,,0.12,0.188,85 119 118 53 106 73 107 36 76 120 37 84 88 116 104 71 115 59 58 146,85 119 118 53 106 73 107 36 76 120 37 84 88 116 104 71 115 59 58 146,simulation,db1,energy,97,50,50,0
ALL,W-QDA:qda,9,,0.04,0.044,85 119 118 53 106 73 107 36 76 120 37 84 88 116 104 71 115 59 58 146,85 119 118 53 106 73 107 36 76 120 37 84 88 116 104 71 115 59 58 146,simulation,db1,energy,97,50,50,0
W-NN,W-NN:k=1,7,1.0,0.06,0.136,116 79 75 78 113 115 117 76 114 81 112 118 148 74 77 151 235 238 72 73,116 79 75 78 113 115 117 76 114 81 112 118 148 74 77 151 235 238 72 73,simulation,db1,usage,97,50,50,0
W-QDA,W-QDA:qda,3,2.0,0.1,0.148,116 75 76 73 115 77 78 113 118 148 72 74 79 114 117 71 80 111 149 37,116 79 75 78 113 115 117 76 114 81 112 118 148 74 77 151 235 238 72 73,simulation,db1,usage,97,50,50,0
W-CART,W-CART:cart,33,1.0,0.08,0.108,116 79 75 78 113 115 117 76 114 81 112 118 148 74 77 151 235 238 72 73,116 79 75 78 113 115 117 76 114 81 112 118 148 74 77 151 235 238 72 73,simulation,db1,usage,97,50,50,0
ALL,W-NN:k=1,7,1.0,0.06,0.136,116 79 75 78 113 115 117 76 114 81 112 118 148 74 77 151 235 238 72 73,116 79 75 78 113 115 117 76 114 81 112 118 148 74 77 151 235 238 72 73,simulation,db1,usage,97,50,50,0
W-NN,W-NN:k=3,8,,0.1,0.138,113 78 84 107 117 110 116 112 73 77 38 79 74 81 115 72 109 114 76 71,113 78 84 107 117 110 116 112 73 77 38 79 74 81 115 72 109 114 76 71,simulation,db1,energy,98,50,50,0
W-QDA,W-QDA:qda,9,,0.0,0.05,113 78 84 107 117 110 116 112 73 77 38 79 74 81 115 72 109 114 76 71,113 78 84 107 117 110 116 112 73 77 38 79 74 81 115 72 109 114 76 71,simulation,db1,energy,98,50,50,0
W-CART,W-CART:cart,48,,0.1,0.108,113 78 84 107 117 110 116 112 73 77 38 79 74 81 115 72 109 114 76 71,113 78 84 107 117 110 116 112 73 77 38 79 74 81 115 72 109 114 76 71,simulation,db1,energy,98,50,50,0
ALL,W-QDA:qda,9,,0.0,0.05,113 78 84 107 117 110 116 112 73 77 38 79 74 81 115 72 109 114 76 71,113 78 84 107 117 110 116 112 73 77 38 79 74 81 115 72 109 114 76 71,simulation,db1,energy,98,50,50,0
W-NN,W-NN:k=1,3,0.5,0.08,0.198,78 75 76 79 112 113 116 228 80 115 226 229 230 77 81 111 154 231 114 117,78 76 77 112 116 75 79 110 113 228 80 114 115 111 154 226 229 74 81 107,simulation,db1,usage,98,50,50,0
W-QDA,W-QDA:qda,6,0.5,0.06,0.146,78 75 76 79 112 113 116 228 80 115 226 229 230 77 81 111 154 231 114 117,78 76 77 112 116 75 79 110 113 228 80 114 115 111 154 226 229 74 81 107,simulation,db1,usage,98,50,50,0
W-CART,W-CART:cart,13,3.0,0.04,0.1,78 77 116 76 110 79 111 113 115 72 112 117 73 75 80 81 83 85 114 118,78 76 77 112 116 75 79 110 113 228 80 114 115 111 154 226 229 74 81 107,simulation,db1,usage,98,50,50,0
ALL,W-CART:cart,13,3.0,0.04,0.1,78 77 116 76 110 79 111 113 115 72 112 117 73 75 80 81 83 85 114 118,78 76 77 112 116 75 79 110 113 228 80 114 115 111 154 226 229 74 81 107,simulation,db1,usage,98,50,50,0
W-NN,W-NN:k=1,5,,0.08,0.138,240 71 102 143 72 118 70 73 144 35 120 57 76 37 241 88 81 78 83 58,240 71 102 143 72 118 70 73 144 35 120 57 76 37 241 88 81 78 83 58,simulation,db1,energy,99,50,50,0
W-QDA,W-QDA:qda,5,,0.04,0.076,240 71 102 143 72 118 70 73 144 35 120 57 76 37 241 88 81 78 83 58,240 71 102 143 72 118 70 73 144 35 120 57 76 37 241 88 81 78 83 58,simulation,db1,energy,99,50,50,0
W-CART,W-CART:cart,55,,0.06,0.086,240 71 102 143 72 118 70 73 144 35 120 57 76 37 241 88 81 78 83 58,240 71 102 143 72 118 70 73 144 35 120 57 76 37 241 88 81 78 83 58,simulation,db1,energy,99,50,50,0
ALL,W-QDA:qda,5,,0.04,0.076,240 71 102 143 72 118 70 73 144 35 120 57 76 37 241 88 81 78 83 58,240 71 102 143 72 118 70 73 144 35 120 57 76 37 241 88 81 78 83 58,simulation,db1,energy,99,50,50,0
W-NN,W-NN:k=5,1,3.0,0.08,0.162,72 76 78 117 82 111 113 116 71 77 83 73 74 81 114 115 119 84 110 112,77 79 80 112 113 114 78 81 83 117 76 110 111 71 72 73 82 84 108 109,simulation,db1,usage,99,50,50,0
W-QDA,W-QDA:qda,6,2.0,0.02,0.058,77 72 78 81 83 119 111 113 116 84 112 114 117 71 76 82 110 118 73 74,77 79 80 112 113 114 78 81 83 117 76 110 111 71 72 73 82 84 108 109,simulation,db1,usage,99,50,50,0
W-CART,W-CART:cart,45,3.0,0.06,0.102,72 76 78 117 82 111 113 116 71 77 83 73 74 81 114 115 119 84 110 112,77 79 80 112 113 114 78 81 83 117 76 110 111 71 72 73 82 84 108 109,simulation,db1,usage,99,50,50,0
ALL,W-QDA:qda,6,2.0,0.02,0.058,77 72 78 81 83 119 111 113 116 84 112 114 117 71 76 82 110 118 73 74,77 79 80 112 113 114 78 81 83 117 76 110 111 71 72 73 82 84 108 109,simulation,db1,usage,99,50,50,0
W-NN,W-NN:k=1,12,,0.12,0.152,115 77 44 89 78 72 114 103 73 37 54 55 71 80 76 112 119 113 87 116,115 77 44 89 78 72 114 103 73 37 54 55 71 80 76 112 119 113 87 116,simulation,db2,energy,0,50,50,0
W-QDA,W-QDA:qda,9,,0.08,0.078,115 77 44 89 78 72 114 103 73 37 54 55 71 80 76 112 119 113 87 116,115 77 44 89 78 72 114 103 73 37 54 55 71 80 76 112 119 113 87 116,simulation,db2,energy,0,50,50,0
W-CART,W-CART:cart,45,,0.06,0.104,115 77 44 89 78 72 114 103 73 37 54 55 71 80 76 112 119 113 87 116,115 77 44 89 78 72 114 103 73 37 54 55 71 80 76 112 119 113 87 116,simulation,db2,energy,0,50,50,0
ALL,W-CART:cart,45,,0.06,0.104,115 77 44 89 78 72 114 103 73 37 54 55 71 80 76 112 119 113 87 116,115 77 44 89 78 72 114 103 73 37 54 55 71 80 76 112 119 113 87 116,simulation,db2,energy,0,50,50,0
W-NN,W-NN:k=1,16,0.5,0.12,0.19,78 114 77 79 80 110 112 111 115 76 81 83 113 116 109 159 222 75 82 117,77 78 80 115 76 112 114 116 75 79 110 111 113 117 74 81 82 109 108 118,simulation,db2,usage,0,50,50,0
W-QDA,W-QDA:qda,4,3.0,0.08,0.072,78 115 76 73 112 77 79 116 75 113 114 119 74 117 81 118 72 80 83 110,77 78 80 115 76 112 114 116 75 79 110 111 113 117 74 81 82 109 108 118,simulation,db2,usage,0,50,50,0
W-CART,W-CART:cart,20,3.0,0.06,0.112,78 115 76 73 112 77 79 116 75 113 114 119 74 117 81 118 72 80 83 110,77 78 80 115 76 112 114 116 75 79 110 111 113 117 74 81 82 109 108 118,simulation,db2,usage,0,50,50,0
ALL,W-CART:cart,20,3.0,0.06,0.112,78 115 76 73 112 77 79 116 75 113 114 119 74 117 81 118 72 80 83 110,77 78 80 115 76 112 114 116 75 79 110 111 113 117 74 81 82 109 108 118,simulation,db2,usage,0,50,50,0
W-NN,W-NN:k=1,26,,0.1,0.16,76 75 111 77 80 57 78 115 108 81 114 56 113 109 110 116 232 38 231 79,76 75 111 77 80 57 78 115 108 81 114 56 113 109 110 116 232 38 231 79,simulation,db2,energy,1,50,50,0
W-QDA,W-QDA:qda,2,,0.22,0.162,76 75 111 77 80 57 78 115 108 81 114 56 113 109 110 116 232 38 231 79,76 75 111 77 80 57 78 115 108 81 114 56 113 109 110 116 232 38 231 79,simulation,db2,energy,1,50,50,0
W-CART,W-CART:cart,47,,0.12,0.21,76 75 111 77 80 57 78 115 108 81 114 56 113 109 110 116 232 38 231 79,76 75 111 77 80 57 78 115 108 81 114 56 113 109 110 116 232 38 231 79,simulation,db2,energy,1,50,50,0
ALL,W-NN:k=1,26,,0.1,0.16,76 75 111 77 80 57 78 115 108 81 114 56 113 109 110 116 232 38 231 79,76 75 111 77 80 57 78 115 108 81 114 56 113 109 110 116 232 38 231 79,simulation,db2,energy,1,50,50,0
W-NN,W-NN:k=1,28,2.0,0.08,0.184,76 113 114 115 78 75 77 81 112 116 74 79 80 110 117 38 37 82 85 106,77 112 113 78 114 116 76 79 81 115 75 80 110 230 74 109 111 231 82 117,simulation,db2,usage,1,50,50,0
W-QDA,W-QDA:qda,2,3.0,0.18,0.144,76 116 113 114 75 115 74 77 78 117 81 106 112 37 38 79 110 111 73 80,77 112 113 78 114 116 76 79 81 115 75 80 110 230 74 109 111 231 82 117,simulation,db2,usage,1,50,50,0
W-CART,W-CART:cart,21,2.0,0.04,0.114,76 113 114 115 78 75 77 81 112 116 74 79 80 110 117 38 37 82 85 106,77 112 113 78 114 116 76 79 81 115 75 80 110 230 74 109 111 231 82 117,simulation,db2,usage,1,50,50,0
ALL,W-CART:cart,21,2.0,0.04,0.114,76 113 114 115 78 75 77 81 112 116 74 79 80 110 117 38 37 82 85 106,77 112 113 78 114 116 76 79 81 115 75 80 110 230 74 109 111 231 82 117,simulation,db2,usage,1,50,50,0
W-NN,W-NN:k=7,3,,0.08,0.146,119 107 84 109 73 82 118 57 77 76 145 81 78 111 116 113 54 83 115 75,119 107 84 109 73 82 118 57 77 76 145 81 78 111 116 113 54 83 115 75,simulation,db2,energy,2,50,50,0
W-QDA,W-QDA:qda,13,,0.1,0.048,119 107 84 109 73 82 118 57 77 76 145 81 78 111 116 113 54 83 115 75,119 107 84 109 73 82 118 57 77 76 145 81 78 111 116 113 54 83 115 75,simulation,db2,energy,2,50,50,0
W-CART,W-CART:cart,26,,0.12,0.176,119 107 84 109 73 82 118 57 77 76 145 81 78 111 116 113 54 83 115 75,119 107 84 109 73 82 118 57 77 76 145 81 78 111 116 113 54 83 115 75,simulation,db2,energy,2,50,50,0
ALL,W-NN:k=7,3,,0.08,0.146,119 107 84 109 73 82 118 57 77 76 145 81 78 111 116 113 54 83 115 75,119 107 84 109 73 82 118 57 77 76 145 81 78 111 116 113 54 83 115 75,simulation,db2,energy,2,50,50,0
W-NN,W-NN:k=1,15,1.5,0.1,0.122,111 116 78 81 83 108 112 113 117 80 82 84 107 73 76 77 109 110 75 79,81 111 78 114 115 77 112 75 76 110 113 116 79 82 83 108 117 73 107 118,simulation,db2,usage,2,50,50,0
W-QDA,W-QDA:qda,24,2.0,0.0,0.118,116 83 111 117 80 108 112 77 79 81 84 75 76 113 115 119 73 78 82 106,81 111 78 114 115 77 112 75 76 110 113 116 79 82 83 108 117 73 107 118,simulation,db2,usage,2,50,50,0
W-CART,W-CART:cart,5,3.0,0.08,0.14,76 111 117 119 73 109 78 80 112 115 116 118 75 79 84 106 108 113 114 72,81 111 78 114 115 77 112 75 76 110 113 116 79 82 83 108 117 73 107 118,simulation,db2,usage,2,50,50,0
ALL,W-QDA:qda,24,2.0,0.0,0.118,116 83 111 117 80 108 112 77 79 81 84 75 76 113 115 119 73 78 82 106,81 111 78 114 115 77 112 75 76 110 113 116 79 82 83 108 117 73 107 118,simulation,db2,usage,2,50,50,0
W-NN,W-NN:k=3,19,,0.0,0.116,117 74 75 80 87 84 83 85 107 88 109 104 106 112 105 43 118 115 111 78,117 74 75 80 87 84 83 85 107 88 109 104 106 112 105 43 118 115 111 78,simulation,db2,energy,3,50,50,0
W-QDA,W-QDA:qda,5,,0.0,0.076,117 74 75 80 87 84 83 85 107 88 109 104 106 112 105 43 118 115 111 78,117 74 75 80 87 84 83 85 107 88 109 104 106 112 105 43 118 115 111 78,simulation,db2,energy,3,50,50,0
W-CART,W-CART:cart,11,,0.06,0.138,117 74 75 80 87 84 83 85 107 88 109 104 106 112 105 43 118 115 111 78,117 74 75 80 87 84 83 85 107 88 109 104 106 112 105 43 118 115 111 78,simulation,db2,energy,3,50,50,0
ALL,W-QDA:qda,5,,0.0,0.076,117 74 75 80 87 84 83 85 107 88 109 104 106 112 105 43 118 115 111 78,117 74 75 80 87 84 83 85 107 88 109 104 106 112 105 43 118 115 111 78,simulation,db2,energy,3,50,50,0
W-NN,W-NN:k=1,10,3.0,0.04,0.094,83 84 109 76 82 113 77 81 105 114 75 78 85 106 107 110 86 111 115 74,82 81 84 79 111 114 106 109 110 112 76 83 85 105 107 113 75 78 80 77,simulation,db2,usage,3,50,50,0
W-QDA,W-QDA:qda,12,3.0,0.04,0.05,83 84 109 76 82 113 77 81 105 114 75 78 85 106 107 110 86 111 115 74,82 81 84 79 111 114 106 109 110 112 76 83 85 105 107 113 75 78 80 77,simulation,db2,usage,3,50,50,0
W-CART,W-CART:cart,19,0.5,0.04,0.156,79 109 81 80 82 112 114 106 111 78 84 108 113 163 220 224 83 85 86 110,82 81 84 79 111 114 106 109 110 112 76 83 85 105 107 113 75 78 80 77,simulation,db2,usage,3,50,50,0
ALL,W-NN:k=1,10,3.0,0.04,0.094,83 84 109 76 82 113 77 81 105 114 75 78 85 106 107 110 86 111 115 74,82 81 84 79 111 114 106 109 110 112 76 83 85 105 107 113 75 78 80 77,simulation,db2,usage,3,50,50,0
W-NN,W-NN:k=3,6,,0.04,0.19,80 52 112 111 115 75 58 108 85 79 83 39 38 74 113 117 86 57 107 84,80 52 112 111 115 75 58 108 85 79 83 39 38 74 113 117 86 57 107 84,simulation,db2,energy,4,50,50,0
W-QDA,W-QDA:qda,14,,0.0,0.03,80 52 112 111 115 75 58 108 85 79 83 39 38 74 113 117 86 57 107 84,80 52 112 111 115 75 58 108 85 79 83 39 38 74 113 117 86 57 107 84,simulation,db2,energy,4,50,50,0
W-CART,W-CART:cart,11,,0.06,0.158,80 52 112 111 115 75 58 108 85 79 83 39 38 74 113 117 86 57 107 84,80 52 112 111 115 75 58 108 85 79 83 39 38 74 113 117 86 57 107 84,simulation,db2,energy,4,50,50,0
ALL,W-QDA:qda,14,,0.0,0.03,80 52 112 111 115 75 58 108 85 79 83 39 38 74 113 117 86 57 107 84,80 52 112 111 115 75 58 108 85 79 83 39 38 74 113 117 86 57 107 84,simulation,db2,energy,4,50,50,0
W-NN,W-NN:k=5,64,2.0,0.04,0.126,113 75 117 76 74 77 78 111 80 81 85 108 112 115 116 118 73 79 72 83,113 112 75 79 81 80 111 76 77 78 114 117 155 82 83 108 110 74 115 116,simulation,db2,usage,4,50,50,0
W-QDA,W-QDA:qda,9,3.0,0.0,0.024,117 76 74 75 85 108 73 83 113 115 72 77 78 112 116 118 79 81 82 84,113 112 75 79 81 80 111 76 77 78 114 117 155 82 83 108 110 74 115 116,simulation,db2,usage,4,50,50,0
W-CART,W-CART:cart,40,1.0,0.04,0.14,113 112 75 79 81 80 111 76 77 78 114 117 155 82 83 108 110 74 115 116,113 112 75 79 81 80 111 76 77 78 114 117 155 82 83 108 110 74 115 116,simulation,db2,usage,4,50,50,0
ALL,W-QDA:qda,9,3.0,0.0,0.024,117 76 74 75 85 108 73 83 113 115 72 77 78 112 116 118 79 81 82 84,113 112 75 79 81 80 111 76 77 78 114 117 155 82 83 108 110 74 115 116,simulation,db2,usage,4,50,50,0
W-NN,W-NN:k=7,13,,0.04,0.104,79 105 108 85 86 111 165 172 116 73 118 82 119 104 55 106 166 218 117 109,79 105 108 85 86 111 165 172 116 73 118 82 119 104 55 106 166 218 117 109,simulation,db2,energy,5,50,50,0
W-QDA,W-QDA:qda,9,,0.04,0.062,79 105 108 85 86 111 165 172 116 73 118 82 119 104 55 106 166 218 117 109,79 105 108 85 86 111 165 172 116 73 118 82 119 104 55 106 166 218 117 109,simulation,db2,energy,5,50,50,0
W-CART,W-CART:cart,14,,0.06,0.132,79 105 108 85 86 111 165 172 116 73 118 82 119 104 55 106 166 218 117 109,79 105 108 85 86 111 165 172 116 73 118 82 119 104 55 106 166 218 117 109,simulation,db2,energy,5,50,50,0
ALL,W-QDA:qda,9,,0.04,0.062,79 105 108 85 86 111 165 172 116 73 118 82 119 104 55 106 166 218 117 109,79 105 108 85 86 111 165 172 116 73 118 82 119 104 55 106 166 218 117 109,simulation,db2,energy,5,50,50,0
W-NN,W-NN:k=3,10,1.5,0.04,0.098,74 75 76 114 115 116 73 83 85 109 113 117 77 107 119 106 111 78 79 84,114 115 75 76 107 74 110 116 117 73 83 113 118 77 79 106 111 82 85 86,simulation,db2,usage,5,50,50,0
W-QDA,W-QDA:qda,4,2.0,0.0,0.068,74 75 115 73 77 114 83 111 113 76 116 118 85 106 108 109 110 117 82 107,114 115 75 76 107 74 110 116 117 73 83 113 118 77 79 106 111 82 85 86,simulation,db2,usage,5,50,50,0
W-CART,W-CART:cart,3,3.0,0.06,0.148,74 75 111 116 118 73 77 83 113 115 117 120 76 106 112 114 119 78 82 85,114 115 75 76 107 74 110 116 117 73 83 113 118 77 79 106 111 82 85 86,simulation,db2,usage,5,50,50,0
ALL,W-QDA:qda,4,2.0,0.0,0.068,74 75 115 73 77 114 83 111 113 76 116 118 85 106 108 109 110 117 82 107,114 115 75 76 107 74 110 116 117 73 83 113 118 77 79 106 111 82 85 86,simulation,db2,usage,5,50,50,0
W-NN,W-NN:k=3,3,,0.14,0.14,81 109 106 85 40 76 21 42 84 20 52 110 75 82 86 108 88 105 164 79,81 109 106 85 40 76 21 42 84 20 52 110 75 82 86 108 88 105 164 79,simulation,db2,energy,6,50,50,0
W-QDA,W-QDA:qda,6,,0.04,0.07,81 109 106 85 40 76 21 42 84 20 52 110 75 82 86 108 88 105 164 79,81 109 106 85 40 76 21 42 84 20 52 110 75 82 86 108 88 105 164 79,simulation,db2,energy,6,50,50,0
W-CART,W-CART:cart,3,,0.06,0.116,81 109 106 85 40 76 21 42 84 20 52 110 75 82 86 108 88 105 164 79,81 109 106 85 40 76 21 42 84 20 52 110 75 82 86 108 88 105 164 79,simulation,db2,energy,6,50,50,0
ALL,W-QDA:qda,6,,0.04,0.07,81 109 106 85 40 76 21 42 84 20 52 110 75 82 86 108 88 105 164 79,81 109 106 85 40 76 21 42 84 20 52 110 75 82 86 108 88 105 164 79,simulation,db2,energy,6,50,50,0
W-NN,W-NN:k=1,4,1.5,0.16,0.152,82 83 109 86 85 105 106 108 110 107 111 80 84 104 164 81 87 113 88 103,83 109 110 82 107 106 85 80 84 105 108 81 86 111 219 104 164 103 113 166,simulation,db2,usage,6,50,50,0
W-QDA,W-QDA:qda,5,3.0,0.1,0.088,85 84 106 83 86 82 107 108 109 110 87 105 80 81 104 111 78 79 103 88,83 109 110 82 107 106 85 80 84 105 108 81 86 111 219 104 164 103 113 166,simulation,db2,usage,6,50,50,0
W-CART,W-CART:cart,32,3.0,0.1,0.172,85 84 106 83 86 82 107 108 109 110 87 105 80 81 104 111 78 79 103 88,83 109 110 82 107 106 85 80 84 105 108 81 86 111 219 104 164 103 113 166,simulation,db2,usage,6,50,50,0
ALL,W-QDA:qda,5,3.0,0.1,0.088,85 84 106 83 86 82 107 108 109 110 87 105 80 81 104 111 78 79 103 88,83 109 110 82 107 106 85 80 84 105 108 81 86 111 219 104 164 103 113 166,simulation,db2,usage,6,50,50,0
W-NN,W-NN:k=3,2,,0.06,0.118,105 76 36 173 152 57 115 14 28 43 73 119 110 174 75 72 52 59 81 74,105 76 36 173 152 57 115 14 28 43 73 119 110 174 75 72 52 59 81 74,simulation,db2,energy,7,50,50,0
W-QDA,W-QDA:qda,17,,0.04,0.044,105 76 36 173 152 57 115 14 28 43 73 119 110 174 75 72 52 59 81 74,105 76 36 173 152 57 115 14 28 43 73 119 110 174 75 72 52 59 81 74,simulation,db2,energy,7,50,50,0
W-CART,W-CART:cart,9,,0.16,0.156,105 76 36 173 152 57 115 14 28 43 73 119 110 174 75 72 52 59 81 74,105 76 36 173 152 57 115 14 28 43 73 119 110 174 75 72 52 59 81 74,simulation,db2,energy,7,50,50,0
ALL,W-QDA:qda,17,,0.04,0.044,105 76 36 173 152 57 115 14 28 43 73 119 110 174 75 72 52 59 81 74,105 76 36 173 152 57 115 14 28 43 73 119 110 174 75 72 52 59 81 74,simulation,db2,energy,7,50,50,0
W-NN,W-NN:k=3,6,1.5,0.02,0.1,108 106 75 83 107 114 73 109 74 78 82 85 111 113 118 77 79 86 105 116,108 109 106 107 114 76 74 78 81 83 105 110 111 112 113 75 79 82 84 85,simulation,db2,usage,7,50,50,0
W-QDA,W-QDA:qda,11,3.0,0.0,0.022,73 83 85 105 114 74 75 86 109 116 76 80 84 107 118 119 72 78 82 106,108 109 106 107 114 76 74 78 81 83 105 110 111 112 113 75 79 82 84 85,simulation,db2,usage,7,50,50,0
W-CART,W-CART:cart,33,0.5,0.1,0.1,109 80 108 76 81 82 113 114 166 218 77 78 107 110 164 74 79 83 105 106,108 109 106 107 114 76 74 78 81 83 105 110 111 112 113 75 79 82 84 85,simulation,db2,usage,7,50,50,0
ALL,W-QDA:qda,11,3.0,0.0,0.022,73 83 85 105 114 74 75 86 109 116 76 80 84 107 118 119 72 78 82 106,108 109 106 107 114 76 74 78 81 83 105 110 111 112 113 75 79 82 84 85,simulation,db2,usage,7,50,50,0
W-NN,W-NN:k=9,1,,0.12,0.192,104 43 80 120 79 78 113 36 115 103 77 38 59 76 111 75 112 88 72 37,104 43 80 120 79 78 113 36 115 103 77 38 59 76 111 75 112 88 72 37,simulation,db2,energy,8,50,50,0
W-QDA,W-QDA:qda,12,,0.04,0.074,104 43 80 120 79 78 113 36 115 103 77 38 59 76 111 75 112 88 72 37,104 43 80 120 79 78 113 36 115 103 77 38 59 76 111 75 112 88 72 37,simulation,db2,energy,8,50,50,0
W-CART,W-CART:cart,27,,0.1,0.15,104 43 80 120 79 78 113 36 115 103 77 38 59 76 111 75 112 88 72 37,104 43 80 120 79 78 113 36 115 103 77 38 59 76 111 75 112 88 72 37,simulation,db2,energy,8,50,50,0
ALL,W-QDA:qda,12,,0.04,0.074,104 43 80 120 79 78 113 36 115 103 77 38 59 76 111 75 112 88 72 37,104 43 80 120 79 78 113 36 115 103 77 38 59 76 111 75 112 88 72 37,simulation,db2,energy,8,50,50,0
W-NN,W-NN:k=1,34,1.0,0.1,0.14,76 78 77 111 113 79 112 75 81 114 109 115 117 80 116 82 74 110 38 83,76 78 77 111 113 79 112 75 81 114 109 115 117 80 116 82 74 110 38 83,simulation,db2,usage,8,50,50,0
W-QDA,W-QDA:qda,17,3.0,0.06,0.126,79 78 75 80 114 112 76 77 113 74 81 115 116 117 82 83 109 111 36 72,76 78 77 111 113 79 112 75 81 114 109 115 117 80 116 82 74 110 38 83,simulation,db2,usage,8,50,50,0
W-CART,W-CART:cart,20,3.0,0.08,0.174,79 78 75 80 114 112 76 77 113 74 81 115 116 117 82 83 109 111 36 72,76 78 77 111 113 79 112 75 81 114 109 115 117 80 116 82 74 110 38 83,simulation,db2,usage,8,50,50,0
ALL,W-QDA:qda,17,3.0,0.06,0.126,79 78 75 80 114 112 76 77 113 74 81 115 116 117 82 83 109 111 36 72,76 78 77 111 113 79 112 75 81 114 109 115 117 80 116 82 74 110 38 83,simulation,db2,usage,8,50,50,0
W-NN,W-NN:k=1,62,,0.12,0.15,111 79 80 78 112 113 114 223 224 56 40 81 82 108 77 83 110 55 76 39,111 79 80 78 112 113 114 223 224 56 40 81 82 108 77 83 110 55 76 39,simulation,db2,energy,9,50,50,0
W-QDA,W-QDA:qda,15,,0.34,0.314,111 79 80 78 112 113 114 223 224 56 40 81 82 108 77 83 110 55 76 39,111 79 80 78 112 113 114 223 224 56 40 81 82 108 77 83 110 55 76 39,simulation,db2,energy,9,50,50,0
W-CART,W-CART:cart,36,,0.1,0.092,111 79 80 78 112 113 114 223 224 56 40 81 82 108 77 83 110 55 76 39,111 79 80 78 112 113 114 223 224 56 40 81 82 108 77 83 110 55 76 39,simulation,db2,energy,9,50,50,0
ALL,W-CART:cart,36,,0.1,0.092,111 79 80 78 112 113 114 223 224 56 40 81 82 108 77 83 110 55 76 39,111 79 80 78 112 113 114 223 224 56 40 81 82 108 77 83 110 55 76 39,simulation,db2,energy,9,50,50,0
W-NN,W-NN:k=1,27,3.0,0.06,0.174,78 114 79 80 112 111 113 77 115 110 76 108 109 81 83 116 107 75 82 117,79 78 111 113 110 80 81 112 114 115 225 77 109 75 82 116 224 161 83 108,simulation,db2,usage,9,50,50,0
W-QDA,W-QDA:qda,10,1.5,0.16,0.2,111 79 78 80 110 113 112 114 75 81 77 109 115 225 82 116 76 83 84 161,79 78 111 113 110 80 81 112 114 115 225 77 109 75 82 116 224 161 83 108,simulation,db2,usage,9,50,50,0
W-CART,W-CART:cart,46,0.5,0.1,0.116,78 79 110 80 111 113 162 82 112 81 109 158 77 163 225 76 115 160 222 224,79 78 111 113 110 80 81 112 114 115 225 77 109 75 82 116 224 161 83 108,simulation,db2,usage,9,50,50,0
ALL,W-NN:k=1,27,3.0,0.06,0.174,78 114 79 80 112 111 113 77 115 110 76 108 109 81 83 116 107 75 82 117,79 78 111 113 110 80 81 112 114 115 225 77 109 75 82 116 224 161 83 108,simulation,db2,usage,9,50,50,0
W-NN,W-NN:k=1,9,,0.04,0.112,58 108 109 74 75 110 103 82 150 107 81 80 111 52 83 84 85 87 88 104,58 108 109 74 75 110 103 82 150 107 81 80 111 52 83 84 85 87 88 104,simulation,db2,energy,10,50,50,0
W-QDA,W-QDA:qda,6,,0.02,0.074,58 108 109 74 75 110 103 82 150 107 81 80 111 52 83 84 85 87 88 104,58 108 109 74 75 110 103 82 150 107 81 80 111 52 83 84 85 87 88 104,simulation,db2,energy,10,50,50,0
W-CART,W-CART:cart,10,,0.06,0.162,58 108 109 74 75 110 103 82 150 107 81 80 111 52 83 84 85 87 88 104,58 108 109 74 75 110 103 82 150 107 81 80 111 52 83 84 85 87 88 104,simulation,db2,energy,10,50,50,0
ALL,W-QDA:qda,6,,0.02,0.074,58 108 109 74 75 110 103 82 150 107 81 80 111 52 83 84 85 87 88 104,58 108 109 74 75 110 103 82 150 107 81 80 111 52 83 84 85 87 88 104,simulation,db2,energy,10,50,50,0
W-NN,W-NN:k=3,3,2.0,0.08,0.142,107 108 86 84 85 81 82 109 79 83 105 106 110 111 114 112 87 103 76 77,110 81 85 108 82 109 107 83 84 105 112 76 86 106 113 114 213 75 77 78,simulation,db2,usage,10,50,50,0
W-QDA,W-QDA:qda,2,3.0,0.0,0.126,107 85 84 108 82 110 81 86 109 111 80 87 105 106 83 102 103 112 114 117,110 81 85 108 82 109 107 83 84 105 112 76 86 106 113 114 213 75 77 78,simulation,db2,usage,10,50,50,0
W-CART,W-CART:cart,18,0.5,0.0,0.114,81 110 82 107 109 77 80 85 105 108 111 113 165 215 84 112 217 219 79 114,110 81 85 108 82 109 107 83 84 105 112 76 86 106 113 114 213 75 77 78,simulation,db2,usage,10,50,50,0
ALL,W-QDA:qda,2,3.0,0.0,0.126,107 85 84 108 82 110 81 86 109 111 80 87 105 106 83 102 103 112 114 117,110 81 85 108 82 109 107 83 84 105 112 76 86 106 113 114 213 75 77 78,simulation,db2,usage,10,50,50,0
W-NN,W-NN:k=1,1,,0.06,0.13,119 73 108 109 83 74 82 117 76 36 41 115 75 118 59 114 87 116 81 72,119 73 108 109 83 74 82 117 76 36 41 115 75 118 59 114 87 116 81 72,simulation,db2,energy,11,50,50,0
W-QDA,W-QDA:qda,7,,0.0,0.064,119 73 108 109 83 74 82 117 76 36 41 115 75 118 59 114 87 116 81 72,119 73 108 109 83 74 82 117 76 36 41 115 75 118 59 114 87 116 81 72,simulation,db2,energy,11,50,50,0
W-CART,W-CART:cart,54,,0.04,0.132,119 73 108 109 83 74 82 117 76 36 41 115 75 118 59 114 87 116 81 72,119 73 108 109 83 74 82 117 76 36 41 115 75 118 59 114 87 116 81 72,simulation,db2,energy,11,50,50,0
ALL,W-QDA:qda,7,,0.0,0.064,119 73 108 109 83 74 82 117 76 36 41 115 75 118 59 114 87 116 81 72,119 73 108 109 83 74 82 117 76 36 41 115 75 118 59 114 87 116 81 72,simulation,db2,energy,11,50,50,0
W-NN,W-NN:k=3,3,3.0,0.06,0.156,115 75 76 116 117 81 114 73 78 108 74 77 113 80 83 84 109 112 118 79,76 77 81 113 115 75 110 116 117 78 80 83 109 111 112 114 74 79 82 107,simulation,db2,usage,11,50,50,0
W-QDA,W-QDA:qda,3,1.0,0.06,0.162,76 77 81 113 115 75 110 116 117 78 80 83 109 111 112 114 74 79 82 107,76 77 81 113 115 75 110 116 117 78 80 83 109 111 112 114 74 79 82 107,simulation,db2,usage,11,50,50,0
W-CART,W-CART:cart,37,1.5,0.02,0.112,115 76 81 75 77 78 116 110 113 114 74 73 79 107 108 83 106 109 112 117,76 77 81 113 115 75 110 116 117 78 80 83 109 111 112 114 74 79 82 107,simulation,db2,usage,11,50,50,0
ALL,W-CART:cart,37,1.5,0.02,0.112,115 76 81 75 77 78 116 110 113 114 74 73 79 107 108 83 106 109 112 117,76 77 81 113 115 75 110 116 117 78 80 83 109 111 112 114 74 79 82 107,simulation,db2,usage,11,50,50,0
W-NN,W-NN:k=1,4,,0.14,0.186,53 84 111 117 118 114 76 81 74 79 107 119 154 82 73 72 116 80 71 39,53 84 111 117 118 114 76 81 74 79 107 119 154 82 73 72 116 80 71 39,simulation,db2,energy,12,50,50,0
W-QDA,W-QDA:qda,6,,0.02,0.052,53 84 111 117 118 114 76 81 74 79 107 119 154 82 73 72 116 80 71 39,53 84 111 117 118 114 76 81 74 79 107 119 154 82 73 72 116 80 71 39,simulation,db2,energy,12,50,50,0
W-CART,W-CART:cart,6,,0.06,0.112,53 84 111 117 118 114 76 81 74 79 107 119 154 82 73 72 116 80 71 39,53 84 111 117 118 114 76 81 74 79 107 119 154 82 73 72 116 80 71 39,simulation,db2,energy,12,50,50,0
ALL,W-QDA:qda,6,,0.02,0.052,53 84 111 117 118 114 76 81 74 79 107 119 154 82 73 72 116 80 71 39,53 84 111 117 118 114 76 81 74 79 107 119 154 82 73 72 116 80 71 39,simulation,db2,energy,12,50,50,0
W-NN,W-NN:k=1,15,1.0,0.04,0.142,77 78 113 75 114 115 79 110 73 81 84 111 112 151 82 107 108 154 232 76,77 78 113 75 114 115 79 110 73 81 84 111 112 151 82 107 108 154 232 76,simulation,db2,usage,12,50,50,0
W-QDA,W-QDA:qda,4,3.0,0.0,0.054,118 71 119 76 111 73 75 81 105 106 108 114 117 77 78 80 115 116 120 74,77 78 113 75 114 115 79 110 73 81 84 111 112 151 82 107 108 154 232 76,simulation,db2,usage,12,50,50,0
W-CART,W-CART:cart,4,1.5,0.04,0.14,77 75 114 73 78 79 107 113 115 76 108 117 118 74 111 112 80 81 82 83,77 78 113 75 114 115 79 110 73 81 84 111 112 151 82 107 108 154 232 76,simulation,db2,usage,12,50,50,0
ALL,W-QDA:qda,4,3.0,0.0,0.054,118 71 119 76 111 73 75 81 105 106 108 114 117 77 78 80 115 116 120 74,77 78 113 75 114 115 79 110 73 81 84 111 112 151 82 107 108 154 232 76,simulation,db2,usage,12,50,50,0
W-NN,W-NN:k=3,39,,0.06,0.194,53 106 168 169 171 215 170 107 78 113 103 85 114 214 73 76 79 112 77 105,53 106 168 169 171 215 170 107 78 113 103 85 114 214 73 76 79 112 77 105,simulation,db2,energy,13,50,50,0
W-QDA,W-QDA:qda,16,,0.02,0.076,53 106 168 169 171 215 170 107 78 113 103 85 114 214 73 76 79 112 77 105,53 106 168 169 171 215 170 107 78 113 103 85 114 214 73 76 79 112 77 105,simulation,db2,energy,13,50,50,0
W-CART,W-CART:cart,25,,0.06,0.13,53 106 168 169 171 215 170 107 78 113 103 85 114 214 73 76 79 112 77 105,53 106 168 169 171 215 170 107 78 113 103 85 114 214 73 76 79 112 77 105,simulation,db2,energy,13,50,50,0
ALL,W-QDA:qda,16,,0.02,0.076,53 106 168 169 171 215 170 107 78 113 103 85 114 214 73 76 79 112 77 105,53 106 168 169 171 215 170 107 78 113 103 85 114 214 73 76 79 112 77 105,simulation,db2,energy,13,50,50,0
W-NN,W-NN:k=1,51,3.0,0.04,0.15,78 114 113 77 111 112 76 79 73 75 107 86 106 108 115 116 74 82 83 87,114 111 115 76 78 79 80 77 113 75 112 82 110 116 158 86 107 108 109 153,simulation,db2,usage,13,50,50,0
W-QDA,W-QDA:qda,19,1.5,0.04,0.116,114 79 77 78 115 80 113 76 112 116 75 111 82 107 110 73 83 84 86 106,114 111 115 76 78 79 80 77 113 75 112 82 110 116 158 86 107 108 109 153,simulation,db2,usage,13,50,50,0
W-CART,W-CART:cart,21,2.0,0.08,0.112,114 77 78 113 76 111 112 115 116 75 79 80 82 83 84 86 106 107 110 73,114 111 115 76 78 79 80 77 113 75 112 82 110 116 158 86 107 108 109 153,simulation,db2,usage,13,50,50,0
ALL,W-QDA:qda,19,1.5,0.04,0.116,114 79 77 78 115 80 113 76 112 116 75 111 82 107 110 73 83 84 86 106,114 111 115 76 78 79 80 77 113 75 112 82 110 116 158 86 107 108 109 153,simulation,db2,usage,13,50,50,0
W-NN,W-NN:k=1,21,,0.08,0.132,112 39 117 79 119 53 75 74 84 106 72 56 83 87 120 104 107 108 54 115,112 39 117 79 119 53 75 74 84 106 72 56 83 87 120 104 107 108 54 115,simulation,db2,energy,14,50,50,0
W-QDA,W-QDA:qda,13,,0.08,0.04,112 39 117 79 119 53 75 74 84 106 72 56 83 87 120 104 107 108 54 115,112 39 117 79 119 53 75 74 84 106 72 56 83 87 120 104 107 108 54 115,simulation,db2,energy,14,50,50,0
W-CART,W-CART:cart,10,,0.06,0.1,112 39 117 79 119 53 75 74 84 106 72 56 83 87 120 104 107 108 54 115,112 39 117 79 119 53 75 74 84 106 72 56 83 87 120 104 107 108 54 115,simulation,db2,energy,14,50,50,0
ALL,W-CART:cart,10,,0.06,0.1,112 39 117 79 119 53 75 74 84 106 72 56 83 87 120 104 107 108 54 115,112 39 117 79 119 53 75 74 84 106 72 56 83 87 120 104 107 108 54 115,simulation,db2,energy,14,50,50,0
W-NN,W-NN:k=3,34,0.5,0.06,0.138,115 79 109 114 80 83 77 112 113 74 78 81 82 84 108 163 164 227 232 75,115 84 114 78 83 109 113 74 79 81 85 107 116 77 106 108 112 76 82 165,simulation,db2,usage,14,50,50,0
W-QDA,W-QDA:qda,11,1.5,0.04,0.044,84 115 83 113 114 106 109 79 81 85 73 74 75 76 77 80 87 105 107 108,115 84 114 78 83 109 113 74 79 81 85 107 116 77 106 108 112 76 82 165,simulation,db2,usage,14,50,50,0
W-CART,W-CART:cart,12,1.5,0.06,0.112,84 115 83 113 114 106 109 79 81 85 73 74 75 76 77 80 87 105 107 108,115 84 114 78 83 109 113 74 79 81 85 107 116 77 106 108 112 76 82 165,simulation,db2,usage,14,50,50,0
ALL,W-QDA:qda,11,1.5,0.04,0.044,84 115 83 113 114 106 109 79 81 85 73 74 75 76 77 80 87 105 107 108,115 84 114 78 83 109 113 74 79 81 85 107 116 77 106 108 112 76 82 165,simulation,db2,usage,14,50,50,0
W-NN,W-NN:k=1,52,,0.04,0.162,221 162 81 76 108 83 82 110 163 220 109 54 107 53 85 84 114 57 55 40,221 162 81 76 108 83 82 110 163 220 109 54 107 53 85 84 114 57 55 40,simulation,db2,energy,15,50,50,0
W-QDA,W-QDA:qda,5,,0.16,0.184,221 162 81 76 108 83 82 110 163 220 109 54 107 53 85 84 114 57 55 40,221 162 81 76 108 83 82 110 163 220 109 54 107 53 85 84 114 57 55 40,simulation,db2,energy,15,50,50,0
W-CART,W-CART:cart,15,,0.08,0.176,221 162 81 76 108 83 82 110 163 220 109 54 107 53 85 84 114 57 55 40,221 162 81 76 108 83 82 110 163 220 109 54 107 53 85 84 114 57 55 40,simulation,db2,energy,15,50,50,0
ALL,W-NN:k=1,52,,0.04,0.162,221 162 81 76 108 83 82 110 163 220 109 54 107 53 85 84 114 57 55 40,221 162 81 76 108 83 82 110 163 220 109 54 107 53 85 84 114 57 55 40,simulation,db2,energy,15,50,50,0
W-NN,W-NN:k=3,38,3.0,0.06,0.16,81 82 84 110 107 85 108 109 83 105 106 111 79 86 115 80 112 113 103 116,110 82 107 109 81 108 85 111 170 79 80 106 113 168 216 78 83 112 166 215,simulation,db2,usage,15,50,50,0
W-QDA,W-QDA:qda,3,1.0,0.12,0.14,110 82 107 109 81 108 85 111 170 79 80 106 113 168 216 78 83 112 166 215,110 82 107 109 81 108 85 111 170 79 80 106 113 168 216 78 83 112 166 215,simulation,db2,usage,15,50,50,0
W-CART,W-CART:cart,7,2.0,0.04,0.144,82 81 108 110 109 83 85 107 84 105 106 111 79 80 113 169 86 116 75 166,110 82 107 109 81 108 85 111 170 79 80 106 113 168 216 78 83 112 166 215,simulation,db2,usage,15,50,50,0
ALL,W-CART:cart,7,2.0,0.04,0.144,82 81 108 110 109 83 85 107 84 105 106 111 79 80 113 169 86 116 75 166,110 82 107 109 81 108 85 111 170 79 80 106 113 168 216 78 83 112 166 215,simulation,db2,usage,15,50,50,0
W-NN,W-NN:k=1,26,,0.02,0.126,74 235 117 112 234 79 73 116 115 37 111 118 76 75 87 83 39 113 85 78,74 235 117 112 234 79 73 116 115 37 111 118 76 75 87 83 39 113 85 78,simulation,db2,energy,16,50,50,0
W-QDA,W-QDA:qda,3,,0.0,0.062,74 235 117 112 234 79 73 116 115 37 111 118 76 75 87 83 39 113 85 78,74 235 117 112 234 79 73 116 115 37 111 118 76 75 87 83 39 113 85 78,simulation,db2,energy,16,50,50,0
W-CART,W-CART:cart,13,,0.02,0.088,74 235 117 112 234 79 73 116 115 37 111 118 76 75 87 83 39 113 85 78,74 235 117 112 234 79 73 116 115 37 111 118 76 75 87 83 39 113 85 78,simulation,db2,energy,16,50,50,0
ALL,W-QDA:qda,3,,0.0,0.062,74 235 117 112 234 79 73 116 115 37 111 118 76 75 87 83 39 113 85 78,74 235 117 112 234 79 73 116 115 37 111 118 76 75 87 83 39 113 85 78,simulation,db2,energy,16,50,50,0
W-NN,W-NN:k=1,29,3.0,0.0,0.134,76 79 111 78 110 112 113 116 74 75 80 115 118 73 77 81 85 107 114 117,77 113 80 112 114 79 110 78 84 109 74 81 111 117 118 83 106 116 160 75,simulation,db2,usage,16,50,50,0
W-QDA,W-QDA:qda,7,2.0,0.02,0.122,79 112 113 74 80 111 76 77 78 110 116 73 83 115 117 84 108 109 114 118,77 113 80 112 114 79 110 78 84 109 74 81 111 117 118 83 106 116 160 75,simulation,db2,usage,16,50,50,0
W-CART,W-CART:cart,13,3.0,0.04,0.092,76 79 111 78 110 112 113 116 74 75 80 115 118 73 77 81 85 107 114 117,77 113 80 112 114 79 110 78 84 109 74 81 111 117 118 83 106 116 160 75,simulation,db2,usage,16,50,50,0
ALL,W-NN:k=1,29,3.0,0.0,0.134,76 79 111 78 110 112 113 116 74 75 80 115 118 73 77 81 85 107 114 117,77 113 80 112 114 79 110 78 84 109 74 81 111 117 118 83 106 116 160 75,simulation,db2,usage,16,50,50,0
W-NN,W-NN:k=1,9,,0.08,0.156,109 80 81 79 105 75 111 82 112 85 74 86 83 107 110 73 115 38 224 113,109 80 81 79 105 75 111 82 112 85 74 86 83 107 110 73 115 38 224 113,simulation,db2,energy,17,50,50,0
W-QDA,W-QDA:qda,11,,0.06,0.058,109 80 81 79 105 75 111 82 112 85 74 86 83 107 110 73 115 38 224 113,109 80 81 79 105 75 111 82 112 85 74 86 83 107 110 73 115 38 224 113,simulation,db2,energy,17,50,50,0
W-CART,W-CART:cart,5,,0.1,0.098,109 80 81 79 105 75 111 82 112 85 74 86 83 107 110 73 115 38 224 113,109 80 81 79 105 75 111 82 112 85 74 86 83 107 110 73 115 38 224 113,simulation,db2,energy,17,50,50,0
ALL,W-QDA:qda,11,,0.06,0.058,109 80 81 79 105 75 111 82 112 85 74 86 83 107 110 73 115 38 224 113,109 80 81 79 105 75 111 82 112 85 74 86 83 107 110 73 115 38 224 113,simulation,db2,energy,17,50,50,0
W-NN,W-NN:k=1,4,1.5,0.04,0.144,76 80 114 108 112 74 75 78 79 109 111 113 116 117 73 81 83 110 115 118,79 80 76 108 112 113 114 111 116 73 74 77 78 82 83 107 109 117 75 81,simulation,db2,usage,17,50,50,0
W-QDA,W-QDA:qda,4,1.5,0.06,0.122,76 80 114 108 112 74 75 78 79 109 111 113 116 117 73 81 83 110 115 118,79 80 76 108 112 113 114 111 116 73 74 77 78 82 83 107 109 117 75 81,simulation,db2,usage,17,50,50,0
W-CART,W-CART:cart,10,1.0,0.04,0.1,79 80 76 108 112 113 114 111 116 73 74 77 78 82 83 107 109 117 75 81,79 80 76 108 112 113 114 111 116 73 74 77 78 82 83 107 109 117 75 81,simulation,db2,usage,17,50,50,0
ALL,W-NN:k=1,4,1.5,0.04,0.144,76 80 114 108 112 74 75 78 79 109 111 113 116 117 73 81 83 110 115 118,79 80 76 108 112 113 114 111 116 73 74 77 78 82 83 107 109 117 75 81,simulation,db2,usage,17,50,50,0
W-NN,W-NN:k=3,7,,0.1,0.148,118 80 117 72 82 102 55 119 109 84 73 112 74 114 76 108 81 120 75 111,118 80 117 72 82 102 55 119 109 84 73 112 74 114 76 108 81 120 75 111,simulation,db2,energy,18,50,50,0
W-QDA,W-QDA:qda,17,,0.06,0.064,118 80 117 72 82 102 55 119 109 84 73 112 74 114 76 108 81 120 75 111,118 80 117 72 82 102 55 119 109 84 73 112 74 114 76 108 81 120 75 111,simulation,db2,energy,18,50,50,0
W-CART,W-CART:cart,8,,0.1,0.118,118 80 117 72 82 102 55 119 109 84 73 112 74 114 76 108 81 120 75 111,118 80 117 72 82 102 55 119 109 84 73 112 74 114 76 108 81 120 75 111,simulation,db2,energy,18,50,50,0
ALL,W-QDA:qda,17,,0.06,0.064,118 80 117 72 82 102 55 119 109 84 73 112 74 114 76 108 81 120 75 111,118 80 117 72 82 102 55 119 109 84 73 112 74 114 76 108 81 120 75 111,simulation,db2,energy,18,50,50,0
W-NN,W-NN:k=1,6,1.5,0.08,0.146,79 113 116 77 78 84 110 112 82 109 114 74 75 115 71 72 76 80 81 85,113 77 78 79 116 109 112 76 110 115 80 81 82 84 107 108 114 74 75 117,simulation,db2,usage,18,50,50,0
W-QDA,W-QDA:qda,20,2.0,0.04,0.074,79 82 84 110 113 116 71 72 74 78 106 109 112 75 77 80 108 118 81 85,113 77 78 79 116 109 112 76 110 115 80 81 82 84 107 108 114 74 75 117,simulation,db2,usage,18,50,50,0
W-CART,W-CART:cart,7,3.0,0.1,0.12,82 75 109 72 84 120 74 81 106 107 110 112 117 118 73 78 80 116 71 76,113 77 78 79 116 109 112 76 110 115 80 81 82 84 107 108 114 74 75 117,simulation,db2,usage,18,50,50,0
ALL,W-QDA:qda,20,2.0,0.04,0.074,79 82 84 110 113 116 71 72 74 78 106 109 112 75 77 80 108 118 81 85,113 77 78 79 116 109 112 76 110 115 80 81 82 84 107 108 114 74 75 117,simulation,db2,usage,18,50,50,0
W-NN,W-NN:k=7,1,,0.14,0.18,103 102 178 106 84 177 108 107 104 85 83 38 179 176 42 109 105 74 87 82,103 102 178 106 84 177 108 107 104 85 83 38 179 176 42 109 105 74 87 82,simulation,db2,energy,19,50,50,0
W-QDA,W-QDA:qda,4,,0.04,0.088,103 102 178 106 84 177 108 107 104 85 83 38 179 176 42 109 105 74 87 82,103 102 178 106 84 177 108 107 104 85 83 38 179 176 42 109 105 74 87 82,simulation,db2,energy,19,50,50,0
W-CART,W-CART:cart,11,,0.08,0.136,103 102 178 106 84 177 108 107 104 85 83 38 179 176 42 109 105 74 87 82,103 102 178 106 84 177 108 107 104 85 83 38 179 176 42 109 105 74 87 82,simulation,db2,energy,19,50,50,0
ALL,W-QDA:qda,4,,0.04,0.088,103 102 178 106 84 177 108 107 104 85 83 38 179 176 42 109 105 74 87 82,103 102 178 106 84 177 108 107 104 85 83 38 179 176 42 109 105 74 87 82,simulation,db2,energy,19,50,50,0
W-NN,W-NN:k=5,1,2.0,0.06,0.14,85 86 107 83 84 106 109 76 111 113 114 79 105 80 104 108 74 77 78 87,82 108 109 86 105 113 78 83 114 106 111 112 76 77 79 107 110 81 84 85,simulation,db2,usage,19,50,50,0
W-QDA,W-QDA:qda,2,2.0,0.06,0.09,85 86 107 83 84 106 109 76 111 113 114 79 105 80 104 108 74 77 78 87,82 108 109 86 105 113 78 83 114 106 111 112 76 77 79 107 110 81 84 85,simulation,db2,usage,19,50,50,0
W-CART,W-CART:cart,15,2.0,0.08,0.11,85 86 107 83 84 106 109 76 111 113 114 79 105 80 104 108 74 77 78 87,82 108 109 86 105 113 78 83 114 106 111 112 76 77 79 107 110 81 84 85,simulation,db2,usage,19,50,50,0
ALL,W-NN:k=5,1,2.0,0.06,0.14,85 86 107 83 84 106 109 76 111 113 114 79 105 80 104 108 74 77 78 87,82 108 109 86 105 113 78 83 114 106 111 112 76 77 79 107 110 81 84 85,simulation,db2,usage,19,50,50,0
W-NN,W-NN:k=5,53,,0.06,0.11,80 82 109 105 116 115 111 104 106 37 112 72 87 73 74 160 119 76 118 117,80 82 109 105 116 115 111 104 106 37 112 72 87 73 74 160 119 76 118 117,simulation,db2,energy,20,50,50,0
W-QDA,W-QDA:qda,12,,0.0,0.034,80 82 109 105 116 115 111 104 106 37 112 72 87 73 74 160 119 76 118 117,80 82 109 105 116 115 111 104 106 37 112 72 87 73 74 160 119 76 118 117,simulation,db2,energy,20,50,50,0
W-CART,W-CART:cart,13,,0.06,0.102,80 82 109 105 116 115 111 104 106 37 112 72 87 73 74 160 119 76 118 117,80 82 109 105 116 115 111 104 106 37 112 72 87 73 74 160 119 76 118 117,simulation,db2,energy,20,50,50,0
ALL,W-QDA:qda,12,,0.0,0.034,80 82 109 105 116 115 111 104 106 37 112 72 87 73 74 160 119 76 118 117,80 82 109 105 116 115 111 104 106 37 112 72 87 73 74 160 119 76 118 117,simulation,db2,energy,20,50,50,0
W-NN,W-NN:k=9,12,2.0,0.0,0.15,84 83 74 108 75 106 110 80 113 116 73 82 105 107 109 111 112 115 117 114,110 113 84 81 74 75 80 111 73 108 115 116 78 79 83 109 114 118 76 82,simulation,db2,usage,20,50,50,0
W-QDA,W-QDA:qda,7,1.0,0.0,0.048,110 113 84 81 74 75 80 111 73 108 115 116 78 79 83 109 114 118 76 82,110 113 84 81 74 75 80 111 73 108 115 116 78 79 83 109 114 118 76 82,simulation,db2,usage,20,50,50,0
W-CART,W-CART:cart,10,2.0,0.04,0.144,84 83 74 108 75 106 110 80 113 116 73 82 105 107 109 111 112 115 117 114,110 113 84 81 74 75 80 111 73 108 115 116 78 79 83 109 114 118 76 82,simulation,db2,usage,20,50,50,0
ALL,W-QDA:qda,7,1.0,0.0,0.048,110 113 84 81 74 75 80 111 73 108 115 116 78 79 83 109 114 118 76 82,110 113 84 81 74 75 80 111 73 108 115 116 78 79 83 109 114 118 76 82,simulation,db2,usage,20,50,50,0
W-NN,W-NN:k=1,45,,0.08,0.174,85 106 84 86 43 102 107 83 105 104 109 117 110 89 103 113 112 87 80 81,85 106 84 86 43 102 107 83 105 104 109 117 110 89 103 113 112 87 80 81,simulation,db2,energy,21,50,50,0
W-QDA,W-QDA:qda,9,,0.04,0.062,85 106 84 86 43 102 107 83 105 104 109 117 110 89 103 113 112 87 80 81,85 106 84 86 43 102 107 83 105 104 109 117 110 89 103 113 112 87 80 81,simulation,db2,energy,21,50,50,0
W-CART,W-CART:cart,10,,0.04,0.126,85 106 84 86 43 102 107 83 105 104 109 117 110 89 103 113 112 87 80 81,85 106 84 86 43 102 107 83 105 104 109 117 110 89 103 113 112 87 80 81,simulation,db2,energy,21,50,50,0
ALL,W-QDA:qda,9,,0.04,0.062,85 106 84 86 43 102 107 83 105 104 109 117 110 89 103 113 112 87 80 81,85 106 84 86 43 102 107 83 105 104 109 117 110 89 103 113 112 87 80 81,simulation,db2,energy,21,50,50,0
W-NN,W-NN:k=1,2,2.0,0.08,0.164,83 86 107 108 79 82 84 106 112 113 81 87 104 105 80 109 110 75 77 111,83 84 80 109 81 107 110 79 106 111 108 78 112 82 86 113 85 105 114 115,simulation,db2,usage,21,50,50,0
W-QDA,W-QDA:qda,2,3.0,0.06,0.088,86 107 82 83 84 105 106 109 113 77 79 80 104 108 111 112 115 81 85 87,83 84 80 109 81 107 110 79 106 111 108 78 112 82 86 113 85 105 114 115,simulation,db2,usage,21,50,50,0
W-CART,W-CART:cart,13,1.5,0.04,0.126,83 84 107 108 109 79 86 106 81 104 112 78 80 82 111 113 105 110 75 85,83 84 80 109 81 107 110 79 106 111 108 78 112 82 86 113 85 105 114 115,simulation,db2,usage,21,50,50,0
ALL,W-CART:cart,13,1.5,0.04,0.126,83 84 107 108 109 79 86 106 81 104 112 78 80 82 111 113 105 110 75 85,83 84 80 109 81 107 110 79 106 111 108 78 112 82 86 113 85 105 114 115,simulation,db2,usage,21,50,50,0
W-NN,W-NN:k=7,8,,0.02,0.124,106 113 78 85 120 75 88 119 84 83 72 117 118 89 105 116 44 121 114 73,106 113 78 85 120 75 88 119 84 83 72 117 118 89 105 116 44 121 114 73,simulation,db2,energy,22,50,50,0
W-QDA,W-QDA:qda,12,,0.02,0.044,106 113 78 85 120 75 88 119 84 83 72 117 118 89 105 116 44 121 114 73,106 113 78 85 120 75 88 119 84 83 72 117 118 89 105 116 44 121 114 73,simulation,db2,energy,22,50,50,0
W-CART,W-CART:cart,7,,0.06,0.122,106 113 78 85 120 75 88 119 84 83 72 117 118 89 105 116 44 121 114 73,106 113 78 85 120 75 88 119 84 83 72 117 118 89 105 116 44 121 114 73,simulation,db2,energy,22,50,50,0
ALL,W-NN:k=7,8,,0.02,0.124,106 113 78 85 120 75 88 119 84 83 72 117 118 89 105 116 44 121 114 73,106 113 78 85 120 75 88 119 84 83 72 117 118 89 105 116 44 121 114 73,simulation,db2,energy,22,50,50,0
W-NN,W-NN:k=1,4,3.0,0.06,0.128,117 119 118 113 116 75 120 71 72 73 77 114 115 70 74 76 150 86 105 149,77 76 114 116 118 119 72 73 75 115 117 74 111 113 112 120 147 149 71 143,simulation,db2,usage,22,50,50,0
W-QDA,W-QDA:qda,2,3.0,0.04,0.084,117 119 118 113 116 75 120 71 72 73 77 114 115 70 74 76 150 86 105 149,77 76 114 116 118 119 72 73 75 115 117 74 111 113 112 120 147 149 71 143,simulation,db2,usage,22,50,50,0
W-CART,W-CART:cart,15,1.5,0.02,0.124,116 117 118 114 119 73 75 77 113 115 120 74 76 72 147 70 149 150 233 235,77 76 114 116 118 119 72 73 75 115 117 74 111 113 112 120 147 149 71 143,simulation,db2,usage,22,50,50,0
ALL,W-CART:cart,15,1.5,0.02,0.124,116 117 118 114 119 73 75 77 113 115 120 74 76 72 147 70 149 150 233 235,77 76 114 116 118 119 72 73 75 115 117 74 111 113 112 120 147 149 71 143,simulation,db2,usage,22,50,50,0
W-NN,W-NN:k=1,1,,0.08,0.162,116 37 117 75 115 74 78 76 110 84 53 103 77 82 114 112 83 111 81 109,116 37 117 75 115 74 78 76 110 84 53 103 77 82 114 112 83 111 81 109,simulation,db2,energy,23,50,50,0
W-QDA,W-QDA:qda,12,,0.08,0.09,116 37 117 75 115 74 78 76 110 84 53 103 77 82 114 112 83 111 81 109,116 37 117 75 115 74 78 76 110 84 53 103 77 82 114 112 83 111 81 109,simulation,db2,energy,23,50,50,0
W-CART,W-CART:cart,1,,0.08,0.162,116 37 117 75 115 74 78 76 110 84 53 103 77 82 114 112 83 111 81 109,116 37 117 75 115 74 78 76 110 84 53 103 77 82 114 112 83 111 81 109,simulation,db2,energy,23,50,50,0
ALL,W-NN:k=1,1,,0.08,0.162,116 37 117 75 115 74 78 76 110 84 53 103 77 82 114 112 83 111 81 109,116 37 117 75 115 74 78 76 110 84 53 103 77 82 114 112 83 111 81 109,simulation,db2,energy,23,50,50,0
W-NN,W-NN:k=1,28,1.5,0.02,0.094,110 111 76 79 80 83 108 81 112 116 78 109 113 114 74 75 77 117 159 82,110 111 81 77 78 109 76 79 108 113 80 83 112 82 107 114 116 74 75 115,simulation,db2,usage,23,50,50,0
W-QDA,W-QDA:qda,6,1.0,0.06,0.158,110 111 81 77 78 109 76 79 108 113 80 83 112 82 107 114 116 74 75 115,110 111 81 77 78 109 76 79 108 113 80 83 112 82 107 114 116 74 75 115,simulation,db2,usage,23,50,50,0
W-CART,W-CART:cart,2,3.0,0.08,0.174,110 116 75 76 111 112 79 113 117 80 81 83 115 86 109 114 73 74 84 108,110 111 81 77 78 109 76 79 108 113 80 83 112 82 107 114 116 74 75 115,simulation,db2,usage,23,50,50,0
ALL,W-NN:k=1,28,1.5,0.02,0.094,110 111 76 79 80 83 108 81 112 116 78 109 113 114 74 75 77 117 159 82,110 111 81 77 78 109 76 79 108 113 80 83 112 82 107 114 116 74 75 115,simulation,db2,usage,23,50,50,0
W-NN,W-NN:k=1,42,,0.1,0.2,165 340 170 330 41 427 109 437 53 84 82 85 164 106 10 21 78 42 81 114,165 340 170 330 41 427 109 437 53 84 82 85 164 106 10 21 78 42 81 114,simulation,db2,energy,24,50,50,0
W-QDA,W-QDA:qda,8,,0.04,0.12,165 340 170 330 41 427 109 437 53 84 82 85 164 106 10 21 78 42 81 114,165 340 170 330 41 427 109 437 53 84 82 85 164 106 10 21 78 42 81 114,simulation,db2,energy,24,50,50,0
W-CART,W-CART:cart,6,,0.12,0.15,165 340 170 330 41 427 109 437 53 84 82 85 164 106 10 21 78 42 81 114,165 340 170 330 41 427 109 437 53 84 82 85 164 106 10 21 78 42 81 114,simulation,db2,energy,24,50,50,0
ALL,W-QDA:qda,8,,0.04,0.12,165 340 170 330 41 427 109 437 53 84 82 85 164 106 10 21 78 42 81 114,165 340 170 330 41 427 109 437 53 84 82 85 164 106 10 21 78 42 81 114,simulation,db2,energy,24,50,50,0
W-NN,W-NN:k=1,28,3.0,0.08,0.156,79 116 76 115 77 78 82 83 75 80 81 108 114 85 117 111 112 84 118 109,80 110 81 109 111 112 76 82 83 116 79 107 113 114 222 224 75 77 78 84,simulation,db2,usage,24,50,50,0
W-QDA,W-QDA:qda,12,0.5,0.06,0.142,110 80 81 111 112 82 107 79 164 109 114 221 222 224 74 76 78 83 108 113,80 110 81 109 111 112 76 82 83 116 79 107 113 114 222 224 75 77 78 84,simulation,db2,usage,24,50,50,0
W-CART,W-CART:cart,14,3.0,0.06,0.144,79 116 76 115 77 78 82 83 75 80 81 108 114 85 117 111 112 84 118 109,80 110 81 109 111 112 76 82 83 116 79 107 113 114 222 224 75 77 78 84,simulation,db2,usage,24,50,50,0
ALL,W-QDA:qda,12,0.5,0.06,0.142,110 80 81 111 112 82 107 79 164 109 114 221 222 224 74 76 78 83 108 113,80 110 81 109 111 112 76 82 83 116 79 107 113 114 222 224 75 77 78 84,simulation,db2,usage,24,50,50,0
W-NN,W-NN:k=1,31,,0.18,0.164,57 113 77 78 74 112 58 79 39 75 111 118 117 38 56 114 80 115 103 40,57 113 77 78 74 112 58 79 39 75 111 118 117 38 56 114 80 115 103 40,simulation,db2,energy,25,50,50,0
W-QDA,W-QDA:qda,7,,0.16,0.146,57 113 77 78 74 112 58 79 39 75 111 118 117 38 56 114 80 115 103 40,57 113 77 78 74 112 58 79 39 75 111 118 117 38 56 114 80 115 103 40,simulation,db2,energy,25,50,50,0
W-CART,W-CART:cart,37,,0.12,0.108,57 113 77 78 74 112 58 79 39 75 111 118 117 38 56 114 80 115 103 40,57 113 77 78 74 112 58 79 39 75 111 118 117 38 56 114 80 115 103 40,simulation,db2,energy,25,50,50,0
ALL,W-CART:cart,37,,0.12,0.108,57 113 77 78 74 112 58 79 39 75 111 118 117 38 56 114 80 115 103 40,57 113 77 78 74 112 58 79 39 75 111 118 117 38 56 114 80 115 103 40,simulation,db2,energy,25,50,50,0
W-NN,W-NN:k=1,54,3.0,0.08,0.158,111 112 113 78 114 115 74 77 75 79 116 39 80 83 81 82 109 76 110 118,112 77 113 78 114 80 81 115 116 76 111 154 157 75 110 74 79 82 108 153,simulation,db2,usage,25,50,50,0
W-QDA,W-QDA:qda,3,2.0,0.14,0.244,112 115 77 113 114 116 78 80 75 76 79 81 111 74 110 82 83 108 109 117,112 77 113 78 114 80 81 115 116 76 111 154 157 75 110 74 79 82 108 153,simulation,db2,usage,25,50,50,0
W-CART,W-CART:cart,58,1.0,0.08,0.126,112 77 113 78 114 80 81 115 116 76 111 154 157 75 110 74 79 82 108 153,112 77 113 78 114 80 81 115 116 76 111 154 157 75 110 74 79 82 108 153,simulation,db2,usage,25,50,50,0
ALL,W-NN:k=1,54,3.0,0.08,0.158,111 112 113 78 114 115 74 77 75 79 116 39 80 83 81 82 109 76 110 118,112 77 113 78 114 80 81 115 116 76 111 154 157 75 110 74 79 82 108 153,simulation,db2,usage,25,50,50,0
W-NN,W-NN:k=5,1,,0.06,0.192,71 240 143 76 239 114 112 79 115 120 43 35 105 42 106 77 78 80 480 144,71 240 143 76 239 114 112 79 115 120 43 35 105 42 106 77 78 80 480 144,simulation,db2,energy,26,50,50,0
W-QDA,W-QDA:qda,4,,0.02,0.086,71 240 143 76 239 114 112 79 115 120 43 35 105 42 106 77 78 80 480 144,71 240 143 76 239 114 112 79 115 120 43 35 105 42 106 77 78 80 480 144,simulation,db2,energy,26,50,50,0
W-CART,W-CART:cart,5,,0.08,0.12,71 240 143 76 239 114 112 79 115 120 43 35 105 42 106 77 78 80 480 144,71 240 143 76 239 114 112 79 115 120 43 35 105 42 106 77 78 80 480 144,simulation,db2,energy,26,50,50,0
ALL,W-QDA:qda,4,,0.02,0.086,71 240 143 76 239 114 112 79 115 120 43 35 105 42 106 77 78 80 480 144,71 240 143 76 239 114 112 79 115 120 43 35 105 42 106 77 78 80 480 144,simulation,db2,energy,26,50,50,0
W-NN,W-NN:k=3,4,1.0,0.12,0.14,114 112 116 74 76 77 78 111 113 115 75 110 117 73 79 230 71 81 118 119,114 112 116 74 76 77 78 111 113 115 75 110 117 73 79 230 71 81 118 119,simulation,db2,usage,26,50,50,0
W-QDA,W-QDA:qda,4,1.0,0.06,0.082,114 112 116 74 76 77 78 111 113 115 75 110 117 73 79 230 71 81 118 119,114 112 116 74 76 77 78 111 113 115 75 110 117 73 79 230 71 81 118 119,simulation,db2,usage,26,50,50,0
W-CART,W-CART:cart,11,1.5,0.06,0.088,76 115 75 113 114 116 74 111 117 118 73 79 110 112 77 78 80 81 71 84,114 112 116 74 76 77 78 111 113 115 75 110 117 73 79 230 71 81 118 119,simulation,db2,usage,26,50,50,0
ALL,W-QDA:qda,4,1.0,0.06,0.082,114 112 116 74 76 77 78 111 113 115 75 110 117 73 79 230 71 81 118 119,114 112 116 74 76 77 78 111 113 115 75 110 117 73 79 230 71 81 118 119,simulation,db2,usage,26,50,50,0
W-NN,W-NN:k=7,16,,0.08,0.174,113 155 78 42 106 156 116 77 108 79 37 107 105 74 84 118 83 56 85 86,113 155 78 42 106 156 116 77 108 79 37 107 105 74 84 118 83 56 85 86,simulation,db2,energy,27,50,50,0
W-QDA,W-QDA:qda,19,,0.04,0.054,113 155 78 42 106 156 116 77 108 79 37 107 105 74 84 118 83 56 85 86,113 155 78 42 106 156 116 77 108 79 37 107 105 74 84 118 83 56 85 86,simulation,db2,energy,27,50,50,0
W-CART,W-CART:cart,15,,0.08,0.088,113 155 78 42 106 156 116 77 108 79 37 107 105 74 84 118 83 56 85 86,113 155 78 42 106 156 116 77 108 79 37 107 105 74 84 118 83 56 85 86,simulation,db2,energy,27,50,50,0
ALL,W-QDA:qda,19,,0.04,0.054,113 155 78 42 106 156 116 77 108 79 37 107 105 74 84 118 83 56 85 86,113 155 78 42 106 156 116 77 108 79 37 107 105 74 84 118 83 56 85 86,simulation,db2,energy,27,50,50,0
W-NN,W-NN:k=1,50,1.0,0.0,0.108,82 108 77 81 78 79 113 115 80 83 107 110 112 114 76 109 111 219 220 84,82 108 77 81 78 79 113 115 80 83 107 110 112 114 76 109 111 219 220 84,simulation,db2,usage,27,50,50,0
W-QDA,W-QDA:qda,7,3.0,0.02,0.054,116 73 78 83 84 106 108 115 74 79 110 75 85 112 114 77 80 81 103 107,82 108 77 81 78 79 113 115 80 83 107 110 112 114 76 109 111 219 220 84,simulation,db2,usage,27,50,50,0
W-CART,W-CART:cart,27,3.0,0.02,0.1,116 73 78 83 84 106 108 115 74 79 110 75 85 112 114 77 80 81 103 107,82 108 77 81 78 79 113 115 80 83 107 110 112 114 76 109 111 219 220 84,simulation,db2,usage,27,50,50,0
ALL,W-NN:k=1,50,1.0,0.0,0.108,82 108 77 81 78 79 113 115 80 83 107 110 112 114 76 109 111 219 220 84,82 108 77 81 78 79 113 115 80 83 107 110 112 114 76 109 111 219 220 84,simulation,db2,usage,27,50,50,0
W-NN,W-NN:k=1,38,,0.02,0.13,79 112 80 224 54 57 77 72 75 81 89 118 55 223 104 88 102 113 119 121,79 112 80 224 54 57 77 72 75 81 89 118 55 223 104 88 102 113 119 121,simulation,db2,energy,28,50,50,0
W-QDA,W-QDA:qda,15,,0.02,0.048,79 112 80 224 54 57 77 72 75 81 89 118 55 223 104 88 102 113 119 121,79 112 80 224 54 57 77 72 75 81 89 118 55 223 104 88 102 113 119 121,simulation,db2,energy,28,50,50,0
W-CART,W-CART:cart,61,,0.04,0.14,79 112 80 224 54 57 77 72 75 81 89 118 55 223 104 88 102 113 119 121,79 112 80 224 54 57 77 72 75 81 89 118 55 223 104 88 102 113 119 121,simulation,db2,energy,28,50,50,0
ALL,W-QDA:qda,15,,0.02,0.048,79 112 80 224 54 57 77 72 75 81 89 118 55 223 104 88 102 113 119 121,79 112 80 224 54 57 77 72 75 81 89 118 55 223 104 88 102 113 119 121,simulation,db2,energy,28,50,50,0
W-NN,W-NN:k=1,46,0.5,0.02,0.13,111 112 80 79 81 78 83 113 84 108 109 223 76 110 114 115 77 82 116 221,79 83 111 112 109 78 80 108 110 81 84 76 106 77 115 116 107 165 74 82,simulation,db2,usage,28,50,50,0
W-QDA,W-QDA:qda,13,3.0,0.06,0.046,79 107 108 81 84 87 110 112 119 80 104 109 75 82 85 86 105 111 115 77,79 83 111 112 109 78 80 108 110 81 84 76 106 77 115 116 107 165 74 82,simulation,db2,usage,28,50,50,0
W-CART,W-CART:cart,23,3.0,0.04,0.098,79 107 108 81 84 87 110 112 119 80 104 109 75 82 85 86 105 111 115 77,79 83 111 112 109 78 80 108 110 81 84 76 106 77 115 116 107 165 74 82,simulation,db2,usage,28,50,50,0
ALL,W-NN:k=1,46,0.5,0.02,0.13,111 112 80 79 81 78 83 113 84 108 109 223 76 110 114 115 77 82 116 221,79 83 111 112 109 78 80 108 110 81 84 76 106 77 115 116 107 165 74 82,simulation,db2,usage,28,50,50,0
W-NN,W-NN:k=3,6,,0.08,0.192,104 175 37 116 54 80 83 176 208 84 109 115 36 107 111 166 76 110 81 52,104 175 37 116 54 80 83 176 208 84 109 115 36 107 111 166 76 110 81 52,simulation,db2,energy,29,50,50,0
W-QDA,W-QDA:qda,6,,0.04,0.058,104 175 37 116 54 80 83 176 208 84 109 115 36 107 111 166 76 110 81 52,104 175 37 116 54 80 83 176 208 84 109 115 36 107 111 166 76 110 81 52,simulation,db2,energy,29,50,50,0
W-CART,W-CART:cart,23,,0.1,0.18,104 175 37 116 54 80 83 176 208 84 109 115 36 107 111 166 76 110 81 52,104 175 37 116 54 80 83 176 208 84 109 115 36 107 111 166 76 110 81 52,simulation,db2,energy,29,50,50,0
ALL,W-QDA:qda,6,,0.04,0.058,104 175 37 116 54 80 83 176 208 84 109 115 36 107 111 166 76 110 81 52,104 175 37 116 54 80 83 176 208 84 109 115 36 107 111 166 76 110 81 52,simulation,db2,energy,29,50,50,0
W-NN,W-NN:k=3,4,1.5,0.06,0.142,83 109 114 77 78 112 113 79 82 108 110 81 107 84 117 85 76 80 116 75,77 109 112 79 83 110 76 78 82 84 113 114 80 107 108 81 159 111 115 117,simulation,db2,usage,29,50,50,0
W-QDA,W-QDA:qda,4,1.5,0.12,0.154,83 109 114 77 78 112 113 79 82 108 110 81 107 84 117 85 76 80 116 75,77 109 112 79 83 110 76 78 82 84 113 114 80 107 108 81 159 111 115 117,simulation,db2,usage,29,50,50,0
W-CART,W-CART:cart,34,0.5,0.04,0.13,82 83 109 110 80 108 112 111 76 77 78 79 113 75 114 115 215 223 228 84,77 109 112 79 83 110 76 78 82 84 113 114 80 107 108 81 159 111 115 117,simulation,db2,usage,29,50,50,0
ALL,W-CART:cart,34,0.5,0.04,0.13,82 83 109 110 80 108 112 111 76 77 78 79 113 75 114 115 215 223 228 84,77 109 112 79 83 110 76 78 82 84 113 114 80 107 108 81 159 111 115 117,simulation,db2,usage,29,50,50,0
W-NN,W-NN:k=3,1,,0.02,0.116,118 84 108 81 80 82 83 72 114 115 73 79 56 78 119 110 109 116 111 77,118 84 108 81 80 82 83 72 114 115 73 79 56 78 119 110 109 116 111 77,simulation,db2,energy,30,50,50,0
W-QDA,W-QDA:qda,1,,0.02,0.12,118 84 108 81 80 82 83 72 114 115 73 79 56 78 119 110 109 116 111 77,118 84 108 81 80 82 83 72 114 115 73 79 56 78 119 110 109 116 111 77,simulation,db2,energy,30,50,50,0
W-CART,W-CART:cart,1,,0.04,0.12,118 84 108 81 80 82 83 72 114 115 73 79 56 78 119 110 109 116 111 77,118 84 108 81 80 82 83 72 114 115 73 79 56 78 119 110 109 116 111 77,simulation,db2,energy,30,50,50,0
ALL,W-NN:k=3,1,,0.02,0.116,118 84 108 81 80 82 83 72 114 115 73 79 56 78 119 110 109 116 111 77,118 84 108 81 80 82 83 72 114 115 73 79 56 78 119 110 109 116 111 77,simulation,db2,energy,30,50,50,0
W-NN,W-NN:k=1,57,3.0,0.06,0.15,80 78 82 114 113 81 108 109 115 77 106 112 116 73 79 83 84 119 85 110,112 78 77 80 110 81 79 114 115 82 111 116 75 84 108 113 76 85 86 158,simulation,db2,usage,30,50,50,0
W-QDA,W-QDA:qda,13,2.0,0.0,0.086,80 81 112 114 78 77 82 113 106 115 76 84 110 116 79 85 108 74 83 109,112 78 77 80 110 81 79 114 115 82 111 116 75 84 108 113 76 85 86 158,simulation,db2,usage,30,50,50,0
W-CART,W-CART:cart,35,2.0,0.08,0.126,80 81 112 114 78 77 82 113 106 115 76 84 110 116 79 85 108 74 83 109,112 78 77 80 110 81 79 114 115 82 111 116 75 84 108 113 76 85 86 158,simulation,db2,usage,30,50,50,0
ALL,W-QDA:qda,13,2.0,0.0,0.086,80 81 112 114 78 77 82 113 106 115 76 84 110 116 79 85 108 74 83 109,112 78 77 80 110 81 79 114 115 82 111 116 75 84 108 113 76 85 86 158,simulation,db2,usage,30,50,50,0
W-NN,W-NN:k=3,24,,0.02,0.15,121 140 102 104 89 76 88 114 87 115 117 112 141 113 77 53 79 78 80 103,121 140 102 104 89 76 88 114 87 115 117 112 141 113 77 53 79 78 80 103,simulation,db2,energy,31,50,50,0
W-QDA,W-QDA:qda,9,,0.02,0.078,121 140 102 104 89 76 88 114 87 115 117 112 141 113 77 53 79 78 80 103,121 140 102 104 89 76 88 114 87 115 117 112 141 113 77 53 79 78 80 103,simulation,db2,energy,31,50,50,0
W-CART,W-CART:cart,37,,0.1,0.228,121 140 102 104 89 76 88 114 87 115 117 112 141 113 77 53 79 78 80 103,121 140 102 104 89 76 88 114 87 115 117 112 141 113 77 53 79 78 80 103,simulation,db2,energy,31,50,50,0
ALL,W-QDA:qda,9,,0.02,0.078,121 140 102 104 89 76 88 114 87 115 117 112 141 113 77 53 79 78 80 103,121 140 102 104 89 76 88 114 87 115 117 112 141 113 77 53 79 78 80 103,simulation,db2,energy,31,50,50,0
W-NN,W-NN:k=5,17,3.0,0.04,0.144,114 78 81 75 79 112 113 76 77 80 82 116 109 110 74 85 86 88 105 106,75 76 83 80 115 81 108 109 78 82 107 112 113 114 116 77 79 110 111 74,simulation,db2,usage,31,50,50,0
W-QDA,W-QDA:qda,19,0.5,0.0,0.074,109 75 80 81 115 76 107 110 112 78 82 83 111 114 116 77 79 108 113 74,75 76 83 80 115 81 108 109 78 82 107 112 113 114 116 77 79 110 111 74,simulation,db2,usage,31,50,50,0
W-CART,W-CART:cart,39,1.0,0.08,0.164,75 76 83 80 115 81 108 109 78 82 107 112 113 114 116 77 79 110 111 74,75 76 83 80 115 81 108 109 78 82 107 112 113 114 116 77 79 110 111 74,simulation,db2,usage,31,50,50,0
ALL,W-QDA:qda,19,0.5,0.0,0.074,109 75 80 81 115 76 107 110 112 78 82 83 111 114 116 77 79 108 113 74,75 76 83 80 115 81 108 109 78 82 107 112 113 114 116 77 79 110 111 74,simulation,db2,usage,31,50,50,0
W-NN,W-NN:k=1,6,,0.0,0.14,78 108 109 72 60 114 103 77 119 35 88 54 79 110 111 112 166 53 104 84,78 108 109 72 60 114 103 77 119 35 88 54 79 110 111 112 166 53 104 84,simulation,db2,energy,32,50,50,0
W-QDA,W-QDA:qda,20,,0.0,0.042,78 108 109 72 60 114 103 77 119 35 88 54 79 110 111 112 166 53 104 84,78 108 109 72 60 114 103 77 119 35 88 54 79 110 111 112 166 53 104 84,simulation,db2,energy,32,50,50,0
W-CART,W-CART:cart,19,,0.0,0.108,78 108 109 72 60 114 103 77 119 35 88 54 79 110 111 112 166 53 104 84,78 108 109 72 60 114 103 77 119 35 88 54 79 110 111 112 166 53 104 84,simulation,db2,energy,32,50,50,0
ALL,W-NN:k=1,6,,0.0,0.14,78 108 109 72 60 114 103 77 119 35 88 54 79 110 111 112 166 53 104 84,78 108 109 72 60 114 103 77 119 35 88 54 79 110 111 112 166 53 104 84,simulation,db2,energy,32,50,50,0
W-NN,W-NN:k=1,10,2.0,0.04,0.14,110 109 112 81 83 111 80 85 113 75 78 79 82 84 114 230 76 77 116 86,109 110 113 81 78 80 79 83 111 76 82 112 84 115 166 229 230 85 155 170,simulation,db2,usage,32,50,50,0
W-QDA,W-QDA:qda,10,2.0,0.0,0.062,110 109 112 81 83 111 80 85 113 75 78 79 82 84 114 230 76 77 116 86,109 110 113 81 78 80 79 83 111 76 82 112 84 115 166 229 230 85 155 170,simulation,db2,usage,32,50,50,0
W-CART,W-CART:cart,11,3.0,0.04,0.106,110 109 112 83 85 78 80 82 84 79 111 81 104 107 114 77 86 88 103 115,109 110 113 81 78 80 79 83 111 76 82 112 84 115 166 229 230 85 155 170,simulation,db2,usage,32,50,50,0
ALL,W-QDA:qda,10,2.0,0.0,0.062,110 109 112 81 83 111 80 85 113 75 78 79 82 84 114 230 76 77 116 86,109 110 113 81 78 80 79 83 111 76 82 112 84 115 166 229 230 85 155 170,simulation,db2,usage,32,50,50,0
W-NN,W-NN:k=5,14,,0.06,0.122,120 60 75 76 115 85 105 86 107 143 70 52 142 106 104 116 79 108 113 58,120 60 75 76 115 85 105 86 107 143 70 52 142 106 104 116 79 108 113 58,simulation,db2,energy,33,50,50,0
W-QDA,W-QDA:qda,20,,0.0,0.042,120 60 75 76 115 85 105 86 107 143 70 52 142 106 104 116 79 108 113 58,120 60 75 76 115 85 105 86 107 143 70 52 142 106 104 116 79 108 113 58,simulation,db2,energy,33,50,50,0
W-CART,W-CART:cart,22,,0.08,0.096,120 60 75 76 115 85 105 86 107 143 70 52 142 106 104 116 79 108 113 58,120 60 75 76 115 85 105 86 107 143 70 52 142 106 104 116 79 108 113 58,simulation,db2,energy,33,50,50,0
ALL,W-QDA:qda,20,,0.0,0.042,120 60 75 76 115 85 105 86 107 143 70 52 142 106 104 116 79 108 113 58,120 60 75 76 115 85 105 86 107 143 70 52 142 106 104 116 79 108 113 58,simulation,db2,energy,33,50,50,0
W-NN,W-NN:k=1,2,2.0,0.06,0.118,115 83 84 105 110 107 109 82 86 76 77 85 114 106 113 74 75 78 103 108,109 83 84 110 81 82 105 111 115 85 107 108 77 86 74 76 78 80 106 113,simulation,db2,usage,33,50,50,0
W-QDA,W-QDA:qda,9,3.0,0.02,0.036,83 105 114 76 86 107 115 77 113 78 84 85 108 117 75 82 89 106 109 79,109 83 84 110 81 82 105 111 115 85 107 108 77 86 74 76 78 80 106 113,simulation,db2,usage,33,50,50,0
W-CART,W-CART:cart,25,1.5,0.12,0.138,83 109 85 105 115 84 107 110 108 74 76 77 86 113 114 81 82 103 106 111,109 83 84 110 81 82 105 111 115 85 107 108 77 86 74 76 78 80 106 113,simulation,db2,usage,33,50,50,0
ALL,W-QDA:qda,9,3.0,0.02,0.036,83 105 114 76 86 107 115 77 113 78 84 85 108 117 75 82 89 106 109 79,109 83 84 110 81 82 105 111 115 85 107 108 77 86 74 76 78 80 106 113,simulation,db2,usage,33,50,50,0
W-NN,W-NN:k=1,5,,0.02,0.112,76 116 85 105 86 74 104 80 87 75 117 115 51 84 79 102 107 83 77 231,76 116 85 105 86 74 104 80 87 75 117 115 51 84 79 102 107 83 77 231,simulation,db2,energy,34,50,50,0
W-QDA,W-QDA:qda,4,,0.0,0.05,76 116 85 105 86 74 104 80 87 75 117 115 51 84 79 102 107 83 77 231,76 116 85 105 86 74 104 80 87 75 117 115 51 84 79 102 107 83 77 231,simulation,db2,energy,34,50,50,0
W-CART,W-CART:cart,4,,0.1,0.118,76 116 85 105 86 74 104 80 87 75 117 115 51 84 79 102 107 83 77 231,76 116 85 105 86 74 104 80 87 75 117 115 51 84 79 102 107 83 77 231,simulation,db2,energy,34,50,50,0
ALL,W-QDA:qda,4,,0.0,0.05,76 116 85 105 86 74 104 80 87 75 117 115 51 84 79 102 107 83 77 231,76 116 85 105 86 74 104 80 87 75 117 115 51 84 79 102 107 83 77 231,simulation,db2,energy,34,50,50,0
W-NN,W-NN:k=1,20,2.0,0.02,0.084,74 76 113 114 117 77 116 73 75 115 85 72 78 79 86 105 81 84 87 109,76 115 78 77 117 73 74 75 113 114 116 79 112 155 85 233 87 109 72 81,simulation,db2,usage,34,50,50,0
W-QDA,W-QDA:qda,6,3.0,0.04,0.066,74 117 116 72 76 85 86 114 115 73 75 113 79 81 87 104 112 118 119 80,76 115 78 77 117 73 74 75 113 114 116 79 112 155 85 233 87 109 72 81,simulation,db2,usage,34,50,50,0
W-CART,W-CART:cart,5,1.0,0.08,0.182,76 115 78 77 117 73 74 75 113 114 116 79 112 155 85 233 87 109 72 81,76 115 78 77 117 73 74 75 113 114 116 79 112 155 85 233 87 109 72 81,simulation,db2,usage,34,50,50,0
ALL,W-NN:k=1,20,2.0,0.02,0.084,74 76 113 114 117 77 116 73 75 115 85 72 78 79 86 105 81 84 87 109,76 115 78 77 117 73 74 75 113 114 116 79 112 155 85 233 87 109 72 81,simulation,db2,usage,34,50,50,0
W-NN,W-NN:k=3,24,,0.1,0.168,72 119 79 106 39 80 108 112 85 82 56 107 118 83 111 109 105 84 225 116,72 119 79 106 39 80 108 112 85 82 56 107 118 83 111 109 105 84 225 116,simulation,db2,energy,35,50,50,0
W-QDA,W-QDA:qda,4,,0.06,0.054,72 119 79 106 39 80 108 112 85 82 56 107 118 83 111 109 105 84 225 116,72 119 79 106 39 80 108 112 85 82 56 107 118 83 111 109 105 84 225 116,simulation,db2,energy,35,50,50,0
W-CART,W-CART:cart,24,,0.14,0.112,72 119 79 106 39 80 108 112 85 82 56 107 118 83 111 109 105 84 225 116,72 119 79 106 39 80 108 112 85 82 56 107 118 83 111 109 105 84 225 116,simulation,db2,energy,35,50,50,0
ALL,W-QDA:qda,4,,0.06,0.054,72 119 79 106 39 80 108 112 85 82 56 107 118 83 111 109 105 84 225 116,72 119 79 106 39 80 108 112 85 82 56 107 118 83 111 109 105 84 225 116,simulation,db2,energy,35,50,50,0
W-NN,W-NN:k=1,18,1.5,0.04,0.12,81 82 109 77 111 113 83 107 78 84 110 112 115 79 80 114 72 75 108 116,81 82 111 109 107 110 77 80 83 113 115 78 79 114 84 108 112 75 76 156,simulation,db2,usage,35,50,50,0
W-QDA,W-QDA:qda,21,1.0,0.02,0.088,81 82 111 109 107 110 77 80 83 113 115 78 79 114 84 108 112 75 76 156,81 82 111 109 107 110 77 80 83 113 115 78 79 114 84 108 112 75 76 156,simulation,db2,usage,35,50,50,0
W-CART,W-CART:cart,21,1.5,0.08,0.098,81 82 109 77 111 113 83 107 78 84 110 112 115 79 80 114 72 75 108 116,81 82 111 109 107 110 77 80 83 113 115 78 79 114 84 108 112 75 76 156,simulation,db2,usage,35,50,50,0
ALL,W-QDA:qda,21,1.0,0.02,0.088,81 82 111 109 107 110 77 80 83 113 115 78 79 114 84 108 112 75 76 156,81 82 111 109 107 110 77 80 83 113 115 78 79 114 84 108 112 75 76 156,simulation,db2,usage,35,50,50,0
W-NN,W-NN:k=1,3,,0.12,0.164,88 103 111 107 84 75 85 79 80 106 112 160 86 53 44 74 39 83 108 81,88 103 111 107 84 75 85 79 80 106 112 160 86 53 44 74 39 83 108 81,simulation,db2,energy,36,50,50,0
W-QDA,W-QDA:qda,6,,0.06,0.026,88 103 111 107 84 75 85 79 80 106 112 160 86 53 44 74 39 83 108 81,88 103 111 107 84 75 85 79 80 106 112 160 86 53 44 74 39 83 108 81,simulation,db2,energy,36,50,50,0
W-CART,W-CART:cart,13,,0.04,0.128,88 103 111 107 84 75 85 79 80 106 112 160 86 53 44 74 39 83 108 81,88 103 111 107 84 75 85 79 80 106 112 160 86 53 44 74 39 83 108 81,simulation,db2,energy,36,50,50,0
ALL,W-CART:cart,13,,0.04,0.128,88 103 111 107 84 75 85 79 80 106 112 160 86 53 44 74 39 83 108 81,88 103 111 107 84 75 85 79 80 106 112 160 86 53 44 74 39 83 108 81,simulation,db2,energy,36,50,50,0
W-NN,W-NN:k=3,3,1.5,0.08,0.13,78 106 109 83 107 110 82 84 79 108 77 81 111 112 114 80 85 86 113 115,83 109 79 78 82 111 81 77 80 84 106 108 110 112 85 107 113 114 76 86,simulation,db2,usage,36,50,50,0
W-QDA,W-QDA:qda,3,1.5,0.1,0.088,78 106 109 83 107 110 82 84 79 108 77 81 111 112 114 80 85 86 113 115,83 109 79 78 82 111 81 77 80 84 106 108 110 112 85 107 113 114 76 86,simulation,db2,usage,36,50,50,0
W-CART,W-CART:cart,23,3.0,0.04,0.126,78 79 83 84 106 112 107 108 109 80 85 110 111 77 114 76 87 115 81 82,83 109 79 78 82 111 81 77 80 84 106 108 110 112 85 107 113 114 76 86,simulation,db2,usage,36,50,50,0
ALL,W-CART:cart,23,3.0,0.04,0.126,78 79 83 84 106 112 107 108 109 80 85 110 111 77 114 76 87 115 81 82,83 109 79 78 82 111 81 77 80 84 106 108 110 112 85 107 113 114 76 86,simulation,db2,usage,36,50,50,0
W-NN,W-NN:k=5,1,,0.06,0.134,73 81 118 71 59 106 83 119 111 219 72 52 110 78 117 147 108 120 79 74,73 81 118 71 59 106 83 119 111 219 72 52 110 78 117 147 108 120 79 74,simulation,db2,energy,37,50,50,0
W-QDA,W-QDA:qda,4,,0.02,0.08,73 81 118 71 59 106 83 119 111 219 72 52 110 78 117 147 108 120 79 74,73 81 118 71 59 106 83 119 111 219 72 52 110 78 117 147 108 120 79 74,simulation,db2,energy,37,50,50,0
W-CART,W-CART:cart,3,,0.08,0.146,73 81 118 71 59 106 83 119 111 219 72 52 110 78 117 147 108 120 79 74,73 81 118 71 59 106 83 119 111 219 72 52 110 78 117 147 108 120 79 74,simulation,db2,energy,37,50,50,0
ALL,W-QDA:qda,4,,0.02,0.08,73 81 118 71 59 106 83 119 111 219 72 52 110 78 117 147 108 120 79 74,73 81 118 71 59 106 83 119 111 219 72 52 110 78 117 147 108 120 79 74,simulation,db2,energy,37,50,50,0
W-NN,W-NN:k=1,3,1.0,0.02,0.128,76 108 117 82 83 115 116 111 74 79 80 81 107 109 110 113 235 73 112 75,76 108 117 82 83 115 116 111 74 79 80 81 107 109 110 113 235 73 112 75,simulation,db2,usage,37,50,50,0
W-QDA,W-QDA:qda,4,3.0,0.0,0.104,79 115 116 117 118 75 106 74 76 82 83 110 114 72 73 77 85 111 71 78,76 108 117 82 83 115 116 111 74 79 80 81 107 109 110 113 235 73 112 75,simulation,db2,usage,37,50,50,0
W-CART,W-CART:cart,3,1.0,0.06,0.152,76 108 117 82 83 115 116 111 74 79 80 81 107 109 110 113 235 73 112 75,76 108 117 82 83 115 116 111 74 79 80 81 107 109 110 113 235 73 112 75,simulation,db2,usage,37,50,50,0
ALL,W-QDA:qda,4,3.0,0.0,0.104,79 115 116 117 118 75 106 74 76 82 83 110 114 72 73 77 85 111 71 78,76 108 117 82 83 115 116 111 74 79 80 81 107 109 110 113 235 73 112 75,simulation,db2,usage,37,50,50,0
W-NN,W-NN:k=1,4,,0.1,0.1,74 75 35 117 80 76 60 116 78 56 103 112 79 77 115 43 58 57 55 111,74 75 35 117 80 76 60 116 78 56 103 112 79 77 115 43 58 57 55 111,simulation,db2,energy,38,50,50,0
W-QDA,W-QDA:qda,2,,0.08,0.076,74 75 35 117 80 76 60 116 78 56 103 112 79 77 115 43 58 57 55 111,74 75 35 117 80 76 60 116 78 56 103 112 79 77 115 43 58 57 55 111,simulation,db2,energy,38,50,50,0
W-CART,W-CART:cart,1,,0.12,0.142,74 75 35 117 80 76 60 116 78 56 103 112 79 77 115 43 58 57 55 111,74 75 35 117 80 76 60 116 78 56 103 112 79 77 115 43 58 57 55 111,simulation,db2,energy,38,50,50,0
ALL,W-QDA:qda,2,,0.08,0.076,74 75 35 117 80 76 60 116 78 56 103 112 79 77 115 43 58 57 55 111,74 75 35 117 80 76 60 116 78 56 103 112 79 77 115 43 58 57 55 111,simulation,db2,energy,38,50,50,0
W-NN,W-NN:k=3,4,2.0,0.1,0.168,115 75 79 81 77 110 113 114 76 78 80 116 74 107 117 111 82 83 84 106,77 113 115 114 78 79 81 116 75 76 80 111 112 74 110 82 223 73 107 108,simulation,db2,usage,38,50,50,0
W-QDA,W-QDA:qda,8,1.5,0.02,0.124,115 113 77 79 78 114 75 81 74 80 110 116 76 117 82 107 108 111 223 109,77 113 115 114 78 79 81 116 75 76 80 111 112 74 110 82 223 73 107 108,simulation,db2,usage,38,50,50,0
W-CART,W-CART:cart,11,3.0,0.08,0.146,79 115 77 80 74 76 78 81 107 108 110 111 114 117 75 84 112 116 105 73,77 113 115 114 78 79 81 116 75 76 80 111 112 74 110 82 223 73 107 108,simulation,db2,usage,38,50,50,0
ALL,W-QDA:qda,8,1.5,0.02,0.124,115 113 77 79 78 114 75 81 74 80 110 116 76 117 82 107 108 111 223 109,77 113 115 114 78 79 81 116 75 76 80 111 112 74 110 82 223 73 107 108,simulation,db2,usage,38,50,50,0
W-NN,W-NN:k=1,3,,0.06,0.074,114 105 109 85 110 81 106 171 76 108 72 82 172 86 74 111 77 155 83 84,114 105 109 85 110 81 106 171 76 108 72 82 172 86 74 111 77 155 83 84,simulation,db2,energy,39,50,50,0
W-QDA,W-QDA:qda,4,,0.02,0.068,114 105 109 85 110 81 106 171 76 108 72 82 172 86 74 111 77 155 83 84,114 105 109 85 110 81 106 171 76 108 72 82 172 86 74 111 77 155 83 84,simulation,db2,energy,39,50,50,0
W-CART,W-CART:cart,3,,0.08,0.124,114 105 109 85 110 81 106 171 76 108 72 82 172 86 74 111 77 155 83 84,114 105 109 85 110 81 106 171 76 108 72 82 172 86 74 111 77 155 83 84,simulation,db2,energy,39,50,50,0
ALL,W-QDA:qda,4,,0.02,0.068,114 105 109 85 110 81 106 171 76 108 72 82 172 86 74 111 77 155 83 84,114 105 109 85 110 81 106 171 76 108 72 82 172 86 74 111 77 155 83 84,simulation,db2,energy,39,50,50,0
W-NN,W-NN:k=3,5,3.0,0.02,0.098,108 109 76 84 117 72 77 86 75 85 114 115 81 83 106 111 112 119 78 82,79 81 77 108 109 82 107 110 111 75 78 83 84 116 76 113 114 115 73 118,simulation,db2,usage,39,50,50,0
W-QDA,W-QDA:qda,5,3.0,0.0,0.062,108 109 76 84 117 72 77 86 75 85 114 115 81 83 106 111 112 119 78 82,79 81 77 108 109 82 107 110 111 75 78 83 84 116 76 113 114 115 73 118,simulation,db2,usage,39,50,50,0
W-CART,W-CART:cart,39,3.0,0.02,0.104,108 109 76 84 117 72 77 86 75 85 114 115 81 83 106 111 112 119 78 82,79 81 77 108 109 82 107 110 111 75 78 83 84 116 76 113 114 115 73 118,simulation,db2,usage,39,50,50,0
ALL,W-QDA:qda,5,3.0,0.0,0.062,108 109 76 84 117 72 77 86 75 85 114 115 81 83 106 111 112 119 78 82,79 81 77 108 109 82 107 110 111 75 78 83 84 116 76 113 114 115 73 118,simulation,db2,usage,39,50,50,0
W-NN,W-NN:k=1,12,,0.02,0.046,83 108 37 10 117 116 74 75 84 87 105 86 20 72 81 53 216 54 89 118,83 108 37 10 117 116 74 75 84 87 105 86 20 72 81 53 216 54 89 118,simulation,db2,energy,40,50,50,0
W-QDA,W-QDA:qda,10,,0.04,0.044,83 108 37 10 117 116 74 75 84 87 105 86 20 72 81 53 216 54 89 118,83 108 37 10 117 116 74 75 84 87 105 86 20 72 81 53 216 54 89 118,simulation,db2,energy,40,50,50,0
W-CART,W-CART:cart,38,,0.06,0.12,83 108 37 10 117 116 74 75 84 87 105 86 20 72 81 53 216 54 89 118,83 108 37 10 117 116 74 75 84 87 105 86 20 72 81 53 216 54 89 118,simulation,db2,energy,40,50,50,0
ALL,W-NN:k=1,12,,0.02,0.046,83 108 37 10 117 116 74 75 84 87 105 86 20 72 81 53 216 54 89 118,83 108 37 10 117 116 74 75 84 87 105 86 20 72 81 53 216 54 89 118,simulation,db2,energy,40,50,50,0
W-NN,W-NN:k=3,13,0.5,0.02,0.084,81 113 79 80 77 83 84 108 115 76 82 114 116 75 107 109 110 117 78 111,83 115 77 81 107 108 84 79 110 75 76 78 80 82 109 113 116 117 105 111,simulation,db2,usage,40,50,50,0
W-QDA,W-QDA:qda,3,1.5,0.02,0.086,83 115 84 105 107 108 77 78 81 85 104 116 117 74 79 80 86 87 109 111,83 115 77 81 107 108 84 79 110 75 76 78 80 82 109 113 116 117 105 111,simulation,db2,usage,40,50,50,0
W-CART,W-CART:cart,12,3.0,0.06,0.12,83 84 86 117 118 74 76 105 109 85 106 116 72 73 75 77 80 104 107 108,83 115 77 81 107 108 84 79 110 75 76 78 80 82 109 113 116 117 105 111,simulation,db2,usage,40,50,50,0
ALL,W-QDA:qda,3,1.5,0.02,0.086,83 115 84 105 107 108 77 78 81 85 104 116 117 74 79 80 86 87 109 111,83 115 77 81 107 108 84 79 110 75 76 78 80 82 109 113 116 117 105 111,simulation,db2,usage,40,50,50,0
W-NN,W-NN:k=1,7,,0.06,0.156,79 112 114 85 80 111 76 78 109 106 75 110 115 82 107 87 104 105 77 84,79 112 114 85 80 111 76 78 109 106 75 110 115 82 107 87 104 105 77 84,simulation,db2,energy,41,50,50,0
W-QDA,W-QDA:qda,9,,0.02,0.14,79 112 114 85 80 111 76 78 109 106 75 110 115 82 107 87 104 105 77 84,79 112 114 85 80 111 76 78 109 106 75 110 115 82 107 87 104 105 77 84,simulation,db2,energy,41,50,50,0
W-CART,W-CART:cart,22,,0.06,0.118,79 112 114 85 80 111 76 78 109 106 75 110 115 82 107 87 104 105 77 84,79 112 114 85 80 111 76 78 109 106 75 110 115 82 107 87 104 105 77 84,simulation,db2,energy,41,50,50,0
ALL,W-QDA:qda,9,,0.02,0.14,79 112 114 85 80 111 76 78 109 106 75 110 115 82 107 87 104 105 77 84,79 112 114 85 80 111 76 78 109 106 75 110 115 82 107 87 104 105 77 84,simulation,db2,energy,41,50,50,0
W-NN,W-NN:k=3,16,3.0,0.02,0.102,78 77 107 113 112 79 80 81 75 76 110 111 114 83 84 86 104 105 106 82,81 109 110 82 79 111 80 78 112 108 113 115 76 222 224 83 225 77 154 156,simulation,db2,usage,41,50,50,0
W-QDA,W-QDA:qda,13,1.0,0.02,0.11,81 109 110 82 79 111 80 78 112 108 113 115 76 222 224 83 225 77 154 156,81 109 110 82 79 111 80 78 112 108 113 115 76 222 224 83 225 77 154 156,simulation,db2,usage,41,50,50,0
W-CART,W-CART:cart,21,1.5,0.04,0.11,109 110 81 80 82 113 76 77 78 79 108 111 114 112 104 115 156 158 83 86,81 109 110 82 79 111 80 78 112 108 113 115 76 222 224 83 225 77 154 156,simulation,db2,usage,41,50,50,0
ALL,W-QDA:qda,13,1.0,0.02,0.11,81 109 110 82 79 111 80 78 112 108 113 115 76 222 224 83 225 77 154 156,81 109 110 82 79 111 80 78 112 108 113 115 76 222 224 83 225 77 154 156,simulation,db2,usage,41,50,50,0
W-NN,W-NN:k=5,9,,0.08,0.094,52 87 174 88 116 117 104 75 74 86 103 106 42 79 175 111 209 89 112 120,52 87 174 88 116 117 104 75 74 86 103 106 42 79 175 111 209 89 112 120,simulation,db2,energy,42,50,50,0
W-QDA,W-QDA:qda,5,,0.04,0.08,52 87 174 88 116 117 104 75 74 86 103 106 42 79 175 111 209 89 112 120,52 87 174 88 116 117 104 75 74 86 103 106 42 79 175 111 209 89 112 120,simulation,db2,energy,42,50,50,0
W-CART,W-CART:cart,19,,0.08,0.126,52 87 174 88 116 117 104 75 74 86 103 106 42 79 175 111 209 89 112 120,52 87 174 88 116 117 104 75 74 86 103 106 42 79 175 111 209 89 112 120,simulation,db2,energy,42,50,50,0
ALL,W-QDA:qda,5,,0.04,0.08,52 87 174 88 116 117 104 75 74 86 103 106 42 79 175 111 209 89 112 120,52 87 174 88 116 117 104 75 74 86 103 106 42 79 175 111 209 89 112 120,simulation,db2,energy,42,50,50,0
W-NN,W-NN:k=5,5,3.0,0.02,0.156,74 76 78 104 73 79 87 114 116 117 119 71 86 105 106 115 118 72 75 84,78 79 113 114 75 76 86 111 112 115 116 77 105 117 109 118 73 74 84 85,simulation,db2,usage,42,50,50,0
W-QDA,W-QDA:qda,3,2.0,0.06,0.1,114 75 86 115 118 76 78 79 104 113 71 74 83 85 112 117 73 77 81 84,78 79 113 114 75 76 86 111 112 115 116 77 105 117 109 118 73 74 84 85,simulation,db2,usage,42,50,50,0
W-CART,W-CART:cart,13,2.0,0.08,0.134,114 75 86 115 118 76 78 79 104 113 71 74 83 85 112 117 73 77 81 84,78 79 113 114 75 76 86 111 112 115 116 77 105 117 109 118 73 74 84 85,simulation,db2,usage,42,50,50,0
ALL,W-NN:k=5,5,3.0,0.02,0.156,74 76 78 104 73 79 87 114 116 117 119 71 86 105 106 115 118 72 75 84,78 79 113 114 75 76 86 111 112 115 116 77 105 117 109 118 73 74 84 85,simulation,db2,usage,42,50,50,0
W-NN,W-NN:k=3,19,,0.06,0.142,102 103 87 88 115 76 74 80 73 77 60 42 82 104 118 72 53 119 75 112,102 103 87 88 115 76 74 80 73 77 60 42 82 104 118 72 53 119 75 112,simulation,db2,energy,43,50,50,0
W-QDA,W-QDA:qda,14,,0.02,0.04,102 103 87 88 115 76 74 80 73 77 60 42 82 104 118 72 53 119 75 112,102 103 87 88 115 76 74 80 73 77 60 42 82 104 118 72 53 119 75 112,simulation,db2,energy,43,50,50,0
W-CART,W-CART:cart,18,,0.04,0.104,102 103 87 88 115 76 74 80 73 77 60 42 82 104 118 72 53 119 75 112,102 103 87 88 115 76 74 80 73 77 60 42 82 104 118 72 53 119 75 112,simulation,db2,energy,43,50,50,0
ALL,W-QDA:qda,14,,0.02,0.04,102 103 87 88 115 76 74 80 73 77 60 42 82 104 118 72 53 119 75 112,102 103 87 88 115 76 74 80 73 77 60 42 82 104 118 72 53 119 75 112,simulation,db2,energy,43,50,50,0
W-NN,W-NN:k=5,29,3.0,0.04,0.102,75 76 74 73 115 77 83 112 113 118 119 72 82 114 78 81 87 108 116 117,75 77 74 80 81 76 110 116 73 111 114 82 83 109 112 113 115 118 78 235,simulation,db2,usage,43,50,50,0
W-QDA,W-QDA:qda,3,1.0,0.06,0.074,75 77 74 80 81 76 110 116 73 111 114 82 83 109 112 113 115 118 78 235,75 77 74 80 81 76 110 116 73 111 114 82 83 109 112 113 115 118 78 235,simulation,db2,usage,43,50,50,0
W-CART,W-CART:cart,28,2.0,0.04,0.108,76 77 74 115 75 73 81 83 110 116 118 108 112 113 119 72 82 109 114 117,75 77 74 80 81 76 110 116 73 111 114 82 83 109 112 113 115 118 78 235,simulation,db2,usage,43,50,50,0
ALL,W-CART:cart,28,2.0,0.04,0.108,76 77 74 115 75 73 81 83 110 116 118 108 112 113 119 72 82 109 114 117,75 77 74 80 81 76 110 116 73 111 114 82 83 109 112 113 115 118 78 235,simulation,db2,usage,43,50,50,0
W-NN,W-NN:k=5,2,,0.06,0.134,74 75 116 87 76 115 82 114 83 73 59 109 105 113 77 58 79 111 81 71,74 75 116 87 76 115 82 114 83 73 59 109 105 113 77 58 79 111 81 71,simulation,db2,energy,44,50,50,0
W-QDA,W-QDA:qda,13,,0.06,0.08,74 75 116 87 76 115 82 114 83 73 59 109 105 113 77 58 79 111 81 71,74 75 116 87 76 115 82 114 83 73 59 109 105 113 77 58 79 111 81 71,simulation,db2,energy,44,50,50,0
W-CART,W-CART:cart,2,,0.08,0.13,74 75 116 87 76 115 82 114 83 73 59 109 105 113 77 58 79 111 81 71,74 75 116 87 76 115 82 114 83 73 59 109 105 113 77 58 79 111 81 71,simulation,db2,energy,44,50,50,0
ALL,W-NN:k=5,2,,0.06,0.134,74 75 116 87 76 115 82 114 83 73 59 109 105 113 77 58 79 111 81 71,74 75 116 87 76 115 82 114 83 73 59 109 105 113 77 58 79 111 81 71,simulation,db2,energy,44,50,50,0
W-NN,W-NN:k=3,7,1.0,0.08,0.116,77 112 79 80 84 108 115 76 78 109 113 116 153 74 81 114 75 83 111 117,77 112 79 80 84 108 115 76 78 109 113 116 153 74 81 114 75 83 111 117,simulation,db2,usage,44,50,50,0
W-QDA,W-QDA:qda,2,3.0,0.08,0.114,74 76 116 75 115 77 109 113 114 78 79 81 105 87 107 110 117 72 80 111,77 112 79 80 84 108 115 76 78 109 113 116 153 74 81 114 75 83 111 117,simulation,db2,usage,44,50,50,0
W-CART,W-CART:cart,57,2.0,0.02,0.11,77 76 115 116 74 79 75 78 112 113 80 81 83 117 109 110 114 82 84 105,77 112 79 80 84 108 115 76 78 109 113 116 153 74 81 114 75 83 111 117,simulation,db2,usage,44,50,50,0
ALL,W-CART:cart,57,2.0,0.02,0.11,77 76 115 116 74 79 75 78 112 113 80 81 83 117 109 110 114 82 84 105,77 112 79 80 84 108 115 76 78 109 113 116 153 74 81 114 75 83 111 117,simulation,db2,usage,44,50,50,0
W-NN,W-NN:k=3,2,,0.08,0.104,118 72 59 36 73 117 74 119 71 53 83 75 104 120 77 115 84 81 86 112,118 72 59 36 73 117 74 119 71 53 83 75 104 120 77 115 84 81 86 112,simulation,db2,energy,45,50,50,0
W-QDA,W-QDA:qda,7,,0.04,0.104,118 72 59 36 73 117 74 119 71 53 83 75 104 120 77 115 84 81 86 112,118 72 59 36 73 117 74 119 71 53 83 75 104 120 77 115 84 81 86 112,simulation,db2,energy,45,50,50,0
W-CART,W-CART:cart,18,,0.08,0.126,118 72 59 36 73 117 74 119 71 53 83 75 104 120 77 115 84 81 86 112,118 72 59 36 73 117 74 119 71 53 83 75 104 120 77 115 84 81 86 112,simulation,db2,energy,45,50,50,0
ALL,W-QDA:qda,7,,0.04,0.104,118 72 59 36 73 117 74 119 71 53 83 75 104 120 77 115 84 81 86 112,118 72 59 36 73 117 74 119 71 53 83 75 104 120 77 115 84 81 86 112,simulation,db2,energy,45,50,50,0
W-NN,W-NN:k=3,1,1.0,0.06,0.12,117 116 118 73 114 115 72 74 78 81 111 112 119 75 77 79 80 107 108 148,117 116 118 73 114 115 72 74 78 81 111 112 119 75 77 79 80 107 108 148,simulation,db2,usage,45,50,50,0
W-QDA,W-QDA:qda,18,3.0,0.0,0.07,117 118 71 74 116 73 115 72 75 119 77 81 107 108 110 85 86 104 111 114,117 116 118 73 114 115 72 74 78 81 111 112 119 75 77 79 80 107 108 148,simulation,db2,usage,45,50,50,0
W-CART,W-CART:cart,7,0.5,0.0,0.106,115 73 79 77 81 114 116 75 76 78 117 118 148 74 149 80 110 111 112 119,117 116 118 73 114 115 72 74 78 81 111 112 119 75 77 79 80 107 108 148,simulation,db2,usage,45,50,50,0
ALL,W-CART:cart,7,0.5,0.0,0.106,115 73 79 77 81 114 116 75 76 78 117 118 148 74 149 80 110 111 112 119,117 116 118 73 114 115 72 74 78 81 111 112 119 75 77 79 80 107 108 148,simulation,db2,usage,45,50,50,0
W-NN,W-NN:k=5,11,,0.02,0.088,71 117 86 118 87 105 116 41 107 72 76 106 115 241 42 108 37 84 70 73,71 117 86 118 87 105 116 41 107 72 76 106 115 241 42 108 37 84 70 73,simulation,db2,energy,46,50,50,0
W-QDA,W-QDA:qda,11,,0.0,0.022,71 117 86 118 87 105 116 41 107 72 76 106 115 241 42 108 37 84 70 73,71 117 86 118 87 105 116 41 107 72 76 106 115 241 42 108 37 84 70 73,simulation,db2,energy,46,50,50,0
W-CART,W-CART:cart,5,,0.1,0.132,71 117 86 118 87 105 116 41 107 72 76 106 115 241 42 108 37 84 70 73,71 117 86 118 87 105 116 41 107 72 76 106 115 241 42 108 37 84 70 73,simulation,db2,energy,46,50,50,0
ALL,W-QDA:qda,11,,0.0,0.022,71 117 86 118 87 105 116 41 107 72 76 106 115 241 42 108 37 84 70 73,71 117 86 118 87 105 116 41 107 72 76 106 115 241 42 108 37 84 70 73,simulation,db2,energy,46,50,50,0
W-NN,W-NN:k=3,8,3.0,0.02,0.1,86 85 105 116 74 110 111 117 84 107 72 73 76 82 87 106 80 115 118 119,111 80 82 110 112 115 83 84 85 86 105 107 109 113 75 106 116 76 77 79,simulation,db2,usage,46,50,50,0
W-QDA,W-QDA:qda,19,3.0,0.0,0.03,86 85 105 116 74 110 111 117 84 107 72 73 76 82 87 106 80 115 118 119,111 80 82 110 112 115 83 84 85 86 105 107 109 113 75 106 116 76 77 79,simulation,db2,usage,46,50,50,0
W-CART,W-CART:cart,36,0.5,0.1,0.158,80 106 110 111 81 108 115 82 83 107 113 116 222 86 109 112 161 77 78 84,111 80 82 110 112 115 83 84 85 86 105 107 109 113 75 106 116 76 77 79,simulation,db2,usage,46,50,50,0
ALL,W-QDA:qda,19,3.0,0.0,0.03,86 85 105 116 74 110 111 117 84 107 72 73 76 82 87 106 80 115 118 119,111 80 82 110 112 115 83 84 85 86 105 107 109 113 75 106 116 76 77 79,simulation,db2,usage,46,50,50,0
W-NN,W-NN:k=3,2,,0.06,0.144,73 165 166 218 87 104 119 88 103 36 85 89 54 72 118 86 238 74 109 115,73 165 166 218 87 104 119 88 103 36 85 89 54 72 118 86 238 74 109 115,simulation,db2,energy,47,50,50,0
W-QDA,W-QDA:qda,17,,0.0,0.052,73 165 166 218 87 104 119 88 103 36 85 89 54 72 118 86 238 74 109 115,73 165 166 218 87 104 119 88 103 36 85 89 54 72 118 86 238 74 109 115,simulation,db2,energy,47,50,50,0
W-CART,W-CART:cart,10,,0.08,0.11,73 165 166 218 87 104 119 88 103 36 85 89 54 72 118 86 238 74 109 115,73 165 166 218 87 104 119 88 103 36 85 89 54 72 118 86 238 74 109 115,simulation,db2,energy,47,50,50,0
ALL,W-QDA:qda,17,,0.0,0.052,73 165 166 218 87 104 119 88 103 36 85 89 54 72 118 86 238 74 109 115,73 165 166 218 87 104 119 88 103 36 85 89 54 72 118 86 238 74 109 115,simulation,db2,energy,47,50,50,0
W-NN,W-NN:k=1,9,3.0,0.06,0.114,104 85 86 73 106 108 118 74 75 83 87 103 82 88 89 105 80 114 117 119,80 110 107 108 112 79 83 109 81 82 84 85 86 104 115 77 78 114 116 118,simulation,db2,usage,47,50,50,0
W-QDA,W-QDA:qda,11,3.0,0.0,0.016,104 85 86 73 106 108 118 74 75 83 87 103 82 88 89 105 80 114 117 119,80 110 107 108 112 79 83 109 81 82 84 85 86 104 115 77 78 114 116 118,simulation,db2,usage,47,50,50,0
W-CART,W-CART:cart,10,0.5,0.02,0.17,110 79 108 80 81 112 109 82 83 85 78 106 111 117 77 84 105 107 115 170,80 110 107 108 112 79 83 109 81 82 84 85 86 104 115 77 78 114 116 118,simulation,db2,usage,47,50,50,0
ALL,W-QDA:qda,11,3.0,0.0,0.016,104 85 86 73 106 108 118 74 75 83 87 103 82 88 89 105 80 114 117 119,80 110 107 108 112 79 83 109 81 82 84 85 86 104 115 77 78 114 116 118,simulation,db2,usage,47,50,50,0
W-NN,W-NN:k=3,3,,0.04,0.15,120 35 116 74 71 170 75 106 77 171 115 73 113 117 53 57 78 36 119 118,120 35 116 74 71 170 75 106 77 171 115 73 113 117 53 57 78 36 119 118,simulation,db2,energy,48,50,50,0
W-QDA,W-QDA:qda,7,,0.0,0.106,120 35 116 74 71 170 75 106 77 171 115 73 113 117 53 57 78 36 119 118,120 35 116 74 71 170 75 106 77 171 115 73 113 117 53 57 78 36 119 118,simulation,db2,energy,48,50,50,0
W-CART,W-CART:cart,59,,0.02,0.142,120 35 116 74 71 170 75 106 77 171 115 73 113 117 53 57 78 36 119 118,120 35 116 74 71 170 75 106 77 171 115 73 113 117 53 57 78 36 119 118,simulation,db2,energy,48,50,50,0
ALL,W-QDA:qda,7,,0.0,0.106,120 35 116 74 71 170 75 106 77 171 115 73 113 117 53 57 78 36 119 118,120 35 116 74 71 170 75 106 77 171 115 73 113 117 53 57 78 36 119 118,simulation,db2,energy,48,50,50,0
W-NN,W-NN:k=1,10,3.0,0.02,0.166,75 77 78 115 116 73 117 74 81 84 86 85 110 114 119 82 104 109 111 118,79 77 78 113 75 115 111 117 119 229 73 74 76 83 109 110 114 81 82 107,simulation,db2,usage,48,50,50,0
W-QDA,W-QDA:qda,12,3.0,0.0,0.06,75 77 78 115 116 73 117 74 81 84 86 85 110 114 119 82 104 109 111 118,79 77 78 113 75 115 111 117 119 229 73 74 76 83 109 110 114 81 82 107,simulation,db2,usage,48,50,50,0
W-CART,W-CART:cart,55,3.0,0.02,0.142,75 77 78 115 116 73 117 74 81 84 86 85 110 114 119 82 104 109 111 118,79 77 78 113 75 115 111 117 119 229 73 74 76 83 109 110 114 81 82 107,simulation,db2,usage,48,50,50,0
ALL,W-QDA:qda,12,3.0,0.0,0.06,75 77 78 115 116 73 117 74 81 84 86 85 110 114 119 82 104 109 111 118,79 77 78 113 75 115 111 117 119 229 73 74 76 83 109 110 114 81 82 107,simulation,db2,usage,48,50,50,0
W-NN,W-NN:k=5,2,,0.02,0.136,116 75 76 71 72 119 118 74 36 113 117 73 84 107 120 112 78 77 108 114,116 75 76 71 72 119 118 74 36 113 117 73 84 107 120 112 78 77 108 114,simulation,db2,energy,49,50,50,0
W-QDA,W-QDA:qda,3,,0.08,0.124,116 75 76 71 72 119 118 74 36 113 117 73 84 107 120 112 78 77 108 114,116 75 76 71 72 119 118 74 36 113 117 73 84 107 120 112 78 77 108 114,simulation,db2,energy,49,50,50,0
W-CART,W-CART:cart,15,,0.04,0.164,116 75 76 71 72 119 118 74 36 113 117 73 84 107 120 112 78 77 108 114,116 75 76 71 72 119 118 74 36 113 117 73 84 107 120 112 78 77 108 114,simulation,db2,energy,49,50,50,0
ALL,W-NN:k=5,2,,0.02,0.136,116 75 76 71 72 119 118 74 36 113 117 73 84 107 120 112 78 77 108 114,116 75 76 71 72 119 118 74 36 113 117 73 84 107 120 112 78 77 108 114,simulation,db2,energy,49,50,50,0
W-NN,W-NN:k=1,4,3.0,0.0,0.13,117 75 74 76 114 118 73 116 77 115 119 71 113 72 82 109 78 86 108 80,114 117 76 112 113 115 116 74 75 77 118 80 82 232 73 79 107 108 119 78,simulation,db2,usage,49,50,50,0
W-QDA,W-QDA:qda,1,3.0,0.08,0.136,117 75 74 76 114 118 73 116 77 115 119 71 113 72 82 109 78 86 108 80,114 117 76 112 113 115 116 74 75 77 118 80 82 232 73 79 107 108 119 78,simulation,db2,usage,49,50,50,0
W-CART,W-CART:cart,40,1.5,0.02,0.126,74 114 75 77 116 117 76 113 115 73 118 108 119 107 109 112 71 78 150 70,114 117 76 112 113 115 116 74 75 77 118 80 82 232 73 79 107 108 119 78,simulation,db2,usage,49,50,50,0
ALL,W-NN:k=1,4,3.0,0.0,0.13,117 75 74 76 114 118 73 116 77 115 119 71 113 72 82 109 78 86 108 80,114 117 76 112 113 115 116 74 75 77 118 80 82 232 73 79 107 108 119 78,simulation,db2,usage,49,50,50,0
W-NN,W-NN:k=3,12,,0.08,0.13,82 218 107 84 54 115 108 71 81 76 119 116 111 109 80 114 113 74 83 110,82 218 107 84 54 115 108 71 81 76 119 116 111 109 80 114 113 74 83 110,simulation,db2,energy,50,50,50,0
W-QDA,W-QDA:qda,19,,0.02,0.08,82 218 107 84 54 115 108 71 81 76 119 116 111 109 80 114 113 74 83 110,82 218 107 84 54 115 108 71 81 76 119 116 111 109 80 114 113 74 83 110,simulation,db2,energy,50,50,50,0
W-CART,W-CART:cart,20,,0.12,0.144,82 218 107 84 54 115 108 71 81 76 119 116 111 109 80 114 113 74 83 110,82 218 107 84 54 115 108 71 81 76 119 116 111 109 80 114 113 74 83 110,simulation,db2,energy,50,50,50,0
ALL,W-QDA:qda,19,,0.02,0.08,82 218 107 84 54 115 108 71 81 76 119 116 111 109 80 114 113 74 83 110,82 218 107 84 54 115 108 71 81 76 119 116 111 109 80 114 113 74 83 110,simulation,db2,energy,50,50,50,0
W-NN,W-NN:k=3,1,3.0,0.04,0.15,74 82 80 116 73 75 76 84 111 117 77 78 81 83 110 113 114 115 109 118,111 114 77 79 82 110 75 80 113 76 81 83 116 78 109 74 117 118 108 115,simulation,db2,usage,50,50,50,0
W-QDA,W-QDA:qda,14,3.0,0.0,0.056,74 82 80 116 73 75 76 84 111 117 77 78 81 83 110 113 114 115 109 118,111 114 77 79 82 110 75 80 113 76 81 83 116 78 109 74 117 118 108 115,simulation,db2,usage,50,50,50,0
W-CART,W-CART:cart,6,3.0,0.08,0.128,74 82 80 116 73 75 76 84 111 117 77 78 81 83 110 113 114 115 109 118,111 114 77 79 82 110 75 80 113 76 81 83 116 78 109 74 117 118 108 115,simulation,db2,usage,50,50,50,0
ALL,W-QDA:qda,14,3.0,0.0,0.056,74 82 80 116 73 75 76 84 111 117 77 78 81 83 110 113 114 115 109 118,111 114 77 79 82 110 75 80 113 76 81 83 116 78 109 74 117 118 108 115,simulation,db2,usage,50,50,50,0
W-NN,W-NN:k=1,10,,0.0,0.07,119 72 85 53 118 71 57 77 107 108 81 106 76 110 59 109 56 82 114 41,119 72 85 53 118 71 57 77 107 108 81 106 76 110 59 109 56 82 114 41,simulation,db2,energy,51,50,50,0
W-QDA,W-QDA:qda,9,,0.0,0.046,119 72 85 53 118 71 57 77 107 108 81 106 76 110 59 109 56 82 114 41,119 72 85 53 118 71 57 77 107 108 81 106 76 110 59 109 56 82 114 41,simulation,db2,energy,51,50,50,0
W-CART,W-CART:cart,3,,0.1,0.118,119 72 85 53 118 71 57 77 107 108 81 106 76 110 59 109 56 82 114 41,119 72 85 53 118 71 57 77 107 108 81 106 76 110 59 109 56 82 114 41,simulation,db2,energy,51,50,50,0
ALL,W-QDA:qda,9,,0.0,0.046,119 72 85 53 118 71 57 77 107 108 81 106 76 110 59 109 56 82 114 41,119 72 85 53 118 71 57 77 107 108 81 106 76 110 59 109 56 82 114 41,simulation,db2,energy,51,50,50,0
W-NN,W-NN:k=5,48,3.0,0.04,0.14,77 107 114 110 81 108 109 113 116 78 115 117 118 76 80 82 111 75 106 74,78 80 114 77 79 113 115 76 111 112 110 75 81 106 107 108 109 84 116 158,simulation,db2,usage,51,50,50,0
W-QDA,W-QDA:qda,9,3.0,0.04,0.086,77 107 114 110 81 108 109 113 116 78 115 117 118 76 80 82 111 75 106 74,78 80 114 77 79 113 115 76 111 112 110 75 81 106 107 108 109 84 116 158,simulation,db2,usage,51,50,50,0
W-CART,W-CART:cart,55,0.5,0.08,0.142,78 79 80 114 81 110 111 113 115 77 161 226 76 112 154 158 162 222 223 107,78 80 114 77 79 113 115 76 111 112 110 75 81 106 107 108 109 84 116 158,simulation,db2,usage,51,50,50,0
ALL,W-QDA:qda,9,3.0,0.04,0.086,77 107 114 110 81 108 109 113 116 78 115 117 118 76 80 82 111 75 106 74,78 80 114 77 79 113 115 76 111 112 110 75 81 106 107 108 109 84 116 158,simulation,db2,usage,51,50,50,0
W-NN,W-NN:k=1,5,,0.04,0.112,119 83 81 215 114 75 76 115 82 216 74 117 84 144 78 111 110 85 109 57,119 83 81 215 114 75 76 115 82 216 74 117 84 144 78 111 110 85 109 57,simulation,db2,energy,52,50,50,0
W-QDA,W-QDA:qda,1,,0.02,0.136,119 83 81 215 114 75 76 115 82 216 74 117 84 144 78 111 110 85 109 57,119 83 81 215 114 75 76 115 82 216 74 117 84 144 78 111 110 85 109 57,simulation,db2,energy,52,50,50,0
W-CART,W-CART:cart,9,,0.1,0.094,119 83 81 215 114 75 76 115 82 216 74 117 84 144 78 111 110 85 109 57,119 83 81 215 114 75 76 115 82 216 74 117 84 144 78 111 110 85 109 57,simulation,db2,energy,52,50,50,0
ALL,W-QDA:qda,1,,0.02,0.136,119 83 81 215 114 75 76 115 82 216 74 117 84 144 78 111 110 85 109 57,119 83 81 215 114 75 76 115 82 216 74 117 84 144 78 111 110 85 109 57,simulation,db2,energy,52,50,50,0
W-NN,W-NN:k=1,11,3.0,0.08,0.15,115 74 75 76 78 79 81 111 112 114 84 108 80 113 116 118 73 83 85 109,79 76 113 116 75 77 78 110 111 112 114 80 81 83 108 109 115 74 73 154,simulation,db2,usage,52,50,50,0
W-QDA,W-QDA:qda,18,1.0,0.02,0.088,79 76 113 116 75 77 78 110 111 112 114 80 81 83 108 109 115 74 73 154,79 76 113 116 75 77 78 110 111 112 114 80 81 83 108 109 115 74 73 154,simulation,db2,usage,52,50,50,0
W-CART,W-CART:cart,16,3.0,0.06,0.09,115 74 75 76 78 79 81 111 112 114 84 108 80 113 116 118 73 83 85 109,79 76 113 116 75 77 78 110 111 112 114 80 81 83 108 109 115 74 73 154,simulation,db2,usage,52,50,50,0
ALL,W-QDA:qda,18,1.0,0.02,0.088,79 76 113 116 75 77 78 110 111 112 114 80 81 83 108 109 115 74 73 154,79 76 113 116 75 77 78 110 111 112 114 80 81 83 108 109 115 74 73 154,simulation,db2,usage,52,50,50,0
W-NN,W-NN:k=1,2,,0.04,0.118,107 116 114 84 77 54 151 155 111 103 80 81 112 82 57 83 78 75 79 108,107 116 114 84 77 54 151 155 111 103 80 81 112 82 57 83 78 75 79 108,simulation,db2,energy,53,50,50,0
W-QDA,W-QDA:qda,12,,0.02,0.038,107 116 114 84 77 54 151 155 111 103 80 81 112 82 57 83 78 75 79 108,107 116 114 84 77 54 151 155 111 103 80 81 112 82 57 83 78 75 79 108,simulation,db2,energy,53,50,50,0
W-CART,W-CART:cart,2,,0.1,0.184,107 116 114 84 77 54 151 155 111 103 80 81 112 82 57 83 78 75 79 108,107 116 114 84 77 54 151 155 111 103 80 81 112 82 57 83 78 75 79 108,simulation,db2,energy,53,50,50,0
ALL,W-QDA:qda,12,,0.02,0.038,107 116 114 84 77 54 151 155 111 103 80 81 112 82 57 83 78 75 79 108,107 116 114 84 77 54 151 155 111 103 80 81 112 82 57 83 78 75 79 108,simulation,db2,energy,53,50,50,0
W-NN,W-NN:k=1,12,3.0,0.1,0.172,84 80 113 83 111 112 85 86 78 107 108 110 79 82 81 109 114 87 77 104,111 80 112 81 109 110 114 83 108 79 84 85 113 82 219 77 78 107 162 106,simulation,db2,usage,53,50,50,0
W-QDA,W-QDA:qda,9,2.0,0.04,0.068,111 80 83 84 85 113 114 78 81 107 108 112 110 79 109 76 77 82 86 88,111 80 112 81 109 110 114 83 108 79 84 85 113 82 219 77 78 107 162 106,simulation,db2,usage,53,50,50,0
W-CART,W-CART:cart,31,3.0,0.06,0.148,84 80 113 83 111 112 85 86 78 107 108 110 79 82 81 109 114 87 77 104,111 80 112 81 109 110 114 83 108 79 84 85 113 82 219 77 78 107 162 106,simulation,db2,usage,53,50,50,0
ALL,W-QDA:qda,9,2.0,0.04,0.068,111 80 83 84 85 113 114 78 81 107 108 112 110 79 109 76 77 82 86 88,111 80 112 81 109 110 114 83 108 79 84 85 113 82 219 77 78 107 162 106,simulation,db2,usage,53,50,50,0
W-NN,W-NN:k=1,7,,0.18,0.17,82 110 109 41 40 88 163 108 103 81 80 84 221 54 107 77 55 219 83 164,82 110 109 41 40 88 163 108 103 81 80 84 221 54 107 77 55 219 83 164,simulation,db2,energy,54,50,50,0
W-QDA,W-QDA:qda,6,,0.18,0.13,82 110 109 41 40 88 163 108 103 81 80 84 221 54 107 77 55 219 83 164,82 110 109 41 40 88 163 108 103 81 80 84 221 54 107 77 55 219 83 164,simulation,db2,energy,54,50,50,0
W-CART,W-CART:cart,42,,0.14,0.138,82 110 109 41 40 88 163 108 103 81 80 84 221 54 107 77 55 219 83 164,82 110 109 41 40 88 163 108 103 81 80 84 221 54 107 77 55 219 83 164,simulation,db2,energy,54,50,50,0
ALL,W-CART:cart,42,,0.14,0.138,82 110 109 41 40 88 163 108 103 81 80 84 221 54 107 77 55 219 83 164,82 110 109 41 40 88 163 108 103 81 80 84 221 54 107 77 55 219 83 164,simulation,db2,energy,54,50,50,0
W-NN,W-NN:k=1,29,3.0,0.18,0.172,81 80 108 110 79 109 78 83 107 82 85 106 112 77 111 84 87 105 113 117,81 80 111 83 108 78 79 77 82 106 110 107 109 112 113 219 164 84 165 166,simulation,db2,usage,54,50,50,0
W-QDA,W-QDA:qda,10,1.0,0.24,0.144,81 80 111 83 108 78 79 77 82 106 110 107 109 112 113 219 164 84 165 166,81 80 111 83 108 78 79 77 82 106 110 107 109 112 113 219 164 84 165 166,simulation,db2,usage,54,50,50,0
W-CART,W-CART:cart,20,3.0,0.1,0.128,81 80 108 110 79 109 78 83 107 82 85 106 112 77 111 84 87 105 113 117,81 80 111 83 108 78 79 77 82 106 110 107 109 112 113 219 164 84 165 166,simulation,db2,usage,54,50,50,0
ALL,W-CART:cart,20,3.0,0.1,0.128,81 80 108 110 79 109 78 83 107 82 85 106 112 77 111 84 87 105 113 117,81 80 111 83 108 78 79 77 82 106 110 107 109 112 113 219 164 84 165 166,simulation,db2,usage,54,50,50,0
W-NN,W-NN:k=5,30,,0.1,0.226,108 111 112 80 83 160 53 107 84 159 109 115 224 106 42 82 85 71 167 81,108 111 112 80 83 160 53 107 84 159 109 115 224 106 42 82 85 71 167 81,simulation,db2,energy,55,50,50,0
W-QDA,W-QDA:qda,5,,0.14,0.18,108 111 112 80 83 160 53 107 84 159 109 115 224 106 42 82 85 71 167 81,108 111 112 80 83 160 53 107 84 159 109 115 224 106 42 82 85 71 167 81,simulation,db2,energy,55,50,50,0
W-CART,W-CART:cart,19,,0.08,0.106,108 111 112 80 83 160 53 107 84 159 109 115 224 106 42 82 85 71 167 81,108 111 112 80 83 160 53 107 84 159 109 115 224 106 42 82 85 71 167 81,simulation,db2,energy,55,50,50,0
ALL,W-CART:cart,19,,0.08,0.106,108 111 112 80 83 160 53 107 84 159 109 115 224 106 42 82 85 71 167 81,108 111 112 80 83 160 53 107 84 159 109 115 224 106 42 82 85 71 167 81,simulation,db2,energy,55,50,50,0
W-NN,W-NN:k=1,5,0.5,0.1,0.156,84 81 82 85 107 108 106 214 79 111 167 219 83 221 78 109 110 112 169 171,83 84 106 107 108 81 80 82 85 109 110 167 214 86 111 166 76 216 221 77,simulation,db2,usage,55,50,50,0
W-QDA,W-QDA:qda,5,1.5,0.08,0.116,83 84 85 107 108 80 82 81 109 110 86 111 76 106 104 216 224 79 105 214,83 84 106 107 108 81 80 82 85 109 110 167 214 86 111 166 76 216 221 77,simulation,db2,usage,55,50,50,0
W-CART,W-CART:cart,14,3.0,0.1,0.146,83 108 84 82 107 81 86 106 111 80 85 110 78 77 105 109 75 79 104 42,83 84 106 107 108 81 80 82 85 109 110 167 214 86 111 166 76 216 221 77,simulation,db2,usage,55,50,50,0
ALL,W-QDA:qda,5,1.5,0.08,0.116,83 84 85 107 108 80 82 81 109 110 86 111 76 106 104 216 224 79 105 214,83 84 106 107 108 81 80 82 85 109 110 167 214 86 111 166 76 216 221 77,simulation,db2,usage,55,50,50,0
W-NN,W-NN:k=1,24,,0.0,0.114,72 43 105 111 119 112 79 74 104 109 117 71 81 76 78 44 80 89 120 118,72 43 105 111 119 112 79 74 104 109 117 71 81 76 78 44 80 89 120 118,simulation,db2,energy,56,50,50,0
W-QDA,W-QDA:qda,9,,0.02,0.046,72 43 105 111 119 112 79 74 104 109 117 71 81 76 78 44 80 89 120 118,72 43 105 111 119 112 79 74 104 109 117 71 81 76 78 44 80 89 120 118,simulation,db2,energy,56,50,50,0
W-CART,W-CART:cart,18,,0.06,0.148,72 43 105 111 119 112 79 74 104 109 117 71 81 76 78 44 80 89 120 118,72 43 105 111 119 112 79 74 104 109 117 71 81 76 78 44 80 89 120 118,simulation,db2,energy,56,50,50,0
ALL,W-NN:k=1,24,,0.0,0.114,72 43 105 111 119 112 79 74 104 109 117 71 81 76 78 44 80 89 120 118,72 43 105 111 119 112 79 74 104 109 117 71 81 76 78 44 80 89 120 118,simulation,db2,energy,56,50,50,0
W-NN,W-NN:k=1,18,1.5,0.06,0.112,110 111 78 81 112 80 115 79 113 114 76 87 108 109 117 118 75 85 86 116,78 110 111 81 79 80 83 112 115 82 113 226 76 107 108 109 116 218 77 87,simulation,db2,usage,56,50,50,0
W-QDA,W-QDA:qda,16,3.0,0.0,0.042,110 111 113 108 79 85 104 107 112 74 109 117 75 80 81 84 86 87 102 105,78 110 111 81 79 80 83 112 115 82 113 226 76 107 108 109 116 218 77 87,simulation,db2,usage,56,50,50,0
W-CART,W-CART:cart,12,1.5,0.06,0.128,110 111 78 81 112 80 115 79 113 114 76 87 108 109 117 118 75 85 86 116,78 110 111 81 79 80 83 112 115 82 113 226 76 107 108 109 116 218 77 87,simulation,db2,usage,56,50,50,0
ALL,W-QDA:qda,16,3.0,0.0,0.042,110 111 113 108 79 85 104 107 112 74 109 117 75 80 81 84 86 87 102 105,78 110 111 81 79 80 83 112 115 82 113 226 76 107 108 109 116 218 77 87,simulation,db2,usage,56,50,50,0
W-NN,W-NN:k=1,4,,0.0,0.12,117 75 56 111 74 86 37 87 104 58 76 110 105 38 106 115 118 116 85 77,117 75 56 111 74 86 37 87 104 58 76 110 105 38 106 115 118 116 85 77,simulation,db2,energy,57,50,50,0
W-QDA,W-QDA:qda,9,,0.04,0.09,117 75 56 111 74 86 37 87 104 58 76 110 105 38 106 115 118 116 85 77,117 75 56 111 74 86 37 87 104 58 76 110 105 38 106 115 118 116 85 77,simulation,db2,energy,57,50,50,0
W-CART,W-CART:cart,17,,0.12,0.118,117 75 56 111 74 86 37 87 104 58 76 110 105 38 106 115 118 116 85 77,117 75 56 111 74 86 37 87 104 58 76 110 105 38 106 115 118 116 85 77,simulation,db2,energy,57,50,50,0
ALL,W-NN:k=1,4,,0.0,0.12,117 75 56 111 74 86 37 87 104 58 76 110 105 38 106 115 118 116 85 77,117 75 56 111 74 86 37 87 104 58 76 110 105 38 106 115 118 116 85 77,simulation,db2,energy,57,50,50,0
W-NN,W-NN:k=5,15,3.0,0.02,0.11,75 115 76 77 116 74 110 73 86 114 117 85 106 78 84 87 107 111 72 82,77 79 76 78 115 74 116 117 110 73 75 80 81 112 113 235 114 72 83 111,simulation,db2,usage,57,50,50,0
W-QDA,W-QDA:qda,13,3.0,0.12,0.112,75 115 76 77 116 74 110 73 86 114 117 85 106 78 84 87 107 111 72 82,77 79 76 78 115 74 116 117 110 73 75 80 81 112 113 235 114 72 83 111,simulation,db2,usage,57,50,50,0
W-CART,W-CART:cart,13,0.5,0.1,0.114,112 79 77 78 81 76 115 74 75 84 109 114 116 117 80 83 107 110 111 152,77 79 76 78 115 74 116 117 110 73 75 80 81 112 113 235 114 72 83 111,simulation,db2,usage,57,50,50,0
ALL,W-NN:k=5,15,3.0,0.02,0.11,75 115 76 77 116 74 110 73 86 114 117 85 106 78 84 87 107 111 72 82,77 79 76 78 115 74 116 117 110 73 75 80 81 112 113 235 114 72 83 111,simulation,db2,usage,57,50,50,0
W-NN,W-NN:k=1,28,,0.06,0.202,54 108 75 41 84 105 76 81 110 77 80 79 109 111 106 82 83 53 78 120,54 108 75 41 84 105 76 81 110 77 80 79 109 111 106 82 83 53 78 120,simulation,db2,energy,58,50,50,0
W-QDA,W-QDA:qda,8,,0.04,0.068,54 108 75 41 84 105 76 81 110 77 80 79 109 111 106 82 83 53 78 120,54 108 75 41 84 105 76 81 110 77 80 79 109 111 106 82 83 53 78 120,simulation,db2,energy,58,50,50,0
W-CART,W-CART:cart,8,,0.02,0.072,54 108 75 41 84 105 76 81 110 77 80 79 109 111 106 82 83 53 78 120,54 108 75 41 84 105 76 81 110 77 80 79 109 111 106 82 83 53 78 120,simulation,db2,energy,58,50,50,0
ALL,W-CART:cart,8,,0.02,0.072,54 108 75 41 84 105 76 81 110 77 80 79 109 111 106 82 83 53 78 120,54 108 75 41 84 105 76 81 110 77 80 79 109 111 106 82 83 53 78 120,simulation,db2,energy,58,50,50,0
W-NN,W-NN:k=1,33,2.0,0.08,0.166,109 108 111 80 112 82 85 110 79 81 84 76 77 83 106 113 114 115 78 107,111 80 82 113 83 108 109 110 114 77 78 84 107 79 81 85 112 157 106 76,simulation,db2,usage,58,50,50,0
W-QDA,W-QDA:qda,22,2.0,0.02,0.064,109 108 111 80 112 82 85 110 79 81 84 76 77 83 106 113 114 115 78 107,111 80 82 113 83 108 109 110 114 77 78 84 107 79 81 85 112 157 106 76,simulation,db2,usage,58,50,50,0
W-CART,W-CART:cart,13,1.0,0.04,0.138,111 80 82 113 83 108 109 110 114 77 78 84 107 79 81 85 112 157 106 76,111 80 82 113 83 108 109 110 114 77 78 84 107 79 81 85 112 157 106 76,simulation,db2,usage,58,50,50,0
ALL,W-QDA:qda,22,2.0,0.02,0.064,109 108 111 80 112 82 85 110 79 81 84 76 77 83 106 113 114 115 78 107,111 80 82 113 83 108 109 110 114 77 78 84 107 79 81 85 112 157 106 76,simulation,db2,usage,58,50,50,0
W-NN,W-NN:k=7,10,,0.08,0.15,72 88 44 119 103 145 102 55 59 51 108 39 87 104 238 144 82 41 107 85,72 88 44 119 103 145 102 55 59 51 108 39 87 104 238 144 82 41 107 85,simulation,db2,energy,59,50,50,0
W-QDA,W-QDA:qda,9,,0.02,0.082,72 88 44 119 103 145 102 55 59 51 108 39 87 104 238 144 82 41 107 85,72 88 44 119 103 145 102 55 59 51 108 39 87 104 238 144 82 41 107 85,simulation,db2,energy,59,50,50,0
W-CART,W-CART:cart,4,,0.12,0.14,72 88 44 119 103 145 102 55 59 51 108 39 87 104 238 144 82 41 107 85,72 88 44 119 103 145 102 55 59 51 108 39 87 104 238 144 82 41 107 85,simulation,db2,energy,59,50,50,0
ALL,W-QDA:qda,9,,0.02,0.082,72 88 44 119 103 145 102 55 59 51 108 39 87 104 238 144 82 41 107 85,72 88 44 119 103 145 102 55 59 51 108 39 87 104 238 144 82 41 107 85,simulation,db2,energy,59,50,50,0
W-NN,W-NN:k=7,2,1.0,0.04,0.09,106 84 111 85 109 107 110 112 82 108 113 80 81 86 83 87 166 167 78 79,106 84 111 85 109 107 110 112 82 108 113 80 81 86 83 87 166 167 78 79,simulation,db2,usage,59,50,50,0
W-QDA,W-QDA:qda,6,1.5,0.04,0.072,84 109 112 106 108 85 111 81 82 86 107 110 113 78 80 103 105 79 83 89,106 84 111 85 109 107 110 112 82 108 113 80 81 86 83 87 166 167 78 79,simulation,db2,usage,59,50,50,0
W-CART,W-CART:cart,40,2.0,0.1,0.18,84 109 85 111 112 78 82 86 108 110 83 105 106 81 103 104 107 77 79 80,106 84 111 85 109 107 110 112 82 108 113 80 81 86 83 87 166 167 78 79,simulation,db2,usage,59,50,50,0
ALL,W-NN:k=7,2,1.0,0.04,0.09,106 84 111 85 109 107 110 112 82 108 113 80 81 86 83 87 166 167 78 79,106 84 111 85 109 107 110 112 82 108 113 80 81 86 83 87 166 167 78 79,simulation,db2,usage,59,50,50,0
W-NN,W-NN:k=1,16,,0.04,0.086,120 114 35 60 71 77 108 83 70 73 107 117 84 82 241 104 154 75 74 119,120 114 35 60 71 77 108 83 70 73 107 117 84 82 241 104 154 75 74 119,simulation,db2,energy,60,50,50,0
W-QDA,W-QDA:qda,3,,0.02,0.098,120 114 35 60 71 77 108 83 70 73 107 117 84 82 241 104 154 75 74 119,120 114 35 60 71 77 108 83 70 73 107 117 84 82 241 104 154 75 74 119,simulation,db2,energy,60,50,50,0
W-CART,W-CART:cart,2,,0.04,0.144,120 114 35 60 71 77 108 83 70 73 107 117 84 82 241 104 154 75 74 119,120 114 35 60 71 77 108 83 70 73 107 117 84 82 241 104 154 75 74 119,simulation,db2,energy,60,50,50,0
ALL,W-QDA:qda,3,,0.02,0.098,120 114 35 60 71 77 108 83 70 73 107 117 84 82 241 104 154 75 74 119,120 114 35 60 71 77 108 83 70 73 107 117 84 82 241 104 154 75 74 119,simulation,db2,energy,60,50,50,0
W-NN,W-NN:k=1,8,0.5,0.06,0.236,81 109 110 83 111 80 84 108 79 82 112 113 114 218 77 78 107 163 165 85,109 110 113 81 82 83 108 80 84 114 77 111 112 79 107 215 216 218 106 115,simulation,db2,usage,60,50,50,0
W-QDA,W-QDA:qda,8,3.0,0.04,0.062,108 79 104 107 110 74 80 83 85 106 109 111 73 81 82 84 116 117 113 114,109 110 113 81 82 83 108 80 84 114 77 111 112 79 107 215 216 218 106 115,simulation,db2,usage,60,50,50,0
W-CART,W-CART:cart,31,2.0,0.06,0.118,80 83 107 110 79 84 108 109 111 112 77 81 106 113 82 85 104 105 115 116,109 110 113 81 82 83 108 80 84 114 77 111 112 79 107 215 216 218 106 115,simulation,db2,usage,60,50,50,0
ALL,W-QDA:qda,8,3.0,0.04,0.062,108 79 104 107 110 74 80 83 85 106 109 111 73 81 82 84 116 117 113 114,109 110 113 81 82 83 108 80 84 114 77 111 112 79 107 215 216 218 106 115,simulation,db2,usage,60,50,50,0
W-NN,W-NN:k=1,8,,0.12,0.19,60 35 115 76 72 241 81 75 105 88 114 86 40 116 117 80 113 121 55 74,60 35 115 76 72 241 81 75 105 88 114 86 40 116 117 80 113 121 55 74,simulation,db2,energy,61,50,50,0
W-QDA,W-QDA:qda,6,,0.02,0.072,60 35 115 76 72 241 81 75 105 88 114 86 40 116 117 80 113 121 55 74,60 35 115 76 72 241 81 75 105 88 114 86 40 116 117 80 113 121 55 74,simulation,db2,energy,61,50,50,0
W-CART,W-CART:cart,7,,0.08,0.098,60 35 115 76 72 241 81 75 105 88 114 86 40 116 117 80 113 121 55 74,60 35 115 76 72 241 81 75 105 88 114 86 40 116 117 80 113 121 55 74,simulation,db2,energy,61,50,50,0
ALL,W-QDA:qda,6,,0.02,0.072,60 35 115 76 72 241 81 75 105 88 114 86 40 116 117 80 113 121 55 74,60 35 115 76 72 241 81 75 105 88 114 86 40 116 117 80 113 121 55 74,simulation,db2,energy,61,50,50,0
W-NN,W-NN:k=3,10,3.0,0.06,0.108,115 75 81 110 116 77 80 85 86 117 72 78 79 84 106 108 112 104 74 76,110 115 78 81 108 111 114 82 113 116 75 79 80 77 83 84 85 112 117 106,simulation,db2,usage,61,50,50,0
W-QDA,W-QDA:qda,19,2.0,0.04,0.116,115 80 81 116 82 84 117 75 76 77 78 108 111 72 83 106 107 110 112 114,110 115 78 81 108 111 114 82 113 116 75 79 80 77 83 84 85 112 117 106,simulation,db2,usage,61,50,50,0
W-CART,W-CART:cart,17,2.0,0.06,0.116,115 80 81 116 82 84 117 75 76 77 78 108 111 72 83 106 107 110 112 114,110 115 78 81 108 111 114 82 113 116 75 79 80 77 83 84 85 112 117 106,simulation,db2,usage,61,50,50,0
ALL,W-QDA:qda,19,2.0,0.04,0.116,115 80 81 116 82 84 117 75 76 77 78 108 111 72 83 106 107 110 112 114,110 115 78 81 108 111 114 82 113 116 75 79 80 77 83 84 85 112 117 106,simulation,db2,usage,61,50,50,0
W-NN,W-NN:k=1,6,,0.06,0.122,110 86 85 111 108 113 41 109 53 40 52 71 88 79 82 87 120 104 105 106,110 86 85 111 108 113 41 109 53 40 52 71 88 79 82 87 120 104 105 106,simulation,db2,energy,62,50,50,0
W-QDA,W-QDA:qda,12,,0.02,0.092,110 86 85 111 108 113 41 109 53 40 52 71 88 79 82 87 120 104 105 106,110 86 85 111 108 113 41 109 53 40 52 71 88 79 82 87 120 104 105 106,simulation,db2,energy,62,50,50,0
W-CART,W-CART:cart,2,,0.04,0.126,110 86 85 111 108 113 41 109 53 40 52 71 88 79 82 87 120 104 105 106,110 86 85 111 108 113 41 109 53 40 52 71 88 79 82 87 120 104 105 106,simulation,db2,energy,62,50,50,0
ALL,W-QDA:qda,12,,0.02,0.092,110 86 85 111 108 113 41 109 53 40 52 71 88 79 82 87 120 104 105 106,110 86 85 111 108 113 41 109 53 40 52 71 88 79 82 87 120 104 105 106,simulation,db2,energy,62,50,50,0
W-NN,W-NN:k=1,43,2.0,0.06,0.128,111 108 109 83 110 79 82 81 85 86 105 80 84 106 112 87 88 77 104 107,111 81 110 83 107 108 79 109 82 106 78 84 112 222 80 85 86 162 163 218,simulation,db2,usage,62,50,50,0
W-QDA,W-QDA:qda,9,3.0,0.04,0.09,109 110 111 79 80 108 83 86 105 85 106 112 107 82 84 87 75 78 81 118,111 81 110 83 107 108 79 109 82 106 78 84 112 222 80 85 86 162 163 218,simulation,db2,usage,62,50,50,0
W-CART,W-CART:cart,8,3.0,0.02,0.088,109 110 111 79 80 108 83 86 105 85 106 112 107 82 84 87 75 78 81 118,111 81 110 83 107 108 79 109 82 106 78 84 112 222 80 85 86 162 163 218,simulation,db2,usage,62,50,50,0
ALL,W-CART:cart,8,3.0,0.02,0.088,109 110 111 79 80 108 83 86 105 85 106 112 107 82 84 87 75 78 81 118,111 81 110 83 107 108 79 109 82 106 78 84 112 222 80 85 86 162 163 218,simulation,db2,usage,62,50,50,0
W-NN,W-NN:k=1,41,,0.06,0.142,162 110 119 71 240 156 239 114 78 77 35 161 111 145 144 104 55 107 80 112,162 110 119 71 240 156 239 114 78 77 35 161 111 145 144 104 55 107 80 112,simulation,db2,energy,63,50,50,0
W-QDA,W-QDA:qda,18,,0.04,0.098,162 110 119 71 240 156 239 114 78 77 35 161 111 145 144 104 55 107 80 112,162 110 119 71 240 156 239 114 78 77 35 161 111 145 144 104 55 107 80 112,simulation,db2,energy,63,50,50,0
W-CART,W-CART:cart,6,,0.06,0.126,162 110 119 71 240 156 239 114 78 77 35 161 111 145 144 104 55 107 80 112,162 110 119 71 240 156 239 114 78 77 35 161 111 145 144 104 55 107 80 112,simulation,db2,energy,63,50,50,0
ALL,W-QDA:qda,18,,0.04,0.098,162 110 119 71 240 156 239 114 78 77 35 161 111 145 144 104 55 107 80 112,162 110 119 71 240 156 239 114 78 77 35 161 111 145 144 104 55 107 80 112,simulation,db2,energy,63,50,50,0
W-NN,W-NN:k=5,7,3.0,0.04,0.11,80 118 73 86 107 72 76 79 75 85 105 108 114 119 120 74 77 81 106 115,115 78 80 76 112 114 74 109 110 111 72 79 81 107 108 116 156 73 82 83,simulation,db2,usage,63,50,50,0
W-QDA,W-QDA:qda,11,3.0,0.0,0.06,80 118 73 86 107 72 76 79 75 85 105 108 114 119 120 74 77 81 106 115,115 78 80 76 112 114 74 109 110 111 72 79 81 107 108 116 156 73 82 83,simulation,db2,usage,63,50,50,0
W-CART,W-CART:cart,28,3.0,0.06,0.164,80 118 73 86 107 72 76 79 75 85 105 108 114 119 120 74 77 81 106 115,115 78 80 76 112 114 74 109 110 111 72 79 81 107 108 116 156 73 82 83,simulation,db2,usage,63,50,50,0
ALL,W-QDA:qda,11,3.0,0.0,0.06,80 118 73 86 107 72 76 79 75 85 105 108 114 119 120 74 77 81 106 115,115 78 80 76 112 114 74 109 110 111 72 79 81 107 108 116 156 73 82 83,simulation,db2,usage,63,50,50,0
W-NN,W-NN:k=1,15,,0.1,0.156,81 221 55 110 20 162 442 103 89 220 88 325 77 75 117 111 79 104 102 76,81 221 55 110 20 162 442 103 89 220 88 325 77 75 117 111 79 104 102 76,simulation,db2,energy,64,50,50,0
W-QDA,W-QDA:qda,18,,0.1,0.104,81 221 55 110 20 162 442 103 89 220 88 325 77 75 117 111 79 104 102 76,81 221 55 110 20 162 442 103 89 220 88 325 77 75 117 111 79 104 102 76,simulation,db2,energy,64,50,50,0
W-CART,W-CART:cart,14,,0.04,0.176,81 221 55 110 20 162 442 103 89 220 88 325 77 75 117 111 79 104 102 76,81 221 55 110 20 162 442 103 89 220 88 325 77 75 117 111 79 104 102 76,simulation,db2,energy,64,50,50,0
ALL,W-CART:cart,14,,0.04,0.176,81 221 55 110 20 162 442 103 89 220 88 325 77 75 117 111 79 104 102 76,81 221 55 110 20 162 442 103 89 220 88 325 77 75 117 111 79 104 102 76,simulation,db2,energy,64,50,50,0
W-NN,W-NN:k=5,34,1.5,0.04,0.14,81 112 78 79 83 110 75 77 82 103 108 111 115 117 80 116 74 76 86 88,79 110 111 82 112 78 80 81 83 108 75 115 77 113 114 220 229 76 103 109,simulation,db2,usage,64,50,50,0
W-QDA,W-QDA:qda,7,3.0,0.02,0.098,81 77 78 80 83 86 106 108 110 112 75 117 105 111 74 76 82 85 88 102,79 110 111 82 112 78 80 81 83 108 75 115 77 113 114 220 229 76 103 109,simulation,db2,usage,64,50,50,0
W-CART,W-CART:cart,13,1.5,0.04,0.176,81 112 78 79 83 110 75 77 82 103 108 111 115 117 80 116 74 76 86 88,79 110 111 82 112 78 80 81 83 108 75 115 77 113 114 220 229 76 103 109,simulation,db2,usage,64,50,50,0
ALL,W-QDA:qda,7,3.0,0.02,0.098,81 77 78 80 83 86 106 108 110 112 75 117 105 111 74 76 82 85 88 102,79 110 111 82 112 78 80 81 83 108 75 115 77 113 114 220 229 76 103 109,simulation,db2,usage,64,50,50,0
W-NN,W-NN:k=7,49,,0.1,0.288,108 70 83 35 106 82 84 242 85 107 140 115 141 109 81 54 78 41 76 110,108 70 83 35 106 82 84 242 85 107 140 115 141 109 81 54 78 41 76 110,simulation,db2,energy,65,50,50,0
W-QDA,W-QDA:qda,13,,0.1,0.088,108 70 83 35 106 82 84 242 85 107 140 115 141 109 81 54 78 41 76 110,108 70 83 35 106 82 84 242 85 107 140 115 141 109 81 54 78 41 76 110,simulation,db2,energy,65,50,50,0
W-CART,W-CART:cart,30,,0.08,0.098,108 70 83 35 106 82 84 242 85 107 140 115 141 109 81 54 78 41 76 110,108 70 83 35 106 82 84 242 85 107 140 115 141 109 81 54 78 41 76 110,simulation,db2,energy,65,50,50,0
ALL,W-CART:cart,30,,0.08,0.098,108 70 83 35 106 82 84 242 85 107 140 115 141 109 81 54 78 41 76 110,108 70 83 35 106 82 84 242 85 107 140 115 141 109 81 54 78 41 76 110,simulation,db2,energy,65,50,50,0
W-NN,W-NN:k=3,2,3.0,0.12,0.18,84 108 83 80 110 81 107 78 86 106 111 77 82 85 109 79 112 115 74 113,108 83 109 77 107 82 110 78 80 81 84 115 112 113 114 165 79 111 217 218,simulation,db2,usage,65,50,50,0
W-QDA,W-QDA:qda,3,2.0,0.12,0.114,83 84 107 108 110 80 111 109 78 81 77 79 82 114 113 115 85 106 112 86,108 83 109 77 107 82 110 78 80 81 84 115 112 113 114 165 79 111 217 218,simulation,db2,usage,65,50,50,0
W-CART,W-CART:cart,24,3.0,0.08,0.098,84 108 83 80 110 81 107 78 86 106 111 77 82 85 109 79 112 115 74 113,108 83 109 77 107 82 110 78 80 81 84 115 112 113 114 165 79 111 217 218,simulation,db2,usage,65,50,50,0
ALL,W-CART:cart,24,3.0,0.08,0.098,84 108 83 80 110 81 107 78 86 106 111 77 82 85 109 79 112 115 74 113,108 83 109 77 107 82 110 78 80 81 84 115 112 113 114 165 79 111 217 218,simulation,db2,usage,65,50,50,0
W-NN,W-NN:k=1,13,,0.06,0.136,220 163 110 117 75 74 115 76 79 116 84 81 85 113 153 57 105 213 27 111,220 163 110 117 75 74 115 76 79 116 84 81 85 113 153 57 105 213 27 111,simulation,db2,energy,66,50,50,0
W-QDA,W-QDA:qda,14,,0.0,0.072,220 163 110 117 75 74 115 76 79 116 84 81 85 113 153 57 105 213 27 111,220 163 110 117 75 74 115 76 79 116 84 81 85 113 153 57 105 213 27 111,simulation,db2,energy,66,50,50,0
W-CART,W-CART:cart,5,,0.08,0.178,220 163 110 117 75 74 115 76 79 116 84 81 85 113 153 57 105 213 27 111,220 163 110 117 75 74 115 76 79 116 84 81 85 113 153 57 105 213 27 111,simulation,db2,energy,66,50,50,0
ALL,W-QDA:qda,14,,0.0,0.072,220 163 110 117 75 74 115 76 79 116 84 81 85 113 153 57 105 213 27 111,220 163 110 117 75 74 115 76 79 116 84 81 85 113 153 57 105 213 27 111,simulation,db2,energy,66,50,50,0
W-NN,W-NN:k=3,5,1.5,0.02,0.104,114 83 76 116 107 108 74 75 117 77 78 81 84 85 109 113 82 106 110 111,75 77 114 76 108 78 83 110 116 74 81 82 84 107 109 79 111 112 113 117,simulation,db2,usage,66,50,50,0
W-QDA,W-QDA:qda,14,1.0,0.0,0.084,75 77 114 76 108 78 83 110 116 74 81 82 84 107 109 79 111 112 113 117,75 77 114 76 108 78 83 110 116 74 81 82 84 107 109 79 111 112 113 117,simulation,db2,usage,66,50,50,0
W-CART,W-CART:cart,43,2.0,0.06,0.206,83 114 76 116 74 75 84 85 117 77 82 106 109 212 81 107 113 78 79 112,75 77 114 76 108 78 83 110 116 74 81 82 84 107 109 79 111 112 113 117,simulation,db2,usage,66,50,50,0
ALL,W-QDA:qda,14,1.0,0.0,0.084,75 77 114 76 108 78 83 110 116 74 81 82 84 107 109 79 111 112 113 117,75 77 114 76 108 78 83 110 116 74 81 82 84 107 109 79 111 112 113 117,simulation,db2,usage,66,50,50,0
W-NN,W-NN:k=1,16,,0.06,0.106,82 109 52 59 88 85 107 37 73 72 118 86 116 53 119 117 38 51 83 54,82 109 52 59 88 85 107 37 73 72 118 86 116 53 119 117 38 51 83 54,simulation,db2,energy,67,50,50,0
W-QDA,W-QDA:qda,6,,0.04,0.068,82 109 52 59 88 85 107 37 73 72 118 86 116 53 119 117 38 51 83 54,82 109 52 59 88 85 107 37 73 72 118 86 116 53 119 117 38 51 83 54,simulation,db2,energy,67,50,50,0
W-CART,W-CART:cart,11,,0.06,0.114,82 109 52 59 88 85 107 37 73 72 118 86 116 53 119 117 38 51 83 54,82 109 52 59 88 85 107 37 73 72 118 86 116 53 119 117 38 51 83 54,simulation,db2,energy,67,50,50,0
ALL,W-QDA:qda,6,,0.04,0.068,82 109 52 59 88 85 107 37 73 72 118 86 116 53 119 117 38 51 83 54,82 109 52 59 88 85 107 37 73 72 118 86 116 53 119 117 38 51 83 54,simulation,db2,energy,67,50,50,0
W-NN,W-NN:k=1,3,1.5,0.0,0.094,83 104 106 84 85 86 107 172 81 82 108 80 105 175 79 103 78 88 169 76,83 108 81 84 82 85 104 106 80 86 107 169 88 172 215 78 79 87 103 105,simulation,db2,usage,67,50,50,0
W-QDA,W-QDA:qda,2,2.0,0.04,0.064,106 86 104 83 84 85 172 105 108 107 81 103 175 80 82 52 78 79 87 88,83 108 81 84 82 85 104 106 80 86 107 169 88 172 215 78 79 87 103 105,simulation,db2,usage,67,50,50,0
W-CART,W-CART:cart,3,1.5,0.04,0.126,83 104 106 84 85 86 107 172 81 82 108 80 105 175 79 103 78 88 169 76,83 108 81 84 82 85 104 106 80 86 107 169 88 172 215 78 79 87 103 105,simulation,db2,usage,67,50,50,0
ALL,W-NN:k=1,3,1.5,0.0,0.094,83 104 106 84 85 86 107 172 81 82 108 80 105 175 79 103 78 88 169 76,83 108 81 84 82 85 104 106 80 86 107 169 88 172 215 78 79 87 103 105,simulation,db2,usage,67,50,50,0
W-NN,W-NN:k=1,2,,0.04,0.072,118 104 55 108 84 83 107 78 109 103 77 81 113 72 54 106 112 85 111 82,118 104 55 108 84 83 107 78 109 103 77 81 113 72 54 106 112 85 111 82,simulation,db2,energy,68,50,50,0
W-QDA,W-QDA:qda,5,,0.04,0.054,118 104 55 108 84 83 107 78 109 103 77 81 113 72 54 106 112 85 111 82,118 104 55 108 84 83 107 78 109 103 77 81 113 72 54 106 112 85 111 82,simulation,db2,energy,68,50,50,0
W-CART,W-CART:cart,55,,0.02,0.118,118 104 55 108 84 83 107 78 109 103 77 81 113 72 54 106 112 85 111 82,118 104 55 108 84 83 107 78 109 103 77 81 113 72 54 106 112 85 111 82,simulation,db2,energy,68,50,50,0
ALL,W-CART:cart,55,,0.02,0.118,118 104 55 108 84 83 107 78 109 103 77 81 113 72 54 106 112 85 111 82,118 104 55 108 84 83 107 78 109 103 77 81 113 72 54 106 112 85 111 82,simulation,db2,energy,68,50,50,0
W-NN,W-NN:k=1,5,2.0,0.02,0.106,83 108 84 107 85 82 111 80 81 105 106 110 79 78 86 109 77 104 113 112,108 83 109 85 82 84 81 106 107 110 79 80 105 78 104 111 112 166 216 218,simulation,db2,usage,68,50,50,0
W-QDA,W-QDA:qda,5,1.5,0.1,0.128,83 84 108 82 85 107 111 79 80 81 105 106 109 110 112 104 78 216 86 77,108 83 109 85 82 84 81 106 107 110 79 80 105 78 104 111 112 166 216 218,simulation,db2,usage,68,50,50,0
W-CART,W-CART:cart,43,3.0,0.0,0.082,83 82 108 80 107 81 84 85 105 111 79 109 106 112 86 87 104 78 110 113,108 83 109 85 82 84 81 106 107 110 79 80 105 78 104 111 112 166 216 218,simulation,db2,usage,68,50,50,0
ALL,W-CART:cart,43,3.0,0.0,0.082,83 82 108 80 107 81 84 85 105 111 79 109 106 112 86 87 104 78 110 113,108 83 109 85 82 84 81 106 107 110 79 80 105 78 104 111 112 166 216 218,simulation,db2,usage,68,50,50,0
W-NN,W-NN:k=5,1,,0.1,0.136,106 85 110 224 111 84 79 115 80 77 81 42 109 112 159 114 76 107 116 82,106 85 110 224 111 84 79 115 80 77 81 42 109 112 159 114 76 107 116 82,simulation,db2,energy,69,50,50,0
W-QDA,W-QDA:qda,16,,0.02,0.066,106 85 110 224 111 84 79 115 80 77 81 42 109 112 159 114 76 107 116 82,106 85 110 224 111 84 79 115 80 77 81 42 109 112 159 114 76 107 116 82,simulation,db2,energy,69,50,50,0
W-CART,W-CART:cart,12,,0.08,0.128,106 85 110 224 111 84 79 115 80 77 81 42 109 112 159 114 76 107 116 82,106 85 110 224 111 84 79 115 80 77 81 42 109 112 159 114 76 107 116 82,simulation,db2,energy,69,50,50,0
ALL,W-QDA:qda,16,,0.02,0.066,106 85 110 224 111 84 79 115 80 77 81 42 109 112 159 114 76 107 116 82,106 85 110 224 111 84 79 115 80 77 81 42 109 112 159 114 76 107 116 82,simulation,db2,energy,69,50,50,0
W-NN,W-NN:k=1,18,0.5,0.04,0.172,109 112 111 113 80 110 83 84 159 224 77 79 81 114 160 225 78 82 107 115,112 111 113 77 109 76 78 80 115 160 74 79 82 83 84 110 116 114 75 107,simulation,db2,usage,69,50,50,0
W-QDA,W-QDA:qda,10,3.0,0.1,0.078,76 111 77 115 79 83 78 82 110 116 74 80 81 84 112 114 75 113 73 106,112 111 113 77 109 76 78 80 115 160 74 79 82 83 84 110 116 114 75 107,simulation,db2,usage,69,50,50,0
W-CART,W-CART:cart,11,0.5,0.06,0.156,109 112 111 113 80 110 83 84 159 224 77 79 81 114 160 225 78 82 107 115,112 111 113 77 109 76 78 80 115 160 74 79 82 83 84 110 116 114 75 107,simulation,db2,usage,69,50,50,0
ALL,W-NN:k=1,18,0.5,0.04,0.172,109 112 111 113 80 110 83 84 159 224 77 79 81 114 160 225 78 82 107 115,112 111 113 77 109 76 78 80 115 160 74 79 82 83 84 110 116 114 75 107,simulation,db2,usage,69,50,50,0
W-NN,W-NN:k=3,20,,0.08,0.142,118 74 117 104 41 105 110 106 107 116 85 38 73 42 75 87 43 108 112 115,118 74 117 104 41 105 110 106 107 116 85 38 73 42 75 87 43 108 112 115,simulation,db2,energy,70,50,50,0
W-QDA,W-QDA:qda,20,,0.0,0.034,118 74 117 104 41 105 110 106 107 116 85 38 73 42 75 87 43 108 112 115,118 74 117 104 41 105 110 106 107 116 85 38 73 42 75 87 43 108 112 115,simulation,db2,energy,70,50,50,0
W-CART,W-CART:cart,46,,0.12,0.136,118 74 117 104 41 105 110 106 107 116 85 38 73 42 75 87 43 108 112 115,118 74 117 104 41 105 110 106 107 116 85 38 73 42 75 87 43 108 112 115,simulation,db2,energy,70,50,50,0
ALL,W-QDA:qda,20,,0.0,0.034,118 74 117 104 41 105 110 106 107 116 85 38 73 42 75 87 43 108 112 115,118 74 117 104 41 105 110 106 107 116 85 38 73 42 75 87 43 108 112 115,simulation,db2,energy,70,50,50,0
W-NN,W-NN:k=3,18,3.0,0.02,0.126,85 105 106 82 109 117 75 81 113 114 115 76 84 86 112 73 104 107 108 116,110 80 112 113 81 109 83 85 108 79 82 106 111 84 114 116 74 86 105 107,simulation,db2,usage,70,50,50,0
W-QDA,W-QDA:qda,8,1.5,0.02,0.04,85 81 82 110 113 114 105 106 109 80 83 84 108 112 115 117 111 74 76 79,110 80 112 113 81 109 83 85 108 79 82 106 111 84 114 116 74 86 105 107,simulation,db2,usage,70,50,50,0
W-CART,W-CART:cart,15,1.0,0.08,0.096,110 80 112 113 81 109 83 85 108 79 82 106 111 84 114 116 74 86 105 107,110 80 112 113 81 109 83 85 108 79 82 106 111 84 114 116 74 86 105 107,simulation,db2,usage,70,50,50,0
ALL,W-QDA:qda,8,1.5,0.02,0.04,85 81 82 110 113 114 105 106 109 80 83 84 108 112 115 117 111 74 76 79,110 80 112 113 81 109 83 85 108 79 82 106 111 84 114 116 74 86 105 107,simulation,db2,usage,70,50,50,0
W-NN,W-NN:k=1,3,,0.04,0.084,103 88 117 110 35 57 242 73 37 176 80 81 112 75 111 243 52 79 177 72,103 88 117 110 35 57 242 73 37 176 80 81 112 75 111 243 52 79 177 72,simulation,db2,energy,71,50,50,0
W-QDA,W-QDA:qda,15,,0.02,0.05,103 88 117 110 35 57 242 73 37 176 80 81 112 75 111 243 52 79 177 72,103 88 117 110 35 57 242 73 37 176 80 81 112 75 111 243 52 79 177 72,simulation,db2,energy,71,50,50,0
W-CART,W-CART:cart,2,,0.08,0.206,103 88 117 110 35 57 242 73 37 176 80 81 112 75 111 243 52 79 177 72,103 88 117 110 35 57 242 73 37 176 80 81 112 75 111 243 52 79 177 72,simulation,db2,energy,71,50,50,0
ALL,W-QDA:qda,15,,0.02,0.05,103 88 117 110 35 57 242 73 37 176 80 81 112 75 111 243 52 79 177 72,103 88 117 110 35 57 242 73 37 176 80 81 112 75 111 243 52 79 177 72,simulation,db2,energy,71,50,50,0
W-NN,W-NN:k=5,21,1.5,0.06,0.156,82 110 78 109 114 80 79 81 108 112 115 116 75 77 111 83 76 107 113 118,79 109 80 81 82 110 114 76 78 108 111 112 113 115 116 153 75 161 74 77,simulation,db2,usage,71,50,50,0
W-QDA,W-QDA:qda,19,1.0,0.06,0.134,79 109 80 81 82 110 114 76 78 108 111 112 113 115 116 153 75 161 74 77,79 109 80 81 82 110 114 76 78 108 111 112 113 115 116 153 75 161 74 77,simulation,db2,usage,71,50,50,0
W-CART,W-CART:cart,6,0.5,0.16,0.31,113 78 80 79 114 76 112 158 75 77 82 116 81 108 109 111 115 153 156 110,79 109 80 81 82 110 114 76 78 108 111 112 113 115 116 153 75 161 74 77,simulation,db2,usage,71,50,50,0
ALL,W-QDA:qda,19,1.0,0.06,0.134,79 109 80 81 82 110 114 76 78 108 111 112 113 115 116 153 75 161 74 77,79 109 80 81 82 110 114 76 78 108 111 112 113 115 116 153 75 161 74 77,simulation,db2,usage,71,50,50,0
W-NN,W-NN:k=1,33,,0.06,0.132,58 37 74 82 108 120 110 117 119 72 81 109 86 85 83 84 76 73 71 107,58 37 74 82 108 120 110 117 119 72 81 109 86 85 83 84 76 73 71 107,simulation,db2,energy,72,50,50,0
W-QDA,W-QDA:qda,10,,0.04,0.064,58 37 74 82 108 120 110 117 119 72 81 109 86 85 83 84 76 73 71 107,58 37 74 82 108 120 110 117 119 72 81 109 86 85 83 84 76 73 71 107,simulation,db2,energy,72,50,50,0
W-CART,W-CART:cart,18,,0.06,0.162,58 37 74 82 108 120 110 117 119 72 81 109 86 85 83 84 76 73 71 107,58 37 74 82 108 120 110 117 119 72 81 109 86 85 83 84 76 73 71 107,simulation,db2,energy,72,50,50,0
ALL,W-QDA:qda,10,,0.04,0.064,58 37 74 82 108 120 110 117 119 72 81 109 86 85 83 84 76 73 71 107,58 37 74 82 108 120 110 117 119 72 81 109 86 85 83 84 76 73 71 107,simulation,db2,energy,72,50,50,0
W-NN,W-NN:k=1,31,2.0,0.06,0.148,107 108 109 74 81 83 84 85 86 110 82 117 171 75 111 118 80 168 73 79,84 81 107 109 110 108 111 167 79 82 83 171 85 86 75 80 117 166 169 170,simulation,db2,usage,72,50,50,0
W-QDA,W-QDA:qda,1,1.0,0.2,0.194,84 81 107 109 110 108 111 167 79 82 83 171 85 86 75 80 117 166 169 170,84 81 107 109 110 108 111 167 79 82 83 171 85 86 75 80 117 166 169 170,simulation,db2,usage,72,50,50,0
W-CART,W-CART:cart,4,3.0,0.12,0.168,108 109 82 74 81 83 84 86 105 107 110 118 80 85 75 77 106 116 119 73,84 81 107 109 110 108 111 167 79 82 83 171 85 86 75 80 117 166 169 170,simulation,db2,usage,72,50,50,0
ALL,W-NN:k=1,31,2.0,0.06,0.148,107 108 109 74 81 83 84 85 86 110 82 117 171 75 111 118 80 168 73 79,84 81 107 109 110 108 111 167 79 82 83 171 85 86 75 80 117 166 169 170,simulation,db2,usage,72,50,50,0
W-NN,W-NN:k=5,18,,0.12,0.164,78 113 75 112 74 119 72 117 106 83 56 86 80 88 105 87 85 233 111 118,78 113 75 112 74 119 72 117 106 83 56 86 80 88 105 87 85 233 111 118,simulation,db2,energy,73,50,50,0
W-QDA,W-QDA:qda,10,,0.04,0.046,78 113 75 112 74 119 72 117 106 83 56 86 80 88 105 87 85 233 111 118,78 113 75 112 74 119 72 117 106 83 56 86 80 88 105 87 85 233 111 118,simulation,db2,energy,73,50,50,0
W-CART,W-CART:cart,11,,0.12,0.144,78 113 75 112 74 119 72 117 106 83 56 86 80 88 105 87 85 233 111 118,78 113 75 112 74 119 72 117 106 83 56 86 80 88 105 87 85 233 111 118,simulation,db2,energy,73,50,50,0
ALL,W-QDA:qda,10,,0.04,0.046,78 113 75 112 74 119 72 117 106 83 56 86 80 88 105 87 85 233 111 118,78 113 75 112 74 119 72 117 106 83 56 86 80 88 105 87 85 233 111 118,simulation,db2,energy,73,50,50,0
W-NN,W-NN:k=1,4,3.0,0.08,0.092,105 107 85 86 106 108 74 80 81 83 84 73 82 87 110 112 78 109 72 75,108 80 109 77 79 112 75 76 83 84 106 107 110 114 74 81 82 85 111 115,simulation,db2,usage,73,50,50,0
W-QDA,W-QDA:qda,11,1.0,0.04,0.108,108 80 109 77 79 112 75 76 83 84 106 107 110 114 74 81 82 85 111 115,108 80 109 77 79 112 75 76 83 84 106 107 110 114 74 81 82 85 111 115,simulation,db2,usage,73,50,50,0
W-CART,W-CART:cart,10,1.5,0.08,0.118,108 80 83 106 107 81 85 109 112 74 76 82 86 110 111 79 84 105 113 114,108 80 109 77 79 112 75 76 83 84 106 107 110 114 74 81 82 85 111 115,simulation,db2,usage,73,50,50,0
ALL,W-QDA:qda,11,1.0,0.04,0.108,108 80 109 77 79 112 75 76 83 84 106 107 110 114 74 81 82 85 111 115,108 80 109 77 79 112 75 76 83 84 106 107 110 114 74 81 82 85 111 115,simulation,db2,usage,73,50,50,0
W-NN,W-NN:k=1,6,,0.06,0.11,109 89 102 115 41 108 76 116 87 74 117 83 77 70 58 151 114 104 118 84,109 89 102 115 41 108 76 116 87 74 117 83 77 70 58 151 114 104 118 84,simulation,db2,energy,74,50,50,0
W-QDA,W-QDA:qda,7,,0.0,0.04,109 89 102 115 41 108 76 116 87 74 117 83 77 70 58 151 114 104 118 84,109 89 102 115 41 108 76 116 87 74 117 83 77 70 58 151 114 104 118 84,simulation,db2,energy,74,50,50,0
W-CART,W-CART:cart,2,,0.06,0.14,109 89 102 115 41 108 76 116 87 74 117 83 77 70 58 151 114 104 118 84,109 89 102 115 41 108 76 116 87 74 117 83 77 70 58 151 114 104 118 84,simulation,db2,energy,74,50,50,0
ALL,W-QDA:qda,7,,0.0,0.04,109 89 102 115 41 108 76 116 87 74 117 83 77 70 58 151 114 104 118 84,109 89 102 115 41 108 76 116 87 74 117 83 77 70 58 151 114 104 118 84,simulation,db2,energy,74,50,50,0
W-NN,W-NN:k=1,14,0.5,0.02,0.132,110 82 78 81 79 80 107 109 113 83 111 76 77 106 108 114 156 221 85 155,80 107 82 110 79 81 114 77 83 85 108 113 106 109 78 84 111 112 73 86,simulation,db2,usage,74,50,50,0
W-QDA,W-QDA:qda,9,3.0,0.0,0.042,104 86 114 117 74 83 87 108 115 76 77 80 85 109 112 73 78 81 82 106,80 107 82 110 79 81 114 77 83 85 108 113 106 109 78 84 111 112 73 86,simulation,db2,usage,74,50,50,0
W-CART,W-CART:cart,4,2.0,0.1,0.11,80 83 85 104 82 107 111 75 76 77 79 81 84 86 87 108 113 114 73 78,80 107 82 110 79 81 114 77 83 85 108 113 106 109 78 84 111 112 73 86,simulation,db2,usage,74,50,50,0
ALL,W-QDA:qda,9,3.0,0.0,0.042,104 86 114 117 74 83 87 108 115 76 77 80 85 109 112 73 78 81 82 106,80 107 82 110 79 81 114 77 83 85 108 113 106 109 78 84 111 112 73 86,simulation,db2,usage,74,50,50,0
W-NN,W-NN:k=1,57,,0.08,0.152,108 83 82 116 109 75 74 80 53 40 81 76 77 84 111 79 106 110 117 170,108 83 82 116 109 75 74 80 53 40 81 76 77 84 111 79 106 110 117 170,simulation,db2,energy,75,50,50,0
W-QDA,W-QDA:qda,15,,0.02,0.068,108 83 82 116 109 75 74 80 53 40 81 76 77 84 111 79 106 110 117 170,108 83 82 116 109 75 74 80 53 40 81 76 77 84 111 79 106 110 117 170,simulation,db2,energy,75,50,50,0
W-CART,W-CART:cart,42,,0.1,0.152,108 83 82 116 109 75 74 80 53 40 81 76 77 84 111 79 106 110 117 170,108 83 82 116 109 75 74 80 53 40 81 76 77 84 111 79 106 110 117 170,simulation,db2,energy,75,50,50,0
ALL,W-QDA:qda,15,,0.02,0.068,108 83 82 116 109 75 74 80 53 40 81 76 77 84 111 79 106 110 117 170,108 83 82 116 109 75 74 80 53 40 81 76 77 84 111 79 106 110 117 170,simulation,db2,energy,75,50,50,0
W-NN,W-NN:k=3,10,2.0,0.1,0.148,77 111 76 79 80 108 110 81 73 84 116 78 82 83 114 115 112 113 117 74,78 81 110 76 77 108 111 112 114 75 79 80 83 84 82 115 164 227 113 219,simulation,db2,usage,75,50,50,0
W-QDA,W-QDA:qda,19,3.0,0.0,0.05,77 81 76 78 108 116 79 80 110 111 74 82 84 112 114 117 73 113 105 106,78 81 110 76 77 108 111 112 114 75 79 80 83 84 82 115 164 227 113 219,simulation,db2,usage,75,50,50,0
W-CART,W-CART:cart,19,3.0,0.08,0.09,77 81 76 78 108 116 79 80 110 111 74 82 84 112 114 117 73 113 105 106,78 81 110 76 77 108 111 112 114 75 79 80 83 84 82 115 164 227 113 219,simulation,db2,usage,75,50,50,0
ALL,W-QDA:qda,19,3.0,0.0,0.05,77 81 76 78 108 116 79 80 110 111 74 82 84 112 114 117 73 113 105 106,78 81 110 76 77 108 111 112 114 75 79 80 83 84 82 115 164 227 113 219,simulation,db2,usage,75,50,50,0
W-NN,W-NN:k=1,13,,0.08,0.164,107 113 39 169 79 56 42 35 112 84 170 106 78 120 157 85 114 77 81 88,107 113 39 169 79 56 42 35 112 84 170 106 78 120 157 85 114 77 81 88,simulation,db2,energy,76,50,50,0
W-QDA,W-QDA:qda,14,,0.04,0.08,107 113 39 169 79 56 42 35 112 84 170 106 78 120 157 85 114 77 81 88,107 113 39 169 79 56 42 35 112 84 170 106 78 120 157 85 114 77 81 88,simulation,db2,energy,76,50,50,0
W-CART,W-CART:cart,50,,0.08,0.116,107 113 39 169 79 56 42 35 112 84 170 106 78 120 157 85 114 77 81 88,107 113 39 169 79 56 42 35 112 84 170 106 78 120 157 85 114 77 81 88,simulation,db2,energy,76,50,50,0
ALL,W-QDA:qda,14,,0.04,0.08,107 113 39 169 79 56 42 35 112 84 170 106 78 120 157 85 114 77 81 88,107 113 39 169 79 56 42 35 112 84 170 106 78 120 157 85 114 77 81 88,simulation,db2,energy,76,50,50,0
W-NN,W-NN:k=3,24,3.0,0.06,0.162,81 110 79 114 80 111 112 77 84 109 78 82 107 73 83 106 113 115 72 74,80 81 109 79 111 108 83 113 114 110 112 77 78 82 107 76 164 163 84 161,simulation,db2,usage,76,50,50,0
W-QDA,W-QDA:qda,16,3.0,0.04,0.072,81 110 79 114 80 111 112 77 84 109 78 82 107 73 83 106 113 115 72 74,80 81 109 79 111 108 83 113 114 110 112 77 78 82 107 76 164 163 84 161,simulation,db2,usage,76,50,50,0
W-CART,W-CART:cart,53,1.5,0.04,0.11,80 109 81 111 79 108 113 77 110 112 114 82 107 83 84 115 76 78 161 117,80 81 109 79 111 108 83 113 114 110 112 77 78 82 107 76 164 163 84 161,simulation,db2,usage,76,50,50,0
ALL,W-QDA:qda,16,3.0,0.04,0.072,81 110 79 114 80 111 112 77 84 109 78 82 107 73 83 106 113 115 72 74,80 81 109 79 111 108 83 113 114 110 112 77 78 82 107 76 164 163 84 161,simulation,db2,usage,76,50,50,0
W-NN,W-NN:k=1,32,,0.08,0.132,80 55 40 161 443 221 324 81 109 82 111 118 110 107 86 108 73 84 85 112,80 55 40 161 443 221 324 81 109 82 111 118 110 107 86 108 73 84 85 112,simulation,db2,energy,77,50,50,0
W-QDA,W-QDA:qda,20,,0.12,0.186,80 55 40 161 443 221 324 81 109 82 111 118 110 107 86 108 73 84 85 112,80 55 40 161 443 221 324 81 109 82 111 118 110 107 86 108 73 84 85 112,simulation,db2,energy,77,50,50,0
W-CART,W-CART:cart,64,,0.04,0.152,80 55 40 161 443 221 324 81 109 82 111 118 110 107 86 108 73 84 85 112,80 55 40 161 443 221 324 81 109 82 111 118 110 107 86 108 73 84 85 112,simulation,db2,energy,77,50,50,0
ALL,W-CART:cart,64,,0.04,0.152,80 55 40 161 443 221 324 81 109 82 111 118 110 107 86 108 73 84 85 112,80 55 40 161 443 221 324 81 109 82 111 118 110 107 86 108 73 84 85 112,simulation,db2,energy,77,50,50,0
W-NN,W-NN:k=1,28,2.0,0.06,0.128,108 111 82 80 81 110 106 107 109 112 115 75 85 113 116 78 84 76 83 73,111 82 110 78 108 112 77 80 109 116 81 115 153 76 79 113 167 75 83 85,simulation,db2,usage,77,50,50,0
W-QDA,W-QDA:qda,21,3.0,0.06,0.126,111 82 110 75 106 107 80 109 112 115 116 81 83 85 108 113 76 79 84 118,111 82 110 78 108 112 77 80 109 116 81 115 153 76 79 113 167 75 83 85,simulation,db2,usage,77,50,50,0
W-CART,W-CART:cart,47,3.0,0.06,0.168,111 82 110 75 106 107 80 109 112 115 116 81 83 85 108 113 76 79 84 118,111 82 110 78 108 112 77 80 109 116 81 115 153 76 79 113 167 75 83 85,simulation,db2,usage,77,50,50,0
ALL,W-QDA:qda,21,3.0,0.06,0.126,111 82 110 75 106 107 80 109 112 115 116 81 83 85 108 113 76 79 84 118,111 82 110 78 108 112 77 80 109 116 81 115 153 76 79 113 167 75 83 85,simulation,db2,usage,77,50,50,0
W-NN,W-NN:k=3,53,,0.12,0.2,82 109 81 55 169 170 80 214 213 110 54 107 114 40 105 84 83 111 113 86,82 109 81 55 169 170 80 214 213 110 54 107 114 40 105 84 83 111 113 86,simulation,db2,energy,78,50,50,0
W-QDA,W-QDA:qda,9,,0.12,0.138,82 109 81 55 169 170 80 214 213 110 54 107 114 40 105 84 83 111 113 86,82 109 81 55 169 170 80 214 213 110 54 107 114 40 105 84 83 111 113 86,simulation,db2,energy,78,50,50,0
W-CART,W-CART:cart,12,,0.16,0.14,82 109 81 55 169 170 80 214 213 110 54 107 114 40 105 84 83 111 113 86,82 109 81 55 169 170 80 214 213 110 54 107 114 40 105 84 83 111 113 86,simulation,db2,energy,78,50,50,0
ALL,W-QDA:qda,9,,0.12,0.138,82 109 81 55 169 170 80 214 213 110 54 107 114 40 105 84 83 111 113 86,82 109 81 55 169 170 80 214 213 110 54 107 114 40 105 84 83 111 113 86,simulation,db2,energy,78,50,50,0
W-NN,W-NN:k=1,29,0.5,0.04,0.168,82 80 110 109 111 79 81 112 222 83 113 223 78 107 108 217 219 84 114 164,82 80 110 109 79 83 78 81 84 111 112 113 114 108 162 77 107 163 217 222,simulation,db2,usage,78,50,50,0
W-QDA,W-QDA:qda,18,3.0,0.02,0.056,82 81 84 80 110 111 83 86 109 114 75 112 77 79 106 115 54 74 78 105,82 80 110 109 79 83 78 81 84 111 112 113 114 108 162 77 107 163 217 222,simulation,db2,usage,78,50,50,0
W-CART,W-CART:cart,16,1.5,0.04,0.11,82 84 109 110 81 80 83 79 112 113 111 77 108 217 78 103 107 114 115 116,82 80 110 109 79 83 78 81 84 111 112 113 114 108 162 77 107 163 217 222,simulation,db2,usage,78,50,50,0
ALL,W-QDA:qda,18,3.0,0.02,0.056,82 81 84 80 110 111 83 86 109 114 75 112 77 79 106 115 54 74 78 105,82 80 110 109 79 83 78 81 84 111 112 113 114 108 162 77 107 163 217 222,simulation,db2,usage,78,50,50,0
W-NN,W-NN:k=5,1,,0.1,0.152,71 241 120 115 109 80 70 54 116 40 81 240 110 79 35 76 108 121 82 117,71 241 120 115 109 80 70 54 116 40 81 240 110 79 35 76 108 121 82 117,simulation,db2,energy,79,50,50,0
W-QDA,W-QDA:qda,6,,0.06,0.064,71 241 120 115 109 80 70 54 116 40 81 240 110 79 35 76 108 121 82 117,71 241 120 115 109 80 70 54 116 40 81 240 110 79 35 76 108 121 82 117,simulation,db2,energy,79,50,50,0
W-CART,W-CART:cart,54,,0.06,0.108,71 241 120 115 109 80 70 54 116 40 81 240 110 79 35 76 108 121 82 117,71 241 120 115 109 80 70 54 116 40 81 240 110 79 35 76 108 121 82 117,simulation,db2,energy,79,50,50,0
ALL,W-QDA:qda,6,,0.06,0.064,71 241 120 115 109 80 70 54 116 40 81 240 110 79 35 76 108 121 82 117,71 241 120 115 109 80 70 54 116 40 81 240 110 79 35 76 108 121 82 117,simulation,db2,energy,79,50,50,0
W-NN,W-NN:k=7,8,3.0,0.12,0.22,113 109 78 114 116 79 80 75 81 111 115 117 74 76 108 72 73 82 106 112,109 111 113 114 80 110 76 78 79 115 81 108 75 82 83 112 116 73 74 117,simulation,db2,usage,79,50,50,0
W-QDA,W-QDA:qda,9,3.0,0.04,0.066,113 109 78 114 116 79 80 75 81 111 115 117 74 76 108 72 73 82 106 112,109 111 113 114 80 110 76 78 79 115 81 108 75 82 83 112 116 73 74 117,simulation,db2,usage,79,50,50,0
W-CART,W-CART:cart,28,1.0,0.06,0.132,109 111 113 114 80 110 76 78 79 115 81 108 75 82 83 112 116 73 74 117,109 111 113 114 80 110 76 78 79 115 81 108 75 82 83 112 116 73 74 117,simulation,db2,usage,79,50,50,0
ALL,W-QDA:qda,9,3.0,0.04,0.066,113 109 78 114 116 79 80 75 81 111 115 117 74 76 108 72 73 82 106 112,109 111 113 114 80 110 76 78 79 115 81 108 75 82 83 112 116 73 74 117,simulation,db2,usage,79,50,50,0
W-NN,W-NN:k=3,8,,0.04,0.084,77 106 85 111 76 35 229 73 120 114 105 40 230 119 112 71 43 116 118 81,77 106 85 111 76 35 229 73 120 114 105 40 230 119 112 71 43 116 118 81,simulation,db2,energy,80,50,50,0
W-QDA,W-QDA:qda,5,,0.0,0.052,77 106 85 111 76 35 229 73 120 114 105 40 230 119 112 71 43 116 118 81,77 106 85 111 76 35 229 73 120 114 105 40 230 119 112 71 43 116 118 81,simulation,db2,energy,80,50,50,0
W-CART,W-CART:cart,51,,0.08,0.208,77 106 85 111 76 35 229 73 120 114 105 40 230 119 112 71 43 116 118 81,77 106 85 111 76 35 229 73 120 114 105 40 230 119 112 71 43 116 118 81,simulation,db2,energy,80,50,50,0
ALL,W-QDA:qda,5,,0.0,0.052,77 106 85 111 76 35 229 73 120 114 105 40 230 119 112 71 43 116 118 81,77 106 85 111 76 35 229 73 120 114 105 40 230 119 112 71 43 116 118 81,simulation,db2,energy,80,50,50,0
W-NN,W-NN:k=3,30,3.0,0.02,0.154,73 75 113 77 112 114 116 79 106 118 117 119 76 85 108 111 115 78 80 107,112 113 115 78 109 77 79 110 114 116 75 111 74 76 80 108 117 81 119 82,simulation,db2,usage,80,50,50,0
W-QDA,W-QDA:qda,2,3.0,0.02,0.078,73 75 113 77 112 114 116 79 106 118 117 119 76 85 108 111 115 78 80 107,112 113 115 78 109 77 79 110 114 116 75 111 74 76 80 108 117 81 119 82,simulation,db2,usage,80,50,50,0
W-CART,W-CART:cart,6,2.0,0.04,0.218,112 116 113 73 75 79 114 77 76 78 106 108 115 117 118 81 84 107 110 111,112 113 115 78 109 77 79 110 114 116 75 111 74 76 80 108 117 81 119 82,simulation,db2,usage,80,50,50,0
ALL,W-QDA:qda,2,3.0,0.02,0.078,73 75 113 77 112 114 116 79 106 118 117 119 76 85 108 111 115 78 80 107,112 113 115 78 109 77 79 110 114 116 75 111 74 76 80 108 117 81 119 82,simulation,db2,usage,80,50,50,0
W-NN,W-NN:k=1,13,,0.04,0.134,54 76 57 74 83 55 115 51 105 80 116 75 117 81 111 58 78 113 79 71,54 76 57 74 83 55 115 51 105 80 116 75 117 81 111 58 78 113 79 71,simulation,db2,energy,81,50,50,0
W-QDA,W-QDA:qda,9,,0.02,0.036,54 76 57 74 83 55 115 51 105 80 116 75 117 81 111 58 78 113 79 71,54 76 57 74 83 55 115 51 105 80 116 75 117 81 111 58 78 113 79 71,simulation,db2,energy,81,50,50,0
W-CART,W-CART:cart,11,,0.08,0.132,54 76 57 74 83 55 115 51 105 80 116 75 117 81 111 58 78 113 79 71,54 76 57 74 83 55 115 51 105 80 116 75 117 81 111 58 78 113 79 71,simulation,db2,energy,81,50,50,0
ALL,W-QDA:qda,9,,0.02,0.036,54 76 57 74 83 55 115 51 105 80 116 75 117 81 111 58 78 113 79 71,54 76 57 74 83 55 115 51 105 80 116 75 117 81 111 58 78 113 79 71,simulation,db2,energy,81,50,50,0
W-NN,W-NN:k=5,20,3.0,0.06,0.172,78 79 113 115 77 74 75 80 81 83 112 114 82 110 111 105 76 106 116 117,81 112 76 78 82 75 77 80 83 111 115 79 108 109 110 113 114 158 74 84,simulation,db2,usage,81,50,50,0
W-QDA,W-QDA:qda,23,3.0,0.0,0.04,78 79 113 115 77 74 75 80 81 83 112 114 82 110 111 105 76 106 116 117,81 112 76 78 82 75 77 80 83 111 115 79 108 109 110 113 114 158 74 84,simulation,db2,usage,81,50,50,0
W-CART,W-CART:cart,36,2.0,0.08,0.13,78 81 82 113 112 77 80 83 115 75 79 74 84 111 114 117 76 116 104 105,81 112 76 78 82 75 77 80 83 111 115 79 108 109 110 113 114 158 74 84,simulation,db2,usage,81,50,50,0
ALL,W-QDA:qda,23,3.0,0.0,0.04,78 79 113 115 77 74 75 80 81 83 112 114 82 110 111 105 76 106 116 117,81 112 76 78 82 75 77 80 83 111 115 79 108 109 110 113 114 158 74 84,simulation,db2,usage,81,50,50,0
W-NN,W-NN:k=1,27,,0.04,0.156,235 29 74 58 297 296 117 118 80 111 79 236 112 7 87 76 105 37 75 119,235 29 74 58 297 296 117 118 80 111 79 236 112 7 87 76 105 37 75 119,simulation,db2,energy,82,50,50,0
W-QDA,W-QDA:qda,23,,0.04,0.08,235 29 74 58 297 296 117 118 80 111 79 236 112 7 87 76 105 37 75 119,235 29 74 58 297 296 117 118 80 111 79 236 112 7 87 76 105 37 75 119,simulation,db2,energy,82,50,50,0
W-CART,W-CART:cart,59,,0.04,0.192,235 29 74 58 297 296 117 118 80 111 79 236 112 7 87 76 105 37 75 119,235 29 74 58 297 296 117 118 80 111 79 236 112 7 87 76 105 37 75 119,simulation,db2,energy,82,50,50,0
ALL,W-QDA:qda,23,,0.04,0.08,235 29 74 58 297 296 117 118 80 111 79 236 112 7 87 76 105 37 75 119,235 29 74 58 297 296 117 118 80 111 79 236 112 7 87 76 105 37 75 119,simulation,db2,energy,82,50,50,0
W-NN,W-NN:k=3,33,3.0,0.08,0.156,110 80 109 79 84 111 77 81 83 108 112 118 119 74 78 107 114 117 72 106,110 80 79 109 111 112 77 78 81 84 113 85 107 83 86 114 116 225 75 108,simulation,db2,usage,82,50,50,0
W-QDA,W-QDA:qda,17,3.0,0.02,0.094,110 80 109 79 84 111 77 81 83 108 112 118 119 74 78 107 114 117 72 106,110 80 79 109 111 112 77 78 81 84 113 85 107 83 86 114 116 225 75 108,simulation,db2,usage,82,50,50,0
W-CART,W-CART:cart,15,1.0,0.04,0.118,110 80 79 109 111 112 77 78 81 84 113 85 107 83 86 114 116 225 75 108,110 80 79 109 111 112 77 78 81 84 113 85 107 83 86 114 116 225 75 108,simulation,db2,usage,82,50,50,0
ALL,W-QDA:qda,17,3.0,0.02,0.094,110 80 109 79 84 111 77 81 83 108 112 118 119 74 78 107 114 117 72 106,110 80 79 109 111 112 77 78 81 84 113 85 107 83 86 114 116 225 75 108,simulation,db2,usage,82,50,50,0
W-NN,W-NN:k=1,40,,0.14,0.204,115 118 76 74 116 117 37 75 72 73 236 148 103 147 39 38 104 235 113 42,115 118 76 74 116 117 37 75 72 73 236 148 103 147 39 38 104 235 113 42,simulation,db2,energy,83,50,50,0
W-QDA,W-QDA:qda,2,,0.18,0.092,115 118 76 74 116 117 37 75 72 73 236 148 103 147 39 38 104 235 113 42,115 118 76 74 116 117 37 75 72 73 236 148 103 147 39 38 104 235 113 42,simulation,db2,energy,83,50,50,0
W-CART,W-CART:cart,18,,0.08,0.126,115 118 76 74 116 117 37 75 72 73 236 148 103 147 39 38 104 235 113 42,115 118 76 74 116 117 37 75 72 73 236 148 103 147 39 38 104 235 113 42,simulation,db2,energy,83,50,50,0
ALL,W-CART:cart,18,,0.08,0.126,115 118 76 74 116 117 37 75 72 73 236 148 103 147 39 38 104 235 113 42,115 118 76 74 116 117 37 75 72 73 236 148 103 147 39 38 104 235 113 42,simulation,db2,energy,83,50,50,0
W-NN,W-NN:k=1,3,0.5,0.1,0.118,81 116 75 113 114 74 76 78 79 115 77 80 110 118 73 117 229 231 109 112,113 118 76 115 116 117 75 110 114 72 74 150 77 81 119 38 78 82 148 151,simulation,db2,usage,83,50,50,0
W-QDA,W-QDA:qda,1,2.0,0.1,0.124,118 74 113 115 117 76 116 72 75 114 73 77 119 70 120 57 71 78 81 82,113 118 76 115 116 117 75 110 114 72 74 150 77 81 119 38 78 82 148 151,simulation,db2,usage,83,50,50,0
W-CART,W-CART:cart,24,3.0,0.14,0.146,118 74 115 72 116 117 73 76 75 77 113 114 106 119 120 78 39 70 71 37,113 118 76 115 116 117 75 110 114 72 74 150 77 81 119 38 78 82 148 151,simulation,db2,usage,83,50,50,0
ALL,W-QDA:qda,1,2.0,0.1,0.124,118 74 113 115 117 76 116 72 75 114 73 77 119 70 120 57 71 78 81 82,113 118 76 115 116 117 75 110 114 72 74 150 77 81 119 38 78 82 148 151,simulation,db2,usage,83,50,50,0
W-NN,W-NN:k=3,17,,0.06,0.078,112 76 117 77 75 109 79 60 116 78 107 106 37 83 85 103 38 108 43 88,112 76 117 77 75 109 79 60 116 78 107 106 37 83 85 103 38 108 43 88,simulation,db2,energy,84,50,50,0
W-QDA,W-QDA:qda,18,,0.06,0.066,112 76 117 77 75 109 79 60 116 78 107 106 37 83 85 103 38 108 43 88,112 76 117 77 75 109 79 60 116 78 107 106 37 83 85 103 38 108 43 88,simulation,db2,energy,84,50,50,0
W-CART,W-CART:cart,53,,0.14,0.214,112 76 117 77 75 109 79 60 116 78 107 106 37 83 85 103 38 108 43 88,112 76 117 77 75 109 79 60 116 78 107 106 37 83 85 103 38 108 43 88,simulation,db2,energy,84,50,50,0
ALL,W-NN:k=3,17,,0.06,0.078,112 76 117 77 75 109 79 60 116 78 107 106 37 83 85 103 38 108 43 88,112 76 117 77 75 109 79 60 116 78 107 106 37 83 85 103 38 108 43 88,simulation,db2,energy,84,50,50,0
W-NN,W-NN:k=1,6,1.0,0.02,0.112,82 109 112 107 108 113 79 81 83 106 85 105 76 77 78 80 111 115 110 75,82 109 112 107 108 113 79 81 83 106 85 105 76 77 78 80 111 115 110 75,simulation,db2,usage,84,50,50,0
W-QDA,W-QDA:qda,6,2.0,0.02,0.076,83 82 107 108 76 85 105 75 80 86 106 109 84 79 81 114 117 78 112 115,82 109 112 107 108 113 79 81 83 106 85 105 76 77 78 80 111 115 110 75,simulation,db2,usage,84,50,50,0
W-CART,W-CART:cart,6,2.0,0.08,0.15,83 82 107 108 76 85 105 75 80 86 106 109 84 79 81 114 117 78 112 115,82 109 112 107 108 113 79 81 83 106 85 105 76 77 78 80 111 115 110 75,simulation,db2,usage,84,50,50,0
ALL,W-NN:k=1,6,1.0,0.02,0.112,82 109 112 107 108 113 79 81 83 106 85 105 76 77 78 80 111 115 110 75,82 109 112 107 108 113 79 81 83 106 85 105 76 77 78 80 111 115 110 75,simulation,db2,usage,84,50,50,0
W-NN,W-NN:k=1,18,,0.06,0.166,82 109 87 104 83 81 115 108 114 111 76 110 78 112 75 80 103 77 41 73,82 109 87 104 83 81 115 108 114 111 76 110 78 112 75 80 103 77 41 73,simulation,db2,energy,85,50,50,0
W-QDA,W-QDA:qda,11,,0.04,0.058,82 109 87 104 83 81 115 108 114 111 76 110 78 112 75 80 103 77 41 73,82 109 87 104 83 81 115 108 114 111 76 110 78 112 75 80 103 77 41 73,simulation,db2,energy,85,50,50,0
W-CART,W-CART:cart,54,,0.02,0.112,82 109 87 104 83 81 115 108 114 111 76 110 78 112 75 80 103 77 41 73,82 109 87 104 83 81 115 108 114 111 76 110 78 112 75 80 103 77 41 73,simulation,db2,energy,85,50,50,0
ALL,W-CART:cart,54,,0.02,0.112,82 109 87 104 83 81 115 108 114 111 76 110 78 112 75 80 103 77 41 73,82 109 87 104 83 81 115 108 114 111 76 110 78 112 75 80 103 77 41 73,simulation,db2,energy,85,50,50,0
W-NN,W-NN:k=5,42,2.0,0.06,0.122,81 78 79 80 82 83 112 108 109 107 111 113 76 106 166 215 110 114 115 163,79 81 78 80 82 111 112 83 109 113 106 110 164 166 77 107 108 159 160 221,simulation,db2,usage,85,50,50,0
W-QDA,W-QDA:qda,15,3.0,0.06,0.086,79 81 83 82 112 108 80 107 109 106 111 114 166 73 76 78 104 110 113 72,79 81 78 80 82 111 112 83 109 113 106 110 164 166 77 107 108 159 160 221,simulation,db2,usage,85,50,50,0
W-CART,W-CART:cart,43,0.5,0.04,0.104,83 79 80 78 81 82 110 77 109 112 111 113 114 163 219 220 224 226 106 107,79 81 78 80 82 111 112 83 109 113 106 110 164 166 77 107 108 159 160 221,simulation,db2,usage,85,50,50,0
ALL,W-CART:cart,43,0.5,0.04,0.104,83 79 80 78 81 82 110 77 109 112 111 113 114 163 219 220 224 226 106 107,79 81 78 80 82 111 112 83 109 113 106 110 164 166 77 107 108 159 160 221,simulation,db2,usage,85,50,50,0
W-NN,W-NN:k=1,17,,0.04,0.108,53 110 84 80 109 40 82 71 73 81 39 85 56 42 78 108 112 83 79 119,53 110 84 80 109 40 82 71 73 81 39 85 56 42 78 108 112 83 79 119,simulation,db2,energy,86,50,50,0
W-QDA,W-QDA:qda,12,,0.06,0.072,53 110 84 80 109 40 82 71 73 81 39 85 56 42 78 108 112 83 79 119,53 110 84 80 109 40 82 71 73 81 39 85 56 42 78 108 112 83 79 119,simulation,db2,energy,86,50,50,0
W-CART,W-CART:cart,28,,0.1,0.12,53 110 84 80 109 40 82 71 73 81 39 85 56 42 78 108 112 83 79 119,53 110 84 80 109 40 82 71 73 81 39 85 56 42 78 108 112 83 79 119,simulation,db2,energy,86,50,50,0
ALL,W-NN:k=1,17,,0.04,0.108,53 110 84 80 109 40 82 71 73 81 39 85 56 42 78 108 112 83 79 119,53 110 84 80 109 40 82 71 73 81 39 85 56 42 78 108 112 83 79 119,simulation,db2,energy,86,50,50,0
W-NN,W-NN:k=3,18,2.0,0.06,0.122,109 82 81 80 111 110 112 115 75 79 83 84 108 74 85 114 77 72 73 106,82 109 111 80 81 83 108 110 113 75 79 84 112 114 115 78 107 76 220 74,simulation,db2,usage,86,50,50,0
W-QDA,W-QDA:qda,17,3.0,0.04,0.072,109 80 82 85 110 75 81 83 111 112 74 78 79 84 108 114 116 106 107 115,82 109 111 80 81 83 108 110 113 75 79 84 112 114 115 78 107 76 220 74,simulation,db2,usage,86,50,50,0
W-CART,W-CART:cart,16,3.0,0.06,0.144,109 80 82 85 110 75 81 83 111 112 74 78 79 84 108 114 116 106 107 115,82 109 111 80 81 83 108 110 113 75 79 84 112 114 115 78 107 76 220 74,simulation,db2,usage,86,50,50,0
ALL,W-QDA:qda,17,3.0,0.04,0.072,109 80 82 85 110 75 81 83 111 112 74 78 79 84 108 114 116 106 107 115,82 109 111 80 81 83 108 110 113 75 79 84 112 114 115 78 107 76 220 74,simulation,db2,usage,86,50,50,0
W-NN,W-NN:k=7,2,,0.16,0.236,77 115 87 38 76 82 105 54 52 116 114 174 86 43 104 75 113 119 88 103,77 115 87 38 76 82 105 54 52 116 114 174 86 43 104 75 113 119 88 103,simulation,db2,energy,87,50,50,0
W-QDA,W-QDA:qda,8,,0.02,0.036,77 115 87 38 76 82 105 54 52 116 114 174 86 43 104 75 113 119 88 103,77 115 87 38 76 82 105 54 52 116 114 174 86 43 104 75 113 119 88 103,simulation,db2,energy,87,50,50,0
W-CART,W-CART:cart,48,,0.08,0.168,77 115 87 38 76 82 105 54 52 116 114 174 86 43 104 75 113 119 88 103,77 115 87 38 76 82 105 54 52 116 114 174 86 43 104 75 113 119 88 103,simulation,db2,energy,87,50,50,0
ALL,W-QDA:qda,8,,0.02,0.036,77 115 87 38 76 82 105 54 52 116 114 174 86 43 104 75 113 119 88 103,77 115 87 38 76 82 105 54 52 116 114 174 86 43 104 75 113 119 88 103,simulation,db2,energy,87,50,50,0
W-NN,W-NN:k=1,22,3.0,0.1,0.118,115 77 111 76 78 112 75 80 81 110 113 114 116 82 117 79 118 87 74 83,77 112 114 115 76 113 111 78 79 117 116 74 75 82 110 83 108 153 226 72,simulation,db2,usage,87,50,50,0
W-QDA,W-QDA:qda,10,1.0,0.14,0.164,77 112 114 115 76 113 111 78 79 117 116 74 75 82 110 83 108 153 226 72,77 112 114 115 76 113 111 78 79 117 116 74 75 82 110 83 108 153 226 72,simulation,db2,usage,87,50,50,0
W-CART,W-CART:cart,15,1.0,0.04,0.1,77 112 114 115 76 113 111 78 79 117 116 74 75 82 110 83 108 153 226 72,77 112 114 115 76 113 111 78 79 117 116 74 75 82 110 83 108 153 226 72,simulation,db2,usage,87,50,50,0
ALL,W-CART:cart,15,1.0,0.04,0.1,77 112 114 115 76 113 111 78 79 117 116 74 75 82 110 83 108 153 226 72,77 112 114 115 76 113 111 78 79 117 116 74 75 82 110 83 108 153 226 72,simulation,db2,usage,87,50,50,0
W-NN,W-NN:k=5,6,,0.04,0.096,107 75 106 116 169 120 54 108 35 83 85 170 119 53 115 82 233 37 121 71,107 75 106 116 169 120 54 108 35 83 85 170 119 53 115 82 233 37 121 71,simulation,db2,energy,88,50,50,0
W-QDA,W-QDA:qda,8,,0.02,0.038,107 75 106 116 169 120 54 108 35 83 85 170 119 53 115 82 233 37 121 71,107 75 106 116 169 120 54 108 35 83 85 170 119 53 115 82 233 37 121 71,simulation,db2,energy,88,50,50,0
W-CART,W-CART:cart,5,,0.06,0.088,107 75 106 116 169 120 54 108 35 83 85 170 119 53 115 82 233 37 121 71,107 75 106 116 169 120 54 108 35 83 85 170 119 53 115 82 233 37 121 71,simulation,db2,energy,88,50,50,0
ALL,W-QDA:qda,8,,0.02,0.038,107 75 106 116 169 120 54 108 35 83 85 170 119 53 115 82 233 37 121 71,107 75 106 116 169 120 54 108 35 83 85 170 119 53 115 82 233 37 121 71,simulation,db2,energy,88,50,50,0
W-NN,W-NN:k=7,4,3.0,0.06,0.134,76 117 108 110 116 82 83 106 118 75 77 80 84 105 107 109 71 81 112 79,82 112 83 109 78 81 108 110 76 77 114 117 118 75 106 107 232 80 111 115,simulation,db2,usage,88,50,50,0
W-QDA,W-QDA:qda,9,3.0,0.02,0.042,76 117 108 110 116 82 83 106 118 75 77 80 84 105 107 109 71 81 112 79,82 112 83 109 78 81 108 110 76 77 114 117 118 75 106 107 232 80 111 115,simulation,db2,usage,88,50,50,0
W-CART,W-CART:cart,16,1.0,0.06,0.106,82 112 83 109 78 81 108 110 76 77 114 117 118 75 106 107 232 80 111 115,82 112 83 109 78 81 108 110 76 77 114 117 118 75 106 107 232 80 111 115,simulation,db2,usage,88,50,50,0
ALL,W-QDA:qda,9,3.0,0.02,0.042,76 117 108 110 116 82 83 106 118 75 77 80 84 105 107 109 71 81 112 79,82 112 83 109 78 81 108 110 76 77 114 117 118 75 106 107 232 80 111 115,simulation,db2,usage,88,50,50,0
W-NN,W-NN:k=1,55,,0.06,0.132,113 117 73 116 156 78 118 119 74 155 120 77 72 76 114 56 107 121 75 106,113 117 73 116 156 78 118 119 74 155 120 77 72 76 114 56 107 121 75 106,simulation,db2,energy,89,50,50,0
W-QDA,W-QDA:qda,2,,0.12,0.124,113 117 73 116 156 78 118 119 74 155 120 77 72 76 114 56 107 121 75 106,113 117 73 116 156 78 118 119 74 155 120 77 72 76 114 56 107 121 75 106,simulation,db2,energy,89,50,50,0
W-CART,W-CART:cart,20,,0.14,0.214,113 117 73 116 156 78 118 119 74 155 120 77 72 76 114 56 107 121 75 106,113 117 73 116 156 78 118 119 74 155 120 77 72 76 114 56 107 121 75 106,simulation,db2,energy,89,50,50,0
ALL,W-NN:k=1,55,,0.06,0.132,113 117 73 116 156 78 118 119 74 155 120 77 72 76 114 56 107 121 75 106,113 117 73 116 156 78 118 119 74 155 120 77 72 76 114 56 107 121 75 106,simulation,db2,energy,89,50,50,0
W-NN,W-NN:k=1,6,3.0,0.02,0.142,115 75 119 73 76 114 118 72 116 74 85 107 117 78 79 113 120 149 234 235,115 114 116 117 74 118 73 75 76 234 72 119 233 235 77 83 85 149 236 107,simulation,db2,usage,89,50,50,0
W-QDA,W-QDA:qda,3,0.5,0.08,0.132,113 116 75 77 79 119 74 76 78 114 115 117 118 154 235 73 83 111 233 234,115 114 116 117 74 118 73 75 76 234 72 119 233 235 77 83 85 149 236 107,simulation,db2,usage,89,50,50,0
W-CART,W-CART:cart,2,2.0,0.08,0.142,118 115 116 75 114 72 73 76 119 234 74 107 117 148 77 82 85 83 106 120,115 114 116 117 74 118 73 75 76 234 72 119 233 235 77 83 85 149 236 107,simulation,db2,usage,89,50,50,0
ALL,W-NN:k=1,6,3.0,0.02,0.142,115 75 119 73 76 114 118 72 116 74 85 107 117 78 79 113 120 149 234 235,115 114 116 117 74 118 73 75 76 234 72 119 233 235 77 83 85 149 236 107,simulation,db2,usage,89,50,50,0
W-NN,W-NN:k=1,5,,0.1,0.16,117 74 113 114 109 37 39 120 83 82 88 118 71 52 51 112 87 77 60 115,117 74 113 114 109 37 39 120 83 82 88 118 71 52 51 112 87 77 60 115,simulation,db2,energy,90,50,50,0
W-QDA,W-QDA:qda,12,,0.04,0.074,117 74 113 114 109 37 39 120 83 82 88 118 71 52 51 112 87 77 60 115,117 74 113 114 109 37 39 120 83 82 88 118 71 52 51 112 87 77 60 115,simulation,db2,energy,90,50,50,0
W-CART,W-CART:cart,14,,0.06,0.084,117 74 113 114 109 37 39 120 83 82 88 118 71 52 51 112 87 77 60 115,117 74 113 114 109 37 39 120 83 82 88 118 71 52 51 112 87 77 60 115,simulation,db2,energy,90,50,50,0
ALL,W-QDA:qda,12,,0.04,0.074,117 74 113 114 109 37 39 120 83 82 88 118 71 52 51 112 87 77 60 115,117 74 113 114 109 37 39 120 83 82 88 118 71 52 51 112 87 77 60 115,simulation,db2,energy,90,50,50,0
W-NN,W-NN:k=1,11,1.5,0.02,0.124,77 78 84 110 111 113 75 76 81 85 86 114 115 116 118 74 79 83 109 41,113 75 83 114 77 79 82 111 76 78 84 85 110 81 109 116 118 105 106 108,simulation,db2,usage,90,50,50,0
W-QDA,W-QDA:qda,6,3.0,0.02,0.032,85 77 110 118 78 84 86 114 75 83 113 121 72 76 81 106 108 115 117 73,113 75 83 114 77 79 82 111 76 78 84 85 110 81 109 116 118 105 106 108,simulation,db2,usage,90,50,50,0
W-CART,W-CART:cart,2,2.0,0.12,0.168,78 84 85 110 77 113 118 75 76 83 86 111 114 81 116 117 71 72 73 74,113 75 83 114 77 79 82 111 76 78 84 85 110 81 109 116 118 105 106 108,simulation,db2,usage,90,50,50,0
ALL,W-QDA:qda,6,3.0,0.02,0.032,85 77 110 118 78 84 86 114 75 83 113 121 72 76 81 106 108 115 117 73,113 75 83 114 77 79 82 111 76 78 84 85 110 81 109 116 118 105 106 108,simulation,db2,usage,90,50,50,0
W-NN,W-NN:k=3,1,,0.14,0.226,169 42 107 214 80 81 77 53 110 111 112 56 109 168 41 106 114 83 104 215,169 42 107 214 80 81 77 53 110 111 112 56 109 168 41 106 114 83 104 215,simulation,db2,energy,91,50,50,0
W-QDA,W-QDA:qda,2,,0.06,0.104,169 42 107 214 80 81 77 53 110 111 112 56 109 168 41 106 114 83 104 215,169 42 107 214 80 81 77 53 110 111 112 56 109 168 41 106 114 83 104 215,simulation,db2,energy,91,50,50,0
W-CART,W-CART:cart,20,,0.12,0.154,169 42 107 214 80 81 77 53 110 111 112 56 109 168 41 106 114 83 104 215,169 42 107 214 80 81 77 53 110 111 112 56 109 168 41 106 114 83 104 215,simulation,db2,energy,91,50,50,0
ALL,W-QDA:qda,2,,0.06,0.104,169 42 107 214 80 81 77 53 110 111 112 56 109 168 41 106 114 83 104 215,169 42 107 214 80 81 77 53 110 111 112 56 109 168 41 106 114 83 104 215,simulation,db2,energy,91,50,50,0
W-NN,W-NN:k=1,6,3.0,0.1,0.118,110 81 107 82 114 74 78 80 109 112 115 77 105 106 111 73 75 83 108 113,82 109 112 79 81 107 77 78 84 113 76 80 83 110 111 114 224 106 159 75,simulation,db2,usage,91,50,50,0
W-QDA,W-QDA:qda,13,2.0,0.1,0.136,112 78 82 107 110 113 80 81 114 77 83 109 74 75 106 111 115 76 79 84,82 109 112 79 81 107 77 78 84 113 76 80 83 110 111 114 224 106 159 75,simulation,db2,usage,91,50,50,0
W-CART,W-CART:cart,53,1.0,0.04,0.118,82 109 112 79 81 107 77 78 84 113 76 80 83 110 111 114 224 106 159 75,82 109 112 79 81 107 77 78 84 113 76 80 83 110 111 114 224 106 159 75,simulation,db2,usage,91,50,50,0
ALL,W-CART:cart,53,1.0,0.04,0.118,82 109 112 79 81 107 77 78 84 113 76 80 83 110 111 114 224 106 159 75,82 109 112 79 81 107 77 78 84 113 76 80 83 110 111 114 224 106 159 75,simulation,db2,usage,91,50,50,0
W-NN,W-NN:k=1,37,,0.08,0.192,77 110 78 87 113 75 109 83 79 58 107 72 108 118 74 164 106 228 71 116,77 110 78 87 113 75 109 83 79 58 107 72 108 118 74 164 106 228 71 116,simulation,db2,energy,92,50,50,0
W-QDA,W-QDA:qda,15,,0.04,0.038,77 110 78 87 113 75 109 83 79 58 107 72 108 118 74 164 106 228 71 116,77 110 78 87 113 75 109 83 79 58 107 72 108 118 74 164 106 228 71 116,simulation,db2,energy,92,50,50,0
W-CART,W-CART:cart,53,,0.12,0.228,77 110 78 87 113 75 109 83 79 58 107 72 108 118 74 164 106 228 71 116,77 110 78 87 113 75 109 83 79 58 107 72 108 118 74 164 106 228 71 116,simulation,db2,energy,92,50,50,0
ALL,W-QDA:qda,15,,0.04,0.038,77 110 78 87 113 75 109 83 79 58 107 72 108 118 74 164 106 228 71 116,77 110 78 87 113 75 109 83 79 58 107 72 108 118 74 164 106 228 71 116,simulation,db2,energy,92,50,50,0
W-NN,W-NN:k=1,32,3.0,0.06,0.196,77 83 80 78 110 112 76 81 108 79 84 107 106 111 113 74 82 85 86 109,78 112 109 77 82 110 115 108 75 76 83 113 74 80 81 111 157 84 114 116,simulation,db2,usage,92,50,50,0
W-QDA,W-QDA:qda,20,1.0,0.04,0.09,78 112 109 77 82 110 115 108 75 76 83 113 74 80 81 111 157 84 114 116,78 112 109 77 82 110 115 108 75 76 83 113 74 80 81 111 157 84 114 116,simulation,db2,usage,92,50,50,0
W-CART,W-CART:cart,29,2.0,0.06,0.138,77 108 81 83 110 112 113 115 78 106 76 80 85 111 79 84 86 109 114 107,78 112 109 77 82 110 115 108 75 76 83 113 74 80 81 111 157 84 114 116,simulation,db2,usage,92,50,50,0
ALL,W-QDA:qda,20,1.0,0.04,0.09,78 112 109 77 82 110 115 108 75 76 83 113 74 80 81 111 157 84 114 116,78 112 109 77 82 110 115 108 75 76 83 113 74 80 81 111 157 84 114 116,simulation,db2,usage,92,50,50,0
W-NN,W-NN:k=3,13,,0.02,0.082,77 103 75 106 76 115 57 88 119 108 82 73 109 113 71 107 83 110 58 117,77 103 75 106 76 115 57 88 119 108 82 73 109 113 71 107 83 110 58 117,simulation,db2,energy,93,50,50,0
W-QDA,W-QDA:qda,3,,0.08,0.1,77 103 75 106 76 115 57 88 119 108 82 73 109 113 71 107 83 110 58 117,77 103 75 106 76 115 57 88 119 108 82 73 109 113 71 107 83 110 58 117,simulation,db2,energy,93,50,50,0
W-CART,W-CART:cart,26,,0.08,0.102,77 103 75 106 76 115 57 88 119 108 82 73 109 113 71 107 83 110 58 117,77 103 75 106 76 115 57 88 119 108 82 73 109 113 71 107 83 110 58 117,simulation,db2,energy,93,50,50,0
ALL,W-NN:k=3,13,,0.02,0.082,77 103 75 106 76 115 57 88 119 108 82 73 109 113 71 107 83 110 58 117,77 103 75 106 76 115 57 88 119 108 82 73 109 113 71 107 83 110 58 117,simulation,db2,energy,93,50,50,0
W-NN,W-NN:k=1,12,2.0,0.08,0.158,75 77 113 117 76 116 78 111 80 81 109 115 74 79 107 112 114 82 84 108,77 76 79 113 115 114 75 108 111 112 116 148 74 78 84 107 117 80 81 83,simulation,db2,usage,93,50,50,0
W-QDA,W-QDA:qda,11,2.0,0.1,0.126,75 77 113 117 76 116 78 111 80 81 109 115 74 79 107 112 114 82 84 108,77 76 79 113 115 114 75 108 111 112 116 148 74 78 84 107 117 80 81 83,simulation,db2,usage,93,50,50,0
W-CART,W-CART:cart,14,3.0,0.06,0.11,75 113 77 115 116 76 80 109 111 114 117 119 79 86 105 107 112 72 73 78,77 76 79 113 115 114 75 108 111 112 116 148 74 78 84 107 117 80 81 83,simulation,db2,usage,93,50,50,0
ALL,W-CART:cart,14,3.0,0.06,0.11,75 113 77 115 116 76 80 109 111 114 117 119 79 86 105 107 112 72 73 78,77 76 79 113 115 114 75 108 111 112 116 148 74 78 84 107 117 80 81 83,simulation,db2,usage,93,50,50,0
W-NN,W-NN:k=1,6,,0.06,0.224,114 51 113 118 89 148 117 88 80 107 109 108 111 81 82 73 83 74 77 104,114 51 113 118 89 148 117 88 80 107 109 108 111 81 82 73 83 74 77 104,simulation,db2,energy,94,50,50,0
W-QDA,W-QDA:qda,10,,0.02,0.062,114 51 113 118 89 148 117 88 80 107 109 108 111 81 82 73 83 74 77 104,114 51 113 118 89 148 117 88 80 107 109 108 111 81 82 73 83 74 77 104,simulation,db2,energy,94,50,50,0
W-CART,W-CART:cart,19,,0.04,0.134,114 51 113 118 89 148 117 88 80 107 109 108 111 81 82 73 83 74 77 104,114 51 113 118 89 148 117 88 80 107 109 108 111 81 82 73 83 74 77 104,simulation,db2,energy,94,50,50,0
ALL,W-QDA:qda,10,,0.02,0.062,114 51 113 118 89 148 117 88 80 107 109 108 111 81 82 73 83 74 77 104,114 51 113 118 89 148 117 88 80 107 109 108 111 81 82 73 83 74 77 104,simulation,db2,energy,94,50,50,0
W-NN,W-NN:k=5,9,1.5,0.06,0.098,81 111 114 80 82 105 110 112 75 76 77 83 109 113 115 116 79 84 106 107,81 83 108 114 115 77 80 82 105 106 107 110 75 76 79 84 109 111 112 116,simulation,db2,usage,94,50,50,0
W-QDA,W-QDA:qda,9,3.0,0.02,0.12,76 113 114 75 80 104 108 110 112 81 82 83 105 109 84 86 106 111 74 77,81 83 108 114 115 77 80 82 105 106 107 110 75 76 79 84 109 111 112 116,simulation,db2,usage,94,50,50,0
W-CART,W-CART:cart,52,0.5,0.02,0.096,113 80 108 109 77 82 83 84 115 81 110 112 75 76 107 111 114 234 87 105,81 83 108 114 115 77 80 82 105 106 107 110 75 76 79 84 109 111 112 116,simulation,db2,usage,94,50,50,0
ALL,W-QDA:qda,9,3.0,0.02,0.12,76 113 114 75 80 104 108 110 112 81 82 83 105 109 84 86 106 111 74 77,81 83 108 114 115 77 80 82 105 106 107 110 75 76 79 84 109 111 112 116,simulation,db2,usage,94,50,50,0
W-NN,W-NN:k=9,5,,0.06,0.074,107 115 83 84 73 120 75 58 76 53 108 72 41 59 118 121 74 106 113 71,107 115 83 84 73 120 75 58 76 53 108 72 41 59 118 121 74 106 113 71,simulation,db2,energy,95,50,50,0
W-QDA,W-QDA:qda,11,,0.02,0.044,107 115 83 84 73 120 75 58 76 53 108 72 41 59 118 121 74 106 113 71,107 115 83 84 73 120 75 58 76 53 108 72 41 59 118 121 74 106 113 71,simulation,db2,energy,95,50,50,0
W-CART,W-CART:cart,31,,0.06,0.11,107 115 83 84 73 120 75 58 76 53 108 72 41 59 118 121 74 106 113 71,107 115 83 84 73 120 75 58 76 53 108 72 41 59 118 121 74 106 113 71,simulation,db2,energy,95,50,50,0
ALL,W-QDA:qda,11,,0.02,0.044,107 115 83 84 73 120 75 58 76 53 108 72 41 59 118 121 74 106 113 71,107 115 83 84 73 120 75 58 76 53 108 72 41 59 118 121 74 106 113 71,simulation,db2,energy,95,50,50,0
W-NN,W-NN:k=1,4,1.5,0.04,0.132,106 74 75 77 83 84 87 111 113 105 114 117 73 76 81 107 108 116 148 72,79 106 76 77 84 114 74 105 108 109 111 116 75 81 83 107 113 115 117 149,simulation,db2,usage,95,50,50,0
W-QDA,W-QDA:qda,19,3.0,0.0,0.044,117 84 73 113 74 83 86 105 106 107 115 116 72 76 77 85 87 104 108 114,79 106 76 77 84 114 74 105 108 109 111 116 75 81 83 107 113 115 117 149,simulation,db2,usage,95,50,50,0
W-CART,W-CART:cart,7,2.0,0.06,0.142,106 84 113 117 74 75 87 83 105 107 116 72 73 76 77 85 114 115 120 58,79 106 76 77 84 114 74 105 108 109 111 116 75 81 83 107 113 115 117 149,simulation,db2,usage,95,50,50,0
ALL,W-QDA:qda,19,3.0,0.0,0.044,117 84 73 113 74 83 86 105 106 107 115 116 72 76 77 85 87 104 108 114,79 106 76 77 84 114 74 105 108 109 111 116 75 81 83 107 113 115 117 149,simulation,db2,usage,95,50,50,0
W-NN,W-NN:k=1,18,,0.02,0.096,104 59 73 114 43 107 105 168 106 118 77 108 84 113 75 115 169 71 79 103,104 59 73 114 43 107 105 168 106 118 77 108 84 113 75 115 169 71 79 103,simulation,db2,energy,96,50,50,0
W-QDA,W-QDA:qda,4,,0.02,0.034,104 59 73 114 43 107 105 168 106 118 77 108 84 113 75 115 169 71 79 103,104 59 73 114 43 107 105 168 106 118 77 108 84 113 75 115 169 71 79 103,simulation,db2,energy,96,50,50,0
W-CART,W-CART:cart,1,,0.08,0.172,104 59 73 114 43 107 105 168 106 118 77 108 84 113 75 115 169 71 79 103,104 59 73 114 43 107 105 168 106 118 77 108 84 113 75 115 169 71 79 103,simulation,db2,energy,96,50,50,0
ALL,W-QDA:qda,4,,0.02,0.034,104 59 73 114 43 107 105 168 106 118 77 108 84 113 75 115 169 71 79 103,104 59 73 114 43 107 105 168 106 118 77 108 84 113 75 115 169 71 79 103,simulation,db2,energy,96,50,50,0
W-NN,W-NN:k=3,9,1.5,0.04,0.16,78 111 113 75 76 112 72 79 80 114 74 82 115 116 73 117 118 77 84 109,111 112 76 73 75 78 113 79 80 82 83 114 116 118 74 109 117 72 77 115,simulation,db2,usage,96,50,50,0
W-QDA,W-QDA:qda,3,0.5,0.04,0.172,76 113 82 112 114 115 78 79 81 111 73 75 77 80 83 116 118 153 159 74,111 112 76 73 75 78 113 79 80 82 83 114 116 118 74 109 117 72 77 115,simulation,db2,usage,96,50,50,0
W-CART,W-CART:cart,7,1.5,0.06,0.074,78 111 113 75 76 112 72 79 80 114 74 82 115 116 73 117 118 77 84 109,111 112 76 73 75 78 113 79 80 82 83 114 116 118 74 109 117 72 77 115,simulation,db2,usage,96,50,50,0
ALL,W-QDA:qda,3,0.5,0.04,0.172,76 113 82 112 114 115 78 79 81 111 73 75 77 80 83 116 118 153 159 74,111 112 76 73 75 78 113 79 80 82 83 114 116 118 74 109 117 72 77 115,simulation,db2,usage,96,50,50,0
W-NN,W-NN:k=1,50,,0.08,0.082,118 72 59 107 170 117 213 115 36 37 73 119 77 75 71 84 116 53 169 42,118 72 59 107 170 117 213 115 36 37 73 119 77 75 71 84 116 53 169 42,simulation,db2,energy,97,50,50,0
W-QDA,W-QDA:qda,10,,0.02,0.062,118 72 59 107 170 117 213 115 36 37 73 119 77 75 71 84 116 53 169 42,118 72 59 107 170 117 213 115 36 37 73 119 77 75 71 84 116 53 169 42,simulation,db2,energy,97,50,50,0
W-CART,W-CART:cart,39,,0.12,0.144,118 72 59 107 170 117 213 115 36 37 73 119 77 75 71 84 116 53 169 42,118 72 59 107 170 117 213 115 36 37 73 119 77 75 71 84 116 53 169 42,simulation,db2,energy,97,50,50,0
ALL,W-QDA:qda,10,,0.02,0.062,118 72 59 107 170 117 213 115 36 37 73 119 77 75 71 84 116 53 169 42,118 72 59 107 170 117 213 115 36 37 73 119 77 75 71 84 116 53 169 42,simulation,db2,energy,97,50,50,0
W-NN,W-NN:k=1,2,1.5,0.1,0.124,114 118 115 76 77 78 73 75 113 72 117 74 79 116 81 110 119 59 107 111,114 78 74 77 79 113 115 118 76 116 117 75 110 72 73 81 111 80 112 119,simulation,db2,usage,97,50,50,0
W-QDA,W-QDA:qda,3,1.0,0.1,0.122,114 78 74 77 79 113 115 118 76 116 117 75 110 72 73 81 111 80 112 119,114 78 74 77 79 113 115 118 76 116 117 75 110 72 73 81 111 80 112 119,simulation,db2,usage,97,50,50,0
W-CART,W-CART:cart,10,0.5,0.1,0.126,77 76 78 113 79 74 115 81 110 114 75 112 111 118 80 116 117 119 156 72,114 78 74 77 79 113 115 118 76 116 117 75 110 72 73 81 111 80 112 119,simulation,db2,usage,97,50,50,0
ALL,W-NN:k=1,2,1.5,0.1,0.124,114 118 115 76 77 78 73 75 113 72 117 74 79 116 81 110 119 59 107 111,114 78 74 77 79 113 115 118 76 116 117 75 110 72 73 81 111 80 112 119,simulation,db2,usage,97,50,50,0
W-NN,W-NN:k=1,5,,0.02,0.094,39 84 117 113 119 114 118 77 115 83 110 120 112 107 74 73 76 72 82 81,39 84 117 113 119 114 118 77 115 83 110 120 112 107 74 73 76 72 82 81,simulation,db2,energy,98,50,50,0
W-QDA,W-QDA:qda,5,,0.0,0.044,39 84 117 113 119 114 118 77 115 83 110 120 112 107 74 73 76 72 82 81,39 84 117 113 119 114 118 77 115 83 110 120 112 107 74 73 76 72 82 81,simulation,db2,energy,98,50,50,0
W-CART,W-CART:cart,37,,0.06,0.122,39 84 117 113 119 114 118 77 115 83 110 120 112 107 74 73 76 72 82 81,39 84 117 113 119 114 118 77 115 83 110 120 112 107 74 73 76 72 82 81,simulation,db2,energy,98,50,50,0
ALL,W-QDA:qda,5,,0.0,0.044,39 84 117 113 119 114 118 77 115 83 110 120 112 107 74 73 76 72 82 81,39 84 117 113 119 114 118 77 115 83 110 120 112 107 74 73 76 72 82 81,simulation,db2,energy,98,50,50,0
W-NN,W-NN:k=1,12,3.0,0.02,0.136,80 75 77 81 110 113 115 118 73 78 79 83 114 119 72 82 85 109 112 117,114 77 78 75 76 113 115 80 79 109 81 82 110 112 108 116 227 229 74 83,simulation,db2,usage,98,50,50,0
W-QDA,W-QDA:qda,8,3.0,0.0,0.084,80 75 77 81 110 113 115 118 73 78 79 83 114 119 72 82 85 109 112 117,114 77 78 75 76 113 115 80 79 109 81 82 110 112 108 116 227 229 74 83,simulation,db2,usage,98,50,50,0
W-CART,W-CART:cart,14,3.0,0.0,0.108,80 75 77 81 110 113 115 118 73 78 79 83 114 119 72 82 85 109 112 117,114 77 78 75 76 113 115 80 79 109 81 82 110 112 108 116 227 229 74 83,simulation,db2,usage,98,50,50,0
ALL,W-QDA:qda,8,3.0,0.0,0.084,80 75 77 81 110 113 115 118 73 78 79 83 114 119 72 82 85 109 112 117,114 77 78 75 76 113 115 80 79 109 81 82 110 112 108 116 227 229 74 83,simulation,db2,usage,98,50,50,0
W-NN,W-NN:k=1,10,,0.12,0.116,120 143 119 71 73 80 117 102 121 59 112 44 70 77 115 79 38 239 81 75,120 143 119 71 73 80 117 102 121 59 112 44 70 77 115 79 38 239 81 75,simulation,db2,energy,99,50,50,0
W-QDA,W-QDA:qda,4,,0.04,0.096,120 143 119 71 73 80 117 102 121 59 112 44 70 77 115 79 38 239 81 75,120 143 119 71 73 80 117 102 121 59 112 44 70 77 115 79 38 239 81 75,simulation,db2,energy,99,50,50,0
W-CART,W-CART:cart,4,,0.1,0.142,120 143 119 71 73 80 117 102 121 59 112 44 70 77 115 79 38 239 81 75,120 143 119 71 73 80 117 102 121 59 112 44 70 77 115 79 38 239 81 75,simulation,db2,energy,99,50,50,0
ALL,W-QDA:qda,4,,0.04,0.096,120 143 119 71 73 80 117 102 121 59 112 44 70 77 115 79 38 239 81 75,120 143 119 71 73 80 117 102 121 59 112 44 70 77 115 79 38 239 81 75,simulation,db2,energy,99,50,50,0
W-NN,W-NN:k=5,5,1.5,0.06,0.138,77 113 73 79 81 114 76 80 72 78 110 112 74 108 115 119 71 75 109 117,77 113 114 115 76 78 79 112 73 81 72 75 80 107 111 74 108 109 110 117,simulation,db2,usage,99,50,50,0
W-QDA,W-QDA:qda,3,1.5,0.08,0.08,77 113 73 79 81 114 76 80 72 78 110 112 74 108 115 119 71 75 109 117,77 113 114 115 76 78 79 112 73 81 72 75 80 107 111 74 108 109 110 117,simulation,db2,usage,99,50,50,0
W-CART,W-CART:cart,40,1.0,0.06,0.126,77 113 114 115 76 78 79 112 73 81 72 75 80 107 111 74 108 109 110 117,77 113 114 115 76 78 79 112 73 81 72 75 80 107 111 74 108 109 110 117,simulation,db2,usage,99,50,50,0
ALL,W-NN:k=5,5,1.5,0.06,0.138,77 113 73 79 81 114 76 80 72 78 110 112 74 108 115 119 71 75 109 117,77 113 114 115 76 78 79 112 73 81 72 75 80 107 111 74 108 109 110 117,simulation,db2,usage,99,50,50,0
W-NN,W-NN:k=3,8,,0.08,0.152,88 72 103 79 111 118 114 36 113 102 71 81 117 105 86 119 78 112 116 38,88 72 103 79 111 118 114 36 113 102 71 81 117 105 86 119 78 112 116 38,simulation,db4,energy,0,50,50,0
W-QDA,W-QDA:qda,7,,0.06,0.074,88 72 103 79 111 118 114 36 113 102 71 81 117 105 86 119 78 112 116 38,88 72 103 79 111 118 114 36 113 102 71 81 117 105 86 119 78 112 116 38,simulation,db4,energy,0,50,50,0
W-CART,W-CART:cart,42,,0.06,0.138,88 72 103 79 111 118 114 36 113 102 71 81 117 105 86 119 78 112 116 38,88 72 103 79 111 118 114 36 113 102 71 81 117 105 86 119 78 112 116 38,simulation,db4,energy,0,50,50,0
ALL,W-QDA:qda,7,,0.06,0.074,88 72 103 79 111 118 114 36 113 102 71 81 117 105 86 119 78 112 116 38,88 72 103 79 111 118 114 36 113 102 71 81 117 105 86 119 78 112 116 38,simulation,db4,energy,0,50,50,0
W-NN,W-NN:k=1,3,3.0,0.14,0.288,114 111 113 76 78 79 115 117 74 82 116 75 77 109 112 80 81 83 108 118,111 79 80 112 74 77 81 116 76 109 110 117 75 113 114 78 82 115 83 108,simulation,db4,usage,0,50,50,0
W-QDA,W-QDA:qda,5,1.5,0.14,0.086,109 111 117 74 76 77 81 112 114 79 75 110 115 80 108 116 78 82 83 113,111 79 80 112 74 77 81 116 76 109 110 117 75 113 114 78 82 115 83 108,simulation,db4,usage,0,50,50,0
W-CART,W-CART:cart,32,3.0,0.04,0.108,114 111 113 76 78 79 115 117 74 82 116 75 77 109 112 80 81 83 108 118,111 79 80 112 74 77 81 116 76 109 110 117 75 113 114 78 82 115 83 108,simulation,db4,usage,0,50,50,0
ALL,W-CART:cart,32,3.0,0.04,0.108,114 111 113 76 78 79 115 117 74 82 116 75 77 109 112 80 81 83 108 118,111 79 80 112 74 77 81 116 76 109 110 117 75 113 114 78 82 115 83 108,simulation,db4,usage,0,50,50,0
W-NN,W-NN:k=1,18,,0.08,0.156,115 82 114 78 81 110 80 111 77 75 109 38 74 79 76 113 116 86 112 39,115 82 114 78 81 110 80 111 77 75 109 38 74 79 76 113 116 86 112 39,simulation,db4,energy,1,50,50,0
W-QDA,W-QDA:qda,6,,0.14,0.144,115 82 114 78 81 110 80 111 77 75 109 38 74 79 76 113 116 86 112 39,115 82 114 78 81 110 80 111 77 75 109 38 74 79 76 113 116 86 112 39,simulation,db4,energy,1,50,50,0
W-CART,W-CART:cart,22,,0.1,0.116,115 82 114 78 81 110 80 111 77 75 109 38 74 79 76 113 116 86 112 39,115 82 114 78 81 110 80 111 77 75 109 38 74 79 76 113 116 86 112 39,simulation,db4,energy,1,50,50,0
ALL,W-NN:k=1,18,,0.08,0.156,115 82 114 78 81 110 80 111 77 75 109 38 74 79 76 113 116 86 112 39,115 82 114 78 81 110 80 111 77 75 109 38 74 79 76 113 116 86 112 39,simulation,db4,energy,1,50,50,0
W-NN,W-NN:k=1,32,0.5,0.04,0.154,113 78 79 111 80 110 114 76 77 81 84 112 75 82 83 107 109 115 116 225,77 78 79 111 75 113 114 76 109 110 115 82 112 81 73 74 83 108 80 84,simulation,db4,usage,1,50,50,0
W-QDA,W-QDA:qda,6,2.0,0.16,0.11,77 78 75 76 110 74 80 109 115 81 111 113 114 117 73 112 79 108 116 118,77 78 79 111 75 113 114 76 109 110 115 82 112 81 73 74 83 108 80 84,simulation,db4,usage,1,50,50,0
W-CART,W-CART:cart,23,3.0,0.1,0.116,77 76 115 75 78 109 110 117 74 80 111 73 79 114 116 81 112 113 82 85,77 78 79 111 75 113 114 76 109 110 115 82 112 81 73 74 83 108 80 84,simulation,db4,usage,1,50,50,0
ALL,W-NN:k=1,32,0.5,0.04,0.154,113 78 79 111 80 110 114 76 77 81 84 112 75 82 83 107 109 115 116 225,77 78 79 111 75 113 114 76 109 110 115 82 112 81 73 74 83 108 80 84,simulation,db4,usage,1,50,50,0
W-NN,W-NN:k=1,12,,0.1,0.104,72 110 119 106 118 81 84 76 40 83 120 114 77 108 73 115 117 107 71 116,72 110 119 106 118 81 84 76 40 83 120 114 77 108 73 115 117 107 71 116,simulation,db4,energy,2,50,50,0
W-QDA,W-QDA:qda,17,,0.04,0.038,72 110 119 106 118 81 84 76 40 83 120 114 77 108 73 115 117 107 71 116,72 110 119 106 118 81 84 76 40 83 120 114 77 108 73 115 117 107 71 116,simulation,db4,energy,2,50,50,0
W-CART,W-CART:cart,17,,0.08,0.118,72 110 119 106 118 81 84 76 40 83 120 114 77 108 73 115 117 107 71 116,72 110 119 106 118 81 84 76 40 83 120 114 77 108 73 115 117 107 71 116,simulation,db4,energy,2,50,50,0
ALL,W-QDA:qda,17,,0.04,0.038,72 110 119 106 118 81 84 76 40 83 120 114 77 108 73 115 117 107 71 116,72 110 119 106 118 81 84 76 40 83 120 114 77 108 73 115 117 107 71 116,simulation,db4,energy,2,50,50,0
W-NN,W-NN:k=3,21,1.0,0.06,0.158,115 75 76 77 78 109 80 116 81 111 114 79 83 108 112 73 74 84 85 106,115 75 76 77 78 109 80 116 81 111 114 79 83 108 112 73 74 84 85 106,simulation,db4,usage,2,50,50,0
W-QDA,W-QDA:qda,23,0.5,0.02,0.068,115 76 77 75 74 78 80 81 113 116 114 111 112 117 82 109 85 79 83 84,115 75 76 77 78 109 80 116 81 111 114 79 83 108 112 73 74 84 85 106,simulation,db4,usage,2,50,50,0
W-CART,W-CART:cart,10,1.0,0.04,0.156,115 75 76 77 78 109 80 116 81 111 114 79 83 108 112 73 74 84 85 106,115 75 76 77 78 109 80 116 81 111 114 79 83 108 112 73 74 84 85 106,simulation,db4,usage,2,50,50,0
ALL,W-QDA:qda,23,0.5,0.02,0.068,115 76 77 75 74 78 80 81 113 116 114 111 112 117 82 109 85 79 83 84,115 75 76 77 78 109 80 116 81 111 114 79 83 108 112 73 74 84 85 106,simulation,db4,usage,2,50,50,0
W-NN,W-NN:k=1,5,,0.06,0.136,79 103 82 118 104 87 108 86 81 36 107 83 106 102 105 119 112 84 73 113,79 103 82 118 104 87 108 86 81 36 107 83 106 102 105 119 112 84 73 113,simulation,db4,energy,3,50,50,0
W-QDA,W-QDA:qda,6,,0.04,0.062,79 103 82 118 104 87 108 86 81 36 107 83 106 102 105 119 112 84 73 113,79 103 82 118 104 87 108 86 81 36 107 83 106 102 105 119 112 84 73 113,simulation,db4,energy,3,50,50,0
W-CART,W-CART:cart,7,,0.02,0.138,79 103 82 118 104 87 108 86 81 36 107 83 106 102 105 119 112 84 73 113,79 103 82 118 104 87 108 86 81 36 107 83 106 102 105 119 112 84 73 113,simulation,db4,energy,3,50,50,0
ALL,W-CART:cart,7,,0.02,0.138,79 103 82 118 104 87 108 86 81 36 107 83 106 102 105 119 112 84 73 113,79 103 82 118 104 87 108 86 81 36 107 83 106 102 105 119 112 84 73 113,simulation,db4,energy,3,50,50,0
W-NN,W-NN:k=5,12,0.5,0.04,0.166,111 80 109 83 84 110 78 108 112 113 114 79 85 86 77 81 106 107 76 82,84 110 108 109 78 80 83 81 86 115 85 107 111 112 114 79 82 113 77 87,simulation,db4,usage,3,50,50,0
W-QDA,W-QDA:qda,3,3.0,0.02,0.076,86 81 85 108 82 84 112 113 105 106 110 79 80 83 107 77 78 116 75 87,84 110 108 109 78 80 83 81 86 115 85 107 111 112 114 79 82 113 77 87,simulation,db4,usage,3,50,50,0
W-CART,W-CART:cart,5,3.0,0.04,0.096,86 81 85 108 82 84 112 113 105 106 110 79 80 83 107 77 78 116 75 87,84 110 108 109 78 80 83 81 86 115 85 107 111 112 114 79 82 113 77 87,simulation,db4,usage,3,50,50,0
ALL,W-QDA:qda,3,3.0,0.02,0.076,86 81 85 108 82 84 112 113 105 106 110 79 80 83 107 77 78 116 75 87,84 110 108 109 78 80 83 81 86 115 85 107 111 112 114 79 82 113 77 87,simulation,db4,usage,3,50,50,0
W-NN,W-NN:k=3,11,,0.04,0.158,86 39 111 107 112 116 106 114 110 55 76 58 87 75 74 79 38 82 81 37,86 39 111 107 112 116 106 114 110 55 76 58 87 75 74 79 38 82 81 37,simulation,db4,energy,4,50,50,0
W-QDA,W-QDA:qda,6,,0.02,0.068,86 39 111 107 112 116 106 114 110 55 76 58 87 75 74 79 38 82 81 37,86 39 111 107 112 116 106 114 110 55 76 58 87 75 74 79 38 82 81 37,simulation,db4,energy,4,50,50,0
W-CART,W-CART:cart,19,,0.08,0.112,86 39 111 107 112 116 106 114 110 55 76 58 87 75 74 79 38 82 81 37,86 39 111 107 112 116 106 114 110 55 76 58 87 75 74 79 38 82 81 37,simulation,db4,energy,4,50,50,0
ALL,W-QDA:qda,6,,0.02,0.068,86 39 111 107 112 116 106 114 110 55 76 58 87 75 74 79 38 82 81 37,86 39 111 107 112 116 106 114 110 55 76 58 87 75 74 79 38 82 81 37,simulation,db4,energy,4,50,50,0
W-NN,W-NN:k=5,22,3.0,0.04,0.116,79 80 112 114 78 106 75 77 81 84 110 71 107 109 113 116 117 118 76 83,80 78 79 81 77 112 114 110 113 76 115 75 84 116 82 83 109 111 106 74,simulation,db4,usage,4,50,50,0
W-QDA,W-QDA:qda,14,3.0,0.02,0.076,79 80 112 114 78 106 75 77 81 84 110 71 107 109 113 116 117 118 76 83,80 78 79 81 77 112 114 110 113 76 115 75 84 116 82 83 109 111 106 74,simulation,db4,usage,4,50,50,0
W-CART,W-CART:cart,13,0.5,0.08,0.168,78 79 110 113 114 77 80 81 76 112 82 111 75 109 83 115 116 155 157 74,80 78 79 81 77 112 114 110 113 76 115 75 84 116 82 83 109 111 106 74,simulation,db4,usage,4,50,50,0
ALL,W-QDA:qda,14,3.0,0.02,0.076,79 80 112 114 78 106 75 77 81 84 110 71 107 109 113 116 117 118 76 83,80 78 79 81 77 112 114 110 113 76 115 75 84 116 82 83 109 111 106 74,simulation,db4,usage,4,50,50,0
W-NN,W-NN:k=1,46,,0.02,0.134,86 112 109 211 79 82 80 159 105 83 108 78 43 117 115 166 74 72 118 52,86 112 109 211 79 82 80 159 105 83 108 78 43 117 115 166 74 72 118 52,simulation,db4,energy,5,50,50,0
W-QDA,W-QDA:qda,16,,0.04,0.088,86 112 109 211 79 82 80 159 105 83 108 78 43 117 115 166 74 72 118 52,86 112 109 211 79 82 80 159 105 83 108 78 43 117 115 166 74 72 118 52,simulation,db4,energy,5,50,50,0
W-CART,W-CART:cart,63,,0.08,0.154,86 112 109 211 79 82 80 159 105 83 108 78 43 117 115 166 74 72 118 52,86 112 109 211 79 82 80 159 105 83 108 78 43 117 115 166 74 72 118 52,simulation,db4,energy,5,50,50,0
ALL,W-NN:k=1,46,,0.02,0.134,86 112 109 211 79 82 80 159 105 83 108 78 43 117 115 166 74 72 118 52,86 112 109 211 79 82 80 159 105 83 108 78 43 117 115 166 74 72 118 52,simulation,db4,energy,5,50,50,0
W-NN,W-NN:k=3,23,3.0,0.04,0.146,76 75 78 116 108 109 113 114 117 73 79 80 110 118 81 82 83 85 86 105,75 116 78 109 112 115 117 74 76 80 83 114 79 108 77 85 107 111 82 84,simulation,db4,usage,5,50,50,0
W-QDA,W-QDA:qda,20,1.0,0.02,0.1,75 116 78 109 112 115 117 74 76 80 83 114 79 108 77 85 107 111 82 84,75 116 78 109 112 115 117 74 76 80 83 114 79 108 77 85 107 111 82 84,simulation,db4,usage,5,50,50,0
W-CART,W-CART:cart,6,0.5,0.02,0.196,75 76 78 80 114 74 77 79 82 83 108 109 110 111 116 117 85 112 115 118,75 116 78 109 112 115 117 74 76 80 83 114 79 108 77 85 107 111 82 84,simulation,db4,usage,5,50,50,0
ALL,W-CART:cart,6,0.5,0.02,0.196,75 76 78 80 114 74 77 79 82 83 108 109 110 111 116 117 85 112 115 118,75 116 78 109 112 115 117 74 76 80 83 114 79 108 77 85 107 111 82 84,simulation,db4,usage,5,50,50,0
W-NN,W-NN:k=1,3,,0.14,0.11,82 105 85 42 86 41 110 104 77 83 164 54 87 78 52 81 113 106 80 116,82 105 85 42 86 41 110 104 77 83 164 54 87 78 52 81 113 106 80 116,simulation,db4,energy,6,50,50,0
W-QDA,W-QDA:qda,3,,0.06,0.052,82 105 85 42 86 41 110 104 77 83 164 54 87 78 52 81 113 106 80 116,82 105 85 42 86 41 110 104 77 83 164 54 87 78 52 81 113 106 80 116,simulation,db4,energy,6,50,50,0
W-CART,W-CART:cart,8,,0.12,0.084,82 105 85 42 86 41 110 104 77 83 164 54 87 78 52 81 113 106 80 116,82 105 85 42 86 41 110 104 77 83 164 54 87 78 52 81 113 106 80 116,simulation,db4,energy,6,50,50,0
ALL,W-QDA:qda,3,,0.06,0.052,82 105 85 42 86 41 110 104 77 83 164 54 87 78 52 81 113 106 80 116,82 105 85 42 86 41 110 104 77 83 164 54 87 78 52 81 113 106 80 116,simulation,db4,energy,6,50,50,0
W-NN,W-NN:k=3,2,3.0,0.08,0.094,83 86 105 80 81 104 106 108 82 85 87 84 109 79 107 112 76 88 103 113,80 81 83 108 111 82 107 109 79 84 110 86 105 85 112 113 78 87 106 103,simulation,db4,usage,6,50,50,0
W-QDA,W-QDA:qda,2,3.0,0.06,0.08,83 86 105 80 81 104 106 108 82 85 87 84 109 79 107 112 76 88 103 113,80 81 83 108 111 82 107 109 79 84 110 86 105 85 112 113 78 87 106 103,simulation,db4,usage,6,50,50,0
W-CART,W-CART:cart,19,1.5,0.06,0.138,80 81 83 82 111 86 107 108 109 79 84 85 105 106 112 87 110 103 113 78,80 81 83 108 111 82 107 109 79 84 110 86 105 85 112 113 78 87 106 103,simulation,db4,usage,6,50,50,0
ALL,W-QDA:qda,2,3.0,0.06,0.08,83 86 105 80 81 104 106 108 82 85 87 84 109 79 107 112 76 88 103 113,80 81 83 108 111 82 107 109 79 84 110 86 105 85 112 113 78 87 106 103,simulation,db4,usage,6,50,50,0
W-NN,W-NN:k=5,3,,0.1,0.128,115 86 75 72 104 59 76 81 88 119 151 209 80 118 73 116 37 110 52 84,115 86 75 72 104 59 76 81 88 119 151 209 80 118 73 116 37 110 52 84,simulation,db4,energy,7,50,50,0
W-QDA,W-QDA:qda,20,,0.02,0.028,115 86 75 72 104 59 76 81 88 119 151 209 80 118 73 116 37 110 52 84,115 86 75 72 104 59 76 81 88 119 151 209 80 118 73 116 37 110 52 84,simulation,db4,energy,7,50,50,0
W-CART,W-CART:cart,47,,0.1,0.136,115 86 75 72 104 59 76 81 88 119 151 209 80 118 73 116 37 110 52 84,115 86 75 72 104 59 76 81 88 119 151 209 80 118 73 116 37 110 52 84,simulation,db4,energy,7,50,50,0
ALL,W-QDA:qda,20,,0.02,0.028,115 86 75 72 104 59 76 81 88 119 151 209 80 118 73 116 37 110 52 84,115 86 75 72 104 59 76 81 88 119 151 209 80 118 73 116 37 110 52 84,simulation,db4,energy,7,50,50,0
W-NN,W-NN:k=9,7,2.0,0.06,0.11,84 80 83 107 115 75 77 81 82 74 79 104 106 108 114 72 78 85 109 110,80 84 75 81 107 79 82 111 113 115 78 85 106 109 112 83 108 110 116 74,simulation,db4,usage,7,50,50,0
W-QDA,W-QDA:qda,19,1.5,0.02,0.032,84 75 80 115 83 107 78 82 104 110 113 114 72 74 77 79 81 86 106 108,80 84 75 81 107 79 82 111 113 115 78 85 106 109 112 83 108 110 116 74,simulation,db4,usage,7,50,50,0
W-CART,W-CART:cart,21,2.0,0.1,0.122,84 80 83 107 115 75 77 81 82 74 79 104 106 108 114 72 78 85 109 110,80 84 75 81 107 79 82 111 113 115 78 85 106 109 112 83 108 110 116 74,simulation,db4,usage,7,50,50,0
ALL,W-QDA:qda,19,1.5,0.02,0.032,84 75 80 115 83 107 78 82 104 110 113 114 72 74 77 79 81 86 106 108,80 84 75 81 107 79 82 111 113 115 78 85 106 109 112 83 108 110 116 74,simulation,db4,usage,7,50,50,0
W-NN,W-NN:k=3,1,,0.06,0.154,87 104 119 114 81 116 77 105 79 86 78 76 37 38 112 110 73 111 109 121,87 104 119 114 81 116 77 105 79 86 78 76 37 38 112 110 73 111 109 121,simulation,db4,energy,8,50,50,0
W-QDA,W-QDA:qda,3,,0.02,0.072,87 104 119 114 81 116 77 105 79 86 78 76 37 38 112 110 73 111 109 121,87 104 119 114 81 116 77 105 79 86 78 76 37 38 112 110 73 111 109 121,simulation,db4,energy,8,50,50,0
W-CART,W-CART:cart,2,,0.04,0.126,87 104 119 114 81 116 77 105 79 86 78 76 37 38 112 110 73 111 109 121,87 104 119 114 81 116 77 105 79 86 78 76 37 38 112 110 73 111 109 121,simulation,db4,energy,8,50,50,0
ALL,W-QDA:qda,3,,0.02,0.072,87 104 119 114 81 116 77 105 79 86 78 76 37 38 112 110 73 111 109 121,87 104 119 114 81 116 77 105 79 86 78 76 37 38 112 110 73 111 109 121,simulation,db4,energy,8,50,50,0
W-NN,W-NN:k=1,27,3.0,0.08,0.196,114 78 81 113 118 76 77 79 80 83 112 74 82 84 107 108 109 111 115 117,113 114 112 76 77 81 115 79 80 75 109 110 74 78 82 108 111 116 73 84,simulation,db4,usage,8,50,50,0
W-QDA,W-QDA:qda,10,3.0,0.02,0.102,114 78 81 113 118 76 77 79 80 83 112 74 82 84 107 108 109 111 115 117,113 114 112 76 77 81 115 79 80 75 109 110 74 78 82 108 111 116 73 84,simulation,db4,usage,8,50,50,0
W-CART,W-CART:cart,20,0.5,0.02,0.096,112 114 115 76 113 79 77 81 116 78 75 80 110 111 109 74 82 158 227 73,113 114 112 76 77 81 115 79 80 75 109 110 74 78 82 108 111 116 73 84,simulation,db4,usage,8,50,50,0
ALL,W-QDA:qda,10,3.0,0.02,0.102,114 78 81 113 118 76 77 79 80 83 112 74 82 84 107 108 109 111 115 117,113 114 112 76 77 81 115 79 80 75 109 110 74 78 82 108 111 116 73 84,simulation,db4,usage,8,50,50,0
W-NN,W-NN:k=1,14,,0.0,0.188,80 112 79 111 224 39 77 78 114 110 73 115 113 88 223 75 116 225 40 76,80 112 79 111 224 39 77 78 114 110 73 115 113 88 223 75 116 225 40 76,simulation,db4,energy,9,50,50,0
W-QDA,W-QDA:qda,14,,0.1,0.14,80 112 79 111 224 39 77 78 114 110 73 115 113 88 223 75 116 225 40 76,80 112 79 111 224 39 77 78 114 110 73 115 113 88 223 75 116 225 40 76,simulation,db4,energy,9,50,50,0
W-CART,W-CART:cart,11,,0.14,0.166,80 112 79 111 224 39 77 78 114 110 73 115 113 88 223 75 116 225 40 76,80 112 79 111 224 39 77 78 114 110 73 115 113 88 223 75 116 225 40 76,simulation,db4,energy,9,50,50,0
ALL,W-NN:k=1,14,,0.0,0.188,80 112 79 111 224 39 77 78 114 110 73 115 113 88 223 75 116 225 40 76,80 112 79 111 224 39 77 78 114 110 73 115 113 88 223 75 116 225 40 76,simulation,db4,energy,9,50,50,0
W-NN,W-NN:k=1,12,3.0,0.06,0.21,111 112 80 113 79 81 110 114 115 76 77 78 116 75 83 109 82 107 108 73,81 112 79 111 78 80 110 109 113 76 77 116 114 115 83 75 82 117 118 74,simulation,db4,usage,9,50,50,0
W-QDA,W-QDA:qda,12,0.5,0.12,0.194,79 112 80 81 111 109 110 113 78 108 114 115 227 76 77 116 75 107 223 83,81 112 79 111 78 80 110 109 113 76 77 116 114 115 83 75 82 117 118 74,simulation,db4,usage,9,50,50,0
W-CART,W-CART:cart,19,1.0,0.08,0.156,81 112 79 111 78 80 110 109 113 76 77 116 114 115 83 75 82 117 118 74,81 112 79 111 78 80 110 109 113 76 77 116 114 115 83 75 82 117 118 74,simulation,db4,usage,9,50,50,0
ALL,W-NN:k=1,12,3.0,0.06,0.21,111 112 80 113 79 81 110 114 115 76 77 78 116 75 83 109 82 107 108 73,81 112 79 111 78 80 110 109 113 76 77 116 114 115 83 75 82 117 118 74,simulation,db4,usage,9,50,50,0
W-NN,W-NN:k=5,18,,0.04,0.162,116 51 110 82 150 72 151 108 109 106 107 81 117 83 43 40 42 73 105 111,116 51 110 82 150 72 151 108 109 106 107 81 117 83 43 40 42 73 105 111,simulation,db4,energy,10,50,50,0
W-QDA,W-QDA:qda,10,,0.02,0.086,116 51 110 82 150 72 151 108 109 106 107 81 117 83 43 40 42 73 105 111,116 51 110 82 150 72 151 108 109 106 107 81 117 83 43 40 42 73 105 111,simulation,db4,energy,10,50,50,0
W-CART,W-CART:cart,15,,0.1,0.128,116 51 110 82 150 72 151 108 109 106 107 81 117 83 43 40 42 73 105 111,116 51 110 82 150 72 151 108 109 106 107 81 117 83 43 40 42 73 105 111,simulation,db4,energy,10,50,50,0
ALL,W-QDA:qda,10,,0.02,0.086,116 51 110 82 150 72 151 108 109 106 107 81 117 83 43 40 42 73 105 111,116 51 110 82 150 72 151 108 109 106 107 81 117 83 43 40 42 73 105 111,simulation,db4,energy,10,50,50,0
W-NN,W-NN:k=5,1,1.5,0.06,0.234,83 106 109 108 107 82 84 110 104 115 81 85 105 111 112 76 78 86 113 77,109 108 111 83 106 110 82 81 107 104 112 115 84 113 85 76 77 78 80 87,simulation,db4,usage,10,50,50,0
W-QDA,W-QDA:qda,1,2.0,0.02,0.152,106 107 83 84 109 82 108 104 110 81 105 111 115 76 85 113 78 79 77 87,109 108 111 83 106 110 82 81 107 104 112 115 84 113 85 76 77 78 80 87,simulation,db4,usage,10,50,50,0
W-CART,W-CART:cart,10,2.0,0.02,0.152,106 107 83 84 109 82 108 104 110 81 105 111 115 76 85 113 78 79 77 87,109 108 111 83 106 110 82 81 107 104 112 115 84 113 85 76 77 78 80 87,simulation,db4,usage,10,50,50,0
ALL,W-QDA:qda,1,2.0,0.02,0.152,106 107 83 84 109 82 108 104 110 81 105 111 115 76 85 113 78 79 77 87,109 108 111 83 106 110 82 81 107 104 112 115 84 113 85 76 77 78 80 87,simulation,db4,usage,10,50,50,0
W-NN,W-NN:k=3,2,,0.04,0.114,118 72 82 117 73 83 38 75 107 116 115 218 114 119 109 84 74 88 89 36,118 72 82 117 73 83 38 75 107 116 115 218 114 119 109 84 74 88 89 36,simulation,db4,energy,11,50,50,0
W-QDA,W-QDA:qda,9,,0.02,0.034,118 72 82 117 73 83 38 75 107 116 115 218 114 119 109 84 74 88 89 36,118 72 82 117 73 83 38 75 107 116 115 218 114 119 109 84 74 88 89 36,simulation,db4,energy,11,50,50,0
W-CART,W-CART:cart,42,,0.06,0.124,118 72 82 117 73 83 38 75 107 116 115 218 114 119 109 84 74 88 89 36,118 72 82 117 73 83 38 75 107 116 115 218 114 119 109 84 74 88 89 36,simulation,db4,energy,11,50,50,0
ALL,W-QDA:qda,9,,0.02,0.034,118 72 82 117 73 83 38 75 107 116 115 218 114 119 109 84 74 88 89 36,118 72 82 117 73 83 38 75 107 116 115 218 114 119 109 84 74 88 89 36,simulation,db4,energy,11,50,50,0
W-NN,W-NN:k=9,1,3.0,0.04,0.206,116 76 78 85 117 118 75 79 114 115 82 86 110 113 77 107 111 112 72 74,76 80 115 79 113 75 77 78 82 108 109 112 81 111 114 110 116 117 107 84,simulation,db4,usage,11,50,50,0
W-QDA,W-QDA:qda,8,0.5,0.04,0.112,76 80 81 82 115 108 109 114 75 113 77 78 83 84 107 111 112 79 110 116,76 80 115 79 113 75 77 78 82 108 109 112 81 111 114 110 116 117 107 84,simulation,db4,usage,11,50,50,0
W-CART,W-CART:cart,38,1.5,0.06,0.124,76 80 115 78 79 113 117 75 77 82 108 111 112 114 116 109 81 85 110 72,76 80 115 79 113 75 77 78 82 108 109 112 81 111 114 110 116 117 107 84,simulation,db4,usage,11,50,50,0
ALL,W-NN:k=9,1,3.0,0.04,0.206,116 76 78 85 117 118 75 79 114 115 82 86 110 113 77 107 111 112 72 74,76 80 115 79 113 75 77 78 82 108 109 112 81 111 114 110 116 117 107 84,simulation,db4,usage,11,50,50,0
W-NN,W-NN:k=5,6,,0.1,0.148,80 77 73 85 74 106 116 110 72 112 81 75 119 115 229 118 79 83 52 117,80 77 73 85 74 106 116 110 72 112 81 75 119 115 229 118 79 83 52 117,simulation,db4,energy,12,50,50,0
W-QDA,W-QDA:qda,4,,0.04,0.074,80 77 73 85 74 106 116 110 72 112 81 75 119 115 229 118 79 83 52 117,80 77 73 85 74 106 116 110 72 112 81 75 119 115 229 118 79 83 52 117,simulation,db4,energy,12,50,50,0
W-CART,W-CART:cart,6,,0.1,0.134,80 77 73 85 74 106 116 110 72 112 81 75 119 115 229 118 79 83 52 117,80 77 73 85 74 106 116 110 72 112 81 75 119 115 229 118 79 83 52 117,simulation,db4,energy,12,50,50,0
ALL,W-QDA:qda,4,,0.04,0.074,80 77 73 85 74 106 116 110 72 112 81 75 119 115 229 118 79 83 52 117,80 77 73 85 74 106 116 110 72 112 81 75 119 115 229 118 79 83 52 117,simulation,db4,energy,12,50,50,0
W-NN,W-NN:k=1,5,3.0,0.06,0.116,115 116 85 75 82 114 117 119 72 73 118 77 109 110 112 74 83 84 106 113,79 116 115 76 80 113 114 75 81 83 109 112 77 78 82 85 106 107 117 73,simulation,db4,usage,12,50,50,0
W-QDA,W-QDA:qda,11,2.0,0.0,0.076,116 115 109 75 83 114 79 82 85 112 117 72 74 76 80 81 107 108 118 119,79 116 115 76 80 113 114 75 81 83 109 112 77 78 82 85 106 107 117 73,simulation,db4,usage,12,50,50,0
W-CART,W-CART:cart,54,3.0,0.14,0.194,115 116 85 75 82 114 117 119 72 73 118 77 109 110 112 74 83 84 106 113,79 116 115 76 80 113 114 75 81 83 109 112 77 78 82 85 106 107 117 73,simulation,db4,usage,12,50,50,0
ALL,W-QDA:qda,11,2.0,0.0,0.076,116 115 109 75 83 114 79 82 85 112 117 72 74 76 80 81 107 108 118 119,79 116 115 76 80 113 114 75 81 83 109 112 77 78 82 85 106 107 117 73,simulation,db4,usage,12,50,50,0
W-NN,W-NN:k=1,56,,0.06,0.174,107 84 85 169 104 106 78 53 118 75 77 26 74 120 72 52 119 38 76 117,107 84 85 169 104 106 78 53 118 75 77 26 74 120 72 52 119 38 76 117,simulation,db4,energy,13,50,50,0
W-QDA,W-QDA:qda,20,,0.04,0.058,107 84 85 169 104 106 78 53 118 75 77 26 74 120 72 52 119 38 76 117,107 84 85 169 104 106 78 53 118 75 77 26 74 120 72 52 119 38 76 117,simulation,db4,energy,13,50,50,0
W-CART,W-CART:cart,46,,0.04,0.096,107 84 85 169 104 106 78 53 118 75 77 26 74 120 72 52 119 38 76 117,107 84 85 169 104 106 78 53 118 75 77 26 74 120 72 52 119 38 76 117,simulation,db4,energy,13,50,50,0
ALL,W-QDA:qda,20,,0.04,0.058,107 84 85 169 104 106 78 53 118 75 77 26 74 120 72 52 119 38 76 117,107 84 85 169 104 106 78 53 118 75 77 26 74 120 72 52 119 38 76 117,simulation,db4,energy,13,50,50,0
W-NN,W-NN:k=1,3,1.5,0.1,0.286,79 76 77 112 78 117 75 111 110 113 74 84 114 83 80 81 107 109 115 116,75 112 76 77 78 79 111 80 115 108 110 113 116 81 114 117 74 83 84 109,simulation,db4,usage,13,50,50,0
W-QDA,W-QDA:qda,14,2.0,0.1,0.1,79 77 76 78 112 113 117 111 110 83 84 74 75 107 114 81 104 105 109 116,75 112 76 77 78 79 111 80 115 108 110 113 116 81 114 117 74 83 84 109,simulation,db4,usage,13,50,50,0
W-CART,W-CART:cart,15,3.0,0.04,0.104,79 77 76 78 113 117 75 83 111 114 74 110 112 80 105 119 72 73 82 104,75 112 76 77 78 79 111 80 115 108 110 113 116 81 114 117 74 83 84 109,simulation,db4,usage,13,50,50,0
ALL,W-CART:cart,15,3.0,0.04,0.104,79 77 76 78 113 117 75 83 111 114 74 110 112 80 105 119 72 73 82 104,75 112 76 77 78 79 111 80 115 108 110 113 116 81 114 117 74 83 84 109,simulation,db4,usage,13,50,50,0
W-NN,W-NN:k=7,3,,0.08,0.126,78 107 116 74 103 71 112 113 106 108 119 118 84 120 109 53 86 73 226 225,78 107 116 74 103 71 112 113 106 108 119 118 84 120 109 53 86 73 226 225,simulation,db4,energy,14,50,50,0
W-QDA,W-QDA:qda,5,,0.06,0.06,78 107 116 74 103 71 112 113 106 108 119 118 84 120 109 53 86 73 226 225,78 107 116 74 103 71 112 113 106 108 119 118 84 120 109 53 86 73 226 225,simulation,db4,energy,14,50,50,0
W-CART,W-CART:cart,13,,0.08,0.114,78 107 116 74 103 71 112 113 106 108 119 118 84 120 109 53 86 73 226 225,78 107 116 74 103 71 112 113 106 108 119 118 84 120 109 53 86 73 226 225,simulation,db4,energy,14,50,50,0
ALL,W-QDA:qda,5,,0.06,0.06,78 107 116 74 103 71 112 113 106 108 119 118 84 120 109 53 86 73 226 225,78 107 116 74 103 71 112 113 106 108 119 118 84 120 109 53 86 73 226 225,simulation,db4,energy,14,50,50,0
W-NN,W-NN:k=1,25,1.5,0.02,0.12,78 82 112 84 108 113 73 74 83 116 106 107 76 110 111 117 77 105 109 115,74 82 75 78 83 110 112 113 73 77 108 111 116 76 81 84 107 114 118 85,simulation,db4,usage,14,50,50,0
W-QDA,W-QDA:qda,12,1.0,0.0,0.044,74 82 75 78 83 110 112 113 73 77 108 111 116 76 81 84 107 114 118 85,74 82 75 78 83 110 112 113 73 77 108 111 116 76 81 84 107 114 118 85,simulation,db4,usage,14,50,50,0
W-CART,W-CART:cart,9,1.0,0.04,0.114,74 82 75 78 83 110 112 113 73 77 108 111 116 76 81 84 107 114 118 85,74 82 75 78 83 110 112 113 73 77 108 111 116 76 81 84 107 114 118 85,simulation,db4,usage,14,50,50,0
ALL,W-QDA:qda,12,1.0,0.0,0.044,74 82 75 78 83 110 112 113 73 77 108 111 116 76 81 84 107 114 118 85,74 82 75 78 83 110 112 113 73 77 108 111 116 76 81 84 107 114 118 85,simulation,db4,usage,14,50,50,0
W-NN,W-NN:k=1,13,,0.1,0.166,110 115 81 163 162 109 40 221 77 52 84 107 82 83 108 76 41 106 87 75,110 115 81 163 162 109 40 221 77 52 84 107 82 83 108 76 41 106 87 75,simulation,db4,energy,15,50,50,0
W-QDA,W-QDA:qda,2,,0.24,0.192,110 115 81 163 162 109 40 221 77 52 84 107 82 83 108 76 41 106 87 75,110 115 81 163 162 109 40 221 77 52 84 107 82 83 108 76 41 106 87 75,simulation,db4,energy,15,50,50,0
W-CART,W-CART:cart,12,,0.08,0.128,110 115 81 163 162 109 40 221 77 52 84 107 82 83 108 76 41 106 87 75,110 115 81 163 162 109 40 221 77 52 84 107 82 83 108 76 41 106 87 75,simulation,db4,energy,15,50,50,0
ALL,W-CART:cart,12,,0.08,0.128,110 115 81 163 162 109 40 221 77 52 84 107 82 83 108 76 41 106 87 75,110 115 81 163 162 109 40 221 77 52 84 107 82 83 108 76 41 106 87 75,simulation,db4,energy,15,50,50,0
W-NN,W-NN:k=1,35,3.0,0.06,0.158,109 83 108 110 111 107 81 78 82 84 85 106 79 80 86 87 105 112 115 77,110 109 80 82 84 108 111 79 83 107 112 77 78 81 105 106 114 163 85 86,simulation,db4,usage,15,50,50,0
W-QDA,W-QDA:qda,6,2.0,0.14,0.174,109 108 111 78 82 83 107 110 81 86 79 84 85 104 106 112 80 114 105 74,110 109 80 82 84 108 111 79 83 107 112 77 78 81 105 106 114 163 85 86,simulation,db4,usage,15,50,50,0
W-CART,W-CART:cart,15,2.0,0.04,0.13,109 108 111 78 82 83 107 110 81 86 79 84 85 104 106 112 80 114 105 74,110 109 80 82 84 108 111 79 83 107 112 77 78 81 105 106 114 163 85 86,simulation,db4,usage,15,50,50,0
ALL,W-CART:cart,15,2.0,0.04,0.13,109 108 111 78 82 83 107 110 81 86 79 84 85 104 106 112 80 114 105 74,110 109 80 82 84 108 111 79 83 107 112 77 78 81 105 106 114 163 85 86,simulation,db4,usage,15,50,50,0
W-NN,W-NN:k=1,64,,0.06,0.176,117 114 37 235 115 108 80 111 18 79 104 112 36 74 109 75 82 116 83 107,117 114 37 235 115 108 80 111 18 79 104 112 36 74 109 75 82 116 83 107,simulation,db4,energy,16,50,50,0
W-QDA,W-QDA:qda,19,,0.0,0.052,117 114 37 235 115 108 80 111 18 79 104 112 36 74 109 75 82 116 83 107,117 114 37 235 115 108 80 111 18 79 104 112 36 74 109 75 82 116 83 107,simulation,db4,energy,16,50,50,0
W-CART,W-CART:cart,36,,0.06,0.108,117 114 37 235 115 108 80 111 18 79 104 112 36 74 109 75 82 116 83 107,117 114 37 235 115 108 80 111 18 79 104 112 36 74 109 75 82 116 83 107,simulation,db4,energy,16,50,50,0
ALL,W-QDA:qda,19,,0.0,0.052,117 114 37 235 115 108 80 111 18 79 104 112 36 74 109 75 82 116 83 107,117 114 37 235 115 108 80 111 18 79 104 112 36 74 109 75 82 116 83 107,simulation,db4,energy,16,50,50,0
W-NN,W-NN:k=3,48,1.5,0.02,0.206,81 111 117 78 79 113 115 82 110 112 73 75 76 80 116 74 108 109 114 77,78 111 112 77 79 81 110 115 76 80 82 113 116 117 74 108 109 114 75 73,simulation,db4,usage,16,50,50,0
W-QDA,W-QDA:qda,21,0.5,0.02,0.096,112 78 114 79 81 111 113 77 110 80 109 76 82 115 83 116 74 75 107 108,78 111 112 77 79 81 110 115 76 80 82 113 116 117 74 108 109 114 75 73,simulation,db4,usage,16,50,50,0
W-CART,W-CART:cart,20,3.0,0.04,0.102,115 116 79 75 80 81 110 113 117 78 111 114 74 76 82 106 77 109 112 118,78 111 112 77 79 81 110 115 76 80 82 113 116 117 74 108 109 114 75 73,simulation,db4,usage,16,50,50,0
ALL,W-QDA:qda,21,0.5,0.02,0.096,112 78 114 79 81 111 113 77 110 80 109 76 82 115 83 116 74 75 107 108,78 111 112 77 79 81 110 115 76 80 82 113 116 117 74 108 109 114 75 73,simulation,db4,usage,16,50,50,0
W-NN,W-NN:k=3,16,,0.12,0.194,116 111 39 110 106 105 80 108 81 117 82 40 112 75 79 74 84 71 119 36,116 111 39 110 106 105 80 108 81 117 82 40 112 75 79 74 84 71 119 36,simulation,db4,energy,17,50,50,0
W-QDA,W-QDA:qda,17,,0.04,0.05,116 111 39 110 106 105 80 108 81 117 82 40 112 75 79 74 84 71 119 36,116 111 39 110 106 105 80 108 81 117 82 40 112 75 79 74 84 71 119 36,simulation,db4,energy,17,50,50,0
W-CART,W-CART:cart,19,,0.04,0.088,116 111 39 110 106 105 80 108 81 117 82 40 112 75 79 74 84 71 119 36,116 111 39 110 106 105 80 108 81 117 82 40 112 75 79 74 84 71 119 36,simulation,db4,energy,17,50,50,0
ALL,W-QDA:qda,17,,0.04,0.05,116 111 39 110 106 105 80 108 81 117 82 40 112 75 79 74 84 71 119 36,116 111 39 110 106 105 80 108 81 117 82 40 112 75 79 74 84 71 119 36,simulation,db4,energy,17,50,50,0
W-NN,W-NN:k=1,2,3.0,0.1,0.098,75 117 118 77 116 80 110 115 76 109 113 114 74 79 82 108 57 73 106 111,79 80 112 78 81 108 110 111 117 76 77 75 113 114 116 109 118 73 82 83,simulation,db4,usage,17,50,50,0
W-QDA,W-QDA:qda,2,3.0,0.02,0.084,75 117 118 77 116 80 110 115 76 109 113 114 74 79 82 108 57 73 106 111,79 80 112 78 81 108 110 111 117 76 77 75 113 114 116 109 118 73 82 83,simulation,db4,usage,17,50,50,0
W-CART,W-CART:cart,22,3.0,0.04,0.088,75 117 118 77 116 80 110 115 76 109 113 114 74 79 82 108 57 73 106 111,79 80 112 78 81 108 110 111 117 76 77 75 113 114 116 109 118 73 82 83,simulation,db4,usage,17,50,50,0
ALL,W-QDA:qda,2,3.0,0.02,0.084,75 117 118 77 116 80 110 115 76 109 113 114 74 79 82 108 57 73 106 111,79 80 112 78 81 108 110 111 117 76 77 75 113 114 116 109 118 73 82 83,simulation,db4,usage,17,50,50,0
W-NN,W-NN:k=5,3,,0.06,0.146,73 54 83 72 119 116 117 79 115 118 74 88 107 108 53 75 111 39 81 103,73 54 83 72 119 116 117 79 115 118 74 88 107 108 53 75 111 39 81 103,simulation,db4,energy,18,50,50,0
W-QDA,W-QDA:qda,20,,0.06,0.07,73 54 83 72 119 116 117 79 115 118 74 88 107 108 53 75 111 39 81 103,73 54 83 72 119 116 117 79 115 118 74 88 107 108 53 75 111 39 81 103,simulation,db4,energy,18,50,50,0
W-CART,W-CART:cart,36,,0.18,0.142,73 54 83 72 119 116 117 79 115 118 74 88 107 108 53 75 111 39 81 103,73 54 83 72 119 116 117 79 115 118 74 88 107 108 53 75 111 39 81 103,simulation,db4,energy,18,50,50,0
ALL,W-NN:k=5,3,,0.06,0.146,73 54 83 72 119 116 117 79 115 118 74 88 107 108 53 75 111 39 81 103,73 54 83 72 119 116 117 79 115 118 74 88 107 108 53 75 111 39 81 103,simulation,db4,energy,18,50,50,0
W-NN,W-NN:k=5,14,1.5,0.1,0.176,112 114 113 80 110 111 75 78 82 83 106 116 74 76 77 79 81 107 118 84,111 112 113 79 110 114 78 81 77 80 116 106 75 82 107 83 108 118 73 74,simulation,db4,usage,18,50,50,0
W-QDA,W-QDA:qda,15,1.5,0.02,0.058,112 114 113 80 110 111 75 78 82 83 106 116 74 76 77 79 81 107 118 84,111 112 113 79 110 114 78 81 77 80 116 106 75 82 107 83 108 118 73 74,simulation,db4,usage,18,50,50,0
W-CART,W-CART:cart,34,0.5,0.1,0.122,112 111 79 113 80 81 110 77 82 114 115 78 117 76 106 116 83 108 75 107,111 112 113 79 110 114 78 81 77 80 116 106 75 82 107 83 108 118 73 74,simulation,db4,usage,18,50,50,0
ALL,W-QDA:qda,15,1.5,0.02,0.058,112 114 113 80 110 111 75 78 82 83 106 116 74 76 77 79 81 107 118 84,111 112 113 79 110 114 78 81 77 80 116 106 75 82 107 83 108 118 73 74,simulation,db4,usage,18,50,50,0
W-NN,W-NN:k=1,4,,0.06,0.122,102 88 87 107 84 179 83 104 103 115 178 75 85 114 101 105 108 89 37 106,102 88 87 107 84 179 83 104 103 115 178 75 85 114 101 105 108 89 37 106,simulation,db4,energy,19,50,50,0
W-QDA,W-QDA:qda,3,,0.06,0.104,102 88 87 107 84 179 83 104 103 115 178 75 85 114 101 105 108 89 37 106,102 88 87 107 84 179 83 104 103 115 178 75 85 114 101 105 108 89 37 106,simulation,db4,energy,19,50,50,0
W-CART,W-CART:cart,5,,0.12,0.202,102 88 87 107 84 179 83 104 103 115 178 75 85 114 101 105 108 89 37 106,102 88 87 107 84 179 83 104 103 115 178 75 85 114 101 105 108 89 37 106,simulation,db4,energy,19,50,50,0
ALL,W-QDA:qda,3,,0.06,0.104,102 88 87 107 84 179 83 104 103 115 178 75 85 114 101 105 108 89 37 106,102 88 87 107 84 179 83 104 103 115 178 75 85 114 101 105 108 89 37 106,simulation,db4,energy,19,50,50,0
W-NN,W-NN:k=1,58,2.0,0.06,0.15,79 81 108 80 84 85 87 105 106 107 110 83 104 111 75 77 86 88 78 116,79 81 85 107 108 83 78 80 105 110 112 115 76 77 84 106 111 82 86 113,simulation,db4,usage,19,50,50,0
W-QDA,W-QDA:qda,7,1.5,0.06,0.12,79 81 108 76 80 84 110 111 77 78 106 107 85 87 105 109 82 83 86 104,79 81 85 107 108 83 78 80 105 110 112 115 76 77 84 106 111 82 86 113,simulation,db4,usage,19,50,50,0
W-CART,W-CART:cart,7,2.0,0.1,0.186,79 81 108 80 84 85 87 105 106 107 110 83 104 111 75 77 86 88 78 116,79 81 85 107 108 83 78 80 105 110 112 115 76 77 84 106 111 82 86 113,simulation,db4,usage,19,50,50,0
ALL,W-QDA:qda,7,1.5,0.06,0.12,79 81 108 76 80 84 110 111 77 78 106 107 85 87 105 109 82 83 86 104,79 81 85 107 108 83 78 80 105 110 112 115 76 77 84 106 111 82 86 113,simulation,db4,usage,19,50,50,0
W-NN,W-NN:k=1,33,,0.02,0.158,55 160 75 108 86 81 110 73 72 104 85 111 119 161 74 106 105 76 118 120,55 160 75 108 86 81 110 73 72 104 85 111 119 161 74 106 105 76 118 120,simulation,db4,energy,20,50,50,0
W-QDA,W-QDA:qda,15,,0.02,0.038,55 160 75 108 86 81 110 73 72 104 85 111 119 161 74 106 105 76 118 120,55 160 75 108 86 81 110 73 72 104 85 111 119 161 74 106 105 76 118 120,simulation,db4,energy,20,50,50,0
W-CART,W-CART:cart,22,,0.0,0.124,55 160 75 108 86 81 110 73 72 104 85 111 119 161 74 106 105 76 118 120,55 160 75 108 86 81 110 73 72 104 85 111 119 161 74 106 105 76 118 120,simulation,db4,energy,20,50,50,0
ALL,W-CART:cart,22,,0.0,0.124,55 160 75 108 86 81 110 73 72 104 85 111 119 161 74 106 105 76 118 120,55 160 75 108 86 81 110 73 72 104 85 111 119 161 74 106 105 76 118 120,simulation,db4,energy,20,50,50,0
W-NN,W-NN:k=1,3,3.0,0.04,0.104,85 76 117 72 78 79 86 116 119 75 77 81 105 106 107 108 112 118 82 104,111 80 75 79 109 110 112 116 78 76 81 85 108 83 107 113 115 74 82 84,simulation,db4,usage,20,50,50,0
W-QDA,W-QDA:qda,3,3.0,0.0,0.07,85 76 117 72 78 79 86 116 119 75 77 81 105 106 107 108 112 118 82 104,111 80 75 79 109 110 112 116 78 76 81 85 108 83 107 113 115 74 82 84,simulation,db4,usage,20,50,50,0
W-CART,W-CART:cart,21,3.0,0.0,0.128,85 76 117 72 78 79 86 116 119 75 77 81 105 106 107 108 112 118 82 104,111 80 75 79 109 110 112 116 78 76 81 85 108 83 107 113 115 74 82 84,simulation,db4,usage,20,50,50,0
ALL,W-QDA:qda,3,3.0,0.0,0.07,85 76 117 72 78 79 86 116 119 75 77 81 105 106 107 108 112 118 82 104,111 80 75 79 109 110 112 116 78 76 81 85 108 83 107 113 115 74 82 84,simulation,db4,usage,20,50,50,0
W-NN,W-NN:k=3,1,,0.04,0.15,103 106 42 105 115 53 113 111 112 107 108 87 76 82 85 104 110 114 73 86,103 106 42 105 115 53 113 111 112 107 108 87 76 82 85 104 110 114 73 86,simulation,db4,energy,21,50,50,0
W-QDA,W-QDA:qda,2,,0.04,0.064,103 106 42 105 115 53 113 111 112 107 108 87 76 82 85 104 110 114 73 86,103 106 42 105 115 53 113 111 112 107 108 87 76 82 85 104 110 114 73 86,simulation,db4,energy,21,50,50,0
W-CART,W-CART:cart,1,,0.08,0.192,103 106 42 105 115 53 113 111 112 107 108 87 76 82 85 104 110 114 73 86,103 106 42 105 115 53 113 111 112 107 108 87 76 82 85 104 110 114 73 86,simulation,db4,energy,21,50,50,0
ALL,W-NN:k=3,1,,0.04,0.15,103 106 42 105 115 53 113 111 112 107 108 87 76 82 85 104 110 114 73 86,103 106 42 105 115 53 113 111 112 107 108 87 76 82 85 104 110 114 73 86,simulation,db4,energy,21,50,50,0
W-NN,W-NN:k=1,3,3.0,0.08,0.11,78 105 107 104 106 111 79 81 82 110 114 83 108 77 85 103 109 112 74 76,107 77 84 108 79 80 106 110 111 112 76 78 81 82 83 105 109 114 113 116,simulation,db4,usage,21,50,50,0
W-QDA,W-QDA:qda,10,3.0,0.02,0.052,78 105 107 104 106 111 79 81 82 110 114 83 108 77 85 103 109 112 74 76,107 77 84 108 79 80 106 110 111 112 76 78 81 82 83 105 109 114 113 116,simulation,db4,usage,21,50,50,0
W-CART,W-CART:cart,11,2.0,0.08,0.118,108 107 81 82 78 83 106 111 79 84 104 77 105 112 85 87 110 113 114 76,107 77 84 108 79 80 106 110 111 112 76 78 81 82 83 105 109 114 113 116,simulation,db4,usage,21,50,50,0
ALL,W-QDA:qda,10,3.0,0.02,0.052,78 105 107 104 106 111 79 81 82 110 114 83 108 77 85 103 109 112 74 76,107 77 84 108 79 80 106 110 111 112 76 78 81 82 83 105 109 114 113 116,simulation,db4,usage,21,50,50,0
W-NN,W-NN:k=1,25,,0.02,0.104,105 112 116 44 79 74 84 117 115 71 106 119 72 73 120 102 85 75 35 118,105 112 116 44 79 74 84 117 115 71 106 119 72 73 120 102 85 75 35 118,simulation,db4,energy,22,50,50,0
W-QDA,W-QDA:qda,7,,0.02,0.048,105 112 116 44 79 74 84 117 115 71 106 119 72 73 120 102 85 75 35 118,105 112 116 44 79 74 84 117 115 71 106 119 72 73 120 102 85 75 35 118,simulation,db4,energy,22,50,50,0
W-CART,W-CART:cart,7,,0.04,0.108,105 112 116 44 79 74 84 117 115 71 106 119 72 73 120 102 85 75 35 118,105 112 116 44 79 74 84 117 115 71 106 119 72 73 120 102 85 75 35 118,simulation,db4,energy,22,50,50,0
ALL,W-QDA:qda,7,,0.02,0.048,105 112 116 44 79 74 84 117 115 71 106 119 72 73 120 102 85 75 35 118,105 112 116 44 79 74 84 117 115 71 106 119 72 73 120 102 85 75 35 118,simulation,db4,energy,22,50,50,0
W-NN,W-NN:k=1,54,1.5,0.04,0.112,73 115 118 117 72 74 76 77 116 71 75 78 79 112 114 120 121 113 70 84,76 112 115 118 73 114 116 117 72 77 74 79 78 113 70 75 108 110 119 120,simulation,db4,usage,22,50,50,0
W-QDA,W-QDA:qda,2,1.5,0.08,0.116,73 115 118 117 72 74 76 77 116 71 75 78 79 112 114 120 121 113 70 84,76 112 115 118 73 114 116 117 72 77 74 79 78 113 70 75 108 110 119 120,simulation,db4,usage,22,50,50,0
W-CART,W-CART:cart,8,2.0,0.04,0.114,115 117 72 73 74 118 76 77 78 114 116 71 75 120 121 112 113 119 70 84,76 112 115 118 73 114 116 117 72 77 74 79 78 113 70 75 108 110 119 120,simulation,db4,usage,22,50,50,0
ALL,W-CART:cart,8,2.0,0.04,0.114,115 117 72 73 74 118 76 77 78 114 116 71 75 120 121 112 113 119 70 84,76 112 115 118 73 114 116 117 72 77 74 79 78 113 70 75 108 110 119 120,simulation,db4,usage,22,50,50,0
W-NN,W-NN:k=3,13,,0.04,0.088,58 37 83 76 82 117 77 113 80 75 79 87 104 81 108 116 74 115 114 78,58 37 83 76 82 117 77 113 80 75 79 87 104 81 108 116 74 115 114 78,simulation,db4,energy,23,50,50,0
W-QDA,W-QDA:qda,13,,0.02,0.078,58 37 83 76 82 117 77 113 80 75 79 87 104 81 108 116 74 115 114 78,58 37 83 76 82 117 77 113 80 75 79 87 104 81 108 116 74 115 114 78,simulation,db4,energy,23,50,50,0
W-CART,W-CART:cart,42,,0.14,0.184,58 37 83 76 82 117 77 113 80 75 79 87 104 81 108 116 74 115 114 78,58 37 83 76 82 117 77 113 80 75 79 87 104 81 108 116 74 115 114 78,simulation,db4,energy,23,50,50,0
ALL,W-QDA:qda,13,,0.02,0.078,58 37 83 76 82 117 77 113 80 75 79 87 104 81 108 116 74 115 114 78,58 37 83 76 82 117 77 113 80 75 79 87 104 81 108 116 74 115 114 78,simulation,db4,energy,23,50,50,0
W-NN,W-NN:k=3,14,1.0,0.06,0.112,111 112 79 109 113 81 76 77 114 80 82 83 84 110 107 108 78 115 75 106,111 112 79 109 113 81 76 77 114 80 82 83 84 110 107 108 78 115 75 106,simulation,db4,usage,23,50,50,0
W-QDA,W-QDA:qda,15,1.0,0.04,0.084,111 112 79 109 113 81 76 77 114 80 82 83 84 110 107 108 78 115 75 106,111 112 79 109 113 81 76 77 114 80 82 83 84 110 107 108 78 115 75 106,simulation,db4,usage,23,50,50,0
W-CART,W-CART:cart,10,1.5,0.1,0.128,79 112 81 109 108 77 80 83 84 107 111 114 82 110 113 115 75 76 78 106,111 112 79 109 113 81 76 77 114 80 82 83 84 110 107 108 78 115 75 106,simulation,db4,usage,23,50,50,0
ALL,W-QDA:qda,15,1.0,0.04,0.084,111 112 79 109 113 81 76 77 114 80 82 83 84 110 107 108 78 115 75 106,111 112 79 109 113 81 76 77 114 80 82 83 84 110 107 108 78 115 75 106,simulation,db4,usage,23,50,50,0
W-NN,W-NN:k=1,45,,0.08,0.178,165 82 170 340 106 20 330 85 54 427 42 218 437 109 40 213 108 110 84 107,165 82 170 340 106 20 330 85 54 427 42 218 437 109 40 213 108 110 84 107,simulation,db4,energy,24,50,50,0
W-QDA,W-QDA:qda,8,,0.04,0.09,165 82 170 340 106 20 330 85 54 427 42 218 437 109 40 213 108 110 84 107,165 82 170 340 106 20 330 85 54 427 42 218 437 109 40 213 108 110 84 107,simulation,db4,energy,24,50,50,0
W-CART,W-CART:cart,58,,0.08,0.158,165 82 170 340 106 20 330 85 54 427 42 218 437 109 40 213 108 110 84 107,165 82 170 340 106 20 330 85 54 427 42 218 437 109 40 213 108 110 84 107,simulation,db4,energy,24,50,50,0
ALL,W-QDA:qda,8,,0.04,0.09,165 82 170 340 106 20 330 85 54 427 42 218 437 109 40 213 108 110 84 107,165 82 170 340 106 20 330 85 54 427 42 218 437 109 40 213 108 110 84 107,simulation,db4,energy,24,50,50,0
W-NN,W-NN:k=1,58,2.0,0.08,0.146,77 78 109 76 110 81 108 111 113 115 74 75 79 80 106 107 84 114 73 85,109 80 81 110 79 108 111 77 112 78 82 113 114 84 107 75 76 116 106 74,simulation,db4,usage,24,50,50,0
W-QDA,W-QDA:qda,16,0.5,0.0,0.102,79 112 109 111 81 110 108 78 80 83 113 114 75 82 84 163 76 77 107 159,109 80 81 110 79 108 111 77 112 78 82 113 114 84 107 75 76 116 106 74,simulation,db4,usage,24,50,50,0
W-CART,W-CART:cart,29,1.5,0.04,0.098,109 77 80 78 81 110 113 108 111 75 76 79 82 84 114 106 107 74 83 112,109 80 81 110 79 108 111 77 112 78 82 113 114 84 107 75 76 116 106 74,simulation,db4,usage,24,50,50,0
ALL,W-QDA:qda,16,0.5,0.0,0.102,79 112 109 111 81 110 108 78 80 83 113 114 75 82 84 163 76 77 107 159,109 80 81 110 79 108 111 77 112 78 82 113 114 84 107 75 76 116 106 74,simulation,db4,usage,24,50,50,0
W-NN,W-NN:k=3,25,,0.1,0.144,78 79 73 118 112 114 113 76 56 77 57 80 55 116 81 110 115 88 58 87,78 79 73 118 112 114 113 76 56 77 57 80 55 116 81 110 115 88 58 87,simulation,db4,energy,25,50,50,0
W-QDA,W-QDA:qda,4,,0.06,0.07,78 79 73 118 112 114 113 76 56 77 57 80 55 116 81 110 115 88 58 87,78 79 73 118 112 114 113 76 56 77 57 80 55 116 81 110 115 88 58 87,simulation,db4,energy,25,50,50,0
W-CART,W-CART:cart,8,,0.12,0.14,78 79 73 118 112 114 113 76 56 77 57 80 55 116 81 110 115 88 58 87,78 79 73 118 112 114 113 76 56 77 57 80 55 116 81 110 115 88 58 87,simulation,db4,energy,25,50,50,0
ALL,W-QDA:qda,4,,0.06,0.07,78 79 73 118 112 114 113 76 56 77 57 80 55 116 81 110 115 88 58 87,78 79 73 118 112 114 113 76 56 77 57 80 55 116 81 110 115 88 58 87,simulation,db4,energy,25,50,50,0
W-NN,W-NN:k=1,6,3.0,0.12,0.16,76 79 110 78 80 114 77 116 115 75 81 113 111 112 109 82 84 108 117 55,77 78 114 75 115 76 79 81 80 112 116 111 113 74 109 108 110 73 107 84,simulation,db4,usage,25,50,50,0
W-QDA,W-QDA:qda,6,1.0,0.16,0.196,77 78 114 75 115 76 79 81 80 112 116 111 113 74 109 108 110 73 107 84,77 78 114 75 115 76 79 81 80 112 116 111 113 74 109 108 110 73 107 84,simulation,db4,usage,25,50,50,0
W-CART,W-CART:cart,50,3.0,0.12,0.124,76 79 110 78 80 114 77 116 115 75 81 113 111 112 109 82 84 108 117 55,77 78 114 75 115 76 79 81 80 112 116 111 113 74 109 108 110 73 107 84,simulation,db4,usage,25,50,50,0
ALL,W-NN:k=1,6,3.0,0.12,0.16,76 79 110 78 80 114 77 116 115 75 81 113 111 112 109 82 84 108 117 55,77 78 114 75 115 76 79 81 80 112 116 111 113 74 109 108 110 73 107 84,simulation,db4,usage,25,50,50,0
W-NN,W-NN:k=3,1,,0.1,0.188,72 240 143 144 111 120 119 79 76 112 113 75 43 115 116 78 36 114 77 38,72 240 143 144 111 120 119 79 76 112 113 75 43 115 116 78 36 114 77 38,simulation,db4,energy,26,50,50,0
W-QDA,W-QDA:qda,9,,0.02,0.056,72 240 143 144 111 120 119 79 76 112 113 75 43 115 116 78 36 114 77 38,72 240 143 144 111 120 119 79 76 112 113 75 43 115 116 78 36 114 77 38,simulation,db4,energy,26,50,50,0
W-CART,W-CART:cart,13,,0.08,0.122,72 240 143 144 111 120 119 79 76 112 113 75 43 115 116 78 36 114 77 38,72 240 143 144 111 120 119 79 76 112 113 75 43 115 116 78 36 114 77 38,simulation,db4,energy,26,50,50,0
ALL,W-QDA:qda,9,,0.02,0.056,72 240 143 144 111 120 119 79 76 112 113 75 43 115 116 78 36 114 77 38,72 240 143 144 111 120 119 79 76 112 113 75 43 115 116 78 36 114 77 38,simulation,db4,energy,26,50,50,0
W-NN,W-NN:k=1,6,3.0,0.1,0.178,77 116 113 114 76 72 75 115 78 79 110 73 74 80 81 111 112 109 71 117,77 113 78 116 117 80 112 115 75 79 114 73 76 111 72 74 81 118 119 109,simulation,db4,usage,26,50,50,0
W-QDA,W-QDA:qda,5,1.0,0.06,0.11,77 113 78 116 117 80 112 115 75 79 114 73 76 111 72 74 81 118 119 109,77 113 78 116 117 80 112 115 75 79 114 73 76 111 72 74 81 118 119 109,simulation,db4,usage,26,50,50,0
W-CART,W-CART:cart,6,3.0,0.02,0.088,77 116 113 114 76 72 75 115 78 79 110 73 74 80 81 111 112 109 71 117,77 113 78 116 117 80 112 115 75 79 114 73 76 111 72 74 81 118 119 109,simulation,db4,usage,26,50,50,0
ALL,W-CART:cart,6,3.0,0.02,0.088,77 116 113 114 76 72 75 115 78 79 110 73 74 80 81 111 112 109 71 117,77 113 78 116 117 80 112 115 75 79 114 73 76 111 72 74 81 118 119 109,simulation,db4,usage,26,50,50,0
W-NN,W-NN:k=5,8,,0.04,0.106,77 114 78 117 107 106 42 85 112 76 105 37 75 115 113 74 227 118 111 84,77 114 78 117 107 106 42 85 112 76 105 37 75 115 113 74 227 118 111 84,simulation,db4,energy,27,50,50,0
W-QDA,W-QDA:qda,8,,0.02,0.062,77 114 78 117 107 106 42 85 112 76 105 37 75 115 113 74 227 118 111 84,77 114 78 117 107 106 42 85 112 76 105 37 75 115 113 74 227 118 111 84,simulation,db4,energy,27,50,50,0
W-CART,W-CART:cart,58,,0.04,0.116,77 114 78 117 107 106 42 85 112 76 105 37 75 115 113 74 227 118 111 84,77 114 78 117 107 106 42 85 112 76 105 37 75 115 113 74 227 118 111 84,simulation,db4,energy,27,50,50,0
ALL,W-QDA:qda,8,,0.02,0.062,77 114 78 117 107 106 42 85 112 76 105 37 75 115 113 74 227 118 111 84,77 114 78 117 107 106 42 85 112 76 105 37 75 115 113 74 227 118 111 84,simulation,db4,energy,27,50,50,0
W-NN,W-NN:k=1,36,0.5,0.02,0.146,80 108 76 81 111 113 114 79 112 107 109 110 115 77 82 83 78 219 84 165,79 80 108 109 114 75 81 110 112 76 82 107 111 115 77 83 113 117 74 105,simulation,db4,usage,27,50,50,0
W-QDA,W-QDA:qda,7,1.5,0.06,0.08,80 109 79 77 83 107 112 114 115 74 75 78 113 108 110 116 76 106 111 117,79 80 108 109 114 75 81 110 112 76 82 107 111 115 77 83 113 117 74 105,simulation,db4,usage,27,50,50,0
W-CART,W-CART:cart,23,3.0,0.04,0.118,75 107 114 76 79 115 112 78 106 113 73 74 77 80 81 85 105 108 109 111,79 80 108 109 114 75 81 110 112 76 82 107 111 115 77 83 113 117 74 105,simulation,db4,usage,27,50,50,0
ALL,W-NN:k=1,36,0.5,0.02,0.146,80 108 76 81 111 113 114 79 112 107 109 110 115 77 82 83 78 219 84 165,79 80 108 109 114 75 81 110 112 76 82 107 111 115 77 83 113 117 74 105,simulation,db4,usage,27,50,50,0
W-NN,W-NN:k=3,45,,0.06,0.102,111 112 78 80 110 82 79 159 160 81 76 87 113 73 114 56 74 77 116 119,111 112 78 80 110 82 79 159 160 81 76 87 113 73 114 56 74 77 116 119,simulation,db4,energy,28,50,50,0
W-QDA,W-QDA:qda,14,,0.04,0.084,111 112 78 80 110 82 79 159 160 81 76 87 113 73 114 56 74 77 116 119,111 112 78 80 110 82 79 159 160 81 76 87 113 73 114 56 74 77 116 119,simulation,db4,energy,28,50,50,0
W-CART,W-CART:cart,14,,0.06,0.116,111 112 78 80 110 82 79 159 160 81 76 87 113 73 114 56 74 77 116 119,111 112 78 80 110 82 79 159 160 81 76 87 113 73 114 56 74 77 116 119,simulation,db4,energy,28,50,50,0
ALL,W-QDA:qda,14,,0.04,0.084,111 112 78 80 110 82 79 159 160 81 76 87 113 73 114 56 74 77 116 119,111 112 78 80 110 82 79 159 160 81 76 87 113 73 114 56 74 77 116 119,simulation,db4,energy,28,50,50,0
W-NN,W-NN:k=7,27,1.0,0.02,0.168,108 112 109 114 77 110 111 78 80 82 113 76 79 81 84 106 105 75 116 83,108 112 109 114 77 110 111 78 80 82 113 76 79 81 84 106 105 75 116 83,simulation,db4,usage,28,50,50,0
W-QDA,W-QDA:qda,13,3.0,0.02,0.058,82 81 105 80 116 78 106 108 110 111 117 73 83 84 86 87 104 112 114 85,108 112 109 114 77 110 111 78 80 82 113 76 79 81 84 106 105 75 116 83,simulation,db4,usage,28,50,50,0
W-CART,W-CART:cart,18,0.5,0.04,0.132,79 78 113 111 112 114 75 108 109 80 82 77 110 76 115 81 83 84 106 107,108 112 109 114 77 110 111 78 80 82 113 76 79 81 84 106 105 75 116 83,simulation,db4,usage,28,50,50,0
ALL,W-QDA:qda,13,3.0,0.02,0.058,82 81 105 80 116 78 106 108 110 111 117 73 83 84 86 87 104 112 114 85,108 112 109 114 77 110 111 78 80 82 113 76 79 81 84 106 105 75 116 83,simulation,db4,usage,28,50,50,0
W-NN,W-NN:k=1,3,,0.08,0.126,87 103 108 104 55 82 176 114 79 75 53 167 85 43 115 74 107 52 51 77,87 103 108 104 55 82 176 114 79 75 53 167 85 43 115 74 107 52 51 77,simulation,db4,energy,29,50,50,0
W-QDA,W-QDA:qda,3,,0.02,0.072,87 103 108 104 55 82 176 114 79 75 53 167 85 43 115 74 107 52 51 77,87 103 108 104 55 82 176 114 79 75 53 167 85 43 115 74 107 52 51 77,simulation,db4,energy,29,50,50,0
W-CART,W-CART:cart,32,,0.04,0.128,87 103 108 104 55 82 176 114 79 75 53 167 85 43 115 74 107 52 51 77,87 103 108 104 55 82 176 114 79 75 53 167 85 43 115 74 107 52 51 77,simulation,db4,energy,29,50,50,0
ALL,W-QDA:qda,3,,0.02,0.072,87 103 108 104 55 82 176 114 79 75 53 167 85 43 115 74 107 52 51 77,87 103 108 104 55 82 176 114 79 75 53 167 85 43 115 74 107 52 51 77,simulation,db4,energy,29,50,50,0
W-NN,W-NN:k=1,13,0.5,0.04,0.118,81 110 108 76 83 109 114 77 79 82 112 78 106 107 113 75 84 111 115 80,109 77 108 112 76 78 81 82 110 114 79 83 113 107 80 111 84 115 117 75,simulation,db4,usage,29,50,50,0
W-QDA,W-QDA:qda,9,3.0,0.1,0.076,78 77 82 109 110 112 107 74 75 76 79 81 84 85 104 108 117 80 83 106,109 77 108 112 76 78 81 82 110 114 79 83 113 107 80 111 84 115 117 75,simulation,db4,usage,29,50,50,0
W-CART,W-CART:cart,25,1.0,0.02,0.104,109 77 108 112 76 78 81 82 110 114 79 83 113 107 80 111 84 115 117 75,109 77 108 112 76 78 81 82 110 114 79 83 113 107 80 111 84 115 117 75,simulation,db4,usage,29,50,50,0
ALL,W-CART:cart,25,1.0,0.02,0.104,109 77 108 112 76 78 81 82 110 114 79 83 113 107 80 111 84 115 117 75,109 77 108 112 76 78 81 82 110 114 79 83 113 107 80 111 84 115 117 75,simulation,db4,usage,29,50,50,0
W-NN,W-NN:k=3,1,,0.04,0.14,72 109 83 107 82 81 73 71 77 114 76 113 85 119 108 57 117 116 115 84,72 109 83 107 82 81 73 71 77 114 76 113 85 119 108 57 117 116 115 84,simulation,db4,energy,30,50,50,0
W-QDA,W-QDA:qda,10,,0.0,0.048,72 109 83 107 82 81 73 71 77 114 76 113 85 119 108 57 117 116 115 84,72 109 83 107 82 81 73 71 77 114 76 113 85 119 108 57 117 116 115 84,simulation,db4,energy,30,50,50,0
W-CART,W-CART:cart,58,,0.1,0.25,72 109 83 107 82 81 73 71 77 114 76 113 85 119 108 57 117 116 115 84,72 109 83 107 82 81 73 71 77 114 76 113 85 119 108 57 117 116 115 84,simulation,db4,energy,30,50,50,0
ALL,W-QDA:qda,10,,0.0,0.048,72 109 83 107 82 81 73 71 77 114 76 113 85 119 108 57 117 116 115 84,72 109 83 107 82 81 73 71 77 114 76 113 85 119 108 57 117 116 115 84,simulation,db4,energy,30,50,50,0
W-NN,W-NN:k=1,53,3.0,0.06,0.196,83 111 82 109 77 81 113 74 108 76 107 75 78 110 114 115 80 106 112 116,113 79 81 82 111 114 80 109 112 115 110 76 78 75 116 77 83 107 108 84,simulation,db4,usage,30,50,50,0
W-QDA,W-QDA:qda,8,3.0,0.06,0.12,83 111 82 109 77 81 113 74 108 76 107 75 78 110 114 115 80 106 112 116,113 79 81 82 111 114 80 109 112 115 110 76 78 75 116 77 83 107 108 84,simulation,db4,usage,30,50,50,0
W-CART,W-CART:cart,64,0.5,0.08,0.11,79 114 111 112 113 81 82 80 76 115 75 77 109 110 78 163 108 116 229 73,113 79 81 82 111 114 80 109 112 115 110 76 78 75 116 77 83 107 108 84,simulation,db4,usage,30,50,50,0
ALL,W-QDA:qda,8,3.0,0.06,0.12,83 111 82 109 77 81 113 74 108 76 107 75 78 110 114 115 80 106 112 116,113 79 81 82 111 114 80 109 112 115 110 76 78 75 116 77 83 107 108 84,simulation,db4,usage,30,50,50,0
W-NN,W-NN:k=5,6,,0.1,0.166,141 43 103 44 75 121 242 74 120 70 140 119 116 76 102 118 78 77 110 111,141 43 103 44 75 121 242 74 120 70 140 119 116 76 102 118 78 77 110 111,simulation,db4,energy,31,50,50,0
W-QDA,W-QDA:qda,23,,0.04,0.046,141 43 103 44 75 121 242 74 120 70 140 119 116 76 102 118 78 77 110 111,141 43 103 44 75 121 242 74 120 70 140 119 116 76 102 118 78 77 110 111,simulation,db4,energy,31,50,50,0
W-CART,W-CART:cart,6,,0.1,0.1,141 43 103 44 75 121 242 74 120 70 140 119 116 76 102 118 78 77 110 111,141 43 103 44 75 121 242 74 120 70 140 119 116 76 102 118 78 77 110 111,simulation,db4,energy,31,50,50,0
ALL,W-QDA:qda,23,,0.04,0.046,141 43 103 44 75 121 242 74 120 70 140 119 116 76 102 118 78 77 110 111,141 43 103 44 75 121 242 74 120 70 140 119 116 76 102 118 78 77 110 111,simulation,db4,energy,31,50,50,0
W-NN,W-NN:k=5,7,0.5,0.04,0.136,82 81 83 113 76 79 85 106 109 110 112 114 115 74 75 107 108 111 116 77,78 82 77 83 113 114 116 107 111 115 109 112 76 79 81 84 80 110 74 75,simulation,db4,usage,31,50,50,0
W-QDA,W-QDA:qda,18,3.0,0.0,0.052,113 114 83 76 84 115 79 110 75 80 81 106 111 112 116 78 103 107 108 109,78 82 77 83 113 114 116 107 111 115 109 112 76 79 81 84 80 110 74 75,simulation,db4,usage,31,50,50,0
W-CART,W-CART:cart,52,0.5,0.04,0.108,82 81 83 113 76 79 85 106 109 110 112 114 115 74 75 107 108 111 116 77,78 82 77 83 113 114 116 107 111 115 109 112 76 79 81 84 80 110 74 75,simulation,db4,usage,31,50,50,0
ALL,W-QDA:qda,18,3.0,0.0,0.052,113 114 83 76 84 115 79 110 75 80 81 106 111 112 116 78 103 107 108 109,78 82 77 83 113 114 116 107 111 115 109 112 76 79 81 84 80 110 74 75,simulation,db4,usage,31,50,50,0
W-NN,W-NN:k=3,19,,0.06,0.112,120 82 71 81 38 83 35 113 110 80 109 114 79 111 108 119 51 87 116 88,120 82 71 81 38 83 35 113 110 80 109 114 79 111 108 119 51 87 116 88,simulation,db4,energy,32,50,50,0
W-QDA,W-QDA:qda,14,,0.04,0.054,120 82 71 81 38 83 35 113 110 80 109 114 79 111 108 119 51 87 116 88,120 82 71 81 38 83 35 113 110 80 109 114 79 111 108 119 51 87 116 88,simulation,db4,energy,32,50,50,0
W-CART,W-CART:cart,30,,0.04,0.098,120 82 71 81 38 83 35 113 110 80 109 114 79 111 108 119 51 87 116 88,120 82 71 81 38 83 35 113 110 80 109 114 79 111 108 119 51 87 116 88,simulation,db4,energy,32,50,50,0
ALL,W-QDA:qda,14,,0.04,0.054,120 82 71 81 38 83 35 113 110 80 109 114 79 111 108 119 51 87 116 88,120 82 71 81 38 83 35 113 110 80 109 114 79 111 108 119 51 87 116 88,simulation,db4,energy,32,50,50,0
W-NN,W-NN:k=1,12,1.0,0.06,0.124,80 109 111 79 110 113 114 77 83 81 82 84 108 112 74 107 76 78 75 85,80 109 111 79 110 113 114 77 83 81 82 84 108 112 74 107 76 78 75 85,simulation,db4,usage,32,50,50,0
W-QDA,W-QDA:qda,12,3.0,0.0,0.05,113 81 82 109 112 80 115 74 107 108 114 85 110 75 79 83 84 111 116 117,80 109 111 79 110 113 114 77 83 81 82 84 108 112 74 107 76 78 75 85,simulation,db4,usage,32,50,50,0
W-CART,W-CART:cart,17,1.5,0.02,0.126,109 111 110 114 80 113 79 82 81 83 107 108 112 74 77 84 85 116 75 76,80 109 111 79 110 113 114 77 83 81 82 84 108 112 74 107 76 78 75 85,simulation,db4,usage,32,50,50,0
ALL,W-QDA:qda,12,3.0,0.0,0.05,113 81 82 109 112 80 115 74 107 108 114 85 110 75 79 83 84 111 116 117,80 109 111 79 110 113 114 77 83 81 82 84 108 112 74 107 76 78 75 85,simulation,db4,usage,32,50,50,0
W-NN,W-NN:k=3,56,,0.12,0.164,71 59 119 116 106 115 114 108 75 103 107 78 72 105 112 104 117 109 76 111,71 59 119 116 106 115 114 108 75 103 107 78 72 105 112 104 117 109 76 111,simulation,db4,energy,33,50,50,0
W-QDA,W-QDA:qda,15,,0.0,0.042,71 59 119 116 106 115 114 108 75 103 107 78 72 105 112 104 117 109 76 111,71 59 119 116 106 115 114 108 75 103 107 78 72 105 112 104 117 109 76 111,simulation,db4,energy,33,50,50,0
W-CART,W-CART:cart,11,,0.08,0.112,71 59 119 116 106 115 114 108 75 103 107 78 72 105 112 104 117 109 76 111,71 59 119 116 106 115 114 108 75 103 107 78 72 105 112 104 117 109 76 111,simulation,db4,energy,33,50,50,0
ALL,W-QDA:qda,15,,0.0,0.042,71 59 119 116 106 115 114 108 75 103 107 78 72 105 112 104 117 109 76 111,71 59 119 116 106 115 114 108 75 103 107 78 72 105 112 104 117 109 76 111,simulation,db4,energy,33,50,50,0
W-NN,W-NN:k=5,2,1.5,0.08,0.148,108 85 106 81 84 107 109 111 112 82 114 115 75 78 80 83 116 104 110 74,108 112 81 85 107 111 82 84 106 80 109 75 104 110 114 115 78 83 86 116,simulation,db4,usage,33,50,50,0
W-QDA,W-QDA:qda,14,3.0,0.04,0.08,85 106 84 108 114 115 107 75 78 81 103 76 77 104 111 116 105 112 72 73,108 112 81 85 107 111 82 84 106 80 109 75 104 110 114 115 78 83 86 116,simulation,db4,usage,33,50,50,0
W-CART,W-CART:cart,8,3.0,0.08,0.144,85 106 84 108 114 115 107 75 78 81 103 76 77 104 111 116 105 112 72 73,108 112 81 85 107 111 82 84 106 80 109 75 104 110 114 115 78 83 86 116,simulation,db4,usage,33,50,50,0
ALL,W-QDA:qda,14,3.0,0.04,0.08,85 106 84 108 114 115 107 75 78 81 103 76 77 104 111 116 105 112 72 73,108 112 81 85 107 111 82 84 106 80 109 75 104 110 114 115 78 83 86 116,simulation,db4,usage,33,50,50,0
W-NN,W-NN:k=3,3,,0.1,0.164,115 75 103 114 88 104 105 106 87 76 102 111 78 118 117 116 81 110 84 82,115 75 103 114 88 104 105 106 87 76 102 111 78 118 117 116 81 110 84 82,simulation,db4,energy,34,50,50,0
W-QDA,W-QDA:qda,7,,0.02,0.04,115 75 103 114 88 104 105 106 87 76 102 111 78 118 117 116 81 110 84 82,115 75 103 114 88 104 105 106 87 76 102 111 78 118 117 116 81 110 84 82,simulation,db4,energy,34,50,50,0
W-CART,W-CART:cart,15,,0.1,0.16,115 75 103 114 88 104 105 106 87 76 102 111 78 118 117 116 81 110 84 82,115 75 103 114 88 104 105 106 87 76 102 111 78 118 117 116 81 110 84 82,simulation,db4,energy,34,50,50,0
ALL,W-QDA:qda,7,,0.02,0.04,115 75 103 114 88 104 105 106 87 76 102 111 78 118 117 116 81 110 84 82,115 75 103 114 88 104 105 106 87 76 102 111 78 118 117 116 81 110 84 82,simulation,db4,energy,34,50,50,0
W-NN,W-NN:k=1,5,3.0,0.04,0.114,105 75 115 86 117 76 77 104 114 116 119 103 73 82 84 88 118 74 107 72,76 77 114 112 78 115 116 75 74 113 73 108 110 117 80 106 107 119 81 104,simulation,db4,usage,34,50,50,0
W-QDA,W-QDA:qda,4,3.0,0.02,0.03,105 75 115 86 117 76 77 104 114 116 119 103 73 82 84 88 118 74 107 72,76 77 114 112 78 115 116 75 74 113 73 108 110 117 80 106 107 119 81 104,simulation,db4,usage,34,50,50,0
W-CART,W-CART:cart,30,0.5,0.06,0.184,113 114 115 76 77 78 112 75 116 80 84 111 73 74 81 106 110 117 231 82,76 77 114 112 78 115 116 75 74 113 73 108 110 117 80 106 107 119 81 104,simulation,db4,usage,34,50,50,0
ALL,W-QDA:qda,4,3.0,0.02,0.03,105 75 115 86 117 76 77 104 114 116 119 103 73 82 84 88 118 74 107 72,76 77 114 112 78 115 116 75 74 113 73 108 110 117 80 106 107 119 81 104,simulation,db4,usage,34,50,50,0
W-NN,W-NN:k=7,9,,0.1,0.244,79 112 107 78 84 81 117 108 71 111 55 116 106 73 80 120 39 118 119 86,79 112 107 78 84 81 117 108 71 111 55 116 106 73 80 120 39 118 119 86,simulation,db4,energy,35,50,50,0
W-QDA,W-QDA:qda,16,,0.02,0.056,79 112 107 78 84 81 117 108 71 111 55 116 106 73 80 120 39 118 119 86,79 112 107 78 84 81 117 108 71 111 55 116 106 73 80 120 39 118 119 86,simulation,db4,energy,35,50,50,0
W-CART,W-CART:cart,13,,0.06,0.156,79 112 107 78 84 81 117 108 71 111 55 116 106 73 80 120 39 118 119 86,79 112 107 78 84 81 117 108 71 111 55 116 106 73 80 120 39 118 119 86,simulation,db4,energy,35,50,50,0
ALL,W-QDA:qda,16,,0.02,0.056,79 112 107 78 84 81 117 108 71 111 55 116 106 73 80 120 39 118 119 86,79 112 107 78 84 81 117 108 71 111 55 116 106 73 80 120 39 118 119 86,simulation,db4,energy,35,50,50,0
W-NN,W-NN:k=15,8,1.5,0.08,0.24,112 79 110 76 83 111 113 78 80 114 116 81 108 109 84 117 75 107 115 82,112 108 79 83 110 113 76 78 80 82 109 111 116 84 114 117 81 74 77 85,simulation,db4,usage,35,50,50,0
W-QDA,W-QDA:qda,13,3.0,0.04,0.072,79 84 108 110 113 78 80 83 112 119 74 76 77 85 107 111 117 75 104 105,112 108 79 83 110 113 76 78 80 82 109 111 116 84 114 117 81 74 77 85,simulation,db4,usage,35,50,50,0
W-CART,W-CART:cart,34,2.0,0.06,0.132,79 112 83 78 110 111 113 76 80 81 108 116 75 84 107 109 117 74 85 106,112 108 79 83 110 113 76 78 80 82 109 111 116 84 114 117 81 74 77 85,simulation,db4,usage,35,50,50,0
ALL,W-QDA:qda,13,3.0,0.04,0.072,79 84 108 110 113 78 80 83 112 119 74 76 77 85 107 111 117 75 104 105,112 108 79 83 110 113 76 78 80 82 109 111 116 84 114 117 81 74 77 85,simulation,db4,usage,35,50,50,0
W-NN,W-NN:k=1,7,,0.12,0.14,223 80 88 51 40 111 106 84 53 102 83 87 116 52 108 85 107 82 81 109,223 80 88 51 40 111 106 84 53 102 83 87 116 52 108 85 107 82 81 109,simulation,db4,energy,36,50,50,0
W-QDA,W-QDA:qda,4,,0.02,0.13,223 80 88 51 40 111 106 84 53 102 83 87 116 52 108 85 107 82 81 109,223 80 88 51 40 111 106 84 53 102 83 87 116 52 108 85 107 82 81 109,simulation,db4,energy,36,50,50,0
W-CART,W-CART:cart,22,,0.04,0.106,223 80 88 51 40 111 106 84 53 102 83 87 116 52 108 85 107 82 81 109,223 80 88 51 40 111 106 84 53 102 83 87 116 52 108 85 107 82 81 109,simulation,db4,energy,36,50,50,0
ALL,W-QDA:qda,4,,0.02,0.13,223 80 88 51 40 111 106 84 53 102 83 87 116 52 108 85 107 82 81 109,223 80 88 51 40 111 106 84 53 102 83 87 116 52 108 85 107 82 81 109,simulation,db4,energy,36,50,50,0
W-NN,W-NN:k=1,29,3.0,0.06,0.132,107 108 84 113 81 82 85 106 79 109 112 116 80 83 111 74 86 87 104 110,111 110 82 80 108 109 84 107 85 106 113 76 83 105 78 81 112 115 86 114,simulation,db4,usage,36,50,50,0
W-QDA,W-QDA:qda,3,2.0,0.14,0.106,110 84 106 108 111 80 81 85 107 109 113 79 82 83 112 115 76 74 75 86,111 110 82 80 108 109 84 107 85 106 113 76 83 105 78 81 112 115 86 114,simulation,db4,usage,36,50,50,0
W-CART,W-CART:cart,15,0.5,0.04,0.138,111 80 81 109 82 83 79 108 110 78 106 113 84 105 77 107 115 75 85 86,111 110 82 80 108 109 84 107 85 106 113 76 83 105 78 81 112 115 86 114,simulation,db4,usage,36,50,50,0
ALL,W-CART:cart,15,0.5,0.04,0.138,111 80 81 109 82 83 79 108 110 78 106 113 84 105 77 107 115 75 85 86,111 110 82 80 108 109 84 107 85 106 113 76 83 105 78 81 112 115 86 114,simulation,db4,usage,36,50,50,0
W-NN,W-NN:k=3,4,,0.02,0.126,82 147 117 118 109 80 107 110 85 105 86 108 72 148 73 84 53 119 77 104,82 147 117 118 109 80 107 110 85 105 86 108 72 148 73 84 53 119 77 104,simulation,db4,energy,37,50,50,0
W-QDA,W-QDA:qda,8,,0.0,0.064,82 147 117 118 109 80 107 110 85 105 86 108 72 148 73 84 53 119 77 104,82 147 117 118 109 80 107 110 85 105 86 108 72 148 73 84 53 119 77 104,simulation,db4,energy,37,50,50,0
W-CART,W-CART:cart,4,,0.04,0.104,82 147 117 118 109 80 107 110 85 105 86 108 72 148 73 84 53 119 77 104,82 147 117 118 109 80 107 110 85 105 86 108 72 148 73 84 53 119 77 104,simulation,db4,energy,37,50,50,0
ALL,W-QDA:qda,8,,0.0,0.064,82 147 117 118 109 80 107 110 85 105 86 108 72 148 73 84 53 119 77 104,82 147 117 118 109 80 107 110 85 105 86 108 72 148 73 84 53 119 77 104,simulation,db4,energy,37,50,50,0
W-NN,W-NN:k=1,4,2.0,0.04,0.12,81 111 115 74 75 78 107 109 116 80 110 113 117 108 114 85 118 119 72 73,110 111 114 74 75 112 115 78 81 83 108 80 73 76 107 109 113 116 117 119,simulation,db4,usage,37,50,50,0
W-QDA,W-QDA:qda,9,0.5,0.02,0.072,80 83 109 110 114 111 75 81 84 108 112 113 115 74 76 77 117 234 72 78,110 111 114 74 75 112 115 78 81 83 108 80 73 76 107 109 113 116 117 119,simulation,db4,usage,37,50,50,0
W-CART,W-CART:cart,19,1.5,0.02,0.118,110 75 78 114 74 81 107 108 109 111 115 80 82 116 117 73 84 113 79 83,110 111 114 74 75 112 115 78 81 83 108 80 73 76 107 109 113 116 117 119,simulation,db4,usage,37,50,50,0
ALL,W-QDA:qda,9,0.5,0.02,0.072,80 83 109 110 114 111 75 81 84 108 112 113 115 74 76 77 117 234 72 78,110 111 114 74 75 112 115 78 81 83 108 80 73 76 107 109 113 116 117 119,simulation,db4,usage,37,50,50,0
W-NN,W-NN:k=1,8,,0.02,0.06,116 121 70 103 115 75 87 117 36 111 73 79 102 81 80 78 88 37 57 76,116 121 70 103 115 75 87 117 36 111 73 79 102 81 80 78 88 37 57 76,simulation,db4,energy,38,50,50,0
W-QDA,W-QDA:qda,8,,0.06,0.048,116 121 70 103 115 75 87 117 36 111 73 79 102 81 80 78 88 37 57 76,116 121 70 103 115 75 87 117 36 111 73 79 102 81 80 78 88 37 57 76,simulation,db4,energy,38,50,50,0
W-CART,W-CART:cart,26,,0.04,0.168,116 121 70 103 115 75 87 117 36 111 73 79 102 81 80 78 88 37 57 76,116 121 70 103 115 75 87 117 36 111 73 79 102 81 80 78 88 37 57 76,simulation,db4,energy,38,50,50,0
ALL,W-NN:k=1,8,,0.02,0.06,116 121 70 103 115 75 87 117 36 111 73 79 102 81 80 78 88 37 57 76,116 121 70 103 115 75 87 117 36 111 73 79 102 81 80 78 88 37 57 76,simulation,db4,energy,38,50,50,0
W-NN,W-NN:k=3,9,3.0,0.06,0.172,111 112 110 76 77 80 82 75 78 79 81 84 113 114 115 116 109 117 83 105,77 114 76 75 78 113 115 79 110 81 111 112 116 82 83 108 73 80 84 117,simulation,db4,usage,38,50,50,0
W-QDA,W-QDA:qda,9,3.0,0.02,0.084,111 112 110 76 77 80 82 75 78 79 81 84 113 114 115 116 109 117 83 105,77 114 76 75 78 113 115 79 110 81 111 112 116 82 83 108 73 80 84 117,simulation,db4,usage,38,50,50,0
W-CART,W-CART:cart,5,0.5,0.12,0.144,114 113 77 116 76 78 110 111 115 75 74 79 80 81 82 112 83 108 117 73,77 114 76 75 78 113 115 79 110 81 111 112 116 82 83 108 73 80 84 117,simulation,db4,usage,38,50,50,0
ALL,W-QDA:qda,9,3.0,0.02,0.084,111 112 110 76 77 80 82 75 78 79 81 84 113 114 115 116 109 117 83 105,77 114 76 75 78 113 115 79 110 81 111 112 116 82 83 108 73 80 84 117,simulation,db4,usage,38,50,50,0
W-NN,W-NN:k=3,2,,0.02,0.15,77 106 105 86 115 74 113 172 107 85 114 108 84 75 83 171 104 73 212 118,77 106 105 86 115 74 113 172 107 85 114 108 84 75 83 171 104 73 212 118,simulation,db4,energy,39,50,50,0
W-QDA,W-QDA:qda,3,,0.02,0.078,77 106 105 86 115 74 113 172 107 85 114 108 84 75 83 171 104 73 212 118,77 106 105 86 115 74 113 172 107 85 114 108 84 75 83 171 104 73 212 118,simulation,db4,energy,39,50,50,0
W-CART,W-CART:cart,4,,0.06,0.12,77 106 105 86 115 74 113 172 107 85 114 108 84 75 83 171 104 73 212 118,77 106 105 86 115 74 113 172 107 85 114 108 84 75 83 171 104 73 212 118,simulation,db4,energy,39,50,50,0
ALL,W-NN:k=3,2,,0.02,0.15,77 106 105 86 115 74 113 172 107 85 114 108 84 75 83 171 104 73 212 118,77 106 105 86 115 74 113 172 107 85 114 108 84 75 83 171 104 73 212 118,simulation,db4,energy,39,50,50,0
W-NN,W-NN:k=9,7,1.0,0.04,0.1,78 76 80 114 77 83 107 109 110 111 112 115 113 116 79 82 74 81 85 86,78 76 80 114 77 83 107 109 110 111 112 115 113 116 79 82 74 81 85 86,simulation,db4,usage,39,50,50,0
W-QDA,W-QDA:qda,9,1.0,0.0,0.11,78 76 80 114 77 83 107 109 110 111 112 115 113 116 79 82 74 81 85 86,78 76 80 114 77 83 107 109 110 111 112 115 113 116 79 82 74 81 85 86,simulation,db4,usage,39,50,50,0
W-CART,W-CART:cart,2,3.0,0.14,0.114,74 76 110 75 85 115 79 80 105 106 113 114 117 78 82 112 118 107 116 77,78 76 80 114 77 83 107 109 110 111 112 115 113 116 79 82 74 81 85 86,simulation,db4,usage,39,50,50,0
ALL,W-QDA:qda,9,1.0,0.0,0.11,78 76 80 114 77 83 107 109 110 111 112 115 113 116 79 82 74 81 85 86,78 76 80 114 77 83 107 109 110 111 112 115 113 116 79 82 74 81 85 86,simulation,db4,usage,39,50,50,0
W-NN,W-NN:k=1,26,,0.06,0.062,41 216 108 82 58 85 166 37 54 107 106 73 217 109 87 86 103 55 88 75,41 216 108 82 58 85 166 37 54 107 106 73 217 109 87 86 103 55 88 75,simulation,db4,energy,40,50,50,0
W-QDA,W-QDA:qda,3,,0.1,0.148,41 216 108 82 58 85 166 37 54 107 106 73 217 109 87 86 103 55 88 75,41 216 108 82 58 85 166 37 54 107 106 73 217 109 87 86 103 55 88 75,simulation,db4,energy,40,50,50,0
W-CART,W-CART:cart,24,,0.08,0.12,41 216 108 82 58 85 166 37 54 107 106 73 217 109 87 86 103 55 88 75,41 216 108 82 58 85 166 37 54 107 106 73 217 109 87 86 103 55 88 75,simulation,db4,energy,40,50,50,0
ALL,W-NN:k=1,26,,0.06,0.062,41 216 108 82 58 85 166 37 54 107 106 73 217 109 87 86 103 55 88 75,41 216 108 82 58 85 166 37 54 107 106 73 217 109 87 86 103 55 88 75,simulation,db4,energy,40,50,50,0
W-NN,W-NN:k=1,2,3.0,0.06,0.112,82 75 81 108 73 85 107 111 106 110 77 78 80 84 87 114 74 76 104 109,76 115 82 111 77 79 80 81 107 112 75 78 110 113 106 114 73 84 85 87,simulation,db4,usage,40,50,50,0
W-QDA,W-QDA:qda,13,0.5,0.04,0.1,78 82 114 76 77 79 111 115 75 80 81 108 113 85 110 112 109 116 83 104,76 115 82 111 77 79 80 81 107 112 75 78 110 113 106 114 73 84 85 87,simulation,db4,usage,40,50,50,0
W-CART,W-CART:cart,7,1.5,0.08,0.12,76 78 79 82 110 111 73 75 77 81 85 107 108 112 115 74 80 104 106 113,76 115 82 111 77 79 80 81 107 112 75 78 110 113 106 114 73 84 85 87,simulation,db4,usage,40,50,50,0
ALL,W-QDA:qda,13,0.5,0.04,0.1,78 82 114 76 77 79 111 115 75 80 81 108 113 85 110 112 109 116 83 104,76 115 82 111 77 79 80 81 107 112 75 78 110 113 106 114 73 84 85 87,simulation,db4,usage,40,50,50,0
W-NN,W-NN:k=1,7,,0.06,0.14,113 81 80 112 115 84 77 86 76 111 110 82 108 116 85 103 78 79 109 107,113 81 80 112 115 84 77 86 76 111 110 82 108 116 85 103 78 79 109 107,simulation,db4,energy,41,50,50,0
W-QDA,W-QDA:qda,17,,0.0,0.07,113 81 80 112 115 84 77 86 76 111 110 82 108 116 85 103 78 79 109 107,113 81 80 112 115 84 77 86 76 111 110 82 108 116 85 103 78 79 109 107,simulation,db4,energy,41,50,50,0
W-CART,W-CART:cart,6,,0.08,0.19,113 81 80 112 115 84 77 86 76 111 110 82 108 116 85 103 78 79 109 107,113 81 80 112 115 84 77 86 76 111 110 82 108 116 85 103 78 79 109 107,simulation,db4,energy,41,50,50,0
ALL,W-QDA:qda,17,,0.0,0.07,113 81 80 112 115 84 77 86 76 111 110 82 108 116 85 103 78 79 109 107,113 81 80 112 115 84 77 86 76 111 110 82 108 116 85 103 78 79 109 107,simulation,db4,energy,41,50,50,0
W-NN,W-NN:k=5,6,2.0,0.04,0.226,80 109 110 76 79 83 108 112 113 77 114 78 81 82 107 111 117 74 75 84,80 81 110 77 79 108 78 83 109 112 84 107 113 114 115 223 75 76 82 111,simulation,db4,usage,41,50,50,0
W-QDA,W-QDA:qda,15,1.0,0.0,0.066,80 81 110 77 79 108 78 83 109 112 84 107 113 114 115 223 75 76 82 111,80 81 110 77 79 108 78 83 109 112 84 107 113 114 115 223 75 76 82 111,simulation,db4,usage,41,50,50,0
W-CART,W-CART:cart,12,1.0,0.04,0.14,80 81 110 77 79 108 78 83 109 112 84 107 113 114 115 223 75 76 82 111,80 81 110 77 79 108 78 83 109 112 84 107 113 114 115 223 75 76 82 111,simulation,db4,usage,41,50,50,0
ALL,W-QDA:qda,15,1.0,0.0,0.066,80 81 110 77 79 108 78 83 109 112 84 107 113 114 115 223 75 76 82 111,80 81 110 77 79 108 78 83 109 112 84 107 113 114 115 223 75 76 82 111,simulation,db4,usage,41,50,50,0
W-NN,W-NN:k=7,40,,0.04,0.21,87 104 105 86 43 103 118 58 51 85 88 75 37 117 110 73 84 119 102 76,87 104 105 86 43 103 118 58 51 85 88 75 37 117 110 73 84 119 102 76,simulation,db4,energy,42,50,50,0
W-QDA,W-QDA:qda,16,,0.0,0.044,87 104 105 86 43 103 118 58 51 85 88 75 37 117 110 73 84 119 102 76,87 104 105 86 43 103 118 58 51 85 88 75 37 117 110 73 84 119 102 76,simulation,db4,energy,42,50,50,0
W-CART,W-CART:cart,4,,0.08,0.124,87 104 105 86 43 103 118 58 51 85 88 75 37 117 110 73 84 119 102 76,87 104 105 86 43 103 118 58 51 85 88 75 37 117 110 73 84 119 102 76,simulation,db4,energy,42,50,50,0
ALL,W-QDA:qda,16,,0.0,0.044,87 104 105 86 43 103 118 58 51 85 88 75 37 117 110 73 84 119 102 76,87 104 105 86 43 103 118 58 51 85 88 75 37 117 110 73 84 119 102 76,simulation,db4,energy,42,50,50,0
W-NN,W-NN:k=1,10,0.5,0.04,0.132,78 112 114 77 80 116 76 79 82 83 109 111 81 115 75 85 113 108 110 117,80 112 82 113 115 116 76 75 83 111 77 79 81 84 110 118 78 106 109 114,simulation,db4,usage,42,50,50,0
W-QDA,W-QDA:qda,12,3.0,0.0,0.036,113 116 118 73 74 75 77 87 117 84 85 105 106 71 72 82 83 86 88 119,80 112 82 113 115 116 76 75 83 111 77 79 81 84 110 118 78 106 109 114,simulation,db4,usage,42,50,50,0
W-CART,W-CART:cart,8,1.0,0.04,0.158,80 112 82 113 115 116 76 75 83 111 77 79 81 84 110 118 78 106 109 114,80 112 82 113 115 116 76 75 83 111 77 79 81 84 110 118 78 106 109 114,simulation,db4,usage,42,50,50,0
ALL,W-QDA:qda,12,3.0,0.0,0.036,113 116 118 73 74 75 77 87 117 84 85 105 106 71 72 82 83 86 88 119,80 112 82 113 115 116 76 75 83 111 77 79 81 84 110 118 78 106 109 114,simulation,db4,usage,42,50,50,0
W-NN,W-NN:k=1,12,,0.06,0.112,89 117 43 114 111 107 75 85 116 88 78 118 73 81 79 104 106 72 113 115,89 117 43 114 111 107 75 85 116 88 78 118 73 81 79 104 106 72 113 115,simulation,db4,energy,43,50,50,0
W-QDA,W-QDA:qda,7,,0.02,0.072,89 117 43 114 111 107 75 85 116 88 78 118 73 81 79 104 106 72 113 115,89 117 43 114 111 107 75 85 116 88 78 118 73 81 79 104 106 72 113 115,simulation,db4,energy,43,50,50,0
W-CART,W-CART:cart,8,,0.04,0.094,89 117 43 114 111 107 75 85 116 88 78 118 73 81 79 104 106 72 113 115,89 117 43 114 111 107 75 85 116 88 78 118 73 81 79 104 106 72 113 115,simulation,db4,energy,43,50,50,0
ALL,W-QDA:qda,7,,0.02,0.072,89 117 43 114 111 107 75 85 116 88 78 118 73 81 79 104 106 72 113 115,89 117 43 114 111 107 75 85 116 88 78 118 73 81 79 104 106 72 113 115,simulation,db4,energy,43,50,50,0
W-NN,W-NN:k=7,1,2.0,0.08,0.108,117 76 78 73 74 114 115 116 110 118 72 75 77 79 107 113 108 111 119 84,78 79 117 76 114 115 116 113 74 72 110 118 73 77 75 80 109 112 82 111,simulation,db4,usage,43,50,50,0
W-QDA,W-QDA:qda,15,3.0,0.06,0.072,73 116 74 114 76 78 115 117 107 113 72 75 77 105 108 118 119 71 79 84,78 79 117 76 114 115 116 113 74 72 110 118 73 77 75 80 109 112 82 111,simulation,db4,usage,43,50,50,0
W-CART,W-CART:cart,47,1.5,0.06,0.094,116 117 76 74 78 79 113 114 77 115 72 73 75 110 118 107 81 109 112 119,78 79 117 76 114 115 116 113 74 72 110 118 73 77 75 80 109 112 82 111,simulation,db4,usage,43,50,50,0
ALL,W-QDA:qda,15,3.0,0.06,0.072,73 116 74 114 76 78 115 117 107 113 72 75 77 105 108 118 119 71 79 84,78 79 117 76 114 115 116 113 74 72 110 118 73 77 75 80 109 112 82 111,simulation,db4,usage,43,50,50,0
W-NN,W-NN:k=3,8,,0.1,0.126,104 86 40 72 75 73 38 114 78 85 58 103 112 41 54 84 70 76 117 115,104 86 40 72 75 73 38 114 78 85 58 103 112 41 54 84 70 76 117 115,simulation,db4,energy,44,50,50,0
W-QDA,W-QDA:qda,5,,0.08,0.072,104 86 40 72 75 73 38 114 78 85 58 103 112 41 54 84 70 76 117 115,104 86 40 72 75 73 38 114 78 85 58 103 112 41 54 84 70 76 117 115,simulation,db4,energy,44,50,50,0
W-CART,W-CART:cart,30,,0.06,0.11,104 86 40 72 75 73 38 114 78 85 58 103 112 41 54 84 70 76 117 115,104 86 40 72 75 73 38 114 78 85 58 103 112 41 54 84 70 76 117 115,simulation,db4,energy,44,50,50,0
ALL,W-CART:cart,30,,0.06,0.11,104 86 40 72 75 73 38 114 78 85 58 103 112 41 54 84 70 76 117 115,104 86 40 72 75 73 38 114 78 85 58 103 112 41 54 84 70 76 117 115,simulation,db4,energy,44,50,50,0
W-NN,W-NN:k=7,3,0.5,0.06,0.226,113 108 110 79 81 83 109 111 78 80 114 115 116 77 82 112 107 117 85 225,113 78 79 114 115 110 108 111 112 80 81 83 107 75 82 84 109 72 73 77,simulation,db4,usage,44,50,50,0
W-QDA,W-QDA:qda,7,0.5,0.08,0.168,113 108 110 79 81 83 109 111 78 80 114 115 116 77 82 112 107 117 85 225,113 78 79 114 115 110 108 111 112 80 81 83 107 75 82 84 109 72 73 77,simulation,db4,usage,44,50,50,0
W-CART,W-CART:cart,18,0.5,0.08,0.146,113 108 110 79 81 83 109 111 78 80 114 115 116 77 82 112 107 117 85 225,113 78 79 114 115 110 108 111 112 80 81 83 107 75 82 84 109 72 73 77,simulation,db4,usage,44,50,50,0
ALL,W-NN:k=7,3,0.5,0.06,0.226,113 108 110 79 81 83 109 111 78 80 114 115 116 77 82 112 107 117 85 225,113 78 79 114 115 110 108 111 112 80 81 83 107 75 82 84 109 72 73 77,simulation,db4,usage,44,50,50,0
W-NN,W-NN:k=3,1,,0.04,0.122,73 118 117 119 71 74 72 36 120 84 116 37 58 237 105 85 113 87 108 107,73 118 117 119 71 74 72 36 120 84 116 37 58 237 105 85 113 87 108 107,simulation,db4,energy,45,50,50,0
W-QDA,W-QDA:qda,3,,0.0,0.088,73 118 117 119 71 74 72 36 120 84 116 37 58 237 105 85 113 87 108 107,73 118 117 119 71 74 72 36 120 84 116 37 58 237 105 85 113 87 108 107,simulation,db4,energy,45,50,50,0
W-CART,W-CART:cart,34,,0.0,0.166,73 118 117 119 71 74 72 36 120 84 116 37 58 237 105 85 113 87 108 107,73 118 117 119 71 74 72 36 120 84 116 37 58 237 105 85 113 87 108 107,simulation,db4,energy,45,50,50,0
ALL,W-QDA:qda,3,,0.0,0.088,73 118 117 119 71 74 72 36 120 84 116 37 58 237 105 85 113 87 108 107,73 118 117 119 71 74 72 36 120 84 116 37 58 237 105 85 113 87 108 107,simulation,db4,energy,45,50,50,0
W-NN,W-NN:k=3,51,2.0,0.02,0.13,73 74 72 109 113 114 118 119 80 85 111 112 116 117 81 82 106 120 107 71,111 73 112 72 74 84 114 116 119 76 82 85 110 113 115 117 118 75 80 108,simulation,db4,usage,45,50,50,0
W-QDA,W-QDA:qda,3,3.0,0.0,0.092,73 118 116 74 113 117 119 72 81 85 109 120 75 106 71 78 80 82 83 84,111 73 112 72 74 84 114 116 119 76 82 85 110 113 115 117 118 75 80 108,simulation,db4,usage,45,50,50,0
W-CART,W-CART:cart,2,1.0,0.0,0.138,111 73 112 72 74 84 114 116 119 76 82 85 110 113 115 117 118 75 80 108,111 73 112 72 74 84 114 116 119 76 82 85 110 113 115 117 118 75 80 108,simulation,db4,usage,45,50,50,0
ALL,W-CART:cart,2,1.0,0.0,0.138,111 73 112 72 74 84 114 116 119 76 82 85 110 113 115 117 118 75 80 108,111 73 112 72 74 84 114 116 119 76 82 85 110 113 115 117 118 75 80 108,simulation,db4,usage,45,50,50,0
W-NN,W-NN:k=5,3,,0.04,0.12,104 75 35 108 85 106 71 83 107 88 76 58 84 109 115 120 82 117 114 74,104 75 35 108 85 106 71 83 107 88 76 58 84 109 115 120 82 117 114 74,simulation,db4,energy,46,50,50,0
W-QDA,W-QDA:qda,6,,0.02,0.038,104 75 35 108 85 106 71 83 107 88 76 58 84 109 115 120 82 117 114 74,104 75 35 108 85 106 71 83 107 88 76 58 84 109 115 120 82 117 114 74,simulation,db4,energy,46,50,50,0
W-CART,W-CART:cart,1,,0.08,0.114,104 75 35 108 85 106 71 83 107 88 76 58 84 109 115 120 82 117 114 74,104 75 35 108 85 106 71 83 107 88 76 58 84 109 115 120 82 117 114 74,simulation,db4,energy,46,50,50,0
ALL,W-QDA:qda,6,,0.02,0.038,104 75 35 108 85 106 71 83 107 88 76 58 84 109 115 120 82 117 114 74,104 75 35 108 85 106 71 83 107 88 76 58 84 109 115 120 82 117 114 74,simulation,db4,energy,46,50,50,0
W-NN,W-NN:k=3,7,1.0,0.02,0.134,77 79 80 84 112 78 107 109 110 81 83 105 108 111 113 76 115 116 82 85,77 79 80 84 112 78 107 109 110 81 83 105 108 111 113 76 115 116 82 85,simulation,db4,usage,46,50,50,0
W-QDA,W-QDA:qda,9,2.0,0.04,0.03,78 82 79 84 104 105 112 113 75 77 85 106 107 108 110 109 114 76 111 74,77 79 80 84 112 78 107 109 110 81 83 105 108 111 113 76 115 116 82 85,simulation,db4,usage,46,50,50,0
W-CART,W-CART:cart,1,3.0,0.08,0.114,104 84 85 106 76 105 74 78 81 109 111 112 114 77 108 110 113 115 75 83,77 79 80 84 112 78 107 109 110 81 83 105 108 111 113 76 115 116 82 85,simulation,db4,usage,46,50,50,0
ALL,W-NN:k=3,7,1.0,0.02,0.134,77 79 80 84 112 78 107 109 110 81 83 105 108 111 113 76 115 116 82 85,77 79 80 84 112 78 107 109 110 81 83 105 108 111 113 76 115 116 82 85,simulation,db4,usage,46,50,50,0
W-NN,W-NN:k=1,2,,0.06,0.13,72 108 82 238 109 84 88 87 86 239 83 105 71 55 76 53 51 114 81 107,72 108 82 238 109 84 88 87 86 239 83 105 71 55 76 53 51 114 81 107,simulation,db4,energy,47,50,50,0
W-QDA,W-QDA:qda,8,,0.0,0.032,72 108 82 238 109 84 88 87 86 239 83 105 71 55 76 53 51 114 81 107,72 108 82 238 109 84 88 87 86 239 83 105 71 55 76 53 51 114 81 107,simulation,db4,energy,47,50,50,0
W-CART,W-CART:cart,42,,0.06,0.086,72 108 82 238 109 84 88 87 86 239 83 105 71 55 76 53 51 114 81 107,72 108 82 238 109 84 88 87 86 239 83 105 71 55 76 53 51 114 81 107,simulation,db4,energy,47,50,50,0
ALL,W-QDA:qda,8,,0.0,0.032,72 108 82 238 109 84 88 87 86 239 83 105 71 55 76 53 51 114 81 107,72 108 82 238 109 84 88 87 86 239 83 105 71 55 76 53 51 114 81 107,simulation,db4,energy,47,50,50,0
W-NN,W-NN:k=1,3,0.5,0.06,0.148,78 83 108 109 110 111 79 80 82 84 81 85 86 105 107 113 74 75 87 106,110 84 111 107 79 81 82 108 109 80 85 83 86 105 76 78 113 75 106 116,simulation,db4,usage,47,50,50,0
W-QDA,W-QDA:qda,10,2.0,0.0,0.104,82 84 107 108 81 105 76 83 85 109 86 87 104 106 78 80 114 115 116 118,110 84 111 107 79 81 82 108 109 80 85 83 86 105 76 78 113 75 106 116,simulation,db4,usage,47,50,50,0
W-CART,W-CART:cart,17,3.0,0.02,0.12,107 82 84 87 105 86 109 106 108 76 116 75 83 85 110 114 118 72 73 77,110 84 111 107 79 81 82 108 109 80 85 83 86 105 76 78 113 75 106 116,simulation,db4,usage,47,50,50,0
ALL,W-QDA:qda,10,2.0,0.0,0.104,82 84 107 108 81 105 76 83 85 109 86 87 104 106 78 80 114 115 116 118,110 84 111 107 79 81 82 108 109 80 85 83 86 105 76 78 113 75 106 116,simulation,db4,usage,47,50,50,0
W-NN,W-NN:k=5,2,,0.06,0.158,85 114 71 117 38 72 106 119 118 60 75 73 76 115 116 74 36 120 107 111,85 114 71 117 38 72 106 119 118 60 75 73 76 115 116 74 36 120 107 111,simulation,db4,energy,48,50,50,0
W-QDA,W-QDA:qda,3,,0.0,0.104,85 114 71 117 38 72 106 119 118 60 75 73 76 115 116 74 36 120 107 111,85 114 71 117 38 72 106 119 118 60 75 73 76 115 116 74 36 120 107 111,simulation,db4,energy,48,50,50,0
W-CART,W-CART:cart,7,,0.02,0.114,85 114 71 117 38 72 106 119 118 60 75 73 76 115 116 74 36 120 107 111,85 114 71 117 38 72 106 119 118 60 75 73 76 115 116 74 36 120 107 111,simulation,db4,energy,48,50,50,0
ALL,W-QDA:qda,3,,0.0,0.104,85 114 71 117 38 72 106 119 118 60 75 73 76 115 116 74 36 120 107 111,85 114 71 117 38 72 106 119 118 60 75 73 76 115 116 74 36 120 107 111,simulation,db4,energy,48,50,50,0
W-NN,W-NN:k=3,4,0.5,0.04,0.2,115 112 78 76 116 113 75 80 73 74 77 79 114 118 82 108 109 110 117 81,116 112 115 75 76 114 117 74 78 72 73 80 110 113 119 106 107 108 109 77,simulation,db4,usage,48,50,50,0
W-QDA,W-QDA:qda,4,1.5,0.02,0.122,116 76 112 73 75 114 117 72 74 78 80 107 108 109 113 83 106 119 77 85,116 112 115 75 76 114 117 74 78 72 73 80 110 113 119 106 107 108 109 77,simulation,db4,usage,48,50,50,0
W-CART,W-CART:cart,5,1.5,0.02,0.134,116 76 112 73 75 114 117 72 74 78 80 107 108 109 113 83 106 119 77 85,116 112 115 75 76 114 117 74 78 72 73 80 110 113 119 106 107 108 109 77,simulation,db4,usage,48,50,50,0
ALL,W-QDA:qda,4,1.5,0.02,0.122,116 76 112 73 75 114 117 72 74 78 80 107 108 109 113 83 106 119 77 85,116 112 115 75 76 114 117 74 78 72 73 80 110 113 119 106 107 108 109 77,simulation,db4,usage,48,50,50,0
W-NN,W-NN:k=3,39,,0.04,0.166,115 73 72 119 88 118 59 114 85 106 117 111 74 89 116 58 77 75 79 83,115 73 72 119 88 118 59 114 85 106 117 111 74 89 116 58 77 75 79 83,simulation,db4,energy,49,50,50,0
W-QDA,W-QDA:qda,11,,0.0,0.048,115 73 72 119 88 118 59 114 85 106 117 111 74 89 116 58 77 75 79 83,115 73 72 119 88 118 59 114 85 106 117 111 74 89 116 58 77 75 79 83,simulation,db4,energy,49,50,50,0
W-CART,W-CART:cart,15,,0.04,0.078,115 73 72 119 88 118 59 114 85 106 117 111 74 89 116 58 77 75 79 83,115 73 72 119 88 118 59 114 85 106 117 111 74 89 116 58 77 75 79 83,simulation,db4,energy,49,50,50,0
ALL,W-QDA:qda,11,,0.0,0.048,115 73 72 119 88 118 59 114 85 106 117 111 74 89 116 58 77 75 79 83,115 73 72 119 88 118 59 114 85 106 117 111 74 89 116 58 77 75 79 83,simulation,db4,energy,49,50,50,0
W-NN,W-NN:k=3,48,2.0,0.04,0.17,74 75 115 114 77 73 76 116 72 107 113 117 118 119 78 80 82 79 83 84,115 114 73 75 113 118 76 77 111 74 78 83 116 80 84 110 81 112 71 79,simulation,db4,usage,49,50,50,0
W-QDA,W-QDA:qda,3,1.0,0.08,0.088,115 114 73 75 113 118 76 77 111 74 78 83 116 80 84 110 81 112 71 79,115 114 73 75 113 118 76 77 111 74 78 83 116 80 84 110 81 112 71 79,simulation,db4,usage,49,50,50,0
W-CART,W-CART:cart,23,3.0,0.04,0.082,74 75 114 116 72 76 115 73 77 82 83 118 79 109 110 117 119 120 78 81,115 114 73 75 113 118 76 77 111 74 78 83 116 80 84 110 81 112 71 79,simulation,db4,usage,49,50,50,0
ALL,W-CART:cart,23,3.0,0.04,0.082,74 75 114 116 72 76 115 73 77 82 83 118 79 109 110 117 119 120 78 81,115 114 73 75 113 118 76 77 111 74 78 83 116 80 84 110 81 112 71 79,simulation,db4,usage,49,50,50,0
W-NN,W-NN:k=3,50,,0.12,0.18,109 165 106 81 77 110 107 112 82 41 83 54 78 75 114 79 72 218 71 80,109 165 106 81 77 110 107 112 82 41 83 54 78 75 114 79 72 218 71 80,simulation,db4,energy,50,50,50,0
W-QDA,W-QDA:qda,5,,0.08,0.108,109 165 106 81 77 110 107 112 82 41 83 54 78 75 114 79 72 218 71 80,109 165 106 81 77 110 107 112 82 41 83 54 78 75 114 79 72 218 71 80,simulation,db4,energy,50,50,50,0
W-CART,W-CART:cart,3,,0.1,0.128,109 165 106 81 77 110 107 112 82 41 83 54 78 75 114 79 72 218 71 80,109 165 106 81 77 110 107 112 82 41 83 54 78 75 114 79 72 218 71 80,simulation,db4,energy,50,50,50,0
ALL,W-QDA:qda,5,,0.08,0.108,109 165 106 81 77 110 107 112 82 41 83 54 78 75 114 79 72 218 71 80,109 165 106 81 77 110 107 112 82 41 83 54 78 75 114 79 72 218 71 80,simulation,db4,energy,50,50,50,0
W-NN,W-NN:k=1,17,3.0,0.06,0.154,112 78 77 108 113 115 75 81 110 114 116 117 80 82 83 109 73 74 76 79,112 77 76 110 113 115 74 81 73 75 78 111 114 80 108 109 79 82 72 116,simulation,db4,usage,50,50,50,0
W-QDA,W-QDA:qda,9,1.0,0.06,0.08,112 77 76 110 113 115 74 81 73 75 78 111 114 80 108 109 79 82 72 116,112 77 76 110 113 115 74 81 73 75 78 111 114 80 108 109 79 82 72 116,simulation,db4,usage,50,50,50,0
W-CART,W-CART:cart,9,1.0,0.06,0.152,112 77 76 110 113 115 74 81 73 75 78 111 114 80 108 109 79 82 72 116,112 77 76 110 113 115 74 81 73 75 78 111 114 80 108 109 79 82 72 116,simulation,db4,usage,50,50,50,0
ALL,W-QDA:qda,9,1.0,0.06,0.08,112 77 76 110 113 115 74 81 73 75 78 111 114 80 108 109 79 82 72 116,112 77 76 110 113 115 74 81 73 75 78 111 114 80 108 109 79 82 72 116,simulation,db4,usage,50,50,50,0
W-NN,W-NN:k=5,9,,0.04,0.084,106 118 145 84 72 42 38 104 114 120 115 78 113 110 238 112 107 119 35 111,106 118 145 84 72 42 38 104 114 120 115 78 113 110 238 112 107 119 35 111,simulation,db4,energy,51,50,50,0
W-QDA,W-QDA:qda,3,,0.04,0.1,106 118 145 84 72 42 38 104 114 120 115 78 113 110 238 112 107 119 35 111,106 118 145 84 72 42 38 104 114 120 115 78 113 110 238 112 107 119 35 111,simulation,db4,energy,51,50,50,0
W-CART,W-CART:cart,10,,0.04,0.162,106 118 145 84 72 42 38 104 114 120 115 78 113 110 238 112 107 119 35 111,106 118 145 84 72 42 38 104 114 120 115 78 113 110 238 112 107 119 35 111,simulation,db4,energy,51,50,50,0
ALL,W-QDA:qda,3,,0.04,0.1,106 118 145 84 72 42 38 104 114 120 115 78 113 110 238 112 107 119 35 111,106 118 145 84 72 42 38 104 114 120 115 78 113 110 238 112 107 119 35 111,simulation,db4,energy,51,50,50,0
W-NN,W-NN:k=1,21,1.5,0.04,0.186,77 111 78 113 76 79 114 74 109 110 116 118 80 81 82 84 117 83 107 75,79 78 111 113 77 81 116 82 110 76 84 109 112 114 80 83 74 75 107 115,simulation,db4,usage,51,50,50,0
W-QDA,W-QDA:qda,8,3.0,0.04,0.076,74 82 113 116 79 110 114 76 77 80 83 109 112 111 75 78 73 84 85 115,79 78 111 113 77 81 116 82 110 76 84 109 112 114 80 83 74 75 107 115,simulation,db4,usage,51,50,50,0
W-CART,W-CART:cart,16,3.0,0.08,0.134,74 82 113 116 79 110 114 76 77 80 83 109 112 111 75 78 73 84 85 115,79 78 111 113 77 81 116 82 110 76 84 109 112 114 80 83 74 75 107 115,simulation,db4,usage,51,50,50,0
ALL,W-QDA:qda,8,3.0,0.04,0.076,74 82 113 116 79 110 114 76 77 80 83 109 112 111 75 78 73 84 85 115,79 78 111 113 77 81 116 82 110 76 84 109 112 114 80 83 74 75 107 115,simulation,db4,usage,51,50,50,0
W-NN,W-NN:k=3,62,,0.06,0.182,84 80 107 83 116 81 57 216 110 115 75 106 118 72 113 108 119 112 145 82,84 80 107 83 116 81 57 216 110 115 75 106 118 72 113 108 119 112 145 82,simulation,db4,energy,52,50,50,0
W-QDA,W-QDA:qda,12,,0.04,0.052,84 80 107 83 116 81 57 216 110 115 75 106 118 72 113 108 119 112 145 82,84 80 107 83 116 81 57 216 110 115 75 106 118 72 113 108 119 112 145 82,simulation,db4,energy,52,50,50,0
W-CART,W-CART:cart,35,,0.12,0.148,84 80 107 83 116 81 57 216 110 115 75 106 118 72 113 108 119 112 145 82,84 80 107 83 116 81 57 216 110 115 75 106 118 72 113 108 119 112 145 82,simulation,db4,energy,52,50,50,0
ALL,W-QDA:qda,12,,0.04,0.052,84 80 107 83 116 81 57 216 110 115 75 106 118 72 113 108 119 112 145 82,84 80 107 83 116 81 57 216 110 115 75 106 118 72 113 108 119 112 145 82,simulation,db4,energy,52,50,50,0
W-NN,W-NN:k=1,11,3.0,0.04,0.098,75 83 84 82 78 80 107 111 114 72 79 112 113 74 77 108 110 81 85 106,114 75 78 79 80 112 115 76 81 111 77 82 110 83 84 85 108 113 116 74,simulation,db4,usage,52,50,50,0
W-QDA,W-QDA:qda,20,2.0,0.0,0.06,75 80 83 84 77 78 110 112 113 114 115 79 85 108 111 74 76 81 82 106,114 75 78 79 80 112 115 76 81 111 77 82 110 83 84 85 108 113 116 74,simulation,db4,usage,52,50,50,0
W-CART,W-CART:cart,10,3.0,0.04,0.048,75 83 84 82 78 80 107 111 114 72 79 112 113 74 77 108 110 81 85 106,114 75 78 79 80 112 115 76 81 111 77 82 110 83 84 85 108 113 116 74,simulation,db4,usage,52,50,50,0
ALL,W-QDA:qda,20,2.0,0.0,0.06,75 80 83 84 77 78 110 112 113 114 115 79 85 108 111 74 76 81 82 106,114 75 78 79 80 112 115 76 81 111 77 82 110 83 84 85 108 113 116 74,simulation,db4,usage,52,50,50,0
W-NN,W-NN:k=1,9,,0.06,0.21,53 113 106 56 151 78 115 156 88 77 110 155 109 55 83 107 84 111 108 112,53 113 106 56 151 78 115 156 88 77 110 155 109 55 83 107 84 111 108 112,simulation,db4,energy,53,50,50,0
W-QDA,W-QDA:qda,14,,0.04,0.072,53 113 106 56 151 78 115 156 88 77 110 155 109 55 83 107 84 111 108 112,53 113 106 56 151 78 115 156 88 77 110 155 109 55 83 107 84 111 108 112,simulation,db4,energy,53,50,50,0
W-CART,W-CART:cart,18,,0.04,0.164,53 113 106 56 151 78 115 156 88 77 110 155 109 55 83 107 84 111 108 112,53 113 106 56 151 78 115 156 88 77 110 155 109 55 83 107 84 111 108 112,simulation,db4,energy,53,50,50,0
ALL,W-QDA:qda,14,,0.04,0.072,53 113 106 56 151 78 115 156 88 77 110 155 109 55 83 107 84 111 108 112,53 113 106 56 151 78 115 156 88 77 110 155 109 55 83 107 84 111 108 112,simulation,db4,energy,53,50,50,0
W-NN,W-NN:k=5,5,2.0,0.06,0.198,79 82 112 107 81 109 80 83 106 110 84 108 111 78 85 113 86 87 76 77,82 79 80 81 109 112 110 83 111 113 78 108 84 86 107 77 106 76 105 114,simulation,db4,usage,53,50,50,0
W-QDA,W-QDA:qda,8,2.0,0.06,0.124,79 82 112 107 81 109 80 83 106 110 84 108 111 78 85 113 86 87 76 77,82 79 80 81 109 112 110 83 111 113 78 108 84 86 107 77 106 76 105 114,simulation,db4,usage,53,50,50,0
W-CART,W-CART:cart,17,1.5,0.02,0.12,82 112 79 80 81 83 109 110 111 107 84 113 106 108 78 86 85 114 77 87,82 79 80 81 109 112 110 83 111 113 78 108 84 86 107 77 106 76 105 114,simulation,db4,usage,53,50,50,0
ALL,W-CART:cart,17,1.5,0.02,0.12,82 112 79 80 81 83 109 110 111 107 84 113 106 108 78 86 85 114 77 87,82 79 80 81 109 112 110 83 111 113 78 108 84 86 107 77 106 76 105 114,simulation,db4,usage,53,50,50,0
W-NN,W-NN:k=1,44,,0.16,0.21,81 109 83 108 110 82 219 87 220 107 103 53 84 102 40 76 79 85 112 80,81 109 83 108 110 82 219 87 220 107 103 53 84 102 40 76 79 85 112 80,simulation,db4,energy,54,50,50,0
W-QDA,W-QDA:qda,4,,0.22,0.162,81 109 83 108 110 82 219 87 220 107 103 53 84 102 40 76 79 85 112 80,81 109 83 108 110 82 219 87 220 107 103 53 84 102 40 76 79 85 112 80,simulation,db4,energy,54,50,50,0
W-CART,W-CART:cart,8,,0.12,0.132,81 109 83 108 110 82 219 87 220 107 103 53 84 102 40 76 79 85 112 80,81 109 83 108 110 82 219 87 220 107 103 53 84 102 40 76 79 85 112 80,simulation,db4,energy,54,50,50,0
ALL,W-CART:cart,8,,0.12,0.132,81 109 83 108 110 82 219 87 220 107 103 53 84 102 40 76 79 85 112 80,81 109 83 108 110 82 219 87 220 107 103 53 84 102 40 76 79 85 112 80,simulation,db4,energy,54,50,50,0
W-NN,W-NN:k=3,28,2.0,0.06,0.13,81 109 82 83 110 78 79 85 107 108 84 112 113 114 76 80 111 106 77 115,81 110 109 79 83 108 112 78 82 111 113 80 84 85 106 114 115 76 107 105,simulation,db4,usage,54,50,50,0
W-QDA,W-QDA:qda,2,3.0,0.22,0.21,82 83 81 110 80 109 84 108 111 107 113 78 79 85 106 114 112 115 75 77,81 110 109 79 83 108 112 78 82 111 113 80 84 85 106 114 115 76 107 105,simulation,db4,usage,54,50,50,0
W-CART,W-CART:cart,25,0.5,0.1,0.12,81 110 109 79 80 82 112 113 83 85 108 111 106 107 114 84 86 78 105 115,81 110 109 79 83 108 112 78 82 111 113 80 84 85 106 114 115 76 107 105,simulation,db4,usage,54,50,50,0
ALL,W-NN:k=3,28,2.0,0.06,0.13,81 109 82 83 110 78 79 85 107 108 84 112 113 114 76 80 111 106 77 115,81 110 109 79 83 108 112 78 82 111 113 80 84 85 106 114 115 76 107 105,simulation,db4,usage,54,50,50,0
W-NN,W-NN:k=1,39,,0.1,0.172,79 107 112 84 108 116 109 106 110 82 83 85 54 111 80 53 168 75 114 113,79 107 112 84 108 116 109 106 110 82 83 85 54 111 80 53 168 75 114 113,simulation,db4,energy,55,50,50,0
W-QDA,W-QDA:qda,7,,0.08,0.074,79 107 112 84 108 116 109 106 110 82 83 85 54 111 80 53 168 75 114 113,79 107 112 84 108 116 109 106 110 82 83 85 54 111 80 53 168 75 114 113,simulation,db4,energy,55,50,50,0
W-CART,W-CART:cart,34,,0.1,0.176,79 107 112 84 108 116 109 106 110 82 83 85 54 111 80 53 168 75 114 113,79 107 112 84 108 116 109 106 110 82 83 85 54 111 80 53 168 75 114 113,simulation,db4,energy,55,50,50,0
ALL,W-QDA:qda,7,,0.08,0.074,79 107 112 84 108 116 109 106 110 82 83 85 54 111 80 53 168 75 114 113,79 107 112 84 108 116 109 106 110 82 83 85 54 111 80 53 168 75 114 113,simulation,db4,energy,55,50,50,0
W-NN,W-NN:k=1,8,3.0,0.06,0.178,83 107 106 108 105 109 87 110 81 82 84 86 114 79 85 112 80 111 77 104,82 84 108 109 110 106 83 107 113 81 85 105 112 77 78 218 79 80 111 86,simulation,db4,usage,55,50,50,0
W-QDA,W-QDA:qda,5,3.0,0.08,0.12,83 107 106 108 105 109 87 110 81 82 84 86 114 79 85 112 80 111 77 104,82 84 108 109 110 106 83 107 113 81 85 105 112 77 78 218 79 80 111 86,simulation,db4,usage,55,50,50,0
W-CART,W-CART:cart,5,3.0,0.1,0.178,83 107 106 108 105 109 87 110 81 82 84 86 114 79 85 112 80 111 77 104,82 84 108 109 110 106 83 107 113 81 85 105 112 77 78 218 79 80 111 86,simulation,db4,usage,55,50,50,0
ALL,W-NN:k=1,8,3.0,0.06,0.178,83 107 106 108 105 109 87 110 81 82 84 86 114 79 85 112 80 111 77 104,82 84 108 109 110 106 83 107 113 81 85 105 112 77 78 218 79 80 111 86,simulation,db4,usage,55,50,50,0
W-NN,W-NN:k=3,54,,0.1,0.16,110 80 71 73 86 72 111 78 42 74 79 75 117 104 77 113 103 102 239 116,110 80 71 73 86 72 111 78 42 74 79 75 117 104 77 113 103 102 239 116,simulation,db4,energy,56,50,50,0
W-QDA,W-QDA:qda,14,,0.0,0.036,110 80 71 73 86 72 111 78 42 74 79 75 117 104 77 113 103 102 239 116,110 80 71 73 86 72 111 78 42 74 79 75 117 104 77 113 103 102 239 116,simulation,db4,energy,56,50,50,0
W-CART,W-CART:cart,31,,0.04,0.136,110 80 71 73 86 72 111 78 42 74 79 75 117 104 77 113 103 102 239 116,110 80 71 73 86 72 111 78 42 74 79 75 117 104 77 113 103 102 239 116,simulation,db4,energy,56,50,50,0
ALL,W-QDA:qda,14,,0.0,0.036,110 80 71 73 86 72 111 78 42 74 79 75 117 104 77 113 103 102 239 116,110 80 71 73 86 72 111 78 42 74 79 75 117 104 77 113 103 102 239 116,simulation,db4,energy,56,50,50,0
W-NN,W-NN:k=3,20,2.0,0.0,0.092,109 81 107 74 77 82 80 83 85 79 106 110 111 112 73 75 86 114 78 84,110 79 80 109 111 77 81 82 112 114 74 107 78 83 106 75 113 73 84 105,simulation,db4,usage,56,50,50,0
W-QDA,W-QDA:qda,6,2.0,0.0,0.06,109 81 107 74 77 82 80 83 85 79 106 110 111 112 73 75 86 114 78 84,110 79 80 109 111 77 81 82 112 114 74 107 78 83 106 75 113 73 84 105,simulation,db4,usage,56,50,50,0
W-CART,W-CART:cart,14,1.5,0.04,0.15,77 81 109 110 79 80 107 82 106 111 112 74 78 83 73 85 108 75 86 87,110 79 80 109 111 77 81 82 112 114 74 107 78 83 106 75 113 73 84 105,simulation,db4,usage,56,50,50,0
ALL,W-QDA:qda,6,2.0,0.0,0.06,109 81 107 74 77 82 80 83 85 79 106 110 111 112 73 75 86 114 78 84,110 79 80 109 111 77 81 82 112 114 74 107 78 83 106 75 113 73 84 105,simulation,db4,usage,56,50,50,0
W-NN,W-NN:k=1,13,,0.04,0.112,116 76 37 117 115 75 55 74 52 43 112 42 106 113 111 105 87 73 118 114,116 76 37 117 115 75 55 74 52 43 112 42 106 113 111 105 87 73 118 114,simulation,db4,energy,57,50,50,0
W-QDA,W-QDA:qda,13,,0.12,0.1,116 76 37 117 115 75 55 74 52 43 112 42 106 113 111 105 87 73 118 114,116 76 37 117 115 75 55 74 52 43 112 42 106 113 111 105 87 73 118 114,simulation,db4,energy,57,50,50,0
W-CART,W-CART:cart,4,,0.1,0.148,116 76 37 117 115 75 55 74 52 43 112 42 106 113 111 105 87 73 118 114,116 76 37 117 115 75 55 74 52 43 112 42 106 113 111 105 87 73 118 114,simulation,db4,energy,57,50,50,0
ALL,W-NN:k=1,13,,0.04,0.112,116 76 37 117 115 75 55 74 52 43 112 42 106 113 111 105 87 73 118 114,116 76 37 117 115 75 55 74 52 43 112 42 106 113 111 105 87 73 118 114,simulation,db4,energy,57,50,50,0
W-NN,W-NN:k=3,41,1.5,0.02,0.156,116 115 75 117 113 74 112 73 77 111 118 80 107 109 114 108 110 76 78 79,115 114 111 116 74 73 76 78 79 113 75 80 112 117 110 118 77 107 108 109,simulation,db4,usage,57,50,50,0
W-QDA,W-QDA:qda,13,3.0,0.06,0.11,116 117 73 74 75 115 112 113 118 76 105 106 109 79 111 114 119 77 78 85,115 114 111 116 74 73 76 78 79 113 75 80 112 117 110 118 77 107 108 109,simulation,db4,usage,57,50,50,0
W-CART,W-CART:cart,5,1.5,0.1,0.13,116 115 75 117 113 74 112 73 77 111 118 80 107 109 114 108 110 76 78 79,115 114 111 116 74 73 76 78 79 113 75 80 112 117 110 118 77 107 108 109,simulation,db4,usage,57,50,50,0
ALL,W-NN:k=3,41,1.5,0.02,0.156,116 115 75 117 113 74 112 73 77 111 118 80 107 109 114 108 110 76 78 79,115 114 111 116 74 73 76 78 79 113 75 80 112 117 110 118 77 107 108 109,simulation,db4,usage,57,50,50,0
W-NN,W-NN:k=1,43,,0.06,0.15,83 75 82 109 110 107 53 74 80 81 76 42 115 106 84 112 111 108 54 40,83 75 82 109 110 107 53 74 80 81 76 42 115 106 84 112 111 108 54 40,simulation,db4,energy,58,50,50,0
W-QDA,W-QDA:qda,3,,0.04,0.106,83 75 82 109 110 107 53 74 80 81 76 42 115 106 84 112 111 108 54 40,83 75 82 109 110 107 53 74 80 81 76 42 115 106 84 112 111 108 54 40,simulation,db4,energy,58,50,50,0
W-CART,W-CART:cart,2,,0.12,0.118,83 75 82 109 110 107 53 74 80 81 76 42 115 106 84 112 111 108 54 40,83 75 82 109 110 107 53 74 80 81 76 42 115 106 84 112 111 108 54 40,simulation,db4,energy,58,50,50,0
ALL,W-QDA:qda,3,,0.04,0.106,83 75 82 109 110 107 53 74 80 81 76 42 115 106 84 112 111 108 54 40,83 75 82 109 110 107 53 74 80 81 76 42 115 106 84 112 111 108 54 40,simulation,db4,energy,58,50,50,0
W-NN,W-NN:k=1,37,3.0,0.02,0.142,80 82 110 83 109 75 106 76 84 85 108 74 111 112 113 116 53 79 81 105,113 110 79 80 82 81 109 112 83 76 78 84 111 114 107 77 86 106 108 115,simulation,db4,usage,58,50,50,0
W-QDA,W-QDA:qda,20,0.5,0.0,0.066,113 81 110 112 79 80 109 82 83 114 78 84 111 115 76 77 107 74 116 157,113 110 79 80 82 81 109 112 83 76 78 84 111 114 107 77 86 106 108 115,simulation,db4,usage,58,50,50,0
W-CART,W-CART:cart,8,3.0,0.06,0.108,80 82 110 83 109 75 106 76 84 85 108 74 111 112 113 116 53 79 81 105,113 110 79 80 82 81 109 112 83 76 78 84 111 114 107 77 86 106 108 115,simulation,db4,usage,58,50,50,0
ALL,W-QDA:qda,20,0.5,0.0,0.066,113 81 110 112 79 80 109 82 83 114 78 84 111 115 76 77 107 74 116 157,113 110 79 80 82 81 109 112 83 76 78 84 111 114 107 77 86 106 108 115,simulation,db4,usage,58,50,50,0
W-NN,W-NN:k=1,24,,0.08,0.138,145 88 103 87 119 59 104 89 83 80 112 36 107 79 111 81 86 51 78 84,145 88 103 87 119 59 104 89 83 80 112 36 107 79 111 81 86 51 78 84,simulation,db4,energy,59,50,50,0
W-QDA,W-QDA:qda,13,,0.0,0.054,145 88 103 87 119 59 104 89 83 80 112 36 107 79 111 81 86 51 78 84,145 88 103 87 119 59 104 89 83 80 112 36 107 79 111 81 86 51 78 84,simulation,db4,energy,59,50,50,0
W-CART,W-CART:cart,45,,0.06,0.174,145 88 103 87 119 59 104 89 83 80 112 36 107 79 111 81 86 51 78 84,145 88 103 87 119 59 104 89 83 80 112 36 107 79 111 81 86 51 78 84,simulation,db4,energy,59,50,50,0
ALL,W-QDA:qda,13,,0.0,0.054,145 88 103 87 119 59 104 89 83 80 112 36 107 79 111 81 86 51 78 84,145 88 103 87 119 59 104 89 83 80 112 36 107 79 111 81 86 51 78 84,simulation,db4,energy,59,50,50,0
W-NN,W-NN:k=1,4,3.0,0.06,0.166,86 87 110 79 83 80 81 84 85 88 103 107 109 111 112 104 108 76 78 82,80 81 106 108 110 86 87 105 79 83 85 104 107 109 111 112 113 78 82 77,simulation,db4,usage,59,50,50,0
W-QDA,W-QDA:qda,8,0.5,0.04,0.118,106 80 109 86 104 87 105 110 79 81 108 111 112 82 83 85 84 107 78 88,80 81 106 108 110 86 87 105 79 83 85 104 107 109 111 112 113 78 82 77,simulation,db4,usage,59,50,50,0
W-CART,W-CART:cart,5,0.5,0.08,0.102,106 80 109 86 104 87 105 110 79 81 108 111 112 82 83 85 84 107 78 88,80 81 106 108 110 86 87 105 79 83 85 104 107 109 111 112 113 78 82 77,simulation,db4,usage,59,50,50,0
ALL,W-QDA:qda,8,0.5,0.04,0.118,106 80 109 86 104 87 105 110 79 81 108 111 112 82 83 85 84 107 78 88,80 81 106 108 110 86 87 105 79 83 85 104 107 109 111 112 113 78 82 77,simulation,db4,usage,59,50,50,0
W-NN,W-NN:k=3,15,,0.06,0.12,241 70 118 83 154 141 106 229 74 120 107 116 84 81 105 155 85 242 121 80,241 70 118 83 154 141 106 229 74 120 107 116 84 81 105 155 85 242 121 80,simulation,db4,energy,60,50,50,0
W-QDA,W-QDA:qda,7,,0.02,0.062,241 70 118 83 154 141 106 229 74 120 107 116 84 81 105 155 85 242 121 80,241 70 118 83 154 141 106 229 74 120 107 116 84 81 105 155 85 242 121 80,simulation,db4,energy,60,50,50,0
W-CART,W-CART:cart,4,,0.06,0.128,241 70 118 83 154 141 106 229 74 120 107 116 84 81 105 155 85 242 121 80,241 70 118 83 154 141 106 229 74 120 107 116 84 81 105 155 85 242 121 80,simulation,db4,energy,60,50,50,0
ALL,W-QDA:qda,7,,0.02,0.062,241 70 118 83 154 141 106 229 74 120 107 116 84 81 105 155 85 242 121 80,241 70 118 83 154 141 106 229 74 120 107 116 84 81 105 155 85 242 121 80,simulation,db4,energy,60,50,50,0
W-NN,W-NN:k=1,7,2.0,0.06,0.146,82 107 81 85 106 83 113 114 84 108 109 115 76 78 79 80 105 111 103 112,82 83 108 81 107 84 111 80 85 79 78 112 114 115 106 109 110 113 105 76,simulation,db4,usage,60,50,50,0
W-QDA,W-QDA:qda,14,3.0,0.04,0.048,85 107 82 113 105 80 106 83 84 114 112 115 117 118 76 81 103 108 109 73,82 83 108 81 107 84 111 80 85 79 78 112 114 115 106 109 110 113 105 76,simulation,db4,usage,60,50,50,0
W-CART,W-CART:cart,9,0.5,0.08,0.128,81 82 84 108 107 112 83 85 110 80 111 106 78 217 115 164 79 105 109 113,82 83 108 81 107 84 111 80 85 79 78 112 114 115 106 109 110 113 105 76,simulation,db4,usage,60,50,50,0
ALL,W-QDA:qda,14,3.0,0.04,0.048,85 107 82 113 105 80 106 83 84 114 112 115 117 118 76 81 103 108 109 73,82 83 108 81 107 84 111 80 85 79 78 112 114 115 106 109 110 113 105 76,simulation,db4,usage,60,50,50,0
W-NN,W-NN:k=7,3,,0.08,0.132,71 120 75 77 116 76 114 104 112 118 74 87 82 40 111 117 72 113 119 73,71 120 75 77 116 76 114 104 112 118 74 87 82 40 111 117 72 113 119 73,simulation,db4,energy,61,50,50,0
W-QDA,W-QDA:qda,4,,0.04,0.052,71 120 75 77 116 76 114 104 112 118 74 87 82 40 111 117 72 113 119 73,71 120 75 77 116 76 114 104 112 118 74 87 82 40 111 117 72 113 119 73,simulation,db4,energy,61,50,50,0
W-CART,W-CART:cart,3,,0.1,0.132,71 120 75 77 116 76 114 104 112 118 74 87 82 40 111 117 72 113 119 73,71 120 75 77 116 76 114 104 112 118 74 87 82 40 111 117 72 113 119 73,simulation,db4,energy,61,50,50,0
ALL,W-QDA:qda,4,,0.04,0.052,71 120 75 77 116 76 114 104 112 118 74 87 82 40 111 117 72 113 119 73,71 120 75 77 116 76 114 104 112 118 74 87 82 40 111 117 72 113 119 73,simulation,db4,energy,61,50,50,0
W-NN,W-NN:k=1,11,1.0,0.04,0.148,112 83 116 113 78 79 82 114 77 107 109 117 74 81 108 115 75 76 111 73,112 83 116 113 78 79 82 114 77 107 109 117 74 81 108 115 75 76 111 73,simulation,db4,usage,61,50,50,0
W-QDA,W-QDA:qda,2,1.5,0.02,0.126,83 114 113 77 109 116 117 75 78 82 107 112 73 74 76 79 110 111 115 84,112 83 116 113 78 79 82 114 77 107 109 117 74 81 108 115 75 76 111 73,simulation,db4,usage,61,50,50,0
W-CART,W-CART:cart,6,1.5,0.06,0.182,83 114 113 77 109 116 117 75 78 82 107 112 73 74 76 79 110 111 115 84,112 83 116 113 78 79 82 114 77 107 109 117 74 81 108 115 75 76 111 73,simulation,db4,usage,61,50,50,0
ALL,W-QDA:qda,2,1.5,0.02,0.126,83 114 113 77 109 116 117 75 78 82 107 112 73 74 76 79 110 111 115 84,112 83 116 113 78 79 82 114 77 107 109 117 74 81 108 115 75 76 111 73,simulation,db4,usage,61,50,50,0
W-NN,W-NN:k=1,8,,0.06,0.17,109 110 54 83 119 87 84 85 81 107 105 78 89 112 103 104 80 72 108 53,109 110 54 83 119 87 84 85 81 107 105 78 89 112 103 104 80 72 108 53,simulation,db4,energy,62,50,50,0
W-QDA,W-QDA:qda,10,,0.02,0.078,109 110 54 83 119 87 84 85 81 107 105 78 89 112 103 104 80 72 108 53,109 110 54 83 119 87 84 85 81 107 105 78 89 112 103 104 80 72 108 53,simulation,db4,energy,62,50,50,0
W-CART,W-CART:cart,25,,0.02,0.1,109 110 54 83 119 87 84 85 81 107 105 78 89 112 103 104 80 72 108 53,109 110 54 83 119 87 84 85 81 107 105 78 89 112 103 104 80 72 108 53,simulation,db4,energy,62,50,50,0
ALL,W-QDA:qda,10,,0.02,0.078,109 110 54 83 119 87 84 85 81 107 105 78 89 112 103 104 80 72 108 53,109 110 54 83 119 87 84 85 81 107 105 78 89 112 103 104 80 72 108 53,simulation,db4,energy,62,50,50,0
W-NN,W-NN:k=5,2,1.0,0.06,0.182,108 107 109 79 80 83 112 78 81 82 84 110 106 85 105 114 77 76 111 115,108 107 109 79 80 83 112 78 81 82 84 110 106 85 105 114 77 76 111 115,simulation,db4,usage,62,50,50,0
W-QDA,W-QDA:qda,7,3.0,0.02,0.096,108 80 81 84 85 109 107 112 78 106 79 105 110 111 77 82 83 116 103 114,108 107 109 79 80 83 112 78 81 82 84 110 106 85 105 114 77 76 111 115,simulation,db4,usage,62,50,50,0
W-CART,W-CART:cart,14,3.0,0.02,0.126,108 80 81 84 85 109 107 112 78 106 79 105 110 111 77 82 83 116 103 114,108 107 109 79 80 83 112 78 81 82 84 110 106 85 105 114 77 76 111 115,simulation,db4,usage,62,50,50,0
ALL,W-QDA:qda,7,3.0,0.02,0.096,108 80 81 84 85 109 107 112 78 106 79 105 110 111 77 82 83 116 103 114,108 107 109 79 80 83 112 78 81 82 84 110 106 85 105 114 77 76 111 115,simulation,db4,usage,62,50,50,0
W-NN,W-NN:k=3,42,,0.06,0.16,113 77 119 162 72 81 71 221 112 155 56 118 117 111 105 55 87 240 79 52,113 77 119 162 72 81 71 221 112 155 56 118 117 111 105 55 87 240 79 52,simulation,db4,energy,63,50,50,0
W-QDA,W-QDA:qda,3,,0.04,0.096,113 77 119 162 72 81 71 221 112 155 56 118 117 111 105 55 87 240 79 52,113 77 119 162 72 81 71 221 112 155 56 118 117 111 105 55 87 240 79 52,simulation,db4,energy,63,50,50,0
W-CART,W-CART:cart,57,,0.06,0.152,113 77 119 162 72 81 71 221 112 155 56 118 117 111 105 55 87 240 79 52,113 77 119 162 72 81 71 221 112 155 56 118 117 111 105 55 87 240 79 52,simulation,db4,energy,63,50,50,0
ALL,W-QDA:qda,3,,0.04,0.096,113 77 119 162 72 81 71 221 112 155 56 118 117 111 105 55 87 240 79 52,113 77 119 162 72 81 71 221 112 155 56 118 117 111 105 55 87 240 79 52,simulation,db4,energy,63,50,50,0
W-NN,W-NN:k=7,4,3.0,0.02,0.076,106 115 116 73 117 74 77 72 78 111 113 75 87 112 114 118 119 76 85 104,113 114 110 115 72 111 112 77 78 109 116 117 74 75 80 81 82 73 76 118,simulation,db4,usage,63,50,50,0
W-QDA,W-QDA:qda,2,3.0,0.02,0.108,106 115 116 73 117 74 77 72 78 111 113 75 87 112 114 118 119 76 85 104,113 114 110 115 72 111 112 77 78 109 116 117 74 75 80 81 82 73 76 118,simulation,db4,usage,63,50,50,0
W-CART,W-CART:cart,5,3.0,0.02,0.168,106 115 116 73 117 74 77 72 78 111 113 75 87 112 114 118 119 76 85 104,113 114 110 115 72 111 112 77 78 109 116 117 74 75 80 81 82 73 76 118,simulation,db4,usage,63,50,50,0
ALL,W-QDA:qda,2,3.0,0.02,0.108,106 115 116 73 117 74 77 72 78 111 113 75 87 112 114 118 119 76 85 104,113 114 110 115 72 111 112 77 78 109 116 117 74 75 80 81 82 73 76 118,simulation,db4,usage,63,50,50,0
W-NN,W-NN:k=1,22,,0.06,0.158,40 221 110 80 81 27 51 88 103 75 114 87 113 76 115 116 54 74 82 44,40 221 110 80 81 27 51 88 103 75 114 87 113 76 115 116 54 74 82 44,simulation,db4,energy,64,50,50,0
W-QDA,W-QDA:qda,14,,0.04,0.076,40 221 110 80 81 27 51 88 103 75 114 87 113 76 115 116 54 74 82 44,40 221 110 80 81 27 51 88 103 75 114 87 113 76 115 116 54 74 82 44,simulation,db4,energy,64,50,50,0
W-CART,W-CART:cart,23,,0.14,0.162,40 221 110 80 81 27 51 88 103 75 114 87 113 76 115 116 54 74 82 44,40 221 110 80 81 27 51 88 103 75 114 87 113 76 115 116 54 74 82 44,simulation,db4,energy,64,50,50,0
ALL,W-QDA:qda,14,,0.04,0.076,40 221 110 80 81 27 51 88 103 75 114 87 113 76 115 116 54 74 82 44,40 221 110 80 81 27 51 88 103 75 114 87 113 76 115 116 54 74 82 44,simulation,db4,energy,64,50,50,0
W-NN,W-NN:k=3,54,0.5,0.06,0.184,79 80 110 78 109 112 77 82 84 114 115 83 111 113 222 223 76 81 107 108,80 109 82 83 111 114 78 84 112 76 108 110 113 115 75 79 81 107 116 77,simulation,db4,usage,64,50,50,0
W-QDA,W-QDA:qda,6,3.0,0.02,0.07,76 113 82 107 114 104 111 108 112 116 81 106 109 115 74 78 80 84 87 103,80 109 82 83 111 114 78 84 112 76 108 110 113 115 75 79 81 107 116 77,simulation,db4,usage,64,50,50,0
W-CART,W-CART:cart,18,2.0,0.02,0.112,114 76 113 81 109 111 115 116 82 107 108 80 83 104 106 84 105 112 75 77,80 109 82 83 111 114 78 84 112 76 108 110 113 115 75 79 81 107 116 77,simulation,db4,usage,64,50,50,0
ALL,W-QDA:qda,6,3.0,0.02,0.07,76 113 82 107 114 104 111 108 112 116 81 106 109 115 74 78 80 84 87 103,80 109 82 83 111 114 78 84 112 76 108 110 113 115 75 79 81 107 116 77,simulation,db4,usage,64,50,50,0
W-NN,W-NN:k=3,5,,0.14,0.192,107 141 41 109 83 17 84 108 54 82 75 110 105 114 70 242 115 76 77 81,107 141 41 109 83 17 84 108 54 82 75 110 105 114 70 242 115 76 77 81,simulation,db4,energy,65,50,50,0
W-QDA,W-QDA:qda,11,,0.12,0.094,107 141 41 109 83 17 84 108 54 82 75 110 105 114 70 242 115 76 77 81,107 141 41 109 83 17 84 108 54 82 75 110 105 114 70 242 115 76 77 81,simulation,db4,energy,65,50,50,0
W-CART,W-CART:cart,34,,0.1,0.136,107 141 41 109 83 17 84 108 54 82 75 110 105 114 70 242 115 76 77 81,107 141 41 109 83 17 84 108 54 82 75 110 105 114 70 242 115 76 77 81,simulation,db4,energy,65,50,50,0
ALL,W-CART:cart,34,,0.1,0.136,107 141 41 109 83 17 84 108 54 82 75 110 105 114 70 242 115 76 77 81,107 141 41 109 83 17 84 108 54 82 75 110 105 114 70 242 115 76 77 81,simulation,db4,energy,65,50,50,0
W-NN,W-NN:k=3,1,0.5,0.08,0.21,84 111 82 83 80 81 110 112 107 79 106 108 113 85 109 77 105 115 216 217,82 81 83 107 108 111 80 84 109 110 112 106 113 77 79 105 76 114 85 115,simulation,db4,usage,65,50,50,0
W-QDA,W-QDA:qda,9,0.5,0.12,0.194,84 111 82 83 80 81 110 112 107 79 106 108 113 85 109 77 105 115 216 217,82 81 83 107 108 111 80 84 109 110 112 106 113 77 79 105 76 114 85 115,simulation,db4,usage,65,50,50,0
W-CART,W-CART:cart,51,1.5,0.06,0.108,81 82 83 107 80 111 108 106 109 113 84 112 110 105 79 77 85 114 86 87,82 81 83 107 108 111 80 84 109 110 112 106 113 77 79 105 76 114 85 115,simulation,db4,usage,65,50,50,0
ALL,W-CART:cart,51,1.5,0.06,0.108,81 82 83 107 80 111 108 106 109 113 84 112 110 105 79 77 85 114 86 87,82 81 83 107 108 111 80 84 109 110 112 106 113 77 79 105 76 114 85 115,simulation,db4,usage,65,50,50,0
W-NN,W-NN:k=1,4,,0.06,0.152,163 110 74 115 76 55 58 27 78 116 109 117 75 112 106 81 214 220 86 169,163 110 74 115 76 55 58 27 78 116 109 117 75 112 106 81 214 220 86 169,simulation,db4,energy,66,50,50,0
W-QDA,W-QDA:qda,6,,0.02,0.096,163 110 74 115 76 55 58 27 78 116 109 117 75 112 106 81 214 220 86 169,163 110 74 115 76 55 58 27 78 116 109 117 75 112 106 81 214 220 86 169,simulation,db4,energy,66,50,50,0
W-CART,W-CART:cart,5,,0.06,0.198,163 110 74 115 76 55 58 27 78 116 109 117 75 112 106 81 214 220 86 169,163 110 74 115 76 55 58 27 78 116 109 117 75 112 106 81 214 220 86 169,simulation,db4,energy,66,50,50,0
ALL,W-QDA:qda,6,,0.02,0.096,163 110 74 115 76 55 58 27 78 116 109 117 75 112 106 81 214 220 86 169,163 110 74 115 76 55 58 27 78 116 109 117 75 112 106 81 214 220 86 169,simulation,db4,energy,66,50,50,0
W-NN,W-NN:k=1,24,3.0,0.0,0.11,76 105 116 77 78 85 106 75 83 84 115 117 74 79 104 114 80 81 86 103,75 83 116 74 76 80 108 78 84 107 111 114 117 77 81 85 115 154 106 109,simulation,db4,usage,66,50,50,0
W-QDA,W-QDA:qda,15,0.5,0.0,0.04,76 77 80 115 75 79 81 83 108 112 82 84 109 113 116 155 74 78 107 111,75 83 116 74 76 80 108 78 84 107 111 114 117 77 81 85 115 154 106 109,simulation,db4,usage,66,50,50,0
W-CART,W-CART:cart,6,1.0,0.04,0.102,75 83 116 74 76 80 108 78 84 107 111 114 117 77 81 85 115 154 106 109,75 83 116 74 76 80 108 78 84 107 111 114 117 77 81 85 115 154 106 109,simulation,db4,usage,66,50,50,0
ALL,W-QDA:qda,15,0.5,0.0,0.04,76 77 80 115 75 79 81 83 108 112 82 84 109 113 116 155 74 78 107 111,75 83 116 74 76 80 108 78 84 107 111 114 117 77 81 85 115 154 106 109,simulation,db4,usage,66,50,50,0
W-NN,W-NN:k=1,8,,0.06,0.068,81 109 58 103 106 36 76 105 84 119 85 86 89 87 82 108 110 75 52 104,81 109 58 103 106 36 76 105 84 119 85 86 89 87 82 108 110 75 52 104,simulation,db4,energy,67,50,50,0
W-QDA,W-QDA:qda,7,,0.06,0.076,81 109 58 103 106 36 76 105 84 119 85 86 89 87 82 108 110 75 52 104,81 109 58 103 106 36 76 105 84 119 85 86 89 87 82 108 110 75 52 104,simulation,db4,energy,67,50,50,0
W-CART,W-CART:cart,4,,0.06,0.12,81 109 58 103 106 36 76 105 84 119 85 86 89 87 82 108 110 75 52 104,81 109 58 103 106 36 76 105 84 119 85 86 89 87 82 108 110 75 52 104,simulation,db4,energy,67,50,50,0
ALL,W-CART:cart,4,,0.06,0.12,81 109 58 103 106 36 76 105 84 119 85 86 89 87 82 108 110 75 52 104,81 109 58 103 106 36 76 105 84 119 85 86 89 87 82 108 110 75 52 104,simulation,db4,energy,67,50,50,0
W-NN,W-NN:k=1,7,3.0,0.02,0.108,105 86 108 84 87 104 107 110 109 77 82 83 85 106 89 73 81 88 102 76,84 108 86 110 82 107 109 85 106 104 105 83 87 80 81 88 103 77 79 111,simulation,db4,usage,67,50,50,0
W-QDA,W-QDA:qda,1,3.0,0.02,0.098,105 86 108 84 87 104 107 110 109 77 82 83 85 106 89 73 81 88 102 76,84 108 86 110 82 107 109 85 106 104 105 83 87 80 81 88 103 77 79 111,simulation,db4,usage,67,50,50,0
W-CART,W-CART:cart,10,1.5,0.04,0.146,84 86 108 82 85 107 109 83 87 104 105 106 110 88 77 81 89 103 112 78,84 108 86 110 82 107 109 85 106 104 105 83 87 80 81 88 103 77 79 111,simulation,db4,usage,67,50,50,0
ALL,W-QDA:qda,1,3.0,0.02,0.098,105 86 108 84 87 104 107 110 109 77 82 83 85 106 89 73 81 88 102 76,84 108 86 110 82 107 109 85 106 104 105 83 87 80 81 88 103 77 79 111,simulation,db4,usage,67,50,50,0
W-NN,W-NN:k=3,3,,0.04,0.128,110 73 87 80 81 109 53 41 111 106 86 108 105 82 107 120 42 117 103 119,110 73 87 80 81 109 53 41 111 106 86 108 105 82 107 120 42 117 103 119,simulation,db4,energy,68,50,50,0
W-QDA,W-QDA:qda,3,,0.02,0.078,110 73 87 80 81 109 53 41 111 106 86 108 105 82 107 120 42 117 103 119,110 73 87 80 81 109 53 41 111 106 86 108 105 82 107 120 42 117 103 119,simulation,db4,energy,68,50,50,0
W-CART,W-CART:cart,7,,0.06,0.188,110 73 87 80 81 109 53 41 111 106 86 108 105 82 107 120 42 117 103 119,110 73 87 80 81 109 53 41 111 106 86 108 105 82 107 120 42 117 103 119,simulation,db4,energy,68,50,50,0
ALL,W-QDA:qda,3,,0.02,0.078,110 73 87 80 81 109 53 41 111 106 86 108 105 82 107 120 42 117 103 119,110 73 87 80 81 109 53 41 111 106 86 108 105 82 107 120 42 117 103 119,simulation,db4,energy,68,50,50,0
W-NN,W-NN:k=1,7,3.0,0.0,0.106,84 110 109 106 82 83 105 107 81 111 103 104 112 85 86 80 88 108 113 77,106 84 109 82 105 107 108 81 83 111 110 80 87 85 112 113 88 104 79 103,simulation,db4,usage,68,50,50,0
W-QDA,W-QDA:qda,1,1.0,0.06,0.082,106 84 109 82 105 107 108 81 83 111 110 80 87 85 112 113 88 104 79 103,106 84 109 82 105 107 108 81 83 111 110 80 87 85 112 113 88 104 79 103,simulation,db4,usage,68,50,50,0
W-CART,W-CART:cart,26,0.5,0.04,0.112,109 80 81 108 111 85 106 110 82 105 107 79 83 84 112 104 113 163 164 218,106 84 109 82 105 107 108 81 83 111 110 80 87 85 112 113 88 104 79 103,simulation,db4,usage,68,50,50,0
ALL,W-NN:k=1,7,3.0,0.0,0.106,84 110 109 106 82 83 105 107 81 111 103 104 112 85 86 80 88 108 113 77,106 84 109 82 105 107 108 81 83 111 110 80 87 85 112 113 88 104 79 103,simulation,db4,usage,68,50,50,0
W-NN,W-NN:k=1,62,,0.12,0.204,79 84 224 107 81 39 112 53 78 114 108 113 109 80 115 225 82 83 75 52,79 84 224 107 81 39 112 53 78 114 108 113 109 80 115 225 82 83 75 52,simulation,db4,energy,69,50,50,0
W-QDA,W-QDA:qda,4,,0.06,0.132,79 84 224 107 81 39 112 53 78 114 108 113 109 80 115 225 82 83 75 52,79 84 224 107 81 39 112 53 78 114 108 113 109 80 115 225 82 83 75 52,simulation,db4,energy,69,50,50,0
W-CART,W-CART:cart,55,,0.08,0.126,79 84 224 107 81 39 112 53 78 114 108 113 109 80 115 225 82 83 75 52,79 84 224 107 81 39 112 53 78 114 108 113 109 80 115 225 82 83 75 52,simulation,db4,energy,69,50,50,0
ALL,W-QDA:qda,4,,0.06,0.132,79 84 224 107 81 39 112 53 78 114 108 113 109 80 115 225 82 83 75 52,79 84 224 107 81 39 112 53 78 114 108 113 109 80 115 225 82 83 75 52,simulation,db4,energy,69,50,50,0
W-NN,W-NN:k=1,14,1.0,0.08,0.112,78 112 76 108 109 77 75 79 81 107 115 116 80 111 113 114 83 85 159 74,78 112 76 108 109 77 75 79 81 107 115 116 80 111 113 114 83 85 159 74,simulation,db4,usage,69,50,50,0
W-QDA,W-QDA:qda,23,2.0,0.06,0.122,112 77 78 108 76 113 75 107 114 80 81 83 111 115 109 79 116 82 85 110,78 112 76 108 109 77 75 79 81 107 115 116 80 111 113 114 83 85 159 74,simulation,db4,usage,69,50,50,0
W-CART,W-CART:cart,19,3.0,0.06,0.098,77 112 113 108 114 75 81 107 111 76 78 79 82 83 80 84 110 115 118 109,78 112 76 108 109 77 75 79 81 107 115 116 80 111 113 114 83 85 159 74,simulation,db4,usage,69,50,50,0
ALL,W-CART:cart,19,3.0,0.06,0.098,77 112 113 108 114 75 81 107 111 76 78 79 82 83 80 84 110 115 118 109,78 112 76 108 109 77 75 79 81 107 115 116 80 111 113 114 83 85 159 74,simulation,db4,usage,69,50,50,0
W-NN,W-NN:k=5,3,,0.08,0.116,119 86 104 106 109 72 105 42 117 73 118 103 115 107 116 85 108 75 88 111,119 86 104 106 109 72 105 42 117 73 118 103 115 107 116 85 108 75 88 111,simulation,db4,energy,70,50,50,0
W-QDA,W-QDA:qda,13,,0.02,0.026,119 86 104 106 109 72 105 42 117 73 118 103 115 107 116 85 108 75 88 111,119 86 104 106 109 72 105 42 117 73 118 103 115 107 116 85 108 75 88 111,simulation,db4,energy,70,50,50,0
W-CART,W-CART:cart,21,,0.1,0.102,119 86 104 106 109 72 105 42 117 73 118 103 115 107 116 85 108 75 88 111,119 86 104 106 109 72 105 42 117 73 118 103 115 107 116 85 108 75 88 111,simulation,db4,energy,70,50,50,0
ALL,W-QDA:qda,13,,0.02,0.026,119 86 104 106 109 72 105 42 117 73 118 103 115 107 116 85 108 75 88 111,119 86 104 106 109 72 105 42 117 73 118 103 115 107 116 85 108 75 88 111,simulation,db4,energy,70,50,50,0
W-NN,W-NN:k=1,4,1.5,0.06,0.152,108 106 82 105 107 83 110 111 76 80 81 75 77 79 84 86 104 109 113 118,82 106 107 108 109 110 80 111 81 77 84 85 105 78 83 112 75 76 86 113,simulation,db4,usage,70,50,50,0
W-QDA,W-QDA:qda,14,3.0,0.0,0.026,108 106 75 104 109 105 111 82 83 117 76 81 85 78 84 86 107 112 114 116,82 106 107 108 109 110 80 111 81 77 84 85 105 78 83 112 75 76 86 113,simulation,db4,usage,70,50,50,0
W-CART,W-CART:cart,14,1.0,0.08,0.09,82 106 107 108 109 110 80 111 81 77 84 85 105 78 83 112 75 76 86 113,82 106 107 108 109 110 80 111 81 77 84 85 105 78 83 112 75 76 86 113,simulation,db4,usage,70,50,50,0
ALL,W-QDA:qda,14,3.0,0.0,0.026,108 106 75 104 109 105 111 82 83 117 76 81 85 78 84 86 107 112 114 116,82 106 107 108 109 110 80 111 81 77 84 85 105 78 83 112 75 76 86 113,simulation,db4,usage,70,50,50,0
W-NN,W-NN:k=3,2,,0.08,0.14,51 88 74 70 117 109 111 243 75 52 116 76 73 40 71 234 79 78 80 81,51 88 74 70 117 109 111 243 75 52 116 76 73 40 71 234 79 78 80 81,simulation,db4,energy,71,50,50,0
W-QDA,W-QDA:qda,5,,0.02,0.066,51 88 74 70 117 109 111 243 75 52 116 76 73 40 71 234 79 78 80 81,51 88 74 70 117 109 111 243 75 52 116 76 73 40 71 234 79 78 80 81,simulation,db4,energy,71,50,50,0
W-CART,W-CART:cart,26,,0.06,0.116,51 88 74 70 117 109 111 243 75 52 116 76 73 40 71 234 79 78 80 81,51 88 74 70 117 109 111 243 75 52 116 76 73 40 71 234 79 78 80 81,simulation,db4,energy,71,50,50,0
ALL,W-QDA:qda,5,,0.02,0.066,51 88 74 70 117 109 111 243 75 52 116 76 73 40 71 234 79 78 80 81,51 88 74 70 117 109 111 243 75 52 116 76 73 40 71 234 79 78 80 81,simulation,db4,energy,71,50,50,0
W-NN,W-NN:k=1,29,1.5,0.08,0.134,77 79 74 76 111 112 78 108 110 113 116 80 81 115 75 83 114 82 107 117,77 112 76 113 79 81 111 74 110 115 116 78 80 83 108 114 75 82 107 84,simulation,db4,usage,71,50,50,0
W-QDA,W-QDA:qda,4,1.5,0.06,0.118,77 79 74 76 111 112 78 108 110 113 116 80 81 115 75 83 114 82 107 117,77 112 76 113 79 81 111 74 110 115 116 78 80 83 108 114 75 82 107 84,simulation,db4,usage,71,50,50,0
W-CART,W-CART:cart,28,1.5,0.04,0.092,77 79 74 76 111 112 78 108 110 113 116 80 81 115 75 83 114 82 107 117,77 112 76 113 79 81 111 74 110 115 116 78 80 83 108 114 75 82 107 84,simulation,db4,usage,71,50,50,0
ALL,W-CART:cart,28,1.5,0.04,0.092,77 79 74 76 111 112 78 108 110 113 116 80 81 115 75 83 114 82 107 117,77 112 76 113 79 81 111 74 110 115 116 78 80 83 108 114 75 82 107 84,simulation,db4,usage,71,50,50,0
W-NN,W-NN:k=1,34,,0.12,0.122,71 75 118 116 117 109 119 107 59 84 36 83 106 105 72 85 104 70 81 120,71 75 118 116 117 109 119 107 59 84 36 83 106 105 72 85 104 70 81 120,simulation,db4,energy,72,50,50,0
W-QDA,W-QDA:qda,6,,0.02,0.056,71 75 118 116 117 109 119 107 59 84 36 83 106 105 72 85 104 70 81 120,71 75 118 116 117 109 119 107 59 84 36 83 106 105 72 85 104 70 81 120,simulation,db4,energy,72,50,50,0
W-CART,W-CART:cart,40,,0.06,0.116,71 75 118 116 117 109 119 107 59 84 36 83 106 105 72 85 104 70 81 120,71 75 118 116 117 109 119 107 59 84 36 83 106 105 72 85 104 70 81 120,simulation,db4,energy,72,50,50,0
ALL,W-QDA:qda,6,,0.02,0.056,71 75 118 116 117 109 119 107 59 84 36 83 106 105 72 85 104 70 81 120,71 75 118 116 117 109 119 107 59 84 36 83 106 105 72 85 104 70 81 120,simulation,db4,energy,72,50,50,0
W-NN,W-NN:k=5,2,1.5,0.06,0.102,106 85 81 82 83 104 108 84 105 107 73 110 111 78 87 109 112 77 113 114,106 108 110 82 83 85 107 81 84 104 109 168 169 73 76 78 105 112 166 170,simulation,db4,usage,72,50,50,0
W-QDA,W-QDA:qda,1,1.0,0.1,0.122,106 108 110 82 83 85 107 81 84 104 109 168 169 73 76 78 105 112 166 170,106 108 110 82 83 85 107 81 84 104 109 168 169 73 76 78 105 112 166 170,simulation,db4,usage,72,50,50,0
W-CART,W-CART:cart,36,3.0,0.06,0.116,85 106 81 110 84 107 83 104 111 82 105 108 118 119 72 73 78 86 109 112,106 108 110 82 83 85 107 81 84 104 109 168 169 73 76 78 105 112 166 170,simulation,db4,usage,72,50,50,0
ALL,W-NN:k=5,2,1.5,0.06,0.102,106 85 81 82 83 104 108 84 105 107 73 110 111 78 87 109 112 77 113 114,106 108 110 82 83 85 107 81 84 104 109 168 169 73 76 78 105 112 166 170,simulation,db4,usage,72,50,50,0
W-NN,W-NN:k=5,24,,0.04,0.118,226 116 37 112 79 117 39 157 81 84 71 83 82 115 74 118 225 110 108 89,226 116 37 112 79 117 39 157 81 84 71 83 82 115 74 118 225 110 108 89,simulation,db4,energy,73,50,50,0
W-QDA,W-QDA:qda,14,,0.02,0.082,226 116 37 112 79 117 39 157 81 84 71 83 82 115 74 118 225 110 108 89,226 116 37 112 79 117 39 157 81 84 71 83 82 115 74 118 225 110 108 89,simulation,db4,energy,73,50,50,0
W-CART,W-CART:cart,11,,0.06,0.112,226 116 37 112 79 117 39 157 81 84 71 83 82 115 74 118 225 110 108 89,226 116 37 112 79 117 39 157 81 84 71 83 82 115 74 118 225 110 108 89,simulation,db4,energy,73,50,50,0
ALL,W-QDA:qda,14,,0.02,0.082,226 116 37 112 79 117 39 157 81 84 71 83 82 115 74 118 225 110 108 89,226 116 37 112 79 117 39 157 81 84 71 83 82 115 74 118 225 110 108 89,simulation,db4,energy,73,50,50,0
W-NN,W-NN:k=1,4,1.5,0.02,0.142,82 81 107 79 106 113 114 115 83 84 105 111 117 75 76 86 108 110 74 77,79 113 81 82 83 107 114 76 77 78 84 106 115 75 105 110 111 112 117 80,simulation,db4,usage,73,50,50,0
W-QDA,W-QDA:qda,6,1.5,0.06,0.106,82 81 107 79 106 113 114 115 83 84 105 111 117 75 76 86 108 110 74 77,79 113 81 82 83 107 114 76 77 78 84 106 115 75 105 110 111 112 117 80,simulation,db4,usage,73,50,50,0
W-CART,W-CART:cart,3,3.0,0.06,0.08,81 83 105 106 107 110 84 108 117 82 85 115 104 109 114 118 74 78 75 80,79 113 81 82 83 107 114 76 77 78 84 106 115 75 105 110 111 112 117 80,simulation,db4,usage,73,50,50,0
ALL,W-NN:k=1,4,1.5,0.02,0.142,82 81 107 79 106 113 114 115 83 84 105 111 117 75 76 86 108 110 74 77,79 113 81 82 83 107 114 76 77 78 84 106 115 75 105 110 111 112 117 80,simulation,db4,usage,73,50,50,0
W-NN,W-NN:k=1,8,,0.06,0.092,88 108 57 82 103 75 102 107 81 116 71 110 109 115 83 114 76 72 152 77,88 108 57 82 103 75 102 107 81 116 71 110 109 115 83 114 76 72 152 77,simulation,db4,energy,74,50,50,0
W-QDA,W-QDA:qda,21,,0.02,0.022,88 108 57 82 103 75 102 107 81 116 71 110 109 115 83 114 76 72 152 77,88 108 57 82 103 75 102 107 81 116 71 110 109 115 83 114 76 72 152 77,simulation,db4,energy,74,50,50,0
W-CART,W-CART:cart,8,,0.06,0.11,88 108 57 82 103 75 102 107 81 116 71 110 109 115 83 114 76 72 152 77,88 108 57 82 103 75 102 107 81 116 71 110 109 115 83 114 76 72 152 77,simulation,db4,energy,74,50,50,0
ALL,W-QDA:qda,21,,0.02,0.022,88 108 57 82 103 75 102 107 81 116 71 110 109 115 83 114 76 72 152 77,88 108 57 82 103 75 102 107 81 116 71 110 109 115 83 114 76 72 152 77,simulation,db4,energy,74,50,50,0
W-NN,W-NN:k=3,11,1.5,0.0,0.164,84 78 83 80 81 82 105 106 112 79 85 108 110 117 107 109 111 113 116 87,84 78 110 81 108 112 80 83 106 109 114 79 105 77 82 85 107 113 75 111,simulation,db4,usage,74,50,50,0
W-QDA,W-QDA:qda,12,0.5,0.02,0.064,109 110 114 81 78 84 108 112 80 107 113 77 85 79 83 105 111 76 82 106,84 78 110 81 108 112 80 83 106 109 114 79 105 77 82 85 107 113 75 111,simulation,db4,usage,74,50,50,0
W-CART,W-CART:cart,62,1.0,0.08,0.128,84 78 110 81 108 112 80 83 106 109 114 79 105 77 82 85 107 113 75 111,84 78 110 81 108 112 80 83 106 109 114 79 105 77 82 85 107 113 75 111,simulation,db4,usage,74,50,50,0
ALL,W-NN:k=3,11,1.5,0.0,0.164,84 78 83 80 81 82 105 106 112 79 85 108 110 117 107 109 111 113 116 87,84 78 110 81 108 112 80 83 106 109 114 79 105 77 82 85 107 113 75 111,simulation,db4,usage,74,50,50,0
W-NN,W-NN:k=1,14,,0.08,0.134,107 108 111 116 83 109 74 84 106 110 115 82 117 39 85 75 78 76 54 73,107 108 111 116 83 109 74 84 106 110 115 82 117 39 85 75 78 76 54 73,simulation,db4,energy,75,50,50,0
W-QDA,W-QDA:qda,8,,0.04,0.096,107 108 111 116 83 109 74 84 106 110 115 82 117 39 85 75 78 76 54 73,107 108 111 116 83 109 74 84 106 110 115 82 117 39 85 75 78 76 54 73,simulation,db4,energy,75,50,50,0
W-CART,W-CART:cart,42,,0.06,0.138,107 108 111 116 83 109 74 84 106 110 115 82 117 39 85 75 78 76 54 73,107 108 111 116 83 109 74 84 106 110 115 82 117 39 85 75 78 76 54 73,simulation,db4,energy,75,50,50,0
ALL,W-QDA:qda,8,,0.04,0.096,107 108 111 116 83 109 74 84 106 110 115 82 117 39 85 75 78 76 54 73,107 108 111 116 83 109 74 84 106 110 115 82 117 39 85 75 78 76 54 73,simulation,db4,energy,75,50,50,0
W-NN,W-NN:k=1,16,2.0,0.12,0.188,80 78 79 109 112 114 83 108 110 111 113 115 77 107 75 76 116 73 82 117,109 112 79 80 82 110 111 114 76 77 78 83 75 108 115 113 81 107 117 74,simulation,db4,usage,75,50,50,0
W-QDA,W-QDA:qda,18,0.5,0.02,0.092,111 80 82 83 110 77 109 79 108 114 78 112 113 115 75 76 81 84 107 163,109 112 79 80 82 110 111 114 76 77 78 83 75 108 115 113 81 107 117 74,simulation,db4,usage,75,50,50,0
W-CART,W-CART:cart,37,1.0,0.06,0.138,109 112 79 80 82 110 111 114 76 77 78 83 75 108 115 113 81 107 117 74,109 112 79 80 82 110 111 114 76 77 78 83 75 108 115 113 81 107 117 74,simulation,db4,usage,75,50,50,0
ALL,W-QDA:qda,18,0.5,0.02,0.092,111 80 82 83 110 77 109 79 108 114 78 112 113 115 75 76 81 84 107 163,109 112 79 80 82 110 111 114 76 77 78 83 75 108 115 113 81 107 117 74,simulation,db4,usage,75,50,50,0
W-NN,W-NN:k=1,3,,0.04,0.128,84 78 106 112 113 53 85 111 71 119 82 70 77 83 80 213 79 107 226 108,84 78 106 112 113 53 85 111 71 119 82 70 77 83 80 213 79 107 226 108,simulation,db4,energy,76,50,50,0
W-QDA,W-QDA:qda,9,,0.02,0.05,84 78 106 112 113 53 85 111 71 119 82 70 77 83 80 213 79 107 226 108,84 78 106 112 113 53 85 111 71 119 82 70 77 83 80 213 79 107 226 108,simulation,db4,energy,76,50,50,0
W-CART,W-CART:cart,24,,0.06,0.126,84 78 106 112 113 53 85 111 71 119 82 70 77 83 80 213 79 107 226 108,84 78 106 112 113 53 85 111 71 119 82 70 77 83 80 213 79 107 226 108,simulation,db4,energy,76,50,50,0
ALL,W-QDA:qda,9,,0.02,0.05,84 78 106 112 113 53 85 111 71 119 82 70 77 83 80 213 79 107 226 108,84 78 106 112 113 53 85 111 71 119 82 70 77 83 80 213 79 107 226 108,simulation,db4,energy,76,50,50,0
W-NN,W-NN:k=1,16,0.5,0.08,0.17,111 82 109 112 113 77 79 80 83 78 84 108 110 81 75 106 115 74 85 114,111 112 78 80 82 110 113 77 79 108 81 83 109 75 114 85 115 84 106 74,simulation,db4,usage,76,50,50,0
W-QDA,W-QDA:qda,21,3.0,0.04,0.066,112 78 82 111 113 77 79 80 110 114 83 84 109 76 106 108 85 115 105 107,111 112 78 80 82 110 113 77 79 108 81 83 109 75 114 85 115 84 106 74,simulation,db4,usage,76,50,50,0
W-CART,W-CART:cart,32,3.0,0.06,0.126,112 78 82 111 113 77 79 80 110 114 83 84 109 76 106 108 85 115 105 107,111 112 78 80 82 110 113 77 79 108 81 83 109 75 114 85 115 84 106 74,simulation,db4,usage,76,50,50,0
ALL,W-QDA:qda,21,3.0,0.04,0.066,112 78 82 111 113 77 79 80 110 114 83 84 109 76 106 108 85 115 105 107,111 112 78 80 82 110 113 77 79 108 81 83 109 75 114 85 115 84 106 74,simulation,db4,usage,76,50,50,0
W-NN,W-NN:k=5,18,,0.08,0.104,110 161 40 81 443 323 162 324 80 109 79 111 83 82 119 106 74 115 58 72,110 161 40 81 443 323 162 324 80 109 79 111 83 82 119 106 74 115 58 72,simulation,db4,energy,77,50,50,0
W-QDA,W-QDA:qda,19,,0.12,0.136,110 161 40 81 443 323 162 324 80 109 79 111 83 82 119 106 74 115 58 72,110 161 40 81 443 323 162 324 80 109 79 111 83 82 119 106 74 115 58 72,simulation,db4,energy,77,50,50,0
W-CART,W-CART:cart,18,,0.1,0.104,110 161 40 81 443 323 162 324 80 109 79 111 83 82 119 106 74 115 58 72,110 161 40 81 443 323 162 324 80 109 79 111 83 82 119 106 74 115 58 72,simulation,db4,energy,77,50,50,0
ALL,W-NN:k=5,18,,0.08,0.104,110 161 40 81 443 323 162 324 80 109 79 111 83 82 119 106 74 115 58 72,110 161 40 81 443 323 162 324 80 109 79 111 83 82 119 106 74 115 58 72,simulation,db4,energy,77,50,50,0
W-NN,W-NN:k=1,10,3.0,0.04,0.106,109 76 110 77 114 81 83 106 115 74 75 79 80 82 84 111 113 116 72 73,77 109 110 114 76 112 113 78 79 80 83 81 107 111 115 74 82 108 75 85,simulation,db4,usage,77,50,50,0
W-QDA,W-QDA:qda,11,3.0,0.04,0.054,109 76 110 77 114 81 83 106 115 74 75 79 80 82 84 111 113 116 72 73,77 109 110 114 76 112 113 78 79 80 83 81 107 111 115 74 82 108 75 85,simulation,db4,usage,77,50,50,0
W-CART,W-CART:cart,21,3.0,0.06,0.118,109 76 110 77 114 81 83 106 115 74 75 79 80 82 84 111 113 116 72 73,77 109 110 114 76 112 113 78 79 80 83 81 107 111 115 74 82 108 75 85,simulation,db4,usage,77,50,50,0
ALL,W-NN:k=1,10,3.0,0.04,0.106,109 76 110 77 114 81 83 106 115 74 75 79 80 82 84 111 113 116 72 73,77 109 110 114 76 112 113 78 79 80 83 81 107 111 115 74 82 108 75 85,simulation,db4,usage,77,50,50,0
W-NN,W-NN:k=1,2,,0.08,0.162,106 81 109 110 170 80 111 85 107 55 108 84 40 54 112 113 41 53 39 76,106 81 109 110 170 80 111 85 107 55 108 84 40 54 112 113 41 53 39 76,simulation,db4,energy,78,50,50,0
W-QDA,W-QDA:qda,2,,0.08,0.132,106 81 109 110 170 80 111 85 107 55 108 84 40 54 112 113 41 53 39 76,106 81 109 110 170 80 111 85 107 55 108 84 40 54 112 113 41 53 39 76,simulation,db4,energy,78,50,50,0
W-CART,W-CART:cart,8,,0.1,0.126,106 81 109 110 170 80 111 85 107 55 108 84 40 54 112 113 41 53 39 76,106 81 109 110 170 80 111 85 107 55 108 84 40 54 112 113 41 53 39 76,simulation,db4,energy,78,50,50,0
ALL,W-NN:k=1,2,,0.08,0.162,106 81 109 110 170 80 111 85 107 55 108 84 40 54 112 113 41 53 39 76,106 81 109 110 170 80 111 85 107 55 108 84 40 54 112 113 41 53 39 76,simulation,db4,energy,78,50,50,0
W-NN,W-NN:k=1,53,1.0,0.06,0.16,80 81 83 108 109 79 110 112 84 107 111 113 82 106 114 78 85 104 105 116,80 81 83 108 109 79 110 112 84 107 111 113 82 106 114 78 85 104 105 116,simulation,db4,usage,78,50,50,0
W-QDA,W-QDA:qda,14,3.0,0.04,0.058,106 81 83 107 110 84 111 80 85 112 116 113 114 76 108 117 104 105 109 115,80 81 83 108 109 79 110 112 84 107 111 113 82 106 114 78 85 104 105 116,simulation,db4,usage,78,50,50,0
W-CART,W-CART:cart,7,1.5,0.08,0.19,108 80 112 81 83 110 107 111 84 109 113 85 106 79 114 116 82 104 105 76,80 81 83 108 109 79 110 112 84 107 111 113 82 106 114 78 85 104 105 116,simulation,db4,usage,78,50,50,0
ALL,W-QDA:qda,14,3.0,0.04,0.058,106 81 83 107 110 84 111 80 85 112 116 113 114 76 108 117 104 105 109 115,80 81 83 108 109 79 110 112 84 107 111 113 82 106 114 78 85 104 105 116,simulation,db4,usage,78,50,50,0
W-NN,W-NN:k=9,1,,0.06,0.152,120 81 82 116 71 35 75 110 117 109 111 83 74 114 70 108 58 54 77 80,120 81 82 116 71 35 75 110 117 109 111 83 74 114 70 108 58 54 77 80,simulation,db4,energy,79,50,50,0
W-QDA,W-QDA:qda,12,,0.04,0.052,120 81 82 116 71 35 75 110 117 109 111 83 74 114 70 108 58 54 77 80,120 81 82 116 71 35 75 110 117 109 111 83 74 114 70 108 58 54 77 80,simulation,db4,energy,79,50,50,0
W-CART,W-CART:cart,14,,0.06,0.096,120 81 82 116 71 35 75 110 117 109 111 83 74 114 70 108 58 54 77 80,120 81 82 116 71 35 75 110 117 109 111 83 74 114 70 108 58 54 77 80,simulation,db4,energy,79,50,50,0
ALL,W-QDA:qda,12,,0.04,0.052,120 81 82 116 71 35 75 110 117 109 111 83 74 114 70 108 58 54 77 80,120 81 82 116 71 35 75 110 117 109 111 83 74 114 70 108 58 54 77 80,simulation,db4,energy,79,50,50,0
W-NN,W-NN:k=1,29,3.0,0.08,0.13,77 112 116 117 76 79 81 83 109 110 115 118 80 82 84 114 78 111 75 107,80 78 77 112 79 82 81 110 111 114 116 76 83 113 115 84 74 109 117 108,simulation,db4,usage,79,50,50,0
W-QDA,W-QDA:qda,7,2.0,0.04,0.108,76 77 112 81 115 78 83 110 116 74 80 117 79 82 109 111 118 75 84 113,80 78 77 112 79 82 81 110 111 114 116 76 83 113 115 84 74 109 117 108,simulation,db4,usage,79,50,50,0
W-CART,W-CART:cart,17,2.0,0.08,0.118,76 77 112 81 115 78 83 110 116 74 80 117 79 82 109 111 118 75 84 113,80 78 77 112 79 82 81 110 111 114 116 76 83 113 115 84 74 109 117 108,simulation,db4,usage,79,50,50,0
ALL,W-QDA:qda,7,2.0,0.04,0.108,76 77 112 81 115 78 83 110 116 74 80 117 79 82 109 111 118 75 84 113,80 78 77 112 79 82 81 110 111 114 116 76 83 113 115 84 74 109 117 108,simulation,db4,usage,79,50,50,0
W-NN,W-NN:k=1,8,,0.08,0.126,114 115 80 72 76 55 154 118 105 113 74 117 106 84 116 78 104 121 107 153,114 115 80 72 76 55 154 118 105 113 74 117 106 84 116 78 104 121 107 153,simulation,db4,energy,80,50,50,0
W-QDA,W-QDA:qda,14,,0.02,0.052,114 115 80 72 76 55 154 118 105 113 74 117 106 84 116 78 104 121 107 153,114 115 80 72 76 55 154 118 105 113 74 117 106 84 116 78 104 121 107 153,simulation,db4,energy,80,50,50,0
W-CART,W-CART:cart,63,,0.04,0.152,114 115 80 72 76 55 154 118 105 113 74 117 106 84 116 78 104 121 107 153,114 115 80 72 76 55 154 118 105 113 74 117 106 84 116 78 104 121 107 153,simulation,db4,energy,80,50,50,0
ALL,W-QDA:qda,14,,0.02,0.052,114 115 80 72 76 55 154 118 105 113 74 117 106 84 116 78 104 121 107 153,114 115 80 72 76 55 154 118 105 113 74 117 106 84 116 78 104 121 107 153,simulation,db4,energy,80,50,50,0
W-NN,W-NN:k=1,6,1.0,0.04,0.204,113 114 76 77 78 83 115 75 116 74 79 107 111 112 117 72 80 109 73 81,113 114 76 77 78 83 115 75 116 74 79 107 111 112 117 72 80 109 73 81,simulation,db4,usage,80,50,50,0
W-QDA,W-QDA:qda,15,2.0,0.02,0.074,78 114 79 115 116 74 75 77 113 72 76 117 84 107 108 109 110 112 81 111,113 114 76 77 78 83 115 75 116 74 79 107 111 112 117 72 80 109 73 81,simulation,db4,usage,80,50,50,0
W-CART,W-CART:cart,6,3.0,0.04,0.13,78 79 115 74 116 117 76 114 112 113 72 77 81 83 84 73 75 107 111 80,113 114 76 77 78 83 115 75 116 74 79 107 111 112 117 72 80 109 73 81,simulation,db4,usage,80,50,50,0
ALL,W-QDA:qda,15,2.0,0.02,0.074,78 114 79 115 116 74 75 77 113 72 76 117 84 107 108 109 110 112 81 111,113 114 76 77 78 83 115 75 116 74 79 107 111 112 117 72 80 109 73 81,simulation,db4,usage,80,50,50,0
W-NN,W-NN:k=5,38,,0.04,0.206,114 77 117 75 58 41 109 82 79 80 113 108 110 112 76 111 118 81 52 116,114 77 117 75 58 41 109 82 79 80 113 108 110 112 76 111 118 81 52 116,simulation,db4,energy,81,50,50,0
W-QDA,W-QDA:qda,3,,0.04,0.084,114 77 117 75 58 41 109 82 79 80 113 108 110 112 76 111 118 81 52 116,114 77 117 75 58 41 109 82 79 80 113 108 110 112 76 111 118 81 52 116,simulation,db4,energy,81,50,50,0
W-CART,W-CART:cart,30,,0.04,0.144,114 77 117 75 58 41 109 82 79 80 113 108 110 112 76 111 118 81 52 116,114 77 117 75 58 41 109 82 79 80 113 108 110 112 76 111 118 81 52 116,simulation,db4,energy,81,50,50,0
ALL,W-QDA:qda,3,,0.04,0.084,114 77 117 75 58 41 109 82 79 80 113 108 110 112 76 111 118 81 52 116,114 77 117 75 58 41 109 82 79 80 113 108 110 112 76 111 118 81 52 116,simulation,db4,energy,81,50,50,0
W-NN,W-NN:k=1,23,2.0,0.02,0.146,113 77 109 110 112 78 81 82 76 108 114 75 115 79 111 80 83 74 116 117,81 80 76 110 114 77 79 108 111 113 82 109 112 78 116 115 75 83 74 107,simulation,db4,usage,81,50,50,0
W-QDA,W-QDA:qda,17,0.5,0.02,0.062,81 77 82 110 80 109 111 112 78 114 79 108 76 113 107 116 74 75 83 115,81 80 76 110 114 77 79 108 111 113 82 109 112 78 116 115 75 83 74 107,simulation,db4,usage,81,50,50,0
W-CART,W-CART:cart,26,1.5,0.04,0.132,113 109 112 76 78 80 82 108 110 111 114 77 81 79 75 116 115 74 83 107,81 80 76 110 114 77 79 108 111 113 82 109 112 78 116 115 75 83 74 107,simulation,db4,usage,81,50,50,0
ALL,W-QDA:qda,17,0.5,0.02,0.062,81 77 82 110 80 109 111 112 78 114 79 108 76 113 107 116 74 75 83 115,81 80 76 110 114 77 79 108 111 113 82 109 112 78 116 115 75 83 74 107,simulation,db4,usage,81,50,50,0
W-NN,W-NN:k=3,5,,0.02,0.194,117 234 58 296 73 235 14 297 110 148 81 74 86 59 118 111 116 82 470 80,117 234 58 296 73 235 14 297 110 148 81 74 86 59 118 111 116 82 470 80,simulation,db4,energy,82,50,50,0
W-QDA,W-QDA:qda,23,,0.02,0.062,117 234 58 296 73 235 14 297 110 148 81 74 86 59 118 111 116 82 470 80,117 234 58 296 73 235 14 297 110 148 81 74 86 59 118 111 116 82 470 80,simulation,db4,energy,82,50,50,0
W-CART,W-CART:cart,2,,0.06,0.128,117 234 58 296 73 235 14 297 110 148 81 74 86 59 118 111 116 82 470 80,117 234 58 296 73 235 14 297 110 148 81 74 86 59 118 111 116 82 470 80,simulation,db4,energy,82,50,50,0
ALL,W-NN:k=3,5,,0.02,0.194,117 234 58 296 73 235 14 297 110 148 81 74 86 59 118 111 116 82 470 80,117 234 58 296 73 235 14 297 110 148 81 74 86 59 118 111 116 82 470 80,simulation,db4,energy,82,50,50,0
W-NN,W-NN:k=1,14,2.0,0.04,0.156,81 111 110 112 80 73 109 113 116 85 108 78 82 83 107 115 117 79 84 114,112 82 80 109 110 111 81 79 108 113 117 78 83 106 116 84 107 114 75 77,simulation,db4,usage,82,50,50,0
W-QDA,W-QDA:qda,11,2.0,0.0,0.082,81 111 110 112 80 73 109 113 116 85 108 78 82 83 107 115 117 79 84 114,112 82 80 109 110 111 81 79 108 113 117 78 83 106 116 84 107 114 75 77,simulation,db4,usage,82,50,50,0
W-CART,W-CART:cart,37,1.0,0.02,0.128,112 82 80 109 110 111 81 79 108 113 117 78 83 106 116 84 107 114 75 77,112 82 80 109 110 111 81 79 108 113 117 78 83 106 116 84 107 114 75 77,simulation,db4,usage,82,50,50,0
ALL,W-QDA:qda,11,2.0,0.0,0.082,81 111 110 112 80 73 109 113 116 85 108 78 82 83 107 115 117 79 84 114,112 82 80 109 110 111 81 79 108 113 117 78 83 106 116 84 107 114 75 77,simulation,db4,usage,82,50,50,0
W-NN,W-NN:k=1,54,,0.1,0.15,75 117 73 74 118 72 116 76 114 71 119 43 37 115 106 77 58 85 112 232,75 117 73 74 118 72 116 76 114 71 119 43 37 115 106 77 58 85 112 232,simulation,db4,energy,83,50,50,0
W-QDA,W-QDA:qda,3,,0.16,0.072,75 117 73 74 118 72 116 76 114 71 119 43 37 115 106 77 58 85 112 232,75 117 73 74 118 72 116 76 114 71 119 43 37 115 106 77 58 85 112 232,simulation,db4,energy,83,50,50,0
W-CART,W-CART:cart,21,,0.1,0.108,75 117 73 74 118 72 116 76 114 71 119 43 37 115 106 77 58 85 112 232,75 117 73 74 118 72 116 76 114 71 119 43 37 115 106 77 58 85 112 232,simulation,db4,energy,83,50,50,0
ALL,W-CART:cart,21,,0.1,0.108,75 117 73 74 118 72 116 76 114 71 119 43 37 115 106 77 58 85 112 232,75 117 73 74 118 72 116 76 114 71 119 43 37 115 106 77 58 85 112 232,simulation,db4,energy,83,50,50,0
W-NN,W-NN:k=1,47,3.0,0.08,0.188,73 74 76 72 75 77 118 115 114 112 116 117 111 119 78 113 71 79 109 84,74 115 78 114 75 81 116 77 112 117 76 110 73 79 82 118 71 72 113 119,simulation,db4,usage,83,50,50,0
W-QDA,W-QDA:qda,1,3.0,0.14,0.108,73 74 76 72 75 77 118 115 114 112 116 117 111 119 78 113 71 79 109 84,74 115 78 114 75 81 116 77 112 117 76 110 73 79 82 118 71 72 113 119,simulation,db4,usage,83,50,50,0
W-CART,W-CART:cart,34,1.5,0.08,0.104,74 115 116 75 76 77 78 73 112 114 71 118 72 81 117 119 79 80 82 111,74 115 78 114 75 81 116 77 112 117 76 110 73 79 82 118 71 72 113 119,simulation,db4,usage,83,50,50,0
ALL,W-CART:cart,34,1.5,0.08,0.104,74 115 116 75 76 77 78 73 112 114 71 118 72 81 117 119 79 80 82 111,74 115 78 114 75 81 116 77 112 117 76 110 73 79 82 118 71 72 113 119,simulation,db4,usage,83,50,50,0
W-NN,W-NN:k=1,12,,0.04,0.078,115 116 113 114 39 75 38 104 37 107 108 105 103 43 84 117 121 70 83 76,115 116 113 114 39 75 38 104 37 107 108 105 103 43 84 117 121 70 83 76,simulation,db4,energy,84,50,50,0
W-QDA,W-QDA:qda,20,,0.08,0.062,115 116 113 114 39 75 38 104 37 107 108 105 103 43 84 117 121 70 83 76,115 116 113 114 39 75 38 104 37 107 108 105 103 43 84 117 121 70 83 76,simulation,db4,energy,84,50,50,0
W-CART,W-CART:cart,13,,0.06,0.134,115 116 113 114 39 75 38 104 37 107 108 105 103 43 84 117 121 70 83 76,115 116 113 114 39 75 38 104 37 107 108 105 103 43 84 117 121 70 83 76,simulation,db4,energy,84,50,50,0
ALL,W-NN:k=1,12,,0.04,0.078,115 116 113 114 39 75 38 104 37 107 108 105 103 43 84 117 121 70 83 76,115 116 113 114 39 75 38 104 37 107 108 105 103 43 84 117 121 70 83 76,simulation,db4,energy,84,50,50,0
W-NN,W-NN:k=3,7,2.0,0.04,0.098,83 116 84 77 106 80 81 82 85 104 105 114 76 107 115 74 79 87 108 110,77 81 83 108 113 114 76 78 80 84 79 82 85 86 106 110 112 87 104 105,simulation,db4,usage,84,50,50,0
W-QDA,W-QDA:qda,6,2.0,0.0,0.064,83 116 84 77 106 80 81 82 85 104 105 114 76 107 115 74 79 87 108 110,77 81 83 108 113 114 76 78 80 84 79 82 85 86 106 110 112 87 104 105,simulation,db4,usage,84,50,50,0
W-CART,W-CART:cart,8,3.0,0.04,0.124,83 116 82 84 81 104 105 115 77 106 107 88 103 108 110 114 78 79 85 87,77 81 83 108 113 114 76 78 80 84 79 82 85 86 106 110 112 87 104 105,simulation,db4,usage,84,50,50,0
ALL,W-QDA:qda,6,2.0,0.0,0.064,83 116 84 77 106 80 81 82 85 104 105 114 76 107 115 74 79 87 108 110,77 81 83 108 113 114 76 78 80 84 79 82 85 86 106 110 112 87 104 105,simulation,db4,usage,84,50,50,0
W-NN,W-NN:k=1,3,,0.06,0.138,83 84 113 81 108 82 76 77 105 88 103 109 86 75 107 80 114 115 116 106,83 84 113 81 108 82 76 77 105 88 103 109 86 75 107 80 114 115 116 106,simulation,db4,energy,85,50,50,0
W-QDA,W-QDA:qda,14,,0.02,0.06,83 84 113 81 108 82 76 77 105 88 103 109 86 75 107 80 114 115 116 106,83 84 113 81 108 82 76 77 105 88 103 109 86 75 107 80 114 115 116 106,simulation,db4,energy,85,50,50,0
W-CART,W-CART:cart,3,,0.04,0.15,83 84 113 81 108 82 76 77 105 88 103 109 86 75 107 80 114 115 116 106,83 84 113 81 108 82 76 77 105 88 103 109 86 75 107 80 114 115 116 106,simulation,db4,energy,85,50,50,0
ALL,W-QDA:qda,14,,0.02,0.06,83 84 113 81 108 82 76 77 105 88 103 109 86 75 107 80 114 115 116 106,83 84 113 81 108 82 76 77 105 88 103 109 86 75 107 80 114 115 116 106,simulation,db4,energy,85,50,50,0
W-NN,W-NN:k=1,8,3.0,0.0,0.132,83 108 84 109 79 80 107 75 77 78 82 112 115 81 106 113 116 117 110 111,79 83 112 107 108 80 84 109 113 77 81 82 106 105 111 114 78 110 85 75,simulation,db4,usage,85,50,50,0
W-QDA,W-QDA:qda,14,3.0,0.06,0.088,83 108 84 109 79 80 107 75 77 78 82 112 115 81 106 113 116 117 110 111,79 83 112 107 108 80 84 109 113 77 81 82 106 105 111 114 78 110 85 75,simulation,db4,usage,85,50,50,0
W-CART,W-CART:cart,5,3.0,0.04,0.134,83 108 84 109 79 80 107 75 77 78 82 112 115 81 106 113 116 117 110 111,79 83 112 107 108 80 84 109 113 77 81 82 106 105 111 114 78 110 85 75,simulation,db4,usage,85,50,50,0
ALL,W-NN:k=1,8,3.0,0.0,0.132,83 108 84 109 79 80 107 75 77 78 82 112 115 81 106 113 116 117 110 111,79 83 112 107 108 80 84 109 113 77 81 82 106 105 111 114 78 110 85 75,simulation,db4,usage,85,50,50,0
W-NN,W-NN:k=1,16,,0.08,0.12,81 110 107 84 72 106 82 108 111 85 83 79 70 109 113 118 112 120 71 78,81 110 107 84 72 106 82 108 111 85 83 79 70 109 113 118 112 120 71 78,simulation,db4,energy,86,50,50,0
W-QDA,W-QDA:qda,6,,0.06,0.08,81 110 107 84 72 106 82 108 111 85 83 79 70 109 113 118 112 120 71 78,81 110 107 84 72 106 82 108 111 85 83 79 70 109 113 118 112 120 71 78,simulation,db4,energy,86,50,50,0
W-CART,W-CART:cart,23,,0.08,0.146,81 110 107 84 72 106 82 108 111 85 83 79 70 109 113 118 112 120 71 78,81 110 107 84 72 106 82 108 111 85 83 79 70 109 113 118 112 120 71 78,simulation,db4,energy,86,50,50,0
ALL,W-QDA:qda,6,,0.06,0.08,81 110 107 84 72 106 82 108 111 85 83 79 70 109 113 118 112 120 71 78,81 110 107 84 72 106 82 108 111 85 83 79 70 109 113 118 112 120 71 78,simulation,db4,energy,86,50,50,0
W-NN,W-NN:k=3,22,3.0,0.1,0.134,79 107 112 106 81 108 109 84 115 78 80 82 83 85 105 110 111 113 73 76,108 111 82 109 78 79 81 107 112 76 84 110 83 106 75 77 85 113 115 80,simulation,db4,usage,86,50,50,0
W-QDA,W-QDA:qda,4,3.0,0.08,0.116,79 107 112 106 81 108 109 84 115 78 80 82 83 85 105 110 111 113 73 76,108 111 82 109 78 79 81 107 112 76 84 110 83 106 75 77 85 113 115 80,simulation,db4,usage,86,50,50,0
W-CART,W-CART:cart,4,3.0,0.06,0.166,79 107 112 106 81 108 109 84 115 78 80 82 83 85 105 110 111 113 73 76,108 111 82 109 78 79 81 107 112 76 84 110 83 106 75 77 85 113 115 80,simulation,db4,usage,86,50,50,0
ALL,W-CART:cart,4,3.0,0.06,0.166,79 107 112 106 81 108 109 84 115 78 80 82 83 85 105 110 111 113 73 76,108 111 82 109 78 79 81 107 112 76 84 110 83 106 75 77 85 113 115 80,simulation,db4,usage,86,50,50,0
W-NN,W-NN:k=3,2,,0.1,0.106,87 104 114 37 109 116 76 52 113 77 108 115 117 120 72 86 71 88 154 107,87 104 114 37 109 116 76 52 113 77 108 115 117 120 72 86 71 88 154 107,simulation,db4,energy,87,50,50,0
W-QDA,W-QDA:qda,8,,0.02,0.038,87 104 114 37 109 116 76 52 113 77 108 115 117 120 72 86 71 88 154 107,87 104 114 37 109 116 76 52 113 77 108 115 117 120 72 86 71 88 154 107,simulation,db4,energy,87,50,50,0
W-CART,W-CART:cart,16,,0.04,0.106,87 104 114 37 109 116 76 52 113 77 108 115 117 120 72 86 71 88 154 107,87 104 114 37 109 116 76 52 113 77 108 115 117 120 72 86 71 88 154 107,simulation,db4,energy,87,50,50,0
ALL,W-QDA:qda,8,,0.02,0.038,87 104 114 37 109 116 76 52 113 77 108 115 117 120 72 86 71 88 154 107,87 104 114 37 109 116 76 52 113 77 108 115 117 120 72 86 71 88 154 107,simulation,db4,energy,87,50,50,0
W-NN,W-NN:k=3,1,2.0,0.08,0.16,75 113 74 109 112 114 79 80 108 116 76 77 111 73 110 115 78 81 83 117,78 79 115 74 76 80 111 112 113 75 109 114 77 81 116 72 73 108 110 82,simulation,db4,usage,87,50,50,0
W-QDA,W-QDA:qda,3,3.0,0.06,0.092,113 109 73 74 110 115 75 77 83 112 116 76 78 80 108 111 114 72 79 81,78 79 115 74 76 80 111 112 113 75 109 114 77 81 116 72 73 108 110 82,simulation,db4,usage,87,50,50,0
W-CART,W-CART:cart,23,3.0,0.02,0.112,113 109 73 74 110 115 75 77 83 112 116 76 78 80 108 111 114 72 79 81,78 79 115 74 76 80 111 112 113 75 109 114 77 81 116 72 73 108 110 82,simulation,db4,usage,87,50,50,0
ALL,W-CART:cart,23,3.0,0.02,0.112,113 109 73 74 110 115 75 77 83 112 116 76 78 80 108 111 114 72 79 81,78 79 115 74 76 80 111 112 113 75 109 114 77 81 116 72 73 108 110 82,simulation,db4,usage,87,50,50,0
W-NN,W-NN:k=5,7,,0.04,0.08,84 116 107 106 75 74 71 115 70 59 109 85 60 83 214 72 53 114 108 79,84 116 107 106 75 74 71 115 70 59 109 85 60 83 214 72 53 114 108 79,simulation,db4,energy,88,50,50,0
W-QDA,W-QDA:qda,9,,0.02,0.028,84 116 107 106 75 74 71 115 70 59 109 85 60 83 214 72 53 114 108 79,84 116 107 106 75 74 71 115 70 59 109 85 60 83 214 72 53 114 108 79,simulation,db4,energy,88,50,50,0
W-CART,W-CART:cart,27,,0.08,0.126,84 116 107 106 75 74 71 115 70 59 109 85 60 83 214 72 53 114 108 79,84 116 107 106 75 74 71 115 70 59 109 85 60 83 214 72 53 114 108 79,simulation,db4,energy,88,50,50,0
ALL,W-QDA:qda,9,,0.02,0.028,84 116 107 106 75 74 71 115 70 59 109 85 60 83 214 72 53 114 108 79,84 116 107 106 75 74 71 115 70 59 109 85 60 83 214 72 53 114 108 79,simulation,db4,energy,88,50,50,0
W-NN,W-NN:k=1,6,2.0,0.04,0.162,79 84 78 109 74 75 82 83 106 107 113 85 105 111 115 116 73 76 77 80,83 79 108 113 78 81 111 116 77 80 85 109 112 114 74 75 106 84 105 107,simulation,db4,usage,88,50,50,0
W-QDA,W-QDA:qda,7,2.0,0.02,0.058,79 84 78 109 74 75 82 83 106 107 113 85 105 111 115 116 73 76 77 80,83 79 108 113 78 81 111 116 77 80 85 109 112 114 74 75 106 84 105 107,simulation,db4,usage,88,50,50,0
W-CART,W-CART:cart,6,2.0,0.06,0.12,79 84 78 109 74 75 82 83 106 107 113 85 105 111 115 116 73 76 77 80,83 79 108 113 78 81 111 116 77 80 85 109 112 114 74 75 106 84 105 107,simulation,db4,usage,88,50,50,0
ALL,W-QDA:qda,7,2.0,0.02,0.058,79 84 78 109 74 75 82 83 106 107 113 85 105 111 115 116 73 76 77 80,83 79 108 113 78 81 111 116 77 80 85 109 112 114 74 75 106 84 105 107,simulation,db4,usage,88,50,50,0
W-NN,W-NN:k=7,1,,0.08,0.128,117 118 74 77 78 113 73 227 75 114 72 228 115 116 148 80 88 35 147 82,117 118 74 77 78 113 73 227 75 114 72 228 115 116 148 80 88 35 147 82,simulation,db4,energy,89,50,50,0
W-QDA,W-QDA:qda,1,,0.1,0.12,117 118 74 77 78 113 73 227 75 114 72 228 115 116 148 80 88 35 147 82,117 118 74 77 78 113 73 227 75 114 72 228 115 116 148 80 88 35 147 82,simulation,db4,energy,89,50,50,0
W-CART,W-CART:cart,2,,0.12,0.114,117 118 74 77 78 113 73 227 75 114 72 228 115 116 148 80 88 35 147 82,117 118 74 77 78 113 73 227 75 114 72 228 115 116 148 80 88 35 147 82,simulation,db4,energy,89,50,50,0
ALL,W-NN:k=7,1,,0.08,0.128,117 118 74 77 78 113 73 227 75 114 72 228 115 116 148 80 88 35 147 82,117 118 74 77 78 113 73 227 75 114 72 228 115 116 148 80 88 35 147 82,simulation,db4,energy,89,50,50,0
W-NN,W-NN:k=1,6,3.0,0.04,0.106,117 73 74 72 118 116 150 75 80 108 113 115 77 86 114 76 84 105 111 88,114 72 73 76 74 115 117 118 75 80 149 150 151 81 113 116 79 109 111 234,simulation,db4,usage,89,50,50,0
W-QDA,W-QDA:qda,2,0.5,0.06,0.084,115 72 114 75 76 73 74 77 80 110 111 112 113 117 118 83 150 233 81 108,114 72 73 76 74 115 117 118 75 80 149 150 151 81 113 116 79 109 111 234,simulation,db4,usage,89,50,50,0
W-CART,W-CART:cart,2,1.5,0.1,0.112,72 73 74 114 117 76 115 118 149 116 75 150 234 237 79 113 77 80 84 151,114 72 73 76 74 115 117 118 75 80 149 150 151 81 113 116 79 109 111 234,simulation,db4,usage,89,50,50,0
ALL,W-NN:k=1,6,3.0,0.04,0.106,117 73 74 72 118 116 150 75 80 108 113 115 77 86 114 76 84 105 111 88,114 72 73 76 74 115 117 118 75 80 149 150 151 81 113 116 79 109 111 234,simulation,db4,usage,89,50,50,0
W-NN,W-NN:k=3,3,,0.06,0.14,58 103 74 75 116 77 113 78 121 112 108 40 70 37 76 120 119 87 82 84,58 103 74 75 116 77 113 78 121 112 108 40 70 37 76 120 119 87 82 84,simulation,db4,energy,90,50,50,0
W-QDA,W-QDA:qda,4,,0.04,0.074,58 103 74 75 116 77 113 78 121 112 108 40 70 37 76 120 119 87 82 84,58 103 74 75 116 77 113 78 121 112 108 40 70 37 76 120 119 87 82 84,simulation,db4,energy,90,50,50,0
W-CART,W-CART:cart,54,,0.08,0.126,58 103 74 75 116 77 113 78 121 112 108 40 70 37 76 120 119 87 82 84,58 103 74 75 116 77 113 78 121 112 108 40 70 37 76 120 119 87 82 84,simulation,db4,energy,90,50,50,0
ALL,W-QDA:qda,4,,0.04,0.074,58 103 74 75 116 77 113 78 121 112 108 40 70 37 76 120 119 87 82 84,58 103 74 75 116 77 113 78 121 112 108 40 70 37 76 120 119 87 82 84,simulation,db4,energy,90,50,50,0
W-NN,W-NN:k=5,11,1.0,0.06,0.124,115 75 76 77 78 79 81 82 108 111 114 109 112 80 113 116 107 110 73 84,115 75 76 77 78 79 81 82 108 111 114 109 112 80 113 116 107 110 73 84,simulation,db4,usage,90,50,50,0
W-QDA,W-QDA:qda,8,3.0,0.02,0.088,76 82 79 78 109 111 119 80 84 106 74 81 85 104 107 113 116 117 118 72,115 75 76 77 78 79 81 82 108 111 114 109 112 80 113 116 107 110 73 84,simulation,db4,usage,90,50,50,0
W-CART,W-CART:cart,22,1.5,0.08,0.126,76 75 77 78 79 114 82 108 109 115 73 81 83 111 116 118 119 80 107 72,115 75 76 77 78 79 81 82 108 111 114 109 112 80 113 116 107 110 73 84,simulation,db4,usage,90,50,50,0
ALL,W-QDA:qda,8,3.0,0.02,0.088,76 82 79 78 109 111 119 80 84 106 74 81 85 104 107 113 116 117 118 72,115 75 76 77 78 79 81 82 108 111 114 109 112 80 113 116 107 110 73 84,simulation,db4,usage,90,50,50,0
W-NN,W-NN:k=5,2,,0.16,0.142,84 107 108 80 111 83 79 110 40 169 43 113 78 109 81 222 41 114 106 76,84 107 108 80 111 83 79 110 40 169 43 113 78 109 81 222 41 114 106 76,simulation,db4,energy,91,50,50,0
W-QDA,W-QDA:qda,5,,0.12,0.142,84 107 108 80 111 83 79 110 40 169 43 113 78 109 81 222 41 114 106 76,84 107 108 80 111 83 79 110 40 169 43 113 78 109 81 222 41 114 106 76,simulation,db4,energy,91,50,50,0
W-CART,W-CART:cart,39,,0.08,0.156,84 107 108 80 111 83 79 110 40 169 43 113 78 109 81 222 41 114 106 76,84 107 108 80 111 83 79 110 40 169 43 113 78 109 81 222 41 114 106 76,simulation,db4,energy,91,50,50,0
ALL,W-CART:cart,39,,0.08,0.156,84 107 108 80 111 83 79 110 40 169 43 113 78 109 81 222 41 114 106 76,84 107 108 80 111 83 79 110 40 169 43 113 78 109 81 222 41 114 106 76,simulation,db4,energy,91,50,50,0
W-NN,W-NN:k=3,15,3.0,0.08,0.09,108 80 81 79 111 109 115 77 106 110 83 107 112 114 117 76 85 113 116 78,79 78 108 110 111 80 81 109 113 77 114 82 84 85 83 107 115 76 75 106,simulation,db4,usage,91,50,50,0
W-QDA,W-QDA:qda,9,3.0,0.1,0.122,108 80 81 79 111 109 115 77 106 110 83 107 112 114 117 76 85 113 116 78,79 78 108 110 111 80 81 109 113 77 114 82 84 85 83 107 115 76 75 106,simulation,db4,usage,91,50,50,0
W-CART,W-CART:cart,13,1.5,0.08,0.188,79 108 80 109 113 78 81 110 111 77 83 84 85 107 82 112 115 106 114 76,79 78 108 110 111 80 81 109 113 77 114 82 84 85 83 107 115 76 75 106,simulation,db4,usage,91,50,50,0
ALL,W-CART:cart,13,1.5,0.08,0.188,79 108 80 109 113 78 81 110 111 77 83 84 85 107 82 112 115 106 114 76,79 78 108 110 111 80 81 109 113 77 114 82 84 85 83 107 115 76 75 106,simulation,db4,usage,91,50,50,0
W-NN,W-NN:k=5,7,,0.08,0.15,109 81 82 77 117 84 113 114 76 37 85 105 112 73 108 86 80 78 116 83,109 81 82 77 117 84 113 114 76 37 85 105 112 73 108 86 80 78 116 83,simulation,db4,energy,92,50,50,0
W-QDA,W-QDA:qda,16,,0.0,0.032,109 81 82 77 117 84 113 114 76 37 85 105 112 73 108 86 80 78 116 83,109 81 82 77 117 84 113 114 76 37 85 105 112 73 108 86 80 78 116 83,simulation,db4,energy,92,50,50,0
W-CART,W-CART:cart,7,,0.1,0.166,109 81 82 77 117 84 113 114 76 37 85 105 112 73 108 86 80 78 116 83,109 81 82 77 117 84 113 114 76 37 85 105 112 73 108 86 80 78 116 83,simulation,db4,energy,92,50,50,0
ALL,W-QDA:qda,16,,0.0,0.032,109 81 82 77 117 84 113 114 76 37 85 105 112 73 108 86 80 78 116 83,109 81 82 77 117 84 113 114 76 37 85 105 112 73 108 86 80 78 116 83,simulation,db4,energy,92,50,50,0
W-NN,W-NN:k=1,5,0.5,0.12,0.162,80 75 81 111 115 77 79 82 76 108 110 114 116 74 78 109 112 113 83 107,81 82 77 110 112 79 111 114 80 109 78 113 116 76 75 108 115 85 86 105,simulation,db4,usage,92,50,50,0
W-QDA,W-QDA:qda,13,2.0,0.08,0.106,79 111 112 114 81 76 82 110 113 80 77 78 85 108 109 115 75 107 83 84,81 82 77 110 112 79 111 114 80 109 78 113 116 76 75 108 115 85 86 105,simulation,db4,usage,92,50,50,0
W-CART,W-CART:cart,23,0.5,0.04,0.112,80 75 81 111 115 77 79 82 76 108 110 114 116 74 78 109 112 113 83 107,81 82 77 110 112 79 111 114 80 109 78 113 116 76 75 108 115 85 86 105,simulation,db4,usage,92,50,50,0
ALL,W-CART:cart,23,0.5,0.04,0.112,80 75 81 111 115 77 79 82 76 108 110 114 116 74 78 109 112 113 83 107,81 82 77 110 112 79 111 114 80 109 78 113 116 76 75 108 115 85 86 105,simulation,db4,usage,92,50,50,0
W-NN,W-NN:k=1,9,,0.04,0.11,88 72 116 114 57 109 76 84 78 74 82 87 81 85 115 104 83 118 75 117,88 72 116 114 57 109 76 84 78 74 82 87 81 85 115 104 83 118 75 117,simulation,db4,energy,93,50,50,0
W-QDA,W-QDA:qda,20,,0.06,0.088,88 72 116 114 57 109 76 84 78 74 82 87 81 85 115 104 83 118 75 117,88 72 116 114 57 109 76 84 78 74 82 87 81 85 115 104 83 118 75 117,simulation,db4,energy,93,50,50,0
W-CART,W-CART:cart,27,,0.1,0.112,88 72 116 114 57 109 76 84 78 74 82 87 81 85 115 104 83 118 75 117,88 72 116 114 57 109 76 84 78 74 82 87 81 85 115 104 83 118 75 117,simulation,db4,energy,93,50,50,0
ALL,W-NN:k=1,9,,0.04,0.11,88 72 116 114 57 109 76 84 78 74 82 87 81 85 115 104 83 118 75 117,88 72 116 114 57 109 76 84 78 74 82 87 81 85 115 104 83 118 75 117,simulation,db4,energy,93,50,50,0
W-NN,W-NN:k=1,6,3.0,0.06,0.13,116 74 75 115 76 81 84 72 73 78 105 112 114 117 77 118 80 107 111 83,115 77 114 116 74 75 76 78 79 80 81 112 73 113 117 118 84 111 151 152,simulation,db4,usage,93,50,50,0
W-QDA,W-QDA:qda,9,3.0,0.08,0.052,116 74 75 115 76 81 84 72 73 78 105 112 114 117 77 118 80 107 111 83,115 77 114 116 74 75 76 78 79 80 81 112 73 113 117 118 84 111 151 152,simulation,db4,usage,93,50,50,0
W-CART,W-CART:cart,4,1.5,0.08,0.088,115 116 74 73 76 114 75 78 112 117 77 79 81 84 113 80 85 109 111 72,115 77 114 116 74 75 76 78 79 80 81 112 73 113 117 118 84 111 151 152,simulation,db4,usage,93,50,50,0
ALL,W-NN:k=1,6,3.0,0.06,0.13,116 74 75 115 76 81 84 72 73 78 105 112 114 117 77 118 80 107 111 83,115 77 114 116 74 75 76 78 79 80 81 112 73 113 117 118 84 111 151 152,simulation,db4,usage,93,50,50,0
W-NN,W-NN:k=1,4,,0.02,0.162,117 73 72 110 51 78 77 84 44 113 85 115 74 103 118 112 43 81 86 53,117 73 72 110 51 78 77 84 44 113 85 115 74 103 118 112 43 81 86 53,simulation,db4,energy,94,50,50,0
W-QDA,W-QDA:qda,7,,0.0,0.052,117 73 72 110 51 78 77 84 44 113 85 115 74 103 118 112 43 81 86 53,117 73 72 110 51 78 77 84 44 113 85 115 74 103 118 112 43 81 86 53,simulation,db4,energy,94,50,50,0
W-CART,W-CART:cart,1,,0.04,0.148,117 73 72 110 51 78 77 84 44 113 85 115 74 103 118 112 43 81 86 53,117 73 72 110 51 78 77 84 44 113 85 115 74 103 118 112 43 81 86 53,simulation,db4,energy,94,50,50,0
ALL,W-QDA:qda,7,,0.0,0.052,117 73 72 110 51 78 77 84 44 113 85 115 74 103 118 112 43 81 86 53,117 73 72 110 51 78 77 84 44 113 85 115 74 103 118 112 43 81 86 53,simulation,db4,energy,94,50,50,0
W-NN,W-NN:k=7,17,3.0,0.06,0.26,106 78 79 108 109 77 85 105 113 115 80 84 111 72 110 74 81 82 83 86,79 108 81 106 107 78 112 80 86 113 116 75 84 85 109 82 105 110 115 117,simulation,db4,usage,94,50,50,0
W-QDA,W-QDA:qda,18,3.0,0.02,0.078,106 78 79 108 109 77 85 105 113 115 80 84 111 72 110 74 81 82 83 86,79 108 81 106 107 78 112 80 86 113 116 75 84 85 109 82 105 110 115 117,simulation,db4,usage,94,50,50,0
W-CART,W-CART:cart,8,3.0,0.12,0.13,106 78 79 108 109 77 85 105 113 115 80 84 111 72 110 74 81 82 83 86,79 108 81 106 107 78 112 80 86 113 116 75 84 85 109 82 105 110 115 117,simulation,db4,usage,94,50,50,0
ALL,W-QDA:qda,18,3.0,0.02,0.078,106 78 79 108 109 77 85 105 113 115 80 84 111 72 110 74 81 82 83 86,79 108 81 106 107 78 112 80 86 113 116 75 84 85 109 82 105 110 115 117,simulation,db4,usage,94,50,50,0
W-NN,W-NN:k=1,6,,0.04,0.134,83 70 71 108 107 116 114 60 41 84 118 117 74 72 85 115 119 76 54 82,83 70 71 108 107 116 114 60 41 84 118 117 74 72 85 115 119 76 54 82,simulation,db4,energy,95,50,50,0
W-QDA,W-QDA:qda,16,,0.04,0.032,83 70 71 108 107 116 114 60 41 84 118 117 74 72 85 115 119 76 54 82,83 70 71 108 107 116 114 60 41 84 118 117 74 72 85 115 119 76 54 82,simulation,db4,energy,95,50,50,0
W-CART,W-CART:cart,40,,0.08,0.166,83 70 71 108 107 116 114 60 41 84 118 117 74 72 85 115 119 76 54 82,83 70 71 108 107 116 114 60 41 84 118 117 74 72 85 115 119 76 54 82,simulation,db4,energy,95,50,50,0
ALL,W-NN:k=1,6,,0.04,0.134,83 70 71 108 107 116 114 60 41 84 118 117 74 72 85 115 119 76 54 82,83 70 71 108 107 116 114 60 41 84 118 117 74 72 85 115 119 76 54 82,simulation,db4,energy,95,50,50,0
W-NN,W-NN:k=5,10,3.0,0.02,0.078,74 84 83 116 82 85 106 115 117 73 105 118 76 78 107 79 104 77 109 112,114 83 82 108 74 77 107 78 84 106 109 110 117 72 80 81 85 115 116 76,simulation,db4,usage,95,50,50,0
W-QDA,W-QDA:qda,13,2.0,0.0,0.026,83 114 74 78 107 115 82 116 84 106 108 117 75 77 85 73 76 79 104 109,114 83 82 108 74 77 107 78 84 106 109 110 117 72 80 81 85 115 116 76,simulation,db4,usage,95,50,50,0
W-CART,W-CART:cart,11,3.0,0.08,0.166,74 84 83 116 82 85 106 115 117 73 105 118 76 78 107 79 104 77 109 112,114 83 82 108 74 77 107 78 84 106 109 110 117 72 80 81 85 115 116 76,simulation,db4,usage,95,50,50,0
ALL,W-QDA:qda,13,2.0,0.0,0.026,83 114 74 78 107 115 82 116 84 106 108 117 75 77 85 73 76 79 104 109,114 83 82 108 74 77 107 78 84 106 109 110 117 72 80 81 85 115 116 76,simulation,db4,usage,95,50,50,0
W-NN,W-NN:k=3,6,,0.08,0.124,107 87 51 84 72 115 88 108 59 116 86 114 119 113 103 83 110 77 82 118,107 87 51 84 72 115 88 108 59 116 86 114 119 113 103 83 110 77 82 118,simulation,db4,energy,96,50,50,0
W-QDA,W-QDA:qda,8,,0.0,0.04,107 87 51 84 72 115 88 108 59 116 86 114 119 113 103 83 110 77 82 118,107 87 51 84 72 115 88 108 59 116 86 114 119 113 103 83 110 77 82 118,simulation,db4,energy,96,50,50,0
W-CART,W-CART:cart,5,,0.04,0.092,107 87 51 84 72 115 88 108 59 116 86 114 119 113 103 83 110 77 82 118,107 87 51 84 72 115 88 108 59 116 86 114 119 113 103 83 110 77 82 118,simulation,db4,energy,96,50,50,0
ALL,W-QDA:qda,8,,0.0,0.04,107 87 51 84 72 115 88 108 59 116 86 114 119 113 103 83 110 77 82 118,107 87 51 84 72 115 88 108 59 116 86 114 119 113 103 83 110 77 82 118,simulation,db4,energy,96,50,50,0
W-NN,W-NN:k=9,4,0.5,0.02,0.23,79 109 76 114 115 116 75 82 113 77 78 108 81 107 110 83 117 80 112 118,75 79 114 115 80 81 112 113 76 77 108 110 116 74 82 107 109 117 73 111,simulation,db4,usage,96,50,50,0
W-QDA,W-QDA:qda,3,1.0,0.04,0.166,75 79 114 115 80 81 112 113 76 77 108 110 116 74 82 107 109 117 73 111,75 79 114 115 80 81 112 113 76 77 108 110 116 74 82 107 109 117 73 111,simulation,db4,usage,96,50,50,0
W-CART,W-CART:cart,25,1.5,0.04,0.11,75 79 112 115 80 81 114 116 74 108 110 113 117 76 78 82 84 111 73 109,75 79 114 115 80 81 112 113 76 77 108 110 116 74 82 107 109 117 73 111,simulation,db4,usage,96,50,50,0
ALL,W-NN:k=9,4,0.5,0.02,0.23,79 109 76 114 115 116 75 82 113 77 78 108 81 107 110 83 117 80 112 118,75 79 114 115 80 81 112 113 76 77 108 110 116 74 82 107 109 117 73 111,simulation,db4,usage,96,50,50,0
W-NN,W-NN:k=1,5,,0.06,0.076,106 85 119 73 118 76 71 36 120 116 84 114 72 117 88 115 59 75 107 74,106 85 119 73 118 76 71 36 120 116 84 114 72 117 88 115 59 75 107 74,simulation,db4,energy,97,50,50,0
W-QDA,W-QDA:qda,7,,0.02,0.034,106 85 119 73 118 76 71 36 120 116 84 114 72 117 88 115 59 75 107 74,106 85 119 73 118 76 71 36 120 116 84 114 72 117 88 115 59 75 107 74,simulation,db4,energy,97,50,50,0
W-CART,W-CART:cart,7,,0.14,0.116,106 85 119 73 118 76 71 36 120 116 84 114 72 117 88 115 59 75 107 74,106 85 119 73 118 76 71 36 120 116 84 114 72 117 88 115 59 75 107 74,simulation,db4,energy,97,50,50,0
ALL,W-QDA:qda,7,,0.02,0.034,106 85 119 73 118 76 71 36 120 116 84 114 72 117 88 115 59 75 107 74,106 85 119 73 118 76 71 36 120 116 84 114 72 117 88 115 59 75 107 74,simulation,db4,energy,97,50,50,0
W-NN,W-NN:k=1,4,3.0,0.06,0.138,76 115 74 114 116 73 75 118 119 77 78 111 117 72 79 80 113 71 57 58,112 74 78 75 115 116 76 80 111 113 114 117 119 73 77 79 72 120 81 82,simulation,db4,usage,97,50,50,0
W-QDA,W-QDA:qda,2,1.0,0.06,0.168,112 74 78 75 115 116 76 80 111 113 114 117 119 73 77 79 72 120 81 82,112 74 78 75 115 116 76 80 111 113 114 117 119 73 77 79 72 120 81 82,simulation,db4,usage,97,50,50,0
W-CART,W-CART:cart,1,2.0,0.08,0.126,74 76 78 114 115 116 75 119 79 73 77 111 112 72 80 113 117 120 118 71,112 74 78 75 115 116 76 80 111 113 114 117 119 73 77 79 72 120 81 82,simulation,db4,usage,97,50,50,0
ALL,W-QDA:qda,2,1.0,0.06,0.168,112 74 78 75 115 116 76 80 111 113 114 117 119 73 77 79 72 120 81 82,112 74 78 75 115 116 76 80 111 113 114 117 119 73 77 79 72 120 81 82,simulation,db4,usage,97,50,50,0
W-NN,W-NN:k=1,5,,0.16,0.134,78 113 116 117 107 114 38 71 73 79 109 84 72 110 118 81 106 112 74 119,78 113 116 117 107 114 38 71 73 79 109 84 72 110 118 81 106 112 74 119,simulation,db4,energy,98,50,50,0
W-QDA,W-QDA:qda,8,,0.0,0.08,78 113 116 117 107 114 38 71 73 79 109 84 72 110 118 81 106 112 74 119,78 113 116 117 107 114 38 71 73 79 109 84 72 110 118 81 106 112 74 119,simulation,db4,energy,98,50,50,0
W-CART,W-CART:cart,7,,0.04,0.11,78 113 116 117 107 114 38 71 73 79 109 84 72 110 118 81 106 112 74 119,78 113 116 117 107 114 38 71 73 79 109 84 72 110 118 81 106 112 74 119,simulation,db4,energy,98,50,50,0
ALL,W-QDA:qda,8,,0.0,0.08,78 113 116 117 107 114 38 71 73 79 109 84 72 110 118 81 106 112 74 119,78 113 116 117 107 114 38 71 73 79 109 84 72 110 118 81 106 112 74 119,simulation,db4,energy,98,50,50,0
W-NN,W-NN:k=1,24,0.5,0.1,0.162,76 77 116 78 79 111 113 80 75 109 112 114 115 110 74 81 158 226 230 117,77 113 78 76 111 109 116 80 114 115 75 79 81 110 112 74 83 84 117 73,simulation,db4,usage,98,50,50,0
W-QDA,W-QDA:qda,3,0.5,0.1,0.118,76 77 116 78 79 111 113 80 75 109 112 114 115 110 74 81 158 226 230 117,77 113 78 76 111 109 116 80 114 115 75 79 81 110 112 74 83 84 117 73,simulation,db4,usage,98,50,50,0
W-CART,W-CART:cart,23,2.0,0.02,0.106,77 78 113 76 112 115 116 109 111 117 79 110 114 81 71 80 73 75 72 106,77 113 78 76 111 109 116 80 114 115 75 79 81 110 112 74 83 84 117 73,simulation,db4,usage,98,50,50,0
ALL,W-CART:cart,23,2.0,0.02,0.106,77 78 113 76 112 115 116 109 111 117 79 110 114 81 71 80 73 75 72 106,77 113 78 76 111 109 116 80 114 115 75 79 81 110 112 74 83 84 117 73,simulation,db4,usage,98,50,50,0
W-NN,W-NN:k=1,5,,0.12,0.126,240 143 118 72 71 70 102 120 119 89 78 144 76 73 35 113 239 79 74 56,240 143 118 72 71 70 102 120 119 89 78 144 76 73 35 113 239 79 74 56,simulation,db4,energy,99,50,50,0
W-QDA,W-QDA:qda,7,,0.06,0.07,240 143 118 72 71 70 102 120 119 89 78 144 76 73 35 113 239 79 74 56,240 143 118 72 71 70 102 120 119 89 78 144 76 73 35 113 239 79 74 56,simulation,db4,energy,99,50,50,0
W-CART,W-CART:cart,19,,0.1,0.108,240 143 118 72 71 70 102 120 119 89 78 144 76 73 35 113 239 79 74 56,240 143 118 72 71 70 102 120 119 89 78 144 76 73 35 113 239 79 74 56,simulation,db4,energy,99,50,50,0
ALL,W-QDA:qda,7,,0.06,0.07,240 143 118 72 71 70 102 120 119 89 78 144 76 73 35 113 239 79 74 56,240 143 118 72 71 70 102 120 119 89 78 144 76 73 35 113 239 79 74 56,simulation,db4,energy,99,50,50,0
W-NN,W-NN:k=3,4,2.0,0.08,0.094,77 78 72 83 113 119 112 114 118 71 73 76 79 116 82 110 111 117 75 81,77 113 78 114 117 79 82 112 76 80 119 72 75 83 109 71 73 108 115 116,simulation,db4,usage,99,50,50,0
W-QDA,W-QDA:qda,13,3.0,0.04,0.054,78 119 76 77 83 72 79 118 73 82 112 116 81 110 113 114 75 84 117 71,77 113 78 114 117 79 82 112 76 80 119 72 75 83 109 71 73 108 115 116,simulation,db4,usage,99,50,50,0
W-CART,W-CART:cart,31,3.0,0.08,0.114,78 119 76 77 83 72 79 118 73 82 112 116 81 110 113 114 75 84 117 71,77 113 78 114 117 79 82 112 76 80 119 72 75 83 109 71 73 108 115 116,simulation,db4,usage,99,50,50,0
ALL,W-QDA:qda,13,3.0,0.04,0.054,78 119 76 77 83 72 79 118 73 82 112 116 81 110 113 114 75 84 117 71,77 113 78 114 117 79 82 112 76 80 119 72 75 83 109 71 73 108 115 116,simulation,db4,usage,99,50,50,0
W-NN,W-NN:k=1,11,,0.16,0.176,102 71 54 77 115 119 80 118 87 89 82 73 117 44 113 112 55 103 116 70,102 71 54 77 115 119 80 118 87 89 82 73 117 44 113 112 55 103 116 70,simulation,db6,energy,0,50,50,0
W-QDA,W-QDA:qda,17,,0.06,0.1,102 71 54 77 115 119 80 118 87 89 82 73 117 44 113 112 55 103 116 70,102 71 54 77 115 119 80 118 87 89 82 73 117 44 113 112 55 103 116 70,simulation,db6,energy,0,50,50,0
W-CART,W-CART:cart,22,,0.06,0.096,102 71 54 77 115 119 80 118 87 89 82 73 117 44 113 112 55 103 116 70,102 71 54 77 115 119 80 118 87 89 82 73 117 44 113 112 55 103 116 70,simulation,db6,energy,0,50,50,0
ALL,W-QDA:qda,17,,0.06,0.1,102 71 54 77 115 119 80 118 87 89 82 73 117 44 113 112 55 103 116 70,102 71 54 77 115 119 80 118 87 89 82 73 117 44 113 112 55 103 116 70,simulation,db6,energy,0,50,50,0
W-NN,W-NN:k=3,2,3.0,0.14,0.134,75 74 112 76 116 73 113 77 114 78 80 115 79 82 117 107 83 111 119 81,76 110 112 75 77 78 79 115 116 111 80 82 113 114 74 81 83 117 73 118,simulation,db6,usage,0,50,50,0
W-QDA,W-QDA:qda,7,1.5,0.1,0.146,76 112 77 75 78 110 116 74 80 82 113 115 73 79 114 81 83 111 117 118,76 110 112 75 77 78 79 115 116 111 80 82 113 114 74 81 83 117 73 118,simulation,db6,usage,0,50,50,0
W-CART,W-CART:cart,8,3.0,0.06,0.092,75 74 112 76 116 73 113 77 114 78 80 115 79 82 117 107 83 111 119 81,76 110 112 75 77 78 79 115 116 111 80 82 113 114 74 81 83 117 73 118,simulation,db6,usage,0,50,50,0
ALL,W-CART:cart,8,3.0,0.06,0.092,75 74 112 76 116 73 113 77 114 78 80 115 79 82 117 107 83 111 119 81,76 110 112 75 77 78 79 115 116 111 80 82 113 114 74 81 83 117 73 118,simulation,db6,usage,0,50,50,0
W-NN,W-NN:k=3,28,,0.06,0.14,75 110 76 81 108 115 109 114 38 111 77 116 74 80 56 79 112 87 104 230,75 110 76 81 108 115 109 114 38 111 77 116 74 80 56 79 112 87 104 230,simulation,db6,energy,1,50,50,0
W-QDA,W-QDA:qda,13,,0.14,0.12,75 110 76 81 108 115 109 114 38 111 77 116 74 80 56 79 112 87 104 230,75 110 76 81 108 115 109 114 38 111 77 116 74 80 56 79 112 87 104 230,simulation,db6,energy,1,50,50,0
W-CART,W-CART:cart,24,,0.08,0.094,75 110 76 81 108 115 109 114 38 111 77 116 74 80 56 79 112 87 104 230,75 110 76 81 108 115 109 114 38 111 77 116 74 80 56 79 112 87 104 230,simulation,db6,energy,1,50,50,0
ALL,W-NN:k=3,28,,0.06,0.14,75 110 76 81 108 115 109 114 38 111 77 116 74 80 56 79 112 87 104 230,75 110 76 81 108 115 109 114 38 111 77 116 74 80 56 79 112 87 104 230,simulation,db6,energy,1,50,50,0
W-NN,W-NN:k=1,23,1.0,0.1,0.172,77 114 76 78 79 112 113 75 80 115 74 81 82 107 109 111 108 110 116 83,77 114 76 78 79 112 113 75 80 115 74 81 82 107 109 111 108 110 116 83,simulation,db6,usage,1,50,50,0
W-QDA,W-QDA:qda,8,2.0,0.22,0.15,76 114 115 113 116 78 80 82 112 75 77 110 111 74 79 81 117 109 73 84,77 114 76 78 79 112 113 75 80 115 74 81 82 107 109 111 108 110 116 83,simulation,db6,usage,1,50,50,0
W-CART,W-CART:cart,33,3.0,0.12,0.172,76 114 115 80 112 75 78 79 111 113 74 77 110 117 73 81 82 116 106 107,77 114 76 78 79 112 113 75 80 115 74 81 82 107 109 111 108 110 116 83,simulation,db6,usage,1,50,50,0
ALL,W-NN:k=1,23,1.0,0.1,0.172,77 114 76 78 79 112 113 75 80 115 74 81 82 107 109 111 108 110 116 83,77 114 76 78 79 112 113 75 80 115 74 81 82 107 109 111 108 110 116 83,simulation,db6,usage,1,50,50,0
W-NN,W-NN:k=1,19,,0.06,0.128,118 71 82 107 109 81 72 83 84 117 73 54 57 119 75 88 76 106 77 79,118 71 82 107 109 81 72 83 84 117 73 54 57 119 75 88 76 106 77 79,simulation,db6,energy,2,50,50,0
W-QDA,W-QDA:qda,2,,0.1,0.1,118 71 82 107 109 81 72 83 84 117 73 54 57 119 75 88 76 106 77 79,118 71 82 107 109 81 72 83 84 117 73 54 57 119 75 88 76 106 77 79,simulation,db6,energy,2,50,50,0
W-CART,W-CART:cart,39,,0.08,0.12,118 71 82 107 109 81 72 83 84 117 73 54 57 119 75 88 76 106 77 79,118 71 82 107 109 81 72 83 84 117 73 54 57 119 75 88 76 106 77 79,simulation,db6,energy,2,50,50,0
ALL,W-NN:k=1,19,,0.06,0.128,118 71 82 107 109 81 72 83 84 117 73 54 57 119 75 88 76 106 77 79,118 71 82 107 109 81 72 83 84 117 73 54 57 119 75 88 76 106 77 79,simulation,db6,energy,2,50,50,0
W-NN,W-NN:k=1,7,3.0,0.1,0.116,82 80 74 77 108 81 85 73 76 78 83 113 114 115 117 79 109 110 116 75,76 113 75 77 80 108 74 115 78 112 114 79 81 82 111 117 83 116 118 85,simulation,db6,usage,2,50,50,0
W-QDA,W-QDA:qda,13,1.0,0.0,0.08,76 113 75 77 80 108 74 115 78 112 114 79 81 82 111 117 83 116 118 85,76 113 75 77 80 108 74 115 78 112 114 79 81 82 111 117 83 116 118 85,simulation,db6,usage,2,50,50,0
W-CART,W-CART:cart,3,3.0,0.06,0.148,82 80 74 77 108 81 85 73 76 78 83 113 114 115 117 79 109 110 116 75,76 113 75 77 80 108 74 115 78 112 114 79 81 82 111 117 83 116 118 85,simulation,db6,usage,2,50,50,0
ALL,W-QDA:qda,13,1.0,0.0,0.08,76 113 75 77 80 108 74 115 78 112 114 79 81 82 111 117 83 116 118 85,76 113 75 77 80 108 74 115 78 112 114 79 81 82 111 117 83 116 118 85,simulation,db6,usage,2,50,50,0
W-NN,W-NN:k=3,11,,0.04,0.152,75 80 117 78 87 108 112 107 81 106 86 82 88 109 111 83 103 104 74 105,75 80 117 78 87 108 112 107 81 106 86 82 88 109 111 83 103 104 74 105,simulation,db6,energy,3,50,50,0
W-QDA,W-QDA:qda,6,,0.0,0.068,75 80 117 78 87 108 112 107 81 106 86 82 88 109 111 83 103 104 74 105,75 80 117 78 87 108 112 107 81 106 86 82 88 109 111 83 103 104 74 105,simulation,db6,energy,3,50,50,0
W-CART,W-CART:cart,16,,0.02,0.122,75 80 117 78 87 108 112 107 81 106 86 82 88 109 111 83 103 104 74 105,75 80 117 78 87 108 112 107 81 106 86 82 88 109 111 83 103 104 74 105,simulation,db6,energy,3,50,50,0
ALL,W-QDA:qda,6,,0.0,0.068,75 80 117 78 87 108 112 107 81 106 86 82 88 109 111 83 103 104 74 105,75 80 117 78 87 108 112 107 81 106 86 82 88 109 111 83 103 104 74 105,simulation,db6,energy,3,50,50,0
W-NN,W-NN:k=1,3,3.0,0.02,0.122,107 106 83 76 84 105 111 114 80 104 112 78 108 115 73 75 81 86 109 117,80 110 79 106 111 112 81 82 84 108 109 107 114 115 78 83 104 76 113 77,simulation,db6,usage,3,50,50,0
W-QDA,W-QDA:qda,2,1.5,0.06,0.108,80 106 107 82 111 78 109 112 114 76 79 84 104 113 115 81 83 108 110 85,80 110 79 106 111 112 81 82 84 108 109 107 114 115 78 83 104 76 113 77,simulation,db6,usage,3,50,50,0
W-CART,W-CART:cart,27,1.5,0.02,0.148,80 106 107 82 111 78 109 112 114 76 79 84 104 113 115 81 83 108 110 85,80 110 79 106 111 112 81 82 84 108 109 107 114 115 78 83 104 76 113 77,simulation,db6,usage,3,50,50,0
ALL,W-NN:k=1,3,3.0,0.02,0.122,107 106 83 76 84 105 111 114 80 104 112 78 108 115 73 75 81 86 109 117,80 110 79 106 111 112 81 82 84 108 109 107 114 115 78 83 104 76 113 77,simulation,db6,usage,3,50,50,0
W-NN,W-NN:k=1,11,,0.04,0.122,111 80 81 85 79 83 109 52 115 113 75 84 117 108 106 110 87 116 39 82,111 80 81 85 79 83 109 52 115 113 75 84 117 108 106 110 87 116 39 82,simulation,db6,energy,4,50,50,0
W-QDA,W-QDA:qda,19,,0.02,0.06,111 80 81 85 79 83 109 52 115 113 75 84 117 108 106 110 87 116 39 82,111 80 81 85 79 83 109 52 115 113 75 84 117 108 106 110 87 116 39 82,simulation,db6,energy,4,50,50,0
W-CART,W-CART:cart,4,,0.08,0.116,111 80 81 85 79 83 109 52 115 113 75 84 117 108 106 110 87 116 39 82,111 80 81 85 79 83 109 52 115 113 75 84 117 108 106 110 87 116 39 82,simulation,db6,energy,4,50,50,0
ALL,W-QDA:qda,19,,0.02,0.06,111 80 81 85 79 83 109 52 115 113 75 84 117 108 106 110 87 116 39 82,111 80 81 85 79 83 109 52 115 113 75 84 117 108 106 110 87 116 39 82,simulation,db6,energy,4,50,50,0
W-NN,W-NN:k=1,40,1.0,0.04,0.146,79 78 113 75 77 80 111 115 81 112 82 114 76 116 83 84 109 110 117 118,79 78 113 75 77 80 111 115 81 112 82 114 76 116 83 84 109 110 117 118,simulation,db6,usage,4,50,50,0
W-QDA,W-QDA:qda,19,1.5,0.0,0.048,115 78 79 77 75 76 81 113 111 116 74 80 82 85 112 114 117 84 106 107,79 78 113 75 77 80 111 115 81 112 82 114 76 116 83 84 109 110 117 118,simulation,db6,usage,4,50,50,0
W-CART,W-CART:cart,18,1.0,0.04,0.184,79 78 113 75 77 80 111 115 81 112 82 114 76 116 83 84 109 110 117 118,79 78 113 75 77 80 111 115 81 112 82 114 76 116 83 84 109 110 117 118,simulation,db6,usage,4,50,50,0
ALL,W-QDA:qda,19,1.5,0.0,0.048,115 78 79 77 75 76 81 113 111 116 74 80 82 85 112 114 117 84 106 107,79 78 113 75 77 80 111 115 81 112 82 114 76 116 83 84 109 110 117 118,simulation,db6,usage,4,50,50,0
W-NN,W-NN:k=1,14,,0.08,0.16,85 108 82 79 211 111 81 212 105 55 116 159 114 112 107 42 110 117 86 75,85 108 82 79 211 111 81 212 105 55 116 159 114 112 107 42 110 117 86 75,simulation,db6,energy,5,50,50,0
W-QDA,W-QDA:qda,18,,0.04,0.056,85 108 82 79 211 111 81 212 105 55 116 159 114 112 107 42 110 117 86 75,85 108 82 79 211 111 81 212 105 55 116 159 114 112 107 42 110 117 86 75,simulation,db6,energy,5,50,50,0
W-CART,W-CART:cart,39,,0.04,0.112,85 108 82 79 211 111 81 212 105 55 116 159 114 112 107 42 110 117 86 75,85 108 82 79 211 111 81 212 105 55 116 159 114 112 107 42 110 117 86 75,simulation,db6,energy,5,50,50,0
ALL,W-QDA:qda,18,,0.04,0.056,85 108 82 79 211 111 81 212 105 55 116 159 114 112 107 42 110 117 86 75,85 108 82 79 211 111 81 212 105 55 116 159 114 112 107 42 110 117 86 75,simulation,db6,energy,5,50,50,0
W-NN,W-NN:k=3,9,1.0,0.02,0.158,79 74 108 76 80 81 115 77 78 84 110 112 114 85 106 75 82 83 107 109,79 74 108 76 80 81 115 77 78 84 110 112 114 85 106 75 82 83 107 109,simulation,db6,usage,5,50,50,0
W-QDA,W-QDA:qda,5,1.0,0.02,0.104,79 74 108 76 80 81 115 77 78 84 110 112 114 85 106 75 82 83 107 109,79 74 108 76 80 81 115 77 78 84 110 112 114 85 106 75 82 83 107 109,simulation,db6,usage,5,50,50,0
W-CART,W-CART:cart,9,1.0,0.04,0.126,79 74 108 76 80 81 115 77 78 84 110 112 114 85 106 75 82 83 107 109,79 74 108 76 80 81 115 77 78 84 110 112 114 85 106 75 82 83 107 109,simulation,db6,usage,5,50,50,0
ALL,W-QDA:qda,5,1.0,0.02,0.104,79 74 108 76 80 81 115 77 78 84 110 112 114 85 106 75 82 83 107 109,79 74 108 76 80 81 115 77 78 84 110 112 114 85 106 75 82 83 107 109,simulation,db6,usage,5,50,50,0
W-NN,W-NN:k=3,51,,0.08,0.114,81 109 106 40 86 115 114 76 82 84 79 110 85 42 105 88 87 107 83 54,81 109 106 40 86 115 114 76 82 84 79 110 85 42 105 88 87 107 83 54,simulation,db6,energy,6,50,50,0
W-QDA,W-QDA:qda,9,,0.02,0.054,81 109 106 40 86 115 114 76 82 84 79 110 85 42 105 88 87 107 83 54,81 109 106 40 86 115 114 76 82 84 79 110 85 42 105 88 87 107 83 54,simulation,db6,energy,6,50,50,0
W-CART,W-CART:cart,36,,0.1,0.198,81 109 106 40 86 115 114 76 82 84 79 110 85 42 105 88 87 107 83 54,81 109 106 40 86 115 114 76 82 84 79 110 85 42 105 88 87 107 83 54,simulation,db6,energy,6,50,50,0
ALL,W-QDA:qda,9,,0.02,0.054,81 109 106 40 86 115 114 76 82 84 79 110 85 42 105 88 87 107 83 54,81 109 106 40 86 115 114 76 82 84 79 110 85 42 105 88 87 107 83 54,simulation,db6,energy,6,50,50,0
W-NN,W-NN:k=3,3,3.0,0.14,0.164,84 81 106 109 87 80 82 83 105 107 108 111 85 86 110 79 103 104 77 76,108 83 80 81 84 110 105 107 82 109 79 111 106 87 86 85 104 112 76 78,simulation,db6,usage,6,50,50,0
W-QDA,W-QDA:qda,5,1.5,0.08,0.098,83 84 79 82 105 108 81 110 111 107 109 106 80 85 86 87 104 103 78 88,108 83 80 81 84 110 105 107 82 109 79 111 106 87 86 85 104 112 76 78,simulation,db6,usage,6,50,50,0
W-CART,W-CART:cart,59,2.0,0.1,0.198,83 81 82 108 79 84 107 109 106 110 111 87 105 80 85 103 104 86 78 112,108 83 80 81 84 110 105 107 82 109 79 111 106 87 86 85 104 112 76 78,simulation,db6,usage,6,50,50,0
ALL,W-QDA:qda,5,1.5,0.08,0.098,83 84 79 82 105 108 81 110 111 107 109 106 80 85 86 87 104 103 78 88,108 83 80 81 84 110 105 107 82 109 79 111 106 87 86 85 104 112 76 78,simulation,db6,usage,6,50,50,0
W-NN,W-NN:k=3,7,,0.12,0.132,210 110 73 231 86 116 105 72 57 152 75 151 74 173 85 119 76 117 87 28,210 110 73 231 86 116 105 72 57 152 75 151 74 173 85 119 76 117 87 28,simulation,db6,energy,7,50,50,0
W-QDA,W-QDA:qda,15,,0.02,0.024,210 110 73 231 86 116 105 72 57 152 75 151 74 173 85 119 76 117 87 28,210 110 73 231 86 116 105 72 57 152 75 151 74 173 85 119 76 117 87 28,simulation,db6,energy,7,50,50,0
W-CART,W-CART:cart,6,,0.14,0.16,210 110 73 231 86 116 105 72 57 152 75 151 74 173 85 119 76 117 87 28,210 110 73 231 86 116 105 72 57 152 75 151 74 173 85 119 76 117 87 28,simulation,db6,energy,7,50,50,0
ALL,W-QDA:qda,15,,0.02,0.024,210 110 73 231 86 116 105 72 57 152 75 151 74 173 85 119 76 117 87 28,210 110 73 231 86 116 105 72 57 152 75 151 74 173 85 119 76 117 87 28,simulation,db6,energy,7,50,50,0
W-NN,W-NN:k=1,4,1.5,0.06,0.112,109 76 107 116 110 74 77 82 84 108 75 78 106 111 115 117 80 87 105 114,76 79 116 117 77 107 110 115 75 82 109 111 114 83 84 106 108 74 78 81,simulation,db6,usage,7,50,50,0
W-QDA,W-QDA:qda,9,1.0,0.04,0.08,76 79 116 117 77 107 110 115 75 82 109 111 114 83 84 106 108 74 78 81,76 79 116 117 77 107 110 115 75 82 109 111 114 83 84 106 108 74 78 81,simulation,db6,usage,7,50,50,0
W-CART,W-CART:cart,29,0.5,0.08,0.108,110 109 76 77 79 116 80 82 111 115 74 78 81 112 113 84 107 108 114 117,76 79 116 117 77 107 110 115 75 82 109 111 114 83 84 106 108 74 78 81,simulation,db6,usage,7,50,50,0
ALL,W-QDA:qda,9,1.0,0.04,0.08,76 79 116 117 77 107 110 115 75 82 109 111 114 83 84 106 108 74 78 81,76 79 116 117 77 107 110 115 75 82 109 111 114 83 84 106 108 74 78 81,simulation,db6,usage,7,50,50,0
W-NN,W-NN:k=3,2,,0.04,0.116,103 120 88 78 80 115 113 79 36 38 112 77 76 106 110 37 87 118 35 82,103 120 88 78 80 115 113 79 36 38 112 77 76 106 110 37 87 118 35 82,simulation,db6,energy,8,50,50,0
W-QDA,W-QDA:qda,6,,0.02,0.072,103 120 88 78 80 115 113 79 36 38 112 77 76 106 110 37 87 118 35 82,103 120 88 78 80 115 113 79 36 38 112 77 76 106 110 37 87 118 35 82,simulation,db6,energy,8,50,50,0
W-CART,W-CART:cart,10,,0.08,0.148,103 120 88 78 80 115 113 79 36 38 112 77 76 106 110 37 87 118 35 82,103 120 88 78 80 115 113 79 36 38 112 77 76 106 110 37 87 118 35 82,simulation,db6,energy,8,50,50,0
ALL,W-QDA:qda,6,,0.02,0.072,103 120 88 78 80 115 113 79 36 38 112 77 76 106 110 37 87 118 35 82,103 120 88 78 80 115 113 79 36 38 112 77 76 106 110 37 87 118 35 82,simulation,db6,energy,8,50,50,0
W-NN,W-NN:k=1,3,3.0,0.08,0.198,112 78 117 111 113 82 118 75 79 110 74 76 80 81 115 116 119 77 106 109,78 76 112 114 77 113 111 115 116 80 82 110 75 79 81 74 109 117 73 84,simulation,db6,usage,8,50,50,0
W-QDA,W-QDA:qda,3,3.0,0.02,0.142,112 78 117 111 113 82 118 75 79 110 74 76 80 81 115 116 119 77 106 109,78 76 112 114 77 113 111 115 116 80 82 110 75 79 81 74 109 117 73 84,simulation,db6,usage,8,50,50,0
W-CART,W-CART:cart,3,3.0,0.04,0.178,112 78 117 111 113 82 118 75 79 110 74 76 80 81 115 116 119 77 106 109,78 76 112 114 77 113 111 115 116 80 82 110 75 79 81 74 109 117 73 84,simulation,db6,usage,8,50,50,0
ALL,W-QDA:qda,3,3.0,0.02,0.142,112 78 117 111 113 82 118 75 79 110 74 76 80 81 115 116 119 77 106 109,78 76 112 114 77 113 111 115 116 80 82 110 75 79 81 74 109 117 73 84,simulation,db6,usage,8,50,50,0
W-NN,W-NN:k=1,44,,0.14,0.212,79 111 112 78 113 80 39 110 117 74 87 76 77 81 116 73 118 55 114 115,79 111 112 78 113 80 39 110 117 74 87 76 77 81 116 73 118 55 114 115,simulation,db6,energy,9,50,50,0
W-QDA,W-QDA:qda,11,,0.06,0.084,79 111 112 78 113 80 39 110 117 74 87 76 77 81 116 73 118 55 114 115,79 111 112 78 113 80 39 110 117 74 87 76 77 81 116 73 118 55 114 115,simulation,db6,energy,9,50,50,0
W-CART,W-CART:cart,14,,0.06,0.124,79 111 112 78 113 80 39 110 117 74 87 76 77 81 116 73 118 55 114 115,79 111 112 78 113 80 39 110 117 74 87 76 77 81 116 73 118 55 114 115,simulation,db6,energy,9,50,50,0
ALL,W-QDA:qda,11,,0.06,0.084,79 111 112 78 113 80 39 110 117 74 87 76 77 81 116 73 118 55 114 115,79 111 112 78 113 80 39 110 117 74 87 76 77 81 116 73 118 55 114 115,simulation,db6,energy,9,50,50,0
W-NN,W-NN:k=5,48,3.0,0.08,0.188,80 111 76 79 78 110 113 77 112 114 75 116 74 109 115 73 82 117 81 118,80 79 82 110 113 78 112 115 109 111 75 81 114 77 76 116 117 73 74 83,simulation,db6,usage,9,50,50,0
W-QDA,W-QDA:qda,11,1.5,0.12,0.17,80 79 113 110 111 78 81 82 76 112 75 114 115 116 109 73 74 77 117 107,80 79 82 110 113 78 112 115 109 111 75 81 114 77 76 116 117 73 74 83,simulation,db6,usage,9,50,50,0
W-CART,W-CART:cart,18,1.0,0.02,0.142,80 79 82 110 113 78 112 115 109 111 75 81 114 77 76 116 117 73 74 83,80 79 82 110 113 78 112 115 109 111 75 81 114 77 76 116 117 73 74 83,simulation,db6,usage,9,50,50,0
ALL,W-CART:cart,18,1.0,0.02,0.142,80 79 82 110 113 78 112 115 109 111 75 81 114 77 76 116 117 73 74 83,80 79 82 110 113 78 112 115 109 111 75 81 114 77 76 116 117 73 74 83,simulation,db6,usage,9,50,50,0
W-NN,W-NN:k=1,5,,0.02,0.108,58 109 74 108 103 75 107 81 88 73 110 80 111 102 85 104 117 87 84 105,58 109 74 108 103 75 107 81 88 73 110 80 111 102 85 104 117 87 84 105,simulation,db6,energy,10,50,50,0
W-QDA,W-QDA:qda,10,,0.02,0.086,58 109 74 108 103 75 107 81 88 73 110 80 111 102 85 104 117 87 84 105,58 109 74 108 103 75 107 81 88 73 110 80 111 102 85 104 117 87 84 105,simulation,db6,energy,10,50,50,0
W-CART,W-CART:cart,33,,0.0,0.11,58 109 74 108 103 75 107 81 88 73 110 80 111 102 85 104 117 87 84 105,58 109 74 108 103 75 107 81 88 73 110 80 111 102 85 104 117 87 84 105,simulation,db6,energy,10,50,50,0
ALL,W-CART:cart,33,,0.0,0.11,58 109 74 108 103 75 107 81 88 73 110 80 111 102 85 104 117 87 84 105,58 109 74 108 103 75 107 81 88 73 110 80 111 102 85 104 117 87 84 105,simulation,db6,energy,10,50,50,0
W-NN,W-NN:k=3,6,0.5,0.02,0.134,79 81 82 110 108 77 84 107 109 111 78 83 85 106 105 112 76 80 86 103,108 82 107 109 105 84 80 81 110 77 79 111 83 85 114 78 86 87 104 106,simulation,db6,usage,10,50,50,0
W-QDA,W-QDA:qda,2,2.0,0.0,0.12,105 107 108 109 82 84 110 81 83 87 111 114 78 79 85 86 102 106 112 77,108 82 107 109 105 84 80 81 110 77 79 111 83 85 114 78 86 87 104 106,simulation,db6,usage,10,50,50,0
W-CART,W-CART:cart,30,1.5,0.0,0.116,108 105 82 107 81 84 109 110 114 79 83 85 86 87 104 111 77 78 106 112,108 82 107 109 105 84 80 81 110 77 79 111 83 85 114 78 86 87 104 106,simulation,db6,usage,10,50,50,0
ALL,W-QDA:qda,2,2.0,0.0,0.12,105 107 108 109 82 84 110 81 83 87 111 114 78 79 85 86 102 106 112 77,108 82 107 109 105 84 80 81 110 77 79 111 83 85 114 78 86 87 104 106,simulation,db6,usage,10,50,50,0
W-NN,W-NN:k=3,1,,0.04,0.148,119 83 72 73 74 108 81 118 116 117 71 87 40 76 106 109 84 113 105 85,119 83 72 73 74 108 81 118 116 117 71 87 40 76 106 109 84 113 105 85,simulation,db6,energy,11,50,50,0
W-QDA,W-QDA:qda,15,,0.02,0.032,119 83 72 73 74 108 81 118 116 117 71 87 40 76 106 109 84 113 105 85,119 83 72 73 74 108 81 118 116 117 71 87 40 76 106 109 84 113 105 85,simulation,db6,energy,11,50,50,0
W-CART,W-CART:cart,1,,0.1,0.18,119 83 72 73 74 108 81 118 116 117 71 87 40 76 106 109 84 113 105 85,119 83 72 73 74 108 81 118 116 117 71 87 40 76 106 109 84 113 105 85,simulation,db6,energy,11,50,50,0
ALL,W-QDA:qda,15,,0.02,0.032,119 83 72 73 74 108 81 118 116 117 71 87 40 76 106 109 84 113 105 85,119 83 72 73 74 108 81 118 116 117 71 87 40 76 106 109 84 113 105 85,simulation,db6,energy,11,50,50,0
W-NN,W-NN:k=3,3,1.5,0.1,0.18,114 74 77 113 116 76 82 111 112 83 109 115 79 117 78 81 84 106 107 108,110 77 76 114 113 74 82 116 83 111 112 115 73 78 79 80 81 106 109 75,simulation,db6,usage,11,50,50,0
W-QDA,W-QDA:qda,6,0.5,0.08,0.17,110 82 109 76 111 112 113 114 74 77 81 115 75 78 116 117 80 83 79 106,110 77 76 114 113 74 82 116 83 111 112 115 73 78 79 80 81 106 109 75,simulation,db6,usage,11,50,50,0
W-CART,W-CART:cart,34,0.5,0.1,0.104,110 82 109 76 111 112 113 114 74 77 81 115 75 78 116 117 80 83 79 106,110 77 76 114 113 74 82 116 83 111 112 115 73 78 79 80 81 106 109 75,simulation,db6,usage,11,50,50,0
ALL,W-QDA:qda,6,0.5,0.08,0.17,110 82 109 76 111 112 113 114 74 77 81 115 75 78 116 117 80 83 79 106,110 77 76 114 113 74 82 116 83 111 112 115 73 78 79 80 81 106 109 75,simulation,db6,usage,11,50,50,0
W-NN,W-NN:k=3,6,,0.14,0.104,84 76 114 107 111 117 77 53 118 75 113 109 108 72 74 58 82 79 85 116,84 76 114 107 111 117 77 53 118 75 113 109 108 72 74 58 82 79 85 116,simulation,db6,energy,12,50,50,0
W-QDA,W-QDA:qda,14,,0.06,0.052,84 76 114 107 111 117 77 53 118 75 113 109 108 72 74 58 82 79 85 116,84 76 114 107 111 117 77 53 118 75 113 109 108 72 74 58 82 79 85 116,simulation,db6,energy,12,50,50,0
W-CART,W-CART:cart,3,,0.14,0.212,84 76 114 107 111 117 77 53 118 75 113 109 108 72 74 58 82 79 85 116,84 76 114 107 111 117 77 53 118 75 113 109 108 72 74 58 82 79 85 116,simulation,db6,energy,12,50,50,0
ALL,W-QDA:qda,14,,0.06,0.052,84 76 114 107 111 117 77 53 118 75 113 109 108 72 74 58 82 79 85 116,84 76 114 107 111 117 77 53 118 75 113 109 108 72 74 58 82 79 85 116,simulation,db6,energy,12,50,50,0
W-NN,W-NN:k=7,4,3.0,0.1,0.142,76 82 83 75 117 71 77 81 108 115 116 72 74 80 73 106 107 109 113 118,78 77 83 114 84 107 108 81 75 79 80 116 76 110 113 115 117 73 74 106,simulation,db6,usage,12,50,50,0
W-QDA,W-QDA:qda,11,1.5,0.06,0.054,78 83 75 77 84 108 116 107 115 74 76 80 81 82 114 73 79 113 117 118,78 77 83 114 84 107 108 81 75 79 80 116 76 110 113 115 117 73 74 106,simulation,db6,usage,12,50,50,0
W-CART,W-CART:cart,6,3.0,0.14,0.128,76 82 83 75 117 71 77 81 108 115 116 72 74 80 73 106 107 109 113 118,78 77 83 114 84 107 108 81 75 79 80 116 76 110 113 115 117 73 74 106,simulation,db6,usage,12,50,50,0
ALL,W-QDA:qda,11,1.5,0.06,0.054,78 83 75 77 84 108 116 107 115 74 76 80 81 82 114 73 79 113 117 118,78 77 83 114 84 107 108 81 75 79 80 116 76 110 113 115 117 73 74 106,simulation,db6,usage,12,50,50,0
W-NN,W-NN:k=9,22,,0.04,0.252,106 84 83 103 53 105 87 77 107 78 79 108 170 76 112 85 58 113 71 73,106 84 83 103 53 105 87 77 107 78 79 108 170 76 112 85 58 113 71 73,simulation,db6,energy,13,50,50,0
W-QDA,W-QDA:qda,8,,0.04,0.074,106 84 83 103 53 105 87 77 107 78 79 108 170 76 112 85 58 113 71 73,106 84 83 103 53 105 87 77 107 78 79 108 170 76 112 85 58 113 71 73,simulation,db6,energy,13,50,50,0
W-CART,W-CART:cart,7,,0.08,0.132,106 84 83 103 53 105 87 77 107 78 79 108 170 76 112 85 58 113 71 73,106 84 83 103 53 105 87 77 107 78 79 108 170 76 112 85 58 113 71 73,simulation,db6,energy,13,50,50,0
ALL,W-QDA:qda,8,,0.04,0.074,106 84 83 103 53 105 87 77 107 78 79 108 170 76 112 85 58 113 71 73,106 84 83 103 53 105 87 77 107 78 79 108 170 76 112 85 58 113 71 73,simulation,db6,energy,13,50,50,0
W-NN,W-NN:k=3,28,1.0,0.04,0.156,78 77 112 79 114 76 75 108 113 81 80 82 109 111 115 116 83 110 73 74,78 77 112 79 114 76 75 108 113 81 80 82 109 111 115 116 83 110 73 74,simulation,db6,usage,13,50,50,0
W-QDA,W-QDA:qda,16,3.0,0.06,0.106,78 113 76 77 79 80 112 73 114 108 115 107 116 75 72 82 84 85 106 71,78 77 112 79 114 76 75 108 113 81 80 82 109 111 115 116 83 110 73 74,simulation,db6,usage,13,50,50,0
W-CART,W-CART:cart,13,3.0,0.04,0.188,78 113 76 77 79 80 112 73 114 108 115 107 116 75 72 82 84 85 106 71,78 77 112 79 114 76 75 108 113 81 80 82 109 111 115 116 83 110 73 74,simulation,db6,usage,13,50,50,0
ALL,W-CART:cart,13,3.0,0.04,0.188,78 113 76 77 79 80 112 73 114 108 115 107 116 75 72 82 84 85 106 71,78 77 112 79 114 76 75 108 113 81 80 82 109 111 115 116 83 110 73 74,simulation,db6,usage,13,50,50,0
W-NN,W-NN:k=7,5,,0.1,0.166,79 117 87 107 72 83 112 84 115 108 53 39 85 113 104 77 114 119 88 106,79 117 87 107 72 83 112 84 115 108 53 39 85 113 104 77 114 119 88 106,simulation,db6,energy,14,50,50,0
W-QDA,W-QDA:qda,22,,0.0,0.042,79 117 87 107 72 83 112 84 115 108 53 39 85 113 104 77 114 119 88 106,79 117 87 107 72 83 112 84 115 108 53 39 85 113 104 77 114 119 88 106,simulation,db6,energy,14,50,50,0
W-CART,W-CART:cart,3,,0.1,0.142,79 117 87 107 72 83 112 84 115 108 53 39 85 113 104 77 114 119 88 106,79 117 87 107 72 83 112 84 115 108 53 39 85 113 104 77 114 119 88 106,simulation,db6,energy,14,50,50,0
ALL,W-QDA:qda,22,,0.0,0.042,79 117 87 107 72 83 112 84 115 108 53 39 85 113 104 77 114 119 88 106,79 117 87 107 72 83 112 84 115 108 53 39 85 113 104 77 114 119 88 106,simulation,db6,energy,14,50,50,0
W-NN,W-NN:k=1,3,1.0,0.04,0.13,109 76 116 82 115 117 77 81 108 112 113 114 78 79 84 106 83 85 111 75,109 76 116 82 115 117 77 81 108 112 113 114 78 79 84 106 83 85 111 75,simulation,db6,usage,14,50,50,0
W-QDA,W-QDA:qda,9,2.0,0.0,0.048,83 106 108 114 115 75 77 116 109 113 81 82 105 112 76 78 79 84 85 86,109 76 116 82 115 117 77 81 108 112 113 114 78 79 84 106 83 85 111 75,simulation,db6,usage,14,50,50,0
W-CART,W-CART:cart,6,1.0,0.12,0.226,109 76 116 82 115 117 77 81 108 112 113 114 78 79 84 106 83 85 111 75,109 76 116 82 115 117 77 81 108 112 113 114 78 79 84 106 83 85 111 75,simulation,db6,usage,14,50,50,0
ALL,W-QDA:qda,9,2.0,0.0,0.048,83 106 108 114 115 75 77 116 109 113 81 82 105 112 76 78 79 84 85 86,109 76 116 82 115 117 77 81 108 112 113 114 78 79 84 106 83 85 111 75,simulation,db6,usage,14,50,50,0
W-NN,W-NN:k=3,36,,0.04,0.192,81 220 109 80 107 114 108 82 76 83 54 51 110 106 84 85 119 163 37 53,81 220 109 80 107 114 108 82 76 83 54 51 110 106 84 85 119 163 37 53,simulation,db6,energy,15,50,50,0
W-QDA,W-QDA:qda,6,,0.12,0.144,81 220 109 80 107 114 108 82 76 83 54 51 110 106 84 85 119 163 37 53,81 220 109 80 107 114 108 82 76 83 54 51 110 106 84 85 119 163 37 53,simulation,db6,energy,15,50,50,0
W-CART,W-CART:cart,42,,0.08,0.216,81 220 109 80 107 114 108 82 76 83 54 51 110 106 84 85 119 163 37 53,81 220 109 80 107 114 108 82 76 83 54 51 110 106 84 85 119 163 37 53,simulation,db6,energy,15,50,50,0
ALL,W-NN:k=3,36,,0.04,0.192,81 220 109 80 107 114 108 82 76 83 54 51 110 106 84 85 119 163 37 53,81 220 109 80 107 114 108 82 76 83 54 51 110 106 84 85 119 163 37 53,simulation,db6,energy,15,50,50,0
W-NN,W-NN:k=5,43,3.0,0.02,0.14,107 108 82 106 109 81 83 84 85 80 105 112 110 76 79 104 111 86 113 75,108 81 109 82 107 79 83 111 112 80 106 76 78 110 113 84 85 105 77 87,simulation,db6,usage,15,50,50,0
W-QDA,W-QDA:qda,2,0.5,0.06,0.164,108 83 110 111 112 107 109 81 82 79 80 106 77 78 113 84 85 76 104 105,108 81 109 82 107 79 83 111 112 80 106 76 78 110 113 84 85 105 77 87,simulation,db6,usage,15,50,50,0
W-CART,W-CART:cart,7,3.0,0.04,0.13,107 108 82 106 109 81 83 84 85 80 105 112 110 76 79 104 111 86 113 75,108 81 109 82 107 79 83 111 112 80 106 76 78 110 113 84 85 105 77 87,simulation,db6,usage,15,50,50,0
ALL,W-NN:k=5,43,3.0,0.02,0.14,107 108 82 106 109 81 83 84 85 80 105 112 110 76 79 104 111 86 113 75,108 81 109 82 107 79 83 111 112 80 106 76 78 110 113 84 85 105 77 87,simulation,db6,usage,15,50,50,0
W-NN,W-NN:k=1,2,,0.04,0.12,117 116 74 36 73 84 75 76 113 39 83 81 85 112 53 82 111 115 114 109,117 116 74 36 73 84 75 76 113 39 83 81 85 112 53 82 111 115 114 109,simulation,db6,energy,16,50,50,0
W-QDA,W-QDA:qda,3,,0.02,0.08,117 116 74 36 73 84 75 76 113 39 83 81 85 112 53 82 111 115 114 109,117 116 74 36 73 84 75 76 113 39 83 81 85 112 53 82 111 115 114 109,simulation,db6,energy,16,50,50,0
W-CART,W-CART:cart,5,,0.02,0.094,117 116 74 36 73 84 75 76 113 39 83 81 85 112 53 82 111 115 114 109,117 116 74 36 73 84 75 76 113 39 83 81 85 112 53 82 111 115 114 109,simulation,db6,energy,16,50,50,0
ALL,W-QDA:qda,3,,0.02,0.08,117 116 74 36 73 84 75 76 113 39 83 81 85 112 53 82 111 115 114 109,117 116 74 36 73 84 75 76 113 39 83 81 85 112 53 82 111 115 114 109,simulation,db6,energy,16,50,50,0
W-NN,W-NN:k=5,2,3.0,0.08,0.136,73 75 112 115 74 76 79 110 109 111 113 114 116 80 81 83 84 107 78 82,112 110 78 80 111 75 76 79 109 114 115 116 74 81 82 108 77 107 113 73,simulation,db6,usage,16,50,50,0
W-QDA,W-QDA:qda,5,2.0,0.04,0.098,75 112 114 111 73 74 79 109 80 81 110 113 115 116 108 82 76 77 84 107,112 110 78 80 111 75 76 79 109 114 115 116 74 81 82 108 77 107 113 73,simulation,db6,usage,16,50,50,0
W-CART,W-CART:cart,20,0.5,0.04,0.162,78 80 110 112 113 111 114 76 75 82 79 81 77 108 109 115 159 73 83 84,112 110 78 80 111 75 76 79 109 114 115 116 74 81 82 108 77 107 113 73,simulation,db6,usage,16,50,50,0
ALL,W-QDA:qda,5,2.0,0.04,0.098,75 112 114 111 73 74 79 109 80 81 110 113 115 116 108 82 76 77 84 107,112 110 78 80 111 75 76 79 109 114 115 116 74 81 82 108 77 107 113 73,simulation,db6,usage,16,50,50,0
W-NN,W-NN:k=1,5,,0.12,0.23,109 81 110 115 116 107 82 80 79 75 74 106 118 111 73 104 78 223 117 72,109 81 110 115 116 107 82 80 79 75 74 106 118 111 73 104 78 223 117 72,simulation,db6,energy,17,50,50,0
W-QDA,W-QDA:qda,7,,0.06,0.128,109 81 110 115 116 107 82 80 79 75 74 106 118 111 73 104 78 223 117 72,109 81 110 115 116 107 82 80 79 75 74 106 118 111 73 104 78 223 117 72,simulation,db6,energy,17,50,50,0
W-CART,W-CART:cart,13,,0.08,0.174,109 81 110 115 116 107 82 80 79 75 74 106 118 111 73 104 78 223 117 72,109 81 110 115 116 107 82 80 79 75 74 106 118 111 73 104 78 223 117 72,simulation,db6,energy,17,50,50,0
ALL,W-QDA:qda,7,,0.06,0.128,109 81 110 115 116 107 82 80 79 75 74 106 118 111 73 104 78 223 117 72,109 81 110 115 116 107 82 80 79 75 74 106 118 111 73 104 78 223 117 72,simulation,db6,energy,17,50,50,0
W-NN,W-NN:k=1,11,1.5,0.06,0.146,78 80 81 110 83 111 112 117 75 76 79 82 107 115 116 74 118 73 108 72,79 80 81 112 78 107 110 82 111 115 116 76 83 108 117 73 74 75 113 109,simulation,db6,usage,17,50,50,0
W-QDA,W-QDA:qda,7,2.0,0.02,0.064,110 75 78 81 82 83 117 118 73 79 115 76 80 111 114 116 107 108 72 109,79 80 81 112 78 107 110 82 111 115 116 76 83 108 117 73 74 75 113 109,simulation,db6,usage,17,50,50,0
W-CART,W-CART:cart,2,3.0,0.08,0.168,118 82 114 115 117 78 81 110 73 75 109 111 116 72 107 71 74 76 79 83,79 80 81 112 78 107 110 82 111 115 116 76 83 108 117 73 74 75 113 109,simulation,db6,usage,17,50,50,0
ALL,W-QDA:qda,7,2.0,0.02,0.064,110 75 78 81 82 83 117 118 73 79 115 76 80 111 114 116 107 108 72 109,79 80 81 112 78 107 110 82 111 115 116 76 83 108 117 73 74 75 113 109,simulation,db6,usage,17,50,50,0
W-NN,W-NN:k=3,34,,0.14,0.19,80 118 55 74 71 117 82 109 114 84 110 76 102 120 119 81 73 83 72 77,80 118 55 74 71 117 82 109 114 84 110 76 102 120 119 81 73 83 72 77,simulation,db6,energy,18,50,50,0
W-QDA,W-QDA:qda,8,,0.1,0.068,80 118 55 74 71 117 82 109 114 84 110 76 102 120 119 81 73 83 72 77,80 118 55 74 71 117 82 109 114 84 110 76 102 120 119 81 73 83 72 77,simulation,db6,energy,18,50,50,0
W-CART,W-CART:cart,19,,0.08,0.116,80 118 55 74 71 117 82 109 114 84 110 76 102 120 119 81 73 83 72 77,80 118 55 74 71 117 82 109 114 84 110 76 102 120 119 81 73 83 72 77,simulation,db6,energy,18,50,50,0
ALL,W-CART:cart,19,,0.08,0.116,80 118 55 74 71 117 82 109 114 84 110 76 102 120 119 81 73 83 72 77,80 118 55 74 71 117 82 109 114 84 110 76 102 120 119 81 73 83 72 77,simulation,db6,energy,18,50,50,0
W-NN,W-NN:k=3,7,2.0,0.08,0.118,117 82 110 84 107 113 75 76 78 109 112 116 77 80 119 79 83 108 118 71,112 79 80 110 114 111 75 76 116 74 78 82 108 115 77 84 107 109 117 81,simulation,db6,usage,18,50,50,0
W-QDA,W-QDA:qda,20,3.0,0.02,0.046,117 110 82 107 109 116 71 119 83 118 75 76 81 84 108 115 73 85 72 74,112 79 80 110 114 111 75 76 116 74 78 82 108 115 77 84 107 109 117 81,simulation,db6,usage,18,50,50,0
W-CART,W-CART:cart,1,2.0,0.2,0.138,117 82 110 84 107 113 75 76 78 109 112 116 77 80 119 79 83 108 118 71,112 79 80 110 114 111 75 76 116 74 78 82 108 115 77 84 107 109 117 81,simulation,db6,usage,18,50,50,0
ALL,W-QDA:qda,20,3.0,0.02,0.046,117 110 82 107 109 116 71 119 83 118 75 76 81 84 108 115 73 85 72 74,112 79 80 110 114 111 75 76 116 74 78 82 108 115 77 84 107 109 117 81,simulation,db6,usage,18,50,50,0
W-NN,W-NN:k=3,2,,0.12,0.14,102 103 88 83 106 107 84 116 108 87 109 81 115 104 85 89 175 176 105 77,102 103 88 83 106 107 84 116 108 87 109 81 115 104 85 89 175 176 105 77,simulation,db6,energy,19,50,50,0
W-QDA,W-QDA:qda,4,,0.06,0.072,102 103 88 83 106 107 84 116 108 87 109 81 115 104 85 89 175 176 105 77,102 103 88 83 106 107 84 116 108 87 109 81 115 104 85 89 175 176 105 77,simulation,db6,energy,19,50,50,0
W-CART,W-CART:cart,4,,0.14,0.134,102 103 88 83 106 107 84 116 108 87 109 81 115 104 85 89 175 176 105 77,102 103 88 83 106 107 84 116 108 87 109 81 115 104 85 89 175 176 105 77,simulation,db6,energy,19,50,50,0
ALL,W-QDA:qda,4,,0.06,0.072,102 103 88 83 106 107 84 116 108 87 109 81 115 104 85 89 175 176 105 77,102 103 88 83 106 107 84 116 108 87 109 81 115 104 85 89 175 176 105 77,simulation,db6,energy,19,50,50,0
W-NN,W-NN:k=1,2,3.0,0.08,0.106,84 105 82 83 85 104 81 107 87 106 113 77 78 86 110 75 79 80 88 108,83 82 77 79 81 110 113 78 80 84 86 105 109 114 107 85 104 112 76 87,simulation,db6,usage,19,50,50,0
W-QDA,W-QDA:qda,10,2.0,0.1,0.094,82 83 84 105 77 81 107 109 114 78 104 113 87 108 112 85 86 106 80 111,83 82 77 79 81 110 113 78 80 84 86 105 109 114 107 85 104 112 76 87,simulation,db6,usage,19,50,50,0
W-CART,W-CART:cart,28,1.5,0.08,0.112,77 82 81 83 84 105 109 79 86 87 78 107 112 113 114 104 106 80 108 110,83 82 77 79 81 110 113 78 80 84 86 105 109 114 107 85 104 112 76 87,simulation,db6,usage,19,50,50,0
ALL,W-NN:k=1,2,3.0,0.08,0.106,84 105 82 83 85 104 81 107 87 106 113 77 78 86 110 75 79 80 88 108,83 82 77 79 81 110 113 78 80 84 86 105 109 114 107 85 104 112 76 87,simulation,db6,usage,19,50,50,0
W-NN,W-NN:k=1,11,,0.08,0.146,109 111 76 82 87 112 77 113 71 84 86 72 115 85 161 116 74 73 104 79,109 111 76 82 87 112 77 113 71 84 86 72 115 85 161 116 74 73 104 79,simulation,db6,energy,20,50,50,0
W-QDA,W-QDA:qda,15,,0.0,0.044,109 111 76 82 87 112 77 113 71 84 86 72 115 85 161 116 74 73 104 79,109 111 76 82 87 112 77 113 71 84 86 72 115 85 161 116 74 73 104 79,simulation,db6,energy,20,50,50,0
W-CART,W-CART:cart,11,,0.08,0.108,109 111 76 82 87 112 77 113 71 84 86 72 115 85 161 116 74 73 104 79,109 111 76 82 87 112 77 113 71 84 86 72 115 85 161 116 74 73 104 79,simulation,db6,energy,20,50,50,0
ALL,W-QDA:qda,15,,0.0,0.044,109 111 76 82 87 112 77 113 71 84 86 72 115 85 161 116 74 73 104 79,109 111 76 82 87 112 77 113 71 84 86 72 115 85 161 116 74 73 104 79,simulation,db6,energy,20,50,50,0
W-NN,W-NN:k=3,3,2.0,0.02,0.142,74 78 84 111 113 73 77 106 107 75 76 82 105 112 114 116 85 117 118 83,113 80 111 74 76 77 78 84 114 73 75 110 117 108 112 116 81 83 107 115,simulation,db6,usage,20,50,50,0
W-QDA,W-QDA:qda,5,1.5,0.0,0.066,78 73 74 84 113 76 116 117 77 110 112 85 106 107 111 75 83 108 114 72,113 80 111 74 76 77 78 84 114 73 75 110 117 108 112 116 81 83 107 115,simulation,db6,usage,20,50,50,0
W-CART,W-CART:cart,2,3.0,0.06,0.152,113 74 77 111 73 76 106 118 75 78 83 84 85 105 114 116 117 72 82 104,113 80 111 74 76 77 78 84 114 73 75 110 117 108 112 116 81 83 107 115,simulation,db6,usage,20,50,50,0
ALL,W-QDA:qda,5,1.5,0.0,0.066,78 73 74 84 113 76 116 117 77 110 112 85 106 107 111 75 83 108 114 72,113 80 111 74 76 77 78 84 114 73 75 110 117 108 112 116 81 83 107 115,simulation,db6,usage,20,50,50,0
W-NN,W-NN:k=1,4,,0.08,0.148,85 102 114 104 52 86 88 84 105 83 89 109 77 107 110 87 106 112 111 108,85 102 114 104 52 86 88 84 105 83 89 109 77 107 110 87 106 112 111 108,simulation,db6,energy,21,50,50,0
W-QDA,W-QDA:qda,12,,0.02,0.052,85 102 114 104 52 86 88 84 105 83 89 109 77 107 110 87 106 112 111 108,85 102 114 104 52 86 88 84 105 83 89 109 77 107 110 87 106 112 111 108,simulation,db6,energy,21,50,50,0
W-CART,W-CART:cart,13,,0.08,0.18,85 102 114 104 52 86 88 84 105 83 89 109 77 107 110 87 106 112 111 108,85 102 114 104 52 86 88 84 105 83 89 109 77 107 110 87 106 112 111 108,simulation,db6,energy,21,50,50,0
ALL,W-QDA:qda,12,,0.02,0.052,85 102 114 104 52 86 88 84 105 83 89 109 77 107 110 87 106 112 111 108,85 102 114 104 52 86 88 84 105 83 89 109 77 107 110 87 106 112 111 108,simulation,db6,energy,21,50,50,0
W-NN,W-NN:k=1,58,2.0,0.06,0.126,83 108 109 84 112 78 79 85 110 113 114 88 107 82 104 77 80 86 87 106,84 107 109 83 78 108 110 112 111 113 114 81 79 80 82 85 104 76 77 106,simulation,db6,usage,21,50,50,0
W-QDA,W-QDA:qda,8,3.0,0.04,0.054,85 108 83 84 109 113 86 88 112 78 110 114 77 79 80 106 107 87 104 105,84 107 109 83 78 108 110 112 111 113 114 81 79 80 82 85 104 76 77 106,simulation,db6,usage,21,50,50,0
W-CART,W-CART:cart,8,0.5,0.12,0.164,83 109 110 80 111 112 113 106 107 76 78 79 81 84 108 85 86 114 82 105,84 107 109 83 78 108 110 112 111 113 114 81 79 80 82 85 104 76 77 106,simulation,db6,usage,21,50,50,0
ALL,W-QDA:qda,8,3.0,0.04,0.054,85 108 83 84 109 113 86 88 112 78 110 114 77 79 80 106 107 87 104 105,84 107 109 83 78 108 110 112 111 113 114 81 79 80 82 85 104 76 77 106,simulation,db6,usage,21,50,50,0
W-NN,W-NN:k=1,28,,0.02,0.15,102 113 74 78 73 85 101 88 89 116 118 82 75 111 72 120 71 103 114 115,102 113 74 78 73 85 101 88 89 116 118 82 75 111 72 120 71 103 114 115,simulation,db6,energy,22,50,50,0
W-QDA,W-QDA:qda,7,,0.04,0.058,102 113 74 78 73 85 101 88 89 116 118 82 75 111 72 120 71 103 114 115,102 113 74 78 73 85 101 88 89 116 118 82 75 111 72 120 71 103 114 115,simulation,db6,energy,22,50,50,0
W-CART,W-CART:cart,21,,0.06,0.088,102 113 74 78 73 85 101 88 89 116 118 82 75 111 72 120 71 103 114 115,102 113 74 78 73 85 101 88 89 116 118 82 75 111 72 120 71 103 114 115,simulation,db6,energy,22,50,50,0
ALL,W-NN:k=1,28,,0.02,0.15,102 113 74 78 73 85 101 88 89 116 118 82 75 111 72 120 71 103 114 115,102 113 74 78 73 85 101 88 89 116 118 82 75 111 72 120 71 103 114 115,simulation,db6,energy,22,50,50,0
W-NN,W-NN:k=3,2,2.0,0.06,0.104,72 74 75 73 116 71 118 119 120 81 114 115 117 70 76 77 78 107 111 112,74 73 75 116 72 115 76 78 81 114 118 71 77 113 117 79 111 119 120 70,simulation,db6,usage,22,50,50,0
W-QDA,W-QDA:qda,3,2.0,0.04,0.084,72 74 75 73 116 71 118 119 120 81 114 115 117 70 76 77 78 107 111 112,74 73 75 116 72 115 76 78 81 114 118 71 77 113 117 79 111 119 120 70,simulation,db6,usage,22,50,50,0
W-CART,W-CART:cart,25,2.0,0.04,0.098,72 74 75 73 116 71 118 119 120 81 114 115 117 70 76 77 78 107 111 112,74 73 75 116 72 115 76 78 81 114 118 71 77 113 117 79 111 119 120 70,simulation,db6,usage,22,50,50,0
ALL,W-QDA:qda,3,2.0,0.04,0.084,72 74 75 73 116 71 118 119 120 81 114 115 117 70 76 77 78 107 111 112,74 73 75 116 72 115 76 78 81 114 118 71 77 113 117 79 111 119 120 70,simulation,db6,usage,22,50,50,0
W-NN,W-NN:k=1,6,,0.06,0.162,75 76 84 77 74 57 81 78 83 116 53 107 82 79 37 85 86 114 111 115,75 76 84 77 74 57 81 78 83 116 53 107 82 79 37 85 86 114 111 115,simulation,db6,energy,23,50,50,0
W-QDA,W-QDA:qda,17,,0.02,0.06,75 76 84 77 74 57 81 78 83 116 53 107 82 79 37 85 86 114 111 115,75 76 84 77 74 57 81 78 83 116 53 107 82 79 37 85 86 114 111 115,simulation,db6,energy,23,50,50,0
W-CART,W-CART:cart,55,,0.02,0.116,75 76 84 77 74 57 81 78 83 116 53 107 82 79 37 85 86 114 111 115,75 76 84 77 74 57 81 78 83 116 53 107 82 79 37 85 86 114 111 115,simulation,db6,energy,23,50,50,0
ALL,W-QDA:qda,17,,0.02,0.06,75 76 84 77 74 57 81 78 83 116 53 107 82 79 37 85 86 114 111 115,75 76 84 77 74 57 81 78 83 116 53 107 82 79 37 85 86 114 111 115,simulation,db6,energy,23,50,50,0
W-NN,W-NN:k=1,13,0.5,0.08,0.17,111 114 109 110 78 79 80 76 77 84 112 81 82 108 113 115 83 106 107 116,110 78 111 76 77 81 109 115 79 80 83 113 116 82 107 114 106 108 84 112,simulation,db6,usage,23,50,50,0
W-QDA,W-QDA:qda,3,3.0,0.02,0.078,83 84 105 111 115 76 77 114 78 79 86 110 75 80 104 107 116 81 82 109,110 78 111 76 77 81 109 115 79 80 83 113 116 82 107 114 106 108 84 112,simulation,db6,usage,23,50,50,0
W-CART,W-CART:cart,21,3.0,0.02,0.122,83 84 105 111 115 76 77 114 78 79 86 110 75 80 104 107 116 81 82 109,110 78 111 76 77 81 109 115 79 80 83 113 116 82 107 114 106 108 84 112,simulation,db6,usage,23,50,50,0
ALL,W-QDA:qda,3,3.0,0.02,0.078,83 84 105 111 115 76 77 114 78 79 86 110 75 80 104 107 116 81 82 109,110 78 111 76 77 81 109 115 79 80 83 113 116 82 107 114 106 108 84 112,simulation,db6,usage,23,50,50,0
W-NN,W-NN:k=3,57,,0.1,0.224,82 169 84 164 218 41 213 81 109 83 42 330 53 78 114 340 108 21 427 80,82 169 84 164 218 41 213 81 109 83 42 330 53 78 114 340 108 21 427 80,simulation,db6,energy,24,50,50,0
W-QDA,W-QDA:qda,5,,0.1,0.116,82 169 84 164 218 41 213 81 109 83 42 330 53 78 114 340 108 21 427 80,82 169 84 164 218 41 213 81 109 83 42 330 53 78 114 340 108 21 427 80,simulation,db6,energy,24,50,50,0
W-CART,W-CART:cart,6,,0.14,0.138,82 169 84 164 218 41 213 81 109 83 42 330 53 78 114 340 108 21 427 80,82 169 84 164 218 41 213 81 109 83 42 330 53 78 114 340 108 21 427 80,simulation,db6,energy,24,50,50,0
ALL,W-QDA:qda,5,,0.1,0.116,82 169 84 164 218 41 213 81 109 83 42 330 53 78 114 340 108 21 427 80,82 169 84 164 218 41 213 81 109 83 42 330 53 78 114 340 108 21 427 80,simulation,db6,energy,24,50,50,0
W-NN,W-NN:k=1,8,3.0,0.08,0.188,114 76 113 82 75 78 79 116 77 110 112 115 83 106 108 107 109 73 74 80,110 81 111 76 109 112 79 82 114 75 78 80 83 115 107 108 77 113 117 84,simulation,db6,usage,24,50,50,0
W-QDA,W-QDA:qda,9,1.0,0.08,0.14,110 81 111 76 109 112 79 82 114 75 78 80 83 115 107 108 77 113 117 84,110 81 111 76 109 112 79 82 114 75 78 80 83 115 107 108 77 113 117 84,simulation,db6,usage,24,50,50,0
W-CART,W-CART:cart,23,2.0,0.1,0.112,110 114 76 81 111 113 78 107 112 115 77 80 82 83 109 75 79 84 116 108,110 81 111 76 109 112 79 82 114 75 78 80 83 115 107 108 77 113 117 84,simulation,db6,usage,24,50,50,0
ALL,W-NN:k=1,8,3.0,0.08,0.188,114 76 113 82 75 78 79 116 77 110 112 115 83 106 108 107 109 73 74 80,110 81 111 76 109 112 79 82 114 75 78 80 83 115 107 108 77 113 117 84,simulation,db6,usage,24,50,50,0
W-NN,W-NN:k=3,4,,0.16,0.182,77 57 38 74 58 75 111 117 113 76 56 78 79 80 112 39 115 72 116 40,77 57 38 74 58 75 111 117 113 76 56 78 79 80 112 39 115 72 116 40,simulation,db6,energy,25,50,50,0
W-QDA,W-QDA:qda,6,,0.1,0.126,77 57 38 74 58 75 111 117 113 76 56 78 79 80 112 39 115 72 116 40,77 57 38 74 58 75 111 117 113 76 56 78 79 80 112 39 115 72 116 40,simulation,db6,energy,25,50,50,0
W-CART,W-CART:cart,39,,0.08,0.098,77 57 38 74 58 75 111 117 113 76 56 78 79 80 112 39 115 72 116 40,77 57 38 74 58 75 111 117 113 76 56 78 79 80 112 39 115 72 116 40,simulation,db6,energy,25,50,50,0
ALL,W-CART:cart,39,,0.08,0.098,77 57 38 74 58 75 111 117 113 76 56 78 79 80 112 39 115 72 116 40,77 57 38 74 58 75 111 117 113 76 56 78 79 80 112 39 115 72 116 40,simulation,db6,energy,25,50,50,0
W-NN,W-NN:k=1,8,0.5,0.1,0.226,79 113 114 115 77 78 110 112 76 80 111 82 75 81 83 109 117 116 73 74,114 77 78 112 76 82 111 113 79 115 75 80 110 81 83 109 116 117 73 74,simulation,db6,usage,25,50,50,0
W-QDA,W-QDA:qda,5,2.0,0.12,0.16,114 115 78 75 76 77 111 80 83 116 74 82 113 112 79 117 81 109 110 84,114 77 78 112 76 82 111 113 79 115 75 80 110 81 83 109 116 117 73 74,simulation,db6,usage,25,50,50,0
W-CART,W-CART:cart,35,0.5,0.02,0.134,79 113 114 115 77 78 110 112 76 80 111 82 75 81 83 109 117 116 73 74,114 77 78 112 76 82 111 113 79 115 75 80 110 81 83 109 116 117 73 74,simulation,db6,usage,25,50,50,0
ALL,W-CART:cart,35,0.5,0.02,0.134,79 113 114 115 77 78 110 112 76 80 111 82 75 81 83 109 117 116 73 74,114 77 78 112 76 82 111 113 79 115 75 80 110 81 83 109 116 117 73 74,simulation,db6,usage,25,50,50,0
W-NN,W-NN:k=3,1,,0.08,0.156,71 119 239 115 35 42 111 114 78 75 80 76 112 79 43 77 118 110 144 113,71 119 239 115 35 42 111 114 78 75 80 76 112 79 43 77 118 110 144 113,simulation,db6,energy,26,50,50,0
W-QDA,W-QDA:qda,7,,0.02,0.056,71 119 239 115 35 42 111 114 78 75 80 76 112 79 43 77 118 110 144 113,71 119 239 115 35 42 111 114 78 75 80 76 112 79 43 77 118 110 144 113,simulation,db6,energy,26,50,50,0
W-CART,W-CART:cart,4,,0.04,0.11,71 119 239 115 35 42 111 114 78 75 80 76 112 79 43 77 118 110 144 113,71 119 239 115 35 42 111 114 78 75 80 76 112 79 43 77 118 110 144 113,simulation,db6,energy,26,50,50,0
ALL,W-QDA:qda,7,,0.02,0.056,71 119 239 115 35 42 111 114 78 75 80 76 112 79 43 77 118 110 144 113,71 119 239 115 35 42 111 114 78 75 80 76 112 79 43 77 118 110 144 113,simulation,db6,energy,26,50,50,0
W-NN,W-NN:k=5,1,3.0,0.08,0.186,75 76 78 114 111 115 117 74 77 79 80 112 73 110 113 82 116 118 71 119,78 113 114 77 76 112 74 75 79 111 115 109 116 73 80 110 117 81 108 118,simulation,db6,usage,26,50,50,0
W-QDA,W-QDA:qda,1,3.0,0.1,0.178,75 76 78 114 111 115 117 74 77 79 80 112 73 110 113 82 116 118 71 119,78 113 114 77 76 112 74 75 79 111 115 109 116 73 80 110 117 81 108 118,simulation,db6,usage,26,50,50,0
W-CART,W-CART:cart,20,1.5,0.08,0.154,76 77 112 114 75 78 113 74 115 79 116 117 111 73 80 118 234 108 109 119,78 113 114 77 76 112 74 75 79 111 115 109 116 73 80 110 117 81 108 118,simulation,db6,usage,26,50,50,0
ALL,W-NN:k=5,1,3.0,0.08,0.186,75 76 78 114 111 115 117 74 77 79 80 112 73 110 113 82 116 118 71 119,78 113 114 77 76 112 74 75 79 111 115 109 116 73 80 110 117 81 108 118,simulation,db6,usage,26,50,50,0
W-NN,W-NN:k=3,41,,0.06,0.146,113 77 106 116 155 105 42 154 117 76 86 114 36 56 110 84 37 85 111 115,113 77 106 116 155 105 42 154 117 76 86 114 36 56 110 84 37 85 111 115,simulation,db6,energy,27,50,50,0
W-QDA,W-QDA:qda,7,,0.04,0.102,113 77 106 116 155 105 42 154 117 76 86 114 36 56 110 84 37 85 111 115,113 77 106 116 155 105 42 154 117 76 86 114 36 56 110 84 37 85 111 115,simulation,db6,energy,27,50,50,0
W-CART,W-CART:cart,24,,0.08,0.106,113 77 106 116 155 105 42 154 117 76 86 114 36 56 110 84 37 85 111 115,113 77 106 116 155 105 42 154 117 76 86 114 36 56 110 84 37 85 111 115,simulation,db6,energy,27,50,50,0
ALL,W-QDA:qda,7,,0.04,0.102,113 77 106 116 155 105 42 154 117 76 86 114 36 56 110 84 37 85 111 115,113 77 106 116 155 105 42 154 117 76 86 114 36 56 110 84 37 85 111 115,simulation,db6,energy,27,50,50,0
W-NN,W-NN:k=3,14,3.0,0.02,0.12,112 110 76 83 116 106 111 115 74 75 79 84 87 105 107 108 109 73 77 86,109 108 79 110 112 80 81 111 78 76 83 107 113 115 82 114 116 75 77 84,simulation,db6,usage,27,50,50,0
W-QDA,W-QDA:qda,12,2.0,0.0,0.05,79 110 80 108 112 76 109 83 84 115 75 106 107 111 116 78 82 113 114 74,109 108 79 110 112 80 81 111 78 76 83 107 113 115 82 114 116 75 77 84,simulation,db6,usage,27,50,50,0
W-CART,W-CART:cart,14,1.5,0.1,0.14,109 110 79 108 112 76 80 81 83 78 84 107 113 115 77 111 114 116 74 82,109 108 79 110 112 80 81 111 78 76 83 107 113 115 82 114 116 75 77 84,simulation,db6,usage,27,50,50,0
ALL,W-QDA:qda,12,2.0,0.0,0.05,79 110 80 108 112 76 109 83 84 115 75 106 107 111 116 78 82 113 114 74,109 108 79 110 112 80 81 111 78 76 83 107 113 115 82 114 116 75 77 84,simulation,db6,usage,27,50,50,0
W-NN,W-NN:k=1,17,,0.1,0.162,79 111 80 54 81 77 110 72 112 118 55 88 120 85 57 78 160 119 86 223,79 111 80 54 81 77 110 72 112 118 55 88 120 85 57 78 160 119 86 223,simulation,db6,energy,28,50,50,0
W-QDA,W-QDA:qda,8,,0.06,0.176,79 111 80 54 81 77 110 72 112 118 55 88 120 85 57 78 160 119 86 223,79 111 80 54 81 77 110 72 112 118 55 88 120 85 57 78 160 119 86 223,simulation,db6,energy,28,50,50,0
W-CART,W-CART:cart,13,,0.06,0.114,79 111 80 54 81 77 110 72 112 118 55 88 120 85 57 78 160 119 86 223,79 111 80 54 81 77 110 72 112 118 55 88 120 85 57 78 160 119 86 223,simulation,db6,energy,28,50,50,0
ALL,W-QDA:qda,8,,0.06,0.176,79 111 80 54 81 77 110 72 112 118 55 88 120 85 57 78 160 119 86 223,79 111 80 54 81 77 110 72 112 118 55 88 120 85 57 78 160 119 86 223,simulation,db6,energy,28,50,50,0
W-NN,W-NN:k=1,6,3.0,0.04,0.228,79 81 80 83 82 84 85 115 74 77 110 118 78 86 88 111 106 114 71 89,81 80 112 79 78 83 110 114 82 84 107 115 74 77 108 109 75 113 117 118,simulation,db6,usage,28,50,50,0
W-QDA,W-QDA:qda,19,2.0,0.02,0.066,81 79 80 83 84 112 74 77 82 117 78 85 108 110 111 75 106 114 115 76,81 80 112 79 78 83 110 114 82 84 107 115 74 77 108 109 75 113 117 118,simulation,db6,usage,28,50,50,0
W-CART,W-CART:cart,6,2.0,0.14,0.238,81 79 80 83 84 112 74 77 82 117 78 85 108 110 111 75 106 114 115 76,81 80 112 79 78 83 110 114 82 84 107 115 74 77 108 109 75 113 117 118,simulation,db6,usage,28,50,50,0
ALL,W-QDA:qda,19,2.0,0.02,0.066,81 79 80 83 84 112 74 77 82 117 78 85 108 110 111 75 106 114 115 76,81 80 112 79 78 83 110 114 82 84 107 115 74 77 108 109 75 113 117 118,simulation,db6,usage,28,50,50,0
W-NN,W-NN:k=3,3,,0.08,0.14,87 103 116 37 108 115 80 83 109 104 82 54 174 107 117 81 113 110 84 86,87 103 116 37 108 115 80 83 109 104 82 54 174 107 117 81 113 110 84 86,simulation,db6,energy,29,50,50,0
W-QDA,W-QDA:qda,4,,0.04,0.07,87 103 116 37 108 115 80 83 109 104 82 54 174 107 117 81 113 110 84 86,87 103 116 37 108 115 80 83 109 104 82 54 174 107 117 81 113 110 84 86,simulation,db6,energy,29,50,50,0
W-CART,W-CART:cart,40,,0.02,0.082,87 103 116 37 108 115 80 83 109 104 82 54 174 107 117 81 113 110 84 86,87 103 116 37 108 115 80 83 109 104 82 54 174 107 117 81 113 110 84 86,simulation,db6,energy,29,50,50,0
ALL,W-CART:cart,40,,0.02,0.082,87 103 116 37 108 115 80 83 109 104 82 54 174 107 117 81 113 110 84 86,87 103 116 37 108 115 80 83 109 104 82 54 174 107 117 81 113 110 84 86,simulation,db6,energy,29,50,50,0
W-NN,W-NN:k=1,19,2.0,0.04,0.082,81 110 78 116 82 83 108 109 112 115 77 79 80 107 111 113 74 84 114 117,79 81 113 107 108 110 78 80 111 112 84 109 115 75 77 82 116 83 106 76,simulation,db6,usage,29,50,50,0
W-QDA,W-QDA:qda,13,3.0,0.04,0.084,81 110 115 78 83 113 80 82 109 112 116 117 74 76 79 107 108 111 75 77,79 81 113 107 108 110 78 80 111 112 84 109 115 75 77 82 116 83 106 76,simulation,db6,usage,29,50,50,0
W-CART,W-CART:cart,26,0.5,0.02,0.098,80 109 82 108 79 81 107 110 113 75 78 106 111 112 83 76 77 115 116 84,79 81 113 107 108 110 78 80 111 112 84 109 115 75 77 82 116 83 106 76,simulation,db6,usage,29,50,50,0
ALL,W-CART:cart,26,0.5,0.02,0.098,80 109 82 108 79 81 107 110 113 75 78 106 111 112 83 76 77 115 116 84,79 81 113 107 108 110 78 80 111 112 84 109 115 75 77 82 116 83 106 76,simulation,db6,usage,29,50,50,0
W-NN,W-NN:k=3,1,,0.06,0.104,118 84 72 83 78 115 110 82 56 108 77 117 79 114 76 80 111 106 107 71,118 84 72 83 78 115 110 82 56 108 77 117 79 114 76 80 111 106 107 71,simulation,db6,energy,30,50,50,0
W-QDA,W-QDA:qda,6,,0.0,0.028,118 84 72 83 78 115 110 82 56 108 77 117 79 114 76 80 111 106 107 71,118 84 72 83 78 115 110 82 56 108 77 117 79 114 76 80 111 106 107 71,simulation,db6,energy,30,50,50,0
W-CART,W-CART:cart,34,,0.08,0.148,118 84 72 83 78 115 110 82 56 108 77 117 79 114 76 80 111 106 107 71,118 84 72 83 78 115 110 82 56 108 77 117 79 114 76 80 111 106 107 71,simulation,db6,energy,30,50,50,0
ALL,W-QDA:qda,6,,0.0,0.028,118 84 72 83 78 115 110 82 56 108 77 117 79 114 76 80 111 106 107 71,118 84 72 83 78 115 110 82 56 108 77 117 79 114 76 80 111 106 107 71,simulation,db6,energy,30,50,50,0
W-NN,W-NN:k=1,55,1.0,0.08,0.146,112 78 80 79 114 113 81 82 110 111 76 83 108 77 116 74 75 109 84 115,112 78 80 79 114 113 81 82 110 111 76 83 108 77 116 74 75 109 84 115,simulation,db6,usage,30,50,50,0
W-QDA,W-QDA:qda,21,2.0,0.0,0.054,78 82 110 80 81 76 79 83 108 111 112 77 114 109 113 115 75 107 116 105,112 78 80 79 114 113 81 82 110 111 76 83 108 77 116 74 75 109 84 115,simulation,db6,usage,30,50,50,0
W-CART,W-CART:cart,22,2.0,0.08,0.148,78 82 110 80 81 76 79 83 108 111 112 77 114 109 113 115 75 107 116 105,112 78 80 79 114 113 81 82 110 111 76 83 108 77 116 74 75 109 84 115,simulation,db6,usage,30,50,50,0
ALL,W-QDA:qda,21,2.0,0.0,0.054,78 82 110 80 81 76 79 83 108 111 112 77 114 109 113 115 75 107 116 105,112 78 80 79 114 113 81 82 110 111 76 83 108 77 116 74 75 109 84 115,simulation,db6,usage,30,50,50,0
W-NN,W-NN:k=1,2,,0.06,0.152,69 87 243 70 102 88 242 80 115 76 101 86 89 121 79 104 114 117 73 77,69 87 243 70 102 88 242 80 115 76 101 86 89 121 79 104 114 117 73 77,simulation,db6,energy,31,50,50,0
W-QDA,W-QDA:qda,17,,0.0,0.06,69 87 243 70 102 88 242 80 115 76 101 86 89 121 79 104 114 117 73 77,69 87 243 70 102 88 242 80 115 76 101 86 89 121 79 104 114 117 73 77,simulation,db6,energy,31,50,50,0
W-CART,W-CART:cart,2,,0.08,0.154,69 87 243 70 102 88 242 80 115 76 101 86 89 121 79 104 114 117 73 77,69 87 243 70 102 88 242 80 115 76 101 86 89 121 79 104 114 117 73 77,simulation,db6,energy,31,50,50,0
ALL,W-QDA:qda,17,,0.0,0.06,69 87 243 70 102 88 242 80 115 76 101 86 89 121 79 104 114 117 73 77,69 87 243 70 102 88 242 80 115 76 101 86 89 121 79 104 114 117 73 77,simulation,db6,energy,31,50,50,0
W-NN,W-NN:k=1,6,2.0,0.04,0.156,77 113 78 106 108 114 76 80 112 79 84 85 107 109 111 115 73 75 81 82,78 111 114 115 77 80 81 109 113 76 84 106 107 108 82 112 116 74 75 79,simulation,db6,usage,31,50,50,0
W-QDA,W-QDA:qda,5,2.0,0.04,0.096,77 113 78 106 108 114 76 80 112 79 84 85 107 109 111 115 73 75 81 82,78 111 114 115 77 80 81 109 113 76 84 106 107 108 82 112 116 74 75 79,simulation,db6,usage,31,50,50,0
W-CART,W-CART:cart,6,2.0,0.08,0.16,77 113 78 106 108 114 76 80 112 79 84 85 107 109 111 115 73 75 81 82,78 111 114 115 77 80 81 109 113 76 84 106 107 108 82 112 116 74 75 79,simulation,db6,usage,31,50,50,0
ALL,W-QDA:qda,5,2.0,0.04,0.096,77 113 78 106 108 114 76 80 112 79 84 85 107 109 111 115 73 75 81 82,78 111 114 115 77 80 81 109 113 76 84 106 107 108 82 112 116 74 75 79,simulation,db6,usage,31,50,50,0
W-NN,W-NN:k=7,19,,0.12,0.178,71 78 77 72 112 79 119 76 111 82 80 108 104 54 120 83 84 59 107 87,71 78 77 72 112 79 119 76 111 82 80 108 104 54 120 83 84 59 107 87,simulation,db6,energy,32,50,50,0
W-QDA,W-QDA:qda,13,,0.0,0.048,71 78 77 72 112 79 119 76 111 82 80 108 104 54 120 83 84 59 107 87,71 78 77 72 112 79 119 76 111 82 80 108 104 54 120 83 84 59 107 87,simulation,db6,energy,32,50,50,0
W-CART,W-CART:cart,18,,0.02,0.116,71 78 77 72 112 79 119 76 111 82 80 108 104 54 120 83 84 59 107 87,71 78 77 72 112 79 119 76 111 82 80 108 104 54 120 83 84 59 107 87,simulation,db6,energy,32,50,50,0
ALL,W-QDA:qda,13,,0.0,0.048,71 78 77 72 112 79 119 76 111 82 80 108 104 54 120 83 84 59 107 87,71 78 77 72 112 79 119 76 111 82 80 108 104 54 120 83 84 59 107 87,simulation,db6,energy,32,50,50,0
W-NN,W-NN:k=1,6,3.0,0.04,0.11,76 108 114 84 106 107 77 78 82 105 79 81 86 112 75 83 110 115 73 80,110 112 79 78 109 111 113 76 77 80 81 82 75 116 83 114 106 107 108 115,simulation,db6,usage,32,50,50,0
W-QDA,W-QDA:qda,8,2.0,0.0,0.084,76 106 110 75 77 78 82 107 114 79 108 116 84 105 111 112 113 80 81 109,110 112 79 78 109 111 113 76 77 80 81 82 75 116 83 114 106 107 108 115,simulation,db6,usage,32,50,50,0
W-CART,W-CART:cart,5,3.0,0.04,0.154,76 108 114 84 106 107 77 78 82 105 79 81 86 112 75 83 110 115 73 80,110 112 79 78 109 111 113 76 77 80 81 82 75 116 83 114 106 107 108 115,simulation,db6,usage,32,50,50,0
ALL,W-QDA:qda,8,2.0,0.0,0.084,76 106 110 75 77 78 82 107 114 79 108 116 84 105 111 112 113 80 81 109,110 112 79 78 109 111 113 76 77 80 81 82 75 116 83 114 106 107 108 115,simulation,db6,usage,32,50,50,0
W-NN,W-NN:k=3,7,,0.06,0.106,120 70 71 60 107 52 86 105 77 113 110 102 106 104 117 73 41 83 109 79,120 70 71 60 107 52 86 105 77 113 110 102 106 104 117 73 41 83 109 79,simulation,db6,energy,33,50,50,0
W-QDA,W-QDA:qda,12,,0.04,0.064,120 70 71 60 107 52 86 105 77 113 110 102 106 104 117 73 41 83 109 79,120 70 71 60 107 52 86 105 77 113 110 102 106 104 117 73 41 83 109 79,simulation,db6,energy,33,50,50,0
W-CART,W-CART:cart,7,,0.04,0.1,120 70 71 60 107 52 86 105 77 113 110 102 106 104 117 73 41 83 109 79,120 70 71 60 107 52 86 105 77 113 110 102 106 104 117 73 41 83 109 79,simulation,db6,energy,33,50,50,0
ALL,W-CART:cart,7,,0.04,0.1,120 70 71 60 107 52 86 105 77 113 110 102 106 104 117 73 41 83 109 79,120 70 71 60 107 52 86 105 77 113 110 102 106 104 117 73 41 83 109 79,simulation,db6,energy,33,50,50,0
W-NN,W-NN:k=1,16,2.0,0.06,0.162,83 107 82 84 86 109 87 113 105 108 115 77 78 81 85 116 76 79 104 106,81 82 83 84 80 109 86 107 113 108 112 106 76 85 87 105 110 111 77 78,simulation,db6,usage,33,50,50,0
W-QDA,W-QDA:qda,5,3.0,0.04,0.07,83 105 84 85 86 113 77 104 107 109 73 79 108 74 106 111 78 102 115 116,81 82 83 84 80 109 86 107 113 108 112 106 76 85 87 105 110 111 77 78,simulation,db6,usage,33,50,50,0
W-CART,W-CART:cart,20,2.0,0.08,0.094,83 107 82 84 86 109 87 113 105 108 115 77 78 81 85 116 76 79 104 106,81 82 83 84 80 109 86 107 113 108 112 106 76 85 87 105 110 111 77 78,simulation,db6,usage,33,50,50,0
ALL,W-QDA:qda,5,3.0,0.04,0.07,83 105 84 85 86 113 77 104 107 109 73 79 108 74 106 111 78 102 115 116,81 82 83 84 80 109 86 107 113 108 112 106 76 85 87 105 110 111 77 78,simulation,db6,usage,33,50,50,0
W-NN,W-NN:k=9,6,,0.08,0.134,116 76 104 85 114 74 86 84 115 105 80 87 83 75 106 102 77 109 107 112,116 76 104 85 114 74 86 84 115 105 80 87 83 75 106 102 77 109 107 112,simulation,db6,energy,34,50,50,0
W-QDA,W-QDA:qda,4,,0.0,0.05,116 76 104 85 114 74 86 84 115 105 80 87 83 75 106 102 77 109 107 112,116 76 104 85 114 74 86 84 115 105 80 87 83 75 106 102 77 109 107 112,simulation,db6,energy,34,50,50,0
W-CART,W-CART:cart,54,,0.02,0.13,116 76 104 85 114 74 86 84 115 105 80 87 83 75 106 102 77 109 107 112,116 76 104 85 114 74 86 84 115 105 80 87 83 75 106 102 77 109 107 112,simulation,db6,energy,34,50,50,0
ALL,W-QDA:qda,4,,0.0,0.05,116 76 104 85 114 74 86 84 115 105 80 87 83 75 106 102 77 109 107 112,116 76 104 85 114 74 86 84 115 105 80 87 83 75 106 102 77 109 107 112,simulation,db6,energy,34,50,50,0
W-NN,W-NN:k=1,8,1.0,0.0,0.176,113 79 114 76 75 78 116 73 77 117 74 115 107 112 85 109 81 82 87 105,113 79 114 76 75 78 116 73 77 117 74 115 107 112 85 109 81 82 87 105,simulation,db6,usage,34,50,50,0
W-QDA,W-QDA:qda,15,1.0,0.04,0.054,113 79 114 76 75 78 116 73 77 117 74 115 107 112 85 109 81 82 87 105,113 79 114 76 75 78 116 73 77 117 74 115 107 112 85 109 81 82 87 105,simulation,db6,usage,34,50,50,0
W-CART,W-CART:cart,13,1.5,0.04,0.122,113 73 116 74 75 76 115 77 114 78 85 105 109 112 117 72 81 87 108 79,113 79 114 76 75 78 116 73 77 117 74 115 107 112 85 109 81 82 87 105,simulation,db6,usage,34,50,50,0
ALL,W-NN:k=1,8,1.0,0.0,0.176,113 79 114 76 75 78 116 73 77 117 74 115 107 112 85 109 81 82 87 105,113 79 114 76 75 78 116 73 77 117 74 115 107 112 85 109 81 82 87 105,simulation,db6,usage,34,50,50,0
W-NN,W-NN:k=3,1,,0.06,0.154,72 80 79 106 118 119 111 71 85 82 73 224 109 105 78 110 83 77 56 225,72 80 79 106 118 119 111 71 85 82 73 224 109 105 78 110 83 77 56 225,simulation,db6,energy,35,50,50,0
W-QDA,W-QDA:qda,11,,0.0,0.038,72 80 79 106 118 119 111 71 85 82 73 224 109 105 78 110 83 77 56 225,72 80 79 106 118 119 111 71 85 82 73 224 109 105 78 110 83 77 56 225,simulation,db6,energy,35,50,50,0
W-CART,W-CART:cart,1,,0.1,0.206,72 80 79 106 118 119 111 71 85 82 73 224 109 105 78 110 83 77 56 225,72 80 79 106 118 119 111 71 85 82 73 224 109 105 78 110 83 77 56 225,simulation,db6,energy,35,50,50,0
ALL,W-QDA:qda,11,,0.0,0.038,72 80 79 106 118 119 111 71 85 82 73 224 109 105 78 110 83 77 56 225,72 80 79 106 118 119 111 71 85 82 73 224 109 105 78 110 83 77 56 225,simulation,db6,energy,35,50,50,0
W-NN,W-NN:k=3,12,0.5,0.1,0.168,80 82 110 109 81 111 79 84 77 78 114 75 83 107 112 113 116 76 108 115,80 81 82 111 77 110 109 78 79 114 75 113 116 83 115 74 76 112 84 107,simulation,db6,usage,35,50,50,0
W-QDA,W-QDA:qda,17,2.0,0.04,0.06,111 77 79 81 80 82 109 110 115 83 73 76 78 108 114 75 74 112 113 116,80 81 82 111 77 110 109 78 79 114 75 113 116 83 115 74 76 112 84 107,simulation,db6,usage,35,50,50,0
W-CART,W-CART:cart,8,0.5,0.12,0.202,80 82 110 109 81 111 79 84 77 78 114 75 83 107 112 113 116 76 108 115,80 81 82 111 77 110 109 78 79 114 75 113 116 83 115 74 76 112 84 107,simulation,db6,usage,35,50,50,0
ALL,W-QDA:qda,17,2.0,0.04,0.06,111 77 79 81 80 82 109 110 115 83 73 76 78 108 114 75 74 112 113 116,80 81 82 111 77 110 109 78 79 114 75 113 116 83 115 74 76 112 84 107,simulation,db6,usage,35,50,50,0
W-NN,W-NN:k=9,5,,0.08,0.148,79 39 103 107 115 223 106 224 84 75 85 111 116 114 177 81 86 83 108 89,79 39 103 107 115 223 106 224 84 75 85 111 116 114 177 81 86 83 108 89,simulation,db6,energy,36,50,50,0
W-QDA,W-QDA:qda,13,,0.02,0.04,79 39 103 107 115 223 106 224 84 75 85 111 116 114 177 81 86 83 108 89,79 39 103 107 115 223 106 224 84 75 85 111 116 114 177 81 86 83 108 89,simulation,db6,energy,36,50,50,0
W-CART,W-CART:cart,4,,0.1,0.146,79 39 103 107 115 223 106 224 84 75 85 111 116 114 177 81 86 83 108 89,79 39 103 107 115 223 106 224 84 75 85 111 116 114 177 81 86 83 108 89,simulation,db6,energy,36,50,50,0
ALL,W-QDA:qda,13,,0.02,0.04,79 39 103 107 115 223 106 224 84 75 85 111 116 114 177 81 86 83 108 89,79 39 103 107 115 223 106 224 84 75 85 111 116 114 177 81 86 83 108 89,simulation,db6,energy,36,50,50,0
W-NN,W-NN:k=3,27,3.0,0.1,0.216,79 107 82 83 108 84 85 81 105 106 112 113 114 75 78 80 109 76 110 77,79 81 108 109 113 77 83 110 85 105 106 111 82 107 114 78 80 76 115 84,simulation,db6,usage,36,50,50,0
W-QDA,W-QDA:qda,16,3.0,0.1,0.094,79 107 82 83 108 84 85 81 105 106 112 113 114 75 78 80 109 76 110 77,79 81 108 109 113 77 83 110 85 105 106 111 82 107 114 78 80 76 115 84,simulation,db6,usage,36,50,50,0
W-CART,W-CART:cart,15,2.0,0.08,0.106,83 82 107 109 108 79 81 84 106 114 77 78 80 85 105 110 113 75 76 111,79 81 108 109 113 77 83 110 85 105 106 111 82 107 114 78 80 76 115 84,simulation,db6,usage,36,50,50,0
ALL,W-CART:cart,15,2.0,0.08,0.106,83 82 107 109 108 79 81 84 106 114 77 78 80 85 105 110 113 75 76 111,79 81 108 109 113 77 83 110 85 105 106 111 82 107 114 78 80 76 115 84,simulation,db6,usage,36,50,50,0
W-NN,W-NN:k=5,1,,0.02,0.122,118 81 73 71 119 52 109 82 83 108 72 148 79 78 106 112 80 117 85 120,118 81 73 71 119 52 109 82 83 108 72 148 79 78 106 112 80 117 85 120,simulation,db6,energy,37,50,50,0
W-QDA,W-QDA:qda,14,,0.0,0.058,118 81 73 71 119 52 109 82 83 108 72 148 79 78 106 112 80 117 85 120,118 81 73 71 119 52 109 82 83 108 72 148 79 78 106 112 80 117 85 120,simulation,db6,energy,37,50,50,0
W-CART,W-CART:cart,2,,0.04,0.158,118 81 73 71 119 52 109 82 83 108 72 148 79 78 106 112 80 117 85 120,118 81 73 71 119 52 109 82 83 108 72 148 79 78 106 112 80 117 85 120,simulation,db6,energy,37,50,50,0
ALL,W-QDA:qda,14,,0.0,0.058,118 81 73 71 119 52 109 82 83 108 72 148 79 78 106 112 80 117 85 120,118 81 73 71 119 52 109 82 83 108 72 148 79 78 106 112 80 117 85 120,simulation,db6,energy,37,50,50,0
W-NN,W-NN:k=1,3,2.0,0.02,0.08,73 74 76 112 116 72 80 82 109 114 118 75 81 83 84 85 108 111 115 79,108 82 74 81 83 109 116 73 75 76 114 84 107 115 72 77 111 117 79 80,simulation,db6,usage,37,50,50,0
W-QDA,W-QDA:qda,5,1.5,0.0,0.04,109 116 74 82 108 72 73 75 115 76 79 81 111 114 80 83 84 112 118 77,108 82 74 81 83 109 116 73 75 76 114 84 107 115 72 77 111 117 79 80,simulation,db6,usage,37,50,50,0
W-CART,W-CART:cart,3,1.5,0.02,0.084,109 116 74 82 108 72 73 75 115 76 79 81 111 114 80 83 84 112 118 77,108 82 74 81 83 109 116 73 75 76 114 84 107 115 72 77 111 117 79 80,simulation,db6,usage,37,50,50,0
ALL,W-QDA:qda,5,1.5,0.0,0.04,109 116 74 82 108 72 73 75 115 76 79 81 111 114 80 83 84 112 118 77,108 82 74 81 83 109 116 73 75 76 114 84 107 115 72 77 111 117 79 80,simulation,db6,usage,37,50,50,0
W-NN,W-NN:k=3,2,,0.12,0.106,74 117 116 75 88 80 60 79 111 56 76 115 112 207 70 120 35 108 77 82,74 117 116 75 88 80 60 79 111 56 76 115 112 207 70 120 35 108 77 82,simulation,db6,energy,38,50,50,0
W-QDA,W-QDA:qda,2,,0.08,0.078,74 117 116 75 88 80 60 79 111 56 76 115 112 207 70 120 35 108 77 82,74 117 116 75 88 80 60 79 111 56 76 115 112 207 70 120 35 108 77 82,simulation,db6,energy,38,50,50,0
W-CART,W-CART:cart,8,,0.08,0.088,74 117 116 75 88 80 60 79 111 56 76 115 112 207 70 120 35 108 77 82,74 117 116 75 88 80 60 79 111 56 76 115 112 207 70 120 35 108 77 82,simulation,db6,energy,38,50,50,0
ALL,W-QDA:qda,2,,0.08,0.078,74 117 116 75 88 80 60 79 111 56 76 115 112 207 70 120 35 108 77 82,74 117 116 75 88 80 60 79 111 56 76 115 112 207 70 120 35 108 77 82,simulation,db6,energy,38,50,50,0
W-NN,W-NN:k=3,8,3.0,0.04,0.192,74 75 79 81 78 109 82 76 111 77 107 108 80 83 110 112 113 73 106 116,113 77 79 80 111 114 76 78 109 73 74 75 116 82 110 112 81 108 83 107,simulation,db6,usage,38,50,50,0
W-QDA,W-QDA:qda,15,1.5,0.02,0.062,79 76 109 111 75 77 114 78 113 73 80 74 81 82 108 112 115 116 107 110,113 77 79 80 111 114 76 78 109 73 74 75 116 82 110 112 81 108 83 107,simulation,db6,usage,38,50,50,0
W-CART,W-CART:cart,5,2.0,0.1,0.14,76 79 78 75 74 81 109 111 112 113 114 77 80 82 108 115 107 116 117 73,113 77 79 80 111 114 76 78 109 73 74 75 116 82 110 112 81 108 83 107,simulation,db6,usage,38,50,50,0
ALL,W-QDA:qda,15,1.5,0.02,0.062,79 76 109 111 75 77 114 78 113 73 80 74 81 82 108 112 115 116 107 110,113 77 79 80 111 114 76 78 109 73 74 75 116 82 110 112 81 108 83 107,simulation,db6,usage,38,50,50,0
W-NN,W-NN:k=5,10,,0.0,0.132,85 105 114 76 77 106 104 73 113 86 84 107 81 82 115 116 83 103 117 87,85 105 114 76 77 106 104 73 113 86 84 107 81 82 115 116 83 103 117 87,simulation,db6,energy,39,50,50,0
W-QDA,W-QDA:qda,6,,0.0,0.06,85 105 114 76 77 106 104 73 113 86 84 107 81 82 115 116 83 103 117 87,85 105 114 76 77 106 104 73 113 86 84 107 81 82 115 116 83 103 117 87,simulation,db6,energy,39,50,50,0
W-CART,W-CART:cart,10,,0.06,0.108,85 105 114 76 77 106 104 73 113 86 84 107 81 82 115 116 83 103 117 87,85 105 114 76 77 106 104 73 113 86 84 107 81 82 115 116 83 103 117 87,simulation,db6,energy,39,50,50,0
ALL,W-QDA:qda,6,,0.0,0.06,85 105 114 76 77 106 104 73 113 86 84 107 81 82 115 116 83 103 117 87,85 105 114 76 77 106 104 73 113 86 84 107 81 82 115 116 83 103 117 87,simulation,db6,energy,39,50,50,0
W-NN,W-NN:k=3,14,1.0,0.0,0.086,82 112 76 79 110 114 80 81 113 115 75 77 84 108 111 74 78 83 107 109,82 112 76 79 110 114 80 81 113 115 75 77 84 108 111 74 78 83 107 109,simulation,db6,usage,39,50,50,0
W-QDA,W-QDA:qda,4,3.0,0.0,0.064,83 74 75 106 84 73 81 107 108 114 82 104 109 113 115 117 105 116 76 79,82 112 76 79 110 114 80 81 113 115 75 77 84 108 111 74 78 83 107 109,simulation,db6,usage,39,50,50,0
W-CART,W-CART:cart,2,3.0,0.04,0.144,83 74 75 106 84 73 81 107 108 114 82 104 109 113 115 117 105 116 76 79,82 112 76 79 110 114 80 81 113 115 75 77 84 108 111 74 78 83 107 109,simulation,db6,usage,39,50,50,0
ALL,W-QDA:qda,4,3.0,0.0,0.064,83 74 75 106 84 73 81 107 108 114 82 104 109 113 115 117 105 116 76 79,82 112 76 79 110 114 80 81 113 115 75 77 84 108 111 74 78 83 107 109,simulation,db6,usage,39,50,50,0
W-NN,W-NN:k=1,7,,0.06,0.102,83 217 84 108 86 75 117 74 88 37 166 87 116 20 118 53 109 107 52 167,83 217 84 108 86 75 117 74 88 37 166 87 116 20 118 53 109 107 52 167,simulation,db6,energy,40,50,50,0
W-QDA,W-QDA:qda,7,,0.02,0.064,83 217 84 108 86 75 117 74 88 37 166 87 116 20 118 53 109 107 52 167,83 217 84 108 86 75 117 74 88 37 166 87 116 20 118 53 109 107 52 167,simulation,db6,energy,40,50,50,0
W-CART,W-CART:cart,5,,0.12,0.138,83 217 84 108 86 75 117 74 88 37 166 87 116 20 118 53 109 107 52 167,83 217 84 108 86 75 117 74 88 37 166 87 116 20 118 53 109 107 52 167,simulation,db6,energy,40,50,50,0
ALL,W-QDA:qda,7,,0.02,0.064,83 217 84 108 86 75 117 74 88 37 166 87 116 20 118 53 109 107 52 167,83 217 84 108 86 75 117 74 88 37 166 87 116 20 118 53 109 107 52 167,simulation,db6,energy,40,50,50,0
W-NN,W-NN:k=1,26,0.5,0.04,0.158,78 77 81 109 76 108 111 112 113 115 116 79 82 110 75 83 114 80 84 107,76 77 109 78 81 79 80 108 111 115 82 83 113 116 75 84 105 110 86 107,simulation,db6,usage,40,50,50,0
W-QDA,W-QDA:qda,3,3.0,0.0,0.086,86 83 84 108 81 85 115 116 113 109 111 118 74 78 82 105 106 110 77 79,76 77 109 78 81 79 80 108 111 115 82 83 113 116 75 84 105 110 86 107,simulation,db6,usage,40,50,50,0
W-CART,W-CART:cart,6,2.0,0.06,0.124,86 108 81 83 115 85 109 76 77 78 82 84 105 75 110 111 114 116 74 112,76 77 109 78 81 79 80 108 111 115 82 83 113 116 75 84 105 110 86 107,simulation,db6,usage,40,50,50,0
ALL,W-QDA:qda,3,3.0,0.0,0.086,86 83 84 108 81 85 115 116 113 109 111 118 74 78 82 105 106 110 77 79,76 77 109 78 81 79 80 108 111 115 82 83 113 116 75 84 105 110 86 107,simulation,db6,usage,40,50,50,0
W-NN,W-NN:k=3,10,,0.06,0.186,114 111 80 112 85 110 115 79 81 84 83 77 76 113 105 106 109 78 75 86,114 111 80 112 85 110 115 79 81 84 83 77 76 113 105 106 109 78 75 86,simulation,db6,energy,41,50,50,0
W-QDA,W-QDA:qda,7,,0.0,0.112,114 111 80 112 85 110 115 79 81 84 83 77 76 113 105 106 109 78 75 86,114 111 80 112 85 110 115 79 81 84 83 77 76 113 105 106 109 78 75 86,simulation,db6,energy,41,50,50,0
W-CART,W-CART:cart,24,,0.08,0.156,114 111 80 112 85 110 115 79 81 84 83 77 76 113 105 106 109 78 75 86,114 111 80 112 85 110 115 79 81 84 83 77 76 113 105 106 109 78 75 86,simulation,db6,energy,41,50,50,0
ALL,W-QDA:qda,7,,0.0,0.112,114 111 80 112 85 110 115 79 81 84 83 77 76 113 105 106 109 78 75 86,114 111 80 112 85 110 115 79 81 84 83 77 76 113 105 106 109 78 75 86,simulation,db6,energy,41,50,50,0
W-NN,W-NN:k=1,11,3.0,0.04,0.152,110 113 111 81 112 114 79 85 80 82 107 109 115 78 83 86 87 106 108 105,81 80 82 79 108 109 110 111 83 113 114 112 76 107 77 78 85 115 106 116,simulation,db6,usage,41,50,50,0
W-QDA,W-QDA:qda,8,2.0,0.02,0.176,79 110 81 113 114 109 112 80 82 107 111 115 78 85 83 76 75 86 105 87,81 80 82 79 108 109 110 111 83 113 114 112 76 107 77 78 85 115 106 116,simulation,db6,usage,41,50,50,0
W-CART,W-CART:cart,26,3.0,0.04,0.122,110 113 111 81 112 114 79 85 80 82 107 109 115 78 83 86 87 106 108 105,81 80 82 79 108 109 110 111 83 113 114 112 76 107 77 78 85 115 106 116,simulation,db6,usage,41,50,50,0
ALL,W-QDA:qda,8,2.0,0.02,0.176,79 110 81 113 114 109 112 80 82 107 111 115 78 85 83 76 75 86 105 87,81 80 82 79 108 109 110 111 83 113 114 112 76 107 77 78 85 115 106 116,simulation,db6,usage,41,50,50,0
W-NN,W-NN:k=3,6,,0.04,0.076,86 52 74 105 117 116 42 103 75 115 104 112 79 106 114 43 73 174 83 53,86 52 74 105 117 116 42 103 75 115 104 112 79 106 114 43 73 174 83 53,simulation,db6,energy,42,50,50,0
W-QDA,W-QDA:qda,9,,0.02,0.038,86 52 74 105 117 116 42 103 75 115 104 112 79 106 114 43 73 174 83 53,86 52 74 105 117 116 42 103 75 115 104 112 79 106 114 43 73 174 83 53,simulation,db6,energy,42,50,50,0
W-CART,W-CART:cart,1,,0.06,0.134,86 52 74 105 117 116 42 103 75 115 104 112 79 106 114 43 73 174 83 53,86 52 74 105 117 116 42 103 75 115 104 112 79 106 114 43 73 174 83 53,simulation,db6,energy,42,50,50,0
ALL,W-QDA:qda,9,,0.02,0.038,86 52 74 105 117 116 42 103 75 115 104 112 79 106 114 43 73 174 83 53,86 52 74 105 117 116 42 103 75 115 104 112 79 106 114 43 73 174 83 53,simulation,db6,energy,42,50,50,0
W-NN,W-NN:k=1,6,1.5,0.02,0.124,115 114 116 106 113 74 76 78 79 110 112 117 73 80 105 75 86 109 119 107,76 113 115 116 75 78 117 105 110 114 77 79 80 106 111 112 74 81 86 107,simulation,db6,usage,42,50,50,0
W-QDA,W-QDA:qda,15,2.0,0.0,0.062,114 115 116 74 79 105 106 112 117 76 78 80 73 86 107 109 113 119 75 104,76 113 115 116 75 78 117 105 110 114 77 79 80 106 111 112 74 81 86 107,simulation,db6,usage,42,50,50,0
W-CART,W-CART:cart,6,1.5,0.08,0.156,115 114 116 106 113 74 76 78 79 110 112 117 73 80 105 75 86 109 119 107,76 113 115 116 75 78 117 105 110 114 77 79 80 106 111 112 74 81 86 107,simulation,db6,usage,42,50,50,0
ALL,W-QDA:qda,15,2.0,0.0,0.062,114 115 116 74 79 105 106 112 117 76 78 80 73 86 107 109 113 119 75 104,76 113 115 116 75 78 117 105 110 114 77 79 80 106 111 112 74 81 86 107,simulation,db6,usage,42,50,50,0
W-NN,W-NN:k=1,28,,0.06,0.154,88 103 87 76 116 74 115 80 77 78 75 113 79 104 86 35 118 82 73 112,88 103 87 76 116 74 115 80 77 78 75 113 79 104 86 35 118 82 73 112,simulation,db6,energy,43,50,50,0
W-QDA,W-QDA:qda,18,,0.04,0.08,88 103 87 76 116 74 115 80 77 78 75 113 79 104 86 35 118 82 73 112,88 103 87 76 116 74 115 80 77 78 75 113 79 104 86 35 118 82 73 112,simulation,db6,energy,43,50,50,0
W-CART,W-CART:cart,45,,0.04,0.094,88 103 87 76 116 74 115 80 77 78 75 113 79 104 86 35 118 82 73 112,88 103 87 76 116 74 115 80 77 78 75 113 79 104 86 35 118 82 73 112,simulation,db6,energy,43,50,50,0
ALL,W-QDA:qda,18,,0.04,0.08,88 103 87 76 116 74 115 80 77 78 75 113 79 104 86 35 118 82 73 112,88 103 87 76 116 74 115 80 77 78 75 113 79 104 86 35 118 82 73 112,simulation,db6,energy,43,50,50,0
W-NN,W-NN:k=1,17,1.5,0.04,0.126,112 77 113 116 73 74 75 83 109 111 76 81 110 115 78 80 118 114 71 108,111 113 76 77 114 81 112 74 75 110 115 80 109 118 83 108 116 71 73 78,simulation,db6,usage,43,50,50,0
W-QDA,W-QDA:qda,6,3.0,0.06,0.082,74 77 116 73 75 76 115 83 118 78 72 80 108 109 112 117 119 71 79 81,111 113 76 77 114 81 112 74 75 110 115 80 109 118 83 108 116 71 73 78,simulation,db6,usage,43,50,50,0
W-CART,W-CART:cart,32,1.0,0.04,0.092,111 113 76 77 114 81 112 74 75 110 115 80 109 118 83 108 116 71 73 78,111 113 76 77 114 81 112 74 75 110 115 80 109 118 83 108 116 71 73 78,simulation,db6,usage,43,50,50,0
ALL,W-NN:k=1,17,1.5,0.04,0.126,112 77 113 116 73 74 75 83 109 111 76 81 110 115 78 80 118 114 71 108,111 113 76 77 114 81 112 74 75 110 115 80 109 118 83 108 116 71 73 78,simulation,db6,usage,43,50,50,0
W-NN,W-NN:k=1,6,,0.06,0.114,74 82 111 116 83 77 109 71 87 75 76 110 108 105 113 115 73 107 58 81,74 82 111 116 83 77 109 71 87 75 76 110 108 105 113 115 73 107 58 81,simulation,db6,energy,44,50,50,0
W-QDA,W-QDA:qda,6,,0.06,0.086,74 82 111 116 83 77 109 71 87 75 76 110 108 105 113 115 73 107 58 81,74 82 111 116 83 77 109 71 87 75 76 110 108 105 113 115 73 107 58 81,simulation,db6,energy,44,50,50,0
W-CART,W-CART:cart,37,,0.08,0.116,74 82 111 116 83 77 109 71 87 75 76 110 108 105 113 115 73 107 58 81,74 82 111 116 83 77 109 71 87 75 76 110 108 105 113 115 73 107 58 81,simulation,db6,energy,44,50,50,0
ALL,W-NN:k=1,6,,0.06,0.114,74 82 111 116 83 77 109 71 87 75 76 110 108 105 113 115 73 107 58 81,74 82 111 116 83 77 109 71 87 75 76 110 108 105 113 115 73 107 58 81,simulation,db6,energy,44,50,50,0
W-NN,W-NN:k=3,2,1.0,0.04,0.142,77 108 112 75 76 109 113 115 78 80 81 110 111 116 117 73 74 82 106 72,77 108 112 75 76 109 113 115 78 80 81 110 111 116 117 73 74 82 106 72,simulation,db6,usage,44,50,50,0
W-QDA,W-QDA:qda,3,1.0,0.06,0.18,77 108 112 75 76 109 113 115 78 80 81 110 111 116 117 73 74 82 106 72,77 108 112 75 76 109 113 115 78 80 81 110 111 116 117 73 74 82 106 72,simulation,db6,usage,44,50,50,0
W-CART,W-CART:cart,63,1.0,0.06,0.14,77 108 112 75 76 109 113 115 78 80 81 110 111 116 117 73 74 82 106 72,77 108 112 75 76 109 113 115 78 80 81 110 111 116 117 73 74 82 106 72,simulation,db6,usage,44,50,50,0
ALL,W-NN:k=3,2,1.0,0.04,0.142,77 108 112 75 76 109 113 115 78 80 81 110 111 116 117 73 74 82 106 72,77 108 112 75 76 109 113 115 78 80 81 110 111 116 117 73 74 82 106 72,simulation,db6,usage,44,50,50,0
W-NN,W-NN:k=1,4,,0.06,0.116,72 59 73 36 118 71 83 237 74 119 75 104 117 53 236 70 112 238 82 79,72 59 73 36 118 71 83 237 74 119 75 104 117 53 236 70 112 238 82 79,simulation,db6,energy,45,50,50,0
W-QDA,W-QDA:qda,4,,0.02,0.068,72 59 73 36 118 71 83 237 74 119 75 104 117 53 236 70 112 238 82 79,72 59 73 36 118 71 83 237 74 119 75 104 117 53 236 70 112 238 82 79,simulation,db6,energy,45,50,50,0
W-CART,W-CART:cart,10,,0.04,0.16,72 59 73 36 118 71 83 237 74 119 75 104 117 53 236 70 112 238 82 79,72 59 73 36 118 71 83 237 74 119 75 104 117 53 236 70 112 238 82 79,simulation,db6,energy,45,50,50,0
ALL,W-QDA:qda,4,,0.02,0.068,72 59 73 36 118 71 83 237 74 119 75 104 117 53 236 70 112 238 82 79,72 59 73 36 118 71 83 237 74 119 75 104 117 53 236 70 112 238 82 79,simulation,db6,energy,45,50,50,0
W-NN,W-NN:k=1,2,1.5,0.06,0.11,75 73 118 109 112 72 74 80 114 116 117 119 71 76 79 81 110 77 83 107,117 73 75 114 118 80 112 81 109 111 74 76 110 115 119 72 78 79 82 113,simulation,db6,usage,45,50,50,0
W-QDA,W-QDA:qda,4,1.0,0.02,0.098,117 73 75 114 118 80 112 81 109 111 74 76 110 115 119 72 78 79 82 113,117 73 75 114 118 80 112 81 109 111 74 76 110 115 119 72 78 79 82 113,simulation,db6,usage,45,50,50,0
W-CART,W-CART:cart,18,3.0,0.04,0.132,118 73 75 72 117 74 112 116 76 109 77 82 115 71 78 81 83 106 70 120,117 73 75 114 118 80 112 81 109 111 74 76 110 115 119 72 78 79 82 113,simulation,db6,usage,45,50,50,0
ALL,W-QDA:qda,4,1.0,0.02,0.098,117 73 75 114 118 80 112 81 109 111 74 76 110 115 119 72 78 79 82 113,117 73 75 114 118 80 112 81 109 111 74 76 110 115 119 72 78 79 82 113,simulation,db6,usage,45,50,50,0
W-NN,W-NN:k=7,2,,0.08,0.136,120 86 118 87 107 105 70 119 103 116 71 117 106 72 36 37 41 108 77 114,120 86 118 87 107 105 70 119 103 116 71 117 106 72 36 37 41 108 77 114,simulation,db6,energy,46,50,50,0
W-QDA,W-QDA:qda,5,,0.02,0.032,120 86 118 87 107 105 70 119 103 116 71 117 106 72 36 37 41 108 77 114,120 86 118 87 107 105 70 119 103 116 71 117 106 72 36 37 41 108 77 114,simulation,db6,energy,46,50,50,0
W-CART,W-CART:cart,23,,0.04,0.128,120 86 118 87 107 105 70 119 103 116 71 117 106 72 36 37 41 108 77 114,120 86 118 87 107 105 70 119 103 116 71 117 106 72 36 37 41 108 77 114,simulation,db6,energy,46,50,50,0
ALL,W-QDA:qda,5,,0.02,0.032,120 86 118 87 107 105 70 119 103 116 71 117 106 72 36 37 41 108 77 114,120 86 118 87 107 105 70 119 103 116 71 117 106 72 36 37 41 108 77 114,simulation,db6,energy,46,50,50,0
W-NN,W-NN:k=1,15,1.0,0.08,0.184,80 81 112 78 82 83 84 107 108 109 114 85 106 110 111 113 77 79 86 115,80 81 112 78 82 83 84 107 108 109 114 85 106 110 111 113 77 79 86 115,simulation,db6,usage,46,50,50,0
W-QDA,W-QDA:qda,17,0.5,0.02,0.046,108 110 115 79 80 83 106 109 81 107 77 82 112 113 73 78 85 111 114 105,80 81 112 78 82 83 84 107 108 109 114 85 106 110 111 113 77 79 86 115,simulation,db6,usage,46,50,50,0
W-CART,W-CART:cart,59,2.0,0.06,0.188,79 80 81 85 109 84 112 106 108 78 82 105 110 111 86 103 104 87 107 113,80 81 112 78 82 83 84 107 108 109 114 85 106 110 111 113 77 79 86 115,simulation,db6,usage,46,50,50,0
ALL,W-QDA:qda,17,0.5,0.02,0.046,108 110 115 79 80 83 106 109 81 107 77 82 112 113 73 78 85 111 114 105,80 81 112 78 82 83 84 107 108 109 114 85 106 110 111 113 77 79 86 115,simulation,db6,usage,46,50,50,0
W-NN,W-NN:k=3,3,,0.04,0.16,82 72 73 108 71 103 87 89 88 104 81 83 86 217 118 239 54 85 119 106,82 72 73 108 71 103 87 89 88 104 81 83 86 217 118 239 54 85 119 106,simulation,db6,energy,47,50,50,0
W-QDA,W-QDA:qda,9,,0.02,0.032,82 72 73 108 71 103 87 89 88 104 81 83 86 217 118 239 54 85 119 106,82 72 73 108 71 103 87 89 88 104 81 83 86 217 118 239 54 85 119 106,simulation,db6,energy,47,50,50,0
W-CART,W-CART:cart,19,,0.08,0.092,82 72 73 108 71 103 87 89 88 104 81 83 86 217 118 239 54 85 119 106,82 72 73 108 71 103 87 89 88 104 81 83 86 217 118 239 54 85 119 106,simulation,db6,energy,47,50,50,0
ALL,W-QDA:qda,9,,0.02,0.032,82 72 73 108 71 103 87 89 88 104 81 83 86 217 118 239 54 85 119 106,82 72 73 108 71 103 87 89 88 104 81 83 86 217 118 239 54 85 119 106,simulation,db6,energy,47,50,50,0
W-NN,W-NN:k=1,2,3.0,0.08,0.152,106 107 85 116 77 86 87 105 82 84 83 88 104 74 81 89 103 108 112 75,77 81 108 80 84 106 112 107 111 75 83 85 110 82 86 105 109 113 114 115,simulation,db6,usage,47,50,50,0
W-QDA,W-QDA:qda,7,2.0,0.0,0.064,106 84 77 85 107 75 82 86 116 74 76 78 80 81 83 88 105 108 115 87,77 81 108 80 84 106 112 107 111 75 83 85 110 82 86 105 109 113 114 115,simulation,db6,usage,47,50,50,0
W-CART,W-CART:cart,18,0.5,0.06,0.136,81 110 112 78 108 109 80 82 83 106 111 77 79 84 107 113 86 74 114 116,77 81 108 80 84 106 112 107 111 75 83 85 110 82 86 105 109 113 114 115,simulation,db6,usage,47,50,50,0
ALL,W-QDA:qda,7,2.0,0.0,0.064,106 84 77 85 107 75 82 86 116 74 76 78 80 81 83 88 105 108 115 87,77 81 108 80 84 106 112 107 111 75 83 85 110 82 86 105 109 113 114 115,simulation,db6,usage,47,50,50,0
W-NN,W-NN:k=1,5,,0.02,0.096,35 84 116 120 74 115 73 113 119 117 77 70 78 105 118 75 71 52 36 103,35 84 116 120 74 115 73 113 119 117 77 70 78 105 118 75 71 52 36 103,simulation,db6,energy,48,50,50,0
W-QDA,W-QDA:qda,11,,0.02,0.094,35 84 116 120 74 115 73 113 119 117 77 70 78 105 118 75 71 52 36 103,35 84 116 120 74 115 73 113 119 117 77 70 78 105 118 75 71 52 36 103,simulation,db6,energy,48,50,50,0
W-CART,W-CART:cart,12,,0.04,0.152,35 84 116 120 74 115 73 113 119 117 77 70 78 105 118 75 71 52 36 103,35 84 116 120 74 115 73 113 119 117 77 70 78 105 118 75 71 52 36 103,simulation,db6,energy,48,50,50,0
ALL,W-NN:k=1,5,,0.02,0.096,35 84 116 120 74 115 73 113 119 117 77 70 78 105 118 75 71 52 36 103,35 84 116 120 74 115 73 113 119 117 77 70 78 105 118 75 71 52 36 103,simulation,db6,energy,48,50,50,0
W-NN,W-NN:k=1,7,2.0,0.04,0.156,113 115 72 83 118 73 105 114 116 71 76 78 81 112 117 119 75 79 80 82,113 76 112 114 117 72 75 115 73 79 80 83 116 71 74 81 118 78 107 111,simulation,db6,usage,48,50,50,0
W-QDA,W-QDA:qda,15,3.0,0.0,0.068,115 113 116 72 82 105 112 118 119 73 83 71 74 107 114 75 77 78 86 106,113 76 112 114 117 72 75 115 73 79 80 83 116 71 74 81 118 78 107 111,simulation,db6,usage,48,50,50,0
W-CART,W-CART:cart,8,0.5,0.04,0.124,76 115 75 111 113 114 117 73 80 81 112 116 77 78 118 119 72 79 82 107,113 76 112 114 117 72 75 115 73 79 80 83 116 71 74 81 118 78 107 111,simulation,db6,usage,48,50,50,0
ALL,W-QDA:qda,15,3.0,0.0,0.068,115 113 116 72 82 105 112 118 119 73 83 71 74 107 114 75 77 78 86 106,113 76 112 114 117 72 75 115 73 79 80 83 116 71 74 81 118 78 107 111,simulation,db6,usage,48,50,50,0
W-NN,W-NN:k=1,3,,0.0,0.092,118 116 84 117 105 72 74 73 113 112 115 71 75 76 86 85 119 107 78 80,118 116 84 117 105 72 74 73 113 112 115 71 75 76 86 85 119 107 78 80,simulation,db6,energy,49,50,50,0
W-QDA,W-QDA:qda,6,,0.02,0.072,118 116 84 117 105 72 74 73 113 112 115 71 75 76 86 85 119 107 78 80,118 116 84 117 105 72 74 73 113 112 115 71 75 76 86 85 119 107 78 80,simulation,db6,energy,49,50,50,0
W-CART,W-CART:cart,2,,0.06,0.132,118 116 84 117 105 72 74 73 113 112 115 71 75 76 86 85 119 107 78 80,118 116 84 117 105 72 74 73 113 112 115 71 75 76 86 85 119 107 78 80,simulation,db6,energy,49,50,50,0
ALL,W-NN:k=1,3,,0.0,0.092,118 116 84 117 105 72 74 73 113 112 115 71 75 76 86 85 119 107 78 80,118 116 84 117 105 72 74 73 113 112 115 71 75 76 86 85 119 107 78 80,simulation,db6,energy,49,50,50,0
W-NN,W-NN:k=3,2,3.0,0.08,0.128,75 116 117 74 115 119 71 73 76 78 81 82 83 114 84 108 118 77 79 80,75 76 77 114 115 116 73 78 117 74 79 118 80 81 82 108 113 83 112 71,simulation,db6,usage,49,50,50,0
W-QDA,W-QDA:qda,3,3.0,0.06,0.12,75 116 117 74 115 119 71 73 76 78 81 82 83 114 84 108 118 77 79 80,75 76 77 114 115 116 73 78 117 74 79 118 80 81 82 108 113 83 112 71,simulation,db6,usage,49,50,50,0
W-CART,W-CART:cart,24,0.5,0.02,0.082,76 77 111 116 75 78 79 80 112 73 74 115 72 81 110 114 108 109 113 117,75 76 77 114 115 116 73 78 117 74 79 118 80 81 82 108 113 83 112 71,simulation,db6,usage,49,50,50,0
ALL,W-CART:cart,24,0.5,0.02,0.082,76 77 111 116 75 78 79 80 112 73 74 115 72 81 110 114 108 109 113 117,75 76 77 114 115 116 73 78 117 74 79 118 80 81 82 108 113 83 112 71,simulation,db6,usage,49,50,50,0
W-NN,W-NN:k=3,25,,0.02,0.134,82 108 84 83 54 165 80 119 81 106 76 109 111 115 113 110 53 107 118 70,82 108 84 83 54 165 80 119 81 106 76 109 111 115 113 110 53 107 118 70,simulation,db6,energy,50,50,50,0
W-QDA,W-QDA:qda,21,,0.0,0.068,82 108 84 83 54 165 80 119 81 106 76 109 111 115 113 110 53 107 118 70,82 108 84 83 54 165 80 119 81 106 76 109 111 115 113 110 53 107 118 70,simulation,db6,energy,50,50,50,0
W-CART,W-CART:cart,9,,0.1,0.136,82 108 84 83 54 165 80 119 81 106 76 109 111 115 113 110 53 107 118 70,82 108 84 83 54 165 80 119 81 106 76 109 111 115 113 110 53 107 118 70,simulation,db6,energy,50,50,50,0
ALL,W-QDA:qda,21,,0.0,0.068,82 108 84 83 54 165 80 119 81 106 76 109 111 115 113 110 53 107 118 70,82 108 84 83 54 165 80 119 81 106 76 109 111 115 113 110 53 107 118 70,simulation,db6,energy,50,50,50,0
W-NN,W-NN:k=1,15,1.5,0.02,0.126,80 82 109 116 79 110 73 81 83 111 118 84 108 112 113 114 107 115 117 119,82 113 79 80 111 74 81 83 109 114 116 115 118 73 77 107 108 110 112 84,simulation,db6,usage,50,50,50,0
W-QDA,W-QDA:qda,13,1.0,0.02,0.058,82 113 79 80 111 74 81 83 109 114 116 115 118 73 77 107 108 110 112 84,82 113 79 80 111 74 81 83 109 114 116 115 118 73 77 107 108 110 112 84,simulation,db6,usage,50,50,50,0
W-CART,W-CART:cart,13,3.0,0.04,0.098,80 115 116 75 81 82 83 108 109 117 78 110 118 76 84 111 73 113 74 114,82 113 79 80 111 74 81 83 109 114 116 115 118 73 77 107 108 110 112 84,simulation,db6,usage,50,50,50,0
ALL,W-QDA:qda,13,1.0,0.02,0.058,82 113 79 80 111 74 81 83 109 114 116 115 118 73 77 107 108 110 112 84,82 113 79 80 111 74 81 83 109 114 116 115 118 73 77 107 108 110 112 84,simulation,db6,usage,50,50,50,0
W-NN,W-NN:k=5,4,,0.06,0.11,85 119 145 84 107 72 238 71 53 146 56 120 105 81 79 76 108 80 57 37,85 119 145 84 107 72 238 71 53 146 56 120 105 81 79 76 108 80 57 37,simulation,db6,energy,51,50,50,0
W-QDA,W-QDA:qda,2,,0.04,0.122,85 119 145 84 107 72 238 71 53 146 56 120 105 81 79 76 108 80 57 37,85 119 145 84 107 72 238 71 53 146 56 120 105 81 79 76 108 80 57 37,simulation,db6,energy,51,50,50,0
W-CART,W-CART:cart,49,,0.02,0.148,85 119 145 84 107 72 238 71 53 146 56 120 105 81 79 76 108 80 57 37,85 119 145 84 107 72 238 71 53 146 56 120 105 81 79 76 108 80 57 37,simulation,db6,energy,51,50,50,0
ALL,W-CART:cart,49,,0.02,0.148,85 119 145 84 107 72 238 71 53 146 56 120 105 81 79 76 108 80 57 37,85 119 145 84 107 72 238 71 53 146 56 120 105 81 79 76 108 80 57 37,simulation,db6,energy,51,50,50,0
W-NN,W-NN:k=3,52,1.5,0.04,0.174,79 78 80 81 111 112 82 76 75 110 114 115 77 83 108 109 116 117 73 107,78 79 80 111 112 75 81 76 82 110 114 115 116 118 77 83 107 106 108 109,simulation,db6,usage,51,50,50,0
W-QDA,W-QDA:qda,18,3.0,0.04,0.054,79 80 81 75 76 82 83 78 108 74 84 107 109 110 112 114 115 116 117 72,78 79 80 111 112 75 81 76 82 110 114 115 116 118 77 83 107 106 108 109,simulation,db6,usage,51,50,50,0
W-CART,W-CART:cart,31,0.5,0.02,0.168,78 79 110 77 80 112 81 111 82 75 83 108 109 113 114 73 115 107 118 74,78 79 80 111 112 75 81 76 82 110 114 115 116 118 77 83 107 106 108 109,simulation,db6,usage,51,50,50,0
ALL,W-CART:cart,31,0.5,0.02,0.168,78 79 110 77 80 112 81 111 82 75 83 108 109 113 114 73 115 107 118 74,78 79 80 111 112 75 81 76 82 110 114 115 116 118 77 83 107 106 108 109,simulation,db6,usage,51,50,50,0
W-NN,W-NN:k=1,9,,0.02,0.114,83 107 82 71 79 41 106 115 114 81 80 76 88 77 78 56 72 113 239 74,83 107 82 71 79 41 106 115 114 81 80 76 88 77 78 56 72 113 239 74,simulation,db6,energy,52,50,50,0
W-QDA,W-QDA:qda,15,,0.04,0.06,83 107 82 71 79 41 106 115 114 81 80 76 88 77 78 56 72 113 239 74,83 107 82 71 79 41 106 115 114 81 80 76 88 77 78 56 72 113 239 74,simulation,db6,energy,52,50,50,0
W-CART,W-CART:cart,21,,0.08,0.096,83 107 82 71 79 41 106 115 114 81 80 76 88 77 78 56 72 113 239 74,83 107 82 71 79 41 106 115 114 81 80 76 88 77 78 56 72 113 239 74,simulation,db6,energy,52,50,50,0
ALL,W-NN:k=1,9,,0.02,0.114,83 107 82 71 79 41 106 115 114 81 80 76 88 77 78 56 72 113 239 74,83 107 82 71 79 41 106 115 114 81 80 76 88 77 78 56 72 113 239 74,simulation,db6,energy,52,50,50,0
W-NN,W-NN:k=1,25,1.5,0.08,0.152,76 115 116 77 78 80 81 82 114 79 109 117 75 83 110 111 113 86 106 107,115 76 80 82 77 109 114 79 81 111 112 116 78 83 117 108 113 75 107 73,simulation,db6,usage,52,50,50,0
W-QDA,W-QDA:qda,18,3.0,0.0,0.034,82 116 76 80 115 117 79 81 111 114 77 110 72 73 85 86 107 108 109 113,115 76 80 82 77 109 114 79 81 111 112 116 78 83 117 108 113 75 107 73,simulation,db6,usage,52,50,50,0
W-CART,W-CART:cart,19,0.5,0.04,0.076,77 80 82 115 78 110 111 113 114 76 83 109 112 116 73 81 108 75 79 117,115 76 80 82 77 109 114 79 81 111 112 116 78 83 117 108 113 75 107 73,simulation,db6,usage,52,50,50,0
ALL,W-QDA:qda,18,3.0,0.0,0.034,82 116 76 80 115 117 79 81 111 114 77 110 72 73 85 86 107 108 109 113,115 76 80 82 77 109 114 79 81 111 112 116 78 83 117 108 113 75 107 73,simulation,db6,usage,52,50,50,0
W-NN,W-NN:k=5,16,,0.1,0.146,77 84 114 107 54 75 110 78 116 79 113 41 108 87 80 115 82 106 112 214,77 84 114 107 54 75 110 78 116 79 113 41 108 87 80 115 82 106 112 214,simulation,db6,energy,53,50,50,0
W-QDA,W-QDA:qda,5,,0.02,0.05,77 84 114 107 54 75 110 78 116 79 113 41 108 87 80 115 82 106 112 214,77 84 114 107 54 75 110 78 116 79 113 41 108 87 80 115 82 106 112 214,simulation,db6,energy,53,50,50,0
W-CART,W-CART:cart,11,,0.06,0.152,77 84 114 107 54 75 110 78 116 79 113 41 108 87 80 115 82 106 112 214,77 84 114 107 54 75 110 78 116 79 113 41 108 87 80 115 82 106 112 214,simulation,db6,energy,53,50,50,0
ALL,W-QDA:qda,5,,0.02,0.05,77 84 114 107 54 75 110 78 116 79 113 41 108 87 80 115 82 106 112 214,77 84 114 107 54 75 110 78 116 79 113 41 108 87 80 115 82 106 112 214,simulation,db6,energy,53,50,50,0
W-NN,W-NN:k=1,9,3.0,0.04,0.172,81 78 80 111 82 108 85 110 79 112 83 109 113 77 84 107 114 115 116 76,112 81 110 111 78 109 79 80 77 83 108 113 82 84 85 107 106 86 105 115,simulation,db6,usage,53,50,50,0
W-QDA,W-QDA:qda,13,2.0,0.04,0.1,80 111 110 79 78 81 109 112 83 108 82 84 113 76 77 85 107 86 114 87,112 81 110 111 78 109 79 80 77 83 108 113 82 84 85 107 106 86 105 115,simulation,db6,usage,53,50,50,0
W-CART,W-CART:cart,19,3.0,0.06,0.156,81 78 80 111 82 108 85 110 79 112 83 109 113 77 84 107 114 115 116 76,112 81 110 111 78 109 79 80 77 83 108 113 82 84 85 107 106 86 105 115,simulation,db6,usage,53,50,50,0
ALL,W-NN:k=1,9,3.0,0.04,0.172,81 78 80 111 82 108 85 110 79 112 83 109 113 77 84 107 114 115 116 76,112 81 110 111 78 109 79 80 77 83 108 113 82 84 85 107 106 86 105 115,simulation,db6,usage,53,50,50,0
W-NN,W-NN:k=1,37,,0.16,0.17,81 220 82 80 88 40 109 108 84 41 107 111 110 83 77 114 219 75 221 86,81 220 82 80 88 40 109 108 84 41 107 111 110 83 77 114 219 75 221 86,simulation,db6,energy,54,50,50,0
W-QDA,W-QDA:qda,6,,0.2,0.162,81 220 82 80 88 40 109 108 84 41 107 111 110 83 77 114 219 75 221 86,81 220 82 80 88 40 109 108 84 41 107 111 110 83 77 114 219 75 221 86,simulation,db6,energy,54,50,50,0
W-CART,W-CART:cart,64,,0.12,0.172,81 220 82 80 88 40 109 108 84 41 107 111 110 83 77 114 219 75 221 86,81 220 82 80 88 40 109 108 84 41 107 111 110 83 77 114 219 75 221 86,simulation,db6,energy,54,50,50,0
ALL,W-CART:cart,64,,0.12,0.172,81 220 82 80 88 40 109 108 84 41 107 111 110 83 77 114 219 75 221 86,81 220 82 80 88 40 109 108 84 41 107 111 110 83 77 114 219 75 221 86,simulation,db6,energy,54,50,50,0
W-NN,W-NN:k=1,32,2.0,0.08,0.154,82 81 83 108 111 110 80 85 107 109 112 77 79 86 106 84 114 75 87 113,82 107 109 79 81 111 113 78 80 85 108 110 112 114 83 77 84 86 106 76,simulation,db6,usage,54,50,50,0
W-QDA,W-QDA:qda,3,2.0,0.22,0.21,82 81 83 108 111 110 80 85 107 109 112 77 79 86 106 84 114 75 87 113,82 107 109 79 81 111 113 78 80 85 108 110 112 114 83 77 84 86 106 76,simulation,db6,usage,54,50,50,0
W-CART,W-CART:cart,31,1.0,0.12,0.204,82 107 109 79 81 111 113 78 80 85 108 110 112 114 83 77 84 86 106 76,82 107 109 79 81 111 113 78 80 85 108 110 112 114 83 77 84 86 106 76,simulation,db6,usage,54,50,50,0
ALL,W-NN:k=1,32,2.0,0.08,0.154,82 81 83 108 111 110 80 85 107 109 112 77 79 86 106 84 114 75 87 113,82 107 109 79 81 111 113 78 80 85 108 110 112 114 83 77 84 86 106 76,simulation,db6,usage,54,50,50,0
W-NN,W-NN:k=1,35,,0.12,0.172,79 111 107 83 108 53 115 82 85 71 75 52 80 109 104 74 112 86 110 76,79 111 107 83 108 53 115 82 85 71 75 52 80 109 104 74 112 86 110 76,simulation,db6,energy,55,50,50,0
W-QDA,W-QDA:qda,9,,0.06,0.114,79 111 107 83 108 53 115 82 85 71 75 52 80 109 104 74 112 86 110 76,79 111 107 83 108 53 115 82 85 71 75 52 80 109 104 74 112 86 110 76,simulation,db6,energy,55,50,50,0
W-CART,W-CART:cart,9,,0.08,0.136,79 111 107 83 108 53 115 82 85 71 75 52 80 109 104 74 112 86 110 76,79 111 107 83 108 53 115 82 85 71 75 52 80 109 104 74 112 86 110 76,simulation,db6,energy,55,50,50,0
ALL,W-QDA:qda,9,,0.06,0.114,79 111 107 83 108 53 115 82 85 71 75 52 80 109 104 74 112 86 110 76,79 111 107 83 108 53 115 82 85 71 75 52 80 109 104 74 112 86 110 76,simulation,db6,energy,55,50,50,0
W-NN,W-NN:k=5,3,0.5,0.06,0.146,81 82 106 108 109 111 112 83 107 79 84 85 110 78 80 77 113 218 105 216,81 107 111 83 82 106 110 112 78 84 108 77 79 85 109 80 104 75 86 105,simulation,db6,usage,55,50,50,0
W-QDA,W-QDA:qda,5,2.0,0.08,0.154,83 84 108 110 111 81 107 80 82 106 112 77 78 79 76 85 109 86 104 105,81 107 111 83 82 106 110 112 78 84 108 77 79 85 109 80 104 75 86 105,simulation,db6,usage,55,50,50,0
W-CART,W-CART:cart,3,0.5,0.08,0.144,81 82 106 108 109 111 112 83 107 79 84 85 110 78 80 77 113 218 105 216,81 107 111 83 82 106 110 112 78 84 108 77 79 85 109 80 104 75 86 105,simulation,db6,usage,55,50,50,0
ALL,W-NN:k=5,3,0.5,0.06,0.146,81 82 106 108 109 111 112 83 107 79 84 85 110 78 80 77 113 218 105 216,81 107 111 83 82 106 110 112 78 84 108 77 79 85 109 80 104 75 86 105,simulation,db6,usage,55,50,50,0
W-NN,W-NN:k=3,21,,0.06,0.144,119 43 72 109 112 79 73 105 71 118 81 111 115 116 120 110 75 44 86 78,119 43 72 109 112 79 73 105 71 118 81 111 115 116 120 110 75 44 86 78,simulation,db6,energy,56,50,50,0
W-QDA,W-QDA:qda,23,,0.0,0.038,119 43 72 109 112 79 73 105 71 118 81 111 115 116 120 110 75 44 86 78,119 43 72 109 112 79 73 105 71 118 81 111 115 116 120 110 75 44 86 78,simulation,db6,energy,56,50,50,0
W-CART,W-CART:cart,28,,0.06,0.144,119 43 72 109 112 79 73 105 71 118 81 111 115 116 120 110 75 44 86 78,119 43 72 109 112 79 73 105 71 118 81 111 115 116 120 110 75 44 86 78,simulation,db6,energy,56,50,50,0
ALL,W-QDA:qda,23,,0.0,0.038,119 43 72 109 112 79 73 105 71 118 81 111 115 116 120 110 75 44 86 78,119 43 72 109 112 79 73 105 71 118 81 111 115 116 120 110 75 44 86 78,simulation,db6,energy,56,50,50,0
W-NN,W-NN:k=1,33,0.5,0.0,0.12,78 79 111 82 77 81 112 113 76 108 107 109 114 80 110 223 117 222 83 106,78 79 81 82 111 112 76 107 108 110 113 109 74 80 83 117 104 105 114 116,simulation,db6,usage,56,50,50,0
W-QDA,W-QDA:qda,16,3.0,0.0,0.034,111 78 108 113 79 77 104 114 76 109 110 112 116 86 103 106 115 118 72 75,78 79 81 82 111 112 76 107 108 110 113 109 74 80 83 117 104 105 114 116,simulation,db6,usage,56,50,50,0
W-CART,W-CART:cart,29,1.5,0.04,0.152,81 78 79 82 111 108 110 112 76 83 109 113 105 107 77 114 115 116 117 86,78 79 81 82 111 112 76 107 108 110 113 109 74 80 83 117 104 105 114 116,simulation,db6,usage,56,50,50,0
ALL,W-QDA:qda,16,3.0,0.0,0.034,111 78 108 113 79 77 104 114 76 109 110 112 116 86 103 106 115 118 72 75,78 79 81 82 111 112 76 107 108 110 113 109 74 80 83 117 104 105 114 116,simulation,db6,usage,56,50,50,0
W-NN,W-NN:k=1,8,,0.06,0.13,75 116 117 86 56 115 110 105 104 80 111 79 76 74 78 114 118 85 119 77,75 116 117 86 56 115 110 105 104 80 111 79 76 74 78 114 118 85 119 77,simulation,db6,energy,57,50,50,0
W-QDA,W-QDA:qda,9,,0.08,0.078,75 116 117 86 56 115 110 105 104 80 111 79 76 74 78 114 118 85 119 77,75 116 117 86 56 115 110 105 104 80 111 79 76 74 78 114 118 85 119 77,simulation,db6,energy,57,50,50,0
W-CART,W-CART:cart,2,,0.12,0.156,75 116 117 86 56 115 110 105 104 80 111 79 76 74 78 114 118 85 119 77,75 116 117 86 56 115 110 105 104 80 111 79 76 74 78 114 118 85 119 77,simulation,db6,energy,57,50,50,0
ALL,W-NN:k=1,8,,0.06,0.13,75 116 117 86 56 115 110 105 104 80 111 79 76 74 78 114 118 85 119 77,75 116 117 86 56 115 110 105 104 80 111 79 76 74 78 114 118 85 119 77,simulation,db6,energy,57,50,50,0
W-NN,W-NN:k=1,5,1.5,0.08,0.102,115 74 112 114 117 75 77 78 110 111 73 79 118 81 107 113 109 72 76 82,112 114 77 78 111 115 75 81 110 117 74 79 113 72 73 80 82 83 108 116,simulation,db6,usage,57,50,50,0
W-QDA,W-QDA:qda,12,3.0,0.08,0.124,115 114 116 75 77 107 110 117 74 82 103 104 105 112 113 73 76 78 80 111,112 114 77 78 111 115 75 81 110 117 74 79 113 72 73 80 82 83 108 116,simulation,db6,usage,57,50,50,0
W-CART,W-CART:cart,9,2.0,0.14,0.184,115 74 110 114 117 73 78 79 81 113 77 82 111 116 75 104 105 107 112 118,112 114 77 78 111 115 75 81 110 117 74 79 113 72 73 80 82 83 108 116,simulation,db6,usage,57,50,50,0
ALL,W-NN:k=1,5,1.5,0.08,0.102,115 74 112 114 117 75 77 78 110 111 73 79 118 81 107 113 109 72 76 82,112 114 77 78 111 115 75 81 110 117 74 79 113 72 73 80 82 83 108 116,simulation,db6,usage,57,50,50,0
W-NN,W-NN:k=3,5,,0.04,0.176,54 108 84 107 115 82 114 111 105 41 74 39 79 106 40 53 116 81 113 109,54 108 84 107 115 82 114 111 105 41 74 39 79 106 40 53 116 81 113 109,simulation,db6,energy,58,50,50,0
W-QDA,W-QDA:qda,11,,0.0,0.044,54 108 84 107 115 82 114 111 105 41 74 39 79 106 40 53 116 81 113 109,54 108 84 107 115 82 114 111 105 41 74 39 79 106 40 53 116 81 113 109,simulation,db6,energy,58,50,50,0
W-CART,W-CART:cart,44,,0.06,0.186,54 108 84 107 115 82 114 111 105 41 74 39 79 106 40 53 116 81 113 109,54 108 84 107 115 82 114 111 105 41 74 39 79 106 40 53 116 81 113 109,simulation,db6,energy,58,50,50,0
ALL,W-QDA:qda,11,,0.0,0.044,54 108 84 107 115 82 114 111 105 41 74 39 79 106 40 53 116 81 113 109,54 108 84 107 115 82 114 111 105 41 74 39 79 106 40 53 116 81 113 109,simulation,db6,energy,58,50,50,0
W-NN,W-NN:k=5,29,3.0,0.04,0.204,82 108 114 79 83 110 112 81 84 109 111 107 113 74 75 77 85 106 115 116,78 81 82 83 109 110 77 111 114 80 107 113 108 112 79 84 76 106 75 85,simulation,db6,usage,58,50,50,0
W-QDA,W-QDA:qda,16,1.5,0.0,0.064,81 82 83 108 109 111 107 110 112 78 79 114 76 77 80 75 84 85 113 115,78 81 82 83 109 110 77 111 114 80 107 113 108 112 79 84 76 106 75 85,simulation,db6,usage,58,50,50,0
W-CART,W-CART:cart,25,3.0,0.04,0.112,82 108 114 79 83 110 112 81 84 109 111 107 113 74 75 77 85 106 115 116,78 81 82 83 109 110 77 111 114 80 107 113 108 112 79 84 76 106 75 85,simulation,db6,usage,58,50,50,0
ALL,W-QDA:qda,16,1.5,0.0,0.064,81 82 83 108 109 111 107 110 112 78 79 114 76 77 80 75 84 85 113 115,78 81 82 83 109 110 77 111 114 80 107 113 108 112 79 84 76 106 75 85,simulation,db6,usage,58,50,50,0
W-NN,W-NN:k=1,1,,0.08,0.182,72 102 118 103 59 51 55 88 89 44 82 108 50 87 74 39 106 145 77 75,72 102 118 103 59 51 55 88 89 44 82 108 50 87 74 39 106 145 77 75,simulation,db6,energy,59,50,50,0
W-QDA,W-QDA:qda,6,,0.04,0.054,72 102 118 103 59 51 55 88 89 44 82 108 50 87 74 39 106 145 77 75,72 102 118 103 59 51 55 88 89 44 82 108 50 87 74 39 106 145 77 75,simulation,db6,energy,59,50,50,0
W-CART,W-CART:cart,43,,0.06,0.138,72 102 118 103 59 51 55 88 89 44 82 108 50 87 74 39 106 145 77 75,72 102 118 103 59 51 55 88 89 44 82 108 50 87 74 39 106 145 77 75,simulation,db6,energy,59,50,50,0
ALL,W-QDA:qda,6,,0.04,0.054,72 102 118 103 59 51 55 88 89 44 82 108 50 87 74 39 106 145 77 75,72 102 118 103 59 51 55 88 89 44 82 108 50 87 74 39 106 145 77 75,simulation,db6,energy,59,50,50,0
W-NN,W-NN:k=7,4,1.0,0.06,0.19,82 81 80 106 111 83 84 105 79 86 87 108 109 110 112 78 85 107 113 77,82 81 80 106 111 83 84 105 79 86 87 108 109 110 112 78 85 107 113 77,simulation,db6,usage,59,50,50,0
W-QDA,W-QDA:qda,8,0.5,0.04,0.094,81 82 106 111 80 83 86 105 107 110 112 79 108 109 77 84 78 85 87 104,82 81 80 106 111 83 84 105 79 86 87 108 109 110 112 78 85 107 113 77,simulation,db6,usage,59,50,50,0
W-CART,W-CART:cart,40,0.5,0.04,0.134,81 82 106 111 80 83 86 105 107 110 112 79 108 109 77 84 78 85 87 104,82 81 80 106 111 83 84 105 79 86 87 108 109 110 112 78 85 107 113 77,simulation,db6,usage,59,50,50,0
ALL,W-QDA:qda,8,0.5,0.04,0.094,81 82 106 111 80 83 86 105 107 110 112 79 108 109 77 84 78 85 87 104,82 81 80 106 111 83 84 105 79 86 87 108 109 110 112 78 85 107 113 77,simulation,db6,usage,59,50,50,0
W-NN,W-NN:k=3,34,,0.02,0.186,120 114 142 82 141 108 242 71 107 117 76 73 77 105 106 110 104 115 72 86,120 114 142 82 141 108 242 71 107 117 76 73 77 105 106 110 104 115 72 86,simulation,db6,energy,60,50,50,0
W-QDA,W-QDA:qda,12,,0.02,0.05,120 114 142 82 141 108 242 71 107 117 76 73 77 105 106 110 104 115 72 86,120 114 142 82 141 108 242 71 107 117 76 73 77 105 106 110 104 115 72 86,simulation,db6,energy,60,50,50,0
W-CART,W-CART:cart,13,,0.08,0.13,120 114 142 82 141 108 242 71 107 117 76 73 77 105 106 110 104 115 72 86,120 114 142 82 141 108 242 71 107 117 76 73 77 105 106 110 104 115 72 86,simulation,db6,energy,60,50,50,0
ALL,W-QDA:qda,12,,0.02,0.05,120 114 142 82 141 108 242 71 107 117 76 73 77 105 106 110 104 115 72 86,120 114 142 82 141 108 242 71 107 117 76 73 77 105 106 110 104 115 72 86,simulation,db6,energy,60,50,50,0
W-NN,W-NN:k=1,28,3.0,0.02,0.122,108 107 106 113 77 82 85 104 110 112 114 115 76 79 81 84 105 109 73 87,108 110 109 79 80 81 82 106 107 112 76 84 114 115 77 111 113 83 105 75,simulation,db6,usage,60,50,50,0
W-QDA,W-QDA:qda,5,3.0,0.06,0.08,108 107 106 113 77 82 85 104 110 112 114 115 76 79 81 84 105 109 73 87,108 110 109 79 80 81 82 106 107 112 76 84 114 115 77 111 113 83 105 75,simulation,db6,usage,60,50,50,0
W-CART,W-CART:cart,4,1.5,0.12,0.146,108 107 110 79 80 109 106 111 76 112 82 84 115 81 113 114 105 75 83 87,108 110 109 79 80 81 82 106 107 112 76 84 114 115 77 111 113 83 105 75,simulation,db6,usage,60,50,50,0
ALL,W-NN:k=1,28,3.0,0.02,0.122,108 107 106 113 77 82 85 104 110 112 114 115 76 79 81 84 105 109 73 87,108 110 109 79 80 81 82 106 107 112 76 84 114 115 77 111 113 83 105 75,simulation,db6,usage,60,50,50,0
W-NN,W-NN:k=5,41,,0.06,0.17,120 115 76 75 35 119 70 74 40 116 103 71 86 78 72 121 55 88 81 114,120 115 76 75 35 119 70 74 40 116 103 71 86 78 72 121 55 88 81 114,simulation,db6,energy,61,50,50,0
W-QDA,W-QDA:qda,5,,0.04,0.086,120 115 76 75 35 119 70 74 40 116 103 71 86 78 72 121 55 88 81 114,120 115 76 75 35 119 70 74 40 116 103 71 86 78 72 121 55 88 81 114,simulation,db6,energy,61,50,50,0
W-CART,W-CART:cart,26,,0.06,0.124,120 115 76 75 35 119 70 74 40 116 103 71 86 78 72 121 55 88 81 114,120 115 76 75 35 119 70 74 40 116 103 71 86 78 72 121 55 88 81 114,simulation,db6,energy,61,50,50,0
ALL,W-QDA:qda,5,,0.04,0.086,120 115 76 75 35 119 70 74 40 116 103 71 86 78 72 121 55 88 81 114,120 115 76 75 35 119 70 74 40 116 103 71 86 78 72 121 55 88 81 114,simulation,db6,energy,61,50,50,0
W-NN,W-NN:k=1,7,1.5,0.04,0.128,76 109 115 77 110 74 84 112 113 81 107 114 72 73 75 79 80 83 85 108,110 109 113 76 81 77 79 84 115 78 108 114 75 85 107 111 112 73 74 80,simulation,db6,usage,61,50,50,0
W-QDA,W-QDA:qda,14,2.0,0.06,0.092,76 109 115 77 113 79 84 116 72 74 75 81 106 108 114 80 110 112 73 78,110 109 113 76 81 77 79 84 115 78 108 114 75 85 107 111 112 73 74 80,simulation,db6,usage,61,50,50,0
W-CART,W-CART:cart,23,1.0,0.02,0.186,110 109 113 76 81 77 79 84 115 78 108 114 75 85 107 111 112 73 74 80,110 109 113 76 81 77 79 84 115 78 108 114 75 85 107 111 112 73 74 80,simulation,db6,usage,61,50,50,0
ALL,W-CART:cart,23,1.0,0.02,0.186,110 109 113 76 81 77 79 84 115 78 108 114 75 85 107 111 112 73 74 80,110 109 113 76 81 77 79 84 115 78 108 114 75 85 107 111 112 73 74 80,simulation,db6,usage,61,50,50,0
W-NN,W-NN:k=1,10,,0.06,0.188,109 86 111 110 113 88 40 84 53 108 106 102 79 85 81 52 82 71 35 112,109 86 111 110 113 88 40 84 53 108 106 102 79 85 81 52 82 71 35 112,simulation,db6,energy,62,50,50,0
W-QDA,W-QDA:qda,2,,0.02,0.092,109 86 111 110 113 88 40 84 53 108 106 102 79 85 81 52 82 71 35 112,109 86 111 110 113 88 40 84 53 108 106 102 79 85 81 52 82 71 35 112,simulation,db6,energy,62,50,50,0
W-CART,W-CART:cart,11,,0.02,0.082,109 86 111 110 113 88 40 84 53 108 106 102 79 85 81 52 82 71 35 112,109 86 111 110 113 88 40 84 53 108 106 102 79 85 81 52 82 71 35 112,simulation,db6,energy,62,50,50,0
ALL,W-QDA:qda,2,,0.02,0.092,109 86 111 110 113 88 40 84 53 108 106 102 79 85 81 52 82 71 35 112,109 86 111 110 113 88 40 84 53 108 106 102 79 85 81 52 82 71 35 112,simulation,db6,energy,62,50,50,0
W-NN,W-NN:k=1,6,3.0,0.08,0.212,111 110 109 112 82 106 108 79 84 86 81 80 83 85 113 78 87 105 107 115,82 108 80 111 81 109 106 113 83 110 79 112 114 107 105 78 84 85 86 77,simulation,db6,usage,62,50,50,0
W-QDA,W-QDA:qda,9,2.0,0.04,0.178,109 111 81 112 110 108 79 106 80 82 113 83 86 107 78 114 84 85 77 105,82 108 80 111 81 109 106 113 83 110 79 112 114 107 105 78 84 85 86 77,simulation,db6,usage,62,50,50,0
W-CART,W-CART:cart,11,3.0,0.02,0.082,111 110 109 112 82 106 108 79 84 86 81 80 83 85 113 78 87 105 107 115,82 108 80 111 81 109 106 113 83 110 79 112 114 107 105 78 84 85 86 77,simulation,db6,usage,62,50,50,0
ALL,W-CART:cart,11,3.0,0.02,0.082,111 110 109 112 82 106 108 79 84 86 81 80 83 85 113 78 87 105 107 115,82 108 80 111 81 109 106 113 83 110 79 112 114 107 105 78 84 85 86 77,simulation,db6,usage,62,50,50,0
W-NN,W-NN:k=1,20,,0.08,0.124,80 155 110 119 71 239 118 72 55 35 114 161 111 106 104 107 156 159 115 227,80 155 110 119 71 239 118 72 55 35 114 161 111 106 104 107 156 159 115 227,simulation,db6,energy,63,50,50,0
W-QDA,W-QDA:qda,15,,0.06,0.142,80 155 110 119 71 239 118 72 55 35 114 161 111 106 104 107 156 159 115 227,80 155 110 119 71 239 118 72 55 35 114 161 111 106 104 107 156 159 115 227,simulation,db6,energy,63,50,50,0
W-CART,W-CART:cart,33,,0.06,0.112,80 155 110 119 71 239 118 72 55 35 114 161 111 106 104 107 156 159 115 227,80 155 110 119 71 239 118 72 55 35 114 161 111 106 104 107 156 159 115 227,simulation,db6,energy,63,50,50,0
ALL,W-QDA:qda,15,,0.06,0.142,80 155 110 119 71 239 118 72 55 35 114 161 111 106 104 107 156 159 115 227,80 155 110 119 71 239 118 72 55 35 114 161 111 106 104 107 156 159 115 227,simulation,db6,energy,63,50,50,0
W-NN,W-NN:k=7,24,3.0,0.04,0.162,112 75 73 76 118 113 83 111 114 115 116 74 84 106 107 109 117 72 77 78,111 112 114 75 110 76 107 109 113 117 74 77 82 116 106 108 118 71 79 80,simulation,db6,usage,63,50,50,0
W-QDA,W-QDA:qda,7,1.5,0.02,0.104,112 111 114 75 117 118 110 113 119 73 76 77 82 106 107 108 109 115 78 80,111 112 114 75 110 76 107 109 113 117 74 77 82 116 106 108 118 71 79 80,simulation,db6,usage,63,50,50,0
W-CART,W-CART:cart,17,1.0,0.04,0.162,111 112 114 75 110 76 107 109 113 117 74 77 82 116 106 108 118 71 79 80,111 112 114 75 110 76 107 109 113 117 74 77 82 116 106 108 118 71 79 80,simulation,db6,usage,63,50,50,0
ALL,W-QDA:qda,7,1.5,0.02,0.104,112 111 114 75 117 118 110 113 119 73 76 77 82 106 107 108 109 115 78 80,111 112 114 75 110 76 107 109 113 117 74 77 82 116 106 108 118 71 79 80,simulation,db6,usage,63,50,50,0
W-NN,W-NN:k=1,28,,0.06,0.098,110 162 80 81 109 111 88 55 220 89 20 112 78 74 77 79 102 116 103 75,110 162 80 81 109 111 88 55 220 89 20 112 78 74 77 79 102 116 103 75,simulation,db6,energy,64,50,50,0
W-QDA,W-QDA:qda,7,,0.12,0.14,110 162 80 81 109 111 88 55 220 89 20 112 78 74 77 79 102 116 103 75,110 162 80 81 109 111 88 55 220 89 20 112 78 74 77 79 102 116 103 75,simulation,db6,energy,64,50,50,0
W-CART,W-CART:cart,39,,0.04,0.088,110 162 80 81 109 111 88 55 220 89 20 112 78 74 77 79 102 116 103 75,110 162 80 81 109 111 88 55 220 89 20 112 78 74 77 79 102 116 103 75,simulation,db6,energy,64,50,50,0
ALL,W-CART:cart,39,,0.04,0.088,110 162 80 81 109 111 88 55 220 89 20 112 78 74 77 79 102 116 103 75,110 162 80 81 109 111 88 55 220 89 20 112 78 74 77 79 102 116 103 75,simulation,db6,energy,64,50,50,0
W-NN,W-NN:k=1,9,3.0,0.04,0.102,78 80 109 115 79 104 106 113 114 75 76 77 83 81 105 108 111 112 74 84,80 78 77 110 112 81 109 79 83 111 113 107 108 114 106 115 84 74 75 76,simulation,db6,usage,64,50,50,0
W-QDA,W-QDA:qda,7,3.0,0.04,0.088,78 80 109 115 79 104 106 113 114 75 76 77 83 81 105 108 111 112 74 84,80 78 77 110 112 81 109 79 83 111 113 107 108 114 106 115 84 74 75 76,simulation,db6,usage,64,50,50,0
W-CART,W-CART:cart,6,3.0,0.08,0.114,78 80 109 115 79 104 106 113 114 75 76 77 83 81 105 108 111 112 74 84,80 78 77 110 112 81 109 79 83 111 113 107 108 114 106 115 84 74 75 76,simulation,db6,usage,64,50,50,0
ALL,W-QDA:qda,7,3.0,0.04,0.088,78 80 109 115 79 104 106 113 114 75 76 77 83 81 105 108 111 112 74 84,80 78 77 110 112 81 109 79 83 111 113 107 108 114 106 115 84 74 75 76,simulation,db6,usage,64,50,50,0
W-NN,W-NN:k=3,23,,0.08,0.156,70 108 83 82 106 84 53 76 54 110 35 114 109 40 74 107 115 75 41 113,70 108 83 82 106 84 53 76 54 110 35 114 109 40 74 107 115 75 41 113,simulation,db6,energy,65,50,50,0
W-QDA,W-QDA:qda,5,,0.12,0.092,70 108 83 82 106 84 53 76 54 110 35 114 109 40 74 107 115 75 41 113,70 108 83 82 106 84 53 76 54 110 35 114 109 40 74 107 115 75 41 113,simulation,db6,energy,65,50,50,0
W-CART,W-CART:cart,14,,0.08,0.128,70 108 83 82 106 84 53 76 54 110 35 114 109 40 74 107 115 75 41 113,70 108 83 82 106 84 53 76 54 110 35 114 109 40 74 107 115 75 41 113,simulation,db6,energy,65,50,50,0
ALL,W-CART:cart,14,,0.08,0.128,70 108 83 82 106 84 53 76 54 110 35 114 109 40 74 107 115 75 41 113,70 108 83 82 106 84 53 76 54 110 35 114 109 40 74 107 115 75 41 113,simulation,db6,energy,65,50,50,0
W-NN,W-NN:k=1,32,0.5,0.12,0.198,112 108 110 82 109 79 80 78 77 81 83 84 107 111 113 114 76 85 106 115,109 82 108 110 112 78 79 80 83 111 113 107 114 84 85 76 77 81 106 115,simulation,db6,usage,65,50,50,0
W-QDA,W-QDA:qda,14,1.0,0.12,0.148,109 82 108 110 112 78 79 80 83 111 113 107 114 84 85 76 77 81 106 115,109 82 108 110 112 78 79 80 83 111 113 107 114 84 85 76 77 81 106 115,simulation,db6,usage,65,50,50,0
W-CART,W-CART:cart,27,0.5,0.08,0.174,112 108 110 82 109 79 80 78 77 81 83 84 107 111 113 114 76 85 106 115,109 82 108 110 112 78 79 80 83 111 113 107 114 84 85 76 77 81 106 115,simulation,db6,usage,65,50,50,0
ALL,W-CART:cart,27,0.5,0.08,0.174,112 108 110 82 109 79 80 78 77 81 83 84 107 111 113 114 76 85 106 115,109 82 108 110 112 78 79 80 83 111 113 107 114 84 85 76 77 81 106 115,simulation,db6,usage,65,50,50,0
W-NN,W-NN:k=1,7,,0.04,0.156,109 54 75 81 162 116 219 73 114 105 117 106 84 57 78 115 111 149 85 77,109 54 75 81 162 116 219 73 114 105 117 106 84 57 78 115 111 149 85 77,simulation,db6,energy,66,50,50,0
W-QDA,W-QDA:qda,15,,0.02,0.08,109 54 75 81 162 116 219 73 114 105 117 106 84 57 78 115 111 149 85 77,109 54 75 81 162 116 219 73 114 105 117 106 84 57 78 115 111 149 85 77,simulation,db6,energy,66,50,50,0
W-CART,W-CART:cart,7,,0.06,0.174,109 54 75 81 162 116 219 73 114 105 117 106 84 57 78 115 111 149 85 77,109 54 75 81 162 116 219 73 114 105 117 106 84 57 78 115 111 149 85 77,simulation,db6,energy,66,50,50,0
ALL,W-QDA:qda,15,,0.02,0.08,109 54 75 81 162 116 219 73 114 105 117 106 84 57 78 115 111 149 85 77,109 54 75 81 162 116 219 73 114 105 117 106 84 57 78 115 111 149 85 77,simulation,db6,energy,66,50,50,0
W-NN,W-NN:k=3,7,2.0,0.06,0.14,75 84 114 74 76 82 107 106 79 81 83 87 104 108 112 113 73 77 78 85,77 82 76 81 113 75 84 107 109 110 115 79 114 73 74 78 106 108 85 104,simulation,db6,usage,66,50,50,0
W-QDA,W-QDA:qda,11,1.0,0.02,0.072,77 82 76 81 113 75 84 107 109 110 115 79 114 73 74 78 106 108 85 104,77 82 76 81 113 75 84 107 109 110 115 79 114 73 74 78 106 108 85 104,simulation,db6,usage,66,50,50,0
W-CART,W-CART:cart,8,3.0,0.08,0.176,75 84 81 83 87 106 107 74 105 73 76 78 79 85 113 114 104 111 116 117,77 82 76 81 113 75 84 107 109 110 115 79 114 73 74 78 106 108 85 104,simulation,db6,usage,66,50,50,0
ALL,W-QDA:qda,11,1.0,0.02,0.072,77 82 76 81 113 75 84 107 109 110 115 79 114 73 74 78 106 108 85 104,77 82 76 81 113 75 84 107 109 110 115 79 114 73 74 78 106 108 85 104,simulation,db6,usage,66,50,50,0
W-NN,W-NN:k=3,20,,0.1,0.148,107 59 85 82 86 87 106 88 72 52 108 105 78 104 77 54 74 118 75 113,107 59 85 82 86 87 106 88 72 52 108 105 78 104 77 54 74 118 75 113,simulation,db6,energy,67,50,50,0
W-QDA,W-QDA:qda,9,,0.06,0.05,107 59 85 82 86 87 106 88 72 52 108 105 78 104 77 54 74 118 75 113,107 59 85 82 86 87 106 88 72 52 108 105 78 104 77 54 74 118 75 113,simulation,db6,energy,67,50,50,0
W-CART,W-CART:cart,23,,0.06,0.116,107 59 85 82 86 87 106 88 72 52 108 105 78 104 77 54 74 118 75 113,107 59 85 82 86 87 106 88 72 52 108 105 78 104 77 54 74 118 75 113,simulation,db6,energy,67,50,50,0
ALL,W-QDA:qda,9,,0.06,0.05,107 59 85 82 86 87 106 88 72 52 108 105 78 104 77 54 74 118 75 113,107 59 85 82 86 87 106 88 72 52 108 105 78 104 77 54 74 118 75 113,simulation,db6,energy,67,50,50,0
W-NN,W-NN:k=3,2,3.0,0.04,0.108,85 87 86 105 106 107 84 104 111 77 80 81 83 103 108 78 88 109 115 118,108 83 84 109 81 85 107 106 78 82 87 105 79 86 104 111 77 112 80 88,simulation,db6,usage,67,50,50,0
W-QDA,W-QDA:qda,2,3.0,0.02,0.068,85 87 86 105 106 107 84 104 111 77 80 81 83 103 108 78 88 109 115 118,108 83 84 109 81 85 107 106 78 82 87 105 79 86 104 111 77 112 80 88,simulation,db6,usage,67,50,50,0
W-CART,W-CART:cart,19,0.5,0.06,0.112,81 83 108 79 82 84 107 109 111 78 80 85 105 106 110 112 77 113 115 86,108 83 84 109 81 85 107 106 78 82 87 105 79 86 104 111 77 112 80 88,simulation,db6,usage,67,50,50,0
ALL,W-QDA:qda,2,3.0,0.02,0.068,85 87 86 105 106 107 84 104 111 77 80 81 83 103 108 78 88 109 115 118,108 83 84 109 81 85 107 106 78 82 87 105 79 86 104 111 77 112 80 88,simulation,db6,usage,67,50,50,0
W-NN,W-NN:k=1,4,,0.0,0.122,72 118 77 107 86 108 84 111 104 109 80 83 113 85 87 81 112 54 114 79,72 118 77 107 86 108 84 111 104 109 80 83 113 85 87 81 112 54 114 79,simulation,db6,energy,68,50,50,0
W-QDA,W-QDA:qda,3,,0.02,0.06,72 118 77 107 86 108 84 111 104 109 80 83 113 85 87 81 112 54 114 79,72 118 77 107 86 108 84 111 104 109 80 83 113 85 87 81 112 54 114 79,simulation,db6,energy,68,50,50,0
W-CART,W-CART:cart,3,,0.06,0.118,72 118 77 107 86 108 84 111 104 109 80 83 113 85 87 81 112 54 114 79,72 118 77 107 86 108 84 111 104 109 80 83 113 85 87 81 112 54 114 79,simulation,db6,energy,68,50,50,0
ALL,W-NN:k=1,4,,0.0,0.122,72 118 77 107 86 108 84 111 104 109 80 83 113 85 87 81 112 54 114 79,72 118 77 107 86 108 84 111 104 109 80 83 113 85 87 81 112 54 114 79,simulation,db6,energy,68,50,50,0
W-NN,W-NN:k=1,47,1.5,0.02,0.216,107 85 81 84 86 109 110 82 83 105 108 113 79 80 112 87 106 111 78 104,84 81 85 82 107 109 79 87 108 110 86 83 105 106 112 80 111 113 78 104,simulation,db6,usage,68,50,50,0
W-QDA,W-QDA:qda,3,2.0,0.06,0.064,85 107 86 82 108 109 81 84 80 83 106 112 79 110 111 87 104 105 113 78,84 81 85 82 107 109 79 87 108 110 86 83 105 106 112 80 111 113 78 104,simulation,db6,usage,68,50,50,0
W-CART,W-CART:cart,14,0.5,0.04,0.118,81 109 82 84 78 79 85 107 108 80 83 87 110 104 112 113 86 105 111 106,84 81 85 82 107 109 79 87 108 110 86 83 105 106 112 80 111 113 78 104,simulation,db6,usage,68,50,50,0
ALL,W-NN:k=1,47,1.5,0.02,0.216,107 85 81 84 86 109 110 82 83 105 108 113 79 80 112 87 106 111 78 104,84 81 85 82 107 109 79 87 108 110 86 83 105 106 112 80 111 113 78 104,simulation,db6,usage,68,50,50,0
W-NN,W-NN:k=1,14,,0.14,0.176,79 111 80 106 110 114 85 81 77 78 82 112 107 109 113 170 76 38 115 75,79 111 80 106 110 114 85 81 77 78 82 112 107 109 113 170 76 38 115 75,simulation,db6,energy,69,50,50,0
W-QDA,W-QDA:qda,10,,0.04,0.078,79 111 80 106 110 114 85 81 77 78 82 112 107 109 113 170 76 38 115 75,79 111 80 106 110 114 85 81 77 78 82 112 107 109 113 170 76 38 115 75,simulation,db6,energy,69,50,50,0
W-CART,W-CART:cart,6,,0.08,0.1,79 111 80 106 110 114 85 81 77 78 82 112 107 109 113 170 76 38 115 75,79 111 80 106 110 114 85 81 77 78 82 112 107 109 113 170 76 38 115 75,simulation,db6,energy,69,50,50,0
ALL,W-QDA:qda,10,,0.04,0.078,79 111 80 106 110 114 85 81 77 78 82 112 107 109 113 170 76 38 115 75,79 111 80 106 110 114 85 81 77 78 82 112 107 109 113 170 76 38 115 75,simulation,db6,energy,69,50,50,0
W-NN,W-NN:k=3,12,3.0,0.08,0.128,79 80 113 76 78 77 82 75 111 114 107 109 110 74 81 112 106 116 117 108,78 111 75 79 81 82 113 76 77 108 114 80 110 109 112 107 116 74 84 106,simulation,db6,usage,69,50,50,0
W-QDA,W-QDA:qda,22,3.0,0.08,0.148,79 80 113 76 78 77 82 75 111 114 107 109 110 74 81 112 106 116 117 108,78 111 75 79 81 82 113 76 77 108 114 80 110 109 112 107 116 74 84 106,simulation,db6,usage,69,50,50,0
W-CART,W-CART:cart,20,0.5,0.1,0.1,78 80 109 110 111 75 76 81 108 113 114 82 79 112 77 116 226 84 117 228,78 111 75 79 81 82 113 76 77 108 114 80 110 109 112 107 116 74 84 106,simulation,db6,usage,69,50,50,0
ALL,W-NN:k=3,12,3.0,0.08,0.128,79 80 113 76 78 77 82 75 111 114 107 109 110 74 81 112 106 116 117 108,78 111 75 79 81 82 113 76 77 108 114 80 110 109 112 107 116 74 84 106,simulation,db6,usage,69,50,50,0
W-NN,W-NN:k=5,3,,0.08,0.076,116 41 105 118 117 104 73 87 107 108 74 103 112 86 106 72 115 85 71 110,116 41 105 118 117 104 73 87 107 108 74 103 112 86 106 72 115 85 71 110,simulation,db6,energy,70,50,50,0
W-QDA,W-QDA:qda,15,,0.02,0.016,116 41 105 118 117 104 73 87 107 108 74 103 112 86 106 72 115 85 71 110,116 41 105 118 117 104 73 87 107 108 74 103 112 86 106 72 115 85 71 110,simulation,db6,energy,70,50,50,0
W-CART,W-CART:cart,8,,0.04,0.118,116 41 105 118 117 104 73 87 107 108 74 103 112 86 106 72 115 85 71 110,116 41 105 118 117 104 73 87 107 108 74 103 112 86 106 72 115 85 71 110,simulation,db6,energy,70,50,50,0
ALL,W-QDA:qda,15,,0.02,0.016,116 41 105 118 117 104 73 87 107 108 74 103 112 86 106 72 115 85 71 110,116 41 105 118 117 104 73 87 107 108 74 103 112 86 106 72 115 85 71 110,simulation,db6,energy,70,50,50,0
W-NN,W-NN:k=1,26,0.5,0.04,0.188,109 110 112 113 84 111 114 78 80 83 106 107 108 77 81 82 79 85 104 115,83 107 109 110 116 84 106 113 115 82 104 108 111 114 77 78 75 85 105 112,simulation,db6,usage,70,50,50,0
W-QDA,W-QDA:qda,14,2.0,0.0,0.016,107 104 106 110 115 84 109 77 83 111 112 76 103 114 117 73 74 79 86 105,83 107 109 110 116 84 106 113 115 82 104 108 111 114 77 78 75 85 105 112,simulation,db6,usage,70,50,50,0
W-CART,W-CART:cart,52,0.5,0.06,0.124,109 110 112 113 84 111 114 78 80 83 106 107 108 77 81 82 79 85 104 115,83 107 109 110 116 84 106 113 115 82 104 108 111 114 77 78 75 85 105 112,simulation,db6,usage,70,50,50,0
ALL,W-QDA:qda,14,2.0,0.0,0.016,107 104 106 110 115 84 109 77 83 111 112 76 103 114 117 73 74 79 86 105,83 107 109 110 116 84 106 113 115 82 104 108 111 114 77 78 75 85 105 112,simulation,db6,usage,70,50,50,0
W-NN,W-NN:k=5,2,,0.02,0.106,103 87 74 110 120 235 52 75 76 73 53 79 57 43 80 121 112 71 78 82,103 87 74 110 120 235 52 75 76 73 53 79 57 43 80 121 112 71 78 82,simulation,db6,energy,71,50,50,0
W-QDA,W-QDA:qda,3,,0.06,0.084,103 87 74 110 120 235 52 75 76 73 53 79 57 43 80 121 112 71 78 82,103 87 74 110 120 235 52 75 76 73 53 79 57 43 80 121 112 71 78 82,simulation,db6,energy,71,50,50,0
W-CART,W-CART:cart,10,,0.08,0.118,103 87 74 110 120 235 52 75 76 73 53 79 57 43 80 121 112 71 78 82,103 87 74 110 120 235 52 75 76 73 53 79 57 43 80 121 112 71 78 82,simulation,db6,energy,71,50,50,0
ALL,W-NN:k=5,2,,0.02,0.106,103 87 74 110 120 235 52 75 76 73 53 79 57 43 80 121 112 71 78 82,103 87 74 110 120 235 52 75 76 73 53 79 57 43 80 121 112 71 78 82,simulation,db6,energy,71,50,50,0
W-NN,W-NN:k=1,31,0.5,0.1,0.17,76 78 79 81 113 115 77 80 109 112 114 75 111 74 110 117 82 116 107 108,76 75 79 81 112 115 77 78 109 113 114 80 111 108 116 82 110 74 84 117,simulation,db6,usage,71,50,50,0
W-QDA,W-QDA:qda,22,0.5,0.06,0.116,76 78 79 81 113 115 77 80 109 112 114 75 111 74 110 117 82 116 107 108,76 75 79 81 112 115 77 78 109 113 114 80 111 108 116 82 110 74 84 117,simulation,db6,usage,71,50,50,0
W-CART,W-CART:cart,26,2.0,0.06,0.16,78 81 115 75 76 77 112 116 80 111 79 109 110 108 113 114 117 82 107 72,76 75 79 81 112 115 77 78 109 113 114 80 111 108 116 82 110 74 84 117,simulation,db6,usage,71,50,50,0
ALL,W-QDA:qda,22,0.5,0.06,0.116,76 78 79 81 113 115 77 80 109 112 114 75 111 74 110 117 82 116 107 108,76 75 79 81 112 115 77 78 109 113 114 80 111 108 116 82 110 74 84 117,simulation,db6,usage,71,50,50,0
W-NN,W-NN:k=1,15,,0.08,0.106,58 74 115 82 108 120 119 109 85 76 110 81 83 86 75 106 84 80 105 104,58 74 115 82 108 120 119 109 85 76 110 81 83 86 75 106 84 80 105 104,simulation,db6,energy,72,50,50,0
W-QDA,W-QDA:qda,3,,0.06,0.106,58 74 115 82 108 120 119 109 85 76 110 81 83 86 75 106 84 80 105 104,58 74 115 82 108 120 119 109 85 76 110 81 83 86 75 106 84 80 105 104,simulation,db6,energy,72,50,50,0
W-CART,W-CART:cart,7,,0.1,0.126,58 74 115 82 108 120 119 109 85 76 110 81 83 86 75 106 84 80 105 104,58 74 115 82 108 120 119 109 85 76 110 81 83 86 75 106 84 80 105 104,simulation,db6,energy,72,50,50,0
ALL,W-QDA:qda,3,,0.06,0.106,58 74 115 82 108 120 119 109 85 76 110 81 83 86 75 106 84 80 105 104,58 74 115 82 108 120 119 109 85 76 110 81 83 86 75 106 84 80 105 104,simulation,db6,energy,72,50,50,0
W-NN,W-NN:k=1,27,3.0,0.08,0.218,82 84 109 108 83 86 105 74 75 106 85 107 77 80 103 81 104 116 73 76,110 82 107 109 83 106 77 84 86 75 79 108 80 81 85 105 111 73 74 76,simulation,db6,usage,72,50,50,0
W-QDA,W-QDA:qda,15,2.0,0.2,0.164,107 84 109 82 83 86 105 108 75 106 110 74 77 79 76 80 116 73 85 81,110 82 107 109 83 106 77 84 86 75 79 108 80 81 85 105 111 73 74 76,simulation,db6,usage,72,50,50,0
W-CART,W-CART:cart,8,3.0,0.1,0.138,82 84 109 108 83 86 105 74 75 106 85 107 77 80 103 81 104 116 73 76,110 82 107 109 83 106 77 84 86 75 79 108 80 81 85 105 111 73 74 76,simulation,db6,usage,72,50,50,0
ALL,W-NN:k=1,27,3.0,0.08,0.218,82 84 109 108 83 86 105 74 75 106 85 107 77 80 103 81 104 116 73 76,110 82 107 109 83 106 77 84 86 75 79 108 80 81 85 105 111 73 74 76,simulation,db6,usage,72,50,50,0
W-NN,W-NN:k=1,5,,0.14,0.192,78 226 115 113 75 72 73 118 117 119 116 85 82 38 83 104 80 109 86 227,78 226 115 113 75 72 73 118 117 119 116 85 82 38 83 104 80 109 86 227,simulation,db6,energy,73,50,50,0
W-QDA,W-QDA:qda,17,,0.04,0.048,78 226 115 113 75 72 73 118 117 119 116 85 82 38 83 104 80 109 86 227,78 226 115 113 75 72 73 118 117 119 116 85 82 38 83 104 80 109 86 227,simulation,db6,energy,73,50,50,0
W-CART,W-CART:cart,23,,0.08,0.106,78 226 115 113 75 72 73 118 117 119 116 85 82 38 83 104 80 109 86 227,78 226 115 113 75 72 73 118 117 119 116 85 82 38 83 104 80 109 86 227,simulation,db6,energy,73,50,50,0
ALL,W-QDA:qda,17,,0.04,0.048,78 226 115 113 75 72 73 118 117 119 116 85 82 38 83 104 80 109 86 227,78 226 115 113 75 72 73 118 117 119 116 85 82 38 83 104 80 109 86 227,simulation,db6,energy,73,50,50,0
W-NN,W-NN:k=1,7,1.5,0.12,0.11,84 85 110 77 83 86 115 75 81 82 108 111 76 80 104 106 107 113 114 78,77 79 110 112 76 78 80 108 113 115 81 83 84 85 106 109 111 114 75 86,simulation,db6,usage,73,50,50,0
W-QDA,W-QDA:qda,8,1.5,0.06,0.084,84 85 110 77 83 86 115 75 81 82 108 111 76 80 104 106 107 113 114 78,77 79 110 112 76 78 80 108 113 115 81 83 84 85 106 109 111 114 75 86,simulation,db6,usage,73,50,50,0
W-CART,W-CART:cart,9,2.0,0.06,0.12,81 85 86 110 83 84 75 80 104 114 76 106 108 109 111 112 115 77 79 113,77 79 110 112 76 78 80 108 113 115 81 83 84 85 106 109 111 114 75 86,simulation,db6,usage,73,50,50,0
ALL,W-QDA:qda,8,1.5,0.06,0.084,84 85 110 77 83 86 115 75 81 82 108 111 76 80 104 106 107 113 114 78,77 79 110 112 76 78 80 108 113 115 81 83 84 85 106 109 111 114 75 86,simulation,db6,usage,73,50,50,0
W-NN,W-NN:k=1,11,,0.04,0.112,74 89 81 116 115 109 76 103 102 75 104 107 84 83 87 118 77 117 70 106,74 89 81 116 115 109 76 103 102 75 104 107 84 83 87 118 77 117 70 106,simulation,db6,energy,74,50,50,0
W-QDA,W-QDA:qda,13,,0.0,0.032,74 89 81 116 115 109 76 103 102 75 104 107 84 83 87 118 77 117 70 106,74 89 81 116 115 109 76 103 102 75 104 107 84 83 87 118 77 117 70 106,simulation,db6,energy,74,50,50,0
W-CART,W-CART:cart,6,,0.14,0.166,74 89 81 116 115 109 76 103 102 75 104 107 84 83 87 118 77 117 70 106,74 89 81 116 115 109 76 103 102 75 104 107 84 83 87 118 77 117 70 106,simulation,db6,energy,74,50,50,0
ALL,W-QDA:qda,13,,0.0,0.032,74 89 81 116 115 109 76 103 102 75 104 107 84 83 87 118 77 117 70 106,74 89 81 116 115 109 76 103 102 75 104 107 84 83 87 118 77 117 70 106,simulation,db6,energy,74,50,50,0
W-NN,W-NN:k=1,7,3.0,0.02,0.122,111 81 105 118 82 104 115 85 106 107 73 83 116 117 77 79 114 74 75 78,81 111 82 109 77 107 110 78 79 80 83 84 104 108 112 105 106 85 87 75,simulation,db6,usage,74,50,50,0
W-QDA,W-QDA:qda,7,3.0,0.0,0.062,111 81 105 118 82 104 115 85 106 107 73 83 116 117 77 79 114 74 75 78,81 111 82 109 77 107 110 78 79 80 83 84 104 108 112 105 106 85 87 75,simulation,db6,usage,74,50,50,0
W-CART,W-CART:cart,15,1.5,0.02,0.126,81 111 82 104 79 105 110 78 85 106 107 109 76 77 80 83 118 73 84 86,81 111 82 109 77 107 110 78 79 80 83 84 104 108 112 105 106 85 87 75,simulation,db6,usage,74,50,50,0
ALL,W-QDA:qda,7,3.0,0.0,0.062,111 81 105 118 82 104 115 85 106 107 73 83 116 117 77 79 114 74 75 78,81 111 82 109 77 107 110 78 79 80 83 84 104 108 112 105 106 85 87 75,simulation,db6,usage,74,50,50,0
W-NN,W-NN:k=3,3,,0.1,0.182,108 83 75 82 84 109 81 80 107 110 74 115 117 111 116 79 166 114 53 113,108 83 75 82 84 109 81 80 107 110 74 115 117 111 116 79 166 114 53 113,simulation,db6,energy,75,50,50,0
W-QDA,W-QDA:qda,14,,0.04,0.078,108 83 75 82 84 109 81 80 107 110 74 115 117 111 116 79 166 114 53 113,108 83 75 82 84 109 81 80 107 110 74 115 117 111 116 79 166 114 53 113,simulation,db6,energy,75,50,50,0
W-CART,W-CART:cart,13,,0.06,0.134,108 83 75 82 84 109 81 80 107 110 74 115 117 111 116 79 166 114 53 113,108 83 75 82 84 109 81 80 107 110 74 115 117 111 116 79 166 114 53 113,simulation,db6,energy,75,50,50,0
ALL,W-QDA:qda,14,,0.04,0.078,108 83 75 82 84 109 81 80 107 110 74 115 117 111 116 79 166 114 53 113,108 83 75 82 84 109 81 80 107 110 74 115 117 111 116 79 166 114 53 113,simulation,db6,energy,75,50,50,0
W-NN,W-NN:k=1,20,1.0,0.06,0.172,81 82 79 80 109 110 108 112 83 115 107 76 77 78 111 113 84 116 75 106,81 82 79 80 109 110 108 112 83 115 107 76 77 78 111 113 84 116 75 106,simulation,db6,usage,75,50,50,0
W-QDA,W-QDA:qda,16,1.0,0.04,0.116,81 82 79 80 109 110 108 112 83 115 107 76 77 78 111 113 84 116 75 106,81 82 79 80 109 110 108 112 83 115 107 76 77 78 111 113 84 116 75 106,simulation,db6,usage,75,50,50,0
W-CART,W-CART:cart,8,3.0,0.06,0.14,81 82 108 110 115 77 79 117 109 112 113 83 84 111 75 80 106 107 114 116,81 82 79 80 109 110 108 112 83 115 107 76 77 78 111 113 84 116 75 106,simulation,db6,usage,75,50,50,0
ALL,W-QDA:qda,16,1.0,0.04,0.116,81 82 79 80 109 110 108 112 83 115 107 76 77 78 111 113 84 116 75 106,81 82 79 80 109 110 108 112 83 115 107 76 77 78 111 113 84 116 75 106,simulation,db6,usage,75,50,50,0
W-NN,W-NN:k=1,16,,0.12,0.204,169 113 78 79 107 214 77 84 120 112 83 80 81 242 56 35 111 114 105 110,169 113 78 79 107 214 77 84 120 112 83 80 81 242 56 35 111 114 105 110,simulation,db6,energy,76,50,50,0
W-QDA,W-QDA:qda,20,,0.02,0.096,169 113 78 79 107 214 77 84 120 112 83 80 81 242 56 35 111 114 105 110,169 113 78 79 107 214 77 84 120 112 83 80 81 242 56 35 111 114 105 110,simulation,db6,energy,76,50,50,0
W-CART,W-CART:cart,26,,0.02,0.104,169 113 78 79 107 214 77 84 120 112 83 80 81 242 56 35 111 114 105 110,169 113 78 79 107 214 77 84 120 112 83 80 81 242 56 35 111 114 105 110,simulation,db6,energy,76,50,50,0
ALL,W-QDA:qda,20,,0.02,0.096,169 113 78 79 107 214 77 84 120 112 83 80 81 242 56 35 111 114 105 110,169 113 78 79 107 214 77 84 120 112 83 80 81 242 56 35 111 114 105 110,simulation,db6,energy,76,50,50,0
W-NN,W-NN:k=5,63,1.5,0.06,0.208,78 111 79 108 110 81 75 76 77 80 82 109 113 115 83 84 114 107 112 106,78 111 108 79 80 110 76 109 114 77 81 113 75 83 106 82 84 112 115 107,simulation,db6,usage,76,50,50,0
W-QDA,W-QDA:qda,19,0.5,0.04,0.076,80 79 111 78 109 110 113 114 76 108 77 81 82 107 115 116 83 84 106 112,78 111 108 79 80 110 76 109 114 77 81 113 75 83 106 82 84 112 115 107,simulation,db6,usage,76,50,50,0
W-CART,W-CART:cart,38,1.5,0.04,0.122,78 111 79 108 110 81 75 76 77 80 82 109 113 115 83 84 114 107 112 106,78 111 108 79 80 110 76 109 114 77 81 113 75 83 106 82 84 112 115 107,simulation,db6,usage,76,50,50,0
ALL,W-QDA:qda,19,0.5,0.04,0.076,80 79 111 78 109 110 113 114 76 108 77 81 82 107 115 116 83 84 106 112,78 111 108 79 80 110 76 109 114 77 81 113 75 83 106 82 84 112 115 107,simulation,db6,usage,76,50,50,0
W-NN,W-NN:k=3,23,,0.08,0.17,80 221 323 109 81 111 84 82 162 55 108 119 83 78 118 40 443 324 73 107,80 221 323 109 81 111 84 82 162 55 108 119 83 78 118 40 443 324 73 107,simulation,db6,energy,77,50,50,0
W-QDA,W-QDA:qda,21,,0.12,0.186,80 221 323 109 81 111 84 82 162 55 108 119 83 78 118 40 443 324 73 107,80 221 323 109 81 111 84 82 162 55 108 119 83 78 118 40 443 324 73 107,simulation,db6,energy,77,50,50,0
W-CART,W-CART:cart,63,,0.08,0.098,80 221 323 109 81 111 84 82 162 55 108 119 83 78 118 40 443 324 73 107,80 221 323 109 81 111 84 82 162 55 108 119 83 78 118 40 443 324 73 107,simulation,db6,energy,77,50,50,0
ALL,W-NN:k=3,23,,0.08,0.17,80 221 323 109 81 111 84 82 162 55 108 119 83 78 118 40 443 324 73 107,80 221 323 109 81 111 84 82 162 55 108 119 83 78 118 40 443 324 73 107,simulation,db6,energy,77,50,50,0
W-NN,W-NN:k=3,20,0.5,0.06,0.132,79 112 113 77 78 82 80 109 75 81 83 115 76 110 111 116 107 108 84 117,80 78 79 82 110 75 81 77 83 112 76 111 113 107 109 84 108 115 114 73,simulation,db6,usage,77,50,50,0
W-QDA,W-QDA:qda,20,0.5,0.06,0.124,79 112 113 77 78 82 80 109 75 81 83 115 76 110 111 116 107 108 84 117,80 78 79 82 110 75 81 77 83 112 76 111 113 107 109 84 108 115 114 73,simulation,db6,usage,77,50,50,0
W-CART,W-CART:cart,33,3.0,0.08,0.098,80 82 78 83 84 76 77 109 81 85 107 111 113 115 108 110 75 79 106 112,80 78 79 82 110 75 81 77 83 112 76 111 113 107 109 84 108 115 114 73,simulation,db6,usage,77,50,50,0
ALL,W-NN:k=3,20,0.5,0.06,0.132,79 112 113 77 78 82 80 109 75 81 83 115 76 110 111 116 107 108 84 117,80 78 79 82 110 75 81 77 83 112 76 111 113 107 109 84 108 115 114 73,simulation,db6,usage,77,50,50,0
W-NN,W-NN:k=5,3,,0.06,0.156,106 84 82 109 54 81 110 108 105 55 112 111 107 80 83 115 113 79 40 116,106 84 82 109 54 81 110 108 105 55 112 111 107 80 83 115 113 79 40 116,simulation,db6,energy,78,50,50,0
W-QDA,W-QDA:qda,20,,0.04,0.116,106 84 82 109 54 81 110 108 105 55 112 111 107 80 83 115 113 79 40 116,106 84 82 109 54 81 110 108 105 55 112 111 107 80 83 115 113 79 40 116,simulation,db6,energy,78,50,50,0
W-CART,W-CART:cart,9,,0.08,0.078,106 84 82 109 54 81 110 108 105 55 112 111 107 80 83 115 113 79 40 116,106 84 82 109 54 81 110 108 105 55 112 111 107 80 83 115 113 79 40 116,simulation,db6,energy,78,50,50,0
ALL,W-QDA:qda,20,,0.04,0.116,106 84 82 109 54 81 110 108 105 55 112 111 107 80 83 115 113 79 40 116,106 84 82 109 54 81 110 108 105 55 112 111 107 80 83 115 113 79 40 116,simulation,db6,energy,78,50,50,0
W-NN,W-NN:k=1,12,3.0,0.08,0.19,110 109 112 82 80 79 81 105 113 83 106 107 84 85 86 104 115 116 75 76,82 110 112 80 83 108 109 111 107 81 113 114 79 84 78 77 85 75 86 106,simulation,db6,usage,78,50,50,0
W-QDA,W-QDA:qda,21,2.0,0.04,0.062,80 110 83 109 112 82 79 84 107 108 111 75 81 85 105 113 77 114 116 86,82 110 112 80 83 108 109 111 107 81 113 114 79 84 78 77 85 75 86 106,simulation,db6,usage,78,50,50,0
W-CART,W-CART:cart,14,3.0,0.08,0.15,110 109 112 82 80 79 81 105 113 83 106 107 84 85 86 104 115 116 75 76,82 110 112 80 83 108 109 111 107 81 113 114 79 84 78 77 85 75 86 106,simulation,db6,usage,78,50,50,0
ALL,W-QDA:qda,21,2.0,0.04,0.062,80 110 83 109 112 82 79 84 107 108 111 75 81 85 105 113 77 114 116 86,82 110 112 80 83 108 109 111 107 81 113 114 79 84 78 77 85 75 86 106,simulation,db6,usage,78,50,50,0
W-NN,W-NN:k=3,3,,0.14,0.16,71 109 119 110 70 74 115 40 73 76 81 82 75 117 72 80 120 108 57 111,71 109 119 110 70 74 115 40 73 76 81 82 75 117 72 80 120 108 57 111,simulation,db6,energy,79,50,50,0
W-QDA,W-QDA:qda,13,,0.02,0.052,71 109 119 110 70 74 115 40 73 76 81 82 75 117 72 80 120 108 57 111,71 109 119 110 70 74 115 40 73 76 81 82 75 117 72 80 120 108 57 111,simulation,db6,energy,79,50,50,0
W-CART,W-CART:cart,7,,0.06,0.114,71 109 119 110 70 74 115 40 73 76 81 82 75 117 72 80 120 108 57 111,71 109 119 110 70 74 115 40 73 76 81 82 75 117 72 80 120 108 57 111,simulation,db6,energy,79,50,50,0
ALL,W-QDA:qda,13,,0.02,0.052,71 109 119 110 70 74 115 40 73 76 81 82 75 117 72 80 120 108 57 111,71 109 119 110 70 74 115 40 73 76 81 82 75 117 72 80 120 108 57 111,simulation,db6,energy,79,50,50,0
W-NN,W-NN:k=7,1,3.0,0.08,0.162,117 108 76 82 109 81 83 111 115 74 110 112 113 116 73 75 114 118 78 80,111 112 113 78 109 81 75 76 79 80 74 77 82 108 110 114 116 117 73 115,simulation,db6,usage,79,50,50,0
W-QDA,W-QDA:qda,19,2.0,0.02,0.048,111 109 113 117 78 79 80 81 82 108 73 74 75 76 110 112 114 116 83 115,111 112 113 78 109 81 75 76 79 80 74 77 82 108 110 114 116 117 73 115,simulation,db6,usage,79,50,50,0
W-CART,W-CART:cart,6,1.5,0.12,0.162,111 75 109 113 74 79 80 82 112 76 78 81 117 108 72 73 77 115 118 83,111 112 113 78 109 81 75 76 79 80 74 77 82 108 110 114 116 117 73 115,simulation,db6,usage,79,50,50,0
ALL,W-QDA:qda,19,2.0,0.02,0.048,111 109 113 117 78 79 80 81 82 108 73 74 75 76 110 112 114 116 83 115,111 112 113 78 109 81 75 76 79 80 74 77 82 108 110 114 116 117 73 115,simulation,db6,usage,79,50,50,0
W-NN,W-NN:k=1,5,,0.06,0.12,114 71 111 77 81 85 113 119 35 75 154 117 76 73 110 80 120 72 116 228,114 71 111 77 81 85 113 119 35 75 154 117 76 73 110 80 120 72 116 228,simulation,db6,energy,80,50,50,0
W-QDA,W-QDA:qda,8,,0.02,0.026,114 71 111 77 81 85 113 119 35 75 154 117 76 73 110 80 120 72 116 228,114 71 111 77 81 85 113 119 35 75 154 117 76 73 110 80 120 72 116 228,simulation,db6,energy,80,50,50,0
W-CART,W-CART:cart,46,,0.06,0.186,114 71 111 77 81 85 113 119 35 75 154 117 76 73 110 80 120 72 116 228,114 71 111 77 81 85 113 119 35 75 154 117 76 73 110 80 120 72 116 228,simulation,db6,energy,80,50,50,0
ALL,W-QDA:qda,8,,0.02,0.026,114 71 111 77 81 85 113 119 35 75 154 117 76 73 110 80 120 72 116 228,114 71 111 77 81 85 113 119 35 75 154 117 76 73 110 80 120 72 116 228,simulation,db6,energy,80,50,50,0
W-NN,W-NN:k=1,3,3.0,0.02,0.134,73 111 75 76 114 77 110 113 116 74 79 112 118 72 81 108 115 117 80 107,80 75 81 113 115 114 74 76 77 79 110 117 111 112 116 78 82 83 73 119,simulation,db6,usage,80,50,50,0
W-QDA,W-QDA:qda,11,0.5,0.04,0.11,78 76 81 113 75 80 79 82 77 83 111 112 114 116 74 107 115 117 108 110,80 75 81 113 115 114 74 76 77 79 110 117 111 112 116 78 82 83 73 119,simulation,db6,usage,80,50,50,0
W-CART,W-CART:cart,12,1.0,0.0,0.088,80 75 81 113 115 114 74 76 77 79 110 117 111 112 116 78 82 83 73 119,80 75 81 113 115 114 74 76 77 79 110 117 111 112 116 78 82 83 73 119,simulation,db6,usage,80,50,50,0
ALL,W-CART:cart,12,1.0,0.0,0.088,80 75 81 113 115 114 74 76 77 79 110 117 111 112 116 78 82 83 73 119,80 75 81 113 115 114 74 76 77 79 110 117 111 112 116 78 82 83 73 119,simulation,db6,usage,80,50,50,0
W-NN,W-NN:k=1,41,,0.04,0.194,74 57 76 83 112 78 115 105 54 111 116 55 104 58 113 75 51 80 79 110,74 57 76 83 112 78 115 105 54 111 116 55 104 58 113 75 51 80 79 110,simulation,db6,energy,81,50,50,0
W-QDA,W-QDA:qda,15,,0.02,0.074,74 57 76 83 112 78 115 105 54 111 116 55 104 58 113 75 51 80 79 110,74 57 76 83 112 78 115 105 54 111 116 55 104 58 113 75 51 80 79 110,simulation,db6,energy,81,50,50,0
W-CART,W-CART:cart,14,,0.08,0.182,74 57 76 83 112 78 115 105 54 111 116 55 104 58 113 75 51 80 79 110,74 57 76 83 112 78 115 105 54 111 116 55 104 58 113 75 51 80 79 110,simulation,db6,energy,81,50,50,0
ALL,W-QDA:qda,15,,0.02,0.074,74 57 76 83 112 78 115 105 54 111 116 55 104 58 113 75 51 80 79 110,74 57 76 83 112 78 115 105 54 111 116 55 104 58 113 75 51 80 79 110,simulation,db6,energy,81,50,50,0
W-NN,W-NN:k=1,16,0.5,0.02,0.102,113 79 111 78 109 112 114 80 81 75 76 77 82 83 110 106 107 108 74 115,111 112 79 113 114 76 78 110 75 77 108 115 80 109 81 83 116 74 82 84,simulation,db6,usage,81,50,50,0
W-QDA,W-QDA:qda,17,3.0,0.04,0.046,113 110 78 80 111 112 76 114 79 77 106 108 109 115 83 84 104 73 81 82,111 112 79 113 114 76 78 110 75 77 108 115 80 109 81 83 116 74 82 84,simulation,db6,usage,81,50,50,0
W-CART,W-CART:cart,17,3.0,0.06,0.138,113 110 78 80 111 112 76 114 79 77 106 108 109 115 83 84 104 73 81 82,111 112 79 113 114 76 78 110 75 77 108 115 80 109 81 83 116 74 82 84,simulation,db6,usage,81,50,50,0
ALL,W-NN:k=1,16,0.5,0.02,0.102,113 79 111 78 109 112 114 80 81 75 76 77 82 83 110 106 107 108 74 115,111 112 79 113 114 76 78 110 75 77 108 115 80 109 81 83 116 74 82 84,simulation,db6,usage,81,50,50,0
W-NN,W-NN:k=1,26,,0.02,0.196,234 117 148 118 58 116 29 235 296 74 79 470 73 109 80 75 297 106 105 76,234 117 148 118 58 116 29 235 296 74 79 470 73 109 80 75 297 106 105 76,simulation,db6,energy,82,50,50,0
W-QDA,W-QDA:qda,23,,0.02,0.076,234 117 148 118 58 116 29 235 296 74 79 470 73 109 80 75 297 106 105 76,234 117 148 118 58 116 29 235 296 74 79 470 73 109 80 75 297 106 105 76,simulation,db6,energy,82,50,50,0
W-CART,W-CART:cart,11,,0.06,0.144,234 117 148 118 58 116 29 235 296 74 79 470 73 109 80 75 297 106 105 76,234 117 148 118 58 116 29 235 296 74 79 470 73 109 80 75 297 106 105 76,simulation,db6,energy,82,50,50,0
ALL,W-QDA:qda,23,,0.02,0.076,234 117 148 118 58 116 29 235 296 74 79 470 73 109 80 75 297 106 105 76,234 117 148 118 58 116 29 235 296 74 79 470 73 109 80 75 297 106 105 76,simulation,db6,energy,82,50,50,0
W-NN,W-NN:k=1,12,2.0,0.04,0.176,84 80 82 108 79 110 113 74 106 109 112 75 115 83 107 76 77 78 116 117,80 110 112 84 113 79 82 109 81 76 78 108 111 75 105 107 117 74 77 83,simulation,db6,usage,82,50,50,0
W-QDA,W-QDA:qda,7,3.0,0.0,0.052,79 108 84 109 113 118 74 80 82 112 75 83 107 110 105 106 111 117 76 77,80 110 112 84 113 79 82 109 81 76 78 108 111 75 105 107 117 74 77 83,simulation,db6,usage,82,50,50,0
W-CART,W-CART:cart,44,0.5,0.04,0.144,113 82 80 109 110 112 78 79 81 76 84 111 83 106 108 117 75 77 85 107,80 110 112 84 113 79 82 109 81 76 78 108 111 75 105 107 117 74 77 83,simulation,db6,usage,82,50,50,0
ALL,W-QDA:qda,7,3.0,0.0,0.052,79 108 84 109 113 118 74 80 82 112 75 83 107 110 105 106 111 117 76 77,80 110 112 84 113 79 82 109 81 76 78 108 111 75 105 107 117 74 77 83,simulation,db6,usage,82,50,50,0
W-NN,W-NN:k=1,30,,0.1,0.178,73 76 117 116 115 118 74 72 36 37 105 235 75 113 119 107 120 234 86 71,73 76 117 116 115 118 74 72 36 37 105 235 75 113 119 107 120 234 86 71,simulation,db6,energy,83,50,50,0
W-QDA,W-QDA:qda,6,,0.18,0.124,73 76 117 116 115 118 74 72 36 37 105 235 75 113 119 107 120 234 86 71,73 76 117 116 115 118 74 72 36 37 105 235 75 113 119 107 120 234 86 71,simulation,db6,energy,83,50,50,0
W-CART,W-CART:cart,11,,0.1,0.146,73 76 117 116 115 118 74 72 36 37 105 235 75 113 119 107 120 234 86 71,73 76 117 116 115 118 74 72 36 37 105 235 75 113 119 107 120 234 86 71,simulation,db6,energy,83,50,50,0
ALL,W-CART:cart,11,,0.1,0.146,73 76 117 116 115 118 74 72 36 37 105 235 75 113 119 107 120 234 86 71,73 76 117 116 115 118 74 72 36 37 105 235 75 113 119 107 120 234 86 71,simulation,db6,energy,83,50,50,0
W-NN,W-NN:k=1,38,3.0,0.08,0.126,74 75 117 72 116 118 73 71 115 119 120 76 107 113 78 77 86 112 114 79,116 74 76 77 78 115 117 114 73 75 80 108 113 72 79 81 118 120 71 82,simulation,db6,usage,83,50,50,0
W-QDA,W-QDA:qda,3,3.0,0.18,0.108,74 75 117 72 116 118 73 71 115 119 120 76 107 113 78 77 86 112 114 79,116 74 76 77 78 115 117 114 73 75 80 108 113 72 79 81 118 120 71 82,simulation,db6,usage,83,50,50,0
W-CART,W-CART:cart,17,3.0,0.04,0.142,74 75 117 72 116 118 73 71 115 119 120 76 107 113 78 77 86 112 114 79,116 74 76 77 78 115 117 114 73 75 80 108 113 72 79 81 118 120 71 82,simulation,db6,usage,83,50,50,0
ALL,W-CART:cart,17,3.0,0.04,0.142,74 75 117 72 116 118 73 71 115 119 120 76 107 113 78 77 86 112 114 79,116 74 76 77 78 115 117 114 73 75 80 108 113 72 79 81 118 120 71 82,simulation,db6,usage,83,50,50,0
W-NN,W-NN:k=3,9,,0.08,0.124,112 114 115 113 109 38 106 108 104 83 107 116 37 76 77 84 82 118 39 81,112 114 115 113 109 38 106 108 104 83 107 116 37 76 77 84 82 118 39 81,simulation,db6,energy,84,50,50,0
W-QDA,W-QDA:qda,20,,0.06,0.054,112 114 115 113 109 38 106 108 104 83 107 116 37 76 77 84 82 118 39 81,112 114 115 113 109 38 106 108 104 83 107 116 37 76 77 84 82 118 39 81,simulation,db6,energy,84,50,50,0
W-CART,W-CART:cart,15,,0.08,0.144,112 114 115 113 109 38 106 108 104 83 107 116 37 76 77 84 82 118 39 81,112 114 115 113 109 38 106 108 104 83 107 116 37 76 77 84 82 118 39 81,simulation,db6,energy,84,50,50,0
ALL,W-QDA:qda,20,,0.06,0.054,112 114 115 113 109 38 106 108 104 83 107 116 37 76 77 84 82 118 39 81,112 114 115 113 109 38 106 108 104 83 107 116 37 76 77 84 82 118 39 81,simulation,db6,energy,84,50,50,0
W-NN,W-NN:k=7,2,3.0,0.06,0.158,109 85 106 84 114 107 115 110 76 80 83 77 81 86 87 105 108 113 75 82,111 80 106 109 81 110 114 77 84 85 86 112 113 83 107 115 79 105 108 75,simulation,db6,usage,84,50,50,0
W-QDA,W-QDA:qda,6,1.5,0.02,0.108,111 106 109 110 114 80 84 86 107 85 77 81 83 115 104 112 113 76 105 108,111 80 106 109 81 110 114 77 84 85 86 112 113 83 107 115 79 105 108 75,simulation,db6,usage,84,50,50,0
W-CART,W-CART:cart,19,3.0,0.08,0.14,109 85 106 84 114 107 115 110 76 80 83 77 81 86 87 105 108 113 75 82,111 80 106 109 81 110 114 77 84 85 86 112 113 83 107 115 79 105 108 75,simulation,db6,usage,84,50,50,0
ALL,W-QDA:qda,6,1.5,0.02,0.108,111 106 109 110 114 80 84 86 107 85 77 81 83 115 104 112 113 76 105 108,111 80 106 109 81 110 114 77 84 85 86 112 113 83 107 115 79 105 108 75,simulation,db6,usage,84,50,50,0
W-NN,W-NN:k=5,64,,0.08,0.176,82 109 110 87 114 81 104 80 115 83 107 112 111 76 78 108 74 116 75 106,82 109 110 87 114 81 104 80 115 83 107 112 111 76 78 108 74 116 75 106,simulation,db6,energy,85,50,50,0
W-QDA,W-QDA:qda,9,,0.04,0.058,82 109 110 87 114 81 104 80 115 83 107 112 111 76 78 108 74 116 75 106,82 109 110 87 114 81 104 80 115 83 107 112 111 76 78 108 74 116 75 106,simulation,db6,energy,85,50,50,0
W-CART,W-CART:cart,6,,0.06,0.21,82 109 110 87 114 81 104 80 115 83 107 112 111 76 78 108 74 116 75 106,82 109 110 87 114 81 104 80 115 83 107 112 111 76 78 108 74 116 75 106,simulation,db6,energy,85,50,50,0
ALL,W-QDA:qda,9,,0.04,0.058,82 109 110 87 114 81 104 80 115 83 107 112 111 76 78 108 74 116 75 106,82 109 110 87 114 81 104 80 115 83 107 112 111 76 78 108 74 116 75 106,simulation,db6,energy,85,50,50,0
W-NN,W-NN:k=1,6,3.0,0.06,0.148,81 78 82 85 108 109 111 112 83 110 74 79 84 106 116 80 107 114 115 118,79 78 81 82 109 114 80 83 107 111 84 110 108 112 113 85 74 76 77 115,simulation,db6,usage,85,50,50,0
W-QDA,W-QDA:qda,15,3.0,0.04,0.066,81 78 82 85 108 109 111 112 83 110 74 79 84 106 116 80 107 114 115 118,79 78 81 82 109 114 80 83 107 111 84 110 108 112 113 85 74 76 77 115,simulation,db6,usage,85,50,50,0
W-CART,W-CART:cart,9,3.0,0.1,0.134,81 78 82 85 108 109 111 112 83 110 74 79 84 106 116 80 107 114 115 118,79 78 81 82 109 114 80 83 107 111 84 110 108 112 113 85 74 76 77 115,simulation,db6,usage,85,50,50,0
ALL,W-QDA:qda,15,3.0,0.04,0.066,81 78 82 85 108 109 111 112 83 110 74 79 84 106 116 80 107 114 115 118,79 78 81 82 109 114 80 83 107 111 84 110 108 112 113 85 74 76 77 115,simulation,db6,usage,85,50,50,0
W-NN,W-NN:k=1,24,,0.12,0.156,109 80 53 82 71 70 83 84 110 81 117 54 108 79 85 40 52 59 78 114,109 80 53 82 71 70 83 84 110 81 117 54 108 79 85 40 52 59 78 114,simulation,db6,energy,86,50,50,0
W-QDA,W-QDA:qda,8,,0.08,0.094,109 80 53 82 71 70 83 84 110 81 117 54 108 79 85 40 52 59 78 114,109 80 53 82 71 70 83 84 110 81 117 54 108 79 85 40 52 59 78 114,simulation,db6,energy,86,50,50,0
W-CART,W-CART:cart,27,,0.08,0.12,109 80 53 82 71 70 83 84 110 81 117 54 108 79 85 40 52 59 78 114,109 80 53 82 71 70 83 84 110 81 117 54 108 79 85 40 52 59 78 114,simulation,db6,energy,86,50,50,0
ALL,W-QDA:qda,8,,0.08,0.094,109 80 53 82 71 70 83 84 110 81 117 54 108 79 85 40 52 59 78 114,109 80 53 82 71 70 83 84 110 81 117 54 108 79 85 40 52 59 78 114,simulation,db6,energy,86,50,50,0
W-NN,W-NN:k=3,4,0.5,0.1,0.188,80 82 79 83 81 111 108 109 110 112 77 78 75 106 107 113 115 84 85 76,82 80 111 108 109 81 83 110 77 79 84 76 78 112 107 114 73 113 86 106,simulation,db6,usage,86,50,50,0
W-QDA,W-QDA:qda,10,2.0,0.02,0.108,80 82 81 83 110 109 111 86 77 78 108 113 79 107 76 106 112 85 105 114,82 80 111 108 109 81 83 110 77 79 84 76 78 112 107 114 73 113 86 106,simulation,db6,usage,86,50,50,0
W-CART,W-CART:cart,19,2.0,0.02,0.164,80 82 81 83 110 109 111 86 77 78 108 113 79 107 76 106 112 85 105 114,82 80 111 108 109 81 83 110 77 79 84 76 78 112 107 114 73 113 86 106,simulation,db6,usage,86,50,50,0
ALL,W-QDA:qda,10,2.0,0.02,0.108,80 82 81 83 110 109 111 86 77 78 108 113 79 107 76 106 112 85 105 114,82 80 111 108 109 81 83 110 77 79 84 76 78 112 107 114 73 113 86 106,simulation,db6,usage,86,50,50,0
W-NN,W-NN:k=5,1,,0.06,0.146,86 104 43 57 82 115 77 76 83 105 108 75 38 113 110 112 51 103 155 228,86 104 43 57 82 115 77 76 83 105 108 75 38 113 110 112 51 103 155 228,simulation,db6,energy,87,50,50,0
W-QDA,W-QDA:qda,7,,0.02,0.058,86 104 43 57 82 115 77 76 83 105 108 75 38 113 110 112 51 103 155 228,86 104 43 57 82 115 77 76 83 105 108 75 38 113 110 112 51 103 155 228,simulation,db6,energy,87,50,50,0
W-CART,W-CART:cart,11,,0.02,0.09,86 104 43 57 82 115 77 76 83 105 108 75 38 113 110 112 51 103 155 228,86 104 43 57 82 115 77 76 83 105 108 75 38 113 110 112 51 103 155 228,simulation,db6,energy,87,50,50,0
ALL,W-QDA:qda,7,,0.02,0.058,86 104 43 57 82 115 77 76 83 105 108 75 38 113 110 112 51 103 155 228,86 104 43 57 82 115 77 76 83 105 108 75 38 113 110 112 51 103 155 228,simulation,db6,energy,87,50,50,0
W-NN,W-NN:k=1,12,3.0,0.02,0.112,114 76 74 75 111 112 77 81 110 78 113 108 115 116 117 73 79 109 118 119,114 77 78 75 76 112 113 115 111 74 81 110 116 117 79 106 108 73 80 107,simulation,db6,usage,87,50,50,0
W-QDA,W-QDA:qda,3,3.0,0.08,0.076,114 76 74 75 111 112 77 81 110 78 113 108 115 116 117 73 79 109 118 119,114 77 78 75 76 112 113 115 111 74 81 110 116 117 79 106 108 73 80 107,simulation,db6,usage,87,50,50,0
W-CART,W-CART:cart,25,3.0,0.04,0.108,114 76 74 75 111 112 77 81 110 78 113 108 115 116 117 73 79 109 118 119,114 77 78 75 76 112 113 115 111 74 81 110 116 117 79 106 108 73 80 107,simulation,db6,usage,87,50,50,0
ALL,W-NN:k=1,12,3.0,0.02,0.112,114 76 74 75 111 112 77 81 110 78 113 108 115 116 117 73 79 109 118 119,114 77 78 75 76 112 113 115 111 74 81 110 116 117 79 106 108 73 80 107,simulation,db6,usage,87,50,50,0
W-NN,W-NN:k=9,56,,0.08,0.192,84 83 107 82 115 72 108 106 54 214 150 85 232 71 37 151 81 35 120 105,84 83 107 82 115 72 108 106 54 214 150 85 232 71 37 151 81 35 120 105,simulation,db6,energy,88,50,50,0
W-QDA,W-QDA:qda,14,,0.0,0.06,84 83 107 82 115 72 108 106 54 214 150 85 232 71 37 151 81 35 120 105,84 83 107 82 115 72 108 106 54 214 150 85 232 71 37 151 81 35 120 105,simulation,db6,energy,88,50,50,0
W-CART,W-CART:cart,8,,0.04,0.11,84 83 107 82 115 72 108 106 54 214 150 85 232 71 37 151 81 35 120 105,84 83 107 82 115 72 108 106 54 214 150 85 232 71 37 151 81 35 120 105,simulation,db6,energy,88,50,50,0
ALL,W-QDA:qda,14,,0.0,0.06,84 83 107 82 115 72 108 106 54 214 150 85 232 71 37 151 81 35 120 105,84 83 107 82 115 72 108 106 54 214 150 85 232 71 37 151 81 35 120 105,simulation,db6,energy,88,50,50,0
W-NN,W-NN:k=1,8,2.0,0.06,0.152,82 108 114 115 81 106 112 83 84 107 109 110 80 86 111 73 76 77 85 116,81 82 84 108 110 78 109 112 114 77 83 107 111 115 73 76 80 85 106 113,simulation,db6,usage,88,50,50,0
W-QDA,W-QDA:qda,14,3.0,0.0,0.038,82 83 114 115 81 108 110 72 86 106 75 76 78 85 105 107 109 71 73 77,81 82 84 108 110 78 109 112 114 77 83 107 111 115 73 76 80 85 106 113,simulation,db6,usage,88,50,50,0
W-CART,W-CART:cart,9,2.0,0.04,0.11,82 108 114 115 81 106 112 83 84 107 109 110 80 86 111 73 76 77 85 116,81 82 84 108 110 78 109 112 114 77 83 107 111 115 73 76 80 85 106 113,simulation,db6,usage,88,50,50,0
ALL,W-QDA:qda,14,3.0,0.0,0.038,82 83 114 115 81 108 110 72 86 106 75 76 78 85 105 107 109 71 73 77,81 82 84 108 110 78 109 112 114 77 83 107 111 115 73 76 80 85 106 113,simulation,db6,usage,88,50,50,0
W-NN,W-NN:k=1,4,,0.08,0.122,77 73 74 117 116 118 113 119 72 114 228 56 76 75 81 71 87 78 115 107,77 73 74 117 116 118 113 119 72 114 228 56 76 75 81 71 87 78 115 107,simulation,db6,energy,89,50,50,0
W-QDA,W-QDA:qda,2,,0.08,0.094,77 73 74 117 116 118 113 119 72 114 228 56 76 75 81 71 87 78 115 107,77 73 74 117 116 118 113 119 72 114 228 56 76 75 81 71 87 78 115 107,simulation,db6,energy,89,50,50,0
W-CART,W-CART:cart,25,,0.02,0.138,77 73 74 117 116 118 113 119 72 114 228 56 76 75 81 71 87 78 115 107,77 73 74 117 116 118 113 119 72 114 228 56 76 75 81 71 87 78 115 107,simulation,db6,energy,89,50,50,0
ALL,W-CART:cart,25,,0.02,0.138,77 73 74 117 116 118 113 119 72 114 228 56 76 75 81 71 87 78 115 107,77 73 74 117 116 118 113 119 72 114 228 56 76 75 81 71 87 78 115 107,simulation,db6,energy,89,50,50,0
W-NN,W-NN:k=3,2,1.0,0.04,0.104,74 117 73 116 118 113 115 77 114 82 119 72 75 76 80 147 71 106 107 109,74 117 73 116 118 113 115 77 114 82 119 72 75 76 80 147 71 106 107 109,simulation,db6,usage,89,50,50,0
W-QDA,W-QDA:qda,2,1.0,0.06,0.096,74 117 73 116 118 113 115 77 114 82 119 72 75 76 80 147 71 106 107 109,74 117 73 116 118 113 115 77 114 82 119 72 75 76 80 147 71 106 107 109,simulation,db6,usage,89,50,50,0
W-CART,W-CART:cart,21,3.0,0.02,0.142,73 116 118 74 117 115 75 76 78 119 71 72 83 82 84 109 114 147 148 70,74 117 73 116 118 113 115 77 114 82 119 72 75 76 80 147 71 106 107 109,simulation,db6,usage,89,50,50,0
ALL,W-CART:cart,21,3.0,0.02,0.142,73 116 118 74 117 115 75 76 78 119 71 72 83 82 84 109 114 147 148 70,74 117 73 116 118 113 115 77 114 82 119 72 75 76 80 147 71 106 107 109,simulation,db6,usage,89,50,50,0
W-NN,W-NN:k=1,10,,0.12,0.108,117 114 82 113 37 120 83 39 109 74 118 115 119 52 69 36 121 81 71 116,117 114 82 113 37 120 83 39 109 74 118 115 119 52 69 36 121 81 71 116,simulation,db6,energy,90,50,50,0
W-QDA,W-QDA:qda,7,,0.02,0.062,117 114 82 113 37 120 83 39 109 74 118 115 119 52 69 36 121 81 71 116,117 114 82 113 37 120 83 39 109 74 118 115 119 52 69 36 121 81 71 116,simulation,db6,energy,90,50,50,0
W-CART,W-CART:cart,57,,0.08,0.1,117 114 82 113 37 120 83 39 109 74 118 115 119 52 69 36 121 81 71 116,117 114 82 113 37 120 83 39 109 74 118 115 119 52 69 36 121 81 71 116,simulation,db6,energy,90,50,50,0
ALL,W-QDA:qda,7,,0.02,0.062,117 114 82 113 37 120 83 39 109 74 118 115 119 52 69 36 121 81 71 116,117 114 82 113 37 120 83 39 109 74 118 115 119 52 69 36 121 81 71 116,simulation,db6,energy,90,50,50,0
W-NN,W-NN:k=5,7,1.5,0.06,0.1,111 74 75 76 82 83 115 79 80 81 85 112 113 73 78 106 110 114 77 107,80 110 111 82 114 75 76 113 115 72 73 74 79 81 83 112 77 84 109 116,simulation,db6,usage,90,50,50,0
W-QDA,W-QDA:qda,13,3.0,0.02,0.06,74 113 75 111 71 73 77 81 82 107 114 72 86 115 117 118 83 85 108 112,80 110 111 82 114 75 76 113 115 72 73 74 79 81 83 112 77 84 109 116,simulation,db6,usage,90,50,50,0
W-CART,W-CART:cart,46,2.0,0.06,0.094,74 73 75 76 82 114 83 107 110 111 113 80 81 86 78 85 112 115 119 71,80 110 111 82 114 75 76 113 115 72 73 74 79 81 83 112 77 84 109 116,simulation,db6,usage,90,50,50,0
ALL,W-QDA:qda,13,3.0,0.02,0.06,74 113 75 111 71 73 77 81 82 107 114 72 86 115 117 118 83 85 108 112,80 110 111 82 114 75 76 113 115 72 73 74 79 81 83 112 77 84 109 116,simulation,db6,usage,90,50,50,0
W-NN,W-NN:k=15,1,,0.14,0.22,83 106 84 110 53 80 168 107 42 108 111 82 109 56 81 77 78 112 79 85,83 106 84 110 53 80 168 107 42 108 111 82 109 56 81 77 78 112 79 85,simulation,db6,energy,91,50,50,0
W-QDA,W-QDA:qda,3,,0.12,0.102,83 106 84 110 53 80 168 107 42 108 111 82 109 56 81 77 78 112 79 85,83 106 84 110 53 80 168 107 42 108 111 82 109 56 81 77 78 112 79 85,simulation,db6,energy,91,50,50,0
W-CART,W-CART:cart,37,,0.12,0.134,83 106 84 110 53 80 168 107 42 108 111 82 109 56 81 77 78 112 79 85,83 106 84 110 53 80 168 107 42 108 111 82 109 56 81 77 78 112 79 85,simulation,db6,energy,91,50,50,0
ALL,W-QDA:qda,3,,0.12,0.102,83 106 84 110 53 80 168 107 42 108 111 82 109 56 81 77 78 112 79 85,83 106 84 110 53 80 168 107 42 108 111 82 109 56 81 77 78 112 79 85,simulation,db6,energy,91,50,50,0
W-NN,W-NN:k=1,23,0.5,0.08,0.116,111 112 78 113 77 80 108 109 79 110 82 114 76 83 81 107 84 115 116 224,112 108 111 78 80 110 82 76 107 77 79 81 83 84 109 113 105 115 106 114,simulation,db6,usage,91,50,50,0
W-QDA,W-QDA:qda,6,3.0,0.14,0.142,111 81 109 78 84 106 110 82 105 107 112 116 80 108 73 79 83 117 74 75,112 108 111 78 80 110 82 76 107 77 79 81 83 84 109 113 105 115 106 114,simulation,db6,usage,91,50,50,0
W-CART,W-CART:cart,27,1.0,0.06,0.134,112 108 111 78 80 110 82 76 107 77 79 81 83 84 109 113 105 115 106 114,112 108 111 78 80 110 82 76 107 77 79 81 83 84 109 113 105 115 106 114,simulation,db6,usage,91,50,50,0
ALL,W-CART:cart,27,1.0,0.06,0.134,112 108 111 78 80 110 82 76 107 77 79 81 83 84 109 113 105 115 106 114,112 108 111 78 80 110 82 76 107 77 79 81 83 84 109 113 105 115 106 114,simulation,db6,usage,91,50,50,0
W-NN,W-NN:k=1,34,,0.12,0.116,113 78 87 81 80 75 118 79 74 77 104 83 86 72 108 112 114 119 110 116,113 78 87 81 80 75 118 79 74 77 104 83 86 72 108 112 114 119 110 116,simulation,db6,energy,92,50,50,0
W-QDA,W-QDA:qda,9,,0.04,0.032,113 78 87 81 80 75 118 79 74 77 104 83 86 72 108 112 114 119 110 116,113 78 87 81 80 75 118 79 74 77 104 83 86 72 108 112 114 119 110 116,simulation,db6,energy,92,50,50,0
W-CART,W-CART:cart,38,,0.14,0.188,113 78 87 81 80 75 118 79 74 77 104 83 86 72 108 112 114 119 110 116,113 78 87 81 80 75 118 79 74 77 104 83 86 72 108 112 114 119 110 116,simulation,db6,energy,92,50,50,0
ALL,W-QDA:qda,9,,0.04,0.032,113 78 87 81 80 75 118 79 74 77 104 83 86 72 108 112 114 119 110 116,113 78 87 81 80 75 118 79 74 77 104 83 86 72 108 112 114 119 110 116,simulation,db6,energy,92,50,50,0
W-NN,W-NN:k=5,22,3.0,0.08,0.184,79 76 80 113 77 81 82 83 112 114 110 115 86 106 108 78 84 107 111 117,110 76 79 77 113 75 81 112 78 82 114 80 83 111 115 116 109 84 108 74,simulation,db6,usage,92,50,50,0
W-QDA,W-QDA:qda,17,2.0,0.08,0.112,113 77 79 80 111 112 114 78 83 76 81 84 82 106 110 74 75 108 115 116,110 76 79 77 113 75 81 112 78 82 114 80 83 111 115 116 109 84 108 74,simulation,db6,usage,92,50,50,0
W-CART,W-CART:cart,14,2.0,0.08,0.174,113 77 79 80 111 112 114 78 83 76 81 84 82 106 110 74 75 108 115 116,110 76 79 77 113 75 81 112 78 82 114 80 83 111 115 116 109 84 108 74,simulation,db6,usage,92,50,50,0
ALL,W-CART:cart,14,2.0,0.08,0.174,113 77 79 80 111 112 114 78 83 76 81 84 82 106 110 74 75 108 115 116,110 76 79 77 113 75 81 112 78 82 114 80 83 111 115 116 109 84 108 74,simulation,db6,usage,92,50,50,0
W-NN,W-NN:k=1,4,,0.06,0.092,77 87 119 108 71 118 115 73 56 103 88 86 117 116 106 75 76 113 83 82,77 87 119 108 71 118 115 73 56 103 88 86 117 116 106 75 76 113 83 82,simulation,db6,energy,93,50,50,0
W-QDA,W-QDA:qda,11,,0.0,0.034,77 87 119 108 71 118 115 73 56 103 88 86 117 116 106 75 76 113 83 82,77 87 119 108 71 118 115 73 56 103 88 86 117 116 106 75 76 113 83 82,simulation,db6,energy,93,50,50,0
W-CART,W-CART:cart,50,,0.08,0.084,77 87 119 108 71 118 115 73 56 103 88 86 117 116 106 75 76 113 83 82,77 87 119 108 71 118 115 73 56 103 88 86 117 116 106 75 76 113 83 82,simulation,db6,energy,93,50,50,0
ALL,W-QDA:qda,11,,0.0,0.034,77 87 119 108 71 118 115 73 56 103 88 86 117 116 106 75 76 113 83 82,77 87 119 108 71 118 115 73 56 103 88 86 117 116 106 75 76 113 83 82,simulation,db6,energy,93,50,50,0
W-NN,W-NN:k=1,4,2.0,0.08,0.122,76 80 116 73 75 114 115 77 79 82 117 83 84 113 109 118 78 81 106 108,115 116 73 77 75 83 114 76 79 80 84 74 78 82 111 112 117 72 81 106,simulation,db6,usage,93,50,50,0
W-QDA,W-QDA:qda,4,2.0,0.1,0.074,76 80 116 73 75 114 115 77 79 82 117 83 84 113 109 118 78 81 106 108,115 116 73 77 75 83 114 76 79 80 84 74 78 82 111 112 117 72 81 106,simulation,db6,usage,93,50,50,0
W-CART,W-CART:cart,27,3.0,0.08,0.072,77 73 115 113 75 79 118 80 83 116 76 81 109 110 114 117 71 82 84 85,115 116 73 77 75 83 114 76 79 80 84 74 78 82 111 112 117 72 81 106,simulation,db6,usage,93,50,50,0
ALL,W-NN:k=1,4,2.0,0.08,0.122,76 80 116 73 75 114 115 77 79 82 117 83 84 113 109 118 78 81 106 108,115 116 73 77 75 83 114 76 79 80 84 74 78 82 111 112 117 72 81 106,simulation,db6,usage,93,50,50,0
W-NN,W-NN:k=5,2,,0.08,0.114,51 118 114 73 76 109 77 50 88 80 82 116 83 147 117 113 79 106 84 107,51 118 114 73 76 109 77 50 88 80 82 116 83 147 117 113 79 106 84 107,simulation,db6,energy,94,50,50,0
W-QDA,W-QDA:qda,4,,0.0,0.056,51 118 114 73 76 109 77 50 88 80 82 116 83 147 117 113 79 106 84 107,51 118 114 73 76 109 77 50 88 80 82 116 83 147 117 113 79 106 84 107,simulation,db6,energy,94,50,50,0
W-CART,W-CART:cart,2,,0.14,0.182,51 118 114 73 76 109 77 50 88 80 82 116 83 147 117 113 79 106 84 107,51 118 114 73 76 109 77 50 88 80 82 116 83 147 117 113 79 106 84 107,simulation,db6,energy,94,50,50,0
ALL,W-QDA:qda,4,,0.0,0.056,51 118 114 73 76 109 77 50 88 80 82 116 83 147 117 113 79 106 84 107,51 118 114 73 76 109 77 50 88 80 82 116 83 147 117 113 79 106 84 107,simulation,db6,energy,94,50,50,0
W-NN,W-NN:k=3,2,2.0,0.06,0.168,82 76 109 110 111 114 78 107 116 77 83 84 108 115 75 79 80 85 87 106,110 107 109 115 83 84 86 108 114 75 76 106 113 77 78 79 80 82 111 112,simulation,db6,usage,94,50,50,0
W-QDA,W-QDA:qda,7,1.5,0.02,0.102,110 114 115 76 78 82 106 107 108 109 75 80 83 111 112 77 79 84 116 86,110 107 109 115 83 84 86 108 114 75 76 106 113 77 78 79 80 82 111 112,simulation,db6,usage,94,50,50,0
W-CART,W-CART:cart,12,0.5,0.04,0.112,109 110 113 77 80 83 107 108 79 81 82 105 106 112 114 75 84 86 87 111,110 107 109 115 83 84 86 108 114 75 76 106 113 77 78 79 80 82 111 112,simulation,db6,usage,94,50,50,0
ALL,W-QDA:qda,7,1.5,0.02,0.102,110 114 115 76 78 82 106 107 108 109 75 80 83 111 112 77 79 84 116 86,110 107 109 115 83 84 86 108 114 75 76 106 113 77 78 79 80 82 111 112,simulation,db6,usage,94,50,50,0
W-NN,W-NN:k=1,5,,0.1,0.094,108 53 115 107 75 73 168 58 167 71 119 59 120 76 86 83 116 106 72 109,108 53 115 107 75 73 168 58 167 71 119 59 120 76 86 83 116 106 72 109,simulation,db6,energy,95,50,50,0
W-QDA,W-QDA:qda,9,,0.02,0.05,108 53 115 107 75 73 168 58 167 71 119 59 120 76 86 83 116 106 72 109,108 53 115 107 75 73 168 58 167 71 119 59 120 76 86 83 116 106 72 109,simulation,db6,energy,95,50,50,0
W-CART,W-CART:cart,5,,0.12,0.168,108 53 115 107 75 73 168 58 167 71 119 59 120 76 86 83 116 106 72 109,108 53 115 107 75 73 168 58 167 71 119 59 120 76 86 83 116 106 72 109,simulation,db6,energy,95,50,50,0
ALL,W-QDA:qda,9,,0.02,0.05,108 53 115 107 75 73 168 58 167 71 119 59 120 76 86 83 116 106 72 109,108 53 115 107 75 73 168 58 167 71 119 59 120 76 86 83 116 106 72 109,simulation,db6,energy,95,50,50,0
W-NN,W-NN:k=1,8,1.5,0.04,0.09,85 76 82 107 81 108 116 75 83 111 113 115 118 74 84 86 87 106 110 114,77 82 76 80 111 113 81 85 107 110 116 74 75 106 109 114 115 84 108 83,simulation,db6,usage,95,50,50,0
W-QDA,W-QDA:qda,9,3.0,0.02,0.084,75 76 85 86 111 74 84 107 83 87 106 113 116 119 81 108 117 120 80 115,77 82 76 80 111 113 81 85 107 110 116 74 75 106 109 114 115 84 108 83,simulation,db6,usage,95,50,50,0
W-CART,W-CART:cart,3,1.5,0.08,0.138,85 76 82 107 81 108 116 75 83 111 113 115 118 74 84 86 87 106 110 114,77 82 76 80 111 113 81 85 107 110 116 74 75 106 109 114 115 84 108 83,simulation,db6,usage,95,50,50,0
ALL,W-QDA:qda,9,3.0,0.02,0.084,75 76 85 86 111 74 84 107 83 87 106 113 116 119 81 108 117 120 80 115,77 82 76 80 111 113 81 85 107 110 116 74 75 106 109 114 115 84 108 83,simulation,db6,usage,95,50,50,0
W-NN,W-NN:k=1,28,,0.06,0.122,83 106 104 84 103 72 105 85 73 59 114 113 76 108 118 119 43 78 117 88,83 106 104 84 103 72 105 85 73 59 114 113 76 108 118 119 43 78 117 88,simulation,db6,energy,96,50,50,0
W-QDA,W-QDA:qda,17,,0.0,0.034,83 106 104 84 103 72 105 85 73 59 114 113 76 108 118 119 43 78 117 88,83 106 104 84 103 72 105 85 73 59 114 113 76 108 118 119 43 78 117 88,simulation,db6,energy,96,50,50,0
W-CART,W-CART:cart,29,,0.08,0.182,83 106 104 84 103 72 105 85 73 59 114 113 76 108 118 119 43 78 117 88,83 106 104 84 103 72 105 85 73 59 114 113 76 108 118 119 43 78 117 88,simulation,db6,energy,96,50,50,0
ALL,W-QDA:qda,17,,0.0,0.034,83 106 104 84 103 72 105 85 73 59 114 113 76 108 118 119 43 78 117 88,83 106 104 84 103 72 105 85 73 59 114 113 76 108 118 119 43 78 117 88,simulation,db6,energy,96,50,50,0
W-NN,W-NN:k=1,9,2.0,0.06,0.142,111 117 78 113 73 74 76 80 112 115 108 109 114 79 84 106 118 75 82 107,78 108 115 74 76 109 113 114 77 81 83 111 79 82 73 75 80 107 110 117,simulation,db6,usage,96,50,50,0
W-QDA,W-QDA:qda,4,1.0,0.02,0.082,78 108 115 74 76 109 113 114 77 81 83 111 79 82 73 75 80 107 110 117,78 108 115 74 76 109 113 114 77 81 83 111 79 82 73 75 80 107 110 117,simulation,db6,usage,96,50,50,0
W-CART,W-CART:cart,14,0.5,0.06,0.124,114 76 113 75 81 108 109 78 115 77 79 83 111 73 74 80 84 107 117 82,78 108 115 74 76 109 113 114 77 81 83 111 79 82 73 75 80 107 110 117,simulation,db6,usage,96,50,50,0
ALL,W-QDA:qda,4,1.0,0.02,0.082,78 108 115 74 76 109 113 114 77 81 83 111 79 82 73 75 80 107 110 117,78 108 115 74 76 109 113 114 77 81 83 111 79 82 73 75 80 107 110 117,simulation,db6,usage,96,50,50,0
W-NN,W-NN:k=9,5,,0.06,0.158,106 72 84 59 73 118 117 75 103 107 58 74 105 77 83 37 87 76 115 116,106 72 84 59 73 118 117 75 103 107 58 74 105 77 83 37 87 76 115 116,simulation,db6,energy,97,50,50,0
W-QDA,W-QDA:qda,3,,0.06,0.064,106 72 84 59 73 118 117 75 103 107 58 74 105 77 83 37 87 76 115 116,106 72 84 59 73 118 117 75 103 107 58 74 105 77 83 37 87 76 115 116,simulation,db6,energy,97,50,50,0
W-CART,W-CART:cart,32,,0.12,0.142,106 72 84 59 73 118 117 75 103 107 58 74 105 77 83 37 87 76 115 116,106 72 84 59 73 118 117 75 103 107 58 74 105 77 83 37 87 76 115 116,simulation,db6,energy,97,50,50,0
ALL,W-QDA:qda,3,,0.06,0.064,106 72 84 59 73 118 117 75 103 107 58 74 105 77 83 37 87 76 115 116,106 72 84 59 73 118 117 75 103 107 58 74 105 77 83 37 87 76 115 116,simulation,db6,energy,97,50,50,0
W-NN,W-NN:k=1,3,3.0,0.12,0.116,75 117 74 76 77 116 118 73 78 72 111 112 115 84 113 79 119 120 80 71,112 77 75 78 79 116 111 113 72 73 76 115 74 114 117 80 118 81 110 119,simulation,db6,usage,97,50,50,0
W-QDA,W-QDA:qda,6,1.5,0.1,0.12,75 77 78 112 116 117 72 76 73 74 111 115 118 79 110 113 114 119 80 81,112 77 75 78 79 116 111 113 72 73 76 115 74 114 117 80 118 81 110 119,simulation,db6,usage,97,50,50,0
W-CART,W-CART:cart,7,1.5,0.1,0.13,75 77 78 112 116 117 72 76 73 74 111 115 118 79 110 113 114 119 80 81,112 77 75 78 79 116 111 113 72 73 76 115 74 114 117 80 118 81 110 119,simulation,db6,usage,97,50,50,0
ALL,W-QDA:qda,6,1.5,0.1,0.12,75 77 78 112 116 117 72 76 73 74 111 115 118 79 110 113 114 119 80 81,112 77 75 78 79 116 111 113 72 73 76 115 74 114 117 80 118 81 110 119,simulation,db6,usage,97,50,50,0
W-NN,W-NN:k=9,4,,0.04,0.15,83 38 112 118 79 120 80 39 72 115 121 106 111 119 37 56 73 117 114 77,83 38 112 118 79 120 80 39 72 115 121 106 111 119 37 56 73 117 114 77,simulation,db6,energy,98,50,50,0
W-QDA,W-QDA:qda,9,,0.0,0.062,83 38 112 118 79 120 80 39 72 115 121 106 111 119 37 56 73 117 114 77,83 38 112 118 79 120 80 39 72 115 121 106 111 119 37 56 73 117 114 77,simulation,db6,energy,98,50,50,0
W-CART,W-CART:cart,29,,0.02,0.134,83 38 112 118 79 120 80 39 72 115 121 106 111 119 37 56 73 117 114 77,83 38 112 118 79 120 80 39 72 115 121 106 111 119 37 56 73 117 114 77,simulation,db6,energy,98,50,50,0
ALL,W-QDA:qda,9,,0.0,0.062,83 38 112 118 79 120 80 39 72 115 121 106 111 119 37 56 73 117 114 77,83 38 112 118 79 120 80 39 72 115 121 106 111 119 37 56 73 117 114 77,simulation,db6,energy,98,50,50,0
W-NN,W-NN:k=1,5,1.5,0.02,0.146,113 115 75 108 114 74 80 82 112 76 77 116 78 83 109 117 73 79 81 84,112 115 75 113 114 116 74 76 108 77 78 80 81 82 110 117 109 111 72 83,simulation,db6,usage,98,50,50,0
W-QDA,W-QDA:qda,8,3.0,0.0,0.082,79 73 108 80 112 114 118 72 74 81 82 84 106 113 115 117 75 78 105 107,112 115 75 113 114 116 74 76 108 77 78 80 81 82 110 117 109 111 72 83,simulation,db6,usage,98,50,50,0
W-CART,W-CART:cart,21,3.0,0.02,0.116,79 73 108 80 112 114 118 72 74 81 82 84 106 113 115 117 75 78 105 107,112 115 75 113 114 116 74 76 108 77 78 80 81 82 110 117 109 111 72 83,simulation,db6,usage,98,50,50,0
ALL,W-QDA:qda,8,3.0,0.0,0.082,79 73 108 80 112 114 118 72 74 81 82 84 106 113 115 117 75 78 105 107,112 115 75 113 114 116 74 76 108 77 78 80 81 82 110 117 109 111 72 83,simulation,db6,usage,98,50,50,0
W-NN,W-NN:k=1,2,,0.08,0.116,71 119 240 120 142 73 121 72 241 70 77 80 112 117 111 115 82 114 75 69,71 119 240 120 142 73 121 72 241 70 77 80 112 117 111 115 82 114 75 69,simulation,db6,energy,99,50,50,0
W-QDA,W-QDA:qda,3,,0.06,0.076,71 119 240 120 142 73 121 72 241 70 77 80 112 117 111 115 82 114 75 69,71 119 240 120 142 73 121 72 241 70 77 80 112 117 111 115 82 114 75 69,simulation,db6,energy,99,50,50,0
W-CART,W-CART:cart,2,,0.1,0.114,71 119 240 120 142 73 121 72 241 70 77 80 112 117 111 115 82 114 75 69,71 119 240 120 142 73 121 72 241 70 77 80 112 117 111 115 82 114 75 69,simulation,db6,energy,99,50,50,0
ALL,W-QDA:qda,3,,0.06,0.076,71 119 240 120 142 73 121 72 241 70 77 80 112 117 111 115 82 114 75 69,71 119 240 120 142 73 121 72 241 70 77 80 112 117 111 115 82 114 75 69,simulation,db6,energy,99,50,50,0
W-NN,W-NN:k=1,55,2.0,0.04,0.166,80 79 74 118 75 81 114 76 78 110 112 113 115 119 72 73 109 111 71 82,78 79 80 111 76 118 74 75 81 109 112 113 114 119 72 73 77 115 117 110,simulation,db6,usage,99,50,50,0
W-QDA,W-QDA:qda,4,2.0,0.08,0.088,80 79 74 118 75 81 114 76 78 110 112 113 115 119 72 73 109 111 71 82,78 79 80 111 76 118 74 75 81 109 112 113 114 119 72 73 77 115 117 110,simulation,db6,usage,99,50,50,0
W-CART,W-CART:cart,30,1.5,0.06,0.11,80 75 79 74 78 81 76 110 114 118 119 111 112 113 73 82 109 72 107 115,78 79 80 111 76 118 74 75 81 109 112 113 114 119 72 73 77 115 117 110,simulation,db6,usage,99,50,50,0
ALL,W-NN:k=1,55,2.0,0.04,0.166,80 79 74 118 75 81 114 76 78 110 112 113 115 119 72 73 109 111 71 82,78 79 80 111 76 118 74 75 81 109 112 113 114 119 72 73 77 115 117 110,simulation,db6,usage,99,50,50,0
W-NN,W-NN:k=3,2,,0.12,0.106,88 72 114 78 79 111 81 36 103 113 112 76 116 118 115 110 80 75 77 117,88 72 114 78 79 111 81 36 103 113 112 76 116 118 115 110 80 75 77 117,simulation,db8,energy,0,50,50,0
W-QDA,W-QDA:qda,5,,0.1,0.082,88 72 114 78 79 111 81 36 103 113 112 76 116 118 115 110 80 75 77 117,88 72 114 78 79 111 81 36 103 113 112 76 116 118 115 110 80 75 77 117,simulation,db8,energy,0,50,50,0
W-CART,W-CART:cart,13,,0.08,0.11,88 72 114 78 79 111 81 36 103 113 112 76 116 118 115 110 80 75 77 117,88 72 114 78 79 111 81 36 103 113 112 76 116 118 115 110 80 75 77 117,simulation,db8,energy,0,50,50,0
ALL,W-CART:cart,13,,0.08,0.11,88 72 114 78 79 111 81 36 103 113 112 76 116 118 115 110 80 75 77 117,88 72 114 78 79 111 81 36 103 113 112 76 116 118 115 110 80 75 77 117,simulation,db8,energy,0,50,50,0
W-NN,W-NN:k=1,15,1.0,0.08,0.164,114 76 110 78 111 77 79 113 74 81 80 112 75 82 109 115 116 117 108 73,114 76 110 78 111 77 79 113 74 81 80 112 75 82 109 115 116 117 108 73,simulation,db8,usage,0,50,50,0
W-QDA,W-QDA:qda,7,2.0,0.16,0.222,114 76 77 78 113 79 115 112 81 111 75 72 73 74 80 108 109 110 116 83,114 76 110 78 111 77 79 113 74 81 80 112 75 82 109 115 116 117 108 73,simulation,db8,usage,0,50,50,0
W-CART,W-CART:cart,20,1.0,0.1,0.1,114 76 110 78 111 77 79 113 74 81 80 112 75 82 109 115 116 117 108 73,114 76 110 78 111 77 79 113 74 81 80 112 75 82 109 115 116 117 108 73,simulation,db8,usage,0,50,50,0
ALL,W-NN:k=1,15,1.0,0.08,0.164,114 76 110 78 111 77 79 113 74 81 80 112 75 82 109 115 116 117 108 73,114 76 110 78 111 77 79 113 74 81 80 112 75 82 109 115 116 117 108 73,simulation,db8,usage,0,50,50,0
W-NN,W-NN:k=1,23,,0.12,0.168,113 78 111 109 114 77 80 86 115 75 79 112 76 74 108 107 81 82 231 232,113 78 111 109 114 77 80 86 115 75 79 112 76 74 108 107 81 82 231 232,simulation,db8,energy,1,50,50,0
W-QDA,W-QDA:qda,8,,0.14,0.076,113 78 111 109 114 77 80 86 115 75 79 112 76 74 108 107 81 82 231 232,113 78 111 109 114 77 80 86 115 75 79 112 76 74 108 107 81 82 231 232,simulation,db8,energy,1,50,50,0
W-CART,W-CART:cart,23,,0.04,0.104,113 78 111 109 114 77 80 86 115 75 79 112 76 74 108 107 81 82 231 232,113 78 111 109 114 77 80 86 115 75 79 112 76 74 108 107 81 82 231 232,simulation,db8,energy,1,50,50,0
ALL,W-CART:cart,23,,0.04,0.104,113 78 111 109 114 77 80 86 115 75 79 112 76 74 108 107 81 82 231 232,113 78 111 109 114 77 80 86 115 75 79 112 76 74 108 107 81 82 231 232,simulation,db8,energy,1,50,50,0
W-NN,W-NN:k=1,28,3.0,0.1,0.16,113 77 78 112 111 115 75 80 79 81 114 76 109 73 110 116 74 117 83 85,113 78 112 77 111 114 75 81 76 109 73 79 80 115 84 83 110 74 108 116,simulation,db8,usage,1,50,50,0
W-QDA,W-QDA:qda,13,0.5,0.14,0.132,78 113 77 114 81 111 112 76 80 84 109 79 82 110 75 74 108 115 116 73,113 78 112 77 111 114 75 81 76 109 73 79 80 115 84 83 110 74 108 116,simulation,db8,usage,1,50,50,0
W-CART,W-CART:cart,23,3.0,0.02,0.114,113 77 78 112 111 115 75 80 79 81 114 76 109 73 110 116 74 117 83 85,113 78 112 77 111 114 75 81 76 109 73 79 80 115 84 83 110 74 108 116,simulation,db8,usage,1,50,50,0
ALL,W-CART:cart,23,3.0,0.02,0.114,113 77 78 112 111 115 75 80 79 81 114 76 109 73 110 116 74 117 83 85,113 78 112 77 111 114 75 81 76 109 73 79 80 115 84 83 110 74 108 116,simulation,db8,usage,1,50,50,0
W-NN,W-NN:k=5,1,,0.08,0.144,119 84 72 106 110 109 116 76 107 114 118 40 73 120 83 77 78 81 80 115,119 84 72 106 110 109 116 76 107 114 118 40 73 120 83 77 78 81 80 115,simulation,db8,energy,2,50,50,0
W-QDA,W-QDA:qda,8,,0.02,0.036,119 84 72 106 110 109 116 76 107 114 118 40 73 120 83 77 78 81 80 115,119 84 72 106 110 109 116 76 107 114 118 40 73 120 83 77 78 81 80 115,simulation,db8,energy,2,50,50,0
W-CART,W-CART:cart,27,,0.08,0.11,119 84 72 106 110 109 116 76 107 114 118 40 73 120 83 77 78 81 80 115,119 84 72 106 110 109 116 76 107 114 118 40 73 120 83 77 78 81 80 115,simulation,db8,energy,2,50,50,0
ALL,W-QDA:qda,8,,0.02,0.036,119 84 72 106 110 109 116 76 107 114 118 40 73 120 83 77 78 81 80 115,119 84 72 106 110 109 116 76 107 114 118 40 73 120 83 77 78 81 80 115,simulation,db8,energy,2,50,50,0
W-NN,W-NN:k=3,7,1.0,0.1,0.138,75 80 109 113 77 78 82 83 112 115 74 79 110 116 117 76 107 81 114 84,75 80 109 113 77 78 82 83 112 115 74 79 110 116 117 76 107 81 114 84,simulation,db8,usage,2,50,50,0
W-QDA,W-QDA:qda,11,2.0,0.0,0.046,109 77 113 116 80 114 74 79 83 110 75 81 82 84 107 112 118 72 76 78,75 80 109 113 77 78 82 83 112 115 74 79 110 116 117 76 107 81 114 84,simulation,db8,usage,2,50,50,0
W-CART,W-CART:cart,7,0.5,0.08,0.124,114 75 109 110 74 77 115 116 76 80 81 82 83 112 78 79 113 117 111 73,75 80 109 113 77 78 82 83 112 115 74 79 110 116 117 76 107 81 114 84,simulation,db8,usage,2,50,50,0
ALL,W-QDA:qda,11,2.0,0.0,0.046,109 77 113 116 80 114 74 79 83 110 75 81 82 84 107 112 118 72 76 78,75 80 109 113 77 78 82 83 112 115 74 79 110 116 117 76 107 81 114 84,simulation,db8,usage,2,50,50,0
W-NN,W-NN:k=1,7,,0.06,0.144,79 74 118 85 86 87 107 84 104 105 82 77 116 76 81 36 83 108 110 113,79 74 118 85 86 87 107 84 104 105 82 77 116 76 81 36 83 108 110 113,simulation,db8,energy,3,50,50,0
W-QDA,W-QDA:qda,4,,0.0,0.084,79 74 118 85 86 87 107 84 104 105 82 77 116 76 81 36 83 108 110 113,79 74 118 85 86 87 107 84 104 105 82 77 116 76 81 36 83 108 110 113,simulation,db8,energy,3,50,50,0
W-CART,W-CART:cart,28,,0.1,0.13,79 74 118 85 86 87 107 84 104 105 82 77 116 76 81 36 83 108 110 113,79 74 118 85 86 87 107 84 104 105 82 77 116 76 81 36 83 108 110 113,simulation,db8,energy,3,50,50,0
ALL,W-QDA:qda,4,,0.0,0.084,79 74 118 85 86 87 107 84 104 105 82 77 116 76 81 36 83 108 110 113,79 74 118 85 86 87 107 84 104 105 82 77 116 76 81 36 83 108 110 113,simulation,db8,energy,3,50,50,0
W-NN,W-NN:k=7,11,3.0,0.04,0.112,81 110 76 82 85 113 115 77 83 84 105 114 74 75 108 106 107 109 80 111,112 113 81 84 107 110 82 85 79 108 109 77 80 83 76 78 104 111 75 86,simulation,db8,usage,3,50,50,0
W-QDA,W-QDA:qda,4,2.0,0.0,0.096,81 108 113 85 110 107 115 75 82 76 77 84 109 114 74 79 83 104 105 112,112 113 81 84 107 110 82 85 79 108 109 77 80 83 76 78 104 111 75 86,simulation,db8,usage,3,50,50,0
W-CART,W-CART:cart,4,2.0,0.04,0.174,81 108 113 85 110 107 115 75 82 76 77 84 109 114 74 79 83 104 105 112,112 113 81 84 107 110 82 85 79 108 109 77 80 83 76 78 104 111 75 86,simulation,db8,usage,3,50,50,0
ALL,W-QDA:qda,4,2.0,0.0,0.096,81 108 113 85 110 107 115 75 82 76 77 84 109 114 74 79 83 104 105 112,112 113 81 84 107 110 82 85 79 108 109 77 80 83 76 78 104 111 75 86,simulation,db8,usage,3,50,50,0
W-NN,W-NN:k=1,4,,0.02,0.14,86 39 112 107 110 80 82 115 57 38 58 75 83 51 79 76 74 37 72 84,86 39 112 107 110 80 82 115 57 38 58 75 83 51 79 76 74 37 72 84,simulation,db8,energy,4,50,50,0
W-QDA,W-QDA:qda,17,,0.0,0.042,86 39 112 107 110 80 82 115 57 38 58 75 83 51 79 76 74 37 72 84,86 39 112 107 110 80 82 115 57 38 58 75 83 51 79 76 74 37 72 84,simulation,db8,energy,4,50,50,0
W-CART,W-CART:cart,21,,0.04,0.12,86 39 112 107 110 80 82 115 57 38 58 75 83 51 79 76 74 37 72 84,86 39 112 107 110 80 82 115 57 38 58 75 83 51 79 76 74 37 72 84,simulation,db8,energy,4,50,50,0
ALL,W-QDA:qda,17,,0.0,0.042,86 39 112 107 110 80 82 115 57 38 58 75 83 51 79 76 74 37 72 84,86 39 112 107 110 80 82 115 57 38 58 75 83 51 79 76 74 37 72 84,simulation,db8,energy,4,50,50,0
W-NN,W-NN:k=1,7,2.0,0.04,0.112,77 79 72 76 81 107 114 115 78 80 82 116 75 110 73 74 106 111 112 84,79 80 112 78 114 111 113 115 76 77 82 81 83 107 109 116 73 75 110 106,simulation,db8,usage,4,50,50,0
W-QDA,W-QDA:qda,10,2.0,0.0,0.058,77 79 72 76 81 107 114 115 78 80 82 116 75 110 73 74 106 111 112 84,79 80 112 78 114 111 113 115 76 77 82 81 83 107 109 116 73 75 110 106,simulation,db8,usage,4,50,50,0
W-CART,W-CART:cart,22,2.0,0.02,0.118,77 79 72 76 81 107 114 115 78 80 82 116 75 110 73 74 106 111 112 84,79 80 112 78 114 111 113 115 76 77 82 81 83 107 109 116 73 75 110 106,simulation,db8,usage,4,50,50,0
ALL,W-QDA:qda,10,2.0,0.0,0.058,77 79 72 76 81 107 114 115 78 80 82 116 75 110 73 74 106 111 112 84,79 80 112 78 114 111 113 115 76 77 82 81 83 107 109 116 73 75 110 106,simulation,db8,usage,4,50,50,0
W-NN,W-NN:k=1,7,,0.02,0.144,79 78 105 108 109 86 104 112 111 81 84 80 73 119 107 210 165 115 82 118,79 78 105 108 109 86 104 112 111 81 84 80 73 119 107 210 165 115 82 118,simulation,db8,energy,5,50,50,0
W-QDA,W-QDA:qda,23,,0.04,0.1,79 78 105 108 109 86 104 112 111 81 84 80 73 119 107 210 165 115 82 118,79 78 105 108 109 86 104 112 111 81 84 80 73 119 107 210 165 115 82 118,simulation,db8,energy,5,50,50,0
W-CART,W-CART:cart,7,,0.08,0.13,79 78 105 108 109 86 104 112 111 81 84 80 73 119 107 210 165 115 82 118,79 78 105 108 109 86 104 112 111 81 84 80 73 119 107 210 165 115 82 118,simulation,db8,energy,5,50,50,0
ALL,W-NN:k=1,7,,0.02,0.144,79 78 105 108 109 86 104 112 111 81 84 80 73 119 107 210 165 115 82 118,79 78 105 108 109 86 104 112 111 81 84 80 73 119 107 210 165 115 82 118,simulation,db8,energy,5,50,50,0
W-NN,W-NN:k=1,11,3.0,0.02,0.114,73 117 76 109 116 75 78 82 72 74 83 84 111 113 115 118 77 80 112 81,75 81 109 116 77 78 82 84 110 115 117 80 83 106 118 73 76 79 108 74,simulation,db8,usage,5,50,50,0
W-QDA,W-QDA:qda,1,3.0,0.02,0.116,73 117 76 109 116 75 78 82 72 74 83 84 111 113 115 118 77 80 112 81,75 81 109 116 77 78 82 84 110 115 117 80 83 106 118 73 76 79 108 74,simulation,db8,usage,5,50,50,0
W-CART,W-CART:cart,7,3.0,0.02,0.094,73 117 76 109 116 75 78 82 72 74 83 84 111 113 115 118 77 80 112 81,75 81 109 116 77 78 82 84 110 115 117 80 83 106 118 73 76 79 108 74,simulation,db8,usage,5,50,50,0
ALL,W-QDA:qda,1,3.0,0.02,0.116,73 117 76 109 116 75 78 82 72 74 83 84 111 113 115 118 77 80 112 81,75 81 109 116 77 78 82 84 110 115 117 80 83 106 118 73 76 79 108 74,simulation,db8,usage,5,50,50,0
W-NN,W-NN:k=1,2,,0.12,0.172,105 81 85 82 42 108 80 77 41 83 113 78 52 104 84 110 109 86 107 103,105 81 85 82 42 108 80 77 41 83 113 78 52 104 84 110 109 86 107 103,simulation,db8,energy,6,50,50,0
W-QDA,W-QDA:qda,11,,0.06,0.094,105 81 85 82 42 108 80 77 41 83 113 78 52 104 84 110 109 86 107 103,105 81 85 82 42 108 80 77 41 83 113 78 52 104 84 110 109 86 107 103,simulation,db8,energy,6,50,50,0
W-CART,W-CART:cart,3,,0.1,0.092,105 81 85 82 42 108 80 77 41 83 113 78 52 104 84 110 109 86 107 103,105 81 85 82 42 108 80 77 41 83 113 78 52 104 84 110 109 86 107 103,simulation,db8,energy,6,50,50,0
ALL,W-QDA:qda,11,,0.06,0.094,105 81 85 82 42 108 80 77 41 83 113 78 52 104 84 110 109 86 107 103,105 81 85 82 42 108 80 77 41 83 113 78 52 104 84 110 109 86 107 103,simulation,db8,energy,6,50,50,0
W-NN,W-NN:k=1,2,3.0,0.1,0.142,84 85 108 109 81 83 105 106 82 86 112 80 107 78 79 104 111 77 88 113,82 106 107 109 80 83 84 108 81 105 110 85 86 111 78 112 79 87 104 113,simulation,db8,usage,6,50,50,0
W-QDA,W-QDA:qda,2,3.0,0.12,0.084,84 85 108 109 81 83 105 106 82 86 112 80 107 78 79 104 111 77 88 113,82 106 107 109 80 83 84 108 81 105 110 85 86 111 78 112 79 87 104 113,simulation,db8,usage,6,50,50,0
W-CART,W-CART:cart,18,1.5,0.08,0.09,107 82 83 81 84 109 80 108 85 105 106 111 112 78 86 87 110 79 104 113,82 106 107 109 80 83 84 108 81 105 110 85 86 111 78 112 79 87 104 113,simulation,db8,usage,6,50,50,0
ALL,W-CART:cart,18,1.5,0.08,0.09,107 82 83 81 84 109 80 108 85 105 106 111 112 78 86 87 110 79 104 113,82 106 107 109 80 83 84 108 81 105 110 85 86 111 78 112 79 87 104 113,simulation,db8,usage,6,50,50,0
W-NN,W-NN:k=3,19,,0.06,0.064,115 104 173 75 72 152 35 109 59 86 88 76 71 57 118 58 83 84 231 81,115 104 173 75 72 152 35 109 59 86 88 76 71 57 118 58 83 84 231 81,simulation,db8,energy,7,50,50,0
W-QDA,W-QDA:qda,5,,0.02,0.044,115 104 173 75 72 152 35 109 59 86 88 76 71 57 118 58 83 84 231 81,115 104 173 75 72 152 35 109 59 86 88 76 71 57 118 58 83 84 231 81,simulation,db8,energy,7,50,50,0
W-CART,W-CART:cart,2,,0.06,0.166,115 104 173 75 72 152 35 109 59 86 88 76 71 57 118 58 83 84 231 81,115 104 173 75 72 152 35 109 59 86 88 76 71 57 118 58 83 84 231 81,simulation,db8,energy,7,50,50,0
ALL,W-QDA:qda,5,,0.02,0.044,115 104 173 75 72 152 35 109 59 86 88 76 71 57 118 58 83 84 231 81,115 104 173 75 72 152 35 109 59 86 88 76 71 57 118 58 83 84 231 81,simulation,db8,energy,7,50,50,0
W-NN,W-NN:k=3,9,0.5,0.1,0.152,112 81 80 111 78 79 82 108 85 107 115 116 109 113 114 75 77 83 106 110,111 116 79 107 112 115 78 83 106 77 81 82 108 117 73 84 85 110 114 76,simulation,db8,usage,7,50,50,0
W-QDA,W-QDA:qda,14,3.0,0.02,0.04,83 115 112 73 84 106 108 114 82 105 110 118 72 74 75 81 104 107 111 116,111 116 79 107 112 115 78 83 106 77 81 82 108 117 73 84 85 110 114 76,simulation,db8,usage,7,50,50,0
W-CART,W-CART:cart,19,0.5,0.1,0.15,112 81 80 111 78 79 82 108 85 107 115 116 109 113 114 75 77 83 106 110,111 116 79 107 112 115 78 83 106 77 81 82 108 117 73 84 85 110 114 76,simulation,db8,usage,7,50,50,0
ALL,W-QDA:qda,14,3.0,0.02,0.04,83 115 112 73 84 106 108 114 82 105 110 118 72 74 75 81 104 107 111 116,111 116 79 107 112 115 78 83 106 77 81 82 108 117 73 84 85 110 114 76,simulation,db8,usage,7,50,50,0
W-NN,W-NN:k=1,3,,0.06,0.102,104 87 119 79 81 78 77 105 111 86 114 75 76 115 116 109 74 83 37 80,104 87 119 79 81 78 77 105 111 86 114 75 76 115 116 109 74 83 37 80,simulation,db8,energy,8,50,50,0
W-QDA,W-QDA:qda,5,,0.02,0.072,104 87 119 79 81 78 77 105 111 86 114 75 76 115 116 109 74 83 37 80,104 87 119 79 81 78 77 105 111 86 114 75 76 115 116 109 74 83 37 80,simulation,db8,energy,8,50,50,0
W-CART,W-CART:cart,1,,0.1,0.142,104 87 119 79 81 78 77 105 111 86 114 75 76 115 116 109 74 83 37 80,104 87 119 79 81 78 77 105 111 86 114 75 76 115 116 109 74 83 37 80,simulation,db8,energy,8,50,50,0
ALL,W-QDA:qda,5,,0.02,0.072,104 87 119 79 81 78 77 105 111 86 114 75 76 115 116 109 74 83 37 80,104 87 119 79 81 78 77 105 111 86 114 75 76 115 116 109 74 83 37 80,simulation,db8,energy,8,50,50,0
W-NN,W-NN:k=7,41,0.5,0.12,0.214,77 78 74 110 75 79 80 113 115 112 111 114 76 81 116 82 109 108 107 117,77 115 112 113 80 76 79 110 111 114 78 75 109 82 74 116 81 83 107 108,simulation,db8,usage,8,50,50,0
W-QDA,W-QDA:qda,8,2.0,0.08,0.09,77 114 79 115 113 74 81 73 75 76 80 78 110 111 83 108 109 112 82 117,77 115 112 113 80 76 79 110 111 114 78 75 109 82 74 116 81 83 107 108,simulation,db8,usage,8,50,50,0
W-CART,W-CART:cart,15,3.0,0.06,0.16,78 115 77 79 80 113 74 75 81 111 114 73 76 109 110 112 118 116 117 83,77 115 112 113 80 76 79 110 111 114 78 75 109 82 74 116 81 83 107 108,simulation,db8,usage,8,50,50,0
ALL,W-CART:cart,15,3.0,0.06,0.16,78 115 77 79 80 113 74 75 81 111 114 73 76 109 110 112 118 116 117 83,77 115 112 113 80 76 79 110 111 114 78 75 109 82 74 116 81 83 107 108,simulation,db8,usage,8,50,50,0
W-NN,W-NN:k=1,13,,0.12,0.218,111 80 78 112 110 79 114 77 39 81 113 223 72 115 224 108 82 109 73 116,111 80 78 112 110 79 114 77 39 81 113 223 72 115 224 108 82 109 73 116,simulation,db8,energy,9,50,50,0
W-QDA,W-QDA:qda,13,,0.12,0.166,111 80 78 112 110 79 114 77 39 81 113 223 72 115 224 108 82 109 73 116,111 80 78 112 110 79 114 77 39 81 113 223 72 115 224 108 82 109 73 116,simulation,db8,energy,9,50,50,0
W-CART,W-CART:cart,41,,0.08,0.148,111 80 78 112 110 79 114 77 39 81 113 223 72 115 224 108 82 109 73 116,111 80 78 112 110 79 114 77 39 81 113 223 72 115 224 108 82 109 73 116,simulation,db8,energy,9,50,50,0
ALL,W-CART:cart,41,,0.08,0.148,111 80 78 112 110 79 114 77 39 81 113 223 72 115 224 108 82 109 73 116,111 80 78 112 110 79 114 77 39 81 113 223 72 115 224 108 82 109 73 116,simulation,db8,energy,9,50,50,0
W-NN,W-NN:k=1,16,3.0,0.1,0.186,78 114 77 112 111 113 79 80 110 115 75 81 82 108 109 117 74 76 106 107,79 81 77 78 80 112 76 109 111 113 114 110 74 108 115 75 82 116 117 83,simulation,db8,usage,9,50,50,0
W-QDA,W-QDA:qda,13,1.5,0.06,0.124,78 77 81 79 80 112 111 113 114 109 110 116 117 82 74 76 107 75 108 118,79 81 77 78 80 112 76 109 111 113 114 110 74 108 115 75 82 116 117 83,simulation,db8,usage,9,50,50,0
W-CART,W-CART:cart,21,3.0,0.08,0.15,78 114 77 112 111 113 79 80 110 115 75 81 82 108 109 117 74 76 106 107,79 81 77 78 80 112 76 109 111 113 114 110 74 108 115 75 82 116 117 83,simulation,db8,usage,9,50,50,0
ALL,W-QDA:qda,13,1.5,0.06,0.124,78 77 81 79 80 112 111 113 114 109 110 116 117 82 74 76 107 75 108 118,79 81 77 78 80 112 76 109 111 113 114 110 74 108 115 75 82 116 117 83,simulation,db8,usage,9,50,50,0
W-NN,W-NN:k=1,28,,0.06,0.116,74 116 108 51 57 110 82 72 50 43 109 106 107 105 104 83 42 86 40 119,74 116 108 51 57 110 82 72 50 43 109 106 107 105 104 83 42 86 40 119,simulation,db8,energy,10,50,50,0
W-QDA,W-QDA:qda,6,,0.0,0.084,74 116 108 51 57 110 82 72 50 43 109 106 107 105 104 83 42 86 40 119,74 116 108 51 57 110 82 72 50 43 109 106 107 105 104 83 42 86 40 119,simulation,db8,energy,10,50,50,0
W-CART,W-CART:cart,1,,0.14,0.178,74 116 108 51 57 110 82 72 50 43 109 106 107 105 104 83 42 86 40 119,74 116 108 51 57 110 82 72 50 43 109 106 107 105 104 83 42 86 40 119,simulation,db8,energy,10,50,50,0
ALL,W-QDA:qda,6,,0.0,0.084,74 116 108 51 57 110 82 72 50 43 109 106 107 105 104 83 42 86 40 119,74 116 108 51 57 110 82 72 50 43 109 106 107 105 104 83 42 86 40 119,simulation,db8,energy,10,50,50,0
W-NN,W-NN:k=3,37,2.0,0.04,0.186,83 105 106 108 84 111 109 80 110 115 82 85 114 74 78 79 81 86 107 113,109 84 110 111 81 108 104 105 114 76 77 80 83 78 82 107 113 115 106 116,simulation,db8,usage,10,50,50,0
W-QDA,W-QDA:qda,2,2.0,0.04,0.116,83 105 106 108 84 111 109 80 110 115 82 85 114 74 78 79 81 86 107 113,109 84 110 111 81 108 104 105 114 76 77 80 83 78 82 107 113 115 106 116,simulation,db8,usage,10,50,50,0
W-CART,W-CART:cart,13,1.5,0.08,0.142,109 83 105 111 81 106 110 82 84 108 114 80 88 104 107 85 115 75 76 78,109 84 110 111 81 108 104 105 114 76 77 80 83 78 82 107 113 115 106 116,simulation,db8,usage,10,50,50,0
ALL,W-QDA:qda,2,2.0,0.04,0.116,83 105 106 108 84 111 109 80 110 115 82 85 114 74 78 79 81 86 107 113,109 84 110 111 81 108 104 105 114 76 77 80 83 78 82 107 113 115 106 116,simulation,db8,usage,10,50,50,0
W-NN,W-NN:k=1,3,,0.04,0.124,118 82 73 72 108 117 107 75 114 115 119 84 83 38 112 71 113 109 88 86,118 82 73 72 108 117 107 75 114 115 119 84 83 38 112 71 113 109 88 86,simulation,db8,energy,11,50,50,0
W-QDA,W-QDA:qda,12,,0.02,0.058,118 82 73 72 108 117 107 75 114 115 119 84 83 38 112 71 113 109 88 86,118 82 73 72 108 117 107 75 114 115 119 84 83 38 112 71 113 109 88 86,simulation,db8,energy,11,50,50,0
W-CART,W-CART:cart,3,,0.06,0.09,118 82 73 72 108 117 107 75 114 115 119 84 83 38 112 71 113 109 88 86,118 82 73 72 108 117 107 75 114 115 119 84 83 38 112 71 113 109 88 86,simulation,db8,energy,11,50,50,0
ALL,W-QDA:qda,12,,0.02,0.058,118 82 73 72 108 117 107 75 114 115 119 84 83 38 112 71 113 109 88 86,118 82 73 72 108 117 107 75 114 115 119 84 83 38 112 71 113 109 88 86,simulation,db8,energy,11,50,50,0
W-NN,W-NN:k=1,11,1.0,0.08,0.164,77 76 112 115 114 80 82 81 83 108 113 75 79 107 109 78 111 105 106 116,77 76 112 115 114 80 82 81 83 108 113 75 79 107 109 78 111 105 106 116,simulation,db8,usage,11,50,50,0
W-QDA,W-QDA:qda,3,3.0,0.1,0.14,115 114 75 112 116 117 78 107 113 108 118 73 83 111 74 77 76 79 80 82,77 76 112 115 114 80 82 81 83 108 113 75 79 107 109 78 111 105 106 116,simulation,db8,usage,11,50,50,0
W-CART,W-CART:cart,23,3.0,0.06,0.128,115 114 75 112 116 117 78 107 113 108 118 73 83 111 74 77 76 79 80 82,77 76 112 115 114 80 82 81 83 108 113 75 79 107 109 78 111 105 106 116,simulation,db8,usage,11,50,50,0
ALL,W-CART:cart,23,3.0,0.06,0.128,115 114 75 112 116 117 78 107 113 108 118 73 83 111 74 77 76 79 80 82,77 76 112 115 114 80 82 81 83 108 113 75 79 107 109 78 111 105 106 116,simulation,db8,usage,11,50,50,0
W-NN,W-NN:k=1,8,,0.08,0.13,113 117 52 83 110 80 73 81 84 76 112 116 79 118 74 106 111 75 78 114,113 117 52 83 110 80 73 81 84 76 112 116 79 118 74 106 111 75 78 114,simulation,db8,energy,12,50,50,0
W-QDA,W-QDA:qda,3,,0.08,0.112,113 117 52 83 110 80 73 81 84 76 112 116 79 118 74 106 111 75 78 114,113 117 52 83 110 80 73 81 84 76 112 116 79 118 74 106 111 75 78 114,simulation,db8,energy,12,50,50,0
W-CART,W-CART:cart,22,,0.1,0.142,113 117 52 83 110 80 73 81 84 76 112 116 79 118 74 106 111 75 78 114,113 117 52 83 110 80 73 81 84 76 112 116 79 118 74 106 111 75 78 114,simulation,db8,energy,12,50,50,0
ALL,W-QDA:qda,3,,0.08,0.112,113 117 52 83 110 80 73 81 84 76 112 116 79 118 74 106 111 75 78 114,113 117 52 83 110 80 73 81 84 76 112 116 79 118 74 106 111 75 78 114,simulation,db8,energy,12,50,50,0
W-NN,W-NN:k=1,6,3.0,0.08,0.146,77 112 117 73 78 109 113 72 74 76 82 110 116 85 111 114 118 79 81 70,79 112 113 78 111 108 77 81 110 115 74 82 114 73 80 84 107 75 76 109,simulation,db8,usage,12,50,50,0
W-QDA,W-QDA:qda,8,2.0,0.02,0.086,112 78 73 77 113 117 74 76 82 114 116 110 72 79 108 109 111 75 80 81,79 112 113 78 111 108 77 81 110 115 74 82 114 73 80 84 107 75 76 109,simulation,db8,usage,12,50,50,0
W-CART,W-CART:cart,5,2.0,0.1,0.14,112 78 73 77 113 117 74 76 82 114 116 110 72 79 108 109 111 75 80 81,79 112 113 78 111 108 77 81 110 115 74 82 114 73 80 84 107 75 76 109,simulation,db8,usage,12,50,50,0
ALL,W-QDA:qda,8,2.0,0.02,0.086,112 78 73 77 113 117 74 76 82 114 116 110 72 79 108 109 111 75 80 81,79 112 113 78 111 108 77 81 110 115 74 82 114 73 80 84 107 75 76 109,simulation,db8,usage,12,50,50,0
W-NN,W-NN:k=5,14,,0.06,0.134,107 168 170 104 85 106 52 118 171 75 76 112 83 84 73 74 113 102 78 105,107 168 170 104 85 106 52 118 171 75 76 112 83 84 73 74 113 102 78 105,simulation,db8,energy,13,50,50,0
W-QDA,W-QDA:qda,4,,0.06,0.096,107 168 170 104 85 106 52 118 171 75 76 112 83 84 73 74 113 102 78 105,107 168 170 104 85 106 52 118 171 75 76 112 83 84 73 74 113 102 78 105,simulation,db8,energy,13,50,50,0
W-CART,W-CART:cart,4,,0.14,0.162,107 168 170 104 85 106 52 118 171 75 76 112 83 84 73 74 113 102 78 105,107 168 170 104 85 106 52 118 171 75 76 112 83 84 73 74 113 102 78 105,simulation,db8,energy,13,50,50,0
ALL,W-QDA:qda,4,,0.06,0.096,107 168 170 104 85 106 52 118 171 75 76 112 83 84 73 74 113 102 78 105,107 168 170 104 85 106 52 118 171 75 76 112 83 84 73 74 113 102 78 105,simulation,db8,energy,13,50,50,0
W-NN,W-NN:k=1,8,3.0,0.08,0.18,75 77 76 106 107 111 113 74 78 81 85 112 73 79 83 84 86 114 115 82,113 77 110 75 79 112 74 115 111 114 76 78 81 82 83 109 107 85 116 80,simulation,db8,usage,13,50,50,0
W-QDA,W-QDA:qda,7,3.0,0.08,0.092,75 77 76 106 107 111 113 74 78 81 85 112 73 79 83 84 86 114 115 82,113 77 110 75 79 112 74 115 111 114 76 78 81 82 83 109 107 85 116 80,simulation,db8,usage,13,50,50,0
W-CART,W-CART:cart,21,1.0,0.02,0.14,113 77 110 75 79 112 74 115 111 114 76 78 81 82 83 109 107 85 116 80,113 77 110 75 79 112 74 115 111 114 76 78 81 82 83 109 107 85 116 80,simulation,db8,usage,13,50,50,0
ALL,W-CART:cart,21,1.0,0.02,0.14,113 77 110 75 79 112 74 115 111 114 76 78 81 82 83 109 107 85 116 80,113 77 110 75 79 112 74 115 111 114 76 78 81 82 83 109 107 85 116 80,simulation,db8,usage,13,50,50,0
W-NN,W-NN:k=1,9,,0.08,0.13,112 78 106 71 74 116 107 86 119 103 87 111 108 82 83 113 38 118 84 109,112 78 106 71 74 116 107 86 119 103 87 111 108 82 83 113 38 118 84 109,simulation,db8,energy,14,50,50,0
W-QDA,W-QDA:qda,16,,0.06,0.044,112 78 106 71 74 116 107 86 119 103 87 111 108 82 83 113 38 118 84 109,112 78 106 71 74 116 107 86 119 103 87 111 108 82 83 113 38 118 84 109,simulation,db8,energy,14,50,50,0
W-CART,W-CART:cart,3,,0.1,0.16,112 78 106 71 74 116 107 86 119 103 87 111 108 82 83 113 38 118 84 109,112 78 106 71 74 116 107 86 119 103 87 111 108 82 83 113 38 118 84 109,simulation,db8,energy,14,50,50,0
ALL,W-QDA:qda,16,,0.06,0.044,112 78 106 71 74 116 107 86 119 103 87 111 108 82 83 113 38 118 84 109,112 78 106 71 74 116 107 86 119 103 87 111 108 82 83 113 38 118 84 109,simulation,db8,energy,14,50,50,0
W-NN,W-NN:k=1,9,1.0,0.04,0.108,114 82 110 75 76 112 113 117 115 118 78 80 83 84 116 73 106 107 77 81,114 82 110 75 76 112 113 117 115 118 78 80 83 84 116 73 106 107 77 81,simulation,db8,usage,14,50,50,0
W-QDA,W-QDA:qda,22,3.0,0.02,0.04,84 106 82 71 76 83 86 112 116 81 107 73 74 75 79 87 114 117 118 119,114 82 110 75 76 112 113 117 115 118 78 80 83 84 116 73 106 107 77 81,simulation,db8,usage,14,50,50,0
W-CART,W-CART:cart,4,1.5,0.06,0.114,76 82 112 117 107 113 116 78 80 83 84 114 87 106 108 118 73 75 77 86,114 82 110 75 76 112 113 117 115 118 78 80 83 84 116 73 106 107 77 81,simulation,db8,usage,14,50,50,0
ALL,W-QDA:qda,22,3.0,0.02,0.04,84 106 82 71 76 83 86 112 116 81 107 73 74 75 79 87 114 117 118 119,114 82 110 75 76 112 113 117 115 118 78 80 83 84 116 73 106 107 77 81,simulation,db8,usage,14,50,50,0
W-NN,W-NN:k=3,38,,0.02,0.15,220 162 80 110 76 221 108 106 115 109 52 40 83 84 105 107 114 77 82 75,220 162 80 110 76 221 108 106 115 109 52 40 83 84 105 107 114 77 82 75,simulation,db8,energy,15,50,50,0
W-QDA,W-QDA:qda,9,,0.08,0.136,220 162 80 110 76 221 108 106 115 109 52 40 83 84 105 107 114 77 82 75,220 162 80 110 76 221 108 106 115 109 52 40 83 84 105 107 114 77 82 75,simulation,db8,energy,15,50,50,0
W-CART,W-CART:cart,43,,0.1,0.134,220 162 80 110 76 221 108 106 115 109 52 40 83 84 105 107 114 77 82 75,220 162 80 110 76 221 108 106 115 109 52 40 83 84 105 107 114 77 82 75,simulation,db8,energy,15,50,50,0
ALL,W-NN:k=3,38,,0.02,0.15,220 162 80 110 76 221 108 106 115 109 52 40 83 84 105 107 114 77 82 75,220 162 80 110 76 221 108 106 115 109 52 40 83 84 105 107 114 77 82 75,simulation,db8,energy,15,50,50,0
W-NN,W-NN:k=3,1,1.5,0.08,0.162,106 109 110 80 108 81 82 84 107 79 105 77 83 111 78 85 104 86 114 115,81 109 80 106 110 82 84 108 79 83 105 107 111 77 112 114 113 78 85 104,simulation,db8,usage,15,50,50,0
W-QDA,W-QDA:qda,2,1.5,0.06,0.14,106 109 110 80 108 81 82 84 107 79 105 77 83 111 78 85 104 86 114 115,81 109 80 106 110 82 84 108 79 83 105 107 111 77 112 114 113 78 85 104,simulation,db8,usage,15,50,50,0
W-CART,W-CART:cart,27,2.0,0.02,0.102,109 108 106 80 81 107 110 82 105 79 83 84 104 111 77 85 86 114 115 78,81 109 80 106 110 82 84 108 79 83 105 107 111 77 112 114 113 78 85 104,simulation,db8,usage,15,50,50,0
ALL,W-CART:cart,27,2.0,0.02,0.102,109 108 106 80 81 107 110 82 105 79 83 84 104 111 77 85 86 114 115 78,81 109 80 106 110 82 84 108 79 83 105 107 111 77 112 114 113 78 85 104,simulation,db8,usage,15,50,50,0
W-NN,W-NN:k=1,16,,0.02,0.162,74 116 234 75 80 115 79 107 118 73 114 108 117 104 111 86 112 83 37 109,74 116 234 75 80 115 79 107 118 73 114 108 117 104 111 86 112 83 37 109,simulation,db8,energy,16,50,50,0
W-QDA,W-QDA:qda,14,,0.02,0.076,74 116 234 75 80 115 79 107 118 73 114 108 117 104 111 86 112 83 37 109,74 116 234 75 80 115 79 107 118 73 114 108 117 104 111 86 112 83 37 109,simulation,db8,energy,16,50,50,0
W-CART,W-CART:cart,9,,0.04,0.144,74 116 234 75 80 115 79 107 118 73 114 108 117 104 111 86 112 83 37 109,74 116 234 75 80 115 79 107 118 73 114 108 117 104 111 86 112 83 37 109,simulation,db8,energy,16,50,50,0
ALL,W-QDA:qda,14,,0.02,0.076,74 116 234 75 80 115 79 107 118 73 114 108 117 104 111 86 112 83 37 109,74 116 234 75 80 115 79 107 118 73 114 108 117 104 111 86 112 83 37 109,simulation,db8,energy,16,50,50,0
W-NN,W-NN:k=1,28,2.0,0.02,0.192,76 75 77 78 111 107 109 110 112 79 80 118 74 81 82 108 114 115 117 113,76 77 115 111 112 113 78 79 80 81 109 110 83 75 107 114 74 82 116 117,simulation,db8,usage,16,50,50,0
W-QDA,W-QDA:qda,8,3.0,0.04,0.106,75 74 76 77 78 80 110 118 81 108 111 109 112 114 115 117 79 82 107 113,76 77 115 111 112 113 78 79 80 81 109 110 83 75 107 114 74 82 116 117,simulation,db8,usage,16,50,50,0
W-CART,W-CART:cart,9,3.0,0.04,0.16,75 74 76 77 78 80 110 118 81 108 111 109 112 114 115 117 79 82 107 113,76 77 115 111 112 113 78 79 80 81 109 110 83 75 107 114 74 82 116 117,simulation,db8,usage,16,50,50,0
ALL,W-NN:k=1,28,2.0,0.02,0.192,76 75 77 78 111 107 109 110 112 79 80 118 74 81 82 108 114 115 117 113,76 77 115 111 112 113 78 79 80 81 109 110 83 75 107 114 74 82 116 117,simulation,db8,usage,16,50,50,0
W-NN,W-NN:k=1,5,,0.16,0.132,80 105 109 74 108 39 106 84 81 115 119 110 83 79 114 85 224 117 75 116,80 105 109 74 108 39 106 84 81 115 119 110 83 79 114 85 224 117 75 116,simulation,db8,energy,17,50,50,0
W-QDA,W-QDA:qda,8,,0.04,0.042,80 105 109 74 108 39 106 84 81 115 119 110 83 79 114 85 224 117 75 116,80 105 109 74 108 39 106 84 81 115 119 110 83 79 114 85 224 117 75 116,simulation,db8,energy,17,50,50,0
W-CART,W-CART:cart,20,,0.06,0.12,80 105 109 74 108 39 106 84 81 115 119 110 83 79 114 85 224 117 75 116,80 105 109 74 108 39 106 84 81 115 119 110 83 79 114 85 224 117 75 116,simulation,db8,energy,17,50,50,0
ALL,W-QDA:qda,8,,0.04,0.042,80 105 109 74 108 39 106 84 81 115 119 110 83 79 114 85 224 117 75 116,80 105 109 74 108 39 106 84 81 115 119 110 83 79 114 85 224 117 75 116,simulation,db8,energy,17,50,50,0
W-NN,W-NN:k=3,6,2.0,0.04,0.086,77 108 75 82 109 116 76 78 80 112 115 72 110 113 74 81 107 111 114 117,77 78 110 79 75 76 108 109 114 116 80 111 115 81 83 112 113 82 72 73,simulation,db8,usage,17,50,50,0
W-QDA,W-QDA:qda,4,2.0,0.02,0.086,77 108 75 82 109 116 76 78 80 112 115 72 110 113 74 81 107 111 114 117,77 78 110 79 75 76 108 109 114 116 80 111 115 81 83 112 113 82 72 73,simulation,db8,usage,17,50,50,0
W-CART,W-CART:cart,23,0.5,0.06,0.128,78 79 110 77 80 82 111 112 81 114 83 113 108 109 116 75 76 115 117 107,77 78 110 79 75 76 108 109 114 116 80 111 115 81 83 112 113 82 72 73,simulation,db8,usage,17,50,50,0
ALL,W-QDA:qda,4,2.0,0.02,0.086,77 108 75 82 109 116 76 78 80 112 115 72 110 113 74 81 107 111 114 117,77 78 110 79 75 76 108 109 114 116 80 111 115 81 83 112 113 82 72 73,simulation,db8,usage,17,50,50,0
W-NN,W-NN:k=3,27,,0.12,0.12,72 117 73 119 54 116 75 83 115 81 82 118 53 39 112 108 79 102 113 76,72 117 73 119 54 116 75 83 115 81 82 118 53 39 112 108 79 102 113 76,simulation,db8,energy,18,50,50,0
W-QDA,W-QDA:qda,17,,0.14,0.088,72 117 73 119 54 116 75 83 115 81 82 118 53 39 112 108 79 102 113 76,72 117 73 119 54 116 75 83 115 81 82 118 53 39 112 108 79 102 113 76,simulation,db8,energy,18,50,50,0
W-CART,W-CART:cart,7,,0.12,0.108,72 117 73 119 54 116 75 83 115 81 82 118 53 39 112 108 79 102 113 76,72 117 73 119 54 116 75 83 115 81 82 118 53 39 112 108 79 102 113 76,simulation,db8,energy,18,50,50,0
ALL,W-CART:cart,7,,0.12,0.108,72 117 73 119 54 116 75 83 115 81 82 118 53 39 112 108 79 102 113 76,72 117 73 119 54 116 75 83 115 81 82 118 53 39 112 108 79 102 113 76,simulation,db8,energy,18,50,50,0
W-NN,W-NN:k=5,4,3.0,0.16,0.186,72 83 81 108 119 71 73 75 82 85 118 76 79 114 116 70 86 109 111 113,78 112 114 77 79 80 115 82 83 113 109 108 118 73 76 81 85 107 110 117,simulation,db8,usage,18,50,50,0
W-QDA,W-QDA:qda,20,3.0,0.04,0.086,72 83 81 108 119 71 73 75 82 85 118 76 79 114 116 70 86 109 111 113,78 112 114 77 79 80 115 82 83 113 109 108 118 73 76 81 85 107 110 117,simulation,db8,usage,18,50,50,0
W-CART,W-CART:cart,7,3.0,0.12,0.12,72 83 81 108 119 71 73 75 82 85 118 76 79 114 116 70 86 109 111 113,78 112 114 77 79 80 115 82 83 113 109 108 118 73 76 81 85 107 110 117,simulation,db8,usage,18,50,50,0
ALL,W-QDA:qda,20,3.0,0.04,0.086,72 83 81 108 119 71 73 75 82 85 118 76 79 114 116 70 86 109 111 113,78 112 114 77 79 80 115 82 83 113 109 108 118 73 76 81 85 107 110 117,simulation,db8,usage,18,50,50,0
W-NN,W-NN:k=1,4,,0.08,0.106,102 178 106 84 101 177 83 107 105 82 104 103 114 108 176 85 37 115 74 75,102 178 106 84 101 177 83 107 105 82 104 103 114 108 176 85 37 115 74 75,simulation,db8,energy,19,50,50,0
W-QDA,W-QDA:qda,5,,0.04,0.062,102 178 106 84 101 177 83 107 105 82 104 103 114 108 176 85 37 115 74 75,102 178 106 84 101 177 83 107 105 82 104 103 114 108 176 85 37 115 74 75,simulation,db8,energy,19,50,50,0
W-CART,W-CART:cart,3,,0.06,0.098,102 178 106 84 101 177 83 107 105 82 104 103 114 108 176 85 37 115 74 75,102 178 106 84 101 177 83 107 105 82 104 103 114 108 176 85 37 115 74 75,simulation,db8,energy,19,50,50,0
ALL,W-QDA:qda,5,,0.04,0.062,102 178 106 84 101 177 83 107 105 82 104 103 114 108 176 85 37 115 74 75,102 178 106 84 101 177 83 107 105 82 104 103 114 108 176 85 37 115 74 75,simulation,db8,energy,19,50,50,0
W-NN,W-NN:k=1,5,2.0,0.08,0.122,84 85 83 86 105 106 87 103 108 78 110 77 79 82 111 112 113 104 107 73,85 113 105 77 78 84 109 111 76 79 83 106 108 110 112 81 86 82 103 104,simulation,db8,usage,19,50,50,0
W-QDA,W-QDA:qda,5,1.0,0.04,0.108,85 113 105 77 78 84 109 111 76 79 83 106 108 110 112 81 86 82 103 104,85 113 105 77 78 84 109 111 76 79 83 106 108 110 112 81 86 82 103 104,simulation,db8,usage,19,50,50,0
W-CART,W-CART:cart,14,1.0,0.06,0.144,85 113 105 77 78 84 109 111 76 79 83 106 108 110 112 81 86 82 103 104,85 113 105 77 78 84 109 111 76 79 83 106 108 110 112 81 86 82 103 104,simulation,db8,usage,19,50,50,0
ALL,W-QDA:qda,5,1.0,0.04,0.108,85 113 105 77 78 84 109 111 76 79 83 106 108 110 112 81 86 82 103 104,85 113 105 77 78 84 109 111 76 79 83 106 108 110 112 81 86 82 103 104,simulation,db8,usage,19,50,50,0
W-NN,W-NN:k=1,6,,0.02,0.15,55 108 79 110 75 81 104 73 74 115 86 114 72 159 103 105 83 85 37 106,55 108 79 110 75 81 104 73 74 115 86 114 72 159 103 105 83 85 37 106,simulation,db8,energy,20,50,50,0
W-QDA,W-QDA:qda,21,,0.0,0.038,55 108 79 110 75 81 104 73 74 115 86 114 72 159 103 105 83 85 37 106,55 108 79 110 75 81 104 73 74 115 86 114 72 159 103 105 83 85 37 106,simulation,db8,energy,20,50,50,0
W-CART,W-CART:cart,7,,0.08,0.166,55 108 79 110 75 81 104 73 74 115 86 114 72 159 103 105 83 85 37 106,55 108 79 110 75 81 104 73 74 115 86 114 72 159 103 105 83 85 37 106,simulation,db8,energy,20,50,50,0
ALL,W-QDA:qda,21,,0.0,0.038,55 108 79 110 75 81 104 73 74 115 86 114 72 159 103 105 83 85 37 106,55 108 79 110 75 81 104 73 74 115 86 114 72 159 103 105 83 85 37 106,simulation,db8,energy,20,50,50,0
W-NN,W-NN:k=1,6,3.0,0.04,0.106,74 75 105 82 83 115 80 106 110 79 84 107 108 114 118 85 103 112 117 72,110 112 80 81 83 109 111 78 79 82 114 115 75 77 84 106 116 74 108 73,simulation,db8,usage,20,50,50,0
W-QDA,W-QDA:qda,17,1.5,0.0,0.056,80 83 110 112 75 84 106 78 108 109 111 115 79 82 114 116 74 77 81 85,110 112 80 81 83 109 111 78 79 82 114 115 75 77 84 106 116 74 108 73,simulation,db8,usage,20,50,50,0
W-CART,W-CART:cart,5,1.5,0.06,0.16,80 83 110 112 75 84 106 78 108 109 111 115 79 82 114 116 74 77 81 85,110 112 80 81 83 109 111 78 79 82 114 115 75 77 84 106 116 74 108 73,simulation,db8,usage,20,50,50,0
ALL,W-QDA:qda,17,1.5,0.0,0.056,80 83 110 112 75 84 106 78 108 109 111 115 79 82 114 116 74 77 81 85,110 112 80 81 83 109 111 78 79 82 114 115 75 77 84 106 116 74 108 73,simulation,db8,usage,20,50,50,0
W-NN,W-NN:k=3,43,,0.08,0.18,84 103 42 106 113 110 115 105 111 112 83 104 107 85 87 109 117 82 43 108,84 103 42 106 113 110 115 105 111 112 83 104 107 85 87 109 117 82 43 108,simulation,db8,energy,21,50,50,0
W-QDA,W-QDA:qda,2,,0.02,0.08,84 103 42 106 113 110 115 105 111 112 83 104 107 85 87 109 117 82 43 108,84 103 42 106 113 110 115 105 111 112 83 104 107 85 87 109 117 82 43 108,simulation,db8,energy,21,50,50,0
W-CART,W-CART:cart,11,,0.08,0.14,84 103 42 106 113 110 115 105 111 112 83 104 107 85 87 109 117 82 43 108,84 103 42 106 113 110 115 105 111 112 83 104 107 85 87 109 117 82 43 108,simulation,db8,energy,21,50,50,0
ALL,W-QDA:qda,2,,0.02,0.08,84 103 42 106 113 110 115 105 111 112 83 104 107 85 87 109 117 82 43 108,84 103 42 106 113 110 115 105 111 112 83 104 107 85 87 109 117 82 43 108,simulation,db8,energy,21,50,50,0
W-NN,W-NN:k=7,39,3.0,0.06,0.138,83 106 107 111 80 84 105 82 104 79 78 81 85 110 112 86 103 109 113 114,111 81 79 80 82 108 109 112 78 77 106 107 110 113 83 85 75 84 116 76,simulation,db8,usage,21,50,50,0
W-QDA,W-QDA:qda,16,2.0,0.08,0.118,111 106 82 84 107 112 80 81 83 85 105 75 78 79 104 108 109 76 103 77,111 81 79 80 82 108 109 112 78 77 106 107 110 113 83 85 75 84 116 76,simulation,db8,usage,21,50,50,0
W-CART,W-CART:cart,13,3.0,0.04,0.11,83 106 107 111 80 84 105 82 104 79 78 81 85 110 112 86 103 109 113 114,111 81 79 80 82 108 109 112 78 77 106 107 110 113 83 85 75 84 116 76,simulation,db8,usage,21,50,50,0
ALL,W-CART:cart,13,3.0,0.04,0.11,83 106 107 111 80 84 105 82 104 79 78 81 85 110 112 86 103 109 113 114,111 81 79 80 82 108 109 112 78 77 106 107 110 113 83 85 75 84 116 76,simulation,db8,usage,21,50,50,0
W-NN,W-NN:k=1,10,,0.06,0.132,112 105 84 119 83 120 44 79 115 75 106 87 117 73 72 114 116 85 35 86,112 105 84 119 83 120 44 79 115 75 106 87 117 73 72 114 116 85 35 86,simulation,db8,energy,22,50,50,0
W-QDA,W-QDA:qda,9,,0.02,0.044,112 105 84 119 83 120 44 79 115 75 106 87 117 73 72 114 116 85 35 86,112 105 84 119 83 120 44 79 115 75 106 87 117 73 72 114 116 85 35 86,simulation,db8,energy,22,50,50,0
W-CART,W-CART:cart,40,,0.04,0.132,112 105 84 119 83 120 44 79 115 75 106 87 117 73 72 114 116 85 35 86,112 105 84 119 83 120 44 79 115 75 106 87 117 73 72 114 116 85 35 86,simulation,db8,energy,22,50,50,0
ALL,W-QDA:qda,9,,0.02,0.044,112 105 84 119 83 120 44 79 115 75 106 87 117 73 72 114 116 85 35 86,112 105 84 119 83 120 44 79 115 75 106 87 117 73 72 114 116 85 35 86,simulation,db8,energy,22,50,50,0
W-NN,W-NN:k=3,2,1.5,0.0,0.134,117 114 119 115 116 118 75 77 73 113 74 76 80 112 121 71 72 108 120 69,112 115 117 114 116 77 113 119 73 74 76 118 78 75 110 120 72 80 109 69,simulation,db8,usage,22,50,50,0
W-QDA,W-QDA:qda,4,2.0,0.02,0.074,119 117 118 114 73 74 75 76 115 116 112 113 71 72 77 108 120 87 103 109,112 115 117 114 116 77 113 119 73 74 76 118 78 75 110 120 72 80 109 69,simulation,db8,usage,22,50,50,0
W-CART,W-CART:cart,33,1.5,0.02,0.108,117 114 119 115 116 118 75 77 73 113 74 76 80 112 121 71 72 108 120 69,112 115 117 114 116 77 113 119 73 74 76 118 78 75 110 120 72 80 109 69,simulation,db8,usage,22,50,50,0
ALL,W-NN:k=3,2,1.5,0.0,0.134,117 114 119 115 116 118 75 77 73 113 74 76 80 112 121 71 72 108 120 69,112 115 117 114 116 77 113 119 73 74 76 118 78 75 110 120 72 80 109 69,simulation,db8,usage,22,50,50,0
W-NN,W-NN:k=1,8,,0.1,0.162,117 116 115 82 76 36 83 80 74 110 75 114 37 85 109 118 108 81 78 77,117 116 115 82 76 36 83 80 74 110 75 114 37 85 109 118 108 81 78 77,simulation,db8,energy,23,50,50,0
W-QDA,W-QDA:qda,20,,0.04,0.118,117 116 115 82 76 36 83 80 74 110 75 114 37 85 109 118 108 81 78 77,117 116 115 82 76 36 83 80 74 110 75 114 37 85 109 118 108 81 78 77,simulation,db8,energy,23,50,50,0
W-CART,W-CART:cart,26,,0.06,0.128,117 116 115 82 76 36 83 80 74 110 75 114 37 85 109 118 108 81 78 77,117 116 115 82 76 36 83 80 74 110 75 114 37 85 109 118 108 81 78 77,simulation,db8,energy,23,50,50,0
ALL,W-QDA:qda,20,,0.04,0.118,117 116 115 82 76 36 83 80 74 110 75 114 37 85 109 118 108 81 78 77,117 116 115 82 76 36 83 80 74 110 75 114 37 85 109 118 108 81 78 77,simulation,db8,energy,23,50,50,0
W-NN,W-NN:k=1,20,0.5,0.02,0.132,110 111 109 77 81 112 113 78 79 75 76 80 82 108 114 115 107 74 83 106,110 111 77 78 108 109 112 113 115 75 114 79 80 81 85 116 76 82 106 107,simulation,db8,usage,23,50,50,0
W-QDA,W-QDA:qda,10,3.0,0.0,0.064,75 111 78 112 116 82 85 110 74 108 81 106 107 113 115 117 77 86 109 114,110 111 77 78 108 109 112 113 115 75 114 79 80 81 85 116 76 82 106 107,simulation,db8,usage,23,50,50,0
W-CART,W-CART:cart,32,1.0,0.06,0.112,110 111 77 78 108 109 112 113 115 75 114 79 80 81 85 116 76 82 106 107,110 111 77 78 108 109 112 113 115 75 114 79 80 81 85 116 76 82 106 107,simulation,db8,usage,23,50,50,0
ALL,W-QDA:qda,10,3.0,0.0,0.064,75 111 78 112 116 82 85 110 74 108 81 106 107 113 115 117 77 86 109 114,110 111 77 78 108 109 112 113 115 75 114 79 80 81 85 116 76 82 106 107,simulation,db8,usage,23,50,50,0
W-NN,W-NN:k=1,12,,0.16,0.212,164 169 81 40 20 106 108 84 338 217 85 110 109 212 83 54 165 218 213 42,164 169 81 40 20 106 108 84 338 217 85 110 109 212 83 54 165 218 213 42,simulation,db8,energy,24,50,50,0
W-QDA,W-QDA:qda,21,,0.1,0.146,164 169 81 40 20 106 108 84 338 217 85 110 109 212 83 54 165 218 213 42,164 169 81 40 20 106 108 84 338 217 85 110 109 212 83 54 165 218 213 42,simulation,db8,energy,24,50,50,0
W-CART,W-CART:cart,56,,0.2,0.166,164 169 81 40 20 106 108 84 338 217 85 110 109 212 83 54 165 218 213 42,164 169 81 40 20 106 108 84 338 217 85 110 109 212 83 54 165 218 213 42,simulation,db8,energy,24,50,50,0
ALL,W-QDA:qda,21,,0.1,0.146,164 169 81 40 20 106 108 84 338 217 85 110 109 212 83 54 165 218 213 42,164 169 81 40 20 106 108 84 338 217 85 110 109 212 83 54 165 218 213 42,simulation,db8,energy,24,50,50,0
W-NN,W-NN:k=3,26,2.0,0.06,0.158,76 79 77 108 113 114 82 115 80 83 109 75 78 107 112 111 116 74 84 106,80 109 113 79 108 111 82 77 81 112 75 76 83 84 107 106 110 114 78 115,simulation,db8,usage,24,50,50,0
W-QDA,W-QDA:qda,19,1.0,0.08,0.098,80 109 113 79 108 111 82 77 81 112 75 76 83 84 107 106 110 114 78 115,80 109 113 79 108 111 82 77 81 112 75 76 83 84 107 106 110 114 78 115,simulation,db8,usage,24,50,50,0
W-CART,W-CART:cart,47,3.0,0.14,0.164,76 115 113 77 79 114 112 107 111 84 108 80 82 83 116 78 81 106 109 74,80 109 113 79 108 111 82 77 81 112 75 76 83 84 107 106 110 114 78 115,simulation,db8,usage,24,50,50,0
ALL,W-NN:k=3,26,2.0,0.06,0.158,76 79 77 108 113 114 82 115 80 83 109 75 78 107 112 111 116 74 84 106,80 109 113 79 108 111 82 77 81 112 75 76 83 84 107 106 110 114 78 115,simulation,db8,usage,24,50,50,0
W-NN,W-NN:k=1,61,,0.2,0.238,78 79 118 112 73 56 113 114 57 77 74 80 76 111 116 75 110 117 55 115,78 79 118 112 73 56 113 114 57 77 74 80 76 111 116 75 110 117 55 115,simulation,db8,energy,25,50,50,0
W-QDA,W-QDA:qda,5,,0.08,0.094,78 79 118 112 73 56 113 114 57 77 74 80 76 111 116 75 110 117 55 115,78 79 118 112 73 56 113 114 57 77 74 80 76 111 116 75 110 117 55 115,simulation,db8,energy,25,50,50,0
W-CART,W-CART:cart,46,,0.1,0.118,78 79 118 112 73 56 113 114 57 77 74 80 76 111 116 75 110 117 55 115,78 79 118 112 73 56 113 114 57 77 74 80 76 111 116 75 110 117 55 115,simulation,db8,energy,25,50,50,0
ALL,W-QDA:qda,5,,0.08,0.094,78 79 118 112 73 56 113 114 57 77 74 80 76 111 116 75 110 117 55 115,78 79 118 112 73 56 113 114 57 77 74 80 76 111 116 75 110 117 55 115,simulation,db8,energy,25,50,50,0
W-NN,W-NN:k=1,39,3.0,0.12,0.116,112 76 79 110 113 77 80 111 114 78 81 73 75 115 107 116 119 56 84 85,114 77 112 76 113 78 79 111 75 81 109 115 80 110 74 83 108 73 107 116,simulation,db8,usage,25,50,50,0
W-QDA,W-QDA:qda,6,2.0,0.2,0.22,76 112 77 78 113 75 79 110 111 114 115 109 80 81 73 74 83 84 85 107,114 77 112 76 113 78 79 111 75 81 109 115 80 110 74 83 108 73 107 116,simulation,db8,usage,25,50,50,0
W-CART,W-CART:cart,36,2.0,0.1,0.124,76 112 77 78 113 75 79 110 111 114 115 109 80 81 73 74 83 84 85 107,114 77 112 76 113 78 79 111 75 81 109 115 80 110 74 83 108 73 107 116,simulation,db8,usage,25,50,50,0
ALL,W-CART:cart,36,2.0,0.1,0.124,76 112 77 78 113 75 79 110 111 114 115 109 80 81 73 74 83 84 85 107,114 77 112 76 113 78 79 111 75 81 109 115 80 110 74 83 108 73 107 116,simulation,db8,usage,25,50,50,0
W-NN,W-NN:k=5,2,,0.14,0.166,239 71 79 114 72 76 143 112 70 113 120 111 110 240 74 38 105 77 42 104,239 71 79 114 72 76 143 112 70 113 120 111 110 240 74 38 105 77 42 104,simulation,db8,energy,26,50,50,0
W-QDA,W-QDA:qda,5,,0.06,0.062,239 71 79 114 72 76 143 112 70 113 120 111 110 240 74 38 105 77 42 104,239 71 79 114 72 76 143 112 70 113 120 111 110 240 74 38 105 77 42 104,simulation,db8,energy,26,50,50,0
W-CART,W-CART:cart,4,,0.12,0.084,239 71 79 114 72 76 143 112 70 113 120 111 110 240 74 38 105 77 42 104,239 71 79 114 72 76 143 112 70 113 120 111 110 240 74 38 105 77 42 104,simulation,db8,energy,26,50,50,0
ALL,W-QDA:qda,5,,0.06,0.062,239 71 79 114 72 76 143 112 70 113 120 111 110 240 74 38 105 77 42 104,239 71 79 114 72 76 143 112 70 113 120 111 110 240 74 38 105 77 42 104,simulation,db8,energy,26,50,50,0
W-NN,W-NN:k=3,1,3.0,0.06,0.166,74 114 112 113 72 75 111 77 79 110 115 116 73 78 80 117 118 71 76 109,77 113 114 110 116 78 112 75 109 111 115 117 72 73 76 81 118 74 79 80,simulation,db8,usage,26,50,50,0
W-QDA,W-QDA:qda,5,1.5,0.04,0.068,113 114 77 110 72 75 78 111 112 115 116 117 118 73 74 76 79 81 109 80,77 113 114 110 116 78 112 75 109 111 115 117 72 73 76 81 118 74 79 80,simulation,db8,usage,26,50,50,0
W-CART,W-CART:cart,5,3.0,0.04,0.114,74 114 112 113 72 75 111 77 79 110 115 116 73 78 80 117 118 71 76 109,77 113 114 110 116 78 112 75 109 111 115 117 72 73 76 81 118 74 79 80,simulation,db8,usage,26,50,50,0
ALL,W-QDA:qda,5,1.5,0.04,0.068,113 114 77 110 72 75 78 111 112 115 116 117 118 73 74 76 79 81 109 80,77 113 114 110 116 78 112 75 109 111 115 117 72 73 76 81 118 74 79 80,simulation,db8,usage,26,50,50,0
W-NN,W-NN:k=5,10,,0.06,0.192,113 112 155 78 77 106 107 114 105 117 156 42 83 85 116 115 104 76 41 84,113 112 155 78 77 106 107 114 105 117 156 42 83 85 116 115 104 76 41 84,simulation,db8,energy,27,50,50,0
W-QDA,W-QDA:qda,20,,0.04,0.098,113 112 155 78 77 106 107 114 105 117 156 42 83 85 116 115 104 76 41 84,113 112 155 78 77 106 107 114 105 117 156 42 83 85 116 115 104 76 41 84,simulation,db8,energy,27,50,50,0
W-CART,W-CART:cart,12,,0.1,0.158,113 112 155 78 77 106 107 114 105 117 156 42 83 85 116 115 104 76 41 84,113 112 155 78 77 106 107 114 105 117 156 42 83 85 116 115 104 76 41 84,simulation,db8,energy,27,50,50,0
ALL,W-QDA:qda,20,,0.04,0.098,113 112 155 78 77 106 107 114 105 117 156 42 83 85 116 115 104 76 41 84,113 112 155 78 77 106 107 114 105 117 156 42 83 85 116 115 104 76 41 84,simulation,db8,energy,27,50,50,0
W-NN,W-NN:k=7,1,3.0,0.06,0.206,106 114 76 77 113 73 79 107 115 105 108 109 117 78 103 104 111 116 118 82,108 109 81 110 78 112 113 76 77 106 107 111 79 80 114 115 73 82 75 117,simulation,db8,usage,27,50,50,0
W-QDA,W-QDA:qda,1,3.0,0.06,0.194,106 114 76 77 113 73 79 107 115 105 108 109 117 78 103 104 111 116 118 82,108 109 81 110 78 112 113 76 77 106 107 111 79 80 114 115 73 82 75 117,simulation,db8,usage,27,50,50,0
W-CART,W-CART:cart,2,2.0,0.06,0.224,77 106 113 114 78 111 76 79 108 83 107 75 81 85 109 115 116 117 73 82,108 109 81 110 78 112 113 76 77 106 107 111 79 80 114 115 73 82 75 117,simulation,db8,usage,27,50,50,0
ALL,W-NN:k=7,1,3.0,0.06,0.206,106 114 76 77 113 73 79 107 115 105 108 109 117 78 103 104 111 116 118 82,108 109 81 110 78 112 113 76 77 106 107 111 79 80 114 115 73 82 75 117,simulation,db8,usage,27,50,50,0
W-NN,W-NN:k=1,26,,0.0,0.112,79 78 112 111 80 76 87 110 119 224 113 118 114 75 56 81 77 71 84 102,79 78 112 111 80 76 87 110 119 224 113 118 114 75 56 81 77 71 84 102,simulation,db8,energy,28,50,50,0
W-QDA,W-QDA:qda,18,,0.04,0.084,79 78 112 111 80 76 87 110 119 224 113 118 114 75 56 81 77 71 84 102,79 78 112 111 80 76 87 110 119 224 113 118 114 75 56 81 77 71 84 102,simulation,db8,energy,28,50,50,0
W-CART,W-CART:cart,15,,0.06,0.124,79 78 112 111 80 76 87 110 119 224 113 118 114 75 56 81 77 71 84 102,79 78 112 111 80 76 87 110 119 224 113 118 114 75 56 81 77 71 84 102,simulation,db8,energy,28,50,50,0
ALL,W-NN:k=1,26,,0.0,0.112,79 78 112 111 80 76 87 110 119 224 113 118 114 75 56 81 77 71 84 102,79 78 112 111 80 76 87 110 119 224 113 118 114 75 56 81 77 71 84 102,simulation,db8,energy,28,50,50,0
W-NN,W-NN:k=1,31,1.0,0.02,0.122,78 82 81 108 110 111 77 80 85 86 114 76 79 84 106 107 109 113 75 83,78 82 81 108 110 111 77 80 85 86 114 76 79 84 106 107 109 113 75 83,simulation,db8,usage,28,50,50,0
W-QDA,W-QDA:qda,12,1.0,0.04,0.076,78 82 81 108 110 111 77 80 85 86 114 76 79 84 106 107 109 113 75 83,78 82 81 108 110 111 77 80 85 86 114 76 79 84 106 107 109 113 75 83,simulation,db8,usage,28,50,50,0
W-CART,W-CART:cart,4,3.0,0.06,0.144,107 79 84 86 112 75 80 85 87 106 108 78 81 82 83 88 103 104 105 109,78 82 81 108 110 111 77 80 85 86 114 76 79 84 106 107 109 113 75 83,simulation,db8,usage,28,50,50,0
ALL,W-NN:k=1,31,1.0,0.02,0.122,78 82 81 108 110 111 77 80 85 86 114 76 79 84 106 107 109 113 75 83,78 82 81 108 110 111 77 80 85 86 114 76 79 84 106 107 109 113 75 83,simulation,db8,usage,28,50,50,0
W-NN,W-NN:k=1,3,,0.08,0.148,175 104 116 53 115 79 114 107 108 105 80 55 82 103 166 85 86 75 43 106,175 104 116 53 115 79 114 107 108 105 80 55 82 103 166 85 86 75 43 106,simulation,db8,energy,29,50,50,0
W-QDA,W-QDA:qda,4,,0.04,0.078,175 104 116 53 115 79 114 107 108 105 80 55 82 103 166 85 86 75 43 106,175 104 116 53 115 79 114 107 108 105 80 55 82 103 166 85 86 75 43 106,simulation,db8,energy,29,50,50,0
W-CART,W-CART:cart,26,,0.02,0.156,175 104 116 53 115 79 114 107 108 105 80 55 82 103 166 85 86 75 43 106,175 104 116 53 115 79 114 107 108 105 80 55 82 103 166 85 86 75 43 106,simulation,db8,energy,29,50,50,0
ALL,W-CART:cart,26,,0.02,0.156,175 104 116 53 115 79 114 107 108 105 80 55 82 103 166 85 86 75 43 106,175 104 116 53 115 79 114 107 108 105 80 55 82 103 166 85 86 75 43 106,simulation,db8,energy,29,50,50,0
W-NN,W-NN:k=1,4,1.5,0.06,0.156,83 76 81 82 106 107 77 108 78 109 111 116 105 110 112 114 84 85 117 75,81 76 77 78 83 107 108 109 82 75 79 106 111 116 80 110 112 114 84 113,simulation,db8,usage,29,50,50,0
W-QDA,W-QDA:qda,2,1.5,0.1,0.162,83 76 81 82 106 107 77 108 78 109 111 116 105 110 112 114 84 85 117 75,81 76 77 78 83 107 108 109 82 75 79 106 111 116 80 110 112 114 84 113,simulation,db8,usage,29,50,50,0
W-CART,W-CART:cart,24,2.0,0.02,0.134,81 82 107 83 109 111 76 77 85 106 78 84 105 108 110 114 117 80 112 74,81 76 77 78 83 107 108 109 82 75 79 106 111 116 80 110 112 114 84 113,simulation,db8,usage,29,50,50,0
ALL,W-CART:cart,24,2.0,0.02,0.134,81 82 107 83 109 111 76 77 85 106 78 84 105 108 110 114 117 80 112 74,81 76 77 78 83 107 108 109 82 75 79 106 111 116 80 110 112 114 84 113,simulation,db8,usage,29,50,50,0
W-NN,W-NN:k=1,12,,0.06,0.174,81 117 82 83 109 80 116 119 114 107 71 113 106 108 37 72 85 111 112 79,81 117 82 83 109 80 116 119 114 107 71 113 106 108 37 72 85 111 112 79,simulation,db8,energy,30,50,50,0
W-QDA,W-QDA:qda,9,,0.0,0.05,81 117 82 83 109 80 116 119 114 107 71 113 106 108 37 72 85 111 112 79,81 117 82 83 109 80 116 119 114 107 71 113 106 108 37 72 85 111 112 79,simulation,db8,energy,30,50,50,0
W-CART,W-CART:cart,2,,0.1,0.132,81 117 82 83 109 80 116 119 114 107 71 113 106 108 37 72 85 111 112 79,81 117 82 83 109 80 116 119 114 107 71 113 106 108 37 72 85 111 112 79,simulation,db8,energy,30,50,50,0
ALL,W-QDA:qda,9,,0.0,0.05,81 117 82 83 109 80 116 119 114 107 71 113 106 108 37 72 85 111 112 79,81 117 82 83 109 80 116 119 114 107 71 113 106 108 37 72 85 111 112 79,simulation,db8,energy,30,50,50,0
W-NN,W-NN:k=5,55,3.0,0.08,0.25,82 81 109 113 114 112 79 80 107 108 76 111 75 83 110 77 106 117 73 78,80 79 111 81 77 109 113 114 82 75 112 110 76 83 78 107 74 85 115 116,simulation,db8,usage,30,50,50,0
W-QDA,W-QDA:qda,22,1.5,0.0,0.09,81 82 109 112 113 77 80 79 111 114 75 76 83 107 110 115 78 85 106 108,80 79 111 81 77 109 113 114 82 75 112 110 76 83 78 107 74 85 115 116,simulation,db8,usage,30,50,50,0
W-CART,W-CART:cart,22,0.5,0.08,0.15,80 81 113 77 79 112 114 109 110 111 76 78 82 75 83 84 116 117 73 107,80 79 111 81 77 109 113 114 82 75 112 110 76 83 78 107 74 85 115 116,simulation,db8,usage,30,50,50,0
ALL,W-QDA:qda,22,1.5,0.0,0.09,81 82 109 112 113 77 80 79 111 114 75 76 83 107 110 115 78 85 106 108,80 79 111 81 77 109 113 114 82 75 112 110 76 83 78 107 74 85 115 116,simulation,db8,usage,30,50,50,0
W-NN,W-NN:k=1,44,,0.04,0.132,102 103 140 120 76 121 114 78 116 75 117 74 111 112 69 77 43 79 89 88,102 103 140 120 76 121 114 78 116 75 117 74 111 112 69 77 43 79 89 88,simulation,db8,energy,31,50,50,0
W-QDA,W-QDA:qda,7,,0.02,0.042,102 103 140 120 76 121 114 78 116 75 117 74 111 112 69 77 43 79 89 88,102 103 140 120 76 121 114 78 116 75 117 74 111 112 69 77 43 79 89 88,simulation,db8,energy,31,50,50,0
W-CART,W-CART:cart,56,,0.06,0.136,102 103 140 120 76 121 114 78 116 75 117 74 111 112 69 77 43 79 89 88,102 103 140 120 76 121 114 78 116 75 117 74 111 112 69 77 43 79 89 88,simulation,db8,energy,31,50,50,0
ALL,W-QDA:qda,7,,0.02,0.042,102 103 140 120 76 121 114 78 116 75 117 74 111 112 69 77 43 79 89 88,102 103 140 120 76 121 114 78 116 75 117 74 111 112 69 77 43 79 89 88,simulation,db8,energy,31,50,50,0
W-NN,W-NN:k=3,21,0.5,0.0,0.104,112 81 109 111 113 77 78 82 107 74 75 76 108 80 110 115 83 85 114 116,112 82 77 107 75 81 110 78 83 114 74 76 80 106 108 109 113 115 79 84,simulation,db8,usage,31,50,50,0
W-QDA,W-QDA:qda,5,1.5,0.02,0.148,107 114 77 78 82 112 79 81 109 110 115 75 76 84 106 111 104 80 108 113,112 82 77 107 75 81 110 78 83 114 74 76 80 106 108 109 113 115 79 84,simulation,db8,usage,31,50,50,0
W-CART,W-CART:cart,33,1.0,0.06,0.136,112 82 77 107 75 81 110 78 83 114 74 76 80 106 108 109 113 115 79 84,112 82 77 107 75 81 110 78 83 114 74 76 80 106 108 109 113 115 79 84,simulation,db8,usage,31,50,50,0
ALL,W-NN:k=3,21,0.5,0.0,0.104,112 81 109 111 113 77 78 82 107 74 75 76 108 80 110 115 83 85 114 116,112 82 77 107 75 81 110 78 83 114 74 76 80 106 108 109 113 115 79 84,simulation,db8,usage,31,50,50,0
W-NN,W-NN:k=1,15,,0.06,0.12,120 110 108 119 78 113 103 107 70 86 35 109 82 85 111 38 81 166 79 51,120 110 108 119 78 113 103 107 70 86 35 109 82 85 111 38 81 166 79 51,simulation,db8,energy,32,50,50,0
W-QDA,W-QDA:qda,12,,0.02,0.056,120 110 108 119 78 113 103 107 70 86 35 109 82 85 111 38 81 166 79 51,120 110 108 119 78 113 103 107 70 86 35 109 82 85 111 38 81 166 79 51,simulation,db8,energy,32,50,50,0
W-CART,W-CART:cart,14,,0.04,0.108,120 110 108 119 78 113 103 107 70 86 35 109 82 85 111 38 81 166 79 51,120 110 108 119 78 113 103 107 70 86 35 109 82 85 111 38 81 166 79 51,simulation,db8,energy,32,50,50,0
ALL,W-QDA:qda,12,,0.02,0.056,120 110 108 119 78 113 103 107 70 86 35 109 82 85 111 38 81 166 79 51,120 110 108 119 78 113 103 107 70 86 35 109 82 85 111 38 81 166 79 51,simulation,db8,energy,32,50,50,0
W-NN,W-NN:k=1,34,1.5,0.02,0.086,112 109 108 111 78 110 113 77 79 83 85 107 74 75 76 80 82 84 81 86,111 112 109 77 79 108 78 80 76 83 110 113 81 75 114 74 82 107 84 85,simulation,db8,usage,32,50,50,0
W-QDA,W-QDA:qda,14,1.5,0.0,0.06,112 109 108 111 78 110 113 77 79 83 85 107 74 75 76 80 82 84 81 86,111 112 109 77 79 108 78 80 76 83 110 113 81 75 114 74 82 107 84 85,simulation,db8,usage,32,50,50,0
W-CART,W-CART:cart,2,3.0,0.04,0.108,109 85 112 84 111 113 79 83 86 110 108 73 81 82 107 74 75 76 77 78,111 112 109 77 79 108 78 80 76 83 110 113 81 75 114 74 82 107 84 85,simulation,db8,usage,32,50,50,0
ALL,W-QDA:qda,14,1.5,0.0,0.06,112 109 108 111 78 110 113 77 79 83 85 107 74 75 76 80 82 84 81 86,111 112 109 77 79 108 78 80 76 83 110 113 81 75 114 74 82 107 84 85,simulation,db8,usage,32,50,50,0
W-NN,W-NN:k=1,5,,0.08,0.092,119 59 108 106 75 85 116 115 70 114 112 105 74 103 107 109 104 76 84 78,119 59 108 106 75 85 116 115 70 114 112 105 74 103 107 109 104 76 84 78,simulation,db8,energy,33,50,50,0
W-QDA,W-QDA:qda,15,,0.04,0.032,119 59 108 106 75 85 116 115 70 114 112 105 74 103 107 109 104 76 84 78,119 59 108 106 75 85 116 115 70 114 112 105 74 103 107 109 104 76 84 78,simulation,db8,energy,33,50,50,0
W-CART,W-CART:cart,12,,0.1,0.116,119 59 108 106 75 85 116 115 70 114 112 105 74 103 107 109 104 76 84 78,119 59 108 106 75 85 116 115 70 114 112 105 74 103 107 109 104 76 84 78,simulation,db8,energy,33,50,50,0
ALL,W-QDA:qda,15,,0.04,0.032,119 59 108 106 75 85 116 115 70 114 112 105 74 103 107 109 104 76 84 78,119 59 108 106 75 85 116 115 70 114 112 105 74 103 107 109 104 76 84 78,simulation,db8,energy,33,50,50,0
W-NN,W-NN:k=1,10,2.0,0.12,0.126,108 109 105 106 107 85 111 112 113 74 75 87 82 83 84 104 114 76 79 110,108 109 81 110 112 74 75 85 105 111 106 86 87 107 76 80 82 83 84 104,simulation,db8,usage,33,50,50,0
W-QDA,W-QDA:qda,14,3.0,0.04,0.044,108 106 109 105 113 84 104 107 75 114 74 76 85 103 111 82 86 87 110 116,108 109 81 110 112 74 75 85 105 111 106 86 87 107 76 80 82 83 84 104,simulation,db8,usage,33,50,50,0
W-CART,W-CART:cart,28,2.0,0.04,0.106,108 109 105 106 107 85 111 112 113 74 75 87 82 83 84 104 114 76 79 110,108 109 81 110 112 74 75 85 105 111 106 86 87 107 76 80 82 83 84 104,simulation,db8,usage,33,50,50,0
ALL,W-QDA:qda,14,3.0,0.04,0.044,108 106 109 105 113 84 104 107 75 114 74 76 85 103 111 82 86 87 110 116,108 109 81 110 112 74 75 85 105 111 106 86 87 107 76 80 82 83 84 104,simulation,db8,usage,33,50,50,0
W-NN,W-NN:k=3,2,,0.1,0.186,75 115 76 103 87 86 117 105 83 102 104 88 79 114 78 82 118 110 74 106,75 115 76 103 87 86 117 105 83 102 104 88 79 114 78 82 118 110 74 106,simulation,db8,energy,34,50,50,0
W-QDA,W-QDA:qda,9,,0.0,0.032,75 115 76 103 87 86 117 105 83 102 104 88 79 114 78 82 118 110 74 106,75 115 76 103 87 86 117 105 83 102 104 88 79 114 78 82 118 110 74 106,simulation,db8,energy,34,50,50,0
W-CART,W-CART:cart,9,,0.06,0.132,75 115 76 103 87 86 117 105 83 102 104 88 79 114 78 82 118 110 74 106,75 115 76 103 87 86 117 105 83 102 104 88 79 114 78 82 118 110 74 106,simulation,db8,energy,34,50,50,0
ALL,W-QDA:qda,9,,0.0,0.032,75 115 76 103 87 86 117 105 83 102 104 88 79 114 78 82 118 110 74 106,75 115 76 103 87 86 117 105 83 102 104 88 79 114 78 82 118 110 74 106,simulation,db8,energy,34,50,50,0
W-NN,W-NN:k=1,6,3.0,0.0,0.092,115 117 73 86 75 104 105 110 114 116 120 74 76 106 111 113 118 81 84 87,77 112 75 76 78 113 116 114 74 117 79 110 73 80 81 106 115 72 105 108,simulation,db8,usage,34,50,50,0
W-QDA,W-QDA:qda,8,3.0,0.02,0.04,115 117 73 86 75 104 105 110 114 116 120 74 76 106 111 113 118 81 84 87,77 112 75 76 78 113 116 114 74 117 79 110 73 80 81 106 115 72 105 108,simulation,db8,usage,34,50,50,0
W-CART,W-CART:cart,8,3.0,0.08,0.128,115 117 73 86 75 104 105 110 114 116 120 74 76 106 111 113 118 81 84 87,77 112 75 76 78 113 116 114 74 117 79 110 73 80 81 106 115 72 105 108,simulation,db8,usage,34,50,50,0
ALL,W-NN:k=1,6,3.0,0.0,0.092,115 117 73 86 75 104 105 110 114 116 120 74 76 106 111 113 118 81 84 87,77 112 75 76 78 113 116 114 74 117 79 110 73 80 81 106 115 72 105 108,simulation,db8,usage,34,50,50,0
W-NN,W-NN:k=1,12,,0.04,0.126,107 108 79 78 81 71 116 55 106 84 225 72 112 82 70 76 117 75 39 111,107 108 79 78 81 71 116 55 106 84 225 72 112 82 70 76 117 75 39 111,simulation,db8,energy,35,50,50,0
W-QDA,W-QDA:qda,13,,0.0,0.054,107 108 79 78 81 71 116 55 106 84 225 72 112 82 70 76 117 75 39 111,107 108 79 78 81 71 116 55 106 84 225 72 112 82 70 76 117 75 39 111,simulation,db8,energy,35,50,50,0
W-CART,W-CART:cart,8,,0.08,0.13,107 108 79 78 81 71 116 55 106 84 225 72 112 82 70 76 117 75 39 111,107 108 79 78 81 71 116 55 106 84 225 72 112 82 70 76 117 75 39 111,simulation,db8,energy,35,50,50,0
ALL,W-QDA:qda,13,,0.0,0.054,107 108 79 78 81 71 116 55 106 84 225 72 112 82 70 76 117 75 39 111,107 108 79 78 81 71 116 55 106 84 225 72 112 82 70 76 117 75 39 111,simulation,db8,energy,35,50,50,0
W-NN,W-NN:k=1,8,1.5,0.06,0.152,81 108 76 80 78 79 83 106 74 82 110 112 107 117 77 113 115 118 111 116,81 78 79 80 83 108 76 82 113 74 107 110 112 115 106 109 111 116 84 85,simulation,db8,usage,35,50,50,0
W-QDA,W-QDA:qda,9,1.5,0.06,0.062,81 108 76 80 78 79 83 106 74 82 110 112 107 117 77 113 115 118 111 116,81 78 79 80 83 108 76 82 113 74 107 110 112 115 106 109 111 116 84 85,simulation,db8,usage,35,50,50,0
W-CART,W-CART:cart,22,3.0,0.08,0.146,76 78 79 81 108 77 82 83 106 107 110 113 118 75 80 112 115 73 111 72,81 78 79 80 83 108 76 82 113 74 107 110 112 115 106 109 111 116 84 85,simulation,db8,usage,35,50,50,0
ALL,W-NN:k=1,8,1.5,0.06,0.152,81 108 76 80 78 79 83 106 74 82 110 112 107 117 77 113 115 118 111 116,81 78 79 80 83 108 76 82 113 74 107 110 112 115 106 109 111 116 84 85,simulation,db8,usage,35,50,50,0
W-NN,W-NN:k=3,63,,0.08,0.204,88 111 80 51 84 83 74 110 52 222 87 40 82 107 85 104 75 105 109 102,88 111 80 51 84 83 74 110 52 222 87 40 82 107 85 104 75 105 109 102,simulation,db8,energy,36,50,50,0
W-QDA,W-QDA:qda,7,,0.04,0.064,88 111 80 51 84 83 74 110 52 222 87 40 82 107 85 104 75 105 109 102,88 111 80 51 84 83 74 110 52 222 87 40 82 107 85 104 75 105 109 102,simulation,db8,energy,36,50,50,0
W-CART,W-CART:cart,39,,0.08,0.114,88 111 80 51 84 83 74 110 52 222 87 40 82 107 85 104 75 105 109 102,88 111 80 51 84 83 74 110 52 222 87 40 82 107 85 104 75 105 109 102,simulation,db8,energy,36,50,50,0
ALL,W-QDA:qda,7,,0.04,0.064,88 111 80 51 84 83 74 110 52 222 87 40 82 107 85 104 75 105 109 102,88 111 80 51 84 83 74 110 52 222 87 40 82 107 85 104 75 105 109 102,simulation,db8,energy,36,50,50,0
W-NN,W-NN:k=3,47,3.0,0.06,0.176,80 83 106 110 79 82 78 84 105 108 86 109 111 77 81 104 76 85 107 75,108 109 80 83 110 111 112 78 106 82 76 77 84 105 79 85 81 107 86 113,simulation,db8,usage,36,50,50,0
W-QDA,W-QDA:qda,9,3.0,0.14,0.14,80 83 106 110 79 82 78 84 105 108 86 109 111 77 81 104 76 85 107 75,108 109 80 83 110 111 112 78 106 82 76 77 84 105 79 85 81 107 86 113,simulation,db8,usage,36,50,50,0
W-CART,W-CART:cart,5,1.5,0.1,0.224,109 110 80 83 84 108 77 106 111 112 78 82 105 107 79 85 76 86 114 81,108 109 80 83 110 111 112 78 106 82 76 77 84 105 79 85 81 107 86 113,simulation,db8,usage,36,50,50,0
ALL,W-NN:k=3,47,3.0,0.06,0.176,80 83 106 110 79 82 78 84 105 108 86 109 111 77 81 104 76 85 107 75,108 109 80 83 110 111 112 78 106 82 76 77 84 105 79 85 81 107 86 113,simulation,db8,usage,36,50,50,0
W-NN,W-NN:k=1,2,,0.0,0.102,72 117 73 81 119 118 107 80 58 82 110 219 79 53 146 116 77 106 113 104,72 117 73 81 119 118 107 80 58 82 110 219 79 53 146 116 77 106 113 104,simulation,db8,energy,37,50,50,0
W-QDA,W-QDA:qda,2,,0.0,0.09,72 117 73 81 119 118 107 80 58 82 110 219 79 53 146 116 77 106 113 104,72 117 73 81 119 118 107 80 58 82 110 219 79 53 146 116 77 106 113 104,simulation,db8,energy,37,50,50,0
W-CART,W-CART:cart,2,,0.02,0.116,72 117 73 81 119 118 107 80 58 82 110 219 79 53 146 116 77 106 113 104,72 117 73 81 119 118 107 80 58 82 110 219 79 53 146 116 77 106 113 104,simulation,db8,energy,37,50,50,0
ALL,W-NN:k=1,2,,0.0,0.102,72 117 73 81 119 118 107 80 58 82 110 219 79 53 146 116 77 106 113 104,72 117 73 81 119 118 107 80 58 82 110 219 79 53 146 116 77 106 113 104,simulation,db8,energy,37,50,50,0
W-NN,W-NN:k=1,2,1.5,0.04,0.114,108 74 80 111 112 73 75 76 78 79 117 81 82 83 114 72 77 107 109 113,112 111 108 113 75 78 81 107 114 74 76 77 80 82 83 110 116 117 73 79,simulation,db8,usage,37,50,50,0
W-QDA,W-QDA:qda,15,2.0,0.0,0.05,73 108 74 109 112 76 115 116 72 78 80 81 83 107 110 111 113 77 82 75,112 111 108 113 75 78 81 107 114 74 76 77 80 82 83 110 116 117 73 79,simulation,db8,usage,37,50,50,0
W-CART,W-CART:cart,56,2.0,0.0,0.094,73 108 74 109 112 76 115 116 72 78 80 81 83 107 110 111 113 77 82 75,112 111 108 113 75 78 81 107 114 74 76 77 80 82 83 110 116 117 73 79,simulation,db8,usage,37,50,50,0
ALL,W-QDA:qda,15,2.0,0.0,0.05,73 108 74 109 112 76 115 116 72 78 80 81 83 107 110 111 113 77 82 75,112 111 108 113 75 78 81 107 114 74 76 77 80 82 83 110 116 117 73 79,simulation,db8,usage,37,50,50,0
W-NN,W-NN:k=9,2,,0.16,0.188,75 116 73 74 102 115 78 76 121 36 81 34 87 57 80 77 114 117 110 112,75 116 73 74 102 115 78 76 121 36 81 34 87 57 80 77 114 117 110 112,simulation,db8,energy,38,50,50,0
W-QDA,W-QDA:qda,5,,0.08,0.052,75 116 73 74 102 115 78 76 121 36 81 34 87 57 80 77 114 117 110 112,75 116 73 74 102 115 78 76 121 36 81 34 87 57 80 77 114 117 110 112,simulation,db8,energy,38,50,50,0
W-CART,W-CART:cart,4,,0.08,0.116,75 116 73 74 102 115 78 76 121 36 81 34 87 57 80 77 114 117 110 112,75 116 73 74 102 115 78 76 121 36 81 34 87 57 80 77 114 117 110 112,simulation,db8,energy,38,50,50,0
ALL,W-CART:cart,4,,0.08,0.116,75 116 73 74 102 115 78 76 121 36 81 34 87 57 80 77 114 117 110 112,75 116 73 74 102 115 78 76 121 36 81 34 87 57 80 77 114 117 110 112,simulation,db8,energy,38,50,50,0
W-NN,W-NN:k=3,35,1.5,0.12,0.208,115 75 113 114 77 78 76 74 82 111 112 80 79 84 73 81 83 116 110 85,114 115 77 79 113 76 80 75 78 112 74 81 82 116 110 111 83 84 117 72,simulation,db8,usage,38,50,50,0
W-QDA,W-QDA:qda,20,2.0,0.08,0.054,115 75 114 76 78 77 112 74 113 80 82 111 81 84 110 73 83 116 79 109,114 115 77 79 113 76 80 75 78 112 74 81 82 116 110 111 83 84 117 72,simulation,db8,usage,38,50,50,0
W-CART,W-CART:cart,31,3.0,0.1,0.102,76 114 75 77 78 81 112 74 80 82 115 73 83 84 110 111 113 79 85 117,114 115 77 79 113 76 80 75 78 112 74 81 82 116 110 111 83 84 117 72,simulation,db8,usage,38,50,50,0
ALL,W-QDA:qda,20,2.0,0.08,0.054,115 75 114 76 78 77 112 74 113 80 82 111 81 84 110 73 83 116 79 109,114 115 77 79 113 76 80 75 78 112 74 81 82 116 110 111 83 84 117 72,simulation,db8,usage,38,50,50,0
W-NN,W-NN:k=1,6,,0.02,0.098,105 114 84 85 76 109 80 108 115 81 104 74 75 72 112 110 106 116 113 102,105 114 84 85 76 109 80 108 115 81 104 74 75 72 112 110 106 116 113 102,simulation,db8,energy,39,50,50,0
W-QDA,W-QDA:qda,3,,0.0,0.054,105 114 84 85 76 109 80 108 115 81 104 74 75 72 112 110 106 116 113 102,105 114 84 85 76 109 80 108 115 81 104 74 75 72 112 110 106 116 113 102,simulation,db8,energy,39,50,50,0
W-CART,W-CART:cart,4,,0.04,0.09,105 114 84 85 76 109 80 108 115 81 104 74 75 72 112 110 106 116 113 102,105 114 84 85 76 109 80 108 115 81 104 74 75 72 112 110 106 116 113 102,simulation,db8,energy,39,50,50,0
ALL,W-QDA:qda,3,,0.0,0.054,105 114 84 85 76 109 80 108 115 81 104 74 75 72 112 110 106 116 113 102,105 114 84 85 76 109 80 108 115 81 104 74 75 72 112 110 106 116 113 102,simulation,db8,energy,39,50,50,0
W-NN,W-NN:k=3,54,0.5,0.0,0.112,79 78 80 109 112 76 81 108 111 75 82 110 114 77 113 115 83 107 74 106,76 80 108 77 79 81 109 110 75 78 82 83 112 115 107 114 116 74 84 117,simulation,db8,usage,39,50,50,0
W-QDA,W-QDA:qda,21,1.0,0.02,0.05,76 80 108 77 79 81 109 110 75 78 82 83 112 115 107 114 116 74 84 117,76 80 108 77 79 81 109 110 75 78 82 83 112 115 107 114 116 74 84 117,simulation,db8,usage,39,50,50,0
W-CART,W-CART:cart,20,0.5,0.06,0.116,79 78 80 109 112 76 81 108 111 75 82 110 114 77 113 115 83 107 74 106,76 80 108 77 79 81 109 110 75 78 82 83 112 115 107 114 116 74 84 117,simulation,db8,usage,39,50,50,0
ALL,W-NN:k=3,54,0.5,0.0,0.112,79 78 80 109 112 76 81 108 111 75 82 110 114 77 113 115 83 107 74 106,76 80 108 77 79 81 109 110 75 78 82 83 112 115 107 114 116 74 84 117,simulation,db8,usage,39,50,50,0
W-NN,W-NN:k=1,15,,0.04,0.122,41 82 108 107 85 83 106 87 58 84 54 73 36 217 71 109 105 119 72 74,41 82 108 107 85 83 106 87 58 84 54 73 36 217 71 109 105 119 72 74,simulation,db8,energy,40,50,50,0
W-QDA,W-QDA:qda,5,,0.1,0.138,41 82 108 107 85 83 106 87 58 84 54 73 36 217 71 109 105 119 72 74,41 82 108 107 85 83 106 87 58 84 54 73 36 217 71 109 105 119 72 74,simulation,db8,energy,40,50,50,0
W-CART,W-CART:cart,5,,0.1,0.112,41 82 108 107 85 83 106 87 58 84 54 73 36 217 71 109 105 119 72 74,41 82 108 107 85 83 106 87 58 84 54 73 36 217 71 109 105 119 72 74,simulation,db8,energy,40,50,50,0
ALL,W-NN:k=1,15,,0.04,0.122,41 82 108 107 85 83 106 87 58 84 54 73 36 217 71 109 105 119 72 74,41 82 108 107 85 83 106 87 58 84 54 73 36 217 71 109 105 119 72 74,simulation,db8,energy,40,50,50,0
W-NN,W-NN:k=5,21,3.0,0.04,0.19,82 74 75 106 108 114 73 78 83 84 85 109 76 77 80 115 72 79 86 107,78 110 82 115 76 79 114 113 116 75 77 83 107 74 80 109 111 84 117 73,simulation,db8,usage,40,50,50,0
W-QDA,W-QDA:qda,12,1.0,0.0,0.096,78 110 82 115 76 79 114 113 116 75 77 83 107 74 80 109 111 84 117 73,78 110 82 115 76 79 114 113 116 75 77 83 107 74 80 109 111 84 117 73,simulation,db8,usage,40,50,50,0
W-CART,W-CART:cart,10,1.0,0.06,0.116,78 110 82 115 76 79 114 113 116 75 77 83 107 74 80 109 111 84 117 73,78 110 82 115 76 79 114 113 116 75 77 83 107 74 80 109 111 84 117 73,simulation,db8,usage,40,50,50,0
ALL,W-QDA:qda,12,1.0,0.0,0.096,78 110 82 115 76 79 114 113 116 75 77 83 107 74 80 109 111 84 117 73,78 110 82 115 76 79 114 113 116 75 77 83 107 74 80 109 111 84 117 73,simulation,db8,usage,40,50,50,0
W-NN,W-NN:k=1,17,,0.06,0.214,113 112 80 76 109 81 79 85 105 84 104 82 110 108 103 116 115 77 78 87,113 112 80 76 109 81 79 85 105 84 104 82 110 108 103 116 115 77 78 87,simulation,db8,energy,41,50,50,0
W-QDA,W-QDA:qda,18,,0.02,0.096,113 112 80 76 109 81 79 85 105 84 104 82 110 108 103 116 115 77 78 87,113 112 80 76 109 81 79 85 105 84 104 82 110 108 103 116 115 77 78 87,simulation,db8,energy,41,50,50,0
W-CART,W-CART:cart,8,,0.06,0.128,113 112 80 76 109 81 79 85 105 84 104 82 110 108 103 116 115 77 78 87,113 112 80 76 109 81 79 85 105 84 104 82 110 108 103 116 115 77 78 87,simulation,db8,energy,41,50,50,0
ALL,W-QDA:qda,18,,0.02,0.096,113 112 80 76 109 81 79 85 105 84 104 82 110 108 103 116 115 77 78 87,113 112 80 76 109 81 79 85 105 84 104 82 110 108 103 116 115 77 78 87,simulation,db8,energy,41,50,50,0
W-NN,W-NN:k=1,14,0.5,0.02,0.182,111 80 82 108 109 110 79 106 112 113 77 78 81 83 75 115 157 84 107 114,109 80 111 110 108 79 82 112 113 114 77 78 81 106 115 76 83 84 107 75,simulation,db8,usage,41,50,50,0
W-QDA,W-QDA:qda,8,1.5,0.02,0.158,109 110 112 79 82 113 77 80 106 111 115 114 76 108 78 81 84 104 105 116,109 80 111 110 108 79 82 112 113 114 77 78 81 106 115 76 83 84 107 75,simulation,db8,usage,41,50,50,0
W-CART,W-CART:cart,10,3.0,0.02,0.13,112 113 77 109 110 79 80 111 82 105 115 78 84 104 106 114 75 86 108 76,109 80 111 110 108 79 82 112 113 114 77 78 81 106 115 76 83 84 107 75,simulation,db8,usage,41,50,50,0
ALL,W-QDA:qda,8,1.5,0.02,0.158,109 110 112 79 82 113 77 80 106 111 115 114 76 108 78 81 84 104 105 116,109 80 111 110 108 79 82 112 113 114 77 78 81 106 115 76 83 84 107 75,simulation,db8,usage,41,50,50,0
W-NN,W-NN:k=3,1,,0.1,0.114,87 104 51 118 174 88 111 75 116 86 85 103 110 105 117 84 76 113 43 80,87 104 51 118 174 88 111 75 116 86 85 103 110 105 117 84 76 113 43 80,simulation,db8,energy,42,50,50,0
W-QDA,W-QDA:qda,15,,0.04,0.04,87 104 51 118 174 88 111 75 116 86 85 103 110 105 117 84 76 113 43 80,87 104 51 118 174 88 111 75 116 86 85 103 110 105 117 84 76 113 43 80,simulation,db8,energy,42,50,50,0
W-CART,W-CART:cart,5,,0.08,0.106,87 104 51 118 174 88 111 75 116 86 85 103 110 105 117 84 76 113 43 80,87 104 51 118 174 88 111 75 116 86 85 103 110 105 117 84 76 113 43 80,simulation,db8,energy,42,50,50,0
ALL,W-QDA:qda,15,,0.04,0.04,87 104 51 118 174 88 111 75 116 86 85 103 110 105 117 84 76 113 43 80,87 104 51 118 174 88 111 75 116 86 85 103 110 105 117 84 76 113 43 80,simulation,db8,energy,42,50,50,0
W-NN,W-NN:k=1,17,0.5,0.04,0.102,76 77 79 110 78 111 113 112 74 81 114 80 108 106 109 83 85 116 117 118,77 78 85 114 113 115 76 80 83 106 111 112 117 75 108 110 118 74 81 109,simulation,db8,usage,42,50,50,0
W-QDA,W-QDA:qda,21,1.5,0.02,0.058,77 75 78 118 76 113 115 108 111 117 80 81 83 85 109 114 72 74 86 104,77 78 85 114 113 115 76 80 83 106 111 112 117 75 108 110 118 74 81 109,simulation,db8,usage,42,50,50,0
W-CART,W-CART:cart,15,3.0,0.08,0.114,77 113 75 118 76 104 74 73 106 112 117 80 84 86 88 103 105 108 109 110,77 78 85 114 113 115 76 80 83 106 111 112 117 75 108 110 118 74 81 109,simulation,db8,usage,42,50,50,0
ALL,W-QDA:qda,21,1.5,0.02,0.058,77 75 78 118 76 113 115 108 111 117 80 81 83 85 109 114 72 74 86 104,77 78 85 114 113 115 76 80 83 106 111 112 117 75 108 110 118 74 81 109,simulation,db8,usage,42,50,50,0
W-NN,W-NN:k=5,31,,0.06,0.148,102 75 101 117 114 115 89 73 81 74 77 106 105 72 112 111 85 118 119 79,102 75 101 117 114 115 89 73 81 74 77 106 105 72 112 111 85 118 119 79,simulation,db8,energy,43,50,50,0
W-QDA,W-QDA:qda,13,,0.04,0.05,102 75 101 117 114 115 89 73 81 74 77 106 105 72 112 111 85 118 119 79,102 75 101 117 114 115 89 73 81 74 77 106 105 72 112 111 85 118 119 79,simulation,db8,energy,43,50,50,0
W-CART,W-CART:cart,10,,0.08,0.164,102 75 101 117 114 115 89 73 81 74 77 106 105 72 112 111 85 118 119 79,102 75 101 117 114 115 89 73 81 74 77 106 105 72 112 111 85 118 119 79,simulation,db8,energy,43,50,50,0
ALL,W-QDA:qda,13,,0.04,0.05,102 75 101 117 114 115 89 73 81 74 77 106 105 72 112 111 85 118 119 79,102 75 101 117 114 115 89 73 81 74 77 106 105 72 112 111 85 118 119 79,simulation,db8,energy,43,50,50,0
W-NN,W-NN:k=3,1,3.0,0.08,0.156,73 74 114 72 117 118 77 82 75 107 116 71 84 111 112 113 115 76 83 108,114 73 78 76 74 110 116 75 77 82 112 113 72 81 111 115 117 79 109 80,simulation,db8,usage,43,50,50,0
W-QDA,W-QDA:qda,2,3.0,0.06,0.082,73 74 114 72 117 118 77 82 75 107 116 71 84 111 112 113 115 76 83 108,114 73 78 76 74 110 116 75 77 82 112 113 72 81 111 115 117 79 109 80,simulation,db8,usage,43,50,50,0
W-CART,W-CART:cart,25,0.5,0.04,0.132,78 112 79 114 113 110 81 74 77 80 82 111 115 73 109 116 75 76 108 117,114 73 78 76 74 110 116 75 77 82 112 113 72 81 111 115 117 79 109 80,simulation,db8,usage,43,50,50,0
ALL,W-CART:cart,25,0.5,0.04,0.132,78 112 79 114 113 110 81 74 77 80 82 111 115 73 109 116 75 76 108 117,114 73 78 76 74 110 116 75 77 82 112 113 72 81 111 115 117 79 109 80,simulation,db8,usage,43,50,50,0
W-NN,W-NN:k=1,5,,0.1,0.14,73 74 114 75 104 115 86 58 72 40 70 112 83 84 108 113 54 76 38 57,73 74 114 75 104 115 86 58 72 40 70 112 83 84 108 113 54 76 38 57,simulation,db8,energy,44,50,50,0
W-QDA,W-QDA:qda,8,,0.06,0.104,73 74 114 75 104 115 86 58 72 40 70 112 83 84 108 113 54 76 38 57,73 74 114 75 104 115 86 58 72 40 70 112 83 84 108 113 54 76 38 57,simulation,db8,energy,44,50,50,0
W-CART,W-CART:cart,43,,0.08,0.162,73 74 114 75 104 115 86 58 72 40 70 112 83 84 108 113 54 76 38 57,73 74 114 75 104 115 86 58 72 40 70 112 83 84 108 113 54 76 38 57,simulation,db8,energy,44,50,50,0
ALL,W-QDA:qda,8,,0.06,0.104,73 74 114 75 104 115 86 58 72 40 70 112 83 84 108 113 54 76 38 57,73 74 114 75 104 115 86 58 72 40 70 112 83 84 108 113 54 76 38 57,simulation,db8,energy,44,50,50,0
W-NN,W-NN:k=1,15,0.5,0.1,0.186,110 78 79 111 80 82 76 83 112 114 116 81 109 74 107 108 73 75 77 113,111 76 78 79 112 80 83 109 110 114 115 73 74 75 81 116 117 77 82 113,simulation,db8,usage,44,50,50,0
W-QDA,W-QDA:qda,4,1.5,0.08,0.176,76 112 114 74 78 79 75 111 73 80 115 83 109 117 81 82 110 113 107 77,111 76 78 79 112 80 83 109 110 114 115 73 74 75 81 116 117 77 82 113,simulation,db8,usage,44,50,50,0
W-CART,W-CART:cart,27,1.5,0.08,0.156,76 112 114 74 78 79 75 111 73 80 115 83 109 117 81 82 110 113 107 77,111 76 78 79 112 80 83 109 110 114 115 73 74 75 81 116 117 77 82 113,simulation,db8,usage,44,50,50,0
ALL,W-QDA:qda,4,1.5,0.08,0.176,76 112 114 74 78 79 75 111 73 80 115 83 109 117 81 82 110 113 107 77,111 76 78 79 112 80 83 109 110 114 115 73 74 75 81 116 117 77 82 113,simulation,db8,usage,44,50,50,0
W-NN,W-NN:k=3,1,,0.06,0.138,118 72 71 117 73 74 84 119 58 36 116 120 78 35 37 87 108 113 75 70,118 72 71 117 73 74 84 119 58 36 116 120 78 35 37 87 108 113 75 70,simulation,db8,energy,45,50,50,0
W-QDA,W-QDA:qda,2,,0.02,0.092,118 72 71 117 73 74 84 119 58 36 116 120 78 35 37 87 108 113 75 70,118 72 71 117 73 74 84 119 58 36 116 120 78 35 37 87 108 113 75 70,simulation,db8,energy,45,50,50,0
W-CART,W-CART:cart,2,,0.06,0.138,118 72 71 117 73 74 84 119 58 36 116 120 78 35 37 87 108 113 75 70,118 72 71 117 73 74 84 119 58 36 116 120 78 35 37 87 108 113 75 70,simulation,db8,energy,45,50,50,0
ALL,W-QDA:qda,2,,0.02,0.092,118 72 71 117 73 74 84 119 58 36 116 120 78 35 37 87 108 113 75 70,118 72 71 117 73 74 84 119 58 36 116 120 78 35 37 87 108 113 75 70,simulation,db8,energy,45,50,50,0
W-NN,W-NN:k=1,2,3.0,0.02,0.102,116 117 118 73 74 75 106 71 81 107 115 72 82 85 109 119 76 77 83 84,116 78 74 79 114 117 72 111 115 118 77 80 108 73 81 83 107 110 75 84,simulation,db8,usage,45,50,50,0
W-QDA,W-QDA:qda,3,2.0,0.02,0.092,74 115 118 117 116 75 72 73 80 81 106 119 76 79 84 109 111 77 78 82,116 78 74 79 114 117 72 111 115 118 77 80 108 73 81 83 107 110 75 84,simulation,db8,usage,45,50,50,0
W-CART,W-CART:cart,8,0.5,0.04,0.096,116 77 115 76 78 114 73 111 112 72 75 79 110 113 117 74 80 119 81 109,116 78 74 79 114 117 72 111 115 118 77 80 108 73 81 83 107 110 75 84,simulation,db8,usage,45,50,50,0
ALL,W-NN:k=1,2,3.0,0.02,0.102,116 117 118 73 74 75 106 71 81 107 115 72 82 85 109 119 76 77 83 84,116 78 74 79 114 117 72 111 115 118 77 80 108 73 81 83 107 110 75 84,simulation,db8,usage,45,50,50,0
W-NN,W-NN:k=3,5,,0.04,0.156,117 71 106 104 85 76 118 72 115 108 119 107 82 75 83 84 109 88 105 73,117 71 106 104 85 76 118 72 115 108 119 107 82 75 83 84 109 88 105 73,simulation,db8,energy,46,50,50,0
W-QDA,W-QDA:qda,6,,0.0,0.038,117 71 106 104 85 76 118 72 115 108 119 107 82 75 83 84 109 88 105 73,117 71 106 104 85 76 118 72 115 108 119 107 82 75 83 84 109 88 105 73,simulation,db8,energy,46,50,50,0
W-CART,W-CART:cart,34,,0.1,0.132,117 71 106 104 85 76 118 72 115 108 119 107 82 75 83 84 109 88 105 73,117 71 106 104 85 76 118 72 115 108 119 107 82 75 83 84 109 88 105 73,simulation,db8,energy,46,50,50,0
ALL,W-QDA:qda,6,,0.0,0.038,117 71 106 104 85 76 118 72 115 108 119 107 82 75 83 84 109 88 105 73,117 71 106 104 85 76 118 72 115 108 119 107 82 75 83 84 109 88 105 73,simulation,db8,energy,46,50,50,0
W-NN,W-NN:k=1,19,0.5,0.02,0.126,108 78 111 79 81 84 80 83 105 115 76 82 106 107 109 110 74 113 116 114,80 106 108 78 81 110 111 79 114 82 84 107 109 115 112 113 116 76 77 83,simulation,db8,usage,46,50,50,0
W-QDA,W-QDA:qda,14,1.5,0.06,0.056,108 106 84 109 78 79 80 81 113 104 107 110 115 76 82 85 86 111 112 83,80 106 108 78 81 110 111 79 114 82 84 107 109 115 112 113 116 76 77 83,simulation,db8,usage,46,50,50,0
W-CART,W-CART:cart,2,1.0,0.08,0.122,80 106 108 78 81 110 111 79 114 82 84 107 109 115 112 113 116 76 77 83,80 106 108 78 81 110 111 79 114 82 84 107 109 115 112 113 116 76 77 83,simulation,db8,usage,46,50,50,0
ALL,W-NN:k=1,19,0.5,0.02,0.126,108 78 111 79 81 84 80 83 105 115 76 82 106 107 109 110 74 113 116 114,80 106 108 78 81 110 111 79 114 82 84 107 109 115 112 113 116 76 77 83,simulation,db8,usage,46,50,50,0
W-NN,W-NN:k=3,47,,0.04,0.194,165 72 87 88 218 71 86 118 102 166 85 35 114 84 104 53 70 73 237 103,165 72 87 88 218 71 86 118 102 166 85 35 114 84 104 53 70 73 237 103,simulation,db8,energy,47,50,50,0
W-QDA,W-QDA:qda,12,,0.0,0.056,165 72 87 88 218 71 86 118 102 166 85 35 114 84 104 53 70 73 237 103,165 72 87 88 218 71 86 118 102 166 85 35 114 84 104 53 70 73 237 103,simulation,db8,energy,47,50,50,0
W-CART,W-CART:cart,23,,0.08,0.104,165 72 87 88 218 71 86 118 102 166 85 35 114 84 104 53 70 73 237 103,165 72 87 88 218 71 86 118 102 166 85 35 114 84 104 53 70 73 237 103,simulation,db8,energy,47,50,50,0
ALL,W-QDA:qda,12,,0.0,0.056,165 72 87 88 218 71 86 118 102 166 85 35 114 84 104 53 70 73 237 103,165 72 87 88 218 71 86 118 102 166 85 35 114 84 104 53 70 73 237 103,simulation,db8,energy,47,50,50,0
W-NN,W-NN:k=5,1,2.0,0.04,0.184,83 84 79 80 85 116 73 82 86 104 118 74 87 107 108 117 75 76 81 88,80 79 84 85 82 83 86 108 116 109 111 74 76 106 107 72 75 78 81 113,simulation,db8,usage,47,50,50,0
W-QDA,W-QDA:qda,11,2.0,0.0,0.046,83 84 79 80 85 116 73 82 86 104 118 74 87 107 108 117 75 76 81 88,80 79 84 85 82 83 86 108 116 109 111 74 76 106 107 72 75 78 81 113,simulation,db8,usage,47,50,50,0
W-CART,W-CART:cart,2,2.0,0.06,0.176,83 84 79 80 85 116 73 82 86 104 118 74 87 107 108 117 75 76 81 88,80 79 84 85 82 83 86 108 116 109 111 74 76 106 107 72 75 78 81 113,simulation,db8,usage,47,50,50,0
ALL,W-QDA:qda,11,2.0,0.0,0.046,83 84 79 80 85 116 73 82 86 104 118 74 87 107 108 117 75 76 81 88,80 79 84 85 82 83 86 108 116 109 111 74 76 106 107 72 75 78 81 113,simulation,db8,usage,47,50,50,0
W-NN,W-NN:k=1,2,,0.06,0.17,114 71 117 116 106 75 38 72 118 74 119 85 120 73 115 170 76 34 60 36,114 71 117 116 106 75 38 72 118 74 119 85 120 73 115 170 76 34 60 36,simulation,db8,energy,48,50,50,0
W-QDA,W-QDA:qda,3,,0.02,0.102,114 71 117 116 106 75 38 72 118 74 119 85 120 73 115 170 76 34 60 36,114 71 117 116 106 75 38 72 118 74 119 85 120 73 115 170 76 34 60 36,simulation,db8,energy,48,50,50,0
W-CART,W-CART:cart,2,,0.08,0.14,114 71 117 116 106 75 38 72 118 74 119 85 120 73 115 170 76 34 60 36,114 71 117 116 106 75 38 72 118 74 119 85 120 73 115 170 76 34 60 36,simulation,db8,energy,48,50,50,0
ALL,W-QDA:qda,3,,0.02,0.102,114 71 117 116 106 75 38 72 118 74 119 85 120 73 115 170 76 34 60 36,114 71 117 116 106 75 38 72 118 74 119 85 120 73 115 170 76 34 60 36,simulation,db8,energy,48,50,50,0
W-NN,W-NN:k=1,12,0.5,0.04,0.15,75 78 76 77 113 114 115 74 79 83 110 112 116 81 82 111 108 117 73 107,78 76 77 74 75 79 112 113 116 110 73 111 114 115 118 72 107 109 82 83,simulation,db8,usage,48,50,50,0
W-QDA,W-QDA:qda,19,1.0,0.02,0.094,78 76 77 74 75 79 112 113 116 110 73 111 114 115 118 72 107 109 82 83,78 76 77 74 75 79 112 113 116 110 73 111 114 115 118 72 107 109 82 83,simulation,db8,usage,48,50,50,0
W-CART,W-CART:cart,10,1.5,0.04,0.16,75 77 78 76 110 74 109 112 114 116 113 115 118 72 108 111 117 73 82 84,78 76 77 74 75 79 112 113 116 110 73 111 114 115 118 72 107 109 82 83,simulation,db8,usage,48,50,50,0
ALL,W-QDA:qda,19,1.0,0.02,0.094,78 76 77 74 75 79 112 113 116 110 73 111 114 115 118 72 107 109 82 83,78 76 77 74 75 79 112 113 116 110 73 111 114 115 118 72 107 109 82 83,simulation,db8,usage,48,50,50,0
W-NN,W-NN:k=5,2,,0.04,0.148,72 73 119 114 117 116 75 74 71 115 59 77 106 85 76 78 82 58 110 118,72 73 119 114 117 116 75 74 71 115 59 77 106 85 76 78 82 58 110 118,simulation,db8,energy,49,50,50,0
W-QDA,W-QDA:qda,2,,0.02,0.11,72 73 119 114 117 116 75 74 71 115 59 77 106 85 76 78 82 58 110 118,72 73 119 114 117 116 75 74 71 115 59 77 106 85 76 78 82 58 110 118,simulation,db8,energy,49,50,50,0
W-CART,W-CART:cart,13,,0.0,0.138,72 73 119 114 117 116 75 74 71 115 59 77 106 85 76 78 82 58 110 118,72 73 119 114 117 116 75 74 71 115 59 77 106 85 76 78 82 58 110 118,simulation,db8,energy,49,50,50,0
ALL,W-CART:cart,13,,0.0,0.138,72 73 119 114 117 116 75 74 71 115 59 77 106 85 76 78 82 58 110 118,72 73 119 114 117 116 75 74 71 115 59 77 106 85 76 78 82 58 110 118,simulation,db8,energy,49,50,50,0
W-NN,W-NN:k=1,2,1.5,0.04,0.094,74 117 73 115 116 72 113 78 75 76 82 111 118 77 107 110 112 83 114 119,116 74 78 115 117 73 113 118 75 111 114 112 72 79 80 108 110 76 77 82,simulation,db8,usage,49,50,50,0
W-QDA,W-QDA:qda,2,1.5,0.08,0.08,74 117 73 115 116 72 113 78 75 76 82 111 118 77 107 110 112 83 114 119,116 74 78 115 117 73 113 118 75 111 114 112 72 79 80 108 110 76 77 82,simulation,db8,usage,49,50,50,0
W-CART,W-CART:cart,5,3.0,0.0,0.138,74 116 117 73 72 76 113 82 114 78 115 118 75 112 71 111 77 83 108 119,116 74 78 115 117 73 113 118 75 111 114 112 72 79 80 108 110 76 77 82,simulation,db8,usage,49,50,50,0
ALL,W-CART:cart,5,3.0,0.0,0.138,74 116 117 73 72 76 113 82 114 78 115 118 75 112 71 111 77 83 108 119,116 74 78 115 117 73 113 118 75 111 114 112 72 79 80 108 110 76 77 82,simulation,db8,usage,49,50,50,0
W-NN,W-NN:k=1,13,,0.08,0.118,81 82 109 83 71 107 108 218 164 110 114 77 84 116 72 75 115 80 111 79,81 82 109 83 71 107 108 218 164 110 114 77 84 116 72 75 115 80 111 79,simulation,db8,energy,50,50,50,0
W-QDA,W-QDA:qda,18,,0.02,0.074,81 82 109 83 71 107 108 218 164 110 114 77 84 116 72 75 115 80 111 79,81 82 109 83 71 107 108 218 164 110 114 77 84 116 72 75 115 80 111 79,simulation,db8,energy,50,50,50,0
W-CART,W-CART:cart,57,,0.12,0.208,81 82 109 83 71 107 108 218 164 110 114 77 84 116 72 75 115 80 111 79,81 82 109 83 71 107 108 218 164 110 114 77 84 116 72 75 115 80 111 79,simulation,db8,energy,50,50,50,0
ALL,W-QDA:qda,18,,0.02,0.074,81 82 109 83 71 107 108 218 164 110 114 77 84 116 72 75 115 80 111 79,81 82 109 83 71 107 108 218 164 110 114 77 84 116 72 75 115 80 111 79,simulation,db8,energy,50,50,50,0
W-NN,W-NN:k=1,10,3.0,0.06,0.154,81 82 114 77 78 110 111 115 116 76 83 113 73 80 112 72 79 84 108 109,112 77 79 81 76 80 110 113 114 82 108 115 111 116 75 78 84 109 74 83,simulation,db8,usage,50,50,50,0
W-QDA,W-QDA:qda,6,2.0,0.06,0.074,77 115 82 81 114 74 113 116 78 80 108 110 112 117 109 111 76 79 83 84,112 77 79 81 76 80 110 113 114 82 108 115 111 116 75 78 84 109 74 83,simulation,db8,usage,50,50,50,0
W-CART,W-CART:cart,9,2.0,0.06,0.134,77 115 82 81 114 74 113 116 78 80 108 110 112 117 109 111 76 79 83 84,112 77 79 81 76 80 110 113 114 82 108 115 111 116 75 78 84 109 74 83,simulation,db8,usage,50,50,50,0
ALL,W-QDA:qda,6,2.0,0.06,0.074,77 115 82 81 114 74 113 116 78 80 108 110 112 117 109 111 76 79 83 84,112 77 79 81 76 80 110 113 114 82 108 115 111 116 75 78 84 109 74 83,simulation,db8,usage,50,50,50,0
W-NN,W-NN:k=1,4,,0.04,0.11,118 106 72 71 119 114 78 77 85 115 104 84 113 80 110 82 111 109 112 38,118 106 72 71 119 114 78 77 85 115 104 84 113 80 110 82 111 109 112 38,simulation,db8,energy,51,50,50,0
W-QDA,W-QDA:qda,8,,0.0,0.052,118 106 72 71 119 114 78 77 85 115 104 84 113 80 110 82 111 109 112 38,118 106 72 71 119 114 78 77 85 115 104 84 113 80 110 82 111 109 112 38,simulation,db8,energy,51,50,50,0
W-CART,W-CART:cart,47,,0.04,0.116,118 106 72 71 119 114 78 77 85 115 104 84 113 80 110 82 111 109 112 38,118 106 72 71 119 114 78 77 85 115 104 84 113 80 110 82 111 109 112 38,simulation,db8,energy,51,50,50,0
ALL,W-QDA:qda,8,,0.0,0.052,118 106 72 71 119 114 78 77 85 115 104 84 113 80 110 82 111 109 112 38,118 106 72 71 119 114 78 77 85 115 104 84 113 80 110 82 111 109 112 38,simulation,db8,energy,51,50,50,0
W-NN,W-NN:k=5,26,0.5,0.04,0.158,78 79 77 80 112 113 114 110 111 108 76 109 74 84 115 75 81 83 107 116,113 80 112 78 79 77 111 114 109 76 107 108 110 84 81 83 115 75 116 73,simulation,db8,usage,51,50,50,0
W-QDA,W-QDA:qda,22,2.0,0.04,0.04,112 113 77 108 111 79 107 114 80 84 110 115 74 75 109 116 118 73 76 83,113 80 112 78 79 77 111 114 109 76 107 108 110 84 81 83 115 75 116 73,simulation,db8,usage,51,50,50,0
W-CART,W-CART:cart,32,0.5,0.04,0.116,78 79 77 80 112 113 114 110 111 108 76 109 74 84 115 75 81 83 107 116,113 80 112 78 79 77 111 114 109 76 107 108 110 84 81 83 115 75 116 73,simulation,db8,usage,51,50,50,0
ALL,W-QDA:qda,22,2.0,0.04,0.04,112 113 77 108 111 79 107 114 80 84 110 115 74 75 109 116 118 73 76 83,113 80 112 78 79 77 111 114 109 76 107 108 110 84 81 83 115 75 116 73,simulation,db8,usage,51,50,50,0
W-NN,W-NN:k=5,7,,0.1,0.194,84 81 118 83 116 215 115 80 119 75 78 114 109 112 82 144 89 117 216 85,84 81 118 83 116 215 115 80 119 75 78 114 109 112 82 144 89 117 216 85,simulation,db8,energy,52,50,50,0
W-QDA,W-QDA:qda,19,,0.0,0.05,84 81 118 83 116 215 115 80 119 75 78 114 109 112 82 144 89 117 216 85,84 81 118 83 116 215 115 80 119 75 78 114 109 112 82 144 89 117 216 85,simulation,db8,energy,52,50,50,0
W-CART,W-CART:cart,6,,0.06,0.118,84 81 118 83 116 215 115 80 119 75 78 114 109 112 82 144 89 117 216 85,84 81 118 83 116 215 115 80 119 75 78 114 109 112 82 144 89 117 216 85,simulation,db8,energy,52,50,50,0
ALL,W-QDA:qda,19,,0.0,0.05,84 81 118 83 116 215 115 80 119 75 78 114 109 112 82 144 89 117 216 85,84 81 118 83 116 215 115 80 119 75 78 114 109 112 82 144 89 117 216 85,simulation,db8,energy,52,50,50,0
W-NN,W-NN:k=1,11,1.5,0.06,0.144,114 115 79 81 74 75 113 116 80 108 109 112 76 82 83 110 77 111 117 78,112 114 81 78 79 110 76 108 113 115 74 75 77 80 116 82 83 109 117 84,simulation,db8,usage,52,50,50,0
W-QDA,W-QDA:qda,20,2.0,0.0,0.058,115 75 109 114 116 81 113 74 79 80 82 110 117 76 77 78 108 84 85 106,112 114 81 78 79 110 76 108 113 115 74 75 77 80 116 82 83 109 117 84,simulation,db8,usage,52,50,50,0
W-CART,W-CART:cart,3,2.0,0.1,0.118,115 75 109 114 116 81 113 74 79 80 82 110 117 76 77 78 108 84 85 106,112 114 81 78 79 110 76 108 113 115 74 75 77 80 116 82 83 109 117 84,simulation,db8,usage,52,50,50,0
ALL,W-QDA:qda,20,2.0,0.0,0.058,115 75 109 114 116 81 113 74 79 80 82 110 117 76 77 78 108 84 85 106,112 114 81 78 79 110 76 108 113 115 74 75 77 80 116 82 83 109 117 84,simulation,db8,usage,52,50,50,0
W-NN,W-NN:k=1,17,,0.06,0.138,53 77 113 56 83 107 109 106 84 150 115 108 78 76 55 79 88 112 116 155,53 77 113 56 83 107 109 106 84 150 115 108 78 76 55 79 88 112 116 155,simulation,db8,energy,53,50,50,0
W-QDA,W-QDA:qda,11,,0.0,0.034,53 77 113 56 83 107 109 106 84 150 115 108 78 76 55 79 88 112 116 155,53 77 113 56 83 107 109 106 84 150 115 108 78 76 55 79 88 112 116 155,simulation,db8,energy,53,50,50,0
W-CART,W-CART:cart,11,,0.08,0.218,53 77 113 56 83 107 109 106 84 150 115 108 78 76 55 79 88 112 116 155,53 77 113 56 83 107 109 106 84 150 115 108 78 76 55 79 88 112 116 155,simulation,db8,energy,53,50,50,0
ALL,W-QDA:qda,11,,0.0,0.034,53 77 113 56 83 107 109 106 84 150 115 108 78 76 55 79 88 112 116 155,53 77 113 56 83 107 109 106 84 150 115 108 78 76 55 79 88 112 116 155,simulation,db8,energy,53,50,50,0
W-NN,W-NN:k=1,12,3.0,0.08,0.152,110 109 81 82 83 84 108 112 79 107 77 106 111 104 80 85 86 75 76 78,110 81 82 111 80 112 79 113 78 83 84 108 109 106 107 85 77 114 115 76,simulation,db8,usage,53,50,50,0
W-QDA,W-QDA:qda,16,0.5,0.02,0.086,82 110 111 80 81 112 109 79 108 113 78 83 84 77 107 115 85 86 76 105,110 81 82 111 80 112 79 113 78 83 84 108 109 106 107 85 77 114 115 76,simulation,db8,usage,53,50,50,0
W-CART,W-CART:cart,21,1.5,0.06,0.098,110 79 81 82 80 84 108 109 83 107 111 112 113 78 85 106 75 86 114 77,110 81 82 111 80 112 79 113 78 83 84 108 109 106 107 85 77 114 115 76,simulation,db8,usage,53,50,50,0
ALL,W-QDA:qda,16,0.5,0.02,0.086,82 110 111 80 81 112 109 79 108 113 78 83 84 77 107 115 85 86 76 105,110 81 82 111 80 112 79 113 78 83 84 108 109 106 107 85 77 114 115 76,simulation,db8,usage,53,50,50,0
W-NN,W-NN:k=1,6,,0.18,0.184,81 109 82 83 87 80 108 79 53 221 110 102 220 40 218 219 76 84 112 54,81 109 82 83 87 80 108 79 53 221 110 102 220 40 218 219 76 84 112 54,simulation,db8,energy,54,50,50,0
W-QDA,W-QDA:qda,5,,0.14,0.118,81 109 82 83 87 80 108 79 53 221 110 102 220 40 218 219 76 84 112 54,81 109 82 83 87 80 108 79 53 221 110 102 220 40 218 219 76 84 112 54,simulation,db8,energy,54,50,50,0
W-CART,W-CART:cart,31,,0.16,0.146,81 109 82 83 87 80 108 79 53 221 110 102 220 40 218 219 76 84 112 54,81 109 82 83 87 80 108 79 53 221 110 102 220 40 218 219 76 84 112 54,simulation,db8,energy,54,50,50,0
ALL,W-QDA:qda,5,,0.14,0.118,81 109 82 83 87 80 108 79 53 221 110 102 220 40 218 219 76 84 112 54,81 109 82 83 87 80 108 79 53 221 110 102 220 40 218 219 76 84 112 54,simulation,db8,energy,54,50,50,0
W-NN,W-NN:k=1,14,0.5,0.08,0.116,81 80 79 82 109 111 107 78 83 106 84 110 76 85 108 77 112 113 114 86,79 80 81 78 83 85 109 110 84 106 82 111 76 105 107 108 114 77 112 113,simulation,db8,usage,54,50,50,0
W-QDA,W-QDA:qda,5,3.0,0.14,0.152,79 82 83 81 84 78 80 109 110 107 112 116 76 111 85 105 108 77 86 106,79 80 81 78 83 85 109 110 84 106 82 111 76 105 107 108 114 77 112 113,simulation,db8,usage,54,50,50,0
W-CART,W-CART:cart,14,1.5,0.14,0.136,79 80 78 81 83 110 109 84 85 82 106 76 77 105 107 111 112 114 108 115,79 80 81 78 83 85 109 110 84 106 82 111 76 105 107 108 114 77 112 113,simulation,db8,usage,54,50,50,0
ALL,W-NN:k=1,14,0.5,0.08,0.116,81 80 79 82 109 111 107 78 83 106 84 110 76 85 108 77 112 113 114 86,79 80 81 78 83 85 109 110 84 106 82 111 76 105 107 108 114 77 112 113,simulation,db8,usage,54,50,50,0
W-NN,W-NN:k=3,5,,0.12,0.152,112 107 108 106 84 109 82 81 80 83 78 116 110 72 114 159 160 74 75 41,112 107 108 106 84 109 82 81 80 83 78 116 110 72 114 159 160 74 75 41,simulation,db8,energy,55,50,50,0
W-QDA,W-QDA:qda,6,,0.12,0.146,112 107 108 106 84 109 82 81 80 83 78 116 110 72 114 159 160 74 75 41,112 107 108 106 84 109 82 81 80 83 78 116 110 72 114 159 160 74 75 41,simulation,db8,energy,55,50,50,0
W-CART,W-CART:cart,17,,0.1,0.144,112 107 108 106 84 109 82 81 80 83 78 116 110 72 114 159 160 74 75 41,112 107 108 106 84 109 82 81 80 83 78 116 110 72 114 159 160 74 75 41,simulation,db8,energy,55,50,50,0
ALL,W-CART:cart,17,,0.1,0.144,112 107 108 106 84 109 82 81 80 83 78 116 110 72 114 159 160 74 75 41,112 107 108 106 84 109 82 81 80 83 78 116 110 72 114 159 160 74 75 41,simulation,db8,energy,55,50,50,0
W-NN,W-NN:k=3,3,1.5,0.1,0.19,81 82 106 107 108 109 84 110 80 83 105 85 111 114 79 86 112 113 76 75,81 107 82 83 84 108 109 80 106 110 105 86 111 113 79 78 112 114 85 75,simulation,db8,usage,55,50,50,0
W-QDA,W-QDA:qda,4,0.5,0.12,0.174,81 82 107 109 80 106 83 110 84 105 108 111 112 113 79 77 85 86 78 220,81 107 82 83 84 108 109 80 106 110 105 86 111 113 79 78 112 114 85 75,simulation,db8,usage,55,50,50,0
W-CART,W-CART:cart,19,3.0,0.06,0.128,109 107 81 84 108 80 82 83 106 110 105 79 86 85 113 114 73 74 78 104,81 107 82 83 84 108 109 80 106 110 105 86 111 113 79 78 112 114 85 75,simulation,db8,usage,55,50,50,0
ALL,W-CART:cart,19,3.0,0.06,0.128,109 107 81 84 108 80 82 83 106 110 105 79 86 85 113 114 73 74 78 104,81 107 82 83 84 108 109 80 106 110 105 86 111 113 79 78 112 114 85 75,simulation,db8,usage,55,50,50,0
W-NN,W-NN:k=1,2,,0.04,0.064,72 104 111 42 74 71 118 117 110 80 78 73 112 105 103 113 79 86 77 114,72 104 111 42 74 71 118 117 110 80 78 73 112 105 103 113 79 86 77 114,simulation,db8,energy,56,50,50,0
W-QDA,W-QDA:qda,4,,0.04,0.052,72 104 111 42 74 71 118 117 110 80 78 73 112 105 103 113 79 86 77 114,72 104 111 42 74 71 118 117 110 80 78 73 112 105 103 113 79 86 77 114,simulation,db8,energy,56,50,50,0
W-CART,W-CART:cart,5,,0.08,0.108,72 104 111 42 74 71 118 117 110 80 78 73 112 105 103 113 79 86 77 114,72 104 111 42 74 71 118 117 110 80 78 73 112 105 103 113 79 86 77 114,simulation,db8,energy,56,50,50,0
ALL,W-NN:k=1,2,,0.04,0.064,72 104 111 42 74 71 118 117 110 80 78 73 112 105 103 113 79 86 77 114,72 104 111 42 74 71 118 117 110 80 78 73 112 105 103 113 79 86 77 114,simulation,db8,energy,56,50,50,0
W-NN,W-NN:k=3,11,0.5,0.04,0.136,110 78 112 80 81 79 109 111 76 107 114 75 77 108 113 74 82 73 83 84,110 78 109 112 111 75 80 113 79 74 77 108 114 117 76 82 85 107 104 115,simulation,db8,usage,56,50,50,0
W-QDA,W-QDA:qda,16,3.0,0.0,0.056,112 79 80 104 107 110 111 113 109 114 74 77 78 83 84 85 103 105 117 73,110 78 109 112 111 75 80 113 79 74 77 108 114 117 76 82 85 107 104 115,simulation,db8,usage,56,50,50,0
W-CART,W-CART:cart,16,3.0,0.04,0.096,112 79 80 104 107 110 111 113 109 114 74 77 78 83 84 85 103 105 117 73,110 78 109 112 111 75 80 113 79 74 77 108 114 117 76 82 85 107 104 115,simulation,db8,usage,56,50,50,0
ALL,W-QDA:qda,16,3.0,0.0,0.056,112 79 80 104 107 110 111 113 109 114 74 77 78 83 84 85 103 105 117 73,110 78 109 112 111 75 80 113 79 74 77 108 114 117 76 82 85 107 104 115,simulation,db8,usage,56,50,50,0
W-NN,W-NN:k=3,3,,0.04,0.12,74 117 37 116 115 76 87 111 106 55 73 75 112 118 114 36 57 42 52 79,74 117 37 116 115 76 87 111 106 55 73 75 112 118 114 36 57 42 52 79,simulation,db8,energy,57,50,50,0
W-QDA,W-QDA:qda,1,,0.08,0.152,74 117 37 116 115 76 87 111 106 55 73 75 112 118 114 36 57 42 52 79,74 117 37 116 115 76 87 111 106 55 73 75 112 118 114 36 57 42 52 79,simulation,db8,energy,57,50,50,0
W-CART,W-CART:cart,8,,0.08,0.128,74 117 37 116 115 76 87 111 106 55 73 75 112 118 114 36 57 42 52 79,74 117 37 116 115 76 87 111 106 55 73 75 112 118 114 36 57 42 52 79,simulation,db8,energy,57,50,50,0
ALL,W-NN:k=3,3,,0.04,0.12,74 117 37 116 115 76 87 111 106 55 73 75 112 118 114 36 57 42 52 79,74 117 37 116 115 76 87 111 106 55 73 75 112 118 114 36 57 42 52 79,simulation,db8,energy,57,50,50,0
W-NN,W-NN:k=3,2,2.0,0.06,0.146,75 116 76 77 74 114 115 78 109 118 107 73 80 85 112 117 72 110 84 86,114 76 77 78 75 79 112 116 84 111 113 117 73 80 109 110 115 118 74 82,simulation,db8,usage,57,50,50,0
W-QDA,W-QDA:qda,3,3.0,0.06,0.134,75 74 76 114 116 112 115 118 77 86 109 117 73 87 106 107 108 113 72 78,114 76 77 78 75 79 112 116 84 111 113 117 73 80 109 110 115 118 74 82,simulation,db8,usage,57,50,50,0
W-CART,W-CART:cart,6,1.5,0.1,0.124,114 77 116 76 78 118 73 75 74 80 109 79 115 117 110 111 72 107 112 113,114 76 77 78 75 79 112 116 84 111 113 117 73 80 109 110 115 118 74 82,simulation,db8,usage,57,50,50,0
ALL,W-NN:k=3,2,2.0,0.06,0.146,75 116 76 77 74 114 115 78 109 118 107 73 80 85 112 117 72 110 84 86,114 76 77 78 75 79 112 116 84 111 113 117 73 80 109 110 115 118 74 82,simulation,db8,usage,57,50,50,0
W-NN,W-NN:k=5,2,,0.08,0.132,83 75 110 106 82 80 109 53 81 108 42 84 107 105 111 112 76 78 116 40,83 75 110 106 82 80 109 53 81 108 42 84 107 105 111 112 76 78 116 40,simulation,db8,energy,58,50,50,0
W-QDA,W-QDA:qda,3,,0.04,0.118,83 75 110 106 82 80 109 53 81 108 42 84 107 105 111 112 76 78 116 40,83 75 110 106 82 80 109 53 81 108 42 84 107 105 111 112 76 78 116 40,simulation,db8,energy,58,50,50,0
W-CART,W-CART:cart,8,,0.08,0.124,83 75 110 106 82 80 109 53 81 108 42 84 107 105 111 112 76 78 116 40,83 75 110 106 82 80 109 53 81 108 42 84 107 105 111 112 76 78 116 40,simulation,db8,energy,58,50,50,0
ALL,W-QDA:qda,3,,0.04,0.118,83 75 110 106 82 80 109 53 81 108 42 84 107 105 111 112 76 78 116 40,83 75 110 106 82 80 109 53 81 108 42 84 107 105 111 112 76 78 116 40,simulation,db8,energy,58,50,50,0
W-NN,W-NN:k=3,24,1.0,0.04,0.194,113 110 111 112 109 80 81 83 107 79 84 108 77 114 78 82 85 76 106 115,113 110 111 112 109 80 81 83 107 79 84 108 77 114 78 82 85 76 106 115,simulation,db8,usage,58,50,50,0
W-QDA,W-QDA:qda,10,0.5,0.04,0.166,112 110 113 108 111 80 83 109 77 79 81 107 114 115 84 82 76 78 106 85,113 110 111 112 109 80 81 83 107 79 84 108 77 114 78 82 85 76 106 115,simulation,db8,usage,58,50,50,0
W-CART,W-CART:cart,35,1.5,0.08,0.142,110 81 83 113 111 112 80 109 84 108 107 79 77 82 85 76 78 106 115 116,113 110 111 112 109 80 81 83 107 79 84 108 77 114 78 82 85 76 106 115,simulation,db8,usage,58,50,50,0
ALL,W-QDA:qda,10,0.5,0.04,0.166,112 110 113 108 111 80 83 109 77 79 81 107 114 115 84 82 76 78 106 85,113 110 111 112 109 80 81 83 107 79 84 108 77 114 78 82 85 76 106 115,simulation,db8,usage,58,50,50,0
W-NN,W-NN:k=1,12,,0.06,0.122,88 144 87 71 104 103 119 102 73 101 83 107 43 111 105 81 78 79 84 59,88 144 87 71 104 103 119 102 73 101 83 107 43 111 105 81 78 79 84 59,simulation,db8,energy,59,50,50,0
W-QDA,W-QDA:qda,12,,0.02,0.038,88 144 87 71 104 103 119 102 73 101 83 107 43 111 105 81 78 79 84 59,88 144 87 71 104 103 119 102 73 101 83 107 43 111 105 81 78 79 84 59,simulation,db8,energy,59,50,50,0
W-CART,W-CART:cart,53,,0.1,0.196,88 144 87 71 104 103 119 102 73 101 83 107 43 111 105 81 78 79 84 59,88 144 87 71 104 103 119 102 73 101 83 107 43 111 105 81 78 79 84 59,simulation,db8,energy,59,50,50,0
ALL,W-QDA:qda,12,,0.02,0.038,88 144 87 71 104 103 119 102 73 101 83 107 43 111 105 81 78 79 84 59,88 144 87 71 104 103 119 102 73 101 83 107 43 111 105 81 78 79 84 59,simulation,db8,energy,59,50,50,0
W-NN,W-NN:k=1,2,2.0,0.06,0.1,83 104 108 86 110 85 111 84 106 109 79 81 87 105 113 77 78 80 103 107,107 83 110 81 85 86 108 111 112 79 80 82 84 106 87 104 105 76 77 109,simulation,db8,usage,59,50,50,0
W-QDA,W-QDA:qda,3,2.0,0.02,0.06,83 104 108 86 110 85 111 84 106 109 79 81 87 105 113 77 78 80 103 107,107 83 110 81 85 86 108 111 112 79 80 82 84 106 87 104 105 76 77 109,simulation,db8,usage,59,50,50,0
W-CART,W-CART:cart,18,1.5,0.04,0.122,83 110 85 107 108 86 111 104 105 106 112 79 80 84 87 109 77 78 81 113,107 83 110 81 85 86 108 111 112 79 80 82 84 106 87 104 105 76 77 109,simulation,db8,usage,59,50,50,0
ALL,W-QDA:qda,3,2.0,0.02,0.06,83 104 108 86 110 85 111 84 106 109 79 81 87 105 113 77 78 80 103 107,107 83 110 81 85 86 108 111 112 79 80 82 84 106 87 104 105 76 77 109,simulation,db8,usage,59,50,50,0
W-NN,W-NN:k=1,5,,0.06,0.102,120 70 113 83 107 118 76 73 119 106 81 74 114 116 117 82 108 75 153 105,120 70 113 83 107 118 76 73 119 106 81 74 114 116 117 82 108 75 153 105,simulation,db8,energy,60,50,50,0
W-QDA,W-QDA:qda,12,,0.04,0.042,120 70 113 83 107 118 76 73 119 106 81 74 114 116 117 82 108 75 153 105,120 70 113 83 107 118 76 73 119 106 81 74 114 116 117 82 108 75 153 105,simulation,db8,energy,60,50,50,0
W-CART,W-CART:cart,13,,0.1,0.168,120 70 113 83 107 118 76 73 119 106 81 74 114 116 117 82 108 75 153 105,120 70 113 83 107 118 76 73 119 106 81 74 114 116 117 82 108 75 153 105,simulation,db8,energy,60,50,50,0
ALL,W-QDA:qda,12,,0.04,0.042,120 70 113 83 107 118 76 73 119 106 81 74 114 116 117 82 108 75 153 105,120 70 113 83 107 118 76 73 119 106 81 74 114 116 117 82 108 75 153 105,simulation,db8,energy,60,50,50,0
W-NN,W-NN:k=1,16,1.0,0.06,0.152,109 82 108 111 81 110 83 84 77 79 78 107 115 76 80 113 85 106 112 114,109 82 108 111 81 110 83 84 77 79 78 107 115 76 80 113 85 106 112 114,simulation,db8,usage,60,50,50,0
W-QDA,W-QDA:qda,11,3.0,0.06,0.076,83 84 109 81 114 82 107 108 113 75 79 103 110 104 105 106 74 112 73 80,109 82 108 111 81 110 83 84 77 79 78 107 115 76 80 113 85 106 112 114,simulation,db8,usage,60,50,50,0
W-CART,W-CART:cart,34,3.0,0.04,0.124,83 84 109 81 114 82 107 108 113 75 79 103 110 104 105 106 74 112 73 80,109 82 108 111 81 110 83 84 77 79 78 107 115 76 80 113 85 106 112 114,simulation,db8,usage,60,50,50,0
ALL,W-CART:cart,34,3.0,0.04,0.124,83 84 109 81 114 82 107 108 113 75 79 103 110 104 105 106 74 112 73 80,109 82 108 111 81 110 83 84 77 79 78 107 115 76 80 113 85 106 112 114,simulation,db8,usage,60,50,50,0
W-NN,W-NN:k=1,5,,0.1,0.118,114 75 76 70 71 77 105 117 59 74 119 72 112 104 115 113 82 87 116 118,114 75 76 70 71 77 105 117 59 74 119 72 112 104 115 113 82 87 116 118,simulation,db8,energy,61,50,50,0
W-QDA,W-QDA:qda,4,,0.04,0.086,114 75 76 70 71 77 105 117 59 74 119 72 112 104 115 113 82 87 116 118,114 75 76 70 71 77 105 117 59 74 119 72 112 104 115 113 82 87 116 118,simulation,db8,energy,61,50,50,0
W-CART,W-CART:cart,10,,0.06,0.096,114 75 76 70 71 77 105 117 59 74 119 72 112 104 115 113 82 87 116 118,114 75 76 70 71 77 105 117 59 74 119 72 112 104 115 113 82 87 116 118,simulation,db8,energy,61,50,50,0
ALL,W-QDA:qda,4,,0.04,0.086,114 75 76 70 71 77 105 117 59 74 119 72 112 104 115 113 82 87 116 118,114 75 76 70 71 77 105 117 59 74 119 72 112 104 115 113 82 87 116 118,simulation,db8,energy,61,50,50,0
W-NN,W-NN:k=3,14,1.5,0.04,0.146,114 83 109 110 77 78 75 79 81 115 80 82 84 111 112 113 116 117 74 105,77 79 109 111 114 78 81 82 110 112 115 75 83 84 108 73 74 80 113 116,simulation,db8,usage,61,50,50,0
W-QDA,W-QDA:qda,4,1.5,0.08,0.152,114 83 109 110 77 78 75 79 81 115 80 82 84 111 112 113 116 117 74 105,77 79 109 111 114 78 81 82 110 112 115 75 83 84 108 73 74 80 113 116,simulation,db8,usage,61,50,50,0
W-CART,W-CART:cart,4,3.0,0.08,0.136,115 114 74 77 105 113 83 117 80 81 112 79 110 73 76 109 111 75 82 85,77 79 109 111 114 78 81 82 110 112 115 75 83 84 108 73 74 80 113 116,simulation,db8,usage,61,50,50,0
ALL,W-NN:k=3,14,1.5,0.04,0.146,114 83 109 110 77 78 75 79 81 115 80 82 84 111 112 113 116 117 74 105,77 79 109 111 114 78 81 82 110 112 115 75 83 84 108 73 74 80 113 116,simulation,db8,usage,61,50,50,0
W-NN,W-NN:k=1,19,,0.02,0.144,85 83 110 108 87 72 109 107 77 54 105 84 118 112 73 81 82 114 52 104,85 83 110 108 87 72 109 107 77 54 105 84 118 112 73 81 82 114 52 104,simulation,db8,energy,62,50,50,0
W-QDA,W-QDA:qda,6,,0.0,0.05,85 83 110 108 87 72 109 107 77 54 105 84 118 112 73 81 82 114 52 104,85 83 110 108 87 72 109 107 77 54 105 84 118 112 73 81 82 114 52 104,simulation,db8,energy,62,50,50,0
W-CART,W-CART:cart,40,,0.08,0.12,85 83 110 108 87 72 109 107 77 54 105 84 118 112 73 81 82 114 52 104,85 83 110 108 87 72 109 107 77 54 105 84 118 112 73 81 82 114 52 104,simulation,db8,energy,62,50,50,0
ALL,W-QDA:qda,6,,0.0,0.05,85 83 110 108 87 72 109 107 77 54 105 84 118 112 73 81 82 114 52 104,85 83 110 108 87 72 109 107 77 54 105 84 118 112 73 81 82 114 52 104,simulation,db8,energy,62,50,50,0
W-NN,W-NN:k=1,16,0.5,0.02,0.132,80 82 109 83 108 110 111 112 81 77 79 85 106 107 84 76 86 105 114 78,109 82 110 112 81 80 83 108 85 107 111 78 79 77 84 106 75 76 113 86,simulation,db8,usage,62,50,50,0
W-QDA,W-QDA:qda,12,1.5,0.0,0.104,109 110 85 80 81 82 107 111 112 108 83 76 84 105 75 78 113 106 115 77,109 82 110 112 81 80 83 108 85 107 111 78 79 77 84 106 75 76 113 86,simulation,db8,usage,62,50,50,0
W-CART,W-CART:cart,13,0.5,0.04,0.106,80 82 109 83 108 110 111 112 81 77 79 85 106 107 84 76 86 105 114 78,109 82 110 112 81 80 83 108 85 107 111 78 79 77 84 106 75 76 113 86,simulation,db8,usage,62,50,50,0
ALL,W-QDA:qda,12,1.5,0.0,0.104,109 110 85 80 81 82 107 111 112 108 83 76 84 105 75 78 113 106 115 77,109 82 110 112 81 80 83 108 85 107 111 78 79 77 84 106 75 76 113 86,simulation,db8,usage,62,50,50,0
W-NN,W-NN:k=1,11,,0.04,0.144,161 71 113 239 77 110 119 112 156 111 105 240 109 87 118 56 117 144 72 81,161 71 113 239 77 110 119 112 156 111 105 240 109 87 118 56 117 144 72 81,simulation,db8,energy,63,50,50,0
W-QDA,W-QDA:qda,4,,0.0,0.12,161 71 113 239 77 110 119 112 156 111 105 240 109 87 118 56 117 144 72 81,161 71 113 239 77 110 119 112 156 111 105 240 109 87 118 56 117 144 72 81,simulation,db8,energy,63,50,50,0
W-CART,W-CART:cart,47,,0.06,0.116,161 71 113 239 77 110 119 112 156 111 105 240 109 87 118 56 117 144 72 81,161 71 113 239 77 110 119 112 156 111 105 240 109 87 118 56 117 144 72 81,simulation,db8,energy,63,50,50,0
ALL,W-QDA:qda,4,,0.0,0.12,161 71 113 239 77 110 119 112 156 111 105 240 109 87 118 56 117 144 72 81,161 71 113 239 77 110 119 112 156 111 105 240 109 87 118 56 117 144 72 81,simulation,db8,energy,63,50,50,0
W-NN,W-NN:k=1,19,2.0,0.02,0.124,77 114 75 78 76 79 109 110 111 117 85 108 118 72 105 106 112 113 115 116,110 112 114 108 115 78 79 109 111 76 77 113 116 75 80 72 81 106 107 119,simulation,db8,usage,63,50,50,0
W-QDA,W-QDA:qda,3,3.0,0.04,0.114,77 118 75 78 71 76 113 114 117 74 79 85 86 105 111 115 116 119 72 108,110 112 114 108 115 78 79 109 111 76 77 113 116 75 80 72 81 106 107 119,simulation,db8,usage,63,50,50,0
W-CART,W-CART:cart,48,0.5,0.04,0.128,114 110 115 113 108 80 112 75 77 78 79 83 109 111 116 72 76 81 119 73,110 112 114 108 115 78 79 109 111 76 77 113 116 75 80 72 81 106 107 119,simulation,db8,usage,63,50,50,0
ALL,W-NN:k=1,19,2.0,0.02,0.124,77 114 75 78 76 79 109 110 111 117 85 108 118 72 105 106 112 113 115 116,110 112 114 108 115 78 79 109 111 76 77 113 116 75 80 72 81 106 107 119,simulation,db8,usage,63,50,50,0
W-NN,W-NN:k=1,18,,0.14,0.13,220 40 81 109 162 54 80 27 103 82 76 88 87 51 75 110 163 73 117 104,220 40 81 109 162 54 80 27 103 82 76 88 87 51 75 110 163 73 117 104,simulation,db8,energy,64,50,50,0
W-QDA,W-QDA:qda,14,,0.08,0.12,220 40 81 109 162 54 80 27 103 82 76 88 87 51 75 110 163 73 117 104,220 40 81 109 162 54 80 27 103 82 76 88 87 51 75 110 163 73 117 104,simulation,db8,energy,64,50,50,0
W-CART,W-CART:cart,37,,0.06,0.108,220 40 81 109 162 54 80 27 103 82 76 88 87 51 75 110 163 73 117 104,220 40 81 109 162 54 80 27 103 82 76 88 87 51 75 110 163 73 117 104,simulation,db8,energy,64,50,50,0
ALL,W-CART:cart,37,,0.06,0.108,220 40 81 109 162 54 80 27 103 82 76 88 87 51 75 110 163 73 117 104,220 40 81 109 162 54 80 27 103 82 76 88 87 51 75 110 163 73 117 104,simulation,db8,energy,64,50,50,0
W-NN,W-NN:k=5,6,3.0,0.08,0.106,80 76 110 104 107 75 77 79 81 84 87 105 108 109 116 82 88 112 78 85,110 111 80 77 78 114 75 76 107 109 79 81 85 105 112 115 116 82 84 83,simulation,db8,usage,64,50,50,0
W-QDA,W-QDA:qda,14,1.0,0.02,0.052,110 111 80 77 78 114 75 76 107 109 79 81 85 105 112 115 116 82 84 83,110 111 80 77 78 114 75 76 107 109 79 81 85 105 112 115 116 82 84 83,simulation,db8,usage,64,50,50,0
W-CART,W-CART:cart,19,1.0,0.06,0.086,110 111 80 77 78 114 75 76 107 109 79 81 85 105 112 115 116 82 84 83,110 111 80 77 78 114 75 76 107 109 79 81 85 105 112 115 116 82 84 83,simulation,db8,usage,64,50,50,0
ALL,W-QDA:qda,14,1.0,0.02,0.052,110 111 80 77 78 114 75 76 107 109 79 81 85 105 112 115 116 82 84 83,110 111 80 77 78 114 75 76 107 109 79 81 85 105 112 115 116 82 84 83,simulation,db8,usage,64,50,50,0
W-NN,W-NN:k=1,42,,0.12,0.22,107 83 69 109 140 108 84 41 82 106 34 105 85 81 110 111 115 17 75 76,107 83 69 109 140 108 84 41 82 106 34 105 85 81 110 111 115 17 75 76,simulation,db8,energy,65,50,50,0
W-QDA,W-QDA:qda,6,,0.14,0.138,107 83 69 109 140 108 84 41 82 106 34 105 85 81 110 111 115 17 75 76,107 83 69 109 140 108 84 41 82 106 34 105 85 81 110 111 115 17 75 76,simulation,db8,energy,65,50,50,0
W-CART,W-CART:cart,51,,0.1,0.198,107 83 69 109 140 108 84 41 82 106 34 105 85 81 110 111 115 17 75 76,107 83 69 109 140 108 84 41 82 106 34 105 85 81 110 111 115 17 75 76,simulation,db8,energy,65,50,50,0
ALL,W-CART:cart,51,,0.1,0.198,107 83 69 109 140 108 84 41 82 106 34 105 85 81 110 111 115 17 75 76,107 83 69 109 140 108 84 41 82 106 34 105 85 81 110 111 115 17 75 76,simulation,db8,energy,65,50,50,0
W-NN,W-NN:k=1,4,3.0,0.14,0.142,83 108 77 85 107 109 110 111 82 84 76 105 106 78 80 112 79 81 104 114,108 82 107 83 106 112 110 80 84 115 79 81 109 76 111 114 77 78 85 113,simulation,db8,usage,65,50,50,0
W-QDA,W-QDA:qda,4,3.0,0.1,0.1,83 108 77 85 107 109 110 111 82 84 76 105 106 78 80 112 79 81 104 114,108 82 107 83 106 112 110 80 84 115 79 81 109 76 111 114 77 78 85 113,simulation,db8,usage,65,50,50,0
W-CART,W-CART:cart,27,1.5,0.08,0.124,83 108 82 110 76 81 107 79 80 109 111 113 77 106 112 114 75 85 84 78,108 82 107 83 106 112 110 80 84 115 79 81 109 76 111 114 77 78 85 113,simulation,db8,usage,65,50,50,0
ALL,W-CART:cart,27,1.5,0.08,0.124,83 108 82 110 76 81 107 79 80 109 111 113 77 106 112 114 75 85 84 78,108 82 107 83 106 112 110 80 84 115 79 81 109 76 111 114 77 78 85 113,simulation,db8,usage,65,50,50,0
W-NN,W-NN:k=3,14,,0.06,0.152,110 162 74 115 220 76 111 58 55 80 83 84 77 106 117 27 85 112 73 75,110 162 74 115 220 76 111 58 55 80 83 84 77 106 117 27 85 112 73 75,simulation,db8,energy,66,50,50,0
W-QDA,W-QDA:qda,15,,0.0,0.09,110 162 74 115 220 76 111 58 55 80 83 84 77 106 117 27 85 112 73 75,110 162 74 115 220 76 111 58 55 80 83 84 77 106 117 27 85 112 73 75,simulation,db8,energy,66,50,50,0
W-CART,W-CART:cart,18,,0.06,0.154,110 162 74 115 220 76 111 58 55 80 83 84 77 106 117 27 85 112 73 75,110 162 74 115 220 76 111 58 55 80 83 84 77 106 117 27 85 112 73 75,simulation,db8,energy,66,50,50,0
ALL,W-QDA:qda,15,,0.0,0.09,110 162 74 115 220 76 111 58 55 80 83 84 77 106 117 27 85 112 73 75,110 162 74 115 220 76 111 58 55 80 83 84 77 106 117 27 85 112 73 75,simulation,db8,energy,66,50,50,0
W-NN,W-NN:k=3,12,1.5,0.02,0.098,76 107 75 77 80 82 74 106 115 73 83 85 108 110 113 114 78 84 112 117,74 76 83 115 77 80 82 108 114 107 75 81 110 111 113 73 78 106 109 112,simulation,db8,usage,66,50,50,0
W-QDA,W-QDA:qda,14,1.0,0.0,0.066,74 76 83 115 77 80 82 108 114 107 75 81 110 111 113 73 78 106 109 112,74 76 83 115 77 80 82 108 114 107 75 81 110 111 113 73 78 106 109 112,simulation,db8,usage,66,50,50,0
W-CART,W-CART:cart,6,1.0,0.06,0.156,74 76 83 115 77 80 82 108 114 107 75 81 110 111 113 73 78 106 109 112,74 76 83 115 77 80 82 108 114 107 75 81 110 111 113 73 78 106 109 112,simulation,db8,usage,66,50,50,0
ALL,W-QDA:qda,14,1.0,0.0,0.066,74 76 83 115 77 80 82 108 114 107 75 81 110 111 113 73 78 106 109 112,74 76 83 115 77 80 82 108 114 107 75 81 110 111 113 73 78 106 109 112,simulation,db8,usage,66,50,50,0
W-NN,W-NN:k=1,13,,0.08,0.092,109 81 58 82 119 73 84 103 89 52 51 36 79 83 108 88 74 86 102 114,109 81 58 82 119 73 84 103 89 52 51 36 79 83 108 88 74 86 102 114,simulation,db8,energy,67,50,50,0
W-QDA,W-QDA:qda,5,,0.06,0.106,109 81 58 82 119 73 84 103 89 52 51 36 79 83 108 88 74 86 102 114,109 81 58 82 119 73 84 103 89 52 51 36 79 83 108 88 74 86 102 114,simulation,db8,energy,67,50,50,0
W-CART,W-CART:cart,34,,0.06,0.108,109 81 58 82 119 73 84 103 89 52 51 36 79 83 108 88 74 86 102 114,109 81 58 82 119 73 84 103 89 52 51 36 79 83 108 88 74 86 102 114,simulation,db8,energy,67,50,50,0
ALL,W-QDA:qda,5,,0.06,0.106,109 81 58 82 119 73 84 103 89 52 51 36 79 83 108 88 74 86 102 114,109 81 58 82 119 73 84 103 89 52 51 36 79 83 108 88 74 86 102 114,simulation,db8,energy,67,50,50,0
W-NN,W-NN:k=1,8,1.5,0.04,0.11,83 82 84 107 109 85 86 87 103 104 108 81 105 80 88 110 79 106 89 102,82 83 84 109 110 85 87 105 107 108 79 80 81 103 86 104 106 76 78 88,simulation,db8,usage,67,50,50,0
W-QDA,W-QDA:qda,5,2.0,0.1,0.108,83 82 84 85 104 107 108 87 88 103 109 81 86 105 80 106 110 102 76 79,82 83 84 109 110 85 87 105 107 108 79 80 81 103 86 104 106 76 78 88,simulation,db8,usage,67,50,50,0
W-CART,W-CART:cart,8,2.0,0.0,0.102,83 82 84 85 104 107 108 87 88 103 109 81 86 105 80 106 110 102 76 79,82 83 84 109 110 85 87 105 107 108 79 80 81 103 86 104 106 76 78 88,simulation,db8,usage,67,50,50,0
ALL,W-CART:cart,8,2.0,0.0,0.102,83 82 84 85 104 107 108 87 88 103 109 81 86 105 80 106 110 102 76 79,82 83 84 109 110 85 87 105 107 108 79 80 81 103 86 104 106 76 78 88,simulation,db8,usage,67,50,50,0
W-NN,W-NN:k=1,28,,0.04,0.134,110 73 117 103 113 109 78 108 76 85 106 120 118 112 105 82 83 53 54 104,110 73 117 103 113 109 78 108 76 85 106 120 118 112 105 82 83 53 54 104,simulation,db8,energy,68,50,50,0
W-QDA,W-QDA:qda,6,,0.06,0.072,110 73 117 103 113 109 78 108 76 85 106 120 118 112 105 82 83 53 54 104,110 73 117 103 113 109 78 108 76 85 106 120 118 112 105 82 83 53 54 104,simulation,db8,energy,68,50,50,0
W-CART,W-CART:cart,48,,0.04,0.11,110 73 117 103 113 109 78 108 76 85 106 120 118 112 105 82 83 53 54 104,110 73 117 103 113 109 78 108 76 85 106 120 118 112 105 82 83 53 54 104,simulation,db8,energy,68,50,50,0
ALL,W-NN:k=1,28,,0.04,0.134,110 73 117 103 113 109 78 108 76 85 106 120 118 112 105 82 83 53 54 104,110 73 117 103 113 109 78 108 76 85 106 120 118 112 105 82 83 53 54 104,simulation,db8,energy,68,50,50,0
W-NN,W-NN:k=1,22,2.0,0.02,0.152,106 82 110 111 107 83 108 109 84 85 105 81 79 78 80 104 114 86 76 77,82 111 107 106 110 80 83 108 109 81 105 78 79 84 112 85 104 86 103 114,simulation,db8,usage,68,50,50,0
W-QDA,W-QDA:qda,1,2.0,0.06,0.14,106 82 110 111 107 83 108 109 84 85 105 81 79 78 80 104 114 86 76 77,82 111 107 106 110 80 83 108 109 81 105 78 79 84 112 85 104 86 103 114,simulation,db8,usage,68,50,50,0
W-CART,W-CART:cart,43,2.0,0.04,0.116,106 82 110 111 107 83 108 109 84 85 105 81 79 78 80 104 114 86 76 77,82 111 107 106 110 80 83 108 109 81 105 78 79 84 112 85 104 86 103 114,simulation,db8,usage,68,50,50,0
ALL,W-NN:k=1,22,2.0,0.02,0.152,106 82 110 111 107 83 108 109 84 85 105 81 79 78 80 104 114 86 76 77,82 111 107 106 110 80 83 108 109 81 105 78 79 84 112 85 104 86 103 114,simulation,db8,usage,68,50,50,0
W-NN,W-NN:k=5,1,,0.1,0.156,84 111 78 106 81 109 107 115 76 112 39 110 223 80 79 113 83 108 116 43,84 111 78 106 81 109 107 115 76 112 39 110 223 80 79 113 83 108 116 43,simulation,db8,energy,69,50,50,0
W-QDA,W-QDA:qda,4,,0.08,0.1,84 111 78 106 81 109 107 115 76 112 39 110 223 80 79 113 83 108 116 43,84 111 78 106 81 109 107 115 76 112 39 110 223 80 79 113 83 108 116 43,simulation,db8,energy,69,50,50,0
W-CART,W-CART:cart,16,,0.14,0.138,84 111 78 106 81 109 107 115 76 112 39 110 223 80 79 113 83 108 116 43,84 111 78 106 81 109 107 115 76 112 39 110 223 80 79 113 83 108 116 43,simulation,db8,energy,69,50,50,0
ALL,W-QDA:qda,4,,0.08,0.1,84 111 78 106 81 109 107 115 76 112 39 110 223 80 79 113 83 108 116 43,84 111 78 106 81 109 107 115 76 112 39 110 223 80 79 113 83 108 116 43,simulation,db8,energy,69,50,50,0
W-NN,W-NN:k=5,26,3.0,0.1,0.194,80 78 79 83 110 112 115 76 113 116 75 107 109 77 81 108 111 114 74 105,110 112 77 78 109 79 108 111 113 76 80 114 81 107 115 75 106 82 83 74,simulation,db8,usage,69,50,50,0
W-QDA,W-QDA:qda,15,0.5,0.1,0.076,109 110 111 78 79 108 112 113 76 77 107 75 81 82 115 80 83 106 114 84,110 112 77 78 109 79 108 111 113 76 80 114 81 107 115 75 106 82 83 74,simulation,db8,usage,69,50,50,0
W-CART,W-CART:cart,16,1.5,0.08,0.136,110 112 77 80 76 78 114 115 79 111 113 108 109 83 107 75 81 74 117 73,110 112 77 78 109 79 108 111 113 76 80 114 81 107 115 75 106 82 83 74,simulation,db8,usage,69,50,50,0
ALL,W-CART:cart,16,1.5,0.08,0.136,110 112 77 80 76 78 114 115 79 111 113 108 109 83 107 75 81 74 117 73,110 112 77 78 109 79 108 111 113 76 80 114 81 107 115 75 106 82 83 74,simulation,db8,usage,69,50,50,0
W-NN,W-NN:k=5,8,,0.06,0.12,106 104 119 105 72 118 86 117 85 107 103 109 42 115 110 74 73 75 114 116,106 104 119 105 72 118 86 117 85 107 103 109 42 115 110 74 73 75 114 116,simulation,db8,energy,70,50,50,0
W-QDA,W-QDA:qda,16,,0.04,0.03,106 104 119 105 72 118 86 117 85 107 103 109 42 115 110 74 73 75 114 116,106 104 119 105 72 118 86 117 85 107 103 109 42 115 110 74 73 75 114 116,simulation,db8,energy,70,50,50,0
W-CART,W-CART:cart,3,,0.08,0.082,106 104 119 105 72 118 86 117 85 107 103 109 42 115 110 74 73 75 114 116,106 104 119 105 72 118 86 117 85 107 103 109 42 115 110 74 73 75 114 116,simulation,db8,energy,70,50,50,0
ALL,W-QDA:qda,16,,0.04,0.03,106 104 119 105 72 118 86 117 85 107 103 109 42 115 110 74 73 75 114 116,106 104 119 105 72 118 86 117 85 107 103 109 42 115 110 74 73 75 114 116,simulation,db8,energy,70,50,50,0
W-NN,W-NN:k=1,32,1.5,0.06,0.17,81 82 80 106 109 83 107 108 113 85 112 105 114 115 78 84 111 77 87 103,83 81 82 106 108 107 109 113 80 112 77 111 114 78 105 115 84 85 74 76,simulation,db8,usage,70,50,50,0
W-QDA,W-QDA:qda,23,2.0,0.02,0.052,81 85 106 80 82 83 105 107 108 109 113 114 78 111 118 84 87 104 115 117,83 81 82 106 108 107 109 113 80 112 77 111 114 78 105 115 84 85 74 76,simulation,db8,usage,70,50,50,0
W-CART,W-CART:cart,31,1.5,0.1,0.068,81 82 80 106 109 83 107 108 113 85 112 105 114 115 78 84 111 77 87 103,83 81 82 106 108 107 109 113 80 112 77 111 114 78 105 115 84 85 74 76,simulation,db8,usage,70,50,50,0
ALL,W-QDA:qda,23,2.0,0.02,0.052,81 85 106 80 82 83 105 107 108 109 113 114 78 111 118 84 87 104 115 117,83 81 82 106 108 107 109 113 80 112 77 111 114 78 105 115 84 85 74 76,simulation,db8,usage,70,50,50,0
W-NN,W-NN:k=5,2,,0.04,0.174,51 88 73 109 111 70 242 75 74 110 117 79 80 102 116 40 52 78 81 72,51 88 73 109 111 70 242 75 74 110 117 79 80 102 116 40 52 78 81 72,simulation,db8,energy,71,50,50,0
W-QDA,W-QDA:qda,4,,0.02,0.062,51 88 73 109 111 70 242 75 74 110 117 79 80 102 116 40 52 78 81 72,51 88 73 109 111 70 242 75 74 110 117 79 80 102 116 40 52 78 81 72,simulation,db8,energy,71,50,50,0
W-CART,W-CART:cart,4,,0.06,0.122,51 88 73 109 111 70 242 75 74 110 117 79 80 102 116 40 52 78 81 72,51 88 73 109 111 70 242 75 74 110 117 79 80 102 116 40 52 78 81 72,simulation,db8,energy,71,50,50,0
ALL,W-QDA:qda,4,,0.02,0.062,51 88 73 109 111 70 242 75 74 110 117 79 80 102 116 40 52 78 81 72,51 88 73 109 111 70 242 75 74 110 117 79 80 102 116 40 52 78 81 72,simulation,db8,energy,71,50,50,0
W-NN,W-NN:k=3,26,1.5,0.06,0.122,110 115 80 81 109 114 74 107 113 76 79 108 75 77 83 84 111 112 78 116,114 109 79 112 115 74 76 110 113 78 80 81 107 75 108 111 77 83 84 116,simulation,db8,usage,71,50,50,0
W-QDA,W-QDA:qda,14,1.5,0.06,0.066,110 115 80 81 109 114 74 107 113 76 79 108 75 77 83 84 111 112 78 116,114 109 79 112 115 74 76 110 113 78 80 81 107 75 108 111 77 83 84 116,simulation,db8,usage,71,50,50,0
W-CART,W-CART:cart,49,0.5,0.08,0.108,80 112 114 76 110 113 115 111 78 79 109 73 75 81 74 77 83 107 108 106,114 109 79 112 115 74 76 110 113 78 80 81 107 75 108 111 77 83 84 116,simulation,db8,usage,71,50,50,0
ALL,W-QDA:qda,14,1.5,0.06,0.066,110 115 80 81 109 114 74 107 113 76 79 108 75 77 83 84 111 112 78 116,114 109 79 112 115 74 76 110 113 78 80 81 107 75 108 111 77 83 84 116,simulation,db8,usage,71,50,50,0
W-NN,W-NN:k=1,41,,0.1,0.178,117 84 81 118 75 71 36 107 109 83 119 108 80 116 85 59 72 87 120 82,117 84 81 118 75 71 36 107 109 83 119 108 80 116 85 59 72 87 120 82,simulation,db8,energy,72,50,50,0
W-QDA,W-QDA:qda,8,,0.08,0.044,117 84 81 118 75 71 36 107 109 83 119 108 80 116 85 59 72 87 120 82,117 84 81 118 75 71 36 107 109 83 119 108 80 116 85 59 72 87 120 82,simulation,db8,energy,72,50,50,0
W-CART,W-CART:cart,31,,0.1,0.138,117 84 81 118 75 71 36 107 109 83 119 108 80 116 85 59 72 87 120 82,117 84 81 118 75 71 36 107 109 83 119 108 80 116 85 59 72 87 120 82,simulation,db8,energy,72,50,50,0
ALL,W-QDA:qda,8,,0.08,0.044,117 84 81 118 75 71 36 107 109 83 119 108 80 116 85 59 72 87 120 82,117 84 81 118 75 71 36 107 109 83 119 108 80 116 85 59 72 87 120 82,simulation,db8,energy,72,50,50,0
W-NN,W-NN:k=3,23,2.0,0.04,0.13,108 107 110 81 83 106 109 82 112 118 79 84 85 105 116 74 80 87 111 117,83 106 81 109 105 107 78 80 108 110 84 85 112 117 167 76 79 82 111 118,simulation,db8,usage,72,50,50,0
W-QDA,W-QDA:qda,2,1.0,0.22,0.118,83 106 81 109 105 107 78 80 108 110 84 85 112 117 167 76 79 82 111 118,83 106 81 109 105 107 78 80 108 110 84 85 112 117 167 76 79 82 111 118,simulation,db8,usage,72,50,50,0
W-CART,W-CART:cart,29,0.5,0.04,0.124,81 79 78 80 83 108 109 106 84 76 82 105 107 111 77 110 112 166 168 75,83 106 81 109 105 107 78 80 108 110 84 85 112 117 167 76 79 82 111 118,simulation,db8,usage,72,50,50,0
ALL,W-NN:k=3,23,2.0,0.04,0.13,108 107 110 81 83 106 109 82 112 118 79 84 85 105 116 74 80 87 111 117,83 106 81 109 105 107 78 80 108 110 84 85 112 117 167 76 79 82 111 118,simulation,db8,usage,72,50,50,0
W-NN,W-NN:k=5,4,,0.08,0.238,112 116 78 77 225 79 37 71 81 105 111 117 83 84 74 118 119 82 102 72,112 116 78 77 225 79 37 71 81 105 111 117 83 84 74 118 119 82 102 72,simulation,db8,energy,73,50,50,0
W-QDA,W-QDA:qda,12,,0.06,0.088,112 116 78 77 225 79 37 71 81 105 111 117 83 84 74 118 119 82 102 72,112 116 78 77 225 79 37 71 81 105 111 117 83 84 74 118 119 82 102 72,simulation,db8,energy,73,50,50,0
W-CART,W-CART:cart,2,,0.1,0.14,112 116 78 77 225 79 37 71 81 105 111 117 83 84 74 118 119 82 102 72,112 116 78 77 225 79 37 71 81 105 111 117 83 84 74 118 119 82 102 72,simulation,db8,energy,73,50,50,0
ALL,W-QDA:qda,12,,0.06,0.088,112 116 78 77 225 79 37 71 81 105 111 117 83 84 74 118 119 82 102 72,112 116 78 77 225 79 37 71 81 105 111 117 83 84 74 118 119 82 102 72,simulation,db8,energy,73,50,50,0
W-NN,W-NN:k=1,17,0.5,0.06,0.138,78 111 113 114 79 76 84 110 77 80 82 83 108 115 81 112 116 85 109 107,84 78 83 114 76 111 81 82 112 115 77 107 108 110 113 116 74 80 85 106,simulation,db8,usage,73,50,50,0
W-QDA,W-QDA:qda,4,1.5,0.04,0.118,83 84 81 82 106 111 114 115 78 105 107 108 112 74 76 80 85 116 77 79,84 78 83 114 76 111 81 82 112 115 77 107 108 110 113 116 74 80 85 106,simulation,db8,usage,73,50,50,0
W-CART,W-CART:cart,45,3.0,0.1,0.154,83 84 111 81 82 106 78 86 85 105 112 107 108 110 74 80 87 114 118 109,84 78 83 114 76 111 81 82 112 115 77 107 108 110 113 116 74 80 85 106,simulation,db8,usage,73,50,50,0
ALL,W-QDA:qda,4,1.5,0.04,0.118,83 84 81 82 106 111 114 115 78 105 107 108 112 74 76 80 85 116 77 79,84 78 83 114 76 111 81 82 112 115 77 107 108 110 113 116 74 80 85 106,simulation,db8,usage,73,50,50,0
W-NN,W-NN:k=1,11,,0.04,0.112,102 109 108 57 75 88 103 114 82 115 117 120 116 71 83 101 73 76 77 74,102 109 108 57 75 88 103 114 82 115 117 120 116 71 83 101 73 76 77 74,simulation,db8,energy,74,50,50,0
W-QDA,W-QDA:qda,7,,0.0,0.052,102 109 108 57 75 88 103 114 82 115 117 120 116 71 83 101 73 76 77 74,102 109 108 57 75 88 103 114 82 115 117 120 116 71 83 101 73 76 77 74,simulation,db8,energy,74,50,50,0
W-CART,W-CART:cart,6,,0.06,0.126,102 109 108 57 75 88 103 114 82 115 117 120 116 71 83 101 73 76 77 74,102 109 108 57 75 88 103 114 82 115 117 120 116 71 83 101 73 76 77 74,simulation,db8,energy,74,50,50,0
ALL,W-QDA:qda,7,,0.0,0.052,102 109 108 57 75 88 103 114 82 115 117 120 116 71 83 101 73 76 77 74,102 109 108 57 75 88 103 114 82 115 117 120 116 71 83 101 73 76 77 74,simulation,db8,energy,74,50,50,0
W-NN,W-NN:k=1,20,0.5,0.02,0.128,81 80 109 76 82 110 78 83 77 79 113 108 106 107 112 74 85 86 105 111,80 78 109 83 79 81 107 110 112 77 113 82 85 106 108 76 84 86 103 114,simulation,db8,usage,74,50,50,0
W-QDA,W-QDA:qda,10,3.0,0.0,0.072,80 85 103 78 83 113 114 74 79 81 87 107 108 76 77 82 84 106 110 115,80 78 109 83 79 81 107 110 112 77 113 82 85 106 108 76 84 86 103 114,simulation,db8,usage,74,50,50,0
W-CART,W-CART:cart,9,1.5,0.02,0.144,80 78 110 82 83 77 86 103 107 108 113 115 76 81 85 106 109 111 112 114,80 78 109 83 79 81 107 110 112 77 113 82 85 106 108 76 84 86 103 114,simulation,db8,usage,74,50,50,0
ALL,W-QDA:qda,10,3.0,0.0,0.072,80 85 103 78 83 113 114 74 79 81 87 107 108 76 77 82 84 106 110 115,80 78 109 83 79 81 107 110 112 77 113 82 85 106 108 76 84 86 103 114,simulation,db8,usage,74,50,50,0
W-NN,W-NN:k=3,2,,0.14,0.106,74 116 108 106 82 78 107 81 39 109 76 83 110 84 115 117 80 73 111 77,74 116 108 106 82 78 107 81 39 109 76 83 110 84 115 117 80 73 111 77,simulation,db8,energy,75,50,50,0
W-QDA,W-QDA:qda,5,,0.04,0.052,74 116 108 106 82 78 107 81 39 109 76 83 110 84 115 117 80 73 111 77,74 116 108 106 82 78 107 81 39 109 76 83 110 84 115 117 80 73 111 77,simulation,db8,energy,75,50,50,0
W-CART,W-CART:cart,19,,0.12,0.128,74 116 108 106 82 78 107 81 39 109 76 83 110 84 115 117 80 73 111 77,74 116 108 106 82 78 107 81 39 109 76 83 110 84 115 117 80 73 111 77,simulation,db8,energy,75,50,50,0
ALL,W-QDA:qda,5,,0.04,0.052,74 116 108 106 82 78 107 81 39 109 76 83 110 84 115 117 80 73 111 77,74 116 108 106 82 78 107 81 39 109 76 83 110 84 115 117 80 73 111 77,simulation,db8,energy,75,50,50,0
W-NN,W-NN:k=1,32,0.5,0.12,0.154,80 77 78 79 109 110 111 82 83 107 112 76 81 113 114 75 106 108 74 73,77 79 82 83 109 80 110 76 78 81 75 112 107 108 111 106 114 115 116 74,simulation,db8,usage,75,50,50,0
W-QDA,W-QDA:qda,13,3.0,0.02,0.066,80 83 78 76 82 116 79 77 107 81 112 117 73 111 115 74 75 110 108 109,77 79 82 83 109 80 110 76 78 81 75 112 107 108 111 106 114 115 116 74,simulation,db8,usage,75,50,50,0
W-CART,W-CART:cart,16,3.0,0.12,0.108,80 83 78 76 82 116 79 77 107 81 112 117 73 111 115 74 75 110 108 109,77 79 82 83 109 80 110 76 78 81 75 112 107 108 111 106 114 115 116 74,simulation,db8,usage,75,50,50,0
ALL,W-QDA:qda,13,3.0,0.02,0.066,80 83 78 76 82 116 79 77 107 81 112 117 73 111 115 74 75 110 108 109,77 79 82 83 109 80 110 76 78 81 75 112 107 108 111 106 114 115 116 74,simulation,db8,usage,75,50,50,0
W-NN,W-NN:k=1,62,,0.06,0.23,112 106 169 78 113 84 77 79 107 111 38 104 170 76 83 108 243 80 87 102,112 106 169 78 113 84 77 79 107 111 38 104 170 76 83 108 243 80 87 102,simulation,db8,energy,76,50,50,0
W-QDA,W-QDA:qda,6,,0.08,0.072,112 106 169 78 113 84 77 79 107 111 38 104 170 76 83 108 243 80 87 102,112 106 169 78 113 84 77 79 107 111 38 104 170 76 83 108 243 80 87 102,simulation,db8,energy,76,50,50,0
W-CART,W-CART:cart,12,,0.16,0.124,112 106 169 78 113 84 77 79 107 111 38 104 170 76 83 108 243 80 87 102,112 106 169 78 113 84 77 79 107 111 38 104 170 76 83 108 243 80 87 102,simulation,db8,energy,76,50,50,0
ALL,W-NN:k=1,62,,0.06,0.23,112 106 169 78 113 84 77 79 107 111 38 104 170 76 83 108 243 80 87 102,112 106 169 78 113 84 77 79 107 111 38 104 170 76 83 108 243 80 87 102,simulation,db8,energy,76,50,50,0
W-NN,W-NN:k=1,6,2.0,0.08,0.162,112 108 113 80 109 77 78 107 79 81 110 114 76 82 83 106 75 111 84 115,108 80 112 78 81 82 113 77 110 79 76 107 109 75 111 83 84 114 115 85,simulation,db8,usage,76,50,50,0
W-QDA,W-QDA:qda,9,1.5,0.04,0.092,80 112 113 81 108 77 82 78 107 109 110 111 79 83 76 114 75 84 106 115,108 80 112 78 81 82 113 77 110 79 76 107 109 75 111 83 84 114 115 85,simulation,db8,usage,76,50,50,0
W-CART,W-CART:cart,20,1.0,0.04,0.09,108 80 112 78 81 82 113 77 110 79 76 107 109 75 111 83 84 114 115 85,108 80 112 78 81 82 113 77 110 79 76 107 109 75 111 83 84 114 115 85,simulation,db8,usage,76,50,50,0
ALL,W-QDA:qda,9,1.5,0.04,0.092,80 112 113 81 108 77 82 78 107 109 110 111 79 83 76 114 75 84 106 115,108 80 112 78 81 82 113 77 110 79 76 107 109 75 111 83 84 114 115 85,simulation,db8,usage,76,50,50,0
W-NN,W-NN:k=1,13,,0.12,0.142,110 80 221 161 40 323 79 81 109 118 82 85 112 86 74 115 111 83 77 72,110 80 221 161 40 323 79 81 109 118 82 85 112 86 74 115 111 83 77 72,simulation,db8,energy,77,50,50,0
W-QDA,W-QDA:qda,14,,0.08,0.146,110 80 221 161 40 323 79 81 109 118 82 85 112 86 74 115 111 83 77 72,110 80 221 161 40 323 79 81 109 118 82 85 112 86 74 115 111 83 77 72,simulation,db8,energy,77,50,50,0
W-CART,W-CART:cart,54,,0.06,0.13,110 80 221 161 40 323 79 81 109 118 82 85 112 86 74 115 111 83 77 72,110 80 221 161 40 323 79 81 109 118 82 85 112 86 74 115 111 83 77 72,simulation,db8,energy,77,50,50,0
ALL,W-CART:cart,54,,0.06,0.13,110 80 221 161 40 323 79 81 109 118 82 85 112 86 74 115 111 83 77 72,110 80 221 161 40 323 79 81 109 118 82 85 112 86 74 115 111 83 77 72,simulation,db8,energy,77,50,50,0
W-NN,W-NN:k=1,3,3.0,0.06,0.132,110 114 74 80 81 111 116 82 83 115 79 106 109 112 117 75 76 78 85 107,80 110 82 112 114 115 77 81 84 109 75 79 83 108 111 74 116 76 106 113,simulation,db8,usage,77,50,50,0
W-QDA,W-QDA:qda,4,3.0,0.06,0.11,110 114 74 80 81 111 116 82 83 115 79 106 109 112 117 75 76 78 85 107,80 110 82 112 114 115 77 81 84 109 75 79 83 108 111 74 116 76 106 113,simulation,db8,usage,77,50,50,0
W-CART,W-CART:cart,9,3.0,0.06,0.132,110 114 74 80 81 111 116 82 83 115 79 106 109 112 117 75 76 78 85 107,80 110 82 112 114 115 77 81 84 109 75 79 83 108 111 74 116 76 106 113,simulation,db8,usage,77,50,50,0
ALL,W-NN:k=1,3,3.0,0.06,0.132,110 114 74 80 81 111 116 82 83 115 79 106 109 112 117 75 76 78 85 107,80 110 82 112 114 115 77 81 84 109 75 79 83 108 111 74 116 76 106 113,simulation,db8,usage,77,50,50,0
W-NN,W-NN:k=1,35,,0.14,0.174,109 81 80 169 110 114 85 83 111 84 107 106 113 213 108 82 54 105 112 86,109 81 80 169 110 114 85 83 111 84 107 106 113 213 108 82 54 105 112 86,simulation,db8,energy,78,50,50,0
W-QDA,W-QDA:qda,10,,0.04,0.094,109 81 80 169 110 114 85 83 111 84 107 106 113 213 108 82 54 105 112 86,109 81 80 169 110 114 85 83 111 84 107 106 113 213 108 82 54 105 112 86,simulation,db8,energy,78,50,50,0
W-CART,W-CART:cart,40,,0.12,0.144,109 81 80 169 110 114 85 83 111 84 107 106 113 213 108 82 54 105 112 86,109 81 80 169 110 114 85 83 111 84 107 106 113 213 108 82 54 105 112 86,simulation,db8,energy,78,50,50,0
ALL,W-QDA:qda,10,,0.04,0.094,109 81 80 169 110 114 85 83 111 84 107 106 113 213 108 82 54 105 112 86,109 81 80 169 110 114 85 83 111 84 107 106 113 213 108 82 54 105 112 86,simulation,db8,energy,78,50,50,0
W-NN,W-NN:k=1,10,1.0,0.14,0.262,79 81 82 83 108 109 110 112 80 111 84 85 78 107 76 113 114 77 86 115,79 81 82 83 108 109 110 112 80 111 84 85 78 107 76 113 114 77 86 115,simulation,db8,usage,78,50,50,0
W-QDA,W-QDA:qda,17,1.5,0.02,0.102,81 83 82 108 112 110 84 109 79 80 85 76 111 113 107 114 77 78 105 86,79 81 82 83 108 109 110 112 80 111 84 85 78 107 76 113 114 77 86 115,simulation,db8,usage,78,50,50,0
W-CART,W-CART:cart,6,3.0,0.1,0.168,83 81 110 84 85 80 111 82 114 109 112 86 105 108 76 107 115 106 113 116,79 81 82 83 108 109 110 112 80 111 84 85 78 107 76 113 114 77 86 115,simulation,db8,usage,78,50,50,0
ALL,W-QDA:qda,17,1.5,0.02,0.102,81 83 82 108 112 110 84 109 79 80 85 76 111 113 107 114 77 78 105 86,79 81 82 83 108 109 110 112 80 111 84 85 78 107 76 113 114 77 86 115,simulation,db8,usage,78,50,50,0
W-NN,W-NN:k=1,8,,0.1,0.206,70 120 116 108 241 81 114 82 80 75 117 35 109 240 54 111 83 53 71 118,70 120 116 108 241 81 114 82 80 75 117 35 109 240 54 111 83 53 71 118,simulation,db8,energy,79,50,50,0
W-QDA,W-QDA:qda,21,,0.02,0.062,70 120 116 108 241 81 114 82 80 75 117 35 109 240 54 111 83 53 71 118,70 120 116 108 241 81 114 82 80 75 117 35 109 240 54 111 83 53 71 118,simulation,db8,energy,79,50,50,0
W-CART,W-CART:cart,7,,0.12,0.176,70 120 116 108 241 81 114 82 80 75 117 35 109 240 54 111 83 53 71 118,70 120 116 108 241 81 114 82 80 75 117 35 109 240 54 111 83 53 71 118,simulation,db8,energy,79,50,50,0
ALL,W-QDA:qda,21,,0.02,0.062,70 120 116 108 241 81 114 82 80 75 117 35 109 240 54 111 83 53 71 118,70 120 116 108 241 81 114 82 80 75 117 35 109 240 54 111 83 53 71 118,simulation,db8,energy,79,50,50,0
W-NN,W-NN:k=3,13,1.5,0.06,0.126,115 78 114 107 111 75 79 108 109 112 113 73 80 81 110 76 84 118 119 120,78 112 115 114 79 80 76 107 108 109 113 75 110 111 73 77 81 84 118 119,simulation,db8,usage,79,50,50,0
W-QDA,W-QDA:qda,20,1.5,0.0,0.046,115 78 114 107 111 75 79 108 109 112 113 73 80 81 110 76 84 118 119 120,78 112 115 114 79 80 76 107 108 109 113 75 110 111 73 77 81 84 118 119,simulation,db8,usage,79,50,50,0
W-CART,W-CART:cart,19,1.0,0.12,0.134,78 112 115 114 79 80 76 107 108 109 113 75 110 111 73 77 81 84 118 119,78 112 115 114 79 80 76 107 108 109 113 75 110 111 73 77 81 84 118 119,simulation,db8,usage,79,50,50,0
ALL,W-QDA:qda,20,1.5,0.0,0.046,115 78 114 107 111 75 79 108 109 112 113 73 80 81 110 76 84 118 119 120,78 112 115 114 79 80 76 107 108 109 113 75 110 111 73 77 81 84 118 119,simulation,db8,usage,79,50,50,0
W-NN,W-NN:k=7,16,,0.06,0.148,76 105 106 113 118 84 115 229 112 79 85 80 72 104 116 75 74 121 39 73,76 105 106 113 118 84 115 229 112 79 85 80 72 104 116 75 74 121 39 73,simulation,db8,energy,80,50,50,0
W-QDA,W-QDA:qda,5,,0.0,0.058,76 105 106 113 118 84 115 229 112 79 85 80 72 104 116 75 74 121 39 73,76 105 106 113 118 84 115 229 112 79 85 80 72 104 116 75 74 121 39 73,simulation,db8,energy,80,50,50,0
W-CART,W-CART:cart,57,,0.02,0.158,76 105 106 113 118 84 115 229 112 79 85 80 72 104 116 75 74 121 39 73,76 105 106 113 118 84 115 229 112 79 85 80 72 104 116 75 74 121 39 73,simulation,db8,energy,80,50,50,0
ALL,W-QDA:qda,5,,0.0,0.058,76 105 106 113 118 84 115 229 112 79 85 80 72 104 116 75 74 121 39 73,76 105 106 113 118 84 115 229 112 79 85 80 72 104 116 75 74 121 39 73,simulation,db8,energy,80,50,50,0
W-NN,W-NN:k=1,4,1.5,0.06,0.168,77 74 78 75 80 111 114 115 109 116 79 108 112 113 117 73 76 84 107 72,74 78 79 111 112 114 115 77 108 110 73 76 80 116 75 113 109 84 117 81,simulation,db8,usage,80,50,50,0
W-QDA,W-QDA:qda,6,0.5,0.02,0.116,79 111 77 80 112 74 75 114 76 78 81 108 110 115 73 83 109 116 113 117,74 78 79 111 112 114 115 77 108 110 73 76 80 116 75 113 109 84 117 81,simulation,db8,usage,80,50,50,0
W-CART,W-CART:cart,36,0.5,0.02,0.158,79 111 77 80 112 74 75 114 76 78 81 108 110 115 73 83 109 116 113 117,74 78 79 111 112 114 115 77 108 110 73 76 80 116 75 113 109 84 117 81,simulation,db8,usage,80,50,50,0
ALL,W-QDA:qda,6,0.5,0.02,0.116,79 111 77 80 112 74 75 114 76 78 81 108 110 115 73 83 109 116 113 117,74 78 79 111 112 114 115 77 108 110 73 76 80 116 75 113 109 84 117 81,simulation,db8,usage,80,50,50,0
W-NN,W-NN:k=3,47,,0.1,0.244,77 114 75 117 73 79 118 76 54 113 80 81 111 119 107 53 116 110 74 78,77 114 75 117 73 79 118 76 54 113 80 81 111 119 107 53 116 110 74 78,simulation,db8,energy,81,50,50,0
W-QDA,W-QDA:qda,4,,0.06,0.082,77 114 75 117 73 79 118 76 54 113 80 81 111 119 107 53 116 110 74 78,77 114 75 117 73 79 118 76 54 113 80 81 111 119 107 53 116 110 74 78,simulation,db8,energy,81,50,50,0
W-CART,W-CART:cart,26,,0.04,0.136,77 114 75 117 73 79 118 76 54 113 80 81 111 119 107 53 116 110 74 78,77 114 75 117 73 79 118 76 54 113 80 81 111 119 107 53 116 110 74 78,simulation,db8,energy,81,50,50,0
ALL,W-CART:cart,26,,0.04,0.136,77 114 75 117 73 79 118 76 54 113 80 81 111 119 107 53 116 110 74 78,77 114 75 117 73 79 118 76 54 113 80 81 111 119 107 53 116 110 74 78,simulation,db8,energy,81,50,50,0
W-NN,W-NN:k=1,27,3.0,0.08,0.114,77 109 81 78 112 115 76 79 80 113 75 114 116 118 74 110 111 117 83 105,80 115 81 111 76 77 78 79 109 112 114 75 82 108 113 116 83 107 110 73,simulation,db8,usage,81,50,50,0
W-QDA,W-QDA:qda,15,2.0,0.04,0.118,77 76 78 109 79 81 115 80 111 113 112 75 110 82 83 116 118 107 108 114,80 115 81 111 76 77 78 79 109 112 114 75 82 108 113 116 83 107 110 73,simulation,db8,usage,81,50,50,0
W-CART,W-CART:cart,22,3.0,0.04,0.136,77 109 81 78 112 115 76 79 80 113 75 114 116 118 74 110 111 117 83 105,80 115 81 111 76 77 78 79 109 112 114 75 82 108 113 116 83 107 110 73,simulation,db8,usage,81,50,50,0
ALL,W-QDA:qda,15,2.0,0.04,0.118,77 76 78 109 79 81 115 80 111 113 112 75 110 82 83 116 118 107 108 114,80 115 81 111 76 77 78 79 109 112 114 75 82 108 113 116 83 107 110 73,simulation,db8,usage,81,50,50,0
W-NN,W-NN:k=1,4,,0.04,0.146,235 117 58 73 147 236 74 81 470 111 59 80 469 148 234 110 75 57 105 296,235 117 58 73 147 236 74 81 470 111 59 80 469 148 234 110 75 57 105 296,simulation,db8,energy,82,50,50,0
W-QDA,W-QDA:qda,3,,0.02,0.122,235 117 58 73 147 236 74 81 470 111 59 80 469 148 234 110 75 57 105 296,235 117 58 73 147 236 74 81 470 111 59 80 469 148 234 110 75 57 105 296,simulation,db8,energy,82,50,50,0
W-CART,W-CART:cart,33,,0.04,0.186,235 117 58 73 147 236 74 81 470 111 59 80 469 148 234 110 75 57 105 296,235 117 58 73 147 236 74 81 470 111 59 80 469 148 234 110 75 57 105 296,simulation,db8,energy,82,50,50,0
ALL,W-QDA:qda,3,,0.02,0.122,235 117 58 73 147 236 74 81 470 111 59 80 469 148 234 110 75 57 105 296,235 117 58 73 147 236 74 81 470 111 59 80 469 148 234 110 75 57 105 296,simulation,db8,energy,82,50,50,0
W-NN,W-NN:k=9,14,3.0,0.02,0.188,111 110 81 108 73 80 107 116 117 82 83 106 112 72 78 87 109 114 118 74,111 110 108 112 82 80 107 109 79 81 83 77 78 106 75 84 85 113 114 73,simulation,db8,usage,82,50,50,0
W-QDA,W-QDA:qda,12,3.0,0.0,0.09,111 110 81 108 73 80 107 116 117 82 83 106 112 72 78 87 109 114 118 74,111 110 108 112 82 80 107 109 79 81 83 77 78 106 75 84 85 113 114 73,simulation,db8,usage,82,50,50,0
W-CART,W-CART:cart,20,1.0,0.02,0.214,111 110 108 112 82 80 107 109 79 81 83 77 78 106 75 84 85 113 114 73,111 110 108 112 82 80 107 109 79 81 83 77 78 106 75 84 85 113 114 73,simulation,db8,usage,82,50,50,0
ALL,W-QDA:qda,12,3.0,0.0,0.09,111 110 81 108 73 80 107 116 117 82 83 106 112 72 78 87 109 114 118 74,111 110 108 112 82 80 107 109 79 81 83 77 78 106 75 84 85 113 114 73,simulation,db8,usage,82,50,50,0
W-NN,W-NN:k=1,7,,0.12,0.18,75 115 114 74 118 72 116 117 73 103 76 112 119 43 236 104 77 106 37 148,75 115 114 74 118 72 116 117 73 103 76 112 119 43 236 104 77 106 37 148,simulation,db8,energy,83,50,50,0
W-QDA,W-QDA:qda,10,,0.16,0.108,75 115 114 74 118 72 116 117 73 103 76 112 119 43 236 104 77 106 37 148,75 115 114 74 118 72 116 117 73 103 76 112 119 43 236 104 77 106 37 148,simulation,db8,energy,83,50,50,0
W-CART,W-CART:cart,18,,0.06,0.134,75 115 114 74 118 72 116 117 73 103 76 112 119 43 236 104 77 106 37 148,75 115 114 74 118 72 116 117 73 103 76 112 119 43 236 104 77 106 37 148,simulation,db8,energy,83,50,50,0
ALL,W-CART:cart,18,,0.06,0.134,75 115 114 74 118 72 116 117 73 103 76 112 119 43 236 104 77 106 37 148,75 115 114 74 118 72 116 117 73 103 76 112 119 43 236 104 77 106 37 148,simulation,db8,energy,83,50,50,0
W-NN,W-NN:k=5,5,2.0,0.06,0.214,114 116 73 75 76 113 74 77 78 72 112 117 115 79 118 109 71 83 119 70,114 116 73 74 76 112 113 118 77 78 79 115 75 109 117 72 111 71 110 80,simulation,db8,usage,83,50,50,0
W-QDA,W-QDA:qda,3,1.0,0.14,0.088,114 116 73 74 76 112 113 118 77 78 79 115 75 109 117 72 111 71 110 80,114 116 73 74 76 112 113 118 77 78 79 115 75 109 117 72 111 71 110 80,simulation,db8,usage,83,50,50,0
W-CART,W-CART:cart,24,3.0,0.1,0.154,114 77 73 74 75 116 76 115 117 72 78 112 113 118 119 70 71 79 37 83,114 116 73 74 76 112 113 118 77 78 79 115 75 109 117 72 111 71 110 80,simulation,db8,usage,83,50,50,0
ALL,W-NN:k=5,5,2.0,0.06,0.214,114 116 73 75 76 113 74 77 78 72 112 117 115 79 118 109 71 83 119 70,114 116 73 74 76 112 113 118 77 78 79 115 75 109 117 72 111 71 110 80,simulation,db8,usage,83,50,50,0
W-NN,W-NN:k=1,4,,0.06,0.108,103 113 75 107 37 116 117 115 111 82 114 79 43 104 74 39 108 112 105 38,103 113 75 107 37 116 117 115 111 82 114 79 43 104 74 39 108 112 105 38,simulation,db8,energy,84,50,50,0
W-QDA,W-QDA:qda,4,,0.04,0.058,103 113 75 107 37 116 117 115 111 82 114 79 43 104 74 39 108 112 105 38,103 113 75 107 37 116 117 115 111 82 114 79 43 104 74 39 108 112 105 38,simulation,db8,energy,84,50,50,0
W-CART,W-CART:cart,23,,0.12,0.124,103 113 75 107 37 116 117 115 111 82 114 79 43 104 74 39 108 112 105 38,103 113 75 107 37 116 117 115 111 82 114 79 43 104 74 39 108 112 105 38,simulation,db8,energy,84,50,50,0
ALL,W-QDA:qda,4,,0.04,0.058,103 113 75 107 37 116 117 115 111 82 114 79 43 104 74 39 108 112 105 38,103 113 75 107 37 116 117 115 111 82 114 79 43 104 74 39 108 112 105 38,simulation,db8,energy,84,50,50,0
W-NN,W-NN:k=1,11,2.0,0.02,0.15,82 81 116 113 80 107 84 105 108 112 79 106 115 78 86 104 111 114 74 83,81 80 112 79 82 113 111 78 105 114 85 108 104 106 107 110 116 76 84 87,simulation,db8,usage,84,50,50,0
W-QDA,W-QDA:qda,7,2.0,0.02,0.054,82 81 116 113 80 107 84 105 108 112 79 106 115 78 86 104 111 114 74 83,81 80 112 79 82 113 111 78 105 114 85 108 104 106 107 110 116 76 84 87,simulation,db8,usage,84,50,50,0
W-CART,W-CART:cart,4,3.0,0.08,0.126,81 105 113 82 108 80 111 75 83 84 104 115 116 77 86 87 107 110 78 106,81 80 112 79 82 113 111 78 105 114 85 108 104 106 107 110 116 76 84 87,simulation,db8,usage,84,50,50,0
ALL,W-QDA:qda,7,2.0,0.02,0.054,82 81 116 113 80 107 84 105 108 112 79 106 115 78 86 104 111 114 74 83,81 80 112 79 82 113 111 78 105 114 85 108 104 106 107 110 116 76 84 87,simulation,db8,usage,84,50,50,0
W-NN,W-NN:k=3,5,,0.04,0.122,83 113 82 76 84 108 81 103 75 115 77 114 107 86 87 80 117 79 109 88,83 113 82 76 84 108 81 103 75 115 77 114 107 86 87 80 117 79 109 88,simulation,db8,energy,85,50,50,0
W-QDA,W-QDA:qda,17,,0.0,0.03,83 113 82 76 84 108 81 103 75 115 77 114 107 86 87 80 117 79 109 88,83 113 82 76 84 108 81 103 75 115 77 114 107 86 87 80 117 79 109 88,simulation,db8,energy,85,50,50,0
W-CART,W-CART:cart,33,,0.04,0.132,83 113 82 76 84 108 81 103 75 115 77 114 107 86 87 80 117 79 109 88,83 113 82 76 84 108 81 103 75 115 77 114 107 86 87 80 117 79 109 88,simulation,db8,energy,85,50,50,0
ALL,W-QDA:qda,17,,0.0,0.03,83 113 82 76 84 108 81 103 75 115 77 114 107 86 87 80 117 79 109 88,83 113 82 76 84 108 81 103 75 115 77 114 107 86 87 80 117 79 109 88,simulation,db8,energy,85,50,50,0
W-NN,W-NN:k=1,16,2.0,0.06,0.108,77 108 113 78 80 112 82 109 75 79 111 114 81 84 83 105 107 110 115 74,112 78 109 82 111 77 79 113 108 80 114 107 110 81 105 115 74 75 76 83,simulation,db8,usage,85,50,50,0
W-QDA,W-QDA:qda,12,3.0,0.08,0.124,80 75 78 79 82 111 113 77 108 109 81 112 115 107 110 114 84 105 116 117,112 78 109 82 111 77 79 113 108 80 114 107 110 81 105 115 74 75 76 83,simulation,db8,usage,85,50,50,0
W-CART,W-CART:cart,16,1.0,0.04,0.132,112 78 109 82 111 77 79 113 108 80 114 107 110 81 105 115 74 75 76 83,112 78 109 82 111 77 79 113 108 80 114 107 110 81 105 115 74 75 76 83,simulation,db8,usage,85,50,50,0
ALL,W-CART:cart,16,1.0,0.04,0.132,112 78 109 82 111 77 79 113 108 80 114 107 110 81 105 115 74 75 76 83,112 78 109 82 111 77 79 113 108 80 114 107 110 81 105 115 74 75 76 83,simulation,db8,usage,85,50,50,0
W-NN,W-NN:k=1,21,,0.08,0.116,81 110 84 111 107 82 80 72 108 109 79 106 73 83 69 112 85 38 78 52,81 110 84 111 107 82 80 72 108 109 79 106 73 83 69 112 85 38 78 52,simulation,db8,energy,86,50,50,0
W-QDA,W-QDA:qda,8,,0.06,0.094,81 110 84 111 107 82 80 72 108 109 79 106 73 83 69 112 85 38 78 52,81 110 84 111 107 82 80 72 108 109 79 106 73 83 69 112 85 38 78 52,simulation,db8,energy,86,50,50,0
W-CART,W-CART:cart,31,,0.06,0.158,81 110 84 111 107 82 80 72 108 109 79 106 73 83 69 112 85 38 78 52,81 110 84 111 107 82 80 72 108 109 79 106 73 83 69 112 85 38 78 52,simulation,db8,energy,86,50,50,0
ALL,W-QDA:qda,8,,0.06,0.094,81 110 84 111 107 82 80 72 108 109 79 106 73 83 69 112 85 38 78 52,81 110 84 111 107 82 80 72 108 109 79 106 73 83 69 112 85 38 78 52,simulation,db8,energy,86,50,50,0
W-NN,W-NN:k=1,54,1.5,0.08,0.16,109 108 81 110 79 107 80 111 84 77 106 112 78 82 83 113 114 115 76 75,108 80 109 110 79 107 111 81 112 114 78 84 106 113 76 77 105 82 83 85,simulation,db8,usage,86,50,50,0
W-QDA,W-QDA:qda,2,2.0,0.1,0.172,108 107 109 110 79 111 80 81 112 84 106 77 82 113 85 75 78 83 114 73,108 80 109 110 79 107 111 81 112 114 78 84 106 113 76 77 105 82 83 85,simulation,db8,usage,86,50,50,0
W-CART,W-CART:cart,18,2.0,0.04,0.166,108 107 109 110 79 111 80 81 112 84 106 77 82 113 85 75 78 83 114 73,108 80 109 110 79 107 111 81 112 114 78 84 106 113 76 77 105 82 83 85,simulation,db8,usage,86,50,50,0
ALL,W-CART:cart,18,2.0,0.04,0.166,108 107 109 110 79 111 80 81 112 84 106 77 82 113 85 75 78 83 114 73,108 80 109 110 79 107 111 81 112 114 78 84 106 113 76 77 105 82 83 85,simulation,db8,usage,86,50,50,0
W-NN,W-NN:k=1,1,,0.08,0.208,87 37 76 82 103 116 109 114 77 81 115 113 104 117 86 88 119 52 75 108,87 37 76 82 103 116 109 114 77 81 115 113 104 117 86 88 119 52 75 108,simulation,db8,energy,87,50,50,0
W-QDA,W-QDA:qda,5,,0.02,0.038,87 37 76 82 103 116 109 114 77 81 115 113 104 117 86 88 119 52 75 108,87 37 76 82 103 116 109 114 77 81 115 113 104 117 86 88 119 52 75 108,simulation,db8,energy,87,50,50,0
W-CART,W-CART:cart,4,,0.04,0.11,87 37 76 82 103 116 109 114 77 81 115 113 104 117 86 88 119 52 75 108,87 37 76 82 103 116 109 114 77 81 115 113 104 117 86 88 119 52 75 108,simulation,db8,energy,87,50,50,0
ALL,W-QDA:qda,5,,0.02,0.038,87 37 76 82 103 116 109 114 77 81 115 113 104 117 86 88 119 52 75 108,87 37 76 82 103 116 109 114 77 81 115 113 104 117 86 88 119 52 75 108,simulation,db8,energy,87,50,50,0
W-NN,W-NN:k=1,9,1.5,0.06,0.124,76 75 113 111 115 82 109 110 116 117 77 80 74 112 78 79 114 118 73 81,76 113 75 77 115 80 111 112 114 116 74 109 78 79 82 110 117 108 118 107,simulation,db8,usage,87,50,50,0
W-QDA,W-QDA:qda,7,1.5,0.1,0.122,76 75 113 111 115 82 109 110 116 117 77 80 74 112 78 79 114 118 73 81,76 113 75 77 115 80 111 112 114 116 74 109 78 79 82 110 117 108 118 107,simulation,db8,usage,87,50,50,0
W-CART,W-CART:cart,40,1.5,0.08,0.136,76 75 113 111 115 82 109 110 116 117 77 80 74 112 78 79 114 118 73 81,76 113 75 77 115 80 111 112 114 116 74 109 78 79 82 110 117 108 118 107,simulation,db8,usage,87,50,50,0
ALL,W-NN:k=1,9,1.5,0.06,0.124,76 75 113 111 115 82 109 110 116 117 77 80 74 112 78 79 114 118 73 81,76 113 75 77 115 80 111 112 114 116 74 109 78 79 82 110 117 108 118 107,simulation,db8,usage,87,50,50,0
W-NN,W-NN:k=5,7,,0.02,0.06,106 107 116 84 169 70 75 71 83 74 108 115 53 233 59 105 109 85 86 170,106 107 116 84 169 70 75 71 83 74 108 115 53 233 59 105 109 85 86 170,simulation,db8,energy,88,50,50,0
W-QDA,W-QDA:qda,12,,0.0,0.018,106 107 116 84 169 70 75 71 83 74 108 115 53 233 59 105 109 85 86 170,106 107 116 84 169 70 75 71 83 74 108 115 53 233 59 105 109 85 86 170,simulation,db8,energy,88,50,50,0
W-CART,W-CART:cart,10,,0.06,0.136,106 107 116 84 169 70 75 71 83 74 108 115 53 233 59 105 109 85 86 170,106 107 116 84 169 70 75 71 83 74 108 115 53 233 59 105 109 85 86 170,simulation,db8,energy,88,50,50,0
ALL,W-QDA:qda,12,,0.0,0.018,106 107 116 84 169 70 75 71 83 74 108 115 53 233 59 105 109 85 86 170,106 107 116 84 169 70 75 71 83 74 108 115 53 233 59 105 109 85 86 170,simulation,db8,energy,88,50,50,0
W-NN,W-NN:k=9,4,3.0,0.02,0.14,84 116 117 83 107 108 109 74 115 75 76 82 110 73 79 80 85 105 78 86,109 80 108 111 115 116 82 83 107 113 114 74 76 78 84 106 110 75 79 81,simulation,db8,usage,88,50,50,0
W-QDA,W-QDA:qda,18,3.0,0.0,0.034,84 116 117 83 107 108 109 74 115 75 76 82 110 73 79 80 85 105 78 86,109 80 108 111 115 116 82 83 107 113 114 74 76 78 84 106 110 75 79 81,simulation,db8,usage,88,50,50,0
W-CART,W-CART:cart,18,0.5,0.04,0.126,111 80 109 112 115 76 83 110 113 114 75 82 108 116 106 77 78 79 107 81,109 80 108 111 115 116 82 83 107 113 114 74 76 78 84 106 110 75 79 81,simulation,db8,usage,88,50,50,0
ALL,W-QDA:qda,18,3.0,0.0,0.034,84 116 117 83 107 108 109 74 115 75 76 82 110 73 79 80 85 105 78 86,109 80 108 111 115 116 82 83 107 113 114 74 76 78 84 106 110 75 79 81,simulation,db8,usage,88,50,50,0
W-NN,W-NN:k=3,43,,0.06,0.202,113 117 73 72 118 116 78 115 112 114 120 74 155 75 79 88 119 76 106 156,113 117 73 72 118 116 78 115 112 114 120 74 155 75 79 88 119 76 106 156,simulation,db8,energy,89,50,50,0
W-QDA,W-QDA:qda,3,,0.1,0.086,113 117 73 72 118 116 78 115 112 114 120 74 155 75 79 88 119 76 106 156,113 117 73 72 118 116 78 115 112 114 120 74 155 75 79 88 119 76 106 156,simulation,db8,energy,89,50,50,0
W-CART,W-CART:cart,27,,0.04,0.086,113 117 73 72 118 116 78 115 112 114 120 74 155 75 79 88 119 76 106 156,113 117 73 72 118 116 78 115 112 114 120 74 155 75 79 88 119 76 106 156,simulation,db8,energy,89,50,50,0
ALL,W-CART:cart,27,,0.04,0.086,113 117 73 72 118 116 78 115 112 114 120 74 155 75 79 88 119 76 106 156,113 117 73 72 118 116 78 115 112 114 120 74 155 75 79 88 119 76 106 156,simulation,db8,energy,89,50,50,0
W-NN,W-NN:k=3,43,2.0,0.08,0.148,114 115 117 74 113 119 71 75 118 72 78 116 73 77 79 82 76 81 107 112,115 114 72 113 117 74 116 73 75 76 118 71 77 112 119 78 80 107 108 111,simulation,db8,usage,89,50,50,0
W-QDA,W-QDA:qda,4,1.0,0.06,0.104,115 114 72 113 117 74 116 73 75 76 118 71 77 112 119 78 80 107 108 111,115 114 72 113 117 74 116 73 75 76 118 71 77 112 119 78 80 107 108 111,simulation,db8,usage,89,50,50,0
W-CART,W-CART:cart,20,3.0,0.04,0.102,114 115 117 118 74 75 119 72 78 71 73 113 116 149 76 77 82 85 112 86,115 114 72 113 117 74 116 73 75 76 118 71 77 112 119 78 80 107 108 111,simulation,db8,usage,89,50,50,0
ALL,W-CART:cart,20,3.0,0.04,0.102,114 115 117 118 74 75 119 72 78 71 73 113 116 149 76 77 82 85 112 86,115 114 72 113 117 74 116 73 75 76 118 71 77 112 119 78 80 107 108 111,simulation,db8,usage,89,50,50,0
W-NN,W-NN:k=1,25,,0.1,0.15,74 113 112 58 120 109 75 83 116 114 40 117 76 118 87 119 108 38 102 103,74 113 112 58 120 109 75 83 116 114 40 117 76 118 87 119 108 38 102 103,simulation,db8,energy,90,50,50,0
W-QDA,W-QDA:qda,6,,0.06,0.084,74 113 112 58 120 109 75 83 116 114 40 117 76 118 87 119 108 38 102 103,74 113 112 58 120 109 75 83 116 114 40 117 76 118 87 119 108 38 102 103,simulation,db8,energy,90,50,50,0
W-CART,W-CART:cart,8,,0.1,0.176,74 113 112 58 120 109 75 83 116 114 40 117 76 118 87 119 108 38 102 103,74 113 112 58 120 109 75 83 116 114 40 117 76 118 87 119 108 38 102 103,simulation,db8,energy,90,50,50,0
ALL,W-QDA:qda,6,,0.06,0.084,74 113 112 58 120 109 75 83 116 114 40 117 76 118 87 119 108 38 102 103,74 113 112 58 120 109 75 83 116 114 40 117 76 118 87 119 108 38 102 103,simulation,db8,energy,90,50,50,0
W-NN,W-NN:k=1,12,2.0,0.02,0.12,83 112 75 76 80 111 78 81 108 74 82 84 86 109 113 117 118 120 77 79,111 112 76 77 113 78 80 110 115 75 79 81 108 109 82 83 114 74 116 117,simulation,db8,usage,90,50,50,0
W-QDA,W-QDA:qda,8,3.0,0.0,0.042,111 83 84 80 112 117 118 75 76 77 78 82 108 109 86 106 114 121 70 72,111 112 76 77 113 78 80 110 115 75 79 81 108 109 82 83 114 74 116 117,simulation,db8,usage,90,50,50,0
W-CART,W-CART:cart,15,2.0,0.1,0.118,83 112 75 76 80 111 78 81 108 74 82 84 86 109 113 117 118 120 77 79,111 112 76 77 113 78 80 110 115 75 79 81 108 109 82 83 114 74 116 117,simulation,db8,usage,90,50,50,0
ALL,W-QDA:qda,8,3.0,0.0,0.042,111 83 84 80 112 117 118 75 76 77 78 82 108 109 86 106 114 121 70 72,111 112 76 77 113 78 80 110 115 75 79 81 108 109 82 83 114 74 116 117,simulation,db8,usage,90,50,50,0
W-NN,W-NN:k=1,37,,0.16,0.17,107 110 169 168 109 41 77 82 79 40 108 80 214 84 111 113 106 43 81 83,107 110 169 168 109 41 77 82 79 40 108 80 214 84 111 113 106 43 81 83,simulation,db8,energy,91,50,50,0
W-QDA,W-QDA:qda,7,,0.14,0.122,107 110 169 168 109 41 77 82 79 40 108 80 214 84 111 113 106 43 81 83,107 110 169 168 109 41 77 82 79 40 108 80 214 84 111 113 106 43 81 83,simulation,db8,energy,91,50,50,0
W-CART,W-CART:cart,29,,0.1,0.152,107 110 169 168 109 41 77 82 79 40 108 80 214 84 111 113 106 43 81 83,107 110 169 168 109 41 77 82 79 40 108 80 214 84 111 113 106 43 81 83,simulation,db8,energy,91,50,50,0
ALL,W-CART:cart,29,,0.1,0.152,107 110 169 168 109 41 77 82 79 40 108 80 214 84 111 113 106 43 81 83,107 110 169 168 109 41 77 82 79 40 108 80 214 84 111 113 106 43 81 83,simulation,db8,energy,91,50,50,0
W-NN,W-NN:k=3,16,1.0,0.06,0.1,79 113 81 112 107 110 78 80 106 108 111 76 77 83 109 115 114 75 82 85,79 113 81 112 107 110 78 80 106 108 111 76 77 83 109 115 114 75 82 85,simulation,db8,usage,91,50,50,0
W-QDA,W-QDA:qda,9,1.0,0.14,0.176,79 113 81 112 107 110 78 80 106 108 111 76 77 83 109 115 114 75 82 85,79 113 81 112 107 110 78 80 106 108 111 76 77 83 109 115 114 75 82 85,simulation,db8,usage,91,50,50,0
W-CART,W-CART:cart,21,3.0,0.06,0.098,111 110 81 82 108 109 77 78 79 113 115 80 83 106 112 76 105 107 114 116,79 113 81 112 107 110 78 80 106 108 111 76 77 83 109 115 114 75 82 85,simulation,db8,usage,91,50,50,0
ALL,W-NN:k=3,16,1.0,0.06,0.1,79 113 81 112 107 110 78 80 106 108 111 76 77 83 109 115 114 75 82 85,79 113 81 112 107 110 78 80 106 108 111 76 77 83 109 115 114 75 82 85,simulation,db8,usage,91,50,50,0
W-NN,W-NN:k=3,6,,0.02,0.15,77 109 76 117 84 71 112 82 107 118 81 36 87 37 83 164 86 111 105 55,77 109 76 117 84 71 112 82 107 118 81 36 87 37 83 164 86 111 105 55,simulation,db8,energy,92,50,50,0
W-QDA,W-QDA:qda,12,,0.02,0.04,77 109 76 117 84 71 112 82 107 118 81 36 87 37 83 164 86 111 105 55,77 109 76 117 84 71 112 82 107 118 81 36 87 37 83 164 86 111 105 55,simulation,db8,energy,92,50,50,0
W-CART,W-CART:cart,11,,0.1,0.086,77 109 76 117 84 71 112 82 107 118 81 36 87 37 83 164 86 111 105 55,77 109 76 117 84 71 112 82 107 118 81 36 87 37 83 164 86 111 105 55,simulation,db8,energy,92,50,50,0
ALL,W-NN:k=3,6,,0.02,0.15,77 109 76 117 84 71 112 82 107 118 81 36 87 37 83 164 86 111 105 55,77 109 76 117 84 71 112 82 107 118 81 36 87 37 83 164 86 111 105 55,simulation,db8,energy,92,50,50,0
W-NN,W-NN:k=1,18,2.0,0.06,0.138,76 77 79 78 80 113 82 83 109 111 112 114 75 108 110 81 107 74 105 116,77 110 109 79 76 78 80 111 75 114 115 74 83 108 81 107 112 116 82 113,simulation,db8,usage,92,50,50,0
W-QDA,W-QDA:qda,21,0.5,0.04,0.1,110 79 77 76 109 81 111 112 114 74 80 75 78 82 115 83 116 108 113 73,77 110 109 79 76 78 80 111 75 114 115 74 83 108 81 107 112 116 82 113,simulation,db8,usage,92,50,50,0
W-CART,W-CART:cart,10,0.5,0.08,0.18,110 79 77 76 109 81 111 112 114 74 80 75 78 82 115 83 116 108 113 73,77 110 109 79 76 78 80 111 75 114 115 74 83 108 81 107 112 116 82 113,simulation,db8,usage,92,50,50,0
ALL,W-QDA:qda,21,0.5,0.04,0.1,110 79 77 76 109 81 111 112 114 74 80 75 78 82 115 83 116 108 113 73,77 110 109 79 76 78 80 111 75 114 115 74 83 108 81 107 112 116 82 113,simulation,db8,usage,92,50,50,0
W-NN,W-NN:k=1,16,,0.06,0.106,76 74 109 114 75 105 88 57 103 115 104 107 72 106 116 82 78 56 117 118,76 74 109 114 75 105 88 57 103 115 104 107 72 106 116 82 78 56 117 118,simulation,db8,energy,93,50,50,0
W-QDA,W-QDA:qda,11,,0.04,0.036,76 74 109 114 75 105 88 57 103 115 104 107 72 106 116 82 78 56 117 118,76 74 109 114 75 105 88 57 103 115 104 107 72 106 116 82 78 56 117 118,simulation,db8,energy,93,50,50,0
W-CART,W-CART:cart,36,,0.1,0.11,76 74 109 114 75 105 88 57 103 115 104 107 72 106 116 82 78 56 117 118,76 74 109 114 75 105 88 57 103 115 104 107 72 106 116 82 78 56 117 118,simulation,db8,energy,93,50,50,0
ALL,W-QDA:qda,11,,0.04,0.036,76 74 109 114 75 105 88 57 103 115 104 107 72 106 116 82 78 56 117 118,76 74 109 114 75 105 88 57 103 115 104 107 72 106 116 82 78 56 117 118,simulation,db8,energy,93,50,50,0
W-NN,W-NN:k=5,5,1.5,0.1,0.226,75 77 115 76 79 74 78 110 117 116 81 109 114 111 113 73 82 118 80 83,75 76 77 78 79 114 115 74 80 81 110 117 113 116 72 73 82 109 111 118,simulation,db8,usage,93,50,50,0
W-QDA,W-QDA:qda,2,1.5,0.1,0.204,75 77 115 76 79 74 78 110 117 116 81 109 114 111 113 73 82 118 80 83,75 76 77 78 79 114 115 74 80 81 110 117 113 116 72 73 82 109 111 118,simulation,db8,usage,93,50,50,0
W-CART,W-CART:cart,20,3.0,0.06,0.142,74 115 75 76 77 79 109 114 116 117 80 82 107 118 78 85 105 106 111 72,75 76 77 78 79 114 115 74 80 81 110 117 113 116 72 73 82 109 111 118,simulation,db8,usage,93,50,50,0
ALL,W-CART:cart,20,3.0,0.06,0.142,74 115 75 76 77 79 109 114 116 117 80 82 107 118 78 85 105 106 111 72,75 76 77 78 79 114 115 74 80 81 110 117 113 116 72 73 82 109 111 118,simulation,db8,usage,93,50,50,0
W-NN,W-NN:k=3,1,,0.02,0.126,117 113 108 81 148 110 104 114 105 50 84 115 78 103 107 80 79 77 112 147,117 113 108 81 148 110 104 114 105 50 84 115 78 103 107 80 79 77 112 147,simulation,db8,energy,94,50,50,0
W-QDA,W-QDA:qda,3,,0.02,0.102,117 113 108 81 148 110 104 114 105 50 84 115 78 103 107 80 79 77 112 147,117 113 108 81 148 110 104 114 105 50 84 115 78 103 107 80 79 77 112 147,simulation,db8,energy,94,50,50,0
W-CART,W-CART:cart,53,,0.04,0.178,117 113 108 81 148 110 104 114 105 50 84 115 78 103 107 80 79 77 112 147,117 113 108 81 148 110 104 114 105 50 84 115 78 103 107 80 79 77 112 147,simulation,db8,energy,94,50,50,0
ALL,W-NN:k=3,1,,0.02,0.126,117 113 108 81 148 110 104 114 105 50 84 115 78 103 107 80 79 77 112 147,117 113 108 81 148 110 104 114 105 50 84 115 78 103 107 80 79 77 112 147,simulation,db8,energy,94,50,50,0
W-NN,W-NN:k=5,1,2.0,0.04,0.174,75 81 80 82 109 76 110 111 78 79 83 85 108 74 84 105 106 107 114 115,80 82 110 81 108 111 76 85 107 109 75 78 79 106 74 77 83 112 114 113,simulation,db8,usage,94,50,50,0
W-QDA,W-QDA:qda,3,3.0,0.02,0.098,80 81 74 79 83 107 108 110 75 76 78 82 84 105 106 111 109 116 77 85,80 82 110 81 108 111 76 85 107 109 75 78 79 106 74 77 83 112 114 113,simulation,db8,usage,94,50,50,0
W-CART,W-CART:cart,31,1.0,0.04,0.156,80 82 110 81 108 111 76 85 107 109 75 78 79 106 74 77 83 112 114 113,80 82 110 81 108 111 76 85 107 109 75 78 79 106 74 77 83 112 114 113,simulation,db8,usage,94,50,50,0
ALL,W-QDA:qda,3,3.0,0.02,0.098,80 81 74 79 83 107 108 110 75 76 78 82 84 105 106 111 109 116 77 85,80 82 110 81 108 111 76 85 107 109 75 78 79 106 74 77 83 112 114 113,simulation,db8,usage,94,50,50,0
W-NN,W-NN:k=1,5,,0.12,0.118,107 115 114 108 118 72 83 76 70 41 116 85 74 84 73 71 77 117 168 82,107 115 114 108 118 72 83 76 70 41 116 85 74 84 73 71 77 117 168 82,simulation,db8,energy,95,50,50,0
W-QDA,W-QDA:qda,8,,0.04,0.05,107 115 114 108 118 72 83 76 70 41 116 85 74 84 73 71 77 117 168 82,107 115 114 108 118 72 83 76 70 41 116 85 74 84 73 71 77 117 168 82,simulation,db8,energy,95,50,50,0
W-CART,W-CART:cart,18,,0.1,0.138,107 115 114 108 118 72 83 76 70 41 116 85 74 84 73 71 77 117 168 82,107 115 114 108 118 72 83 76 70 41 116 85 74 84 73 71 77 117 168 82,simulation,db8,energy,95,50,50,0
ALL,W-QDA:qda,8,,0.04,0.05,107 115 114 108 118 72 83 76 70 41 116 85 74 84 73 71 77 117 168 82,107 115 114 108 118 72 83 76 70 41 116 85 74 84 73 71 77 117 168 82,simulation,db8,energy,95,50,50,0
W-NN,W-NN:k=5,3,2.0,0.08,0.152,83 114 115 84 74 82 85 116 72 73 75 77 78 107 108 112 109 104 118 119,77 83 114 115 79 82 84 109 74 78 81 85 107 108 110 72 73 76 106 113,simulation,db8,usage,95,50,50,0
W-QDA,W-QDA:qda,13,3.0,0.02,0.046,116 83 114 115 118 74 78 84 85 109 71 73 75 106 108 82 103 107 112 117,77 83 114 115 79 82 84 109 74 78 81 85 107 108 110 72 73 76 106 113,simulation,db8,usage,95,50,50,0
W-CART,W-CART:cart,14,3.0,0.1,0.114,116 83 114 115 118 74 78 84 85 109 71 73 75 106 108 82 103 107 112 117,77 83 114 115 79 82 84 109 74 78 81 85 107 108 110 72 73 76 106 113,simulation,db8,usage,95,50,50,0
ALL,W-QDA:qda,13,3.0,0.02,0.046,116 83 114 115 118 74 78 84 85 109 71 73 75 106 108 82 103 107 112 117,77 83 114 115 79 82 84 109 74 78 81 85 107 108 110 72 73 76 106 113,simulation,db8,usage,95,50,50,0
W-NN,W-NN:k=3,2,,0.06,0.136,107 105 87 77 104 51 114 115 72 73 108 116 58 84 82 75 59 168 112 79,107 105 87 77 104 51 114 115 72 73 108 116 58 84 82 75 59 168 112 79,simulation,db8,energy,96,50,50,0
W-QDA,W-QDA:qda,10,,0.0,0.046,107 105 87 77 104 51 114 115 72 73 108 116 58 84 82 75 59 168 112 79,107 105 87 77 104 51 114 115 72 73 108 116 58 84 82 75 59 168 112 79,simulation,db8,energy,96,50,50,0
W-CART,W-CART:cart,5,,0.06,0.094,107 105 87 77 104 51 114 115 72 73 108 116 58 84 82 75 59 168 112 79,107 105 87 77 104 51 114 115 72 73 108 116 58 84 82 75 59 168 112 79,simulation,db8,energy,96,50,50,0
ALL,W-QDA:qda,10,,0.0,0.046,107 105 87 77 104 51 114 115 72 73 108 116 58 84 82 75 59 168 112 79,107 105 87 77 104 51 114 115 72 73 108 116 58 84 82 75 59 168 112 79,simulation,db8,energy,96,50,50,0
W-NN,W-NN:k=7,10,1.5,0.02,0.204,77 79 112 117 75 78 81 111 110 113 115 80 116 108 72 74 82 109 114 71,79 112 77 110 111 116 72 78 80 109 114 75 81 107 113 115 117 74 76 82,simulation,db8,usage,96,50,50,0
W-QDA,W-QDA:qda,14,1.0,0.04,0.068,79 112 77 110 111 116 72 78 80 109 114 75 81 107 113 115 117 74 76 82,79 112 77 110 111 116 72 78 80 109 114 75 81 107 113 115 117 74 76 82,simulation,db8,usage,96,50,50,0
W-CART,W-CART:cart,33,2.0,0.04,0.112,79 115 75 110 111 112 78 80 117 77 81 116 72 113 114 74 76 85 118 73,79 112 77 110 111 116 72 78 80 109 114 75 81 107 113 115 117 74 76 82,simulation,db8,usage,96,50,50,0
ALL,W-NN:k=7,10,1.5,0.02,0.204,77 79 112 117 75 78 81 111 110 113 115 80 116 108 72 74 82 109 114 71,79 112 77 110 111 116 72 78 80 109 114 75 81 107 113 115 117 74 76 82,simulation,db8,usage,96,50,50,0
W-NN,W-NN:k=3,1,,0.08,0.156,71 118 119 72 36 107 85 116 105 117 76 120 84 170 115 114 104 73 74 35,71 118 119 72 36 107 85 116 105 117 76 120 84 170 115 114 104 73 74 35,simulation,db8,energy,97,50,50,0
W-QDA,W-QDA:qda,7,,0.04,0.082,71 118 119 72 36 107 85 116 105 117 76 120 84 170 115 114 104 73 74 35,71 118 119 72 36 107 85 116 105 117 76 120 84 170 115 114 104 73 74 35,simulation,db8,energy,97,50,50,0
W-CART,W-CART:cart,5,,0.06,0.108,71 118 119 72 36 107 85 116 105 117 76 120 84 170 115 114 104 73 74 35,71 118 119 72 36 107 85 116 105 117 76 120 84 170 115 114 104 73 74 35,simulation,db8,energy,97,50,50,0
ALL,W-QDA:qda,7,,0.04,0.082,71 118 119 72 36 107 85 116 105 117 76 120 84 170 115 114 104 73 74 35,71 118 119 72 36 107 85 116 105 117 76 120 84 170 115 114 104 73 74 35,simulation,db8,energy,97,50,50,0
W-NN,W-NN:k=3,2,2.0,0.06,0.118,117 77 114 116 73 74 118 75 76 78 113 115 79 112 85 72 84 111 71 80,77 113 73 75 117 76 78 114 116 79 72 110 115 74 81 111 112 118 71 80,simulation,db8,usage,97,50,50,0
W-QDA,W-QDA:qda,4,1.5,0.06,0.132,77 116 73 75 113 114 78 79 117 76 71 118 74 115 80 111 112 72 85 84,77 113 73 75 117 76 78 114 116 79 72 110 115 74 81 111 112 118 71 80,simulation,db8,usage,97,50,50,0
W-CART,W-CART:cart,8,2.0,0.06,0.16,117 77 114 116 73 74 118 75 76 78 113 115 79 112 85 72 84 111 71 80,77 113 73 75 117 76 78 114 116 79 72 110 115 74 81 111 112 118 71 80,simulation,db8,usage,97,50,50,0
ALL,W-NN:k=3,2,2.0,0.06,0.118,117 77 114 116 73 74 118 75 76 78 113 115 79 112 85 72 84 111 71 80,77 113 73 75 117 76 78 114 116 79 72 110 115 74 81 111 112 118 71 80,simulation,db8,usage,97,50,50,0
W-NN,W-NN:k=3,5,,0.02,0.124,113 117 84 78 114 38 110 119 107 116 81 73 79 118 82 71 77 72 74 80,113 117 84 78 114 38 110 119 107 116 81 73 79 118 82 71 77 72 74 80,simulation,db8,energy,98,50,50,0
W-QDA,W-QDA:qda,5,,0.0,0.084,113 117 84 78 114 38 110 119 107 116 81 73 79 118 82 71 77 72 74 80,113 117 84 78 114 38 110 119 107 116 81 73 79 118 82 71 77 72 74 80,simulation,db8,energy,98,50,50,0
W-CART,W-CART:cart,2,,0.06,0.13,113 117 84 78 114 38 110 119 107 116 81 73 79 118 82 71 77 72 74 80,113 117 84 78 114 38 110 119 107 116 81 73 79 118 82 71 77 72 74 80,simulation,db8,energy,98,50,50,0
ALL,W-QDA:qda,5,,0.0,0.084,113 117 84 78 114 38 110 119 107 116 81 73 79 118 82 71 77 72 74 80,113 117 84 78 114 38 110 119 107 116 81 73 79 118 82 71 77 72 74 80,simulation,db8,energy,98,50,50,0
W-NN,W-NN:k=1,16,1.5,0.04,0.114,76 79 112 114 77 75 78 113 80 109 115 117 81 84 110 116 74 73 83 111,114 76 78 112 79 113 77 75 80 115 82 116 81 84 109 74 111 108 110 117,simulation,db8,usage,98,50,50,0
W-QDA,W-QDA:qda,15,0.5,0.02,0.108,112 76 79 114 78 113 74 75 77 115 80 81 109 116 108 111 82 117 73 110,114 76 78 112 79 113 77 75 80 115 82 116 81 84 109 74 111 108 110 117,simulation,db8,usage,98,50,50,0
W-CART,W-CART:cart,11,3.0,0.02,0.098,79 78 76 112 77 114 116 110 113 115 118 72 75 81 84 107 108 109 111 117,114 76 78 112 79 113 77 75 80 115 82 116 81 84 109 74 111 108 110 117,simulation,db8,usage,98,50,50,0
ALL,W-CART:cart,11,3.0,0.02,0.098,79 78 76 112 77 114 116 110 113 115 118 72 75 81 84 107 108 109 111 117,114 76 78 112 79 113 77 75 80 115 82 116 81 84 109 74 111 108 110 117,simulation,db8,usage,98,50,50,0
W-NN,W-NN:k=1,7,,0.06,0.106,119 70 118 102 142 143 120 239 72 88 76 117 73 56 71 81 83 110 116 35,119 70 118 102 142 143 120 239 72 88 76 117 73 56 71 81 83 110 116 35,simulation,db8,energy,99,50,50,0
W-QDA,W-QDA:qda,3,,0.04,0.088,119 70 118 102 142 143 120 239 72 88 76 117 73 56 71 81 83 110 116 35,119 70 118 102 142 143 120 239 72 88 76 117 73 56 71 81 83 110 116 35,simulation,db8,energy,99,50,50,0
W-CART,W-CART:cart,52,,0.06,0.106,119 70 118 102 142 143 120 239 72 88 76 117 73 56 71 81 83 110 116 35,119 70 118 102 142 143 120 239 72 88 76 117 73 56 71 81 83 110 116 35,simulation,db8,energy,99,50,50,0
ALL,W-QDA:qda,3,,0.04,0.088,119 70 118 102 142 143 120 239 72 88 76 117 73 56 71 81 83 110 116 35,119 70 118 102 142 143 120 239 72 88 76 117 73 56 71 81 83 110 116 35,simulation,db8,energy,99,50,50,0
W-NN,W-NN:k=1,12,0.5,0.06,0.128,113 74 77 78 112 79 110 73 75 114 76 80 82 115 116 117 118 71 109 111,112 77 78 113 74 79 80 117 71 116 118 73 76 111 75 81 82 114 115 83,simulation,db8,usage,99,50,50,0
W-QDA,W-QDA:qda,9,2.0,0.08,0.068,77 117 78 116 79 83 73 76 111 112 113 118 119 71 84 72 74 75 81 120,112 77 78 113 74 79 80 117 71 116 118 73 76 111 75 81 82 114 115 83,simulation,db8,usage,99,50,50,0
W-CART,W-CART:cart,7,1.5,0.08,0.16,77 117 78 112 113 118 73 75 76 79 82 116 71 74 83 114 115 119 80 81,112 77 78 113 74 79 80 117 71 116 118 73 76 111 75 81 82 114 115 83,simulation,db8,usage,99,50,50,0
ALL,W-NN:k=1,12,0.5,0.06,0.128,113 74 77 78 112 79 110 73 75 114 76 80 82 115 116 117 118 71 109 111,112 77 78 113 74 79 80 117 71 116 118 73 76 111 75 81 82 114 115 83,simulation,db8,usage,99,50,50,0
W-NN,W-NN:k=1,14,,0.08,0.106,102 71 113 54 77 88 114 82 87 118 117 80 112 73 37 84 76 115 119 70,102 71 113 54 77 88 114 82 87 118 117 80 112 73 37 84 76 115 119 70,simulation,db10,energy,0,50,50,0
W-QDA,W-QDA:qda,12,,0.04,0.072,102 71 113 54 77 88 114 82 87 118 117 80 112 73 37 84 76 115 119 70,102 71 113 54 77 88 114 82 87 118 117 80 112 73 37 84 76 115 119 70,simulation,db10,energy,0,50,50,0
W-CART,W-CART:cart,4,,0.06,0.202,102 71 113 54 77 88 114 82 87 118 117 80 112 73 37 84 76 115 119 70,102 71 113 54 77 88 114 82 87 118 117 80 112 73 37 84 76 115 119 70,simulation,db10,energy,0,50,50,0
ALL,W-QDA:qda,12,,0.04,0.072,102 71 113 54 77 88 114 82 87 118 117 80 112 73 37 84 76 115 119 70,102 71 113 54 77 88 114 82 87 118 117 80 112 73 37 84 76 115 119 70,simulation,db10,energy,0,50,50,0
W-NN,W-NN:k=1,14,0.5,0.12,0.168,78 77 79 110 114 76 113 109 111 112 81 116 80 115 73 75 82 83 74 84,110 77 78 79 114 109 111 76 113 116 74 80 82 75 112 115 73 81 83 107,simulation,db10,usage,0,50,50,0
W-QDA,W-QDA:qda,11,2.0,0.14,0.182,77 113 78 79 114 74 75 76 80 110 82 112 115 73 81 116 117 72 83 108,110 77 78 79 114 109 111 76 113 116 74 80 82 75 112 115 73 81 83 107,simulation,db10,usage,0,50,50,0
W-CART,W-CART:cart,32,3.0,0.08,0.112,114 79 74 76 77 78 75 81 113 116 72 73 112 115 117 80 82 83 71 110,110 77 78 79 114 109 111 76 113 116 74 80 82 75 112 115 73 81 83 107,simulation,db10,usage,0,50,50,0
ALL,W-CART:cart,32,3.0,0.08,0.112,114 79 74 76 77 78 75 81 113 116 72 73 112 115 117 80 82 83 71 110,110 77 78 79 114 109 111 76 113 116 74 80 82 75 112 115 73 81 83 107,simulation,db10,usage,0,50,50,0
W-NN,W-NN:k=1,8,,0.1,0.138,110 75 81 114 79 76 74 115 37 38 82 87 80 77 78 85 116 108 111 112,110 75 81 114 79 76 74 115 37 38 82 87 80 77 78 85 116 108 111 112,simulation,db10,energy,1,50,50,0
W-QDA,W-QDA:qda,12,,0.14,0.098,110 75 81 114 79 76 74 115 37 38 82 87 80 77 78 85 116 108 111 112,110 75 81 114 79 76 74 115 37 38 82 87 80 77 78 85 116 108 111 112,simulation,db10,energy,1,50,50,0
W-CART,W-CART:cart,7,,0.1,0.12,110 75 81 114 79 76 74 115 37 38 82 87 80 77 78 85 116 108 111 112,110 75 81 114 79 76 74 115 37 38 82 87 80 77 78 85 116 108 111 112,simulation,db10,energy,1,50,50,0
ALL,W-CART:cart,7,,0.1,0.12,110 75 81 114 79 76 74 115 37 38 82 87 80 77 78 85 116 108 111 112,110 75 81 114 79 76 74 115 37 38 82 87 80 77 78 85 116 108 111 112,simulation,db10,energy,1,50,50,0
W-NN,W-NN:k=1,51,3.0,0.08,0.19,75 76 80 79 116 115 74 81 112 117 82 114 83 113 72 73 77 84 109 110,112 76 75 113 74 80 78 79 111 114 81 116 77 108 82 109 110 117 83 115,simulation,db10,usage,1,50,50,0
W-QDA,W-QDA:qda,11,0.5,0.1,0.134,79 111 112 78 80 75 76 82 113 81 74 77 108 110 114 116 83 109 115 84,112 76 75 113 74 80 78 79 111 114 81 116 77 108 82 109 110 117 83 115,simulation,db10,usage,1,50,50,0
W-CART,W-CART:cart,19,0.5,0.06,0.13,79 111 112 78 80 75 76 82 113 81 74 77 108 110 114 116 83 109 115 84,112 76 75 113 74 80 78 79 111 114 81 116 77 108 82 109 110 117 83 115,simulation,db10,usage,1,50,50,0
ALL,W-CART:cart,19,0.5,0.06,0.13,79 111 112 78 80 75 76 82 113 81 74 77 108 110 114 116 83 109 115 84,112 76 75 113 74 80 78 79 111 114 81 116 77 108 82 109 110 117 83 115,simulation,db10,usage,1,50,50,0
W-NN,W-NN:k=1,5,,0.08,0.162,118 71 72 83 106 81 117 82 75 110 107 76 108 115 79 54 105 74 73 77,118 71 72 83 106 81 117 82 75 110 107 76 108 115 79 54 105 74 73 77,simulation,db10,energy,2,50,50,0
W-QDA,W-QDA:qda,3,,0.02,0.076,118 71 72 83 106 81 117 82 75 110 107 76 108 115 79 54 105 74 73 77,118 71 72 83 106 81 117 82 75 110 107 76 108 115 79 54 105 74 73 77,simulation,db10,energy,2,50,50,0
W-CART,W-CART:cart,25,,0.08,0.152,118 71 72 83 106 81 117 82 75 110 107 76 108 115 79 54 105 74 73 77,118 71 72 83 106 81 117 82 75 110 107 76 108 115 79 54 105 74 73 77,simulation,db10,energy,2,50,50,0
ALL,W-QDA:qda,3,,0.02,0.076,118 71 72 83 106 81 117 82 75 110 107 76 108 115 79 54 105 74 73 77,118 71 72 83 106 81 117 82 75 110 107 76 108 115 79 54 105 74 73 77,simulation,db10,energy,2,50,50,0
W-NN,W-NN:k=3,25,1.5,0.08,0.12,76 80 112 115 81 108 113 114 117 77 110 116 78 79 84 109 74 75 82 83,76 81 108 112 80 113 74 107 115 116 110 77 109 111 114 78 79 82 117 75,simulation,db10,usage,2,50,50,0
W-QDA,W-QDA:qda,8,0.5,0.0,0.076,115 76 81 113 114 108 112 74 79 82 110 75 107 77 80 109 116 118 78 83,76 81 108 112 80 113 74 107 115 116 110 77 109 111 114 78 79 82 117 75,simulation,db10,usage,2,50,50,0
W-CART,W-CART:cart,11,1.0,0.06,0.104,76 81 108 112 80 113 74 107 115 116 110 77 109 111 114 78 79 82 117 75,76 81 108 112 80 113 74 107 115 116 110 77 109 111 114 78 79 82 117 75,simulation,db10,usage,2,50,50,0
ALL,W-QDA:qda,8,0.5,0.0,0.076,115 76 81 113 114 108 112 74 79 82 110 75 107 77 80 109 116 118 78 83,76 81 108 112 80 113 74 107 115 116 110 77 109 111 114 78 79 82 117 75,simulation,db10,usage,2,50,50,0
W-NN,W-NN:k=1,44,,0.1,0.204,102 103 78 86 106 112 117 73 80 87 82 83 81 108 79 75 105 113 107 104,102 103 78 86 106 112 117 73 80 87 82 83 81 108 79 75 105 113 107 104,simulation,db10,energy,3,50,50,0
W-QDA,W-QDA:qda,8,,0.04,0.056,102 103 78 86 106 112 117 73 80 87 82 83 81 108 79 75 105 113 107 104,102 103 78 86 106 112 117 73 80 87 82 83 81 108 79 75 105 113 107 104,simulation,db10,energy,3,50,50,0
W-CART,W-CART:cart,17,,0.12,0.18,102 103 78 86 106 112 117 73 80 87 82 83 81 108 79 75 105 113 107 104,102 103 78 86 106 112 117 73 80 87 82 83 81 108 79 75 105 113 107 104,simulation,db10,energy,3,50,50,0
ALL,W-QDA:qda,8,,0.04,0.056,102 103 78 86 106 112 117 73 80 87 82 83 81 108 79 75 105 113 107 104,102 103 78 86 106 112 117 73 80 87 82 83 81 108 79 75 105 113 107 104,simulation,db10,energy,3,50,50,0
W-NN,W-NN:k=3,3,3.0,0.02,0.124,83 84 104 86 112 80 106 107 116 117 111 82 85 87 105 109 114 76 78 79,82 79 108 109 80 83 110 78 81 85 86 106 107 112 113 114 77 104 105 116,simulation,db10,usage,3,50,50,0
W-QDA,W-QDA:qda,3,3.0,0.04,0.094,83 84 104 86 112 80 106 107 116 117 111 82 85 87 105 109 114 76 78 79,82 79 108 109 80 83 110 78 81 85 86 106 107 112 113 114 77 104 105 116,simulation,db10,usage,3,50,50,0
W-CART,W-CART:cart,13,1.0,0.04,0.114,82 79 108 109 80 83 110 78 81 85 86 106 107 112 113 114 77 104 105 116,82 79 108 109 80 83 110 78 81 85 86 106 107 112 113 114 77 104 105 116,simulation,db10,usage,3,50,50,0
ALL,W-NN:k=3,3,3.0,0.02,0.124,83 84 104 86 112 80 106 107 116 117 111 82 85 87 105 109 114 76 78 79,82 79 108 109 80 83 110 78 81 85 86 106 107 112 113 114 77 104 105 116,simulation,db10,usage,3,50,50,0
W-NN,W-NN:k=1,22,,0.04,0.13,111 106 79 85 81 80 116 87 114 74 73 109 38 39 117 118 107 113 108 78,111 106 79 85 81 80 116 87 114 74 73 109 38 39 117 118 107 113 108 78,simulation,db10,energy,4,50,50,0
W-QDA,W-QDA:qda,11,,0.0,0.052,111 106 79 85 81 80 116 87 114 74 73 109 38 39 117 118 107 113 108 78,111 106 79 85 81 80 116 87 114 74 73 109 38 39 117 118 107 113 108 78,simulation,db10,energy,4,50,50,0
W-CART,W-CART:cart,8,,0.08,0.156,111 106 79 85 81 80 116 87 114 74 73 109 38 39 117 118 107 113 108 78,111 106 79 85 81 80 116 87 114 74 73 109 38 39 117 118 107 113 108 78,simulation,db10,energy,4,50,50,0
ALL,W-QDA:qda,11,,0.0,0.052,111 106 79 85 81 80 116 87 114 74 73 109 38 39 117 118 107 113 108 78,111 106 79 85 81 80 116 87 114 74 73 109 38 39 117 118 107 113 108 78,simulation,db10,energy,4,50,50,0
W-NN,W-NN:k=5,32,0.5,0.04,0.128,78 79 80 81 77 76 112 113 82 75 83 110 109 111 114 74 107 115 84 108,80 78 79 77 81 109 76 111 82 113 83 112 75 74 108 110 114 115 116 117,simulation,db10,usage,4,50,50,0
W-QDA,W-QDA:qda,16,3.0,0.0,0.054,78 77 79 82 109 73 76 112 118 80 81 84 107 108 116 117 71 83 85 105,80 78 79 77 81 109 76 111 82 113 83 112 75 74 108 110 114 115 116 117,simulation,db10,usage,4,50,50,0
W-CART,W-CART:cart,14,1.0,0.06,0.13,80 78 79 77 81 109 76 111 82 113 83 112 75 74 108 110 114 115 116 117,80 78 79 77 81 109 76 111 82 113 83 112 75 74 108 110 114 115 116 117,simulation,db10,usage,4,50,50,0
ALL,W-QDA:qda,16,3.0,0.0,0.054,78 77 79 82 109 73 76 112 118 80 81 84 107 108 116 117 71 83 85 105,80 78 79 77 81 109 76 111 82 113 83 112 75 74 108 110 114 115 116 117,simulation,db10,usage,4,50,50,0
W-NN,W-NN:k=1,40,,0.1,0.118,85 108 78 211 82 112 210 114 117 72 110 77 104 74 107 116 42 115 111 55,85 108 78 211 82 112 210 114 117 72 110 77 104 74 107 116 42 115 111 55,simulation,db10,energy,5,50,50,0
W-QDA,W-QDA:qda,10,,0.02,0.054,85 108 78 211 82 112 210 114 117 72 110 77 104 74 107 116 42 115 111 55,85 108 78 211 82 112 210 114 117 72 110 77 104 74 107 116 42 115 111 55,simulation,db10,energy,5,50,50,0
W-CART,W-CART:cart,10,,0.04,0.124,85 108 78 211 82 112 210 114 117 72 110 77 104 74 107 116 42 115 111 55,85 108 78 211 82 112 210 114 117 72 110 77 104 74 107 116 42 115 111 55,simulation,db10,energy,5,50,50,0
ALL,W-QDA:qda,10,,0.02,0.054,85 108 78 211 82 112 210 114 117 72 110 77 104 74 107 116 42 115 111 55,85 108 78 211 82 112 210 114 117 72 110 77 104 74 107 116 42 115 111 55,simulation,db10,energy,5,50,50,0
W-NN,W-NN:k=1,17,1.0,0.02,0.136,110 114 81 82 115 74 75 108 73 76 77 78 79 80 107 116 84 113 117 106,110 114 81 82 115 74 75 108 73 76 77 78 79 80 107 116 84 113 117 106,simulation,db10,usage,5,50,50,0
W-QDA,W-QDA:qda,9,0.5,0.02,0.088,81 74 111 115 75 79 82 108 109 110 113 78 114 76 77 107 116 80 84 112,110 114 81 82 115 74 75 108 73 76 77 78 79 80 107 116 84 113 117 106,simulation,db10,usage,5,50,50,0
W-CART,W-CART:cart,14,3.0,0.04,0.124,110 74 77 85 108 112 114 75 115 76 81 107 113 72 80 86 109 116 73 78,110 114 81 82 115 74 75 108 73 76 77 78 79 80 107 116 84 113 117 106,simulation,db10,usage,5,50,50,0
ALL,W-QDA:qda,9,0.5,0.02,0.088,81 74 111 115 75 79 82 108 109 110 113 78 114 76 77 107 116 80 84 112,110 114 81 82 115 74 75 108 73 76 77 78 79 80 107 116 84 113 117 106,simulation,db10,usage,5,50,50,0
W-NN,W-NN:k=3,64,,0.08,0.128,109 40 106 86 81 105 87 84 82 104 83 115 85 107 79 110 78 80 114 76,109 40 106 86 81 105 87 84 82 104 83 115 85 107 79 110 78 80 114 76,simulation,db10,energy,6,50,50,0
W-QDA,W-QDA:qda,8,,0.08,0.082,109 40 106 86 81 105 87 84 82 104 83 115 85 107 79 110 78 80 114 76,109 40 106 86 81 105 87 84 82 104 83 115 85 107 79 110 78 80 114 76,simulation,db10,energy,6,50,50,0
W-CART,W-CART:cart,13,,0.1,0.174,109 40 106 86 81 105 87 84 82 104 83 115 85 107 79 110 78 80 114 76,109 40 106 86 81 105 87 84 82 104 83 115 85 107 79 110 78 80 114 76,simulation,db10,energy,6,50,50,0
ALL,W-QDA:qda,8,,0.08,0.082,109 40 106 86 81 105 87 84 82 104 83 115 85 107 79 110 78 80 114 76,109 40 106 86 81 105 87 84 82 104 83 115 85 107 79 110 78 80 114 76,simulation,db10,energy,6,50,50,0
W-NN,W-NN:k=3,1,3.0,0.12,0.128,85 107 79 81 82 86 87 104 108 80 83 103 106 110 111 84 78 109 76 105,81 83 107 82 108 79 84 109 106 87 110 111 80 85 112 78 88 86 104 76,simulation,db10,usage,6,50,50,0
W-QDA,W-QDA:qda,7,2.0,0.1,0.084,107 80 81 82 83 85 108 79 86 87 110 106 109 111 78 84 104 103 112 88,81 83 107 82 108 79 84 109 106 87 110 111 80 85 112 78 88 86 104 76,simulation,db10,usage,6,50,50,0
W-CART,W-CART:cart,8,2.0,0.1,0.11,107 80 81 82 83 85 108 79 86 87 110 106 109 111 78 84 104 103 112 88,81 83 107 82 108 79 84 109 106 87 110 111 80 85 112 78 88 86 104 76,simulation,db10,usage,6,50,50,0
ALL,W-QDA:qda,7,2.0,0.1,0.084,107 80 81 82 83 85 108 79 86 87 110 106 109 111 78 84 104 103 112 88,81 83 107 82 108 79 84 109 106 87 110 111 80 85 112 78 88 86 104 76,simulation,db10,usage,6,50,50,0
W-NN,W-NN:k=3,2,,0.1,0.166,75 86 74 85 73 114 72 209 104 110 80 87 116 119 115 57 117 103 151 118,75 86 74 85 73 114 72 209 104 110 80 87 116 119 115 57 117 103 151 118,simulation,db10,energy,7,50,50,0
W-QDA,W-QDA:qda,8,,0.04,0.04,75 86 74 85 73 114 72 209 104 110 80 87 116 119 115 57 117 103 151 118,75 86 74 85 73 114 72 209 104 110 80 87 116 119 115 57 117 103 151 118,simulation,db10,energy,7,50,50,0
W-CART,W-CART:cart,7,,0.08,0.114,75 86 74 85 73 114 72 209 104 110 80 87 116 119 115 57 117 103 151 118,75 86 74 85 73 114 72 209 104 110 80 87 116 119 115 57 117 103 151 118,simulation,db10,energy,7,50,50,0
ALL,W-QDA:qda,8,,0.04,0.04,75 86 74 85 73 114 72 209 104 110 80 87 116 119 115 57 117 103 151 118,75 86 74 85 73 114 72 209 104 110 80 87 116 119 115 57 117 103 151 118,simulation,db10,energy,7,50,50,0
W-NN,W-NN:k=9,4,1.5,0.06,0.162,78 84 74 82 110 75 79 106 111 112 113 117 72 76 86 107 108 109 114 77,79 113 78 112 117 76 81 85 106 107 109 115 84 110 111 74 75 77 80 82,simulation,db10,usage,7,50,50,0
W-QDA,W-QDA:qda,10,3.0,0.02,0.036,85 72 76 86 114 117 73 74 106 108 109 110 118 75 80 84 107 113 116 77,79 113 78 112 117 76 81 85 106 107 109 115 84 110 111 74 75 77 80 82,simulation,db10,usage,7,50,50,0
W-CART,W-CART:cart,16,0.5,0.06,0.12,112 79 76 77 108 113 111 116 80 84 107 74 78 81 82 85 109 110 114 75,79 113 78 112 117 76 81 85 106 107 109 115 84 110 111 74 75 77 80 82,simulation,db10,usage,7,50,50,0
ALL,W-QDA:qda,10,3.0,0.02,0.036,85 72 76 86 114 117 73 74 106 108 109 110 118 75 80 84 107 113 116 77,79 113 78 112 117 76 81 85 106 107 109 115 84 110 111 74 75 77 80 82,simulation,db10,usage,7,50,50,0
W-NN,W-NN:k=3,3,,0.08,0.124,103 87 120 88 80 79 119 110 112 78 82 113 38 114 36 37 76 84 116 106,103 87 120 88 80 79 119 110 112 78 82 113 38 114 36 37 76 84 116 106,simulation,db10,energy,8,50,50,0
W-QDA,W-QDA:qda,16,,0.02,0.068,103 87 120 88 80 79 119 110 112 78 82 113 38 114 36 37 76 84 116 106,103 87 120 88 80 79 119 110 112 78 82 113 38 114 36 37 76 84 116 106,simulation,db10,energy,8,50,50,0
W-CART,W-CART:cart,2,,0.12,0.148,103 87 120 88 80 79 119 110 112 78 82 113 38 114 36 37 76 84 116 106,103 87 120 88 80 79 119 110 112 78 82 113 38 114 36 37 76 84 116 106,simulation,db10,energy,8,50,50,0
ALL,W-QDA:qda,16,,0.02,0.068,103 87 120 88 80 79 119 110 112 78 82 113 38 114 36 37 76 84 116 106,103 87 120 88 80 79 119 110 112 78 82 113 38 114 36 37 76 84 116 106,simulation,db10,energy,8,50,50,0
W-NN,W-NN:k=1,5,3.0,0.08,0.138,113 112 116 80 117 78 82 110 111 77 108 114 115 118 119 74 79 81 84 85,112 113 78 111 75 76 114 80 74 79 81 77 110 115 116 73 82 108 109 84,simulation,db10,usage,8,50,50,0
W-QDA,W-QDA:qda,8,3.0,0.06,0.088,113 112 116 80 117 78 82 110 111 77 108 114 115 118 119 74 79 81 84 85,112 113 78 111 75 76 114 80 74 79 81 77 110 115 116 73 82 108 109 84,simulation,db10,usage,8,50,50,0
W-CART,W-CART:cart,17,3.0,0.06,0.162,113 112 116 80 117 78 82 110 111 77 108 114 115 118 119 74 79 81 84 85,112 113 78 111 75 76 114 80 74 79 81 77 110 115 116 73 82 108 109 84,simulation,db10,usage,8,50,50,0
ALL,W-QDA:qda,8,3.0,0.06,0.088,113 112 116 80 117 78 82 110 111 77 108 114 115 118 119 74 79 81 84 85,112 113 78 111 75 76 114 80 74 79 81 77 110 115 116 73 82 108 109 84,simulation,db10,usage,8,50,50,0
W-NN,W-NN:k=3,47,,0.12,0.254,79 110 113 112 111 78 80 77 224 87 39 73 115 75 74 116 76 109 81 114,79 110 113 112 111 78 80 77 224 87 39 73 115 75 74 116 76 109 81 114,simulation,db10,energy,9,50,50,0
W-QDA,W-QDA:qda,12,,0.08,0.126,79 110 113 112 111 78 80 77 224 87 39 73 115 75 74 116 76 109 81 114,79 110 113 112 111 78 80 77 224 87 39 73 115 75 74 116 76 109 81 114,simulation,db10,energy,9,50,50,0
W-CART,W-CART:cart,20,,0.04,0.126,79 110 113 112 111 78 80 77 224 87 39 73 115 75 74 116 76 109 81 114,79 110 113 112 111 78 80 77 224 87 39 73 115 75 74 116 76 109 81 114,simulation,db10,energy,9,50,50,0
ALL,W-CART:cart,20,,0.04,0.126,79 110 113 112 111 78 80 77 224 87 39 73 115 75 74 116 76 109 81 114,79 110 113 112 111 78 80 77 224 87 39 73 115 75 74 116 76 109 81 114,simulation,db10,energy,9,50,50,0
W-NN,W-NN:k=3,62,2.0,0.1,0.228,78 79 80 110 112 109 111 113 116 75 81 115 77 74 82 76 114 108 117 73,78 111 80 110 79 112 115 109 81 113 116 77 108 114 75 76 82 117 107 73,simulation,db10,usage,9,50,50,0
W-QDA,W-QDA:qda,11,2.0,0.12,0.196,78 79 80 110 112 109 111 113 116 75 81 115 77 74 82 76 114 108 117 73,78 111 80 110 79 112 115 109 81 113 116 77 108 114 75 76 82 117 107 73,simulation,db10,usage,9,50,50,0
W-CART,W-CART:cart,38,3.0,0.06,0.122,79 113 80 78 109 110 115 116 74 81 111 112 114 75 76 77 82 72 73 107,78 111 80 110 79 112 115 109 81 113 116 77 108 114 75 76 82 117 107 73,simulation,db10,usage,9,50,50,0
ALL,W-CART:cart,38,3.0,0.06,0.122,79 113 80 78 109 110 115 116 74 81 111 112 114 75 76 77 82 72 73 107,78 111 80 110 79 112 115 109 81 113 116 77 108 114 75 76 82 117 107 73,simulation,db10,usage,9,50,50,0
W-NN,W-NN:k=1,9,,0.08,0.134,109 107 58 81 103 108 117 73 106 110 102 150 85 151 116 111 80 105 83 84,109 107 58 81 103 108 117 73 106 110 102 150 85 151 116 111 80 105 83 84,simulation,db10,energy,10,50,50,0
W-QDA,W-QDA:qda,8,,0.04,0.108,109 107 58 81 103 108 117 73 106 110 102 150 85 151 116 111 80 105 83 84,109 107 58 81 103 108 117 73 106 110 102 150 85 151 116 111 80 105 83 84,simulation,db10,energy,10,50,50,0
W-CART,W-CART:cart,17,,0.08,0.14,109 107 58 81 103 108 117 73 106 110 102 150 85 151 116 111 80 105 83 84,109 107 58 81 103 108 117 73 106 110 102 150 85 151 116 111 80 105 83 84,simulation,db10,energy,10,50,50,0
ALL,W-QDA:qda,8,,0.04,0.108,109 107 58 81 103 108 117 73 106 110 102 150 85 151 116 111 80 105 83 84,109 107 58 81 103 108 117 73 106 110 102 150 85 151 116 111 80 105 83 84,simulation,db10,energy,10,50,50,0
W-NN,W-NN:k=1,3,1.0,0.06,0.146,107 81 105 106 109 110 108 82 111 83 114 78 80 84 86 104 112 113 75 79,107 81 105 106 109 110 108 82 111 83 114 78 80 84 86 104 112 113 75 79,simulation,db10,usage,10,50,50,0
W-QDA,W-QDA:qda,4,1.0,0.04,0.106,107 81 105 106 109 110 108 82 111 83 114 78 80 84 86 104 112 113 75 79,107 81 105 106 109 110 108 82 111 83 114 78 80 84 86 104 112 113 75 79,simulation,db10,usage,10,50,50,0
W-CART,W-CART:cart,26,3.0,0.06,0.12,106 107 81 83 105 108 109 82 86 87 84 104 80 85 103 110 111 79 88 89,107 81 105 106 109 110 108 82 111 83 114 78 80 84 86 104 112 113 75 79,simulation,db10,usage,10,50,50,0
ALL,W-QDA:qda,4,1.0,0.04,0.106,107 81 105 106 109 110 108 82 111 83 114 78 80 84 86 104 112 113 75 79,107 81 105 106 109 110 108 82 111 83 114 78 80 84 86 104 112 113 75 79,simulation,db10,usage,10,50,50,0
W-NN,W-NN:k=1,5,,0.02,0.11,72 118 119 83 74 116 117 71 81 73 87 37 85 115 106 218 107 84 114 86,72 118 119 83 74 116 117 71 81 73 87 37 85 115 106 218 107 84 114 86,simulation,db10,energy,11,50,50,0
W-QDA,W-QDA:qda,11,,0.04,0.046,72 118 119 83 74 116 117 71 81 73 87 37 85 115 106 218 107 84 114 86,72 118 119 83 74 116 117 71 81 73 87 37 85 115 106 218 107 84 114 86,simulation,db10,energy,11,50,50,0
W-CART,W-CART:cart,48,,0.1,0.104,72 118 119 83 74 116 117 71 81 73 87 37 85 115 106 218 107 84 114 86,72 118 119 83 74 116 117 71 81 73 87 37 85 115 106 218 107 84 114 86,simulation,db10,energy,11,50,50,0
ALL,W-NN:k=1,5,,0.02,0.11,72 118 119 83 74 116 117 71 81 73 87 37 85 115 106 218 107 84 114 86,72 118 119 83 74 116 117 71 81 73 87 37 85 115 106 218 107 84 114 86,simulation,db10,energy,11,50,50,0
W-NN,W-NN:k=1,2,3.0,0.08,0.124,116 74 114 78 76 115 117 85 107 72 75 77 84 108 111 113 118 73 79 83,114 74 78 81 115 116 75 80 108 113 79 110 77 109 118 76 84 112 117 111,simulation,db10,usage,11,50,50,0
W-QDA,W-QDA:qda,2,3.0,0.06,0.1,116 74 114 78 76 115 117 85 107 72 75 77 84 108 111 113 118 73 79 83,114 74 78 81 115 116 75 80 108 113 79 110 77 109 118 76 84 112 117 111,simulation,db10,usage,11,50,50,0
W-CART,W-CART:cart,15,1.0,0.1,0.106,114 74 78 81 115 116 75 80 108 113 79 110 77 109 118 76 84 112 117 111,114 74 78 81 115 116 75 80 108 113 79 110 77 109 118 76 84 112 117 111,simulation,db10,usage,11,50,50,0
ALL,W-QDA:qda,2,3.0,0.06,0.1,116 74 114 78 76 115 117 85 107 72 75 77 84 108 111 113 118 73 79 83,114 74 78 81 115 116 75 80 108 113 79 110 77 109 118 76 84 112 117 111,simulation,db10,usage,11,50,50,0
W-NN,W-NN:k=3,10,,0.12,0.18,107 80 76 116 75 84 77 114 111 83 115 72 117 106 71 58 110 79 81 82,107 80 76 116 75 84 77 114 111 83 115 72 117 106 71 58 110 79 81 82,simulation,db10,energy,12,50,50,0
W-QDA,W-QDA:qda,4,,0.02,0.086,107 80 76 116 75 84 77 114 111 83 115 72 117 106 71 58 110 79 81 82,107 80 76 116 75 84 77 114 111 83 115 72 117 106 71 58 110 79 81 82,simulation,db10,energy,12,50,50,0
W-CART,W-CART:cart,5,,0.16,0.138,107 80 76 116 75 84 77 114 111 83 115 72 117 106 71 58 110 79 81 82,107 80 76 116 75 84 77 114 111 83 115 72 117 106 71 58 110 79 81 82,simulation,db10,energy,12,50,50,0
ALL,W-QDA:qda,4,,0.02,0.086,107 80 76 116 75 84 77 114 111 83 115 72 117 106 71 58 110 79 81 82,107 80 76 116 75 84 77 114 111 83 115 72 117 106 71 58 110 79 81 82,simulation,db10,energy,12,50,50,0
W-NN,W-NN:k=1,3,1.0,0.08,0.19,82 115 78 83 114 111 84 74 75 81 106 108 113 77 79 107 116 80 112 71,82 115 78 83 114 111 84 74 75 81 106 108 113 77 79 107 116 80 112 71,simulation,db10,usage,12,50,50,0
W-QDA,W-QDA:qda,8,3.0,0.08,0.072,83 76 115 80 82 108 113 71 84 105 107 114 75 81 106 116 74 78 104 77,82 115 78 83 114 111 84 74 75 81 106 108 113 77 79 107 116 80 112 71,simulation,db10,usage,12,50,50,0
W-CART,W-CART:cart,19,0.5,0.04,0.116,78 80 79 81 83 111 77 82 113 114 115 116 76 112 106 110 74 75 84 105,82 115 78 83 114 111 84 74 75 81 106 108 113 77 79 107 116 80 112 71,simulation,db10,usage,12,50,50,0
ALL,W-CART:cart,19,0.5,0.04,0.116,78 80 79 81 83 111 77 82 113 114 115 116 76 112 106 110 74 75 84 105,82 115 78 83 114 111 84 74 75 81 106 108 113 77 79 107 116 80 112 71,simulation,db10,usage,12,50,50,0
W-NN,W-NN:k=7,23,,0.04,0.154,84 106 77 105 169 83 103 78 107 53 71 168 117 85 79 76 75 108 52 171,84 106 77 105 169 83 103 78 107 53 71 168 117 85 79 76 75 108 52 171,simulation,db10,energy,13,50,50,0
W-QDA,W-QDA:qda,18,,0.02,0.058,84 106 77 105 169 83 103 78 107 53 71 168 117 85 79 76 75 108 52 171,84 106 77 105 169 83 103 78 107 53 71 168 117 85 79 76 75 108 52 171,simulation,db10,energy,13,50,50,0
W-CART,W-CART:cart,19,,0.08,0.134,84 106 77 105 169 83 103 78 107 53 71 168 117 85 79 76 75 108 52 171,84 106 77 105 169 83 103 78 107 53 71 168 117 85 79 76 75 108 52 171,simulation,db10,energy,13,50,50,0
ALL,W-QDA:qda,18,,0.02,0.058,84 106 77 105 169 83 103 78 107 53 71 168 117 85 79 76 75 108 52 171,84 106 77 105 169 83 103 78 107 53 71 168 117 85 79 76 75 108 52 171,simulation,db10,energy,13,50,50,0
W-NN,W-NN:k=3,20,3.0,0.02,0.202,78 76 77 80 108 109 112 73 74 75 79 82 85 110 114 71 81 83 86 111,79 76 78 74 109 111 113 75 114 115 112 77 80 81 82 83 84 110 108 116,simulation,db10,usage,13,50,50,0
W-QDA,W-QDA:qda,11,1.5,0.04,0.112,78 76 79 111 112 113 77 83 74 84 109 110 115 75 108 114 116 80 81 82,79 76 78 74 109 111 113 75 114 115 112 77 80 81 82 83 84 110 108 116,simulation,db10,usage,13,50,50,0
W-CART,W-CART:cart,26,1.0,0.06,0.136,79 76 78 74 109 111 113 75 114 115 112 77 80 81 82 83 84 110 108 116,79 76 78 74 109 111 113 75 114 115 112 77 80 81 82 83 84 110 108 116,simulation,db10,usage,13,50,50,0
ALL,W-NN:k=3,20,3.0,0.02,0.202,78 76 77 80 108 109 112 73 74 75 79 82 85 110 114 71 81 83 86 111,79 76 78 74 109 111 113 75 114 115 112 77 80 81 82 83 84 110 108 116,simulation,db10,usage,13,50,50,0
W-NN,W-NN:k=1,5,,0.0,0.124,107 73 118 116 72 77 79 113 108 115 117 111 83 78 74 119 114 103 85 70,107 73 118 116 72 77 79 113 108 115 117 111 83 78 74 119 114 103 85 70,simulation,db10,energy,14,50,50,0
W-QDA,W-QDA:qda,4,,0.0,0.054,107 73 118 116 72 77 79 113 108 115 117 111 83 78 74 119 114 103 85 70,107 73 118 116 72 77 79 113 108 115 117 111 83 78 74 119 114 103 85 70,simulation,db10,energy,14,50,50,0
W-CART,W-CART:cart,5,,0.06,0.142,107 73 118 116 72 77 79 113 108 115 117 111 83 78 74 119 114 103 85 70,107 73 118 116 72 77 79 113 108 115 117 111 83 78 74 119 114 103 85 70,simulation,db10,energy,14,50,50,0
ALL,W-QDA:qda,4,,0.0,0.054,107 73 118 116 72 77 79 113 108 115 117 111 83 78 74 119 114 103 85 70,107 73 118 116 72 77 79 113 108 115 117 111 83 78 74 119 114 103 85 70,simulation,db10,energy,14,50,50,0
W-NN,W-NN:k=1,3,1.0,0.0,0.112,115 83 116 81 82 109 110 76 80 113 73 77 106 111 117 78 107 108 112 74,115 83 116 81 82 109 110 76 80 113 73 77 106 111 117 78 107 108 112 74,simulation,db10,usage,14,50,50,0
W-QDA,W-QDA:qda,4,1.5,0.0,0.062,83 115 116 82 81 111 77 110 80 84 106 107 109 114 73 105 108 112 117 72,115 83 116 81 82 109 110 76 80 113 73 77 106 111 117 78 107 108 112 74,simulation,db10,usage,14,50,50,0
W-CART,W-CART:cart,3,2.0,0.0,0.128,83 116 77 82 106 80 81 107 108 110 115 109 72 73 105 111 112 75 79 84,115 83 116 81 82 109 110 76 80 113 73 77 106 111 117 78 107 108 112 74,simulation,db10,usage,14,50,50,0
ALL,W-NN:k=1,3,1.0,0.0,0.112,115 83 116 81 82 109 110 76 80 113 73 77 106 111 117 78 107 108 112 74,115 83 116 81 82 109 110 76 80 113 73 77 106 111 117 78 107 108 112 74,simulation,db10,usage,14,50,50,0
W-NN,W-NN:k=3,41,,0.06,0.15,81 109 162 107 219 82 110 108 163 114 51 115 75 80 83 77 76 221 112 54,81 109 162 107 219 82 110 108 163 114 51 115 75 80 83 77 76 221 112 54,simulation,db10,energy,15,50,50,0
W-QDA,W-QDA:qda,13,,0.12,0.15,81 109 162 107 219 82 110 108 163 114 51 115 75 80 83 77 76 221 112 54,81 109 162 107 219 82 110 108 163 114 51 115 75 80 83 77 76 221 112 54,simulation,db10,energy,15,50,50,0
W-CART,W-CART:cart,22,,0.06,0.148,81 109 162 107 219 82 110 108 163 114 51 115 75 80 83 77 76 221 112 54,81 109 162 107 219 82 110 108 163 114 51 115 75 80 83 77 76 221 112 54,simulation,db10,energy,15,50,50,0
ALL,W-CART:cart,22,,0.06,0.148,81 109 162 107 219 82 110 108 163 114 51 115 75 80 83 77 76 221 112 54,81 109 162 107 219 82 110 108 163 114 51 115 75 80 83 77 76 221 112 54,simulation,db10,energy,15,50,50,0
W-NN,W-NN:k=1,8,0.5,0.06,0.216,80 109 81 107 108 110 112 82 111 79 83 78 84 113 76 106 85 86 105 164,82 109 81 111 78 80 108 112 79 84 107 83 85 105 106 110 76 77 104 113,simulation,db10,usage,15,50,50,0
W-QDA,W-QDA:qda,3,3.0,0.06,0.174,108 82 107 109 81 85 84 110 80 78 79 83 86 106 111 115 76 77 112 116,82 109 81 111 78 80 108 112 79 84 107 83 85 105 106 110 76 77 104 113,simulation,db10,usage,15,50,50,0
W-CART,W-CART:cart,16,0.5,0.04,0.158,80 109 81 107 108 110 112 82 111 79 83 78 84 113 76 106 85 86 105 164,82 109 81 111 78 80 108 112 79 84 107 83 85 105 106 110 76 77 104 113,simulation,db10,usage,15,50,50,0
ALL,W-CART:cart,16,0.5,0.04,0.158,80 109 81 107 108 110 112 82 111 79 83 78 84 113 76 106 85 86 105 164,82 109 81 111 78 80 108 112 79 84 107 83 85 105 106 110 76 77 104 113,simulation,db10,usage,15,50,50,0
W-NN,W-NN:k=5,1,,0.06,0.134,117 73 36 111 116 114 84 110 235 113 83 81 109 78 105 108 76 82 115 85,117 73 36 111 116 114 84 110 235 113 83 81 109 78 105 108 76 82 115 85,simulation,db10,energy,16,50,50,0
W-QDA,W-QDA:qda,2,,0.02,0.082,117 73 36 111 116 114 84 110 235 113 83 81 109 78 105 108 76 82 115 85,117 73 36 111 116 114 84 110 235 113 83 81 109 78 105 108 76 82 115 85,simulation,db10,energy,16,50,50,0
W-CART,W-CART:cart,47,,0.08,0.134,117 73 36 111 116 114 84 110 235 113 83 81 109 78 105 108 76 82 115 85,117 73 36 111 116 114 84 110 235 113 83 81 109 78 105 108 76 82 115 85,simulation,db10,energy,16,50,50,0
ALL,W-QDA:qda,2,,0.02,0.082,117 73 36 111 116 114 84 110 235 113 83 81 109 78 105 108 76 82 115 85,117 73 36 111 116 114 84 110 235 113 83 81 109 78 105 108 76 82 115 85,simulation,db10,energy,16,50,50,0
W-NN,W-NN:k=1,48,1.0,0.06,0.184,77 110 78 111 76 81 75 109 79 113 115 114 116 73 80 82 112 74 108 72,77 110 78 111 76 81 75 109 79 113 115 114 116 73 80 82 112 74 108 72,simulation,db10,usage,16,50,50,0
W-QDA,W-QDA:qda,11,1.5,0.02,0.076,78 110 77 111 81 109 75 80 115 72 76 79 112 114 74 116 82 108 73 113,77 110 78 111 76 81 75 109 79 113 115 114 116 73 80 82 112 74 108 72,simulation,db10,usage,16,50,50,0
W-CART,W-CART:cart,3,3.0,0.08,0.216,111 78 115 79 109 110 112 114 117 75 108 116 76 82 73 74 77 80 84 105,77 110 78 111 76 81 75 109 79 113 115 114 116 73 80 82 112 74 108 72,simulation,db10,usage,16,50,50,0
ALL,W-QDA:qda,11,1.5,0.02,0.076,78 110 77 111 81 109 75 80 115 72 76 79 112 114 74 116 82 108 73 113,77 110 78 111 76 81 75 109 79 113 115 114 116 73 80 82 112 74 108 72,simulation,db10,usage,16,50,50,0
W-NN,W-NN:k=1,16,,0.1,0.176,110 81 79 116 82 111 107 106 108 104 118 109 115 38 80 117 78 73 72 70,110 81 79 116 82 111 107 106 108 104 118 109 115 38 80 117 78 73 72 70,simulation,db10,energy,17,50,50,0
W-QDA,W-QDA:qda,10,,0.06,0.088,110 81 79 116 82 111 107 106 108 104 118 109 115 38 80 117 78 73 72 70,110 81 79 116 82 111 107 106 108 104 118 109 115 38 80 117 78 73 72 70,simulation,db10,energy,17,50,50,0
W-CART,W-CART:cart,33,,0.1,0.196,110 81 79 116 82 111 107 106 108 104 118 109 115 38 80 117 78 73 72 70,110 81 79 116 82 111 107 106 108 104 118 109 115 38 80 117 78 73 72 70,simulation,db10,energy,17,50,50,0
ALL,W-QDA:qda,10,,0.06,0.088,110 81 79 116 82 111 107 106 108 104 118 109 115 38 80 117 78 73 72 70,110 81 79 116 82 111 107 106 108 104 118 109 115 38 80 117 78 73 72 70,simulation,db10,energy,17,50,50,0
W-NN,W-NN:k=1,7,2.0,0.08,0.124,79 110 73 78 74 82 116 77 81 75 107 111 117 118 80 83 115 108 109 113,79 78 112 80 82 77 81 109 110 76 83 107 111 113 114 115 116 73 75 74,simulation,db10,usage,17,50,50,0
W-QDA,W-QDA:qda,9,2.0,0.0,0.074,79 110 73 78 74 82 116 77 81 75 107 111 117 118 80 83 115 108 109 113,79 78 112 80 82 77 81 109 110 76 83 107 111 113 114 115 116 73 75 74,simulation,db10,usage,17,50,50,0
W-CART,W-CART:cart,5,2.0,0.04,0.124,79 110 73 78 74 82 116 77 81 75 107 111 117 118 80 83 115 108 109 113,79 78 112 80 82 77 81 109 110 76 83 107 111 113 114 115 116 73 75 74,simulation,db10,usage,17,50,50,0
ALL,W-QDA:qda,9,2.0,0.0,0.074,79 110 73 78 74 82 116 77 81 75 107 111 117 118 80 83 115 108 109 113,79 78 112 80 82 77 81 109 110 76 83 107 111 113 114 115 116 73 75 74,simulation,db10,usage,17,50,50,0
W-NN,W-NN:k=1,3,,0.14,0.126,80 74 71 55 118 116 83 117 73 88 84 114 107 81 79 82 115 53 58 101,80 74 71 55 118 116 83 117 73 88 84 114 107 81 79 82 115 53 58 101,simulation,db10,energy,18,50,50,0
W-QDA,W-QDA:qda,11,,0.06,0.044,80 74 71 55 118 116 83 117 73 88 84 114 107 81 79 82 115 53 58 101,80 74 71 55 118 116 83 117 73 88 84 114 107 81 79 82 115 53 58 101,simulation,db10,energy,18,50,50,0
W-CART,W-CART:cart,7,,0.16,0.12,80 74 71 55 118 116 83 117 73 88 84 114 107 81 79 82 115 53 58 101,80 74 71 55 118 116 83 117 73 88 84 114 107 81 79 82 115 53 58 101,simulation,db10,energy,18,50,50,0
ALL,W-QDA:qda,11,,0.06,0.044,80 74 71 55 118 116 83 117 73 88 84 114 107 81 79 82 115 53 58 101,80 74 71 55 118 116 83 117 73 88 84 114 107 81 79 82 115 53 58 101,simulation,db10,energy,18,50,50,0
W-NN,W-NN:k=1,2,3.0,0.12,0.168,73 82 111 74 81 83 110 114 116 117 118 80 115 119 78 79 84 106 107 112,111 80 110 113 114 78 79 81 77 112 76 109 115 75 84 106 116 73 82 85,simulation,db10,usage,18,50,50,0
W-QDA,W-QDA:qda,10,3.0,0.04,0.056,73 82 111 74 81 83 110 114 116 117 118 80 115 119 78 79 84 106 107 112,111 80 110 113 114 78 79 81 77 112 76 109 115 75 84 106 116 73 82 85,simulation,db10,usage,18,50,50,0
W-CART,W-CART:cart,15,2.0,0.16,0.12,111 110 81 112 80 73 82 106 114 117 79 113 115 116 118 72 74 83 84 108,111 80 110 113 114 78 79 81 77 112 76 109 115 75 84 106 116 73 82 85,simulation,db10,usage,18,50,50,0
ALL,W-QDA:qda,10,3.0,0.04,0.056,73 82 111 74 81 83 110 114 116 117 118 80 115 119 78 79 84 106 107 112,111 80 110 113 114 78 79 81 77 112 76 109 115 75 84 106 116 73 82 85,simulation,db10,usage,18,50,50,0
W-NN,W-NN:k=1,2,,0.14,0.132,102 103 83 107 87 179 178 86 105 115 101 116 81 88 108 106 109 85 104 84,102 103 83 107 87 179 178 86 105 115 101 116 81 88 108 106 109 85 104 84,simulation,db10,energy,19,50,50,0
W-QDA,W-QDA:qda,12,,0.04,0.056,102 103 83 107 87 179 178 86 105 115 101 116 81 88 108 106 109 85 104 84,102 103 83 107 87 179 178 86 105 115 101 116 81 88 108 106 109 85 104 84,simulation,db10,energy,19,50,50,0
W-CART,W-CART:cart,4,,0.14,0.122,102 103 83 107 87 179 178 86 105 115 101 116 81 88 108 106 109 85 104 84,102 103 83 107 87 179 178 86 105 115 101 116 81 88 108 106 109 85 104 84,simulation,db10,energy,19,50,50,0
ALL,W-QDA:qda,12,,0.04,0.056,102 103 83 107 87 179 178 86 105 115 101 116 81 88 108 106 109 85 104 84,102 103 83 107 87 179 178 86 105 115 101 116 81 88 108 106 109 85 104 84,simulation,db10,energy,19,50,50,0
W-NN,W-NN:k=1,23,0.5,0.1,0.144,80 106 82 107 78 81 109 76 79 105 110 111 77 84 104 108 112 114 83 75,78 81 109 77 80 108 110 114 83 84 106 107 82 86 112 76 79 85 105 113,simulation,db10,usage,19,50,50,0
W-QDA,W-QDA:qda,7,0.5,0.06,0.122,80 106 82 107 78 81 109 76 79 105 110 111 77 84 104 108 112 114 83 75,78 81 109 77 80 108 110 114 83 84 106 107 82 86 112 76 79 85 105 113,simulation,db10,usage,19,50,50,0
W-CART,W-CART:cart,12,0.5,0.12,0.16,80 106 82 107 78 81 109 76 79 105 110 111 77 84 104 108 112 114 83 75,78 81 109 77 80 108 110 114 83 84 106 107 82 86 112 76 79 85 105 113,simulation,db10,usage,19,50,50,0
ALL,W-QDA:qda,7,0.5,0.06,0.122,80 106 82 107 78 81 109 76 79 105 110 111 77 84 104 108 112 114 83 75,78 81 109 77 80 108 110 114 83 84 106 107 82 86 112 76 79 85 105 113,simulation,db10,usage,19,50,50,0
W-NN,W-NN:k=1,37,,0.08,0.172,109 111 160 76 87 71 117 77 82 75 105 118 84 72 78 104 113 116 80 85,109 111 160 76 87 71 117 77 82 75 105 118 84 72 78 104 113 116 80 85,simulation,db10,energy,20,50,50,0
W-QDA,W-QDA:qda,20,,0.02,0.056,109 111 160 76 87 71 117 77 82 75 105 118 84 72 78 104 113 116 80 85,109 111 160 76 87 71 117 77 82 75 105 118 84 72 78 104 113 116 80 85,simulation,db10,energy,20,50,50,0
W-CART,W-CART:cart,7,,0.08,0.154,109 111 160 76 87 71 117 77 82 75 105 118 84 72 78 104 113 116 80 85,109 111 160 76 87 71 117 77 82 75 105 118 84 72 78 104 113 116 80 85,simulation,db10,energy,20,50,50,0
ALL,W-QDA:qda,20,,0.02,0.056,109 111 160 76 87 71 117 77 82 75 105 118 84 72 78 104 113 116 80 85,109 111 160 76 87 71 117 77 82 75 105 118 84 72 78 104 113 116 80 85,simulation,db10,energy,20,50,50,0
W-NN,W-NN:k=3,8,1.5,0.04,0.118,77 78 79 81 76 82 84 116 75 107 111 112 115 74 109 113 80 108 118 104,79 113 112 81 74 76 109 111 115 75 78 110 77 82 84 108 114 116 80 104,simulation,db10,usage,20,50,50,0
W-QDA,W-QDA:qda,19,1.5,0.0,0.054,77 78 79 81 76 82 84 116 75 107 111 112 115 74 109 113 80 108 118 104,79 113 112 81 74 76 109 111 115 75 78 110 77 82 84 108 114 116 80 104,simulation,db10,usage,20,50,50,0
W-CART,W-CART:cart,15,3.0,0.08,0.194,75 115 76 77 78 107 111 116 85 117 74 80 81 113 114 84 104 105 108 118,79 113 112 81 74 76 109 111 115 75 78 110 77 82 84 108 114 116 80 104,simulation,db10,usage,20,50,50,0
ALL,W-QDA:qda,19,1.5,0.0,0.054,77 78 79 81 76 82 84 116 75 107 111 112 115 74 109 113 80 108 118 104,79 113 112 81 74 76 109 111 115 75 78 110 77 82 84 108 114 116 80 104,simulation,db10,usage,20,50,50,0
W-NN,W-NN:k=3,7,,0.06,0.188,114 88 52 85 116 102 108 86 104 105 112 111 107 89 81 83 109 106 73 80,114 88 52 85 116 102 108 86 104 105 112 111 107 89 81 83 109 106 73 80,simulation,db10,energy,21,50,50,0
W-QDA,W-QDA:qda,13,,0.0,0.04,114 88 52 85 116 102 108 86 104 105 112 111 107 89 81 83 109 106 73 80,114 88 52 85 116 102 108 86 104 105 112 111 107 89 81 83 109 106 73 80,simulation,db10,energy,21,50,50,0
W-CART,W-CART:cart,16,,0.06,0.144,114 88 52 85 116 102 108 86 104 105 112 111 107 89 81 83 109 106 73 80,114 88 52 85 116 102 108 86 104 105 112 111 107 89 81 83 109 106 73 80,simulation,db10,energy,21,50,50,0
ALL,W-QDA:qda,13,,0.0,0.04,114 88 52 85 116 102 108 86 104 105 112 111 107 89 81 83 109 106 73 80,114 88 52 85 116 102 108 86 104 105 112 111 107 89 81 83 109 106 73 80,simulation,db10,energy,21,50,50,0
W-NN,W-NN:k=1,16,1.5,0.06,0.152,80 81 106 108 110 112 105 107 109 114 82 84 113 76 79 86 78 74 77 85,81 109 106 108 80 110 78 79 82 84 105 112 114 76 77 107 113 83 115 85,simulation,db10,usage,21,50,50,0
W-QDA,W-QDA:qda,2,3.0,0.02,0.1,108 86 81 113 77 80 82 110 76 78 85 105 107 112 114 88 104 75 79 83,81 109 106 108 80 110 78 79 82 84 105 112 114 76 77 107 113 83 115 85,simulation,db10,usage,21,50,50,0
W-CART,W-CART:cart,5,3.0,0.06,0.082,108 86 81 113 77 80 82 110 76 78 85 105 107 112 114 88 104 75 79 83,81 109 106 108 80 110 78 79 82 84 105 112 114 76 77 107 113 83 115 85,simulation,db10,usage,21,50,50,0
ALL,W-QDA:qda,2,3.0,0.02,0.1,108 86 81 113 77 80 82 110 76 78 85 105 107 112 114 88 104 75 79 83,81 109 106 108 80 110 78 79 82 84 105 112 114 76 77 107 113 83 115 85,simulation,db10,usage,21,50,50,0
W-NN,W-NN:k=3,7,,0.04,0.07,74 82 113 105 104 118 116 71 111 83 72 73 115 114 78 119 84 117 77 89,74 82 113 105 104 118 116 71 111 83 72 73 115 114 78 119 84 117 77 89,simulation,db10,energy,22,50,50,0
W-QDA,W-QDA:qda,4,,0.0,0.052,74 82 113 105 104 118 116 71 111 83 72 73 115 114 78 119 84 117 77 89,74 82 113 105 104 118 116 71 111 83 72 73 115 114 78 119 84 117 77 89,simulation,db10,energy,22,50,50,0
W-CART,W-CART:cart,4,,0.1,0.106,74 82 113 105 104 118 116 71 111 83 72 73 115 114 78 119 84 117 77 89,74 82 113 105 104 118 116 71 111 83 72 73 115 114 78 119 84 117 77 89,simulation,db10,energy,22,50,50,0
ALL,W-QDA:qda,4,,0.0,0.052,74 82 113 105 104 118 116 71 111 83 72 73 115 114 78 119 84 117 77 89,74 82 113 105 104 118 116 71 111 83 72 73 115 114 78 119 84 117 77 89,simulation,db10,energy,22,50,50,0
W-NN,W-NN:k=1,2,1.0,0.08,0.106,76 72 73 115 117 113 114 116 74 78 119 69 71 75 77 81 80 112 70 79,76 72 73 115 117 113 114 116 74 78 119 69 71 75 77 81 80 112 70 79,simulation,db10,usage,22,50,50,0
W-QDA,W-QDA:qda,5,3.0,0.08,0.096,72 71 74 73 116 76 114 77 118 117 119 75 83 70 84 104 113 115 120 68,76 72 73 115 117 113 114 116 74 78 119 69 71 75 77 81 80 112 70 79,simulation,db10,usage,22,50,50,0
W-CART,W-CART:cart,23,2.0,0.08,0.14,72 116 73 76 71 74 77 115 117 75 114 118 70 78 119 120 113 83 84 68,76 72 73 115 117 113 114 116 74 78 119 69 71 75 77 81 80 112 70 79,simulation,db10,usage,22,50,50,0
ALL,W-NN:k=1,2,1.0,0.08,0.106,76 72 73 115 117 113 114 116 74 78 119 69 71 75 77 81 80 112 70 79,76 72 73 115 117 113 114 116 74 78 119 69 71 75 77 81 80 112 70 79,simulation,db10,usage,22,50,50,0
W-NN,W-NN:k=1,42,,0.04,0.126,75 77 57 76 84 81 83 86 115 79 114 53 82 78 116 74 85 107 113 112,75 77 57 76 84 81 83 86 115 79 114 53 82 78 116 74 85 107 113 112,simulation,db10,energy,23,50,50,0
W-QDA,W-QDA:qda,13,,0.08,0.068,75 77 57 76 84 81 83 86 115 79 114 53 82 78 116 74 85 107 113 112,75 77 57 76 84 81 83 86 115 79 114 53 82 78 116 74 85 107 113 112,simulation,db10,energy,23,50,50,0
W-CART,W-CART:cart,2,,0.18,0.21,75 77 57 76 84 81 83 86 115 79 114 53 82 78 116 74 85 107 113 112,75 77 57 76 84 81 83 86 115 79 114 53 82 78 116 74 85 107 113 112,simulation,db10,energy,23,50,50,0
ALL,W-NN:k=1,42,,0.04,0.126,75 77 57 76 84 81 83 86 115 79 114 53 82 78 116 74 85 107 113 112,75 77 57 76 84 81 83 86 115 79 114 53 82 78 116 74 85 107 113 112,simulation,db10,energy,23,50,50,0
W-NN,W-NN:k=1,19,1.0,0.04,0.148,79 78 111 80 81 113 109 76 82 106 107 108 112 110 114 75 83 74 77 84,79 78 111 80 81 113 109 76 82 106 107 108 112 110 114 75 83 74 77 84,simulation,db10,usage,23,50,50,0
W-QDA,W-QDA:qda,19,3.0,0.04,0.078,76 83 79 84 109 111 112 78 80 107 114 75 74 77 82 85 87 104 105 106,79 78 111 80 81 113 109 76 82 106 107 108 112 110 114 75 83 74 77 84,simulation,db10,usage,23,50,50,0
W-CART,W-CART:cart,10,3.0,0.12,0.14,76 83 79 84 109 111 112 78 80 107 114 75 74 77 82 85 87 104 105 106,79 78 111 80 81 113 109 76 82 106 107 108 112 110 114 75 83 74 77 84,simulation,db10,usage,23,50,50,0
ALL,W-NN:k=1,19,1.0,0.04,0.148,79 78 111 80 81 113 109 76 82 106 107 108 112 110 114 75 83 74 77 84,79 78 111 80 81 113 109 76 82 106 107 108 112 110 114 75 83 74 77 84,simulation,db10,usage,23,50,50,0
W-NN,W-NN:k=1,13,,0.14,0.206,82 338 163 217 168 41 108 84 165 212 164 83 109 170 105 107 106 425 53 169,82 338 163 217 168 41 108 84 165 212 164 83 109 170 105 107 106 425 53 169,simulation,db10,energy,24,50,50,0
W-QDA,W-QDA:qda,8,,0.16,0.118,82 338 163 217 168 41 108 84 165 212 164 83 109 170 105 107 106 425 53 169,82 338 163 217 168 41 108 84 165 212 164 83 109 170 105 107 106 425 53 169,simulation,db10,energy,24,50,50,0
W-CART,W-CART:cart,25,,0.1,0.194,82 338 163 217 168 41 108 84 165 212 164 83 109 170 105 107 106 425 53 169,82 338 163 217 168 41 108 84 165 212 164 83 109 170 105 107 106 425 53 169,simulation,db10,energy,24,50,50,0
ALL,W-CART:cart,25,,0.1,0.194,82 338 163 217 168 41 108 84 165 212 164 83 109 170 105 107 106 425 53 169,82 338 163 217 168 41 108 84 165 212 164 83 109 170 105 107 106 425 53 169,simulation,db10,energy,24,50,50,0
W-NN,W-NN:k=1,20,3.0,0.1,0.188,75 77 113 78 79 110 111 114 74 80 82 83 107 108 109 116 117 76 81 84,111 78 79 81 77 109 110 80 82 113 75 76 83 108 74 106 112 116 107 114,simulation,db10,usage,24,50,50,0
W-QDA,W-QDA:qda,20,2.0,0.06,0.112,79 80 110 77 108 109 111 113 74 75 78 107 76 81 83 84 106 112 82 85,111 78 79 81 77 109 110 80 82 113 75 76 83 108 74 106 112 116 107 114,simulation,db10,usage,24,50,50,0
W-CART,W-CART:cart,14,0.5,0.12,0.18,109 81 78 80 108 79 110 82 107 111 112 113 77 106 74 75 76 83 114 85,111 78 79 81 77 109 110 80 82 113 75 76 83 108 74 106 112 116 107 114,simulation,db10,usage,24,50,50,0
ALL,W-QDA:qda,20,2.0,0.06,0.112,79 80 110 77 108 109 111 113 74 75 78 107 76 81 83 84 106 112 82 85,111 78 79 81 77 109 110 80 82 113 75 76 83 108 74 106 112 116 107 114,simulation,db10,usage,24,50,50,0
W-NN,W-NN:k=3,6,,0.14,0.198,77 57 111 76 117 38 78 73 112 79 80 113 58 74 56 55 109 54 116 115,77 57 111 76 117 38 78 73 112 79 80 113 58 74 56 55 109 54 116 115,simulation,db10,energy,25,50,50,0
W-QDA,W-QDA:qda,6,,0.12,0.142,77 57 111 76 117 38 78 73 112 79 80 113 58 74 56 55 109 54 116 115,77 57 111 76 117 38 78 73 112 79 80 113 58 74 56 55 109 54 116 115,simulation,db10,energy,25,50,50,0
W-CART,W-CART:cart,27,,0.08,0.128,77 57 111 76 117 38 78 73 112 79 80 113 58 74 56 55 109 54 116 115,77 57 111 76 117 38 78 73 112 79 80 113 58 74 56 55 109 54 116 115,simulation,db10,energy,25,50,50,0
ALL,W-CART:cart,27,,0.08,0.128,77 57 111 76 117 38 78 73 112 79 80 113 58 74 56 55 109 54 116 115,77 57 111 76 117 38 78 73 112 79 80 113 58 74 56 55 109 54 116 115,simulation,db10,energy,25,50,50,0
W-NN,W-NN:k=1,30,1.5,0.08,0.118,76 115 113 114 75 80 74 79 78 109 111 116 77 81 82 110 112 83 73 117,76 113 114 115 75 116 77 78 79 80 81 74 82 110 111 112 109 117 108 83,simulation,db10,usage,25,50,50,0
W-QDA,W-QDA:qda,2,1.5,0.14,0.186,76 115 113 114 75 80 74 79 78 109 111 116 77 81 82 110 112 83 73 117,76 113 114 115 75 116 77 78 79 80 81 74 82 110 111 112 109 117 108 83,simulation,db10,usage,25,50,50,0
W-CART,W-CART:cart,25,0.5,0.08,0.16,113 114 76 110 115 81 111 79 112 116 75 77 80 74 78 109 108 82 83 117,76 113 114 115 75 116 77 78 79 80 81 74 82 110 111 112 109 117 108 83,simulation,db10,usage,25,50,50,0
ALL,W-CART:cart,25,0.5,0.08,0.16,113 114 76 110 115 81 111 79 112 116 75 77 80 74 78 109 108 82 83 117,76 113 114 115 75 116 77 78 79 80 81 74 82 110 111 112 109 117 108 83,simulation,db10,usage,25,50,50,0
W-NN,W-NN:k=9,2,,0.1,0.168,119 143 75 111 78 115 42 238 35 240 71 113 112 144 114 77 80 76 109 239,119 143 75 111 78 115 42 238 35 240 71 113 112 144 114 77 80 76 109 239,simulation,db10,energy,26,50,50,0
W-QDA,W-QDA:qda,2,,0.06,0.158,119 143 75 111 78 115 42 238 35 240 71 113 112 144 114 77 80 76 109 239,119 143 75 111 78 115 42 238 35 240 71 113 112 144 114 77 80 76 109 239,simulation,db10,energy,26,50,50,0
W-CART,W-CART:cart,62,,0.08,0.134,119 143 75 111 78 115 42 238 35 240 71 113 112 144 114 77 80 76 109 239,119 143 75 111 78 115 42 238 35 240 71 113 112 144 114 77 80 76 109 239,simulation,db10,energy,26,50,50,0
ALL,W-QDA:qda,2,,0.06,0.158,119 143 75 111 78 115 42 238 35 240 71 113 112 144 114 77 80 76 109 239,119 143 75 111 78 115 42 238 35 240 71 113 112 144 114 77 80 76 109 239,simulation,db10,energy,26,50,50,0
W-NN,W-NN:k=7,3,1.0,0.08,0.21,76 77 115 112 79 113 114 75 78 116 111 117 74 80 118 110 71 72 73 109,76 77 115 112 79 113 114 75 78 116 111 117 74 80 118 110 71 72 73 109,simulation,db10,usage,26,50,50,0
W-QDA,W-QDA:qda,3,1.0,0.1,0.176,76 77 115 112 79 113 114 75 78 116 111 117 74 80 118 110 71 72 73 109,76 77 115 112 79 113 114 75 78 116 111 117 74 80 118 110 71 72 73 109,simulation,db10,usage,26,50,50,0
W-CART,W-CART:cart,59,2.0,0.06,0.116,76 77 112 78 113 114 115 75 74 80 116 73 79 109 111 71 110 117 118 119,76 77 115 112 79 113 114 75 78 116 111 117 74 80 118 110 71 72 73 109,simulation,db10,usage,26,50,50,0
ALL,W-CART:cart,59,2.0,0.06,0.116,76 77 112 78 113 114 115 75 74 80 116 73 79 109 111 71 110 117 118 119,76 77 115 112 79 113 114 75 78 116 111 117 74 80 118 110 71 72 73 109,simulation,db10,usage,26,50,50,0
W-NN,W-NN:k=3,43,,0.02,0.172,77 76 106 105 117 114 112 116 113 115 36 75 82 111 78 42 86 110 107 85,77 76 106 105 117 114 112 116 113 115 36 75 82 111 78 42 86 110 107 85,simulation,db10,energy,27,50,50,0
W-QDA,W-QDA:qda,4,,0.04,0.086,77 76 106 105 117 114 112 116 113 115 36 75 82 111 78 42 86 110 107 85,77 76 106 105 117 114 112 116 113 115 36 75 82 111 78 42 86 110 107 85,simulation,db10,energy,27,50,50,0
W-CART,W-CART:cart,34,,0.06,0.16,77 76 106 105 117 114 112 116 113 115 36 75 82 111 78 42 86 110 107 85,77 76 106 105 117 114 112 116 113 115 36 75 82 111 78 42 86 110 107 85,simulation,db10,energy,27,50,50,0
ALL,W-NN:k=3,43,,0.02,0.172,77 76 106 105 117 114 112 116 113 115 36 75 82 111 78 42 86 110 107 85,77 76 106 105 117 114 112 116 113 115 36 75 82 111 78 42 86 110 107 85,simulation,db10,energy,27,50,50,0
W-NN,W-NN:k=3,34,3.0,0.04,0.18,110 111 77 78 107 112 115 116 105 74 75 76 108 73 86 104 117 72 106 109,79 78 109 111 108 77 80 107 76 106 110 112 113 115 75 114 117 74 81 82,simulation,db10,usage,27,50,50,0
W-QDA,W-QDA:qda,19,3.0,0.08,0.088,110 111 77 78 107 112 115 116 105 74 75 76 108 73 86 104 117 72 106 109,79 78 109 111 108 77 80 107 76 106 110 112 113 115 75 114 117 74 81 82,simulation,db10,usage,27,50,50,0
W-CART,W-CART:cart,22,1.0,0.06,0.162,79 78 109 111 108 77 80 107 76 106 110 112 113 115 75 114 117 74 81 82,79 78 109 111 108 77 80 107 76 106 110 112 113 115 75 114 117 74 81 82,simulation,db10,usage,27,50,50,0
ALL,W-NN:k=3,34,3.0,0.04,0.18,110 111 77 78 107 112 115 116 105 74 75 76 108 73 86 104 117 72 106 109,79 78 109 111 108 77 80 107 76 106 110 112 113 115 75 114 117 74 81 82,simulation,db10,usage,27,50,50,0
W-NN,W-NN:k=1,36,,0.04,0.134,111 78 110 80 81 54 77 120 88 74 159 85 82 86 115 55 72 117 109 160,111 78 110 80 81 54 77 120 88 74 159 85 82 86 115 55 72 117 109 160,simulation,db10,energy,28,50,50,0
W-QDA,W-QDA:qda,19,,0.02,0.048,111 78 110 80 81 54 77 120 88 74 159 85 82 86 115 55 72 117 109 160,111 78 110 80 81 54 77 120 88 74 159 85 82 86 115 55 72 117 109 160,simulation,db10,energy,28,50,50,0
W-CART,W-CART:cart,14,,0.1,0.152,111 78 110 80 81 54 77 120 88 74 159 85 82 86 115 55 72 117 109 160,111 78 110 80 81 54 77 120 88 74 159 85 82 86 115 55 72 117 109 160,simulation,db10,energy,28,50,50,0
ALL,W-QDA:qda,19,,0.02,0.048,111 78 110 80 81 54 77 120 88 74 159 85 82 86 115 55 72 117 109 160,111 78 110 80 81 54 77 120 88 74 159 85 82 86 115 55 72 117 109 160,simulation,db10,energy,28,50,50,0
W-NN,W-NN:k=1,17,3.0,0.04,0.182,82 80 81 83 88 115 74 77 85 86 110 111 116 117 78 79 84 104 112 71,80 112 81 108 111 77 82 83 76 78 79 84 110 113 114 75 107 115 109 74,simulation,db10,usage,28,50,50,0
W-QDA,W-QDA:qda,7,3.0,0.08,0.074,82 80 81 83 88 115 74 77 85 86 110 111 116 117 78 79 84 104 112 71,80 112 81 108 111 77 82 83 76 78 79 84 110 113 114 75 107 115 109 74,simulation,db10,usage,28,50,50,0
W-CART,W-CART:cart,9,3.0,0.1,0.148,82 80 81 83 88 115 74 77 85 86 110 111 116 117 78 79 84 104 112 71,80 112 81 108 111 77 82 83 76 78 79 84 110 113 114 75 107 115 109 74,simulation,db10,usage,28,50,50,0
ALL,W-NN:k=1,17,3.0,0.04,0.182,82 80 81 83 88 115 74 77 85 86 110 111 116 117 78 79 84 104 112 71,80 112 81 108 111 77 82 83 76 78 79 84 110 113 114 75 107 115 109 74,simulation,db10,usage,28,50,50,0
W-NN,W-NN:k=9,4,,0.04,0.204,103 87 108 115 113 109 76 54 78 86 75 37 83 167 102 81 82 51 175 79,103 87 108 115 113 109 76 54 78 86 75 37 83 167 102 81 82 51 175 79,simulation,db10,energy,29,50,50,0
W-QDA,W-QDA:qda,3,,0.04,0.07,103 87 108 115 113 109 76 54 78 86 75 37 83 167 102 81 82 51 175 79,103 87 108 115 113 109 76 54 78 86 75 37 83 167 102 81 82 51 175 79,simulation,db10,energy,29,50,50,0
W-CART,W-CART:cart,42,,0.08,0.11,103 87 108 115 113 109 76 54 78 86 75 37 83 167 102 81 82 51 175 79,103 87 108 115 113 109 76 54 78 86 75 37 83 167 102 81 82 51 175 79,simulation,db10,energy,29,50,50,0
ALL,W-QDA:qda,3,,0.04,0.07,103 87 108 115 113 109 76 54 78 86 75 37 83 167 102 81 82 51 175 79,103 87 108 115 113 109 76 54 78 86 75 37 83 167 102 81 82 51 175 79,simulation,db10,energy,29,50,50,0
W-NN,W-NN:k=7,7,3.0,0.06,0.154,76 81 108 112 75 82 106 110 113 79 80 83 111 115 77 78 74 109 114 107,108 112 75 77 113 76 78 80 109 82 107 111 81 110 114 115 79 83 106 116,simulation,db10,usage,29,50,50,0
W-QDA,W-QDA:qda,7,3.0,0.08,0.102,76 81 108 112 75 82 106 110 113 79 80 83 111 115 77 78 74 109 114 107,108 112 75 77 113 76 78 80 109 82 107 111 81 110 114 115 79 83 106 116,simulation,db10,usage,29,50,50,0
W-CART,W-CART:cart,26,3.0,0.08,0.11,76 81 108 112 75 82 106 110 113 79 80 83 111 115 77 78 74 109 114 107,108 112 75 77 113 76 78 80 109 82 107 111 81 110 114 115 79 83 106 116,simulation,db10,usage,29,50,50,0
ALL,W-NN:k=7,7,3.0,0.06,0.154,76 81 108 112 75 82 106 110 113 79 80 83 111 115 77 78 74 109 114 107,108 112 75 77 113 76 78 80 109 82 107 111 81 110 114 115 79 83 106 116,simulation,db10,usage,29,50,50,0
W-NN,W-NN:k=1,8,,0.06,0.136,72 84 71 118 83 78 115 82 110 76 77 107 56 80 108 79 114 116 113 111,72 84 71 118 83 78 115 82 110 76 77 107 56 80 108 79 114 116 113 111,simulation,db10,energy,30,50,50,0
W-QDA,W-QDA:qda,6,,0.0,0.046,72 84 71 118 83 78 115 82 110 76 77 107 56 80 108 79 114 116 113 111,72 84 71 118 83 78 115 82 110 76 77 107 56 80 108 79 114 116 113 111,simulation,db10,energy,30,50,50,0
W-CART,W-CART:cart,4,,0.1,0.128,72 84 71 118 83 78 115 82 110 76 77 107 56 80 108 79 114 116 113 111,72 84 71 118 83 78 115 82 110 76 77 107 56 80 108 79 114 116 113 111,simulation,db10,energy,30,50,50,0
ALL,W-QDA:qda,6,,0.0,0.046,72 84 71 118 83 78 115 82 110 76 77 107 56 80 108 79 114 116 113 111,72 84 71 118 83 78 115 82 110 76 77 107 56 80 108 79 114 116 113 111,simulation,db10,energy,30,50,50,0
W-NN,W-NN:k=3,11,1.0,0.08,0.208,80 81 112 78 79 111 114 77 110 115 74 76 83 107 113 116 84 108 109 75,80 81 112 78 79 111 114 77 110 115 74 76 83 107 113 116 84 108 109 75,simulation,db10,usage,30,50,50,0
W-QDA,W-QDA:qda,13,3.0,0.02,0.058,80 77 110 83 109 116 81 108 115 78 82 117 73 75 107 112 74 76 85 111,80 81 112 78 79 111 114 77 110 115 74 76 83 107 113 116 84 108 109 75,simulation,db10,usage,30,50,50,0
W-CART,W-CART:cart,12,1.0,0.12,0.118,80 81 112 78 79 111 114 77 110 115 74 76 83 107 113 116 84 108 109 75,80 81 112 78 79 111 114 77 110 115 74 76 83 107 113 116 84 108 109 75,simulation,db10,usage,30,50,50,0
ALL,W-QDA:qda,13,3.0,0.02,0.058,80 77 110 83 109 116 81 108 115 78 82 117 73 75 107 112 74 76 85 111,80 81 112 78 79 111 114 77 110 115 74 76 83 107 113 116 84 108 109 75,simulation,db10,usage,30,50,50,0
W-NN,W-NN:k=1,2,,0.12,0.112,120 75 87 101 80 140 141 242 110 42 79 77 74 76 119 88 113 70 43 115,120 75 87 101 80 140 141 242 110 42 79 77 74 76 119 88 113 70 43 115,simulation,db10,energy,31,50,50,0
W-QDA,W-QDA:qda,3,,0.06,0.072,120 75 87 101 80 140 141 242 110 42 79 77 74 76 119 88 113 70 43 115,120 75 87 101 80 140 141 242 110 42 79 77 74 76 119 88 113 70 43 115,simulation,db10,energy,31,50,50,0
W-CART,W-CART:cart,6,,0.08,0.124,120 75 87 101 80 140 141 242 110 42 79 77 74 76 119 88 113 70 43 115,120 75 87 101 80 140 141 242 110 42 79 77 74 76 119 88 113 70 43 115,simulation,db10,energy,31,50,50,0
ALL,W-QDA:qda,3,,0.06,0.072,120 75 87 101 80 140 141 242 110 42 79 77 74 76 119 88 113 70 43 115,120 75 87 101 80 140 141 242 110 42 79 77 74 76 119 88 113 70 43 115,simulation,db10,energy,31,50,50,0
W-NN,W-NN:k=1,16,3.0,0.06,0.124,78 113 77 112 79 110 115 80 109 83 111 114 75 103 107 108 118 74 76 85,113 82 112 75 77 81 114 115 108 111 76 78 84 109 110 74 79 80 83 106,simulation,db10,usage,31,50,50,0
W-QDA,W-QDA:qda,23,3.0,0.02,0.076,78 113 77 112 79 110 115 80 109 83 111 114 75 103 107 108 118 74 76 85,113 82 112 75 77 81 114 115 108 111 76 78 84 109 110 74 79 80 83 106,simulation,db10,usage,31,50,50,0
W-CART,W-CART:cart,20,0.5,0.06,0.094,75 81 112 113 82 108 111 80 84 110 114 115 73 76 83 105 109 74 77 85,113 82 112 75 77 81 114 115 108 111 76 78 84 109 110 74 79 80 83 106,simulation,db10,usage,31,50,50,0
ALL,W-QDA:qda,23,3.0,0.02,0.076,78 113 77 112 79 110 115 80 109 83 111 114 75 103 107 108 118 74 76 85,113 82 112 75 77 81 114 115 108 111 76 78 84 109 110 74 79 80 83 106,simulation,db10,usage,31,50,50,0
W-NN,W-NN:k=3,14,,0.1,0.176,71 81 120 82 102 80 77 87 79 83 72 104 112 111 108 109 119 78 76 107,71 81 120 82 102 80 77 87 79 83 72 104 112 111 108 109 119 78 76 107,simulation,db10,energy,32,50,50,0
W-QDA,W-QDA:qda,18,,0.02,0.056,71 81 120 82 102 80 77 87 79 83 72 104 112 111 108 109 119 78 76 107,71 81 120 82 102 80 77 87 79 83 72 104 112 111 108 109 119 78 76 107,simulation,db10,energy,32,50,50,0
W-CART,W-CART:cart,7,,0.18,0.15,71 81 120 82 102 80 77 87 79 83 72 104 112 111 108 109 119 78 76 107,71 81 120 82 102 80 77 87 79 83 72 104 112 111 108 109 119 78 76 107,simulation,db10,energy,32,50,50,0
ALL,W-QDA:qda,18,,0.02,0.056,71 81 120 82 102 80 77 87 79 83 72 104 112 111 108 109 119 78 76 107,71 81 120 82 102 80 77 87 79 83 72 104 112 111 108 109 119 78 76 107,simulation,db10,energy,32,50,50,0
W-NN,W-NN:k=1,6,3.0,0.08,0.188,80 108 112 107 109 114 79 113 83 77 78 81 111 82 84 106 110 73 115 116,79 80 81 112 108 110 113 78 109 76 77 111 114 83 107 115 82 106 73 75,simulation,db10,usage,32,50,50,0
W-QDA,W-QDA:qda,19,1.0,0.0,0.068,79 80 81 112 108 110 113 78 109 76 77 111 114 83 107 115 82 106 73 75,79 80 81 112 108 110 113 78 109 76 77 111 114 83 107 115 82 106 73 75,simulation,db10,usage,32,50,50,0
W-CART,W-CART:cart,15,1.5,0.02,0.164,79 80 78 110 112 113 81 108 109 76 106 82 107 114 77 111 115 116 73 84,79 80 81 112 108 110 113 78 109 76 77 111 114 83 107 115 82 106 73 75,simulation,db10,usage,32,50,50,0
ALL,W-QDA:qda,19,1.0,0.0,0.068,79 80 81 112 108 110 113 78 109 76 77 111 114 83 107 115 82 106 73 75,79 80 81 112 108 110 113 78 109 76 77 111 114 83 107 115 82 106 73 75,simulation,db10,usage,32,50,50,0
W-NN,W-NN:k=1,3,,0.08,0.088,71 107 114 119 120 74 77 113 117 118 60 52 110 104 115 75 105 106 109 41,71 107 114 119 120 74 77 113 117 118 60 52 110 104 115 75 105 106 109 41,simulation,db10,energy,33,50,50,0
W-QDA,W-QDA:qda,7,,0.04,0.052,71 107 114 119 120 74 77 113 117 118 60 52 110 104 115 75 105 106 109 41,71 107 114 119 120 74 77 113 117 118 60 52 110 104 115 75 105 106 109 41,simulation,db10,energy,33,50,50,0
W-CART,W-CART:cart,4,,0.08,0.122,71 107 114 119 120 74 77 113 117 118 60 52 110 104 115 75 105 106 109 41,71 107 114 119 120 74 77 113 117 118 60 52 110 104 115 75 105 106 109 41,simulation,db10,energy,33,50,50,0
ALL,W-QDA:qda,7,,0.04,0.052,71 107 114 119 120 74 77 113 117 118 60 52 110 104 115 75 105 106 109 41,71 107 114 119 120 74 77 113 117 118 60 52 110 104 115 75 105 106 109 41,simulation,db10,energy,33,50,50,0
W-NN,W-NN:k=1,13,3.0,0.06,0.116,107 84 76 83 74 77 106 73 108 110 78 80 87 104 105 115 86 109 112 113,108 84 109 107 81 82 83 110 80 76 111 112 113 75 77 85 106 74 78 86,simulation,db10,usage,33,50,50,0
W-QDA,W-QDA:qda,18,1.5,0.04,0.07,107 108 84 81 75 82 83 106 113 77 112 73 105 110 114 74 85 86 115 76,108 84 109 107 81 82 83 110 80 76 111 112 113 75 77 85 106 74 78 86,simulation,db10,usage,33,50,50,0
W-CART,W-CART:cart,52,3.0,0.08,0.128,107 84 76 83 74 77 106 73 108 110 78 80 87 104 105 115 86 109 112 113,108 84 109 107 81 82 83 110 80 76 111 112 113 75 77 85 106 74 78 86,simulation,db10,usage,33,50,50,0
ALL,W-QDA:qda,18,1.5,0.04,0.07,107 108 84 81 75 82 83 106 113 77 112 73 105 110 114 74 85 86 115 76,108 84 109 107 81 82 83 110 80 76 111 112 113 75 77 85 106 74 78 86,simulation,db10,usage,33,50,50,0
W-NN,W-NN:k=15,6,,0.02,0.144,114 75 104 115 84 116 103 74 105 102 85 106 109 79 89 72 113 77 78 37,114 75 104 115 84 116 103 74 105 102 85 106 109 79 89 72 113 77 78 37,simulation,db10,energy,34,50,50,0
W-QDA,W-QDA:qda,12,,0.0,0.038,114 75 104 115 84 116 103 74 105 102 85 106 109 79 89 72 113 77 78 37,114 75 104 115 84 116 103 74 105 102 85 106 109 79 89 72 113 77 78 37,simulation,db10,energy,34,50,50,0
W-CART,W-CART:cart,8,,0.04,0.122,114 75 104 115 84 116 103 74 105 102 85 106 109 79 89 72 113 77 78 37,114 75 104 115 84 116 103 74 105 102 85 106 109 79 89 72 113 77 78 37,simulation,db10,energy,34,50,50,0
ALL,W-QDA:qda,12,,0.0,0.038,114 75 104 115 84 116 103 74 105 102 85 106 109 79 89 72 113 77 78 37,114 75 104 115 84 116 103 74 105 102 85 106 109 79 89 72 113 77 78 37,simulation,db10,energy,34,50,50,0
W-NN,W-NN:k=3,6,3.0,0.04,0.084,115 74 75 85 105 114 116 72 117 73 84 104 118 76 77 113 71 80 83 110,114 75 76 115 113 74 116 77 79 112 117 85 72 106 107 73 83 84 105 109,simulation,db10,usage,34,50,50,0
W-QDA,W-QDA:qda,4,2.0,0.0,0.088,115 75 74 85 76 113 114 105 116 118 79 104 110 117 72 73 77 83 84 88,114 75 76 115 113 74 116 77 79 112 117 85 72 106 107 73 83 84 105 109,simulation,db10,usage,34,50,50,0
W-CART,W-CART:cart,8,1.5,0.06,0.126,115 75 113 74 76 85 114 72 116 104 105 112 118 73 77 79 83 84 106 107,114 75 76 115 113 74 116 77 79 112 117 85 72 106 107 73 83 84 105 109,simulation,db10,usage,34,50,50,0
ALL,W-QDA:qda,4,2.0,0.0,0.088,115 75 74 85 76 113 114 105 116 118 79 104 110 117 72 73 77 83 84 88,114 75 76 115 113 74 116 77 79 112 117 85 72 106 107 73 83 84 105 109,simulation,db10,usage,34,50,50,0
W-NN,W-NN:k=1,6,,0.14,0.206,79 80 118 111 106 78 71 119 83 72 117 110 105 107 109 77 115 82 84 81,79 80 118 111 106 78 71 119 83 72 117 110 105 107 109 77 115 82 84 81,simulation,db10,energy,35,50,50,0
W-QDA,W-QDA:qda,8,,0.0,0.056,79 80 118 111 106 78 71 119 83 72 117 110 105 107 109 77 115 82 84 81,79 80 118 111 106 78 71 119 83 72 117 110 105 107 109 77 115 82 84 81,simulation,db10,energy,35,50,50,0
W-CART,W-CART:cart,4,,0.12,0.178,79 80 118 111 106 78 71 119 83 72 117 110 105 107 109 77 115 82 84 81,79 80 118 111 106 78 71 119 83 72 117 110 105 107 109 77 115 82 84 81,simulation,db10,energy,35,50,50,0
ALL,W-QDA:qda,8,,0.0,0.056,79 80 118 111 106 78 71 119 83 72 117 110 105 107 109 77 115 82 84 81,79 80 118 111 106 78 71 119 83 72 117 110 105 107 109 77 115 82 84 81,simulation,db10,energy,35,50,50,0
W-NN,W-NN:k=7,15,1.0,0.08,0.214,109 110 77 80 82 83 111 112 113 78 79 81 114 116 117 75 84 107 108 115,109 110 77 80 82 83 111 112 113 78 79 81 114 116 117 75 84 107 108 115,simulation,db10,usage,35,50,50,0
W-QDA,W-QDA:qda,11,3.0,0.02,0.07,110 111 77 83 82 112 78 114 118 72 74 80 81 84 109 113 115 117 73 104,109 110 77 80 82 83 111 112 113 78 79 81 114 116 117 75 84 107 108 115,simulation,db10,usage,35,50,50,0
W-CART,W-CART:cart,30,0.5,0.08,0.146,109 80 82 110 77 81 83 111 112 114 75 76 79 108 113 116 74 78 84 115,109 110 77 80 82 83 111 112 113 78 79 81 114 116 117 75 84 107 108 115,simulation,db10,usage,35,50,50,0
ALL,W-QDA:qda,11,3.0,0.02,0.07,110 111 77 83 82 112 78 114 118 72 74 80 81 84 109 113 115 117 73 104,109 110 77 80 82 83 111 112 113 78 79 81 114 116 117 75 84 107 108 115,simulation,db10,usage,35,50,50,0
W-NN,W-NN:k=7,1,,0.12,0.134,106 79 87 223 39 102 83 107 84 110 103 222 81 85 108 105 112 82 86 74,106 79 87 223 39 102 83 107 84 110 103 222 81 85 108 105 112 82 86 74,simulation,db10,energy,36,50,50,0
W-QDA,W-QDA:qda,3,,0.08,0.082,106 79 87 223 39 102 83 107 84 110 103 222 81 85 108 105 112 82 86 74,106 79 87 223 39 102 83 107 84 110 103 222 81 85 108 105 112 82 86 74,simulation,db10,energy,36,50,50,0
W-CART,W-CART:cart,17,,0.12,0.154,106 79 87 223 39 102 83 107 84 110 103 222 81 85 108 105 112 82 86 74,106 79 87 223 39 102 83 107 84 110 103 222 81 85 108 105 112 82 86 74,simulation,db10,energy,36,50,50,0
ALL,W-QDA:qda,3,,0.08,0.082,106 79 87 223 39 102 83 107 84 110 103 222 81 85 108 105 112 82 86 74,106 79 87 223 39 102 83 107 84 110 103 222 81 85 108 105 112 82 86 74,simulation,db10,energy,36,50,50,0
W-NN,W-NN:k=9,26,1.5,0.08,0.204,81 109 82 83 84 107 110 112 113 108 111 80 85 105 106 115 79 104 114 74,82 109 81 110 84 83 111 79 107 108 112 113 85 80 105 106 75 78 104 114,simulation,db10,usage,36,50,50,0
W-QDA,W-QDA:qda,16,3.0,0.06,0.096,84 82 85 83 107 108 112 81 106 111 113 110 105 75 109 73 80 114 79 86,82 109 81 110 84 83 111 79 107 108 112 113 85 80 105 106 75 78 104 114,simulation,db10,usage,36,50,50,0
W-CART,W-CART:cart,26,0.5,0.06,0.17,110 109 81 82 80 113 111 79 83 84 107 112 85 106 108 114 105 77 78 104,82 109 81 110 84 83 111 79 107 108 112 113 85 80 105 106 75 78 104 114,simulation,db10,usage,36,50,50,0
ALL,W-QDA:qda,16,3.0,0.06,0.096,84 82 85 83 107 108 112 81 106 111 113 110 105 75 109 73 80 114 79 86,82 109 81 110 84 83 111 79 107 108 112 113 85 80 105 106 75 78 104 114,simulation,db10,usage,36,50,50,0
W-NN,W-NN:k=3,18,,0.06,0.18,118 109 147 82 80 108 71 52 85 117 81 110 119 84 83 105 114 77 78 72,118 109 147 82 80 108 71 52 85 117 81 110 119 84 83 105 114 77 78 72,simulation,db10,energy,37,50,50,0
W-QDA,W-QDA:qda,10,,0.0,0.048,118 109 147 82 80 108 71 52 85 117 81 110 119 84 83 105 114 77 78 72,118 109 147 82 80 108 71 52 85 117 81 110 119 84 83 105 114 77 78 72,simulation,db10,energy,37,50,50,0
W-CART,W-CART:cart,9,,0.08,0.136,118 109 147 82 80 108 71 52 85 117 81 110 119 84 83 105 114 77 78 72,118 109 147 82 80 108 71 52 85 117 81 110 119 84 83 105 114 77 78 72,simulation,db10,energy,37,50,50,0
ALL,W-QDA:qda,10,,0.0,0.048,118 109 147 82 80 108 71 52 85 117 81 110 119 84 83 105 114 77 78 72,118 109 147 82 80 108 71 52 85 117 81 110 119 84 83 105 114 77 78 72,simulation,db10,energy,37,50,50,0
W-NN,W-NN:k=3,4,1.5,0.02,0.138,74 82 114 79 80 110 112 116 113 118 83 107 111 117 71 72 73 75 81 109,74 75 82 79 109 110 114 73 107 111 112 113 115 80 116 72 83 85 117 71,simulation,db10,usage,37,50,50,0
W-QDA,W-QDA:qda,2,1.0,0.02,0.108,74 75 82 79 109 110 114 73 107 111 112 113 115 80 116 72 83 85 117 71,74 75 82 79 109 110 114 73 107 111 112 113 115 80 116 72 83 85 117 71,simulation,db10,usage,37,50,50,0
W-CART,W-CART:cart,3,2.0,0.06,0.196,74 80 110 116 79 118 75 82 85 111 112 113 72 107 109 114 115 71 73 76,74 75 82 79 109 110 114 73 107 111 112 113 115 80 116 72 83 85 117 71,simulation,db10,usage,37,50,50,0
ALL,W-QDA:qda,2,1.0,0.02,0.108,74 75 82 79 109 110 114 73 107 111 112 113 115 80 116 72 83 85 117 71,74 75 82 79 109 110 114 73 107 111 112 113 115 80 116 72 83 85 117 71,simulation,db10,usage,37,50,50,0
W-NN,W-NN:k=1,6,,0.04,0.136,74 116 79 117 115 103 70 111 75 80 73 82 77 56 88 76 72 71 60 109,74 116 79 117 115 103 70 111 75 80 73 82 77 56 88 76 72 71 60 109,simulation,db10,energy,38,50,50,0
W-QDA,W-QDA:qda,15,,0.04,0.07,74 116 79 117 115 103 70 111 75 80 73 82 77 56 88 76 72 71 60 109,74 116 79 117 115 103 70 111 75 80 73 82 77 56 88 76 72 71 60 109,simulation,db10,energy,38,50,50,0
W-CART,W-CART:cart,6,,0.1,0.132,74 116 79 117 115 103 70 111 75 80 73 82 77 56 88 76 72 71 60 109,74 116 79 117 115 103 70 111 75 80 73 82 77 56 88 76 72 71 60 109,simulation,db10,energy,38,50,50,0
ALL,W-NN:k=1,6,,0.04,0.136,74 116 79 117 115 103 70 111 75 80 73 82 77 56 88 76 72 71 60 109,74 116 79 117 115 103 70 111 75 80 73 82 77 56 88 76 72 71 60 109,simulation,db10,energy,38,50,50,0
W-NN,W-NN:k=3,11,1.5,0.04,0.176,77 74 76 75 78 80 110 79 111 82 109 113 81 83 108 114 73 107 112 84,78 74 77 111 112 113 75 76 79 80 114 73 110 115 81 83 107 109 116 82,simulation,db10,usage,38,50,50,0
W-QDA,W-QDA:qda,12,1.5,0.0,0.074,77 74 76 75 78 80 110 79 111 82 109 113 81 83 108 114 73 107 112 84,78 74 77 111 112 113 75 76 79 80 114 73 110 115 81 83 107 109 116 82,simulation,db10,usage,38,50,50,0
W-CART,W-CART:cart,8,0.5,0.1,0.218,114 77 113 78 76 79 80 75 112 115 74 82 111 109 110 116 81 73 107 72,78 74 77 111 112 113 75 76 79 80 114 73 110 115 81 83 107 109 116 82,simulation,db10,usage,38,50,50,0
ALL,W-QDA:qda,12,1.5,0.0,0.074,77 74 76 75 78 80 110 79 111 82 109 113 81 83 108 114 73 107 112 84,78 74 77 111 112 113 75 76 79 80 114 73 110 115 81 83 107 109 116 82,simulation,db10,usage,38,50,50,0
W-NN,W-NN:k=1,4,,0.04,0.098,113 104 107 73 77 106 85 105 108 86 82 87 83 172 114 84 76 78 111 71,113 104 107 73 77 106 85 105 108 86 82 87 83 172 114 84 76 78 111 71,simulation,db10,energy,39,50,50,0
W-QDA,W-QDA:qda,4,,0.04,0.058,113 104 107 73 77 106 85 105 108 86 82 87 83 172 114 84 76 78 111 71,113 104 107 73 77 106 85 105 108 86 82 87 83 172 114 84 76 78 111 71,simulation,db10,energy,39,50,50,0
W-CART,W-CART:cart,27,,0.02,0.138,113 104 107 73 77 106 85 105 108 86 82 87 83 172 114 84 76 78 111 71,113 104 107 73 77 106 85 105 108 86 82 87 83 172 114 84 76 78 111 71,simulation,db10,energy,39,50,50,0
ALL,W-CART:cart,27,,0.02,0.138,113 104 107 73 77 106 85 105 108 86 82 87 83 172 114 84 76 78 111 71,113 104 107 73 77 106 85 105 108 86 82 87 83 172 114 84 76 78 111 71,simulation,db10,energy,39,50,50,0
W-NN,W-NN:k=3,2,2.0,0.06,0.224,109 76 81 113 73 80 84 107 108 114 77 78 82 104 105 106 110 115 72 74,77 76 81 114 78 111 80 108 109 113 115 79 82 84 106 110 85 116 73 75,simulation,db10,usage,39,50,50,0
W-QDA,W-QDA:qda,13,1.5,0.0,0.1,109 77 113 81 108 115 73 76 78 111 114 75 79 80 84 110 82 106 107 83,77 76 81 114 78 111 80 108 109 113 115 79 82 84 106 110 85 116 73 75,simulation,db10,usage,39,50,50,0
W-CART,W-CART:cart,10,1.5,0.02,0.12,109 77 113 81 108 115 73 76 78 111 114 75 79 80 84 110 82 106 107 83,77 76 81 114 78 111 80 108 109 113 115 79 82 84 106 110 85 116 73 75,simulation,db10,usage,39,50,50,0
ALL,W-QDA:qda,13,1.5,0.0,0.1,109 77 113 81 108 115 73 76 78 111 114 75 79 80 84 110 82 106 107 83,77 76 81 114 78 111 80 108 109 113 115 79 82 84 106 110 85 116 73 75,simulation,db10,usage,39,50,50,0
W-NN,W-NN:k=3,15,,0.04,0.088,216 107 83 82 86 84 88 75 118 53 74 76 116 20 40 81 108 37 73 117,216 107 83 82 86 84 88 75 118 53 74 76 116 20 40 81 108 37 73 117,simulation,db10,energy,40,50,50,0
W-QDA,W-QDA:qda,8,,0.12,0.128,216 107 83 82 86 84 88 75 118 53 74 76 116 20 40 81 108 37 73 117,216 107 83 82 86 84 88 75 118 53 74 76 116 20 40 81 108 37 73 117,simulation,db10,energy,40,50,50,0
W-CART,W-CART:cart,23,,0.1,0.12,216 107 83 82 86 84 88 75 118 53 74 76 116 20 40 81 108 37 73 117,216 107 83 82 86 84 88 75 118 53 74 76 116 20 40 81 108 37 73 117,simulation,db10,energy,40,50,50,0
ALL,W-NN:k=3,15,,0.04,0.088,216 107 83 82 86 84 88 75 118 53 74 76 116 20 40 81 108 37 73 117,216 107 83 82 86 84 88 75 118 53 74 76 116 20 40 81 108 37 73 117,simulation,db10,energy,40,50,50,0
W-NN,W-NN:k=1,19,0.5,0.06,0.108,80 79 81 77 78 110 111 115 75 76 113 114 74 82 112 116 83 106 107 108,77 111 75 79 81 76 110 115 116 112 113 80 82 83 109 114 78 107 73 84,simulation,db10,usage,40,50,50,0
W-QDA,W-QDA:qda,6,3.0,0.04,0.066,81 117 73 76 84 85 86 107 108 110 114 115 116 75 77 80 83 72 74 82,77 111 75 79 81 76 110 115 116 112 113 80 82 83 109 114 78 107 73 84,simulation,db10,usage,40,50,50,0
W-CART,W-CART:cart,8,3.0,0.1,0.13,81 117 73 76 84 85 86 107 108 110 114 115 116 75 77 80 83 72 74 82,77 111 75 79 81 76 110 115 116 112 113 80 82 83 109 114 78 107 73 84,simulation,db10,usage,40,50,50,0
ALL,W-QDA:qda,6,3.0,0.04,0.066,81 117 73 76 84 85 86 107 108 110 114 115 116 75 77 80 83 72 74 82,77 111 75 79 81 76 110 115 116 112 113 80 82 83 109 114 78 107 73 84,simulation,db10,usage,40,50,50,0
W-NN,W-NN:k=1,19,,0.06,0.148,111 114 115 81 80 84 77 112 83 86 75 113 110 78 107 106 79 85 74 108,111 114 115 81 80 84 77 112 83 86 75 113 110 78 107 106 79 85 74 108,simulation,db10,energy,41,50,50,0
W-QDA,W-QDA:qda,6,,0.02,0.092,111 114 115 81 80 84 77 112 83 86 75 113 110 78 107 106 79 85 74 108,111 114 115 81 80 84 77 112 83 86 75 113 110 78 107 106 79 85 74 108,simulation,db10,energy,41,50,50,0
W-CART,W-CART:cart,15,,0.08,0.182,111 114 115 81 80 84 77 112 83 86 75 113 110 78 107 106 79 85 74 108,111 114 115 81 80 84 77 112 83 86 75 113 110 78 107 106 79 85 74 108,simulation,db10,energy,41,50,50,0
ALL,W-QDA:qda,6,,0.02,0.092,111 114 115 81 80 84 77 112 83 86 75 113 110 78 107 106 79 85 74 108,111 114 115 81 80 84 77 112 83 86 75 113 110 78 107 106 79 85 74 108,simulation,db10,energy,41,50,50,0
W-NN,W-NN:k=1,14,1.0,0.02,0.178,108 109 110 78 79 80 83 107 81 84 106 77 111 113 114 74 82 105 115 75,108 109 110 78 79 80 83 107 81 84 106 77 111 113 114 74 82 105 115 75,simulation,db10,usage,41,50,50,0
W-QDA,W-QDA:qda,11,3.0,0.0,0.054,113 78 83 110 74 77 114 106 115 75 81 111 76 79 80 85 107 116 73 84,108 109 110 78 79 80 83 107 81 84 106 77 111 113 114 74 82 105 115 75,simulation,db10,usage,41,50,50,0
W-CART,W-CART:cart,12,1.0,0.04,0.11,108 109 110 78 79 80 83 107 81 84 106 77 111 113 114 74 82 105 115 75,108 109 110 78 79 80 83 107 81 84 106 77 111 113 114 74 82 105 115 75,simulation,db10,usage,41,50,50,0
ALL,W-QDA:qda,11,3.0,0.0,0.054,113 78 83 110 74 77 114 106 115 75 81 111 76 79 80 85 107 116 73 84,108 109 110 78 79 80 83 107 81 84 106 77 111 113 114 74 82 105 115 75,simulation,db10,usage,41,50,50,0
W-NN,W-NN:k=5,1,,0.08,0.124,86 105 103 52 74 104 115 42 117 87 102 85 79 73 116 112 119 114 106 75,86 105 103 52 74 104 115 42 117 87 102 85 79 73 116 112 119 114 106 75,simulation,db10,energy,42,50,50,0
W-QDA,W-QDA:qda,19,,0.02,0.032,86 105 103 52 74 104 115 42 117 87 102 85 79 73 116 112 119 114 106 75,86 105 103 52 74 104 115 42 117 87 102 85 79 73 116 112 119 114 106 75,simulation,db10,energy,42,50,50,0
W-CART,W-CART:cart,7,,0.06,0.126,86 105 103 52 74 104 115 42 117 87 102 85 79 73 116 112 119 114 106 75,86 105 103 52 74 104 115 42 117 87 102 85 79 73 116 112 119 114 106 75,simulation,db10,energy,42,50,50,0
ALL,W-QDA:qda,19,,0.02,0.032,86 105 103 52 74 104 115 42 117 87 102 85 79 73 116 112 119 114 106 75,86 105 103 52 74 104 115 42 117 87 102 85 79 73 116 112 119 114 106 75,simulation,db10,energy,42,50,50,0
W-NN,W-NN:k=1,8,2.0,0.04,0.146,116 114 113 78 85 107 112 115 117 76 80 105 111 73 79 72 75 77 104 106,112 116 79 114 75 80 113 78 111 117 85 105 106 107 74 77 81 84 115 76,simulation,db10,usage,42,50,50,0
W-QDA,W-QDA:qda,12,3.0,0.02,0.038,114 115 105 112 117 73 76 78 85 104 106 107 72 116 119 74 81 109 118 77,112 116 79 114 75 80 113 78 111 117 85 105 106 107 74 77 81 84 115 76,simulation,db10,usage,42,50,50,0
W-CART,W-CART:cart,16,1.0,0.06,0.154,112 116 79 114 75 80 113 78 111 117 85 105 106 107 74 77 81 84 115 76,112 116 79 114 75 80 113 78 111 117 85 105 106 107 74 77 81 84 115 76,simulation,db10,usage,42,50,50,0
ALL,W-QDA:qda,12,3.0,0.02,0.038,114 115 105 112 117 73 76 78 85 104 106 107 72 116 119 74 81 109 118 77,112 116 79 114 75 80 113 78 111 117 85 105 106 107 74 77 81 84 115 76,simulation,db10,usage,42,50,50,0
W-NN,W-NN:k=1,39,,0.08,0.208,88 103 87 116 76 113 86 114 78 109 117 79 35 80 74 107 42 75 118 115,88 103 87 116 76 113 86 114 78 109 117 79 35 80 74 107 42 75 118 115,simulation,db10,energy,43,50,50,0
W-QDA,W-QDA:qda,11,,0.02,0.062,88 103 87 116 76 113 86 114 78 109 117 79 35 80 74 107 42 75 118 115,88 103 87 116 76 113 86 114 78 109 117 79 35 80 74 107 42 75 118 115,simulation,db10,energy,43,50,50,0
W-CART,W-CART:cart,25,,0.06,0.116,88 103 87 116 76 113 86 114 78 109 117 79 35 80 74 107 42 75 118 115,88 103 87 116 76 113 86 114 78 109 117 79 35 80 74 107 42 75 118 115,simulation,db10,energy,43,50,50,0
ALL,W-QDA:qda,11,,0.02,0.062,88 103 87 116 76 113 86 114 78 109 117 79 35 80 74 107 42 75 118 115,88 103 87 116 76 113 86 114 78 109 117 79 35 80 74 107 42 75 118 115,simulation,db10,energy,43,50,50,0
W-NN,W-NN:k=3,37,3.0,0.04,0.174,116 75 76 79 110 81 83 109 113 115 72 73 74 80 82 107 77 78 106 108,79 111 115 77 113 75 76 78 80 74 114 72 112 81 109 116 117 71 110 119,simulation,db10,usage,43,50,50,0
W-QDA,W-QDA:qda,6,3.0,0.02,0.116,116 75 76 79 110 81 83 109 113 115 72 73 74 80 82 107 77 78 106 108,79 111 115 77 113 75 76 78 80 74 114 72 112 81 109 116 117 71 110 119,simulation,db10,usage,43,50,50,0
W-CART,W-CART:cart,2,2.0,0.06,0.164,115 116 75 77 79 110 113 117 72 76 109 111 114 78 80 81 108 73 74 83,79 111 115 77 113 75 76 78 80 74 114 72 112 81 109 116 117 71 110 119,simulation,db10,usage,43,50,50,0
ALL,W-QDA:qda,6,3.0,0.02,0.116,116 75 76 79 110 81 83 109 113 115 72 73 74 80 82 107 77 78 106 108,79 111 115 77 113 75 76 78 80 74 114 72 112 81 109 116 117 71 110 119,simulation,db10,usage,43,50,50,0
W-NN,W-NN:k=1,7,,0.12,0.12,82 71 103 74 39 113 73 77 111 72 83 85 106 75 58 116 40 86 37 84,82 71 103 74 39 113 73 77 111 72 83 85 106 75 58 116 40 86 37 84,simulation,db10,energy,44,50,50,0
W-QDA,W-QDA:qda,3,,0.04,0.076,82 71 103 74 39 113 73 77 111 72 83 85 106 75 58 116 40 86 37 84,82 71 103 74 39 113 73 77 111 72 83 85 106 75 58 116 40 86 37 84,simulation,db10,energy,44,50,50,0
W-CART,W-CART:cart,62,,0.08,0.13,82 71 103 74 39 113 73 77 111 72 83 85 106 75 58 116 40 86 37 84,82 71 103 74 39 113 73 77 111 72 83 85 106 75 58 116 40 86 37 84,simulation,db10,energy,44,50,50,0
ALL,W-QDA:qda,3,,0.04,0.076,82 71 103 74 39 113 73 77 111 72 83 85 106 75 58 116 40 86 37 84,82 71 103 74 39 113 73 77 111 72 83 85 106 75 58 116 40 86 37 84,simulation,db10,energy,44,50,50,0
W-NN,W-NN:k=1,9,0.5,0.1,0.148,112 78 109 113 76 77 81 110 115 79 82 83 84 106 107 108 111 116 75 114,112 113 76 77 111 106 78 81 82 108 109 110 74 83 73 75 114 115 116 72,simulation,db10,usage,44,50,50,0
W-QDA,W-QDA:qda,6,3.0,0.12,0.134,113 78 74 72 77 79 106 111 114 116 76 112 118 80 82 83 110 71 73 75,112 113 76 77 111 106 78 81 82 108 109 110 74 83 73 75 114 115 116 72,simulation,db10,usage,44,50,50,0
W-CART,W-CART:cart,21,0.5,0.08,0.13,112 78 109 113 76 77 81 110 115 79 82 83 84 106 107 108 111 116 75 114,112 113 76 77 111 106 78 81 82 108 109 110 74 83 73 75 114 115 116 72,simulation,db10,usage,44,50,50,0
ALL,W-CART:cart,21,0.5,0.08,0.13,112 78 109 113 76 77 81 110 115 79 82 83 84 106 107 108 111 116 75 114,112 113 76 77 111 106 78 81 82 108 109 110 74 83 73 75 114 115 116 72,simulation,db10,usage,44,50,50,0
W-NN,W-NN:k=3,2,,0.08,0.088,117 73 71 59 72 116 36 119 70 118 74 83 35 75 82 120 114 109 115 79,117 73 71 59 72 116 36 119 70 118 74 83 35 75 82 120 114 109 115 79,simulation,db10,energy,45,50,50,0
W-QDA,W-QDA:qda,7,,0.0,0.068,117 73 71 59 72 116 36 119 70 118 74 83 35 75 82 120 114 109 115 79,117 73 71 59 72 116 36 119 70 118 74 83 35 75 82 120 114 109 115 79,simulation,db10,energy,45,50,50,0
W-CART,W-CART:cart,24,,0.08,0.148,117 73 71 59 72 116 36 119 70 118 74 83 35 75 82 120 114 109 115 79,117 73 71 59 72 116 36 119 70 118 74 83 35 75 82 120 114 109 115 79,simulation,db10,energy,45,50,50,0
ALL,W-QDA:qda,7,,0.0,0.068,117 73 71 59 72 116 36 119 70 118 74 83 35 75 82 120 114 109 115 79,117 73 71 59 72 116 36 119 70 118 74 83 35 75 82 120 114 109 115 79,simulation,db10,energy,45,50,50,0
W-NN,W-NN:k=1,29,0.5,0.04,0.148,114 112 76 77 110 111 113 115 117 72 73 75 79 80 81 109 78 116 74 71,111 114 79 80 81 115 117 73 75 78 109 110 76 112 72 77 82 83 84 74,simulation,db10,usage,45,50,50,0
W-QDA,W-QDA:qda,3,1.5,0.02,0.08,73 81 114 79 111 117 80 82 83 109 112 115 118 71 72 74 76 77 84 107,111 114 79 80 81 115 117 73 75 78 109 110 76 112 72 77 82 83 84 74,simulation,db10,usage,45,50,50,0
W-CART,W-CART:cart,4,3.0,0.04,0.108,119 118 73 75 110 116 81 82 111 114 74 76 78 80 108 112 115 120 70 71,111 114 79 80 81 115 117 73 75 78 109 110 76 112 72 77 82 83 84 74,simulation,db10,usage,45,50,50,0
ALL,W-QDA:qda,3,1.5,0.02,0.08,73 81 114 79 111 117 80 82 83 109 112 115 118 71 72 74 76 77 84 107,111 114 79 80 81 115 117 73 75 78 109 110 76 112 72 77 82 83 84 74,simulation,db10,usage,45,50,50,0
W-NN,W-NN:k=1,3,,0.04,0.088,116 86 103 105 107 70 120 87 75 36 114 117 84 108 106 104 71 83 79 77,116 86 103 105 107 70 120 87 75 36 114 117 84 108 106 104 71 83 79 77,simulation,db10,energy,46,50,50,0
W-QDA,W-QDA:qda,12,,0.02,0.024,116 86 103 105 107 70 120 87 75 36 114 117 84 108 106 104 71 83 79 77,116 86 103 105 107 70 120 87 75 36 114 117 84 108 106 104 71 83 79 77,simulation,db10,energy,46,50,50,0
W-CART,W-CART:cart,4,,0.06,0.086,116 86 103 105 107 70 120 87 75 36 114 117 84 108 106 104 71 83 79 77,116 86 103 105 107 70 120 87 75 36 114 117 84 108 106 104 71 83 79 77,simulation,db10,energy,46,50,50,0
ALL,W-QDA:qda,12,,0.02,0.024,116 86 103 105 107 70 120 87 75 36 114 117 84 108 106 104 71 83 79 77,116 86 103 105 107 70 120 87 75 36 114 117 84 108 106 104 71 83 79 77,simulation,db10,energy,46,50,50,0
W-NN,W-NN:k=1,8,2.0,0.04,0.168,86 110 81 83 84 85 77 82 106 116 105 107 109 111 114 74 79 80 87 103,83 106 79 80 81 107 110 112 78 105 114 82 109 75 85 86 76 77 84 104,simulation,db10,usage,46,50,50,0
W-QDA,W-QDA:qda,7,3.0,0.06,0.048,86 80 84 85 110 106 74 103 104 105 108 109 111 113 114 116 79 81 82 107,83 106 79 80 81 107 110 112 78 105 114 82 109 75 85 86 76 77 84 104,simulation,db10,usage,46,50,50,0
W-CART,W-CART:cart,9,3.0,0.06,0.096,86 80 84 85 110 106 74 103 104 105 108 109 111 113 114 116 79 81 82 107,83 106 79 80 81 107 110 112 78 105 114 82 109 75 85 86 76 77 84 104,simulation,db10,usage,46,50,50,0
ALL,W-NN:k=1,8,2.0,0.04,0.168,86 110 81 83 84 85 77 82 106 116 105 107 109 111 114 74 79 80 87 103,83 106 79 80 81 107 110 112 78 105 114 82 109 75 85 86 76 77 84 104,simulation,db10,usage,46,50,50,0
W-NN,W-NN:k=9,5,,0.02,0.188,72 108 82 107 238 73 71 86 87 81 103 88 83 84 54 85 113 89 74 104,72 108 82 107 238 73 71 86 87 81 103 88 83 84 54 85 113 89 74 104,simulation,db10,energy,47,50,50,0
W-QDA,W-QDA:qda,10,,0.02,0.04,72 108 82 107 238 73 71 86 87 81 103 88 83 84 54 85 113 89 74 104,72 108 82 107 238 73 71 86 87 81 103 88 83 84 54 85 113 89 74 104,simulation,db10,energy,47,50,50,0
W-CART,W-CART:cart,59,,0.02,0.144,72 108 82 107 238 73 71 86 87 81 103 88 83 84 54 85 113 89 74 104,72 108 82 107 238 73 71 86 87 81 103 88 83 84 54 85 113 89 74 104,simulation,db10,energy,47,50,50,0
ALL,W-NN:k=9,5,,0.02,0.188,72 108 82 107 238 73 71 86 87 81 103 88 83 84 54 85 113 89 74 104,72 108 82 107 238 73 71 86 87 81 103 88 83 84 54 85 113 89 74 104,simulation,db10,energy,47,50,50,0
W-NN,W-NN:k=5,49,1.5,0.08,0.192,77 81 83 106 108 107 80 82 84 85 109 111 75 78 79 104 110 115 73 74,81 83 77 107 108 106 109 110 80 82 84 87 115 78 79 86 112 113 75 85,simulation,db10,usage,47,50,50,0
W-QDA,W-QDA:qda,10,2.0,0.0,0.082,77 81 106 83 84 85 107 80 78 104 105 109 79 87 103 108 119 73 74 75,81 83 77 107 108 106 109 110 80 82 84 87 115 78 79 86 112 113 75 85,simulation,db10,usage,47,50,50,0
W-CART,W-CART:cart,32,1.0,0.02,0.122,81 83 77 107 108 106 109 110 80 82 84 87 115 78 79 86 112 113 75 85,81 83 77 107 108 106 109 110 80 82 84 87 115 78 79 86 112 113 75 85,simulation,db10,usage,47,50,50,0
ALL,W-QDA:qda,10,2.0,0.0,0.082,77 81 106 83 84 85 107 80 78 104 105 109 79 87 103 108 119 73 74 75,81 83 77 107 108 106 109 110 80 82 84 87 115 78 79 86 112 113 75 85,simulation,db10,usage,47,50,50,0
W-NN,W-NN:k=1,2,,0.04,0.15,119 115 35 73 118 70 117 74 84 116 72 105 113 76 77 59 114 36 85 71,119 115 35 73 118 70 117 74 84 116 72 105 113 76 77 59 114 36 85 71,simulation,db10,energy,48,50,50,0
W-QDA,W-QDA:qda,12,,0.02,0.088,119 115 35 73 118 70 117 74 84 116 72 105 113 76 77 59 114 36 85 71,119 115 35 73 118 70 117 74 84 116 72 105 113 76 77 59 114 36 85 71,simulation,db10,energy,48,50,50,0
W-CART,W-CART:cart,7,,0.02,0.146,119 115 35 73 118 70 117 74 84 116 72 105 113 76 77 59 114 36 85 71,119 115 35 73 118 70 117 74 84 116 72 105 113 76 77 59 114 36 85 71,simulation,db10,energy,48,50,50,0
ALL,W-CART:cart,7,,0.02,0.146,119 115 35 73 118 70 117 74 84 116 72 105 113 76 77 59 114 36 85 71,119 115 35 73 118 70 117 74 84 116 72 105 113 76 77 59 114 36 85 71,simulation,db10,energy,48,50,50,0
W-NN,W-NN:k=1,6,1.0,0.06,0.162,77 74 78 116 73 75 81 76 79 111 114 115 108 112 113 117 80 106 118 71,77 74 78 116 73 75 81 76 79 111 114 115 108 112 113 117 80 106 118 71,simulation,db10,usage,48,50,50,0
W-QDA,W-QDA:qda,2,3.0,0.06,0.13,116 73 118 75 76 119 113 114 72 117 71 74 106 115 77 79 81 104 107 80,77 74 78 116 73 75 81 76 79 111 114 115 108 112 113 117 80 106 118 71,simulation,db10,usage,48,50,50,0
W-CART,W-CART:cart,10,3.0,0.0,0.14,116 73 118 75 76 119 113 114 72 117 71 74 106 115 77 79 81 104 107 80,77 74 78 116 73 75 81 76 79 111 114 115 108 112 113 117 80 106 118 71,simulation,db10,usage,48,50,50,0
ALL,W-CART:cart,10,3.0,0.0,0.14,116 73 118 75 76 119 113 114 72 117 71 74 106 115 77 79 81 104 107 80,77 74 78 116 73 75 81 76 79 111 114 115 108 112 113 117 80 106 118 71,simulation,db10,usage,48,50,50,0
W-NN,W-NN:k=3,34,,0.06,0.166,118 115 74 87 73 116 86 84 112 117 88 83 105 85 107 113 75 72 111 81,118 115 74 87 73 116 86 84 112 117 88 83 105 85 107 113 75 72 111 81,simulation,db10,energy,49,50,50,0
W-QDA,W-QDA:qda,13,,0.02,0.066,118 115 74 87 73 116 86 84 112 117 88 83 105 85 107 113 75 72 111 81,118 115 74 87 73 116 86 84 112 117 88 83 105 85 107 113 75 72 111 81,simulation,db10,energy,49,50,50,0
W-CART,W-CART:cart,14,,0.04,0.114,118 115 74 87 73 116 86 84 112 117 88 83 105 85 107 113 75 72 111 81,118 115 74 87 73 116 86 84 112 117 88 83 105 85 107 113 75 72 111 81,simulation,db10,energy,49,50,50,0
ALL,W-QDA:qda,13,,0.02,0.066,118 115 74 87 73 116 86 84 112 117 88 83 105 85 107 113 75 72 111 81,118 115 74 87 73 116 86 84 112 117 88 83 105 85 107 113 75 72 111 81,simulation,db10,energy,49,50,50,0
W-NN,W-NN:k=3,59,1.0,0.08,0.14,75 112 80 114 116 73 74 76 77 78 83 113 115 117 81 79 118 72 71 84,75 112 80 114 116 73 74 76 77 78 83 113 115 117 81 79 118 72 71 84,simulation,db10,usage,49,50,50,0
W-QDA,W-QDA:qda,12,3.0,0.06,0.076,75 81 74 117 73 76 113 118 77 83 84 106 114 115 80 85 105 112 71 72,75 112 80 114 116 73 74 76 77 78 83 113 115 117 81 79 118 72 71 84,simulation,db10,usage,49,50,50,0
W-CART,W-CART:cart,12,3.0,0.06,0.116,75 81 74 117 73 76 113 118 77 83 84 106 114 115 80 85 105 112 71 72,75 112 80 114 116 73 74 76 77 78 83 113 115 117 81 79 118 72 71 84,simulation,db10,usage,49,50,50,0
ALL,W-QDA:qda,12,3.0,0.06,0.076,75 81 74 117 73 76 113 118 77 83 84 106 114 115 80 85 105 112 71 72,75 112 80 114 116 73 74 76 77 78 83 113 115 117 81 79 118 72 71 84,simulation,db10,usage,49,50,50,0
W-NN,W-NN:k=1,13,,0.08,0.122,106 81 108 164 80 82 109 110 76 70 83 113 75 112 73 79 53 115 165 114,106 81 108 164 80 82 109 110 76 70 83 113 75 112 73 79 53 115 165 114,simulation,db10,energy,50,50,50,0
W-QDA,W-QDA:qda,15,,0.08,0.096,106 81 108 164 80 82 109 110 76 70 83 113 75 112 73 79 53 115 165 114,106 81 108 164 80 82 109 110 76 70 83 113 75 112 73 79 53 115 165 114,simulation,db10,energy,50,50,50,0
W-CART,W-CART:cart,28,,0.04,0.14,106 81 108 164 80 82 109 110 76 70 83 113 75 112 73 79 53 115 165 114,106 81 108 164 80 82 109 110 76 70 83 113 75 112 73 79 53 115 165 114,simulation,db10,energy,50,50,50,0
ALL,W-CART:cart,28,,0.04,0.14,106 81 108 164 80 82 109 110 76 70 83 113 75 112 73 79 53 115 165 114,106 81 108 164 80 82 109 110 76 70 83 113 75 112 73 79 53 115 165 114,simulation,db10,energy,50,50,50,0
W-NN,W-NN:k=1,12,1.0,0.06,0.13,113 111 114 74 80 112 79 75 108 109 110 116 78 82 73 77 83 115 76 81,113 111 114 74 80 112 79 75 108 109 110 116 78 82 73 77 83 115 76 81,simulation,db10,usage,50,50,50,0
W-QDA,W-QDA:qda,16,3.0,0.02,0.082,74 79 75 78 77 80 81 115 108 110 111 73 82 109 114 72 76 83 116 113,113 111 114 74 80 112 79 75 108 109 110 116 78 82 73 77 83 115 76 81,simulation,db10,usage,50,50,50,0
W-CART,W-CART:cart,16,3.0,0.04,0.13,74 79 75 78 77 80 81 115 108 110 111 73 82 109 114 72 76 83 116 113,113 111 114 74 80 112 79 75 108 109 110 116 78 82 73 77 83 115 76 81,simulation,db10,usage,50,50,50,0
ALL,W-QDA:qda,16,3.0,0.02,0.082,74 79 75 78 77 80 81 115 108 110 111 73 82 109 114 72 76 83 116 113,113 111 114 74 80 112 79 75 108 109 110 116 78 82 73 77 83 115 76 81,simulation,db10,usage,50,50,50,0
W-NN,W-NN:k=1,3,,0.04,0.11,84 71 117 118 105 120 107 145 144 37 79 116 76 53 119 81 83 85 108 109,84 71 117 118 105 120 107 145 144 37 79 116 76 53 119 81 83 85 108 109,simulation,db10,energy,51,50,50,0
W-QDA,W-QDA:qda,4,,0.02,0.06,84 71 117 118 105 120 107 145 144 37 79 116 76 53 119 81 83 85 108 109,84 71 117 118 105 120 107 145 144 37 79 116 76 53 119 81 83 85 108 109,simulation,db10,energy,51,50,50,0
W-CART,W-CART:cart,5,,0.08,0.118,84 71 117 118 105 120 107 145 144 37 79 116 76 53 119 81 83 85 108 109,84 71 117 118 105 120 107 145 144 37 79 116 76 53 119 81 83 85 108 109,simulation,db10,energy,51,50,50,0
ALL,W-QDA:qda,4,,0.02,0.06,84 71 117 118 105 120 107 145 144 37 79 116 76 53 119 81 83 85 108 109,84 71 117 118 105 120 107 145 144 37 79 116 76 53 119 81 83 85 108 109,simulation,db10,energy,51,50,50,0
W-NN,W-NN:k=1,10,1.5,0.02,0.194,112 77 76 81 113 78 80 75 79 109 115 83 82 116 106 107 74 108 110 111,80 77 112 78 81 111 113 76 82 75 83 110 115 116 79 107 108 109 74 106,simulation,db10,usage,51,50,50,0
W-QDA,W-QDA:qda,4,3.0,0.06,0.07,109 76 75 83 79 81 82 78 80 115 113 117 73 74 107 112 116 84 110 77,80 77 112 78 81 111 113 76 82 75 83 110 115 116 79 107 108 109 74 106,simulation,db10,usage,51,50,50,0
W-CART,W-CART:cart,18,0.5,0.08,0.14,78 77 80 82 112 114 81 109 110 75 79 111 113 116 76 83 108 74 107 115,80 77 112 78 81 111 113 76 82 75 83 110 115 116 79 107 108 109 74 106,simulation,db10,usage,51,50,50,0
ALL,W-NN:k=1,10,1.5,0.02,0.194,112 77 76 81 113 78 80 75 79 109 115 83 82 116 106 107 74 108 110 111,80 77 112 78 81 111 113 76 82 75 83 110 115 116 79 107 108 109 74 106,simulation,db10,usage,51,50,50,0
W-NN,W-NN:k=3,7,,0.06,0.15,80 83 82 79 41 118 117 56 74 84 106 113 116 110 216 115 76 114 77 107,80 83 82 79 41 118 117 56 74 84 106 113 116 110 216 115 76 114 77 107,simulation,db10,energy,52,50,50,0
W-QDA,W-QDA:qda,12,,0.0,0.052,80 83 82 79 41 118 117 56 74 84 106 113 116 110 216 115 76 114 77 107,80 83 82 79 41 118 117 56 74 84 106 113 116 110 216 115 76 114 77 107,simulation,db10,energy,52,50,50,0
W-CART,W-CART:cart,7,,0.04,0.106,80 83 82 79 41 118 117 56 74 84 106 113 116 110 216 115 76 114 77 107,80 83 82 79 41 118 117 56 74 84 106 113 116 110 216 115 76 114 77 107,simulation,db10,energy,52,50,50,0
ALL,W-QDA:qda,12,,0.0,0.052,80 83 82 79 41 118 117 56 74 84 106 113 116 110 216 115 76 114 77 107,80 83 82 79 41 118 117 56 74 84 106 113 116 110 216 115 76 114 77 107,simulation,db10,energy,52,50,50,0
W-NN,W-NN:k=1,29,3.0,0.04,0.116,82 76 79 81 116 118 117 74 77 114 78 80 113 115 84 105 111 73 83 107,77 78 113 115 75 112 114 116 117 74 76 79 80 110 73 82 84 111 81 85,simulation,db10,usage,52,50,50,0
W-QDA,W-QDA:qda,6,3.0,0.02,0.058,82 76 79 81 116 118 117 74 77 114 78 80 113 115 84 105 111 73 83 107,77 78 113 115 75 112 114 116 117 74 76 79 80 110 73 82 84 111 81 85,simulation,db10,usage,52,50,50,0
W-CART,W-CART:cart,26,3.0,0.04,0.136,82 76 79 81 116 118 117 74 77 114 78 80 113 115 84 105 111 73 83 107,77 78 113 115 75 112 114 116 117 74 76 79 80 110 73 82 84 111 81 85,simulation,db10,usage,52,50,50,0
ALL,W-QDA:qda,6,3.0,0.02,0.058,82 76 79 81 116 118 117 74 77 114 78 80 113 115 84 105 111 73 83 107,77 78 113 115 75 112 114 116 117 74 76 79 80 110 73 82 84 111 81 85,simulation,db10,usage,52,50,50,0
W-NN,W-NN:k=1,4,,0.08,0.14,106 113 115 110 114 54 112 87 78 155 151 84 102 41 52 111 107 108 79 77,106 113 115 110 114 54 112 87 78 155 151 84 102 41 52 111 107 108 79 77,simulation,db10,energy,53,50,50,0
W-QDA,W-QDA:qda,8,,0.06,0.082,106 113 115 110 114 54 112 87 78 155 151 84 102 41 52 111 107 108 79 77,106 113 115 110 114 54 112 87 78 155 151 84 102 41 52 111 107 108 79 77,simulation,db10,energy,53,50,50,0
W-CART,W-CART:cart,63,,0.14,0.108,106 113 115 110 114 54 112 87 78 155 151 84 102 41 52 111 107 108 79 77,106 113 115 110 114 54 112 87 78 155 151 84 102 41 52 111 107 108 79 77,simulation,db10,energy,53,50,50,0
ALL,W-QDA:qda,8,,0.06,0.082,106 113 115 110 114 54 112 87 78 155 151 84 102 41 52 111 107 108 79 77,106 113 115 110 114 54 112 87 78 155 151 84 102 41 52 111 107 108 79 77,simulation,db10,energy,53,50,50,0
W-NN,W-NN:k=3,15,1.5,0.06,0.16,111 110 79 80 112 107 81 78 82 83 108 109 113 114 105 106 77 75 76 85,111 112 110 79 81 109 80 82 113 83 107 108 78 114 77 76 84 85 105 75,simulation,db10,usage,53,50,50,0
W-QDA,W-QDA:qda,8,0.5,0.02,0.104,110 81 111 112 79 82 107 113 78 109 114 77 80 84 76 83 108 85 75 105,111 112 110 79 81 109 80 82 113 83 107 108 78 114 77 76 84 85 105 75,simulation,db10,usage,53,50,50,0
W-CART,W-CART:cart,11,1.5,0.06,0.144,111 110 79 80 112 107 81 78 82 83 108 109 113 114 105 106 77 75 76 85,111 112 110 79 81 109 80 82 113 83 107 108 78 114 77 76 84 85 105 75,simulation,db10,usage,53,50,50,0
ALL,W-QDA:qda,8,0.5,0.02,0.104,110 81 111 112 79 82 107 113 78 109 114 77 80 84 76 83 108 85 75 105,111 112 110 79 81 109 80 82 113 83 107 108 78 114 77 76 84 85 105 75,simulation,db10,usage,53,50,50,0
W-NN,W-NN:k=5,3,,0.18,0.222,81 108 107 219 109 80 82 83 40 88 86 84 111 75 102 101 41 77 87 106,81 108 107 219 109 80 82 83 40 88 86 84 111 75 102 101 41 77 87 106,simulation,db10,energy,54,50,50,0
W-QDA,W-QDA:qda,3,,0.18,0.196,81 108 107 219 109 80 82 83 40 88 86 84 111 75 102 101 41 77 87 106,81 108 107 219 109 80 82 83 40 88 86 84 111 75 102 101 41 77 87 106,simulation,db10,energy,54,50,50,0
W-CART,W-CART:cart,59,,0.14,0.168,81 108 107 219 109 80 82 83 40 88 86 84 111 75 102 101 41 77 87 106,81 108 107 219 109 80 82 83 40 88 86 84 111 75 102 101 41 77 87 106,simulation,db10,energy,54,50,50,0
ALL,W-CART:cart,59,,0.14,0.168,81 108 107 219 109 80 82 83 40 88 86 84 111 75 102 101 41 77 87 106,81 108 107 219 109 80 82 83 40 88 86 84 111 75 102 101 41 77 87 106,simulation,db10,energy,54,50,50,0
W-NN,W-NN:k=3,31,1.5,0.08,0.178,80 109 108 81 79 82 83 84 107 111 77 78 85 110 112 106 113 114 75 86,80 109 107 79 108 111 78 81 82 83 84 113 110 112 77 85 106 114 105 115,simulation,db10,usage,54,50,50,0
W-QDA,W-QDA:qda,3,2.0,0.14,0.258,80 81 108 109 82 107 83 110 111 79 77 84 85 112 76 78 106 113 86 114,80 109 107 79 108 111 78 81 82 83 84 113 110 112 77 85 106 114 105 115,simulation,db10,usage,54,50,50,0
W-CART,W-CART:cart,7,0.5,0.14,0.244,80 79 81 82 110 107 108 109 83 85 111 113 77 78 84 112 114 106 115 105,80 109 107 79 108 111 78 81 82 83 84 113 110 112 77 85 106 114 105 115,simulation,db10,usage,54,50,50,0
ALL,W-NN:k=3,31,1.5,0.08,0.178,80 109 108 81 79 82 83 84 107 111 77 78 85 110 112 106 113 114 75 86,80 109 107 79 108 111 78 81 82 83 84 113 110 112 77 85 106 114 105 115,simulation,db10,usage,54,50,50,0
W-NN,W-NN:k=1,37,,0.06,0.172,79 111 107 108 83 85 53 52 82 110 109 71 113 115 84 76 75 105 168 167,79 111 107 108 83 85 53 52 82 110 109 71 113 115 84 76 75 105 168 167,simulation,db10,energy,55,50,50,0
W-QDA,W-QDA:qda,7,,0.08,0.178,79 111 107 108 83 85 53 52 82 110 109 71 113 115 84 76 75 105 168 167,79 111 107 108 83 85 53 52 82 110 109 71 113 115 84 76 75 105 168 167,simulation,db10,energy,55,50,50,0
W-CART,W-CART:cart,24,,0.04,0.116,79 111 107 108 83 85 53 52 82 110 109 71 113 115 84 76 75 105 168 167,79 111 107 108 83 85 53 52 82 110 109 71 113 115 84 76 75 105 168 167,simulation,db10,energy,55,50,50,0
ALL,W-CART:cart,24,,0.04,0.116,79 111 107 108 83 85 53 52 82 110 109 71 113 115 84 76 75 105 168 167,79 111 107 108 83 85 53 52 82 110 109 71 113 115 84 76 75 105 168 167,simulation,db10,energy,55,50,50,0
W-NN,W-NN:k=1,28,2.0,0.1,0.152,83 107 110 82 84 106 108 109 105 81 85 111 79 80 76 77 86 112 78 87,83 107 82 106 108 84 110 81 109 112 79 76 77 78 111 85 87 104 80 105,simulation,db10,usage,55,50,50,0
W-QDA,W-QDA:qda,7,3.0,0.08,0.136,82 84 110 83 105 106 107 108 79 81 85 109 111 80 104 75 86 112 76 88,83 107 82 106 108 84 110 81 109 112 79 76 77 78 111 85 87 104 80 105,simulation,db10,usage,55,50,50,0
W-CART,W-CART:cart,9,2.0,0.04,0.116,83 107 110 82 84 106 108 109 105 81 85 111 79 80 76 77 86 112 78 87,83 107 82 106 108 84 110 81 109 112 79 76 77 78 111 85 87 104 80 105,simulation,db10,usage,55,50,50,0
ALL,W-CART:cart,9,2.0,0.04,0.116,83 107 110 82 84 106 108 109 105 81 85 111 79 80 76 77 86 112 78 87,83 107 82 106 108 84 110 81 109 112 79 76 77 78 111 85 87 104 80 105,simulation,db10,usage,55,50,50,0
W-NN,W-NN:k=1,8,,0.06,0.152,110 73 71 109 43 104 79 78 116 72 75 86 103 70 77 119 80 111 76 120,110 73 71 109 43 104 79 78 116 72 75 86 103 70 77 119 80 111 76 120,simulation,db10,energy,56,50,50,0
W-QDA,W-QDA:qda,6,,0.02,0.05,110 73 71 109 43 104 79 78 116 72 75 86 103 70 77 119 80 111 76 120,110 73 71 109 43 104 79 78 116 72 75 86 103 70 77 119 80 111 76 120,simulation,db10,energy,56,50,50,0
W-CART,W-CART:cart,4,,0.08,0.152,110 73 71 109 43 104 79 78 116 72 75 86 103 70 77 119 80 111 76 120,110 73 71 109 43 104 79 78 116 72 75 86 103 70 77 119 80 111 76 120,simulation,db10,energy,56,50,50,0
ALL,W-QDA:qda,6,,0.02,0.05,110 73 71 109 43 104 79 78 116 72 75 86 103 70 77 119 80 111 76 120,110 73 71 109 43 104 79 78 116 72 75 86 103 70 77 119 80 111 76 120,simulation,db10,energy,56,50,50,0
W-NN,W-NN:k=1,10,1.0,0.02,0.144,79 111 76 78 80 81 108 109 75 110 112 113 82 106 84 77 105 114 83 85,79 111 76 78 80 81 108 109 75 110 112 113 82 106 84 77 105 114 83 85,simulation,db10,usage,56,50,50,0
W-QDA,W-QDA:qda,13,2.0,0.0,0.034,81 80 108 76 78 109 110 111 75 106 115 82 85 112 77 79 84 73 74 86,79 111 76 78 80 81 108 109 75 110 112 113 82 106 84 77 105 114 83 85,simulation,db10,usage,56,50,50,0
W-CART,W-CART:cart,13,2.0,0.04,0.09,81 80 108 76 78 109 110 111 75 106 115 82 85 112 77 79 84 73 74 86,79 111 76 78 80 81 108 109 75 110 112 113 82 106 84 77 105 114 83 85,simulation,db10,usage,56,50,50,0
ALL,W-QDA:qda,13,2.0,0.0,0.034,81 80 108 76 78 109 110 111 75 106 115 82 85 112 77 79 84 73 74 86,79 111 76 78 80 81 108 109 75 110 112 113 82 106 84 77 105 114 83 85,simulation,db10,usage,56,50,50,0
W-NN,W-NN:k=3,14,,0.04,0.132,116 75 105 110 117 86 76 115 56 74 85 119 114 42 118 77 73 104 113 161,116 75 105 110 117 86 76 115 56 74 85 119 114 42 118 77 73 104 113 161,simulation,db10,energy,57,50,50,0
W-QDA,W-QDA:qda,11,,0.08,0.11,116 75 105 110 117 86 76 115 56 74 85 119 114 42 118 77 73 104 113 161,116 75 105 110 117 86 76 115 56 74 85 119 114 42 118 77 73 104 113 161,simulation,db10,energy,57,50,50,0
W-CART,W-CART:cart,8,,0.06,0.154,116 75 105 110 117 86 76 115 56 74 85 119 114 42 118 77 73 104 113 161,116 75 105 110 117 86 76 115 56 74 85 119 114 42 118 77 73 104 113 161,simulation,db10,energy,57,50,50,0
ALL,W-NN:k=3,14,,0.04,0.132,116 75 105 110 117 86 76 115 56 74 85 119 114 42 118 77 73 104 113 161,116 75 105 110 117 86 76 115 56 74 85 119 114 42 118 77 73 104 113 161,simulation,db10,energy,57,50,50,0
W-NN,W-NN:k=5,7,3.0,0.06,0.132,115 105 117 104 116 118 74 75 76 77 86 107 108 111 114 78 80 81 85 73,110 112 117 114 115 74 111 116 75 77 83 76 118 78 79 109 113 80 73 105,simulation,db10,usage,57,50,50,0
W-QDA,W-QDA:qda,4,3.0,0.04,0.082,115 105 117 104 116 118 74 75 76 77 86 107 108 111 114 78 80 81 85 73,110 112 117 114 115 74 111 116 75 77 83 76 118 78 79 109 113 80 73 105,simulation,db10,usage,57,50,50,0
W-CART,W-CART:cart,2,3.0,0.08,0.17,115 105 117 104 116 118 74 75 76 77 86 107 108 111 114 78 80 81 85 73,110 112 117 114 115 74 111 116 75 77 83 76 118 78 79 109 113 80 73 105,simulation,db10,usage,57,50,50,0
ALL,W-QDA:qda,4,3.0,0.04,0.082,115 105 117 104 116 118 74 75 76 77 86 107 108 111 114 78 80 81 85 73,110 112 117 114 115 74 111 116 75 77 83 76 118 78 79 109 113 80 73 105,simulation,db10,usage,57,50,50,0
W-NN,W-NN:k=1,1,,0.06,0.196,74 107 54 82 84 83 109 53 39 108 114 105 76 111 79 73 81 104 41 115,74 107 54 82 84 83 109 53 39 108 114 105 76 111 79 73 81 104 41 115,simulation,db10,energy,58,50,50,0
W-QDA,W-QDA:qda,16,,0.02,0.08,74 107 54 82 84 83 109 53 39 108 114 105 76 111 79 73 81 104 41 115,74 107 54 82 84 83 109 53 39 108 114 105 76 111 79 73 81 104 41 115,simulation,db10,energy,58,50,50,0
W-CART,W-CART:cart,1,,0.06,0.196,74 107 54 82 84 83 109 53 39 108 114 105 76 111 79 73 81 104 41 115,74 107 54 82 84 83 109 53 39 108 114 105 76 111 79 73 81 104 41 115,simulation,db10,energy,58,50,50,0
ALL,W-QDA:qda,16,,0.02,0.08,74 107 54 82 84 83 109 53 39 108 114 105 76 111 79 73 81 104 41 115,74 107 54 82 84 83 109 53 39 108 114 105 76 111 79 73 81 104 41 115,simulation,db10,energy,58,50,50,0
W-NN,W-NN:k=1,34,1.5,0.02,0.152,81 112 82 108 83 109 111 79 84 110 114 80 77 78 113 76 75 107 73 85,81 112 82 109 78 79 108 111 80 83 77 84 113 76 110 114 107 85 75 115,simulation,db10,usage,58,50,50,0
W-QDA,W-QDA:qda,18,3.0,0.02,0.044,79 81 82 80 110 84 108 111 83 73 85 109 114 115 74 107 112 116 75 76,81 112 82 109 78 79 108 111 80 83 77 84 113 76 110 114 107 85 75 115,simulation,db10,usage,58,50,50,0
W-CART,W-CART:cart,44,3.0,0.04,0.084,79 81 82 80 110 84 108 111 83 73 85 109 114 115 74 107 112 116 75 76,81 112 82 109 78 79 108 111 80 83 77 84 113 76 110 114 107 85 75 115,simulation,db10,usage,58,50,50,0
ALL,W-QDA:qda,18,3.0,0.02,0.044,79 81 82 80 110 84 108 111 83 73 85 109 114 115 74 107 112 116 75 76,81 112 82 109 78 79 108 111 80 83 77 84 113 76 110 114 107 85 75 115,simulation,db10,usage,58,50,50,0
W-NN,W-NN:k=1,3,,0.1,0.11,87 102 72 118 145 86 89 103 50 58 51 144 106 59 55 82 80 84 108 79,87 102 72 118 145 86 89 103 50 58 51 144 106 59 55 82 80 84 108 79,simulation,db10,energy,59,50,50,0
W-QDA,W-QDA:qda,17,,0.06,0.068,87 102 72 118 145 86 89 103 50 58 51 144 106 59 55 82 80 84 108 79,87 102 72 118 145 86 89 103 50 58 51 144 106 59 55 82 80 84 108 79,simulation,db10,energy,59,50,50,0
W-CART,W-CART:cart,26,,0.06,0.134,87 102 72 118 145 86 89 103 50 58 51 144 106 59 55 82 80 84 108 79,87 102 72 118 145 86 89 103 50 58 51 144 106 59 55 82 80 84 108 79,simulation,db10,energy,59,50,50,0
ALL,W-QDA:qda,17,,0.06,0.068,87 102 72 118 145 86 89 103 50 58 51 144 106 59 55 82 80 84 108 79,87 102 72 118 145 86 89 103 50 58 51 144 106 59 55 82 80 84 108 79,simulation,db10,energy,59,50,50,0
W-NN,W-NN:k=3,2,1.0,0.08,0.124,82 105 106 84 79 81 83 86 107 109 80 87 108 88 111 85 103 78 104 110,82 105 106 84 79 81 83 86 107 109 80 87 108 88 111 85 103 78 104 110,simulation,db10,usage,59,50,50,0
W-QDA,W-QDA:qda,5,2.0,0.04,0.084,106 82 87 107 108 84 85 79 80 86 88 109 78 81 83 103 105 114 104 112,82 105 106 84 79 81 83 86 107 109 80 87 108 88 111 85 103 78 104 110,simulation,db10,usage,59,50,50,0
W-CART,W-CART:cart,9,1.0,0.06,0.162,82 105 106 84 79 81 83 86 107 109 80 87 108 88 111 85 103 78 104 110,82 105 106 84 79 81 83 86 107 109 80 87 108 88 111 85 103 78 104 110,simulation,db10,usage,59,50,50,0
ALL,W-QDA:qda,5,2.0,0.04,0.084,106 82 87 107 108 84 85 79 80 86 88 109 78 81 83 103 105 114 104 112,82 105 106 84 79 81 83 86 107 109 80 87 108 88 111 85 103 78 104 110,simulation,db10,usage,59,50,50,0
W-NN,W-NN:k=3,17,,0.08,0.162,241 82 119 154 106 72 115 70 105 69 141 71 102 118 83 84 229 117 110 107,241 82 119 154 106 72 115 70 105 69 141 71 102 118 83 84 229 117 110 107,simulation,db10,energy,60,50,50,0
W-QDA,W-QDA:qda,6,,0.02,0.056,241 82 119 154 106 72 115 70 105 69 141 71 102 118 83 84 229 117 110 107,241 82 119 154 106 72 115 70 105 69 141 71 102 118 83 84 229 117 110 107,simulation,db10,energy,60,50,50,0
W-CART,W-CART:cart,15,,0.1,0.192,241 82 119 154 106 72 115 70 105 69 141 71 102 118 83 84 229 117 110 107,241 82 119 154 106 72 115 70 105 69 141 71 102 118 83 84 229 117 110 107,simulation,db10,energy,60,50,50,0
ALL,W-QDA:qda,6,,0.02,0.056,241 82 119 154 106 72 115 70 105 69 141 71 102 118 83 84 229 117 110 107,241 82 119 154 106 72 115 70 105 69 141 71 102 118 83 84 229 117 110 107,simulation,db10,energy,60,50,50,0
W-NN,W-NN:k=3,19,3.0,0.04,0.138,106 83 110 111 113 81 82 85 107 79 84 104 105 112 115 116 72 75 76 77,81 80 84 107 109 112 108 79 82 83 106 110 111 113 115 105 76 77 78 104,simulation,db10,usage,60,50,50,0
W-QDA,W-QDA:qda,2,2.0,0.12,0.13,83 106 107 110 81 82 84 105 112 113 108 79 111 104 75 76 80 85 86 109,81 80 84 107 109 112 108 79 82 83 106 110 111 113 115 105 76 77 78 104,simulation,db10,usage,60,50,50,0
W-CART,W-CART:cart,18,1.5,0.08,0.176,83 84 107 113 80 81 106 108 82 109 110 112 105 78 76 79 86 104 115 116,81 80 84 107 109 112 108 79 82 83 106 110 111 113 115 105 76 77 78 104,simulation,db10,usage,60,50,50,0
ALL,W-NN:k=3,19,3.0,0.04,0.138,106 83 110 111 113 81 82 85 107 79 84 104 105 112 115 116 72 75 76 77,81 80 84 107 109 112 108 79 82 83 106 110 111 113 115 105 76 77 78 104,simulation,db10,usage,60,50,50,0
W-NN,W-NN:k=9,1,,0.08,0.154,120 71 75 76 115 74 103 116 113 78 40 104 77 119 79 111 86 87 35 80,120 71 75 76 115 74 103 116 113 78 40 104 77 119 79 111 86 87 35 80,simulation,db10,energy,61,50,50,0
W-QDA,W-QDA:qda,12,,0.02,0.086,120 71 75 76 115 74 103 116 113 78 40 104 77 119 79 111 86 87 35 80,120 71 75 76 115 74 103 116 113 78 40 104 77 119 79 111 86 87 35 80,simulation,db10,energy,61,50,50,0
W-CART,W-CART:cart,4,,0.12,0.176,120 71 75 76 115 74 103 116 113 78 40 104 77 119 79 111 86 87 35 80,120 71 75 76 115 74 103 116 113 78 40 104 77 119 79 111 86 87 35 80,simulation,db10,energy,61,50,50,0
ALL,W-QDA:qda,12,,0.02,0.086,120 71 75 76 115 74 103 116 113 78 40 104 77 119 79 111 86 87 35 80,120 71 75 76 115 74 103 116 113 78 40 104 77 119 79 111 86 87 35 80,simulation,db10,energy,61,50,50,0
W-NN,W-NN:k=1,4,1.0,0.06,0.13,111 108 116 76 78 81 82 107 110 75 77 79 106 112 113 114 115 73 74 85,111 108 116 76 78 81 82 107 110 75 77 79 106 112 113 114 115 73 74 85,simulation,db10,usage,61,50,50,0
W-QDA,W-QDA:qda,8,0.5,0.04,0.118,111 78 107 108 114 79 81 82 116 117 75 76 77 109 110 112 83 80 106 113,111 108 116 76 78 81 82 107 110 75 77 79 106 112 113 114 115 73 74 85,simulation,db10,usage,61,50,50,0
W-CART,W-CART:cart,6,2.0,0.06,0.184,113 76 112 115 75 107 108 77 106 116 74 79 109 110 111 114 80 82 83 86,111 108 116 76 78 81 82 107 110 75 77 79 106 112 113 114 115 73 74 85,simulation,db10,usage,61,50,50,0
ALL,W-QDA:qda,8,0.5,0.04,0.118,111 78 107 108 114 79 81 82 116 117 75 76 77 109 110 112 83 80 106 113,111 108 116 76 78 81 82 107 110 75 77 79 106 112 113 114 115 73 74 85,simulation,db10,usage,61,50,50,0
W-NN,W-NN:k=1,4,,0.04,0.14,109 84 86 53 106 110 78 111 52 113 40 79 108 112 85 103 88 119 104 87,109 84 86 53 106 110 78 111 52 113 40 79 108 112 85 103 88 119 104 87,simulation,db10,energy,62,50,50,0
W-QDA,W-QDA:qda,3,,0.0,0.082,109 84 86 53 106 110 78 111 52 113 40 79 108 112 85 103 88 119 104 87,109 84 86 53 106 110 78 111 52 113 40 79 108 112 85 103 88 119 104 87,simulation,db10,energy,62,50,50,0
W-CART,W-CART:cart,3,,0.04,0.122,109 84 86 53 106 110 78 111 52 113 40 79 108 112 85 103 88 119 104 87,109 84 86 53 106 110 78 111 52 113 40 79 108 112 85 103 88 119 104 87,simulation,db10,energy,62,50,50,0
ALL,W-QDA:qda,3,,0.0,0.082,109 84 86 53 106 110 78 111 52 113 40 79 108 112 85 103 88 119 104 87,109 84 86 53 106 110 78 111 52 113 40 79 108 112 85 103 88 119 104 87,simulation,db10,energy,62,50,50,0
W-NN,W-NN:k=1,20,0.5,0.04,0.126,106 109 110 111 81 108 82 79 84 107 113 78 112 80 105 114 86 77 115 75,108 79 109 110 111 81 78 82 106 107 112 77 84 113 83 114 80 85 86 115,simulation,db10,usage,62,50,50,0
W-QDA,W-QDA:qda,16,3.0,0.02,0.13,108 111 109 84 106 110 112 81 82 114 79 113 78 85 107 77 80 83 86 87,108 79 109 110 111 81 78 82 106 107 112 77 84 113 83 114 80 85 86 115,simulation,db10,usage,62,50,50,0
W-CART,W-CART:cart,11,0.5,0.04,0.158,106 109 110 111 81 108 82 79 84 107 113 78 112 80 105 114 86 77 115 75,108 79 109 110 111 81 78 82 106 107 112 77 84 113 83 114 80 85 86 115,simulation,db10,usage,62,50,50,0
ALL,W-QDA:qda,16,3.0,0.02,0.13,108 111 109 84 106 110 112 81 82 114 79 113 78 85 107 77 80 83 86 87,108 79 109 110 111 81 78 82 106 107 112 77 84 113 83 114 80 85 86 115,simulation,db10,usage,62,50,50,0
W-NN,W-NN:k=1,40,,0.08,0.116,118 119 113 77 76 162 72 112 154 114 80 55 117 78 35 71 104 110 86 73,118 119 113 77 76 162 72 112 154 114 80 55 117 78 35 71 104 110 86 73,simulation,db10,energy,63,50,50,0
W-QDA,W-QDA:qda,4,,0.04,0.116,118 119 113 77 76 162 72 112 154 114 80 55 117 78 35 71 104 110 86 73,118 119 113 77 76 162 72 112 154 114 80 55 117 78 35 71 104 110 86 73,simulation,db10,energy,63,50,50,0
W-CART,W-CART:cart,6,,0.1,0.132,118 119 113 77 76 162 72 112 154 114 80 55 117 78 35 71 104 110 86 73,118 119 113 77 76 162 72 112 154 114 80 55 117 78 35 71 104 110 86 73,simulation,db10,energy,63,50,50,0
ALL,W-QDA:qda,4,,0.04,0.116,118 119 113 77 76 162 72 112 154 114 80 55 117 78 35 71 104 110 86 73,118 119 113 77 76 162 72 112 154 114 80 55 117 78 35 71 104 110 86 73,simulation,db10,energy,63,50,50,0
W-NN,W-NN:k=5,3,1.0,0.08,0.186,112 114 109 113 115 75 108 110 111 73 74 76 77 119 71 78 80 84 107 116,112 114 109 113 115 75 108 110 111 73 74 76 77 119 71 78 80 84 107 116,simulation,db10,usage,63,50,50,0
W-QDA,W-QDA:qda,2,3.0,0.06,0.094,72 114 115 112 116 73 113 117 118 76 107 71 75 110 119 109 78 108 111 74,112 114 109 113 115 75 108 110 111 73 74 76 77 119 71 78 80 84 107 116,simulation,db10,usage,63,50,50,0
W-CART,W-CART:cart,10,1.0,0.08,0.186,112 114 109 113 115 75 108 110 111 73 74 76 77 119 71 78 80 84 107 116,112 114 109 113 115 75 108 110 111 73 74 76 77 119 71 78 80 84 107 116,simulation,db10,usage,63,50,50,0
ALL,W-QDA:qda,2,3.0,0.06,0.094,72 114 115 112 116 73 113 117 118 76 107 71 75 110 119 109 78 108 111 74,112 114 109 113 115 75 108 110 111 73 74 76 77 119 71 78 80 84 107 116,simulation,db10,usage,63,50,50,0
W-NN,W-NN:k=1,17,,0.06,0.156,80 110 161 220 221 88 74 79 111 39 116 102 112 81 78 219 113 114 55 75,80 110 161 220 221 88 74 79 111 39 116 102 112 81 78 219 113 114 55 75,simulation,db10,energy,64,50,50,0
W-QDA,W-QDA:qda,14,,0.06,0.082,80 110 161 220 221 88 74 79 111 39 116 102 112 81 78 219 113 114 55 75,80 110 161 220 221 88 74 79 111 39 116 102 112 81 78 219 113 114 55 75,simulation,db10,energy,64,50,50,0
W-CART,W-CART:cart,41,,0.08,0.118,80 110 161 220 221 88 74 79 111 39 116 102 112 81 78 219 113 114 55 75,80 110 161 220 221 88 74 79 111 39 116 102 112 81 78 219 113 114 55 75,simulation,db10,energy,64,50,50,0
ALL,W-QDA:qda,14,,0.06,0.082,80 110 161 220 221 88 74 79 111 39 116 102 112 81 78 219 113 114 55 75,80 110 161 220 221 88 74 79 111 39 116 102 112 81 78 219 113 114 55 75,simulation,db10,energy,64,50,50,0
W-NN,W-NN:k=1,25,1.0,0.04,0.174,81 82 78 80 83 108 115 77 79 84 106 109 111 112 113 114 75 74 76 105,81 82 78 80 83 108 115 77 79 84 106 109 111 112 113 114 75 74 76 105,simulation,db10,usage,64,50,50,0
W-QDA,W-QDA:qda,16,2.0,0.02,0.066,79 111 112 115 75 80 82 83 86 106 108 76 77 81 109 114 105 113 74 78,81 82 78 80 83 108 115 77 79 84 106 109 111 112 113 114 75 74 76 105,simulation,db10,usage,64,50,50,0
W-CART,W-CART:cart,9,2.0,0.08,0.134,79 111 112 115 75 80 82 83 86 106 108 76 77 81 109 114 105 113 74 78,81 82 78 80 83 108 115 77 79 84 106 109 111 112 113 114 75 74 76 105,simulation,db10,usage,64,50,50,0
ALL,W-QDA:qda,16,2.0,0.02,0.066,79 111 112 115 75 80 82 83 86 106 108 76 77 81 109 114 105 113 74 78,81 82 78 80 83 108 115 77 79 84 106 109 111 112 113 114 75 74 76 105,simulation,db10,usage,64,50,50,0
W-NN,W-NN:k=3,8,,0.1,0.166,70 83 108 82 106 107 140 114 53 40 84 110 105 141 75 54 76 115 109 81,70 83 108 82 106 107 140 114 53 40 84 110 105 141 75 54 76 115 109 81,simulation,db10,energy,65,50,50,0
W-QDA,W-QDA:qda,5,,0.1,0.116,70 83 108 82 106 107 140 114 53 40 84 110 105 141 75 54 76 115 109 81,70 83 108 82 106 107 140 114 53 40 84 110 105 141 75 54 76 115 109 81,simulation,db10,energy,65,50,50,0
W-CART,W-CART:cart,32,,0.08,0.204,70 83 108 82 106 107 140 114 53 40 84 110 105 141 75 54 76 115 109 81,70 83 108 82 106 107 140 114 53 40 84 110 105 141 75 54 76 115 109 81,simulation,db10,energy,65,50,50,0
ALL,W-CART:cart,32,,0.08,0.204,70 83 108 82 106 107 140 114 53 40 84 110 105 141 75 54 76 115 109 81,70 83 108 82 106 107 140 114 53 40 84 110 105 141 75 54 76 115 109 81,simulation,db10,energy,65,50,50,0
W-NN,W-NN:k=3,4,1.0,0.1,0.228,82 81 107 109 112 79 80 108 110 83 111 105 106 113 76 77 114 78 84 74,82 81 107 109 112 79 80 108 110 83 111 105 106 113 76 77 114 78 84 74,simulation,db10,usage,65,50,50,0
W-QDA,W-QDA:qda,4,1.5,0.1,0.158,81 112 82 107 108 109 110 80 105 106 111 113 79 83 114 78 84 104 76 77,82 81 107 109 112 79 80 108 110 83 111 105 106 113 76 77 114 78 84 74,simulation,db10,usage,65,50,50,0
W-CART,W-CART:cart,36,3.0,0.08,0.204,108 107 106 110 82 83 109 81 112 80 79 84 105 113 74 77 104 114 75 111,82 81 107 109 112 79 80 108 110 83 111 105 106 113 76 77 114 78 84 74,simulation,db10,usage,65,50,50,0
ALL,W-CART:cart,36,3.0,0.08,0.204,108 107 106 110 82 83 109 81 112 80 79 84 105 113 74 77 104 114 75 111,82 81 107 109 112 79 80 108 110 83 111 105 106 113 76 77 114 78 84 74,simulation,db10,usage,65,50,50,0
W-NN,W-NN:k=1,53,,0.08,0.13,109 54 75 73 116 114 78 163 74 57 117 81 112 105 76 161 214 77 111 115,109 54 75 73 116 114 78 163 74 57 117 81 112 105 76 161 214 77 111 115,simulation,db10,energy,66,50,50,0
W-QDA,W-QDA:qda,19,,0.0,0.074,109 54 75 73 116 114 78 163 74 57 117 81 112 105 76 161 214 77 111 115,109 54 75 73 116 114 78 163 74 57 117 81 112 105 76 161 214 77 111 115,simulation,db10,energy,66,50,50,0
W-CART,W-CART:cart,5,,0.1,0.164,109 54 75 73 116 114 78 163 74 57 117 81 112 105 76 161 214 77 111 115,109 54 75 73 116 114 78 163 74 57 117 81 112 105 76 161 214 77 111 115,simulation,db10,energy,66,50,50,0
ALL,W-QDA:qda,19,,0.0,0.074,109 54 75 73 116 114 78 163 74 57 117 81 112 105 76 161 214 77 111 115,109 54 75 73 116 114 78 163 74 57 117 81 112 105 76 161 214 77 111 115,simulation,db10,energy,66,50,50,0
W-NN,W-NN:k=1,23,3.0,0.0,0.114,75 76 83 105 115 78 113 77 104 116 74 79 84 85 103 73 112 72 80 82,75 77 82 79 73 76 78 83 107 113 116 85 112 74 84 115 81 111 106 108,simulation,db10,usage,66,50,50,0
W-QDA,W-QDA:qda,11,0.5,0.0,0.092,76 79 82 112 77 114 73 75 78 81 110 115 74 83 113 84 107 108 116 80,75 77 82 79 73 76 78 83 107 113 116 85 112 74 84 115 81 111 106 108,simulation,db10,usage,66,50,50,0
W-CART,W-CART:cart,5,1.0,0.08,0.156,75 77 82 79 73 76 78 83 107 113 116 85 112 74 84 115 81 111 106 108,75 77 82 79 73 76 78 83 107 113 116 85 112 74 84 115 81 111 106 108,simulation,db10,usage,66,50,50,0
ALL,W-QDA:qda,11,0.5,0.0,0.092,76 79 82 112 77 114 73 75 78 81 110 115 74 83 113 84 107 108 116 80,75 77 82 79 73 76 78 83 107 113 116 85 112 74 84 115 81 111 106 108,simulation,db10,usage,66,50,50,0
W-NN,W-NN:k=1,4,,0.06,0.144,81 108 107 106 85 87 80 77 78 105 57 72 82 59 75 84 104 110 103 76,81 108 107 106 85 87 80 77 78 105 57 72 82 59 75 84 104 110 103 76,simulation,db10,energy,67,50,50,0
W-QDA,W-QDA:qda,6,,0.12,0.104,81 108 107 106 85 87 80 77 78 105 57 72 82 59 75 84 104 110 103 76,81 108 107 106 85 87 80 77 78 105 57 72 82 59 75 84 104 110 103 76,simulation,db10,energy,67,50,50,0
W-CART,W-CART:cart,12,,0.06,0.112,81 108 107 106 85 87 80 77 78 105 57 72 82 59 75 84 104 110 103 76,81 108 107 106 85 87 80 77 78 105 57 72 82 59 75 84 104 110 103 76,simulation,db10,energy,67,50,50,0
ALL,W-NN:k=1,4,,0.06,0.144,81 108 107 106 85 87 80 77 78 105 57 72 82 59 75 84 104 110 103 76,81 108 107 106 85 87 80 77 78 105 57 72 82 59 75 84 104 110 103 76,simulation,db10,energy,67,50,50,0
W-NN,W-NN:k=1,2,1.5,0.06,0.088,106 85 83 109 84 107 82 80 81 86 108 105 110 87 77 103 78 79 88 104,82 109 106 107 83 110 81 84 85 111 86 105 108 79 80 103 104 78 87 88,simulation,db10,usage,67,50,50,0
W-QDA,W-QDA:qda,3,3.0,0.08,0.076,85 105 106 84 82 107 83 86 87 108 104 80 81 78 110 103 109 77 72 76,82 109 106 107 83 110 81 84 85 111 86 105 108 79 80 103 104 78 87 88,simulation,db10,usage,67,50,50,0
W-CART,W-CART:cart,2,3.0,0.06,0.116,85 105 106 84 82 107 83 86 87 108 104 80 81 78 110 103 109 77 72 76,82 109 106 107 83 110 81 84 85 111 86 105 108 79 80 103 104 78 87 88,simulation,db10,usage,67,50,50,0
ALL,W-NN:k=1,2,1.5,0.06,0.088,106 85 83 109 84 107 82 80 81 86 108 105 110 87 77 103 78 79 88 104,82 109 106 107 83 110 81 84 85 111 86 105 108 79 80 103 104 78 87 88,simulation,db10,usage,67,50,50,0
W-NN,W-NN:k=1,19,,0.04,0.098,72 77 111 80 107 86 108 109 87 110 79 40 112 117 41 84 104 81 118 83,72 77 111 80 107 86 108 109 87 110 79 40 112 117 41 84 104 81 118 83,simulation,db10,energy,68,50,50,0
W-QDA,W-QDA:qda,4,,0.06,0.1,72 77 111 80 107 86 108 109 87 110 79 40 112 117 41 84 104 81 118 83,72 77 111 80 107 86 108 109 87 110 79 40 112 117 41 84 104 81 118 83,simulation,db10,energy,68,50,50,0
W-CART,W-CART:cart,6,,0.04,0.14,72 77 111 80 107 86 108 109 87 110 79 40 112 117 41 84 104 81 118 83,72 77 111 80 107 86 108 109 87 110 79 40 112 117 41 84 104 81 118 83,simulation,db10,energy,68,50,50,0
ALL,W-CART:cart,6,,0.04,0.14,72 77 111 80 107 86 108 109 87 110 79 40 112 117 41 84 104 81 118 83,72 77 111 80 107 86 108 109 87 110 79 40 112 117 41 84 104 81 118 83,simulation,db10,energy,68,50,50,0
W-NN,W-NN:k=3,5,1.5,0.04,0.098,83 110 107 108 112 82 109 111 81 84 80 86 105 106 79 85 87 104 113 75,83 107 108 109 110 84 112 82 111 81 113 80 86 87 79 104 105 106 76 85,simulation,db10,usage,68,50,50,0
W-QDA,W-QDA:qda,2,1.0,0.04,0.12,83 107 108 109 110 84 112 82 111 81 113 80 86 87 79 104 105 106 76 85,83 107 108 109 110 84 112 82 111 81 113 80 86 87 79 104 105 106 76 85,simulation,db10,usage,68,50,50,0
W-CART,W-CART:cart,29,1.5,0.06,0.126,83 110 107 108 112 82 109 111 81 84 80 86 105 106 79 85 87 104 113 75,83 107 108 109 110 84 112 82 111 81 113 80 86 87 79 104 105 106 76 85,simulation,db10,usage,68,50,50,0
ALL,W-QDA:qda,2,1.0,0.04,0.12,83 107 108 109 110 84 112 82 111 81 113 80 86 87 79 104 105 106 76 85,83 107 108 109 110 84 112 82 111 81 113 80 86 87 79 104 105 106 76 85,simulation,db10,usage,68,50,50,0
W-NN,W-NN:k=1,15,,0.12,0.176,79 114 80 224 108 110 107 83 113 81 82 105 77 109 52 38 75 115 78 85,79 114 80 224 108 110 107 83 113 81 82 105 77 109 52 38 75 115 78 85,simulation,db10,energy,69,50,50,0
W-QDA,W-QDA:qda,18,,0.04,0.072,79 114 80 224 108 110 107 83 113 81 82 105 77 109 52 38 75 115 78 85,79 114 80 224 108 110 107 83 113 81 82 105 77 109 52 38 75 115 78 85,simulation,db10,energy,69,50,50,0
W-CART,W-CART:cart,12,,0.08,0.142,79 114 80 224 108 110 107 83 113 81 82 105 77 109 52 38 75 115 78 85,79 114 80 224 108 110 107 83 113 81 82 105 77 109 52 38 75 115 78 85,simulation,db10,energy,69,50,50,0
ALL,W-QDA:qda,18,,0.04,0.072,79 114 80 224 108 110 107 83 113 81 82 105 77 109 52 38 75 115 78 85,79 114 80 224 108 110 107 83 113 81 82 105 77 109 52 38 75 115 78 85,simulation,db10,energy,69,50,50,0
W-NN,W-NN:k=3,23,1.5,0.06,0.124,77 107 111 80 112 113 114 79 76 78 109 74 75 81 82 106 108 115 73 84,111 78 107 113 76 77 80 109 112 110 81 108 114 79 74 75 82 73 84 115,simulation,db10,usage,69,50,50,0
W-QDA,W-QDA:qda,9,3.0,0.08,0.106,107 113 80 106 114 75 78 79 82 111 77 81 109 112 83 110 115 74 76 108,111 78 107 113 76 77 80 109 112 110 81 108 114 79 74 75 82 73 84 115,simulation,db10,usage,69,50,50,0
W-CART,W-CART:cart,20,0.5,0.1,0.13,112 110 113 77 107 108 109 114 81 82 111 75 76 78 79 80 83 115 106 73,111 78 107 113 76 77 80 109 112 110 81 108 114 79 74 75 82 73 84 115,simulation,db10,usage,69,50,50,0
ALL,W-NN:k=3,23,1.5,0.06,0.124,77 107 111 80 112 113 114 79 76 78 109 74 75 81 82 106 108 115 73 84,111 78 107 113 76 77 80 109 112 110 81 108 114 79 74 75 82 73 84 115,simulation,db10,usage,69,50,50,0
W-NN,W-NN:k=9,5,,0.1,0.124,116 41 117 108 105 73 103 104 118 109 107 112 87 115 71 86 74 88 106 111,116 41 117 108 105 73 103 104 118 109 107 112 87 115 71 86 74 88 106 111,simulation,db10,energy,70,50,50,0
W-QDA,W-QDA:qda,8,,0.04,0.026,116 41 117 108 105 73 103 104 118 109 107 112 87 115 71 86 74 88 106 111,116 41 117 108 105 73 103 104 118 109 107 112 87 115 71 86 74 88 106 111,simulation,db10,energy,70,50,50,0
W-CART,W-CART:cart,6,,0.1,0.11,116 41 117 108 105 73 103 104 118 109 107 112 87 115 71 86 74 88 106 111,116 41 117 108 105 73 103 104 118 109 107 112 87 115 71 86 74 88 106 111,simulation,db10,energy,70,50,50,0
ALL,W-QDA:qda,8,,0.04,0.026,116 41 117 108 105 73 103 104 118 109 107 112 87 115 71 86 74 88 106 111,116 41 117 108 105 73 103 104 118 109 107 112 87 115 71 86 74 88 106 111,simulation,db10,energy,70,50,50,0
W-NN,W-NN:k=1,9,3.0,0.04,0.116,107 109 108 106 105 110 104 115 117 118 85 86 111 74 75 80 84 103 113 116,110 104 105 107 108 111 79 106 109 112 80 81 113 114 78 83 85 87 116 75,simulation,db10,usage,70,50,50,0
W-QDA,W-QDA:qda,20,0.5,0.02,0.062,110 107 79 81 113 80 84 105 106 109 77 108 111 114 78 85 112 104 76 82,110 104 105 107 108 111 79 106 109 112 80 81 113 114 78 83 85 87 116 75,simulation,db10,usage,70,50,50,0
W-CART,W-CART:cart,25,3.0,0.08,0.124,107 109 108 106 105 110 104 115 117 118 85 86 111 74 75 80 84 103 113 116,110 104 105 107 108 111 79 106 109 112 80 81 113 114 78 83 85 87 116 75,simulation,db10,usage,70,50,50,0
ALL,W-QDA:qda,20,0.5,0.02,0.062,110 107 79 81 113 80 84 105 106 109 77 108 111 114 78 85 112 104 76 82,110 104 105 107 108 111 79 106 109 112 80 81 113 114 78 83 85 87 116 75,simulation,db10,usage,70,50,50,0
W-NN,W-NN:k=7,3,,0.06,0.132,87 74 103 116 75 76 70 71 53 110 52 243 115 109 112 77 43 108 51 78,87 74 103 116 75 76 70 71 53 110 52 243 115 109 112 77 43 108 51 78,simulation,db10,energy,71,50,50,0
W-QDA,W-QDA:qda,3,,0.06,0.064,87 74 103 116 75 76 70 71 53 110 52 243 115 109 112 77 43 108 51 78,87 74 103 116 75 76 70 71 53 110 52 243 115 109 112 77 43 108 51 78,simulation,db10,energy,71,50,50,0
W-CART,W-CART:cart,16,,0.1,0.118,87 74 103 116 75 76 70 71 53 110 52 243 115 109 112 77 43 108 51 78,87 74 103 116 75 76 70 71 53 110 52 243 115 109 112 77 43 108 51 78,simulation,db10,energy,71,50,50,0
ALL,W-NN:k=7,3,,0.06,0.132,87 74 103 116 75 76 70 71 53 110 52 243 115 109 112 77 43 108 51 78,87 74 103 116 75 76 70 71 53 110 52 243 115 109 112 77 43 108 51 78,simulation,db10,energy,71,50,50,0
W-NN,W-NN:k=1,20,1.5,0.08,0.158,76 75 78 77 112 115 111 113 74 79 81 82 110 80 114 106 73 109 83 84,76 75 77 112 74 78 113 82 110 111 114 115 80 107 109 81 106 117 79 73,simulation,db10,usage,71,50,50,0
W-QDA,W-QDA:qda,7,1.0,0.04,0.12,76 75 77 112 74 78 113 82 110 111 114 115 80 107 109 81 106 117 79 73,76 75 77 112 74 78 113 82 110 111 114 115 80 107 109 81 106 117 79 73,simulation,db10,usage,71,50,50,0
W-CART,W-CART:cart,19,0.5,0.12,0.138,76 77 75 78 80 111 114 112 113 79 81 110 115 74 82 109 117 73 107 72,76 75 77 112 74 78 113 82 110 111 114 115 80 107 109 81 106 117 79 73,simulation,db10,usage,71,50,50,0
ALL,W-QDA:qda,7,1.0,0.04,0.12,76 75 77 112 74 78 113 82 110 111 114 115 80 107 109 81 106 117 79 73,76 75 77 112 74 78 113 82 110 111 114 115 80 107 109 81 106 117 79 73,simulation,db10,usage,71,50,50,0
W-NN,W-NN:k=1,50,,0.08,0.15,58 119 115 70 74 118 75 109 106 108 82 85 116 71 76 107 105 120 83 104,58 119 115 70 74 118 75 109 106 108 82 85 116 71 76 107 105 120 83 104,simulation,db10,energy,72,50,50,0
W-QDA,W-QDA:qda,7,,0.04,0.062,58 119 115 70 74 118 75 109 106 108 82 85 116 71 76 107 105 120 83 104,58 119 115 70 74 118 75 109 106 108 82 85 116 71 76 107 105 120 83 104,simulation,db10,energy,72,50,50,0
W-CART,W-CART:cart,4,,0.08,0.138,58 119 115 70 74 118 75 109 106 108 82 85 116 71 76 107 105 120 83 104,58 119 115 70 74 118 75 109 106 108 82 85 116 71 76 107 105 120 83 104,simulation,db10,energy,72,50,50,0
ALL,W-QDA:qda,7,,0.04,0.062,58 119 115 70 74 118 75 109 106 108 82 85 116 71 76 107 105 120 83 104,58 119 115 70 74 118 75 109 106 108 82 85 116 71 76 107 105 120 83 104,simulation,db10,energy,72,50,50,0
W-NN,W-NN:k=5,34,2.0,0.08,0.222,107 83 105 106 84 108 109 80 86 110 77 82 85 104 111 103 74 76 81 118,80 83 84 106 105 107 109 111 78 108 74 77 81 82 110 113 75 76 103 104,simulation,db10,usage,72,50,50,0
W-QDA,W-QDA:qda,19,3.0,0.16,0.12,106 107 108 105 109 83 84 74 77 103 75 82 118 76 80 85 104 115 117 72,80 83 84 106 105 107 109 111 78 108 74 77 81 82 110 113 75 76 103 104,simulation,db10,usage,72,50,50,0
W-CART,W-CART:cart,37,1.5,0.16,0.154,107 83 84 105 106 77 109 80 86 104 108 110 111 85 103 76 78 81 82 114,80 83 84 106 105 107 109 111 78 108 74 77 81 82 110 113 75 76 103 104,simulation,db10,usage,72,50,50,0
ALL,W-NN:k=5,34,2.0,0.08,0.222,107 83 105 106 84 108 109 80 86 110 77 82 85 104 111 103 74 76 81 118,80 83 84 106 105 107 109 111 78 108 74 77 81 82 110 113 75 76 103 104,simulation,db10,usage,72,50,50,0
W-NN,W-NN:k=1,2,,0.18,0.234,225 115 116 38 226 117 118 104 82 73 85 78 113 111 72 75 86 107 83 80,225 115 116 38 226 117 118 104 82 73 85 78 113 111 72 75 86 107 83 80,simulation,db10,energy,73,50,50,0
W-QDA,W-QDA:qda,14,,0.02,0.044,225 115 116 38 226 117 118 104 82 73 85 78 113 111 72 75 86 107 83 80,225 115 116 38 226 117 118 104 82 73 85 78 113 111 72 75 86 107 83 80,simulation,db10,energy,73,50,50,0
W-CART,W-CART:cart,8,,0.06,0.114,225 115 116 38 226 117 118 104 82 73 85 78 113 111 72 75 86 107 83 80,225 115 116 38 226 117 118 104 82 73 85 78 113 111 72 75 86 107 83 80,simulation,db10,energy,73,50,50,0
ALL,W-QDA:qda,14,,0.02,0.044,225 115 116 38 226 117 118 104 82 73 85 78 113 111 72 75 86 107 83 80,225 115 116 38 226 117 118 104 82 73 85 78 113 111 72 75 86 107 83 80,simulation,db10,energy,73,50,50,0
W-NN,W-NN:k=1,10,0.5,0.04,0.152,114 76 113 79 75 77 80 83 107 112 115 116 74 78 82 109 110 106 108 111,114 113 115 83 110 112 116 74 77 80 85 75 76 82 78 106 109 111 81 84,simulation,db10,usage,73,50,50,0
W-QDA,W-QDA:qda,5,1.5,0.02,0.096,114 85 110 82 116 75 76 81 83 84 109 113 115 74 77 80 106 79 104 111,114 113 115 83 110 112 116 74 77 80 85 75 76 82 78 106 109 111 81 84,simulation,db10,usage,73,50,50,0
W-CART,W-CART:cart,15,3.0,0.06,0.126,115 85 82 86 109 83 84 104 110 116 81 106 108 117 118 119 74 103 105 112,114 113 115 83 110 112 116 74 77 80 85 75 76 82 78 106 109 111 81 84,simulation,db10,usage,73,50,50,0
ALL,W-QDA:qda,5,1.5,0.02,0.096,114 85 110 82 116 75 76 81 83 84 109 113 115 74 77 80 106 79 104 111,114 113 115 83 110 112 116 74 77 80 85 75 76 82 78 106 109 111 81 84,simulation,db10,usage,73,50,50,0
W-NN,W-NN:k=1,8,,0.06,0.072,107 116 108 81 115 76 88 103 74 84 83 89 104 87 118 106 75 77 72 82,107 116 108 81 115 76 88 103 74 84 83 89 104 87 118 106 75 77 72 82,simulation,db10,energy,74,50,50,0
W-QDA,W-QDA:qda,8,,0.0,0.05,107 116 108 81 115 76 88 103 74 84 83 89 104 87 118 106 75 77 72 82,107 116 108 81 115 76 88 103 74 84 83 89 104 87 118 106 75 77 72 82,simulation,db10,energy,74,50,50,0
W-CART,W-CART:cart,2,,0.12,0.14,107 116 108 81 115 76 88 103 74 84 83 89 104 87 118 106 75 77 72 82,107 116 108 81 115 76 88 103 74 84 83 89 104 87 118 106 75 77 72 82,simulation,db10,energy,74,50,50,0
ALL,W-QDA:qda,8,,0.0,0.05,107 116 108 81 115 76 88 103 74 84 83 89 104 87 118 106 75 77 72 82,107 116 108 81 115 76 88 103 74 84 83 89 104 87 118 106 75 77 72 82,simulation,db10,energy,74,50,50,0
W-NN,W-NN:k=3,15,0.5,0.04,0.122,82 112 83 109 80 107 76 77 79 81 106 78 84 110 111 113 74 116 75 105,82 112 81 106 79 83 108 109 111 76 77 80 84 105 107 110 113 104 115 117,simulation,db10,usage,74,50,50,0
W-QDA,W-QDA:qda,20,3.0,0.02,0.068,82 106 85 86 107 111 112 116 81 104 105 79 83 109 113 115 118 74 76 87,82 112 81 106 79 83 108 109 111 76 77 80 84 105 107 110 113 104 115 117,simulation,db10,usage,74,50,50,0
W-CART,W-CART:cart,4,2.0,0.06,0.134,82 81 83 86 106 111 112 104 80 85 105 107 110 79 87 109 115 117 76 77,82 112 81 106 79 83 108 109 111 76 77 80 84 105 107 110 113 104 115 117,simulation,db10,usage,74,50,50,0
ALL,W-QDA:qda,20,3.0,0.02,0.068,82 106 85 86 107 111 112 116 81 104 105 79 83 109 113 115 118 74 76 87,82 112 81 106 79 83 108 109 111 76 77 80 84 105 107 110 113 104 115 117,simulation,db10,usage,74,50,50,0
W-NN,W-NN:k=1,15,,0.14,0.168,107 75 108 82 109 83 115 110 73 81 80 79 111 117 84 74 114 118 113 165,107 75 108 82 109 83 115 110 73 81 80 79 111 117 84 74 114 118 113 165,simulation,db10,energy,75,50,50,0
W-QDA,W-QDA:qda,20,,0.04,0.06,107 75 108 82 109 83 115 110 73 81 80 79 111 117 84 74 114 118 113 165,107 75 108 82 109 83 115 110 73 81 80 79 111 117 84 74 114 118 113 165,simulation,db10,energy,75,50,50,0
W-CART,W-CART:cart,33,,0.08,0.13,107 75 108 82 109 83 115 110 73 81 80 79 111 117 84 74 114 118 113 165,107 75 108 82 109 83 115 110 73 81 80 79 111 117 84 74 114 118 113 165,simulation,db10,energy,75,50,50,0
ALL,W-QDA:qda,20,,0.04,0.06,107 75 108 82 109 83 115 110 73 81 80 79 111 117 84 74 114 118 113 165,107 75 108 82 109 83 115 110 73 81 80 79 111 117 84 74 114 118 113 165,simulation,db10,energy,75,50,50,0
W-NN,W-NN:k=1,6,3.0,0.12,0.172,76 79 107 109 113 74 81 111 77 78 108 110 75 114 115 73 80 83 112 82,81 109 82 79 80 108 110 75 77 113 76 111 114 84 107 74 78 83 85 106,simulation,db10,usage,75,50,50,0
W-QDA,W-QDA:qda,14,0.5,0.02,0.078,110 80 81 82 113 76 79 106 108 111 84 109 75 77 83 107 114 78 74 112,81 109 82 79 80 108 110 75 77 113 76 111 114 84 107 74 78 83 85 106,simulation,db10,usage,75,50,50,0
W-CART,W-CART:cart,47,1.5,0.06,0.126,109 79 75 76 81 82 108 110 113 114 77 80 74 78 83 107 111 106 115 73,81 109 82 79 80 108 110 75 77 113 76 111 114 84 107 74 78 83 85 106,simulation,db10,usage,75,50,50,0
ALL,W-QDA:qda,14,0.5,0.02,0.078,110 80 81 82 113 76 79 106 108 111 84 109 75 77 83 107 114 78 74 112,81 109 82 79 80 108 110 75 77 113 76 111 114 84 107 74 78 83 85 106,simulation,db10,usage,75,50,50,0
W-NN,W-NN:k=1,2,,0.04,0.152,78 84 83 106 105 112 111 113 79 77 120 168 119 82 107 85 80 103 213 81,78 84 83 106 105 112 111 113 79 77 120 168 119 82 107 85 80 103 213 81,simulation,db10,energy,76,50,50,0
W-QDA,W-QDA:qda,11,,0.0,0.064,78 84 83 106 105 112 111 113 79 77 120 168 119 82 107 85 80 103 213 81,78 84 83 106 105 112 111 113 79 77 120 168 119 82 107 85 80 103 213 81,simulation,db10,energy,76,50,50,0
W-CART,W-CART:cart,2,,0.02,0.136,78 84 83 106 105 112 111 113 79 77 120 168 119 82 107 85 80 103 213 81,78 84 83 106 105 112 111 113 79 77 120 168 119 82 107 85 80 103 213 81,simulation,db10,energy,76,50,50,0
ALL,W-QDA:qda,11,,0.0,0.064,78 84 83 106 105 112 111 113 79 77 120 168 119 82 107 85 80 103 213 81,78 84 83 106 105 112 111 113 79 77 120 168 119 82 107 85 80 103 213 81,simulation,db10,energy,76,50,50,0
W-NN,W-NN:k=7,48,3.0,0.1,0.198,81 77 79 80 78 82 83 110 111 84 109 114 75 76 86 105 113 106 107 108,81 79 110 77 80 82 112 109 76 78 107 108 111 113 114 83 73 74 106 75,simulation,db10,usage,76,50,50,0
W-QDA,W-QDA:qda,13,3.0,0.02,0.104,81 77 79 80 78 82 83 110 111 84 109 114 75 76 86 105 113 106 107 108,81 79 110 77 80 82 112 109 76 78 107 108 111 113 114 83 73 74 106 75,simulation,db10,usage,76,50,50,0
W-CART,W-CART:cart,16,3.0,0.06,0.146,81 77 79 80 78 82 83 110 111 84 109 114 75 76 86 105 113 106 107 108,81 79 110 77 80 82 112 109 76 78 107 108 111 113 114 83 73 74 106 75,simulation,db10,usage,76,50,50,0
ALL,W-QDA:qda,13,3.0,0.02,0.104,81 77 79 80 78 82 83 110 111 84 109 114 75 76 86 105 113 106 107 108,81 79 110 77 80 82 112 109 76 78 107 108 111 113 114 83 73 74 106 75,simulation,db10,usage,76,50,50,0
W-NN,W-NN:k=5,17,,0.1,0.224,161 220 109 110 81 111 84 108 119 82 83 79 117 80 78 39 107 85 55 106,161 220 109 110 81 111 84 108 119 82 83 79 117 80 78 39 107 85 55 106,simulation,db10,energy,77,50,50,0
W-QDA,W-QDA:qda,21,,0.12,0.168,161 220 109 110 81 111 84 108 119 82 83 79 117 80 78 39 107 85 55 106,161 220 109 110 81 111 84 108 119 82 83 79 117 80 78 39 107 85 55 106,simulation,db10,energy,77,50,50,0
W-CART,W-CART:cart,22,,0.04,0.12,161 220 109 110 81 111 84 108 119 82 83 79 117 80 78 39 107 85 55 106,161 220 109 110 81 111 84 108 119 82 83 79 117 80 78 39 107 85 55 106,simulation,db10,energy,77,50,50,0
ALL,W-CART:cart,22,,0.04,0.12,161 220 109 110 81 111 84 108 119 82 83 79 117 80 78 39 107 85 55 106,161 220 109 110 81 111 84 108 119 82 83 79 117 80 78 39 107 85 55 106,simulation,db10,energy,77,50,50,0
W-NN,W-NN:k=7,52,0.5,0.04,0.186,79 109 113 80 81 112 77 78 108 111 83 110 76 82 107 114 75 116 106 74,108 113 76 81 110 77 79 80 107 109 78 82 75 83 106 111 115 105 112 74,simulation,db10,usage,77,50,50,0
W-QDA,W-QDA:qda,12,2.0,0.1,0.128,108 77 81 83 107 76 82 109 75 78 79 106 80 113 105 110 73 84 85 111,108 113 76 81 110 77 79 80 107 109 78 82 75 83 106 111 115 105 112 74,simulation,db10,usage,77,50,50,0
W-CART,W-CART:cart,64,0.5,0.02,0.15,79 109 113 80 81 112 77 78 108 111 83 110 76 82 107 114 75 116 106 74,108 113 76 81 110 77 79 80 107 109 78 82 75 83 106 111 115 105 112 74,simulation,db10,usage,77,50,50,0
ALL,W-CART:cart,64,0.5,0.02,0.15,79 109 113 80 81 112 77 78 108 111 83 110 76 82 107 114 75 116 106 74,108 113 76 81 110 77 79 80 107 109 78 82 75 83 106 111 115 105 112 74,simulation,db10,usage,77,50,50,0
W-NN,W-NN:k=9,1,,0.08,0.2,106 108 81 110 112 54 80 79 82 111 84 170 109 113 40 105 107 55 116 115,106 108 81 110 112 54 80 79 82 111 84 170 109 113 40 105 107 55 116 115,simulation,db10,energy,78,50,50,0
W-QDA,W-QDA:qda,5,,0.08,0.176,106 108 81 110 112 54 80 79 82 111 84 170 109 113 40 105 107 55 116 115,106 108 81 110 112 54 80 79 82 111 84 170 109 113 40 105 107 55 116 115,simulation,db10,energy,78,50,50,0
W-CART,W-CART:cart,6,,0.1,0.16,106 108 81 110 112 54 80 79 82 111 84 170 109 113 40 105 107 55 116 115,106 108 81 110 112 54 80 79 82 111 84 170 109 113 40 105 107 55 116 115,simulation,db10,energy,78,50,50,0
ALL,W-NN:k=9,1,,0.08,0.2,106 108 81 110 112 54 80 79 82 111 84 170 109 113 40 105 107 55 116 115,106 108 81 110 112 54 80 79 82 111 84 170 109 113 40 105 107 55 116 115,simulation,db10,energy,78,50,50,0
W-NN,W-NN:k=1,9,2.0,0.1,0.188,110 112 82 111 80 83 113 108 81 84 109 115 79 106 116 78 105 114 107 76,112 111 80 82 109 110 78 79 81 83 108 114 84 107 113 115 106 85 116 76,simulation,db10,usage,78,50,50,0
W-QDA,W-QDA:qda,12,1.0,0.04,0.142,112 111 80 82 109 110 78 79 81 83 108 114 84 107 113 115 106 85 116 76,112 111 80 82 109 110 78 79 81 83 108 114 84 107 113 115 106 85 116 76,simulation,db10,usage,78,50,50,0
W-CART,W-CART:cart,16,0.5,0.12,0.232,78 79 109 110 111 112 108 80 82 113 83 81 84 114 107 85 106 76 86 115,112 111 80 82 109 110 78 79 81 83 108 114 84 107 113 115 106 85 116 76,simulation,db10,usage,78,50,50,0
ALL,W-QDA:qda,12,1.0,0.04,0.142,112 111 80 82 109 110 78 79 81 83 108 114 84 107 113 115 106 85 116 76,112 111 80 82 109 110 78 79 81 83 108 114 84 107 113 115 106 85 116 76,simulation,db10,usage,78,50,50,0
W-NN,W-NN:k=7,1,,0.12,0.182,119 71 109 110 115 70 74 117 81 120 40 111 57 75 73 79 108 112 80 76,119 71 109 110 115 70 74 117 81 120 40 111 57 75 73 79 108 112 80 76,simulation,db10,energy,79,50,50,0
W-QDA,W-QDA:qda,4,,0.06,0.116,119 71 109 110 115 70 74 117 81 120 40 111 57 75 73 79 108 112 80 76,119 71 109 110 115 70 74 117 81 120 40 111 57 75 73 79 108 112 80 76,simulation,db10,energy,79,50,50,0
W-CART,W-CART:cart,4,,0.18,0.18,119 71 109 110 115 70 74 117 81 120 40 111 57 75 73 79 108 112 80 76,119 71 109 110 115 70 74 117 81 120 40 111 57 75 73 79 108 112 80 76,simulation,db10,energy,79,50,50,0
ALL,W-QDA:qda,4,,0.06,0.116,119 71 109 110 115 70 74 117 81 120 40 111 57 75 73 79 108 112 80 76,119 71 109 110 115 70 74 117 81 120 40 111 57 75 73 79 108 112 80 76,simulation,db10,energy,79,50,50,0
W-NN,W-NN:k=1,12,1.5,0.12,0.134,112 111 110 113 115 79 80 73 81 109 116 77 114 117 74 76 119 72 78 83,79 110 111 112 113 114 118 77 115 80 109 116 76 81 117 73 74 78 107 72,simulation,db10,usage,79,50,50,0
W-QDA,W-QDA:qda,21,0.5,0.02,0.064,79 112 113 110 111 77 114 76 78 80 109 74 75 108 115 116 81 117 118 73,79 110 111 112 113 114 118 77 115 80 109 116 76 81 117 73 74 78 107 72,simulation,db10,usage,79,50,50,0
W-CART,W-CART:cart,28,1.0,0.06,0.114,79 110 111 112 113 114 118 77 115 80 109 116 76 81 117 73 74 78 107 72,79 110 111 112 113 114 118 77 115 80 109 116 76 81 117 73 74 78 107 72,simulation,db10,usage,79,50,50,0
ALL,W-QDA:qda,21,0.5,0.02,0.064,79 112 113 110 111 77 114 76 78 80 109 74 75 108 115 116 81 117 118 73,79 110 111 112 113 114 118 77 115 80 109 116 76 81 117 73 74 78 107 72,simulation,db10,usage,79,50,50,0
W-NN,W-NN:k=1,8,,0.12,0.184,114 71 75 113 117 80 111 72 105 119 115 153 81 154 77 35 112 110 76 84,114 71 75 113 117 80 111 72 105 119 115 153 81 154 77 35 112 110 76 84,simulation,db10,energy,80,50,50,0
W-QDA,W-QDA:qda,2,,0.06,0.086,114 71 75 113 117 80 111 72 105 119 115 153 81 154 77 35 112 110 76 84,114 71 75 113 117 80 111 72 105 119 115 153 81 154 77 35 112 110 76 84,simulation,db10,energy,80,50,50,0
W-CART,W-CART:cart,24,,0.06,0.122,114 71 75 113 117 80 111 72 105 119 115 153 81 154 77 35 112 110 76 84,114 71 75 113 117 80 111 72 105 119 115 153 81 154 77 35 112 110 76 84,simulation,db10,energy,80,50,50,0
ALL,W-QDA:qda,2,,0.06,0.086,114 71 75 113 117 80 111 72 105 119 115 153 81 154 77 35 112 110 76 84,114 71 75 113 117 80 111 72 105 119 115 153 81 154 77 35 112 110 76 84,simulation,db10,energy,80,50,50,0
W-NN,W-NN:k=1,11,0.5,0.04,0.156,113 78 112 82 111 77 114 76 79 81 110 74 75 115 83 108 109 80 107 116,78 113 76 111 112 114 77 79 75 110 116 74 82 109 115 117 73 80 81 83,simulation,db10,usage,80,50,50,0
W-QDA,W-QDA:qda,19,0.5,0.08,0.102,113 78 112 82 111 77 114 76 79 81 110 74 75 115 83 108 109 80 107 116,78 113 76 111 112 114 77 79 75 110 116 74 82 109 115 117 73 80 81 83,simulation,db10,usage,80,50,50,0
W-CART,W-CART:cart,25,3.0,0.04,0.142,77 112 114 115 78 79 117 75 76 110 116 73 107 111 113 74 82 108 109 71,78 113 76 111 112 114 77 79 75 110 116 74 82 109 115 117 73 80 81 83,simulation,db10,usage,80,50,50,0
ALL,W-NN:k=1,11,0.5,0.04,0.156,113 78 112 82 111 77 114 76 79 81 110 74 75 115 83 108 109 80 107 116,78 113 76 111 112 114 77 79 75 110 116 74 82 109 115 117 73 80 81 83,simulation,db10,usage,80,50,50,0
W-NN,W-NN:k=1,44,,0.04,0.122,57 74 112 76 104 78 110 113 82 111 116 115 80 75 79 55 114 83 51 105,57 74 112 76 104 78 110 113 82 111 116 115 80 75 79 55 114 83 51 105,simulation,db10,energy,81,50,50,0
W-QDA,W-QDA:qda,5,,0.0,0.064,57 74 112 76 104 78 110 113 82 111 116 115 80 75 79 55 114 83 51 105,57 74 112 76 104 78 110 113 82 111 116 115 80 75 79 55 114 83 51 105,simulation,db10,energy,81,50,50,0
W-CART,W-CART:cart,27,,0.04,0.178,57 74 112 76 104 78 110 113 82 111 116 115 80 75 79 55 114 83 51 105,57 74 112 76 104 78 110 113 82 111 116 115 80 75 79 55 114 83 51 105,simulation,db10,energy,81,50,50,0
ALL,W-QDA:qda,5,,0.0,0.064,57 74 112 76 104 78 110 113 82 111 116 115 80 75 79 55 114 83 51 105,57 74 112 76 104 78 110 113 82 111 116 115 80 75 79 55 114 83 51 105,simulation,db10,energy,81,50,50,0
W-NN,W-NN:k=1,32,1.5,0.02,0.144,109 77 110 111 113 114 115 76 108 112 78 75 79 80 82 74 81 107 116 84,114 113 110 111 112 109 115 77 78 75 76 116 79 80 81 82 108 74 107 84,simulation,db10,usage,81,50,50,0
W-QDA,W-QDA:qda,17,3.0,0.02,0.06,78 110 114 81 82 111 112 77 109 76 108 113 115 79 84 104 117 85 103 105,114 113 110 111 112 109 115 77 78 75 76 116 79 80 81 82 108 74 107 84,simulation,db10,usage,81,50,50,0
W-CART,W-CART:cart,18,1.0,0.04,0.14,114 113 110 111 112 109 115 77 78 75 76 116 79 80 81 82 108 74 107 84,114 113 110 111 112 109 115 77 78 75 76 116 79 80 81 82 108 74 107 84,simulation,db10,usage,81,50,50,0
ALL,W-QDA:qda,17,3.0,0.02,0.06,78 110 114 81 82 111 112 77 109 76 108 113 115 79 84 104 117 85 103 105,114 113 110 111 112 109 115 77 78 75 76 116 79 80 81 82 108 74 107 84,simulation,db10,usage,81,50,50,0
W-NN,W-NN:k=7,1,,0.04,0.148,117 116 147 118 73 234 110 79 58 470 109 469 235 28 74 85 29 236 84 82,117 116 147 118 73 234 110 79 58 470 109 469 235 28 74 85 29 236 84 82,simulation,db10,energy,82,50,50,0
W-QDA,W-QDA:qda,3,,0.02,0.098,117 116 147 118 73 234 110 79 58 470 109 469 235 28 74 85 29 236 84 82,117 116 147 118 73 234 110 79 58 470 109 469 235 28 74 85 29 236 84 82,simulation,db10,energy,82,50,50,0
W-CART,W-CART:cart,20,,0.04,0.122,117 116 147 118 73 234 110 79 58 470 109 469 235 28 74 85 29 236 84 82,117 116 147 118 73 234 110 79 58 470 109 469 235 28 74 85 29 236 84 82,simulation,db10,energy,82,50,50,0
ALL,W-QDA:qda,3,,0.02,0.098,117 116 147 118 73 234 110 79 58 470 109 469 235 28 74 85 29 236 84 82,117 116 147 118 73 234 110 79 58 470 109 469 235 28 74 85 29 236 84 82,simulation,db10,energy,82,50,50,0
W-NN,W-NN:k=3,27,1.5,0.1,0.16,109 110 80 108 81 84 111 77 112 78 79 85 115 116 114 82 76 83 106 107,109 81 110 80 108 78 83 111 77 82 84 112 113 115 116 79 85 114 75 76,simulation,db10,usage,82,50,50,0
W-QDA,W-QDA:qda,18,2.0,0.0,0.1,109 108 110 80 84 115 77 82 112 78 79 75 106 111 113 116 81 85 107 114,109 81 110 80 108 78 83 111 77 82 84 112 113 115 116 79 85 114 75 76,simulation,db10,usage,82,50,50,0
W-CART,W-CART:cart,14,0.5,0.06,0.196,109 78 110 79 83 108 81 76 77 80 113 107 112 111 115 84 117 75 82 85,109 81 110 80 108 78 83 111 77 82 84 112 113 115 116 79 85 114 75 76,simulation,db10,usage,82,50,50,0
ALL,W-QDA:qda,18,2.0,0.0,0.1,109 108 110 80 84 115 77 82 112 78 79 75 106 111 113 116 81 85 107 114,109 81 110 80 108 78 83 111 77 82 84 112 113 115 116 79 85 114 75 76,simulation,db10,usage,82,50,50,0
W-NN,W-NN:k=15,1,,0.12,0.136,117 73 116 76 75 74 71 72 36 105 115 113 114 107 111 118 70 86 77 87,117 73 116 76 75 74 71 72 36 105 115 113 114 107 111 118 70 86 77 87,simulation,db10,energy,83,50,50,0
W-QDA,W-QDA:qda,1,,0.16,0.11,117 73 116 76 75 74 71 72 36 105 115 113 114 107 111 118 70 86 77 87,117 73 116 76 75 74 71 72 36 105 115 113 114 107 111 118 70 86 77 87,simulation,db10,energy,83,50,50,0
W-CART,W-CART:cart,10,,0.12,0.13,117 73 116 76 75 74 71 72 36 105 115 113 114 107 111 118 70 86 77 87,117 73 116 76 75 74 71 72 36 105 115 113 114 107 111 118 70 86 77 87,simulation,db10,energy,83,50,50,0
ALL,W-NN:k=15,1,,0.12,0.136,117 73 116 76 75 74 71 72 36 105 115 113 114 107 111 118 70 86 77 87,117 73 116 76 75 74 71 72 36 105 115 113 114 107 111 118 70 86 77 87,simulation,db10,energy,83,50,50,0
W-NN,W-NN:k=1,52,3.0,0.1,0.154,75 76 73 113 115 116 71 72 114 117 118 77 74 110 119 79 85 107 78 105,114 115 113 75 77 80 116 117 73 76 78 112 81 118 119 79 108 72 82 111,simulation,db10,usage,83,50,50,0
W-QDA,W-QDA:qda,2,1.5,0.14,0.094,117 115 73 76 75 77 113 116 114 74 118 80 81 110 112 119 79 82 83 71,114 115 113 75 77 80 116 117 73 76 78 112 81 118 119 79 108 72 82 111,simulation,db10,usage,83,50,50,0
W-CART,W-CART:cart,28,1.0,0.08,0.134,114 115 113 75 77 80 116 117 73 76 78 112 81 118 119 79 108 72 82 111,114 115 113 75 77 80 116 117 73 76 78 112 81 118 119 79 108 72 82 111,simulation,db10,usage,83,50,50,0
ALL,W-CART:cart,28,1.0,0.08,0.134,114 115 113 75 77 80 116 117 73 76 78 112 81 118 119 79 108 72 82 111,114 115 113 75 77 80 116 117 73 76 78 112 81 118 119 79 108 72 82 111,simulation,db10,usage,83,50,50,0
W-NN,W-NN:k=1,17,,0.06,0.118,115 114 38 116 113 112 106 104 108 76 37 84 105 109 77 36 121 83 50 69,115 114 38 116 113 112 106 104 108 76 37 84 105 109 77 36 121 83 50 69,simulation,db10,energy,84,50,50,0
W-QDA,W-QDA:qda,19,,0.02,0.06,115 114 38 116 113 112 106 104 108 76 37 84 105 109 77 36 121 83 50 69,115 114 38 116 113 112 106 104 108 76 37 84 105 109 77 36 121 83 50 69,simulation,db10,energy,84,50,50,0
W-CART,W-CART:cart,11,,0.04,0.104,115 114 38 116 113 112 106 104 108 76 37 84 105 109 77 36 121 83 50 69,115 114 38 116 113 112 106 104 108 76 37 84 105 109 77 36 121 83 50 69,simulation,db10,energy,84,50,50,0
ALL,W-QDA:qda,19,,0.02,0.06,115 114 38 116 113 112 106 104 108 76 37 84 105 109 77 36 121 83 50 69,115 114 38 116 113 112 106 104 108 76 37 84 105 109 77 36 121 83 50 69,simulation,db10,energy,84,50,50,0
W-NN,W-NN:k=1,3,1.0,0.06,0.14,82 108 77 111 83 105 107 109 112 86 110 113 114 80 81 84 106 115 76 78,82 108 77 111 83 105 107 109 112 86 110 113 114 80 81 84 106 115 76 78,simulation,db10,usage,84,50,50,0
W-QDA,W-QDA:qda,12,2.0,0.02,0.062,109 82 83 105 115 76 106 108 84 107 110 113 114 80 81 86 104 111 116 77,82 108 77 111 83 105 107 109 112 86 110 113 114 80 81 84 106 115 76 78,simulation,db10,usage,84,50,50,0
W-CART,W-CART:cart,4,1.0,0.08,0.234,82 108 77 111 83 105 107 109 112 86 110 113 114 80 81 84 106 115 76 78,82 108 77 111 83 105 107 109 112 86 110 113 114 80 81 84 106 115 76 78,simulation,db10,usage,84,50,50,0
ALL,W-QDA:qda,12,2.0,0.02,0.062,109 82 83 105 115 76 106 108 84 107 110 113 114 80 81 86 104 111 116 77,82 108 77 111 83 105 107 109 112 86 110 113 114 80 81 84 106 115 76 78,simulation,db10,usage,84,50,50,0
W-NN,W-NN:k=5,29,,0.04,0.156,81 80 110 82 114 109 108 76 107 86 77 75 74 78 112 87 85 105 106 116,81 80 110 82 114 109 108 76 107 86 77 75 74 78 112 87 85 105 106 116,simulation,db10,energy,85,50,50,0
W-QDA,W-QDA:qda,11,,0.04,0.1,81 80 110 82 114 109 108 76 107 86 77 75 74 78 112 87 85 105 106 116,81 80 110 82 114 109 108 76 107 86 77 75 74 78 112 87 85 105 106 116,simulation,db10,energy,85,50,50,0
W-CART,W-CART:cart,25,,0.04,0.116,81 80 110 82 114 109 108 76 107 86 77 75 74 78 112 87 85 105 106 116,81 80 110 82 114 109 108 76 107 86 77 75 74 78 112 87 85 105 106 116,simulation,db10,energy,85,50,50,0
ALL,W-QDA:qda,11,,0.04,0.1,81 80 110 82 114 109 108 76 107 86 77 75 74 78 112 87 85 105 106 116,81 80 110 82 114 109 108 76 107 86 77 75 74 78 112 87 85 105 106 116,simulation,db10,energy,85,50,50,0
W-NN,W-NN:k=5,40,1.5,0.04,0.178,82 80 81 79 78 83 108 110 112 76 109 111 105 107 85 113 114 115 74 75,80 81 82 79 111 110 76 78 112 83 109 114 77 85 107 108 115 75 105 113,simulation,db10,usage,85,50,50,0
W-QDA,W-QDA:qda,14,2.0,0.02,0.07,79 81 82 110 80 108 83 114 76 78 107 112 115 74 109 111 84 106 113 85,80 81 82 79 111 110 76 78 112 83 109 114 77 85 107 108 115 75 105 113,simulation,db10,usage,85,50,50,0
W-CART,W-CART:cart,43,3.0,0.02,0.166,108 79 81 107 109 77 80 82 83 110 106 112 116 74 76 78 84 85 105 114,80 81 82 79 111 110 76 78 112 83 109 114 77 85 107 108 115 75 105 113,simulation,db10,usage,85,50,50,0
ALL,W-QDA:qda,14,2.0,0.02,0.07,79 81 82 110 80 108 83 114 76 78 107 112 115 74 109 111 84 106 113 85,80 81 82 79 111 110 76 78 112 83 109 114 77 85 107 108 115 75 105 113,simulation,db10,usage,85,50,50,0
W-NN,W-NN:k=3,12,,0.14,0.17,109 81 83 80 70 82 71 53 108 79 107 113 72 78 54 114 117 59 77 85,109 81 83 80 70 82 71 53 108 79 107 113 72 78 54 114 117 59 77 85,simulation,db10,energy,86,50,50,0
W-QDA,W-QDA:qda,17,,0.06,0.086,109 81 83 80 70 82 71 53 108 79 107 113 72 78 54 114 117 59 77 85,109 81 83 80 70 82 71 53 108 79 107 113 72 78 54 114 117 59 77 85,simulation,db10,energy,86,50,50,0
W-CART,W-CART:cart,18,,0.06,0.176,109 81 83 80 70 82 71 53 108 79 107 113 72 78 54 114 117 59 77 85,109 81 83 80 70 82 71 53 108 79 107 113 72 78 54 114 117 59 77 85,simulation,db10,energy,86,50,50,0
ALL,W-QDA:qda,17,,0.06,0.086,109 81 83 80 70 82 71 53 108 79 107 113 72 78 54 114 117 59 77 85,109 81 83 80 70 82 71 53 108 79 107 113 72 78 54 114 117 59 77 85,simulation,db10,energy,86,50,50,0
W-NN,W-NN:k=1,12,2.0,0.1,0.19,82 78 81 108 111 80 109 77 79 83 84 105 107 85 106 110 112 113 74 86,110 82 109 80 108 81 83 77 111 78 79 75 84 107 106 112 74 85 105 114,simulation,db10,usage,86,50,50,0
W-QDA,W-QDA:qda,4,2.0,0.12,0.204,82 78 81 108 111 80 109 77 79 83 84 105 107 85 106 110 112 113 74 86,110 82 109 80 108 81 83 77 111 78 79 75 84 107 106 112 74 85 105 114,simulation,db10,usage,86,50,50,0
W-CART,W-CART:cart,12,2.0,0.06,0.118,82 78 81 108 111 80 109 77 79 83 84 105 107 85 106 110 112 113 74 86,110 82 109 80 108 81 83 77 111 78 79 75 84 107 106 112 74 85 105 114,simulation,db10,usage,86,50,50,0
ALL,W-CART:cart,12,2.0,0.06,0.118,82 78 81 108 111 80 109 77 79 83 84 105 107 85 106 110 112 113 74 86,110 82 109 80 108 81 83 77 111 78 79 75 84 107 106 112 74 85 105 114,simulation,db10,usage,86,50,50,0
W-NN,W-NN:k=3,1,,0.1,0.172,86 104 114 76 113 108 112 75 109 57 110 115 77 72 118 51 105 43 78 42,86 104 114 76 113 108 112 75 109 57 110 115 77 72 118 51 105 43 78 42,simulation,db10,energy,87,50,50,0
W-QDA,W-QDA:qda,10,,0.02,0.064,86 104 114 76 113 108 112 75 109 57 110 115 77 72 118 51 105 43 78 42,86 104 114 76 113 108 112 75 109 57 110 115 77 72 118 51 105 43 78 42,simulation,db10,energy,87,50,50,0
W-CART,W-CART:cart,14,,0.1,0.13,86 104 114 76 113 108 112 75 109 57 110 115 77 72 118 51 105 43 78 42,86 104 114 76 113 108 112 75 109 57 110 115 77 72 118 51 105 43 78 42,simulation,db10,energy,87,50,50,0
ALL,W-QDA:qda,10,,0.02,0.064,86 104 114 76 113 108 112 75 109 57 110 115 77 72 118 51 105 43 78 42,86 104 114 76 113 108 112 75 109 57 110 115 77 72 118 51 105 43 78 42,simulation,db10,energy,87,50,50,0
W-NN,W-NN:k=3,4,3.0,0.08,0.172,112 110 114 74 108 109 111 113 72 77 115 78 79 81 80 73 83 106 107 71,114 112 75 77 78 111 79 80 115 110 113 74 108 76 106 107 116 72 83 73,simulation,db10,usage,87,50,50,0
W-QDA,W-QDA:qda,9,3.0,0.08,0.076,112 110 114 74 108 109 111 113 72 77 115 78 79 81 80 73 83 106 107 71,114 112 75 77 78 111 79 80 115 110 113 74 108 76 106 107 116 72 83 73,simulation,db10,usage,87,50,50,0
W-CART,W-CART:cart,36,2.0,0.06,0.124,112 114 110 111 74 113 77 79 108 75 78 80 109 116 72 115 73 81 106 76,114 112 75 77 78 111 79 80 115 110 113 74 108 76 106 107 116 72 83 73,simulation,db10,usage,87,50,50,0
ALL,W-CART:cart,36,2.0,0.06,0.124,112 114 110 111 74 113 77 79 108 75 78 80 109 116 72 115 73 81 106 76,114 112 75 77 78 111 79 80 115 110 113 74 108 76 106 107 116 72 83 73,simulation,db10,usage,87,50,50,0
W-NN,W-NN:k=3,4,,0.02,0.06,84 115 74 107 105 83 72 106 114 73 85 71 82 108 119 103 54 120 37 113,84 115 74 107 105 83 72 106 114 73 85 71 82 108 119 103 54 120 37 113,simulation,db10,energy,88,50,50,0
W-QDA,W-QDA:qda,8,,0.02,0.04,84 115 74 107 105 83 72 106 114 73 85 71 82 108 119 103 54 120 37 113,84 115 74 107 105 83 72 106 114 73 85 71 82 108 119 103 54 120 37 113,simulation,db10,energy,88,50,50,0
W-CART,W-CART:cart,11,,0.06,0.108,84 115 74 107 105 83 72 106 114 73 85 71 82 108 119 103 54 120 37 113,84 115 74 107 105 83 72 106 114 73 85 71 82 108 119 103 54 120 37 113,simulation,db10,energy,88,50,50,0
ALL,W-NN:k=3,4,,0.02,0.06,84 115 74 107 105 83 72 106 114 73 85 71 82 108 119 103 54 120 37 113,84 115 74 107 105 83 72 106 114 73 85 71 82 108 119 103 54 120 37 113,simulation,db10,energy,88,50,50,0
W-NN,W-NN:k=1,5,3.0,0.04,0.118,82 84 114 106 108 77 78 81 105 113 83 115 71 74 76 79 109 111 73 75,84 81 83 108 113 74 76 77 109 110 111 114 85 112 115 79 80 82 73 78,simulation,db10,usage,88,50,50,0
W-QDA,W-QDA:qda,8,3.0,0.0,0.086,82 84 114 106 108 77 78 81 105 113 83 115 71 74 76 79 109 111 73 75,84 81 83 108 113 74 76 77 109 110 111 114 85 112 115 79 80 82 73 78,simulation,db10,usage,88,50,50,0
W-CART,W-CART:cart,42,3.0,0.02,0.158,82 84 114 106 108 77 78 81 105 113 83 115 71 74 76 79 109 111 73 75,84 81 83 108 113 74 76 77 109 110 111 114 85 112 115 79 80 82 73 78,simulation,db10,usage,88,50,50,0
ALL,W-QDA:qda,8,3.0,0.0,0.086,82 84 114 106 108 77 78 81 105 113 83 115 71 74 76 79 109 111 73 75,84 81 83 108 113 74 76 77 109 110 111 114 85 112 115 79 80 82 73 78,simulation,db10,usage,88,50,50,0
W-NN,W-NN:k=1,7,,0.04,0.176,77 116 74 118 72 117 112 119 115 227 73 114 71 75 111 56 76 87 81 148,77 116 74 118 72 117 112 119 115 227 73 114 71 75 111 56 76 87 81 148,simulation,db10,energy,89,50,50,0
W-QDA,W-QDA:qda,4,,0.06,0.074,77 116 74 118 72 117 112 119 115 227 73 114 71 75 111 56 76 87 81 148,77 116 74 118 72 117 112 119 115 227 73 114 71 75 111 56 76 87 81 148,simulation,db10,energy,89,50,50,0
W-CART,W-CART:cart,8,,0.08,0.184,77 116 74 118 72 117 112 119 115 227 73 114 71 75 111 56 76 87 81 148,77 116 74 118 72 117 112 119 115 227 73 114 71 75 111 56 76 87 81 148,simulation,db10,energy,89,50,50,0
ALL,W-NN:k=1,7,,0.04,0.176,77 116 74 118 72 117 112 119 115 227 73 114 71 75 111 56 76 87 81 148,77 116 74 118 72 117 112 119 115 227 73 114 71 75 111 56 76 87 81 148,simulation,db10,energy,89,50,50,0
W-NN,W-NN:k=1,4,1.5,0.06,0.11,116 117 115 73 114 118 75 113 72 150 71 79 149 74 76 77 106 108 109 112,75 116 113 73 115 117 118 71 76 114 72 112 74 111 150 77 78 79 80 109,simulation,db10,usage,89,50,50,0
W-QDA,W-QDA:qda,2,1.0,0.08,0.102,75 116 113 73 115 117 118 71 76 114 72 112 74 111 150 77 78 79 80 109,75 116 113 73 115 117 118 71 76 114 72 112 74 111 150 77 78 79 80 109,simulation,db10,usage,89,50,50,0
W-CART,W-CART:cart,2,1.0,0.08,0.126,75 116 113 73 115 117 118 71 76 114 72 112 74 111 150 77 78 79 80 109,75 116 113 73 115 117 118 71 76 114 72 112 74 111 150 77 78 79 80 109,simulation,db10,usage,89,50,50,0
ALL,W-NN:k=1,4,1.5,0.06,0.11,116 117 115 73 114 118 75 113 72 150 71 79 149 74 76 77 106 108 109 112,75 116 113 73 115 117 118 71 76 114 72 112 74 111 150 77 78 79 80 109,simulation,db10,usage,89,50,50,0
W-NN,W-NN:k=3,3,,0.06,0.146,116 82 108 117 73 112 103 119 113 84 77 36 39 115 76 75 85 81 83 52,116 82 108 117 73 112 103 119 113 84 77 36 39 115 76 75 85 81 83 52,simulation,db10,energy,90,50,50,0
W-QDA,W-QDA:qda,10,,0.02,0.066,116 82 108 117 73 112 103 119 113 84 77 36 39 115 76 75 85 81 83 52,116 82 108 117 73 112 103 119 113 84 77 36 39 115 76 75 85 81 83 52,simulation,db10,energy,90,50,50,0
W-CART,W-CART:cart,4,,0.06,0.184,116 82 108 117 73 112 103 119 113 84 77 36 39 115 76 75 85 81 83 52,116 82 108 117 73 112 103 119 113 84 77 36 39 115 76 75 85 81 83 52,simulation,db10,energy,90,50,50,0
ALL,W-QDA:qda,10,,0.02,0.066,116 82 108 117 73 112 103 119 113 84 77 36 39 115 76 75 85 81 83 52,116 82 108 117 73 112 103 119 113 84 77 36 39 115 76 75 85 81 83 52,simulation,db10,energy,90,50,50,0
W-NN,W-NN:k=3,28,2.0,0.02,0.132,75 76 77 111 82 110 109 114 115 73 74 81 113 78 80 84 107 112 116 118,74 109 114 76 79 84 111 113 75 77 110 112 80 82 83 85 107 115 116 72,simulation,db10,usage,90,50,50,0
W-QDA,W-QDA:qda,4,3.0,0.04,0.094,81 75 82 84 77 110 71 74 76 116 70 73 80 85 109 115 117 118 78 79,74 109 114 76 79 84 111 113 75 77 110 112 80 82 83 85 107 115 116 72,simulation,db10,usage,90,50,50,0
W-CART,W-CART:cart,26,2.0,0.06,0.104,75 76 77 111 82 110 109 114 115 73 74 81 113 78 80 84 107 112 116 118,74 109 114 76 79 84 111 113 75 77 110 112 80 82 83 85 107 115 116 72,simulation,db10,usage,90,50,50,0
ALL,W-NN:k=3,28,2.0,0.02,0.132,75 76 77 111 82 110 109 114 115 73 74 81 113 78 80 84 107 112 116 118,74 109 114 76 79 84 111 113 75 77 110 112 80 82 83 85 107 115 116 72,simulation,db10,usage,90,50,50,0
W-NN,W-NN:k=3,3,,0.14,0.17,83 84 106 80 108 79 111 42 110 109 78 53 169 76 107 112 56 114 81 85,83 84 106 80 108 79 111 42 110 109 78 53 169 76 107 112 56 114 81 85,simulation,db10,energy,91,50,50,0
W-QDA,W-QDA:qda,4,,0.12,0.132,83 84 106 80 108 79 111 42 110 109 78 53 169 76 107 112 56 114 81 85,83 84 106 80 108 79 111 42 110 109 78 53 169 76 107 112 56 114 81 85,simulation,db10,energy,91,50,50,0
W-CART,W-CART:cart,7,,0.12,0.142,83 84 106 80 108 79 111 42 110 109 78 53 169 76 107 112 56 114 81 85,83 84 106 80 108 79 111 42 110 109 78 53 169 76 107 112 56 114 81 85,simulation,db10,energy,91,50,50,0
ALL,W-QDA:qda,4,,0.12,0.132,83 84 106 80 108 79 111 42 110 109 78 53 169 76 107 112 56 114 81 85,83 84 106 80 108 79 111 42 110 109 78 53 169 76 107 112 56 114 81 85,simulation,db10,energy,91,50,50,0
W-NN,W-NN:k=3,32,2.0,0.04,0.114,108 109 78 80 106 107 112 114 110 77 105 115 116 82 111 81 84 83 85 76,108 80 109 79 111 112 107 114 77 78 84 82 83 110 81 106 113 76 85 115,simulation,db10,usage,91,50,50,0
W-QDA,W-QDA:qda,9,3.0,0.08,0.116,108 111 116 107 109 112 114 78 106 80 110 115 81 83 105 84 76 82 104 75,108 80 109 79 111 112 107 114 77 78 84 82 83 110 81 106 113 76 85 115,simulation,db10,usage,91,50,50,0
W-CART,W-CART:cart,42,0.5,0.04,0.114,111 78 108 109 112 77 79 80 81 110 84 114 76 107 83 113 82 86 85 105,108 80 109 79 111 112 107 114 77 78 84 82 83 110 81 106 113 76 85 115,simulation,db10,usage,91,50,50,0
ALL,W-NN:k=3,32,2.0,0.04,0.114,108 109 78 80 106 107 112 114 110 77 105 115 116 82 111 81 84 83 85 76,108 80 109 79 111 112 107 114 77 78 84 82 83 110 81 106 113 76 85 115,simulation,db10,usage,91,50,50,0
W-NN,W-NN:k=5,2,,0.12,0.176,76 108 81 113 80 78 109 86 104 75 74 112 82 117 85 79 106 116 83 118,76 108 81 113 80 78 109 86 104 75 74 112 82 117 85 79 106 116 83 118,simulation,db10,energy,92,50,50,0
W-QDA,W-QDA:qda,14,,0.02,0.048,76 108 81 113 80 78 109 86 104 75 74 112 82 117 85 79 106 116 83 118,76 108 81 113 80 78 109 86 104 75 74 112 82 117 85 79 106 116 83 118,simulation,db10,energy,92,50,50,0
W-CART,W-CART:cart,10,,0.1,0.112,76 108 81 113 80 78 109 86 104 75 74 112 82 117 85 79 106 116 83 118,76 108 81 113 80 78 109 86 104 75 74 112 82 117 85 79 106 116 83 118,simulation,db10,energy,92,50,50,0
ALL,W-QDA:qda,14,,0.02,0.048,76 108 81 113 80 78 109 86 104 75 74 112 82 117 85 79 106 116 83 118,76 108 81 113 80 78 109 86 104 75 74 112 82 117 85 79 106 116 83 118,simulation,db10,energy,92,50,50,0
W-NN,W-NN:k=1,40,3.0,0.06,0.2,81 107 108 79 106 111 80 110 113 115 116 82 76 78 83 112 114 75 85 109,110 76 81 77 80 113 79 108 114 75 78 109 111 112 82 85 115 84 106 107,simulation,db10,usage,92,50,50,0
W-QDA,W-QDA:qda,23,1.5,0.06,0.078,76 81 80 110 111 78 79 112 75 85 113 114 77 106 107 108 109 84 115 82,110 76 81 77 80 113 79 108 114 75 78 109 111 112 82 85 115 84 106 107,simulation,db10,usage,92,50,50,0
W-CART,W-CART:cart,14,2.0,0.12,0.156,113 76 79 80 107 110 111 81 106 109 112 75 78 85 108 115 82 84 114 117,110 76 81 77 80 113 79 108 114 75 78 109 111 112 82 85 115 84 106 107,simulation,db10,usage,92,50,50,0
ALL,W-QDA:qda,23,1.5,0.06,0.078,76 81 80 110 111 78 79 112 75 85 113 114 77 106 107 108 109 84 115 82,110 76 81 77 80 113 79 108 114 75 78 109 111 112 82 85 115 84 106 107,simulation,db10,usage,92,50,50,0
W-NN,W-NN:k=1,8,,0.1,0.092,87 108 77 81 116 76 118 115 73 88 83 119 71 56 75 82 74 84 72 117,87 108 77 81 116 76 118 115 73 88 83 119 71 56 75 82 74 84 72 117,simulation,db10,energy,93,50,50,0
W-QDA,W-QDA:qda,7,,0.1,0.044,87 108 77 81 116 76 118 115 73 88 83 119 71 56 75 82 74 84 72 117,87 108 77 81 116 76 118 115 73 88 83 119 71 56 75 82 74 84 72 117,simulation,db10,energy,93,50,50,0
W-CART,W-CART:cart,2,,0.12,0.134,87 108 77 81 116 76 118 115 73 88 83 119 71 56 75 82 74 84 72 117,87 108 77 81 116 76 118 115 73 88 83 119 71 56 75 82 74 84 72 117,simulation,db10,energy,93,50,50,0
ALL,W-QDA:qda,7,,0.1,0.044,87 108 77 81 116 76 118 115 73 88 83 119 71 56 75 82 74 84 72 117,87 108 77 81 116 76 118 115 73 88 83 119 71 56 75 82 74 84 72 117,simulation,db10,energy,93,50,50,0
W-NN,W-NN:k=3,3,3.0,0.06,0.146,75 74 116 73 114 117 76 118 80 104 82 115 71 77 83 106 111 72 81 108,76 117 74 116 73 77 114 115 72 75 78 112 113 111 118 79 80 81 82 110,simulation,db10,usage,93,50,50,0
W-QDA,W-QDA:qda,2,3.0,0.1,0.13,75 74 116 73 114 117 76 118 80 104 82 115 71 77 83 106 111 72 81 108,76 117 74 116 73 77 114 115 72 75 78 112 113 111 118 79 80 81 82 110,simulation,db10,usage,93,50,50,0
W-CART,W-CART:cart,4,1.5,0.12,0.126,76 114 116 73 113 115 75 72 74 77 82 107 112 117 78 80 108 79 118 81,76 117 74 116 73 77 114 115 72 75 78 112 113 111 118 79 80 81 82 110,simulation,db10,usage,93,50,50,0
ALL,W-NN:k=3,3,3.0,0.06,0.146,75 74 116 73 114 117 76 118 80 104 82 115 71 77 83 106 111 72 81 108,76 117 74 116 73 77 114 115 72 75 78 112 113 111 118 79 80 81 82 110,simulation,db10,usage,93,50,50,0
W-NN,W-NN:k=5,4,,0.06,0.098,51 50 116 73 118 72 109 112 83 117 82 85 84 106 76 88 79 107 77 71,51 50 116 73 118 72 109 112 83 117 82 85 84 106 76 88 79 107 77 71,simulation,db10,energy,94,50,50,0
W-QDA,W-QDA:qda,6,,0.02,0.052,51 50 116 73 118 72 109 112 83 117 82 85 84 106 76 88 79 107 77 71,51 50 116 73 118 72 109 112 83 117 82 85 84 106 76 88 79 107 77 71,simulation,db10,energy,94,50,50,0
W-CART,W-CART:cart,7,,0.02,0.12,51 50 116 73 118 72 109 112 83 117 82 85 84 106 76 88 79 107 77 71,51 50 116 73 118 72 109 112 83 117 82 85 84 106 76 88 79 107 77 71,simulation,db10,energy,94,50,50,0
ALL,W-QDA:qda,6,,0.02,0.052,51 50 116 73 118 72 109 112 83 117 82 85 84 106 76 88 79 107 77 71,51 50 116 73 118 72 109 112 83 117 82 85 84 106 76 88 79 107 77 71,simulation,db10,energy,94,50,50,0
W-NN,W-NN:k=1,15,1.0,0.1,0.142,112 79 108 81 107 109 111 113 78 82 86 105 110 115 116 76 80 83 77 84,112 79 108 81 107 109 111 113 78 82 86 105 110 115 116 76 80 83 77 84,simulation,db10,usage,94,50,50,0
W-QDA,W-QDA:qda,16,1.5,0.0,0.072,111 112 113 107 108 80 81 79 105 76 83 109 110 116 74 104 106 114 82 84,112 79 108 81 107 109 111 113 78 82 86 105 110 115 116 76 80 83 77 84,simulation,db10,usage,94,50,50,0
W-CART,W-CART:cart,50,1.0,0.04,0.158,112 79 108 81 107 109 111 113 78 82 86 105 110 115 116 76 80 83 77 84,112 79 108 81 107 109 111 113 78 82 86 105 110 115 116 76 80 83 77 84,simulation,db10,usage,94,50,50,0
ALL,W-QDA:qda,16,1.5,0.0,0.072,111 112 113 107 108 80 81 79 105 76 83 109 110 116 74 104 106 114 82 84,112 79 108 81 107 109 111 113 78 82 86 105 110 115 116 76 80 83 77 84,simulation,db10,usage,94,50,50,0
W-NN,W-NN:k=3,5,,0.08,0.184,83 82 71 53 72 73 106 86 117 119 59 58 70 108 116 75 81 120 105 113,83 82 71 53 72 73 106 86 117 119 59 58 70 108 116 75 81 120 105 113,simulation,db10,energy,95,50,50,0
W-QDA,W-QDA:qda,16,,0.02,0.074,83 82 71 53 72 73 106 86 117 119 59 58 70 108 116 75 81 120 105 113,83 82 71 53 72 73 106 86 117 119 59 58 70 108 116 75 81 120 105 113,simulation,db10,energy,95,50,50,0
W-CART,W-CART:cart,35,,0.1,0.152,83 82 71 53 72 73 106 86 117 119 59 58 70 108 116 75 81 120 105 113,83 82 71 53 72 73 106 86 117 119 59 58 70 108 116 75 81 120 105 113,simulation,db10,energy,95,50,50,0
ALL,W-QDA:qda,16,,0.02,0.074,83 82 71 53 72 73 106 86 117 119 59 58 70 108 116 75 81 120 105 113,83 82 71 53 72 73 106 86 117 119 59 58 70 108 116 75 81 120 105 113,simulation,db10,energy,95,50,50,0
W-NN,W-NN:k=1,2,2.0,0.04,0.112,83 117 113 73 82 74 84 86 111 75 85 106 107 109 76 77 81 87 110 72,111 113 77 83 74 81 82 106 107 109 110 115 117 75 79 80 73 84 85 86,simulation,db10,usage,95,50,50,0
W-QDA,W-QDA:qda,12,2.0,0.0,0.056,83 117 113 73 82 74 84 86 111 75 85 106 107 109 76 77 81 87 110 72,111 113 77 83 74 81 82 106 107 109 110 115 117 75 79 80 73 84 85 86,simulation,db10,usage,95,50,50,0
W-CART,W-CART:cart,13,3.0,0.12,0.172,73 117 75 84 85 86 83 87 104 109 111 113 82 106 116 120 72 74 76 81,111 113 77 83 74 81 82 106 107 109 110 115 117 75 79 80 73 84 85 86,simulation,db10,usage,95,50,50,0
ALL,W-QDA:qda,12,2.0,0.0,0.056,83 117 113 73 82 74 84 86 111 75 85 106 107 109 76 77 81 87 110 72,111 113 77 83 74 81 82 106 107 109 110 115 117 75 79 80 73 84 85 86,simulation,db10,usage,95,50,50,0
W-NN,W-NN:k=1,21,,0.04,0.156,106 103 83 104 113 72 107 114 76 88 78 115 108 84 85 86 112 120 119 117,106 103 83 104 113 72 107 114 76 88 78 115 108 84 85 86 112 120 119 117,simulation,db10,energy,96,50,50,0
W-QDA,W-QDA:qda,8,,0.04,0.034,106 103 83 104 113 72 107 114 76 88 78 115 108 84 85 86 112 120 119 117,106 103 83 104 113 72 107 114 76 88 78 115 108 84 85 86 112 120 119 117,simulation,db10,energy,96,50,50,0
W-CART,W-CART:cart,21,,0.06,0.126,106 103 83 104 113 72 107 114 76 88 78 115 108 84 85 86 112 120 119 117,106 103 83 104 113 72 107 114 76 88 78 115 108 84 85 86 112 120 119 117,simulation,db10,energy,96,50,50,0
ALL,W-QDA:qda,8,,0.04,0.034,106 103 83 104 113 72 107 114 76 88 78 115 108 84 85 86 112 120 119 117,106 103 83 104 113 72 107 114 76 88 78 115 108 84 85 86 112 120 119 117,simulation,db10,energy,96,50,50,0
W-NN,W-NN:k=1,14,3.0,0.04,0.112,74 111 78 81 114 79 80 75 76 82 83 108 110 115 73 84 107 112 113 118,78 108 111 77 81 112 113 114 74 75 82 109 115 79 116 73 76 80 117 83,simulation,db10,usage,96,50,50,0
W-QDA,W-QDA:qda,5,0.5,0.02,0.158,78 108 114 75 111 74 80 109 113 76 79 81 107 115 77 83 106 110 82 112,78 108 111 77 81 112 113 114 74 75 82 109 115 79 116 73 76 80 117 83,simulation,db10,usage,96,50,50,0
W-CART,W-CART:cart,33,1.0,0.06,0.12,78 108 111 77 81 112 113 114 74 75 82 109 115 79 116 73 76 80 117 83,78 108 111 77 81 112 113 114 74 75 82 109 115 79 116 73 76 80 117 83,simulation,db10,usage,96,50,50,0
ALL,W-QDA:qda,5,0.5,0.02,0.158,78 108 114 75 111 74 80 109 113 76 79 81 107 115 77 83 106 110 82 112,78 108 111 77 81 112 113 114 74 75 82 109 115 79 116 73 76 80 117 83,simulation,db10,usage,96,50,50,0
W-NN,W-NN:k=3,5,,0.06,0.112,106 117 73 59 72 84 103 75 58 118 74 76 114 87 115 116 37 77 119 70,106 117 73 59 72 84 103 75 58 118 74 76 114 87 115 116 37 77 119 70,simulation,db10,energy,97,50,50,0
W-QDA,W-QDA:qda,7,,0.1,0.064,106 117 73 59 72 84 103 75 58 118 74 76 114 87 115 116 37 77 119 70,106 117 73 59 72 84 103 75 58 118 74 76 114 87 115 116 37 77 119 70,simulation,db10,energy,97,50,50,0
W-CART,W-CART:cart,56,,0.1,0.168,106 117 73 59 72 84 103 75 58 118 74 76 114 87 115 116 37 77 119 70,106 117 73 59 72 84 103 75 58 118 74 76 114 87 115 116 37 77 119 70,simulation,db10,energy,97,50,50,0
ALL,W-NN:k=3,5,,0.06,0.112,106 117 73 59 72 84 103 75 58 118 74 76 114 87 115 116 37 77 119 70,106 117 73 59 72 84 103 75 58 118 74 76 114 87 115 116 37 77 119 70,simulation,db10,energy,97,50,50,0
W-NN,W-NN:k=5,1,3.0,0.12,0.15,74 75 115 76 114 73 113 77 78 112 118 119 72 111 116 79 80 103 70 86,114 75 77 113 78 74 115 73 112 72 111 76 79 80 109 118 119 110 120 116,simulation,db10,usage,97,50,50,0
W-QDA,W-QDA:qda,5,0.5,0.12,0.154,114 77 78 112 74 75 79 115 76 80 81 111 113 72 110 116 109 118 119 73,114 75 77 113 78 74 115 73 112 72 111 76 79 80 109 118 119 110 120 116,simulation,db10,usage,97,50,50,0
W-CART,W-CART:cart,5,0.5,0.08,0.148,114 77 78 112 74 75 79 115 76 80 81 111 113 72 110 116 109 118 119 73,114 75 77 113 78 74 115 73 112 72 111 76 79 80 109 118 119 110 120 116,simulation,db10,usage,97,50,50,0
ALL,W-CART:cart,5,0.5,0.08,0.148,114 77 78 112 74 75 79 115 76 80 81 111 113 72 110 116 109 118 119 73,114 75 77 113 78 74 115 73 112 72 111 76 79 80 109 118 119 110 120 116,simulation,db10,usage,97,50,50,0
W-NN,W-NN:k=3,2,,0.08,0.108,106 116 72 80 118 79 112 109 83 71 115 37 73 114 38 108 117 39 120 111,106 116 72 80 118 79 112 109 83 71 115 37 73 114 38 108 117 39 120 111,simulation,db10,energy,98,50,50,0
W-QDA,W-QDA:qda,5,,0.0,0.082,106 116 72 80 118 79 112 109 83 71 115 37 73 114 38 108 117 39 120 111,106 116 72 80 118 79 112 109 83 71 115 37 73 114 38 108 117 39 120 111,simulation,db10,energy,98,50,50,0
W-CART,W-CART:cart,7,,0.02,0.132,106 116 72 80 118 79 112 109 83 71 115 37 73 114 38 108 117 39 120 111,106 116 72 80 118 79 112 109 83 71 115 37 73 114 38 108 117 39 120 111,simulation,db10,energy,98,50,50,0
ALL,W-QDA:qda,5,,0.0,0.082,106 116 72 80 118 79 112 109 83 71 115 37 73 114 38 108 117 39 120 111,106 116 72 80 118 79 112 109 83 71 115 37 73 114 38 108 117 39 120 111,simulation,db10,energy,98,50,50,0
W-NN,W-NN:k=3,1,1.5,0.1,0.208,115 77 114 74 78 111 113 79 75 76 108 116 80 109 112 117 72 81 118 82,114 77 113 74 75 79 115 76 78 111 112 80 109 116 82 108 117 81 106 110,simulation,db10,usage,98,50,50,0
W-QDA,W-QDA:qda,7,3.0,0.04,0.104,115 76 77 78 80 108 109 111 114 117 110 116 118 71 72 74 81 119 73 79,114 77 113 74 75 79 115 76 78 111 112 80 109 116 82 108 117 81 106 110,simulation,db10,usage,98,50,50,0
W-CART,W-CART:cart,11,3.0,0.02,0.138,115 76 77 78 80 108 109 111 114 117 110 116 118 71 72 74 81 119 73 79,114 77 113 74 75 79 115 76 78 111 112 80 109 116 82 108 117 81 106 110,simulation,db10,usage,98,50,50,0
ALL,W-CART:cart,11,3.0,0.02,0.138,115 76 77 78 80 108 109 111 114 117 110 116 118 71 72 74 81 119 73 79,114 77 113 74 75 79 115 76 78 111 112 80 109 116 82 108 117 81 106 110,simulation,db10,usage,98,50,50,0
W-NN,W-NN:k=1,2,,0.1,0.086,71 119 239 240 143 72 120 118 121 111 73 79 114 78 115 69 89 75 103 77,71 119 239 240 143 72 120 118 121 111 73 79 114 78 115 69 89 75 103 77,simulation,db10,energy,99,50,50,0
W-QDA,W-QDA:qda,3,,0.04,0.078,71 119 239 240 143 72 120 118 121 111 73 79 114 78 115 69 89 75 103 77,71 119 239 240 143 72 120 118 121 111 73 79 114 78 115 69 89 75 103 77,simulation,db10,energy,99,50,50,0
W-CART,W-CART:cart,62,,0.08,0.1,71 119 239 240 143 72 120 118 121 111 73 79 114 78 115 69 89 75 103 77,71 119 239 240 143 72 120 118 121 111 73 79 114 78 115 69 89 75 103 77,simulation,db10,energy,99,50,50,0
ALL,W-QDA:qda,3,,0.04,0.078,71 119 239 240 143 72 120 118 121 111 73 79 114 78 115 69 89 75 103 77,71 119 239 240 143 72 120 118 121 111 73 79 114 78 115 69 89 75 103 77,simulation,db10,energy,99,50,50,0
W-NN,W-NN:k=3,10,0.5,0.04,0.116,76 77 111 78 79 81 110 113 117 75 80 116 74 108 112 115 118 73 82 107,111 77 76 79 78 110 117 81 112 113 116 118 75 80 82 115 120 74 107 114,simulation,db10,usage,99,50,50,0
W-QDA,W-QDA:qda,9,3.0,0.06,0.068,78 80 111 113 76 77 81 82 118 73 75 114 115 119 120 71 74 79 83 110,111 77 76 79 78 110 117 81 112 113 116 118 75 80 82 115 120 74 107 114,simulation,db10,usage,99,50,50,0
W-CART,W-CART:cart,37,0.5,0.06,0.134,76 77 111 78 79 81 110 113 117 75 80 116 74 108 112 115 118 73 82 107,111 77 76 79 78 110 117 81 112 113 116 118 75 80 82 115 120 74 107 114,simulation,db10,usage,99,50,50,0
ALL,W-NN:k=3,10,0.5,0.04,0.116,76 77 111 78 79 81 110 113 117 75 80 116 74 108 112 115 118 73 82 107,111 77 76 79 78 110 117 81 112 113 116 118 75 80 82 115 120 74 107 114,simulation,db10,usage,99,50,50,0
